TradDt,BizDt,Sgmt,Src,FinInstrmTp,FinInstrmId,ISIN,TckrSymb,SctySrs,XpryDt,FininstrmActlXpryDt,StrkPric,OptnTp,FinInstrmNm,OpnPric,HghPric,LwPric,ClsPric,LastPric,PrvsClsgPric,UndrlygPric,SttlmPric,OpnIntrst,ChngInOpnIntrst,TtlTradgVol,TtlTrfVal,TtlNbOfTxsExctd,SsnId,NewBrdLotQty,Rmks,Rsvd1,Rsvd2,Rsvd3,Rsvd4,DATE
2025-05-13,2025-05-13,CM,BSE,STK,500002,INE117A01022,ABB,A,,,,,ABB INDIA LIMITED,5600.0,5698.35,5530.95,5633.8,5636.0,5586.2,,5636.5,,,9370,52679545.0,2195,F1,1,,,,,,2025-05-13
2025-05-13,2025-05-13,CM,BSE,STK,500003,INE208C01025,AEGISLOG,A,,,,,AEGIS LOGISTICS LTD.,813.05,826.3,804.0,812.65,812.65,817.05,,812.55,,,14488,11834811.0,652,F1,1,,,,,,2025-05-13
2025-05-13,2025-05-13,CM,BSE,STK,500008,INE885A01032,ARE&M,A,,,,,Amara Raja Energy & Mobility L,999.15,1019.65,992.8,1013.35,1015.0,998.45,,1013.85,,,33735,34051443.0,1694,F1,1,,,,,,2025-05-13
2025-05-13,2025-05-13,CM,BSE,STK,500009,INE432A01017,AMBALALSA,X,,,,,AMBALAL SARABHAI ENTERPRISES L,36.15,38.0,36.15,37.02,37.02,36.75,,37.02,,,79846,2953512.0,272,F1,1,,,,,,2025-05-13
2025-05-13,2025-05-13,CM,BSE,STK,500012,INE714B01016,ANDHRAPET,X,,,,,ANDHRA PETROCHEMICALS LTD.,56.49,56.49,55.1,55.88,55.9,55.38,,55.88,,,46503,2591945.0,311,F1,1,,,,,,2025-05-13
2025-05-13,2025-05-13,CM,BSE,STK,500013,INE436A01026,ANSALAPI,Z,,,,,ANSAL PROPERTIES & INFRASTRUCT,4.5,4.5,4.44,4.44,4.44,4.53,,4.43,,,33682,149551.0,37,F1,1,,,,,,2025-05-13
2025-05-13,2025-05-13,CM,BSE,STK,500014,INE096A01010,UTIQUE,X,,,,,UTIQUE ENTERPRISES LIMITED,4.37,4.6,4.35,4.5,4.5,4.46,,4.5,,,27279,120097.0,76,F1,1,,,,,,2025-05-13
2025-05-13,2025-05-13,CM,BSE,STK,500016,INE957C01019,ARUNAHTEL,X,,,,,ARUNA HOTELS LTD.,11.28,11.97,11.0,11.62,11.5,11.4,,11.62,,,16666,192782.0,81,F1,1,,,,,,2025-05-13
2025-05-13,2025-05-13,CM,BSE,STK,500020,INE032A01023,BOMDYEING,A,,,,,BOMBAY DYEING & MFG.CO.LTD.,134.65,137.0,133.9,135.7,135.5,134.65,,135.65,,,151249,20566857.0,1517,F1,1,,,,,,2025-05-13
2025-05-13,2025-05-13,CM,BSE,STK,500023,INE363A01022,ASIANHOTNR,T,,,,,ASIAN HOTELS (NORTH) LIMITED,366.35,366.35,366.35,366.35,366.35,349.0,,366.55,,,88,32238.0,4,F1,1,,,,,,2025-05-13
2025-05-13,2025-05-13,CM,BSE,STK,500027,INE100A01010,ATUL,A,,,,,ATUL LTD.,6899.95,6899.95,6755.65,6857.45,6857.45,6800.85,,6868.5,,,1415,9647867.0,409,F1,1,,,,,,2025-05-13
2025-05-13,2025-05-13,CM,BSE,STK,500028,INE447A01015,ATVPR,X,,,,,ATV PROJECTS INDIA LTD.,33.45,33.45,31.8,32.83,32.66,33.12,,32.83,,,18233,597461.0,159,F1,1,,,,,,2025-05-13
2025-05-13,2025-05-13,CM,BSE,STK,500031,INE193E01025,BAJAJELEC,A,,,,,BAJAJ ELECTRICALS LTD.,617.55,629.3,605.6,611.75,611.75,610.45,,610.75,,,61493,37940620.0,2460,F1,1,,,,,,2025-05-13
2025-05-13,2025-05-13,CM,BSE,STK,500032,INE306A01021,BAJAJHIND,A,,,,,BAJAJ HINDUSTHAN SUGAR LIMITED,20.55,21.46,20.4,20.79,20.79,20.54,,20.75,,,1157413,24236911.0,6015,F1,1,,,,,,2025-05-13
2025-05-13,2025-05-13,CM,BSE,STK,500033,INE451A01017,FORCEMOT,A,,,,,FORCE MOTORS LTD.,10789.6,10789.6,10090.9,10550.95,10587.0,10753.05,,10539.0,,,8853,92631693.0,2605,F1,1,,,,,,2025-05-13
2025-05-13,2025-05-13,CM,BSE,STK,500034,INE296A01024,BAJFINANCE,A,,,,,BAJAJ FINANCE LIMITED,9000.75,9163.55,8996.8,9042.55,9042.55,9016.75,,9042.0,,,41716,378437339.0,6851,F1,1,,,,,,2025-05-13
2025-05-13,2025-05-13,CM,BSE,STK,500038,INE119A01028,BALRAMCHIN,A,,,,,BALRAMPUR CHINI MILLS LTD.,557.95,561.0,550.2,553.7,551.5,557.2,,554.0,,,6739,3738097.0,390,F1,1,,,,,,2025-05-13
2025-05-13,2025-05-13,CM,BSE,STK,500039,INE213C01025,BANCOINDIA,B,,,,,BANCO PRODUCTS (INDIA) LTD.,389.95,403.0,384.5,395.0,396.0,390.35,,394.95,,,15909,6248988.0,695,F1,1,,,,,,2025-05-13
2025-05-13,2025-05-13,CM,BSE,STK,500040,INE055A01016,ABREL,A,,,,,ADITYA BIRLA REAL ESTATE LIMIT,1925.25,1945.0,1906.6,1935.95,1924.1,1918.1,,1933.6,,,4201,8112244.0,432,F1,1,,,,,,2025-05-13
2025-05-13,2025-05-13,CM,BSE,STK,500041,INE459A01010,BANARISUG,B,,,,,BANNARI AMMAN SUGARS LTD.,4069.0,4100.0,4000.05,4018.9,4000.05,3954.25,,4095.6,,,34,137831.0,22,F1,1,,,,,,2025-05-13
2025-05-13,2025-05-13,CM,BSE,STK,500042,INE373A01013,BASF,A,,,,,BASF INDIA LTD.,4508.0,4619.25,4481.35,4568.2,4580.0,4489.5,,4565.7,,,864,3955102.0,280,F1,1,,,,,,2025-05-13
2025-05-13,2025-05-13,CM,BSE,STK,500043,INE176A01028,BATAINDIA,A,,,,,BATA INDIA LTD.,1220.0,1233.0,1201.05,1203.45,1206.05,1214.45,,1202.8,,,6783,8227086.0,891,F1,1,,,,,,2025-05-13
2025-05-13,2025-05-13,CM,BSE,STK,500048,INE258A01016,BEML,A,,,,,BEML LTD.,3218.95,3360.0,3173.8,3326.6,3326.6,3201.6,,3327.4,,,27526,91108264.0,2689,F1,1,,,,,,2025-05-13
2025-05-13,2025-05-13,CM,BSE,STK,500049,INE263A01024,BEL,A,,,,,BHARAT ELECTRONICS LTD.,323.5,337.65,322.85,335.75,335.75,322.8,,335.75,,,4585471,1530528079.0,62170,F1,1,,,,,,2025-05-13
2025-05-13,2025-05-13,CM,BSE,STK,500052,INE922A01025,BEPL,B,,,,,BHANSALI ENGINEERING POLYMERS,110.0,111.0,108.8,109.85,109.85,109.0,,109.81,,,10597,1165153.0,262,F1,1,,,,,,2025-05-13
2025-05-13,2025-05-13,CM,BSE,STK,500058,INE819C01011,BIHSPONG,X,,,,,BIHAR SPONGE IRON LTD.,12.85,12.85,11.9,12.31,12.35,12.28,,12.31,,,46966,572713.0,109,F1,1,,,,,,2025-05-13
2025-05-13,2025-05-13,CM,BSE,STK,500059,INE071A01013,BINANIIND,T,,,,,BINANI INDUSTRIES LTD.,15.75,15.8,15.44,15.77,15.77,15.12,,15.62,,,8300,129432.0,59,F1,1,,,,,,2025-05-13
2025-05-13,2025-05-13,CM,BSE,STK,500060,INE800A01015,BIRLACABLE,B,,,,,Birla Cable Limited,151.4,156.0,150.05,152.9,153.95,149.55,,152.95,,,15284,2340530.0,942,F1,1,,,,,,2025-05-13
2025-05-13,2025-05-13,CM,BSE,STK,500067,INE472A01039,BLUESTARCO,A,,,,,BLUE STAR LTD.,1645.6,1650.05,1570.0,1580.15,1578.25,1624.6,,1581.0,,,80929,130366287.0,7070,F1,1,,,,,,2025-05-13
2025-05-13,2025-05-13,CM,BSE,STK,500068,INE131C01011,DISAQ,B,,,,,DISA INDIA LTD.,14000.0,14000.05,13900.0,14000.0,14000.0,13970.05,,14000.0,,,46,643798.0,11,F1,1,,,,,,2025-05-13
2025-05-13,2025-05-13,CM,BSE,STK,500069,INE418C01012,QUESTCAP,X,,,,,QUEST CAPITAL MARKETS LIMITED,415.0,419.95,385.0,395.35,397.0,399.0,,395.35,,,1762,700752.0,131,F1,1,,,,,,2025-05-13
2025-05-13,2025-05-13,CM,BSE,STK,500074,INE110A01019,BPL,B,,,,,BPL LTD.,73.45,74.41,73.0,73.96,73.96,73.45,,73.88,,,7805,576804.0,434,F1,1,,,,,,2025-05-13
2025-05-13,2025-05-13,CM,BSE,STK,500078,INE959C01023,OAL,B,,,,,ORIENTAL AROMATICS LIMITED,370.05,380.15,370.05,379.05,378.0,371.15,,379.3,,,4216,1579851.0,264,F1,1,,,,,,2025-05-13
2025-05-13,2025-05-13,CM,BSE,STK,500083,INE281A01026,CENTEXT,B,,,,,CENTURY EXTRUSIONS LTD.,17.99,18.5,17.75,18.18,17.99,17.99,,18.02,,,32223,583687.0,257,F1,1,,,,,,2025-05-13
2025-05-13,2025-05-13,CM,BSE,STK,500084,INE486A01021,CESC,A,,,,,CESC LTD.,166.75,167.85,163.6,163.9,164.5,166.75,,164.04,,,64771,10737268.0,2225,F1,1,,,,,,2025-05-13
2025-05-13,2025-05-13,CM,BSE,STK,500085,INE085A01013,CHAMBLFERT,A,,,,,CHAMBAL FERTILISERS & CHEMICAL,687.45,689.95,652.95,657.2,657.2,689.2,,657.55,,,131899,87390845.0,3709,F1,1,,,,,,2025-05-13
2025-05-13,2025-05-13,CM,BSE,STK,500086,INE302A01020,EXIDEIND,A,,,,,EXIDE INDUSTRIES LTD.,379.75,380.4,374.0,375.0,375.0,378.05,,375.1,,,150266,56716248.0,4415,F1,1,,,,,,2025-05-13
2025-05-13,2025-05-13,CM,BSE,STK,500087,INE059A01026,CIPLA,A,,,,,CIPLA LTD.,1519.0,1539.0,1497.6,1519.45,1519.45,1512.0,,1520.1,,,410007,625052126.0,8604,F1,1,,,,,,2025-05-13
2025-05-13,2025-05-13,CM,BSE,STK,500089,INE303A01010,DICIND,B,,,,,DIC INDIA LTD.,639.3,655.0,639.3,650.1,651.0,641.5,,647.15,,,2169,1403784.0,92,F1,1,,,,,,2025-05-13
2025-05-13,2025-05-13,CM,BSE,STK,500092,INE007A01025,CRISIL,A,,,,,CRISIL LTD.,5076.95,5142.7,4960.05,5113.35,5106.95,4994.1,,5115.3,,,2455,12443589.0,604,F1,1,,,,,,2025-05-13
2025-05-13,2025-05-13,CM,BSE,STK,500093,INE067A01029,CGPOWER,A,,,,,CG Power and Industrial Soluti,645.3,657.15,642.4,651.35,649.95,645.3,,652.15,,,38460,25064178.0,1179,F1,1,,,,,,2025-05-13
2025-05-13,2025-05-13,CM,BSE,STK,500096,INE016A01026,DABUR,A,,,,,DABUR INDIA LTD.,474.35,478.75,471.55,473.35,473.35,475.3,,473.75,,,55102,26113927.0,2158,F1,1,,,,,,2025-05-13
2025-05-13,2025-05-13,CM,BSE,STK,500097,INE495A01022,DALMIASUG,B,,,,,DALMIA BHARAT SUGAR AND INDUST,408.6,419.05,403.0,413.65,412.35,404.85,,414.0,,,18616,7680654.0,1118,F1,1,,,,,,2025-05-13
2025-05-13,2025-05-13,CM,BSE,STK,500101,INE034A01011,ARVIND,A,,,,,ARVIND LTD.,391.15,398.4,380.05,392.8,391.8,385.05,,392.05,,,19150,7473033.0,752,F1,1,,,,,,2025-05-13
2025-05-13,2025-05-13,CM,BSE,STK,500103,INE257A01026,BHEL,A,,,,,BHARAT HEAVY ELECTRICALS LTD.,233.75,243.25,233.0,238.85,238.85,232.95,,238.41,,,2197673,525401548.0,23321,F1,1,,,,,,2025-05-13
2025-05-13,2025-05-13,CM,BSE,STK,500104,INE094A01015,HINDPETRO,A,,,,,HINDUSTAN PETROLEUM CORPORATIO,390.45,393.4,386.3,389.0,389.0,389.4,,388.9,,,145079,56492822.0,3909,F1,1,,,,,,2025-05-13
2025-05-13,2025-05-13,CM,BSE,STK,500106,INE039A01010,IFCI,A,,,,,IFCI LTD.,43.23,43.82,42.55,43.41,43.41,43.28,,43.41,,,517854,22437153.0,1909,F1,1,,,,,,2025-05-13
2025-05-13,2025-05-13,CM,BSE,STK,500108,INE153A01019,MTNL,A,,,,,MAHANAGAR TELEPHONE NIGAM LTD.,41.61,42.2,41.16,41.52,41.5,41.4,,41.52,,,115454,4804530.0,807,F1,1,,,,,,2025-05-13
2025-05-13,2025-05-13,CM,BSE,STK,500109,INE103A01014,MRPL,A,,,,,MANGALORE REFINERY & PETROCHEM,132.35,133.4,130.6,131.95,131.95,131.8,,132.04,,,59727,7889715.0,697,F1,1,,,,,,2025-05-13
2025-05-13,2025-05-13,CM,BSE,STK,500110,INE178A01016,CHENNPETRO,A,,,,,CHENNAI PETROLEUM CORPORATION,617.8,624.95,611.05,621.05,621.05,619.15,,621.15,,,38270,23787888.0,1325,F1,1,,,,,,2025-05-13
2025-05-13,2025-05-13,CM,BSE,STK,500112,INE062A01020,SBIN,A,,,,,STATE BANK OF INDIA,800.45,807.7,797.25,801.9,801.9,801.6,,801.75,,,717454,575883300.0,12925,F1,1,,,,,,2025-05-13
2025-05-13,2025-05-13,CM,BSE,STK,500113,INE114A01011,SAIL,A,,,,,STEEL AUTHORITY OF INDIA LTD.,118.2,119.1,115.7,116.05,116.05,118.4,,116.0,,,842370,98903211.0,9028,F1,1,,,,,,2025-05-13
2025-05-13,2025-05-13,CM,BSE,STK,500114,INE280A01028,TITAN,A,,,,,TITAN COMPANY LIMITED,3561.45,3590.15,3539.65,3563.8,3558.8,3561.45,,3563.2,,,39922,142239554.0,5572,F1,1,,,,,,2025-05-13
2025-05-13,2025-05-13,CM,BSE,STK,500116,INE008A01015,IDBI,A,,,,,IDBI BANK LTD.,81.54,82.75,81.0,81.78,81.97,81.81,,81.79,,,400874,32884659.0,2008,F1,1,,,,,,2025-05-13
2025-05-13,2025-05-13,CM,BSE,STK,500117,INE500A01029,DCW,B,,,,,DCW LTD.,75.12,76.91,74.91,76.61,76.51,75.11,,76.59,,,89209,6804749.0,998,F1,1,,,,,,2025-05-13
2025-05-13,2025-05-13,CM,BSE,STK,500119,INE041A01016,DHAMPURSUG,B,,,,,DHAMPUR SUGAR MILLS LTD.,127.95,133.0,127.65,132.5,132.5,127.7,,132.58,,,30484,3989488.0,1279,F1,1,,,,,,2025-05-13
2025-05-13,2025-05-13,CM,BSE,STK,500120,INE591D01014,DIAMINESQ,B,,,,,DIAMINES & CHEMICALS LTD.,370.9,384.25,369.8,375.95,375.9,360.0,,380.35,,,1122,416557.0,49,F1,1,,,,,,2025-05-13
2025-05-13,2025-05-13,CM,BSE,STK,500123,INE280B01018,ELANTAS,B,,,,,ELANTAS BECK INDIA LTD.,9205.0,9280.0,9075.0,9277.55,9260.0,9225.1,,9277.55,,,668,6154587.0,141,F1,1,,,,,,2025-05-13
2025-05-13,2025-05-13,CM,BSE,STK,500124,INE089A01031,DRREDDY,A,,,,,DR.REDDYS LABORATORIES LTD.,1192.45,1240.85,1192.45,1206.8,1206.8,1195.35,,1207.1,,,95104,116400659.0,4791,F1,1,,,,,,2025-05-13
2025-05-13,2025-05-13,CM,BSE,STK,500125,INE126A01031,EIDPARRY,A,,,,,E.I.D.-PARRY (INDIA) LTD.,877.05,908.2,866.5,897.5,891.45,874.9,,896.5,,,9888,8850717.0,802,F1,1,,,,,,2025-05-13
2025-05-13,2025-05-13,CM,BSE,STK,500126,INE199A01012,PGHL,A,,,,,PROCTER & GAMBLE HEALTH LIMITE,5123.95,5138.0,5051.0,5088.9,5073.0,5066.4,,5082.5,,,348,1769352.0,76,F1,1,,,,,,2025-05-13
2025-05-13,2025-05-13,CM,BSE,STK,500128,INE086A01029,ELECTCAST,A,,,,,ELECTROSTEEL CASTINGS LTD.,97.28,100.55,96.41,98.02,98.45,96.42,,98.06,,,114905,11338878.0,2314,F1,1,,,,,,2025-05-13
2025-05-13,2025-05-13,CM,BSE,STK,500133,INE284A01012,ESABINDIA,A,,,,,ESAB INDIA LTD.,4762.9,4898.95,4756.9,4872.45,4897.0,4757.05,,4914.6,,,644,3114137.0,195,F1,1,,,,,,2025-05-13
2025-05-13,2025-05-13,CM,BSE,STK,500135,INE255A01020,EPL,A,,,,,EPL LIMITED,231.95,234.5,225.65,232.4,232.4,230.55,,232.26,,,65204,15012410.0,1052,F1,1,,,,,,2025-05-13
2025-05-13,2025-05-13,CM,BSE,STK,500136,INE778B01029,ESTER,B,,,,,ESTER INDUSTRIES LTD.,117.05,125.3,117.05,123.0,123.55,124.25,,122.94,,,4345,534248.0,362,F1,1,,,,,,2025-05-13
2025-05-13,2025-05-13,CM,BSE,STK,500142,INE512A01016,FGP,X,,,,,FGP LTD.,9.95,10.7,9.43,9.49,9.92,9.75,,9.49,,,2570,25411.0,29,F1,1,,,,,,2025-05-13
2025-05-13,2025-05-13,CM,BSE,STK,500143,INE160F01013,PHCAP,X,,,,,PH CAPITAL LTD.,197.8,197.8,185.25,192.75,192.75,188.8,,192.75,,,883,167754.0,70,F1,1,,,,,,2025-05-13
2025-05-13,2025-05-13,CM,BSE,STK,500144,INE235A01022,FINCABLES,A,,,,,FINOLEX CABLES LTD.,917.0,928.55,915.0,919.6,919.8,916.85,,919.4,,,12170,11227410.0,772,F1,1,,,,,,2025-05-13
2025-05-13,2025-05-13,CM,BSE,STK,500147,INE515A01019,COCKERILL,B,,,,,JOHN COCKERILL INDIA LIMITED,2796.95,2918.0,2790.0,2874.0,2874.0,2794.15,,2874.0,,,5391,15297432.0,287,F1,1,,,,,,2025-05-13
2025-05-13,2025-05-13,CM,BSE,STK,500148,INE516A01017,UFLEX,B,,,,,UFLEX LTD.,556.5,573.0,556.25,568.0,570.0,551.55,,567.5,,,2495,1413627.0,305,F1,1,,,,,,2025-05-13
2025-05-13,2025-05-13,CM,BSE,STK,500150,INE519A01011,FOSECOIND,B,,,,,FOSECO INDIA LTD.,4020.0,4049.8,3968.6,3987.3,3987.3,3977.45,,4029.0,,,163,650058.0,62,F1,1,,,,,,2025-05-13
2025-05-13,2025-05-13,CM,BSE,STK,500151,INE973A01010,GOLDENTOBC,Z,,,,,GOLDEN TOBACCO LTD.,34.19,35.77,34.19,35.77,35.77,35.91,,35.1,,,53,1836.0,5,F1,1,,,,,,2025-05-13
2025-05-13,2025-05-13,CM,BSE,STK,500153,INE388A01029,GANESHBE,B,,,,,GANESH BENZOPLAST LTD.,117.15,120.1,115.7,120.05,120.0,116.7,,119.87,,,17145,2016497.0,466,F1,1,,,,,,2025-05-13
2025-05-13,2025-05-13,CM,BSE,STK,500159,INE085D01033,METROGLOBL,X,,,,,METROGLOBAL LIMITED,127.95,129.9,125.9,128.45,129.4,128.5,,128.45,,,10121,1292806.0,67,F1,1,,,,,,2025-05-13
2025-05-13,2025-05-13,CM,BSE,STK,500160,INE043A01012,GTL,B,,,,,GTL LTD.,8.34,8.34,8.17,8.25,8.28,8.23,,8.27,,,82091,680530.0,228,F1,1,,,,,,2025-05-13
2025-05-13,2025-05-13,CM,BSE,STK,500163,INE260B01028,GODFRYPHLP,A,,,,,GODFREY PHILLIPS INDIA LTD.,8655.25,9032.5,8655.25,9007.15,9015.9,8602.4,,8995.5,,,6798,60932566.0,1072,F1,1,,,,,,2025-05-13
2025-05-13,2025-05-13,CM,BSE,STK,500164,INE233A01035,GODREJIND,A,,,,,GODREJ INDUSTRIES LTD.,1125.05,1145.0,1112.15,1141.6,1145.0,1122.5,,1142.5,,,3028,3431275.0,330,F1,1,,,,,,2025-05-13
2025-05-13,2025-05-13,CM,BSE,STK,500165,INE531A01024,KANSAINER,A,,,,,KANSAI NEROLAC PAINTS LTD.,255.0,263.6,255.0,261.1,261.1,261.0,,260.35,,,26174,6788876.0,1075,F1,1,,,,,,2025-05-13
2025-05-13,2025-05-13,CM,BSE,STK,500166,INE300A01016,GOODRICKE,X,,,,,GOODRICKE GROUP LTD.,177.35,185.95,177.35,184.6,184.6,177.35,,184.6,,,12139,2216412.0,223,F1,1,,,,,,2025-05-13
2025-05-13,2025-05-13,CM,BSE,STK,500168,INE533A01012,GOODYEAR,B,,,,,GOODYEAR INDIA LTD.,923.7,966.0,915.6,945.35,945.0,923.7,,945.35,,,9079,8557322.0,849,F1,1,,,,,,2025-05-13
2025-05-13,2025-05-13,CM,BSE,STK,500170,INE537A01013,GTNINDS,X,,,,,GTN INDUSTRIES LTD.,25.66,26.95,25.6,26.05,26.7,25.64,,26.05,,,3558,92686.0,23,F1,1,,,,,,2025-05-13
2025-05-13,2025-05-13,CM,BSE,STK,500171,INE539A01019,GHCL,A,,,,,GHCL LTD.,607.8,614.35,601.65,607.25,607.0,606.45,,607.45,,,6548,3983819.0,605,F1,1,,,,,,2025-05-13
2025-05-13,2025-05-13,CM,BSE,STK,500173,INE538A01037,GFLLIMITED,B,,,,,GFL LIMITED,54.68,55.5,53.46,53.92,53.46,54.45,,53.95,,,23198,1258239.0,2207,F1,1,,,,,,2025-05-13
2025-05-13,2025-05-13,CM,BSE,STK,500179,INE236A01020,HCL-INSYS,B,,,,,HCL INFOSYSTEMS LTD.,13.52,13.52,13.19,13.31,13.4,13.25,,13.28,,,50419,673399.0,354,F1,1,,,,,,2025-05-13
2025-05-13,2025-05-13,CM,BSE,STK,500180,INE040A01034,HDFCBANK,A,,,,,HDFC BANK LTD.,1944.05,1962.3,1920.5,1923.1,1923.1,1957.55,,1922.6,,,538724,1038698996.0,15097,F1,1,,,,,,2025-05-13
2025-05-13,2025-05-13,CM,BSE,STK,500182,INE158A01026,HEROMOTOCO,A,,,,,HERO MOTOCORP LTD.,4001.1,4097.4,3956.05,4062.9,4062.9,3990.55,,4063.6,,,58539,235885461.0,9248,F1,1,,,,,,2025-05-13
2025-05-13,2025-05-13,CM,BSE,STK,500183,INE548A01028,HFCL,A,,,,,HFCL LIMITED,82.27,83.26,81.56,82.7,82.7,81.93,,82.73,,,1670496,137798331.0,5138,F1,1,,,,,,2025-05-13
2025-05-13,2025-05-13,CM,BSE,STK,500184,INE019C01026,HSCL,A,,,,,Himadri Speciality Chemical Lt,444.45,446.6,435.25,445.2,444.0,440.8,,445.3,,,250158,110093816.0,7636,F1,1,,,,,,2025-05-13
2025-05-13,2025-05-13,CM,BSE,STK,500185,INE549A01026,HCC,A,,,,,HINDUSTAN CONSTRUCTION CO.LTD.,26.43,27.7,26.04,27.54,27.54,26.34,,27.54,,,2529446,68359391.0,4902,F1,1,,,,,,2025-05-13
2025-05-13,2025-05-13,CM,BSE,STK,500186,INE345A01011,HINDOILEXP,A,,,,,HINDUSTAN OIL EXPLORATION CO.L,182.0,186.35,182.0,184.8,185.1,181.8,,184.38,,,17512,3234274.0,349,F1,1,,,,,,2025-05-13
2025-05-13,2025-05-13,CM,BSE,STK,500187,INE415A01038,AGI,A,,,,,AGI GREENPAC LIMITED,826.95,856.9,820.0,845.9,848.7,827.85,,846.9,,,6024,5089840.0,512,F1,1,,,,,,2025-05-13
2025-05-13,2025-05-13,CM,BSE,STK,500188,INE267A01025,HINDZINC,A,,,,,HINDUSTAN ZINC LTD.,436.85,436.85,427.1,428.55,430.35,434.95,,428.9,,,152631,65751061.0,5737,F1,1,,,,,,2025-05-13
2025-05-13,2025-05-13,CM,BSE,STK,500189,INE353A01023,NDLVENTURE,T,,,,,NDL Ventures Limited,59.5,59.99,59.0,59.89,59.89,59.68,,59.04,,,1382,82365.0,10,F1,1,,,,,,2025-05-13
2025-05-13,2025-05-13,CM,BSE,STK,500191,INE262A01018,HMT,Z,,,,,HMT LTD.,50.16,51.0,49.75,50.79,50.79,49.19,,50.3,,,1617,81541.0,38,F1,1,,,,,,2025-05-13
2025-05-13,2025-05-13,CM,BSE,STK,500192,INE962B01011,PRAGBOS,X,,,,,PRAG BOSIMI SYNTHETICS LTD.,2.56,2.56,2.25,2.38,2.38,2.39,,2.38,,,3347,7910.0,33,F1,1,,,,,,2025-05-13
2025-05-13,2025-05-13,CM,BSE,STK,500193,INE102A01024,HLVLTD,B,,,,,HLV LIMITED,12.69,13.22,12.53,13.0,13.04,12.59,,13.01,,,221309,2880405.0,734,F1,1,,,,,,2025-05-13
2025-05-13,2025-05-13,CM,BSE,STK,500199,INE204A01010,IGPL,B,,,,,I G PETROCHEMICALS LTD.,425.7,437.0,425.7,434.0,435.95,424.45,,433.65,,,610,263200.0,100,F1,1,,,,,,2025-05-13
2025-05-13,2025-05-13,CM,BSE,STK,500201,INE560A01015,INDIAGLYCO,B,,,,,INDIA GLYCOLS LTD.,1550.3,1650.0,1550.3,1641.55,1641.55,1546.9,,1642.4,,,44694,72600932.0,4251,F1,1,,,,,,2025-05-13
2025-05-13,2025-05-13,CM,BSE,STK,500202,INE333C01013,INDLEASE,X,,,,,INDIA LEASE DEVELOPMENT LTD.,10.0,10.0,9.25,9.5,9.5,10.0,,9.5,,,1103,10454.0,12,F1,1,,,,,,2025-05-13
2025-05-13,2025-05-13,CM,BSE,STK,500206,INE680B01019,MARGOFIN,X,,,,,MARGO FINANCE LIMITED,75.0,79.75,75.0,79.73,79.74,76.13,,79.73,,,3225,252679.0,68,F1,1,,,,,,2025-05-13
2025-05-13,2025-05-13,CM,BSE,STK,500207,INE156A01020,INDORAMA,B,,,,,INDO RAMA SYNTHETICS (INDIA) L,38.81,39.36,38.48,38.63,39.22,38.53,,38.7,,,27232,1060394.0,335,F1,1,,,,,,2025-05-13
2025-05-13,2025-05-13,CM,BSE,STK,500209,INE009A01021,INFY,A,,,,,INFOSYS LTD.,1619.6,1619.6,1564.95,1569.1,1569.1,1626.7,,1568.6,,,435421,687154203.0,13547,F1,1,,,,,,2025-05-13
2025-05-13,2025-05-13,CM,BSE,STK,500210,INE177A01018,INGERRAND,A,,,,,INGERSOLL-RAND (INDIA) LTD.,3711.7,3841.0,3711.65,3825.0,3841.0,3743.1,,3834.5,,,581,2206714.0,149,F1,1,,,,,,2025-05-13
2025-05-13,2025-05-13,CM,BSE,STK,500213,INE262B01016,ITHL,X,,,,,INTERNATIONAL TRAVEL HOUSE LTD,510.25,517.95,505.15,512.85,507.05,509.7,,512.85,,,2301,1175910.0,105,F1,1,,,,,,2025-05-13
2025-05-13,2025-05-13,CM,BSE,STK,500214,INE570A01022,IONEXCHANG,A,,,,,ION EXCHANGE (INDIA) LTD.,545.8,549.0,536.0,548.45,549.0,534.9,,546.9,,,7441,4054564.0,556,F1,1,,,,,,2025-05-13
2025-05-13,2025-05-13,CM,BSE,STK,500215,INE209A01019,SUNDROP,B,,,,,SUNDROP BRANDS LIMITED,808.25,824.95,804.95,818.1,811.45,823.35,,816.9,,,512,416145.0,66,F1,1,,,,,,2025-05-13
2025-05-13,2025-05-13,CM,BSE,STK,500219,INE175A01038,JISLJALEQS,A,,,,,JAIN IRRIGATION SYSTEMS LTD.,53.14,58.56,52.81,56.78,56.78,53.14,,56.64,,,1086851,61801338.0,4566,F1,1,,,,,,2025-05-13
2025-05-13,2025-05-13,CM,BSE,STK,500220,INE711C01028,JASCH,X,,,,,JASCH INDUSTRIES LTD.,172.0,182.0,171.05,181.1,182.0,175.25,,181.1,,,180,32181.0,7,F1,1,,,,,,2025-05-13
2025-05-13,2025-05-13,CM,BSE,STK,500227,INE197D01010,JINDALPOLY,B,,,,,JINDAL POLY FILMS LTD.,680.0,680.1,662.1,664.25,670.2,663.35,,665.5,,,3765,2521206.0,350,F1,1,,,,,,2025-05-13
2025-05-13,2025-05-13,CM,BSE,STK,500228,INE019A01038,JSWSTEEL,A,,,,,JSW STEEL LTD.,1005.1,1010.05,988.1,989.95,990.0,1005.1,,989.9,,,17129,17049519.0,1399,F1,1,,,,,,2025-05-13
2025-05-13,2025-05-13,CM,BSE,STK,500231,INE864B01027,UMANGDAIRY,B,,,,,UMANG DAIRIES LTD.,76.2,77.7,76.15,77.1,77.49,76.2,,76.97,,,796,61049.0,61,F1,1,,,,,,2025-05-13
2025-05-13,2025-05-13,CM,BSE,STK,500233,INE217B01036,KAJARIACER,A,,,,,KAJARIA CERAMICS LTD.,848.35,856.15,839.25,849.45,850.0,844.15,,850.05,,,274863,232428155.0,3500,F1,1,,,,,,2025-05-13
2025-05-13,2025-05-13,CM,BSE,STK,500234,INE437B01014,KAKATCEM,B,,,,,KAKATIYA CEMENT SUGAR & INDUST,148.95,150.0,147.55,147.55,147.55,146.15,,147.81,,,320,47641.0,12,F1,1,,,,,,2025-05-13
2025-05-13,2025-05-13,CM,BSE,STK,500235,INE907A01026,KSL,B,,,,,KALYANI STEELS LTD.,780.0,803.35,773.5,783.4,782.95,776.4,,783.65,,,8418,6650207.0,622,F1,1,,,,,,2025-05-13
2025-05-13,2025-05-13,CM,BSE,STK,500238,INE716A01013,WHIRLPOOL,A,,,,,WHIRLPOOL OF INDIA LTD.,1293.95,1293.95,1246.9,1265.9,1269.9,1271.75,,1266.0,,,24489,31053830.0,1862,F1,1,,,,,,2025-05-13
2025-05-13,2025-05-13,CM,BSE,STK,500239,INE104A01012,KGDENIM,X,,,,,KG DENIM LTD.,15.98,16.15,15.4,16.0,16.0,15.87,,16.0,,,10080,159735.0,42,F1,1,,,,,,2025-05-13
2025-05-13,2025-05-13,CM,BSE,STK,500240,INE266B01017,KINETICENG,X,,,,,KINETIC ENGINEERING LTD.,180.0,184.95,178.1,183.65,183.65,178.55,,183.65,,,24010,4380295.0,168,F1,1,,,,,,2025-05-13
2025-05-13,2025-05-13,CM,BSE,STK,500241,INE732A01036,KIRLOSBROS,A,,,,,KIRLOSKAR BROTHERS LTD.,1856.1,1908.9,1855.0,1904.25,1908.9,1866.35,,1902.8,,,4476,8461500.0,662,F1,1,,,,,,2025-05-13
2025-05-13,2025-05-13,CM,BSE,STK,500243,INE250A01039,KIRLOSIND,B,,,,,KIRLOSKAR INDUSTRIES LTD,2988.0,3039.9,2965.05,2986.7,3010.95,2971.6,,2991.9,,,127,380656.0,65,F1,1,,,,,,2025-05-13
2025-05-13,2025-05-13,CM,BSE,STK,500245,INE884B01025,KIRLFER,A,,,,,KIRLOSKAR FERROUS INDUSTRIES L,520.85,523.5,510.65,515.0,515.0,521.0,,515.0,,,46315,23888515.0,1070,F1,1,,,,,,2025-05-13
2025-05-13,2025-05-13,CM,BSE,STK,500246,INE601C01013,ENVAIREL,X,,,,,ENVAIR ELECTRODYNE LTD.,89.1,97.81,89.0,97.25,97.5,86.12,,97.25,,,3314,303004.0,48,F1,1,,,,,,2025-05-13
2025-05-13,2025-05-13,CM,BSE,STK,500247,INE237A01028,KOTAKBANK,A,,,,,KOTAK MAHINDRA BANK LTD.,2132.55,2146.05,2101.05,2115.85,2115.85,2146.05,,2115.6,,,145546,307849314.0,8302,F1,1,,,,,,2025-05-13
2025-05-13,2025-05-13,CM,BSE,STK,500248,INE073A01019,KRIFILIND,X,,,,,KRISHNA FILAMENT INDUSTRIES LI,6.27,6.45,6.15,6.45,6.45,6.15,,6.45,,,513,3296.0,7,F1,1,,,,,,2025-05-13
2025-05-13,2025-05-13,CM,BSE,STK,500249,INE999A01023,KSB,A,,,,,KSB LIMITED,799.95,804.9,781.35,801.1,803.25,780.8,,801.3,,,4919,3925642.0,497,F1,1,,,,,,2025-05-13
2025-05-13,2025-05-13,CM,BSE,STK,500250,INE337A01034,LGBBROSLTD,B,,,,,L.G.BALAKRISHNAN & BROS.LTD.,1245.4,1246.55,1233.1,1239.85,1240.0,1244.7,,1239.7,,,1428,1770905.0,249,F1,1,,,,,,2025-05-13
2025-05-13,2025-05-13,CM,BSE,STK,500251,INE849A01020,TRENT,A,,,,,TRENT LTD.,5459.95,5459.95,5320.0,5325.6,5320.55,5446.35,,5326.5,,,56279,301514601.0,6564,F1,1,,,,,,2025-05-13
2025-05-13,2025-05-13,CM,BSE,STK,500252,INE269B01029,LMW,A,,,,,LMW Limited,17399.65,17512.95,16912.0,17466.6,17500.0,16906.85,,17478.0,,,371,6429586.0,209,F1,1,,,,,,2025-05-13
2025-05-13,2025-05-13,CM,BSE,STK,500253,INE115A01026,LICHSGFIN,A,,,,,LIC HOUSING FINANCE LTD.,602.0,616.9,598.8,602.95,602.95,602.05,,603.0,,,64975,39644458.0,2493,F1,1,,,,,,2025-05-13
2025-05-13,2025-05-13,CM,BSE,STK,500257,INE326A01037,LUPIN,A,,,,,LUPIN LTD.,2044.8,2113.0,2044.8,2063.0,2065.0,2040.95,,2064.4,,,56567,118472727.0,4886,F1,1,,,,,,2025-05-13
2025-05-13,2025-05-13,CM,BSE,STK,500259,INE933A01014,LYKALABS,B,,,,,LYKA LABS LTD.,110.0,114.5,110.0,111.05,111.1,109.7,,110.61,,,4969,561562.0,134,F1,1,,,,,,2025-05-13
2025-05-13,2025-05-13,CM,BSE,STK,500260,INE331A01037,RAMCOCEM,A,,,,,THE RAMCO CEMENTS LIMITED,959.3,982.9,959.3,976.25,976.0,952.95,,975.75,,,16149,15751562.0,1902,F1,1,,,,,,2025-05-13
2025-05-13,2025-05-13,CM,BSE,STK,500262,INE965B01022,HYBRIDFIN,B,,,,,HYBRID FINANCIAL SERVICES LIMI,11.72,11.72,9.61,11.15,11.15,10.66,,10.9,,,3925,43054.0,43,F1,1,,,,,,2025-05-13
2025-05-13,2025-05-13,CM,BSE,STK,500264,INE270B01035,MAFATIND,B,,,,,MAFATLAL INDUSTRIES LTD.,136.6,139.0,135.45,137.85,137.7,135.9,,137.85,,,57186,7851991.0,514,F1,1,,,,,,2025-05-13
2025-05-13,2025-05-13,CM,BSE,STK,500265,INE271B01025,MAHSEAMLES,A,,,,,MAHARASHTRA SEAMLESS LTD.,685.95,686.0,667.95,670.7,667.95,679.85,,670.15,,,8407,5660851.0,334,F1,1,,,,,,2025-05-13
2025-05-13,2025-05-13,CM,BSE,STK,500266,INE288A01013,MAHSCOOTER,A,,,,,MAHARASHTRA SCOOTERS LTD.,11260.0,11589.9,11211.0,11525.45,11525.45,11332.9,,11536.0,,,204,2332100.0,123,F1,1,,,,,,2025-05-13
2025-05-13,2025-05-13,CM,BSE,STK,500267,INE201B01022,MAJESAUT,X,,,,,MAJESTIC AUTO LTD.,307.45,316.95,306.25,307.1,307.1,307.45,,307.1,,,339,105739.0,23,F1,1,,,,,,2025-05-13
2025-05-13,2025-05-13,CM,BSE,STK,500268,INE201A01024,MANALIPETC,B,,,,,MANALI PETROCHEMICAL LTD.,52.0,54.09,52.0,53.55,53.78,52.21,,53.26,,,34899,1853736.0,731,F1,1,,,,,,2025-05-13
2025-05-13,2025-05-13,CM,BSE,STK,500270,INE461A01024,BARODARY,X,,,,,BARODA RAYON CORPORATION LTD.,134.5,134.5,129.0,131.2,131.05,134.5,,131.2,,,959,126172.0,53,F1,1,,,,,,2025-05-13
2025-05-13,2025-05-13,CM,BSE,STK,500271,INE180A01020,MFSL,A,,,,,Max Financial Services Limited,1290.05,1300.0,1274.35,1289.4,1289.4,1294.25,,1290.1,,,5115,6566389.0,1210,F1,1,,,,,,2025-05-13
2025-05-13,2025-05-13,CM,BSE,STK,500277,INE401C01018,MIDINDIA,X,,,,,MID INDIA INDUSTRIES LTD.,9.49,9.49,8.04,8.99,8.99,8.04,,8.99,,,2024,18230.0,39,F1,1,,,,,,2025-05-13
2025-05-13,2025-05-13,CM,BSE,STK,500279,INE831A01028,MIRCELECTR,T,,,,,MIRC ELECTRONICS LTD.,13.49,13.49,13.39,13.39,13.39,13.44,,13.39,,,37449,502246.0,62,F1,1,,,,,,2025-05-13
2025-05-13,2025-05-13,CM,BSE,STK,500280,INE485A01015,CENTENKA,B,,,,,CENTURY ENKA LTD.,426.0,434.0,419.0,421.45,419.6,423.3,,421.35,,,13024,5520251.0,866,F1,1,,,,,,2025-05-13
2025-05-13,2025-05-13,CM,BSE,STK,500282,INE794W01014,MODTHREAD,B,,,,,MODERN THREADS (INDIA) LTD.,41.61,41.61,41.0,41.05,41.05,42.46,,41.06,,,74,3077.0,7,F1,1,,,,,,2025-05-13
2025-05-13,2025-05-13,CM,BSE,STK,500284,INE846D01012,LORDSCHLO,T,,,,,LORDS CHLORO ALKALI LTD.,135.5,147.0,135.5,147.0,147.0,141.7,,143.37,,,411,56368.0,5,F1,1,,,,,,2025-05-13
2025-05-13,2025-05-13,CM,BSE,STK,500285,INE285B01017,SPICEJET,B,,,,,SPICEJET LTD.,46.25,46.99,45.41,45.76,45.76,46.2,,45.76,,,6455398,297948137.0,9842,F1,1,,,,,,2025-05-13
2025-05-13,2025-05-13,CM,BSE,STK,500288,INE083A01026,MOREPENLAB,A,,,,,MOREPEN LABORATORIES LTD.,59.21,61.5,57.83,60.17,60.0,60.38,,60.17,,,995539,59287199.0,4795,F1,1,,,,,,2025-05-13
2025-05-13,2025-05-13,CM,BSE,STK,500290,INE883A01011,MRF,A,,,,,MRF LTD.,140796.45,141049.95,139065.85,140437.75,140995.0,139848.75,,140425.0,,,222,31119947.0,209,F1,1,,,,,,2025-05-13
2025-05-13,2025-05-13,CM,BSE,STK,500292,INE578A01017,HEIDELBERG,B,,,,,HEIDELBERGCEMENT INDIA LTD.,192.1,196.25,192.1,194.95,196.1,195.55,,195.12,,,5737,1115824.0,250,F1,1,,,,,,2025-05-13
2025-05-13,2025-05-13,CM,BSE,STK,500294,INE868B01028,NCC,A,,,,,NCC LIMITED,220.3,222.55,218.5,219.9,219.9,220.3,,220.12,,,254379,56101850.0,2030,F1,1,,,,,,2025-05-13
2025-05-13,2025-05-13,CM,BSE,STK,500295,INE205A01025,VEDL,A,,,,,VEDANTA LIMITED,436.05,440.0,432.35,435.35,435.35,435.9,,435.4,,,450107,196261736.0,8418,F1,1,,,,,,2025-05-13
2025-05-13,2025-05-13,CM,BSE,STK,500296,INE290A01027,NAHARSPING,B,,,,,NAHAR SPINNING MILLS LTD.,264.0,272.0,257.0,258.45,258.35,260.1,,258.46,,,7298,1942238.0,1090,F1,1,,,,,,2025-05-13
2025-05-13,2025-05-13,CM,BSE,STK,500298,INE585A01020,NAPEROL,X,,,,,Naperol Investments Limited,962.0,991.0,950.1,958.85,955.0,981.3,,958.85,,,5998,5792725.0,249,F1,1,,,,,,2025-05-13
2025-05-13,2025-05-13,CM,BSE,STK,500300,INE047A01021,GRASIM,A,,,,,GRASIM INDUSTRIES LTD.,2736.1,2743.0,2703.65,2707.85,2707.6,2739.4,,2708.7,,,7896,21499094.0,941,F1,1,,,,,,2025-05-13
2025-05-13,2025-05-13,CM,BSE,STK,500302,INE140A01024,PEL,A,,,,,PIRAMAL ENTERPRISES LTD.,1065.0,1088.65,1058.65,1075.05,1075.05,1062.6,,1075.8,,,48655,52477010.0,3184,F1,1,,,,,,2025-05-13
2025-05-13,2025-05-13,CM,BSE,STK,500304,INE161A01038,NIITLTD,B,,,,,NIIT LTD.,137.85,141.0,134.75,137.05,137.05,136.5,,137.02,,,198802,27541876.0,2171,F1,1,,,,,,2025-05-13
2025-05-13,2025-05-13,CM,BSE,STK,500306,INE903A01025,JAYKAY,B,,,,,Jaykay Enterprises Limited,157.2,172.6,154.05,169.0,169.0,157.05,,169.0,,,678177,114246215.0,2930,F1,1,,,,,,2025-05-13
2025-05-13,2025-05-13,CM,BSE,STK,500307,INE910A01012,NIRLON,B,,,,,NIRLON LTD.,531.65,534.45,529.5,530.35,529.5,530.05,,530.35,,,3328,1764150.0,125,F1,1,,,,,,2025-05-13
2025-05-13,2025-05-13,CM,BSE,STK,500312,INE213A01029,ONGC,A,,,,,OIL AND NATURAL GAS CORPORATIO,244.0,245.25,240.3,241.1,241.1,244.0,,241.16,,,301476,73054528.0,3782,F1,1,,,,,,2025-05-13
2025-05-13,2025-05-13,CM,BSE,STK,500313,INE591A01010,OILCOUNTUB,B,,,,,OIL COUNTRY TUBULAR LTD.,65.3,70.3,64.74,64.97,64.97,68.14,,65.12,,,14568,978283.0,335,F1,1,,,,,,2025-05-13
2025-05-13,2025-05-13,CM,BSE,STK,500314,INE750A01020,ORIENTHOT,B,,,,,ORIENTAL HOTELS LTD.,135.05,138.1,135.05,135.9,136.0,137.05,,135.69,,,3815,518220.0,105,F1,1,,,,,,2025-05-13
2025-05-13,2025-05-13,CM,BSE,STK,500317,INE142A01012,OSWALAGRO,B,,,,,OSWAL AGRO MILLS LTD.,80.21,83.55,79.82,81.03,81.6,81.99,,80.93,,,18540,1515467.0,369,F1,1,,,,,,2025-05-13
2025-05-13,2025-05-13,CM,BSE,STK,500319,INE557C01017,INDSUCR,X,,,,,INDIAN SUCROSE LTD.,90.3,92.4,89.0,91.91,92.0,91.5,,91.91,,,13677,1235979.0,153,F1,1,,,,,,2025-05-13
2025-05-13,2025-05-13,CM,BSE,STK,500322,INE167E01037,PANCM,X,,,,,PANYAM CEMENTS & MINERAL INDUS,118.25,121.5,115.9,120.0,120.0,115.9,,120.0,,,56,6695.0,9,F1,1,,,,,,2025-05-13
2025-05-13,2025-05-13,CM,BSE,STK,500325,INE002A01018,RELIANCE,A,,,,,RELIANCE INDUSTRIES LTD.,1433.2,1447.35,1413.0,1416.2,1416.2,1436.55,,1415.7,,,992150,1413678149.0,28957,F1,1,,,,,,2025-05-13
2025-05-13,2025-05-13,CM,BSE,STK,500327,INE600A01035,PILITA,B,,,,,Pil Italica Lifestyle Limited,16.69,16.69,15.66,15.74,15.68,15.66,,15.81,,,36920,587827.0,117,F1,1,,,,,,2025-05-13
2025-05-13,2025-05-13,CM,BSE,STK,500330,INE301A01014,RAYMOND,A,,,,,RAYMOND LTD.,1573.3,1583.65,1529.4,1561.3,1561.3,1574.0,,1564.1,,,84932,132114000.0,4317,F1,1,,,,,,2025-05-13
2025-05-13,2025-05-13,CM,BSE,STK,500331,INE318A01026,PIDILITIND,A,,,,,PIDILITE INDUSTRIES LTD.,3090.2,3126.85,3070.0,3101.9,3102.5,3075.9,,3100.6,,,102827,317218339.0,7331,F1,1,,,,,,2025-05-13
2025-05-13,2025-05-13,CM,BSE,STK,500333,INE751B01018,PIXTRANS,B,,,,,PIX TRANSMISSIONS LTD.,1584.9,1673.95,1576.25,1668.4,1671.0,1588.35,,1669.3,,,3179,5199558.0,494,F1,1,,,,,,2025-05-13
2025-05-13,2025-05-13,CM,BSE,STK,500335,INE340A01012,BIRLACORPN,A,,,,,BIRLA CORPORATION LTD.,1301.05,1355.0,1279.25,1336.15,1336.15,1270.25,,1334.9,,,76432,100822990.0,7804,F1,1,,,,,,2025-05-13
2025-05-13,2025-05-13,CM,BSE,STK,500336,INE335A01020,SURYAROSNI,A,,,,,SURYA ROSHNI LTD.,284.85,289.4,279.75,283.55,283.8,280.05,,283.5,,,20021,5690895.0,754,F1,1,,,,,,2025-05-13
2025-05-13,2025-05-13,CM,BSE,STK,500337,INE032B01021,PRIMESECU,B,,,,,PRIME SECURITIES LTD.,236.9,246.5,234.95,241.45,241.8,235.4,,242.24,,,907,216691.0,83,F1,1,,,,,,2025-05-13
2025-05-13,2025-05-13,CM,BSE,STK,500338,INE010A01011,PRSMJOHNSN,A,,,,,PRISM JOHNSON LIMITED.,124.3,130.8,124.3,128.15,128.05,127.85,,128.27,,,14419,1849349.0,929,F1,1,,,,,,2025-05-13
2025-05-13,2025-05-13,CM,BSE,STK,500339,INE855B01025,RAIN,A,,,,,RAIN INDUSTRIES LIMITED,144.25,146.0,143.6,145.1,144.9,144.3,,145.06,,,35365,5115321.0,466,F1,1,,,,,,2025-05-13
2025-05-13,2025-05-13,CM,BSE,STK,500342,INE024D01016,PRUDMOULI,T,,,,,PRUDENTIAL SUGAR CORPORATION L,41.8,42.3,38.83,42.3,42.3,40.87,,41.67,,,469,18444.0,9,F1,1,,,,,,2025-05-13
2025-05-13,2025-05-13,CM,BSE,STK,500343,INE606A01024,AMJLAND,B,,,,,AMJ LAND HOLDINGS LIMITED,47.65,48.46,47.4,48.0,48.2,47.56,,47.44,,,3983,190563.0,56,F1,1,,,,,,2025-05-13
2025-05-13,2025-05-13,CM,BSE,STK,500346,INE609A01010,PUNJCOMMU,B,,,,,PUNJAB COMMUNICATIONS LTD.,50.48,51.44,49.01,50.84,50.9,50.48,,50.84,,,2043,103840.0,18,F1,1,,,,,,2025-05-13
2025-05-13,2025-05-13,CM,BSE,STK,500350,INE611A01016,RSWM,B,,,,,RSWM LTD.,151.0,153.9,150.7,151.95,150.9,151.9,,151.92,,,6706,1020176.0,934,F1,1,,,,,,2025-05-13
2025-05-13,2025-05-13,CM,BSE,STK,500354,INE562B01019,RAJSREESUG,B,,,,,RAJSHREE SUGARS & CHEMICALS LT,43.0,45.75,43.0,45.71,45.75,44.25,,45.67,,,8152,368408.0,243,F1,1,,,,,,2025-05-13
2025-05-13,2025-05-13,CM,BSE,STK,500355,INE613A01020,RALLIS,A,,,,,RALLIS INDIA LTD.,238.05,268.4,238.05,259.8,259.8,241.45,,259.32,,,70096,18142085.0,2761,F1,1,,,,,,2025-05-13
2025-05-13,2025-05-13,CM,BSE,STK,500356,INE278B01020,RAMANEWS,T,,,,,SHREE RAMA NEWSPRINT LTD.,37.14,37.14,37.14,37.14,37.14,35.38,,37.42,,,4365,162116.0,8,F1,1,,,,,,2025-05-13
2025-05-13,2025-05-13,CM,BSE,STK,500360,INE350D01015,RAPICUT,X,,,,,RAPICUT CARBIDES LTD.,79.75,79.75,69.12,72.98,73.99,73.23,,72.98,,,3481,257671.0,44,F1,1,,,,,,2025-05-13
2025-05-13,2025-05-13,CM,BSE,STK,500365,INE731F01037,WELSPLSOL,B,,,,,WELSPUN SPECIALTY SOLUTIONS LI,31.37,33.2,31.15,32.03,32.03,31.41,,32.03,,,402303,13015914.0,799,F1,1,,,,,,2025-05-13
2025-05-13,2025-05-13,CM,BSE,STK,500366,INE293A01013,ROLTA,Z,,,,,ROLTA INDIA LTD.,2.21,2.24,2.16,2.24,2.24,2.14,,2.25,,,4735,10529.0,17,F1,1,,,,,,2025-05-13
2025-05-13,2025-05-13,CM,BSE,STK,500367,INE642C01025,RUBFILA,B,,,,,RUBFILA INTERNATIONAL LTD.,69.0,72.44,69.0,71.7,72.4,69.41,,71.92,,,18492,1310794.0,539,F1,1,,,,,,2025-05-13
2025-05-13,2025-05-13,CM,BSE,STK,500368,INE619A01035,PATANJALI,A,,,,,Patanjali Foods Limited,1807.4,1831.0,1797.8,1816.55,1818.4,1819.0,,1819.1,,,5477,9951764.0,926,F1,1,,,,,,2025-05-13
2025-05-13,2025-05-13,CM,BSE,STK,500370,INE924A01013,SALORAINTL,X,,,,,SALORA INTERNATIONAL LTD.,45.53,48.8,43.0,45.06,45.06,43.87,,45.06,,,7399,337051.0,114,F1,1,,,,,,2025-05-13
2025-05-13,2025-05-13,CM,BSE,STK,500378,INE324A01032,JINDALSAW,A,,,,,JINDAL SAW LTD.,220.0,220.25,211.85,213.0,213.0,218.2,,213.07,,,56347,12069573.0,2021,F1,1,,,,,,2025-05-13
2025-05-13,2025-05-13,CM,BSE,STK,500380,INE786A01032,JKLAKSHMI,A,,,,,JK LAKSHMI CEMENT LTD.,805.0,816.55,805.0,814.9,816.35,802.55,,812.75,,,5440,4412545.0,614,F1,1,,,,,,2025-05-13
2025-05-13,2025-05-13,CM,BSE,STK,500387,INE070A01015,SHREECEM,A,,,,,SHREE CEMENT LTD.,30230.0,30420.0,29728.45,30200.75,30210.0,30099.6,,30145.0,,,184,5560263.0,86,F1,1,,,,,,2025-05-13
2025-05-13,2025-05-13,CM,BSE,STK,500388,INE970C01012,SKPMIL,X,,,,,SHREE KRISHNA PAPER MILLS & IN,41.8,41.8,41.8,41.8,41.8,43.99,,41.8,,,550,22990.0,6,F1,1,,,,,,2025-05-13
2025-05-13,2025-05-13,CM,BSE,STK,500389,INE368A01021,SILVERLINE,XT,,,,,SILVERLINE TECHNOLOGIES LTD.,10.8,11.17,10.25,11.17,11.17,10.64,,11.17,,,51840,565353.0,245,F1,1,,,,,,2025-05-13
2025-05-13,2025-05-13,CM,BSE,STK,500390,INE036A01016,RELINFRA,A,,,,,RELIANCE INFRASTRUCTURE LTD.,255.65,268.0,255.65,265.65,265.65,255.2,,265.1,,,441043,115948593.0,4123,F1,1,,,,,,2025-05-13
2025-05-13,2025-05-13,CM,BSE,STK,500400,INE245A01021,TATAPOWER,A,,,,,TATA POWER CO.LTD.,391.65,395.7,388.1,389.15,389.15,391.65,,389.3,,,656070,257539154.0,12522,F1,1,,,,,,2025-05-13
2025-05-13,2025-05-13,CM,BSE,STK,500402,INE937A01023,SPMLINFRA,B,,,,,SPML INFRA LIMITED,177.55,189.95,177.55,187.05,188.5,180.65,,187.73,,,17755,3294317.0,339,F1,1,,,,,,2025-05-13
2025-05-13,2025-05-13,CM,BSE,STK,500403,INE387A01021,SUNDRMFAST,A,,,,,SUNDRAM FASTENERS LTD.,941.15,971.3,941.15,955.0,953.0,950.75,,955.45,,,2778,2674181.0,526,F1,1,,,,,,2025-05-13
2025-05-13,2025-05-13,CM,BSE,STK,500404,INE947A01014,SUNFLAG,A,,,,,SUNFLAG IRON & STEEL CO.LTD.,244.45,246.0,235.55,242.45,242.45,238.75,,242.05,,,14321,3436551.0,579,F1,1,,,,,,2025-05-13
2025-05-13,2025-05-13,CM,BSE,STK,500405,INE663A01033,SPLPETRO,A,,,,,SUPREME PETROCHEM LTD.,690.3,698.25,685.0,687.05,685.0,690.3,,686.2,,,1480,1023032.0,375,F1,1,,,,,,2025-05-13
2025-05-13,2025-05-13,CM,BSE,STK,500407,INE277A01016,SWARAJENG,B,,,,,SWARAJ ENGINES LTD.,4199.95,4219.95,4120.0,4165.95,4138.0,4145.0,,4143.1,,,547,2276943.0,172,F1,1,,,,,,2025-05-13
2025-05-13,2025-05-13,CM,BSE,STK,500408,INE670A01012,TATAELXSI,A,,,,,TATA ELXSI LTD.,6091.4,6132.1,5972.75,5984.05,5990.5,6096.9,,5986.0,,,15474,93326269.0,3534,F1,1,,,,,,2025-05-13
2025-05-13,2025-05-13,CM,BSE,STK,500410,INE012A01025,ACC,A,,,,,ACC LTD.,1868.0,1870.0,1847.15,1851.65,1851.65,1859.1,,1853.2,,,19678,36597758.0,2315,F1,1,,,,,,2025-05-13
2025-05-13,2025-05-13,CM,BSE,STK,500411,INE152A01029,THERMAX,A,,,,,THERMAX LTD.,3301.25,3398.95,3289.5,3321.15,3330.0,3300.8,,3320.8,,,7776,26054861.0,1186,F1,1,,,,,,2025-05-13
2025-05-13,2025-05-13,CM,BSE,STK,500412,INE338A01024,TIRUMALCHM,A,,,,,THIRUMALAI CHEMICALS LTD.,250.45,258.95,250.4,256.15,255.1,250.35,,256.76,,,14504,3690649.0,388,F1,1,,,,,,2025-05-13
2025-05-13,2025-05-13,CM,BSE,STK,500413,INE332A01027,THOMASCOOK,A,,,,,THOMAS COOK (INDIA) LTD.,144.75,151.2,139.25,140.1,140.1,145.3,,140.06,,,155613,22682704.0,2680,F1,1,,,,,,2025-05-13
2025-05-13,2025-05-13,CM,BSE,STK,500414,INE064A01026,TIMEX,B,,,,,TIMEX GROUP INDIA LTD.,228.5,232.8,218.0,220.35,220.35,230.15,,220.35,,,115020,25698288.0,1600,F1,1,,,,,,2025-05-13
2025-05-13,2025-05-13,CM,BSE,STK,500418,INE932C01012,TOKYOPLAST,B,,,,,TOKYO PLAST INTERNATIONAL LTD.,127.55,134.9,127.55,131.8,131.8,126.0,,129.46,,,692,91269.0,25,F1,1,,,,,,2025-05-13
2025-05-13,2025-05-13,CM,BSE,STK,500420,INE685A01028,TORNTPHARM,A,,,,,TORRENT PHARMACEUTICALS LTD.,3250.0,3287.15,3213.2,3232.2,3237.0,3238.0,,3236.0,,,3573,11610869.0,745,F1,1,,,,,,2025-05-13
2025-05-13,2025-05-13,CM,BSE,STK,500421,INE578C01021,TPINDIA,X,,,,,TPI INDIA LTD.,16.72,16.72,13.6,16.02,16.3,16.9,,16.02,,,6968,107592.0,69,F1,1,,,,,,2025-05-13
2025-05-13,2025-05-13,CM,BSE,STK,500422,INE019B01010,TRANSCHEM,X,,,,,TRANSCHEM LTD.,44.0,44.25,42.1,43.8,44.0,43.35,,43.8,,,9062,394060.0,57,F1,1,,,,,,2025-05-13
2025-05-13,2025-05-13,CM,BSE,STK,500425,INE079A01024,AMBUJACEM,A,,,,,AMBUJA CEMENTS LTD.,542.0,542.05,534.55,537.1,538.45,541.45,,536.9,,,225619,121845469.0,6924,F1,1,,,,,,2025-05-13
2025-05-13,2025-05-13,CM,BSE,STK,500426,INE184E01024,UTLINDS,X,,,,,UTL INDUSTRIES LIMITED,2.73,2.83,2.72,2.83,2.83,2.82,,2.83,,,21958,61067.0,102,F1,1,,,,,,2025-05-13
2025-05-13,2025-05-13,CM,BSE,STK,500429,INE037A01022,UNIENTER,B,,,,,UNIPHOS ENTERPRISES LTD.,159.45,160.7,157.55,158.55,158.55,161.05,,158.12,,,1647,262352.0,49,F1,1,,,,,,2025-05-13
2025-05-13,2025-05-13,CM,BSE,STK,500439,INE701A01023,VHL,B,,,,,VARDHMAN HOLDINGS LTD.,3524.95,3666.45,3524.95,3606.8,3644.95,3503.65,,3622.1,,,100,364356.0,31,F1,1,,,,,,2025-05-13
2025-05-13,2025-05-13,CM,BSE,STK,500440,INE038A01020,HINDALCO,A,,,,,HINDALCO INDUSTRIES LTD.,644.9,647.0,632.0,634.75,634.9,651.85,,634.75,,,149716,95604472.0,3657,F1,1,,,,,,2025-05-13
2025-05-13,2025-05-13,CM,BSE,STK,500444,INE976A01021,WSTCSTPAPR,A,,,,,West Coast Paper Mills Limited,414.0,454.15,414.0,449.85,448.8,440.6,,448.95,,,9781,4390935.0,803,F1,1,,,,,,2025-05-13
2025-05-13,2025-05-13,CM,BSE,STK,500449,INE048A01011,HOCL,T,,,,,HINDUSTAN ORGANIC CHEMICALS LT,33.74,35.08,33.74,35.08,35.08,33.41,,35.08,,,47280,1653175.0,269,F1,1,,,,,,2025-05-13
2025-05-13,2025-05-13,CM,BSE,STK,500456,INE818B01023,PASUPTAC,T,,,,,PASUPATI ACRYLON LTD.,45.2,46.9,45.0,46.28,46.8,45.16,,46.45,,,8235,376904.0,48,F1,1,,,,,,2025-05-13
2025-05-13,2025-05-13,CM,BSE,STK,500458,INE601A01017,KORE,XT,,,,,Kore Foods Limited,28.03,30.0,28.01,28.2,28.2,29.48,,28.2,,,6346,178552.0,41,F1,1,,,,,,2025-05-13
2025-05-13,2025-05-13,CM,BSE,STK,500459,INE179A01014,PGHH,A,,,,,PROCTER & GAMBLE HYGIENE & HEA,14140.65,14140.65,13958.0,13995.9,13979.0,13995.6,,13987.0,,,315,4407610.0,97,F1,1,,,,,,2025-05-13
2025-05-13,2025-05-13,CM,BSE,STK,500460,INE304A01026,MUKANDLTD,B,,,,,MUKAND LTD.,106.6,110.75,103.85,107.8,107.8,103.45,,107.87,,,20567,2231292.0,795,F1,1,,,,,,2025-05-13
2025-05-13,2025-05-13,CM,BSE,STK,500463,INE676A01027,BBOX,B,,,,,BLACK BOX LIMITED,425.45,433.45,417.65,424.7,424.0,422.9,,423.65,,,24674,10528207.0,995,F1,1,,,,,,2025-05-13
2025-05-13,2025-05-13,CM,BSE,STK,500464,INE139B01016,UCAL,B,,,,,UCAL LIMITED,145.75,153.9,145.75,153.1,153.9,145.75,,153.17,,,7096,1075757.0,271,F1,1,,,,,,2025-05-13
2025-05-13,2025-05-13,CM,BSE,STK,500467,INE544A01019,HARRMALAYA,B,,,,,HARRISONS MALAYALAM LTD.,203.95,208.5,201.0,201.25,201.25,204.1,,202.14,,,604,123201.0,158,F1,1,,,,,,2025-05-13
2025-05-13,2025-05-13,CM,BSE,STK,500469,INE171A01029,FEDERALBNK,A,,,,,FEDERAL BANK LTD.,195.65,199.0,194.15,198.0,197.8,194.4,,198.09,,,121967,24034826.0,1836,F1,1,,,,,,2025-05-13
2025-05-13,2025-05-13,CM,BSE,STK,500470,INE081A01020,TATASTEEL,A,,,,,TATA STEEL LTD.,152.35,152.95,149.05,149.5,149.5,151.55,,149.43,,,3408140,512337700.0,30371,F1,1,,,,,,2025-05-13
2025-05-13,2025-05-13,CM,BSE,STK,500472,INE640A01023,SKFINDIA,A,,,,,SKF INDIA LTD.,4130.0,4217.95,4102.15,4202.9,4205.2,4123.15,,4207.0,,,2243,9347967.0,686,F1,1,,,,,,2025-05-13
2025-05-13,2025-05-13,CM,BSE,STK,500477,INE208A01029,ASHOKLEY,A,,,,,ASHOK LEYLAND LTD.,231.25,232.5,229.5,230.25,230.25,231.25,,230.34,,,180899,41752672.0,2352,F1,1,,,,,,2025-05-13
2025-05-13,2025-05-13,CM,BSE,STK,500480,INE298A01020,CUMMINSIND,A,,,,,CUMMINS INDIA LTD.,2871.45,2909.3,2853.9,2879.6,2884.0,2862.75,,2879.4,,,4493,12913929.0,1048,F1,1,,,,,,2025-05-13
2025-05-13,2025-05-13,CM,BSE,STK,500483,INE151A01013,TATACOMM,A,,,,,TATA COMMUNICATIONS LTD.,1567.0,1576.6,1553.4,1567.0,1568.6,1567.15,,1565.3,,,7599,11892738.0,1109,F1,1,,,,,,2025-05-13
2025-05-13,2025-05-13,CM,BSE,STK,500488,INE358A01014,ABBOTINDIA,A,,,,,ABBOTT INDIA LTD.,30198.15,30475.0,30105.0,30424.0,30451.25,30042.95,,30390.0,,,134,4056060.0,79,F1,1,,,,,,2025-05-13
2025-05-13,2025-05-13,CM,BSE,STK,500490,INE118A01012,BAJAJHLDNG,A,,,,,BAJAJ HOLDINGS & INVESTMENT LT,11951.15,12200.0,11888.0,11925.95,11909.0,12114.5,,11921.0,,,1082,12979779.0,494,F1,1,,,,,,2025-05-13
2025-05-13,2025-05-13,CM,BSE,STK,500493,INE465A01025,BHARATFORG,A,,,,,BHARAT FORGE LTD.,1199.05,1231.75,1195.7,1204.1,1208.0,1199.05,,1203.9,,,66542,81078279.0,3645,F1,1,,,,,,2025-05-13
2025-05-13,2025-05-13,CM,BSE,STK,500495,INE042A01014,ESCORTS,A,,,,,Escorts Kubota Limited,3390.65,3540.65,3390.65,3501.0,3496.0,3413.6,,3501.6,,,15372,53774639.0,1905,F1,1,,,,,,2025-05-13
2025-05-13,2025-05-13,CM,BSE,STK,500500,INE253A01025,HINDMOTORS,B,,,,,HINDUSTAN MOTORS LTD.,25.99,26.26,25.42,25.87,25.76,25.47,,25.83,,,261087,6720771.0,1524,F1,1,,,,,,2025-05-13
2025-05-13,2025-05-13,CM,BSE,STK,500510,INE018A01030,LT,A,,,,,LARSEN & TOUBRO LTD.,3587.0,3606.0,3544.25,3567.75,3570.0,3586.6,,3567.1,,,154294,550872832.0,9348,F1,1,,,,,,2025-05-13
2025-05-13,2025-05-13,CM,BSE,STK,500520,INE101A01026,M&M,A,,,,,MAHINDRA & MAHINDRA LTD.,3080.0,3112.4,3035.2,3053.9,3053.9,3104.5,,3053.8,,,107475,329942574.0,7614,F1,1,,,,,,2025-05-13
2025-05-13,2025-05-13,CM,BSE,STK,500530,INE323A01026,BOSCHLTD,A,,,,,BOSCH LTD.,31105.0,31274.0,31033.75,31154.85,31180.0,30977.1,,31145.0,,,340,10591141.0,201,F1,1,,,,,,2025-05-13
2025-05-13,2025-05-13,CM,BSE,STK,500540,INE342A01018,PREMIER,T,,,,,PREMIER LTD.,3.15,3.34,3.15,3.29,3.29,3.23,,3.23,,,1593,5075.0,19,F1,1,,,,,,2025-05-13
2025-05-13,2025-05-13,CM,BSE,STK,500547,INE029A01011,BPCL,A,,,,,BHARAT PETROLEUM CORPORATION L,309.7,310.2,304.4,306.9,306.5,308.9,,306.9,,,393489,120864619.0,4196,F1,1,,,,,,2025-05-13
2025-05-13,2025-05-13,CM,BSE,STK,500550,INE003A01024,SIEMENS,A,,,,,SIEMENS LTD.,2924.95,2947.45,2903.3,2917.25,2917.25,2896.9,,2916.7,,,30071,88005625.0,3807,F1,1,,,,,,2025-05-13
2025-05-13,2025-05-13,CM,BSE,STK,500570,INE155A01022,TATAMOTORS,A,,,,,TATA MOTORS LTD.,720.55,726.65,703.5,707.9,707.9,720.55,,707.7,,,2052287,1467832168.0,21664,F1,1,,,,,,2025-05-13
2025-05-13,2025-05-13,CM,BSE,STK,500575,INE226A01021,VOLTAS,A,,,,,VOLTAS LTD.,1266.25,1277.0,1255.0,1257.0,1257.0,1266.15,,1257.7,,,197544,250649496.0,7407,F1,1,,,,,,2025-05-13
2025-05-13,2025-05-13,CM,BSE,STK,500620,INE017A01032,GESHIP,A,,,,,GREAT EASTERN SHIPPING CO.LTD.,912.9,919.45,892.0,895.8,898.6,912.95,,895.45,,,43255,38988217.0,2208,F1,1,,,,,,2025-05-13
2025-05-13,2025-05-13,CM,BSE,STK,500645,INE501A01019,DEEPAKFERT,A,,,,,DEEPAK FERTILISERS & PETROCHEM,1300.65,1310.0,1281.0,1290.95,1290.95,1301.05,,1290.8,,,9791,12667200.0,892,F1,1,,,,,,2025-05-13
2025-05-13,2025-05-13,CM,BSE,STK,500650,INE369A01029,EXCELINDUS,B,,,,,EXCEL INDUSTRIES LTD.,1100.0,1136.3,1099.95,1134.35,1135.4,1090.1,,1130.8,,,942,1050794.0,160,F1,1,,,,,,2025-05-13
2025-05-13,2025-05-13,CM,BSE,STK,500655,INE291A01017,GRWRHITECH,A,,,,,GARWARE HI-TECH FILMS LIMITED,3393.5,3526.65,3393.5,3525.65,3525.65,3358.75,,3527.3,,,8552,30004322.0,577,F1,1,,,,,,2025-05-13
2025-05-13,2025-05-13,CM,BSE,STK,500660,INE159A01016,GLAXO,A,,,,,GLAXOSMITHKLINE PHARMACEUTICAL,2731.1,2826.0,2729.5,2790.15,2789.0,2721.25,,2788.7,,,5395,14994701.0,835,F1,1,,,,,,2025-05-13
2025-05-13,2025-05-13,CM,BSE,STK,500670,INE113A01013,GNFC,A,,,,,GUJARAT NARMADA VALLEY FERTILI,486.9,489.35,482.9,484.05,484.05,486.9,,485.15,,,61736,30012452.0,2041,F1,1,,,,,,2025-05-13
2025-05-13,2025-05-13,CM,BSE,STK,500672,INE234A01025,NOVARTIND,B,,,,,NOVARTIS INDIA LTD.,844.95,860.0,834.05,850.8,850.8,844.2,,850.8,,,14072,11981489.0,621,F1,1,,,,,,2025-05-13
2025-05-13,2025-05-13,CM,BSE,STK,500674,INE058A01010,SANOFI,A,,,,,SANOFI INDIA LTD,5945.9,5970.0,5892.85,5928.6,5940.0,5855.2,,5930.0,,,1025,6080859.0,308,F1,1,,,,,,2025-05-13
2025-05-13,2025-05-13,CM,BSE,STK,500680,INE182A01018,PFIZER,A,,,,,PFIZER LTD.,4250.85,4335.0,4250.85,4319.55,4326.1,4249.9,,4323.7,,,1205,5191784.0,318,F1,1,,,,,,2025-05-13
2025-05-13,2025-05-13,CM,BSE,STK,500690,INE026A01025,GSFC,A,,,,,GUJARAT STATE FERTILIZERS & CH,194.05,196.75,194.0,196.0,196.0,195.1,,195.92,,,27585,5396475.0,586,F1,1,,,,,,2025-05-13
2025-05-13,2025-05-13,CM,BSE,STK,500696,INE030A01027,HINDUNILVR,A,,,,,HINDUSTAN UNILEVER LTD.,2370.1,2398.8,2353.0,2360.5,2360.5,2382.95,,2360.0,,,210607,498535965.0,13301,F1,1,,,,,,2025-05-13
2025-05-13,2025-05-13,CM,BSE,STK,500710,INE133A01011,AKZOINDIA,A,,,,,AKZO NOBEL INDIA LIMITED,3511.05,3534.95,3448.5,3475.4,3482.7,3505.85,,3485.0,,,522,1828708.0,195,F1,1,,,,,,2025-05-13
2025-05-13,2025-05-13,CM,BSE,STK,500730,INE163A01018,NOCIL,A,,,,,NOCIL LTD.,188.25,194.1,187.15,190.95,190.5,187.6,,191.0,,,11272,2150424.0,346,F1,1,,,,,,2025-05-13
2025-05-13,2025-05-13,CM,BSE,STK,500770,INE092A01019,TATACHEM,A,,,,,TATA CHEMICALS LTD.,848.95,849.8,832.05,837.25,837.25,848.25,,836.8,,,23822,20022813.0,1533,F1,1,,,,,,2025-05-13
2025-05-13,2025-05-13,CM,BSE,STK,500777,INE148A01019,TNPETRO,B,,,,,TAMILNADU PETROPRODUCTS LTD.,78.22,79.03,77.57,78.64,78.91,78.22,,78.59,,,10882,852239.0,183,F1,1,,,,,,2025-05-13
2025-05-13,2025-05-13,CM,BSE,STK,500780,INE217A01012,ZUARIIND,B,,,,,Zuari Industries Limited,284.0,295.05,284.0,293.7,293.1,288.9,,292.85,,,4558,1335119.0,274,F1,1,,,,,,2025-05-13
2025-05-13,2025-05-13,CM,BSE,STK,500790,INE239A01024,NESTLEIND,A,,,,,NESTLE INDIA LTD.,2380.0,2389.6,2342.0,2370.05,2369.3,2382.45,,2370.2,,,72551,171596830.0,8413,F1,1,,,,,,2025-05-13
2025-05-13,2025-05-13,CM,BSE,STK,500800,INE192A01025,TATACONSUM,A,,,,,TATA CONSUMER PRODUCTS LIMITED,1148.6,1149.05,1116.15,1118.45,1118.0,1144.9,,1118.6,,,181998,204743499.0,6823,F1,1,,,,,,2025-05-13
2025-05-13,2025-05-13,CM,BSE,STK,500820,INE021A01026,ASIANPAINT,A,,,,,ASIAN PAINTS LTD.,2356.0,2356.0,2315.5,2325.1,2323.0,2354.1,,2324.6,,,65643,152880529.0,6446,F1,1,,,,,,2025-05-13
2025-05-13,2025-05-13,CM,BSE,STK,500825,INE216A01030,BRITANNIA,A,,,,,BRITANNIA INDUSTRIES LTD.,5643.9,5643.9,5463.85,5481.2,5492.05,5608.7,,5485.0,,,14606,80394735.0,2096,F1,1,,,,,,2025-05-13
2025-05-13,2025-05-13,CM,BSE,STK,500830,INE259A01022,COLPAL,A,,,,,COLGATE-PALMOLIVE (INDIA) LTD.,2596.1,2634.0,2592.0,2598.1,2595.05,2610.75,,2598.9,,,4442,11587934.0,1589,F1,1,,,,,,2025-05-13
2025-05-13,2025-05-13,CM,BSE,STK,500840,INE230A01023,EIHOTEL,A,,,,,EIH LTD.,377.4,377.4,363.0,366.55,366.55,367.3,,366.7,,,16184,5923548.0,712,F1,1,,,,,,2025-05-13
2025-05-13,2025-05-13,CM,BSE,STK,500850,INE053A01029,INDHOTEL,A,,,,,INDIAN HOTELS CO.LTD.,769.95,774.3,759.8,761.25,761.25,769.35,,761.1,,,185356,141726408.0,5363,F1,1,,,,,,2025-05-13
2025-05-13,2025-05-13,CM,BSE,STK,500870,INE172A01027,CASTROLIND,A,,,,,CASTROL INDIA LTD.,204.0,206.65,203.3,205.15,205.15,204.35,,205.14,,,136006,27918632.0,1989,F1,1,,,,,,2025-05-13
2025-05-13,2025-05-13,CM,BSE,STK,500875,INE154A01025,ITC,A,,,,,ITC LTD.,435.45,438.0,425.5,428.05,428.05,435.5,,427.9,,,1104877,474919483.0,20542,F1,1,,,,,,2025-05-13
2025-05-13,2025-05-13,CM,BSE,STK,500877,INE438A01022,APOLLOTYRE,A,,,,,APOLLO TYRES LTD.,482.55,484.3,467.65,472.7,472.2,480.9,,472.4,,,48755,23206531.0,1838,F1,1,,,,,,2025-05-13
2025-05-13,2025-05-13,CM,BSE,STK,500878,INE482A01020,CEATLTD,A,,,,,CEAT LTD.,3759.45,3800.0,3712.0,3775.75,3790.0,3745.65,,3770.3,,,6518,24556027.0,857,F1,1,,,,,,2025-05-13
2025-05-13,2025-05-13,CM,BSE,STK,500890,INE832A01018,MODIRUBBER,B,,,,,MODI RUBBER LTD.,129.0,129.0,121.9,122.2,125.5,122.15,,123.49,,,367,45780.0,53,F1,1,,,,,,2025-05-13
2025-05-13,2025-05-13,CM,BSE,STK,500940,INE183A01024,FINPIPE,A,,,,,FINOLEX INDUSTRIES LTD.,184.45,185.7,181.7,183.25,183.65,184.5,,183.36,,,99698,18332542.0,1369,F1,1,,,,,,2025-05-13
2025-05-13,2025-05-13,CM,BSE,STK,501148,INE422D01012,DSINVEST,XT,,,,,DALAL STREET INVESTMENTS LTD.,404.0,404.0,396.9,396.9,396.9,405.0,,396.9,,,37,14720.0,12,F1,1,,,,,,2025-05-13
2025-05-13,2025-05-13,CM,BSE,STK,501150,INE660C01027,CENTRUM,B,,,,,CENTRUM CAPITAL LTD.,28.2,30.6,27.16,27.72,27.37,28.79,,27.45,,,276477,8025067.0,1486,F1,1,,,,,,2025-05-13
2025-05-13,2025-05-13,CM,BSE,STK,501295,INE886A01014,IITL,B,,,,,INDUSTRIAL INVESTMENT TRUST LT,175.75,178.0,174.95,177.0,177.0,181.1,,176.14,,,248,43921.0,37,F1,1,,,,,,2025-05-13
2025-05-13,2025-05-13,CM,BSE,STK,501298,INE620D01011,INDPRUD,B,,,,,INDUSTRIAL & PRUDENTIAL INVEST,5899.0,5900.0,5710.2,5810.0,5810.0,5799.65,,5810.0,,,328,1908504.0,29,F1,1,,,,,,2025-05-13
2025-05-13,2025-05-13,CM,BSE,STK,501301,INE672A01018,TATAINVEST,A,,,,,TATA INVESTMENT CORPORATION LT,6044.0,6104.3,5994.95,6074.2,6074.2,6026.4,,6079.0,,,5331,32329547.0,1199,F1,1,,,,,,2025-05-13
2025-05-13,2025-05-13,CM,BSE,STK,501311,INE998D01011,JAYBHCR,XT,,,,,JAYABHARAT CREDIT LTD.,16.18,16.58,15.2,15.2,15.2,15.99,,15.2,,,2176,33114.0,12,F1,1,,,,,,2025-05-13
2025-05-13,2025-05-13,CM,BSE,STK,501314,INE286N01028,PRISMX,X,,,,,PRISMX GLOBAL VENTURES LIMITED,0.75,0.76,0.74,0.76,0.76,0.74,,0.76,,,316961,237850.0,255,F1,1,,,,,,2025-05-13
2025-05-13,2025-05-13,CM,BSE,STK,501343,INE861B01023,MOTOGENFIN,B,,,,,MOTOR & GENERAL FINANCE LTD.,26.06,26.85,24.8,25.39,25.11,26.05,,25.14,,,4690,120683.0,153,F1,1,,,,,,2025-05-13
2025-05-13,2025-05-13,CM,BSE,STK,501351,INE154M01012,RAPIDIN,XT,,,,,RAPID INVESTMENTS LTD.,94.4,94.4,94.4,94.4,94.4,94.5,,94.4,,,6,566.0,4,F1,1,,,,,,2025-05-13
2025-05-13,2025-05-13,CM,BSE,STK,501370,INE695D01021,WALCHPF,X,,,,,WALCHAND PEOPLEFIRST LTD.,129.7,132.7,126.0,127.3,128.85,123.05,,127.3,,,1440,186326.0,23,F1,1,,,,,,2025-05-13
2025-05-13,2025-05-13,CM,BSE,STK,501391,INE855A01019,WHBRADY,X,,,,,W.H.BRADY & CO.LTD.,753.35,753.35,730.0,748.6,749.0,744.7,,748.6,,,432,321725.0,44,F1,1,,,,,,2025-05-13
2025-05-13,2025-05-13,CM,BSE,STK,501421,INE314H01012,TECHNVISN,XT,,,,,TechNVision Ventures Limited,4880.0,5031.15,4880.0,5031.15,5031.15,4791.6,,5031.15,,,290,1442556.0,66,F1,1,,,,,,2025-05-13
2025-05-13,2025-05-13,CM,BSE,STK,501423,INE151G01028,SHAILY,B,,,,,SHAILY ENGINEERING PLASTICS LT,1656.05,1800.0,1656.05,1775.15,1775.15,1750.4,,1765.3,,,14373,25395933.0,1403,F1,1,,,,,,2025-05-13
2025-05-13,2025-05-13,CM,BSE,STK,501425,INE050A01025,BBTC,A,,,,,BOMBAY BURMAH TRADING CORP.LTD,1780.0,1811.0,1770.0,1798.65,1789.1,1793.75,,1791.4,,,1908,3403568.0,244,F1,1,,,,,,2025-05-13
2025-05-13,2025-05-13,CM,BSE,STK,501430,INE691K01017,BOMBCYC,X,,,,,BOMBAY CYCLE & MOTOR AGENCY LT,1660.0,1681.45,1650.05,1670.15,1655.0,1660.0,,1670.15,,,44,73209.0,9,F1,1,,,,,,2025-05-13
2025-05-13,2025-05-13,CM,BSE,STK,501455,INE224A01026,GREAVESCOT,A,,,,,GREAVES COTTON LTD.,201.35,205.05,199.85,202.7,202.7,201.3,,202.69,,,96070,19502845.0,1150,F1,1,,,,,,2025-05-13
2025-05-13,2025-05-13,CM,BSE,STK,501477,INE003F01015,MULLER,X,,,,,MULLER & PHIPPS (INDIA) LTD.,232.0,237.7,232.0,237.7,237.7,226.4,,237.7,,,270,63489.0,21,F1,1,,,,,,2025-05-13
2025-05-13,2025-05-13,CM,BSE,STK,501700,INE131H01028,INDIANVSH,X,,,,,INDIANIVESH LTD.,11.95,11.95,11.21,11.4,11.5,11.4,,11.4,,,1018,11623.0,30,F1,1,,,,,,2025-05-13
2025-05-13,2025-05-13,CM,BSE,STK,501831,INE377E01024,COASTCORP,B,,,,,COASTAL CORPORATION LTD.,36.51,39.97,36.51,39.33,39.75,39.85,,39.32,,,5795,228290.0,327,F1,1,,,,,,2025-05-13
2025-05-13,2025-05-13,CM,BSE,STK,501833,INE490A01015,CHOWGULSTM,X,,,,,CHOWGULE STEAMSHIPS LTD.,24.55,27.25,24.1,24.22,24.1,25.6,,24.22,,,6486,160407.0,86,F1,1,,,,,,2025-05-13
2025-05-13,2025-05-13,CM,BSE,STK,501848,INE446C01013,GLOBOFFS,X,,,,,GLOBAL OFFSHORE SERVICES LTD.,87.88,87.88,80.0,82.55,82.55,84.98,,82.55,,,57287,4723592.0,269,F1,1,,,,,,2025-05-13
2025-05-13,2025-05-13,CM,BSE,STK,502015,INE443A01030,ASIIL,X,,,,,ASI INDUSTRIES LIMITED,35.99,37.0,34.5,36.79,37.0,35.45,,36.79,,,22853,824010.0,156,F1,1,,,,,,2025-05-13
2025-05-13,2025-05-13,CM,BSE,STK,502090,INE229C01021,SAGCEM,B,,,,,SAGAR CEMENTS LTD.,215.0,228.95,210.8,221.0,220.45,219.85,,220.8,,,4476,983180.0,193,F1,1,,,,,,2025-05-13
2025-05-13,2025-05-13,CM,BSE,STK,502133,INE07BK01011,HEMACEM,X,,,,,HEMADRI CEMENTS LTD.,74.0,74.0,71.79,71.79,71.79,71.41,,71.79,,,1483,106733.0,15,F1,1,,,,,,2025-05-13
2025-05-13,2025-05-13,CM,BSE,STK,502137,INE583C01021,DECCANCE,B,,,,,DECCAN CEMENTS LTD.,764.1,782.8,762.95,771.35,772.5,765.9,,771.7,,,786,607159.0,94,F1,1,,,,,,2025-05-13
2025-05-13,2025-05-13,CM,BSE,STK,502157,INE347A01017,MANGLMCEM,B,,,,,MANGALAM CEMENT LTD.,759.1,764.35,734.8,745.05,744.8,755.85,,745.15,,,2228,1663538.0,410,F1,1,,,,,,2025-05-13
2025-05-13,2025-05-13,CM,BSE,STK,502168,INE732C01016,NCLIND,B,,,,,NCL INDUSTRIES LTD.,205.35,212.0,202.2,211.45,211.8,209.5,,211.43,,,2616,541035.0,148,F1,1,,,,,,2025-05-13
2025-05-13,2025-05-13,CM,BSE,STK,502175,INE626A01014,SAURASHCEM,B,,,,,SAURASHTRA CEMENT LTD.,91.52,94.19,90.5,93.7,93.72,90.97,,93.47,,,26450,2453151.0,327,F1,1,,,,,,2025-05-13
2025-05-13,2025-05-13,CM,BSE,STK,502180,INE232A01011,SHREDIGCEM,B,,,,,SHREE DIGVIJAY CEMENT CO.LTD.,76.0,78.23,76.0,77.95,78.05,77.39,,77.89,,,7463,576970.0,216,F1,1,,,,,,2025-05-13
2025-05-13,2025-05-13,CM,BSE,STK,502219,INE666D01022,BORORENEW,A,,,,,BOROSIL RENEWABLES LIMITED,535.4,549.8,512.15,524.35,524.35,543.15,,521.65,,,72304,38488585.0,3179,F1,1,,,,,,2025-05-13
2025-05-13,2025-05-13,CM,BSE,STK,502281,INE094C01011,TRIVENIGQ,X,,,,,TRIVENI GLASS LTD.,14.34,14.41,13.16,14.0,13.85,13.42,,14.0,,,21001,293058.0,113,F1,1,,,,,,2025-05-13
2025-05-13,2025-05-13,CM,BSE,STK,502294,INE416N01013,NILACHAL,X,,,,,NILACHAL REFRACTORIES LTD.,41.0,41.0,41.0,41.0,41.0,41.0,,41.0,,,45,1845.0,3,F1,1,,,,,,2025-05-13
2025-05-13,2025-05-13,CM,BSE,STK,502330,INE435A01051,ANDHRAPAP,B,,,,,ANDHRA PAPER LIMITED,74.0,74.99,73.52,73.89,73.85,74.66,,74.1,,,14185,1054922.0,450,F1,1,,,,,,2025-05-13
2025-05-13,2025-05-13,CM,BSE,STK,502355,INE787D01026,BALKRISIND,A,,,,,BALKRISHNA INDUSTRIES LTD.,2751.3,2773.9,2688.0,2697.75,2696.5,2748.95,,2696.1,,,1985,5415308.0,834,F1,1,,,,,,2025-05-13
2025-05-13,2025-05-13,CM,BSE,STK,502420,INE592A01026,ORIENTPPR,B,,,,,ORIENT PAPER & INDUSTRIES LTD.,25.08,25.08,23.99,24.64,24.8,24.25,,24.67,,,28913,710140.0,215,F1,1,,,,,,2025-05-13
2025-05-13,2025-05-13,CM,BSE,STK,502445,INE906D01014,CITADEL,X,,,,,CITADEL REALTY AND DEVELOPERS,47.5,48.75,47.45,48.02,48.0,47.73,,48.02,,,1488,70772.0,8,F1,1,,,,,,2025-05-13
2025-05-13,2025-05-13,CM,BSE,STK,502448,INE927A01040,ROLLT,B,,,,,ROLLATAINERS LTD.,1.44,1.5,1.39,1.46,1.46,1.45,,1.46,,,6676,9715.0,34,F1,1,,,,,,2025-05-13
2025-05-13,2025-05-13,CM,BSE,STK,502450,INE630A01024,SESHAPAPER,B,,,,,SESHASAYEE PAPER & BOARDS LTD.,272.5,276.5,270.7,272.2,271.85,269.35,,272.7,,,691,188696.0,57,F1,1,,,,,,2025-05-13
2025-05-13,2025-05-13,CM,BSE,STK,502587,INE777A01023,NATHIND,X,,,,,NATH INDUSTRIES LIMITED,74.2,78.3,74.2,78.21,78.3,77.57,,78.21,,,4348,338485.0,63,F1,1,,,,,,2025-05-13
2025-05-13,2025-05-13,CM,BSE,STK,502820,INE498A01018,DCM,B,,,,,DCM LTD.,102.78,104.5,100.14,103.23,104.5,102.78,,103.04,,,3281,336716.0,198,F1,1,,,,,,2025-05-13
2025-05-13,2025-05-13,CM,BSE,STK,502865,INE518A01013,FORBESCO,XT,,,,,FORBES & COMPANY LTD.,356.5,359.35,356.5,359.35,359.35,352.35,,359.35,,,627,225292.0,18,F1,1,,,,,,2025-05-13
2025-05-13,2025-05-13,CM,BSE,STK,502873,INE950C01014,HPCOTTON,X,,,,,H.P.COTTON TEXTILE MILLS LTD.,98.96,98.96,90.0,92.14,92.0,91.1,,92.14,,,734,68444.0,60,F1,1,,,,,,2025-05-13
2025-05-13,2025-05-13,CM,BSE,STK,502893,INE706D01018,UNITEDINT,X,,,,,UNITED INTERACTIVE LTD.,82.5,92.0,82.5,85.0,85.0,82.5,,85.0,,,436,37311.0,18,F1,1,,,,,,2025-05-13
2025-05-13,2025-05-13,CM,BSE,STK,502901,INE462D01034,JAMSHRI,X,,,,,JAMSHRI REALTY LIMITED,97.86,97.86,95.5,95.91,95.91,96.21,,95.91,,,3662,352041.0,104,F1,1,,,,,,2025-05-13
2025-05-13,2025-05-13,CM,BSE,STK,502933,INE498G01015,KATRSPG,X,,,,,KATARE SPINNING MILLS LTD.,167.0,167.0,167.0,167.0,167.0,172.0,,167.0,,,546,91182.0,20,F1,1,,,,,,2025-05-13
2025-05-13,2025-05-13,CM,BSE,STK,502937,INE087A01019,KESORAMIND,T,,,,,KESORAM INDUSTRIES LTD.,4.48,4.48,4.48,4.48,4.48,4.4,,4.5,,,3967,17772.0,11,F1,1,,,,,,2025-05-13
2025-05-13,2025-05-13,CM,BSE,STK,502958,INE938C01019,LAKSHMIMIL,X,,,,,LAKSHMI MILLS COMPANY LTD.,6006.65,6006.65,5835.15,5904.1,5949.0,6006.65,,5904.1,,,214,1269894.0,40,F1,1,,,,,,2025-05-13
2025-05-13,2025-05-13,CM,BSE,STK,502986,INE825A01020,VTL,A,,,,,VARDHMAN TEXTILES LTD.,481.35,485.4,472.85,476.85,476.45,481.75,,476.55,,,2587,1239770.0,262,F1,1,,,,,,2025-05-13
2025-05-13,2025-05-13,CM,BSE,STK,503031,INE138A01028,PENINLAND,T,,,,,PENINSULA LAND LTD.,27.07,28.41,27.07,28.37,28.37,27.06,,28.34,,,49008,1383304.0,149,F1,1,,,,,,2025-05-13
2025-05-13,2025-05-13,CM,BSE,STK,503092,INE909B01020,PASUSPG,X,,,,,PASUPATI SPG.& WVG.MILLS LTD.,33.9,35.6,33.9,35.6,35.6,35.6,,35.6,,,3,105.0,3,F1,1,,,,,,2025-05-13
2025-05-13,2025-05-13,CM,BSE,STK,503100,INE211B01039,PHOENIXLTD,A,,,,,THE PHOENIX MILLS LTD,1516.35,1550.2,1516.0,1539.1,1539.1,1523.95,,1538.5,,,16758,25738073.0,1553,F1,1,,,,,,2025-05-13
2025-05-13,2025-05-13,CM,BSE,STK,503101,INE182D01020,MARATHON,B,,,,,MARATHON NEXTGEN REALTY LTD.,512.65,527.0,512.65,515.0,514.0,514.95,,514.65,,,3411,1763342.0,273,F1,1,,,,,,2025-05-13
2025-05-13,2025-05-13,CM,BSE,STK,503127,INE491N01016,RAJABAH,X,,,,,RAJA BAHADUR INTERNATIONAL LTD,4933.95,4933.95,4933.95,4933.95,4933.95,4699.0,,4933.95,,,4,19735.0,3,F1,1,,,,,,2025-05-13
2025-05-13,2025-05-13,CM,BSE,STK,503162,INE750D01016,RELCHEMQ,B,,,,,RELIANCE CHEMOTEX INDUSTRIES L,175.55,176.3,171.35,175.05,175.0,178.7,,175.27,,,936,163324.0,135,F1,1,,,,,,2025-05-13
2025-05-13,2025-05-13,CM,BSE,STK,503169,INE301D01026,RUBYMILLS,B,,,,,RUBY MILLS LTD.,201.1,202.2,197.25,201.0,201.05,197.15,,200.73,,,765,153538.0,69,F1,1,,,,,,2025-05-13
2025-05-13,2025-05-13,CM,BSE,STK,503229,INE167H01014,SIMPLXREA,X,,,,,SIMPLEX REALTY LTD.,203.0,203.0,203.0,203.0,203.0,204.95,,203.0,,,155,31465.0,4,F1,1,,,,,,2025-05-13
2025-05-13,2025-05-13,CM,BSE,STK,503310,INE665A01038,SWANENERGY,A,,,,,SWAN ENERGY LTD.,420.35,438.7,418.65,436.8,436.8,420.55,,437.05,,,157972,68177363.0,3028,F1,1,,,,,,2025-05-13
2025-05-13,2025-05-13,CM,BSE,STK,503349,INE203D01016,VICTMILL,X,,,,,VICTORIA MILLS LTD.,7000.0,7000.0,6767.0,6900.0,6900.0,6855.2,,6900.0,,,10,68368.0,9,F1,1,,,,,,2025-05-13
2025-05-13,2025-05-13,CM,BSE,STK,503624,INE406N01014,ZSVARAJT,X,,,,,SVARAJ TRADING & AGENCIES LTD.,8.76,9.37,8.18,8.45,8.92,8.68,,8.45,,,2969,25123.0,26,F1,1,,,,,,2025-05-13
2025-05-13,2025-05-13,CM,BSE,STK,503641,INE945J01027,ZODIACVEN,X,,,,,ZODIAC VENTURES LIMITED,10.45,10.76,10.0,10.58,10.69,10.16,,10.58,,,59339,624030.0,245,F1,1,,,,,,2025-05-13
2025-05-13,2025-05-13,CM,BSE,STK,503657,INE255E01030,VEERENRGY,X,,,,,VEER ENERGY & INFRASTRUCTURE L,18.3,18.3,17.33,17.67,17.55,17.87,,17.67,,,9974,175231.0,94,F1,1,,,,,,2025-05-13
2025-05-13,2025-05-13,CM,BSE,STK,503663,INE026L01022,TILAK,X,,,,,Tilak Ventures Limited,3.04,3.05,2.96,3.03,3.05,2.99,,3.03,,,466544,1405661.0,506,F1,1,,,,,,2025-05-13
2025-05-13,2025-05-13,CM,BSE,STK,503675,INE786K01023,WAGEND,X,,,,,WAGEND INFRA VENTURE LIMITED,1.08,1.08,0.97,1.05,1.07,1.06,,1.05,,,125828,130107.0,122,F1,1,,,,,,2025-05-13
2025-05-13,2025-05-13,CM,BSE,STK,503681,INE927X01018,ELCIDIN,B,,,,,ELCID INVESTMENTS LTD.,131600.0,131679.95,129590.8,130654.65,131400.0,131355.7,,130654.65,,,55,7193941.0,53,F1,1,,,,,,2025-05-13
2025-05-13,2025-05-13,CM,BSE,STK,503685,INE828I01019,MEDIAONE,X,,,,,MEDIAONE GLOBAL ENTERTAINMENT,24.19,24.19,22.61,23.64,23.85,23.4,,23.64,,,734,17007.0,46,F1,1,,,,,,2025-05-13
2025-05-13,2025-05-13,CM,BSE,STK,503722,INE629D01020,BANSWRAS,B,,,,,BANSWARA SYNTEX LTD.,145.6,153.45,142.0,150.1,148.15,142.55,,149.38,,,10739,1607033.0,705,F1,1,,,,,,2025-05-13
2025-05-13,2025-05-13,CM,BSE,STK,503776,INE170C01019,MODIPON,X,,,,,MODIPON LTD.,47.5,48.0,47.5,47.52,47.51,50.0,,47.52,,,266,12646.0,12,F1,1,,,,,,2025-05-13
2025-05-13,2025-05-13,CM,BSE,STK,503804,INE204C01024,SHRIDINE,X,,,,,SHRI DINESH MILLS LTD.,326.0,326.0,320.0,325.0,325.0,321.95,,325.0,,,1127,366034.0,33,F1,1,,,,,,2025-05-13
2025-05-13,2025-05-13,CM,BSE,STK,503806,INE647A01010,SRF,A,,,,,SRF LTD.,3033.65,3033.65,2870.0,2924.85,2924.85,3013.35,,2927.9,,,57583,168520242.0,5650,F1,1,,,,,,2025-05-13
2025-05-13,2025-05-13,CM,BSE,STK,503811,INE076B01028,SIYSIL,B,,,,,SIYARAM SILK MILLS LTD.,700.0,735.6,695.25,709.25,709.25,701.8,,708.85,,,27817,19981156.0,2435,F1,1,,,,,,2025-05-13
2025-05-13,2025-05-13,CM,BSE,STK,503816,INE243N01029,SWADPOL,XT,,,,,SWADESHI POLYTEX LTD.,54.46,54.46,53.4,53.46,53.46,54.48,,53.46,,,8983,484749.0,77,F1,1,,,,,,2025-05-13
2025-05-13,2025-05-13,CM,BSE,STK,503837,INE796C01011,SHRAJSYNQ,X,,,,,SHREE RAJASTHAN SYNTEX LTD.,13.65,15.0,13.65,15.0,15.0,14.29,,15.0,,,7262,108067.0,25,F1,1,,,,,,2025-05-13
2025-05-13,2025-05-13,CM,BSE,STK,503960,INE464A01036,BBL,A,,,,,BHARAT BIJLEE LTD.,3165.05,3293.9,3165.05,3248.25,3248.25,3248.3,,3247.5,,,5493,17865778.0,986,F1,1,,,,,,2025-05-13
2025-05-13,2025-05-13,CM,BSE,STK,504000,INE579B01039,ELPROINTL,B,,,,,ELPRO INTERNATIONAL LTD.,78.71,82.4,78.7,82.1,82.4,78.59,,82.1,,,53654,4340685.0,402,F1,1,,,,,,2025-05-13
2025-05-13,2025-05-13,CM,BSE,STK,504028,INE064H01021,GEE,Z,,,,,GEE LTD.,130.5,130.5,127.0,128.25,128.25,124.3,,128.25,,,902,116682.0,16,F1,1,,,,,,2025-05-13
2025-05-13,2025-05-13,CM,BSE,STK,504036,INE835D01023,HIRECT,B,,,,,HIND RECTIFIERS LTD.,1027.9,1034.9,995.55,1029.8,1034.9,1008.05,,1027.95,,,7364,7524981.0,592,F1,1,,,,,,2025-05-13
2025-05-13,2025-05-13,CM,BSE,STK,504058,INE567A01028,NIPPOBATRY,B,,,,,INDO-NATIONAL LTD.,506.25,512.0,491.9,506.5,512.0,504.45,,506.6,,,973,487387.0,128,F1,1,,,,,,2025-05-13
2025-05-13,2025-05-13,CM,BSE,STK,504067,INE520A01027,ZENSARTECH,A,,,,,ZENSAR TECHNOLOGIES LTD.,752.5,772.5,739.85,765.75,765.75,750.55,,766.85,,,46465,35193323.0,3058,F1,1,,,,,,2025-05-13
2025-05-13,2025-05-13,CM,BSE,STK,504076,INE511D01012,JYOTI,X,,,,,JYOTI LTD.,83.0,84.72,80.56,84.03,83.8,82.5,,84.03,,,14669,1208849.0,251,F1,1,,,,,,2025-05-13
2025-05-13,2025-05-13,CM,BSE,STK,504080,INE581L01018,JSLINDL,X,,,,,JSL INDUSTRIES LTD.,1438.15,1579.9,1365.2,1474.95,1579.9,1438.15,,1474.95,,,30,43183.0,7,F1,1,,,,,,2025-05-13
2025-05-13,2025-05-13,CM,BSE,STK,504084,INE813G01023,KAYCEEI,XT,,,,,KAYCEE INDUSTRIES LTD.,1597.2,1597.2,1597.2,1597.2,1597.2,1629.75,,1597.2,,,380,606936.0,71,F1,1,,,,,,2025-05-13
2025-05-13,2025-05-13,CM,BSE,STK,504092,INE716F01012,INDOKEM,X,,,,,INDOKEM LTD.,176.05,176.05,171.0,176.05,176.05,160.05,,176.05,,,7761,1366011.0,67,F1,1,,,,,,2025-05-13
2025-05-13,2025-05-13,CM,BSE,STK,504093,INE795A01017,PANAENERG,X,,,,,PANASONIC ENERGY INDIA COMPANY,375.0,385.0,372.25,383.8,384.0,372.25,,383.8,,,5037,1919152.0,159,F1,1,,,,,,2025-05-13
2025-05-13,2025-05-13,CM,BSE,STK,504112,INE045B01015,NELCO,B,,,,,NELCO LTD.,842.0,908.2,834.5,883.75,889.0,839.5,,883.35,,,29684,26085575.0,2023,F1,1,,,,,,2025-05-13
2025-05-13,2025-05-13,CM,BSE,STK,504132,INE418E01018,PERMAGN,X,,,,,PERMANENT MAGNETS LTD.,792.55,809.0,765.0,772.4,772.4,789.15,,772.4,,,6431,5080544.0,238,F1,1,,,,,,2025-05-13
2025-05-13,2025-05-13,CM,BSE,STK,504176,INE783E01023,HIGHENE,X,,,,,HIGH ENERGY BATTERIES (INDIA),664.0,664.0,635.25,659.4,659.4,576.5,,659.4,,,139182,90908633.0,4290,F1,1,,,,,,2025-05-13
2025-05-13,2025-05-13,CM,BSE,STK,504180,INE502C01039,STDBAT,X,,,,,STANDARD BATTERIES LTD.,65.8,67.4,63.52,66.95,66.95,64.65,,66.95,,,5728,377550.0,79,F1,1,,,,,,2025-05-13
2025-05-13,2025-05-13,CM,BSE,STK,504212,INE279A01012,UNIVCABLES,B,,,,,UNIVERSAL CABLES LTD.,502.55,541.6,499.2,529.3,529.4,495.35,,529.1,,,11500,6008087.0,633,F1,1,,,,,,2025-05-13
2025-05-13,2025-05-13,CM,BSE,STK,504220,INE100D01014,WSI,T,,,,,W.S.INDUSTRIES (INDIA) LTD.,66.99,67.7,65.51,67.0,67.0,67.82,,66.93,,,9748,653825.0,72,F1,1,,,,,,2025-05-13
2025-05-13,2025-05-13,CM,BSE,STK,504240,INE872E01016,DLTNCBL,XT,,,,,DELTON CABLES LTD.,587.25,587.25,584.0,584.0,584.0,575.75,,584.0,,,7626,4469753.0,102,F1,1,,,,,,2025-05-13
2025-05-13,2025-05-13,CM,BSE,STK,504258,INE284C01018,LAKSELEC,X,,,,,LAKSHMI ELECTRICAL CONTROL SYS,972.0,999.95,972.0,990.8,990.8,981.8,,990.8,,,456,451085.0,53,F1,1,,,,,,2025-05-13
2025-05-13,2025-05-13,CM,BSE,STK,504273,INE064R01012,MODULEX,Z,,,,,MODULEX CONSTRUCTION TECHNOLOG,23.15,25.29,23.15,24.22,24.02,24.15,,24.22,,,10482,255807.0,56,F1,1,,,,,,2025-05-13
2025-05-13,2025-05-13,CM,BSE,STK,504286,INE393A01011,DELTAMAGNT,T,,,,,DELTA MANUFACTURING LIMITED,61.7,61.7,61.0,61.0,61.0,59.0,,61.44,,,528,32213.0,5,F1,1,,,,,,2025-05-13
2025-05-13,2025-05-13,CM,BSE,STK,504340,INE180M01033,LONGSPUR,X,,,,,Longspur International Venture,6.16,6.16,6.16,6.16,6.16,6.28,,6.16,,,1397,8605.0,4,F1,1,,,,,,2025-05-13
2025-05-13,2025-05-13,CM,BSE,STK,504341,INE206N01018,RELTD,B,,,,,RAVINDRA ENERGY LIMITED,103.3,105.1,101.05,104.65,105.1,103.3,,104.48,,,14567,1502651.0,531,F1,1,,,,,,2025-05-13
2025-05-13,2025-05-13,CM,BSE,STK,504346,INE713N01013,RRP,XT,,,,,RRP SEMICONDUCTOR LIMITED,1032.65,1032.65,1032.65,1032.65,1032.65,1012.45,,1032.65,,,50,51632.0,1,F1,1,,,,,,2025-05-13
2025-05-13,2025-05-13,CM,BSE,STK,504351,INE507F01023,EMPOWER,X,,,,,EMPOWER INDIA LTD.,1.58,1.62,1.56,1.57,1.57,1.58,,1.57,,,1571246,2497624.0,1919,F1,1,,,,,,2025-05-13
2025-05-13,2025-05-13,CM,BSE,STK,504356,INE017P01014,ZMULTIPU,X,,,,,MULTIPURPOSE TRADING & AGENCIE,10.32,10.32,10.32,10.32,10.32,10.37,,10.32,,,1,10.0,1,F1,1,,,,,,2025-05-13
2025-05-13,2025-05-13,CM,BSE,STK,504369,INE927M01029,GRANDMA,XT,,,,,GRANDMA TRADING & AGENCIES LTD,0.5,0.51,0.49,0.51,0.51,0.5,,0.51,,,408627,204671.0,60,F1,1,,,,,,2025-05-13
2025-05-13,2025-05-13,CM,BSE,STK,504378,INE812K01027,NYSSACORP,XT,,,,,NYSSA CORPORATION LIMITED,4.04,4.12,3.85,4.1,4.1,4.01,,4.1,,,91378,370258.0,177,F1,1,,,,,,2025-05-13
2025-05-13,2025-05-13,CM,BSE,STK,504380,INE952M01019,FLOMIC,X,,,,,FLOMIC GLOBAL LOGISTICS LIMITE,68.5,73.0,68.5,72.0,72.0,69.82,,72.0,,,2950,210966.0,43,F1,1,,,,,,2025-05-13
2025-05-13,2025-05-13,CM,BSE,STK,504392,INE537L01010,KRISHNA,XT,,,,,KRISHNA VENTURES LIMITED,29.77,29.77,29.77,29.77,29.77,30.37,,29.77,,,2406,71626.0,13,F1,1,,,,,,2025-05-13
2025-05-13,2025-05-13,CM,BSE,STK,504605,INE361D01012,UNIABEXAL,X,,,,,UNI ABEX ALLOY PRODUCTS LTD.,2736.0,2839.5,2735.05,2819.25,2820.0,2807.35,,2819.25,,,156,438140.0,25,F1,1,,,,,,2025-05-13
2025-05-13,2025-05-13,CM,BSE,STK,504614,INE385C01021,SARDAEN,A,,,,,SARDA ENERGY & MINERALS LTD.,445.55,450.75,436.45,448.1,450.0,442.7,,447.45,,,17072,7565356.0,614,F1,1,,,,,,2025-05-13
2025-05-13,2025-05-13,CM,BSE,STK,504646,INE106G01014,BGWTATO,X,,,,,BHAGWATI AUTOCAST LTD.,329.65,339.65,328.95,339.5,339.5,329.65,,339.5,,,98,32411.0,9,F1,1,,,,,,2025-05-13
2025-05-13,2025-05-13,CM,BSE,STK,504648,INE089T01023,BOMBWIR,X,,,,,BOMBAY WIRE ROPES LTD.,59.06,62.02,56.25,62.01,62.0,60.01,,62.01,,,412,24574.0,19,F1,1,,,,,,2025-05-13
2025-05-13,2025-05-13,CM,BSE,STK,504731,INE566M01017,AZADIND,X,,,,,AZAD INDIA MOBILITY LIMITED,131.6,134.0,129.25,133.8,133.8,130.95,,133.8,,,2496,330023.0,56,F1,1,,,,,,2025-05-13
2025-05-13,2025-05-13,CM,BSE,STK,504741,INE323C01030,INDIANHUME,B,,,,,INDIAN HUME PIPE CO.LTD.,395.1,412.0,395.1,404.9,405.5,401.5,,404.2,,,21963,8961700.0,2089,F1,1,,,,,,2025-05-13
2025-05-13,2025-05-13,CM,BSE,STK,504746,INE359D01024,INLCM,XT,,,,,INDIAN LINK CHAIN MANUFACTURES,403.05,403.05,403.05,403.05,403.05,383.9,,403.05,,,1486,598932.0,10,F1,1,,,,,,2025-05-13
2025-05-13,2025-05-13,CM,BSE,STK,504786,INE155E01016,INVPRECQ,X,,,,,INVESTMENT & PRECISION CASTING,860.0,860.0,833.0,845.0,845.0,831.25,,845.0,,,2939,2496662.0,104,F1,1,,,,,,2025-05-13
2025-05-13,2025-05-13,CM,BSE,STK,504810,INE123E01014,INFORTEC,XT,,,,,INFORMED TECHNOLOGIES INDIA LT,62.52,62.52,61.29,61.29,61.29,61.29,,61.29,,,221,13582.0,10,F1,1,,,,,,2025-05-13
2025-05-13,2025-05-13,CM,BSE,STK,504840,INE375D01012,KAIRA,X,,,,,KAIRA CAN CO.LTD.,1804.95,1805.0,1780.0,1788.95,1788.95,1786.7,,1788.95,,,8,14363.0,6,F1,1,,,,,,2025-05-13
2025-05-13,2025-05-13,CM,BSE,STK,504879,INE569C01020,ORIENTCER,B,,,,,ORIENT CERATECH LIMITED,35.0,35.36,35.0,35.35,35.36,34.95,,35.3,,,1175,41363.0,33,F1,1,,,,,,2025-05-13
2025-05-13,2025-05-13,CM,BSE,STK,504882,INE166R01015,NATIONSTD,B,,,,,NATIONAL STANDARD (INDIA) LTD.,3251.0,3251.0,3112.0,3150.4,3116.0,3211.75,,3150.4,,,129,408471.0,42,F1,1,,,,,,2025-05-13
2025-05-13,2025-05-13,CM,BSE,STK,504903,INE336C01016,RATHIST,X,,,,,RATHI STEEL & POWER LTD.,30.95,31.0,30.3,30.46,30.3,29.93,,30.46,,,122872,3781095.0,658,F1,1,,,,,,2025-05-13
2025-05-13,2025-05-13,CM,BSE,STK,504908,INE340F01011,DUNCANENG,XT,,,,,Duncan Engineering Limited,420.0,441.0,408.05,427.0,427.0,420.0,,427.0,,,1868,797829.0,22,F1,1,,,,,,2025-05-13
2025-05-13,2025-05-13,CM,BSE,STK,504918,INE149K01016,SANDUMA,A,,,,,SANDUR MANGANESE & IRON ORES L,523.65,540.0,521.55,532.1,532.1,524.3,,531.85,,,65967,35041566.0,2398,F1,1,,,,,,2025-05-13
2025-05-13,2025-05-13,CM,BSE,STK,504959,INE755D01015,STOVACQ,X,,,,,STOVEC INDUSTRIES LTD.,2400.0,2400.1,2308.0,2389.95,2361.05,2333.1,,2389.95,,,218,520805.0,23,F1,1,,,,,,2025-05-13
2025-05-13,2025-05-13,CM,BSE,STK,504973,INE149A01033,CHOLAHLDNG,A,,,,,CHOLAMANDALAM FINANCIAL HOLDIN,1751.05,1789.15,1751.05,1783.65,1775.0,1801.75,,1784.7,,,3445,6136134.0,473,F1,1,,,,,,2025-05-13
2025-05-13,2025-05-13,CM,BSE,STK,504988,INE380G01015,ZWELCAST,X,,,,,WELCAST STEELS LTD.,1050.0,1074.95,1049.95,1054.0,1054.0,1080.0,,1054.0,,,91,95655.0,13,F1,1,,,,,,2025-05-13
2025-05-13,2025-05-13,CM,BSE,STK,505010,INE449A01011,AUTOAXLES,B,,,,,AUTOMOTIVE AXLES LTD.,1712.7,1716.3,1692.35,1711.4,1711.4,1700.35,,1708.1,,,270,461430.0,82,F1,1,,,,,,2025-05-13
2025-05-13,2025-05-13,CM,BSE,STK,505029,INE446A01025,ATLASCYCLE,T,,,,,ATLAS CYCLES (HARYANA) LTD.,86.1,90.7,86.0,88.92,88.9,87.45,,86.52,,,842,73757.0,13,F1,1,,,,,,2025-05-13
2025-05-13,2025-05-13,CM,BSE,STK,505036,INE451C01013,ACGL,T,,,,,AUTOMOBILE CORPORATION OF GOA,1649.0,1650.3,1616.0,1650.3,1650.3,1571.75,,1650.3,,,3504,5779574.0,152,F1,1,,,,,,2025-05-13
2025-05-13,2025-05-13,CM,BSE,STK,505075,INE878E01021,SETCO,T,,,,,SETCO AUTOMOTIVE LTD.,18.5,18.74,18.5,18.74,18.74,17.85,,18.72,,,24676,462068.0,28,F1,1,,,,,,2025-05-13
2025-05-13,2025-05-13,CM,BSE,STK,505160,INE187D01029,TALBROAUTO,B,,,,,TALBROS AUTOMOTIVE COMPONENTS,272.85,275.0,267.15,271.45,270.5,270.55,,270.8,,,14407,3904835.0,1005,F1,1,,,,,,2025-05-13
2025-05-13,2025-05-13,CM,BSE,STK,505163,INE116C01012,ZFSTEERING,B,,,,,Z.F.STEERING GEAR (INDIA) LTD.,1042.05,1093.0,1040.0,1048.35,1058.95,1056.4,,1048.35,,,4681,4944583.0,580,F1,1,,,,,,2025-05-13
2025-05-13,2025-05-13,CM,BSE,STK,505192,INE294B01019,SMLISUZU,B,,,,,SML ISUZU LIMITED,1589.0,1589.0,1552.0,1565.75,1569.95,1567.9,,1566.2,,,2483,3873800.0,216,F1,1,,,,,,2025-05-13
2025-05-13,2025-05-13,CM,BSE,STK,505196,INE806C01018,TIL,B,,,,,TIL LTD.,220.3,228.15,220.0,228.15,228.15,217.3,,226.74,,,1031,234072.0,38,F1,1,,,,,,2025-05-13
2025-05-13,2025-05-13,CM,BSE,STK,505200,INE066A01021,EICHERMOT,A,,,,,EICHER MOTORS LTD.,5519.45,5548.95,5395.0,5420.65,5427.1,5520.25,,5419.0,,,6831,37224406.0,1885,F1,1,,,,,,2025-05-13
2025-05-13,2025-05-13,CM,BSE,STK,505212,INE280F01019,JAINEX,X,,,,,JAINEX AAMCOL LTD.,173.75,173.75,173.75,173.75,173.75,173.95,,173.75,,,1,173.0,1,F1,1,,,,,,2025-05-13
2025-05-13,2025-05-13,CM,BSE,STK,505216,INE782D01027,ALFREDHE,X,,,,,ALFRED HERBERT (INDIA) LTD.,2304.5,2350.0,2185.0,2334.95,2334.95,2251.7,,2334.95,,,534,1237258.0,61,F1,1,,,,,,2025-05-13
2025-05-13,2025-05-13,CM,BSE,STK,505232,INE232E01013,VELJAN,X,,,,,VELJAN DENISON LIMITED,1055.0,1069.0,1050.1,1064.95,1065.0,1059.9,,1064.95,,,232,246500.0,26,F1,1,,,,,,2025-05-13
2025-05-13,2025-05-13,CM,BSE,STK,505242,INE221B01012,DYNAMATECH,A,,,,,DYNAMATIC TECHNOLOGIES LTD.,6930.0,6930.0,6651.2,6870.7,6888.45,6703.9,,6875.0,,,427,2910270.0,181,F1,1,,,,,,2025-05-13
2025-05-13,2025-05-13,CM,BSE,STK,505250,INE631D01026,GGDPROP,X,,,,,G. G. Dandekar Properties Limi,87.0,87.0,82.0,85.92,85.92,87.0,,85.92,,,2535,212507.0,32,F1,1,,,,,,2025-05-13
2025-05-13,2025-05-13,CM,BSE,STK,505255,INE541A01023,GMMPFAUDLR,A,,,,,GMM PFAUDLER LTD.,1048.2,1091.5,1048.2,1076.4,1080.0,1047.4,,1076.7,,,2700,2896217.0,290,F1,1,,,,,,2025-05-13
2025-05-13,2025-05-13,CM,BSE,STK,505283,INE811A01020,KIRLPNU,A,,,,,KIRLOSKAR PNEUMATIC CO.LTD.,1223.95,1223.95,1165.1,1169.25,1171.8,1198.7,,1169.7,,,14786,17386451.0,1026,F1,1,,,,,,2025-05-13
2025-05-13,2025-05-13,CM,BSE,STK,505285,INE637D01015,TULIVE,XT,,,,,TULIVE DEVELOPERS LIMITED,930.5,930.5,930.5,930.5,930.5,912.3,,930.5,,,9,8374.0,5,F1,1,,,,,,2025-05-13
2025-05-13,2025-05-13,CM,BSE,STK,505299,INE731D01024,KPT,X,,,,,KPT INDUSTRIES LIMITED,818.0,818.0,793.0,795.8,798.0,805.95,,795.8,,,1099,878461.0,113,F1,1,,,,,,2025-05-13
2025-05-13,2025-05-13,CM,BSE,STK,505302,INE718M01022,LAKSHMIEW,X,,,,,LAKSHMI ENGINEERING AND WAREHO,2030.0,2100.0,2000.0,2050.0,2050.0,2030.0,,2050.0,,,30,61390.0,9,F1,1,,,,,,2025-05-13
2025-05-13,2025-05-13,CM,BSE,STK,505324,INE867A01022,MANUGRAPH,B,,,,,MANUGRAPH INDIA LTD.,16.65,17.6,16.5,16.65,16.65,16.62,,16.95,,,2045,34974.0,45,F1,1,,,,,,2025-05-13
2025-05-13,2025-05-13,CM,BSE,STK,505336,INE098E01026,HARSHILAGR,XT,,,,,HARSHIL AGROTECH LIMITED,1.92,2.12,1.92,2.11,2.11,2.02,,2.11,,,26620146,54507663.0,4190,F1,1,,,,,,2025-05-13
2025-05-13,2025-05-13,CM,BSE,STK,505343,INE811D01024,MONOT,XT,,,,,MONOTYPE INDIA LTD.,0.74,0.74,0.72,0.74,0.74,0.71,,0.74,,,394357,291816.0,404,F1,1,,,,,,2025-05-13
2025-05-13,2025-05-13,CM,BSE,STK,505355,INE317F01035,NESCO,B,,,,,NESCO LTD.,941.95,950.2,925.15,936.0,939.05,927.3,,936.35,,,4394,4118839.0,453,F1,1,,,,,,2025-05-13
2025-05-13,2025-05-13,CM,BSE,STK,505358,INE984B01023,INTEGRAEN,X,,,,,INTEGRA ENGINEERING INDIA LTD.,224.95,224.95,218.0,219.0,219.0,221.05,,219.0,,,5713,1257624.0,163,F1,1,,,,,,2025-05-13
2025-05-13,2025-05-13,CM,BSE,STK,505368,INE617A01013,SEMAC,T,,,,,SEMAC CONSULTANTS LIMITED,366.0,366.0,350.05,350.05,350.05,350.0,,355.2,,,70,24781.0,3,F1,1,,,,,,2025-05-13
2025-05-13,2025-05-13,CM,BSE,STK,505400,INE435C01024,TEXINFRA,B,,,,,TEXMACO INFRASTRUCTURE & HOLDI,97.7,99.8,97.29,97.56,97.75,97.44,,97.59,,,7754,763398.0,234,F1,1,,,,,,2025-05-13
2025-05-13,2025-05-13,CM,BSE,STK,505412,INE274C01019,WENDT,B,,,,,WENDT (INDIA) LTD.,10075.0,10534.5,10031.05,10350.9,10350.9,10047.0,,10385.0,,,47,481500.0,36,F1,1,,,,,,2025-05-13
2025-05-13,2025-05-13,CM,BSE,STK,505502,INE953M01033,PSITINFRA,XT,,,,,PS IT INFRASTRUCTURE & SERVICE,1.41,1.41,1.41,1.41,1.41,1.43,,1.41,,,54260,76506.0,59,F1,1,,,,,,2025-05-13
2025-05-13,2025-05-13,CM,BSE,STK,505504,INE809Q01012,GHVINFRA,XT,,,,,GHV INFRA PROJECTS LIMITED,515.55,515.55,515.55,515.55,515.55,505.45,,515.55,,,50,25777.0,2,F1,1,,,,,,2025-05-13
2025-05-13,2025-05-13,CM,BSE,STK,505509,INE688D01026,RESPONIND,B,,,,,RESPONSIVE INDUSTRIES LTD.,183.75,188.15,183.7,184.0,184.7,186.65,,184.91,,,3345,621363.0,116,F1,1,,,,,,2025-05-13
2025-05-13,2025-05-13,CM,BSE,STK,505515,INE203N01015,SHYMINV,XT,,,,,SHYAMKAMAL INVESTMENTS LTD.,12.12,12.87,12.12,12.24,12.24,12.26,,12.24,,,53874,671616.0,49,F1,1,,,,,,2025-05-13
2025-05-13,2025-05-13,CM,BSE,STK,505523,INE272E01027,MAHACORP,XT,,,,,MAHARASHTRA CORPORATION LTD.,0.44,0.46,0.44,0.46,0.46,0.44,,0.46,,,1454264,664153.0,895,F1,1,,,,,,2025-05-13
2025-05-13,2025-05-13,CM,BSE,STK,505526,INE966A01022,DOLATALGO,B,,,,,DOLAT ALGOTECH LIMITED,84.01,86.95,84.01,85.97,86.42,85.5,,86.11,,,42294,3638218.0,747,F1,1,,,,,,2025-05-13
2025-05-13,2025-05-13,CM,BSE,STK,505533,INE274F01020,WESTLIFE,A,,,,,WESTLIFE FOODWORLD LIMITED,699.95,701.05,678.0,698.9,700.95,683.75,,697.3,,,4843,3357412.0,674,F1,1,,,,,,2025-05-13
2025-05-13,2025-05-13,CM,BSE,STK,505537,INE256A01028,ZEEL,A,,,,,ZEE ENTERTAINMENT ENTERPRISES,117.45,123.55,115.85,123.15,123.15,117.15,,123.15,,,2935142,354934351.0,19776,F1,1,,,,,,2025-05-13
2025-05-13,2025-05-13,CM,BSE,STK,505590,INE308E01029,SVPGLOB,T,,,,,SVP GLOBAL TEXTILES LIMITED,2.94,3.08,2.94,3.03,3.02,2.94,,3.07,,,8901,27111.0,25,F1,1,,,,,,2025-05-13
2025-05-13,2025-05-13,CM,BSE,STK,505650,INE178E01026,SKYLMILAR,X,,,,,SKYLINE MILLARS LTD.,23.22,24.23,20.4,23.72,23.49,22.9,,23.72,,,95432,2124997.0,419,F1,1,,,,,,2025-05-13
2025-05-13,2025-05-13,CM,BSE,STK,505681,INE469A01019,BIMETAL,X,,,,,BIMETAL BEARINGS LTD.,585.9,591.0,572.55,585.0,585.0,588.8,,585.0,,,102,59534.0,11,F1,1,,,,,,2025-05-13
2025-05-13,2025-05-13,CM,BSE,STK,505688,INE561C01019,BHARATGEAR,B,,,,,BHARAT GEARS LTD.,74.96,78.8,74.96,76.98,76.95,75.02,,77.18,,,1709,131316.0,104,F1,1,,,,,,2025-05-13
2025-05-13,2025-05-13,CM,BSE,STK,505690,INE856A01017,BRADYM,X,,,,,BRADY & MORRIS ENGINEERING CO.,1221.0,1335.0,1221.0,1263.5,1280.0,1265.25,,1263.5,,,366,472843.0,44,F1,1,,,,,,2025-05-13
2025-05-13,2025-05-13,CM,BSE,STK,505693,INE501N01020,LATIMMETAL,X,,,,,La Tim Metal & Industries Limi,9.45,9.85,9.07,9.51,9.53,9.36,,9.51,,,304893,2941739.0,167,F1,1,,,,,,2025-05-13
2025-05-13,2025-05-13,CM,BSE,STK,505700,INE205B01031,ELECON,A,,,,,ELECON ENGINEERING CO.LTD.,645.95,677.55,629.55,668.7,668.7,643.75,,668.95,,,107080,70560519.0,4509,F1,1,,,,,,2025-05-13
2025-05-13,2025-05-13,CM,BSE,STK,505710,INE266D01021,GRAUWEIL,B,,,,,GRAUER & WEIL (INDIA) LTD.,83.4,85.1,81.51,81.93,81.93,83.31,,81.93,,,201241,16850121.0,1309,F1,1,,,,,,2025-05-13
2025-05-13,2025-05-13,CM,BSE,STK,505712,INE705G01021,HIMTEK,X,,,,,HIM TEKNOFORGE LIMITED,174.0,179.0,168.8,171.3,170.2,172.8,,171.3,,,6567,1137506.0,94,F1,1,,,,,,2025-05-13
2025-05-13,2025-05-13,CM,BSE,STK,505714,INE524A01029,GABRIEL,A,,,,,GABRIEL INDIA LTD.,622.9,631.9,614.05,623.7,623.5,614.8,,623.85,,,39675,24793787.0,1881,F1,1,,,,,,2025-05-13
2025-05-13,2025-05-13,CM,BSE,STK,505720,INE688E01024,HERCULES,B,,,,,HERCULES HOISTS LTD.,158.5,160.25,157.15,159.75,160.25,156.4,,159.86,,,1918,304404.0,104,F1,1,,,,,,2025-05-13
2025-05-13,2025-05-13,CM,BSE,STK,505725,INE598D01027,AQFINTECH,X,,,,,ALGOQUANT FINTECH LIMITED,835.0,914.9,790.0,894.35,890.0,834.75,,894.35,,,23012,20058436.0,566,F1,1,,,,,,2025-05-13
2025-05-13,2025-05-13,CM,BSE,STK,505726,INE559A01017,IFBIND,B,,,,,IFB INDUSTRIES LTD.,1326.0,1358.85,1325.05,1342.7,1341.5,1331.55,,1344.5,,,2771,3726051.0,277,F1,1,,,,,,2025-05-13
2025-05-13,2025-05-13,CM,BSE,STK,505729,INE638A01035,SINGER,X,,,,,SINGER INDIA LTD.,61.26,62.99,61.26,61.96,61.97,62.59,,61.96,,,14794,917847.0,140,F1,1,,,,,,2025-05-13
2025-05-13,2025-05-13,CM,BSE,STK,505737,INE403C01014,INTLCOMBQ,X,,,,,INTERNATIONAL COMBUSTION (INDI,914.0,919.95,895.05,899.55,908.0,903.3,,899.55,,,1264,1139852.0,86,F1,1,,,,,,2025-05-13
2025-05-13,2025-05-13,CM,BSE,STK,505744,INE529A01010,FMGOETZE,B,,,,,FEDERAL-MOGUL GOETZE (INDIA) L,346.9,347.35,341.0,342.7,342.9,347.55,,342.9,,,3175,1089871.0,159,F1,1,,,,,,2025-05-13
2025-05-13,2025-05-13,CM,BSE,STK,505750,INE636D01041,JOSTS,X,,,,,JOSTS ENGINEERING CO.LTD.,482.4,498.0,471.05,478.95,478.95,483.1,,478.95,,,8833,4240611.0,271,F1,1,,,,,,2025-05-13
2025-05-13,2025-05-13,CM,BSE,STK,505790,INE513A01022,SCHAEFFLER,A,,,,,Schaeffler India Limited,3711.1,3994.45,3706.05,3951.35,3948.05,3728.35,,3951.9,,,6381,24953913.0,1147,F1,1,,,,,,2025-05-13
2025-05-13,2025-05-13,CM,BSE,STK,505800,INE384A01010,RANEHOLDIN,B,,,,,RANE HOLDINGS LTD.,1336.45,1380.8,1336.45,1375.35,1376.8,1327.45,,1375.2,,,357,488246.0,130,F1,1,,,,,,2025-05-13
2025-05-13,2025-05-13,CM,BSE,STK,505827,INE568F01017,SNL,X,,,,,SNL BEARINGS LTD.,380.05,388.9,375.05,379.95,377.65,383.1,,379.95,,,3711,1407721.0,53,F1,1,,,,,,2025-05-13
2025-05-13,2025-05-13,CM,BSE,STK,505850,INE545L01039,MANCREDIT,B,,,,,MANGAL CREDIT AND FINCORP LTD.,159.2,162.5,158.0,159.9,159.0,161.45,,160.55,,,257,41137.0,242,F1,1,,,,,,2025-05-13
2025-05-13,2025-05-13,CM,BSE,STK,505854,INE391D01019,TRF,B,,,,,TRF LTD.,375.45,385.0,369.1,383.3,383.95,375.5,,382.9,,,3951,1495688.0,407,F1,1,,,,,,2025-05-13
2025-05-13,2025-05-13,CM,BSE,STK,505872,INE765D01022,WPIL,B,,,,,WPIL LTD.,428.0,431.0,415.0,424.1,424.1,424.15,,424.1,,,46106,19543359.0,2233,F1,1,,,,,,2025-05-13
2025-05-13,2025-05-13,CM,BSE,STK,505890,INE717A01029,KENNAMET,B,,,,,KENNAMETAL INDIA LTD.,2141.75,2150.0,2112.3,2149.2,2150.0,2141.75,,2149.2,,,1839,3930086.0,281,F1,1,,,,,,2025-05-13
2025-05-13,2025-05-13,CM,BSE,STK,505893,INE724D01011,HINDHARD,X,,,,,HINDUSTAN HARDY LIMITED,798.35,810.0,776.0,798.5,803.75,794.4,,798.5,,,1118,894381.0,60,F1,1,,,,,,2025-05-13
2025-05-13,2025-05-13,CM,BSE,STK,505978,INE440G01017,TRITONV,X,,,,,TRITON VALVES LTD.,3062.6,3088.5,3060.0,3069.15,3070.0,3055.9,,3069.15,,,238,730488.0,19,F1,1,,,,,,2025-05-13
2025-05-13,2025-05-13,CM,BSE,STK,506003,INE618D01015,SUDAI,X,,,,,SUDAL INDUSTRIES LTD.,32.1,35.0,32.1,34.91,35.0,33.72,,34.91,,,26972,890293.0,100,F1,1,,,,,,2025-05-13
2025-05-13,2025-05-13,CM,BSE,STK,506022,INE603A01013,PRAKASH,A,,,,,PRAKASH INDUSTRIES LTD.,172.5,183.55,171.0,179.9,180.0,171.8,,179.81,,,94553,16767188.0,1742,F1,1,,,,,,2025-05-13
2025-05-13,2025-05-13,CM,BSE,STK,506074,INE968D01022,ARSHIYA,Z,,,,,ARSHIYA LIMITED,2.63,2.79,2.54,2.67,2.67,2.67,,2.66,,,18742,49170.0,34,F1,1,,,,,,2025-05-13
2025-05-13,2025-05-13,CM,BSE,STK,506076,INE536A01023,GRINDWELL,A,,,,,GRINDWELL NORTON LTD.,1655.55,1682.3,1641.0,1667.65,1667.5,1640.65,,1666.5,,,1096,1823333.0,232,F1,1,,,,,,2025-05-13
2025-05-13,2025-05-13,CM,BSE,STK,506105,INE441L01015,STANROS,X,,,,,STANROSE MAFATLAL INVESTMENTS,77.94,82.9,77.94,78.06,77.96,75.2,,78.06,,,405,31718.0,12,F1,1,,,,,,2025-05-13
2025-05-13,2025-05-13,CM,BSE,STK,506109,INE727B01026,GENESYS,B,,,,,GENESYS INTERNATIONAL CORPORAT,673.15,716.0,673.15,706.55,702.2,694.95,,706.2,,,27713,19508838.0,1728,F1,1,,,,,,2025-05-13
2025-05-13,2025-05-13,CM,BSE,STK,506128,INE383L01019,PARNAXLAB,XT,,,,,PARNAX LAB LTD.,91.57,96.14,90.0,96.14,96.14,91.57,,96.14,,,5236,497446.0,55,F1,1,,,,,,2025-05-13
2025-05-13,2025-05-13,CM,BSE,STK,506134,INE512D01028,GOURMET,XT,,,,,GOURMET GATEWAY INDIA LIMITED,15.45,15.87,15.21,15.6,15.6,15.14,,15.6,,,88608,1377352.0,98,F1,1,,,,,,2025-05-13
2025-05-13,2025-05-13,CM,BSE,STK,506146,INE370E01029,VIVIDHA,B,,,,,VISAGAR POLYTEX LTD.,0.9,1.03,0.86,0.94,0.92,0.87,,0.94,,,346967,319979.0,169,F1,1,,,,,,2025-05-13
2025-05-13,2025-05-13,CM,BSE,STK,506180,INE668L01013,EMERGENT,XT,,,,,EMERGENT INDUSTRIAL SOLUTIONS,370.05,370.05,370.05,370.05,370.05,377.6,,370.05,,,2,740.0,1,F1,1,,,,,,2025-05-13
2025-05-13,2025-05-13,CM,BSE,STK,506184,INE879E01037,KANANIIND,T,,,,,KANANI INDUSTRIES LTD.,2.16,2.18,2.09,2.18,2.18,2.16,,2.18,,,9971,21526.0,46,F1,1,,,,,,2025-05-13
2025-05-13,2025-05-13,CM,BSE,STK,506186,INE403B01016,GCKL,X,,,,,GALAXY CLOUD KITCHENS LIMITED,29.55,29.55,29.55,29.55,29.55,28.15,,29.55,,,5166,152655.0,3,F1,1,,,,,,2025-05-13
2025-05-13,2025-05-13,CM,BSE,STK,506194,INE643K01018,ARIHANTSUP,B,,,,,ARIHANT SUPERSTRUCTURES LIMITE,362.2,364.05,354.8,357.6,358.15,363.3,,355.75,,,3494,1262439.0,286,F1,1,,,,,,2025-05-13
2025-05-13,2025-05-13,CM,BSE,STK,506197,INE416D01022,BLISSGVS,B,,,,,BLISS GVS PHARMA LTD.,118.75,122.3,114.45,118.7,117.8,118.75,,118.55,,,23211,2741849.0,478,F1,1,,,,,,2025-05-13
2025-05-13,2025-05-13,CM,BSE,STK,506222,INE189B01011,STYRENIX,B,,,,,Styrenix Performance Materials,2795.0,2840.0,2772.5,2815.15,2818.6,2780.35,,2813.3,,,752,2114695.0,301,F1,1,,,,,,2025-05-13
2025-05-13,2025-05-13,CM,BSE,STK,506235,INE426A01027,ALEMBICLTD,B,,,,,ALEMBIC LTD.,104.89,106.38,103.23,104.63,104.55,104.35,,104.27,,,46494,4882583.0,798,F1,1,,,,,,2025-05-13
2025-05-13,2025-05-13,CM,BSE,STK,506248,INE275D01022,AMNPLST,B,,,,,AMINES & PLASTICIZERS LTD.,196.35,200.75,196.35,198.25,198.05,197.2,,198.77,,,523,104207.0,66,F1,1,,,,,,2025-05-13
2025-05-13,2025-05-13,CM,BSE,STK,506260,INE489G01022,ANUHPHR,B,,,,,ANUH PHARMA LTD.,171.45,174.5,170.4,173.65,173.65,170.25,,173.67,,,23171,4000549.0,184,F1,1,,,,,,2025-05-13
2025-05-13,2025-05-13,CM,BSE,STK,506261,INE737D01021,MODISONLTD,B,,,,,MODISON LIMITED,125.5,127.15,124.0,126.25,127.1,125.45,,126.78,,,3848,485762.0,135,F1,1,,,,,,2025-05-13
2025-05-13,2025-05-13,CM,BSE,STK,506285,INE462A01022,BAYERCROP,A,,,,,BAYER CROPSCIENCE LTD.,4874.95,4874.95,4703.85,4758.2,4785.0,4774.65,,4766.1,,,1748,8301663.0,439,F1,1,,,,,,2025-05-13
2025-05-13,2025-05-13,CM,BSE,STK,506365,INE320M01019,CHEMOPH,XT,,,,,CHEMO PHARMA LABORATORIES LTD.,127.7,127.7,124.45,124.45,124.45,130.95,,124.45,,,622,77459.0,12,F1,1,,,,,,2025-05-13
2025-05-13,2025-05-13,CM,BSE,STK,506390,INE492A01029,HEUBACHIND,B,,,,,Heubach Colorants India Limite,589.45,590.0,585.9,588.8,588.1,587.5,,587.5,,,793,466221.0,57,F1,1,,,,,,2025-05-13
2025-05-13,2025-05-13,CM,BSE,STK,506395,INE169A01031,COROMANDEL,A,,,,,COROMANDEL INTERNATIONAL LTD.,2425.0,2497.75,2395.0,2433.0,2402.0,2423.6,,2433.3,,,13011,32014181.0,1528,F1,1,,,,,,2025-05-13
2025-05-13,2025-05-13,CM,BSE,STK,506401,INE288B01029,DEEPAKNTR,A,,,,,DEEPAK NITRITE LTD.,1982.2,1999.0,1940.05,1950.4,1950.4,1981.35,,1948.3,,,15249,29813217.0,2608,F1,1,,,,,,2025-05-13
2025-05-13,2025-05-13,CM,BSE,STK,506405,INE505A01010,DMCC,B,,,,,DMCC SPECIALITY CHEMICALS LIMI,279.6,285.7,247.0,249.6,249.6,277.3,,249.1,,,26267,6769348.0,2072,F1,1,,,,,,2025-05-13
2025-05-13,2025-05-13,CM,BSE,STK,506414,INE225B01021,FERMENTA,XT,,,,,FERMENTA BIOTECH LIMITED,269.0,269.0,266.0,266.4,267.9,267.15,,266.4,,,19650,5249204.0,84,F1,1,,,,,,2025-05-13
2025-05-13,2025-05-13,CM,BSE,STK,506480,INE077F01035,GOCLCORP,B,,,,,GOCL Corporation Limited,284.5,288.65,283.15,287.7,288.6,282.35,,287.9,,,2092,600123.0,202,F1,1,,,,,,2025-05-13
2025-05-13,2025-05-13,CM,BSE,STK,506520,INE693E01016,JAYCH,X,,,,,JAYSHREE CHEMICALS LTD.,8.66,8.66,8.28,8.38,8.39,8.66,,8.38,,,7086,59042.0,40,F1,1,,,,,,2025-05-13
2025-05-13,2025-05-13,CM,BSE,STK,506525,INE138C01024,KANORICHEM,B,,,,,KANORIA CHEMICALS & INDUSTRIES,90.0,90.0,85.51,90.0,90.0,89.75,,89.91,,,2181,195287.0,32,F1,1,,,,,,2025-05-13
2025-05-13,2025-05-13,CM,BSE,STK,506528,INE881E01017,KELENRG,X,,,,,KELTECH ENERGIES LTD.,3331.05,3377.0,3300.0,3312.4,3312.0,3331.05,,3312.4,,,336,1115482.0,41,F1,1,,,,,,2025-05-13
2025-05-13,2025-05-13,CM,BSE,STK,506532,INE265B01019,NITTAGELA,X,,,,,NITTA GELATIN INDIA LTD.,778.0,778.0,756.4,762.65,765.1,764.25,,762.65,,,822,630873.0,63,F1,1,,,,,,2025-05-13
2025-05-13,2025-05-13,CM,BSE,STK,506543,INE468C01017,MPAGI,X,,,,,M.P.AGRO INDUSTRIES LTD.,10.0,10.0,10.0,10.0,10.0,10.0,,10.0,,,1,10.0,1,F1,1,,,,,,2025-05-13
2025-05-13,2025-05-13,CM,BSE,STK,506579,INE321D01016,OCCL,B,,,,,ORIENTAL CARBON & CHEMICALS LT,175.85,181.0,175.2,180.45,180.55,175.05,,180.42,,,2448,437833.0,252,F1,1,,,,,,2025-05-13
2025-05-13,2025-05-13,CM,BSE,STK,506590,INE602A01031,PCBL,A,,,,,PCBL Chemical Limited,374.9,378.0,367.3,373.95,373.7,371.55,,373.85,,,149003,55653456.0,4141,F1,1,,,,,,2025-05-13
2025-05-13,2025-05-13,CM,BSE,STK,506597,INE841D01013,AMAL,XT,,,,,AMAL LTD.,557.9,567.9,530.0,551.9,550.1,545.65,,551.9,,,13225,7214679.0,305,F1,1,,,,,,2025-05-13
2025-05-13,2025-05-13,CM,BSE,STK,506605,INE752B01024,POLYCHEM,X,,,,,POLYCHEM LTD.,1999.95,2000.0,1940.05,1999.1,2000.0,1999.6,,1999.1,,,69,137611.0,22,F1,1,,,,,,2025-05-13
2025-05-13,2025-05-13,CM,BSE,STK,506618,INE277B01014,PUNJABCHEM,B,,,,,PUNJAB CHEMICALS AND CROP PROT,1100.7,1137.4,1099.9,1131.05,1134.55,1113.0,,1126.0,,,491,548381.0,127,F1,1,,,,,,2025-05-13
2025-05-13,2025-05-13,CM,BSE,STK,506640,INE218N01021,ZR2,XT,,,,,ZR2 BIOENERGY LIMITED,374.7,374.7,372.85,372.85,372.85,374.7,,372.85,,,35,13055.0,2,F1,1,,,,,,2025-05-13
2025-05-13,2025-05-13,CM,BSE,STK,506642,INE888C01040,SADHNANIQ,T,,,,,SADHANA NITROCHEM LTD.,19.41,19.79,19.41,19.79,19.79,19.41,,19.79,,,32724,646343.0,35,F1,1,,,,,,2025-05-13
2025-05-13,2025-05-13,CM,BSE,STK,506655,INE659A01023,SUDARSCHEM,A,,,,,SUDARSHAN CHEMICAL INDUSTRIES,1075.0,1080.8,1058.05,1068.8,1073.8,1077.3,,1067.1,,,2657,2840830.0,290,F1,1,,,,,,2025-05-13
2025-05-13,2025-05-13,CM,BSE,STK,506685,INE405A01021,ULTRAMAR,B,,,,,ULTRAMARINE & PIGMENTS LTD.,450.0,456.7,446.15,451.25,456.7,445.8,,451.25,,,12614,5683368.0,436,F1,1,,,,,,2025-05-13
2025-05-13,2025-05-13,CM,BSE,STK,506687,INE687A01016,TRANSPEK,X,,,,,TRANSPEK INDUSTRY LTD.,1560.0,1570.0,1533.0,1569.3,1570.0,1563.55,,1569.3,,,8031,12537528.0,167,F1,1,,,,,,2025-05-13
2025-05-13,2025-05-13,CM,BSE,STK,506690,INE351A01035,UNICHEMLAB,B,,,,,UNICHEM LABORATORIES LTD.,559.5,584.5,559.5,575.85,584.5,561.25,,572.65,,,1179,671828.0,282,F1,1,,,,,,2025-05-13
2025-05-13,2025-05-13,CM,BSE,STK,506734,INE741A01011,MYSORPETRO,X,,,,,MYSORE PETRO CHEMICALS LTD.,125.05,126.0,122.2,124.75,124.95,124.55,,124.75,,,2418,301674.0,33,F1,1,,,,,,2025-05-13
2025-05-13,2025-05-13,CM,BSE,STK,506767,INE150B01039,ALKYLAMINE,A,,,,,ALKYL AMINES CHEMICALS LTD.,1709.05,1721.0,1691.0,1697.8,1701.0,1717.9,,1698.7,,,2535,4319935.0,376,F1,1,,,,,,2025-05-13
2025-05-13,2025-05-13,CM,BSE,STK,506808,INE400A01014,TUTIALKA,B,,,,,TUTICORIN ALKALI CHEMICALS AND,75.47,78.5,75.47,77.08,77.08,76.52,,77.08,,,13387,1031593.0,165,F1,1,,,,,,2025-05-13
2025-05-13,2025-05-13,CM,BSE,STK,506820,INE203A01020,ASTRAZEN,A,,,,,ASTRAZENECA PHARMA INDIA LTD.,8170.0,8310.2,8100.0,8183.35,8174.0,8118.6,,8189.0,,,710,5826711.0,345,F1,1,,,,,,2025-05-13
2025-05-13,2025-05-13,CM,BSE,STK,506852,INE607A01022,PRIMO,B,,,,,Primo Chemicals Limited,25.08,25.87,24.78,25.64,25.54,24.98,,25.63,,,24177,614138.0,519,F1,1,,,,,,2025-05-13
2025-05-13,2025-05-13,CM,BSE,STK,506854,INE639B01015,TANFACIND,B,,,,,TANFAC INDUSTRIES LTD.,3121.95,3230.0,3020.0,3172.8,3183.0,3121.0,,3172.8,,,15126,47807155.0,1603,F1,1,,,,,,2025-05-13
2025-05-13,2025-05-13,CM,BSE,STK,506858,INE636P01011,GUJPETR,X,,,,,GUJARAT PETROSYNTHESE LTD.,60.0,60.99,59.89,59.9,59.9,57.8,,59.9,,,635,38174.0,9,F1,1,,,,,,2025-05-13
2025-05-13,2025-05-13,CM,BSE,STK,506863,INE716M01034,SWADEIN,XT,,,,,SWADESHI INDUSTRIES LEASING CO,12.06,12.06,12.06,12.06,12.06,11.83,,12.06,,,4919,59323.0,8,F1,1,,,,,,2025-05-13
2025-05-13,2025-05-13,CM,BSE,STK,506879,INE942C01045,GUJTHEM,B,,,,,GUJARAT THEMIS BIOSYN LTD.,299.0,309.85,294.4,306.75,306.75,299.55,,308.0,,,43721,13299688.0,2310,F1,1,,,,,,2025-05-13
2025-05-13,2025-05-13,CM,BSE,STK,506906,INE467X01015,SCBL,X,,,,,Saptak Chem And Business Limit,3.84,3.84,3.2,3.69,3.69,3.2,,3.69,,,10255,32992.0,20,F1,1,,,,,,2025-05-13
2025-05-13,2025-05-13,CM,BSE,STK,506919,INE987A01010,MAKERSL,X,,,,,MAKERS LABORATORIES LTD.,134.65,141.15,134.65,140.9,140.9,135.3,,140.9,,,138,19283.0,19,F1,1,,,,,,2025-05-13
2025-05-13,2025-05-13,CM,BSE,STK,506935,INE423K01015,CONTCHM,X,,,,,CONTINENTAL CHEMICALS LTD.,69.0,69.0,69.0,69.0,69.0,69.0,,69.0,,,196,13524.0,3,F1,1,,,,,,2025-05-13
2025-05-13,2025-05-13,CM,BSE,STK,506943,INE572A01036,JBCHEPHARM,A,,,,,J.B.CHEMICALS & PHARMACEUTICAL,1579.95,1593.0,1554.25,1579.85,1585.25,1561.9,,1582.8,,,5598,8780491.0,824,F1,1,,,,,,2025-05-13
2025-05-13,2025-05-13,CM,BSE,STK,506979,INE046E01025,APTPACK,XT,,,,,APT PACKAGING LTD.,65.0,66.0,60.38,62.26,60.4,63.55,,62.26,,,410,25104.0,12,F1,1,,,,,,2025-05-13
2025-05-13,2025-05-13,CM,BSE,STK,506981,INE472D01017,BLUECHIPT,X,,,,,BLUE CHIP TEX INDUSTRIES LTD.,146.2,146.75,143.8,144.25,144.25,146.2,,144.25,,,1181,170368.0,24,F1,1,,,,,,2025-05-13
2025-05-13,2025-05-13,CM,BSE,STK,507155,INE574A01016,JAGAJITIND,B,,,,,JAGATJIT INDUSTRIES LTD.,189.95,189.95,183.05,185.05,185.05,186.9,,185.05,,,10306,1916954.0,185,F1,1,,,,,,2025-05-13
2025-05-13,2025-05-13,CM,BSE,STK,507180,INE133B01019,KESARENT,XT,,,,,KESAR ENTERPRISES LTD.,74.37,74.5,74.0,74.45,74.5,74.0,,74.45,,,1000,74205.0,10,F1,1,,,,,,2025-05-13
2025-05-13,2025-05-13,CM,BSE,STK,507205,INE133E01013,TI,A,,,,,TILAKNAGAR INDUSTRIES LTD.,296.85,302.65,290.0,299.5,299.5,293.2,,299.25,,,104223,31150596.0,2465,F1,1,,,,,,2025-05-13
2025-05-13,2025-05-13,CM,BSE,STK,507265,INE044N01021,EMERALL,XT,,,,,Emerald Leisures Limited,177.0,177.0,170.4,170.4,170.4,179.35,,170.4,,,3679,627054.0,15,F1,1,,,,,,2025-05-13
2025-05-13,2025-05-13,CM,BSE,STK,507300,INE615A01025,RAVALSUGAR,X,,,,,The Ravalgaon Sugar Farm Limit,1119.0,1119.95,1072.05,1072.05,1072.05,1101.0,,1072.05,,,227,248492.0,22,F1,1,,,,,,2025-05-13
2025-05-13,2025-05-13,CM,BSE,STK,507315,INE623A01011,SAKHTISUG,B,,,,,SAKTHI SUGARS LTD.,22.6,24.29,22.6,23.92,24.14,22.6,,23.93,,,63080,1491704.0,527,F1,1,,,,,,2025-05-13
2025-05-13,2025-05-13,CM,BSE,STK,507410,INE711A01022,WALCHANNAG,B,,,,,WALCHANDNAGAR INDUSTRIES LTD.,188.45,195.95,187.55,193.3,192.35,187.45,,193.38,,,60713,11682937.0,1244,F1,1,,,,,,2025-05-13
2025-05-13,2025-05-13,CM,BSE,STK,507438,INE076C01018,IFBAGRO,B,,,,,IFB AGRO INDUSTRIES LTD.,480.1,480.1,478.0,479.5,479.5,472.0,,479.9,,,82,39265.0,16,F1,1,,,,,,2025-05-13
2025-05-13,2025-05-13,CM,BSE,STK,507474,INE991B01010,KFBL,X,,,,,KOTHARI FERMENTATION & BIOCHEM,82.45,83.5,80.6,81.0,81.01,80.54,,81.0,,,4308,353688.0,77,F1,1,,,,,,2025-05-13
2025-05-13,2025-05-13,CM,BSE,STK,507486,INE470N01010,CAPRO,X,,,,,CAPROLACTAM CHEMICALS LTD.,45.0,45.0,44.0,44.5,44.49,43.0,,44.5,,,100,4488.0,16,F1,1,,,,,,2025-05-13
2025-05-13,2025-05-13,CM,BSE,STK,507488,INE075D01018,GMBREW,B,,,,,G.M.BREWERIES LTD.,682.0,704.8,682.0,692.65,691.9,680.2,,693.0,,,2234,1554887.0,250,F1,1,,,,,,2025-05-13
2025-05-13,2025-05-13,CM,BSE,STK,507490,INE625B01014,RANASUG,B,,,,,RANA SUGARS LTD.,13.46,14.1,13.46,14.0,14.05,13.51,,14.04,,,16079,223443.0,234,F1,1,,,,,,2025-05-13
2025-05-13,2025-05-13,CM,BSE,STK,507498,INE544C01023,PICCASUG,X,,,,,PICCADILY SUGAR & ALLIED INDUS,52.73,53.97,52.5,53.51,53.97,52.47,,53.51,,,1690,89437.0,55,F1,1,,,,,,2025-05-13
2025-05-13,2025-05-13,CM,BSE,STK,507514,INE480C01038,SDBL,B,,,,,SOM DISTILLERIES & BREWERIES L,133.4,136.85,132.85,134.7,134.0,135.15,,134.52,,,103075,13850517.0,1141,F1,1,,,,,,2025-05-13
2025-05-13,2025-05-13,CM,BSE,STK,507515,INE557D01015,CJGEL,XT,,,,,C.J.GELATINE PRODUCTS LTD.,17.3,17.3,17.3,17.3,17.3,17.39,,17.3,,,5,86.0,1,F1,1,,,,,,2025-05-13
2025-05-13,2025-05-13,CM,BSE,STK,507526,INE073G01016,ASALCBR,B,,,,,ASSOCIATED ALCOHOLS & BREWERIE,1081.1,1154.0,1081.1,1121.35,1117.3,1083.35,,1121.5,,,5810,6559777.0,654,F1,1,,,,,,2025-05-13
2025-05-13,2025-05-13,CM,BSE,STK,507552,INE976E01023,FOODSIN,B,,,,,FOODS & INNS LTD.,85.6,96.85,85.6,94.44,94.5,92.75,,94.74,,,16335,1548536.0,525,F1,1,,,,,,2025-05-13
2025-05-13,2025-05-13,CM,BSE,STK,507580,INE043C01018,IVP,B,,,,,IVP LTD.,166.6,168.45,166.6,167.0,167.0,168.5,,166.93,,,844,141125.0,503,F1,1,,,,,,2025-05-13
2025-05-13,2025-05-13,CM,BSE,STK,507598,INE014E01015,KLRFM,X,,,,,KOVILPATTI LAKSHMI ROLLER FLOU,99.53,104.0,99.53,103.9,103.9,99.53,,103.9,,,584,59383.0,14,F1,1,,,,,,2025-05-13
2025-05-13,2025-05-13,CM,BSE,STK,507621,INE588G01021,MLKFOOD,X,,,,,MILKFOOD LTD.,82.81,86.0,80.02,84.15,84.0,82.81,,84.15,,,5610,467042.0,70,F1,1,,,,,,2025-05-13
2025-05-13,2025-05-13,CM,BSE,STK,507645,INE339F01021,POLSON,X,,,,,POLSON LTD.,12751.0,12751.0,12225.0,12363.65,12251.0,12351.0,,12363.65,,,16,198333.0,15,F1,1,,,,,,2025-05-13
2025-05-13,2025-05-13,CM,BSE,STK,507685,INE075A01022,WIPRO,A,,,,,WIPRO LTD.,257.4,257.4,250.75,251.65,251.65,257.4,,251.57,,,464769,117536901.0,8910,F1,1,,,,,,2025-05-13
2025-05-13,2025-05-13,CM,BSE,STK,507690,INE247F01018,ORIBEVER,X,,,,,ORIENT BEVERAGES LTD.,247.0,254.0,242.25,246.7,242.25,242.5,,246.7,,,608,150911.0,25,F1,1,,,,,,2025-05-13
2025-05-13,2025-05-13,CM,BSE,STK,507717,INE435G01025,DHANUKA,B,,,,,DHANUKA AGRITECH LTD.,1325.05,1385.0,1325.05,1375.3,1385.0,1327.25,,1375.8,,,4064,5477727.0,465,F1,1,,,,,,2025-05-13
2025-05-13,2025-05-13,CM,BSE,STK,507747,INE910C01018,TTKHLTCARE,B,,,,,TTK HEALTHCARE LTD.,1198.1,1200.0,1169.1,1169.1,1169.1,1215.8,,1174.6,,,34,40452.0,21,F1,1,,,,,,2025-05-13
2025-05-13,2025-05-13,CM,BSE,STK,507753,INE284B01028,TGVSL,B,,,,,TGV SRAAC Limited,102.2,103.0,100.0,101.1,101.1,102.49,,101.1,,,116838,11834814.0,776,F1,1,,,,,,2025-05-13
2025-05-13,2025-05-13,CM,BSE,STK,507759,INE891G01011,LIMECHM,X,,,,,LIME CHEMICALS LTD.,16.48,16.74,16.48,16.72,16.72,16.48,,16.72,,,786,13119.0,7,F1,1,,,,,,2025-05-13
2025-05-13,2025-05-13,CM,BSE,STK,507779,INE694E01014,KANPRPLA,B,,,,,KANPUR PLASTIPACK LTD.,140.0,147.5,137.85,145.9,147.5,140.2,,146.04,,,6016,863302.0,313,F1,1,,,,,,2025-05-13
2025-05-13,2025-05-13,CM,BSE,STK,507785,INE123C01018,TAINWALCHM,B,,,,,TAINWALA CHEMICALS & PLASTICS,202.0,202.0,200.95,200.95,200.95,201.75,,198.9,,,178,35828.0,19,F1,1,,,,,,2025-05-13
2025-05-13,2025-05-13,CM,BSE,STK,507789,INE048B01035,JAGSNPHARM,B,,,,,JAGSONPAL PHARMACEUTICALS LTD.,223.0,223.0,215.95,219.1,220.3,221.7,,219.2,,,8300,1816286.0,355,F1,1,,,,,,2025-05-13
2025-05-13,2025-05-13,CM,BSE,STK,507794,INE745B01028,KHAICHEM,B,,,,,KHAITAN CHEMICALS & FERTILIZER,55.64,57.07,55.63,56.13,56.0,55.5,,56.22,,,9722,547229.0,277,F1,1,,,,,,2025-05-13
2025-05-13,2025-05-13,CM,BSE,STK,507813,INE296D01010,NOL,X,,,,,NATIONAL OXYGEN LTD.,102.95,102.95,100.0,100.0,100.0,102.95,,100.0,,,231,23233.0,26,F1,1,,,,,,2025-05-13
2025-05-13,2025-05-13,CM,BSE,STK,507815,INE322A01010,GILLETTE,A,,,,,GILLETTE INDIA LTD.,7974.0,8045.45,7925.0,7973.75,7988.5,7947.45,,7957.0,,,1022,8138489.0,323,F1,1,,,,,,2025-05-13
2025-05-13,2025-05-13,CM,BSE,STK,507817,INE469D01013,WIREFABR,X,,,,,WIRES & FABRIKS (SA) LTD.,187.0,187.0,187.0,187.0,187.0,187.0,,187.0,,,64,11968.0,4,F1,1,,,,,,2025-05-13
2025-05-13,2025-05-13,CM,BSE,STK,507828,INE880B01015,ANSALHSG,X,,,,,ANSAL HOUSING LIMITED,10.0,10.35,10.0,10.28,10.17,10.27,,10.28,,,37276,381488.0,111,F1,1,,,,,,2025-05-13
2025-05-13,2025-05-13,CM,BSE,STK,507833,INE607B01012,COMPUPN,X,,,,,COMPUTER POINT LTD.,4.76,5.08,4.76,5.06,5.06,4.95,,5.06,,,11887,58589.0,100,F1,1,,,,,,2025-05-13
2025-05-13,2025-05-13,CM,BSE,STK,507836,INE435D01014,MCCHRLS-B,X,,,,,MAC CHARLES (INDIA) LTD.,585.0,590.0,572.0,590.0,590.0,585.0,,590.0,,,480,279020.0,23,F1,1,,,,,,2025-05-13
2025-05-13,2025-05-13,CM,BSE,STK,507852,INE757C01021,ADDIND,X,,,,,ADDI INDUSTRIES LTD.,57.46,57.46,53.55,56.49,56.49,56.9,,56.49,,,3485,190799.0,37,F1,1,,,,,,2025-05-13
2025-05-13,2025-05-13,CM,BSE,STK,507864,INE746D01014,PIONRINV,X,,,,,PIONEER INVESTCORP LTD.,70.0,70.0,62.01,64.84,64.99,64.11,,64.84,,,2533,163622.0,28,F1,1,,,,,,2025-05-13
2025-05-13,2025-05-13,CM,BSE,STK,507872,INE372I01018,ASHNOOR,X,,,,,ASHNOOR TEXTILE MILLS LTD.,51.42,52.9,51.42,51.61,51.5,51.42,,51.61,,,1562,81565.0,20,F1,1,,,,,,2025-05-13
2025-05-13,2025-05-13,CM,BSE,STK,507878,INE694A01020,UNITECH,Z,,,,,UNITECH LTD.,6.17,6.17,6.0,6.09,6.09,6.0,,6.07,,,988314,6034154.0,432,F1,1,,,,,,2025-05-13
2025-05-13,2025-05-13,CM,BSE,STK,507880,INE054A01027,VIPIND,A,,,,,V.I.P.INDUSTRIES LTD.,344.0,352.7,339.9,347.35,347.0,344.1,,347.15,,,61482,21321899.0,1930,F1,1,,,,,,2025-05-13
2025-05-13,2025-05-13,CM,BSE,STK,507910,INE296C01020,FIBERWEB,B,,,,,FIBERWEB (INDIA) LTD.,38.44,39.76,38.0,39.01,39.01,38.32,,39.18,,,3395,131485.0,80,F1,1,,,,,,2025-05-13
2025-05-13,2025-05-13,CM,BSE,STK,507912,INE724A01017,LKPFIN,XT,,,,,LKP FINANCE LIMITED,406.0,432.0,390.9,428.85,428.85,411.45,,428.85,,,26529,10942142.0,225,F1,1,,,,,,2025-05-13
2025-05-13,2025-05-13,CM,BSE,STK,507917,INE706N01017,EASTBUILD,XT,,,,,EAST BUILDTECH LTD.,95.35,97.25,95.35,97.25,97.25,97.25,,97.25,,,308,29369.0,5,F1,1,,,,,,2025-05-13
2025-05-13,2025-05-13,CM,BSE,STK,507944,INE704G01024,BAJAJST,B,,,,,BAJAJ STEEL INDUSTRIES LTD.,723.0,730.0,691.2,700.15,701.5,706.1,,700.15,,,16002,11262333.0,817,F1,1,,,,,,2025-05-13
2025-05-13,2025-05-13,CM,BSE,STK,507946,INE845A01028,KIDUJA,XT,,,,,KIDUJA INDIA LTD.,17.2,17.71,16.87,17.05,17.71,16.87,,17.05,,,3961,68921.0,33,F1,1,,,,,,2025-05-13
2025-05-13,2025-05-13,CM,BSE,STK,507948,INE130F01016,KEYCORP,X,,,,,KEY CORP LTD.,196.65,200.0,190.0,192.7,192.7,196.7,,192.7,,,2488,482459.0,89,F1,1,,,,,,2025-05-13
2025-05-13,2025-05-13,CM,BSE,STK,507960,INE621C01011,GUJHOTE,X,,,,,GUJARAT HOTELS LTD.,294.6,294.6,285.0,285.7,288.0,291.65,,285.7,,,406,117201.0,26,F1,1,,,,,,2025-05-13
2025-05-13,2025-05-13,CM,BSE,STK,507966,INE651D01016,RASRESOR,X,,,,,RAS RESORTS & APART HOTELS LTD,44.0,46.0,43.67,44.97,44.97,43.7,,44.97,,,2153,94706.0,28,F1,1,,,,,,2025-05-13
2025-05-13,2025-05-13,CM,BSE,STK,507970,INE143I01013,PARMCOS-B,X,,,,,PARAMOUNT COSMETICS (INDIA) LT,41.45,41.45,37.02,37.99,38.0,38.14,,37.99,,,4002,152936.0,25,F1,1,,,,,,2025-05-13
2025-05-13,2025-05-13,CM,BSE,STK,507981,INE726D01016,JINDHOT,X,,,,,JINDAL HOTELS LTD.,94.5,107.5,94.5,98.35,99.49,94.0,,98.35,,,9723,969031.0,128,F1,1,,,,,,2025-05-13
2025-05-13,2025-05-13,CM,BSE,STK,507984,INE358F01013,SERIND,XT,,,,,SER INDUSTRIES LTD.,77.5,77.5,77.5,77.5,77.5,73.81,,77.5,,,10,775.0,1,F1,1,,,,,,2025-05-13
2025-05-13,2025-05-13,CM,BSE,STK,507998,INE657D01021,SIMMOND,X,,,,,SIMMONDS MARSHALL LTD.,99.34,100.0,97.0,98.95,98.95,99.34,,98.95,,,2732,266293.0,45,F1,1,,,,,,2025-05-13
2025-05-13,2025-05-13,CM,BSE,STK,508136,INE489D01011,BNALTD,X,,,,,B & A LTD.,559.0,559.0,532.25,558.95,558.95,558.0,,558.95,,,185,103169.0,7,F1,1,,,,,,2025-05-13
2025-05-13,2025-05-13,CM,BSE,STK,508486,INE979B01015,HAWKINCOOK,B,,,,,HAWKINS COOKERS LTD.,8000.0,8085.0,7899.0,8036.3,8050.0,8018.85,,8036.3,,,536,4287373.0,162,F1,1,,,,,,2025-05-13
2025-05-13,2025-05-13,CM,BSE,STK,508494,INE712A01012,WARRENTEA,X,,,,,WARREN TEA LTD.,45.5,47.4,44.05,46.24,46.75,45.91,,46.24,,,2516,116099.0,34,F1,1,,,,,,2025-05-13
2025-05-13,2025-05-13,CM,BSE,STK,508571,INE788M01017,COCHMAL,X,,,,,COCHIN MALABAR ESTATES & INDUS,184.3,184.3,178.3,178.95,182.5,185.0,,178.95,,,793,143635.0,27,F1,1,,,,,,2025-05-13
2025-05-13,2025-05-13,CM,BSE,STK,508664,INE553F01035,BESTEAST,X,,,,,BEST EASTERN HOTELS LTD.,12.87,13.23,12.87,13.22,13.22,12.93,,13.22,,,2344,30625.0,11,F1,1,,,,,,2025-05-13
2025-05-13,2025-05-13,CM,BSE,STK,508670,INE605D01012,NEAGI,X,,,,,NEELAMALAI AGRO INDUSTRIES LTD,3780.0,3784.5,3675.1,3675.1,3675.1,3610.0,,3675.1,,,31,117165.0,3,F1,1,,,,,,2025-05-13
2025-05-13,2025-05-13,CM,BSE,STK,508807,INE684B01029,ISTLTD,B,,,,,IST LTD.,823.5,848.5,820.0,841.55,842.0,819.45,,841.55,,,1532,1285099.0,122,F1,1,,,,,,2025-05-13
2025-05-13,2025-05-13,CM,BSE,STK,508814,INE757A01017,COSMOFIRST,B,,,,,Cosmo First Limited,601.65,620.7,601.65,609.75,609.25,613.8,,610.5,,,2413,1479704.0,248,F1,1,,,,,,2025-05-13
2025-05-13,2025-05-13,CM,BSE,STK,508869,INE437A01024,APOLLOHOSP,A,,,,,APOLLO HOSPITALS ENTERPRISE LT,6939.2,7012.0,6904.0,6920.8,6931.7,6919.75,,6917.5,,,4012,27921056.0,704,F1,1,,,,,,2025-05-13
2025-05-13,2025-05-13,CM,BSE,STK,508875,INE861H01020,NITINCAST,X,,,,,Nitin Castings Limited,619.9,630.0,600.05,629.0,629.0,620.0,,629.0,,,251,154947.0,28,F1,1,,,,,,2025-05-13
2025-05-13,2025-05-13,CM,BSE,STK,508905,INE641A01013,SMIFS,X,,,,,SMIFS CAPITAL MARKETS LTD.,87.8,87.8,81.27,81.63,81.63,87.15,,81.63,,,270,22505.0,11,F1,1,,,,,,2025-05-13
2025-05-13,2025-05-13,CM,BSE,STK,508922,INE331L01026,MSRINDIA,XT,,,,,MSR INDIA LTD.,3.88,3.88,3.77,3.82,3.77,3.7,,3.82,,,39929,154348.0,172,F1,1,,,,,,2025-05-13
2025-05-13,2025-05-13,CM,BSE,STK,508933,INE193B01039,AYMSYNTEX,B,,,,,AYM Syntex Limited,207.35,216.3,203.7,215.45,216.0,207.3,,214.43,,,10943,2323865.0,403,F1,1,,,,,,2025-05-13
2025-05-13,2025-05-13,CM,BSE,STK,508941,INE013E01017,PANCARBON,X,,,,,PANASONIC CARBON INDIA CO.LTD.,488.95,488.95,477.0,486.0,486.7,481.3,,486.0,,,2815,1364434.0,83,F1,1,,,,,,2025-05-13
2025-05-13,2025-05-13,CM,BSE,STK,508954,INE734I01027,FINKURVE,T,,,,,FINKURVE FINANCIAL SERVICES LT,128.65,134.0,127.0,132.0,133.6,128.05,,132.0,,,10867,1434621.0,90,F1,1,,,,,,2025-05-13
2025-05-13,2025-05-13,CM,BSE,STK,508956,INE549B01016,HBLEAS,X,,,,,HB LEASING & FINANCE CO.LTD.,13.91,14.73,13.91,14.63,14.63,14.19,,14.63,,,3023,44165.0,23,F1,1,,,,,,2025-05-13
2025-05-13,2025-05-13,CM,BSE,STK,508961,INE753D01010,SHRICON,XT,,,,,SHRICON INDUSTRIES LTD.,169.0,169.0,169.0,169.0,169.0,171.0,,169.0,,,50,8450.0,1,F1,1,,,,,,2025-05-13
2025-05-13,2025-05-13,CM,BSE,STK,508963,INE668Y01016,TRUSTWAVE,XT,,,,,TRUSTWAVE SECURITIES LIMITED,20.5,20.5,20.5,20.5,20.5,20.1,,20.5,,,160,3280.0,2,F1,1,,,,,,2025-05-13
2025-05-13,2025-05-13,CM,BSE,STK,508969,INE673M01029,SULABEN,X,,,,,SULABH ENGINEERS & SERVICES LT,3.69,3.74,3.63,3.71,3.71,3.69,,3.71,,,12148,44779.0,74,F1,1,,,,,,2025-05-13
2025-05-13,2025-05-13,CM,BSE,STK,508980,INE977E01013,FRONTCAP,X,,,,,FRONTIER CAPITAL LIMITED,20.27,20.84,19.31,20.5,20.75,19.87,,20.5,,,16269,327503.0,76,F1,1,,,,,,2025-05-13
2025-05-13,2025-05-13,CM,BSE,STK,508989,INE060A01024,NAVNETEDUL,B,,,,,NAVNEET EDUCATION LIMITED,144.25,144.65,142.1,144.6,143.75,144.35,,143.98,,,1882,269655.0,52,F1,1,,,,,,2025-05-13
2025-05-13,2025-05-13,CM,BSE,STK,509009,INE218C01016,AUSOMENT,B,,,,,AUSOM ENTERPRISE LIMITED,87.23,90.5,82.58,86.0,86.0,86.79,,84.8,,,1046,88899.0,44,F1,1,,,,,,2025-05-13
2025-05-13,2025-05-13,CM,BSE,STK,509015,INE190F01028,THAKRAL,XT,,,,,THAKRAL SERVICES (INDIA) LTD.,10.25,10.25,9.71,10.25,10.25,10.11,,10.25,,,9359,95927.0,23,F1,1,,,,,,2025-05-13
2025-05-13,2025-05-13,CM,BSE,STK,509020,INE413B01023,RUCHINFRA,B,,,,,RUCHI INFRASTRUCTURE LTD.,7.6,8.01,7.6,7.83,7.83,7.6,,7.88,,,11245,87690.0,115,F1,1,,,,,,2025-05-13
2025-05-13,2025-05-13,CM,BSE,STK,509024,INE088E01019,GOLDLEG,XT,,,,,GOLDEN LEGAND LEASING & FINANC,7.94,8.12,7.36,8.0,8.0,7.74,,8.0,,,362,2695.0,17,F1,1,,,,,,2025-05-13
2025-05-13,2025-05-13,CM,BSE,STK,509026,INE117F01013,VJTFEDU,X,,,,,VJTF EDUSERVICES LTD.,85.99,85.99,73.04,82.5,82.5,76.72,,82.5,,,171,12794.0,12,F1,1,,,,,,2025-05-13
2025-05-13,2025-05-13,CM,BSE,STK,509038,INE763D01019,VOLLF,X,,,,,VOLTAIRE LEASING & FINANCE LTD,12.99,12.99,12.5,12.99,12.99,12.75,,12.99,,,189,2420.0,12,F1,1,,,,,,2025-05-13
2025-05-13,2025-05-13,CM,BSE,STK,509040,INE040F01033,NETLINK,X,,,,,NETLINK SOLUTIONS (INDIA) LTD.,180.0,180.0,170.2,170.2,170.2,179.15,,170.2,,,7328,1255518.0,154,F1,1,,,,,,2025-05-13
2025-05-13,2025-05-13,CM,BSE,STK,509046,INE778N01016,TRILIANCE,XT,,,,,TRILIANCE POLYMERS LIMITED,75.4,75.4,71.5,71.5,71.5,71.98,,71.5,,,118,8497.0,5,F1,1,,,,,,2025-05-13
2025-05-13,2025-05-13,CM,BSE,STK,509048,INE572G01025,LANCORHOL,B,,,,,LANCOR HOLDINGS LTD.,21.69,22.8,21.6,21.96,22.02,21.58,,21.93,,,513,11237.0,16,F1,1,,,,,,2025-05-13
2025-05-13,2025-05-13,CM,BSE,STK,509051,INE300B01022,INDINFO,X,,,,,INDIAN INFOTECH & SOFTWARE LTD,1.01,1.04,1.0,1.01,1.01,1.01,,1.01,,,1897647,1924280.0,1583,F1,1,,,,,,2025-05-13
2025-05-13,2025-05-13,CM,BSE,STK,509053,INE521L01030,BANASFN,X,,,,,BANAS FINANCE LTD.,8.33,8.33,8.03,8.15,8.15,8.15,,8.15,,,10956,90082.0,81,F1,1,,,,,,2025-05-13
2025-05-13,2025-05-13,CM,BSE,STK,509055,INE392A01021,VISAKAIND,B,,,,,VISAKA INDUSTRIES LTD.,63.99,63.99,61.0,62.0,62.35,60.43,,62.02,,,8371,516758.0,207,F1,1,,,,,,2025-05-13
2025-05-13,2025-05-13,CM,BSE,STK,509069,INE669A01022,INFOMEDIA,B,,,,,INFOMEDIA PRESS LTD.,6.5,6.61,6.4,6.61,6.61,6.3,,6.58,,,1983,12840.0,13,F1,1,,,,,,2025-05-13
2025-05-13,2025-05-13,CM,BSE,STK,509073,INE525B01016,HATHWAYB,X,,,,,HATHWAY BHAWANI CABLETEL & DAT,16.5,17.47,16.5,16.67,16.67,16.6,,16.67,,,2214,37805.0,19,F1,1,,,,,,2025-05-13
2025-05-13,2025-05-13,CM,BSE,STK,509079,INE742B01025,GUFICBIO,B,,,,,GUFIC BIOSCIENCES LTD.,372.5,380.75,370.0,371.45,371.0,377.75,,372.05,,,11868,4466509.0,260,F1,1,,,,,,2025-05-13
2025-05-13,2025-05-13,CM,BSE,STK,509084,INE107J01016,PHOTON,X,,,,,PHOTON CAPITAL ADVISORS LTD.,100.0,100.0,95.0,96.0,96.0,100.0,,96.0,,,323,31755.0,10,F1,1,,,,,,2025-05-13
2025-05-13,2025-05-13,CM,BSE,STK,509152,INE137I01015,GRPLTD,B,,,,,GRP LTD.,2886.25,2886.25,2711.0,2765.1,2840.0,2862.4,,2748.5,,,790,2191420.0,225,F1,1,,,,,,2025-05-13
2025-05-13,2025-05-13,CM,BSE,STK,509162,INE802D01023,INDAG,X,,,,,INDAG RUBBER LTD.,131.05,131.75,128.4,130.1,130.0,131.05,,130.1,,,2640,345677.0,100,F1,1,,,,,,2025-05-13
2025-05-13,2025-05-13,CM,BSE,STK,509196,INE159E01026,MMRUBBR-B,X,,,,,MM RUBBER COMPANY LTD.,77.0,80.99,77.0,77.53,77.53,78.48,,77.53,,,906,70495.0,17,F1,1,,,,,,2025-05-13
2025-05-13,2025-05-13,CM,BSE,STK,509220,INE034D01049,PTL,B,,,,,PTL ENTERPRISES LTD.,40.42,41.7,40.42,41.23,41.18,40.22,,41.25,,,4928,203086.0,115,F1,1,,,,,,2025-05-13
2025-05-13,2025-05-13,CM,BSE,STK,509243,INE421C01016,TVSSRICHAK,B,,,,,TVS SRICHAKRA LTD.,3000.0,3014.35,2953.0,2971.9,2972.15,2985.85,,2972.4,,,100,298534.0,58,F1,1,,,,,,2025-05-13
2025-05-13,2025-05-13,CM,BSE,STK,509423,INE367E01033,SEL,XT,,,,,SANATHNAGAR ENTERPRISES LIMITE,35.2,35.37,35.0,35.0,35.0,35.2,,35.0,,,109,3834.0,6,F1,1,,,,,,2025-05-13
2025-05-13,2025-05-13,CM,BSE,STK,509438,INE664D01019,BENARAS,B,,,,,BENARES HOTELS LTD.,10150.0,10279.95,9960.2,10013.9,10064.9,10083.05,,10013.9,,,624,6259383.0,180,F1,1,,,,,,2025-05-13
2025-05-13,2025-05-13,CM,BSE,STK,509449,INE026I01010,BHAGWOX,X,,,,,BHAGWATI OXYGEN LTD.,40.5,40.5,38.81,39.99,39.99,39.79,,39.99,,,938,37190.0,22,F1,1,,,,,,2025-05-13
2025-05-13,2025-05-13,CM,BSE,STK,509470,INE01TL01014,BOMOXY-B1,X,,,,,BOMBAY OXYGEN INVESTMENTS LIMI,23000.0,23000.0,22300.0,22797.8,22797.8,22002.0,,22797.8,,,34,769091.0,24,F1,1,,,,,,2025-05-13
2025-05-13,2025-05-13,CM,BSE,STK,509472,INE145E01017,CRAVATEX,X,,,,,CRAVATEX LTD.,421.0,421.0,401.0,412.0,412.0,405.4,,412.0,,,271,109989.0,8,F1,1,,,,,,2025-05-13
2025-05-13,2025-05-13,CM,BSE,STK,509480,INE463A01038,BERGEPAINT,A,,,,,BERGER PAINTS INDIA LTD.,542.25,547.15,538.05,542.85,542.85,541.15,,542.9,,,16249,8806012.0,1131,F1,1,,,,,,2025-05-13
2025-05-13,2025-05-13,CM,BSE,STK,509486,INE479A01018,CAPRIHANS,X,,,,,CAPRIHANS INDIA LTD.,122.9,127.8,122.9,125.75,125.75,125.25,,125.75,,,2383,297529.0,25,F1,1,,,,,,2025-05-13
2025-05-13,2025-05-13,CM,BSE,STK,509488,INE371A01025,GRAPHITE,A,,,,,GRAPHITE INDIA LTD.,471.9,472.0,460.5,462.95,462.95,466.85,,462.75,,,21974,10223212.0,1350,F1,1,,,,,,2025-05-13
2025-05-13,2025-05-13,CM,BSE,STK,509496,INE686A01026,ITDCEM,A,,,,,ITD CEMENTATION INDIA LTD.,544.1,567.9,542.1,565.35,566.5,543.1,,565.0,,,57674,31926226.0,1400,F1,1,,,,,,2025-05-13
2025-05-13,2025-05-13,CM,BSE,STK,509525,INE515H01014,EMPIND,X,,,,,EMPIRE INDUSTRIES LTD.,1060.0,1081.0,1051.0,1060.0,1060.0,1056.7,,1060.0,,,1204,1275598.0,53,F1,1,,,,,,2025-05-13
2025-05-13,2025-05-13,CM,BSE,STK,509546,INE214F01026,GRAVISSHO,X,,,,,GRAVISS HOSPITALITY LTD.,43.4,44.74,42.06,42.06,42.06,42.52,,42.06,,,412,17853.0,17,F1,1,,,,,,2025-05-13
2025-05-13,2025-05-13,CM,BSE,STK,509557,INE276A01018,GARFIBRES,A,,,,,GARWARE TECHNICAL FIBRES LIMIT,894.0,923.95,893.85,913.3,907.9,897.85,,913.9,,,5951,5418648.0,834,F1,1,,,,,,2025-05-13
2025-05-13,2025-05-13,CM,BSE,STK,509563,INE925D01014,GARWAMAR,XT,,,,,GARWARE MARINE INDUSTRIES LTD.,25.08,25.81,23.41,24.11,24.11,24.59,,24.11,,,16704,413173.0,116,F1,1,,,,,,2025-05-13
2025-05-13,2025-05-13,CM,BSE,STK,509567,INE426D01013,GOACARBON,B,,,,,GOA CARBON LTD.,455.9,465.15,454.25,457.65,462.0,454.0,,457.85,,,4998,2290705.0,290,F1,1,,,,,,2025-05-13
2025-05-13,2025-05-13,CM,BSE,STK,509597,INE722D01015,HARDCAS,X,,,,,HARDCASTLE & WAUD MFG.CO.LTD.,836.0,836.0,808.55,811.45,808.55,800.55,,811.45,,,54,44216.0,12,F1,1,,,,,,2025-05-13
2025-05-13,2025-05-13,CM,BSE,STK,509631,INE545A01024,HEG,A,,,,,HEG LTD.,463.95,467.2,459.6,461.65,461.65,463.05,,461.6,,,24816,11501352.0,684,F1,1,,,,,,2025-05-13
2025-05-13,2025-05-13,CM,BSE,STK,509635,INE310C01029,HINDCOMPOS,B,,,,,HINDUSTAN COMPOSITES LTD.,450.0,452.8,435.0,440.9,442.0,437.2,,440.35,,,3118,1370942.0,247,F1,1,,,,,,2025-05-13
2025-05-13,2025-05-13,CM,BSE,STK,509675,INE557A01011,BIRLANU,B,,,,,BIRLANU LIMITED,2155.0,2225.0,2155.0,2203.0,2203.0,2146.65,,2205.9,,,647,1419739.0,180,F1,1,,,,,,2025-05-13
2025-05-13,2025-05-13,CM,BSE,STK,509692,INE061A01014,INDIANCARD,B,,,,,INDIAN CARD CLOTHING CO.LTD.,323.8,325.3,315.0,319.0,319.0,312.4,,317.5,,,34,10879.0,9,F1,1,,,,,,2025-05-13
2025-05-13,2025-05-13,CM,BSE,STK,509709,INE575C01027,INTLCONV,B,,,,,INTERNATIONAL CONVEYORS LTD.,72.13,75.77,72.13,74.73,74.5,73.23,,74.61,,,11392,845027.0,551,F1,1,,,,,,2025-05-13
2025-05-13,2025-05-13,CM,BSE,STK,509715,INE364A01020,JAYSREETEA,B,,,,,JAY SHREE TEA & INDUSTRIES LTD,95.95,99.0,95.95,96.53,96.53,95.47,,96.32,,,6150,598728.0,256,F1,1,,,,,,2025-05-13
2025-05-13,2025-05-13,CM,BSE,STK,509732,INE972A01020,KOTIC,XT,,,,,KOTHARI INDUSTRIAL CORPORATION,330.15,330.15,330.15,330.15,330.15,323.7,,330.15,,,1660,548049.0,33,F1,1,,,,,,2025-05-13
2025-05-13,2025-05-13,CM,BSE,STK,509760,INE370A01019,MODRNSH,X,,,,,MODERN SHARES & STOCKBROKERS L,40.51,47.85,40.51,44.0,44.0,44.0,,44.0,,,515,23160.0,35,F1,1,,,,,,2025-05-13
2025-05-13,2025-05-13,CM,BSE,STK,509820,INE275B01026,HUHTAMAKI,B,,,,,HUHTAMAKI INDIA LIMITED,195.0,197.2,194.3,195.7,195.6,196.2,,195.89,,,6453,1262042.0,329,F1,1,,,,,,2025-05-13
2025-05-13,2025-05-13,CM,BSE,STK,509835,INE940N01012,PREMSYN,X,,,,,PREMIER SYNTHETICS LTD.,17.14,18.2,17.14,17.96,18.0,17.22,,17.96,,,293,5160.0,9,F1,1,,,,,,2025-05-13
2025-05-13,2025-05-13,CM,BSE,STK,509874,INE849C01026,SHALPAINTS,B,,,,,SHALIMAR PAINTS LTD.,101.75,105.0,101.25,104.8,104.9,101.7,,104.88,,,12463,1295442.0,1522,F1,1,,,,,,2025-05-13
2025-05-13,2025-05-13,CM,BSE,STK,509887,INE896E01023,SINNAR,XT,,,,,SINNAR BIDI UDYOG LTD.,821.1,862.15,780.6,829.55,829.55,821.1,,829.55,,,70,59508.0,19,F1,1,,,,,,2025-05-13
2025-05-13,2025-05-13,CM,BSE,STK,509895,INE832D01020,HINDMILL,X,,,,,HINDOOSTAN MILLS LTD.,185.0,185.0,180.1,185.0,185.0,188.55,,185.0,,,518,94401.0,23,F1,1,,,,,,2025-05-13
2025-05-13,2025-05-13,CM,BSE,STK,509930,INE195A01028,SUPREMEIND,A,,,,,SUPREME INDUSTRIES LTD.,3590.8,3621.0,3530.6,3588.15,3577.0,3578.6,,3588.2,,,2302,8257417.0,410,F1,1,,,,,,2025-05-13
2025-05-13,2025-05-13,CM,BSE,STK,509945,INE077P01034,THACKER,X,,,,,THACKER & CO.LTD.,1409.8,1409.8,1281.2,1337.4,1337.4,1384.0,,1337.4,,,65,86107.0,17,F1,1,,,,,,2025-05-13
2025-05-13,2025-05-13,CM,BSE,STK,509960,INE726E01014,UPHOT,X,,,,,U.P.HOTELS LTD.,1675.0,1700.0,1675.0,1698.35,1700.0,1695.0,,1698.35,,,124,210200.0,5,F1,1,,,,,,2025-05-13
2025-05-13,2025-05-13,CM,BSE,STK,509966,INE710A01016,VSTIND,A,,,,,VST INDUSTRIES LTD.,284.95,290.2,284.45,285.85,285.85,284.7,,285.65,,,23069,6614938.0,583,F1,1,,,,,,2025-05-13
2025-05-13,2025-05-13,CM,BSE,STK,510245,INE804A01025,SWASTIVI,X,,,,,SWASTI VINAYAKA SYNTHETICS LTD,5.65,5.76,5.4,5.55,5.55,5.6,,5.55,,,65297,359432.0,229,F1,1,,,,,,2025-05-13
2025-05-13,2025-05-13,CM,BSE,STK,511000,INE856D01011,MADHUSE,X,,,,,MADHUSUDAN SECURITIES LTD.,22.09,22.99,21.75,22.95,22.95,22.09,,22.95,,,883,20094.0,24,F1,1,,,,,,2025-05-13
2025-05-13,2025-05-13,CM,BSE,STK,511012,INE457N01025,YAMNINV,XT,,,,,YAMINI INVESTMENTS COMPANY LTD,1.47,1.5,1.47,1.5,1.5,1.61,,1.5,,,780989,1168283.0,907,F1,1,,,,,,2025-05-13
2025-05-13,2025-05-13,CM,BSE,STK,511018,INE679T01013,ZMILGFIN,X,,,,,MILGREY FINANCE & INVESTMENT L,87.59,87.59,87.02,87.45,87.45,87.59,,87.45,,,347,30341.0,10,F1,1,,,,,,2025-05-13
2025-05-13,2025-05-13,CM,BSE,STK,511034,INE742C01031,JINDRILL,B,,,,,JINDAL DRILLING & INDUSTRIES L,629.95,637.2,623.6,631.65,634.5,621.1,,632.3,,,33775,21294327.0,1313,F1,1,,,,,,2025-05-13
2025-05-13,2025-05-13,CM,BSE,STK,511066,INE302E01014,SAKTHIFIN,X,,,,,SAKTHI FINANCE LTD.,51.5,51.5,48.21,49.9,49.9,51.51,,49.9,,,4620,230208.0,60,F1,1,,,,,,2025-05-13
2025-05-13,2025-05-13,CM,BSE,STK,511076,INE065D01027,SATINDLTD,B,,,,,SAT INDUSTRIES LTD.,82.5,83.61,82.04,82.48,82.39,82.51,,82.62,,,17924,1483844.0,362,F1,1,,,,,,2025-05-13
2025-05-13,2025-05-13,CM,BSE,STK,511092,INE047E01031,JMDVL,XT,,,,,JMD Ventures Limited,6.04,6.04,5.89,6.0,5.9,6.01,,6.0,,,36419,216271.0,131,F1,1,,,,,,2025-05-13
2025-05-13,2025-05-13,CM,BSE,STK,511108,INE705C01020,SHIVATEX,B,,,,,SHIVA TEXYARN LTD.,195.55,195.55,191.1,191.1,191.1,189.1,,192.9,,,32,6238.0,10,F1,1,,,,,,2025-05-13
2025-05-13,2025-05-13,CM,BSE,STK,511110,INE848D01018,VBDESAI,X,,,,,V.B.DESAI FINANCIAL SERVICES L,33.15,34.95,32.1,34.95,34.95,33.74,,34.95,,,1354,44427.0,29,F1,1,,,,,,2025-05-13
2025-05-13,2025-05-13,CM,BSE,STK,511116,INE527B01020,QUADRANT,XT,,,,,QUADRANT TELEVENTURES LIMITED,0.31,0.33,0.31,0.33,0.33,0.32,,0.33,,,15814922,4945890.0,1587,F1,1,,,,,,2025-05-13
2025-05-13,2025-05-13,CM,BSE,STK,511122,INE609B01018,1STCUS,X,,,,,FIRST CUSTODIAN FUND (INDIA) L,125.9,125.9,117.25,124.0,124.0,123.4,,124.0,,,89,10606.0,7,F1,1,,,,,,2025-05-13
2025-05-13,2025-05-13,CM,BSE,STK,511131,INE344D01018,KAMANWALA,XT,,,,,KAMANWALA HOUSING CONSTRUCTION,12.95,13.87,12.84,12.91,12.91,13.46,,12.91,,,3545,46767.0,22,F1,1,,,,,,2025-05-13
2025-05-13,2025-05-13,CM,BSE,STK,511147,INE549D01012,WSFX,X,,,,,WSFX Global Pay Limited,72.0,72.1,70.0,71.69,71.93,72.11,,71.69,,,1126,80016.0,29,F1,1,,,,,,2025-05-13
2025-05-13,2025-05-13,CM,BSE,STK,511153,INE096I01021,ANJANIFOODS,X,,,,,Anjani Foods Limited,30.45,30.55,29.05,30.0,30.0,30.41,,30.0,,,605,18116.0,27,F1,1,,,,,,2025-05-13
2025-05-13,2025-05-13,CM,BSE,STK,511169,INE552N01023,RKDAGRRTL,XT,,,,,RKD AGRI AND RETAIL LIMITED,6.65,6.68,6.55,6.55,6.55,6.68,,6.55,,,1103,7225.0,4,F1,1,,,,,,2025-05-13
2025-05-13,2025-05-13,CM,BSE,STK,511176,INE635I01018,PARSHWANA,X,,,,,PARSHWANATH CORPORATION LTD.,153.05,153.05,150.95,150.95,150.95,145.8,,150.95,,,8,1214.0,3,F1,1,,,,,,2025-05-13
2025-05-13,2025-05-13,CM,BSE,STK,511187,INE570N01025,MILLENNIUM,X,,,,,Millennium Online Solutions (I,2.15,2.49,2.0,2.13,2.13,2.36,,2.13,,,24264,51377.0,48,F1,1,,,,,,2025-05-13
2025-05-13,2025-05-13,CM,BSE,STK,511194,INE613B01010,ICDSLTD,B,,,,,ICDS LTD.,40.8,41.1,40.1,40.29,40.29,41.8,,41.78,,,222,9061.0,11,F1,1,,,,,,2025-05-13
2025-05-13,2025-05-13,CM,BSE,STK,511196,INE477A01020,CANFINHOME,A,,,,,CAN FIN HOMES LTD.,731.65,733.95,719.0,720.85,722.3,727.85,,720.55,,,4451,3233034.0,272,F1,1,,,,,,2025-05-13
2025-05-13,2025-05-13,CM,BSE,STK,511208,INE050B01023,IVC,B,,,,,IL&FS INVESTMENT MANAGERS LTD.,9.65,9.65,9.11,9.25,9.26,9.47,,9.24,,,102245,960858.0,750,F1,1,,,,,,2025-05-13
2025-05-13,2025-05-13,CM,BSE,STK,511218,INE721A01047,SHRIRAMFIN,A,,,,,Shriram Finance Limited,643.65,646.8,632.0,633.3,633.6,645.2,,633.6,,,85821,54892944.0,2937,F1,1,,,,,,2025-05-13
2025-05-13,2025-05-13,CM,BSE,STK,511243,INE121A01024,CHOLAFIN,A,,,,,CHOLAMANDALAM INVESTMENT AND F,1575.0,1593.8,1569.0,1578.6,1579.8,1579.6,,1578.8,,,22157,35039739.0,1693,F1,1,,,,,,2025-05-13
2025-05-13,2025-05-13,CM,BSE,STK,511333,INE709A01018,VLSFINANCE,B,,,,,VLS FINANCE LTD.,237.9,253.65,237.15,248.5,250.35,239.4,,249.33,,,6060,1504933.0,266,F1,1,,,,,,2025-05-13
2025-05-13,2025-05-13,CM,BSE,STK,511355,INE429D01017,INDCEMCAP,XT,,,,,INDIA CEMENTS CAPITAL LTD.,14.15,14.8,14.15,14.79,14.7,14.1,,14.79,,,2272,33231.0,34,F1,1,,,,,,2025-05-13
2025-05-13,2025-05-13,CM,BSE,STK,511359,INE556D01017,ADMANUM,X,,,,,AD-MANUM FINANCE LTD.,71.0,71.39,67.51,70.76,71.39,69.14,,70.76,,,3029,209081.0,24,F1,1,,,,,,2025-05-13
2025-05-13,2025-05-13,CM,BSE,STK,511391,INE661M01016,INTRGLB,X,,,,,INTER GLOBE FINANCE LTD.,68.7,70.42,65.1,68.0,68.0,68.5,,68.0,,,46,3119.0,9,F1,1,,,,,,2025-05-13
2025-05-13,2025-05-13,CM,BSE,STK,511411,INE472C01027,SHRISTI,X,,,,,SHRISTI INFRASTRUCTURE DEVELOP,34.45,38.0,34.45,38.0,38.0,36.72,,38.0,,,756,27482.0,4,F1,1,,,,,,2025-05-13
2025-05-13,2025-05-13,CM,BSE,STK,511413,INE559D01011,CREST,B,,,,,CREST,399.0,399.0,393.0,393.8,393.8,385.0,,392.0,,,147,58492.0,5,F1,1,,,,,,2025-05-13
2025-05-13,2025-05-13,CM,BSE,STK,511431,INE051B01021,VAKRANGEE,T,,,,,VAKRANGEE LIMITED,9.75,9.75,8.83,9.75,9.75,9.29,,9.74,,,737789,7168392.0,772,F1,1,,,,,,2025-05-13
2025-05-13,2025-05-13,CM,BSE,STK,511441,INE034B01019,GUJCRED,XT,,,,,GUJARAT CREDIT CORPORATION LTD,35.81,36.9,35.81,35.82,35.82,36.54,,35.82,,,25825,925158.0,5,F1,1,,,,,,2025-05-13
2025-05-13,2025-05-13,CM,BSE,STK,511447,INE706F01021,SYLPH,X,,,,,SYLPH TECHNOLOGIES LTD.,0.89,0.89,0.81,0.86,0.86,0.87,,0.86,,,789671,679159.0,327,F1,1,,,,,,2025-05-13
2025-05-13,2025-05-13,CM,BSE,STK,511451,INE899D01011,DHARFIN,X,,,,,DHARANI FINANCE LTD.,12.19,12.19,12.19,12.19,12.19,11.62,,12.19,,,1,12.0,1,F1,1,,,,,,2025-05-13
2025-05-13,2025-05-13,CM,BSE,STK,511463,INE191N01012,ALEXANDER,X,,,,,Alexander Stamps And Coin Limi,15.9,15.9,15.0,15.54,15.64,15.13,,15.54,,,64466,990105.0,153,F1,1,,,,,,2025-05-13
2025-05-13,2025-05-13,CM,BSE,STK,511473,INE841B01017,INDBANK,B,,,,,INDBANK MERCHANT BANKING SERVI,30.0,33.54,30.0,33.54,33.54,32.16,,33.25,,,3849,126941.0,68,F1,1,,,,,,2025-05-13
2025-05-13,2025-05-13,CM,BSE,STK,511493,INE488C01015,SHRYDUS,XT,,,,,SHRYDUS INDUSTRIES LIMITED,4.47,4.47,4.47,4.47,4.47,4.26,,4.47,,,35195,157321.0,31,F1,1,,,,,,2025-05-13
2025-05-13,2025-05-13,CM,BSE,STK,511501,INE900A01013,BHARAT,X,,,,,Bharat Bhushan Finance & Commo,54.9,58.32,54.7,57.71,58.31,53.03,,57.71,,,5339,301888.0,150,F1,1,,,,,,2025-05-13
2025-05-13,2025-05-13,CM,BSE,STK,511505,INE707C01018,CAPTRUST,B,,,,,CAPITAL TRUST LTD.,83.0,84.5,83.0,84.5,84.5,83.7,,83.58,,,505,42515.0,17,F1,1,,,,,,2025-05-13
2025-05-13,2025-05-13,CM,BSE,STK,511507,INE697C01011,USHAKIRA,X,,,,,USHAKIRAN FINANCE LTD.,40.37,42.38,38.36,38.36,38.36,40.37,,38.36,,,254,10143.0,12,F1,1,,,,,,2025-05-13
2025-05-13,2025-05-13,CM,BSE,STK,511509,INE380K01017,VIVOBIOT,X,,,,,VIVO BIO TECH LTD.,38.88,41.0,38.2,40.52,40.57,38.09,,40.52,,,245729,9803654.0,603,F1,1,,,,,,2025-05-13
2025-05-13,2025-05-13,CM,BSE,STK,511523,INE882C01035,VEERHEALTH,XT,,,,,VEERHEALTH CARE LIMITED,12.0,12.0,11.81,11.98,11.98,12.0,,11.98,,,9400,112545.0,32,F1,1,,,,,,2025-05-13
2025-05-13,2025-05-13,CM,BSE,STK,511525,INE376A01032,PANINDIAC,X,,,,,PAN INDIA CORPORATION LTD.,2.46,2.76,2.46,2.69,2.76,2.58,,2.69,,,101251,266958.0,280,F1,1,,,,,,2025-05-13
2025-05-13,2025-05-13,CM,BSE,STK,511533,INE135C01012,SAHARAHOUS,X,,,,,SAHARA HOUSINGFINA CORPORATION,45.0,45.0,40.24,41.29,41.29,41.11,,41.29,,,2860,118793.0,26,F1,1,,,,,,2025-05-13
2025-05-13,2025-05-13,CM,BSE,STK,511535,INE026C01013,NDASEC,X,,,,,NDA SECURITIES LTD.,58.0,59.7,53.06,57.56,58.01,50.29,,57.56,,,107514,6036637.0,570,F1,1,,,,,,2025-05-13
2025-05-13,2025-05-13,CM,BSE,STK,511543,INE777C01011,GSBFIN,XT,,,,,GSB FINANCE LTD.,28.74,28.74,28.74,28.74,28.74,30.25,,28.74,,,327,9397.0,6,F1,1,,,,,,2025-05-13
2025-05-13,2025-05-13,CM,BSE,STK,511549,INE367A01015,MORARKFI,X,,,,,MORARKA FINANCE LTD.,114.2,115.0,111.95,115.0,115.0,114.2,,115.0,,,445,50379.0,28,F1,1,,,,,,2025-05-13
2025-05-13,2025-05-13,CM,BSE,STK,511551,INE903D01011,MONARCH,B,,,,,Monarch Networth Capital Limit,313.0,326.85,297.65,309.3,309.0,318.75,,309.25,,,9673,3006502.0,451,F1,1,,,,,,2025-05-13
2025-05-13,2025-05-13,CM,BSE,STK,511557,INE732K01027,PROFINC,XT,,,,,PRO FIN CAPITAL SERVICES LTD.,4.23,4.33,4.02,4.23,4.29,4.23,,4.23,,,521250,2159901.0,202,F1,1,,,,,,2025-05-13
2025-05-13,2025-05-13,CM,BSE,STK,511559,INE289C01025,TIMESGTY,B,,,,,TIMES GUARANTY LTD.,178.0,188.95,171.55,178.55,178.55,178.3,,175.13,,,1487,262828.0,59,F1,1,,,,,,2025-05-13
2025-05-13,2025-05-13,CM,BSE,STK,511563,INE654D01010,SANCF,Z,,,,,SANCHAY FINVEST LTD.,29.23,30.69,29.23,29.25,30.69,29.23,,29.25,,,67,1959.0,2,F1,1,,,,,,2025-05-13
2025-05-13,2025-05-13,CM,BSE,STK,511571,INE754C01010,SODFC,X,,,,,SOM DATT FINANCE CORPORATION L,99.95,99.95,99.46,99.95,99.95,98.1,,99.95,,,93,9279.0,7,F1,1,,,,,,2025-05-13
2025-05-13,2025-05-13,CM,BSE,STK,511577,INE304E01010,SAVFI,X,,,,,SAVANI FINANCIALS LTD.,15.85,16.69,15.0,16.33,16.33,15.24,,16.33,,,231,3737.0,10,F1,1,,,,,,2025-05-13
2025-05-13,2025-05-13,CM,BSE,STK,511585,INE425F01028,BEFOUNDMOL,X,,,,,BEFOUND MOVEMENT LIMITED,3.42,3.42,3.42,3.42,3.42,3.36,,3.42,,,31,106.0,2,F1,1,,,,,,2025-05-13
2025-05-13,2025-05-13,CM,BSE,STK,511589,INE323B01024,AVONMORE,T,,,,,AVONMORE CAPITAL & MANAGEMENT,19.98,20.97,19.58,20.97,20.97,19.98,,21.11,,,14428,292832.0,62,F1,1,,,,,,2025-05-13
2025-05-13,2025-05-13,CM,BSE,STK,511593,INE212B01011,LIBORDFIN,X,,,,,LIBORD FINANCE LTD,21.0,22.5,21.0,21.23,22.49,21.43,,21.23,,,3472,75506.0,48,F1,1,,,,,,2025-05-13
2025-05-13,2025-05-13,CM,BSE,STK,511601,INE216B01012,YASHMGM,X,,,,,YASH MANAGEMENT & SATELLITE LT,11.2,12.84,10.5,10.8,10.8,10.7,,10.8,,,181381,2154916.0,340,F1,1,,,,,,2025-05-13
2025-05-13,2025-05-13,CM,BSE,STK,511605,INE420B01036,ARIHANTCAP,B,,,,,ARIHANT CAPITAL MARKETS LTD.,65.23,71.89,65.23,70.1,70.78,66.56,,70.04,,,17837,1229020.0,160,F1,1,,,,,,2025-05-13
2025-05-13,2025-05-13,CM,BSE,STK,511609,INE569B01022,ISLCONSUL,X,,,,,ISL CONSULTING LTD.,25.5,25.59,24.5,24.88,25.59,25.5,,24.88,,,1777,44038.0,18,F1,1,,,,,,2025-05-13
2025-05-13,2025-05-13,CM,BSE,STK,511611,INE891B01012,DCMFINSERV,B,,,,,DCM FINANCIAL SERVICES LTD.,5.5,5.75,5.36,5.64,5.71,5.28,,5.7,,,1837,10310.0,29,F1,1,,,,,,2025-05-13
2025-05-13,2025-05-13,CM,BSE,STK,511626,INE229D01011,RRFIN,XT,,,,,RR FINANCIAL CONSULTANTS LTD.,15.45,17.06,15.45,15.5,15.5,16.25,,15.5,,,891,14206.0,9,F1,1,,,,,,2025-05-13
2025-05-13,2025-05-13,CM,BSE,STK,511628,INE417D01020,FEDDERSHOL,T,,,,,FEDDERS HOLDING LIMITED,44.98,45.95,44.5,45.41,45.56,44.88,,45.41,,,7018,317357.0,72,F1,1,,,,,,2025-05-13
2025-05-13,2025-05-13,CM,BSE,STK,511630,INE699B01027,SAMBHAAV,T,,,,,SAMBHAAV MEDIA LTD.,6.35,6.53,6.35,6.53,6.53,6.22,,6.54,,,3213,20843.0,14,F1,1,,,,,,2025-05-13
2025-05-13,2025-05-13,CM,BSE,STK,511634,INE919M01026,DUGARHOU,X,,,,,DUGAR HOUSING DEVELOPMENTS LTD,21.95,21.95,21.95,21.95,21.95,20.91,,21.95,,,69,1514.0,2,F1,1,,,,,,2025-05-13
2025-05-13,2025-05-13,CM,BSE,STK,511636,INE234E01027,DJSSS,XT,,,,,DJS STOCK & SHARES LTD.,1.88,1.91,1.88,1.91,1.91,1.88,,1.91,,,7989,15257.0,37,F1,1,,,,,,2025-05-13
2025-05-13,2025-05-13,CM,BSE,STK,511644,INE113B01029,OMEGAIN,XT,,,,,OMEGA INTERACTIVE TECHNOLOGIES,201.0,205.0,201.0,205.0,205.0,201.0,,205.0,,,87,17491.0,8,F1,1,,,,,,2025-05-13
2025-05-13,2025-05-13,CM,BSE,STK,511654,INE309D01011,SUGALDAM,X,,,,,SUGAL & DAMANI SHARE BROKERS L,72.45,72.45,72.45,72.45,72.45,69.0,,72.45,,,479,34703.0,17,F1,1,,,,,,2025-05-13
2025-05-13,2025-05-13,CM,BSE,STK,511658,INE027D01019,NETTLINX,XT,,,,,NETTLINX LTD.,31.4,31.88,30.75,31.35,31.68,30.89,,31.35,,,9892,308168.0,134,F1,1,,,,,,2025-05-13
2025-05-13,2025-05-13,CM,BSE,STK,511664,INE443D01018,BGIL,X,,,,,BGIL FILMS & TECHNOLOGIES LTD.,7.96,7.96,7.5,7.51,7.51,7.26,,7.51,,,945,7184.0,13,F1,1,,,,,,2025-05-13
2025-05-13,2025-05-13,CM,BSE,STK,511672,INE099G01011,SCANSTL,X,,,,,Scan Steels Limited,34.75,35.0,33.52,34.68,34.2,34.11,,34.68,,,24146,829617.0,125,F1,1,,,,,,2025-05-13
2025-05-13,2025-05-13,CM,BSE,STK,511676,INE289B01019,GICHSGFIN,B,,,,,GIC HOUSING FINANCE LTD.,181.95,184.75,181.3,184.15,184.15,180.65,,183.82,,,19321,3540123.0,1202,F1,1,,,,,,2025-05-13
2025-05-13,2025-05-13,CM,BSE,STK,511692,INE759C01019,AJCON,X,,,,,AJCON GLOBAL SERVICES LTD.,78.0,78.0,77.6,77.6,77.6,78.75,,77.6,,,37,2871.0,3,F1,1,,,,,,2025-05-13
2025-05-13,2025-05-13,CM,BSE,STK,511700,INE625D01028,STANCAP,X,,,,,STANDARD CAPITAL MARKETS LTD.,0.4,0.41,0.39,0.41,0.41,0.4,,0.41,,,18645326,7541742.0,3373,F1,1,,,,,,2025-05-13
2025-05-13,2025-05-13,CM,BSE,STK,511702,INE290E01011,YOGI,X,,,,,YOGI LIMITED,142.45,142.45,139.0,140.4,140.95,142.45,,140.4,,,3428,481462.0,69,F1,1,,,,,,2025-05-13
2025-05-13,2025-05-13,CM,BSE,STK,511710,INE717D01023,CUBIFIN,X,,,,,CUBICAL FINANCIAL SERVICES LTD,2.18,2.26,2.11,2.23,2.23,2.18,,2.23,,,32777,70862.0,86,F1,1,,,,,,2025-05-13
2025-05-13,2025-05-13,CM,BSE,STK,511712,INE452B01013,RELICTEC,XT,,,,,RELIC TECHNOLOGIES LTD.,77.42,77.42,77.0,77.25,77.25,73.74,,77.25,,,1525,117833.0,23,F1,1,,,,,,2025-05-13
2025-05-13,2025-05-13,CM,BSE,STK,511714,INE875B01015,NIMBSPROJ,XT,,,,,NIMBUS PROJECTS LTD.,235.35,244.4,223.6,243.25,243.25,235.35,,243.25,,,1016,228467.0,22,F1,1,,,,,,2025-05-13
2025-05-13,2025-05-13,CM,BSE,STK,511716,INE359A01012,INVIGO,XT,,,,,Invigorated Business Consultin,8.05,8.47,8.05,8.05,8.05,8.47,,8.05,,,5804,46765.0,10,F1,1,,,,,,2025-05-13
2025-05-13,2025-05-13,CM,BSE,STK,511724,INE020D01022,BAIDFIN,B,,,,,BAID FINSERV LIMITED,10.08,10.22,9.95,10.0,9.97,10.13,,9.98,,,33421,334506.0,289,F1,1,,,,,,2025-05-13
2025-05-13,2025-05-13,CM,BSE,STK,511726,INE946H01037,VIPULLTD,T,,,,,VIPUL LTD.,11.1,11.89,11.1,11.57,11.58,11.36,,11.47,,,10804,125555.0,71,F1,1,,,,,,2025-05-13
2025-05-13,2025-05-13,CM,BSE,STK,511728,INE006C01015,KZLFIN,XT,,,,,K.Z.LEASING & FINANCE LTD.,24.9,24.9,24.9,24.9,24.9,24.42,,24.9,,,330,8217.0,2,F1,1,,,,,,2025-05-13
2025-05-13,2025-05-13,CM,BSE,STK,511734,INE527C01010,PASUFIN,XT,,,,,PASUPATI FINCAP LTD.,14.5,15.49,14.03,14.03,14.03,14.76,,14.03,,,14611,205406.0,54,F1,1,,,,,,2025-05-13
2025-05-13,2025-05-13,CM,BSE,STK,511740,INE239B01014,RFL,X,,,,,RUPAREL FOOD PRODUCTS LIMITED,162.3,179.3,162.3,162.3,162.3,170.8,,162.3,,,618,100388.0,10,F1,1,,,,,,2025-05-13
2025-05-13,2025-05-13,CM,BSE,STK,511742,INE583D01011,UGROCAP,B,,,,,UGRO CAPITAL LIMITED,178.9,186.15,176.9,184.35,185.1,176.85,,183.94,,,12786,2334619.0,463,F1,1,,,,,,2025-05-13
2025-05-13,2025-05-13,CM,BSE,STK,511754,INE861D01011,SAHLIBHFI,X,,,,,SHALIBHADRA FINANCE LTD.,536.2,549.0,534.9,540.0,540.0,540.2,,540.0,,,382,205943.0,27,F1,1,,,,,,2025-05-13
2025-05-13,2025-05-13,CM,BSE,STK,511756,INE195I01013,ABIRAFN,Z,,,,,ABIRAMI FINANCIAL SERVICES (IN,43.0,43.0,43.0,43.0,43.0,43.0,,43.0,,,4,172.0,4,F1,1,,,,,,2025-05-13
2025-05-13,2025-05-13,CM,BSE,STK,511760,INE518D01025,SEVENHILL,Z,,,,,SEVEN HILL INDUSTRIES LIMITED,0.78,0.8,0.77,0.77,0.77,0.77,,0.77,,,100053,78553.0,196,F1,1,,,,,,2025-05-13
2025-05-13,2025-05-13,CM,BSE,STK,511764,INE819K01014,AASTAFIN,X,,,,,Aastamangalam Finance Limited,29.66,30.49,28.8,29.11,28.8,29.85,,29.11,,,12321,362245.0,44,F1,1,,,,,,2025-05-13
2025-05-13,2025-05-13,CM,BSE,STK,511766,INE296G01013,MUTHOOTCAP,B,,,,,MUTHOOT CAPITAL SERVICES LTD.,281.3,295.0,279.85,290.55,295.0,278.7,,291.0,,,1182,339860.0,102,F1,1,,,,,,2025-05-13
2025-05-13,2025-05-13,CM,BSE,STK,511768,INE677D01037,MASTERTR,B,,,,,MASTER TRUST LTD.,154.6,158.65,152.0,156.65,154.55,155.2,,156.64,,,3515,546311.0,176,F1,1,,,,,,2025-05-13
2025-05-13,2025-05-13,CM,BSE,STK,512008,INE886D01026,EFCIL,B,,,,,EFC (I) LIMITED,274.0,282.8,272.1,276.2,276.2,275.9,,276.2,,,391836,108626733.0,1708,F1,1,,,,,,2025-05-13
2025-05-13,2025-05-13,CM,BSE,STK,512014,INE754D01018,SOBME,XT,,,,,SOBHAGYA MERCHANTILE LTD.,404.35,404.35,387.2,387.2,387.2,407.55,,387.2,,,1950,760471.0,101,F1,1,,,,,,2025-05-13
2025-05-13,2025-05-13,CM,BSE,STK,512018,INE135H01029,CNIRESLTD,XT,,,,,CNI RESEARCH LTD.,10.3,10.3,9.88,10.13,9.96,9.88,,10.13,,,38010,386130.0,115,F1,1,,,,,,2025-05-13
2025-05-13,2025-05-13,CM,BSE,STK,512020,INE967G01019,ZSARACOM,T,,,,,SARASWATI COMMERCIAL (INDIA) L,16537.2,16537.2,15108.0,16269.0,16050.0,15749.75,,16269.0,,,147,2414057.0,78,F1,1,,,,,,2025-05-13
2025-05-13,2025-05-13,CM,BSE,STK,512025,INE767M01029,BANGANGA,XT,,,,,BANGANGA PAPER INDUSTRIES LIMI,79.49,80.05,78.66,79.52,80.05,79.1,,79.52,,,79353,6308784.0,103,F1,1,,,,,,2025-05-13
2025-05-13,2025-05-13,CM,BSE,STK,512026,INE603D01017,VEGA,XT,,,,,VEGA JEWELLERS LIMITED,61.09,61.09,61.09,61.09,61.09,59.9,,61.09,,,4,244.0,2,F1,1,,,,,,2025-05-13
2025-05-13,2025-05-13,CM,BSE,STK,512036,INE393H01016,KAPILCO,XT,,,,,KAPIL COTEX LTD.,180.15,180.15,180.15,180.15,180.15,189.6,,180.15,,,125,22518.0,5,F1,1,,,,,,2025-05-13
2025-05-13,2025-05-13,CM,BSE,STK,512038,INE887D01016,TCC,B,,,,,TCC CONCEPT LIMITED,425.4,445.0,425.4,440.2,440.1,418.1,,440.2,,,51942,22770840.0,173,F1,1,,,,,,2025-05-13
2025-05-13,2025-05-13,CM,BSE,STK,512047,INE510H01015,ROYALIND,XT,,,,,ROYAL INDIA CORPORATION LIMITE,8.6,8.64,8.2,8.22,8.25,8.23,,8.22,,,261677,2166652.0,148,F1,1,,,,,,2025-05-13
2025-05-13,2025-05-13,CM,BSE,STK,512048,INE195E01020,LUHARUKA,X,,,,,Luharuka Media & Infra Limited,4.41,4.77,4.41,4.69,4.77,4.41,,4.69,,,210956,963269.0,162,F1,1,,,,,,2025-05-13
2025-05-13,2025-05-13,CM,BSE,STK,512063,INE048E01013,WARDHEALTH,P,,,,,WARDWIZARD HEALTHCARE LIMITED,21.87,21.87,21.87,21.87,21.87,20.83,,21.87,,,50,1093.0,1,F1,50,,,,,,2025-05-13
2025-05-13,2025-05-13,CM,BSE,STK,512064,INE762D01011,VISVEN,X,,,,,VISHVPRABHA VENTURES LIMITED,68.0,74.0,65.23,66.02,70.0,68.85,,66.02,,,3120,218183.0,28,F1,1,,,,,,2025-05-13
2025-05-13,2025-05-13,CM,BSE,STK,512068,INE945F01025,DECNGOLD,B,,,,,DECCAN GOLD MINES LTD.,124.0,126.0,120.95,122.1,122.1,123.8,,122.1,,,266248,32912153.0,2032,F1,1,,,,,,2025-05-13
2025-05-13,2025-05-13,CM,BSE,STK,512070,INE628A01036,UPL,A,,,,,UPL LIMITED,676.15,680.35,639.05,643.45,643.45,675.9,,642.85,,,213601,138157820.0,5435,F1,1,,,,,,2025-05-13
2025-05-13,2025-05-13,CM,BSE,STK,512093,INE234B01023,CRANESSOFT,Z,,,,,CRANES SOFTWARE INTERNATIONAL,3.97,4.0,3.83,3.95,4.0,3.83,,3.95,,,11777,46098.0,73,F1,1,,,,,,2025-05-13
2025-05-13,2025-05-13,CM,BSE,STK,512097,INE092G01024,SAICOM,X,,,,,SAIANAND COMMERCIAL LIMITED,0.35,0.36,0.34,0.35,0.36,0.35,,0.35,,,767026,270406.0,296,F1,1,,,,,,2025-05-13
2025-05-13,2025-05-13,CM,BSE,STK,512099,INE750G01019,EY,XT,,,,,EYANTRA VENTURES LIMITED,928.7,976.95,928.7,928.7,928.7,977.55,,928.7,,,20,18622.0,7,F1,1,,,,,,2025-05-13
2025-05-13,2025-05-13,CM,BSE,STK,512103,INE276H01013,NIDHGRN,XT,,,,,NIDHI GRANITES LTD.,164.4,167.65,164.4,167.65,167.65,164.4,,167.65,,,262,43404.0,9,F1,1,,,,,,2025-05-13
2025-05-13,2025-05-13,CM,BSE,STK,512115,INE649C01012,ROSEMER,XT,,,,,ROSE MERC.LTD.,49.9,49.9,49.9,49.9,49.9,50.91,,49.9,,,515,25698.0,2,F1,1,,,,,,2025-05-13
2025-05-13,2025-05-13,CM,BSE,STK,512131,INE529F01035,SIGIND,B,,,,,SIGNET INDUSTRIES LIMITED,51.26,55.49,51.26,54.35,54.9,53.56,,54.24,,,3444,186121.0,448,F1,1,,,,,,2025-05-13
2025-05-13,2025-05-13,CM,BSE,STK,512149,INE758A01072,AVANCE,X,,,,,AVANCE TECHNOLOGIES LTD.,0.64,0.65,0.63,0.64,0.64,0.63,,0.64,,,3451919,2207588.0,2200,F1,1,,,,,,2025-05-13
2025-05-13,2025-05-13,CM,BSE,STK,512161,INE650K01021,SECURKLOUD,T,,,,,SECUREKLOUD TECHNOLOGIES LIMIT,24.01,24.01,24.01,24.01,24.01,24.5,,24.01,,,876,21032.0,13,F1,1,,,,,,2025-05-13
2025-05-13,2025-05-13,CM,BSE,STK,512165,INE365O01028,ABANSENT,X,,,,,ABANS ENTERPRISES LTD,27.6,29.2,26.4,27.88,28.61,28.16,,27.88,,,206853,5888940.0,54,F1,1,,,,,,2025-05-13
2025-05-13,2025-05-13,CM,BSE,STK,512175,INE685D01022,VAMA,X,,,,,VAMA INDUSTRIES LTD.,6.5,6.85,6.5,6.65,6.63,6.53,,6.65,,,17826,119241.0,94,F1,1,,,,,,2025-05-13
2025-05-13,2025-05-13,CM,BSE,STK,512179,INE805D01034,SUNTECK,A,,,,,SUNTECK REALTY LTD.,391.1,410.0,391.1,406.25,404.2,395.75,,405.3,,,18236,7382585.0,649,F1,1,,,,,,2025-05-13
2025-05-13,2025-05-13,CM,BSE,STK,512197,INE798C01017,SILVERO,Z,,,,,SILVER OAK COMMERCIAL LTD.,6.99,7.01,6.65,6.68,6.65,6.99,,6.68,,,2842,19391.0,13,F1,1,,,,,,2025-05-13
2025-05-13,2025-05-13,CM,BSE,STK,512217,INE730E01016,PRISMMEDI,XT,,,,,PRISM MEDICO AND PHARMACY LTD.,13.72,13.72,13.45,13.45,13.45,13.72,,13.45,,,338,4583.0,12,F1,1,,,,,,2025-05-13
2025-05-13,2025-05-13,CM,BSE,STK,512229,INE379J01029,VERITAS,T,,,,,VERITAS (INDIA) LTD.,388.4,388.4,373.2,385.35,388.4,380.8,,385.35,,,23475,8894293.0,330,F1,1,,,,,,2025-05-13
2025-05-13,2025-05-13,CM,BSE,STK,512237,INE070D01027,JAICORPLTD,A,,,,,JAI CORP LTD.,88.99,91.64,88.41,91.64,91.64,87.28,,91.53,,,81029,7398519.0,580,F1,1,,,,,,2025-05-13
2025-05-13,2025-05-13,CM,BSE,STK,512247,INE894A01026,ASHCAP,X,,,,,ASHIRWAD CAPITAL LTD.,4.05,4.13,4.02,4.06,4.06,4.11,,4.06,,,178096,728616.0,499,F1,1,,,,,,2025-05-13
2025-05-13,2025-05-13,CM,BSE,STK,512257,INE895A01023,SVARTCORP,X,,,,,SWASTI VINAYAKA ART AND HERITA,3.82,3.96,3.81,3.89,3.9,3.89,,3.89,,,32640,126356.0,157,F1,1,,,,,,2025-05-13
2025-05-13,2025-05-13,CM,BSE,STK,512267,INE200D01020,MMWL,T,,,,,MEDIA MATRIX WORLDWIDE LTD.,8.79,8.79,8.79,8.79,8.79,8.62,,8.79,,,22653,199119.0,47,F1,1,,,,,,2025-05-13
2025-05-13,2025-05-13,CM,BSE,STK,512277,INE340U01010,AUTOINT,XT,,,,,AUTORIDERS INTERNATIONAL LTD.,385.65,385.65,385.65,385.65,385.65,367.3,,385.65,,,1,385.0,1,F1,1,,,,,,2025-05-13
2025-05-13,2025-05-13,CM,BSE,STK,512296,INE458B01036,BHAGYANGR,B,,,,,BHAGYANAGAR INDIA LTD.,73.26,74.06,72.61,73.34,73.9,71.82,,73.39,,,3040,222571.0,50,F1,1,,,,,,2025-05-13
2025-05-13,2025-05-13,CM,BSE,STK,512297,INE408F01024,SHANTAI,X,,,,,Shantai Industries Limited,14.88,15.77,14.27,15.37,15.37,15.02,,15.37,,,59394,930123.0,193,F1,1,,,,,,2025-05-13
2025-05-13,2025-05-13,CM,BSE,STK,512301,INE417N01011,CHMBBRW,XT,,,,,CHAMBAL BREWERIES & DISTILLERI,4.9,4.9,4.9,4.9,4.9,5.13,,4.9,,,100,490.0,3,F1,1,,,,,,2025-05-13
2025-05-13,2025-05-13,CM,BSE,STK,512329,INE385F01024,SGMART,B,,,,,SG MART LIMITED,350.0,360.0,345.05,354.45,354.45,353.15,,354.45,,,77903,27639066.0,851,F1,1,,,,,,2025-05-13
2025-05-13,2025-05-13,CM,BSE,STK,512344,INE068C01015,ARAVALIS,X,,,,,ARAVALI SECURITIES & FINANCE L,4.35,4.35,4.27,4.27,4.27,4.15,,4.27,,,2339,10047.0,7,F1,1,,,,,,2025-05-13
2025-05-13,2025-05-13,CM,BSE,STK,512345,INE745A01012,YASTF,XT,,,,,YASH TRADING & FINANCE LTD.,166.9,166.9,166.9,166.9,166.9,163.65,,166.9,,,200,33380.0,1,F1,1,,,,,,2025-05-13
2025-05-13,2025-05-13,CM,BSE,STK,512361,INE108G01010,CUPIDALBV,XT,,,,,CUPID BREWERIES AND DISTILLERI,82.1,85.9,82.1,85.9,85.9,81.85,,85.9,,,3161,270785.0,28,F1,1,,,,,,2025-05-13
2025-05-13,2025-05-13,CM,BSE,STK,512379,INE716D01033,CRSL,XT,,,,,CRESSANDA RAILWAY SOLUTIONS LI,4.8,4.93,4.8,4.89,4.89,4.74,,4.89,,,617362,3010144.0,1634,F1,1,,,,,,2025-05-13
2025-05-13,2025-05-13,CM,BSE,STK,512381,INE992I01013,STARTECK,B,,,,,STARTECK FINANCE LIMITED,300.9,303.4,275.1,295.45,275.1,299.2,,297.45,,,3543,1066344.0,76,F1,1,,,,,,2025-05-13
2025-05-13,2025-05-13,CM,BSE,STK,512393,INE037B01020,SHARDUL,XT,,,,,SHARDUL SECURITIES LTD.,44.2,44.2,42.25,42.98,42.99,42.18,,42.98,,,3648,156791.0,51,F1,1,,,,,,2025-05-13
2025-05-13,2025-05-13,CM,BSE,STK,512399,INE017I01027,SERA,XT,,,,,SERA INVESTMENTS & FINANCE IND,34.8,36.25,34.5,34.79,35.0,35.0,,34.79,,,13056,456246.0,147,F1,1,,,,,,2025-05-13
2025-05-13,2025-05-13,CM,BSE,STK,512415,INE319T01016,MERCTRD,XT,,,,,MERCURY TRADE LINKS LTD.,20.06,20.06,19.29,19.96,19.96,19.68,,19.96,,,27479,536203.0,93,F1,1,,,,,,2025-05-13
2025-05-13,2025-05-13,CM,BSE,STK,512425,INE242B01018,NIRAVCOM,XT,,,,,NIRAV COMMERCIALS LTD.,899.0,899.0,899.0,899.0,899.0,899.0,,899.0,,,2,1798.0,2,F1,1,,,,,,2025-05-13
2025-05-13,2025-05-13,CM,BSE,STK,512437,INE412D01013,APOLLOFI,X,,,,,APOLLO FINVEST (INDIA) LTD.,580.0,599.2,580.0,596.5,599.2,574.0,,596.5,,,61,35558.0,6,F1,1,,,,,,2025-05-13
2025-05-13,2025-05-13,CM,BSE,STK,512441,INE993I01029,ENBETRD,X,,,,,Enbee Trade &amp; Finance Ltd,0.74,0.79,0.73,0.73,0.73,0.76,,0.73,,,5438465,4032137.0,651,F1,1,,,,,,2025-05-13
2025-05-13,2025-05-13,CM,BSE,STK,512443,INE162L01017,GANONPRO,X,,,,,Ganon Products Limited,6.16,6.87,6.16,6.59,6.59,6.54,,6.59,,,1514,9826.0,23,F1,1,,,,,,2025-05-13
2025-05-13,2025-05-13,CM,BSE,STK,512453,INE564J01026,SHRJAGP,X,,,,,SHRI JAGDAMBA POLYMERS LTD.,1000.0,1032.75,1000.0,1009.5,1011.0,1007.2,,1009.5,,,951,961916.0,111,F1,1,,,,,,2025-05-13
2025-05-13,2025-05-13,CM,BSE,STK,512455,INE281B01032,LLOYDSME,A,,,,,LLOYDS METALS AND ENERGY LTD.,1271.4,1281.9,1256.6,1266.35,1266.9,1265.2,,1267.0,,,19585,24851904.0,1064,F1,1,,,,,,2025-05-13
2025-05-13,2025-05-13,CM,BSE,STK,512463,INE080I01025,LLOYDSENT,B,,,,,LLOYDS ENTERPRISES LIMITED,51.59,51.95,51.09,51.66,51.63,51.5,,51.61,,,99796,5129292.0,656,F1,1,,,,,,2025-05-13
2025-05-13,2025-05-13,CM,BSE,STK,512477,INE765L01017,BETXIND,X,,,,,BETEX INDIA LTD.,400.05,449.0,400.0,446.0,446.0,422.65,,446.0,,,41,17706.0,8,F1,1,,,,,,2025-05-13
2025-05-13,2025-05-13,CM,BSE,STK,512485,INE977F01010,DHANCOT,XT,,,,,DHANLAXMI COTEX LTD.,156.25,156.25,156.25,156.25,156.25,164.45,,156.25,,,416,65000.0,11,F1,1,,,,,,2025-05-13
2025-05-13,2025-05-13,CM,BSE,STK,512489,INE876A01023,OASISEC,X,,,,,OASIS SECURITIES LTD.,28.5,29.89,28.1,29.87,29.87,29.02,,29.87,,,7342,209184.0,12,F1,1,,,,,,2025-05-13
2025-05-13,2025-05-13,CM,BSE,STK,512493,INE590B01010,GARNETINT,X,,,,,GARNET INTERNATIONAL LTD.,124.5,125.9,119.55,124.55,125.0,120.5,,124.55,,,45375,5591884.0,240,F1,1,,,,,,2025-05-13
2025-05-13,2025-05-13,CM,BSE,STK,512499,INE435E01020,SHALPRO,X,,,,,SHALIMAR PRODUCTIONS LTD.,0.49,0.49,0.49,0.49,0.49,0.49,,0.49,,,237388,116320.0,352,F1,1,,,,,,2025-05-13
2025-05-13,2025-05-13,CM,BSE,STK,512519,INE668D01028,DONEAR,B,,,,,DONEAR INDUSTRIES LTD.,111.3,113.85,108.4,110.5,110.95,111.6,,110.52,,,12837,1426144.0,281,F1,1,,,,,,2025-05-13
2025-05-13,2025-05-13,CM,BSE,STK,512527,INE091C01017,SUPER,X,,,,,SUPER SALES INDIA LTD.,888.6,925.0,860.0,910.65,913.95,888.6,,910.65,,,2337,2081314.0,71,F1,1,,,,,,2025-05-13
2025-05-13,2025-05-13,CM,BSE,STK,512529,INE807F01027,SEQUENT,A,,,,,SEQUENT SCIENTIFIC LTD.,170.6,173.3,166.0,167.85,167.15,168.75,,167.54,,,87764,14833285.0,1911,F1,1,,,,,,2025-05-13
2025-05-13,2025-05-13,CM,BSE,STK,512531,INE655A01013,STCINDIA,B,,,,,STATE TRADING CORPORATION OF I,125.85,125.85,121.85,124.1,124.6,122.75,,123.57,,,5455,676885.0,118,F1,1,,,,,,2025-05-13
2025-05-13,2025-05-13,CM,BSE,STK,512553,INE058B01018,ZENITHEXPO,T,,,,,ZENITH EXPORTS LTD.,240.0,249.7,240.0,249.7,249.7,238.0,,249.7,,,18,4329.0,2,F1,1,,,,,,2025-05-13
2025-05-13,2025-05-13,CM,BSE,STK,512559,INE080B01012,KOHINOOR,B,,,,,KOHINOOR FOODS LTD.,36.38,37.49,35.47,36.59,36.85,35.78,,36.61,,,24152,884291.0,536,F1,1,,,,,,2025-05-13
2025-05-13,2025-05-13,CM,BSE,STK,512565,INE581D01015,NEELKANTH,X,,,,,NEELKANTH LIMITED,40.99,43.03,40.99,42.34,43.03,40.99,,42.34,,,359,15198.0,2,F1,1,,,,,,2025-05-13
2025-05-13,2025-05-13,CM,BSE,STK,512573,INE871C01038,AVANTIFEED,A,,,,,AVANTI FEEDS LTD.,894.05,904.9,887.85,893.15,894.0,893.55,,893.55,,,18228,16334132.0,871,F1,1,,,,,,2025-05-13
2025-05-13,2025-05-13,CM,BSE,STK,512587,INE077B01018,ZODJRDMKJ,X,,,,,ZODIAC-JRD-MKJ LTD.,66.65,66.99,61.02,61.28,61.9,66.0,,61.28,,,5664,356964.0,77,F1,1,,,,,,2025-05-13
2025-05-13,2025-05-13,CM,BSE,STK,512589,INE579D01019,SITAENT,XT,,,,,SITA ENTERPRISES LTD.,147.0,157.95,147.0,156.6,156.6,150.8,,156.6,,,232,35913.0,19,F1,1,,,,,,2025-05-13
2025-05-13,2025-05-13,CM,BSE,STK,512591,INE183U01022,PULSRIN,XT,,,,,PULSAR INTERNATIONAL LTD.,7.94,7.96,7.94,7.96,7.96,7.59,,7.96,,,231458,1842017.0,697,F1,1,,,,,,2025-05-13
2025-05-13,2025-05-13,CM,BSE,STK,512595,INE348N01034,MANBRO,XT,,,,,Manbro Industries Limited,641.85,668.0,641.85,647.9,667.0,675.55,,647.9,,,23,14841.0,5,F1,1,,,,,,2025-05-13
2025-05-13,2025-05-13,CM,BSE,STK,512597,INE681C01015,KEYFINSERV,T,,,,,KEYNOTE FINANCIAL SERVICES LIM,323.25,323.25,323.25,323.25,323.25,307.9,,323.9,,,69,22304.0,5,F1,1,,,,,,2025-05-13
2025-05-13,2025-05-13,CM,BSE,STK,512599,INE423A01024,ADANIENT,A,,,,,ADANI ENTERPRISES LTD.,2415.35,2454.85,2403.6,2440.9,2438.0,2424.65,,2441.2,,,60425,146892925.0,3958,F1,1,,,,,,2025-05-13
2025-05-13,2025-05-13,CM,BSE,STK,512600,INE307N01014,ASTALLTD,X,,,,,ASTAL LABORATORIES LIMITED,82.7,82.7,76.6,77.26,77.1,78.3,,77.26,,,16645,1310673.0,99,F1,1,,,,,,2025-05-13
2025-05-13,2025-05-13,CM,BSE,STK,512608,INE474E01029,BHANDARI,B,,,,,BHANDARI HOSIERY EXPORTS LTD.,4.95,5.05,4.79,4.98,5.01,4.88,,4.97,,,112086,552306.0,370,F1,1,,,,,,2025-05-13
2025-05-13,2025-05-13,CM,BSE,STK,512618,INE629C01014,RLF,X,,,,,RLF LTD.,8.63,8.63,7.75,8.6,8.6,8.41,,8.6,,,628,5385.0,27,F1,1,,,,,,2025-05-13
2025-05-13,2025-05-13,CM,BSE,STK,512624,INE769D01016,REGENTRP,X,,,,,Regent Enterprises Limited,5.83,6.03,5.71,5.97,5.95,5.72,,5.97,,,58953,346992.0,104,F1,1,,,,,,2025-05-13
2025-05-13,2025-05-13,CM,BSE,STK,512626,INE231G01010,ORBTEXP,B,,,,,ORBIT EXPORTS LTD.,168.4,168.4,164.2,167.0,167.0,168.4,,166.77,,,1900,314475.0,118,F1,1,,,,,,2025-05-13
2025-05-13,2025-05-13,CM,BSE,STK,512634,INE104E01014,SAVERA,X,,,,,SAVERA INDUSTRIES LTD.,132.05,134.5,132.05,132.25,132.25,131.65,,132.25,,,297,39347.0,9,F1,1,,,,,,2025-05-13
2025-05-13,2025-05-13,CM,BSE,STK,513005,INE114E01013,CHROME,X,,,,,Chrome Silicon Limited,46.46,46.46,45.89,46.0,46.0,45.67,,46.0,,,1019,46874.0,9,F1,1,,,,,,2025-05-13
2025-05-13,2025-05-13,CM,BSE,STK,513023,INE725A01030,NAVA,A,,,,,NAVA LIMITED,465.0,475.0,459.7,472.0,472.6,463.7,,471.9,,,33732,15759840.0,1435,F1,1,,,,,,2025-05-13
2025-05-13,2025-05-13,CM,BSE,STK,513043,INE158G01015,REMIEDEL,X,,,,,REMI EDELSTAHL TUBULARS LIMITE,78.8,81.62,76.61,79.76,80.85,84.23,,79.76,,,21863,1725992.0,250,F1,1,,,,,,2025-05-13
2025-05-13,2025-05-13,CM,BSE,STK,513059,INE736H01024,GSAUTO,X,,,,,G.S.AUTO INTERNATIONAL LTD.,37.6,38.7,36.33,38.13,38.2,37.15,,38.13,,,3963,150537.0,33,F1,1,,,,,,2025-05-13
2025-05-13,2025-05-13,CM,BSE,STK,513063,INE360D01014,TRANSFRE,X,,,,,TRANS-FREIGHT CONTAINERS LTD.,32.12,33.0,32.12,32.56,32.89,32.98,,32.56,,,549,17963.0,16,F1,1,,,,,,2025-05-13
2025-05-13,2025-05-13,CM,BSE,STK,513097,INE386D01027,SBCL,B,,,,,SHIVALIK BIMETAL CONTROLS LTD.,446.75,456.0,443.6,452.45,450.55,443.45,,452.75,,,6143,2762734.0,464,F1,1,,,,,,2025-05-13
2025-05-13,2025-05-13,CM,BSE,STK,513108,INE524B01027,GANDHITUBE,B,,,,,GANDHI SPECIAL TUBES LTD.,660.0,670.0,657.75,666.15,666.0,654.15,,666.0,,,601,399398.0,114,F1,1,,,,,,2025-05-13
2025-05-13,2025-05-13,CM,BSE,STK,513117,INE991A01020,AMFORG,X,,,,,AMFORGE INDUSTRIES LTD.,8.45,8.69,8.08,8.68,8.68,8.45,,8.68,,,3148,26475.0,42,F1,1,,,,,,2025-05-13
2025-05-13,2025-05-13,CM,BSE,STK,513119,INE173M01012,ONIXSOLAR,XT,,,,,ONIX SOLAR ENERGY LIMITED,160.05,176.85,160.05,176.85,176.85,168.45,,176.85,,,8498,1383295.0,142,F1,1,,,,,,2025-05-13
2025-05-13,2025-05-13,CM,BSE,STK,513121,INE730A01022,ORICONENT,B,,,,,ORICON ENTERPRISES LTD.,40.0,40.24,39.96,39.96,39.96,39.98,,40.01,,,4265,170696.0,47,F1,1,,,,,,2025-05-13
2025-05-13,2025-05-13,CM,BSE,STK,513149,INE950D01012,ACROW,X,,,,,ACROW INDIA LTD.,690.0,690.0,690.0,690.0,690.0,699.25,,690.0,,,1,690.0,1,F1,1,,,,,,2025-05-13
2025-05-13,2025-05-13,CM,BSE,STK,513173,INE205F01016,STLSTRINF,X,,,,,STEEL STRIPS INFRASTRUCTURES L,27.99,28.2,27.0,27.3,27.25,27.35,,27.3,,,2516,68825.0,58,F1,1,,,,,,2025-05-13
2025-05-13,2025-05-13,CM,BSE,STK,513228,INE932A01024,PENIND,B,,,,,PENNAR INDUSTRIES LTD.,189.8,192.3,186.05,191.45,191.9,189.7,,191.61,,,51272,9731448.0,1439,F1,1,,,,,,2025-05-13
2025-05-13,2025-05-13,CM,BSE,STK,513250,INE197A01024,JYOTISTRUC,A,,,,,JYOTI STRUCTURES LTD.,18.67,19.83,18.25,19.64,19.64,18.56,,19.58,,,1188139,22808640.0,1787,F1,1,,,,,,2025-05-13
2025-05-13,2025-05-13,CM,BSE,STK,513252,INE289D01015,JAYUSH,X,,,,,JAY USHIN LTD.,616.0,616.0,601.5,611.0,611.0,618.45,,611.0,,,47,28584.0,3,F1,1,,,,,,2025-05-13
2025-05-13,2025-05-13,CM,BSE,STK,513262,INE802C01033,SSWL,B,,,,,STEEL STRIPS WHEELS LTD.,219.85,231.8,219.85,229.95,231.0,225.0,,230.16,,,34929,7988883.0,1392,F1,1,,,,,,2025-05-13
2025-05-13,2025-05-13,CM,BSE,STK,513269,INE993A01026,MANINDS,B,,,,,MAN INDUSTRIES (INDIA) LTD.,332.0,351.25,330.7,334.75,334.75,314.1,,334.6,,,158030,53439460.0,4436,F1,1,,,,,,2025-05-13
2025-05-13,2025-05-13,CM,BSE,STK,513295,INE611C01020,IMEC,XT,,,,,IMEC SERVICES LIMITED,56.69,59.23,56.69,59.23,59.23,56.41,,59.23,,,359,21212.0,10,F1,1,,,,,,2025-05-13
2025-05-13,2025-05-13,CM,BSE,STK,513303,INE001F01019,MDRNSTL,X,,,,,MODERN STEELS LTD.,15.97,16.5,14.25,15.95,16.25,15.4,,15.95,,,11362,174344.0,73,F1,1,,,,,,2025-05-13
2025-05-13,2025-05-13,CM,BSE,STK,513309,INE327C01031,GOLKONDA,X,,,,,Golkonda Aluminium Extrusions,9.73,9.73,8.61,9.62,9.6,9.29,,9.62,,,26308,241797.0,76,F1,1,,,,,,2025-05-13
2025-05-13,2025-05-13,CM,BSE,STK,513337,INE145J01032,GUJTLRM,XT,,,,,GUJARAT TOOLROOM LTD.,1.41,1.41,1.36,1.38,1.38,1.35,,1.38,,,5781914,7983777.0,3354,F1,1,,,,,,2025-05-13
2025-05-13,2025-05-13,CM,BSE,STK,513349,INE298G01027,AJMERA,B,,,,,AJMERA REALTY & INFRA INDIA LT,819.0,827.15,807.0,813.1,809.95,812.6,,814.7,,,3780,3079014.0,473,F1,1,,,,,,2025-05-13
2025-05-13,2025-05-13,CM,BSE,STK,513353,INE105D01013,COCHINM,X,,,,,COCHIN MINERALS & RUTILE LTD.,277.0,279.9,270.15,277.25,275.5,276.0,,277.25,,,1876,516881.0,45,F1,1,,,,,,2025-05-13
2025-05-13,2025-05-13,CM,BSE,STK,513361,INE072A01029,ISWL,XT,,,,,INDIA STEEL WORKS LTD.,5.53,5.8,5.5,5.71,5.8,5.53,,5.71,,,212572,1204177.0,417,F1,1,,,,,,2025-05-13
2025-05-13,2025-05-13,CM,BSE,STK,513369,INE013J01016,KVFORGE,X,,,,,KRISHANVEER FORGE LIMITED,83.3,85.0,79.0,79.94,82.0,83.43,,79.94,,,4552,369106.0,62,F1,1,,,,,,2025-05-13
2025-05-13,2025-05-13,CM,BSE,STK,513375,INE120A01034,CARBORUNIV,A,,,,,CARBORUNDUM UNIVERSAL LTD.,966.6,993.9,957.0,986.55,986.55,998.4,,984.7,,,12862,12562391.0,1150,F1,1,,,,,,2025-05-13
2025-05-13,2025-05-13,CM,BSE,STK,513377,INE123F01029,MMTC,A,,,,,MMTC LTD.,56.95,57.6,56.0,56.94,56.94,56.31,,56.88,,,111253,6326608.0,871,F1,1,,,,,,2025-05-13
2025-05-13,2025-05-13,CM,BSE,STK,513397,INE457E01016,VALLABHSQ,X,,,,,VALLABH STEELS LTD.,6.68,6.68,6.68,6.68,6.68,6.68,,6.68,,,25,167.0,1,F1,1,,,,,,2025-05-13
2025-05-13,2025-05-13,CM,BSE,STK,513401,INE587D01012,ASHIS,XT,,,,,ASHIANA ISPAT LTD.,19.92,20.3,19.92,20.3,20.3,19.91,,20.3,,,2703,54868.0,5,F1,1,,,,,,2025-05-13
2025-05-13,2025-05-13,CM,BSE,STK,513403,INE092C01015,PMTELELIN,X,,,,,P.M.TELELINNKS LTD.,5.89,5.89,5.46,5.46,5.46,4.91,,5.46,,,1207,6616.0,9,F1,1,,,,,,2025-05-13
2025-05-13,2025-05-13,CM,BSE,STK,513418,INE728B01032,SMFIL,X,,,,,SMITHS & FOUNDERS (INDIA) LIMI,6.46,6.46,5.7,6.09,6.07,5.94,,6.09,,,7266,44065.0,64,F1,1,,,,,,2025-05-13
2025-05-13,2025-05-13,CM,BSE,STK,513422,INE373E01015,BLOIN,X,,,,,BLOOM INDUSTRIES LTD.,34.3,39.8,33.4,34.6,33.4,35.0,,34.6,,,570,21039.0,47,F1,1,,,,,,2025-05-13
2025-05-13,2025-05-13,CM,BSE,STK,513430,INE501L01024,MAITRI,XT,,,,,Maitri Enterprises Limited,23.86,23.86,23.86,23.86,23.86,23.86,,23.86,,,39,930.0,1,F1,1,,,,,,2025-05-13
2025-05-13,2025-05-13,CM,BSE,STK,513436,INE640C01011,SHAHALLOYS,T,,,,,SHAH ALLOYS LTD.,60.5,60.5,60.5,60.5,60.5,60.9,,60.48,,,1000,60500.0,4,F1,1,,,,,,2025-05-13
2025-05-13,2025-05-13,CM,BSE,STK,513452,INE594D01018,ELANGO,X,,,,,ELANGO INDUSTRIES LTD.,12.53,12.53,12.53,12.53,12.53,13.18,,12.53,,,115,1440.0,4,F1,1,,,,,,2025-05-13
2025-05-13,2025-05-13,CM,BSE,STK,513456,INE791E01018,KANSHST,X,,,,,KANISHK STEEL INDUSTRIES LTD.,36.41,36.41,34.5,34.56,34.55,35.7,,34.56,,,6731,236952.0,38,F1,1,,,,,,2025-05-13
2025-05-13,2025-05-13,CM,BSE,STK,513460,INE257F01017,MAHALXSE,Z,,,,,MAHALAXMI SEAMLESS LTD.,8.46,8.46,7.97,7.97,7.97,8.38,,7.97,,,223,1781.0,7,F1,1,,,,,,2025-05-13
2025-05-13,2025-05-13,CM,BSE,STK,513472,INE658D01011,SIMPLEXCAS,X,,,,,SIMPLEX CASTINGS LTD.,236.5,240.0,226.5,239.7,240.0,234.95,,239.7,,,8857,2104422.0,48,F1,1,,,,,,2025-05-13
2025-05-13,2025-05-13,CM,BSE,STK,513488,INE387D01025,SSWRL,X,,,,,SHREE STEEL WIRE ROPES LTD.,34.0,34.0,32.0,32.79,32.79,31.88,,32.79,,,1297,42004.0,14,F1,1,,,,,,2025-05-13
2025-05-13,2025-05-13,CM,BSE,STK,513498,INE308N01012,SOUTHMG,XT,,,,,SOUTHERN MAGNESIUM & CHEMICALS,133.0,136.0,128.0,129.65,130.0,134.0,,129.65,,,2394,311351.0,103,F1,1,,,,,,2025-05-13
2025-05-13,2025-05-13,CM,BSE,STK,513502,INE927K01023,BAROEXT,XT,,,,,BARODA EXTRUSION LTD.,9.37,9.49,8.73,9.05,9.1,9.16,,9.05,,,36517,332634.0,145,F1,1,,,,,,2025-05-13
2025-05-13,2025-05-13,CM,BSE,STK,513507,INE276I01011,GUJCONT,P,,,,,GUJARAT CONTAINERS LTD.,175.35,175.35,175.35,175.35,175.35,167.0,,175.35,,,100,17535.0,1,F1,100,,,,,,2025-05-13
2025-05-13,2025-05-13,CM,BSE,STK,513509,INE314G01014,KALYANIFRG,B,,,,,KALYANI FORGE LTD.,762.0,762.0,735.75,753.8,757.0,728.15,,754.0,,,1748,1313552.0,150,F1,1,,,,,,2025-05-13
2025-05-13,2025-05-13,CM,BSE,STK,513511,INE798F01010,PANCHMAHQ,XT,,,,,PANCHMAHAL STEEL LTD.,159.0,159.0,159.0,159.0,159.0,161.5,,159.0,,,110,17490.0,3,F1,1,,,,,,2025-05-13
2025-05-13,2025-05-13,CM,BSE,STK,513513,INE570B01012,ADITYA,X,,,,,ADITYA ISPAT LTD.,9.88,9.88,8.64,8.68,8.68,8.6,,8.68,,,6059,52600.0,16,F1,1,,,,,,2025-05-13
2025-05-13,2025-05-13,CM,BSE,STK,513517,INE124E01020,STEELCAS,B,,,,,STEELCAST LTD.,910.05,946.35,910.05,946.35,946.35,917.65,,932.5,,,1529,1420122.0,82,F1,1,,,,,,2025-05-13
2025-05-13,2025-05-13,CM,BSE,STK,513519,INE450D01021,PITTIENG,B,,,,,PITTI ENGINEERING LIMITED,972.2,972.65,943.55,959.2,960.0,948.45,,960.25,,,2335,2236198.0,253,F1,1,,,,,,2025-05-13
2025-05-13,2025-05-13,CM,BSE,STK,513528,INE741B01027,GLITTEKG,XT,,,,,GLITTEK GRANITES LTD.,5.7,5.79,5.5,5.53,5.7,5.52,,5.53,,,10557,59362.0,24,F1,1,,,,,,2025-05-13
2025-05-13,2025-05-13,CM,BSE,STK,513532,INE770A01010,PRADPME,X,,,,,PRADEEP METALS LTD.,229.95,238.2,229.95,235.7,236.0,230.05,,235.7,,,5609,1306820.0,69,F1,1,,,,,,2025-05-13
2025-05-13,2025-05-13,CM,BSE,STK,513536,INE207H01018,GNRL,XT,,,,,GUJARAT NATURAL RESOURCES LIMI,46.72,47.05,46.72,47.05,47.05,47.67,,47.05,,,1360849,64008344.0,569,F1,1,,,,,,2025-05-13
2025-05-13,2025-05-13,CM,BSE,STK,513548,INE385M01012,SHRDAIS,X,,,,,SHARDA ISPAT LTD.,290.0,294.95,288.95,289.0,289.0,280.1,,289.0,,,328,95167.0,18,F1,1,,,,,,2025-05-13
2025-05-13,2025-05-13,CM,BSE,STK,513554,INE451L01014,MAHASTEEL,T,,,,,MAHAMAYA STEEL INDUSTRIES LTD.,256.5,259.15,256.5,256.55,256.6,269.0,,256.75,,,1306,337075.0,24,F1,1,,,,,,2025-05-13
2025-05-13,2025-05-13,CM,BSE,STK,513566,INE608C01026,NOVIS,X,,,,,NOVA IRON & STEEL LTD.,12.51,14.2,12.51,13.56,13.56,13.56,,13.56,,,1317,17792.0,35,F1,1,,,,,,2025-05-13
2025-05-13,2025-05-13,CM,BSE,STK,513575,INE067E01013,STERPOW,XT,,,,,STERLING POWERGENSYS LTD,38.1,38.46,35.6,38.46,38.46,36.63,,38.46,,,5247,199512.0,34,F1,1,,,,,,2025-05-13
2025-05-13,2025-05-13,CM,BSE,STK,513579,INE617C01027,FFPL,Z,,,,,FOUNDRY FUEL PRODUCTS LTD.,6.0,6.0,6.0,6.0,6.0,5.72,,6.0,,,2562,15372.0,2,F1,1,,,,,,2025-05-13
2025-05-13,2025-05-13,CM,BSE,STK,513599,INE531E01026,HINDCOPPER,A,,,,,HINDUSTAN COPPER LTD.,226.9,226.95,221.15,221.85,221.85,225.15,,221.82,,,1545080,344506979.0,5701,F1,1,,,,,,2025-05-13
2025-05-13,2025-05-13,CM,BSE,STK,513629,INE463D01016,TULSYAN,X,,,,,TULSYAN NEC LTD.,47.0,47.0,45.1,46.07,46.94,45.85,,46.07,,,1150,52917.0,11,F1,1,,,,,,2025-05-13
2025-05-13,2025-05-13,CM,BSE,STK,513642,INE197C01012,AXELPOLY,XT,,,,,AXEL POLYMERS LTD.,35.5,35.6,35.4,35.4,35.4,36.12,,35.4,,,1350,47940.0,5,F1,1,,,,,,2025-05-13
2025-05-13,2025-05-13,CM,BSE,STK,513683,INE589A01014,NLCINDIA,A,,,,,NLC India Limited,234.85,234.85,228.05,229.45,229.45,230.4,,229.29,,,42133,9761196.0,990,F1,1,,,,,,2025-05-13
2025-05-13,2025-05-13,CM,BSE,STK,513687,INE848B01012,SPECTRA,Z,,,,,SPECTRA INDUSTRIES LTD.,4.57,4.74,4.57,4.71,4.71,4.52,,4.71,,,109,502.0,8,F1,1,,,,,,2025-05-13
2025-05-13,2025-05-13,CM,BSE,STK,513693,INE434C01027,KAJARIR,X,,,,,KIC METALIKS LTD.,32.44,32.45,31.31,31.51,32.25,31.64,,31.51,,,7457,238901.0,44,F1,1,,,,,,2025-05-13
2025-05-13,2025-05-13,CM,BSE,STK,513699,INE584G01012,SOLIDSTON,X,,,,,SOLID STONE COMPANY LTD.,32.88,34.34,32.21,33.03,34.3,33.72,,33.03,,,191,6348.0,12,F1,1,,,,,,2025-05-13
2025-05-13,2025-05-13,CM,BSE,STK,513709,INE960A01017,SHILGRAVQ,X,,,,,SHILP GRAVURES LTD.,279.95,293.9,273.3,286.5,293.5,279.95,,286.5,,,5598,1612868.0,71,F1,1,,,,,,2025-05-13
2025-05-13,2025-05-13,CM,BSE,STK,513713,INE146C01019,WHITEORG,X,,,,,White Organic Agro Limited,5.25,5.25,4.81,4.93,5.0,5.0,,4.93,,,13512,66907.0,74,F1,1,,,,,,2025-05-13
2025-05-13,2025-05-13,CM,BSE,STK,513721,INE614F01019,MFSINTRCRP,Z,,,,,MFS INTERCORP LTD.,17.0,17.0,16.25,17.0,17.0,17.1,,17.0,,,54,883.0,3,F1,1,,,,,,2025-05-13
2025-05-13,2025-05-13,CM,BSE,STK,513729,INE210C01013,AROGRANITE,B,,,,,ARO GRANITE INDUSTRIES LTD.,35.67,37.82,35.0,35.41,35.41,35.67,,35.92,,,1681,62104.0,38,F1,1,,,,,,2025-05-13
2025-05-13,2025-05-13,CM,BSE,STK,514010,INE723D01021,RUDRAECO,X,,,,,RUDRA ECOVATION LIMITED,45.02,47.0,43.58,46.74,46.5,45.65,,46.74,,,101264,4665164.0,260,F1,1,,,,,,2025-05-13
2025-05-13,2025-05-13,CM,BSE,STK,514028,INE376L01013,RAJKSYN,X,,,,,RAJKAMAL SYNTHETICS LTD.,42.5,42.5,40.03,40.08,40.06,42.0,,40.08,,,930,38899.0,15,F1,1,,,,,,2025-05-13
2025-05-13,2025-05-13,CM,BSE,STK,514030,INE272C01013,DEEPAKSP,X,,,,,DEEPAK SPINNERS LTD.,150.8,154.9,148.5,148.8,148.8,150.0,,148.8,,,2205,332762.0,73,F1,1,,,,,,2025-05-13
2025-05-13,2025-05-13,CM,BSE,STK,514036,INE970D01010,LOYALTEX,T,,,,,LOYAL TEXTILE MILLS LTD.,289.8,289.8,285.0,285.0,285.0,289.8,,282.6,,,40,11472.0,2,F1,1,,,,,,2025-05-13
2025-05-13,2025-05-13,CM,BSE,STK,514043,INE049A01027,HIMATSEIDE,B,,,,,HIMATSINGKA SEIDE LTD.,153.55,158.45,153.55,156.5,156.95,156.65,,156.49,,,23825,3733472.0,378,F1,1,,,,,,2025-05-13
2025-05-13,2025-05-13,CM,BSE,STK,514045,INE594B01012,BSL,T,,,,,BSL LTD.,152.9,152.9,145.2,145.2,145.2,148.0,,146.26,,,196,29714.0,10,F1,1,,,,,,2025-05-13
2025-05-13,2025-05-13,CM,BSE,STK,514060,INE229N01010,MARKOBENZ,XT,,,,,MARKOBENZ VENTURES LIMITED,10.42,10.42,10.4,10.4,10.4,10.61,,10.4,,,3918,40767.0,18,F1,1,,,,,,2025-05-13
2025-05-13,2025-05-13,CM,BSE,STK,514087,INE501F01018,PBMPOLY,X,,,,,PBM POLYTEX LTD.,77.99,84.87,77.99,81.19,84.87,74.11,,81.19,,,1171,93556.0,29,F1,1,,,,,,2025-05-13
2025-05-13,2025-05-13,CM,BSE,STK,514113,INE207C01019,ADINATH,X,,,,,ADINATH TEXTILES LTD.,23.71,23.71,22.1,23.36,23.68,23.71,,23.36,,,2170,49759.0,50,F1,1,,,,,,2025-05-13
2025-05-13,2025-05-13,CM,BSE,STK,514128,INE517D01019,KONARKSY,X,,,,,KONARK SYNTHETIC LTD.,29.99,31.48,29.99,31.48,31.48,29.99,,31.48,,,50,1503.0,4,F1,1,,,,,,2025-05-13
2025-05-13,2025-05-13,CM,BSE,STK,514138,INE132C01027,SURYALA,X,,,,,SURYALATA SPINNING MILLS LTD.,302.95,303.0,291.5,299.2,300.0,297.1,,299.2,,,459,137870.0,28,F1,1,,,,,,2025-05-13
2025-05-13,2025-05-13,CM,BSE,STK,514140,INE431C01023,SURYVANSP,X,,,,,SURYAVANSHI SPINNING MILLS LTD,24.88,25.8,22.55,25.52,25.52,24.88,,25.52,,,20,484.0,17,F1,1,,,,,,2025-05-13
2025-05-13,2025-05-13,CM,BSE,STK,514142,INE592B01024,TTL,B,,,,,T T LTD.,14.01,14.01,13.5,13.69,13.69,13.75,,13.58,,,6116,84332.0,155,F1,1,,,,,,2025-05-13
2025-05-13,2025-05-13,CM,BSE,STK,514162,INE192B01031,WELSPUNLIV,A,,,,,WELSPUN LIVING LIMITED,149.2,149.55,143.1,144.6,144.45,150.55,,144.32,,,586175,85756455.0,5139,F1,1,,,,,,2025-05-13
2025-05-13,2025-05-13,CM,BSE,STK,514165,INE862B01013,INDIANACRY,X,,,,,INDIAN ACRYLICS LTD.,8.22,8.22,7.83,8.13,8.16,8.03,,8.13,,,27223,219998.0,89,F1,1,,,,,,2025-05-13
2025-05-13,2025-05-13,CM,BSE,STK,514167,INE845D01014,GANECOS,B,,,,,GANESHA ECOSPHERE LTD.,1580.0,1580.0,1551.0,1570.35,1568.75,1580.0,,1570.8,,,5515,8630162.0,695,F1,1,,,,,,2025-05-13
2025-05-13,2025-05-13,CM,BSE,STK,514171,INE760J01012,CEETAIN,X,,,,,CEETA INDUSTRIES LTD.,43.0,43.0,39.85,39.96,39.87,40.31,,39.96,,,246,9851.0,13,F1,1,,,,,,2025-05-13
2025-05-13,2025-05-13,CM,BSE,STK,514175,INE835A01029,VARDMNPOLY,B,,,,,VARDHMAN POLYTEX LTD.,11.28,11.81,11.11,11.26,11.26,11.28,,11.29,,,103548,1205675.0,390,F1,1,,,,,,2025-05-13
2025-05-13,2025-05-13,CM,BSE,STK,514183,INE761G01016,BLACKROSE,X,,,,,BLACK ROSE INDUSTRIES LTD.,95.2,98.5,95.2,98.42,98.47,96.09,,98.42,,,11467,1122206.0,197,F1,1,,,,,,2025-05-13
2025-05-13,2025-05-13,CM,BSE,STK,514197,INE110Q01023,STCORP,X,,,,,S&T CORPORATION LTD.,6.83,7.09,6.2,6.49,6.45,6.7,,6.49,,,30266,197270.0,70,F1,1,,,,,,2025-05-13
2025-05-13,2025-05-13,CM,BSE,STK,514223,INE410D01017,RAMGOPOLY,X,,,,,RAMGOPAL POLYTEX LTD.,5.49,5.49,5.21,5.21,5.21,5.5,,5.21,,,1088,5917.0,11,F1,1,,,,,,2025-05-13
2025-05-13,2025-05-13,CM,BSE,STK,514234,INE495C01010,SANGAMIND,B,,,,,SANGAM (INDIA) LTD.,412.0,429.8,410.65,421.8,422.15,413.2,,422.7,,,976,416490.0,78,F1,1,,,,,,2025-05-13
2025-05-13,2025-05-13,CM,BSE,STK,514238,INE874A01010,MKVENTURES,X,,,,,MKVENTURES CAPITAL LIMITED,1591.6,1600.0,1564.0,1595.65,1597.0,1591.6,,1595.65,,,170,269780.0,38,F1,1,,,,,,2025-05-13
2025-05-13,2025-05-13,CM,BSE,STK,514240,INE979D01011,KUSHIND,X,,,,,Kush Industries Limited,8.42,9.18,8.41,9.04,9.04,8.75,,9.04,,,17701,156182.0,136,F1,1,,,,,,2025-05-13
2025-05-13,2025-05-13,CM,BSE,STK,514248,INE377C01010,SRECR,P,,,,,SREECHEM RESINS LTD.,42.0,42.0,42.0,42.0,42.0,42.0,,42.0,,,500,21000.0,1,F1,100,,,,,,2025-05-13
2025-05-13,2025-05-13,CM,BSE,STK,514264,INE707B01010,SEASONST,X,,,,,SEASONS TEXTILES LTD.,19.01,20.7,19.01,20.67,20.7,19.72,,20.67,,,421,8546.0,12,F1,1,,,,,,2025-05-13
2025-05-13,2025-05-13,CM,BSE,STK,514266,INE106C01013,ZENIFIB,X,,,,,ZENITH FIBRES LTD.,75.47,77.0,74.9,74.99,74.9,75.47,,74.99,,,1674,127338.0,52,F1,1,,,,,,2025-05-13
2025-05-13,2025-05-13,CM,BSE,STK,514272,INE436C01014,BHILSPIN,X,,,,,BHILWARA SPINNERS LTD.,146.9,146.9,135.0,136.95,136.9,135.95,,136.95,,,1213,166353.0,34,F1,1,,,,,,2025-05-13
2025-05-13,2025-05-13,CM,BSE,STK,514274,INE273D01019,AARVEEDEN,T,,,,,AARVEE DENIMS & EXPORTS LTD.,140.4,143.65,138.0,138.5,142.4,138.9,,139.4,,,9574,1339722.0,81,F1,1,,,,,,2025-05-13
2025-05-13,2025-05-13,CM,BSE,STK,514280,INE589J01015,SANTETX,X,,,,,SANRHEA TECHNICAL TEXTILES LTD,148.0,151.0,139.1,150.6,150.75,145.0,,150.6,,,561,84298.0,20,F1,1,,,,,,2025-05-13
2025-05-13,2025-05-13,CM,BSE,STK,514286,INE440A01010,ASHIMASYN,T,,,,,ASHIMA LTD.,32.95,33.0,31.52,32.11,32.4,31.75,,32.14,,,23604,760409.0,124,F1,1,,,,,,2025-05-13
2025-05-13,2025-05-13,CM,BSE,STK,514300,INE156C01018,PIONEEREMB,B,,,,,PIONEER EMBROIDERIES LTD.,41.1,42.95,41.1,42.33,42.33,40.62,,42.71,,,3850,163882.0,39,F1,1,,,,,,2025-05-13
2025-05-13,2025-05-13,CM,BSE,STK,514302,INE660D01017,VIPPYSP,X,,,,,VIPPY SPINPRO LTD.,182.1,182.1,171.0,173.85,175.0,176.55,,173.85,,,3039,525683.0,71,F1,1,,,,,,2025-05-13
2025-05-13,2025-05-13,CM,BSE,STK,514312,INE156E01014,JAIHINDS,XT,,,,,JAIHIND SYNTHETICS LTD.,61.0,64.0,58.01,58.13,61.25,61.0,,58.13,,,2038,118770.0,27,F1,1,,,,,,2025-05-13
2025-05-13,2025-05-13,CM,BSE,STK,514316,INE969C01022,RAGHUSYN,X,,,,,RAGHUVIR SYNTHETICS LTD.,131.85,132.5,127.0,129.95,129.95,132.5,,129.95,,,1660,214905.0,25,F1,1,,,,,,2025-05-13
2025-05-13,2025-05-13,CM,BSE,STK,514318,INE722N01014,JATTAINDUS,XT,,,,,JATTASHANKAR INDUSTIES LTD.,213.0,213.0,210.0,210.0,210.0,204.0,,210.0,,,380,80010.0,9,F1,1,,,,,,2025-05-13
2025-05-13,2025-05-13,CM,BSE,STK,514322,INE535C01013,KAMADGIRI,X,,,,,KAMADGIRI FASHION LTD.,92.9,99.9,92.9,99.07,99.5,98.0,,99.07,,,1092,107725.0,17,F1,1,,,,,,2025-05-13
2025-05-13,2025-05-13,CM,BSE,STK,514324,INE814D01010,OMNITEX,X,,,,,OMNITEX INDUSTRIES (INDIA) LTD,289.0,293.5,271.0,283.5,283.5,293.8,,283.5,,,240,66342.0,14,F1,1,,,,,,2025-05-13
2025-05-13,2025-05-13,CM,BSE,STK,514326,INE790C01014,PATSPINLTD,X,,,,,PATSPIN INDIA LTD.,10.34,10.51,10.34,10.39,10.39,10.34,,10.39,,,4362,45507.0,16,F1,1,,,,,,2025-05-13
2025-05-13,2025-05-13,CM,BSE,STK,514330,INE670O01013,ONEGLOBAL,XT,,,,,ONE GLOBAL SERVICE PROVIDER LI,241.0,241.0,241.0,241.0,241.0,253.65,,241.0,,,2231,537671.0,80,F1,1,,,,,,2025-05-13
2025-05-13,2025-05-13,CM,BSE,STK,514332,INE216I01017,NEOINFRA,XT,,,,,NEO INFRACON LTD.,27.25,27.25,26.0,26.08,27.0,25.99,,26.08,,,791,21321.0,10,F1,1,,,,,,2025-05-13
2025-05-13,2025-05-13,CM,BSE,STK,514348,INE784B01035,WINSOME,Z,,,,,WINSOME YARNS LTD.,1.75,1.78,1.75,1.78,1.78,1.75,,1.76,,,52719,92331.0,12,F1,1,,,,,,2025-05-13
2025-05-13,2025-05-13,CM,BSE,STK,514354,INE309M01020,PREMIERPOL,B,,,,,PREMIER POLYFILM LTD.,60.0,60.0,57.78,58.56,58.5,60.0,,58.48,,,12288,718447.0,375,F1,1,,,,,,2025-05-13
2025-05-13,2025-05-13,CM,BSE,STK,514358,INE339D01034,EVERFIN,X,,,,,EVERLON FINANCIALS LIMITED,109.2,113.0,95.0,108.75,110.0,109.2,,108.75,,,629,68001.0,38,F1,1,,,,,,2025-05-13
2025-05-13,2025-05-13,CM,BSE,STK,514360,INE078T01026,KRRAIL,XT,,,,,K&R RAIL ENGINEERING LIMITED,80.8,80.8,77.0,77.3,77.95,81.05,,77.3,,,139691,10916751.0,2204,F1,1,,,,,,2025-05-13
2025-05-13,2025-05-13,CM,BSE,STK,514378,INE564C01013,YARNSYN,XT,,,,,YARN SYNDICATE LTD.,15.91,15.92,15.91,15.92,15.92,16.23,,15.92,,,2342,37279.0,28,F1,1,,,,,,2025-05-13
2025-05-13,2025-05-13,CM,BSE,STK,514386,INE004C01028,GUJCOTEX,X,,,,,GUJARAT COTEX LTD.,11.99,11.99,10.93,11.42,11.47,10.93,,11.42,,,65720,748256.0,441,F1,1,,,,,,2025-05-13
2025-05-13,2025-05-13,CM,BSE,STK,514400,INE340D01016,GARWSYN,X,,,,,GARWARE SYNTHETICS LTD.,24.53,24.55,22.23,24.5,24.5,23.39,,24.5,,,1401,32411.0,12,F1,1,,,,,,2025-05-13
2025-05-13,2025-05-13,CM,BSE,STK,514402,INE638N01012,ECOHOTELS,XT,,,,,ECO HOTELS AND RESORTS LIMITED,15.4,15.4,15.25,15.38,15.38,15.1,,15.38,,,12233,187924.0,31,F1,1,,,,,,2025-05-13
2025-05-13,2025-05-13,CM,BSE,STK,514412,INE305D01019,SARUPINDUS,XT,,,,,SARUP INDUSTRIES LTD.,97.8,101.95,97.8,101.95,101.95,102.6,,101.95,,,17,1687.0,4,F1,1,,,,,,2025-05-13
2025-05-13,2025-05-13,CM,BSE,STK,514418,INE370D01013,MANORG,B,,,,,MANGALAM ORGANICS LIMITED,407.05,453.9,407.05,451.35,453.9,412.65,,450.7,,,2990,1323835.0,230,F1,1,,,,,,2025-05-13
2025-05-13,2025-05-13,CM,BSE,STK,514428,INE074C01013,HINDADH,X,,,,,HINDUSTAN ADHESIVES LTD.,335.0,335.0,320.0,326.4,329.0,330.0,,326.4,,,2040,664758.0,86,F1,1,,,,,,2025-05-13
2025-05-13,2025-05-13,CM,BSE,STK,514440,INE439N01031,BPAGRI,XT,,,,,Blue Pearl Agriventures Limite,31.74,31.74,31.74,31.74,31.74,31.12,,31.74,,,2105,66812.0,4,F1,1,,,,,,2025-05-13
2025-05-13,2025-05-13,CM,BSE,STK,514442,INE009C01019,SRIKPRIND,X,,,,,SRI KPR INDUSTRIES LTD.,26.0,26.0,24.0,25.03,25.03,23.56,,25.03,,,1858,45251.0,49,F1,1,,,,,,2025-05-13
2025-05-13,2025-05-13,CM,BSE,STK,514446,INE345D01031,LSIND,B,,,,,LS INDUSTRIES LTD.,40.89,42.08,40.89,42.08,42.08,40.08,,42.08,,,3250,136034.0,84,F1,1,,,,,,2025-05-13
2025-05-13,2025-05-13,CM,BSE,STK,514448,INE577D01013,JYOTIRES,B,,,,,JYOTI RESINS & ADHESIVES LTD.,1280.0,1280.0,1240.05,1261.45,1261.9,1266.35,,1261.45,,,18191,22912998.0,737,F1,1,,,,,,2025-05-13
2025-05-13,2025-05-13,CM,BSE,STK,514450,INE112D01035,MHLXMIRU,B,,,,,MAHALAXMI RUBTECH LTD.,243.5,243.5,224.5,226.8,233.0,233.4,,227.57,,,6539,1483795.0,109,F1,1,,,,,,2025-05-13
2025-05-13,2025-05-13,CM,BSE,STK,514460,INE670H01017,OSWAYRN,XT,,,,,OSWAL YARNS LTD.,40.0,40.0,40.0,40.0,40.0,40.0,,40.0,,,83,3320.0,6,F1,1,,,,,,2025-05-13
2025-05-13,2025-05-13,CM,BSE,STK,514470,INE837B01031,WINSOMTX,B,,,,,WINSOME TEXTILE INDUSTRIES LTD,92.95,95.4,90.6,93.38,92.7,91.99,,93.38,,,17536,1621839.0,258,F1,1,,,,,,2025-05-13
2025-05-13,2025-05-13,CM,BSE,STK,515008,INE219W01012,MODINSU,X,,,,,MODERN INSULATORS LTD.,101.05,103.0,98.1,102.78,102.8,101.28,,102.78,,,27342,2753798.0,149,F1,1,,,,,,2025-05-13
2025-05-13,2025-05-13,CM,BSE,STK,515018,INE277C01012,REGENCERAM,B,,,,,REGENCY CERAMICS LTD.,45.95,45.95,42.7,43.19,43.7,44.65,,43.29,,,451,19739.0,16,F1,1,,,,,,2025-05-13
2025-05-13,2025-05-13,CM,BSE,STK,515030,INE439A01020,ASAHIINDIA,A,,,,,ASAHI INDIA GLASS LTD.,743.0,752.65,735.1,750.3,742.3,743.0,,749.3,,,4690,3499552.0,522,F1,1,,,,,,2025-05-13
2025-05-13,2025-05-13,CM,BSE,STK,515037,INE692B01014,MURUDCERA,B,,,,,MURUDESHWAR CERAMICS LTD.,34.22,34.97,33.87,34.24,34.18,34.24,,34.52,,,2614,89794.0,44,F1,1,,,,,,2025-05-13
2025-05-13,2025-05-13,CM,BSE,STK,515043,INE068B01017,SAINTGOBAIN,B,,,,,SAINT-GOBAIN SEKURIT INDIA LTD,110.5,114.9,110.15,112.9,112.9,109.85,,112.9,,,151057,17070473.0,1415,F1,1,,,,,,2025-05-13
2025-05-13,2025-05-13,CM,BSE,STK,515055,INE242C01024,ANANTRAJ,A,,,,,ANANT RAJ LIMITED,454.45,473.8,451.55,460.35,460.35,451.85,,460.05,,,276172,128564892.0,6416,F1,1,,,,,,2025-05-13
2025-05-13,2025-05-13,CM,BSE,STK,515059,INE469C01023,MADHUDIN,X,,,,,MADHUSUDAN INDUSTRIES LTD.,41.91,43.7,41.91,42.51,43.7,41.61,,42.51,,,8,337.0,4,F1,1,,,,,,2025-05-13
2025-05-13,2025-05-13,CM,BSE,STK,515085,INE298E01022,RESTILE,X,,,,,RESTILE CERAMICS LTD.,6.25,6.25,5.62,5.78,5.78,5.99,,5.78,,,17037,99038.0,85,F1,1,,,,,,2025-05-13
2025-05-13,2025-05-13,CM,BSE,STK,515093,INE925C01016,MADHAV,B,,,,,MADHAV MARBLES & GRANITES LTD.,44.9,45.0,42.5,42.66,42.5,44.9,,42.54,,,18704,817217.0,196,F1,1,,,,,,2025-05-13
2025-05-13,2025-05-13,CM,BSE,STK,515127,INE650D01026,RAMASIGNS,X,,,,,Ramasigns Industries Limited,2.18,2.18,2.08,2.18,2.18,2.18,,2.18,,,1037,2258.0,13,F1,1,,,,,,2025-05-13
2025-05-13,2025-05-13,CM,BSE,STK,515145,INE952A01022,HINDNATGLS,T,,,,,HINDUSTHAN NATIONAL GLASS & IN,17.2,17.2,16.21,16.91,16.99,16.4,,17.0,,,812,13722.0,6,F1,1,,,,,,2025-05-13
2025-05-13,2025-05-13,CM,BSE,STK,515147,INE506D01020,HALDYNGL,X,,,,,HALDYN GLASS LTD,101.95,105.5,100.2,105.0,105.15,100.85,,105.0,,,26490,2754115.0,227,F1,1,,,,,,2025-05-13
2025-05-13,2025-05-13,CM,BSE,STK,516003,INE932D01010,DUROPLY,X,,,,,DUROPLY INDUSTRIES LIMITED,182.5,191.0,178.1,188.45,191.0,182.2,,188.45,,,2826,524226.0,47,F1,1,,,,,,2025-05-13
2025-05-13,2025-05-13,CM,BSE,STK,516016,INE231C01019,SHREYANIND,B,,,,,SHREYANS INDUSTRIES LTD.,183.9,183.9,182.75,183.6,183.75,179.65,,182.92,,,25,4586.0,10,F1,1,,,,,,2025-05-13
2025-05-13,2025-05-13,CM,BSE,STK,516020,INE112C01011,AGIOPAPER,X,,,,,AGIO PAPER & INDUSTRIES LTD.,5.45,5.7,5.43,5.7,5.7,5.43,,5.7,,,713,3929.0,13,F1,1,,,,,,2025-05-13
2025-05-13,2025-05-13,CM,BSE,STK,516022,INE733A01018,STARPAPER,B,,,,,STAR PAPER MILLS LTD.,168.45,169.0,166.0,166.9,166.0,167.5,,166.04,,,508,85029.0,81,F1,1,,,,,,2025-05-13
2025-05-13,2025-05-13,CM,BSE,STK,516030,INE551D01018,PAKKA,B,,,,,PAKKA LIMITED,172.9,172.9,165.1,169.25,169.2,168.0,,168.69,,,4044,684857.0,201,F1,1,,,,,,2025-05-13
2025-05-13,2025-05-13,CM,BSE,STK,516032,INE385D01029,TAHMARENT,XT,,,,,TAHMAR ENTERPRISES LIMITED,13.65,13.65,13.65,13.65,13.65,13.92,,13.65,,,1181,16120.0,17,F1,1,,,,,,2025-05-13
2025-05-13,2025-05-13,CM,BSE,STK,516064,INE570D01018,ARROWGREEN,T,,,,,Arrow Greentech Limited,564.0,564.1,550.0,564.1,564.1,554.85,,564.1,,,1485,835989.0,18,F1,1,,,,,,2025-05-13
2025-05-13,2025-05-13,CM,BSE,STK,516072,INE270I01022,VISHNU,B,,,,,VISHNU CHEMICALS LTD.,441.7,454.05,439.25,442.7,442.4,442.9,,443.2,,,11182,4975215.0,728,F1,1,,,,,,2025-05-13
2025-05-13,2025-05-13,CM,BSE,STK,516078,INE699D01015,JUMBO,X,,,,,JUMBO BAG LTD.,59.9,59.9,54.1,54.85,54.6,57.13,,54.85,,,3798,215487.0,47,F1,1,,,,,,2025-05-13
2025-05-13,2025-05-13,CM,BSE,STK,516082,INE740D01017,NRAIL,B,,,,,N.R.AGARWAL INDUSTRIES LTD.,246.0,251.95,240.2,240.3,240.3,235.35,,241.75,,,1109,271869.0,62,F1,1,,,,,,2025-05-13
2025-05-13,2025-05-13,CM,BSE,STK,516092,INE105C01023,3PLAND,B,,,,,3P LAND HOLDINGS LTD.,41.21,43.68,41.21,43.34,43.34,43.08,,42.33,,,503,21339.0,20,F1,1,,,,,,2025-05-13
2025-05-13,2025-05-13,CM,BSE,STK,516096,INE384D01022,SANPA,X,,,,,SANGAL PAPERS LTD.,200.0,200.0,200.0,200.0,200.0,201.3,,200.0,,,25,5000.0,1,F1,1,,,,,,2025-05-13
2025-05-13,2025-05-13,CM,BSE,STK,516098,INE810C01044,VENTURA,X,,,,,VENTURA TEXTILES LTD.,11.62,11.62,10.52,10.81,10.99,11.03,,10.81,,,18179,199966.0,81,F1,1,,,,,,2025-05-13
2025-05-13,2025-05-13,CM,BSE,STK,516106,INE538D01015,SHKARTP,X,,,,,SHREE KARTHIK PAPERS LTD.,8.9,10.4,8.55,9.48,9.45,9.04,,9.48,,,3992,37597.0,49,F1,1,,,,,,2025-05-13
2025-05-13,2025-05-13,CM,BSE,STK,516108,INE088G01014,STHINPA,X,,,,,SOUTH INDIA PAPER MILLS LTD.,76.0,83.9,76.0,81.4,81.4,78.15,,81.4,,,182,14832.0,15,F1,1,,,,,,2025-05-13
2025-05-13,2025-05-13,CM,BSE,STK,516110,INE146N01016,FAMILYCARE,XT,,,,,FAMILY CARE HOSPITALS LIMITED,4.38,4.42,4.2,4.36,4.33,4.25,,4.36,,,29834,130181.0,122,F1,1,,,,,,2025-05-13
2025-05-13,2025-05-13,CM,BSE,STK,517015,INE707A01012,VINDHYATEL,B,,,,,VINDHYA TELELINKS LTD.,1425.0,1482.5,1410.95,1475.2,1482.0,1400.95,,1477.4,,,4837,7056306.0,991,F1,1,,,,,,2025-05-13
2025-05-13,2025-05-13,CM,BSE,STK,517035,INE302D01016,RIR,B,,,,,RIR POWER ELECTRONICS LIMITED,2094.0,2109.0,2011.0,2036.9,2036.9,2020.4,,2036.9,,,22246,45768281.0,1601,F1,1,,,,,,2025-05-13
2025-05-13,2025-05-13,CM,BSE,STK,517041,INE045A01017,ADOR,B,,,,,ADOR WELDING LTD.,904.15,931.1,904.0,926.9,930.0,894.45,,928.45,,,396,364228.0,65,F1,1,,,,,,2025-05-13
2025-05-13,2025-05-13,CM,BSE,STK,517059,INE457F01013,SALZERELEC,B,,,,,SALZER ELECTRONICS LTD.,999.95,1041.3,985.75,1037.15,1039.8,980.45,,1036.3,,,23650,24072467.0,1654,F1,1,,,,,,2025-05-13
2025-05-13,2025-05-13,CM,BSE,STK,517063,INE919C01019,JETKINGQ,XT,,,,,JETKING INFOTRAIN LTD.,140.3,140.3,140.3,140.3,140.3,137.55,,140.3,,,2608,365902.0,29,F1,1,,,,,,2025-05-13
2025-05-13,2025-05-13,CM,BSE,STK,517096,INE273A01015,APLAB,X,,,,,APLAB LTD.,59.96,64.0,55.5,59.7,59.5,58.78,,59.7,,,12584,772158.0,127,F1,1,,,,,,2025-05-13
2025-05-13,2025-05-13,CM,BSE,STK,517119,INE834B01012,PCS,X,,,,,PCS TECHNOLOGY LTD.,26.99,26.99,25.17,26.28,26.28,26.15,,26.28,,,571,14637.0,23,F1,1,,,,,,2025-05-13
2025-05-13,2025-05-13,CM,BSE,STK,517146,INE228A01035,USHAMART,A,,,,,USHA MARTIN LTD.,309.75,310.4,302.7,308.65,309.2,310.4,,308.35,,,8518,2618259.0,598,F1,1,,,,,,2025-05-13
2025-05-13,2025-05-13,CM,BSE,STK,517166,INE252A01019,SPELS,X,,,,,SPEL SEMICONDUCTOR LTD.,122.8,123.4,118.0,120.4,120.7,122.3,,120.4,,,69404,8382645.0,1194,F1,1,,,,,,2025-05-13
2025-05-13,2025-05-13,CM,BSE,STK,517168,INE287B01021,SUBROS,B,,,,,SUBROS LTD.,620.05,631.5,619.25,626.25,626.4,620.0,,627.0,,,1482,925030.0,158,F1,1,,,,,,2025-05-13
2025-05-13,2025-05-13,CM,BSE,STK,517170,INE125G01014,EDVENSWA,X,,,,,Edvenswa Enterprises Limited,44.5,46.0,43.36,45.01,45.01,43.15,,45.01,,,46439,2087582.0,212,F1,1,,,,,,2025-05-13
2025-05-13,2025-05-13,CM,BSE,STK,517174,INE671A01010,HONAUT,A,,,,,HONEYWELL AUTOMATION INDIA LTD,35250.0,35926.9,35040.0,35826.4,35735.0,35292.3,,35815.0,,,240,8551217.0,151,F1,1,,,,,,2025-05-13
2025-05-13,2025-05-13,CM,BSE,STK,517201,INE311D01017,SWITCHTE,XT,,,,,SWITCHING TECHNOLOGIES GUNTHER,77.02,77.02,77.0,77.0,77.0,73.36,,77.0,,,6,462.0,2,F1,1,,,,,,2025-05-13
2025-05-13,2025-05-13,CM,BSE,STK,517206,INE162B01018,LUMAXIND,B,,,,,LUMAX INDUSTRIES LTD.,2451.05,2596.6,2450.0,2576.3,2577.4,2417.05,,2577.4,,,516,1313819.0,123,F1,1,,,,,,2025-05-13
2025-05-13,2025-05-13,CM,BSE,STK,517214,INE927C01020,DIGISPICE,B,,,,,DIGISPICE TECHNOLOGIES LIMITED,20.4,20.61,19.64,19.81,19.64,20.0,,19.98,,,14663,299345.0,53,F1,1,,,,,,2025-05-13
2025-05-13,2025-05-13,CM,BSE,STK,517236,INE216C01010,CALCOM,X,,,,,CALCOM VISION LTD.,88.92,93.0,88.0,89.99,90.0,88.07,,89.99,,,3765,339256.0,38,F1,1,,,,,,2025-05-13
2025-05-13,2025-05-13,CM,BSE,STK,517238,INE083E01010,DYNAVSN,X,,,,,DYNAVISION LTD.,283.7,283.7,279.95,279.95,279.95,283.75,,279.95,,,103,29124.0,6,F1,1,,,,,,2025-05-13
2025-05-13,2025-05-13,CM,BSE,STK,517246,INE788D01016,BCCFUBA,X,,,,,BCC FUBA INDIA LTD.,124.8,125.0,118.0,119.25,123.2,119.3,,119.25,,,19959,2439768.0,260,F1,1,,,,,,2025-05-13
2025-05-13,2025-05-13,CM,BSE,STK,517258,INE143C01024,PRECISIO,X,,,,,PRECISION ELECTRONICS LTD.,114.8,125.7,106.0,125.05,125.2,114.9,,125.05,,,24031,2827986.0,135,F1,1,,,,,,2025-05-13
2025-05-13,2025-05-13,CM,BSE,STK,517271,INE292B01021,HBLENGINE,A,,,,,HBL ENGINEERING LIMITED,505.75,512.0,499.3,506.45,506.45,505.45,,506.55,,,41989,21258569.0,1141,F1,1,,,,,,2025-05-13
2025-05-13,2025-05-13,CM,BSE,STK,517273,INE902B01017,S&SPOWER,T,,,,,S&S POWER SWITCHGEAR LTD.,363.15,363.15,360.95,361.9,361.9,349.7,,354.2,,,262,94722.0,9,F1,1,,,,,,2025-05-13
2025-05-13,2025-05-13,CM,BSE,STK,517288,INE541F01022,GUJARATPOLY,X,,,,,Gujarat Poly Electronics Limit,96.99,96.99,92.0,93.43,93.6,94.01,,93.43,,,2771,256071.0,37,F1,1,,,,,,2025-05-13
2025-05-13,2025-05-13,CM,BSE,STK,517300,INE162A01010,GIPCL,B,,,,,GUJARAT INDUSTRIES POWER CO.LT,185.7,190.1,184.9,188.8,188.0,185.0,,189.46,,,6101,1146118.0,316,F1,1,,,,,,2025-05-13
2025-05-13,2025-05-13,CM,BSE,STK,517334,INE775A01035,MOTHERSON,A,,,,,Samvardhana Motherson Internat,144.6,145.3,141.55,142.4,142.4,145.3,,142.45,,,726182,103793678.0,6591,F1,1,,,,,,2025-05-13
2025-05-13,2025-05-13,CM,BSE,STK,517344,INE110B01017,MINDTECK,B,,,,,MINDTECK (INDIA) LTD.,225.8,227.35,220.15,224.2,223.5,225.8,,224.23,,,17924,4017598.0,855,F1,1,,,,,,2025-05-13
2025-05-13,2025-05-13,CM,BSE,STK,517354,INE176B01034,HAVELLS,A,,,,,HAVELLS INDIA LTD.,1585.0,1600.35,1575.0,1591.85,1600.0,1582.15,,1593.9,,,14893,23618367.0,942,F1,1,,,,,,2025-05-13
2025-05-13,2025-05-13,CM,BSE,STK,517356,INE167B01025,ACIIN,X,,,,,ACI INFOCOM LTD.,2.07,2.14,1.95,2.08,2.06,2.05,,2.08,,,81360,167483.0,262,F1,1,,,,,,2025-05-13
2025-05-13,2025-05-13,CM,BSE,STK,517360,INE689V01018,SBECSYS,XT,,,,,SBEC SYSTEMS (INDIA) LTD.,16.58,16.9,16.58,16.9,16.9,16.91,,16.9,,,400,6648.0,15,F1,1,,,,,,2025-05-13
2025-05-13,2025-05-13,CM,BSE,STK,517370,INE437C01012,INCAP,X,,,,,INCAP LTD.,91.9,91.9,83.02,86.79,85.0,89.22,,86.79,,,696,60968.0,19,F1,1,,,,,,2025-05-13
2025-05-13,2025-05-13,CM,BSE,STK,517372,INE877E01015,GUJINTRX,X,,,,,GUJARAT INTRUX LTD.,453.05,475.0,453.05,462.0,462.0,448.05,,462.0,,,6116,2840050.0,212,F1,1,,,,,,2025-05-13
2025-05-13,2025-05-13,CM,BSE,STK,517380,INE188B01013,IGARASHI,B,,,,,IGARASHI MOTORS INDIA LTD.,470.55,489.0,470.55,481.3,484.35,472.0,,481.05,,,3218,1548320.0,333,F1,1,,,,,,2025-05-13
2025-05-13,2025-05-13,CM,BSE,STK,517385,INE225D01027,SYMPHONY,A,,,,,SYMPHONY LIMITED,1295.75,1329.0,1294.3,1320.7,1320.7,1295.7,,1321.2,,,23060,30296621.0,1903,F1,1,,,,,,2025-05-13
2025-05-13,2025-05-13,CM,BSE,STK,517393,INE043B01028,VINTRON,XT,,,,,VINTRON INFORMATICS LTD.,21.69,22.57,21.69,22.57,22.57,22.13,,22.57,,,41124,909219.0,133,F1,1,,,,,,2025-05-13
2025-05-13,2025-05-13,CM,BSE,STK,517397,INE648E01010,PANELEC,X,,,,,PAN ELECTRONICS INDIA LTD.,70.98,70.99,69.15,70.39,69.15,72.78,,70.39,,,40,2815.0,5,F1,1,,,,,,2025-05-13
2025-05-13,2025-05-13,CM,BSE,STK,517399,INE756A01019,VXLINSTR,XT,,,,,VXL INSTRUMENTS LTD.,4.85,4.85,4.69,4.71,4.7,4.93,,4.71,,,1038,4880.0,12,F1,1,,,,,,2025-05-13
2025-05-13,2025-05-13,CM,BSE,STK,517411,INE635A01023,SHYAMTEL,B,,,,,SHYAM TELECOM LTD.,11.95,11.95,11.87,11.88,11.88,11.43,,11.91,,,862,10242.0,14,F1,1,,,,,,2025-05-13
2025-05-13,2025-05-13,CM,BSE,STK,517415,INE791B01014,LEENEE,X,,,,,LEE & NEE SOFTWARES (EXPORTS),9.9,9.9,8.65,9.24,9.4,9.32,,9.24,,,12034,111429.0,85,F1,1,,,,,,2025-05-13
2025-05-13,2025-05-13,CM,BSE,STK,517417,INE082C01024,PATELSAI,X,,,,,PATELS AIRTEMP (INDIA) LTD.,499.0,512.0,490.5,504.5,504.5,500.55,,504.5,,,4293,2136247.0,156,F1,1,,,,,,2025-05-13
2025-05-13,2025-05-13,CM,BSE,STK,517421,INE295F01017,BUTTERFLY,B,,,,,BUTTERFLY GANDHIMATHI APPLIANC,710.25,763.45,703.25,736.65,733.0,722.05,,744.7,,,4209,3097469.0,626,F1,1,,,,,,2025-05-13
2025-05-13,2025-05-13,CM,BSE,STK,517423,INE0IPL01018,INTEGSW,XT,,,,,INTEGRA SWITCHGEAR LTD.,77.5,77.5,77.5,77.5,77.5,81.5,,77.5,,,26,2015.0,2,F1,1,,,,,,2025-05-13
2025-05-13,2025-05-13,CM,BSE,STK,517429,INE576B01019,ATHENAGLO,X,,,,,Athena Global Technologies Lim,87.69,88.0,84.1,87.04,87.31,86.5,,87.04,,,2966,256010.0,48,F1,1,,,,,,2025-05-13
2025-05-13,2025-05-13,CM,BSE,STK,517431,INE060D01010,NARMP,XT,,,,,NARMADA MACPLAST DRIP IRRIGATI,178.95,178.95,172.0,173.0,173.0,170.9,,173.0,,,14783,2554973.0,115,F1,1,,,,,,2025-05-13
2025-05-13,2025-05-13,CM,BSE,STK,517437,INE940C01015,DUTRON,X,,,,,DUTRON POLYMERS LTD.,131.0,142.0,131.0,141.7,142.0,137.7,,141.7,,,114,15084.0,7,F1,1,,,,,,2025-05-13
2025-05-13,2025-05-13,CM,BSE,STK,517447,INE165B01029,RSSOFTWARE,T,,,,,R.S.SOFTWARE INDIA LTD.,50.0,52.46,50.0,52.46,52.46,49.97,,52.81,,,3853,198727.0,50,F1,1,,,,,,2025-05-13
2025-05-13,2025-05-13,CM,BSE,STK,517449,INE437D01010,MAGNAELQ,X,,,,,MAGNA ELECTRO CASTINGS LTD.,890.0,910.0,890.0,908.0,908.0,900.1,,908.0,,,1095,989568.0,37,F1,1,,,,,,2025-05-13
2025-05-13,2025-05-13,CM,BSE,STK,517467,INE415B01044,MARSONS,XT,,,,,MARSONS LIMITED,182.25,190.0,175.05,186.4,186.0,182.25,,186.4,,,320944,60351759.0,735,F1,1,,,,,,2025-05-13
2025-05-13,2025-05-13,CM,BSE,STK,517477,INE033C01019,ELNET,X,,,,,ELNET TECHNOLOGIES LTD.,350.0,354.9,341.0,348.9,348.9,345.0,,348.9,,,777,270776.0,35,F1,1,,,,,,2025-05-13
2025-05-13,2025-05-13,CM,BSE,STK,517494,INE258C01038,ACCEL,X,,,,,ACCEL LIMITED,17.75,17.75,17.04,17.49,17.23,17.3,,17.49,,,7375,128892.0,75,F1,1,,,,,,2025-05-13
2025-05-13,2025-05-13,CM,BSE,STK,517498,INE855C01015,WEBELSOLAR,B,,,,,WEBSOL ENERGY SYSTEM LTD.,1353.6,1353.6,1353.6,1353.6,1353.6,1289.15,,1355.5,,,1476,1997913.0,28,F1,1,,,,,,2025-05-13
2025-05-13,2025-05-13,CM,BSE,STK,517500,INE535D01037,ROTO,B,,,,,ROTO PUMPS LTD.,242.0,247.85,242.0,246.7,246.5,239.15,,247.06,,,34801,8534272.0,1161,F1,1,,,,,,2025-05-13
2025-05-13,2025-05-13,CM,BSE,STK,517506,INE690A01028,TTKPRESTIG,A,,,,,TTK PRESTIGE LTD.,631.95,642.05,601.0,632.35,635.0,633.25,,632.95,,,11273,7006148.0,1837,F1,1,,,,,,2025-05-13
2025-05-13,2025-05-13,CM,BSE,STK,517514,INE589D01018,DHINDIA,X,,,,,D&H INDIA LTD,203.65,211.85,201.5,206.5,207.0,203.65,,206.5,,,2212,458857.0,74,F1,1,,,,,,2025-05-13
2025-05-13,2025-05-13,CM,BSE,STK,517522,INE451D01029,RAJRATAN,B,,,,,RAJRATAN GLOBAL WIRE LTD.,412.0,420.7,410.65,418.25,418.25,408.5,,418.8,,,3435,1437142.0,177,F1,1,,,,,,2025-05-13
2025-05-13,2025-05-13,CM,BSE,STK,517530,INE130B01031,SURANAT&P,B,,,,,SURANA TELECOM AND POWER LIMIT,18.06,19.0,18.06,18.42,18.43,18.39,,18.52,,,14388,267079.0,183,F1,1,,,,,,2025-05-13
2025-05-13,2025-05-13,CM,BSE,STK,517536,INE229A01017,ONWARDTEC,B,,,,,ONWARD TECHNOLOGIES LTD.,247.0,255.15,247.0,253.35,252.85,245.0,,253.7,,,1879,474110.0,123,F1,1,,,,,,2025-05-13
2025-05-13,2025-05-13,CM,BSE,STK,517544,INE320B01020,CENTUM,B,,,,,CENTUM ELECTRONICS LTD.,1826.0,2047.0,1826.0,2015.75,2015.75,1796.05,,2020.1,,,32823,64378789.0,4766,F1,1,,,,,,2025-05-13
2025-05-13,2025-05-13,CM,BSE,STK,517546,INE209C01015,ALFATRAN,XT,,,,,ALFA TRANSFORMERS LTD.,78.52,80.49,75.0,76.56,77.0,76.98,,76.56,,,24495,1905070.0,282,F1,1,,,,,,2025-05-13
2025-05-13,2025-05-13,CM,BSE,STK,517554,INE141C01036,NHCFOODS,XT,,,,,NHC FOODS LTD.,0.98,0.98,0.95,0.98,0.98,0.96,,0.98,,,636058,617280.0,469,F1,1,,,,,,2025-05-13
2025-05-13,2025-05-13,CM,BSE,STK,517556,INE362A01016,PVP,B,,,,,PVP VENTURES LTD.,25.4,25.4,23.73,23.92,24.35,23.98,,23.96,,,7507,180272.0,344,F1,1,,,,,,2025-05-13
2025-05-13,2025-05-13,CM,BSE,STK,517562,INE948A01012,TRIGYN,B,,,,,TRIGYN TECHNOLOGIES LTD.,75.27,79.5,75.11,77.58,77.58,74.51,,77.59,,,17745,1374857.0,1412,F1,1,,,,,,2025-05-13
2025-05-13,2025-05-13,CM,BSE,STK,517569,INE878B01027,KEI,A,,,,,KEI INDUSTRIES LTD.,3390.6,3443.55,3381.05,3426.3,3421.4,3384.3,,3425.3,,,8909,30450607.0,1971,F1,1,,,,,,2025-05-13
2025-05-13,2025-05-13,CM,BSE,STK,518011,INE145L01012,KEERTHI,X,,,,,KEERTHI INDUSTRIES LTD.,74.85,75.58,74.85,75.58,75.58,74.85,,75.58,,,108,8154.0,4,F1,1,,,,,,2025-05-13
2025-05-13,2025-05-13,CM,BSE,STK,518053,INE827D01020,SRICC,XT,,,,,Sri Chakra Cement Limited,20.03,20.03,20.03,20.03,20.03,19.64,,20.03,,,180,3605.0,2,F1,1,,,,,,2025-05-13
2025-05-13,2025-05-13,CM,BSE,STK,518075,INE069E01019,SURAJ,Z,,,,,SURAJ PRODUCTS LTD.,363.5,366.25,358.0,366.25,366.25,348.85,,366.25,,,977,356228.0,49,F1,1,,,,,,2025-05-13
2025-05-13,2025-05-13,CM,BSE,STK,518091,INE071F01012,APCL,B,,,,,ANJANI PORTLAND CEMENT LTD.,133.65,133.65,133.65,133.65,133.65,129.65,,130.76,,,1,133.0,1,F1,1,,,,,,2025-05-13
2025-05-13,2025-05-13,CM,BSE,STK,519003,INE537F01012,MODINATUR,X,,,,,MODI NATURALS LIMITED,411.65,424.7,405.35,422.1,424.7,411.65,,422.1,,,2528,1052755.0,64,F1,1,,,,,,2025-05-13
2025-05-13,2025-05-13,CM,BSE,STK,519014,INE100E01012,PRSNTIN,XT,,,,,PRASHANT INDIA LTD.,12.35,12.35,12.35,12.35,12.35,12.35,,12.35,,,1732,21390.0,1,F1,1,,,,,,2025-05-13
2025-05-13,2025-05-13,CM,BSE,STK,519064,INE687W01010,ZKHANDEN,X,,,,,KHANDELWAL EXTRACTION LTD.,84.9,87.0,77.02,77.02,77.02,86.87,,77.02,,,244,21107.0,12,F1,1,,,,,,2025-05-13
2025-05-13,2025-05-13,CM,BSE,STK,519091,INE488B01017,TASTYBITE,B,,,,,TASTY BITE EATABLES LTD.,9460.75,9636.0,9432.0,9565.7,9584.5,9460.75,,9572.5,,,168,1605438.0,67,F1,1,,,,,,2025-05-13
2025-05-13,2025-05-13,CM,BSE,STK,519097,INE534D01014,RITESHIN,X,,,,,RITESH INTERNATIONAL LTD.,33.77,35.99,33.77,35.78,35.85,32.76,,35.78,,,5030,178190.0,64,F1,1,,,,,,2025-05-13
2025-05-13,2025-05-13,CM,BSE,STK,519105,INE488D01021,AVTNPL,B,,,,,AVT NATURAL PRODUCTS LTD.,63.94,65.13,63.5,65.02,65.13,63.31,,64.94,,,3414,218946.0,246,F1,1,,,,,,2025-05-13
2025-05-13,2025-05-13,CM,BSE,STK,519126,INE254N01026,HNDFDS,B,,,,,HINDUSTAN FOODS LTD.,516.7,533.3,513.65,515.2,514.5,519.9,,514.95,,,7199,3752726.0,777,F1,1,,,,,,2025-05-13
2025-05-13,2025-05-13,CM,BSE,STK,519136,INE289A01011,NAHARINDUS,B,,,,,NAHAR INDUSTRIAL ENTERPRISES L,118.22,120.05,116.14,117.23,116.97,119.96,,117.15,,,7130,838280.0,224,F1,1,,,,,,2025-05-13
2025-05-13,2025-05-13,CM,BSE,STK,519152,INE693D01018,VADILENT,XT,,,,,VADILAL ENTERPRISES LTD.,13000.0,13400.0,13000.0,13261.3,13000.0,12993.75,,13261.3,,,95,1260749.0,14,F1,1,,,,,,2025-05-13
2025-05-13,2025-05-13,CM,BSE,STK,519156,INE694D01016,VADILALIND,B,,,,,VADILAL INDUSTRIES LTD.,6684.3,6848.5,6658.0,6792.3,6793.45,6727.4,,6789.0,,,2146,14495466.0,345,F1,1,,,,,,2025-05-13
2025-05-13,2025-05-13,CM,BSE,STK,519174,INE709D01012,ASHAI,XT,,,,,ASHIANA AGRO INDUSTRIES LTD.,10.68,10.68,10.68,10.68,10.68,10.69,,10.68,,,316,3374.0,7,F1,1,,,,,,2025-05-13
2025-05-13,2025-05-13,CM,BSE,STK,519183,INE982B01027,ADFFOODS,B,,,,,ADF FOODS LTD.,228.0,233.95,223.55,231.95,231.95,226.15,,231.69,,,15242,3490187.0,617,F1,1,,,,,,2025-05-13
2025-05-13,2025-05-13,CM,BSE,STK,519191,INE601N01010,RGRL,X,,,,,Retro Green Revolution Limited,5.62,6.05,5.62,5.81,5.96,6.01,,5.81,,,15430,91004.0,105,F1,1,,,,,,2025-05-13
2025-05-13,2025-05-13,CM,BSE,STK,519214,INE188E01017,WILLIMFI,XT,,,,,WILLIAMSON FINANCIAL SERVICES,8.67,8.68,8.67,8.67,8.67,8.67,,8.67,,,242,2099.0,4,F1,1,,,,,,2025-05-13
2025-05-13,2025-05-13,CM,BSE,STK,519216,INE601B01023,AJANTSOY,X,,,,,AJANTA SOYA LTD.,45.09,45.09,43.0,43.7,44.05,44.21,,43.7,,,70455,3082540.0,402,F1,1,,,,,,2025-05-13
2025-05-13,2025-05-13,CM,BSE,STK,519224,INE210A01017,WILLAMAGOR,B,,,,,WILLIAMSON MAGOR & COMPANY LTD,30.59,30.59,28.68,29.03,28.7,29.27,,28.76,,,1408,42409.0,14,F1,1,,,,,,2025-05-13
2025-05-13,2025-05-13,CM,BSE,STK,519230,INE102C01020,KISAAN,XT,,,,,KISAAN PARIVAR INDUSTRIES LIMI,30.1,30.99,29.5,30.98,30.95,29.9,,30.98,,,4688,143362.0,37,F1,1,,,,,,2025-05-13
2025-05-13,2025-05-13,CM,BSE,STK,519234,INE843L01012,SIEL,X,,,,,SUPERIOR INDUSTRIAL ENTERPRISE,54.0,54.0,52.7,52.7,52.7,53.93,,52.7,,,719,38320.0,14,F1,1,,,,,,2025-05-13
2025-05-13,2025-05-13,CM,BSE,STK,519238,INE233P01017,SPTRSHI,XT,,,,,SAPTARISHI AGRO INDUSTRIES LTD,30.5,30.5,30.5,30.5,30.5,30.5,,30.5,,,26,793.0,2,F1,1,,,,,,2025-05-13
2025-05-13,2025-05-13,CM,BSE,STK,519260,INE890C01046,SANWARIA,Z,,,,,SANWARIA CONSUMER LIMITED,0.49,0.49,0.49,0.49,0.49,0.49,,0.33,,,21325,10449.0,24,F1,1,,,,,,2025-05-13
2025-05-13,2025-05-13,CM,BSE,STK,519262,INE297D01018,PRIMAGR,X,,,,,PRIMA AGRO LTD.,21.95,23.17,21.55,23.17,23.17,23.18,,23.17,,,749,16362.0,11,F1,1,,,,,,2025-05-13
2025-05-13,2025-05-13,CM,BSE,STK,519279,INE110C01015,MADHURIND,XT,,,,,MADHUR INDUSTRIES LTD.,5.33,5.33,5.33,5.33,5.33,5.6,,5.33,,,46,245.0,1,F1,1,,,,,,2025-05-13
2025-05-13,2025-05-13,CM,BSE,STK,519285,INE906C01016,TARAI,Z,,,,,TARAI FOODS LTD.,8.81,8.81,8.2,8.55,8.55,8.55,,8.55,,,495,4240.0,8,F1,1,,,,,,2025-05-13
2025-05-13,2025-05-13,CM,BSE,STK,519287,INE617B01011,MODAIRY,X,,,,,MODERN DAIRIES LTD.,53.98,54.9,53.0,54.34,54.34,53.94,,54.34,,,12179,660306.0,97,F1,1,,,,,,2025-05-13
2025-05-13,2025-05-13,CM,BSE,STK,519295,INE921D01013,BAMBINO,X,,,,,BAMBINO AGRO INDUSTRIES LTD.,329.0,329.0,321.0,323.15,321.05,325.3,,323.15,,,230,74221.0,21,F1,1,,,,,,2025-05-13
2025-05-13,2025-05-13,CM,BSE,STK,519299,INE543F01028,PRIMIND,XT,,,,,PRIME INDUSTRIES LTD.,77.2,77.2,72.1,72.14,72.1,74.4,,72.14,,,1387,101026.0,17,F1,1,,,,,,2025-05-13
2025-05-13,2025-05-13,CM,BSE,STK,519307,INE706A01022,VIKASWSP,Z,,,,,VIKAS WSP LTD.,1.54,1.54,1.48,1.51,1.5,1.5,,1.51,,,35496,53290.0,58,F1,1,,,,,,2025-05-13
2025-05-13,2025-05-13,CM,BSE,STK,519331,INE923K01014,VSFPROJ,X,,,,,VSF PROJECTS LTD.,50.96,54.4,48.4,51.94,52.22,52.0,,51.94,,,6037,314975.0,47,F1,1,,,,,,2025-05-13
2025-05-13,2025-05-13,CM,BSE,STK,519359,INE809E01018,POONADAL,X,,,,,POONA DAL & OIL INDUSTRIES LTD,67.32,67.32,64.5,64.5,64.5,65.96,,64.5,,,227,15136.0,9,F1,1,,,,,,2025-05-13
2025-05-13,2025-05-13,CM,BSE,STK,519383,INE087B01017,ANIKINDS,T,,,,,ANIK INDUSTRIES LTD.,111.95,111.95,109.95,110.1,110.1,107.6,,108.32,,,101,11113.0,4,F1,1,,,,,,2025-05-13
2025-05-13,2025-05-13,CM,BSE,STK,519397,INE220Z01013,SHINDL,X,,,,,SHARAT INDUSTRIES LTD.,91.14,95.0,89.0,92.39,92.39,91.11,,92.39,,,157666,14442444.0,297,F1,1,,,,,,2025-05-13
2025-05-13,2025-05-13,CM,BSE,STK,519421,INE953E01014,KSE,X,,,,,KSE LTD.,1893.65,1909.0,1888.05,1897.15,1909.0,1893.65,,1897.15,,,71,134970.0,15,F1,1,,,,,,2025-05-13
2025-05-13,2025-05-13,CM,BSE,STK,519455,INE540C01021,NARBADA,X,,,,,NARBADA GEMS AND JEWELLERY LTD,58.0,58.0,54.0,54.99,55.0,56.0,,54.99,,,289,15883.0,28,F1,1,,,,,,2025-05-13
2025-05-13,2025-05-13,CM,BSE,STK,519457,INE295C01014,VIRATCRA,X,,,,,VIRAT CRANE INDUSTRIES LTD.,51.69,54.89,50.15,52.42,52.5,51.69,,52.42,,,2638,138683.0,36,F1,1,,,,,,2025-05-13
2025-05-13,2025-05-13,CM,BSE,STK,519463,INE678B01021,IBINFO,X,,,,,IB INFOTECH ENTERPRISES LTD.,179.0,179.0,160.1,177.0,177.0,170.0,,177.0,,,14,2295.0,4,F1,1,,,,,,2025-05-13
2025-05-13,2025-05-13,CM,BSE,STK,519471,INE072V01017,AMBARPIL,X,,,,,Ambar Protein Industries Limit,198.95,198.95,186.5,186.75,186.75,185.75,,186.75,,,319,62417.0,13,F1,1,,,,,,2025-05-13
2025-05-13,2025-05-13,CM,BSE,STK,519475,INE975C01011,CHORDIA,X,,,,,CHORDIA FOOD PRODUCTS LTD.,77.0,77.0,77.0,77.0,77.0,77.0,,77.0,,,12,924.0,2,F1,1,,,,,,2025-05-13
2025-05-13,2025-05-13,CM,BSE,STK,519477,INE052V01019,CIANAGRO,XT,,,,,CIAN Agro Ind & Infra Ltd,404.0,404.0,390.0,394.75,399.95,394.1,,394.75,,,1039,414205.0,26,F1,1,,,,,,2025-05-13
2025-05-13,2025-05-13,CM,BSE,STK,519479,INE112B01013,OMEAG,XT,,,,,OMEGA AG-SEEDS (PUNJAB) LTD.,8.0,8.4,7.7,8.05,8.39,8.0,,8.05,,,17952,143662.0,19,F1,1,,,,,,2025-05-13
2025-05-13,2025-05-13,CM,BSE,STK,519483,INE358D01018,TAIIND,X,,,,,TAI INDUSTRIES LTD.,40.0,40.0,36.64,37.44,37.15,36.59,,37.44,,,1906,73943.0,16,F1,1,,,,,,2025-05-13
2025-05-13,2025-05-13,CM,BSE,STK,519500,INE356C01022,BKV,X,,,,,BKV INDUSTRIES LTD.,11.62,12.68,11.62,11.68,12.35,11.39,,11.68,,,2113,26296.0,18,F1,1,,,,,,2025-05-13
2025-05-13,2025-05-13,CM,BSE,STK,519528,INE369C01017,NORBTEAEXP,T,,,,,NORBEN TEA & EXPORTS LTD.,43.38,43.38,39.33,41.38,41.38,41.4,,39.14,,,1428,57510.0,29,F1,1,,,,,,2025-05-13
2025-05-13,2025-05-13,CM,BSE,STK,519532,INE822B01017,ASIANTNE,X,,,,,ASIAN TEA & EXPORTS LTD.,11.3,11.49,11.0,11.18,11.38,11.1,,11.18,,,5231,58192.0,53,F1,1,,,,,,2025-05-13
2025-05-13,2025-05-13,CM,BSE,STK,519552,INE978A01027,HERITGFOOD,A,,,,,HERITAGE FOODS LIMITED,414.95,414.95,401.75,406.3,407.0,405.65,,406.7,,,11099,4515161.0,385,F1,1,,,,,,2025-05-13
2025-05-13,2025-05-13,CM,BSE,STK,519566,INE354D01017,SIMRAN,X,,,,,SIMRAN FARMS LTD.,187.65,190.95,183.55,186.15,190.95,187.65,,186.15,,,1241,231050.0,33,F1,1,,,,,,2025-05-13
2025-05-13,2025-05-13,CM,BSE,STK,519574,INE092301014,HINDUST,X,,,,,HINDUSTAN AGRIGENETICS LTD.,75.37,75.37,75.0,75.0,75.0,75.0,,75.0,,,26,1955.0,5,F1,1,,,,,,2025-05-13
2025-05-13,2025-05-13,CM,BSE,STK,519600,INE421D01022,CCL,A,,,,,CCL PRODUCTS (INDIA) LTD.,726.0,735.45,717.85,719.6,721.05,726.95,,719.85,,,10143,7341325.0,470,F1,1,,,,,,2025-05-13
2025-05-13,2025-05-13,CM,BSE,STK,519602,INE164B01022,KELLTONTEC,B,,,,,KELLTON TECH SOLUTIONS LTD.,111.35,112.5,109.9,111.85,112.3,109.95,,111.88,,,76196,8488941.0,1106,F1,1,,,,,,2025-05-13
2025-05-13,2025-05-13,CM,BSE,STK,519604,INE565E01016,SURFI,X,,,,,SURYO FOODS & INDUSTRIES LTD.,15.03,15.77,14.28,14.29,14.29,15.03,,14.29,,,57,823.0,7,F1,1,,,,,,2025-05-13
2025-05-13,2025-05-13,CM,BSE,STK,519612,INE734D01010,MAHAANF,XT,,,,,MAHAAN FOODS LTD.,47.51,47.51,47.51,47.51,47.51,47.51,,47.51,,,64,3040.0,4,F1,1,,,,,,2025-05-13
2025-05-13,2025-05-13,CM,BSE,STK,520008,INE209B01025,RICOAUTO,B,,,,,RICO AUTO INDUSTRIES LTD.,65.08,67.0,64.45,66.72,66.72,65.05,,66.61,,,40090,2648313.0,812,F1,1,,,,,,2025-05-13
2025-05-13,2025-05-13,CM,BSE,STK,520021,INE090B01011,OMAXAUTO,B,,,,,OMAX AUTOS LTD.,84.64,85.0,83.9,83.9,83.9,84.64,,83.42,,,153,12916.0,30,F1,1,,,,,,2025-05-13
2025-05-13,2025-05-13,CM,BSE,STK,520043,INE577A01027,MUNJALSHOW,B,,,,,MUNJAL SHOWA LTD.,115.8,118.65,115.4,117.7,116.8,114.55,,117.37,,,2973,347545.0,135,F1,1,,,,,,2025-05-13
2025-05-13,2025-05-13,CM,BSE,STK,520051,INE039C01032,JAMNAAUTO,A,,,,,JAMNA AUTO INDUSTRIES LTD.,84.35,87.22,84.12,86.51,86.51,84.23,,86.54,,,182635,15716998.0,1554,F1,1,,,,,,2025-05-13
2025-05-13,2025-05-13,CM,BSE,STK,520056,INE105A01035,TVSHLTD,A,,,,,TVS Holdings Limited,9300.55,9600.0,9300.55,9418.55,9388.5,9408.35,,9418.0,,,467,4431585.0,221,F1,1,,,,,,2025-05-13
2025-05-13,2025-05-13,CM,BSE,STK,520057,INE643A01035,JTEKTINDIA,B,,,,,JTEKT India Ltd,137.1,137.4,134.7,135.1,134.9,136.6,,134.88,,,566,77123.0,58,F1,1,,,,,,2025-05-13
2025-05-13,2025-05-13,CM,BSE,STK,520059,INE672B01032,MUNJALAU,B,,,,,MUNJAL AUTO INDUSTRIES LTD.,74.0,77.65,73.4,75.27,75.75,73.98,,75.51,,,13721,1036062.0,563,F1,1,,,,,,2025-05-13
2025-05-13,2025-05-13,CM,BSE,STK,520066,INE571B01036,JAYBARMARU,B,,,,,JAY BHARAT MARUTI LTD.,63.4,67.9,63.4,66.7,66.7,63.53,,66.46,,,15996,1060398.0,493,F1,1,,,,,,2025-05-13
2025-05-13,2025-05-13,CM,BSE,STK,520073,INE704B01017,RACLGEAR,B,,,,,RACL Geartech Limited,832.0,835.05,800.0,809.3,801.0,836.45,,801.5,,,863,706963.0,124,F1,1,,,,,,2025-05-13
2025-05-13,2025-05-13,CM,BSE,STK,520075,INE706B01012,SAMKRG,X,,,,,SAMKRG PISTONS & RINGS LTD.,135.05,137.95,134.65,136.55,137.75,136.8,,136.55,,,2027,274337.0,40,F1,1,,,,,,2025-05-13
2025-05-13,2025-05-13,CM,BSE,STK,520081,INE315F01013,ECSTSTL,P,,,,,EAST COAST STEEL LTD.,15.03,15.03,15.03,15.03,15.03,15.75,,15.03,,,500,7515.0,1,F1,100,,,,,,2025-05-13
2025-05-13,2025-05-13,CM,BSE,STK,520111,INE703B01027,RATNAMANI,A,,,,,RATNAMANI METALS & TUBES LTD.,2798.15,2798.15,2684.6,2719.4,2725.7,2689.75,,2717.5,,,1169,3167619.0,256,F1,1,,,,,,2025-05-13
2025-05-13,2025-05-13,CM,BSE,STK,520113,INE386A01015,VESUVIUS,A,,,,,VESUVIUS INDIA LTD.,4858.75,5050.0,4858.75,5003.8,5003.4,4916.05,,5009.4,,,544,2709206.0,215,F1,1,,,,,,2025-05-13
2025-05-13,2025-05-13,CM,BSE,STK,520119,INE900C01027,ASAL,B,,,,,AUTOMOTIVE STAMPINGS & ASSEMBL,483.6,493.15,479.85,489.8,488.8,481.35,,488.55,,,531,259322.0,112,F1,1,,,,,,2025-05-13
2025-05-13,2025-05-13,CM,BSE,STK,520121,INE276D01012,ARCEEIN,X,,,,,ARCEE INDUSTRIES LTD.,6.84,6.84,6.8,6.83,6.83,6.84,,6.83,,,256,1742.0,6,F1,1,,,,,,2025-05-13
2025-05-13,2025-05-13,CM,BSE,STK,520123,INE125D01011,ABCINDQ,X,,,,,ABC INDIA LTD.,88.01,97.0,88.01,92.16,91.05,92.93,,92.16,,,960,89870.0,30,F1,1,,,,,,2025-05-13
2025-05-13,2025-05-13,CM,BSE,STK,520127,INE654B01014,BALTE,X,,,,,BALURGHAT TECHNOLOGIES LTD.,18.99,20.5,18.7,19.89,19.89,18.89,,19.89,,,5678,113137.0,40,F1,1,,,,,,2025-05-13
2025-05-13,2025-05-13,CM,BSE,STK,520131,INE229E01019,COARO,P,,,,,COASTAL ROADWAYS LTD.,30.45,30.45,30.45,30.45,30.45,29.0,,30.45,,,900,27405.0,4,F1,100,,,,,,2025-05-13
2025-05-13,2025-05-13,CM,BSE,STK,520141,INE441C01014,SIBARAUT,X,,,,,SIBAR AUTO PARTS LTD.,9.71,9.71,9.21,9.23,9.21,9.04,,9.23,,,407,3900.0,12,F1,1,,,,,,2025-05-13
2025-05-13,2025-05-13,CM,BSE,STK,520151,INE757B01015,TRANSWORLD,B,,,,,TRANSWORLD SHIPPING LINES LIMI,286.0,298.5,285.95,292.55,292.55,287.4,,294.1,,,1112,324435.0,78,F1,1,,,,,,2025-05-13
2025-05-13,2025-05-13,CM,BSE,STK,520155,INE580C01019,STARLOG,XT,,,,,Starlog Enterprises Limited,70.37,70.37,70.37,70.37,70.37,71.8,,70.37,,,332,23362.0,5,F1,1,,,,,,2025-05-13
2025-05-13,2025-05-13,CM,BSE,STK,521005,INE807M01023,TITANIN,XT,,,,,TITAN INTECH LIMITED,12.6,12.93,12.5,12.93,12.93,12.32,,12.93,,,233727,2999968.0,529,F1,1,,,,,,2025-05-13
2025-05-13,2025-05-13,CM,BSE,STK,521014,INE022C01012,EUROTEXIND,B,,,,,EUROTEX INDUSTRIES & EXPORTS L,13.62,13.62,13.0,13.31,13.0,12.43,,13.45,,,208,2768.0,8,F1,1,,,,,,2025-05-13
2025-05-13,2025-05-13,CM,BSE,STK,521016,INE483B01026,ICIL,A,,,,,INDO COUNT INDUSTRIES LTD.,327.0,342.15,326.8,338.3,339.0,330.6,,339.45,,,61431,20615492.0,1846,F1,1,,,,,,2025-05-13
2025-05-13,2025-05-13,CM,BSE,STK,521018,INE882A01013,MARALOVER,B,,,,,MARAL OVERSEAS LTD.,69.0,70.0,67.51,67.52,67.52,68.08,,68.17,,,327,22414.0,310,F1,1,,,,,,2025-05-13
2025-05-13,2025-05-13,CM,BSE,STK,521034,INE314C01013,SOMATEX,B,,,,,SOMA TEXTILES & INDUSTRIES LTD,45.61,46.16,43.93,43.96,43.93,44.81,,44.34,,,1453,64862.0,115,F1,1,,,,,,2025-05-13
2025-05-13,2025-05-13,CM,BSE,STK,521048,INE900E01015,ADVLIFE,X,,,,,ADVANCE LIFESTYLES LTD.,31.31,31.31,29.85,29.85,29.85,31.0,,29.85,,,30,899.0,5,F1,1,,,,,,2025-05-13
2025-05-13,2025-05-13,CM,BSE,STK,521054,INE092E01011,KAKTEX,X,,,,,KAKATIYA TEXTILES LTD.,18.0,19.0,16.52,18.87,18.87,18.0,,18.87,,,2900,51676.0,28,F1,1,,,,,,2025-05-13
2025-05-13,2025-05-13,CM,BSE,STK,521062,INE814L01013,OCTAVE,X,,,,,PERFECT-OCTAVE MEDIA PROJECTS,4.35,4.56,4.15,4.53,4.55,4.35,,4.53,,,10956,48011.0,45,F1,1,,,,,,2025-05-13
2025-05-13,2025-05-13,CM,BSE,STK,521064,INE064C01022,TRIDENT,A,,,,,TRIDENT LTD.,28.32,28.7,28.05,28.36,28.36,28.41,,28.32,,,917533,26115696.0,3528,F1,1,,,,,,2025-05-13
2025-05-13,2025-05-13,CM,BSE,STK,521068,INE689E01014,HISARSP,P,,,,,HISAR SPINNING MILLS LTD.,42.73,42.73,42.73,42.73,42.73,40.7,,42.73,,,100,4273.0,1,F1,100,,,,,,2025-05-13
2025-05-13,2025-05-13,CM,BSE,STK,521070,INE270A01029,ALOKINDS,A,,,,,ALOK INDUSTRIES LTD.,17.24,17.75,16.97,17.44,17.44,17.2,,17.43,,,1418496,24607601.0,2401,F1,1,,,,,,2025-05-13
2025-05-13,2025-05-13,CM,BSE,STK,521080,INE604F01010,PASARI,X,,,,,PASARI SPINNING MILLS LTD.,7.99,8.0,7.8,7.96,7.96,8.0,,7.96,,,796,6308.0,16,F1,1,,,,,,2025-05-13
2025-05-13,2025-05-13,CM,BSE,STK,521097,INE484D01012,AMARJOTHI,X,,,,,AMARJOTHI SPINNING MILLS LTD.,167.0,169.7,160.25,161.4,164.0,169.35,,161.4,,,2887,473399.0,81,F1,1,,,,,,2025-05-13
2025-05-13,2025-05-13,CM,BSE,STK,521105,INE482O01021,OLYMPTX,X,,,,,OLYMPIA INDUSTRIES LTD.,39.0,41.17,39.0,39.0,39.0,39.29,,39.0,,,563,22106.0,12,F1,1,,,,,,2025-05-13
2025-05-13,2025-05-13,CM,BSE,STK,521109,INE123B01028,NAGREEKEXP,B,,,,,NAGREEKA EXPORTS LTD.,27.45,28.1,27.45,27.79,27.72,27.23,,27.89,,,1636,45626.0,67,F1,1,,,,,,2025-05-13
2025-05-13,2025-05-13,CM,BSE,STK,521113,INE691D01012,SUDTIND-B,XT,,,,,SUDITI INDUSTRIES LTD.,45.39,45.39,44.49,44.49,44.49,45.39,,44.49,,,13532,602832.0,37,F1,1,,,,,,2025-05-13
2025-05-13,2025-05-13,CM,BSE,STK,521131,INE363D01018,SBFL,X,,,,,Shree Bhavya Fabrics Limited,25.16,25.16,24.55,24.66,24.99,24.74,,24.66,,,1350,33298.0,9,F1,1,,,,,,2025-05-13
2025-05-13,2025-05-13,CM,BSE,STK,521133,INE165F01020,GEMSPIN,P,,,,,GEM SPINNERS INDIA LTD.,4.72,4.72,4.72,4.72,4.72,4.96,,4.72,,,100,472.0,1,F1,100,,,,,,2025-05-13
2025-05-13,2025-05-13,CM,BSE,STK,521137,INE958A01011,EUREKAI,XT,,,,,EUREKA INDUSTRIES LTD.,10.45,10.5,10.01,10.43,10.5,10.24,,10.43,,,52366,544095.0,54,F1,1,,,,,,2025-05-13
2025-05-13,2025-05-13,CM,BSE,STK,521141,INE122D01026,ADITYASP,X,,,,,ADITYA SPINNERS LTD.,22.22,22.22,21.52,21.98,22.0,22.25,,21.98,,,1913,42040.0,31,F1,1,,,,,,2025-05-13
2025-05-13,2025-05-13,CM,BSE,STK,521149,INE419E01024,PRIMEURB,XT,,,,,PRIME URBAN DEVELOPMENT INDIA,8.89,8.89,8.89,8.89,8.89,9.35,,8.89,,,1420,12623.0,10,F1,1,,,,,,2025-05-13
2025-05-13,2025-05-13,CM,BSE,STK,521151,INE953D01016,DHANFAB,X,,,,,DHANLAXMI FABRICS LTD.,58.89,60.0,58.0,60.0,60.0,59.7,,60.0,,,502,29708.0,12,F1,1,,,,,,2025-05-13
2025-05-13,2025-05-13,CM,BSE,STK,521161,INE456D01010,SLSTLQ,X,,,,,SRI LAKSHMI SARASWATHI TEXTILE,37.2,37.2,37.2,37.2,37.2,37.2,,37.2,,,113,4203.0,4,F1,1,,,,,,2025-05-13
2025-05-13,2025-05-13,CM,BSE,STK,521163,INE206B01013,ZODIACLOTH,B,,,,,ZODIAC CLOTHING CO.LTD.,106.15,109.0,105.38,107.49,108.35,103.73,,108.29,,,1302,138719.0,57,F1,1,,,,,,2025-05-13
2025-05-13,2025-05-13,CM,BSE,STK,521178,INE306D01017,SRMCL,X,,,,,SRI RAMAKRISHNA MILLS (COIMBAT,44.6,44.6,42.5,43.88,43.8,43.91,,43.88,,,1674,72259.0,38,F1,1,,,,,,2025-05-13
2025-05-13,2025-05-13,CM,BSE,STK,521180,INE662A01027,SUPERSPIN,B,,,,,SUPER SPINNING MILLS LTD.,10.14,10.14,9.54,9.99,9.68,10.18,,9.67,,,10553,101328.0,26,F1,1,,,,,,2025-05-13
2025-05-13,2025-05-13,CM,BSE,STK,521194,INE923A01015,SILINV,B,,,,,SIL INVESTMENTS LTD.,621.7,621.85,615.55,617.4,617.4,614.35,,618.5,,,812,501685.0,57,F1,1,,,,,,2025-05-13
2025-05-13,2025-05-13,CM,BSE,STK,521200,INE713B01026,SURYALAXMI,B,,,,,SURYALAKSHMI COTTON MILLS LTD.,62.52,64.69,60.15,64.08,64.08,62.71,,62.01,,,1790,111652.0,90,F1,1,,,,,,2025-05-13
2025-05-13,2025-05-13,CM,BSE,STK,521206,INE931D01020,SAMTEX,X,,,,,SAMTEX FASHIONS LTD.,2.63,2.71,2.57,2.69,2.7,2.63,,2.69,,,7813,20825.0,50,F1,1,,,,,,2025-05-13
2025-05-13,2025-05-13,CM,BSE,STK,521216,INE220C01012,DHANROTO,X,,,,,DHANALAXMI ROTO SPINNERS LTD.,95.0,95.4,90.0,91.94,93.3,92.15,,91.94,,,2776,256113.0,58,F1,1,,,,,,2025-05-13
2025-05-13,2025-05-13,CM,BSE,STK,521220,INE497D01022,DAMODARIND,B,,,,,DAMODAR INDUSTRIES LTD.,34.0,34.45,34.0,34.45,34.45,34.2,,34.24,,,35,1204.0,5,F1,1,,,,,,2025-05-13
2025-05-13,2025-05-13,CM,BSE,STK,521222,INE602D01027,SANBLUE,X,,,,,SANBLUE CORPORATION LTD.,62.8,63.6,58.17,63.59,63.59,60.58,,63.59,,,427,26583.0,13,F1,1,,,,,,2025-05-13
2025-05-13,2025-05-13,CM,BSE,STK,521228,INE083G01031,TATIAGLOB,X,,,,,TATIA GLOBAL VENNTURE LTD.,2.9,3.08,2.86,2.94,2.94,2.85,,2.94,,,119643,356562.0,215,F1,1,,,,,,2025-05-13
2025-05-13,2025-05-13,CM,BSE,STK,521232,INE124M01015,SUNILTX,P,,,,,SUNIL INDUSTRIES LTD.,73.2,80.85,73.2,80.85,80.85,77.0,,80.85,,,800,62885.0,5,F1,100,,,,,,2025-05-13
2025-05-13,2025-05-13,CM,BSE,STK,521234,INE443E01016,SRINACHA,X,,,,,SRI NACHAMMAI COTTON MILLS LTD,32.8,35.8,32.63,34.12,35.3,32.79,,34.12,,,448,15027.0,15,F1,1,,,,,,2025-05-13
2025-05-13,2025-05-13,CM,BSE,STK,521238,INE893C01032,BGDL,T,,,,,BHARAT GLOBAL DEVELOPERS LIMIT,443.55,443.55,443.55,443.55,443.55,466.85,,443.55,,,744,330001.0,134,F1,1,,,,,,2025-05-13
2025-05-13,2025-05-13,CM,BSE,STK,521240,INE304D01012,SAMBANDAM,X,,,,,SAMBANDAM SPINNING MILLS LTD.,150.0,153.85,137.0,137.0,137.0,148.35,,137.0,,,46,6557.0,11,F1,1,,,,,,2025-05-13
2025-05-13,2025-05-13,CM,BSE,STK,521242,INE292D01019,KANDAGIRI,XT,,,,,KANDAGIRI SPINNING MILLS LTD.,40.55,40.55,39.9,40.55,40.55,38.62,,40.55,,,1805,73108.0,10,F1,1,,,,,,2025-05-13
2025-05-13,2025-05-13,CM,BSE,STK,521244,INE676G01024,MKPMOB,XT,,,,,MKP Mobility Limited,121.0,121.0,120.0,120.0,120.0,121.0,,120.0,,,102,12340.0,3,F1,1,,,,,,2025-05-13
2025-05-13,2025-05-13,CM,BSE,STK,521246,INE162C01024,PARASPETRO,B,,,,,PARAS PETROFILS LTD.,2.46,2.61,2.46,2.61,2.61,2.49,,2.59,,,94159,243285.0,283,F1,1,,,,,,2025-05-13
2025-05-13,2025-05-13,CM,BSE,STK,521248,INE602G01020,KITEX,B,,,,,KITEX GARMENTS LTD.,259.85,260.0,244.05,247.05,248.5,256.85,,246.73,,,142400,35182876.0,1497,F1,1,,,,,,2025-05-13
2025-05-13,2025-05-13,CM,BSE,STK,522001,INE608B01010,CRANEX,X,,,,,CRANEX LTD.,89.39,89.48,87.0,89.48,89.48,85.22,,89.48,,,7995,711687.0,63,F1,1,,,,,,2025-05-13
2025-05-13,2025-05-13,CM,BSE,STK,522004,INE177C01022,BATLIBOI,X,,,,,BATLIBOI LTD.,92.9,92.95,90.0,91.14,91.29,90.97,,91.14,,,33920,3087805.0,101,F1,1,,,,,,2025-05-13
2025-05-13,2025-05-13,CM,BSE,STK,522005,INE759F01012,AUSTENG,X,,,,,AUSTIN ENGINEERING CO.LTD.,148.5,149.95,144.0,147.1,147.65,148.95,,147.1,,,8318,1210339.0,84,F1,1,,,,,,2025-05-13
2025-05-13,2025-05-13,CM,BSE,STK,522014,INE961D01019,UNIDT,B,,,,,UNITED DRILLING TOOLS LTD.,203.7,207.8,201.7,205.75,205.3,200.85,,207.01,,,1304,266356.0,80,F1,1,,,,,,2025-05-13
2025-05-13,2025-05-13,CM,BSE,STK,522017,INE459C01016,FLUIDOM,X,,,,,FLUIDOMAT LTD.,830.0,849.0,800.0,827.05,832.0,842.9,,827.05,,,8694,7137368.0,290,F1,1,,,,,,2025-05-13
2025-05-13,2025-05-13,CM,BSE,STK,522029,INE052A01021,WINDMACHIN,B,,,,,WINDSOR MACHINES LTD.,347.05,367.9,347.05,361.4,362.5,354.15,,361.15,,,42445,15329192.0,1576,F1,1,,,,,,2025-05-13
2025-05-13,2025-05-13,CM,BSE,STK,522034,INE631A01022,SHANTIGEAR,B,,,,,SHANTHI GEARS LTD.,478.45,503.75,478.45,497.35,500.0,484.0,,495.45,,,3754,1869803.0,239,F1,1,,,,,,2025-05-13
2025-05-13,2025-05-13,CM,BSE,STK,522036,INE338P01014,MIVENMACH,XT,,,,,MIVEN MACHINE TOOLS LTD.,75.0,78.75,71.5,78.75,78.75,75.0,,78.75,,,203,14726.0,9,F1,1,,,,,,2025-05-13
2025-05-13,2025-05-13,CM,BSE,STK,522064,INE634A01018,HONDAPOWER,B,,,,,HONDA INDIA POWER PRODUCTS LIM,2156.9,2261.1,2156.7,2228.9,2220.0,2155.35,,2234.9,,,788,1750982.0,235,F1,1,,,,,,2025-05-13
2025-05-13,2025-05-13,CM,BSE,STK,522073,INE127B01011,HITECHGEAR,T,,,,,The Hi-Tech Gears Ltd,590.0,590.0,590.0,590.0,590.0,588.0,,587.25,,,106,62540.0,5,F1,1,,,,,,2025-05-13
2025-05-13,2025-05-13,CM,BSE,STK,522074,INE285A01027,ELGIEQUIP,A,,,,,ELGI EQUIPMENTS LTD.,469.85,471.95,457.5,461.65,461.65,463.7,,461.15,,,13533,6289194.0,756,F1,1,,,,,,2025-05-13
2025-05-13,2025-05-13,CM,BSE,STK,522091,INE890G01021,UVDRHOR,X,,,,,UNITED VAN DER HORST LTD.,124.4,127.65,118.0,122.15,118.0,123.7,,122.15,,,1339,164350.0,24,F1,1,,,,,,2025-05-13
2025-05-13,2025-05-13,CM,BSE,STK,522101,INE338F01015,KLBRENG-B,B,,,,,KILBURN ENGINEERING LTD.,418.0,418.0,401.2,407.55,407.05,415.7,,407.55,,,71764,29198191.0,592,F1,1,,,,,,2025-05-13
2025-05-13,2025-05-13,CM,BSE,STK,522105,INE372E01025,BIRLAPREC,XT,,,,,BIRLA PRECISION TECHNOLOGIES L,37.7,38.49,36.82,37.76,37.9,36.79,,37.76,,,9824,371390.0,102,F1,1,,,,,,2025-05-13
2025-05-13,2025-05-13,CM,BSE,STK,522108,INE384C01016,YUKEN,B,,,,,YUKEN INDIA LTD.,828.0,856.0,816.0,842.0,850.2,814.2,,851.7,,,372,311208.0,62,F1,1,,,,,,2025-05-13
2025-05-13,2025-05-13,CM,BSE,STK,522113,INE325A01013,TIMKEN,A,,,,,TIMKEN INDIA LTD.,2899.95,2899.95,2825.0,2859.05,2853.95,2845.85,,2853.0,,,1539,4399179.0,274,F1,1,,,,,,2025-05-13
2025-05-13,2025-05-13,CM,BSE,STK,522122,INE285C01015,VOITHPAPR,X,,,,,VOITH PAPER FABRICS INDIA LTD.,1538.8,1559.0,1515.0,1528.8,1528.8,1538.8,,1528.8,,,386,591545.0,48,F1,1,,,,,,2025-05-13
2025-05-13,2025-05-13,CM,BSE,STK,522134,INE133D01023,ARTSON,XT,,,,,ARTSON LIMITED,151.0,158.45,151.0,152.0,152.0,151.05,,152.0,,,3253,498336.0,25,F1,1,,,,,,2025-05-13
2025-05-13,2025-05-13,CM,BSE,STK,522152,INE410A01013,SOLIMAC,X,,,,,SOLITAIRE MACHINE TOOLS LTD.,158.4,163.0,155.0,162.15,160.1,160.0,,162.15,,,8857,1416122.0,103,F1,1,,,,,,2025-05-13
2025-05-13,2025-05-13,CM,BSE,STK,522163,INE989C01038,DIACABS,B,,,,,DIAMOND POWER INFRASTRUCTURE L,100.0,100.0,93.1,94.29,94.0,95.52,,93.96,,,56269,5361865.0,1254,F1,1,,,,,,2025-05-13
2025-05-13,2025-05-13,CM,BSE,STK,522165,INE867D01018,INDSILHYD,X,,,,,INDSIL HYDRO POWER AND MANGANE,44.0,46.99,44.0,45.29,45.29,45.33,,45.29,,,63968,2944111.0,177,F1,1,,,,,,2025-05-13
2025-05-13,2025-05-13,CM,BSE,STK,522183,INE478D01014,ITL,X,,,,,ITL INDUSTRIES LTD.,407.0,418.8,401.0,404.0,404.0,407.0,,404.0,,,396,161132.0,24,F1,1,,,,,,2025-05-13
2025-05-13,2025-05-13,CM,BSE,STK,522195,INE572D01014,FRONTSP,X,,,,,FRONTIER SPRINGS LTD.,2346.8,2346.8,2230.0,2324.65,2337.15,2303.25,,2324.65,,,3217,7407397.0,308,F1,1,,,,,,2025-05-13
2025-05-13,2025-05-13,CM,BSE,STK,522205,INE074A01025,PRAJIND,A,,,,,PRAJ INDUSTRIES LTD.,474.0,478.3,468.0,469.85,469.85,474.35,,469.75,,,63873,30243342.0,2591,F1,1,,,,,,2025-05-13
2025-05-13,2025-05-13,CM,BSE,STK,522207,INE682D01011,RASANDIK,X,,,,,RASANDIK ENGINEERING INDUSTRIE,94.95,94.95,92.25,94.89,94.89,96.85,,94.89,,,148,13900.0,10,F1,1,,,,,,2025-05-13
2025-05-13,2025-05-13,CM,BSE,STK,522209,INE429B01011,YOGISUNG,X,,,,,YOGI SUNG-WON (INDIA) LTD.,8.38,8.38,8.15,8.15,8.15,8.15,,8.15,,,598,4960.0,7,F1,1,,,,,,2025-05-13
2025-05-13,2025-05-13,CM,BSE,STK,522215,INE461D01028,HLEGLAS,B,,,,,HLE GLASCOAT LIMITED,272.05,287.25,270.15,283.55,285.0,273.2,,284.2,,,8077,2258556.0,712,F1,1,,,,,,2025-05-13
2025-05-13,2025-05-13,CM,BSE,STK,522217,INE826C01016,GUJAPOLLO,B,,,,,GUJARAT APOLLO INDUSTRIES LTD.,350.65,360.15,348.4,353.75,353.0,351.85,,352.8,,,596,212156.0,81,F1,1,,,,,,2025-05-13
2025-05-13,2025-05-13,CM,BSE,STK,522229,INE692C01020,TANAA,T,,,,,TANEJA AEROSPACE & AVIATION LT,317.0,319.0,308.5,319.0,319.0,303.85,,319.0,,,39107,12312651.0,571,F1,1,,,,,,2025-05-13
2025-05-13,2025-05-13,CM,BSE,STK,522231,INE714D01020,CONART,XT,,,,,CONART ENGINEERS LTD.,85.1,87.5,85.0,87.5,87.5,85.86,,87.5,,,2836,244111.0,41,F1,1,,,,,,2025-05-13
2025-05-13,2025-05-13,CM,BSE,STK,522235,INE097E01028,MINALIND,X,,,,,MINAL INDUSTRIES LIMITED,3.66,3.84,3.66,3.71,3.71,3.78,,3.71,,,7189,26888.0,85,F1,1,,,,,,2025-05-13
2025-05-13,2025-05-13,CM,BSE,STK,522241,INE227C01017,MMFL,B,,,,,M.M.FORGINGS LTD.,349.85,354.9,342.35,352.45,350.65,349.2,,350.75,,,6234,2168702.0,304,F1,1,,,,,,2025-05-13
2025-05-13,2025-05-13,CM,BSE,STK,522245,INE079L01013,IYKOTHITE,XT,,,,,IYKOT HITECH TOOLROOM LTD.,16.44,16.44,16.44,16.44,16.44,16.47,,16.44,,,1,16.0,1,F1,1,,,,,,2025-05-13
2025-05-13,2025-05-13,CM,BSE,STK,522249,INE040D01038,MAYURUNIQ,B,,,,,MAYUR UNIQUOTERS LTD.,573.9,595.0,551.35,587.05,585.9,574.9,,587.8,,,23045,13308856.0,1857,F1,1,,,,,,2025-05-13
2025-05-13,2025-05-13,CM,BSE,STK,522251,INE627F01011,CENLUB,X,,,,,CENLUB INDUSTRIES LTD.,358.7,358.7,340.0,348.05,350.0,342.85,,348.05,,,2092,726567.0,136,F1,1,,,,,,2025-05-13
2025-05-13,2025-05-13,CM,BSE,STK,522257,INE535F01024,RAJOOENG,B,,,,,RAJOO ENGINEERS LTD.,121.0,124.9,120.4,124.0,124.0,119.8,,124.0,,,437858,53843000.0,2859,F1,1,,,,,,2025-05-13
2025-05-13,2025-05-13,CM,BSE,STK,522261,INE920A01037,DOLPHIN,T,,,,,DOLPHIN OFFSHORE ENTERPRISES (,388.8,388.8,388.8,388.8,388.8,396.7,,388.8,,,114,44323.0,16,F1,1,,,,,,2025-05-13
2025-05-13,2025-05-13,CM,BSE,STK,522267,INE466D01019,VJLAXMIE,X,,,,,VEEJAY LAKSHMI ENGINEERING WOR,62.99,62.99,58.05,59.28,59.01,60.9,,59.28,,,612,35611.0,13,F1,1,,,,,,2025-05-13
2025-05-13,2025-05-13,CM,BSE,STK,522275,INE200A01026,GVTD,B,,,,,GE Vernova T&D India Limited,1749.95,1749.95,1680.0,1696.4,1690.25,1686.25,,1696.4,,,10026,17028444.0,1371,F1,1,,,,,,2025-05-13
2025-05-13,2025-05-13,CM,BSE,STK,522281,INE207E01023,RAMRAT,B,,,,,RAM RATNA WIRES LTD.,557.45,570.0,557.45,568.35,570.0,549.65,,567.65,,,2713,1529921.0,285,F1,1,,,,,,2025-05-13
2025-05-13,2025-05-13,CM,BSE,STK,522285,INE854B01010,JAYNECOIND,B,,,,,JAYASWAL NECO INDUSTRIES LTD.,40.49,42.7,40.49,41.47,41.81,39.82,,41.43,,,41491,1733383.0,607,F1,1,,,,,,2025-05-13
2025-05-13,2025-05-13,CM,BSE,STK,522287,INE220B01022,KPIL,A,,,,,KALPATARU PROJECTS INTERNATION,1005.0,1010.0,974.8,1002.65,1007.15,978.75,,1003.45,,,4878,4873990.0,527,F1,1,,,,,,2025-05-13
2025-05-13,2025-05-13,CM,BSE,STK,522289,INE169F01014,NMSRESRC,XT,,,,,NMS RESOURCES GLOBAL LIMITED,41.3,41.3,40.24,40.24,40.24,40.44,,40.24,,,140,5661.0,8,F1,1,,,,,,2025-05-13
2025-05-13,2025-05-13,CM,BSE,STK,522292,INE713D01055,CANDOUR,X,,,,,CANDOUR TECHTEX LIMITED,91.8,91.8,88.1,88.71,88.5,88.47,,88.71,,,5036,446651.0,50,F1,1,,,,,,2025-05-13
2025-05-13,2025-05-13,CM,BSE,STK,522294,INE811B01010,TIGLOB,X,,,,,T & I GLOBAL LTD.,163.95,163.95,154.5,158.8,158.8,159.45,,158.8,,,891,141909.0,16,F1,1,,,,,,2025-05-13
2025-05-13,2025-05-13,CM,BSE,STK,522295,INE663B01015,CONTROLPR,B,,,,,CONTROL PRINT LTD.,635.95,638.0,618.65,629.85,630.0,617.75,,629.15,,,2391,1506478.0,91,F1,1,,,,,,2025-05-13
2025-05-13,2025-05-13,CM,BSE,STK,522650,INE142E01014,BEMHY,X,,,,,BEMCO HYDRAULICS LTD.,2299.8,2320.0,2057.05,2110.65,2140.0,2143.05,,2110.65,,,591,1285533.0,116,F1,1,,,,,,2025-05-13
2025-05-13,2025-05-13,CM,BSE,STK,523007,INE030C01015,ANSALBU,X,,,,,ANSAL BUILDWELL LTD.,115.35,117.0,114.0,115.0,115.0,115.35,,115.0,,,1859,212628.0,13,F1,1,,,,,,2025-05-13
2025-05-13,2025-05-13,CM,BSE,STK,523011,INE080A01014,WEIZMANIND,B,,,,,WEIZMANN LTD.,112.65,117.2,110.85,113.1,113.1,112.65,,114.13,,,360,41017.0,43,F1,1,,,,,,2025-05-13
2025-05-13,2025-05-13,CM,BSE,STK,523019,INE710D01028,BNRSEC,XT,,,,,B.N.RATHI SECURITIES LTD.,25.5,25.5,24.0,24.56,24.7,24.72,,24.56,,,49470,1237534.0,386,F1,1,,,,,,2025-05-13
2025-05-13,2025-05-13,CM,BSE,STK,523021,INE989D01010,RISHITECH,X,,,,,RISHI TECHTEX LTD.,51.5,51.5,47.0,48.98,48.98,46.01,,48.98,,,436,21585.0,18,F1,1,,,,,,2025-05-13
2025-05-13,2025-05-13,CM,BSE,STK,523023,INE985A01022,SINCLAIR,B,,,,,SINCLAIRS HOTELS LTD.,89.24,91.0,88.31,90.51,90.51,88.95,,89.82,,,4565,408534.0,288,F1,1,,,,,,2025-05-13
2025-05-13,2025-05-13,CM,BSE,STK,523025,INE429E01023,SAFARI,A,,,,,SAFARI INDUSTRIES (INDIA) LTD.,2133.5,2171.8,2110.0,2159.9,2161.0,2131.3,,2158.8,,,1616,3477590.0,298,F1,1,,,,,,2025-05-13
2025-05-13,2025-05-13,CM,BSE,STK,523062,INE584C01011,JJFINCOR,XT,,,,,J.J.FINANCE CORPORATION LTD.,47.1,47.1,44.88,44.88,44.88,44.89,,44.88,,,10,464.0,5,F1,1,,,,,,2025-05-13
2025-05-13,2025-05-13,CM,BSE,STK,523100,INE124B01018,COSMOFE,X,,,,,COSMO FERRITES LTD.,257.0,257.0,240.0,241.6,241.5,248.65,,241.6,,,1336,327254.0,47,F1,1,,,,,,2025-05-13
2025-05-13,2025-05-13,CM,BSE,STK,523105,INE293E01031,CROPSTER,B,,,,,CROPSTER AGRO LIMITED,20.8,21.08,20.26,20.9,20.9,20.08,,20.9,,,24283,506992.0,137,F1,1,,,,,,2025-05-13
2025-05-13,2025-05-13,CM,BSE,STK,523116,INE391G01012,SANCTRN,X,,,,,SANCO TRANS LTD.,695.0,695.0,673.05,673.05,673.05,708.15,,673.05,,,100,67612.0,6,F1,1,,,,,,2025-05-13
2025-05-13,2025-05-13,CM,BSE,STK,523120,INE628D01014,ADORMUL,XT,,,,,ADOR MULTIPRODUCTS LTD.,71.9,71.9,70.56,70.56,70.56,72.0,,70.56,,,3256,230279.0,10,F1,1,,,,,,2025-05-13
2025-05-13,2025-05-13,CM,BSE,STK,523127,INE276C01014,EIHAHOTELS,B,,,,,EIH ASSOCIATED HOTELS LTD.,367.6,372.85,366.25,370.7,371.95,361.65,,370.75,,,1893,700350.0,332,F1,1,,,,,,2025-05-13
2025-05-13,2025-05-13,CM,BSE,STK,523144,INE442D01010,MEDICAPQ,X,,,,,MEDI-CAPS LTD.,42.1,43.94,42.1,43.51,43.51,42.86,,43.51,,,1879,81221.0,34,F1,1,,,,,,2025-05-13
2025-05-13,2025-05-13,CM,BSE,STK,523151,INE910B01028,OTCO,X,,,,,OTCO INTERNATIONAL LTD.,7.75,8.07,7.31,7.31,7.31,7.69,,7.31,,,12352,92456.0,54,F1,1,,,,,,2025-05-13
2025-05-13,2025-05-13,CM,BSE,STK,523160,INE599F01020,MORGANITE,X,,,,,MORGANITE CRUCIBLE (INDIA) LTD,1500.0,1513.95,1408.0,1494.6,1497.0,1472.55,,1494.6,,,3001,4385123.0,188,F1,1,,,,,,2025-05-13
2025-05-13,2025-05-13,CM,BSE,STK,523186,INE00FM01013,BAPACK,X,,,,,B&A PACKAGING INDIA LIMITED,266.1,275.0,266.1,270.0,270.0,269.9,,270.0,,,71,19204.0,13,F1,1,,,,,,2025-05-13
2025-05-13,2025-05-13,CM,BSE,STK,523204,INE421A01028,ABAN,T,,,,,ABAN OFFSHORE LTD.,38.29,39.71,38.28,38.75,39.43,38.28,,39.14,,,3483,136183.0,113,F1,1,,,,,,2025-05-13
2025-05-13,2025-05-13,CM,BSE,STK,523207,INE760A01029,KOKUYOCMLN,B,,,,,KOKUYO CAMLIN LTD.,105.65,115.25,105.65,112.45,113.0,109.7,,112.63,,,10270,1149771.0,358,F1,1,,,,,,2025-05-13
2025-05-13,2025-05-13,CM,BSE,STK,523222,INE173J01018,SRMENERGY,XT,,,,,SRM ENERGY LTD.,12.97,12.97,12.97,12.97,12.97,12.72,,12.97,,,1,12.0,1,F1,1,,,,,,2025-05-13
2025-05-13,2025-05-13,CM,BSE,STK,523229,INE415D01024,BHARATSE,B,,,,,BHARAT SEATS LTD.,109.99,110.55,103.62,106.46,106.46,109.08,,106.61,,,69746,7442064.0,2054,F1,1,,,,,,2025-05-13
2025-05-13,2025-05-13,CM,BSE,STK,523232,INE369D01023,CONTPTR,X,,,,,CONTINENTAL PETROLEUMS LTD.,115.0,116.5,112.15,115.5,116.0,116.5,,115.5,,,1738,200471.0,29,F1,1,,,,,,2025-05-13
2025-05-13,2025-05-13,CM,BSE,STK,523242,INE006F01018,NBFOOT,P,,,,,NB FOOTWEAR LTD.,14.8,14.8,14.8,14.8,14.8,14.75,,14.8,,,4000,59200.0,2,F1,100,,,,,,2025-05-13
2025-05-13,2025-05-13,CM,BSE,STK,523248,INE082B01018,MACPLASQ,X,,,,,MACHINO PLASTICS LTD.,238.0,239.15,230.4,232.45,231.55,238.4,,232.45,,,497,117182.0,42,F1,1,,,,,,2025-05-13
2025-05-13,2025-05-13,CM,BSE,STK,523260,INE844A01013,PEARLPOLY,B,,,,,PEARL POLYMERS LTD.,30.78,30.78,28.22,28.73,28.68,29.1,,28.77,,,11339,333309.0,155,F1,1,,,,,,2025-05-13
2025-05-13,2025-05-13,CM,BSE,STK,523261,INE398A01010,VENKEYS,B,,,,,VENKYS (INDIA) LTD.,1651.75,1651.75,1624.5,1630.7,1631.0,1640.75,,1631.8,,,1503,2458377.0,336,F1,1,,,,,,2025-05-13
2025-05-13,2025-05-13,CM,BSE,STK,523269,INE199C01026,ADVANIHOTR,B,,,,,ADVANI HOTELS & RESORTS (INDIA,59.62,63.14,59.0,59.54,59.5,59.18,,59.68,,,39788,2422721.0,257,F1,1,,,,,,2025-05-13
2025-05-13,2025-05-13,CM,BSE,STK,523277,INE395B01048,GVFILM,X,,,,,GV FILMS LTD.,0.42,0.43,0.37,0.37,0.37,0.41,,0.37,,,35615912,13568960.0,3346,F1,1,,,,,,2025-05-13
2025-05-13,2025-05-13,CM,BSE,STK,523283,INE712B01010,SUPERHOUSE,B,,,,,SUPERHOUSE LTD.,166.05,166.05,162.05,162.05,162.05,156.05,,166.27,,,503,83451.0,10,F1,1,,,,,,2025-05-13
2025-05-13,2025-05-13,CM,BSE,STK,523289,INE763B01013,RAMAVISION,XT,,,,,RAMA VISION LTD.,96.99,96.99,93.0,96.51,96.51,96.99,,96.51,,,614,59065.0,26,F1,1,,,,,,2025-05-13
2025-05-13,2025-05-13,CM,BSE,STK,523301,INE822C01015,TCPLPACK,B,,,,,TCPL PACKAGING LTD.,3925.95,3925.95,3787.25,3799.65,3800.0,3876.0,,3801.9,,,922,3529070.0,300,F1,1,,,,,,2025-05-13
2025-05-13,2025-05-13,CM,BSE,STK,523309,INE241V01018,SHRIGANG,X,,,,,SHRI GANG INDUSTRIES AND ALLIE,90.3,90.3,90.3,90.3,90.3,86.0,,90.3,,,10135,915190.0,55,F1,1,,,,,,2025-05-13
2025-05-13,2025-05-13,CM,BSE,STK,523319,INE164A01016,BALMLAWRIE,A,,,,,BALMER LAWRIE & CO.LTD.,214.0,216.0,210.9,215.1,216.0,211.6,,215.26,,,48289,10359529.0,1355,F1,1,,,,,,2025-05-13
2025-05-13,2025-05-13,CM,BSE,STK,523323,INE177F01017,KOVAI,B,,,,,KOVAI MEDICAL CENTER & HOSPITA,5622.6,5699.85,5590.0,5648.95,5593.2,5636.9,,5648.95,,,2148,12131072.0,573,F1,1,,,,,,2025-05-13
2025-05-13,2025-05-13,CM,BSE,STK,523329,INE668G01021,ELDEHSG,B,,,,,ELDECO HOUSING & INDUSTRIES LT,801.05,830.0,801.05,815.0,815.0,868.0,,819.8,,,143,117284.0,37,F1,1,,,,,,2025-05-13
2025-05-13,2025-05-13,CM,BSE,STK,523367,INE499A01024,DCMSHRIRAM,A,,,,,DCM SHRIRAM LIMITED,1021.05,1047.2,1020.6,1034.6,1035.0,1024.75,,1034.95,,,3371,3485391.0,456,F1,1,,,,,,2025-05-13
2025-05-13,2025-05-13,CM,BSE,STK,523369,INE843D01027,DCMSRIND,B,,,,,DCM SHRIRAM INDUSTRIES LTD.,183.35,187.05,182.4,182.9,183.5,181.35,,183.33,,,4566,838864.0,161,F1,1,,,,,,2025-05-13
2025-05-13,2025-05-13,CM,BSE,STK,523371,INE636A01039,MAWANASUG,B,,,,,MAWANA SUGARS LTD.,89.9,91.24,89.44,91.1,91.09,89.04,,90.92,,,6681,604018.0,479,F1,1,,,,,,2025-05-13
2025-05-13,2025-05-13,CM,BSE,STK,523373,INE281E01010,MINID,XT,,,,,MINI DIAMONDS (INDIA) LTD.,177.7,177.7,177.7,177.7,177.7,181.3,,177.7,,,1349,239717.0,12,F1,1,,,,,,2025-05-13
2025-05-13,2025-05-13,CM,BSE,STK,523384,INE843B01013,MAHAPEXLTD,B,,,,,MAHA RASHTRA APEX CORPORATION,117.9,118.95,111.4,118.95,118.95,117.9,,116.2,,,848,99097.0,57,F1,1,,,,,,2025-05-13
2025-05-13,2025-05-13,CM,BSE,STK,523385,INE310A01015,NILKAMAL,B,,,,,NILKAMAL LTD.,1666.4,1674.95,1644.45,1668.65,1668.65,1633.7,,1667.1,,,23,38350.0,12,F1,1,,,,,,2025-05-13
2025-05-13,2025-05-13,CM,BSE,STK,523391,INE308A01027,NAHARPOLY,B,,,,,NAHAR POLYFILMS LTD.,215.6,220.0,212.55,217.15,217.25,214.1,,218.45,,,2445,532399.0,129,F1,1,,,,,,2025-05-13
2025-05-13,2025-05-13,CM,BSE,STK,523395,INE470A01017,3MINDIA,A,,,,,3M INDIA LTD.,29450.0,29864.95,29135.9,29196.45,29135.9,29186.8,,29135.0,,,111,3283003.0,77,F1,1,,,,,,2025-05-13
2025-05-13,2025-05-13,CM,BSE,STK,523398,INE782A01015,JCHAC,B,,,,,Johnson Controls-Hitachi Air C,1783.95,1800.0,1735.0,1742.45,1743.8,1784.85,,1745.7,,,1960,3460764.0,339,F1,1,,,,,,2025-05-13
2025-05-13,2025-05-13,CM,BSE,STK,523405,INE780C01023,JMFINANCIL,A,,,,,JM FINANCIAL LTD.,109.9,116.55,108.5,110.05,110.1,105.65,,110.13,,,1279413,144159331.0,8707,F1,1,,,,,,2025-05-13
2025-05-13,2025-05-13,CM,BSE,STK,523411,INE833A01016,ADCINDIA,X,,,,,ADC INDIA COMMUNICATIONS LIMIT,1250.0,1295.0,1243.75,1270.35,1272.65,1254.35,,1270.35,,,692,880166.0,107,F1,1,,,,,,2025-05-13
2025-05-13,2025-05-13,CM,BSE,STK,523419,INE141D01018,TNTELE,B,,,,,TAMILNADU TELECOMMUNICATIONS L,9.55,9.82,9.36,9.78,9.78,9.51,,9.58,,,345,3319.0,23,F1,1,,,,,,2025-05-13
2025-05-13,2025-05-13,CM,BSE,STK,523425,INE459D01014,SUNRAJDI,XT,,,,,SUNRAJ DIAMOND EXPORTS LTD.,13.93,14.49,13.93,14.49,14.49,13.8,,14.49,,,15,210.0,3,F1,1,,,,,,2025-05-13
2025-05-13,2025-05-13,CM,BSE,STK,523445,INE046A01015,RIIL,A,,,,,RELIANCE INDUSTRIAL INFRASTRUC,866.0,885.2,866.0,879.8,879.8,870.2,,880.25,,,8724,7669332.0,622,F1,1,,,,,,2025-05-13
2025-05-13,2025-05-13,CM,BSE,STK,523449,INE207B01011,SHARP,XT,,,,,SHARP INDIA LTD.,55.6,55.6,54.0,55.5,55.5,55.6,,55.5,,,749,41575.0,15,F1,1,,,,,,2025-05-13
2025-05-13,2025-05-13,CM,BSE,STK,523457,INE473A01011,LINDEINDIA,A,,,,,Linde India Limited,6395.0,6480.0,6321.05,6445.05,6450.0,6323.05,,6456.5,,,1222,7827876.0,417,F1,1,,,,,,2025-05-13
2025-05-13,2025-05-13,CM,BSE,STK,523465,INE969D01012,INDBNK,B,,,,,IND BANK HOUSING LTD.,37.15,39.99,37.0,37.29,37.0,37.12,,37.29,,,1056,40027.0,20,F1,1,,,,,,2025-05-13
2025-05-13,2025-05-13,CM,BSE,STK,523467,INE250C01027,JAIMATAG,X,,,,,JAI MATA GLASS LTD.,2.3,2.32,2.21,2.32,2.32,2.21,,2.32,,,27814,63923.0,138,F1,1,,,,,,2025-05-13
2025-05-13,2025-05-13,CM,BSE,STK,523475,INE026D01011,LOTUSCHO,B,,,,,LOTUS CHOCOLATE CO.LTD.,1018.0,1020.0,975.0,992.8,992.95,974.6,,992.8,,,9777,9719176.0,585,F1,1,,,,,,2025-05-13
2025-05-13,2025-05-13,CM,BSE,STK,523483,INE883C01025,PACIFICI,X,,,,,PACIFIC INDUSTRIES LTD.,207.0,231.0,207.0,225.0,230.0,209.45,,225.0,,,4069,871865.0,60,F1,1,,,,,,2025-05-13
2025-05-13,2025-05-13,CM,BSE,STK,523489,INE889F01017,CMMHOSP,X,,,,,CHENNAI MEENAKSHI MULTISPECIAL,32.65,32.79,31.32,31.4,31.36,31.23,,31.4,,,972,31710.0,28,F1,1,,,,,,2025-05-13
2025-05-13,2025-05-13,CM,BSE,STK,523519,INE951C01012,UNIOFFICE,XT,,,,,UNIVERSAL OFFICE AUTOMATION LT,6.04,6.04,5.74,5.74,5.74,6.04,,5.74,,,503,2949.0,8,F1,1,,,,,,2025-05-13
2025-05-13,2025-05-13,CM,BSE,STK,523537,INE170D01025,APMIN,X,,,,,APM INDUSTRIES LTD.,35.82,35.82,34.77,35.49,35.49,34.78,,35.49,,,1431,50645.0,21,F1,1,,,,,,2025-05-13
2025-05-13,2025-05-13,CM,BSE,STK,523539,INE372C01037,PRECWIRE,B,,,,,PRECISION WIRES INDIA LTD.,142.2,148.0,141.85,145.75,148.0,141.55,,145.13,,,11130,1608620.0,356,F1,1,,,,,,2025-05-13
2025-05-13,2025-05-13,CM,BSE,STK,523550,INE951B01014,KRYPTONQ,XT,,,,,KRYPTON INDUSTRIES LTD.,54.5,56.65,54.5,56.65,56.65,55.54,,56.65,,,3695,205124.0,22,F1,1,,,,,,2025-05-13
2025-05-13,2025-05-13,CM,BSE,STK,523558,INE010C01025,SWISSMLTRY,X,,,,,SWISS MILITARY CONSUMER GOODS,26.4,27.49,26.11,26.74,26.74,27.1,,26.74,,,173376,4662982.0,714,F1,1,,,,,,2025-05-13
2025-05-13,2025-05-13,CM,BSE,STK,523566,INE199D01016,MARBU,X,,,,,MARTIN BURN LTD.,56.69,56.69,52.01,55.77,55.95,54.0,,55.77,,,372,19466.0,27,F1,1,,,,,,2025-05-13
2025-05-13,2025-05-13,CM,BSE,STK,523574,INE623B01027,FEL,Z,,,,,Future Enterprises Limited,0.6,0.62,0.6,0.6,0.6,0.61,,0.6,,,57438,35311.0,59,F1,1,,,,,,2025-05-13
2025-05-13,2025-05-13,CM,BSE,STK,523586,INE826B01018,INDTONER,X,,,,,INDIAN TONERS & DEVELOPERS LTD,263.0,264.9,255.05,258.55,258.55,262.8,,258.55,,,5405,1388040.0,175,F1,1,,,,,,2025-05-13
2025-05-13,2025-05-13,CM,BSE,STK,523594,INE638D01021,KUNSTOFF,X,,,,,KUNSTSTOFFE INDUSTRIES LTD.,26.37,29.8,24.15,25.92,26.25,26.9,,25.92,,,5367,134490.0,79,F1,1,,,,,,2025-05-13
2025-05-13,2025-05-13,CM,BSE,STK,523598,INE109A01011,SCI,A,,,,,SHIPPING CORPORATION OF INDIA,173.5,176.5,171.55,173.95,173.95,173.3,,173.81,,,193532,33749273.0,2545,F1,1,,,,,,2025-05-13
2025-05-13,2025-05-13,CM,BSE,STK,523606,INE438E01032,SIKA,B,,,,,SIKA INTERPLANT SYSTEMS LTD.,744.8,744.8,720.2,730.85,730.85,731.7,,730.85,,,29923,21876897.0,1166,F1,1,,,,,,2025-05-13
2025-05-13,2025-05-13,CM,BSE,STK,523610,INE248A01017,ITI,A,,,,,ITI LTD.,251.7,266.5,251.7,262.5,262.5,256.15,,262.35,,,87293,22892151.0,2174,F1,1,,,,,,2025-05-13
2025-05-13,2025-05-13,CM,BSE,STK,523618,INE506A01018,DREDGECORP,B,,,,,DREDGING CORPORATION OF INDIA,595.0,628.0,591.85,613.95,613.95,593.15,,613.85,,,9352,5703591.0,780,F1,1,,,,,,2025-05-13
2025-05-13,2025-05-13,CM,BSE,STK,523620,INE486I01016,PHRMASI,XT,,,,,PHAARMASIA LTD.,30.45,30.45,30.3,30.3,30.3,30.3,,30.3,,,100,3037.0,4,F1,1,,,,,,2025-05-13
2025-05-13,2025-05-13,CM,BSE,STK,523630,INE870D01012,NFL,A,,,,,NATIONAL FERTILIZERS LTD.,87.91,88.71,86.9,87.79,87.79,87.76,,87.78,,,298563,26209623.0,1818,F1,1,,,,,,2025-05-13
2025-05-13,2025-05-13,CM,BSE,STK,523638,INE558A01019,IPRINGLTD,X,,,,,IP RINGS LTD.,139.95,139.95,132.6,136.0,136.0,139.3,,136.0,,,1622,218104.0,32,F1,1,,,,,,2025-05-13
2025-05-13,2025-05-13,CM,BSE,STK,523642,INE603J01030,PIIND,A,,,,,P.I.INDUSTRIES LTD.,3720.35,3720.35,3632.0,3638.65,3632.0,3711.65,,3638.6,,,3442,12573124.0,803,F1,1,,,,,,2025-05-13
2025-05-13,2025-05-13,CM,BSE,STK,523648,INE083C01022,PLASTIBLEN,B,,,,,PLASTIBLENDS INDIA LTD.,188.0,188.1,184.0,188.1,188.1,183.35,,187.62,,,619,115197.0,41,F1,1,,,,,,2025-05-13
2025-05-13,2025-05-13,CM,BSE,STK,523650,INE823D01011,YASHINNO,X,,,,,YASH INNOVENTURES LIMITED,33.11,36.8,33.11,34.95,35.79,35.13,,34.95,,,10937,374812.0,54,F1,1,,,,,,2025-05-13
2025-05-13,2025-05-13,CM,BSE,STK,523652,INE465K01016,KKPLASTICK,X,,,,,Kkalpana Plastick Limited,23.18,25.6,23.18,23.74,23.74,24.39,,23.74,,,305,7105.0,6,F1,1,,,,,,2025-05-13
2025-05-13,2025-05-13,CM,BSE,STK,523660,INE054C01015,WATERBASE,X,,,,,WATERBASE LTD.,49.45,50.5,49.21,50.35,50.49,49.59,,50.35,,,13474,671793.0,164,F1,1,,,,,,2025-05-13
2025-05-13,2025-05-13,CM,BSE,STK,523672,INE954B01018,FLEXFO,XT,,,,,FLEX FOODS LTD.,47.04,47.51,47.03,47.51,47.51,47.04,,47.51,,,1512,71356.0,15,F1,1,,,,,,2025-05-13
2025-05-13,2025-05-13,CM,BSE,STK,523676,INE798D01015,GOLKUNDIA,XT,,,,,GOLKUNDA DIAMONDS & JEWELLERY,197.0,197.05,195.85,197.05,197.05,187.7,,197.05,,,1985,390420.0,58,F1,1,,,,,,2025-05-13
2025-05-13,2025-05-13,CM,BSE,STK,523694,INE116A01032,APCOTEXIND,B,,,,,APCOTEX INDUSTRIES LTD.,330.0,339.75,329.55,332.7,333.3,333.55,,331.0,,,4263,1427146.0,590,F1,1,,,,,,2025-05-13
2025-05-13,2025-05-13,CM,BSE,STK,523696,INE842B01015,FORTISMLR,X,,,,,FORTIS MALAR HOSPITALS LIMITED,75.9,78.49,75.5,76.33,76.48,75.33,,76.33,,,50142,3853301.0,694,F1,1,,,,,,2025-05-13
2025-05-13,2025-05-13,CM,BSE,STK,523704,INE759A01021,MASTEK,A,,,,,MASTEK LTD.,2266.95,2291.25,2241.0,2258.85,2262.7,2260.05,,2255.7,,,3009,6831554.0,411,F1,1,,,,,,2025-05-13
2025-05-13,2025-05-13,CM,BSE,STK,523708,INE158B01016,EIMCOELECO,B,,,,,EIMCO ELECON (INDIA) LTD.,1980.0,2119.2,1976.25,2097.6,2090.05,1962.6,,2104.8,,,2489,5153338.0,581,F1,1,,,,,,2025-05-13
2025-05-13,2025-05-13,CM,BSE,STK,523710,INE318C01014,SAYAJIHOTL,X,,,,,SAYAJI HOTELS LTD.,281.55,290.75,281.55,283.9,284.0,282.95,,283.9,,,98,27874.0,19,F1,1,,,,,,2025-05-13
2025-05-13,2025-05-13,CM,BSE,STK,523716,INE365D01021,ASHIANA,B,,,,,ASHIANA HOUSING LTD.,266.25,275.3,266.25,269.35,269.3,268.2,,268.55,,,3718,1014276.0,145,F1,1,,,,,,2025-05-13
2025-05-13,2025-05-13,CM,BSE,STK,523722,INE119B01018,SVAMSOF,XT,,,,,SVAM SOFTWARE LTD.,8.76,8.76,8.76,8.76,8.76,8.93,,8.76,,,5294,46375.0,12,F1,1,,,,,,2025-05-13
2025-05-13,2025-05-13,CM,BSE,STK,523732,INE866A01016,ECOBOAR,XT,,,,,ECOBOARD INDUSTRIES LTD.,30.95,31.95,29.06,29.62,29.8,30.49,,29.62,,,12112,369261.0,38,F1,1,,,,,,2025-05-13
2025-05-13,2025-05-13,CM,BSE,STK,523736,INE477B01010,DVL,B,,,,,Dhunseri Ventures Limited,351.2,377.85,351.2,370.5,370.5,350.1,,372.3,,,9165,3407217.0,491,F1,1,,,,,,2025-05-13
2025-05-13,2025-05-13,CM,BSE,STK,523752,INE502D01011,TIHIL,XT,,,,,TRANS INDIA HOUSE IMPEX LIMITE,13.61,13.61,13.61,13.61,13.61,13.88,,13.61,,,5255,71520.0,14,F1,1,,,,,,2025-05-13
2025-05-13,2025-05-13,CM,BSE,STK,523754,INE215D01010,MAHEPC,B,,,,,MAHINDRA EPC IRRIGATION LIMITE,144.5,151.0,140.75,148.1,147.7,144.5,,147.6,,,29043,4270651.0,1174,F1,1,,,,,,2025-05-13
2025-05-13,2025-05-13,CM,BSE,STK,523782,INE844D01017,MITSHI,X,,,,,Mitshi India Limited,15.55,15.88,15.5,15.71,15.71,15.66,,15.71,,,14,219.0,7,F1,1,,,,,,2025-05-13
2025-05-13,2025-05-13,CM,BSE,STK,523792,INE885E01042,MAZDA,T,,,,,MAZDA LTD.,217.85,227.95,217.85,227.0,227.0,217.1,,231.05,,,1090,244474.0,20,F1,1,,,,,,2025-05-13
2025-05-13,2025-05-13,CM,BSE,STK,523796,INE048C01025,VHLTD,T,,,,,VICEROY HOTELS LTD.,117.0,120.0,113.1,114.35,118.0,115.0,,116.36,,,448,53132.0,12,F1,1,,,,,,2025-05-13
2025-05-13,2025-05-13,CM,BSE,STK,523826,INE959D01013,SOVERDIA,X,,,,,SOVEREIGN DIAMONDS LTD.,36.99,37.98,36.0,36.1,36.1,36.63,,36.1,,,2554,94784.0,44,F1,1,,,,,,2025-05-13
2025-05-13,2025-05-13,CM,BSE,STK,523828,INE071D01033,MENONBE,B,,,,,MENON BEARINGS LTD.,104.0,106.8,103.6,105.4,106.0,103.0,,105.8,,,3169,331272.0,177,F1,1,,,,,,2025-05-13
2025-05-13,2025-05-13,CM,BSE,STK,523832,INE862C01029,MUKATPIP,X,,,,,MUKAT PIPES LTD.,17.0,17.73,15.51,15.65,15.53,16.16,,15.65,,,2110,34564.0,36,F1,1,,,,,,2025-05-13
2025-05-13,2025-05-13,CM,BSE,STK,523836,INE610B01024,GUJRAFFIA,T,,,,,GUJARAT RAFFIA INDUSTRIES LTD.,36.0,37.0,36.0,37.0,37.0,36.0,,37.35,,,198,7316.0,3,F1,1,,,,,,2025-05-13
2025-05-13,2025-05-13,CM,BSE,STK,523838,INE059B01024,SIMPLEXINF,B,,,,,SIMPLEX INFRASTRUCTURES LTD.,283.05,290.55,278.6,280.2,278.6,291.25,,279.9,,,2576,728153.0,80,F1,1,,,,,,2025-05-13
2025-05-13,2025-05-13,CM,BSE,STK,523840,INE965C01038,INNOVTEC,X,,,,,INNOVATIVE TECH PACK LTD.,26.03,27.0,26.03,26.05,26.04,26.04,,26.05,,,2261,58991.0,39,F1,1,,,,,,2025-05-13
2025-05-13,2025-05-13,CM,BSE,STK,523842,INE460D01038,SUPTANERY,X,,,,,SUPER TANNERY LIMITED,9.78,9.78,9.07,9.19,9.19,9.65,,9.19,,,198096,1838703.0,319,F1,1,,,,,,2025-05-13
2025-05-13,2025-05-13,CM,BSE,STK,523844,INE537B01011,CONSTRONIC,X,,,,,CONSTRONICS INFRA LIMITED,56.8,56.8,53.49,55.82,55.4,54.25,,55.82,,,2224,119992.0,24,F1,1,,,,,,2025-05-13
2025-05-13,2025-05-13,CM,BSE,STK,523850,INE767C01012,AXTEL,X,,,,,AXTEL INDUSTRIES LTD.,493.0,519.9,491.1,509.85,513.0,517.55,,509.85,,,4079,2047781.0,191,F1,1,,,,,,2025-05-13
2025-05-13,2025-05-13,CM,BSE,STK,523862,INE926B01016,PIFL,XT,,,,,Pacheli Industrial Finance Lim,25.9,27.0,24.65,24.78,25.95,25.9,,24.78,,,2868,74411.0,42,F1,1,,,,,,2025-05-13
2025-05-13,2025-05-13,CM,BSE,STK,523888,INE317D01014,VRWODAR,Z,,,,,V R WOODART LTD.,46.93,46.93,46.93,46.93,46.93,47.88,,46.93,,,1524,71521.0,8,F1,1,,,,,,2025-05-13
2025-05-13,2025-05-13,CM,BSE,STK,524000,INE511C01022,POONAWALLA,A,,,,,POONAWALLA FINCORP LIMITED,387.1,389.0,379.6,382.95,382.7,385.35,,383.3,,,59558,22891330.0,1200,F1,1,,,,,,2025-05-13
2025-05-13,2025-05-13,CM,BSE,STK,524013,INE806J01013,HINFLUR,B,,,,,HINDUSTAN FLUOROCARBONS LTD.,14.49,14.49,12.52,13.5,13.5,13.42,,13.5,,,8567,112850.0,58,F1,1,,,,,,2025-05-13
2025-05-13,2025-05-13,CM,BSE,STK,524019,INE473D01015,KINGFA,B,,,,,Kingfa Science & Technology (I,3179.95,3213.8,3125.0,3199.65,3211.8,3184.85,,3193.4,,,485,1539038.0,200,F1,1,,,,,,2025-05-13
2025-05-13,2025-05-13,CM,BSE,STK,524031,INE637N01014,PATIDAR,X,,,,,PATIDAR BUILDCON LIMITED,9.36,10.11,9.31,9.35,9.35,9.79,,9.35,,,1149,10739.0,12,F1,1,,,,,,2025-05-13
2025-05-13,2025-05-13,CM,BSE,STK,524037,INE809A01032,RAMAPHO,T,,,,,RAMA PHOSPHATES LTD.,108.95,108.95,106.0,107.0,107.0,104.55,,107.48,,,775,83460.0,11,F1,1,,,,,,2025-05-13
2025-05-13,2025-05-13,CM,BSE,STK,524038,INE204D01022,VENLONENT,X,,,,,VENLON ENTERPRISES LTD.,5.17,5.17,4.9,4.96,5.0,5.12,,4.96,,,3490,17290.0,12,F1,1,,,,,,2025-05-13
2025-05-13,2025-05-13,CM,BSE,STK,524051,INE633B01018,POLYPLEX,A,,,,,POLYPLEX CORPORATION LTD.,1235.3,1274.0,1230.8,1251.25,1246.65,1235.3,,1251.1,,,9319,11670444.0,873,F1,1,,,,,,2025-05-13
2025-05-13,2025-05-13,CM,BSE,STK,524075,INE155C01010,ALBERTDAVD,B,,,,,ALBERT DAVID LTD.,903.6,903.6,875.3,882.35,898.7,899.85,,883.6,,,1248,1101205.0,211,F1,1,,,,,,2025-05-13
2025-05-13,2025-05-13,CM,BSE,STK,524080,INE681F01018,HARLETH,X,,,,,HARYANA LEATHER CHEMICALS LTD.,79.75,79.75,73.0,75.12,76.3,73.47,,75.12,,,519,39668.0,18,F1,1,,,,,,2025-05-13
2025-05-13,2025-05-13,CM,BSE,STK,524091,INE482D01024,CARYSIL,B,,,,,CARYSIL LIMITED,612.0,649.1,612.0,645.95,646.9,634.9,,645.75,,,7590,4885805.0,657,F1,1,,,,,,2025-05-13
2025-05-13,2025-05-13,CM,BSE,STK,524109,INE900B01029,KABRAEXTRU,T,,,,,KABRA EXTRUSIONTECHNIK LTD.,259.0,271.5,259.0,271.5,271.5,258.6,,271.55,,,1420,384367.0,36,F1,1,,,,,,2025-05-13
2025-05-13,2025-05-13,CM,BSE,STK,524129,INE250B01029,VINYLINDIA,B,,,,,VINYL CHEMICALS (INDIA) LTD.,293.95,294.65,288.0,289.0,288.0,289.4,,289.0,,,1489,434970.0,162,F1,1,,,,,,2025-05-13
2025-05-13,2025-05-13,CM,BSE,STK,524136,INE417E01010,PCCOSMA,X,,,,,PEE CEE COSMA SOPE LTD.,563.0,596.0,563.0,581.05,581.5,580.45,,581.05,,,755,434630.0,60,F1,1,,,,,,2025-05-13
2025-05-13,2025-05-13,CM,BSE,STK,524156,INE034F01010,TCMLMTD,X,,,,,TCM LTD.,40.5,43.29,40.25,40.53,43.29,40.86,,40.53,,,1111,44759.0,7,F1,1,,,,,,2025-05-13
2025-05-13,2025-05-13,CM,BSE,STK,524164,INE485C01029,IOLCP,B,,,,,IOL CHEMICALS & PHARMACEUTICAL,65.01,68.0,65.01,66.47,66.65,64.96,,66.45,,,47924,3200708.0,766,F1,1,,,,,,2025-05-13
2025-05-13,2025-05-13,CM,BSE,STK,524174,INE133C01033,KESARPE,X,,,,,KESAR PETROPRODUCTS LTD.,23.44,23.44,22.75,23.07,23.1,23.28,,23.07,,,37934,876870.0,131,F1,1,,,,,,2025-05-13
2025-05-13,2025-05-13,CM,BSE,STK,524200,INE410B01037,VINATIORGA,A,,,,,VINATI ORGANICS LTD.,1697.0,1740.1,1696.0,1714.4,1714.85,1694.4,,1716.8,,,784,1344066.0,160,F1,1,,,,,,2025-05-13
2025-05-13,2025-05-13,CM,BSE,STK,524202,INE058I01013,LACTOSE,XT,,,,,LACTOSE (INDIA) LTD.,93.4,103.0,93.4,97.8,95.5,98.3,,97.8,,,20149,1978556.0,137,F1,1,,,,,,2025-05-13
2025-05-13,2025-05-13,CM,BSE,STK,524208,INE769A01020,AARTIIND,A,,,,,AARTI INDUSTRIES LTD.,467.3,473.0,460.85,466.65,467.0,468.7,,466.7,,,135112,63204094.0,4052,F1,1,,,,,,2025-05-13
2025-05-13,2025-05-13,CM,BSE,STK,524210,INE702E01015,PNTKYOR,XT,,,,,PENTOKEY ORGANY (INDIA) LTD.,49.0,49.0,45.83,45.83,45.83,48.24,,45.83,,,772,35448.0,27,F1,1,,,,,,2025-05-13
2025-05-13,2025-05-13,CM,BSE,STK,524212,INE107F01022,WANBURY,B,,,,,WANBURY LTD.,282.05,282.05,264.35,268.85,268.85,261.95,,268.45,,,19555,5300989.0,1360,F1,1,,,,,,2025-05-13
2025-05-13,2025-05-13,CM,BSE,STK,524218,INE486D01017,RESONANCE,X,,,,,RESONANCE SPECIALTIES LTD.,79.5,81.4,78.0,81.37,81.36,78.94,,81.37,,,991,79366.0,34,F1,1,,,,,,2025-05-13
2025-05-13,2025-05-13,CM,BSE,STK,524226,INE036B01030,GAEL,A,,,,,GUJARAT AMBUJA EXPORTS LTD.,118.0,124.0,117.45,120.85,120.85,117.2,,120.97,,,93123,11307044.0,2060,F1,1,,,,,,2025-05-13
2025-05-13,2025-05-13,CM,BSE,STK,524230,INE027A01015,RCF,A,,,,,RASHTRIYA CHEMICALS & FERTILIZ,143.0,144.35,141.65,142.45,142.45,143.15,,142.44,,,186771,26668283.0,2276,F1,1,,,,,,2025-05-13
2025-05-13,2025-05-13,CM,BSE,STK,524238,INE659F01014,GUJINJEC,X,,,,,GUJARAT INJECT (KERALA) LTD.,18.51,19.38,17.02,18.81,19.38,18.51,,18.81,,,4419,82065.0,60,F1,1,,,,,,2025-05-13
2025-05-13,2025-05-13,CM,BSE,STK,524280,INE082A01010,KOPRAN,B,,,,,KOPRAN LTD.,188.9,193.45,187.7,188.8,188.95,187.1,,189.34,,,15172,2889625.0,412,F1,1,,,,,,2025-05-13
2025-05-13,2025-05-13,CM,BSE,STK,524288,INE008B01013,AIMCOPEST,X,,,,,AIMCO PESTICIDES LTD.,91.1,92.85,90.0,90.83,92.0,91.1,,90.83,,,2212,203146.0,31,F1,1,,,,,,2025-05-13
2025-05-13,2025-05-13,CM,BSE,STK,524314,INE499G01013,GUJTERC,X,,,,,GUJARAT TERCE LABORATORIES LTD,62.0,62.0,57.81,58.1,58.1,59.56,,58.1,,,2797,166605.0,73,F1,1,,,,,,2025-05-13
2025-05-13,2025-05-13,CM,BSE,STK,524330,INE785A01026,JAYAGROGN,B,,,,,JAYANT AGRO-ORGANICS LTD.,229.0,254.1,229.0,244.55,249.45,229.65,,247.15,,,5674,1395394.0,490,F1,1,,,,,,2025-05-13
2025-05-13,2025-05-13,CM,BSE,STK,524332,INE412G01024,BCLIND,B,,,,,BCL INDUSTRIES LIMITED,38.76,39.27,38.32,38.92,38.92,38.73,,38.84,,,60889,2368581.0,979,F1,1,,,,,,2025-05-13
2025-05-13,2025-05-13,CM,BSE,STK,524336,INE065E01017,SHHARICH,X,,,,,SHREE HARI CHEMICALS EXPORT LT,152.0,152.5,148.55,152.25,152.45,151.55,,152.25,,,973,147415.0,21,F1,1,,,,,,2025-05-13
2025-05-13,2025-05-13,CM,BSE,STK,524342,INE803D01021,INDOBORAX,B,,,,,INDO BORAX & CHEMICALS LTD.,192.7,198.35,182.0,185.75,185.0,192.75,,186.5,,,17412,3301271.0,721,F1,1,,,,,,2025-05-13
2025-05-13,2025-05-13,CM,BSE,STK,524348,INE767A01016,AARTIDRUGS,B,,,,,AARTI DRUGS LTD.,426.5,470.0,426.5,452.75,452.75,428.1,,453.45,,,83939,38312310.0,4191,F1,1,,,,,,2025-05-13
2025-05-13,2025-05-13,CM,BSE,STK,524370,INE338D01028,BODALCHEM,B,,,,,BODAL CHEMICALS LTD.,69.13,71.75,68.49,70.11,70.24,70.02,,70.14,,,44210,3114578.0,968,F1,1,,,,,,2025-05-13
2025-05-13,2025-05-13,CM,BSE,STK,524372,INE191A01027,ORCHPHARMA,A,,,,,Orchid Pharma Limited,786.4,825.7,786.4,794.75,794.75,786.4,,794.75,,,23031,18758077.0,1325,F1,1,,,,,,2025-05-13
2025-05-13,2025-05-13,CM,BSE,STK,524394,INE579C01029,VIMTALABS,B,,,,,VIMTA LABS LTD.,985.05,1022.1,985.0,1017.95,1013.2,981.5,,1016.55,,,7136,7210247.0,574,F1,1,,,,,,2025-05-13
2025-05-13,2025-05-13,CM,BSE,STK,524396,INE829A01014,BIOFILCHEM,B,,,,,BIOFIL CHEMICALS & PHARMACEUTI,43.21,45.0,43.21,44.63,44.63,43.79,,44.05,,,2710,120304.0,82,F1,1,,,,,,2025-05-13
2025-05-13,2025-05-13,CM,BSE,STK,524400,INE806D01016,ISHITADR,X,,,,,ISHITA DRUGS & INDUSTRIES LTD.,74.5,76.8,74.5,74.75,74.7,74.5,,74.75,,,1185,89601.0,9,F1,1,,,,,,2025-05-13
2025-05-13,2025-05-13,CM,BSE,STK,524404,INE750C01026,MARKSANS,A,,,,,MARKSANS PHARMA LTD.,224.55,238.8,224.45,237.15,237.15,222.8,,237.37,,,262608,61412807.0,3925,F1,1,,,,,,2025-05-13
2025-05-13,2025-05-13,CM,BSE,STK,524408,INE113E01015,UNIVSTAR,X,,,,,UNIVERSAL STARCH-CHEM ALLIED L,174.0,174.0,160.0,170.4,172.85,171.9,,170.4,,,314,50403.0,18,F1,1,,,,,,2025-05-13
2025-05-13,2025-05-13,CM,BSE,STK,524412,INE198H01019,AAREYDRUGS,B,,,,,AAREY DRUGS & PHARMACEUTICALS,54.0,56.22,53.51,54.1,54.66,54.0,,54.24,,,7401,406150.0,158,F1,1,,,,,,2025-05-13
2025-05-13,2025-05-13,CM,BSE,STK,524414,INE744C01029,NORRIS,X,,,,,NORRIS MEDICINES LTD.,17.69,17.69,15.61,17.14,17.14,17.34,,17.14,,,2222,35694.0,27,F1,1,,,,,,2025-05-13
2025-05-13,2025-05-13,CM,BSE,STK,524434,INE810M01019,ASINPET,X,,,,,ASIAN PETROPRODUCTS & EXPORTS,8.45,8.54,8.0,8.08,8.04,8.36,,8.08,,,16169,132740.0,58,F1,1,,,,,,2025-05-13
2025-05-13,2025-05-13,CM,BSE,STK,524440,INE198C01010,CAMEXLTD,XT,,,,,CAMEX LTD.,39.3,39.3,36.0,38.93,38.93,37.47,,38.93,,,1141,41910.0,18,F1,1,,,,,,2025-05-13
2025-05-13,2025-05-13,CM,BSE,STK,524444,INE313M01030,EVEXIA,X,,,,,EVEXIA LIFECARE LIMITED,2.78,2.78,2.67,2.67,2.67,2.71,,2.67,,,1321487,3576757.0,790,F1,1,,,,,,2025-05-13
2025-05-13,2025-05-13,CM,BSE,STK,524458,INE319N01019,INDOEURO,X,,,,,INDO EURO INDCHEM LTD.,15.0,15.98,14.29,15.49,15.79,14.47,,15.49,,,2828,43783.0,33,F1,1,,,,,,2025-05-13
2025-05-13,2025-05-13,CM,BSE,STK,524470,INE312C01025,SYNCOMF,B,,,,,SYNCOM FORMULATIONS (INDIA) LT,16.43,16.7,16.25,16.48,16.48,16.44,,16.49,,,556786,9203091.0,1095,F1,1,,,,,,2025-05-13
2025-05-13,2025-05-13,CM,BSE,STK,524480,INE249D01019,RIDDHI,X,,,,,RIDDHI SIDDHI GLUCO BIOLS LTD.,564.9,598.0,543.5,589.35,594.95,547.45,,589.35,,,3618,2092169.0,157,F1,1,,,,,,2025-05-13
2025-05-13,2025-05-13,CM,BSE,STK,524488,INE038B01010,SVCIND,X,,,,,SVC INDUSTRIES LIMITED,3.5,3.67,3.5,3.61,3.59,3.5,,3.61,,,36479,132512.0,79,F1,1,,,,,,2025-05-13
2025-05-13,2025-05-13,CM,BSE,STK,524494,INE571A01038,IPCALAB,A,,,,,IPCA LABORATORIES LTD.,1360.0,1415.0,1359.95,1404.45,1406.1,1372.15,,1404.2,,,8283,11566710.0,887,F1,1,,,,,,2025-05-13
2025-05-13,2025-05-13,CM,BSE,STK,524500,INE729D01010,KILITCH,B,,,,,KILITCH DRUGS (INDIA) LTD.,414.0,428.45,404.0,421.3,425.0,413.0,,419.85,,,2269,948822.0,226,F1,1,,,,,,2025-05-13
2025-05-13,2025-05-13,CM,BSE,STK,524506,INE683E01017,CORALAB,X,,,,,CORAL LABORATORIES LTD.,685.0,694.1,671.0,693.2,693.2,679.05,,693.2,,,242,166542.0,25,F1,1,,,,,,2025-05-13
2025-05-13,2025-05-13,CM,BSE,STK,524516,INE711D01018,BACPHAR,XT,,,,,BACIL PHARMA LTD.,37.87,41.84,37.87,41.84,41.84,39.86,,41.84,,,3171,128209.0,18,F1,1,,,,,,2025-05-13
2025-05-13,2025-05-13,CM,BSE,STK,524518,INE268B01013,KREBSBIO,B,,,,,KREBS BIOCHEMICALS & INDUSTRIE,78.5,78.5,74.15,74.15,74.15,75.92,,75.35,,,1063,80471.0,25,F1,1,,,,,,2025-05-13
2025-05-13,2025-05-13,CM,BSE,STK,524520,INE879K01018,KMCSHIL,B,,,,,KMC SPECIALITY HOSPITALS (INDI,68.89,68.95,67.5,68.64,68.79,67.44,,68.64,,,24826,1694153.0,391,F1,1,,,,,,2025-05-13
2025-05-13,2025-05-13,CM,BSE,STK,524522,INE919B01011,LAFFANSQ,X,,,,,LAFFANS PETROCHEMICALS LTD.,35.05,38.32,35.0,37.37,37.37,36.58,,37.37,,,1412,52082.0,14,F1,1,,,,,,2025-05-13
2025-05-13,2025-05-13,CM,BSE,STK,524534,INE972C01018,BHASKAGR,X,,,,,BHASKAR AGROCHEMICALS LTD.,77.72,81.99,77.72,81.98,81.98,79.71,,81.98,,,168,13114.0,9,F1,1,,,,,,2025-05-13
2025-05-13,2025-05-13,CM,BSE,STK,524542,INE450E01029,SUKHJITS,B,,,,,SUKHJIT STARCH & CHEMICALS LTD,211.2,213.95,210.8,211.85,211.95,213.0,,210.84,,,457,96665.0,41,F1,1,,,,,,2025-05-13
2025-05-13,2025-05-13,CM,BSE,STK,524548,INE465H01012,SHARMEH,XT,,,,,SHARMA EAST INDIA HOSPITALS &,78.0,78.0,74.1,77.5,77.5,78.0,,77.5,,,1575,117275.0,20,F1,1,,,,,,2025-05-13
2025-05-13,2025-05-13,CM,BSE,STK,524558,INE794A01010,NEULANDLAB,A,,,,,NEULAND LABORATORIES LTD.,12698.9,12857.15,12507.0,12589.45,12638.0,12550.75,,12587.0,,,998,12657498.0,406,F1,1,,,,,,2025-05-13
2025-05-13,2025-05-13,CM,BSE,STK,524564,INE052E01015,GAYATRIBI,X,,,,,GAYATRI BIOORGANICS LTD.,7.0,7.1,6.66,6.89,6.73,6.94,,6.89,,,6578,45589.0,71,F1,1,,,,,,2025-05-13
2025-05-13,2025-05-13,CM,BSE,STK,524570,INE371C01013,PODDARMENT,B,,,,,PODDAR PIGMENTS LTD.,301.0,309.85,301.0,309.0,309.0,295.1,,300.95,,,152,46569.0,10,F1,1,,,,,,2025-05-13
2025-05-13,2025-05-13,CM,BSE,STK,524572,INE117D01018,PHARMAID,X,,,,,PHARMAIDS PHARMACEUTICALS LTD.,66.61,67.0,65.0,65.98,65.98,65.3,,65.98,,,2604,171035.0,21,F1,1,,,,,,2025-05-13
2025-05-13,2025-05-13,CM,BSE,STK,524576,INE737C01023,VIVIDIND,X,,,,,VIVID GLOBAL INDUSTRIES LTD.,15.75,15.75,15.67,15.74,15.74,15.47,,15.74,,,699,11002.0,5,F1,1,,,,,,2025-05-13
2025-05-13,2025-05-13,CM,BSE,STK,524580,INE686C01014,PRIYALT,XT,,,,,PRIYA LTD.,16.51,16.53,16.51,16.53,16.53,16.5,,16.53,,,97,1602.0,4,F1,1,,,,,,2025-05-13
2025-05-13,2025-05-13,CM,BSE,STK,524582,INE314D01011,TIRUSTA,X,,,,,TIRUPATI STARCH & CHEMICALS LT,173.5,173.5,168.35,171.45,173.4,169.35,,171.45,,,904,155027.0,24,F1,1,,,,,,2025-05-13
2025-05-13,2025-05-13,CM,BSE,STK,524590,INE422G01015,HEMORGANIC,X,,,,,HEMO ORGANIC LIMITED,8.51,9.43,8.51,9.43,9.43,9.44,,9.43,,,1501,12882.0,13,F1,1,,,,,,2025-05-13
2025-05-13,2025-05-13,CM,BSE,STK,524592,INE263B01022,JAYSYNTH,X,,,,,JAYSYNTH ORGOCHEM LIMITED,19.5,20.0,19.25,19.33,19.9,19.74,,19.33,,,25724,501691.0,135,F1,1,,,,,,2025-05-13
2025-05-13,2025-05-13,CM,BSE,STK,524594,INE994D01010,AEONXDIGI,X,,,,,Aeonx Digital Technology Limit,142.15,147.8,142.1,147.55,147.6,141.3,,147.55,,,1127,166330.0,17,F1,1,,,,,,2025-05-13
2025-05-13,2025-05-13,CM,BSE,STK,524598,INE542B01011,AKSHARCHEM,B,,,,,AKSHARCHEM (INDIA) LTD.,241.95,250.0,239.0,244.0,243.8,239.2,,245.44,,,471,115173.0,46,F1,1,,,,,,2025-05-13
2025-05-13,2025-05-13,CM,BSE,STK,524602,INE875N01036,BANDARAM,X,,,,,BANDARAM PHARMA PACKTECH LIMIT,39.94,40.8,35.1,40.52,40.75,39.94,,40.52,,,2839,110232.0,39,F1,1,,,,,,2025-05-13
2025-05-13,2025-05-13,CM,BSE,STK,524604,INE276T01018,ADLINE,P,,,,,ADLINE CHEM LAB LIMITED,13.59,13.59,13.59,13.59,13.59,13.33,,13.59,,,100,1359.0,1,F1,100,,,,,,2025-05-13
2025-05-13,2025-05-13,CM,BSE,STK,524606,INE415H01017,BERLDRG,XT,,,,,BERYL DRUGS LTD.,18.35,19.26,17.95,19.05,19.1,18.35,,19.05,,,2782,52684.0,13,F1,1,,,,,,2025-05-13
2025-05-13,2025-05-13,CM,BSE,STK,524614,INE056E01024,INDXTRA,X,,,,,IEL LIMITED,4.95,5.24,4.76,4.97,5.0,4.95,,4.97,,,92831,459979.0,176,F1,1,,,,,,2025-05-13
2025-05-13,2025-05-13,CM,BSE,STK,524624,INE076D01016,GAGAN,X,,,,,GAGAN GASES LTD.,19.89,19.89,18.07,19.84,19.84,19.89,,19.84,,,8484,153360.0,17,F1,1,,,,,,2025-05-13
2025-05-13,2025-05-13,CM,BSE,STK,524628,INE750B01010,PARKERAC,X,,,,,PARKER AGROCHEM EXPORTS LTD.,16.71,16.97,16.71,16.97,16.97,16.72,,16.97,,,4,67.0,2,F1,1,,,,,,2025-05-13
2025-05-13,2025-05-13,CM,BSE,STK,524632,INE551C01044,SHUKRAPHAR,XT,,,,,Shukra Pharmaceuticals Limited,12.4,12.69,12.35,12.69,12.69,12.09,,12.69,,,136515,1726962.0,362,F1,1,,,,,,2025-05-13
2025-05-13,2025-05-13,CM,BSE,STK,524634,INE058F01019,ALUFLUOR,X,,,,,ALUFLUORIDE LTD.,411.0,416.3,381.1,404.05,404.05,436.25,,404.05,,,31908,12759215.0,1009,F1,1,,,,,,2025-05-13
2025-05-13,2025-05-13,CM,BSE,STK,524636,INE102E01018,OXYGENTAPH,X,,,,,OXYGENTA PHARMACEUTICAL LIMITE,86.6,89.0,84.54,85.01,85.0,86.66,,85.01,,,11094,973045.0,36,F1,1,,,,,,2025-05-13
2025-05-13,2025-05-13,CM,BSE,STK,524640,INE078I01011,ARCHITORG,X,,,,,ARCHIT ORGANOSYS LTD.,39.7,40.8,39.0,39.31,40.8,39.07,,39.31,,,4312,172942.0,45,F1,1,,,,,,2025-05-13
2025-05-13,2025-05-13,CM,BSE,STK,524642,INE528E01022,SIKOZY,X,,,,,SIKOZY REALTORS LIMITED,1.01,1.01,1.01,1.01,1.01,1.01,,1.01,,,1490,1504.0,9,F1,1,,,,,,2025-05-13
2025-05-13,2025-05-13,CM,BSE,STK,524648,INE760F01028,INDOAMIN,B,,,,,INDO AMINES LTD.,131.2,133.0,131.2,131.75,132.7,130.3,,131.98,,,9396,1240275.0,264,F1,1,,,,,,2025-05-13
2025-05-13,2025-05-13,CM,BSE,STK,524652,INE788B01028,INDSWFTLTD,B,,,,,IND-SWIFT LTD.,13.0,13.79,12.75,13.45,13.45,12.88,,13.46,,,5641,74360.0,40,F1,1,,,,,,2025-05-13
2025-05-13,2025-05-13,CM,BSE,STK,524654,INE936B01015,NATCAPSUQ,B,,,,,NATURAL CAPSULES LTD.,201.2,208.05,197.3,201.9,201.9,202.0,,201.88,,,1064,213757.0,37,F1,1,,,,,,2025-05-13
2025-05-13,2025-05-13,CM,BSE,STK,524661,INE331C01017,WELCURE,X,,,,,WELCURE DRUGS & PHARMACEUTICAL,11.59,11.59,11.0,11.15,11.25,11.16,,11.15,,,48974,548335.0,265,F1,1,,,,,,2025-05-13
2025-05-13,2025-05-13,CM,BSE,STK,524663,INE994B01014,BIBCL,B,,,,,BHARAT IMMUNOLOGICALS & BIOLOG,22.6,22.9,22.06,22.62,22.7,22.22,,22.62,,,25408,574066.0,154,F1,1,,,,,,2025-05-13
2025-05-13,2025-05-13,CM,BSE,STK,524667,INE035D01020,SOTL,B,,,,,SAVITA OIL TECHNOLOGIES LTD.,372.0,392.8,372.0,386.35,386.0,372.2,,387.1,,,3575,1374393.0,315,F1,1,,,,,,2025-05-13
2025-05-13,2025-05-13,CM,BSE,STK,524669,INE782E01017,HESTERBIO,B,,,,,HESTER BIOSCIENCES LTD.,1747.85,1780.25,1747.85,1769.35,1773.1,1744.2,,1768.6,,,154,271054.0,24,F1,1,,,,,,2025-05-13
2025-05-13,2025-05-13,CM,BSE,STK,524675,INE645C01010,KABSON,X,,,,,KABSONS INDUSTRIES LTD.,22.81,24.49,22.42,22.42,22.42,23.59,,22.42,,,23992,546073.0,165,F1,1,,,,,,2025-05-13
2025-05-13,2025-05-13,CM,BSE,STK,524687,INE473E01021,BASANTGL,X,,,,,BASANT AGRO TECH (INDIA) LTD.,13.01,13.47,13.0,13.24,13.4,13.0,,13.24,,,30307,402400.0,169,F1,1,,,,,,2025-05-13
2025-05-13,2025-05-13,CM,BSE,STK,524703,INE751D01014,SANDUPHQ,X,,,,,SANDU PHARMACEUTICALS LTD.,51.75,52.0,51.5,51.51,51.51,51.79,,51.51,,,1044,53867.0,18,F1,1,,,,,,2025-05-13
2025-05-13,2025-05-13,CM,BSE,STK,524709,INE295D01020,NACLIND,T,,,,,NACL Industries Limited,176.9,178.75,173.0,178.75,178.75,170.25,,181.2,,,8831,1561480.0,36,F1,1,,,,,,2025-05-13
2025-05-13,2025-05-13,CM,BSE,STK,524711,INE427C01021,VISTAPH,Z,,,,,VISTA PHARMACEUTICALS LTD.,10.88,10.88,10.5,10.5,10.5,10.45,,10.5,,,27482,288624.0,16,F1,1,,,,,,2025-05-13
2025-05-13,2025-05-13,CM,BSE,STK,524715,INE044A01036,SUNPHARMA,A,,,,,SUN PHARMACEUTICAL INDUSTRIES,1719.0,1749.0,1691.1,1700.35,1700.35,1686.25,,1700.0,,,250850,429137383.0,13241,F1,1,,,,,,2025-05-13
2025-05-13,2025-05-13,CM,BSE,STK,524717,INE150C01011,TITANBIO,X,,,,,TITAN BIOTECH LTD.,456.1,464.95,450.25,460.35,461.9,457.7,,460.35,,,3969,1819184.0,167,F1,1,,,,,,2025-05-13
2025-05-13,2025-05-13,CM,BSE,STK,524727,INE004E01016,SDL,X,,,,,Span Divergent Limited,24.15,24.15,24.15,24.15,24.15,24.15,,24.15,,,630,15214.0,3,F1,1,,,,,,2025-05-13
2025-05-13,2025-05-13,CM,BSE,STK,524731,INE354A01013,JENBURPH,X,,,,,JENBURKT PHARMACEUTICALS LTD.,1027.6,1040.0,1013.25,1033.5,1033.5,1027.6,,1033.5,,,946,967940.0,62,F1,1,,,,,,2025-05-13
2025-05-13,2025-05-13,CM,BSE,STK,524735,INE475B01022,HIKAL,B,,,,,HIKAL LTD.,400.55,413.0,400.1,408.65,408.4,398.15,,407.6,,,7559,3072796.0,504,F1,1,,,,,,2025-05-13
2025-05-13,2025-05-13,CM,BSE,STK,524742,INE475E01026,CAPLIPOINT,A,,,,,CAPLIN POINT LABORATORIES LTD.,1944.4,2031.8,1915.0,2004.55,2004.55,1943.35,,2003.5,,,8897,17705826.0,1258,F1,1,,,,,,2025-05-13
2025-05-13,2025-05-13,CM,BSE,STK,524743,INE771F01025,FISCHER,B,,,,,FISCHER MEDICAL VENTURES LIMIT,789.0,849.85,789.0,833.15,839.0,821.6,,833.15,,,112080,90822976.0,252,F1,1,,,,,,2025-05-13
2025-05-13,2025-05-13,CM,BSE,STK,524748,INE302F01011,LINKPH,X,,,,,LINK PHARMA CHEM LTD.,33.5,35.49,33.5,35.0,35.0,35.5,,35.0,,,1018,35620.0,8,F1,1,,,,,,2025-05-13
2025-05-13,2025-05-13,CM,BSE,STK,524752,INE643N01012,DECIPHER,X,,,,,DECIPHER LABS LIMITED,11.43,12.5,10.76,11.83,11.85,11.28,,11.83,,,10503,125345.0,68,F1,1,,,,,,2025-05-13
2025-05-13,2025-05-13,CM,BSE,STK,524768,INE634B01016,EMMESSA,X,,,,,EMMESSAR BIOTECH & NUTRITION L,32.04,35.5,32.04,33.25,33.2,35.71,,33.25,,,3218,109082.0,42,F1,1,,,,,,2025-05-13
2025-05-13,2025-05-13,CM,BSE,STK,524774,INE887E01022,NGLFINE,T,,,,,NGL FINE-CHEM LTD.,1100.0,1110.0,1090.0,1101.15,1100.0,1109.9,,1101.4,,,297,326309.0,19,F1,1,,,,,,2025-05-13
2025-05-13,2025-05-13,CM,BSE,STK,524790,INE334C01029,EVERESTO,XT,,,,,EVEREST ORGANICS LTD.,409.9,413.9,387.0,387.05,387.1,406.85,,387.05,,,2993,1188458.0,122,F1,1,,,,,,2025-05-13
2025-05-13,2025-05-13,CM,BSE,STK,524804,INE406A01037,AUROPHARMA,A,,,,,AUROBINDO PHARMA LTD.,1215.0,1250.95,1215.0,1222.4,1222.0,1206.0,,1223.8,,,77347,95639076.0,4557,F1,1,,,,,,2025-05-13
2025-05-13,2025-05-13,CM,BSE,STK,524808,INE037C01010,PHYTO,X,,,,,PHYTO CHEM (INDIA) LTD.,29.8,30.6,29.1,30.6,30.6,30.14,,30.6,,,570,16812.0,11,F1,1,,,,,,2025-05-13
2025-05-13,2025-05-13,CM,BSE,STK,524816,INE987B01026,NATCOPHARM,A,,,,,NATCO PHARMA LTD.,836.95,841.2,814.85,821.35,821.35,834.2,,824.7,,,53709,44431206.0,4003,F1,1,,,,,,2025-05-13
2025-05-13,2025-05-13,CM,BSE,STK,524818,INE457C01010,DYNAMIND,X,,,,,DYNAMIC INDUSTRIES LTD.,93.7,93.7,93.4,93.56,93.56,90.98,,93.56,,,1264,118286.0,12,F1,1,,,,,,2025-05-13
2025-05-13,2025-05-13,CM,BSE,STK,524820,INE305C01029,PANAMAPET,B,,,,,PANAMA PETROCHEM LTD.,383.5,387.9,378.4,381.45,381.6,383.5,,383.3,,,1409,544250.0,109,F1,1,,,,,,2025-05-13
2025-05-13,2025-05-13,CM,BSE,STK,524824,INE083D01012,BALPHARMA,B,,,,,BAL PHARMA LTD.,98.8,101.95,97.0,101.05,101.0,98.55,,100.91,,,2805,281431.0,158,F1,1,,,,,,2025-05-13
2025-05-13,2025-05-13,CM,BSE,STK,524828,INE278D01018,BDH,X,,,,,BDH INDUSTRIES LTD.,270.0,270.0,264.8,265.25,265.05,270.2,,265.25,,,479,127928.0,32,F1,1,,,,,,2025-05-13
2025-05-13,2025-05-13,CM,BSE,STK,526001,INE593O01017,JAUSPOL,X,,,,,JAUSS POLYMERS LTD.,7.36,7.36,7.36,7.36,7.36,7.01,,7.36,,,100,736.0,2,F1,1,,,,,,2025-05-13
2025-05-13,2025-05-13,CM,BSE,STK,526025,INE064L01015,GLOBUSCON,X,,,,,GLOBUS CONSTRUCTORS & DEVELOPE,15.85,15.9,14.81,15.84,15.9,15.2,,15.84,,,23051,362425.0,71,F1,1,,,,,,2025-05-13
2025-05-13,2025-05-13,CM,BSE,STK,526027,INE144D01012,CUBEXTUB,B,,,,,CUBEX TUBINGS LTD.,77.01,82.5,76.72,82.0,82.0,76.04,,81.88,,,28308,2272166.0,641,F1,1,,,,,,2025-05-13
2025-05-13,2025-05-13,CM,BSE,STK,526043,INE809B01014,POLYCHMP,X,,,,,POLYMECHPLAST MACHINES LTD.,56.95,56.95,52.25,55.34,54.0,55.52,,55.34,,,2075,112503.0,40,F1,1,,,,,,2025-05-13
2025-05-13,2025-05-13,CM,BSE,STK,526071,INE395F01023,STELLANT,XT,,,,,STELLANT SECURITIES (INDIA) LT,130.45,130.45,130.45,130.45,130.45,129.95,,130.45,,,114,14871.0,4,F1,1,,,,,,2025-05-13
2025-05-13,2025-05-13,CM,BSE,STK,526073,INE020S01012,GALXBRG,X,,,,,GALAXY BEARINGS LTD.,751.25,769.9,728.0,752.55,750.0,746.5,,752.55,,,1047,788058.0,111,F1,1,,,,,,2025-05-13
2025-05-13,2025-05-13,CM,BSE,STK,526081,INE895E01017,SCAGRO,X,,,,,SC Agrotech Limited,15.83,16.74,15.6,16.74,16.74,15.52,,16.74,,,301,4914.0,11,F1,1,,,,,,2025-05-13
2025-05-13,2025-05-13,CM,BSE,STK,526095,INE427E01027,RALEGRA,X,,,,,RAVILEELA GRANITES LTD.,35.5,37.2,35.0,35.45,37.2,35.49,,35.45,,,966,34125.0,22,F1,1,,,,,,2025-05-13
2025-05-13,2025-05-13,CM,BSE,STK,526113,INE602H01010,UNRYLMA,X,,,,,UNIROYAL MARINE EXPORTS LTD.,14.0,14.38,14.0,14.03,14.03,14.38,,14.03,,,157,2202.0,6,F1,1,,,,,,2025-05-13
2025-05-13,2025-05-13,CM,BSE,STK,526115,INE327D01013,KARANWO,XT,,,,,KARAN WOO-SIN LTD.,10.0,10.05,10.0,10.05,10.05,10.0,,10.05,,,33,330.0,3,F1,1,,,,,,2025-05-13
2025-05-13,2025-05-13,CM,BSE,STK,526117,INE011D01013,SHERVANI,X,,,,,SHERVANI INDUSTRIAL SYNDICATE,420.8,429.9,410.0,429.8,429.8,420.8,,429.8,,,4,1690.0,4,F1,1,,,,,,2025-05-13
2025-05-13,2025-05-13,CM,BSE,STK,526125,INE00HZ01011,BNHOLDINGS,X,,,,,BN HOLDINGS LIMITED,164.95,165.0,156.0,158.1,159.5,160.4,,158.1,,,51775,8437217.0,102,F1,1,,,,,,2025-05-13
2025-05-13,2025-05-13,CM,BSE,STK,526133,INE881B01054,SUPERTEX,XT,,,,,SUPERTEX INDUSTRIES LTD.,8.0,8.35,7.65,8.06,8.06,7.99,,8.06,,,536,4271.0,21,F1,1,,,,,,2025-05-13
2025-05-13,2025-05-13,CM,BSE,STK,526137,INE278C01010,SHETR,X,,,,,SHETRON LTD.,125.0,132.95,125.0,132.85,132.85,127.3,,132.85,,,1046,137220.0,37,F1,1,,,,,,2025-05-13
2025-05-13,2025-05-13,CM,BSE,STK,526139,INE773D01018,TRABI,XT,,,,,TRANSGENE BIOTEK LTD.,3.66,3.66,3.5,3.66,3.65,3.49,,3.66,,,14465,51891.0,33,F1,1,,,,,,2025-05-13
2025-05-13,2025-05-13,CM,BSE,STK,526143,INE343A01016,MPL,X,,,,,MPL PLASTICS LTD.,10.07,10.07,9.55,10.05,9.9,10.07,,10.05,,,1615,16130.0,28,F1,1,,,,,,2025-05-13
2025-05-13,2025-05-13,CM,BSE,STK,526159,INE926C01022,NIKHILAD,X,,,,,NIKHIL ADHESIVES LTD.,86.0,86.4,84.99,85.51,85.5,86.0,,85.51,,,11066,946930.0,98,F1,1,,,,,,2025-05-13
2025-05-13,2025-05-13,CM,BSE,STK,526161,INE175C01018,SPENTA,X,,,,,SPENTA INTERNATIONAL LTD.,139.5,139.5,134.8,134.85,135.0,128.35,,134.85,,,299,40331.0,21,F1,1,,,,,,2025-05-13
2025-05-13,2025-05-13,CM,BSE,STK,526169,INE678F01014,MULTIBASE,X,,,,,MULTIBASE INDIA LTD.,284.5,285.95,278.0,284.0,282.05,280.5,,284.0,,,6872,1951284.0,224,F1,1,,,,,,2025-05-13
2025-05-13,2025-05-13,CM,BSE,STK,526173,INE449C01025,ANDREWYU,B,,,,,ANDREW YULE & COMPANY LTD.,27.86,28.28,27.11,27.76,27.76,27.86,,27.76,,,87372,2427292.0,516,F1,1,,,,,,2025-05-13
2025-05-13,2025-05-13,CM,BSE,STK,526179,INE983C01015,LUDLOWJUT,XT,,,,,LUDLOW JUTE & SPECIALITIES LTD,217.95,218.55,217.95,218.5,218.5,222.35,,218.5,,,7203,1571763.0,23,F1,1,,,,,,2025-05-13
2025-05-13,2025-05-13,CM,BSE,STK,526187,INE293C01019,ASHRAM,X,,,,,ASHRAM ONLINE.COM LTD.,5.17,5.17,5.16,5.16,5.16,5.15,,5.16,,,408,2108.0,9,F1,1,,,,,,2025-05-13
2025-05-13,2025-05-13,CM,BSE,STK,526193,INE618A01011,ROYALCU,X,,,,,ROYAL CUSHION VINYL PRODUCTS L,27.92,28.85,27.6,28.31,28.38,27.92,,28.31,,,607,16880.0,33,F1,1,,,,,,2025-05-13
2025-05-13,2025-05-13,CM,BSE,STK,526211,INE170U01011,SURJIND,X,,,,,SURAJ INDUSTRIES LTD.,86.45,87.5,85.6,86.35,86.35,86.45,,86.35,,,3009,260991.0,28,F1,1,,,,,,2025-05-13
2025-05-13,2025-05-13,CM,BSE,STK,526217,INE120D01012,HITECHCORP,B,,,,,Hitech Corporation Limited,177.8,187.65,177.8,184.5,185.0,182.3,,184.78,,,1522,279857.0,64,F1,1,,,,,,2025-05-13
2025-05-13,2025-05-13,CM,BSE,STK,526227,INE816B01035,FILATEX,B,,,,,FILATEX INDIA LTD.,46.57,47.5,45.42,46.7,47.0,45.66,,46.67,,,109364,5100715.0,1646,F1,1,,,,,,2025-05-13
2025-05-13,2025-05-13,CM,BSE,STK,526231,INE307D01015,STDSFAC,X,,,,,STANDARD SURFACTANTS LTD.,44.44,44.44,41.7,42.89,42.88,44.0,,42.89,,,1070,45005.0,21,F1,1,,,,,,2025-05-13
2025-05-13,2025-05-13,CM,BSE,STK,526237,INE902C01015,MORGAN,X,,,,,MORGAN VENTURES LTD.,83.03,87.99,83.03,86.21,86.98,84.89,,86.21,,,707,60517.0,22,F1,1,,,,,,2025-05-13
2025-05-13,2025-05-13,CM,BSE,STK,526241,INE762C01021,AMRAPLIN,X,,,,,AMRAPALI INDUSTRIES LTD.,17.49,17.49,16.0,16.52,16.52,16.43,,16.52,,,4682,77472.0,38,F1,1,,,,,,2025-05-13
2025-05-13,2025-05-13,CM,BSE,STK,526247,INE863B01029,PREMEXPLN,B,,,,,PREMIER EXPLOSIVES LTD.,445.8,472.0,425.0,456.35,456.35,451.05,,456.3,,,154343,68818780.0,4061,F1,1,,,,,,2025-05-13
2025-05-13,2025-05-13,CM,BSE,STK,526251,INE033E01015,MIDEASTP,X,,,,,MID EAST PORTFOLIO MANAGEMENT,19.28,20.14,19.19,20.14,20.14,19.19,,20.14,,,58,1119.0,7,F1,1,,,,,,2025-05-13
2025-05-13,2025-05-13,CM,BSE,STK,526263,INE835B01035,MOLDTECH,B,,,,,MOLD-TEK TECHNOLOGIES LTD.,141.05,144.45,138.9,142.5,142.5,143.35,,141.84,,,4778,679902.0,263,F1,1,,,,,,2025-05-13
2025-05-13,2025-05-13,CM,BSE,STK,526269,INE293N01016,CRSTCHM,XT,,,,,CRESTCHEM LTD.,206.4,212.95,203.0,208.95,208.95,205.0,,208.95,,,416,85388.0,27,F1,1,,,,,,2025-05-13
2025-05-13,2025-05-13,CM,BSE,STK,526299,INE356A01018,MPHASIS,A,,,,,MPHASIS LTD.,2539.65,2539.65,2484.35,2489.65,2489.65,2531.7,,2490.6,,,5600,14034974.0,1025,F1,1,,,,,,2025-05-13
2025-05-13,2025-05-13,CM,BSE,STK,526301,INE047C01019,MEDINOV,X,,,,,MEDINOVA DIAGNOSTIC SERVICES L,40.05,40.98,39.15,39.78,39.15,39.81,,39.78,,,20119,802939.0,40,F1,1,,,,,,2025-05-13
2025-05-13,2025-05-13,CM,BSE,STK,526315,INE410G01010,DIVSHKT,X,,,,,DIVYASHAKTI LIMITED,65.52,67.24,65.0,65.09,65.09,66.86,,65.09,,,682,44724.0,26,F1,1,,,,,,2025-05-13
2025-05-13,2025-05-13,CM,BSE,STK,526325,INE609C01024,ORIENTLTD,B,,,,,ORIENT PRESS LTD.,82.5,82.5,82.48,82.5,82.48,80.01,,81.84,,,51,4207.0,2,F1,1,,,,,,2025-05-13
2025-05-13,2025-05-13,CM,BSE,STK,526335,INE115F01017,SHREYASI,X,,,,,SHREYAS INTERMEDIATES LTD.,9.42,9.46,8.83,9.0,9.0,9.46,,9.0,,,3102,28839.0,18,F1,1,,,,,,2025-05-13
2025-05-13,2025-05-13,CM,BSE,STK,526345,INE744D01019,PANJON,XT,,,,,PANJON LTD.,19.56,20.29,18.9,19.39,19.39,19.47,,19.39,,,3342,64651.0,28,F1,1,,,,,,2025-05-13
2025-05-13,2025-05-13,CM,BSE,STK,526355,INE138B01018,DUROPACK,X,,,,,DUROPACK LTD.,74.37,74.37,74.37,74.37,74.37,74.26,,74.37,,,100,7437.0,1,F1,1,,,,,,2025-05-13
2025-05-13,2025-05-13,CM,BSE,STK,526365,INE967A01012,SWARNSAR,X,,,,,SWARNSARITA JEWELS INDIA LIMIT,32.99,32.99,31.05,32.14,32.14,32.09,,32.14,,,39060,1237966.0,120,F1,1,,,,,,2025-05-13
2025-05-13,2025-05-13,CM,BSE,STK,526367,INE460C01014,GANESHHOUC,B,,,,,GANESH HOUSING CORPORATION LTD,1139.95,1144.0,991.55,1003.0,1003.0,1109.65,,1005.0,,,48997,51425840.0,4054,F1,1,,,,,,2025-05-13
2025-05-13,2025-05-13,CM,BSE,STK,526371,INE584A01023,NMDC,A,,,,,NMDC LTD.,68.04,68.4,67.1,67.26,67.26,68.04,,67.21,,,569464,38568044.0,2135,F1,1,,,,,,2025-05-13
2025-05-13,2025-05-13,CM,BSE,STK,526373,INE908C01012,CINDHO,X,,,,,CINDRELLA HOTELS LTD.,57.15,62.37,57.15,59.28,62.37,59.4,,59.28,,,1518,87489.0,31,F1,1,,,,,,2025-05-13
2025-05-13,2025-05-13,CM,BSE,STK,526381,INE529D01014,PATINTLOG,B,,,,,PATEL INTEGRATED LOGISTICS LTD,15.13,15.38,14.9,15.05,15.08,14.83,,14.91,,,4383,66199.0,85,F1,1,,,,,,2025-05-13
2025-05-13,2025-05-13,CM,BSE,STK,526397,INE137C01018,ALPHAGEO,T,,,,,ALPHAGEO (INDIA) LTD.,243.0,247.4,238.0,243.85,244.0,239.5,,241.12,,,1366,330307.0,33,F1,1,,,,,,2025-05-13
2025-05-13,2025-05-13,CM,BSE,STK,526407,INE299D01022,HAMPTON,X,,,,,HAMPTON SKY REALTY LIMITED,27.49,27.49,25.5,26.85,26.56,27.09,,26.85,,,24680,656706.0,174,F1,1,,,,,,2025-05-13
2025-05-13,2025-05-13,CM,BSE,STK,526409,INE301C01028,KKALPANAIND,XT,,,,,KKALPANA INDUSTRIES (INDIA) LT,11.98,11.98,11.18,11.5,11.5,11.67,,11.5,,,81207,917503.0,123,F1,1,,,,,,2025-05-13
2025-05-13,2025-05-13,CM,BSE,STK,526415,INE870B01024,OKPLA,X,,,,,OK PLAY INDIA LTD.,10.1,10.4,9.7,9.98,9.99,9.99,,9.98,,,1703943,17157907.0,896,F1,1,,,,,,2025-05-13
2025-05-13,2025-05-13,CM,BSE,STK,526423,INE479D01038,KRITI,B,,,,,KRITI INDUSTRIES (INDIA) LTD.,115.5,121.24,115.5,118.08,118.38,116.31,,117.97,,,1540,183344.0,57,F1,1,,,,,,2025-05-13
2025-05-13,2025-05-13,CM,BSE,STK,526433,INE867C01010,ASMTEC,B,,,,,ASM TECHNOLOGIES LTD.,1480.0,1524.4,1472.05,1509.95,1520.0,1467.35,,1509.95,,,17129,25754617.0,907,F1,1,,,,,,2025-05-13
2025-05-13,2025-05-13,CM,BSE,STK,526435,INE759I01024,PERFEPA,X,,,,,PERFECTPAC LTD.,102.15,105.45,100.25,102.95,102.95,102.15,,102.95,,,2246,229046.0,23,F1,1,,,,,,2025-05-13
2025-05-13,2025-05-13,CM,BSE,STK,526439,INE267C01013,AMBIT,X,,,,,AMBITIOUS PLASTOMAC COMPANY LT,9.78,9.78,9.78,9.78,9.78,9.78,,9.78,,,450,4401.0,5,F1,1,,,,,,2025-05-13
2025-05-13,2025-05-13,CM,BSE,STK,526441,INE515B01025,VISIONCINE,X,,,,,VISION CINEMAS LTD.,1.0,1.1,1.0,1.1,1.1,1.05,,1.1,,,11790,12589.0,81,F1,1,,,,,,2025-05-13
2025-05-13,2025-05-13,CM,BSE,STK,526443,INE072B01027,AEIM,XT,,,,,Artificial Electronics Intelli,257.9,263.05,257.9,263.05,263.05,257.9,,263.05,,,592,154165.0,17,F1,1,,,,,,2025-05-13
2025-05-13,2025-05-13,CM,BSE,STK,526445,INE007C01021,INDRANIB,XT,,,,,INDRAYANI BIOTECH LTD.,16.22,16.22,15.17,15.95,15.96,15.96,,15.95,,,17839,277043.0,121,F1,1,,,,,,2025-05-13
2025-05-13,2025-05-13,CM,BSE,STK,526468,INE940E01011,EUROLED,X,,,,,EURO LEDER FASHION LTD.,20.75,21.25,20.25,21.25,21.25,20.75,,21.25,,,225,4647.0,15,F1,1,,,,,,2025-05-13
2025-05-13,2025-05-13,CM,BSE,STK,526471,INE391C01011,WINSOMBR,X,,,,,WINSOME BREWERIES LTD.,35.75,36.5,34.83,35.87,35.95,35.0,,35.87,,,15845,565495.0,217,F1,1,,,,,,2025-05-13
2025-05-13,2025-05-13,CM,BSE,STK,526473,INE152E01013,ELEFLOR,X,,,,,ELEGANT FLORICULTURE & AGROTEC,4.9,5.3,4.9,5.19,5.21,5.04,,5.19,,,12547,65068.0,49,F1,1,,,,,,2025-05-13
2025-05-13,2025-05-13,CM,BSE,STK,526479,INE765B01018,SKYIND,X,,,,,SKY INDUSTRIES LTD.,87.8,89.25,83.1,86.8,86.8,87.8,,86.8,,,3411,291238.0,69,F1,1,,,,,,2025-05-13
2025-05-13,2025-05-13,CM,BSE,STK,526481,INE245B01011,PHOENXINTL,X,,,,,PHOENIX INTERNATIONAL LTD.,43.5,43.5,40.0,41.92,42.0,41.62,,41.92,,,2994,124686.0,29,F1,1,,,,,,2025-05-13
2025-05-13,2025-05-13,CM,BSE,STK,526488,INE432N01010,BHUDEVI,XT,,,,,BHUDEVI INFRA PROJECTS LIMITED,323.05,323.1,323.05,323.05,323.05,329.6,,323.05,,,567,183169.0,8,F1,1,,,,,,2025-05-13
2025-05-13,2025-05-13,CM,BSE,STK,526490,INE206C01029,PRATIK,X,,,,,PRATIK PANELS LTD.,7.09,7.24,7.02,7.12,7.15,6.98,,7.12,,,55482,392488.0,126,F1,1,,,,,,2025-05-13
2025-05-13,2025-05-13,CM,BSE,STK,526492,INE582D01013,RISHIROOP,XT,,,,,Rishiroop Limited,117.7,118.5,116.05,117.0,118.25,117.7,,117.0,,,2917,342286.0,38,F1,1,,,,,,2025-05-13
2025-05-13,2025-05-13,CM,BSE,STK,526494,INE818D01011,PROMACT,X,,,,,PROMACT IMPEX LIMITED,11.5,11.5,10.4,11.0,11.0,11.5,,11.0,,,1070,11162.0,8,F1,1,,,,,,2025-05-13
2025-05-13,2025-05-13,CM,BSE,STK,526500,INE398F01019,STRGRENWO,X,,,,,STERLING GREEN WOODS LTD.,36.48,36.5,36.47,36.5,36.5,36.7,,36.5,,,293,10692.0,6,F1,1,,,,,,2025-05-13
2025-05-13,2025-05-13,CM,BSE,STK,526506,INE356B01024,SYSTMTXC,B,,,,,SYSTEMATIX CORPORATE SERVICES,137.1,140.9,134.0,136.65,137.8,137.7,,136.65,,,24990,3423699.0,354,F1,1,,,,,,2025-05-13
2025-05-13,2025-05-13,CM,BSE,STK,526508,INE825D01016,SHAHISHIP,X,,,,,Shahi Shipping Limited,16.99,16.99,15.5,15.75,15.75,16.3,,15.75,,,6070,96735.0,64,F1,1,,,,,,2025-05-13
2025-05-13,2025-05-13,CM,BSE,STK,526519,INE840D01015,ALPINEHOU,X,,,,,ALPINE HOUSING DEVELOPMENT COR,119.9,119.9,111.25,115.85,115.85,116.95,,115.85,,,1191,135011.0,19,F1,1,,,,,,2025-05-13
2025-05-13,2025-05-13,CM,BSE,STK,526521,INE999B01013,SANGHIIND,B,,,,,SANGHI INDUSTRIES LTD.,60.56,60.83,59.71,59.97,60.17,60.66,,59.96,,,3363,202295.0,121,F1,1,,,,,,2025-05-13
2025-05-13,2025-05-13,CM,BSE,STK,526525,INE550D01010,WWALUM,X,,,,,WORLDWIDE ALUMINIUM LIMITED,18.91,19.85,18.91,19.85,19.85,19.0,,19.85,,,224,4246.0,5,F1,1,,,,,,2025-05-13
2025-05-13,2025-05-13,CM,BSE,STK,526530,INE670C01026,IIRM,X,,,,,IIRM HOLDINGS INDIA LIMITED,88.0,88.0,80.24,80.24,80.24,84.46,,80.24,,,2194,177418.0,26,F1,1,,,,,,2025-05-13
2025-05-13,2025-05-13,CM,BSE,STK,526532,INE716K01020,SFPIL,X,,,,,SQUARE FOUR PROJECTS INDIA LIM,9.98,10.5,9.98,10.5,10.5,10.5,,10.5,,,984,9827.0,8,F1,1,,,,,,2025-05-13
2025-05-13,2025-05-13,CM,BSE,STK,526544,INE967B01028,SGLRES,XT,,,,,SGL RESOURCES LIMITED,2.98,2.99,2.89,2.99,2.99,2.85,,2.99,,,64381,189367.0,144,F1,1,,,,,,2025-05-13
2025-05-13,2025-05-13,CM,BSE,STK,526546,INE493D01013,CHOKSILA,X,,,,,CHOKSI LABORATORIES LTD.,123.6,124.35,116.05,120.0,120.0,118.55,,120.0,,,2768,331066.0,40,F1,1,,,,,,2025-05-13
2025-05-13,2025-05-13,CM,BSE,STK,526550,INE652F01027,CCHHL,B,,,,,COUNTRY CLUB HOSPITALITY AND H,15.6,15.97,15.16,15.97,15.97,15.54,,15.65,,,8406,130504.0,78,F1,1,,,,,,2025-05-13
2025-05-13,2025-05-13,CM,BSE,STK,526568,INE696E01019,LONTE,Z,,,,,LONGVIEW TEA COMPANY LTD.,35.76,35.76,35.7,35.7,35.7,34.06,,35.7,,,2,71.0,2,F1,1,,,,,,2025-05-13
2025-05-13,2025-05-13,CM,BSE,STK,526570,INE519N01014,MIDWEST,XT,,,,,MIDWEST GOLD LTD.,461.6,461.6,445.0,461.4,461.4,452.55,,461.4,,,1641,753323.0,24,F1,1,,,,,,2025-05-13
2025-05-13,2025-05-13,CM,BSE,STK,526574,INE439G01019,ENTRINT,X,,,,,ENTERPRISE INTERNATIONAL LTD.,23.87,24.0,23.27,23.27,23.27,23.27,,23.27,,,51,1202.0,5,F1,1,,,,,,2025-05-13
2025-05-13,2025-05-13,CM,BSE,STK,526582,INE413G01022,TPLPLASTEH,B,,,,,TPL PLASTECH LTD.,80.0,82.0,79.5,80.17,80.45,79.95,,80.03,,,10458,839897.0,992,F1,1,,,,,,2025-05-13
2025-05-13,2025-05-13,CM,BSE,STK,526586,INE015B01018,WIMPLAST,X,,,,,WIM PLAST LTD.,481.0,481.0,474.15,479.0,479.0,475.75,,479.0,,,1589,759554.0,81,F1,1,,,,,,2025-05-13
2025-05-13,2025-05-13,CM,BSE,STK,526588,INE813B01016,PHOTOQUP,X,,,,,PHOTOQUIP INDIA LTD.,19.5,20.0,18.4,18.52,18.5,19.5,,18.52,,,20898,400236.0,41,F1,1,,,,,,2025-05-13
2025-05-13,2025-05-13,CM,BSE,STK,526596,INE557B01019,LIBERTSHOE,B,,,,,LIBERTY SHOES LTD.,405.25,423.0,405.25,419.1,418.85,418.55,,419.45,,,4016,1682392.0,440,F1,1,,,,,,2025-05-13
2025-05-13,2025-05-13,CM,BSE,STK,526604,INE845B01018,LIPPISYS,XT,,,,,LIPPI SYSTEMS LTD.,22.35,22.35,21.0,21.0,21.0,21.65,,21.0,,,1185,26276.0,6,F1,1,,,,,,2025-05-13
2025-05-13,2025-05-13,CM,BSE,STK,526608,INE822G01016,ELECTHERM,T,,,,,ELECTROTHERM (INDIA) LTD.,1040.85,1083.2,1040.85,1083.2,1083.2,1062.0,,1083.2,,,785,845440.0,23,F1,1,,,,,,2025-05-13
2025-05-13,2025-05-13,CM,BSE,STK,526612,INE233B01017,BLUEDART,A,,,,,BLUE DART EXPRESS LTD.,6725.75,6977.0,6725.75,6927.45,6950.0,6725.75,,6915.5,,,1294,8879883.0,418,F1,1,,,,,,2025-05-13
2025-05-13,2025-05-13,CM,BSE,STK,526614,INE561D01025,EXPOGAS,X,,,,,EXPO GAS CONTAINERS LTD.,64.4,65.0,61.01,62.02,62.0,63.39,,62.02,,,117374,7400896.0,165,F1,1,,,,,,2025-05-13
2025-05-13,2025-05-13,CM,BSE,STK,526616,INE233D01013,NATPLAS,X,,,,,NATIONAL PLASTIC INDUSTRIES LT,55.01,55.1,53.55,54.08,54.08,55.04,,54.08,,,5330,291236.0,74,F1,1,,,,,,2025-05-13
2025-05-13,2025-05-13,CM,BSE,STK,526622,INE244C01020,MFLINDIA,X,,,,,MFL INDIA LTD.,0.6,0.62,0.57,0.6,0.6,0.59,,0.6,,,530307,313544.0,506,F1,1,,,,,,2025-05-13
2025-05-13,2025-05-13,CM,BSE,STK,526638,INE594V01028,TEXELIN,XT,,,,,TEXEL INDUSTRIES LTD.,122.1,132.85,121.0,125.95,125.95,126.55,,125.95,,,36935,4646913.0,211,F1,1,,,,,,2025-05-13
2025-05-13,2025-05-13,CM,BSE,STK,526640,INE008C01011,RAYALEMA,X,,,,,ROYALE MANOR HOTELS & INDUSTRI,60.0,60.0,54.0,56.49,55.99,56.02,,56.49,,,26411,1495433.0,316,F1,1,,,,,,2025-05-13
2025-05-13,2025-05-13,CM,BSE,STK,526642,INE771A01026,MIRZAINT,B,,,,,MIRZA INTERNATIONAL LTD.,29.8,30.24,29.23,29.58,29.58,29.41,,29.72,,,8716,260353.0,61,F1,1,,,,,,2025-05-13
2025-05-13,2025-05-13,CM,BSE,STK,526650,INE305A01015,TFCILTD,A,,,,,TOURISM FINANCE CORPORATION OF,206.0,210.7,204.3,207.25,207.25,205.85,,207.5,,,65142,13534432.0,1294,F1,1,,,,,,2025-05-13
2025-05-13,2025-05-13,CM,BSE,STK,526654,INE403F01017,THAKDEV,X,,,,,THAKKERS DEVELOPERS LTD.,178.7,191.5,170.55,191.25,191.5,189.35,,191.25,,,899,159169.0,50,F1,1,,,,,,2025-05-13
2025-05-13,2025-05-13,CM,BSE,STK,526666,INE828A01016,BIL,T,,,,,BHARTIYA INTERNATIONAL LTD.,730.0,730.0,717.0,717.0,717.0,731.0,,713.75,,,882,643834.0,5,F1,1,,,,,,2025-05-13
2025-05-13,2025-05-13,CM,BSE,STK,526668,INE967C01018,KAMATHOTEL,B,,,,,KAMAT HOTELS (INDIA) LTD.,246.7,249.0,242.6,247.25,245.05,246.7,,247.27,,,15985,3922986.0,508,F1,1,,,,,,2025-05-13
2025-05-13,2025-05-13,CM,BSE,STK,526677,INE055C01020,KEEPLEARN,B,,,,,DSJ KEEP LEARNING LIMITED,3.44,3.46,3.37,3.46,3.46,3.3,,3.41,,,2301,7956.0,17,F1,1,,,,,,2025-05-13
2025-05-13,2025-05-13,CM,BSE,STK,526703,INE423D01010,ECOPLAST,X,,,,,ECOPLAST LTD.,622.0,624.0,591.5,615.4,624.0,609.7,,615.4,,,635,383732.0,58,F1,1,,,,,,2025-05-13
2025-05-13,2025-05-13,CM,BSE,STK,526705,INE095B01010,ELEMARB,X,,,,,ELEGANT MARBLES & GRANI INDUST,260.0,260.0,260.0,260.0,260.0,259.95,,260.0,,,320,83200.0,2,F1,1,,,,,,2025-05-13
2025-05-13,2025-05-13,CM,BSE,STK,526709,INE839A01021,BITS,XT,,,,,BITS LTD.,11.9,11.98,11.55,11.98,11.98,11.41,,11.98,,,137403,1643374.0,509,F1,1,,,,,,2025-05-13
2025-05-13,2025-05-13,CM,BSE,STK,526711,INE627D01016,ADARSHPL,X,,,,,ADARSH PLANT PROTECT LTD.,25.77,27.0,24.61,26.85,27.0,26.3,,26.85,,,187,4770.0,12,F1,1,,,,,,2025-05-13
2025-05-13,2025-05-13,CM,BSE,STK,526717,INE136C01044,HPBL,X,,,,,HCP PLASTENE BULKPACK LIMITED,107.0,109.0,102.0,108.6,108.6,102.65,,108.6,,,15210,1638619.0,75,F1,1,,,,,,2025-05-13
2025-05-13,2025-05-13,CM,BSE,STK,526721,INE653C01022,NICCOPAR,X,,,,,NICCO PARKS & RESORTS LTD.,118.7,120.5,117.1,118.45,117.1,118.8,,118.45,,,2352,279248.0,55,F1,1,,,,,,2025-05-13
2025-05-13,2025-05-13,CM,BSE,STK,526723,INE920C01017,NTCIND,X,,,,,NTC INDUSTRIES LTD.,185.35,199.8,185.35,199.6,189.65,197.85,,199.6,,,936,186064.0,41,F1,1,,,,,,2025-05-13
2025-05-13,2025-05-13,CM,BSE,STK,526725,INE583B01015,SANDESH,B,,,,,SANDESH LTD.,1123.55,1131.05,1123.05,1128.55,1126.0,1121.0,,1147.5,,,160,180053.0,33,F1,1,,,,,,2025-05-13
2025-05-13,2025-05-13,CM,BSE,STK,526727,INE797D01017,GARNET,X,,,,,GARNET CONSTRUCTION LTD.,26.48,27.7,25.98,27.62,27.62,26.03,,27.62,,,8621,233889.0,52,F1,1,,,,,,2025-05-13
2025-05-13,2025-05-13,CM,BSE,STK,526729,INE025B01025,GOLDIAM,B,,,,,GOLDIAM INTERNATIONAL LTD.,364.85,371.9,361.05,366.25,366.25,363.7,,367.75,,,68451,25042177.0,2019,F1,1,,,,,,2025-05-13
2025-05-13,2025-05-13,CM,BSE,STK,526731,INE630D01010,BRIGHTBR,X,,,,,BRIGHT BROTHERS LTD.,325.0,346.25,321.55,346.25,346.25,314.8,,346.25,,,34995,11744832.0,562,F1,1,,,,,,2025-05-13
2025-05-13,2025-05-13,CM,BSE,STK,526739,INE869A01010,SHAWGELTIN,X,,,,,NARMADA GELATINES LTD.,316.2,319.8,310.0,318.85,318.85,320.85,,318.85,,,24559,7779579.0,151,F1,1,,,,,,2025-05-13
2025-05-13,2025-05-13,CM,BSE,STK,526747,INE078D01012,PGFOILQ,X,,,,,PG FOILS LTD.,282.95,282.95,270.0,273.8,275.0,276.9,,273.8,,,7325,2001103.0,155,F1,1,,,,,,2025-05-13
2025-05-13,2025-05-13,CM,BSE,STK,526751,INE915E01013,GRATEXI,X,,,,,GRATEX INDUSTRIES LTD.,14.95,14.96,14.95,14.96,14.96,14.25,,14.96,,,600,8973.0,4,F1,1,,,,,,2025-05-13
2025-05-13,2025-05-13,CM,BSE,STK,526755,INE548D01014,VELHO,X,,,,,VELAN HOTELS LTD.,6.86,6.86,5.82,6.08,6.39,6.86,,6.08,,,34051,207875.0,65,F1,1,,,,,,2025-05-13
2025-05-13,2025-05-13,CM,BSE,STK,526761,INE931B01016,HOWARHO,X,,,,,HOWARD HOTELS LTD.,24.88,24.88,24.0,24.87,24.87,24.39,,24.87,,,729,18081.0,10,F1,1,,,,,,2025-05-13
2025-05-13,2025-05-13,CM,BSE,STK,526773,INE891E01024,PRESSURS,Z,,,,,PRESSURE SENSITIVE SYSTEMS (IN,3.24,3.26,3.14,3.21,3.22,3.11,,3.21,,,115527,371045.0,200,F1,1,,,,,,2025-05-13
2025-05-13,2025-05-13,CM,BSE,STK,526775,INE760B01019,VALIANT,XT,,,,,VALIANT COMMUNICATIONS LTD.,589.3,618.75,573.0,599.95,600.0,589.3,,599.95,,,11146,6708108.0,159,F1,1,,,,,,2025-05-13
2025-05-13,2025-05-13,CM,BSE,STK,526783,INE934C01018,DRAGARWQ,B,,,,,DR.AGARWALS EYE HOSPITAL LTD.,4080.0,4149.9,4000.0,4111.85,4147.0,4047.8,,4111.85,,,3323,13538386.0,439,F1,1,,,,,,2025-05-13
2025-05-13,2025-05-13,CM,BSE,STK,526797,INE461C01038,GREENPLY,B,,,,,GREENPLY INDUSTRIES LTD.,298.85,298.85,277.55,284.75,285.9,281.45,,284.3,,,5203,1470939.0,338,F1,1,,,,,,2025-05-13
2025-05-13,2025-05-13,CM,BSE,STK,526807,INE497B01018,SEAMECLTD,B,,,,,SEAMEC LTD.,843.1,851.55,823.05,826.7,823.05,841.85,,825.0,,,746,619786.0,252,F1,1,,,,,,2025-05-13
2025-05-13,2025-05-13,CM,BSE,STK,526813,INE753B01014,RAGHUNAT,X,,,,,RAGHUNATH INTERNATIONAL LTD.,13.99,13.99,12.22,12.79,12.79,13.5,,12.79,,,1202,15417.0,15,F1,1,,,,,,2025-05-13
2025-05-13,2025-05-13,CM,BSE,STK,526817,INE974B01016,CHEVIOT,B,,,,,CHEVIOT CO.LTD.,1054.65,1080.95,1054.0,1070.45,1070.25,1053.1,,1076.1,,,201,213283.0,66,F1,1,,,,,,2025-05-13
2025-05-13,2025-05-13,CM,BSE,STK,526821,INE928C01010,DAICHI,XT,,,,,DAI-ICHI KARKARIA LTD.,405.75,405.75,385.0,392.75,392.75,387.55,,392.75,,,3522,1370361.0,46,F1,1,,,,,,2025-05-13
2025-05-13,2025-05-13,CM,BSE,STK,526827,INE882D01017,SPICEISLIN,XT,,,,,SPICE ISLANDS INDUSTRIES LIMIT,46.05,47.95,45.95,47.9,47.9,48.36,,47.9,,,1365,63052.0,13,F1,1,,,,,,2025-05-13
2025-05-13,2025-05-13,CM,BSE,STK,526829,INE552D01024,CONFIPET,B,,,,,CONFIDENCE PETROLEUM INDIA LTD,51.81,54.35,51.81,53.53,53.53,53.34,,53.56,,,63509,3414150.0,1081,F1,1,,,,,,2025-05-13
2025-05-13,2025-05-13,CM,BSE,STK,526839,INE413C01013,SIPL,X,,,,,SHELTER INFRA PROJECTS LTD.,15.0,15.0,13.61,13.62,13.62,14.85,,13.62,,,847,11658.0,10,F1,1,,,,,,2025-05-13
2025-05-13,2025-05-13,CM,BSE,STK,526841,INE794C01016,SHAKTIPR,X,,,,,SHAKTI PRESS LTD.,26.46,30.0,26.46,27.57,27.57,27.63,,27.57,,,2303,65195.0,23,F1,1,,,,,,2025-05-13
2025-05-13,2025-05-13,CM,BSE,STK,526847,INE338C01012,ASHSI,X,,,,,ASHIRWAD STEELS & INDUSTRIES L,31.99,31.99,31.0,31.68,31.66,31.68,,31.68,,,2358,74530.0,46,F1,1,,,,,,2025-05-13
2025-05-13,2025-05-13,CM,BSE,STK,526849,INE655B01011,BANARBEADS,B,,,,,BANARAS BEADS LTD.,121.4,124.2,116.25,123.35,123.4,116.15,,121.75,,,4216,498110.0,149,F1,1,,,,,,2025-05-13
2025-05-13,2025-05-13,CM,BSE,STK,526851,INE480H01011,AREXMIS,X,,,,,AREX INDUSTRIES LTD.,163.0,163.0,149.1,159.0,159.0,156.0,,159.0,,,13,2017.0,9,F1,1,,,,,,2025-05-13
2025-05-13,2025-05-13,CM,BSE,STK,526853,INE986A01012,BI,X,,,,,BILCARE LTD.,70.35,73.44,70.35,71.49,72.47,72.67,,71.49,,,5744,412432.0,68,F1,1,,,,,,2025-05-13
2025-05-13,2025-05-13,CM,BSE,STK,526859,INE973B01026,ISFL,XT,,,,,ISF LIMITED,1.54,1.54,1.51,1.51,1.51,1.54,,1.51,,,25232,38259.0,42,F1,1,,,,,,2025-05-13
2025-05-13,2025-05-13,CM,BSE,STK,526861,INE988D01012,RISHILASE,X,,,,,RISHI LASER LTD.,148.95,148.95,144.5,145.7,147.25,146.0,,145.7,,,16134,2348847.0,51,F1,1,,,,,,2025-05-13
2025-05-13,2025-05-13,CM,BSE,STK,526865,INE966C01010,JAINCO,XT,,,,,JAINCO PROJECTS (INDIA) LTD.,8.12,8.12,7.88,7.88,7.88,8.29,,7.88,,,2657,21047.0,24,F1,1,,,,,,2025-05-13
2025-05-13,2025-05-13,CM,BSE,STK,526871,INE017E01018,INTECCAP,X,,,,,INTEC CAPITAL LTD.,17.95,17.95,15.57,17.5,17.5,17.1,,17.5,,,35,555.0,12,F1,1,,,,,,2025-05-13
2025-05-13,2025-05-13,CM,BSE,STK,526873,INE184D01026,RAJGASES,X,,,,,RAJASTHAN GASES LTD.,45.96,45.96,44.0,44.78,44.78,45.51,,44.78,,,1547,69161.0,34,F1,1,,,,,,2025-05-13
2025-05-13,2025-05-13,CM,BSE,STK,526877,INE797C01019,SIDDHEGA,X,,,,,SIDDHESWARI GARMENTS LTD.,15.0,15.0,15.0,15.0,15.0,14.3,,15.0,,,100,1500.0,1,F1,1,,,,,,2025-05-13
2025-05-13,2025-05-13,CM,BSE,STK,526881,INE111B01023,63MOONS,B,,,,,63 Moons Technologies Limited,688.0,706.95,688.0,706.95,706.95,673.3,,707.55,,,30001,21183334.0,479,F1,1,,,,,,2025-05-13
2025-05-13,2025-05-13,CM,BSE,STK,526885,INE453D01025,SARLAPOLY,B,,,,,SARLA PERFORMANCE FIBERS LTD.,101.0,101.4,99.4,99.95,99.95,101.65,,99.71,,,20552,2060479.0,501,F1,1,,,,,,2025-05-13
2025-05-13,2025-05-13,CM,BSE,STK,526891,INE944C01017,MKTCREAT,X,,,,,MARKET CREATORS LTD.,12.8,12.8,12.8,12.8,12.8,12.8,,12.8,,,7,89.0,1,F1,1,,,,,,2025-05-13
2025-05-13,2025-05-13,CM,BSE,STK,526899,INE552B01010,HFIL,X,,,,,HIMALAYA FOOD INTERNATIONAL LI,16.3,17.0,15.56,16.64,16.51,15.92,,16.64,,,61481,1016981.0,286,F1,1,,,,,,2025-05-13
2025-05-13,2025-05-13,CM,BSE,STK,526901,INE344I01017,SONALAD,X,,,,,SONAL ADHESIVES LTD.,54.0,54.0,50.36,50.92,50.92,51.1,,50.92,,,651,33122.0,34,F1,1,,,,,,2025-05-13
2025-05-13,2025-05-13,CM,BSE,STK,526905,INE743D01011,PADMAIND,XT,,,,,Padmanabh Industries Ltd,8.38,8.38,8.38,8.38,8.38,8.38,,8.38,,,12,100.0,3,F1,1,,,,,,2025-05-13
2025-05-13,2025-05-13,CM,BSE,STK,526921,INE253B01015,21STCENMGM,B,,,,,TWENTYFIRST CENTURY MANAGEMENT,68.05,68.05,65.6,68.04,68.0,66.75,,68.05,,,349,23444.0,15,F1,1,,,,,,2025-05-13
2025-05-13,2025-05-13,CM,BSE,STK,526931,INE400G01011,HRYNSHP,X,,,,,HARIYANA SHIP BREAKERS LTD.,114.95,114.95,106.0,108.65,109.35,108.5,,108.65,,,2789,303020.0,66,F1,1,,,,,,2025-05-13
2025-05-13,2025-05-13,CM,BSE,STK,526935,INE377D01018,ARUNIS,XT,,,,,ARUNIS ABODE LIMITED,238.0,247.0,237.7,237.7,237.7,242.55,,237.7,,,446,107030.0,12,F1,1,,,,,,2025-05-13
2025-05-13,2025-05-13,CM,BSE,STK,526945,INE945B01016,TYROON,X,,,,,TYROON TEA CO.LTD.,103.4,103.4,102.5,102.76,102.5,103.74,,102.76,,,10,1028.0,6,F1,1,,,,,,2025-05-13
2025-05-13,2025-05-13,CM,BSE,STK,526947,INE059D01020,LAOPALA,B,,,,,LA OPALA RG LTD.,241.5,243.3,234.6,237.15,237.7,238.55,,237.3,,,12546,2974680.0,339,F1,1,,,,,,2025-05-13
2025-05-13,2025-05-13,CM,BSE,STK,526951,INE239C01020,STYLAMIND,B,,,,,STYLAM INDUSTRIES LIMITED,1732.95,1732.95,1652.4,1695.5,1688.45,1687.85,,1691.9,,,1646,2785908.0,269,F1,1,,,,,,2025-05-13
2025-05-13,2025-05-13,CM,BSE,STK,526953,INE411B01019,VENUSREM,B,,,,,VENUS REMEDIES LTD.,316.9,319.0,313.6,316.4,319.0,312.3,,315.3,,,700,220601.0,96,F1,1,,,,,,2025-05-13
2025-05-13,2025-05-13,CM,BSE,STK,526961,INE404B01022,LASTMILE,B,,,,,LAST MILE ENTERPRISES LIMITED,21.25,21.25,19.7,20.02,20.28,20.87,,20.02,,,310430,6391281.0,491,F1,1,,,,,,2025-05-13
2025-05-13,2025-05-13,CM,BSE,STK,526965,INE372D01019,GUJCRAFT,X,,,,,GUJARAT CRAFT INDUSTRIES LTD.,159.5,159.6,151.0,155.9,155.9,153.0,,155.9,,,2993,475749.0,28,F1,1,,,,,,2025-05-13
2025-05-13,2025-05-13,CM,BSE,STK,526967,INE025D01013,HEERAISP,Z,,,,,HEERA ISPAT LTD.,7.63,7.66,6.98,7.65,7.66,7.3,,7.65,,,9803,71890.0,54,F1,1,,,,,,2025-05-13
2025-05-13,2025-05-13,CM,BSE,STK,526971,INE313G01016,DHOOTIN,X,,,,,DHOOT INDUSTRIAL FINANCE LTD.,263.9,263.9,249.1,256.65,259.0,252.85,,256.65,,,2012,515329.0,43,F1,1,,,,,,2025-05-13
2025-05-13,2025-05-13,CM,BSE,STK,526981,INE402H01015,SHBAJRG,X,,,,,SHRI BAJRANG ALLIANCE LIMITED,168.0,168.0,160.0,165.35,166.55,162.9,,165.35,,,2809,458409.0,48,F1,1,,,,,,2025-05-13
2025-05-13,2025-05-13,CM,BSE,STK,526987,INE550C01020,URJA,B,,,,,URJA GLOBAL LTD.,14.86,15.35,14.7,14.94,14.94,14.83,,14.93,,,481293,7223424.0,3434,F1,1,,,,,,2025-05-13
2025-05-13,2025-05-13,CM,BSE,STK,527001,INE348A01023,ASHAPURMIN,B,,,,,ASHAPURA MINECHEM LTD.,351.9,369.45,348.7,367.95,367.95,351.9,,365.55,,,72945,26421165.0,1948,F1,1,,,,,,2025-05-13
2025-05-13,2025-05-13,CM,BSE,STK,527005,INE847D01010,SHREEPAC,XT,,,,,SHREE PACETRONIX LTD.,71.5,71.5,71.5,71.5,71.5,70.1,,71.5,,,441,31531.0,8,F1,1,,,,,,2025-05-13
2025-05-13,2025-05-13,CM,BSE,STK,530001,INE186A01019,GUJALKALI,B,,,,,GUJARAT ALKALIES & CHEMICALS L,626.15,638.0,623.0,636.25,636.25,632.3,,636.25,,,3988,2530662.0,352,F1,1,,,,,,2025-05-13
2025-05-13,2025-05-13,CM,BSE,STK,530005,INE383A01012,INDIACEM,A,,,,,INDIA CEMENTS LTD.,315.05,320.45,315.05,318.2,318.2,318.35,,318.2,,,13256,4218766.0,492,F1,1,,,,,,2025-05-13
2025-05-13,2025-05-13,CM,BSE,STK,530007,INE573A01042,JKTYRE,A,,,,,JK TYRE & INDUSTRIES LTD.,331.3,336.9,330.0,333.9,333.3,334.75,,333.85,,,17835,5952181.0,524,F1,1,,,,,,2025-05-13
2025-05-13,2025-05-13,CM,BSE,STK,530011,INE558B01017,MANGCHEFER,B,,,,,MANGALORE CHEMICALS & FERTILIZ,233.9,235.4,230.25,232.5,233.25,233.25,,232.59,,,24480,5703246.0,664,F1,1,,,,,,2025-05-13
2025-05-13,2025-05-13,CM,BSE,STK,530017,INE173A01025,SIL,B,,,,,STANDARD INDUSTRIES LTD.,19.9,19.9,19.0,19.15,19.09,19.47,,19.07,,,5161,99214.0,195,F1,1,,,,,,2025-05-13
2025-05-13,2025-05-13,CM,BSE,STK,530019,INE700A01033,JUBLPHARMA,A,,,,,JUBILANT PHARMOVA LIMITED,879.9,921.0,879.9,908.15,921.0,879.9,,907.1,,,9035,8109422.0,964,F1,1,,,,,,2025-05-13
2025-05-13,2025-05-13,CM,BSE,STK,530023,INE924D01017,THEINVEST,B,,,,,THE INVESTMENT TRUST OF INDIA,151.0,151.0,148.0,148.05,148.0,151.0,,148.12,,,239,35616.0,32,F1,1,,,,,,2025-05-13
2025-05-13,2025-05-13,CM,BSE,STK,530025,INE607G01011,SAMYAKINT,X,,,,,SAMYAK INTERNATIONAL LTD.,36.2,36.2,34.3,35.95,35.99,35.6,,35.95,,,252,9019.0,17,F1,1,,,,,,2025-05-13
2025-05-13,2025-05-13,CM,BSE,STK,530027,INE563D01013,AADIIND,X,,,,,AADI INDUSTRIES LTD.,5.04,5.5,5.04,5.48,5.48,5.04,,5.48,,,7390,39973.0,16,F1,1,,,,,,2025-05-13
2025-05-13,2025-05-13,CM,BSE,STK,530037,INE618F01010,SREEJAYA,XT,,,,,SREE JAYALAKSHMI AUTOSPIN LTD.,86.68,86.68,86.68,86.68,86.68,88.44,,86.68,,,626,54261.0,6,F1,1,,,,,,2025-05-13
2025-05-13,2025-05-13,CM,BSE,STK,530043,INE326C01017,ACKNIT,X,,,,,ACKNIT INDUSTRIES LTD.,225.5,232.9,225.5,232.8,232.8,225.0,,232.8,,,18,4169.0,3,F1,1,,,,,,2025-05-13
2025-05-13,2025-05-13,CM,BSE,STK,530045,INE090D01017,TITANSEC,X,,,,,TITAN SECURITIES LTD.,34.4,34.4,32.47,33.59,33.62,33.54,,33.59,,,3886,130447.0,82,F1,1,,,,,,2025-05-13
2025-05-13,2025-05-13,CM,BSE,STK,530053,INE055E01034,REALECO,X,,,,,REAL ECO-ENERGY LIMITED,6.24,6.45,6.21,6.34,6.34,6.21,,6.34,,,21980,138339.0,135,F1,1,,,,,,2025-05-13
2025-05-13,2025-05-13,CM,BSE,STK,530057,INE984E01035,VIVANZA,XT,,,,,Vivanza Biosciences Limited,2.19,2.19,2.02,2.1,2.1,2.12,,2.1,,,76728,158227.0,125,F1,1,,,,,,2025-05-13
2025-05-13,2025-05-13,CM,BSE,STK,530063,INE095C01018,YASHRAJC,XT,,,,,YASHRAJ CONTAINEURS LTD.,7.5,7.5,7.5,7.5,7.5,7.77,,7.5,,,1002,7515.0,13,F1,1,,,,,,2025-05-13
2025-05-13,2025-05-13,CM,BSE,STK,530067,INE718F01018,CSLFINANCE,B,,,,,CSL Finance Limited,301.8,307.6,298.8,300.05,298.8,300.1,,301.2,,,629,191240.0,121,F1,1,,,,,,2025-05-13
2025-05-13,2025-05-13,CM,BSE,STK,530073,INE989A01032,SANGHVIMOV,B,,,,,SANGHVI MOVERS LTD.,283.3,294.95,281.0,291.35,291.35,282.85,,291.35,,,43832,12707291.0,2746,F1,1,,,,,,2025-05-13
2025-05-13,2025-05-13,CM,BSE,STK,530075,INE818A01017,SELAN,B,,,,,SELAN EXPLORATION TECHNOLOGY L,531.35,549.95,525.05,544.2,545.55,531.05,,543.9,,,11365,6163533.0,1221,F1,1,,,,,,2025-05-13
2025-05-13,2025-05-13,CM,BSE,STK,530077,INE795D01011,PURETROP,X,,,,,PURETROP FRUITS LIMITED,114.25,116.0,112.0,115.8,115.8,115.95,,115.8,,,125,14177.0,13,F1,1,,,,,,2025-05-13
2025-05-13,2025-05-13,CM,BSE,STK,530079,INE963C01033,FAZE3Q,B,,,,,FAZE THREE LTD.,617.05,637.6,607.25,622.45,624.25,617.8,,623.6,,,3281,2045417.0,370,F1,1,,,,,,2025-05-13
2025-05-13,2025-05-13,CM,BSE,STK,530095,INE656B01027,PRADHIN,X,,,,,PRADHIN LIMITED,0.41,0.43,0.4,0.4,0.4,0.42,,0.4,,,13156024,5272866.0,762,F1,1,,,,,,2025-05-13
2025-05-13,2025-05-13,CM,BSE,STK,530109,INE069B01023,ANUPAM,X,,,,,ANUPAM FINSERV LIMITED,1.95,2.0,1.82,1.99,2.0,1.95,,1.99,,,530576,1043666.0,295,F1,1,,,,,,2025-05-13
2025-05-13,2025-05-13,CM,BSE,STK,530111,INE639C01013,RAJPACK,X,,,,,RAJ PACKAGING INDUSTRIES LTD.,27.06,28.3,27.0,27.6,27.6,27.97,,27.6,,,10071,279027.0,39,F1,1,,,,,,2025-05-13
2025-05-13,2025-05-13,CM,BSE,STK,530117,INE959A01019,PRIVISCL,B,,,,,PRIVI SPECIALITY CHEMICALS LIM,2211.9,2230.0,2180.9,2214.1,2221.1,2205.75,,2211.8,,,10001,22067797.0,913,F1,1,,,,,,2025-05-13
2025-05-13,2025-05-13,CM,BSE,STK,530119,INE444D01016,NATRAJPR,X,,,,,NATRAJ PROTEINS LTD.,38.1,41.7,37.99,41.5,41.5,39.11,,41.5,,,10,388.0,9,F1,1,,,,,,2025-05-13
2025-05-13,2025-05-13,CM,BSE,STK,530125,INE103E01016,SAMRATPH,X,,,,,SAMRAT PHARMACHEM LTD.,355.05,399.0,355.05,391.9,396.0,356.25,,391.9,,,3755,1427974.0,137,F1,1,,,,,,2025-05-13
2025-05-13,2025-05-13,CM,BSE,STK,530127,INE446D01011,NPRFIN,X,,,,,NPR FINANCE LTD.,24.85,24.85,23.04,24.45,24.45,23.75,,24.45,,,752,18060.0,10,F1,1,,,,,,2025-05-13
2025-05-13,2025-05-13,CM,BSE,STK,530129,INE445D01013,NILE,X,,,,,NILE LTD.,1459.55,1465.0,1416.0,1448.6,1448.6,1459.55,,1448.6,,,2466,3578580.0,172,F1,1,,,,,,2025-05-13
2025-05-13,2025-05-13,CM,BSE,STK,530131,INE225C01029,UDAICEMENT,B,,,,,UDAIPUR CEMENT WORKS LTD.,27.8,28.7,27.8,28.16,28.31,28.52,,28.16,,,23972,676454.0,119,F1,1,,,,,,2025-05-13
2025-05-13,2025-05-13,CM,BSE,STK,530133,INE924B01011,AMCOIND,X,,,,,AMCO INDIA LTD.,69.0,71.3,68.56,71.0,71.0,69.99,,71.0,,,2941,206073.0,29,F1,1,,,,,,2025-05-13
2025-05-13,2025-05-13,CM,BSE,STK,530135,INE350C01017,OPTIEMUS,B,,,,,OPTIEMUS INFRACOM LTD,542.15,559.15,536.85,549.1,549.15,540.8,,549.7,,,20239,11106339.0,1150,F1,1,,,,,,2025-05-13
2025-05-13,2025-05-13,CM,BSE,STK,530139,INE302C01018,KREONFIN,X,,,,,KREON FINNANCIAL SERVICES LTD.,22.0,24.6,19.23,20.14,20.14,21.0,,20.14,,,2245,46811.0,43,F1,1,,,,,,2025-05-13
2025-05-13,2025-05-13,CM,BSE,STK,530145,INE017C01012,KISAN,X,,,,,KISAN MOULDINGS LTD.,43.96,44.78,42.0,42.24,42.5,43.75,,42.24,,,55140,2359208.0,274,F1,1,,,,,,2025-05-13
2025-05-13,2025-05-13,CM,BSE,STK,530163,INE817B01025,KERALAYUR,X,,,,,KERALA AYURVEDA LTD.,390.05,413.85,388.3,394.4,395.95,389.85,,394.4,,,12068,4757405.0,148,F1,1,,,,,,2025-05-13
2025-05-13,2025-05-13,CM,BSE,STK,530167,INE153K01018,MONGIPA,X,,,,,MOONGIPA CAPITAL FINANCE LTD.,22.95,22.95,20.73,22.33,22.65,22.43,,22.33,,,285,6383.0,12,F1,1,,,,,,2025-05-13
2025-05-13,2025-05-13,CM,BSE,STK,530169,INE388C01017,MOHITPPR,X,,,,,MOHIT PAPER MILLS LTD.,33.95,33.95,29.37,29.51,29.5,30.99,,29.51,,,591,17889.0,20,F1,1,,,,,,2025-05-13
2025-05-13,2025-05-13,CM,BSE,STK,530171,INE108C01019,DAULAT,X,,,,,DAULAT SECURITIES LTD.,40.9,42.4,38.51,39.77,40.98,40.9,,39.77,,,4076,161798.0,54,F1,1,,,,,,2025-05-13
2025-05-13,2025-05-13,CM,BSE,STK,530173,INE473F01010,OSCARGLO,X,,,,,OSCAR GLOBAL LTD.,10.8,10.8,10.8,10.8,10.8,11.05,,10.8,,,109,1177.0,5,F1,1,,,,,,2025-05-13
2025-05-13,2025-05-13,CM,BSE,STK,530175,INE213B01019,ODYSSEY,X,,,,,ODYSSEY TECHNOLOGIES LTD.,87.0,89.8,87.0,88.93,89.8,86.34,,88.93,,,14689,1293877.0,57,F1,1,,,,,,2025-05-13
2025-05-13,2025-05-13,CM,BSE,STK,530179,INE015F01019,RSCINT,XT,,,,,RSC INTERNATIONAL LTD.,63.24,63.24,63.24,63.24,63.24,64.53,,63.24,,,15,948.0,3,F1,1,,,,,,2025-05-13
2025-05-13,2025-05-13,CM,BSE,STK,530185,INE936A01025,SURATRAML,X,,,,,Surat Trade and Mercantile Lim,6.43,6.7,6.32,6.56,6.68,6.32,,6.56,,,101092,651710.0,278,F1,1,,,,,,2025-05-13
2025-05-13,2025-05-13,CM,BSE,STK,530187,INE354E01031,ATHARVENT,X,,,,,ATHARV ENTERPRISES LTD.,3.81,3.99,3.68,3.86,3.86,3.87,,3.86,,,132235,496920.0,282,F1,1,,,,,,2025-05-13
2025-05-13,2025-05-13,CM,BSE,STK,530197,INE365H01014,FUNDVISER,X,,,,,FUNDVISER CAPITAL (INDIA) LIMI,144.0,147.85,136.0,138.6,147.8,148.0,,138.6,,,3799,529928.0,42,F1,1,,,,,,2025-05-13
2025-05-13,2025-05-13,CM,BSE,STK,530199,INE083B01024,THEMISMED,B,,,,,THEMIS MEDICARE LTD.,130.95,136.25,130.3,132.05,134.0,132.25,,131.96,,,11630,1549845.0,433,F1,1,,,,,,2025-05-13
2025-05-13,2025-05-13,CM,BSE,STK,530201,INE629F01025,KALLAM,X,,,,,KALLAM TEXTILES LTD,4.87,4.87,4.35,4.47,4.48,4.49,,4.47,,,21482,95784.0,61,F1,1,,,,,,2025-05-13
2025-05-13,2025-05-13,CM,BSE,STK,530207,INE899B01015,BRAWN,X,,,,,BRAWN BIOTECH LTD.,16.48,16.48,16.48,16.48,16.48,15.7,,16.48,,,1492,24588.0,4,F1,1,,,,,,2025-05-13
2025-05-13,2025-05-13,CM,BSE,STK,530215,INE050N01010,KINGSINFR,X,,,,,KINGS INFRA VENTURES LIMITED,129.5,131.0,127.05,130.8,130.9,127.55,,130.8,,,8166,1057888.0,109,F1,1,,,,,,2025-05-13
2025-05-13,2025-05-13,CM,BSE,STK,530217,INE295B01016,SWOJAS,X,,,,,SWOJAS FOODS LIMITED,21.2,21.89,21.05,21.85,21.7,21.47,,21.85,,,1039707,22492546.0,238,F1,1,,,,,,2025-05-13
2025-05-13,2025-05-13,CM,BSE,STK,530231,INE690D01014,SUBSM,XT,,,,,SUBHASH SILK MILLS LTD.,58.0,58.0,57.71,58.0,58.0,59.0,,58.0,,,523,30333.0,9,F1,1,,,,,,2025-05-13
2025-05-13,2025-05-13,CM,BSE,STK,530233,INE292C01011,AUROLAB,X,,,,,AURO LABORATORIES LTD.,245.9,259.5,242.0,256.9,256.9,244.5,,256.9,,,7869,1966619.0,178,F1,1,,,,,,2025-05-13
2025-05-13,2025-05-13,CM,BSE,STK,530235,INE533C01018,KJMCFIN,X,,,,,KJMC FINANCIAL SERVICES LTD.,96.7,96.7,91.04,92.4,92.46,93.9,,92.4,,,1948,178445.0,29,F1,1,,,,,,2025-05-13
2025-05-13,2025-05-13,CM,BSE,STK,530239,INE495B01038,SUVEN,B,,,,,SUVEN LIFE SCIENCES LTD.,155.9,175.0,154.6,170.8,170.8,152.8,,171.31,,,473785,79416594.0,10566,F1,1,,,,,,2025-05-13
2025-05-13,2025-05-13,CM,BSE,STK,530245,INE032E01017,ARYAMAN,X,,,,,ARYAMAN FINANCIAL SERVICES LTD,535.0,540.0,510.0,530.9,531.0,530.0,,530.9,,,1125,597772.0,59,F1,1,,,,,,2025-05-13
2025-05-13,2025-05-13,CM,BSE,STK,530249,INE958C01025,BRIDGESE,X,,,,,BRIDGE SECURITIES LTD.,10.07,10.29,9.55,9.98,9.97,9.89,,9.98,,,29102,287568.0,287,F1,1,,,,,,2025-05-13
2025-05-13,2025-05-13,CM,BSE,STK,530251,INE001O01029,RISAINTL,X,,,,,RISA INTERNATIONAL LTD.,0.89,0.9,0.85,0.87,0.89,0.89,,0.87,,,426952,372013.0,186,F1,1,,,,,,2025-05-13
2025-05-13,2025-05-13,CM,BSE,STK,530253,INE497E01020,RAJTUBE,XT,,,,,RAJASTHAN TUBE MANUFACTURING C,32.55,32.85,32.55,32.85,32.85,32.25,,32.85,,,595515,19559277.0,218,F1,1,,,,,,2025-05-13
2025-05-13,2025-05-13,CM,BSE,STK,530255,INE961B01013,KAYPOWR,XT,,,,,KAY POWER AND PAPER LTD.,13.03,13.55,13.03,13.5,13.5,13.29,,13.5,,,7757,101199.0,17,F1,1,,,,,,2025-05-13
2025-05-13,2025-05-13,CM,BSE,STK,530259,INE003B01014,INTSTOIL,X,,,,,INTER STATE OIL CARRIER LTD.,35.99,35.99,31.0,31.99,31.3,31.16,,31.99,,,2487,79547.0,36,F1,1,,,,,,2025-05-13
2025-05-13,2025-05-13,CM,BSE,STK,530263,INE062C01042,GLOBALCA,X,,,,,GLOBAL CAPITAL MARKETS LTD.,0.69,0.71,0.69,0.69,0.69,0.68,,0.69,,,230135,160284.0,317,F1,1,,,,,,2025-05-13
2025-05-13,2025-05-13,CM,BSE,STK,530265,INE584B01013,SAINIK,X,,,,,SAINIK FINANCE & INDUSTRIES LT,44.5,44.5,38.0,41.88,41.88,39.53,,41.88,,,1393,53041.0,15,F1,1,,,,,,2025-05-13
2025-05-13,2025-05-13,CM,BSE,STK,530267,INE021N01011,ARIGATO,XT,,,,,ARIGATO UNIVERSE LIMITED,53.0,53.0,53.0,53.0,53.0,51.97,,53.0,,,1,53.0,1,F1,1,,,,,,2025-05-13
2025-05-13,2025-05-13,CM,BSE,STK,530271,INE652D01014,RICHUNV,X,,,,,RICH UNIVERSE NETWORK LTD.,9.71,9.71,9.71,9.71,9.71,9.25,,9.71,,,50,485.0,3,F1,1,,,,,,2025-05-13
2025-05-13,2025-05-13,CM,BSE,STK,530281,INE373C01019,QUANTDIA,X,,,,,QUANTUM DIGITAL VISION (INDIA),27.0,27.0,26.98,26.99,26.99,28.4,,26.99,,,39,1052.0,7,F1,1,,,,,,2025-05-13
2025-05-13,2025-05-13,CM,BSE,STK,530289,INE102F01015,SPCAPIT,X,,,,,SP CAPITAL FINANCING LTD.,48.49,50.0,48.49,49.88,49.9,48.72,,49.88,,,237,11654.0,11,F1,1,,,,,,2025-05-13
2025-05-13,2025-05-13,CM,BSE,STK,530291,INE791C01012,PAOS,XT,,,,,PAOS INDUSTRIES LIMITED,40.47,40.67,40.47,40.67,40.67,40.67,,40.67,,,123,5001.0,3,F1,1,,,,,,2025-05-13
2025-05-13,2025-05-13,CM,BSE,STK,530295,INE418K01015,SHRAJOI,XT,,,,,SHRI RAJIVLOCHAN OIL EXTRACTIO,34.9,34.9,32.42,32.42,32.42,33.25,,32.42,,,24,780.0,3,F1,1,,,,,,2025-05-13
2025-05-13,2025-05-13,CM,BSE,STK,530299,INE823A01017,KOTHARIPRO,B,,,,,KOTHARI PRODUCTS LTD.,70.82,71.0,70.11,70.71,70.7,70.43,,70.7,,,521,36809.0,35,F1,1,,,,,,2025-05-13
2025-05-13,2025-05-13,CM,BSE,STK,530305,INE546C01010,PICCADIL,B,,,,,PICCADILY AGRO INDUSTRIES LTD.,542.4,569.0,537.0,566.65,566.65,542.4,,566.65,,,130561,72666421.0,3672,F1,1,,,,,,2025-05-13
2025-05-13,2025-05-13,CM,BSE,STK,530307,INE419D01026,CLSEL,B,,,,,CHAMAN LAL SETIA EXPORTS LTD.,322.0,324.75,316.6,320.4,321.65,322.25,,320.05,,,1767,566039.0,219,F1,1,,,,,,2025-05-13
2025-05-13,2025-05-13,CM,BSE,STK,530309,INE368D01025,CHANDRAP,X,,,,,CHANDRA PRABHU INTERNATIONAL L,18.74,19.5,17.5,18.42,18.42,18.74,,18.42,,,6329,116571.0,68,F1,1,,,,,,2025-05-13
2025-05-13,2025-05-13,CM,BSE,STK,530313,INE285U01025,KIMIABL,X,,,,,KIMIA BIOSCIENCES LIMITED,39.0,39.0,37.2,38.22,38.22,39.0,,38.22,,,1250,47664.0,10,F1,1,,,,,,2025-05-13
2025-05-13,2025-05-13,CM,BSE,STK,530315,INE428D01019,HINDTIN,X,,,,,HINDUSTAN TIN WORKS LTD.,148.0,151.85,147.2,150.05,151.85,147.3,,150.05,,,4314,642461.0,38,F1,1,,,,,,2025-05-13
2025-05-13,2025-05-13,CM,BSE,STK,530317,INE362C01012,GODAVARI,X,,,,,GODAVARI DRUGS LTD.,89.0,94.0,89.0,93.97,93.97,91.86,,93.97,,,2255,211089.0,60,F1,1,,,,,,2025-05-13
2025-05-13,2025-05-13,CM,BSE,STK,530331,INE001E01012,PREMCO,X,,,,,PREMCO GLOBAL LTD.,450.0,452.0,445.0,450.6,450.05,449.45,,450.6,,,601,270068.0,19,F1,1,,,,,,2025-05-13
2025-05-13,2025-05-13,CM,BSE,STK,530341,INE596B01017,MUKESHB,X,,,,,MUKESH BABU FINANCIAL SERVICES,135.0,135.0,128.35,135.0,135.0,135.2,,135.0,,,200,26984.0,6,F1,1,,,,,,2025-05-13
2025-05-13,2025-05-13,CM,BSE,STK,530343,INE955D01029,GENUSPOWER,A,,,,,GENUS POWER INFRASTRUCTURES LT,304.85,308.65,301.0,304.6,305.0,301.85,,304.6,,,27533,8404366.0,599,F1,1,,,,,,2025-05-13
2025-05-13,2025-05-13,CM,BSE,STK,530355,INE276G01015,ASIANENE,B,,,,,ASIAN ENERGY SERVICES LTD,305.1,313.6,304.5,311.55,311.1,303.85,,311.3,,,4232,1314150.0,283,F1,1,,,,,,2025-05-13
2025-05-13,2025-05-13,CM,BSE,STK,530357,INE883D01023,KBSINDIA,X,,,,,KBS INDIA LIMITED,6.18,6.18,5.88,6.09,6.05,5.98,,6.09,,,8893,53643.0,65,F1,1,,,,,,2025-05-13
2025-05-13,2025-05-13,CM,BSE,STK,530361,INE428P01013,PRABHHANS,XT,,,,,PRABHHANS INDUSTRIES LIMITED,88.0,88.0,85.0,87.35,88.0,84.0,,87.35,,,2091,183284.0,12,F1,1,,,,,,2025-05-13
2025-05-13,2025-05-13,CM,BSE,STK,530363,INE071E01023,UGARSUGAR,B,,,,,UGAR SUGAR WORKS LTD.,46.61,48.89,45.05,45.46,45.5,43.29,,45.4,,,247223,11416413.0,1812,F1,1,,,,,,2025-05-13
2025-05-13,2025-05-13,CM,BSE,STK,530365,INE607D01018,ORIENTBELL,B,,,,,ORIENT BELL LIMITED,263.3,263.5,262.0,262.05,262.0,264.4,,262.39,,,40,10507.0,18,F1,1,,,,,,2025-05-13
2025-05-13,2025-05-13,CM,BSE,STK,530367,INE349A01021,NRBBEARING,B,,,,,NRB BEARINGS LTD.,246.0,248.0,242.05,247.25,246.55,245.25,,247.38,,,16813,4133029.0,811,F1,1,,,,,,2025-05-13
2025-05-13,2025-05-13,CM,BSE,STK,530369,INE380C01014,VAMSHIRU,X,,,,,VAMSHI RUBBER LTD.,39.01,43.98,39.01,40.55,43.98,42.05,,40.55,,,2623,106255.0,31,F1,1,,,,,,2025-05-13
2025-05-13,2025-05-13,CM,BSE,STK,530377,INE937C01029,NILAINFRA,B,,,,,NILA INFRASTRUCTURES LTD.,10.0,10.18,9.93,9.98,10.0,10.03,,9.98,,,69826,701622.0,628,F1,1,,,,,,2025-05-13
2025-05-13,2025-05-13,CM,BSE,STK,530393,INE921B01025,DBSTOCKBRO,B,,,,,DB (INTERNATIONAL) STOCK BROKE,28.9,28.9,27.15,27.26,27.6,27.92,,27.47,,,487,13347.0,36,F1,1,,,,,,2025-05-13
2025-05-13,2025-05-13,CM,BSE,STK,530401,INE526H01011,VINYOFL,X,,,,,VINYOFLEX LTD.,71.0,74.0,68.95,69.16,74.0,71.0,,69.16,,,119,8269.0,12,F1,1,,,,,,2025-05-13
2025-05-13,2025-05-13,CM,BSE,STK,530405,INE356F01017,JINDCAP,X,,,,,JINDAL CAPITAL LTD.,41.34,41.95,40.2,41.43,41.42,41.34,,41.43,,,1455,59816.0,37,F1,1,,,,,,2025-05-13
2025-05-13,2025-05-13,CM,BSE,STK,530407,INE932F01015,EPIC,XT,,,,,EPIC ENERGY LTD.,66.07,66.07,66.07,66.07,66.07,67.41,,66.07,,,3941,260381.0,68,F1,1,,,,,,2025-05-13
2025-05-13,2025-05-13,CM,BSE,STK,530419,INE886B01012,SUMEDHA,X,,,,,SUMEDHA FISCAL SERVICES LTD.,67.95,67.95,63.0,66.89,66.89,65.45,,66.89,,,4540,290792.0,57,F1,1,,,,,,2025-05-13
2025-05-13,2025-05-13,CM,BSE,STK,530421,INE430F01010,KUWERIN,XT,,,,,KUWER INDUSTRIES LTD.,15.25,15.25,14.0,15.18,15.18,14.53,,15.18,,,478,7025.0,8,F1,1,,,,,,2025-05-13
2025-05-13,2025-05-13,CM,BSE,STK,530427,INE865B01016,CHOKSI,X,,,,,CHOKSI ASIA LIMITED,74.25,78.98,72.0,77.9,77.9,74.8,,77.9,,,585,42217.0,11,F1,1,,,,,,2025-05-13
2025-05-13,2025-05-13,CM,BSE,STK,530429,INE831C01016,ASHISHPO,X,,,,,ASHISH POLYPLAST LTD.,40.89,40.89,37.6,38.37,37.6,38.14,,38.37,,,1184,47402.0,20,F1,1,,,,,,2025-05-13
2025-05-13,2025-05-13,CM,BSE,STK,530433,INE960E01019,SHIVAAGRO,X,,,,,SHIVA GLOBAL AGRO INDUSTRIES L,42.59,42.59,40.45,40.68,40.93,41.59,,40.68,,,3507,141978.0,28,F1,1,,,,,,2025-05-13
2025-05-13,2025-05-13,CM,BSE,STK,530439,INE140C01012,SIDDHA,X,,,,,SIDDHA VENTURES LTD.,7.39,7.44,7.1,7.36,7.38,7.09,,7.36,,,14570,107120.0,67,F1,1,,,,,,2025-05-13
2025-05-13,2025-05-13,CM,BSE,STK,530443,INE293D01017,KIRANSY-B,XT,,,,,KIRAN SYNTEX LTD.,9.8,9.8,9.79,9.79,9.79,10.3,,9.79,,,69,675.0,7,F1,1,,,,,,2025-05-13
2025-05-13,2025-05-13,CM,BSE,STK,530445,INE764B01029,SUMERUIND,X,,,,,SUMERU INDUSTRIES LTD.,2.38,2.38,2.16,2.33,2.33,2.33,,2.33,,,25017,56274.0,108,F1,1,,,,,,2025-05-13
2025-05-13,2025-05-13,CM,BSE,STK,530449,INE347C01013,RUNGTAIR,X,,,,,RUNGTA IRRIGATION LTD.,69.89,70.5,66.2,67.24,67.8,67.93,,67.24,,,6363,438291.0,74,F1,1,,,,,,2025-05-13
2025-05-13,2025-05-13,CM,BSE,STK,530457,INE959B01017,GTTDATA,X,,,,,GTT DATA SOLUTIONS LIMITED,79.9,81.95,78.0,81.34,79.4,78.31,,81.34,,,28081,2261821.0,131,F1,1,,,,,,2025-05-13
2025-05-13,2025-05-13,CM,BSE,STK,530459,INE808A01018,VALSONQ,X,,,,,VALSON INDUSTRIES LTD.,24.7,27.3,24.7,25.25,25.25,25.03,,25.25,,,1260,32978.0,14,F1,1,,,,,,2025-05-13
2025-05-13,2025-05-13,CM,BSE,STK,530461,INE440C01016,SABOOSOD,X,,,,,SABOO SODIUM CHLORO LTD.,18.21,19.3,18.0,18.31,18.31,18.07,,18.31,,,14211,261235.0,83,F1,1,,,,,,2025-05-13
2025-05-13,2025-05-13,CM,BSE,STK,530469,INE721D01017,GSLSEC,XT,,,,,GSL SECURITIES LTD.,31.36,31.36,30.74,30.74,30.74,31.36,,30.74,,,210,6517.0,3,F1,1,,,,,,2025-05-13
2025-05-13,2025-05-13,CM,BSE,STK,530475,INE015C01016,TINNARUBR,B,,,,,TINNA RUBBER AND INFRASTRUCTUR,989.95,989.95,947.7,974.0,974.0,961.55,,973.05,,,3995,3871877.0,442,F1,1,,,,,,2025-05-13
2025-05-13,2025-05-13,CM,BSE,STK,530477,INE337E01010,VIKRAMTH,X,,,,,VIKRAM THERMO (INDIA) LTD.,175.05,180.0,175.05,175.85,176.0,178.85,,175.85,,,6376,1125331.0,137,F1,1,,,,,,2025-05-13
2025-05-13,2025-05-13,CM,BSE,STK,530495,INE473C01025,STRATMONT,XT,,,,,STRATMONT INDUSTRIES LIMITED,73.95,73.95,66.91,68.05,72.97,70.43,,68.05,,,459,31701.0,20,F1,1,,,,,,2025-05-13
2025-05-13,2025-05-13,CM,BSE,STK,530499,INE701G01012,AKCAPIT,X,,,,,A.K.CAPITAL SERVICES LTD.,1046.1,1046.1,1015.2,1035.1,1039.95,1046.1,,1035.1,,,39,40061.0,13,F1,1,,,,,,2025-05-13
2025-05-13,2025-05-13,CM,BSE,STK,530517,INE131B01039,RELAXO,A,,,,,RELAXO FOOTWEARS LTD.,421.0,425.45,413.6,423.15,423.1,420.55,,422.3,,,9935,4187551.0,547,F1,1,,,,,,2025-05-13
2025-05-13,2025-05-13,CM,BSE,STK,530521,INE467D01017,VIRAT,XT,,,,,VIRAT INDUSTRIES LTD.,424.0,424.0,424.0,424.0,424.0,415.7,,424.0,,,4985,2113640.0,9,F1,1,,,,,,2025-05-13
2025-05-13,2025-05-13,CM,BSE,STK,530525,INE786J01033,RRETAIL,X,,,,,RAJNISH RETAIL LIMITED,7.67,7.68,7.01,7.36,7.35,7.32,,7.36,,,438435,3288492.0,705,F1,1,,,,,,2025-05-13
2025-05-13,2025-05-13,CM,BSE,STK,530533,INE390D01011,TERAI,X,,,,,TERAI TEA CO.LTD.,174.1,182.25,166.0,181.0,181.0,173.6,,181.0,,,7896,1407042.0,59,F1,1,,,,,,2025-05-13
2025-05-13,2025-05-13,CM,BSE,STK,530545,INE949B01018,COSCO,X,,,,,COSCO (INDIA) LTD.,269.0,269.0,267.0,267.95,267.95,269.0,,267.95,,,2519,672651.0,15,F1,1,,,,,,2025-05-13
2025-05-13,2025-05-13,CM,BSE,STK,530549,INE790G01031,SHILPAMED,A,,,,,SHILPA MEDICARE LTD.,651.2,681.1,651.2,668.7,668.1,651.2,,669.4,,,8149,5477763.0,598,F1,1,,,,,,2025-05-13
2025-05-13,2025-05-13,CM,BSE,STK,530555,INE074B01023,PARACABLES,B,,,,,PARAMOUNT COMMUNICATIONS LTD.,50.6,55.43,50.49,54.27,54.27,50.46,,54.29,,,451630,24206454.0,3144,F1,1,,,,,,2025-05-13
2025-05-13,2025-05-13,CM,BSE,STK,530557,INE132F01038,NCLRESE,X,,,,,NCL RESEARCH & FINANCIAL SERVI,0.61,0.62,0.59,0.6,0.6,0.62,,0.6,,,2891203,1748552.0,1753,F1,1,,,,,,2025-05-13
2025-05-13,2025-05-13,CM,BSE,STK,530565,INE149B01015,POPEES,XT,,,,,POPEES CARES LIMITED,58.7,58.7,58.7,58.7,58.7,59.89,,58.7,,,3736,219303.0,40,F1,1,,,,,,2025-05-13
2025-05-13,2025-05-13,CM,BSE,STK,530577,INE519D01015,LADDERUP,X,,,,,LADDERUP FINANCE LTD.,56.55,63.0,56.55,62.49,62.49,58.0,,62.49,,,860,52290.0,24,F1,1,,,,,,2025-05-13
2025-05-13,2025-05-13,CM,BSE,STK,530579,INE152C01025,UYFINCORP,B,,,,,U. Y. FINCORP LIMITED,17.71,18.52,17.69,18.23,18.3,17.75,,18.22,,,4021,73110.0,174,F1,1,,,,,,2025-05-13
2025-05-13,2025-05-13,CM,BSE,STK,530581,INE906L01025,EKAMLEA,XT,,,,,EKAM LEASING & FINANCE CO.LTD.,6.31,6.31,6.0,6.3,6.3,6.31,,6.3,,,476,2982.0,8,F1,1,,,,,,2025-05-13
2025-05-13,2025-05-13,CM,BSE,STK,530585,INE691C01022,SWASTIKA,X,,,,,SWASTIKA INVESTMART LTD.,130.05,132.0,128.0,129.25,129.25,129.45,,129.25,,,1293,167359.0,48,F1,1,,,,,,2025-05-13
2025-05-13,2025-05-13,CM,BSE,STK,530589,INE573B01016,PRIMAPLA,X,,,,,PRIMA PLASTICS LTD.,158.5,160.85,156.1,158.4,156.1,158.5,,158.4,,,2285,362804.0,35,F1,1,,,,,,2025-05-13
2025-05-13,2025-05-13,CM,BSE,STK,530601,INE582C01015,JAGSONFI,XT,,,,,JAGSONPAL FINANCE & LEASING LT,59.99,60.22,55.7,60.22,60.22,57.36,,60.22,,,7318,419003.0,43,F1,1,,,,,,2025-05-13
2025-05-13,2025-05-13,CM,BSE,STK,530615,INE194E01015,GARGFUR,X,,,,,GARG FURNACE LTD.,205.3,212.4,199.95,200.0,200.0,205.3,,200.0,,,3482,696614.0,31,F1,1,,,,,,2025-05-13
2025-05-13,2025-05-13,CM,BSE,STK,530617,INE375C01014,SAMPRE,XT,,,,,SAMPRE NUTRITIONS LTD.,24.55,24.58,24.55,24.58,24.58,24.1,,24.58,,,3000,73739.0,12,F1,1,,,,,,2025-05-13
2025-05-13,2025-05-13,CM,BSE,STK,530621,INE864E01021,AAIL,X,,,,,Akar Auto Industries Limited,95.25,97.4,94.25,94.41,94.41,95.87,,94.41,,,873,83248.0,20,F1,1,,,,,,2025-05-13
2025-05-13,2025-05-13,CM,BSE,STK,530627,INE834D01018,VIPULORG,X,,,,,Vipul Organics Limited,127.1,130.65,124.1,126.45,127.0,129.2,,126.45,,,2784,354747.0,90,F1,1,,,,,,2025-05-13
2025-05-13,2025-05-13,CM,BSE,STK,530643,INE316A01038,ECORECO,T,,,,,ECO RECYCLING LTD.,575.2,587.9,551.3,571.7,571.0,570.5,,571.7,,,17333,9980040.0,752,F1,1,,,,,,2025-05-13
2025-05-13,2025-05-13,CM,BSE,STK,530655,INE127I01024,GOODLUCK,B,,,,,Goodluck India Limited,775.3,814.0,775.3,799.0,791.75,790.65,,794.75,,,8117,6498343.0,802,F1,1,,,,,,2025-05-13
2025-05-13,2025-05-13,CM,BSE,STK,530663,INE912B01032,GOYALASS,X,,,,,GOYAL ASSOCIATES LTD.,1.29,1.29,1.2,1.22,1.23,1.26,,1.22,,,218425,269274.0,167,F1,1,,,,,,2025-05-13
2025-05-13,2025-05-13,CM,BSE,STK,530665,INE812B01026,ZENITHHE,X,,,,,ZENITH HEALTH CARE LTD.,4.85,4.85,4.21,4.48,4.47,4.54,,4.48,,,30256,136140.0,188,F1,1,,,,,,2025-05-13
2025-05-13,2025-05-13,CM,BSE,STK,530669,INE035401020,ACEENGITEC,XT,,,,,ACE ENGITECH LIMITED,183.05,183.05,183.05,183.05,183.05,183.05,,183.05,,,1,183.0,1,F1,1,,,,,,2025-05-13
2025-05-13,2025-05-13,CM,BSE,STK,530675,INE057Q01018,YORKEXP,X,,,,,YORK EXPORTS LTD.,52.49,52.49,47.5,47.5,47.5,50.0,,47.5,,,1652,79378.0,8,F1,1,,,,,,2025-05-13
2025-05-13,2025-05-13,CM,BSE,STK,530677,INE822E01011,SUPREME,B,,,,,SUPREME HOLDINGS & HOSPITALITY,105.85,107.65,102.75,104.4,103.7,103.45,,104.57,,,3918,411541.0,217,F1,1,,,,,,2025-05-13
2025-05-13,2025-05-13,CM,BSE,STK,530689,INE624M01014,LYKISLTD,X,,,,,LYKIS LIMITED,31.42,32.68,31.42,31.89,31.9,31.42,,31.89,,,2145,68917.0,39,F1,1,,,,,,2025-05-13
2025-05-13,2025-05-13,CM,BSE,STK,530695,INE233C01023,PRIMEPRO,X,,,,,PRIME PROPERTY DEVELOPMENT COR,40.0,40.0,39.0,39.43,39.8,39.93,,39.43,,,342,13513.0,15,F1,1,,,,,,2025-05-13
2025-05-13,2025-05-13,CM,BSE,STK,530697,INE546F01013,ZENLABS,X,,,,,Zenlabs Ethica Limited,33.45,33.45,31.0,32.59,32.59,31.99,,32.59,,,1643,52745.0,13,F1,1,,,,,,2025-05-13
2025-05-13,2025-05-13,CM,BSE,STK,530699,INE533D01032,RAJRILTD,T,,,,,RAJ RAYON INDUSTRIES LIMITED,21.86,21.86,21.86,21.86,21.86,21.83,,22.3,,,500,10930.0,1,F1,1,,,,,,2025-05-13
2025-05-13,2025-05-13,CM,BSE,STK,530705,INE161F01011,ANIRIT,XT,,,,,ANIRIT VENTURES LIMITED,93.42,93.43,93.42,93.43,93.43,93.42,,93.43,,,203,18964.0,3,F1,1,,,,,,2025-05-13
2025-05-13,2025-05-13,CM,BSE,STK,530709,INE225G01012,GOWRALE,XT,,,,,GOWRA LEASING & FINANCE LTD.,88.29,88.29,88.29,88.29,88.29,90.09,,88.29,,,183,16157.0,10,F1,1,,,,,,2025-05-13
2025-05-13,2025-05-13,CM,BSE,STK,530711,INE144C01014,JAGANLAM,X,,,,,JAGAN LAMPS LTD.,67.73,67.73,65.25,65.91,65.35,65.48,,65.91,,,1427,94365.0,48,F1,1,,,,,,2025-05-13
2025-05-13,2025-05-13,CM,BSE,STK,530715,INE093B01015,ALPSINDUS,T,,,,,ALPS INDUSTRIES LTD.,2.47,2.55,2.35,2.45,2.45,2.46,,2.47,,,1427,3480.0,10,F1,1,,,,,,2025-05-13
2025-05-13,2025-05-13,CM,BSE,STK,530723,INE041B01014,ASITCFIN,X,,,,,ASIT C.MEHTA FINANCIAL SERVICE,104.0,104.0,102.8,104.0,104.0,104.0,,104.0,,,332,34464.0,9,F1,1,,,,,,2025-05-13
2025-05-13,2025-05-13,CM,BSE,STK,530733,INE900O01014,ENCODE,X,,,,,ENCODE PACKAGING INDIA LIMITED,11.88,11.88,11.88,11.88,11.88,12.5,,11.88,,,10,118.0,3,F1,1,,,,,,2025-05-13
2025-05-13,2025-05-13,CM,BSE,STK,530735,INE897A01011,SUPERBAK,X,,,,,SUPER BAKERS (INDIA) LTD.,31.5,31.5,29.8,29.8,29.8,31.35,,29.8,,,241,7257.0,5,F1,1,,,,,,2025-05-13
2025-05-13,2025-05-13,CM,BSE,STK,530741,INE812S01012,OVOBELE,X,,,,,OVOBEL FOODS LTD.,77.0,77.0,74.11,74.5,74.95,77.0,,74.5,,,2226,167200.0,58,F1,1,,,,,,2025-05-13
2025-05-13,2025-05-13,CM,BSE,STK,530745,INE366C01021,ACSTECH,XT,,,,,ACS TECHNOLOGIES LIMITED,16.95,16.95,16.95,16.95,16.95,16.62,,16.95,,,4189,71003.0,21,F1,1,,,,,,2025-05-13
2025-05-13,2025-05-13,CM,BSE,STK,530747,INE807A01010,CHALLANI,X,,,,,CHALLANI CAPITAL LIMITED,27.48,27.48,25.5,26.7,26.7,27.48,,26.7,,,324,8328.0,17,F1,1,,,,,,2025-05-13
2025-05-13,2025-05-13,CM,BSE,STK,530755,INE715D01019,CORNE,X,,,,,CORAL NEWSPRINTS LTD.,10.11,10.9,10.11,10.12,10.12,10.19,,10.12,,,3200,32374.0,8,F1,1,,,,,,2025-05-13
2025-05-13,2025-05-13,CM,BSE,STK,530759,INE334A01023,STERTOOLS,B,,,,,STERLING TOOLS LTD.,309.8,341.8,292.7,296.0,294.6,304.6,,296.8,,,60786,19034262.0,1899,F1,1,,,,,,2025-05-13
2025-05-13,2025-05-13,CM,BSE,STK,530765,INE510B01018,AGARWAL,X,,,,,AGARWAL FORTUNE INDIA LIMITED,20.11,20.11,20.11,20.11,20.11,19.25,,20.11,,,401,8064.0,5,F1,1,,,,,,2025-05-13
2025-05-13,2025-05-13,CM,BSE,STK,530787,INE055O01033,INLANPR,XT,,,,,INLAND PRINTERS LTD.,45.35,45.35,45.35,45.35,45.35,44.47,,45.35,,,50,2267.0,1,F1,1,,,,,,2025-05-13
2025-05-13,2025-05-13,CM,BSE,STK,530789,INE358C01010,CEEJAY,XT,,,,,CEEJAY FINANCE LTD.,180.0,180.0,180.0,180.0,180.0,180.0,,180.0,,,1,180.0,1,F1,1,,,,,,2025-05-13
2025-05-13,2025-05-13,CM,BSE,STK,530795,INE584D01019,SUNCITYSY,XT,,,,,SUNCITY SYNTHETICS LTD.,18.6,18.6,18.6,18.6,18.6,18.6,,18.6,,,133,2473.0,2,F1,1,,,,,,2025-05-13
2025-05-13,2025-05-13,CM,BSE,STK,530797,INE400N01017,SHGANEL,X,,,,,SHREE GANESH ELASTOPLAST LTD.,24.15,24.15,24.15,24.15,24.15,23.0,,24.15,,,1200,28980.0,1,F1,1,,,,,,2025-05-13
2025-05-13,2025-05-13,CM,BSE,STK,530799,INE336D01014,ANNAINFRA,X,,,,,ANNA INFRASTRUCTURES LTD.,25.48,25.48,25.48,25.48,25.48,25.6,,25.48,,,11,280.0,2,F1,1,,,,,,2025-05-13
2025-05-13,2025-05-13,CM,BSE,STK,530803,INE354C01027,BHAGERIA,B,,,,,Bhageria Industries Limited,161.1,164.25,160.8,162.45,163.3,159.2,,161.54,,,1349,219172.0,90,F1,1,,,,,,2025-05-13
2025-05-13,2025-05-13,CM,BSE,STK,530805,INE125F01032,OIVL,XT,,,,,ONESOURCE INDUSTRIES AND VENTU,1.69,1.69,1.53,1.53,1.53,1.61,,1.53,,,87337,135023.0,198,F1,1,,,,,,2025-05-13
2025-05-13,2025-05-13,CM,BSE,STK,530809,INE355C01016,BNRUDY,X,,,,,BNR UDYOG LTD.,64.89,64.89,57.95,58.18,58.18,57.95,,58.18,,,531,31177.0,29,F1,1,,,,,,2025-05-13
2025-05-13,2025-05-13,CM,BSE,STK,530813,INE001B01026,KRBL,A,,,,,KRBL LTD.,314.85,320.0,314.85,318.1,318.5,314.85,,318.1,,,47552,15130499.0,1338,F1,1,,,,,,2025-05-13
2025-05-13,2025-05-13,CM,BSE,STK,530821,INE838C01011,SSPDL,X,,,,,SSPDL LTD.,17.0,19.78,16.62,17.81,17.8,18.66,,17.81,,,4360,74636.0,33,F1,1,,,,,,2025-05-13
2025-05-13,2025-05-13,CM,BSE,STK,530825,INE789B01018,DAIKAFFI,XT,,,,,DAIKAFFIL CHEMICALS INDIA LTD.,168.0,168.0,160.0,160.55,160.0,162.95,,160.55,,,910,146757.0,10,F1,1,,,,,,2025-05-13
2025-05-13,2025-05-13,CM,BSE,STK,530829,INE830A01012,CILSEC,X,,,,,CIL SECURITIES LTD.,43.25,47.9,42.3,46.35,46.0,42.26,,46.35,,,4683,212770.0,71,F1,1,,,,,,2025-05-13
2025-05-13,2025-05-13,CM,BSE,STK,530839,INE011B01017,CLIOINFO,X,,,,,CLIO INFOTECH LTD.,4.85,4.87,4.85,4.87,4.87,4.87,,4.87,,,3541,17181.0,10,F1,1,,,,,,2025-05-13
2025-05-13,2025-05-13,CM,BSE,STK,530843,INE509F01029,CUPID,B,,,,,CUPID LTD.,86.02,86.6,84.81,85.99,85.9,86.31,,85.95,,,58573,5032533.0,588,F1,1,,,,,,2025-05-13
2025-05-13,2025-05-13,CM,BSE,STK,530845,INE199E01014,SUNSHIEL,X,,,,,SUNSHIELD CHEMICALS LTD.,775.0,775.0,760.0,763.1,760.0,778.45,,763.1,,,565,432350.0,34,F1,1,,,,,,2025-05-13
2025-05-13,2025-05-13,CM,BSE,STK,530853,INE963A01011,HIPOLIN,XT,,,,,HIPOLIN LTD.,107.8,107.8,107.8,107.8,107.8,107.8,,107.8,,,50,5390.0,1,F1,1,,,,,,2025-05-13
2025-05-13,2025-05-13,CM,BSE,STK,530871,INE995D01025,CHEMBOND,T,,,,,CHEMBOND CHEMICALS LTD.,308.55,308.55,308.55,308.55,308.55,324.75,,308.55,,,1255,387230.0,69,F1,1,,,,,,2025-05-13
2025-05-13,2025-05-13,CM,BSE,STK,530879,INE345H01024,CIFL,B,,,,,CAPITAL INDIA FINANCE LIMITED,36.45,38.0,35.8,36.34,36.34,36.07,,36.33,,,41824,1535516.0,737,F1,1,,,,,,2025-05-13
2025-05-13,2025-05-13,CM,BSE,STK,530881,INE485K01022,ABVL,XT,,,,,Arunjyoti Bio Ventures Limited,8.77,8.77,8.2,8.57,8.57,8.6,,8.57,,,238109,2035539.0,180,F1,1,,,,,,2025-05-13
2025-05-13,2025-05-13,CM,BSE,STK,530883,INE366G01022,SUCROSA,X,,,,,SUPER CROP SAFE LTD.,15.13,15.13,13.11,14.07,14.07,15.13,,14.07,,,162380,2294166.0,368,F1,1,,,,,,2025-05-13
2025-05-13,2025-05-13,CM,BSE,STK,530897,INE825C01018,NGIND,X,,,,,N.G.INDUSTRIES LTD.,165.6,165.6,154.0,161.6,161.6,164.8,,161.6,,,1568,249458.0,54,F1,1,,,,,,2025-05-13
2025-05-13,2025-05-13,CM,BSE,STK,530919,INE474C01023,REMSONSIND,B,,,,,REMSONS INDUSTRIES LTD.,125.45,126.0,122.9,124.1,123.95,124.85,,123.76,,,31122,3869858.0,405,F1,1,,,,,,2025-05-13
2025-05-13,2025-05-13,CM,BSE,STK,530921,INE038N01015,INTETHR,P,,,,,INTEGRATED THERMOPLASTICS LTD.,8.08,8.08,8.08,8.08,8.08,8.5,,8.08,,,3100,25048.0,2,F1,100,,,,,,2025-05-13
2025-05-13,2025-05-13,CM,BSE,STK,530925,INE609D01014,RAMSONS,X,,,,,RAMSONS PROJECTS LTD.,46.98,46.98,46.98,46.98,46.98,46.98,,46.98,,,20,939.0,1,F1,1,,,,,,2025-05-13
2025-05-13,2025-05-13,CM,BSE,STK,530927,INE737G01016,HARAFIN,ZP,,,,,HARYANA FINANCIAL CORPORATION,37.06,37.06,37.06,37.06,37.06,35.3,,37.06,,,100,3706.0,1,F1,100,,,,,,2025-05-13
2025-05-13,2025-05-13,CM,BSE,STK,530929,INE535P01015,EUROASIA,P,,,,,EURO ASIA EXPORTS LTD.,87.15,87.15,87.15,87.15,87.15,85.45,,87.15,,,100,8715.0,1,F1,100,,,,,,2025-05-13
2025-05-13,2025-05-13,CM,BSE,STK,530931,INE457D01018,STANPACK,XT,,,,,STANPACKS (INDIA) LTD.,12.4,12.4,11.88,11.88,11.88,12.5,,11.88,,,2737,32544.0,13,F1,1,,,,,,2025-05-13
2025-05-13,2025-05-13,CM,BSE,STK,530943,INE416A01044,SABTNL,T,,,,,SRI ADHIKARI BROTHERS TELEVISI,617.8,617.9,617.8,617.9,617.9,605.8,,618.7,,,84,51896.0,6,F1,1,,,,,,2025-05-13
2025-05-13,2025-05-13,CM,BSE,STK,530951,INE357B01022,RAMINFO,X,,,,,RAMINFO LIMITED,68.7,71.0,68.7,70.36,70.36,69.61,,70.36,,,5633,395101.0,67,F1,1,,,,,,2025-05-13
2025-05-13,2025-05-13,CM,BSE,STK,530953,INE224D01012,SUNILAGR,X,,,,,SUNIL AGRO FOODS LTD.,94.0,94.9,91.36,92.0,92.0,91.36,,92.0,,,529,48945.0,13,F1,1,,,,,,2025-05-13
2025-05-13,2025-05-13,CM,BSE,STK,530959,INE012E01035,DIANATEA,X,,,,,DIANA TEA CO.LTD.,29.14,30.29,29.01,29.38,29.74,29.73,,29.38,,,3077,89628.0,36,F1,1,,,,,,2025-05-13
2025-05-13,2025-05-13,CM,BSE,STK,530961,INE806A01020,VIKASECO,B,,,,,Vikas EcoTech Limited,2.32,2.37,2.29,2.35,2.35,2.31,,2.34,,,1031763,2390132.0,561,F1,1,,,,,,2025-05-13
2025-05-13,2025-05-13,CM,BSE,STK,530965,INE242A01010,IOC,A,,,,,INDIAN OIL CORPORATION LTD.,142.5,143.0,141.0,141.7,141.7,142.35,,141.69,,,644964,91497908.0,7627,F1,1,,,,,,2025-05-13
2025-05-13,2025-05-13,CM,BSE,STK,530973,INE042C01010,ALFAICA,X,,,,,ALFA ICA (INDIA) LTD.,78.6,79.99,76.2,78.0,78.0,83.27,,78.0,,,3857,301662.0,60,F1,1,,,,,,2025-05-13
2025-05-13,2025-05-13,CM,BSE,STK,530977,INE260E01014,SKCIL,X,,,,,Shri Keshav Cements and Infra,156.0,157.0,152.95,153.75,155.0,157.95,,153.75,,,1194,185026.0,24,F1,1,,,,,,2025-05-13
2025-05-13,2025-05-13,CM,BSE,STK,530979,INE274E01015,INDIAHOME,X,,,,,INDIA HOME LOAN LTD.,36.0,36.0,33.5,34.74,34.75,32.45,,34.74,,,3902,133554.0,51,F1,1,,,,,,2025-05-13
2025-05-13,2025-05-13,CM,BSE,STK,530991,INE443C01010,ROOPAIND,X,,,,,ROOPA INDUSTRIES LTD.,60.45,60.45,59.69,59.69,59.69,58.67,,59.69,,,552,32983.0,6,F1,1,,,,,,2025-05-13
2025-05-13,2025-05-13,CM,BSE,STK,530997,INE333E01019,UNIQUEO,X,,,,,UNIQUE ORGANICS LTD.,144.9,144.9,139.0,140.2,139.9,142.25,,140.2,,,2125,297995.0,72,F1,1,,,,,,2025-05-13
2025-05-13,2025-05-13,CM,BSE,STK,530999,INE050E01027,BALAMINES,A,,,,,BALAJI AMINES LTD.,1305.85,1338.25,1291.3,1327.55,1316.1,1299.6,,1327.2,,,4809,6354019.0,479,F1,1,,,,,,2025-05-13
2025-05-13,2025-05-13,CM,BSE,STK,531003,INE595G01018,SWRNASE,X,,,,,SWARNA SECURITIES LTD.,72.12,72.12,70.0,70.0,70.0,69.16,,70.0,,,106,7571.0,3,F1,1,,,,,,2025-05-13
2025-05-13,2025-05-13,CM,BSE,STK,531015,INE154G01022,VENMAX,XT,,,,,VENMAX DRUGS AND PHARMACEUTICA,26.89,26.98,25.7,26.98,26.98,26.99,,26.98,,,5110,132831.0,15,F1,1,,,,,,2025-05-13
2025-05-13,2025-05-13,CM,BSE,STK,531017,INE190D01015,ARISE,X,,,,,ARIHANTS SECURITIES LTD.,29.47,29.47,26.51,28.66,28.66,27.36,,28.66,,,660,18592.0,27,F1,1,,,,,,2025-05-13
2025-05-13,2025-05-13,CM,BSE,STK,531025,INE309H01038,VISAGAR,X,,,,,VISAGAR FINANCIAL SERVICES LTD,0.52,0.53,0.51,0.52,0.52,0.51,,0.52,,,695993,365272.0,662,F1,1,,,,,,2025-05-13
2025-05-13,2025-05-13,CM,BSE,STK,531027,INE267E01019,LIBORD,X,,,,,LIBORD SECURITIES LTD.,21.36,21.36,21.2,21.2,21.2,20.35,,21.2,,,45,960.0,4,F1,1,,,,,,2025-05-13
2025-05-13,2025-05-13,CM,BSE,STK,531035,INE432F01032,ERAAYA,T,,,,,ERAAYA LIFESPACES LIMITED,49.75,51.43,49.75,51.24,51.25,48.99,,51.24,,,93945,4798370.0,467,F1,1,,,,,,2025-05-13
2025-05-13,2025-05-13,CM,BSE,STK,531041,INE823B01015,COMPEAU,X,,,,,COMPETENT AUTOMOBILES CO.LTD.,398.2,398.2,395.0,395.95,395.95,398.2,,395.95,,,261,103564.0,17,F1,1,,,,,,2025-05-13
2025-05-13,2025-05-13,CM,BSE,STK,531043,INE239F01015,ZDHJERK,X,,,,,DHANVANTRI JEEVAN REKHA LTD.,19.41,19.41,19.41,19.41,19.41,19.41,,19.41,,,1023,19856.0,5,F1,1,,,,,,2025-05-13
2025-05-13,2025-05-13,CM,BSE,STK,531051,INE153C01015,VINTAGES,X,,,,,VINTAGE SECURITIES LTD.,16.26,16.26,15.45,16.25,16.25,16.26,,16.25,,,1791,27674.0,8,F1,1,,,,,,2025-05-13
2025-05-13,2025-05-13,CM,BSE,STK,531065,INE906K01027,OSWALOR,XT,,,,,OSWAL OVERSEAS LTD.,15.27,15.27,15.27,15.27,15.27,14.98,,15.27,,,1,15.0,1,F1,1,,,,,,2025-05-13
2025-05-13,2025-05-13,CM,BSE,STK,531067,INE080G01029,CONTILI,X,,,,,CONTIL INDIA LTD.,28.39,29.99,27.65,29.96,29.96,28.45,,29.96,,,2566,75762.0,48,F1,1,,,,,,2025-05-13
2025-05-13,2025-05-13,CM,BSE,STK,531069,INE362D01010,VIJSOLX,X,,,,,VIJAY SOLVEX LTD.,959.0,959.0,929.05,944.8,958.9,930.2,,944.8,,,497,466653.0,18,F1,1,,,,,,2025-05-13
2025-05-13,2025-05-13,CM,BSE,STK,531080,INE997I01012,SHRIKRISH,X,,,,,SHRI KRISHNA DEVCON LTD.,32.01,32.01,32.01,32.01,32.01,33.03,,32.01,,,25,800.0,1,F1,1,,,,,,2025-05-13
2025-05-13,2025-05-13,CM,BSE,STK,531082,INE914E01040,ALANKIT,B,,,,,ALANKIT,14.11,14.93,14.1,14.72,14.56,14.38,,14.7,,,42396,621109.0,966,F1,1,,,,,,2025-05-13
2025-05-13,2025-05-13,CM,BSE,STK,531083,INE876E01033,NIHARINF,XT,,,,,NIHAR INFO GLOBAL LTD.,5.93,6.0,5.93,5.99,5.99,6.0,,5.99,,,115,688.0,4,F1,1,,,,,,2025-05-13
2025-05-13,2025-05-13,CM,BSE,STK,531091,INE858C01027,UNITDCR,X,,,,,UNITED CREDIT LTD.,33.85,33.85,32.57,32.57,32.57,33.78,,32.57,,,14,468.0,6,F1,1,,,,,,2025-05-13
2025-05-13,2025-05-13,CM,BSE,STK,531092,INE239D01028,OMINFRAL,B,,,,,OM INFRA LIMITED,123.45,127.0,123.45,125.55,125.55,121.85,,124.73,,,15565,1953360.0,331,F1,1,,,,,,2025-05-13
2025-05-13,2025-05-13,CM,BSE,STK,531099,INE396H01019,CHECKPOINT,XT,,,,,Checkpoint Trends Limited,23.64,23.64,23.64,23.64,23.64,24.12,,23.64,,,1623,38367.0,5,F1,1,,,,,,2025-05-13
2025-05-13,2025-05-13,CM,BSE,STK,531109,INE561M01018,ISHANCH,B,,,,,Ishan Dyes and Chemicals Limit,40.0,48.44,40.0,41.89,41.89,40.41,,41.85,,,41774,1847953.0,1284,F1,1,,,,,,2025-05-13
2025-05-13,2025-05-13,CM,BSE,STK,531111,INE538G01018,GOTHIPL,P,,,,,GOTHI PLASCON (INDIA) LTD.,46.25,46.25,46.25,46.25,46.25,44.05,,46.25,,,1200,55500.0,4,F1,100,,,,,,2025-05-13
2025-05-13,2025-05-13,CM,BSE,STK,531112,INE011E01029,BALUFORGE,B,,,,,BALU FORGE INDUSTRIES LIMITED,569.8,609.2,560.0,604.0,604.0,564.05,,604.4,,,177416,104194281.0,4985,F1,1,,,,,,2025-05-13
2025-05-13,2025-05-13,CM,BSE,STK,531119,INE418D01010,CEENIK,XT,,,,,CEENIK EXPORTS (INDIA) LTD.,528.75,528.75,528.75,528.75,528.75,518.4,,528.75,,,463,244811.0,19,F1,1,,,,,,2025-05-13
2025-05-13,2025-05-13,CM,BSE,STK,531120,INE244B01030,PATELENG,A,,,,,PATEL ENGINEERING LTD.,44.63,46.2,41.1,42.39,42.39,44.62,,42.37,,,1426535,61991460.0,6184,F1,1,,,,,,2025-05-13
2025-05-13,2025-05-13,CM,BSE,STK,531126,INE237C01016,KATIPATANG,XT,,,,,KATI PATANG LIFESTYLE LIMITED,29.61,29.61,29.58,29.58,29.58,31.13,,29.58,,,18130,536302.0,55,F1,1,,,,,,2025-05-13
2025-05-13,2025-05-13,CM,BSE,STK,531127,INE148B01033,MENAMANI,X,,,,,MENA MANI INDUSTRIES LIMITED,6.23,6.23,5.65,5.8,6.23,5.94,,5.8,,,10793,61737.0,33,F1,1,,,,,,2025-05-13
2025-05-13,2025-05-13,CM,BSE,STK,531129,INE635D01027,INANI,X,,,,,INANI MARBLES & INDUSTRIES LTD,19.83,19.83,18.86,18.86,18.86,18.9,,18.86,,,716,13816.0,11,F1,1,,,,,,2025-05-13
2025-05-13,2025-05-13,CM,BSE,STK,531137,INE503D01027,GEMSI,X,,,,,GEMSTONE INVESTMENTS LTD.,2.1,2.15,2.03,2.05,2.05,2.01,,2.05,,,80199,166678.0,283,F1,1,,,,,,2025-05-13
2025-05-13,2025-05-13,CM,BSE,STK,531144,INE158F01017,ELFORGE,X,,,,,EL FORGE LTD.,21.44,21.86,20.0,21.81,21.86,19.95,,21.81,,,14076,295230.0,106,F1,1,,,,,,2025-05-13
2025-05-13,2025-05-13,CM,BSE,STK,531146,INE646B01010,MEDICAMEQ,B,,,,,MEDICAMEN BIOTECH LTD.,450.95,450.95,430.85,436.3,432.9,434.65,,438.4,,,1473,641673.0,122,F1,1,,,,,,2025-05-13
2025-05-13,2025-05-13,CM,BSE,STK,531147,INE062D01024,ALICON,B,,,,,ALICON CASTALLOY LIMITED,651.55,705.0,651.55,690.7,688.65,700.6,,692.1,,,899,626651.0,187,F1,1,,,,,,2025-05-13
2025-05-13,2025-05-13,CM,BSE,STK,531153,INE650C01036,DILIGENT,XT,,,,,DILIGENT INDUSTRIES LTD.,1.76,1.82,1.76,1.82,1.82,1.79,,1.82,,,218768,395360.0,117,F1,1,,,,,,2025-05-13
2025-05-13,2025-05-13,CM,BSE,STK,531155,INE601F01016,EPSOMPRO,XT,,,,,EPSOM PROPERTIES LTD.,9.65,10.01,9.3,9.3,9.3,9.65,,9.3,,,250,2342.0,12,F1,1,,,,,,2025-05-13
2025-05-13,2025-05-13,CM,BSE,STK,531156,INE883B01027,ALFAVIO,X,,,,,ALFAVISION OVERSEAS (INDIA) LT,12.45,13.99,12.44,13.7,13.7,12.35,,13.7,,,3834,49434.0,16,F1,1,,,,,,2025-05-13
2025-05-13,2025-05-13,CM,BSE,STK,531157,INE412E01011,ORGCOAT,XT,,,,,ORGANIC COATINGS LTD.,12.56,13.0,11.94,12.01,11.94,12.56,,12.01,,,4511,54179.0,4,F1,1,,,,,,2025-05-13
2025-05-13,2025-05-13,CM,BSE,STK,531158,INE660B01011,CATVISION,X,,,,,CATVISION  LIMITED,24.0,24.76,23.16,24.37,24.37,24.37,,24.37,,,3628,87798.0,22,F1,1,,,,,,2025-05-13
2025-05-13,2025-05-13,CM,BSE,STK,531161,INE850B01026,ABMKNO,XT,,,,,ABM KNOWLEDGEWARE LTD.,171.05,171.05,170.55,170.55,170.55,174.0,,170.55,,,1716,292892.0,29,F1,1,,,,,,2025-05-13
2025-05-13,2025-05-13,CM,BSE,STK,531162,INE548C01032,EMAMILTD,A,,,,,EMAMI LTD.,644.85,644.85,615.65,620.7,622.25,634.5,,620.5,,,11941,7475854.0,1389,F1,1,,,,,,2025-05-13
2025-05-13,2025-05-13,CM,BSE,STK,531163,INE971L01029,KEMISTAR,X,,,,,KEMISTAR CORPORATION LIMITED,81.0,81.0,73.0,73.93,73.93,80.98,,73.93,,,13457,999425.0,140,F1,1,,,,,,2025-05-13
2025-05-13,2025-05-13,CM,BSE,STK,531168,INE771E01010,ASSOCER,X,,,,,ASSOCIATED CERAMICS LTD.,190.0,199.5,190.0,199.5,199.5,190.0,,199.5,,,40,7875.0,7,F1,1,,,,,,2025-05-13
2025-05-13,2025-05-13,CM,BSE,STK,531169,INE709B01016,SKPSEC,XT,,,,,SKP SECURITIES LTD.,122.75,122.75,119.0,121.85,121.85,116.95,,121.85,,,735,89397.0,22,F1,1,,,,,,2025-05-13
2025-05-13,2025-05-13,CM,BSE,STK,531173,INE121D01036,SYSCHEM,X,,,,,SYSCHEM (INDIA) LTD.,39.5,41.88,38.7,41.16,41.16,40.78,,41.16,,,6862,279630.0,67,F1,1,,,,,,2025-05-13
2025-05-13,2025-05-13,CM,BSE,STK,531176,INE186C01023,MEFCOMCAP,X,,,,,MEFCOM CAPITAL MARKETS LTD.,14.8,16.5,14.8,16.3,16.47,15.48,,16.3,,,23093,372649.0,99,F1,1,,,,,,2025-05-13
2025-05-13,2025-05-13,CM,BSE,STK,531178,INE930A01010,HEMANG,X,,,,,HEMANG RESOURCES LIMITED,24.12,25.0,24.0,25.0,25.0,24.15,,25.0,,,969,23611.0,9,F1,1,,,,,,2025-05-13
2025-05-13,2025-05-13,CM,BSE,STK,531179,INE109C01017,ARMANFIN,B,,,,,ARMAN FINANCIAL SERVICES LTD.,1533.95,1572.0,1502.4,1568.1,1568.0,1515.95,,1568.4,,,1447,2237066.0,322,F1,1,,,,,,2025-05-13
2025-05-13,2025-05-13,CM,BSE,STK,531190,INE355H01015,TAVERNIER,X,,,,,TAVERNIER RESOURCES LIMI,66.95,67.7,65.0,67.65,67.65,64.61,,67.65,,,1188,80326.0,14,F1,1,,,,,,2025-05-13
2025-05-13,2025-05-13,CM,BSE,STK,531199,INE580D01017,GLANCE,X,,,,,GLANCE FINANCE LTD.,141.35,141.4,133.25,133.25,133.25,135.0,,133.25,,,134,18457.0,4,F1,1,,,,,,2025-05-13
2025-05-13,2025-05-13,CM,BSE,STK,531201,INE024F01011,SHILCTECH,B,,,,,SHILCHAR TECHNOLOGIES LTD.,6670.0,6844.4,6545.0,6834.8,6844.4,6518.5,,6834.8,,,27822,186679945.0,3310,F1,1,,,,,,2025-05-13
2025-05-13,2025-05-13,CM,BSE,STK,531205,INE179O01031,SPRIGHT,T,,,,,SPRIGHT AGRO LIMITED,3.39,3.39,3.33,3.33,3.33,3.39,,3.33,,,623828,2084769.0,1017,F1,1,,,,,,2025-05-13
2025-05-13,2025-05-13,CM,BSE,STK,531209,INE096B01018,NUCLEUS,B,,,,,NUCLEUS SOFTWARE EXPORTS LTD.,971.75,994.0,966.2,974.0,971.05,960.45,,973.45,,,4528,4424826.0,620,F1,1,,,,,,2025-05-13
2025-05-13,2025-05-13,CM,BSE,STK,531210,INE923C01011,COLINZ,XT,,,,,COLINZ LABORATORIES LTD.,56.4,56.4,56.24,56.3,56.3,53.79,,56.3,,,980,55169.0,21,F1,1,,,,,,2025-05-13
2025-05-13,2025-05-13,CM,BSE,STK,531212,INE606C01012,NLFL,X,,,,,NALIN LEASE FINANCE LTD.,63.65,63.65,60.0,60.22,60.8,62.4,,60.22,,,1674,103103.0,30,F1,1,,,,,,2025-05-13
2025-05-13,2025-05-13,CM,BSE,STK,531213,INE522D01027,MANAPPURAM,A,,,,,Manappuram Finance Ltd,230.0,232.3,228.75,231.25,230.3,230.7,,231.1,,,156841,36137042.0,2023,F1,1,,,,,,2025-05-13
2025-05-13,2025-05-13,CM,BSE,STK,531215,INE005C01017,RTSPOWR,XT,,,,,RTS POWER CORPORATION LTD.,186.0,187.0,175.2,180.0,182.0,178.1,,180.0,,,6648,1210797.0,127,F1,1,,,,,,2025-05-13
2025-05-13,2025-05-13,CM,BSE,STK,531216,INE819A01049,COMFINTE,X,,,,,COMFORT INTECH LTD.,9.74,9.99,9.55,9.83,9.83,9.74,,9.83,,,291981,2859332.0,905,F1,1,,,,,,2025-05-13
2025-05-13,2025-05-13,CM,BSE,STK,531219,INE861E01019,SHYAMACOMP,P,,,,,Shyama Computronics and Servic,3.6,3.75,3.6,3.75,3.75,3.6,,3.75,,,4000,14700.0,3,F1,100,,,,,,2025-05-13
2025-05-13,2025-05-13,CM,BSE,STK,531221,INE262W01012,MAYURFL,X,,,,,MAYUR FLOORINGS LTD.,9.83,9.83,9.5,9.5,9.5,9.83,,9.5,,,101,959.0,3,F1,1,,,,,,2025-05-13
2025-05-13,2025-05-13,CM,BSE,STK,531223,INE364D01032,ANJANI,X,,,,,ANJANI SYNTHETICS LTD.,48.5,49.9,47.2,47.81,47.95,49.21,,47.81,,,25890,1252679.0,102,F1,1,,,,,,2025-05-13
2025-05-13,2025-05-13,CM,BSE,STK,531225,INE547B01028,XTGLOBAL,B,,,,,XTGLOBAL INFOTECH LIMITED,36.5,36.5,33.26,35.62,35.7,34.4,,34.83,,,394,13255.0,10,F1,1,,,,,,2025-05-13
2025-05-13,2025-05-13,CM,BSE,STK,531227,INE907E01010,DECOMIC,X,,,,,DECO-MICA LTD.,65.65,65.65,64.01,65.01,65.01,64.01,,65.01,,,121,7837.0,7,F1,1,,,,,,2025-05-13
2025-05-13,2025-05-13,CM,BSE,STK,531228,INE821D01031,RANDER,X,,,,,RANDER CORPORATION LTD.,10.26,10.26,9.86,10.24,10.24,10.06,,10.24,,,1443,14314.0,11,F1,1,,,,,,2025-05-13
2025-05-13,2025-05-13,CM,BSE,STK,531233,INE822D01021,RASIELEC,XT,,,,,RASI ELECTRODES LTD.,18.65,18.66,18.01,18.56,18.65,17.86,,18.56,,,37968,703400.0,81,F1,1,,,,,,2025-05-13
2025-05-13,2025-05-13,CM,BSE,STK,531234,INE962E01015,SCOOBEEDAY,X,,,,,SCOOBEE DAY GARMENTS (INDIA) L,98.0,98.0,94.0,94.0,94.0,97.59,,94.0,,,1205,113633.0,13,F1,1,,,,,,2025-05-13
2025-05-13,2025-05-13,CM,BSE,STK,531241,INE802B01027,LINC,B,,,,,LINC LIMITED,119.0,136.15,119.0,135.5,134.4,116.45,,134.82,,,36303,4827997.0,1503,F1,1,,,,,,2025-05-13
2025-05-13,2025-05-13,CM,BSE,STK,531246,INE723N01012,PRIMAIN,X,,,,,PRIMA INDUSTRIES LTD.,17.96,18.1,17.96,18.04,17.96,18.9,,18.04,,,426,7664.0,12,F1,1,,,,,,2025-05-13
2025-05-13,2025-05-13,CM,BSE,STK,531253,INE342D01012,INDGELA,X,,,,,INDIA GELATINE & CHEMICALS LTD,370.0,374.95,361.0,372.2,373.0,362.0,,372.2,,,1024,376675.0,43,F1,1,,,,,,2025-05-13
2025-05-13,2025-05-13,CM,BSE,STK,531254,INE031G01022,OPTIFIN,X,,,,,Optimus Finance Limited,24.9,24.9,21.81,22.0,22.0,22.89,,22.0,,,2934,65402.0,45,F1,1,,,,,,2025-05-13
2025-05-13,2025-05-13,CM,BSE,STK,531255,INE015E01012,PARAGONF,X,,,,,PARAGON FINANCE LTD.,62.99,62.99,49.2,50.34,50.9,54.49,,50.34,,,4025,201747.0,79,F1,1,,,,,,2025-05-13
2025-05-13,2025-05-13,CM,BSE,STK,531257,INE530D01012,PRATIKSH,XT,,,,,PRATIKSHA CHEMICALS LTD.,17.72,17.72,17.28,17.5,17.5,17.28,,17.5,,,288,5027.0,11,F1,1,,,,,,2025-05-13
2025-05-13,2025-05-13,CM,BSE,STK,531260,INE332F01018,REFEXRENEW,XT,,,,,Refex Renewables & Infrastruct,740.1,794.95,740.1,779.35,785.0,766.0,,779.35,,,1255,981363.0,66,F1,1,,,,,,2025-05-13
2025-05-13,2025-05-13,CM,BSE,STK,531262,INE060N01019,EQUILATERA,X,,,,,EQUILATERAL ENTERPRISES LIMITE,24.56,27.1,24.56,26.79,26.79,25.85,,26.79,,,2973,73615.0,9,F1,1,,,,,,2025-05-13
2025-05-13,2025-05-13,CM,BSE,STK,531266,INE764D01017,VSTTILLERS,B,,,,,V.S.T.TILLERS TRACTORS LTD.,3675.0,3790.0,3675.0,3739.4,3716.8,3648.35,,3738.8,,,484,1808951.0,196,F1,1,,,,,,2025-05-13
2025-05-13,2025-05-13,CM,BSE,STK,531268,INE151B01011,B2BSOFT,X,,,,,B2B SOFTWARE TECHNOLOGIES LTD.,30.9,31.0,29.51,30.05,30.7,31.15,,30.05,,,4630,138256.0,49,F1,1,,,,,,2025-05-13
2025-05-13,2025-05-13,CM,BSE,STK,531273,INE986B01044,RADHEDE,XT,,,,,RADHE DEVELOPERS (INDIA) LTD.,1.74,1.74,1.74,1.74,1.74,1.71,,1.74,,,226713,394480.0,83,F1,1,,,,,,2025-05-13
2025-05-13,2025-05-13,CM,BSE,STK,531278,INE785D01012,ELIXIR,XT,,,,,Elixir Capital Limited,127.8,128.75,125.0,127.4,127.5,127.75,,127.4,,,1902,241731.0,54,F1,1,,,,,,2025-05-13
2025-05-13,2025-05-13,CM,BSE,STK,531279,INE238C01022,TRISHAKT,X,,,,,Trishakti Industries Limited,141.95,141.95,135.2,136.9,137.0,140.55,,136.9,,,4473,612365.0,75,F1,1,,,,,,2025-05-13
2025-05-13,2025-05-13,CM,BSE,STK,531280,INE698B01011,PANKAJPO,X,,,,,PANKAJ POLYMERS LTD.,15.87,16.5,15.87,16.5,16.5,16.7,,16.5,,,1434,22821.0,7,F1,1,,,,,,2025-05-13
2025-05-13,2025-05-13,CM,BSE,STK,531281,INE807H01023,MARBLE,XT,,,,,MARBLE CITY INDIA LIMITED,156.05,158.0,150.05,157.0,157.0,156.0,,157.0,,,1052,162704.0,25,F1,1,,,,,,2025-05-13
2025-05-13,2025-05-13,CM,BSE,STK,531283,INE897D01015,CINDRELL,X,,,,,CINDRELLA FINANCIAL SERVICES L,14.0,14.0,13.9,13.9,13.9,14.35,,13.9,,,346,4810.0,8,F1,1,,,,,,2025-05-13
2025-05-13,2025-05-13,CM,BSE,STK,531286,INE586D01014,ADHHATA,XT,,,,,ADHATA GLOBAL LIMITED,51.34,51.34,51.0,51.0,51.0,48.9,,51.0,,,400,20498.0,9,F1,1,,,,,,2025-05-13
2025-05-13,2025-05-13,CM,BSE,STK,531287,INE896D01017,NATPLASTI,XT,,,,,NATIONAL PLASTIC TECHNOLOGIES,248.6,248.6,248.6,248.6,248.6,243.75,,248.6,,,816,202857.0,3,F1,1,,,,,,2025-05-13
2025-05-13,2025-05-13,CM,BSE,STK,531289,INE643C01015,NATFIT,X,,,,,NATIONAL FITTINGS LIMITED,127.85,128.0,125.5,127.3,127.6,125.3,,127.3,,,4068,515456.0,54,F1,1,,,,,,2025-05-13
2025-05-13,2025-05-13,CM,BSE,STK,531297,INE885B01014,ARTEFACT,X,,,,,ARTEFACT PROJECTS LTD.,58.3,58.3,56.99,57.94,58.0,56.99,,57.94,,,2140,123843.0,18,F1,1,,,,,,2025-05-13
2025-05-13,2025-05-13,CM,BSE,STK,531300,INE053D01015,AMITINT,Z,,,,,AMIT INTERNATIONAL LTD.,4.15,4.41,3.99,4.41,4.41,4.2,,4.41,,,486,2079.0,13,F1,1,,,,,,2025-05-13
2025-05-13,2025-05-13,CM,BSE,STK,531301,INE319M01011,HIGHSTREE,XT,,,,,HIGH STREET FILATEX LTD.,150.0,150.95,149.5,149.5,149.5,148.0,,149.5,,,138,20661.0,12,F1,1,,,,,,2025-05-13
2025-05-13,2025-05-13,CM,BSE,STK,531304,INE960H01012,NUTECGLOB,XT,,,,,NUTECH GLOBAL LTD.,21.48,21.48,21.48,21.48,21.48,22.61,,21.48,,,10,214.0,2,F1,1,,,,,,2025-05-13
2025-05-13,2025-05-13,CM,BSE,STK,531306,INE590D01016,DHPIND,X,,,,,DHP INDIA LTD.,566.7,578.0,566.7,568.65,570.0,569.5,,568.65,,,592,338716.0,22,F1,1,,,,,,2025-05-13
2025-05-13,2025-05-13,CM,BSE,STK,531307,INE951M01037,RRIL,X,,,,,RRIL LIMITED,17.79,18.34,17.47,18.17,18.2,17.53,,18.17,,,25517,451796.0,82,F1,1,,,,,,2025-05-13
2025-05-13,2025-05-13,CM,BSE,STK,531310,INE325G01010,AVAILFC,X,,,,,AVAILABLE FINANCE LTD.,209.9,209.9,200.25,202.25,203.95,201.7,,202.25,,,7407,1513396.0,95,F1,1,,,,,,2025-05-13
2025-05-13,2025-05-13,CM,BSE,STK,531314,INE366H01012,INTCAPL,X,,,,,INTEGRA CAPITAL LIMITED,14.64,14.64,14.5,14.5,14.5,14.8,,14.5,,,3717,54206.0,10,F1,1,,,,,,2025-05-13
2025-05-13,2025-05-13,CM,BSE,STK,531319,INE368C01019,MARUTISE,XT,,,,,MARUTI SECURITIES LTD.,45.29,45.29,45.29,45.29,45.29,44.41,,45.29,,,978,44293.0,6,F1,1,,,,,,2025-05-13
2025-05-13,2025-05-13,CM,BSE,STK,531322,INE293B01029,HAVISHA,B,,,,,SRI HAVISHA HOSPITALITY INFRAS,2.19,2.19,2.04,2.05,2.04,2.04,,2.06,,,4878,10180.0,36,F1,1,,,,,,2025-05-13
2025-05-13,2025-05-13,CM,BSE,STK,531324,INE475C01012,ROSELABS,X,,,,,ROSELABS FINANCE LTD.,31.0,31.0,30.71,30.71,30.71,32.32,,30.71,,,33,1014.0,2,F1,1,,,,,,2025-05-13
2025-05-13,2025-05-13,CM,BSE,STK,531328,INE128R01023,KRETTOSYS,X,,,,,KRETTO SYSCON LIMITED,2.35,2.35,2.25,2.33,2.33,2.28,,2.33,,,3407499,7937650.0,1419,F1,1,,,,,,2025-05-13
2025-05-13,2025-05-13,CM,BSE,STK,531334,INE186E01011,VIKALPS,X,,,,,VIKALP SECURITIES LTD.,33.9,34.75,33.9,33.91,33.91,35.68,,33.91,,,8758,296987.0,10,F1,1,,,,,,2025-05-13
2025-05-13,2025-05-13,CM,BSE,STK,531335,INE768C01010,ZYDUSWELL,A,,,,,ZYDUS WELLNESS LTD.,1838.7,1838.7,1778.45,1805.75,1805.75,1814.6,,1806.4,,,1316,2370126.0,271,F1,1,,,,,,2025-05-13
2025-05-13,2025-05-13,CM,BSE,STK,531337,INE974C01022,WINPRO,Z,,,,,WinPro Industries Limited,2.68,2.68,2.5,2.59,2.61,2.58,,2.59,,,56107,143650.0,98,F1,1,,,,,,2025-05-13
2025-05-13,2025-05-13,CM,BSE,STK,531338,INE151H01018,MILESTONE,XT,,,,,MILESTONE GLOBAL LTD.,19.17,19.17,19.17,19.17,19.17,19.17,,19.17,,,91,1744.0,2,F1,1,,,,,,2025-05-13
2025-05-13,2025-05-13,CM,BSE,STK,531340,INE348I01018,BERVINL,X,,,,,BERVIN INVESTMENT & LEASING LT,62.0,62.49,57.03,60.45,60.45,60.0,,60.45,,,954,58482.0,22,F1,1,,,,,,2025-05-13
2025-05-13,2025-05-13,CM,BSE,STK,531344,INE111A01025,CONCOR,A,,,,,CONTAINER CORPORATION OF INDIA,688.15,702.2,688.15,689.75,689.75,688.25,,689.4,,,66187,45896227.0,2675,F1,1,,,,,,2025-05-13
2025-05-13,2025-05-13,CM,BSE,STK,531349,INE922B01023,PANACEABIO,B,,,,,PANACEA BIOTEC LTD.,522.0,540.85,518.65,539.8,539.8,515.1,,539.6,,,123850,66653828.0,1864,F1,1,,,,,,2025-05-13
2025-05-13,2025-05-13,CM,BSE,STK,531352,INE328D01011,PEETISEC,X,,,,,PEETI SECURITIES LTD.,19.0,19.75,18.5,18.67,18.5,19.25,,18.67,,,192,3625.0,9,F1,1,,,,,,2025-05-13
2025-05-13,2025-05-13,CM,BSE,STK,531357,INE763M01028,MERCURYEV,B,,,,,MERCURY EV-TECH LIMITED,64.4,64.4,62.0,63.01,63.01,62.81,,63.01,,,158225,9981976.0,979,F1,1,,,,,,2025-05-13
2025-05-13,2025-05-13,CM,BSE,STK,531358,INE102B01014,CHOICEIN,A,,,,,CHOICE INTERNATIONAL LTD.,661.95,668.5,654.0,659.6,659.6,651.5,,658.7,,,43176,28615780.0,1126,F1,1,,,,,,2025-05-13
2025-05-13,2025-05-13,CM,BSE,STK,531359,INE777G01012,SRAMSET,X,,,,,SHRIRAM ASSET MANAGEMENT CO.LT,441.0,450.85,440.0,449.75,448.9,440.45,,449.75,,,2344,1040163.0,35,F1,1,,,,,,2025-05-13
2025-05-13,2025-05-13,CM,BSE,STK,531360,INE427D01011,GOLECHA,X,,,,,GOLECHHA GLOBAL FINANCE LTD.,23.75,25.63,23.28,25.63,25.63,24.5,,25.63,,,3446,86687.0,17,F1,1,,,,,,2025-05-13
2025-05-13,2025-05-13,CM,BSE,STK,531364,INE005E01013,EKANSH,X,,,,,Ekansh Concepts Limited,138.0,138.0,133.3,137.0,137.1,137.25,,137.0,,,2549,347478.0,25,F1,1,,,,,,2025-05-13
2025-05-13,2025-05-13,CM,BSE,STK,531370,INE960B01015,SPAR,XT,,,,,SPARC ELECTREX LIMITED,7.96,7.96,7.75,7.78,7.75,7.96,,7.78,,,4660,36308.0,42,F1,1,,,,,,2025-05-13
2025-05-13,2025-05-13,CM,BSE,STK,531373,INE319B01014,BYKE,B,,,,,THE BYKE HOSPITALITY LTD.,81.95,88.94,81.51,88.87,88.87,80.86,,88.44,,,95217,8327607.0,418,F1,1,,,,,,2025-05-13
2025-05-13,2025-05-13,CM,BSE,STK,531380,INE405H01018,CSURGSU,X,,,,,CENTENIAL SURGICAL SUTURE LTD.,122.45,129.9,122.45,125.0,125.0,124.95,,125.0,,,37,4659.0,5,F1,1,,,,,,2025-05-13
2025-05-13,2025-05-13,CM,BSE,STK,531381,INE413D01011,ARIHANT,XT,,,,,ARIHANT FOUNDATIONS & HOUSING,851.1,893.65,809.1,888.4,888.4,851.1,,888.4,,,11278,9803536.0,174,F1,1,,,,,,2025-05-13
2025-05-13,2025-05-13,CM,BSE,STK,531387,INE671D01014,HASTIFIN,X,,,,,HASTI FINANCE LTD.,5.04,5.04,4.94,4.94,4.94,5.04,,4.94,,,2544,12571.0,10,F1,1,,,,,,2025-05-13
2025-05-13,2025-05-13,CM,BSE,STK,531390,INE890B01014,UPSURGE,X,,,,,UPSURGE INVESTMENT & FINANCE L,91.79,91.79,87.5,89.79,89.79,89.5,,89.79,,,71244,6438693.0,87,F1,1,,,,,,2025-05-13
2025-05-13,2025-05-13,CM,BSE,STK,531395,INE448D01017,PADAMCO,XT,,,,,PADAM COTTON YARNS LTD.,55.0,55.0,52.0,52.3,52.0,52.76,,52.3,,,21654,1141163.0,194,F1,1,,,,,,2025-05-13
2025-05-13,2025-05-13,CM,BSE,STK,531396,INE905B01010,WOMENNET,XT,,,,,WOMEN NETWORKS LTD.,7.1,7.1,6.99,6.99,6.99,6.99,,6.99,,,996,7070.0,3,F1,1,,,,,,2025-05-13
2025-05-13,2025-05-13,CM,BSE,STK,531397,INE262C01014,POLYCON,X,,,,,POLYCON INTERNATIONAL LTD.,24.03,24.03,23.0,24.0,24.0,22.89,,24.0,,,5,118.0,5,F1,1,,,,,,2025-05-13
2025-05-13,2025-05-13,CM,BSE,STK,531398,INE679C01027,SOURCENTRL,XT,,,,,SOURCE NATURAL FOODS & HERBAL,163.8,166.5,162.0,163.3,166.45,163.8,,163.3,,,626,102067.0,13,F1,1,,,,,,2025-05-13
2025-05-13,2025-05-13,CM,BSE,STK,531399,INE493B01017,GGAUTO,X,,,,,G.G.AUTOMOTIVE GEARS LTD.,183.95,183.95,170.0,177.65,177.65,178.75,,177.65,,,7672,1353479.0,194,F1,1,,,,,,2025-05-13
2025-05-13,2025-05-13,CM,BSE,STK,531400,INE326B01035,ALMONDZ,B,,,,,ALMONDZ GLOBAL SECURITIES LTD.,21.26,22.0,20.5,21.2,21.19,21.24,,21.1,,,46099,959884.0,471,F1,1,,,,,,2025-05-13
2025-05-13,2025-05-13,CM,BSE,STK,531402,INE281M01013,LWSKNIT,X,,,,,LWS KNITWEAR LTD.,18.27,19.63,18.26,19.38,18.56,18.63,,19.38,,,6603,128279.0,41,F1,1,,,,,,2025-05-13
2025-05-13,2025-05-13,CM,BSE,STK,531406,INE234J01018,ANSINDUS,X,,,,,ANS INDUSTRIES LTD,17.46,17.46,17.46,17.46,17.46,16.63,,17.46,,,358,6250.0,4,F1,1,,,,,,2025-05-13
2025-05-13,2025-05-13,CM,BSE,STK,531411,INE560D01027,TUNITEX,X,,,,,TUNI TEXTILE MILLS LTD.,1.42,1.5,1.42,1.48,1.48,1.46,,1.48,,,72126,105455.0,153,F1,1,,,,,,2025-05-13
2025-05-13,2025-05-13,CM,BSE,STK,531413,INE516D01011,KIRANPR,XT,,,,,KIRAN PRINT-PACK LTD.,36.02,36.02,36.02,36.02,36.02,36.75,,36.02,,,1019,36704.0,2,F1,1,,,,,,2025-05-13
2025-05-13,2025-05-13,CM,BSE,STK,531416,INE603F01012,NARPROP,X,,,,,NARENDRA PROPERTIES LTD.,37.0,37.94,36.75,37.7,37.7,37.5,,37.7,,,793,29534.0,20,F1,1,,,,,,2025-05-13
2025-05-13,2025-05-13,CM,BSE,STK,531417,INE804B01023,MEGACOR,X,,,,,MEGA CORPORATION LTD.,3.01,3.01,2.9,3.01,3.01,2.87,,3.01,,,162697,487996.0,143,F1,1,,,,,,2025-05-13
2025-05-13,2025-05-13,CM,BSE,STK,531426,INE107A01015,TNPL,B,,,,,TAMIL NADU NEWSPRINT & PAPERS,133.0,140.0,132.15,139.45,138.5,132.05,,138.98,,,28405,3897294.0,516,F1,1,,,,,,2025-05-13
2025-05-13,2025-05-13,CM,BSE,STK,531431,INE908D01010,SHAKTIPUMP,B,,,,,SHAKTI PUMPS (INDIA) LTD.,854.95,863.8,840.25,843.05,842.5,852.95,,842.45,,,79732,67395794.0,4368,F1,1,,,,,,2025-05-13
2025-05-13,2025-05-13,CM,BSE,STK,531432,INE07P301011,SYTIXSE,X,,,,,SYSTEMATIX SECURITIES LTD.,8.9,8.9,8.5,8.5,8.5,8.49,,8.5,,,12,103.0,4,F1,1,,,,,,2025-05-13
2025-05-13,2025-05-13,CM,BSE,STK,531436,INE474D01013,SAFFRON,X,,,,,SAFFRON INDUSTRIES LIMITED,6.0,6.0,6.0,6.0,6.0,5.96,,6.0,,,7,42.0,1,F1,1,,,,,,2025-05-13
2025-05-13,2025-05-13,CM,BSE,STK,531437,INE523I01016,PWASML,X,,,,,Prakash Woollen & Synthetic Mi,29.39,30.6,29.39,29.51,30.6,29.6,,29.51,,,2500,73776.0,13,F1,1,,,,,,2025-05-13
2025-05-13,2025-05-13,CM,BSE,STK,531439,INE805A01014,GOLDTECH,B,,,,,AION-TECH SOLUTIONS LIMITED,62.48,65.01,62.48,65.01,65.01,61.92,,65.16,,,1580,102667.0,18,F1,1,,,,,,2025-05-13
2025-05-13,2025-05-13,CM,BSE,STK,531441,INE100F01019,LYONSCO,XT,,,,,LYONS CORPORATE MARKET LTD.,20.39,20.39,20.39,20.39,20.39,20.8,,20.39,,,11,224.0,4,F1,1,,,,,,2025-05-13
2025-05-13,2025-05-13,CM,BSE,STK,531444,INE115C01014,VARDHMAN,X,,,,,VARDHMAN CONCRETE LIMITED,12.0,12.0,12.0,12.0,12.0,12.0,,12.0,,,109,1308.0,4,F1,1,,,,,,2025-05-13
2025-05-13,2025-05-13,CM,BSE,STK,531449,INE192H01020,GRMOVER,B,,,,,GRM OVERSEAS LTD.,295.8,300.15,292.55,293.9,292.55,298.1,,294.65,,,40873,12057523.0,1538,F1,1,,,,,,2025-05-13
2025-05-13,2025-05-13,CM,BSE,STK,531453,INE954E01012,MOHITIND,B,,,,,MOHIT INDUSTRIES LTD.,29.7,30.05,29.35,29.58,30.05,29.46,,29.65,,,3793,112451.0,51,F1,1,,,,,,2025-05-13
2025-05-13,2025-05-13,CM,BSE,STK,531454,INE323D01020,POLYLINK,X,,,,,POLYLINK POLYMERS (INDIA) LTD.,30.46,30.46,29.13,30.12,30.14,29.9,,30.12,,,1523,45277.0,22,F1,1,,,,,,2025-05-13
2025-05-13,2025-05-13,CM,BSE,STK,531456,INE952C01028,MINAXI,X,,,,,MINAXI TEXTILES LTD.,2.12,2.12,2.01,2.03,2.03,2.08,,2.03,,,16340,33758.0,39,F1,1,,,,,,2025-05-13
2025-05-13,2025-05-13,CM,BSE,STK,531458,INE109B01019,BOSTONBIO,XT,,,,,BOSTON BIO SYSTEMS LTD.,7.43,7.43,7.43,7.43,7.43,7.58,,7.43,,,112,832.0,2,F1,1,,,,,,2025-05-13
2025-05-13,2025-05-13,CM,BSE,STK,531460,INE545B01022,CONTICON,X,,,,,CONTINENTAL CONTROLS LTD.,9.0,9.74,9.0,9.7,9.7,9.4,,9.7,,,1097,10558.0,9,F1,1,,,,,,2025-05-13
2025-05-13,2025-05-13,CM,BSE,STK,531465,INE317B01042,NOUVEAU,X,,,,,NOUVEAU GLOBAL VENTURES LTD.,0.49,0.5,0.49,0.49,0.49,0.49,,0.49,,,104018,51248.0,141,F1,1,,,,,,2025-05-13
2025-05-13,2025-05-13,CM,BSE,STK,531471,INE397G01019,DUKEOFS,X,,,,,DUKE OFFSHORE LTD.,15.89,16.98,15.89,16.1,16.89,16.18,,16.1,,,3523,57917.0,33,F1,1,,,,,,2025-05-13
2025-05-13,2025-05-13,CM,BSE,STK,531472,INE183D01010,CYBELEIND,XT,,,,,CYBELE INDUSTRIES LTD.,19.94,20.93,19.94,20.69,20.69,19.94,,20.69,,,375,7583.0,10,F1,1,,,,,,2025-05-13
2025-05-13,2025-05-13,CM,BSE,STK,531486,INE600B01033,FILME,XT,,,,,FILMCITY MEDIA LTD.,2.4,2.63,2.4,2.63,2.63,2.52,,2.63,,,6258,15019.0,19,F1,1,,,,,,2025-05-13
2025-05-13,2025-05-13,CM,BSE,STK,531489,INE084D01010,CGVAK,X,,,,,CG-VAK SOFTWARE & EXPORTS LTD.,256.6,264.0,256.0,259.95,260.0,256.9,,259.95,,,3187,831087.0,70,F1,1,,,,,,2025-05-13
2025-05-13,2025-05-13,CM,BSE,STK,531494,INE268H01044,NAVKARURB,B,,,,,NAVKAR URBANSTRUCTURE LIMITED,3.45,3.45,3.19,3.31,3.31,3.35,,3.33,,,165659,541139.0,414,F1,1,,,,,,2025-05-13
2025-05-13,2025-05-13,CM,BSE,STK,531495,INE472B01011,BLUECOAST,T,,,,,BLUE COAST HOTELS LTD.,26.19,26.19,26.19,26.19,26.19,26.72,,25.6,,,1280,33523.0,6,F1,1,,,,,,2025-05-13
2025-05-13,2025-05-13,CM,BSE,STK,531497,INE378D01032,MADHUCON,B,,,,,MADHUCON PROJECTS LTD.,7.19,7.4,7.19,7.35,7.35,7.03,,7.17,,,1442,10564.0,11,F1,1,,,,,,2025-05-13
2025-05-13,2025-05-13,CM,BSE,STK,531499,INE080D01042,SYBLY,X,,,,,SYBLY INDUSTRIES LTD.,4.75,5.07,4.59,4.64,4.59,4.83,,4.64,,,99864,473589.0,141,F1,1,,,,,,2025-05-13
2025-05-13,2025-05-13,CM,BSE,STK,531500,INE343B01030,RAJESHEXPO,A,,,,,RAJESH EXPORTS LTD.,190.25,195.95,188.55,193.35,193.35,189.45,,192.88,,,65540,12647194.0,1501,F1,1,,,,,,2025-05-13
2025-05-13,2025-05-13,CM,BSE,STK,531502,INE404L01039,ESARIND,XT,,,,,ESAAR (INDIA) LTD.,10.93,11.14,10.72,10.84,10.8,10.93,,10.84,,,10215,110822.0,72,F1,1,,,,,,2025-05-13
2025-05-13,2025-05-13,CM,BSE,STK,531503,INE866D01010,MARIS,X,,,,,MARIS SPINNERS LTD.,33.0,33.0,31.65,31.99,31.99,33.25,,31.99,,,3467,110923.0,18,F1,1,,,,,,2025-05-13
2025-05-13,2025-05-13,CM,BSE,STK,531505,INE628F01019,INDERGR,XT,,,,,INDERGIRI FINANCE LTD.,17.42,17.45,17.42,17.45,17.45,18.33,,17.45,,,21,366.0,3,F1,1,,,,,,2025-05-13
2025-05-13,2025-05-13,CM,BSE,STK,531506,INE561E01015,SKRABUL,X,,,,,SHUKRA BULLIONS LTD.,21.4,21.4,20.88,20.89,20.88,20.98,,20.89,,,76,1587.0,4,F1,1,,,,,,2025-05-13
2025-05-13,2025-05-13,CM,BSE,STK,531508,INE128A01029,EVEREADY,B,,,,,EVEREADY INDUSTRIES INDIA LTD.,313.55,314.35,304.8,306.95,308.25,313.55,,306.9,,,6807,2096025.0,442,F1,1,,,,,,2025-05-13
2025-05-13,2025-05-13,CM,BSE,STK,531512,INE681D01039,ORIENTTR,X,,,,,ORIENT TRADELINK LTD.,22.0,22.48,21.15,21.49,21.21,22.11,,21.49,,,206863,4474441.0,447,F1,1,,,,,,2025-05-13
2025-05-13,2025-05-13,CM,BSE,STK,531518,INE767B01022,VIKASPROP,Z,,,,,VIKAS PROPPANT & GRANITE LTD.,0.38,0.39,0.37,0.39,0.39,0.38,,0.39,,,289570,111991.0,135,F1,1,,,,,,2025-05-13
2025-05-13,2025-05-13,CM,BSE,STK,531521,INE971E01016,DESHRAK,P,,,,,DESH RAKSHAK AUSHDHALAYA LTD.,38.34,39.9,38.34,39.9,39.9,39.12,,39.9,,,900,35598.0,3,F1,100,,,,,,2025-05-13
2025-05-13,2025-05-13,CM,BSE,STK,531525,INE849B01010,ACESOFT,X,,,,,ACE SOFTWARE EXPORTS LTD.,247.45,247.45,236.05,237.6,240.85,244.2,,237.6,,,14179,3403870.0,174,F1,1,,,,,,2025-05-13
2025-05-13,2025-05-13,CM,BSE,STK,531529,INE562E01021,SOFTRAKV,X,,,,,SOFTRAK VENTURE INVESTMENT LTD,2.85,2.93,2.69,2.69,2.69,2.83,,2.69,,,125655,340481.0,145,F1,1,,,,,,2025-05-13
2025-05-13,2025-05-13,CM,BSE,STK,531531,INE473B01035,HATSUN,A,,,,,HATSUN AGRO PRODUCT LTD.,902.0,907.6,888.75,900.5,900.1,900.95,,904.45,,,774,695443.0,101,F1,1,,,,,,2025-05-13
2025-05-13,2025-05-13,CM,BSE,STK,531537,INE681K01026,JYOTHI,XT,,,,,JYOTHI INFRAVENTURES LTD.,229.8,229.8,229.8,229.8,229.8,234.45,,229.8,,,772,177405.0,9,F1,1,,,,,,2025-05-13
2025-05-13,2025-05-13,CM,BSE,STK,531539,INE864D01015,RISHDIGA,X,,,,,RISHABH DIGHA STEEL & ALLIED P,53.0,53.88,50.1,53.0,53.0,53.89,,53.0,,,779,40874.0,17,F1,1,,,,,,2025-05-13
2025-05-13,2025-05-13,CM,BSE,STK,531540,INE392G01028,MAINFRA,X,,,,,MARUTI INFRASTRUCTURE LTD.,14.45,15.45,14.0,15.33,15.33,14.3,,15.33,,,68546,1035933.0,229,F1,1,,,,,,2025-05-13
2025-05-13,2025-05-13,CM,BSE,STK,531541,INE881A01015,KOBO,Z,,,,,KOBO BIOTECH LIMITED,2.7,2.94,2.7,2.77,2.76,2.84,,2.77,,,10389,28984.0,25,F1,1,,,,,,2025-05-13
2025-05-13,2025-05-13,CM,BSE,STK,531543,INE247D01039,JINDWORLD,A,,,,,JINDAL WORLDWIDE LTD.,61.39,62.19,60.2,61.6,61.37,60.66,,61.44,,,160029,9803554.0,1067,F1,1,,,,,,2025-05-13
2025-05-13,2025-05-13,CM,BSE,STK,531548,INE355A01028,SOMANYCERA,B,,,,,SOMANY CERAMICS LTD.,461.0,468.0,451.1,464.6,465.5,461.0,,465.05,,,5464,2536973.0,468,F1,1,,,,,,2025-05-13
2025-05-13,2025-05-13,CM,BSE,STK,531550,INE865D01012,JHACC,XT,,,,,JHAVERI CREDITS & CAPITAL LTD.,207.15,212.15,205.0,212.15,212.15,202.05,,212.15,,,2907,612856.0,40,F1,1,,,,,,2025-05-13
2025-05-13,2025-05-13,CM,BSE,STK,531552,INE754B01012,RAGHUTOB,X,,,,,RAGHUNATH TOBACCO CO.LTD.,19.45,19.45,18.0,18.28,18.11,18.54,,18.28,,,665,12425.0,15,F1,1,,,,,,2025-05-13
2025-05-13,2025-05-13,CM,BSE,STK,531553,INE193D01019,DRL,X,,,,,DISHA RESOURCES LIMITED,20.0,20.15,20.0,20.15,20.15,20.0,,20.15,,,4,80.0,2,F1,1,,,,,,2025-05-13
2025-05-13,2025-05-13,CM,BSE,STK,531556,INE558D01021,CORALFINAC,B,,,,,CORAL INDIA FINANCE & HOUSING,40.0,42.75,39.3,39.83,42.75,39.53,,39.5,,,345,13679.0,40,F1,1,,,,,,2025-05-13
2025-05-13,2025-05-13,CM,BSE,STK,531568,INE723K01018,ASHUTPM,X,,,,,ASHUTOSH PAPER MILLS LTD.,7.5,7.5,6.79,6.79,6.79,7.54,,6.79,,,544,3940.0,7,F1,1,,,,,,2025-05-13
2025-05-13,2025-05-13,CM,BSE,STK,531569,INE860D01013,SANJIVIN,X,,,,,SANJIVANI PARANTERAL LTD.,231.0,236.9,224.0,225.3,225.5,225.9,,225.3,,,11182,2558522.0,69,F1,1,,,,,,2025-05-13
2025-05-13,2025-05-13,CM,BSE,STK,531578,INE580H01026,KMFBLDR,XT,,,,,KMF BUILDERS & DEVELOPERS LTD.,9.69,9.69,9.69,9.69,9.69,9.69,,9.69,,,191,1850.0,7,F1,1,,,,,,2025-05-13
2025-05-13,2025-05-13,CM,BSE,STK,531582,INE508J01015,BERYLSE,XT,,,,,BERYL SECURITIES LTD.,34.0,34.31,32.7,32.7,32.7,32.68,,32.7,,,121,4140.0,5,F1,1,,,,,,2025-05-13
2025-05-13,2025-05-13,CM,BSE,STK,531583,INE483D01014,RAP,X,,,,,RAP CORP LIMITED,33.5,34.9,31.64,33.29,33.29,33.3,,33.29,,,406,13189.0,6,F1,1,,,,,,2025-05-13
2025-05-13,2025-05-13,CM,BSE,STK,531585,INE455C01014,DEVINE,X,,,,,DEVINE IMPEX LTD.,8.85,8.85,8.85,8.85,8.85,8.85,,8.85,,,90,796.0,5,F1,1,,,,,,2025-05-13
2025-05-13,2025-05-13,CM,BSE,STK,531591,INE802A01037,BAMPSL,XT,,,,,BAMPSL SECURITIES LTD.,19.66,19.75,19.3,19.51,19.74,19.46,,19.51,,,15885,309649.0,59,F1,1,,,,,,2025-05-13
2025-05-13,2025-05-13,CM,BSE,STK,531592,INE861N01036,GENPHARMA,XT,,,,,GENPHARMASEC LIMITED,2.07,2.15,2.06,2.08,2.1,2.05,,2.08,,,551224,1156214.0,362,F1,1,,,,,,2025-05-13
2025-05-13,2025-05-13,CM,BSE,STK,531594,INE507D01010,INCON,XT,,,,,INCON ENGINEERS LTD.,13.99,14.66,13.3,14.66,14.66,13.99,,14.66,,,77,1032.0,7,F1,1,,,,,,2025-05-13
2025-05-13,2025-05-13,CM,BSE,STK,531595,INE180C01042,CGCL,A,,,,,CAPRI GLOBAL CAPITAL LIMITED,167.3,168.2,164.9,167.8,168.0,167.3,,167.68,,,60606,10105024.0,678,F1,1,,,,,,2025-05-13
2025-05-13,2025-05-13,CM,BSE,STK,531599,INE258B01022,FDC,A,,,,,FDC LTD.,440.9,440.95,432.5,436.6,433.95,435.0,,436.9,,,1507,658472.0,202,F1,1,,,,,,2025-05-13
2025-05-13,2025-05-13,CM,BSE,STK,531608,INE792J01015,GORANIN,X,,,,,GORANI INDUSTRIES LTD.,83.0,83.0,83.0,83.0,83.0,82.7,,83.0,,,50,4150.0,5,F1,1,,,,,,2025-05-13
2025-05-13,2025-05-13,CM,BSE,STK,531609,INE902G01016,KGPETRO,X,,,,,KG PETROCHEM LTD.,248.9,249.95,232.0,235.3,235.2,263.75,,235.3,,,1113,263770.0,46,F1,1,,,,,,2025-05-13
2025-05-13,2025-05-13,CM,BSE,STK,531613,INE100C01024,MAL,XT,,,,,Meyer Apparel Limited,1.71,1.71,1.69,1.69,1.69,1.71,,1.69,,,7850,13419.0,20,F1,1,,,,,,2025-05-13
2025-05-13,2025-05-13,CM,BSE,STK,531616,INE347I01010,STARCOM,X,,,,,STARCOM INFORMATION TECHNOLOGY,96.69,96.69,87.51,87.51,87.51,92.09,,87.51,,,2,184.0,2,F1,1,,,,,,2025-05-13
2025-05-13,2025-05-13,CM,BSE,STK,531624,INE695B01025,COUNCODOS,T,,,,,COUNTRY CONDOS LTD.,8.2,8.84,8.01,8.16,8.16,8.43,,8.26,,,69782,565828.0,146,F1,1,,,,,,2025-05-13
2025-05-13,2025-05-13,CM,BSE,STK,531626,INE628B01034,OROSMITHS,X,,,,,OROSIL SMITHS INDIA LTD.,4.59,4.59,4.24,4.36,4.33,4.46,,4.36,,,7887,34791.0,49,F1,1,,,,,,2025-05-13
2025-05-13,2025-05-13,CM,BSE,STK,531633,INE405C01035,LINCOLN,B,,,,,LINCOLN PHARMACEUTICALS LTD.,564.2,596.55,564.2,590.45,589.65,573.25,,590.7,,,3248,1913194.0,302,F1,1,,,,,,2025-05-13
2025-05-13,2025-05-13,CM,BSE,STK,531635,INE870J01019,SILVOAK,XT,,,,,SILVER OAK (INDIA) LTD.,147.8,153.65,147.8,151.0,151.0,146.35,,151.0,,,505,76238.0,24,F1,1,,,,,,2025-05-13
2025-05-13,2025-05-13,CM,BSE,STK,531637,INE722B01019,PRAVEG,B,,,,,PRAVEG LIMITED,506.9,506.9,479.95,499.0,497.4,499.0,,499.0,,,61854,30846162.0,1020,F1,1,,,,,,2025-05-13
2025-05-13,2025-05-13,CM,BSE,STK,531638,INE713C01016,SURAJLTD,B,,,,,SURAJ LTD.,388.0,395.45,386.5,392.2,392.2,391.9,,394.0,,,2220,863026.0,121,F1,1,,,,,,2025-05-13
2025-05-13,2025-05-13,CM,BSE,STK,531642,INE196A01026,MARICO,A,,,,,MARICO LTD.,737.95,737.95,725.25,726.85,726.05,738.15,,727.55,,,175601,128252881.0,4356,F1,1,,,,,,2025-05-13
2025-05-13,2025-05-13,CM,BSE,STK,531644,INE546D01018,TOKYOFIN,X,,,,,TOKYO FINANCE LTD.,34.0,35.58,31.0,31.03,31.0,32.35,,31.03,,,1605,52437.0,32,F1,1,,,,,,2025-05-13
2025-05-13,2025-05-13,CM,BSE,STK,531651,INE654H01011,NATGENI,X,,,,,NATIONAL GENERAL INDUSTRIES LT,54.0,54.0,54.0,54.0,54.0,54.0,,54.0,,,29,1566.0,3,F1,1,,,,,,2025-05-13
2025-05-13,2025-05-13,CM,BSE,STK,531652,INE528C01018,UVS,XT,,,,,UVS HOSPITALITY AND SERVICES L,119.65,119.65,119.65,119.65,119.65,122.05,,119.65,,,28,3350.0,3,F1,1,,,,,,2025-05-13
2025-05-13,2025-05-13,CM,BSE,STK,531661,INE863C01019,HITTCO,X,,,,,HITTCO TOOLS LTD.,13.0,13.0,12.73,12.73,12.73,12.49,,12.73,,,56,714.0,7,F1,1,,,,,,2025-05-13
2025-05-13,2025-05-13,CM,BSE,STK,531663,INE139D01020,YUVRAAJHPL,XT,,,,,YUVRAAJ HYGIENE PRODUCTS LTD.,10.65,11.07,10.65,11.07,11.07,10.86,,11.07,,,144758,1551513.0,116,F1,1,,,,,,2025-05-13
2025-05-13,2025-05-13,CM,BSE,STK,531667,INE117K01013,RRMETAL,X,,,,,RR METALMAKERS INDIA LIMITED,29.9,29.9,29.9,29.9,29.9,30.05,,29.9,,,125,3737.0,2,F1,1,,,,,,2025-05-13
2025-05-13,2025-05-13,CM,BSE,STK,531668,INE661D01015,VISIONCO,X,,,,,VISION CORPORATION LTD.,2.95,3.15,2.95,3.14,3.14,2.95,,3.14,,,2209,6623.0,21,F1,1,,,,,,2025-05-13
2025-05-13,2025-05-13,CM,BSE,STK,531671,INE214D01021,BISIL,XT,,,,,BISIL PLAST LIMITED,1.21,1.25,1.19,1.19,1.19,1.25,,1.19,,,2918,3492.0,17,F1,1,,,,,,2025-05-13
2025-05-13,2025-05-13,CM,BSE,STK,531672,INE224C01014,INANISEC,X,,,,,INANI SECURITIES LTD.,29.05,29.05,28.91,28.91,28.91,28.91,,28.91,,,31,896.0,6,F1,1,,,,,,2025-05-13
2025-05-13,2025-05-13,CM,BSE,STK,531673,INE067C01025,ANKIN,XT,,,,,ANKA INDIA LTD.,32.34,33.66,32.34,32.34,32.34,33.0,,32.34,,,58061,1900371.0,58,F1,1,,,,,,2025-05-13
2025-05-13,2025-05-13,CM,BSE,STK,531677,INE588E01026,ARISINT,XT,,,,,ARIS INTERNATIONAL LTD.,369.15,369.15,369.15,369.15,369.15,361.95,,369.15,,,70,25840.0,1,F1,1,,,,,,2025-05-13
2025-05-13,2025-05-13,CM,BSE,STK,531681,INE673C01020,AMERISE,X,,,,,AMERISE BIOSCIENCES LIMITED,0.82,0.86,0.8,0.84,0.84,0.8,,0.84,,,46974,39539.0,139,F1,1,,,,,,2025-05-13
2025-05-13,2025-05-13,CM,BSE,STK,531688,INE621B01021,PRITHVIEXCH,XT,,,,,Prithvi Exchange (India) Limit,182.2,182.2,180.0,180.0,180.0,182.2,,180.0,,,479,86722.0,23,F1,1,,,,,,2025-05-13
2025-05-13,2025-05-13,CM,BSE,STK,531692,INE593B01030,KHYATI,XT,,,,,KHYATI MULTIMEDIA-ENTERTAINMEN,4.2,4.2,4.2,4.2,4.2,4.2,,4.2,,,114,478.0,6,F1,1,,,,,,2025-05-13
2025-05-13,2025-05-13,CM,BSE,STK,531694,INE230F01014,RAINBOWF,X,,,,,RAINBOW FOUNDATIONS LTD.,49.99,49.99,47.03,48.0,48.0,48.58,,48.0,,,16691,805757.0,93,F1,1,,,,,,2025-05-13
2025-05-13,2025-05-13,CM,BSE,STK,531717,INE632C01026,VIDHIING,B,,,,,Vidhi Specialty Food Ingredien,446.8,452.3,442.15,448.05,448.95,454.35,,449.5,,,864,388123.0,98,F1,1,,,,,,2025-05-13
2025-05-13,2025-05-13,CM,BSE,STK,531719,INE414D01027,BHAGCHEM,B,,,,,BHAGIRADHA CHEMICALS & INDUSTR,288.0,298.95,287.95,294.65,295.2,290.75,,294.5,,,1084,320067.0,185,F1,1,,,,,,2025-05-13
2025-05-13,2025-05-13,CM,BSE,STK,531723,INE224E01028,GATECH,B,,,,,GACM Technologies Limited,0.73,0.73,0.69,0.71,0.71,0.71,,0.71,,,1105252,786659.0,233,F1,1,,,,,,2025-05-13
2025-05-13,2025-05-13,CM,BSE,STK,531726,INE316G01019,PANCHSHEEL,X,,,,,PANCHSHEEL ORGANICS LTD.,147.15,147.15,142.75,143.75,143.75,147.85,,143.75,,,4759,688487.0,91,F1,1,,,,,,2025-05-13
2025-05-13,2025-05-13,CM,BSE,STK,531727,INE650G01029,MENNPIS,X,,,,,MENON PISTONS LTD.,55.8,57.8,55.15,57.15,57.39,56.04,,57.15,,,18629,1060525.0,117,F1,1,,,,,,2025-05-13
2025-05-13,2025-05-13,CM,BSE,STK,531737,INE414C01045,GREENCREST,X,,,,,GREENCREST FINANCIAL SERVICES,0.67,0.67,0.65,0.67,0.67,0.66,,0.67,,,278049,184110.0,220,F1,1,,,,,,2025-05-13
2025-05-13,2025-05-13,CM,BSE,STK,531739,INE509C01026,GENNEX,X,,,,,GENNEX LABORATORIES LTD.,13.3,13.3,12.91,13.05,13.05,13.12,,13.05,,,210266,2749061.0,569,F1,1,,,,,,2025-05-13
2025-05-13,2025-05-13,CM,BSE,STK,531743,INE258Z01013,HIRAUTO,P,,,,,HIRA AUTOMOBILES LTD.,210.5,210.5,210.5,210.5,210.5,206.4,,210.5,,,100,21050.0,1,F1,100,,,,,,2025-05-13
2025-05-13,2025-05-13,CM,BSE,STK,531744,INE548B01018,GINISILK,X,,,,,GINI SILK MILLS LTD.,93.51,101.9,91.0,91.14,100.0,93.51,,91.14,,,2768,254773.0,21,F1,1,,,,,,2025-05-13
2025-05-13,2025-05-13,CM,BSE,STK,531746,INE505C01016,PRAENG,B,,,,,PRAJAY ENGINEERS SYNDICATE LTD,18.7,19.19,18.51,18.96,19.1,18.48,,18.94,,,29054,551840.0,103,F1,1,,,,,,2025-05-13
2025-05-13,2025-05-13,CM,BSE,STK,531752,INE703D01023,BIOGEN,X,,,,,BIOGEN PHARMACHEM INDUSTRIES L,0.9,0.92,0.9,0.91,0.91,0.9,,0.91,,,860650,784660.0,817,F1,1,,,,,,2025-05-13
2025-05-13,2025-05-13,CM,BSE,STK,531758,INE131D01019,GKCONS,X,,,,,G.K.CONSULTANTS LTD.,18.01,19.0,18.01,18.01,18.01,18.1,,18.01,,,794,14794.0,8,F1,1,,,,,,2025-05-13
2025-05-13,2025-05-13,CM,BSE,STK,531761,INE126J01016,APOLLOPIPE,B,,,,,APOLLO PIPES LIMITED,390.0,399.6,390.0,398.15,398.05,388.2,,398.05,,,1825,720787.0,108,F1,1,,,,,,2025-05-13
2025-05-13,2025-05-13,CM,BSE,STK,531762,INE576D01015,UNJHAFOR,X,,,,,UNJHA FORMULATIONS LTD.,23.05,25.35,22.65,23.03,23.03,23.93,,23.03,,,600,14408.0,16,F1,1,,,,,,2025-05-13
2025-05-13,2025-05-13,CM,BSE,STK,531768,INE205C01021,POLYMED,A,,,,,POLY MEDICURE LTD.,2476.05,2476.05,2417.7,2425.25,2425.25,2484.85,,2424.5,,,5842,14245584.0,1197,F1,1,,,,,,2025-05-13
2025-05-13,2025-05-13,CM,BSE,STK,531771,INE311M01018,SHRADDHA,X,,,,,SHRADDHA PRIME PROJECTS LTD,147.35,151.0,143.0,147.05,150.95,143.95,,147.05,,,8550,1271273.0,93,F1,1,,,,,,2025-05-13
2025-05-13,2025-05-13,CM,BSE,STK,531778,INE059E01010,KACHCHH,XT,,,,,KACHCHH MINERALS LTD.,33.0,33.74,32.06,32.17,32.06,33.74,,32.17,,,7462,243793.0,22,F1,1,,,,,,2025-05-13
2025-05-13,2025-05-13,CM,BSE,STK,531779,INE630U01014,PADALPO,XT,,,,,PADMANABH ALLOYS & POLYMERS LT,21.21,21.21,21.21,21.21,21.21,21.21,,21.21,,,2,42.0,2,F1,1,,,,,,2025-05-13
2025-05-13,2025-05-13,CM,BSE,STK,531780,INE229G01022,KACL,XT,,,,,KAISER CORPORATION LIMITED,6.39,6.44,6.39,6.44,6.44,6.14,,6.44,,,141977,914087.0,237,F1,1,,,,,,2025-05-13
2025-05-13,2025-05-13,CM,BSE,STK,531784,INE469F01026,KCLINFRA,X,,,,,KCL Infra Projects Limited,1.45,1.45,1.4,1.42,1.41,1.4,,1.42,,,66794,95089.0,124,F1,1,,,,,,2025-05-13
2025-05-13,2025-05-13,CM,BSE,STK,531795,INE951D01028,ATULAUTO,B,,,,,ATUL AUTO LTD.,478.85,490.0,471.95,487.9,487.0,478.8,,488.4,,,10712,5169492.0,528,F1,1,,,,,,2025-05-13
2025-05-13,2025-05-13,CM,BSE,STK,531797,INE393D01015,SCANPRO,XT,,,,,SCAN PROJECTS LTD.,58.21,59.39,58.21,58.21,58.21,59.39,,58.21,,,226,13174.0,8,F1,1,,,,,,2025-05-13
2025-05-13,2025-05-13,CM,BSE,STK,531802,INE426H01014,PRERINFRA,X,,,,,PRERNA INFRABUILD LTD.,27.0,28.3,27.0,27.62,27.79,28.03,,27.62,,,46657,1291965.0,115,F1,1,,,,,,2025-05-13
2025-05-13,2025-05-13,CM,BSE,STK,531810,INE161E01014,METALCO,X,,,,,METAL COATINGS (INDIA) LTD.,73.14,73.5,72.5,72.5,72.5,73.5,,72.5,,,207,15078.0,5,F1,1,,,,,,2025-05-13
2025-05-13,2025-05-13,CM,BSE,STK,531812,INE266C01023,SGNTE,X,,,,,SGN TELECOMS LTD.,0.75,0.75,0.69,0.75,0.75,0.72,,0.75,,,301615,219890.0,126,F1,1,,,,,,2025-05-13
2025-05-13,2025-05-13,CM,BSE,STK,531814,INE297J01023,TIRSARJ,X,,,,,TIRUPATI SARJAN LTD.,14.23,14.23,13.58,13.9,13.9,13.95,,13.9,,,7492,103280.0,40,F1,1,,,,,,2025-05-13
2025-05-13,2025-05-13,CM,BSE,STK,531821,INE348D01019,MUNOTHFI,X,,,,,MUNOTH FINANCIAL SERVICES LTD.,69.77,69.77,64.98,64.98,64.98,68.4,,64.98,,,165,10802.0,8,F1,1,,,,,,2025-05-13
2025-05-13,2025-05-13,CM,BSE,STK,531822,INE513E01024,RODIUM,X,,,,,RODIUM REALTY LIMITED,189.0,189.0,175.6,182.0,182.0,184.8,,182.0,,,958,171633.0,17,F1,1,,,,,,2025-05-13
2025-05-13,2025-05-13,CM,BSE,STK,531832,INE793H01017,NAGTECH,XT,,,,,NAGARJUNA AGRI TECH LTD.,72.95,75.24,68.25,73.37,73.5,71.66,,73.37,,,72282,5353882.0,176,F1,1,,,,,,2025-05-13
2025-05-13,2025-05-13,CM,BSE,STK,531834,INE487B01019,NATHUEC,X,,,,,NATURA HUE CHEM LTD.,10.19,10.59,9.7,10.42,10.42,10.19,,10.42,,,2836,28363.0,14,F1,1,,,,,,2025-05-13
2025-05-13,2025-05-13,CM,BSE,STK,531840,INE172B01017,IECEDU,XT,,,,,IEC EDUCATION LTD.,14.44,14.52,14.44,14.44,14.44,14.73,,14.44,,,4022,58111.0,45,F1,1,,,,,,2025-05-13
2025-05-13,2025-05-13,CM,BSE,STK,531841,INE935D01013,INDUSFINL,X,,,,,Indus Finance Limited,38.56,39.78,38.05,39.45,39.78,37.89,,39.45,,,1822,71042.0,41,F1,1,,,,,,2025-05-13
2025-05-13,2025-05-13,CM,BSE,STK,531842,INE515C01023,LAHOTIOV,X,,,,,LAHOTI OVERSEAS LTD.,35.8,36.48,35.15,36.35,36.48,34.79,,36.35,,,8547,307230.0,29,F1,1,,,,,,2025-05-13
2025-05-13,2025-05-13,CM,BSE,STK,531845,INE318D01020,ZENITHSTL,B,,,,,ZENITH STEEL PIPES AND  INDUST,7.84,7.84,7.16,7.3,7.3,7.64,,7.36,,,52726,399224.0,212,F1,1,,,,,,2025-05-13
2025-05-13,2025-05-13,CM,BSE,STK,531846,INE884X01011,TRINITYLEA,X,,,,,TRINITY LEAGUE INDIA LTD.,12.38,12.38,12.0,12.02,12.0,10.89,,12.02,,,17,204.0,2,F1,1,,,,,,2025-05-13
2025-05-13,2025-05-13,CM,BSE,STK,531847,INE194D01017,ASTAR,B,,,,,ASIAN STAR CO.LTD.,740.0,740.0,732.95,733.0,733.0,710.05,,733.0,,,9,6638.0,4,F1,1,,,,,,2025-05-13
2025-05-13,2025-05-13,CM,BSE,STK,531859,INE457G01029,ORIRAIL,T,,,,,ORIENTAL RAIL INFRASTRUCTURE L,179.0,179.6,175.35,179.3,179.3,171.05,,179.3,,,132117,23668057.0,783,F1,1,,,,,,2025-05-13
2025-05-13,2025-05-13,CM,BSE,STK,531861,INE024B01010,JOINDRE,X,,,,,JOINDRE CAPITAL SERVICES LTD.,42.0,42.49,41.99,42.37,42.37,41.92,,42.37,,,923,39067.0,17,F1,1,,,,,,2025-05-13
2025-05-13,2025-05-13,CM,BSE,STK,531862,INE842D01029,BHARATAGRI,XT,,,,,BHARAT AGRI FERT & REALTY LTD.,39.0,39.48,38.1,39.12,39.12,39.24,,39.12,,,22445,872499.0,138,F1,1,,,,,,2025-05-13
2025-05-13,2025-05-13,CM,BSE,STK,531867,INE929K01011,UNITINT,X,,,,,UNITECH INTERNATIONAL LTD.,4.33,4.33,4.22,4.33,4.33,4.32,,4.33,,,2759,11864.0,13,F1,1,,,,,,2025-05-13
2025-05-13,2025-05-13,CM,BSE,STK,531869,INE433G01020,SACHEMT,X,,,,,SACHETA METALS LTD.,4.0,4.3,4.0,4.14,4.12,4.1,,4.14,,,214434,901496.0,216,F1,1,,,,,,2025-05-13
2025-05-13,2025-05-13,CM,BSE,STK,531878,INE283D01018,ANJANIFIN,X,,,,,ANJANI FINANCE LTD.,12.76,12.76,12.4,12.74,12.74,12.66,,12.74,,,3093,39087.0,13,F1,1,,,,,,2025-05-13
2025-05-13,2025-05-13,CM,BSE,STK,531888,INE687C01012,REXNORD,X,,,,,REXNORD ELECTRONICS & CONTROLS,92.1,96.8,92.1,93.27,93.25,92.24,,93.27,,,5576,523261.0,83,F1,1,,,,,,2025-05-13
2025-05-13,2025-05-13,CM,BSE,STK,531889,INE882B01037,IIL,X,,,,,INTEGRATED INDUSTRIES LIMITED,26.87,27.45,26.2,27.04,27.04,26.51,,27.04,,,283787,7578119.0,731,F1,1,,,,,,2025-05-13
2025-05-13,2025-05-13,CM,BSE,STK,531892,INE060B01014,KHANDSE,B,,,,,KHANDWALA SECURITIES LTD.,25.4,25.4,23.0,23.01,23.0,23.75,,23.09,,,394,9072.0,59,F1,1,,,,,,2025-05-13
2025-05-13,2025-05-13,CM,BSE,STK,531893,INE248B01023,SAWACA,X,,,,,SAWACA ENTERPRISES LIMITED,0.53,0.54,0.52,0.53,0.53,0.53,,0.53,,,1043575,549303.0,762,F1,1,,,,,,2025-05-13
2025-05-13,2025-05-13,CM,BSE,STK,531900,INE778E01031,CCLINTER,X,,,,,CCL INTERNATIONAL LTD.,30.99,32.53,28.57,29.29,29.2,31.05,,29.29,,,1407,41869.0,39,F1,1,,,,,,2025-05-13
2025-05-13,2025-05-13,CM,BSE,STK,531902,INE755J01012,GALLOPENT,X,,,,,GALLOPS ENTERPRISE LTD.,21.19,21.19,20.99,20.99,20.99,19.99,,20.99,,,2,42.0,2,F1,1,,,,,,2025-05-13
2025-05-13,2025-05-13,CM,BSE,STK,531909,INE587J01027,CROISSANCE,XT,,,,,CROISSANCE LIMITED,2.98,3.0,2.84,2.9,2.9,2.98,,2.9,,,52996,152899.0,78,F1,1,,,,,,2025-05-13
2025-05-13,2025-05-13,CM,BSE,STK,531910,INE312M01016,MADHUVEER,X,,,,,Madhuveer Com 18 Network Limit,240.1,240.1,221.55,238.8,238.8,235.0,,238.8,,,6122,1408863.0,19,F1,1,,,,,,2025-05-13
2025-05-13,2025-05-13,CM,BSE,STK,531911,INE803L01016,GALAGEX,XT,,,,,GALAXY AGRICO EXPORTS LTD.,51.4,51.6,48.93,51.5,51.5,51.5,,51.5,,,1613,81756.0,11,F1,1,,,,,,2025-05-13
2025-05-13,2025-05-13,CM,BSE,STK,531913,INE641H01018,GOPAIST,X,,,,,GOPAL IRON & STEELS CO.(GUJARA,7.7,8.08,7.7,8.08,8.08,7.7,,8.08,,,7837,62473.0,44,F1,1,,,,,,2025-05-13
2025-05-13,2025-05-13,CM,BSE,STK,531918,INE02XD01011,HINDAPL,XT,,,,,HINDUSTAN APPLIANCES LTD.,130.8,130.8,130.8,130.8,130.8,133.45,,130.8,,,330,43164.0,7,F1,1,,,,,,2025-05-13
2025-05-13,2025-05-13,CM,BSE,STK,531921,INE204E01012,AGARIND,B,,,,,AGARWAL INDUSTRIAL CORPORATION,996.1,1017.9,994.05,1006.8,1011.4,1009.95,,1005.9,,,1291,1302378.0,191,F1,1,,,,,,2025-05-13
2025-05-13,2025-05-13,CM,BSE,STK,531923,INE956B01013,DHAMPURE,X,,,,,DHAMPURE SPECIALITY SUGARS LTD,94.0,94.5,91.1,93.62,93.62,92.43,,93.62,,,4073,377981.0,44,F1,1,,,,,,2025-05-13
2025-05-13,2025-05-13,CM,BSE,STK,531925,INE545N01019,SHAQUAK,X,,,,,SHANTANU SHEOREY AQUAKULT LTD.,1.43,1.59,1.43,1.5,1.5,1.42,,1.5,,,4889,7507.0,16,F1,1,,,,,,2025-05-13
2025-05-13,2025-05-13,CM,BSE,STK,531929,INE214B01017,INNOCORP,X,,,,,INNOCORP LTD.,6.15,6.68,6.11,6.13,6.13,6.43,,6.13,,,3338,20678.0,19,F1,1,,,,,,2025-05-13
2025-05-13,2025-05-13,CM,BSE,STK,531930,INE074H01012,SARTHAKIND,X,,,,,SARTHAK INDUSTRIES LTD.,32.0,33.99,30.5,33.9,31.0,31.69,,33.9,,,2144,69979.0,27,F1,1,,,,,,2025-05-13
2025-05-13,2025-05-13,CM,BSE,STK,531931,INE531X01018,SAICAPI,XT,,,,,SAI CAPITAL LTD.,206.25,206.25,202.3,203.3,203.3,206.25,,203.3,,,129,26539.0,11,F1,1,,,,,,2025-05-13
2025-05-13,2025-05-13,CM,BSE,STK,531944,INE185D01015,LEXORAA,XT,,,,,LEXORAA INDUSTRIES LIMITED,13.31,13.31,12.65,12.65,12.65,13.31,,12.65,,,5233,66309.0,14,F1,1,,,,,,2025-05-13
2025-05-13,2025-05-13,CM,BSE,STK,531950,INE316D01024,VERTEX,X,,,,,VERTEX SECURITIES LTD.,4.6,4.62,4.16,4.29,4.31,4.48,,4.29,,,40196,178599.0,121,F1,1,,,,,,2025-05-13
2025-05-13,2025-05-13,CM,BSE,STK,531952,INE811H01017,RIBATEX,X,,,,,RIBA TEXTILES LTD.,79.0,79.0,75.81,76.63,75.81,77.01,,76.63,,,2422,186995.0,41,F1,1,,,,,,2025-05-13
2025-05-13,2025-05-13,CM,BSE,STK,531959,INE997D01021,NEWINFRA,XT,,,,,NEWTIME INFRASTRUCTURE LIMITED,3.4,3.4,3.08,3.39,3.4,3.24,,3.39,,,105086,354142.0,209,F1,1,,,,,,2025-05-13
2025-05-13,2025-05-13,CM,BSE,STK,531960,INE108B01029,KASHYAP,XT,,,,,Kashyap Tele-Medicines Limited,7.78,7.78,7.78,7.78,7.78,7.63,,7.78,,,1095,8519.0,15,F1,1,,,,,,2025-05-13
2025-05-13,2025-05-13,CM,BSE,STK,531962,INE914B01012,SHREMETAL,X,,,,,SHREE METALLOYS LTD.,41.0,41.4,37.21,38.55,40.09,40.32,,38.55,,,2140,82379.0,23,F1,1,,,,,,2025-05-13
2025-05-13,2025-05-13,CM,BSE,STK,531968,INE786E01018,IITLPROJ,X,,,,,IITL PROJECTS LIMITED,50.0,50.0,50.0,50.0,50.0,48.75,,50.0,,,111,5550.0,4,F1,1,,,,,,2025-05-13
2025-05-13,2025-05-13,CM,BSE,STK,531977,INE558F01026,CHLOGIST,X,,,,,CHARTERED LOGISTICS LTD.,9.33,9.49,9.08,9.44,9.28,9.15,,9.44,,,69069,645355.0,120,F1,1,,,,,,2025-05-13
2025-05-13,2025-05-13,CM,BSE,STK,531978,INE540G01014,AMBIKCO,B,,,,,AMBIKA COTTON MILLS LTD.,1440.95,1440.95,1418.8,1424.95,1425.1,1414.65,,1428.0,,,491,701724.0,64,F1,1,,,,,,2025-05-13
2025-05-13,2025-05-13,CM,BSE,STK,531979,INE227B01019,HINDALUMI,X,,,,,HIND ALUMINIUM INDUSTRIES LTD.,78.0,78.0,73.0,74.87,75.0,73.38,,74.87,,,2986,223080.0,27,F1,1,,,,,,2025-05-13
2025-05-13,2025-05-13,CM,BSE,STK,531980,INE564B01015,SENINFO,XT,,,,,SENTHIL INFOTEK LTD,18.24,18.24,18.24,18.24,18.24,17.89,,18.24,,,1,18.0,1,F1,1,,,,,,2025-05-13
2025-05-13,2025-05-13,CM,BSE,STK,531982,INE547C01018,SPECFOOD,X,,,,,SPECTRUM FOODS LTD.,29.44,30.0,28.75,29.52,29.52,28.91,,29.52,,,79747,2363913.0,154,F1,1,,,,,,2025-05-13
2025-05-13,2025-05-13,CM,BSE,STK,531991,INE735C01027,AMRAAGRI,X,,,,,AMRAWORLD AGRICO LTD.,1.1,1.1,1.05,1.07,1.08,1.08,,1.07,,,193964,208569.0,267,F1,1,,,,,,2025-05-13
2025-05-13,2025-05-13,CM,BSE,STK,531996,INE839E01023,ODYCORP,XT,,,,,ODYSSEY CORPORATION LTD.,18.44,18.44,18.44,18.44,18.44,18.81,,18.44,,,3358,61921.0,18,F1,1,,,,,,2025-05-13
2025-05-13,2025-05-13,CM,BSE,STK,531997,INE164D01010,VUENOW,XT,,,,,VUENOW INFRATECH LIMITED,115.0,115.0,109.4,112.75,112.35,114.15,,112.75,,,109070,12280468.0,218,F1,1,,,,,,2025-05-13
2025-05-13,2025-05-13,CM,BSE,STK,532001,INE146H01018,INDCTST,X,,,,,INDUCTO STEEL LTD.,64.25,64.25,61.2,61.21,61.21,60.01,,61.21,,,675,41793.0,31,F1,1,,,,,,2025-05-13
2025-05-13,2025-05-13,CM,BSE,STK,532005,INE653D01012,SAMINDUS,XT,,,,,SAM INDUSTRIES LTD.,66.99,70.3,65.65,69.0,69.0,66.99,,69.0,,,101,6840.0,8,F1,1,,,,,,2025-05-13
2025-05-13,2025-05-13,CM,BSE,STK,532007,INE981C01019,SHVFL,X,,,,,SHREEVATSAA FINANCE & LEASING,24.96,24.96,24.96,24.96,24.96,23.78,,24.96,,,37,923.0,2,F1,1,,,,,,2025-05-13
2025-05-13,2025-05-13,CM,BSE,STK,532011,INE147C01017,POOJAENT,X,,,,,VASHU BHAGNANI INDUSTRIES LIMI,102.0,102.0,100.0,101.4,101.95,98.7,,101.4,,,820,83218.0,15,F1,1,,,,,,2025-05-13
2025-05-13,2025-05-13,CM,BSE,STK,532015,INE995A01013,GRAVITY,XT,,,,,GRAVITY (INDIA) LTD.,4.63,4.84,4.5,4.69,4.69,4.64,,4.69,,,325606,1527744.0,35,F1,1,,,,,,2025-05-13
2025-05-13,2025-05-13,CM,BSE,STK,532016,INE176O01011,ESPIRE,XT,,,,,ESPIRE HOSPITALITY LIMITED,419.9,438.0,419.9,430.0,430.0,419.9,,430.0,,,1149,495844.0,28,F1,1,,,,,,2025-05-13
2025-05-13,2025-05-13,CM,BSE,STK,532019,INE938A01021,LCCINFOTEC,T,,,,,LCC INFOTECH LTD.,5.99,5.99,5.46,5.57,5.48,5.74,,5.56,,,22146,122373.0,67,F1,1,,,,,,2025-05-13
2025-05-13,2025-05-13,CM,BSE,STK,532022,INE185E01021,FILATFASH,T,,,,,FILATEX FASHIONS LTD.,0.46,0.48,0.45,0.47,0.47,0.46,,0.46,,,5742226,2719716.0,1404,F1,1,,,,,,2025-05-13
2025-05-13,2025-05-13,CM,BSE,STK,532029,INE325D01025,SINDHUTRAD,B,,,,,SINDHU TRADE LINKS LIMITED,20.01,20.52,20.01,20.13,20.13,20.53,,20.09,,,75998,1535192.0,326,F1,1,,,,,,2025-05-13
2025-05-13,2025-05-13,CM,BSE,STK,532039,INE486F01012,ZENOTECH,X,,,,,ZENOTECH LABORATORIES LTD.,56.35,57.49,55.65,56.84,56.9,56.03,,56.84,,,6438,365430.0,62,F1,1,,,,,,2025-05-13
2025-05-13,2025-05-13,CM,BSE,STK,532041,INE597C01021,HINDBIO,XT,,,,,HINDUSTAN BIO SCIENCES LTD.,8.01,8.01,7.98,7.98,7.98,7.98,,7.98,,,1737,13885.0,18,F1,1,,,,,,2025-05-13
2025-05-13,2025-05-13,CM,BSE,STK,532042,INE092D01013,FRONTCORP,X,,,,,FRONTLINE CORPORATION LTD.,43.5,43.5,42.99,43.49,43.49,43.85,,43.49,,,1131,48686.0,8,F1,1,,,,,,2025-05-13
2025-05-13,2025-05-13,CM,BSE,STK,532051,INE409B01013,SWELECTES,T,,,,,SWELECT ENERGY SYSTEMS LIMITED,579.0,581.25,570.5,581.25,581.25,553.6,,574.95,,,196,113676.0,14,F1,1,,,,,,2025-05-13
2025-05-13,2025-05-13,CM,BSE,STK,532053,INE121B01014,WALLFORT,XT,,,,,WALLFORT FINANCIAL SERVICES LT,110.0,113.9,106.85,110.2,112.0,110.0,,110.2,,,1811,205128.0,15,F1,1,,,,,,2025-05-13
2025-05-13,2025-05-13,CM,BSE,STK,532054,INE291D01011,KDDL,B,,,,,KDDL LTD.,2686.1,2739.15,2678.8,2704.95,2710.0,2678.8,,2706.3,,,368,998123.0,139,F1,1,,,,,,2025-05-13
2025-05-13,2025-05-13,CM,BSE,STK,532056,INE398H01015,ADIEXRE,XT,,,,,ADINATH EXIM RESOURCES LTD.,55.5,57.05,54.42,54.54,56.5,57.28,,54.54,,,2317,128184.0,26,F1,1,,,,,,2025-05-13
2025-05-13,2025-05-13,CM,BSE,STK,532057,INE516F01016,ABHICAP,X,,,,,ABHINAV CAPITAL SERVICES LTD.,125.95,125.95,125.95,125.95,125.95,125.95,,125.95,,,10,1259.0,1,F1,1,,,,,,2025-05-13
2025-05-13,2025-05-13,CM,BSE,STK,532067,INE994E01018,3BBLACKBIO,B,,,,,3B BlackBio Dx Limited,1711.05,1764.9,1711.05,1738.45,1735.0,1744.2,,1738.45,,,1169,2041653.0,118,F1,1,,,,,,2025-05-13
2025-05-13,2025-05-13,CM,BSE,STK,532070,INE311N01016,SUMUKA,X,,,,,Sumuka Agro Industries Limited,185.9,203.0,175.0,195.8,195.8,178.3,,195.8,,,106155,19972901.0,687,F1,1,,,,,,2025-05-13
2025-05-13,2025-05-13,CM,BSE,STK,532078,INE407E01029,MONIND,X,,,,,MONIND LIMITED,25.58,25.58,25.58,25.58,25.58,25.58,,25.58,,,12,306.0,1,F1,1,,,,,,2025-05-13
2025-05-13,2025-05-13,CM,BSE,STK,532090,INE219M01021,VANDANA,XT,,,,,VANDANA KNITWEAR LTD.,15.26,15.26,15.26,15.26,15.26,15.57,,15.26,,,18202,277762.0,33,F1,1,,,,,,2025-05-13
2025-05-13,2025-05-13,CM,BSE,STK,532092,INE807D01030,EPUJA,X,,,,,EPUJA SPIRITECH LIMITED,3.34,3.44,3.27,3.39,3.39,3.21,,3.39,,,764591,2575731.0,116,F1,1,,,,,,2025-05-13
2025-05-13,2025-05-13,CM,BSE,STK,532100,INE456B01014,INDOCITY,XT,,,,,INDO-CITY INFOTECH LTD.,11.44,11.44,11.12,11.3,11.3,10.9,,11.3,,,1004,11170.0,15,F1,1,,,,,,2025-05-13
2025-05-13,2025-05-13,CM,BSE,STK,532102,INE948G01019,SBECSUG,XT,,,,,SBEC SUGAR LTD.,36.5,38.62,36.5,37.0,37.0,36.87,,37.0,,,1200,45044.0,24,F1,1,,,,,,2025-05-13
2025-05-13,2025-05-13,CM,BSE,STK,532113,INE957E01031,BRIJLEAS,X,,,,,BRIJLAXMI LEASING & FINANCE LT,8.1,8.5,8.1,8.1,8.1,8.5,,8.1,,,595,4819.0,5,F1,1,,,,,,2025-05-13
2025-05-13,2025-05-13,CM,BSE,STK,532123,INE395A01016,BSELALGO,X,,,,,BSEL ALGO LIMITED,7.3,7.3,7.0,7.16,7.16,7.21,,7.16,,,126950,905408.0,492,F1,1,,,,,,2025-05-13
2025-05-13,2025-05-13,CM,BSE,STK,532124,INE419H01019,RELIABVEN,X,,,,,RELIABLE VENTURES INDIA LTD.,21.49,21.49,21.01,21.49,21.49,21.5,,21.49,,,1041,22017.0,7,F1,1,,,,,,2025-05-13
2025-05-13,2025-05-13,CM,BSE,STK,532131,INE382B01012,TRIUMPIN,XT,,,,,TRIUMPH INTERNATIONAL FINANCE,20.62,20.62,20.62,20.62,20.62,20.22,,20.62,,,760,15671.0,7,F1,1,,,,,,2025-05-13
2025-05-13,2025-05-13,CM,BSE,STK,532134,INE028A01039,BANKBARODA,A,,,,,BANK OF BARODA,226.8,234.2,226.6,232.75,232.75,226.85,,232.75,,,748607,173890706.0,7488,F1,1,,,,,,2025-05-13
2025-05-13,2025-05-13,CM,BSE,STK,532140,INE154B01023,MOHITE,X,,,,,MOHITE INDUSTRIES LIMITED,3.97,3.97,3.97,3.97,3.97,4.05,,3.97,,,23311,92544.0,123,F1,1,,,,,,2025-05-13
2025-05-13,2025-05-13,CM,BSE,STK,532141,INE666E01020,ACL,B,,,,,ANDHRA CEMENTS LTD.,56.2,57.2,54.5,56.1,56.05,55.96,,55.97,,,9631,545508.0,386,F1,1,,,,,,2025-05-13
2025-05-13,2025-05-13,CM,BSE,STK,532143,INE411D01015,SKMEGGPROD,B,,,,,SKM EGG PRODUCTS EXPORT (INDIA,193.25,196.5,192.5,194.45,194.5,193.35,,194.35,,,3698,716708.0,262,F1,1,,,,,,2025-05-13
2025-05-13,2025-05-13,CM,BSE,STK,532144,INE191B01025,WELCORP,A,,,,,WELSPUN CORP LIMITED,770.0,772.75,751.95,766.8,764.0,759.5,,767.05,,,14415,11024890.0,905,F1,1,,,,,,2025-05-13
2025-05-13,2025-05-13,CM,BSE,STK,532145,INE731B01010,HOTLSILV,X,,,,,H.S.INDIA LTD.,12.01,13.2,12.01,13.12,13.12,12.65,,13.12,,,565,7380.0,16,F1,1,,,,,,2025-05-13
2025-05-13,2025-05-13,CM,BSE,STK,532149,INE084A01016,BANKINDIA,A,,,,,BANK OF INDIA,110.9,115.15,110.5,112.55,112.55,110.05,,112.56,,,1253989,142903696.0,4675,F1,1,,,,,,2025-05-13
2025-05-13,2025-05-13,CM,BSE,STK,532150,INE681B01017,INDRAMEDCO,B,,,,,INDRAPRASTHA MEDICAL CORP.LTD.,405.55,418.75,404.05,417.5,418.0,405.1,,417.75,,,8707,3588799.0,573,F1,1,,,,,,2025-05-13
2025-05-13,2025-05-13,CM,BSE,STK,532154,INE560F01022,JOHNPHARMA,X,,,,,JOHNSON PHARMACARE LIMITED,0.93,0.93,0.9,0.92,0.92,0.92,,0.92,,,610064,560391.0,1011,F1,1,,,,,,2025-05-13
2025-05-13,2025-05-13,CM,BSE,STK,532155,INE129A01019,GAIL,A,,,,,GAIL (INDIA) LTD.,188.75,189.5,183.2,183.95,183.95,187.8,,183.83,,,749825,139622712.0,10015,F1,1,,,,,,2025-05-13
2025-05-13,2025-05-13,CM,BSE,STK,532156,INE884A01027,VAIBHAVGBL,A,,,,,VAIBHAV GLOBAL LTD,234.9,241.0,232.4,240.4,240.55,233.6,,240.44,,,77133,18337860.0,2338,F1,1,,,,,,2025-05-13
2025-05-13,2025-05-13,CM,BSE,STK,532159,INE088D01011,TRESCON,XT,,,,,TRESCON LIMITED,10.99,10.99,10.51,10.96,10.96,11.04,,10.96,,,2026,21832.0,9,F1,1,,,,,,2025-05-13
2025-05-13,2025-05-13,CM,BSE,STK,532160,INE944A01011,GUJSTATFIN,B,,,,,GUJARAT STATE FINANCIAL CORPOR,15.32,17.0,15.32,16.44,16.28,16.27,,16.44,,,27429,451385.0,183,F1,1,,,,,,2025-05-13
2025-05-13,2025-05-13,CM,BSE,STK,532162,INE789E01012,JKPAPER,A,,,,,JK PAPER LTD.,319.4,334.3,319.4,333.05,333.05,319.75,,332.35,,,20095,6577583.0,620,F1,1,,,,,,2025-05-13
2025-05-13,2025-05-13,CM,BSE,STK,532163,INE979A01025,SAREGAMA,A,,,,,SAREGAMA INDIA LTD.,521.3,546.35,521.3,544.6,543.15,542.75,,544.2,,,3459,1866576.0,310,F1,1,,,,,,2025-05-13
2025-05-13,2025-05-13,CM,BSE,STK,532172,INE737B01033,ADROITINFO,B,,,,,Adroit Infotech Limited,11.56,11.56,11.12,11.22,11.2,11.04,,11.17,,,8053,90495.0,67,F1,1,,,,,,2025-05-13
2025-05-13,2025-05-13,CM,BSE,STK,532173,INE214A01019,CYBERTECH,T,,,,,CYBERTECH SYSTEMS AND SOFTWARE,152.4,156.0,151.0,154.25,155.7,148.7,,153.07,,,6707,1036340.0,59,F1,1,,,,,,2025-05-13
2025-05-13,2025-05-13,CM,BSE,STK,532174,INE090A01021,ICICIBANK,A,,,,,ICICI BANK LTD.,1441.95,1447.6,1427.05,1431.1,1431.1,1449.7,,1430.6,,,510161,730603119.0,14773,F1,1,,,,,,2025-05-13
2025-05-13,2025-05-13,CM,BSE,STK,532175,INE136B01020,CYIENT,A,,,,,CYIENT LIMITED,1269.7,1269.7,1235.5,1243.2,1243.75,1257.95,,1243.4,,,15631,19498239.0,1296,F1,1,,,,,,2025-05-13
2025-05-13,2025-05-13,CM,BSE,STK,532178,INE510A01028,ENGINERSIN,A,,,,,ENGINEERS INDIA LTD.,184.1,187.0,182.25,183.95,183.5,184.0,,183.96,,,116455,21492269.0,1187,F1,1,,,,,,2025-05-13
2025-05-13,2025-05-13,CM,BSE,STK,532180,INE680A01011,DHANBANK,B,,,,,DHANLAXMI BANK LIMITED,29.9,30.13,29.27,30.1,30.1,28.7,,30.09,,,126566,3788885.0,481,F1,1,,,,,,2025-05-13
2025-05-13,2025-05-13,CM,BSE,STK,532181,INE131A01031,GMDCLTD,A,,,,,GUJARAT MINERAL DEVELOPMENT CO,312.5,318.15,308.8,311.4,311.25,314.05,,311.25,,,56983,17889976.0,1304,F1,1,,,,,,2025-05-13
2025-05-13,2025-05-13,CM,BSE,STK,532183,INE622E01023,GAYATRI,X,,,,,GAYATRI SUGARS LTD.,8.07,8.47,7.6,8.0,8.0,7.91,,8.0,,,154490,1237802.0,394,F1,1,,,,,,2025-05-13
2025-05-13,2025-05-13,CM,BSE,STK,532187,INE095A01012,INDUSINDBK,A,,,,,INDUSIND BANK LTD.,795.0,803.9,769.3,770.35,770.35,788.65,,770.1,,,566797,443522899.0,20179,F1,1,,,,,,2025-05-13
2025-05-13,2025-05-13,CM,BSE,STK,532189,INE353K01014,ITDC,B,,,,,INDIA TOURISM DEVELOPMENT CORP,550.85,575.0,550.85,571.1,572.0,560.55,,570.9,,,937,533420.0,150,F1,1,,,,,,2025-05-13
2025-05-13,2025-05-13,CM,BSE,STK,532209,INE168A01041,J&KBANK,A,,,,,JAMMU & KASHMIR BANK LTD.,98.0,102.5,96.42,101.65,101.2,97.32,,101.61,,,1130120,112651536.0,6568,F1,1,,,,,,2025-05-13
2025-05-13,2025-05-13,CM,BSE,STK,532210,INE491A01021,CUB,A,,,,,CITY UNION BANK LTD.,181.55,191.0,181.55,190.8,190.35,183.85,,190.74,,,142374,26813964.0,1767,F1,1,,,,,,2025-05-13
2025-05-13,2025-05-13,CM,BSE,STK,532212,INE731A01020,ARCHIES,B,,,,,ARCHIES LTD.,18.21,18.9,18.21,18.52,18.49,18.48,,18.5,,,1029,19316.0,36,F1,1,,,,,,2025-05-13
2025-05-13,2025-05-13,CM,BSE,STK,532215,INE238A01034,AXISBANK,A,,,,,AXIS BANK LTD.,1204.15,1214.7,1190.05,1193.95,1193.95,1204.1,,1193.6,,,248283,297543843.0,9007,F1,1,,,,,,2025-05-13
2025-05-13,2025-05-13,CM,BSE,STK,532216,INE550B01022,HBSL,B,,,,,HB STOCKHOLDINGS LTD.,82.04,87.27,82.04,84.21,84.21,83.63,,83.65,,,1152,96668.0,28,F1,1,,,,,,2025-05-13
2025-05-13,2025-05-13,CM,BSE,STK,532217,INE027F01014,SIELFNS,XT,,,,,SIEL FINANCIAL SERVICES LTD.,13.2,13.2,13.2,13.2,13.2,13.46,,13.2,,,6992,92294.0,13,F1,1,,,,,,2025-05-13
2025-05-13,2025-05-13,CM,BSE,STK,532218,INE683A01023,SOUTHBANK,A,,,,,SOUTH INDIAN BANK LTD.,25.49,26.5,25.26,26.44,26.44,25.51,,26.45,,,1393899,36432374.0,5005,F1,1,,,,,,2025-05-13
2025-05-13,2025-05-13,CM,BSE,STK,532219,INE306C01019,ENERGYDEV,B,,,,,ENERGY DEVELOPMENT COMPANY LTD,19.38,19.73,18.65,19.1,19.15,19.06,,19.02,,,26392,504097.0,177,F1,1,,,,,,2025-05-13
2025-05-13,2025-05-13,CM,BSE,STK,532221,INE269A01021,SONATSOFTW,A,,,,,SONATA SOFTWARE LTD.,399.05,409.0,389.3,399.95,399.95,397.15,,400.0,,,738781,296100896.0,12838,F1,1,,,,,,2025-05-13
2025-05-13,2025-05-13,CM,BSE,STK,532230,INE665D01016,BENGALT,X,,,,,BENGAL TEA & FABRICS LTD.,142.1,142.1,135.0,137.25,137.05,142.05,,137.25,,,240,33638.0,14,F1,1,,,,,,2025-05-13
2025-05-13,2025-05-13,CM,BSE,STK,532234,INE139A01034,NATIONALUM,A,,,,,NATIONAL ALUMINIUM CO.LTD.,169.5,170.4,164.55,165.2,165.2,168.95,,165.05,,,723723,121366584.0,9806,F1,1,,,,,,2025-05-13
2025-05-13,2025-05-13,CM,BSE,STK,532240,INE092B01025,INDNIPPON,B,,,,,INDIA NIPPON ELECTRICALS LTD.,608.6,621.65,608.45,612.15,612.15,609.3,,610.15,,,716,439390.0,253,F1,1,,,,,,2025-05-13
2025-05-13,2025-05-13,CM,BSE,STK,532256,INE023A01030,NSIL,B,,,,,NALWA SONS INVESTMENTS LTD.,6749.7,6819.95,6674.35,6733.65,6733.65,6739.45,,6712.0,,,878,5920143.0,320,F1,1,,,,,,2025-05-13
2025-05-13,2025-05-13,CM,BSE,STK,532259,INE372A01015,APARINDS,A,,,,,APAR INDUSTRIES LTD.,6378.9,6529.0,6306.4,6507.35,6492.45,6301.05,,6510.5,,,13096,84432146.0,2398,F1,1,,,,,,2025-05-13
2025-05-13,2025-05-13,CM,BSE,STK,532262,INE920B01019,TCIIND,X,,,,,TCI INDUSTRIES LTD.,1278.95,1280.0,1234.0,1274.65,1280.0,1270.0,,1274.65,,,113,143256.0,20,F1,1,,,,,,2025-05-13
2025-05-13,2025-05-13,CM,BSE,STK,532268,INE793A01012,ACCELYA,B,,,,,ACCELYA SOLUTIONS INDIA LIMITE,1377.0,1377.1,1360.0,1374.7,1377.0,1358.95,,1370.6,,,255,348998.0,85,F1,1,,,,,,2025-05-13
2025-05-13,2025-05-13,CM,BSE,STK,532271,INE215B01022,ORCHASP,T,,,,,ORCHASP LIMITED,2.93,2.94,2.86,2.9,2.89,2.9,,2.88,,,48068,139856.0,42,F1,1,,,,,,2025-05-13
2025-05-13,2025-05-13,CM,BSE,STK,532275,INE394C01023,LANDMARC,XT,,,,,LANDMARC LEISURE CORPORATION L,1.8,1.81,1.65,1.7,1.75,1.73,,1.7,,,63359,111592.0,128,F1,1,,,,,,2025-05-13
2025-05-13,2025-05-13,CM,BSE,STK,532281,INE860A01027,HCLTECH,A,,,,,HCL TECHNOLOGIES LTD.,1679.3,1684.9,1616.05,1620.45,1620.5,1669.65,,1619.7,,,119920,195592253.0,7193,F1,1,,,,,,2025-05-13
2025-05-13,2025-05-13,CM,BSE,STK,532284,INE389D01013,TCFCFINQ,X,,,,,TCFC FINANCE LTD.,50.0,51.74,48.26,50.49,50.49,50.0,,50.49,,,6152,310898.0,67,F1,1,,,,,,2025-05-13
2025-05-13,2025-05-13,CM,BSE,STK,532285,INE007B01023,GEOJITFSL,B,,,,,Geojit Financial Services Limi,80.0,81.06,79.68,80.59,80.7,79.44,,80.58,,,28530,2293971.0,635,F1,1,,,,,,2025-05-13
2025-05-13,2025-05-13,CM,BSE,STK,532286,INE749A01030,JINDALSTEL,A,,,,,JINDAL STEEL & POWER LTD.,903.95,915.0,896.15,909.45,909.1,904.85,,909.7,,,68463,62195173.0,2621,F1,1,,,,,,2025-05-13
2025-05-13,2025-05-13,CM,BSE,STK,532290,INE791A01024,BLBLIMITED,B,,,,,BLB LTD.,14.99,15.74,14.99,15.01,15.14,15.11,,15.04,,,12131,183002.0,148,F1,1,,,,,,2025-05-13
2025-05-13,2025-05-13,CM,BSE,STK,532296,INE935A01035,GLENMARK,A,,,,,GLENMARK PHARMACEUTICALS LTD.,1381.2,1428.9,1381.2,1416.6,1416.75,1381.2,,1417.4,,,11361,16093322.0,1318,F1,1,,,,,,2025-05-13
2025-05-13,2025-05-13,CM,BSE,STK,532300,INE049B01025,WOCKPHARMA,A,,,,,WOCKHARDT LTD.,1289.95,1350.0,1273.5,1278.2,1278.2,1270.85,,1276.9,,,48592,63489789.0,3201,F1,1,,,,,,2025-05-13
2025-05-13,2025-05-13,CM,BSE,STK,532303,INE934A01012,INTEGHIT,X,,,,,INTEGRATED HITECH LTD.,5.66,5.67,5.66,5.67,5.67,5.4,,5.67,,,12333,69815.0,14,F1,1,,,,,,2025-05-13
2025-05-13,2025-05-13,CM,BSE,STK,532304,INE602C01011,KJMCCORP,X,,,,,KJMC CORPORATE ADVISORS (INDIA,75.75,76.5,74.0,76.22,76.22,75.0,,76.22,,,321,24353.0,11,F1,1,,,,,,2025-05-13
2025-05-13,2025-05-13,CM,BSE,STK,532305,INE915B01019,INDSWFTLAB,B,,,,,IND-SWIFT LABORATORIES LTD.,73.09,76.95,72.7,74.75,74.75,72.37,,74.89,,,33081,2470331.0,686,F1,1,,,,,,2025-05-13
2025-05-13,2025-05-13,CM,BSE,STK,532309,INE878A01011,GEPIL,B,,,,,GE Power India Ltd,235.95,245.55,235.85,239.4,240.1,237.3,,239.56,,,16484,3975433.0,517,F1,1,,,,,,2025-05-13
2025-05-13,2025-05-13,CM,BSE,STK,532310,INE879A01019,SHREERAMA,B,,,,,SHREE RAMA MULTI-TECH LTD.,34.6,35.39,33.5,33.51,33.55,33.85,,33.59,,,17201,591565.0,190,F1,1,,,,,,2025-05-13
2025-05-13,2025-05-13,CM,BSE,STK,532313,INE813A01018,MAHLIFE,A,,,,,MAHINDRA LIFESPACE DEVELOPERS,313.95,321.7,309.2,313.7,314.3,308.1,,313.65,,,125748,39240655.0,3239,F1,1,,,,,,2025-05-13
2025-05-13,2025-05-13,CM,BSE,STK,532315,INE042B01012,GROARC,XT,,,,,GROARC INDUSTRIES INDIA LIMITE,7.12,7.12,6.46,6.46,6.46,6.79,,6.46,,,223,1454.0,5,F1,1,,,,,,2025-05-13
2025-05-13,2025-05-13,CM,BSE,STK,532321,INE010B01027,ZYDUSLIFE,A,,,,,Zydus Lifesciences Limited,886.9,903.8,886.65,901.65,902.2,884.65,,901.85,,,20712,18605234.0,1735,F1,1,,,,,,2025-05-13
2025-05-13,2025-05-13,CM,BSE,STK,532323,INE555C01029,SHIVACEM,B,,,,,SHIVA CEMENT LTD.,30.5,30.5,30.0,30.45,30.45,30.22,,30.45,,,53629,1626747.0,351,F1,1,,,,,,2025-05-13
2025-05-13,2025-05-13,CM,BSE,STK,532324,INE039B01026,CINEVISTA,B,,,,,CINEVISTA LTD.,15.03,15.78,14.36,14.9,14.81,15.15,,14.93,,,7659,113145.0,30,F1,1,,,,,,2025-05-13
2025-05-13,2025-05-13,CM,BSE,STK,532326,INE781A01025,INTENTECH,B,,,,,INTENSE TECHNOLOGIES LTD.,93.0,95.2,92.3,94.0,94.0,89.09,,95.5,,,1751,164704.0,54,F1,1,,,,,,2025-05-13
2025-05-13,2025-05-13,CM,BSE,STK,532329,INE310B01013,DANLAW,XT,,,,,DANLAW TECHNOLOGIES INDIA LTD.,967.5,982.0,941.75,969.05,969.95,940.85,,969.05,,,1743,1686175.0,159,F1,1,,,,,,2025-05-13
2025-05-13,2025-05-13,CM,BSE,STK,532331,INE031B01049,AJANTPHARM,A,,,,,AJANTA PHARMA LTD.,2486.5,2599.6,2486.5,2591.9,2586.25,2480.3,,2592.7,,,3407,8705068.0,579,F1,1,,,,,,2025-05-13
2025-05-13,2025-05-13,CM,BSE,STK,532332,INE117B01020,CURAA,T,,,,,CURA TECHNOLOGIES LTD.,83.65,83.65,83.65,83.65,83.65,82.01,,83.65,,,10,836.0,1,F1,1,,,,,,2025-05-13
2025-05-13,2025-05-13,CM,BSE,STK,532333,INE638B01025,HBPOR,X,,,,,HB PORTFOLIO LTD.,99.0,99.0,87.11,93.98,93.97,92.2,,93.98,,,1832,169663.0,50,F1,1,,,,,,2025-05-13
2025-05-13,2025-05-13,CM,BSE,STK,532334,INE640B01021,HBESD,X,,,,,HB ESTATE DEVELOPERS LTD.,93.0,98.0,87.1,94.48,94.7,90.42,,94.48,,,6002,564045.0,61,F1,1,,,,,,2025-05-13
2025-05-13,2025-05-13,CM,BSE,STK,532335,INE792B01012,AMBICAAGAR,B,,,,,AMBICA AGARBATHIES & AROMA IND,27.5,28.5,24.37,27.91,27.91,27.27,,27.86,,,958,25298.0,19,F1,1,,,,,,2025-05-13
2025-05-13,2025-05-13,CM,BSE,STK,532339,INE453B01029,COMPUSOFT,B,,,,,COMPUCOM SOFTWARE LTD.,19.51,20.6,19.51,20.11,20.05,19.35,,20.08,,,56620,1145981.0,553,F1,1,,,,,,2025-05-13
2025-05-13,2025-05-13,CM,BSE,STK,532340,INE369B01019,OMNIAX,X,,,,,OMNI AXS SOFTWARE LTD.,3.13,3.13,3.13,3.13,3.13,3.07,,3.13,,,155,485.0,7,F1,1,,,,,,2025-05-13
2025-05-13,2025-05-13,CM,BSE,STK,532341,INE848A01014,IZMO,T,,,,,IZMO Limited,295.2,306.1,295.2,306.1,306.1,291.55,,304.95,,,9294,2832251.0,108,F1,1,,,,,,2025-05-13
2025-05-13,2025-05-13,CM,BSE,STK,532343,INE494B01023,TVSMOTOR,A,,,,,TVS MOTOR COMPANY LTD.,2761.1,2780.9,2701.0,2712.0,2716.0,2760.15,,2712.4,,,17082,46686402.0,2324,F1,1,,,,,,2025-05-13
2025-05-13,2025-05-13,CM,BSE,STK,532344,INE002B01016,SOFTSOL,X,,,,,SOFTSOL INDIA LTD.,213.0,228.6,213.0,223.6,224.95,218.65,,223.6,,,97,21205.0,11,F1,1,,,,,,2025-05-13
2025-05-13,2025-05-13,CM,BSE,STK,532345,INE152B01027,ACLGATI,B,,,,,ALLCARGO GATI LIMITED,61.98,63.22,60.2,62.42,62.62,60.78,,62.39,,,44893,2804549.0,914,F1,1,,,,,,2025-05-13
2025-05-13,2025-05-13,CM,BSE,STK,532348,INE754A01055,SUBEXLTD,A,,,,,SUBEX LTD.,12.46,13.39,12.4,13.1,13.24,12.45,,13.11,,,431796,5599726.0,1558,F1,1,,,,,,2025-05-13
2025-05-13,2025-05-13,CM,BSE,STK,532349,INE688A01022,TCI,B,,,,,TRANSPORT CORPORATION OF INDIA,1120.0,1135.6,1108.3,1122.25,1124.9,1113.65,,1117.6,,,1026,1146204.0,283,F1,1,,,,,,2025-05-13
2025-05-13,2025-05-13,CM,BSE,STK,532350,INE243B01016,PADMALAYAT,Z,,,,,PADMALAYA TELEFILMS LTD.,3.96,3.96,3.9,3.9,3.9,3.78,,3.9,,,3472,13687.0,14,F1,1,,,,,,2025-05-13
2025-05-13,2025-05-13,CM,BSE,STK,532351,INE523B01011,AKSHOPTFBR,T,,,,,AKSH OPTIFIBRE LTD.,9.39,9.66,9.06,9.5,9.5,9.39,,9.51,,,60230,562366.0,138,F1,1,,,,,,2025-05-13
2025-05-13,2025-05-13,CM,BSE,STK,532354,INE400B01020,VIRGOGLOB,X,,,,,Virgo Global Limited,5.68,6.0,5.66,6.0,6.0,5.7,,6.0,,,6301,35906.0,15,F1,1,,,,,,2025-05-13
2025-05-13,2025-05-13,CM,BSE,STK,532355,INE448B01029,PICTUREHS,X,,,,,PICTUREHOUSE MEDIA LTD.,6.71,7.15,6.53,7.04,7.04,6.85,,7.04,,,663,4627.0,10,F1,1,,,,,,2025-05-13
2025-05-13,2025-05-13,CM,BSE,STK,532356,INE256C01024,TRIVENI,A,,,,,TRIVENI ENGINEERING & INDUSTRI,420.0,426.5,420.0,421.95,420.4,418.2,,421.5,,,8834,3733603.0,441,F1,1,,,,,,2025-05-13
2025-05-13,2025-05-13,CM,BSE,STK,532357,INE374B01019,MUKTAARTS,B,,,,,MUKTA ARTS LTD.,67.07,78.0,67.07,76.0,76.0,72.63,,74.73,,,5058,382436.0,264,F1,1,,,,,,2025-05-13
2025-05-13,2025-05-13,CM,BSE,STK,532362,INE099E01016,NAGPI,X,,,,,NAGPUR POWER & INDUSTRIES LTD.,118.5,120.75,117.0,118.75,120.0,117.95,,118.75,,,721,85583.0,17,F1,1,,,,,,2025-05-13
2025-05-13,2025-05-13,CM,BSE,STK,532365,INE417B01040,DSSL,B,,,,,DYNACONS SYSTEMS & SOLUTIONS L,1112.0,1130.0,1090.05,1098.75,1106.25,1114.9,,1097.0,,,8438,9332209.0,939,F1,1,,,,,,2025-05-13
2025-05-13,2025-05-13,CM,BSE,STK,532366,INE859A01011,PNBGILTS,B,,,,,PNB GILTS LTD.,93.98,95.85,92.55,94.45,94.65,93.62,,94.24,,,17469,1650345.0,330,F1,1,,,,,,2025-05-13
2025-05-13,2025-05-13,CM,BSE,STK,532369,INE614A01028,RAMCOIND,B,,,,,RAMCO INDUSTRIES LTD.,237.4,242.7,237.4,242.0,242.7,237.9,,242.3,,,2534,610172.0,92,F1,1,,,,,,2025-05-13
2025-05-13,2025-05-13,CM,BSE,STK,532370,INE246B01019,RAMCOSYS,B,,,,,RAMCO SYSTEMS LTD.,382.0,388.5,349.0,382.75,384.95,380.9,,382.65,,,554,212802.0,102,F1,1,,,,,,2025-05-13
2025-05-13,2025-05-13,CM,BSE,STK,532371,INE517B01013,TTML,A,,,,,TATA TELESERVICES (MAHARASHTRA,57.6,57.8,56.77,57.5,57.5,57.34,,57.5,,,458128,26268280.0,2286,F1,1,,,,,,2025-05-13
2025-05-13,2025-05-13,CM,BSE,STK,532372,INE539B01017,VIRINCHI,B,,,,,Virinchi Limited,20.99,22.4,20.98,22.0,22.04,21.02,,22.0,,,16916,367920.0,302,F1,1,,,,,,2025-05-13
2025-05-13,2025-05-13,CM,BSE,STK,532373,INE434B01029,WEPSOLN,X,,,,,WEP SOLUTIONS LTD.,30.8,31.85,30.35,30.9,31.45,30.82,,30.9,,,3067,94883.0,56,F1,1,,,,,,2025-05-13
2025-05-13,2025-05-13,CM,BSE,STK,532374,INE089C01029,STLTECH,A,,,,,STERLITE TECHNOLOGIES LTD.,66.48,72.25,66.42,69.95,69.95,66.42,,69.96,,,397605,27718869.0,5136,F1,1,,,,,,2025-05-13
2025-05-13,2025-05-13,CM,BSE,STK,532375,INE716B01029,TIPSMUSIC,A,,,,,TIPS MUSIC LIMITED,632.55,641.25,629.25,635.5,636.55,628.7,,635.2,,,3105,1977388.0,246,F1,1,,,,,,2025-05-13
2025-05-13,2025-05-13,CM,BSE,STK,532376,INE398B01018,UMIYA-MRO,B,,,,,UMIYA BUILDCON LIMITED,61.5,61.5,61.0,61.31,61.5,61.15,,61.0,,,6906,424271.0,253,F1,1,,,,,,2025-05-13
2025-05-13,2025-05-13,CM,BSE,STK,532378,INE464B01018,UNIVARTS,X,,,,,UNIVERSAL ARTS LTD.,5.05,5.05,5.04,5.04,5.04,5.05,,5.04,,,382,1925.0,7,F1,1,,,,,,2025-05-13
2025-05-13,2025-05-13,CM,BSE,STK,532379,INE683B01047,FIRSTFIN,X,,,,,FIRST FINTEC LIMITED,6.75,7.4,6.75,6.75,6.75,7.1,,6.75,,,1642,11158.0,13,F1,1,,,,,,2025-05-13
2025-05-13,2025-05-13,CM,BSE,STK,532380,INE893A01036,BABA,X,,,,,BABA ARTS LTD.,8.75,9.8,8.75,9.32,9.5,9.1,,9.32,,,16501,152515.0,110,F1,1,,,,,,2025-05-13
2025-05-13,2025-05-13,CM,BSE,STK,532382,INE794B01026,BALAJITELE,B,,,,,BALAJI TELEFILMS LTD.,73.54,75.52,72.0,75.15,75.52,72.08,,74.5,,,6985,517221.0,231,F1,1,,,,,,2025-05-13
2025-05-13,2025-05-13,CM,BSE,STK,532384,INE443B01012,TYCHE,X,,,,,TYCHE INDUSTRIES LTD.,150.0,154.0,146.75,147.65,147.55,150.7,,147.65,,,5204,779217.0,76,F1,1,,,,,,2025-05-13
2025-05-13,2025-05-13,CM,BSE,STK,532386,INE526B01014,CALSOFT,T,,,,,CALIFORNIA SOFTWARE CO.LTD.,11.9,11.9,11.0,11.48,11.11,11.35,,11.4,,,3129,36844.0,12,F1,1,,,,,,2025-05-13
2025-05-13,2025-05-13,CM,BSE,STK,532387,INE392B01011,PNC,T,,,,,PRITISH NANDY COMMUNICATIONS L,24.19,24.19,24.19,24.19,24.19,23.04,,26.25,,,206,4983.0,2,F1,1,,,,,,2025-05-13
2025-05-13,2025-05-13,CM,BSE,STK,532388,INE565A01014,IOB,A,,,,,INDIAN OVERSEAS BANK,37.25,37.98,37.0,37.49,37.49,37.3,,37.5,,,866969,32508613.0,2764,F1,1,,,,,,2025-05-13
2025-05-13,2025-05-13,CM,BSE,STK,532390,INE586B01026,TAJGVK,B,,,,,TAJGVK HOTELS & RESORTS LTD.,410.0,428.25,400.95,406.65,408.0,407.35,,407.0,,,59200,24292182.0,2049,F1,1,,,,,,2025-05-13
2025-05-13,2025-05-13,CM,BSE,STK,532392,INE230B01021,CREATIVEYE,B,,,,,CREATIVE EYE LTD.,6.79,6.79,6.25,6.58,6.57,6.19,,6.43,,,5179,34173.0,21,F1,1,,,,,,2025-05-13
2025-05-13,2025-05-13,CM,BSE,STK,532395,INE555B01013,AXISCADES,T,,,,,AXISCADES TECHNOLOGIES LIMITED,845.0,851.6,817.0,851.5,851.6,811.05,,848.4,,,28483,24167016.0,590,F1,1,,,,,,2025-05-13
2025-05-13,2025-05-13,CM,BSE,STK,532397,INE971A01014,KONNDOR,X,,,,,KONNDOR INDUSTRIES LIMITED,11.63,12.0,11.63,12.0,12.0,11.63,,12.0,,,8193,98298.0,6,F1,1,,,,,,2025-05-13
2025-05-13,2025-05-13,CM,BSE,STK,532398,INE240C01028,UMESLTD,T,,,,,USHA MARTIN EDUCATION & SOLUTI,5.59,5.65,5.34,5.6,5.6,5.6,,5.41,,,1184,6582.0,22,F1,1,,,,,,2025-05-13
2025-05-13,2025-05-13,CM,BSE,STK,532400,INE836A01035,BSOFT,A,,,,,BIRLASOFT LIMITED,424.6,424.9,413.3,420.85,420.85,422.5,,420.9,,,177281,74282024.0,5018,F1,1,,,,,,2025-05-13
2025-05-13,2025-05-13,CM,BSE,STK,532402,INE718B01017,USGTECH,XT,,,,,USG TECH SOLUTIONS LTD.,13.65,14.65,13.37,14.39,14.4,14.07,,14.39,,,19627,275163.0,90,F1,1,,,,,,2025-05-13
2025-05-13,2025-05-13,CM,BSE,STK,532404,INE856B01023,7TEC,X,,,,,SAVEN TECHNOLOGIES LTD.,49.89,49.89,47.54,48.1,48.1,47.7,,48.1,,,2503,120330.0,127,F1,1,,,,,,2025-05-13
2025-05-13,2025-05-13,CM,BSE,STK,532406,INE005B01027,AVANTEL,A,,,,,AVANTEL LTD.,111.95,114.55,108.5,114.1,114.0,110.0,,114.01,,,317668,35762881.0,3011,F1,1,,,,,,2025-05-13
2025-05-13,2025-05-13,CM,BSE,STK,532407,INE935B01025,MOSCHIP,B,,,,,MOSCHIP TECHNOLOGIES LIMITED,164.4,166.8,160.5,164.1,164.4,163.55,,164.1,,,191050,31199573.0,2057,F1,1,,,,,,2025-05-13
2025-05-13,2025-05-13,CM,BSE,STK,532408,INE933B01012,MEGASOFT,T,,,,,MEGASOFT LTD.,69.85,69.85,66.26,68.36,69.39,66.53,,68.33,,,37402,2599138.0,123,F1,1,,,,,,2025-05-13
2025-05-13,2025-05-13,CM,BSE,STK,532410,INE330E01023,TRANSCOR,X,,,,,TRANSCORP INTERNATIONAL LTD.,24.3,25.33,24.3,25.11,24.88,24.28,,25.11,,,5172,129041.0,48,F1,1,,,,,,2025-05-13
2025-05-13,2025-05-13,CM,BSE,STK,532413,INE345B01019,CEREBRAINT,Z,,,,,CEREBRA INTEGRATED TECHNOLOGIE,4.76,4.77,4.76,4.77,4.77,4.76,,4.77,,,22963,109305.0,10,F1,1,,,,,,2025-05-13
2025-05-13,2025-05-13,CM,BSE,STK,532416,INE747B01016,NEXTMEDIA,T,,,,,NEXT MEDIAWORKS LTD.,7.49,7.49,7.06,7.3,7.3,7.39,,7.29,,,966,7053.0,15,F1,1,,,,,,2025-05-13
2025-05-13,2025-05-13,CM,BSE,STK,532419,INE178C01020,SMARTLINK,B,,,,,Smartlink Holdings Limited,153.0,155.95,152.05,155.95,155.95,147.6,,152.15,,,119,18238.0,18,F1,1,,,,,,2025-05-13
2025-05-13,2025-05-13,CM,BSE,STK,532424,INE102D01028,GODREJCP,A,,,,,GODREJ CONSUMER PRODUCTS LTD.,1292.2,1295.15,1263.4,1265.6,1264.6,1289.05,,1266.3,,,10676,13635832.0,966,F1,1,,,,,,2025-05-13
2025-05-13,2025-05-13,CM,BSE,STK,532425,INE256D01014,GENUSPRIME,X,,,,,GENUS PRIME INFRA LIMITED,28.54,29.0,26.46,27.5,27.5,28.54,,27.5,,,2957,81255.0,22,F1,1,,,,,,2025-05-13
2025-05-13,2025-05-13,CM,BSE,STK,532430,INE243D01012,BFUTILITIE,A,,,,,BF UTILITIES LTD.,737.0,754.3,728.85,734.2,734.2,737.45,,734.45,,,9295,6881482.0,830,F1,1,,,,,,2025-05-13
2025-05-13,2025-05-13,CM,BSE,STK,532432,INE854D01024,UNITDSPR,A,,,,,UNITED SPIRITS LTD.,1561.2,1573.95,1548.75,1554.25,1552.0,1563.8,,1553.9,,,4171,6510056.0,786,F1,1,,,,,,2025-05-13
2025-05-13,2025-05-13,CM,BSE,STK,532435,INE799C01031,SANINFRA,X,,,,,SANMIT INFRA LIMITED,9.34,9.58,9.0,9.46,9.53,9.12,,9.46,,,28900,270545.0,211,F1,1,,,,,,2025-05-13
2025-05-13,2025-05-13,CM,BSE,STK,532439,INE260D01016,OLECTRA,A,,,,,OLECTRA GREENTECH LIMITED,1206.0,1257.0,1183.9,1240.7,1240.7,1204.85,,1241.5,,,84899,104634461.0,5197,F1,1,,,,,,2025-05-13
2025-05-13,2025-05-13,CM,BSE,STK,532440,INE943D01017,MPSLTD,B,,,,,MPS LTD.,2415.0,2455.0,2390.45,2432.65,2423.5,2407.6,,2432.4,,,3294,8003504.0,273,F1,1,,,,,,2025-05-13
2025-05-13,2025-05-13,CM,BSE,STK,532443,INE739E01017,CERA,A,,,,,CERA SANITARYWARE LTD.,6589.55,6589.55,6384.6,6491.7,6496.75,6608.5,,6492.0,,,5179,33556887.0,1375,F1,1,,,,,,2025-05-13
2025-05-13,2025-05-13,CM,BSE,STK,532444,INE541C01037,TSPIRITUAL,X,,,,,T.SPIRITUAL WORLD LTD.,1.79,1.97,1.79,1.95,1.95,1.88,,1.95,,,4587,8336.0,40,F1,1,,,,,,2025-05-13
2025-05-13,2025-05-13,CM,BSE,STK,532454,INE397D01024,BHARTIARTL,A,,,,,BHARTI AIRTEL LTD.,1874.85,1883.6,1817.1,1820.95,1820.95,1872.2,,1820.6,,,256314,470016575.0,13965,F1,1,,,,,,2025-05-13
2025-05-13,2025-05-13,CM,BSE,STK,532455,INE655D01025,SHALIWIR,X,,,,,SHALIMAR WIRES INDUSTRIES LTD.,20.2,20.2,19.05,19.46,19.46,19.75,,19.46,,,799,15883.0,29,F1,1,,,,,,2025-05-13
2025-05-13,2025-05-13,CM,BSE,STK,532457,INE255D01024,GULPOLY,B,,,,,GULSHAN POLYOLS LTD.,200.0,215.0,198.25,205.1,205.5,200.15,,204.22,,,43893,9085479.0,1618,F1,1,,,,,,2025-05-13
2025-05-13,2025-05-13,CM,BSE,STK,532460,INE838E01017,PONNIERODE,B,,,,,PONNI SUGARS (ERODE) LTD.,320.25,320.75,319.0,319.0,319.0,318.35,,319.2,,,48,15370.0,10,F1,1,,,,,,2025-05-13
2025-05-13,2025-05-13,CM,BSE,STK,532461,INE160A01022,PNB,A,,,,,PUNJAB NATIONAL BANK,95.7,98.35,95.5,97.65,97.65,95.8,,97.68,,,1804302,175738746.0,9192,F1,1,,,,,,2025-05-13
2025-05-13,2025-05-13,CM,BSE,STK,532466,INE881D01027,OFSS,A,,,,,ORACLE FINANCIAL SERVICES SOFT,8713.75,8713.75,8460.0,8476.4,8476.4,8715.05,,8478.0,,,9699,82831631.0,2776,F1,1,,,,,,2025-05-13
2025-05-13,2025-05-13,CM,BSE,STK,532467,INE550F01049,HAZOOR,X,,,,,HAZOOR MULTI PROJECTS LTD.,39.77,40.07,39.05,39.37,39.37,39.39,,39.37,,,467593,18592515.0,730,F1,1,,,,,,2025-05-13
2025-05-13,2025-05-13,CM,BSE,STK,532468,INE411F01010,KAMAHOLD,A,,,,,KAMA HOLDINGS LIMITED,2690.0,2700.0,2640.0,2659.7,2670.0,2668.4,,2659.7,,,2880,7676651.0,401,F1,1,,,,,,2025-05-13
2025-05-13,2025-05-13,CM,BSE,STK,532475,INE266F01018,APTECHT,B,,,,,APTECH LTD.,168.8,169.6,165.0,166.2,166.2,167.1,,166.0,,,31226,5205762.0,917,F1,1,,,,,,2025-05-13
2025-05-13,2025-05-13,CM,BSE,STK,532477,INE692A01016,UNIONBANK,A,,,,,UNION BANK OF INDIA,128.0,131.85,127.3,130.7,130.7,128.25,,130.77,,,1022095,133215146.0,8394,F1,1,,,,,,2025-05-13
2025-05-13,2025-05-13,CM,BSE,STK,532478,INE686F01025,UBL,A,,,,,UNITED BREWERIES LTD.,2122.6,2140.55,2018.0,2041.4,2083.2,2122.6,,2035.8,,,14118,29025258.0,1981,F1,1,,,,,,2025-05-13
2025-05-13,2025-05-13,CM,BSE,STK,532481,INE781B01015,NOIDATOLL,T,,,,,NOIDA TOLL BRIDGE COMPANY LTD.,3.59,3.76,3.59,3.76,3.76,3.59,,3.78,,,7752,29030.0,20,F1,1,,,,,,2025-05-13
2025-05-13,2025-05-13,CM,BSE,STK,532482,INE101D01020,GRANULES,A,,,,,GRANULES INDIA LTD.,460.95,481.45,460.95,477.7,477.15,459.65,,477.75,,,62598,29793361.0,3743,F1,1,,,,,,2025-05-13
2025-05-13,2025-05-13,CM,BSE,STK,532483,INE476A01022,CANBK,A,,,,,CANARA BANK,101.23,105.55,100.86,104.77,104.77,100.81,,104.78,,,2450156,254619534.0,10765,F1,1,,,,,,2025-05-13
2025-05-13,2025-05-13,CM,BSE,STK,532485,INE525F01025,BLIL,B,,,,,BALMER LAWRIE INVESTMENTS LTD.,77.0,79.99,76.81,79.41,79.41,77.28,,79.41,,,226692,17821461.0,1476,F1,1,,,,,,2025-05-13
2025-05-13,2025-05-13,CM,BSE,STK,532486,INE637C01025,POKARNA,B,,,,,POKARNA LTD.,949.35,975.9,940.65,957.35,962.0,938.3,,958.0,,,11408,10958913.0,1123,F1,1,,,,,,2025-05-13
2025-05-13,2025-05-13,CM,BSE,STK,532488,INE361B01024,DIVISLAB,A,,,,,DIVIS LABORATORIES LTD.,5967.5,6149.8,5967.5,6070.5,6076.9,5940.85,,6076.5,,,14210,86770029.0,2853,F1,1,,,,,,2025-05-13
2025-05-13,2025-05-13,CM,BSE,STK,532493,INE386C01029,ASTRAMICRO,A,,,,,ASTRA MICROWAVE PRODUCTS LTD.,865.35,904.0,856.75,897.5,897.5,867.95,,897.55,,,61143,54214045.0,2824,F1,1,,,,,,2025-05-13
2025-05-13,2025-05-13,CM,BSE,STK,532497,INE944F01028,RADICO,A,,,,,RADICO KHAITAN LTD.,2511.0,2605.0,2511.0,2589.95,2575.0,2514.4,,2589.9,,,7922,20479438.0,920,F1,1,,,,,,2025-05-13
2025-05-13,2025-05-13,CM,BSE,STK,532500,INE585B01010,MARUTI,A,,,,,MARUTI SUZUKI INDIA LTD.,12679.7,12700.0,12430.0,12484.15,12472.25,12615.4,,12482.0,,,14259,178444185.0,3610,F1,1,,,,,,2025-05-13
2025-05-13,2025-05-13,CM,BSE,STK,532503,INE296E01026,RAJPALAYAM,X,,,,,RAJAPALAYAM MILLS LTD.,947.5,950.0,915.05,922.85,915.05,930.3,,922.85,,,4257,3979204.0,88,F1,1,,,,,,2025-05-13
2025-05-13,2025-05-13,CM,BSE,STK,532504,INE048G01026,NAVINFLUOR,A,,,,,NAVIN FLUORINE INTERNATIONAL L,4434.95,4486.0,4313.55,4335.9,4335.9,4436.2,,4330.1,,,14247,62228074.0,2097,F1,1,,,,,,2025-05-13
2025-05-13,2025-05-13,CM,BSE,STK,532505,INE691A01018,UCOBANK,A,,,,,UCO BANK,31.25,31.46,30.84,31.12,31.12,30.99,,31.12,,,1068073,33356321.0,2230,F1,1,,,,,,2025-05-13
2025-05-13,2025-05-13,CM,BSE,STK,532507,INE116D01028,BAGFILMS,T,,,,,B.A.G.FILMS & MEDIA LTD.,6.14,6.38,5.96,6.2,6.2,6.13,,6.24,,,27391,167652.0,65,F1,1,,,,,,2025-05-13
2025-05-13,2025-05-13,CM,BSE,STK,532508,INE220G01021,JSL,A,,,,,JINDAL STAINLESS LTD.,614.0,631.95,610.0,625.5,625.5,610.65,,624.85,,,61390,38230732.0,2488,F1,1,,,,,,2025-05-13
2025-05-13,2025-05-13,CM,BSE,STK,532509,INE399C01030,SUPRAJIT,A,,,,,SUPRAJIT ENGINEERING LTD.,408.9,412.4,403.6,405.9,406.0,401.05,,406.45,,,1980,807514.0,195,F1,1,,,,,,2025-05-13
2025-05-13,2025-05-13,CM,BSE,STK,532513,INE236G01019,TVSELECT,B,,,,,TVS ELECTRONICS LTD.,392.1,417.45,392.1,411.45,411.0,413.25,,411.35,,,3148,1303270.0,337,F1,1,,,,,,2025-05-13
2025-05-13,2025-05-13,CM,BSE,STK,532514,INE203G01027,IGL,A,,,,,INDRAPRASTHA GAS LTD.,205.05,205.6,202.2,203.2,203.05,205.2,,203.34,,,43815,8920879.0,839,F1,1,,,,,,2025-05-13
2025-05-13,2025-05-13,CM,BSE,STK,532515,INE038F01029,TVTODAY,B,,,,,TV TODAY NETWORK LTD.,172.45,174.75,169.95,172.15,172.15,172.4,,172.23,,,29339,5034195.0,1170,F1,1,,,,,,2025-05-13
2025-05-13,2025-05-13,CM,BSE,STK,532522,INE347G01014,PETRONET,A,,,,,PETRONET LNG LTD.,316.05,316.1,310.8,312.4,312.4,314.3,,312.55,,,40530,12715608.0,1357,F1,1,,,,,,2025-05-13
2025-05-13,2025-05-13,CM,BSE,STK,532523,INE376G01013,BIOCON,A,,,,,BIOCON LTD.,331.0,337.4,328.85,329.65,329.65,328.2,,329.85,,,222219,74133232.0,3912,F1,1,,,,,,2025-05-13
2025-05-13,2025-05-13,CM,BSE,STK,532524,INE877F01012,PTC,A,,,,,PTC INDIA LTD.,177.0,184.0,176.6,183.2,183.2,176.7,,183.14,,,195904,35465949.0,2441,F1,1,,,,,,2025-05-13
2025-05-13,2025-05-13,CM,BSE,STK,532525,INE457A01014,MAHABANK,A,,,,,BANK OF MAHARASHTRA,50.68,51.13,50.1,50.52,50.52,50.7,,50.54,,,455018,23056542.0,1263,F1,1,,,,,,2025-05-13
2025-05-13,2025-05-13,CM,BSE,STK,532527,INE399G01023,RKFORGE,A,,,,,RAMKRISHNA FORGINGS LTD.,570.9,584.9,567.4,577.9,580.55,570.85,,577.5,,,27495,15845270.0,708,F1,1,,,,,,2025-05-13
2025-05-13,2025-05-13,CM,BSE,STK,532528,INE365B01017,DATAMATICS,B,,,,,DATAMATICS GLOBAL SERVICES LTD,626.25,647.35,626.25,635.5,635.3,642.15,,635.35,,,18193,11623724.0,1325,F1,1,,,,,,2025-05-13
2025-05-13,2025-05-13,CM,BSE,STK,532529,INE155G01029,NDTV,B,,,,,NEW DELHI TELEVISION LTD.,128.7,128.7,121.2,122.0,121.85,121.5,,121.95,,,6118,747573.0,224,F1,1,,,,,,2025-05-13
2025-05-13,2025-05-13,CM,BSE,STK,532531,INE939A01011,STAR,A,,,,,STRIDES PHARMA SCIENCE LIMITED,666.3,680.65,655.95,665.75,669.95,651.25,,666.1,,,10340,6921365.0,702,F1,1,,,,,,2025-05-13
2025-05-13,2025-05-13,CM,BSE,STK,532538,INE481G01011,ULTRACEMCO,A,,,,,ULTRATECH CEMENT LTD.,11738.5,11749.95,11563.7,11663.65,11640.0,11738.55,,11661.0,,,11408,133010023.0,3671,F1,1,,,,,,2025-05-13
2025-05-13,2025-05-13,CM,BSE,STK,532539,INE405E01023,UNOMINDA,A,,,,,UNO Minda Limited,969.55,969.55,943.95,953.95,954.3,958.25,,954.3,,,8279,7876656.0,506,F1,1,,,,,,2025-05-13
2025-05-13,2025-05-13,CM,BSE,STK,532540,INE467B01029,TCS,A,,,,,TATA CONSULTANCY SERVICES LTD.,3623.95,3623.95,3510.2,3515.95,3515.95,3620.3,,3515.1,,,130770,463129820.0,12166,F1,1,,,,,,2025-05-13
2025-05-13,2025-05-13,CM,BSE,STK,532541,INE591G01017,COFORGE,A,,,,,COFORGE LIMITED,8370.0,8410.95,8216.0,8264.7,8264.7,8329.7,,8266.5,,,25478,211280977.0,6909,F1,1,,,,,,2025-05-13
2025-05-13,2025-05-13,CM,BSE,STK,532543,INE586G01017,GULFPETRO,B,,,,,GP PETROLEUMS LTD,40.4,41.0,40.0,40.22,41.0,39.71,,40.2,,,5305,214360.0,388,F1,1,,,,,,2025-05-13
2025-05-13,2025-05-13,CM,BSE,STK,532548,INE348B01021,CENTURYPLY,A,,,,,CENTURY PLYBOARDS (I) LTD.,749.95,749.95,708.05,715.7,712.65,709.1,,715.2,,,2504,1783739.0,291,F1,1,,,,,,2025-05-13
2025-05-13,2025-05-13,CM,BSE,STK,532553,INE625G01013,WELENT,A,,,,,WELSPUN ENTERPRISES LIMTED,510.0,510.0,489.65,494.0,495.5,499.9,,494.45,,,3005,1495022.0,189,F1,1,,,,,,2025-05-13
2025-05-13,2025-05-13,CM,BSE,STK,532555,INE733E01010,NTPC,A,,,,,NTPC LTD.,349.65,349.9,340.55,341.75,341.75,348.7,,341.5,,,539173,185348807.0,14622,F1,1,,,,,,2025-05-13
2025-05-13,2025-05-13,CM,BSE,STK,532604,INE658G01014,SALSTEEL,B,,,,,S.A.L.STEEL LTD.,17.85,18.08,16.8,17.27,17.13,17.57,,17.24,,,185536,3174265.0,787,F1,1,,,,,,2025-05-13
2025-05-13,2025-05-13,CM,BSE,STK,532605,INE927D01051,JBMA,A,,,,,JBM AUTO LTD.,688.7,697.95,672.6,688.3,688.3,691.8,,688.55,,,104262,71619795.0,3271,F1,1,,,,,,2025-05-13
2025-05-13,2025-05-13,CM,BSE,STK,532610,INE366A01041,DWARKESH,B,,,,,DWARIKESH SUGAR INDUSTRIES LTD,40.88,42.32,40.57,42.12,42.24,40.53,,42.05,,,34650,1435636.0,444,F1,1,,,,,,2025-05-13
2025-05-13,2025-05-13,CM,BSE,STK,532612,INE873D01024,INDOCO,B,,,,,INDOCO REMEDIES LTD.,252.95,257.1,247.7,252.05,252.15,251.4,,251.13,,,3449,866652.0,211,F1,1,,,,,,2025-05-13
2025-05-13,2025-05-13,CM,BSE,STK,532613,INE450G01024,VIPCLOTHNG,T,,,,,VIP Clothing Limited,38.39,39.52,37.01,39.49,39.5,37.64,,39.43,,,12762,491347.0,54,F1,1,,,,,,2025-05-13
2025-05-13,2025-05-13,CM,BSE,STK,532614,INE691G01015,IMPEXFERRO,Z,,,,,IMPEX FERRO TECH LTD.,1.93,2.02,1.93,2.02,2.02,1.93,,2.02,,,602,1206.0,6,F1,1,,,,,,2025-05-13
2025-05-13,2025-05-13,CM,BSE,STK,532616,INE692G01013,XCHANGING,B,,,,,XCHANGING SOLUTIONS LTD.,88.0,89.79,87.95,89.23,89.54,88.57,,89.26,,,17179,1528367.0,466,F1,1,,,,,,2025-05-13
2025-05-13,2025-05-13,CM,BSE,STK,532624,INE796G01012,JINDALPHOT,B,,,,,JINDAL PHOTO LTD.,914.95,958.4,909.15,921.35,925.0,913.65,,923.65,,,1988,1852368.0,277,F1,1,,,,,,2025-05-13
2025-05-13,2025-05-13,CM,BSE,STK,532626,INE063E01053,POCL,B,,,,,PONDY OXIDES & CHEMICALS LTD.,782.0,818.6,782.0,806.25,806.25,778.5,,802.75,,,20692,16612060.0,1243,F1,1,,,,,,2025-05-13
2025-05-13,2025-05-13,CM,BSE,STK,532627,INE351F01018,JPPOWER,A,,,,,JAIPRAKASH POWER VENTURES LIMI,14.33,14.52,14.1,14.45,14.45,14.24,,14.44,,,3756566,54048826.0,4680,F1,1,,,,,,2025-05-13
2025-05-13,2025-05-13,CM,BSE,STK,532628,INE748C01038,3IINFOLTD,B,,,,,3I INFOTECH LTD.,23.13,24.5,23.13,24.24,24.28,23.81,,24.25,,,82726,1999474.0,662,F1,1,,,,,,2025-05-13
2025-05-13,2025-05-13,CM,BSE,STK,532630,INE887G01027,GOKEX,A,,,,,GOKALDAS EXPORTS LTD.,1013.9,1017.35,977.2,1005.7,1010.05,998.7,,1005.9,,,12779,12779634.0,906,F1,1,,,,,,2025-05-13
2025-05-13,2025-05-13,CM,BSE,STK,532633,INE835G01018,ALLDIGI,B,,,,,Alldigi Tech Limited,1040.0,1040.0,954.0,964.45,965.0,966.4,,961.2,,,250,240453.0,82,F1,1,,,,,,2025-05-13
2025-05-13,2025-05-13,CM,BSE,STK,532636,INE530B01024,IIFL,A,,,,,IIFL FINANCE LIMITED,395.4,411.8,394.8,405.75,405.75,388.4,,405.45,,,452049,183745010.0,9988,F1,1,,,,,,2025-05-13
2025-05-13,2025-05-13,CM,BSE,STK,532637,INE584F01014,MANGALAM,B,,,,,MANGALAM DRUGS & ORGANICS LTD.,78.41,81.5,76.58,79.2,78.18,76.62,,78.69,,,33764,2665755.0,203,F1,1,,,,,,2025-05-13
2025-05-13,2025-05-13,CM,BSE,STK,532638,INE498B01024,SHOPERSTOP,A,,,,,SHOPPERS STOP LTD.,505.0,517.15,495.0,514.9,514.9,502.1,,514.45,,,3450,1755101.0,330,F1,1,,,,,,2025-05-13
2025-05-13,2025-05-13,CM,BSE,STK,532640,INE278G01037,CYBERMEDIA,T,,,,,CYBER MEDIA (INDIA) LTD.,14.01,14.3,13.97,14.01,14.01,14.7,,14.15,,,2644,37111.0,29,F1,1,,,,,,2025-05-13
2025-05-13,2025-05-13,CM,BSE,STK,532641,INE875G01048,NDL,B,,,,,NANDAN DENIM LIMITED,3.73,3.81,3.57,3.77,3.8,3.71,,3.77,,,598038,2242503.0,530,F1,1,,,,,,2025-05-13
2025-05-13,2025-05-13,CM,BSE,STK,532642,INE824G01012,JSWHL,T,,,,,JSW HOLDINGS LIMITED,23599.0,23635.5,23599.0,23635.5,23635.5,22510.0,,24035.0,,,204,4821505.0,46,F1,1,,,,,,2025-05-13
2025-05-13,2025-05-13,CM,BSE,STK,532644,INE823G01014,JKCEMENT,A,,,,,J.K.CEMENT LTD.,5231.1,5231.1,5124.55,5202.3,5215.3,5114.55,,5202.0,,,636,3300692.0,188,F1,1,,,,,,2025-05-13
2025-05-13,2025-05-13,CM,BSE,STK,532645,INE052B01011,BEEYU,X,,,,,BEEYU OVERSEAS LTD.,3.61,3.61,3.3,3.3,3.3,3.66,,3.3,,,8499,28565.0,31,F1,1,,,,,,2025-05-13
2025-05-13,2025-05-13,CM,BSE,STK,532648,INE528G01035,YESBANK,A,,,,,YES BANK LTD.,20.53,21.39,20.25,20.87,20.87,20.4,,20.87,,,17861318,371637405.0,26713,F1,1,,,,,,2025-05-13
2025-05-13,2025-05-13,CM,BSE,STK,532649,INE023H01027,NECLIFE,B,,,,,NECTAR LIFESCIENCES LTD.,22.47,22.87,22.34,22.59,22.68,22.36,,22.62,,,16576,374746.0,124,F1,1,,,,,,2025-05-13
2025-05-13,2025-05-13,CM,BSE,STK,532650,INE752G01015,MSPL,B,,,,,MSP STEEL & POWER LTD.,26.5,26.84,26.0,26.75,26.78,25.57,,26.74,,,95201,2544744.0,381,F1,1,,,,,,2025-05-13
2025-05-13,2025-05-13,CM,BSE,STK,532651,INE978G01016,SPLIL,T,,,,,SPL INDUSTRIES LTD.,38.5,38.8,38.0,38.79,38.79,37.85,,38.5,,,2076,78939.0,15,F1,1,,,,,,2025-05-13
2025-05-13,2025-05-13,CM,BSE,STK,532652,INE614B01018,KTKBANK,A,,,,,KARNATAKA BANK LTD.,199.85,203.45,197.6,202.85,203.0,197.65,,202.88,,,144837,29209028.0,3077,F1,1,,,,,,2025-05-13
2025-05-13,2025-05-13,CM,BSE,STK,532654,INE942G01012,MCLEODRUSS,B,,,,,MCLEOD RUSSEL INDIA LTD.,32.06,33.66,32.06,33.66,33.66,32.06,,33.62,,,33114,1109328.0,102,F1,1,,,,,,2025-05-13
2025-05-13,2025-05-13,CM,BSE,STK,532656,INE828G01013,FACORALL,XT,,,,,FACOR ALLOYS LTD.,3.7,3.75,3.69,3.71,3.74,3.7,,3.71,,,69517,259240.0,135,F1,1,,,,,,2025-05-13
2025-05-13,2025-05-13,CM,BSE,STK,532661,INE050H01012,RML,B,,,,,RANE (MADRAS) LTD.,771.7,785.15,769.3,777.05,777.05,770.8,,780.15,,,945,733584.0,303,F1,1,,,,,,2025-05-13
2025-05-13,2025-05-13,CM,BSE,STK,532662,INE501G01024,HTMEDIA,B,,,,,HT MEDIA LTD.,16.11,16.46,15.5,15.85,15.85,16.1,,15.82,,,10462,168059.0,117,F1,1,,,,,,2025-05-13
2025-05-13,2025-05-13,CM,BSE,STK,532663,INE231F01020,SASKEN,B,,,,,Sasken Technologies Limited,1502.15,1515.0,1470.05,1473.75,1472.95,1490.15,,1474.0,,,486,723001.0,207,F1,1,,,,,,2025-05-13
2025-05-13,2025-05-13,CM,BSE,STK,532666,INE512B01022,FCSSOFT,B,,,,,FCS SOFTWARE SOLUTIONS LTD.,2.58,2.63,2.56,2.6,2.6,2.57,,2.6,,,806098,2096979.0,727,F1,1,,,,,,2025-05-13
2025-05-13,2025-05-13,CM,BSE,STK,532667,INE040H01021,SUZLON,A,,,,,SUZLON ENERGY LTD.,57.61,58.15,56.69,57.62,57.62,56.94,,57.6,,,6448700,370301644.0,12365,F1,1,,,,,,2025-05-13
2025-05-13,2025-05-13,CM,BSE,STK,532668,INE132H01018,AURIONPRO,A,,,,,AURIONPRO SOLUTIONS LTD.,1410.0,1419.8,1387.0,1390.7,1389.0,1402.8,,1391.8,,,18355,25722669.0,2071,F1,1,,,,,,2025-05-13
2025-05-13,2025-05-13,CM,BSE,STK,532670,INE087H01022,RENUKA,A,,,,,SHREE RENUKA SUGARS LTD.,29.0,29.82,28.8,29.5,29.5,28.94,,29.51,,,538932,15848708.0,2307,F1,1,,,,,,2025-05-13
2025-05-13,2025-05-13,CM,BSE,STK,532673,INE157H01023,KMSUGAR,B,,,,,K.M.SUGAR MILLS LTD.,27.1,27.6,26.99,27.33,27.5,26.94,,27.32,,,28476,776621.0,1774,F1,1,,,,,,2025-05-13
2025-05-13,2025-05-13,CM,BSE,STK,532674,INE186H01022,BASML,B,,,,,BANNARI AMMAN SPINNING MILLS L,29.05,30.92,29.05,30.81,30.9,30.55,,30.75,,,16106,493806.0,352,F1,1,,,,,,2025-05-13
2025-05-13,2025-05-13,CM,BSE,STK,532676,INE160H01019,PBAINFRA,X,,,,,PBA INFRASTRUCTURE LTD.,12.0,12.54,10.06,12.52,12.52,10.45,,12.52,,,115894,1442041.0,144,F1,1,,,,,,2025-05-13
2025-05-13,2025-05-13,CM,BSE,STK,532683,INE212H01026,AIAENG,A,,,,,AIA ENGINEERING LTD.,3251.0,3274.0,3217.6,3231.1,3219.5,3246.5,,3229.5,,,1779,5761377.0,377,F1,1,,,,,,2025-05-13
2025-05-13,2025-05-13,CM,BSE,STK,532684,INE184H01027,EKC,B,,,,,EVEREST KANTO CYLINDER LTD.,126.95,127.05,119.45,125.7,125.5,123.0,,126.3,,,56237,6992549.0,1199,F1,1,,,,,,2025-05-13
2025-05-13,2025-05-13,CM,BSE,STK,532686,INE202H01019,KERNEX,B,,,,,KERNEX MICROSYSTEMS (INDIA) LT,791.35,822.85,785.55,790.95,791.8,791.3,,791.55,,,12218,9784215.0,936,F1,1,,,,,,2025-05-13
2025-05-13,2025-05-13,CM,BSE,STK,532687,INE461B01014,REPRO,B,,,,,REPRO INDIA LTD.,495.95,515.0,491.0,510.15,512.15,503.25,,512.15,,,477,240715.0,58,F1,1,,,,,,2025-05-13
2025-05-13,2025-05-13,CM,BSE,STK,532689,INE191H01014,PVRINOX,A,,,,,PVR INOX LIMITED,958.95,960.7,941.0,946.55,947.5,966.8,,946.85,,,22198,21048406.0,2075,F1,1,,,,,,2025-05-13
2025-05-13,2025-05-13,CM,BSE,STK,532694,INE855F01042,ASMS,B,,,,,BARTRONICS INDIA LTD.,16.99,16.99,16.03,16.23,16.25,16.16,,16.21,,,12257,200902.0,188,F1,1,,,,,,2025-05-13
2025-05-13,2025-05-13,CM,BSE,STK,532695,INE185H01016,CELEBRITY,B,,,,,CELEBRITY FASHIONS LTD.,11.89,12.44,11.89,12.44,12.44,11.89,,12.26,,,22909,281104.0,114,F1,1,,,,,,2025-05-13
2025-05-13,2025-05-13,CM,BSE,STK,532698,INE229H01012,NITINSPIN,B,,,,,NITIN SPINNERS LTD.,361.3,393.25,361.3,388.0,390.85,384.8,,389.0,,,5723,2207519.0,486,F1,1,,,,,,2025-05-13
2025-05-13,2025-05-13,CM,BSE,STK,532699,INE283H01019,ROHLTD,B,,,,,ROYAL ORCHID HOTELS LTD.,362.35,368.8,358.95,363.95,368.25,363.8,,364.35,,,1866,676806.0,140,F1,1,,,,,,2025-05-13
2025-05-13,2025-05-13,CM,BSE,STK,532700,INE265F01028,ENIL,B,,,,,ENTERTAINMENT NETWORK (INDIA),135.6,142.0,135.0,139.35,139.15,135.6,,139.75,,,648,89865.0,20,F1,1,,,,,,2025-05-13
2025-05-13,2025-05-13,CM,BSE,STK,532701,INE266H01014,CELLA,Z,,,,,CELLA SPACE LIMITED,11.21,11.69,10.66,11.14,11.14,11.21,,11.14,,,5560,62571.0,21,F1,1,,,,,,2025-05-13
2025-05-13,2025-05-13,CM,BSE,STK,532702,INE246F01010,GSPL,A,,,,,GUJARAT STATE PETRONET LTD.,323.3,352.9,323.3,348.0,348.0,329.6,,347.25,,,32950,11253115.0,1084,F1,1,,,,,,2025-05-13
2025-05-13,2025-05-13,CM,BSE,STK,532705,INE199G01027,JAGRAN,B,,,,,JAGRAN PRAKASHAN LTD.,69.2,71.99,69.2,71.05,71.05,71.09,,71.03,,,21623,1539891.0,527,F1,1,,,,,,2025-05-13
2025-05-13,2025-05-13,CM,BSE,STK,532707,INE256H01015,DYNPRO,B,,,,,DYNEMIC PRODUCTS LTD.,278.0,290.8,278.0,281.35,280.2,275.45,,281.15,,,4021,1144967.0,498,F1,1,,,,,,2025-05-13
2025-05-13,2025-05-13,CM,BSE,STK,532708,INE251H01024,GVKPIL,T,,,,,GVK POWER & INFRASTRUCTURE LTD,3.44,3.49,3.44,3.49,3.49,3.43,,3.47,,,242531,846364.0,171,F1,1,,,,,,2025-05-13
2025-05-13,2025-05-13,CM,BSE,STK,532710,INE226H01026,SADBHAV,T,,,,,SADBHAV ENGINEERING LTD.,12.74,12.74,12.74,12.74,12.74,13.0,,12.74,,,26980,343725.0,61,F1,1,,,,,,2025-05-13
2025-05-13,2025-05-13,CM,BSE,STK,532712,INE330H01018,RCOM,T,,,,,RELIANCE COMMUNICATIONS LTD.,1.43,1.48,1.43,1.48,1.48,1.41,,1.48,,,963984,1421497.0,279,F1,1,,,,,,2025-05-13
2025-05-13,2025-05-13,CM,BSE,STK,532713,INE190H01024,SAKUMA,T,,,,,SAKUMA EXPORTS LTD.,3.23,3.23,3.23,3.23,3.23,3.29,,3.23,,,58102,187669.0,100,F1,1,,,,,,2025-05-13
2025-05-13,2025-05-13,CM,BSE,STK,532714,INE389H01022,KEC,A,,,,,KEC INTERNATIONAL LTD.,739.05,752.0,730.35,732.9,732.0,730.4,,732.95,,,36992,27358524.0,1563,F1,1,,,,,,2025-05-13
2025-05-13,2025-05-13,CM,BSE,STK,532716,INE047B01011,GILLANDERS,B,,,,,GILLANDERS ARBUTHNOT & CO.LTD.,114.5,114.9,110.45,111.45,114.1,114.8,,111.96,,,8527,958096.0,257,F1,1,,,,,,2025-05-13
2025-05-13,2025-05-13,CM,BSE,STK,532717,INE332H01014,INDOTECH,B,,,,,INDO TECH TRANSFORMERS LTD.,2398.1,2438.25,2365.0,2438.25,2438.25,2322.15,,2446.3,,,3630,8725531.0,468,F1,1,,,,,,2025-05-13
2025-05-13,2025-05-13,CM,BSE,STK,532719,INE350H01032,BLKASHYAP,B,,,,,B.L.KASHYAP AND SONS LTD.,66.9,67.34,65.35,65.81,65.9,66.03,,65.76,,,36147,2400115.0,476,F1,1,,,,,,2025-05-13
2025-05-13,2025-05-13,CM,BSE,STK,532720,INE774D01024,M&MFIN,A,,,,,MAHINDRA & MAHINDRA FINANCIAL,256.95,262.6,255.0,256.4,256.4,256.9,,256.3,,,150932,39125921.0,4008,F1,1,,,,,,2025-05-13
2025-05-13,2025-05-13,CM,BSE,STK,532721,INE286H01012,VISASTEEL,T,,,,,VISA STEEL LTD.,33.78,33.78,32.6,32.6,32.6,33.62,,32.62,,,50,1635.0,3,F1,1,,,,,,2025-05-13
2025-05-13,2025-05-13,CM,BSE,STK,532722,INE858F01012,NITCO,B,,,,,NITCO LTD.,122.5,123.65,119.95,123.4,123.6,122.9,,123.1,,,21574,2645240.0,299,F1,1,,,,,,2025-05-13
2025-05-13,2025-05-13,CM,BSE,STK,532723,INE493H01014,MPDL,X,,,,,MPDL LIMITED,39.86,39.95,39.74,39.95,39.95,38.05,,39.95,,,2582,102977.0,26,F1,1,,,,,,2025-05-13
2025-05-13,2025-05-13,CM,BSE,STK,532725,INE343H01029,SOLARINDS,A,,,,,SOLAR INDUSTRIES INDIA LTD.,13290.0,13647.5,13289.95,13588.85,13575.1,13291.55,,13592.0,,,7890,106544200.0,1857,F1,1,,,,,,2025-05-13
2025-05-13,2025-05-13,CM,BSE,STK,532726,INE297H01019,GALLANTT,B,,,,,GALLANTT ISPAT LIMITED,462.0,478.45,461.0,465.65,466.35,462.25,,466.1,,,4683,2196225.0,526,F1,1,,,,,,2025-05-13
2025-05-13,2025-05-13,CM,BSE,STK,532728,INE383H01017,MALUPAPER,B,,,,,MALU PAPER MILLS LTD.,45.94,45.94,38.96,39.83,39.95,38.84,,39.7,,,3695,148415.0,118,F1,1,,,,,,2025-05-13
2025-05-13,2025-05-13,CM,BSE,STK,532729,INE786F01031,UTTAMSUGAR,B,,,,,UTTAM SUGAR MILLS LTD.,289.8,297.0,287.1,293.05,294.8,289.8,,294.4,,,4065,1183087.0,172,F1,1,,,,,,2025-05-13
2025-05-13,2025-05-13,CM,BSE,STK,532730,INE353H01010,SGL,B,,,,,STL GLOBAL LTD.,13.58,13.8,13.22,13.65,13.65,13.78,,13.44,,,4984,66661.0,56,F1,1,,,,,,2025-05-13
2025-05-13,2025-05-13,CM,BSE,STK,532732,INE401H01017,KKCL,B,,,,,KEWAL KIRAN CLOTHING LTD.,466.0,466.0,447.55,457.45,459.35,466.0,,455.7,,,2952,1346170.0,194,F1,1,,,,,,2025-05-13
2025-05-13,2025-05-13,CM,BSE,STK,532733,INE424H01027,SUNTV,A,,,,,SUN TV NETWORK LTD.,608.0,621.35,608.0,620.15,621.35,616.95,,620.3,,,5022,3094939.0,342,F1,1,,,,,,2025-05-13
2025-05-13,2025-05-13,CM,BSE,STK,532734,INE177H01039,GPIL,B,,,,,GODAWARI POWER & ISPAT LTD.,191.95,202.0,188.15,198.65,198.2,190.15,,198.88,,,392943,77561907.0,4942,F1,1,,,,,,2025-05-13
2025-05-13,2025-05-13,CM,BSE,STK,532735,INE411H01032,RSYSTEMS,B,,,,,R SYSTEMS INTERNATIONAL LTD.,356.6,373.7,353.2,366.5,366.5,352.55,,365.7,,,24136,8730846.0,1329,F1,1,,,,,,2025-05-13
2025-05-13,2025-05-13,CM,BSE,STK,532737,INE296H01011,EMKAY,T,,,,,EMKAY GLOBAL FINANCIAL SERVICE,193.25,193.25,189.0,189.0,189.0,184.05,,189.86,,,1555,294419.0,15,F1,1,,,,,,2025-05-13
2025-05-13,2025-05-13,CM,BSE,STK,532738,INE388G01026,TICL,T,,,,,TwamevConstruction and Infrast,36.75,37.95,35.69,37.24,36.0,37.56,,35.95,,,13288,486196.0,69,F1,1,,,,,,2025-05-13
2025-05-13,2025-05-13,CM,BSE,STK,532740,INE397H01017,LOKESHMACH,T,,,,,LOKESH MACHINES LTD.,170.9,171.05,170.9,171.05,171.05,162.95,,170.81,,,6519,1114463.0,63,F1,1,,,,,,2025-05-13
2025-05-13,2025-05-13,CM,BSE,STK,532741,INE390H01020,KAMDHENU,B,,,,,Kamdhenu Limited,27.49,27.59,26.88,26.99,26.99,27.27,,26.99,,,159315,4330935.0,741,F1,1,,,,,,2025-05-13
2025-05-13,2025-05-13,CM,BSE,STK,532742,INE111F01016,PAUSHAKLTD,B,,,,,PAUSHAK LTD.,4375.0,4439.95,4300.0,4378.45,4395.55,4325.45,,4378.45,,,763,3339492.0,183,F1,1,,,,,,2025-05-13
2025-05-13,2025-05-13,CM,BSE,STK,532744,INE302H01017,GTNTEX,X,,,,,GTN TEXTILES LTD.,8.64,9.08,8.64,8.95,8.95,8.63,,8.95,,,323,2869.0,14,F1,1,,,,,,2025-05-13
2025-05-13,2025-05-13,CM,BSE,STK,532745,INE347H01012,INDICAP,XT,,,,,INDITRADE CAPITAL LIMITED,6.0,6.0,5.97,6.0,6.0,6.09,,6.0,,,3617,21651.0,28,F1,1,,,,,,2025-05-13
2025-05-13,2025-05-13,CM,BSE,STK,532748,INE367G01038,PFOCUS,B,,,,,PRIME FOCUS LTD.,103.55,103.55,99.4,99.9,99.4,102.85,,99.89,,,2938,295333.0,201,F1,1,,,,,,2025-05-13
2025-05-13,2025-05-13,CM,BSE,STK,532749,INE418H01029,ALLCARGO,A,,,,,ALLCARGO LOGISTICS LTD.,29.5,30.45,29.18,29.99,30.14,29.57,,29.98,,,368382,11041024.0,2435,F1,1,,,,,,2025-05-13
2025-05-13,2025-05-13,CM,BSE,STK,532754,INE776C01039,GMRAIRPORT,A,,,,,GMR Airports Limited,88.25,88.3,86.96,87.2,87.2,88.03,,87.19,,,113866,9976917.0,1151,F1,1,,,,,,2025-05-13
2025-05-13,2025-05-13,CM,BSE,STK,532755,INE669C01036,TECHM,A,,,,,TECH MAHINDRA LTD.,1595.25,1600.0,1564.5,1572.5,1573.1,1572.65,,1572.5,,,80908,127675256.0,6733,F1,1,,,,,,2025-05-13
2025-05-13,2025-05-13,CM,BSE,STK,532756,INE536H01010,CIEINDIA,A,,,,,CIE Automotive India Limited,415.05,433.1,415.05,431.4,429.55,420.5,,430.55,,,3781,1608961.0,203,F1,1,,,,,,2025-05-13
2025-05-13,2025-05-13,CM,BSE,STK,532757,INE540H01012,VOLTAMP,A,,,,,VOLTAMP TRANSFORMERS LTD.,8280.35,8560.0,8150.0,8399.45,8399.0,8280.35,,8394.0,,,4497,37878166.0,1184,F1,1,,,,,,2025-05-13
2025-05-13,2025-05-13,CM,BSE,STK,532759,INE285H01022,ATLANTAA,B,,,,,ATLANTAA LIMITED,35.16,36.9,35.16,36.9,36.9,35.15,,36.83,,,5451,199340.0,90,F1,1,,,,,,2025-05-13
2025-05-13,2025-05-13,CM,BSE,STK,532761,INE596H01014,HOVS,B,,,,,HOV SERVICES LTD.,51.0,51.75,49.25,50.71,50.57,49.92,,50.98,,,838,42201.0,43,F1,1,,,,,,2025-05-13
2025-05-13,2025-05-13,CM,BSE,STK,532762,INE731H01025,ACE,A,,,,,ACTION CONSTRUCTION EQUIPMENT,1208.25,1236.0,1196.0,1227.05,1229.05,1206.65,,1225.1,,,10983,13401564.0,1095,F1,1,,,,,,2025-05-13
2025-05-13,2025-05-13,CM,BSE,STK,532764,INE916G01016,GEECEE,B,,,,,GEECEE VENTURES LIMITED,372.4,383.35,371.65,379.15,383.35,368.55,,377.9,,,104,39020.0,33,F1,1,,,,,,2025-05-13
2025-05-13,2025-05-13,CM,BSE,STK,532766,INE516H01012,RICHAIND,Z,,,,,RICHA INDUSTRIES LTD.,1.59,1.59,1.59,1.59,1.59,1.59,,1.59,,,1003,1594.0,4,F1,1,,,,,,2025-05-13
2025-05-13,2025-05-13,CM,BSE,STK,532768,INE737H01014,FIEMIND,B,,,,,FIEM INDUSTRIES LTD.,1476.1,1618.55,1476.1,1593.95,1593.95,1490.75,,1592.6,,,14747,23078375.0,1822,F1,1,,,,,,2025-05-13
2025-05-13,2025-05-13,CM,BSE,STK,532771,INE544H01014,JHS,T,,,,,JHS SVENDGAARD LABORATORIES LT,15.0,15.37,14.32,15.37,15.37,14.64,,15.33,,,21401,325167.0,51,F1,1,,,,,,2025-05-13
2025-05-13,2025-05-13,CM,BSE,STK,532772,INE503A01015,DCBBANK,A,,,,,DCB BANK LIMITED,137.1,143.0,136.35,142.6,142.6,136.7,,142.68,,,558726,78894527.0,6620,F1,1,,,,,,2025-05-13
2025-05-13,2025-05-13,CM,BSE,STK,532773,INE792H01019,GLOBALVECT,B,,,,,GLOBAL VECTRA HELICORP LTD.,230.95,230.95,222.7,225.65,227.1,217.45,,225.1,,,717,163563.0,67,F1,1,,,,,,2025-05-13
2025-05-13,2025-05-13,CM,BSE,STK,532774,INE020G01017,INSPIRISYS,B,,,,,Inspirisys Solutions Limited,107.99,110.88,101.01,110.88,110.88,92.4,,111.12,,,58674,6414808.0,1253,F1,1,,,,,,2025-05-13
2025-05-13,2025-05-13,CM,BSE,STK,532775,INE221H01019,GTLINFRA,A,,,,,GTL INFRASTRUCTURE LTD.,1.45,1.46,1.43,1.44,1.44,1.44,,1.44,,,5500561,7949712.0,10631,F1,1,,,,,,2025-05-13
2025-05-13,2025-05-13,CM,BSE,STK,532776,INE637H01024,SHIVAMAUTO,B,,,,,SHIVAM AUTOTECH LTD.,32.7,32.7,27.83,28.84,28.95,27.78,,28.68,,,2855,81805.0,54,F1,1,,,,,,2025-05-13
2025-05-13,2025-05-13,CM,BSE,STK,532777,INE663F01032,NAUKRI,A,,,,,INFO EDGE (INDIA) LTD.,1480.0,1489.95,1451.0,1465.65,1468.0,1477.85,,1464.5,,,22783,33527337.0,2221,F1,1,,,,,,2025-05-13
2025-05-13,2025-05-13,CM,BSE,STK,532779,INE813H01021,TORNTPOWER,A,,,,,TORRENT POWER LTD.,1461.7,1466.75,1424.25,1427.3,1429.0,1464.45,,1426.8,,,19382,27814281.0,1691,F1,1,,,,,,2025-05-13
2025-05-13,2025-05-13,CM,BSE,STK,532780,INE561H01026,PARSVNATH,B,,,,,PARSVNATH DEVELOPERS LTD.,21.88,21.88,19.31,20.05,19.91,21.04,,20.05,,,92008,1842497.0,352,F1,1,,,,,,2025-05-13
2025-05-13,2025-05-13,CM,BSE,STK,532782,INE645H01027,SUTLEJTEX,T,,,,,SUTLEJ TEXTILES & INDUSTRIES L,39.25,40.21,39.25,40.21,40.21,38.3,,40.45,,,5030,200402.0,17,F1,1,,,,,,2025-05-13
2025-05-13,2025-05-13,CM,BSE,STK,532783,INE818H01020,LTFOODS,A,,,,,LT FOODS LTD.,360.0,371.35,360.0,370.25,370.25,366.8,,370.2,,,47245,17365641.0,1276,F1,1,,,,,,2025-05-13
2025-05-13,2025-05-13,CM,BSE,STK,532784,INE671H01015,SOBHA,A,,,,,SOBHA,1326.0,1333.15,1291.2,1303.05,1303.05,1325.8,,1304.6,,,8336,10917776.0,1038,F1,1,,,,,,2025-05-13
2025-05-13,2025-05-13,CM,BSE,STK,532785,INE803H01014,RUCHIRA,B,,,,,RUCHIRA PAPERS LTD.,122.9,124.0,121.15,122.15,122.05,122.3,,122.4,,,1516,185905.0,89,F1,1,,,,,,2025-05-13
2025-05-13,2025-05-13,CM,BSE,STK,532790,INE483C01032,TANLA,A,,,,,TANLA PLATFORMS LIMITED,501.05,573.2,501.05,558.15,558.15,494.75,,557.4,,,1201055,654248263.0,28625,F1,1,,,,,,2025-05-13
2025-05-13,2025-05-13,CM,BSE,STK,532794,INE966H01019,ZEEMEDIA,B,,,,,ZEE MEDIA CORPORATION LIMITED,14.28,14.71,14.07,14.25,14.25,14.29,,14.22,,,309685,4445551.0,866,F1,1,,,,,,2025-05-13
2025-05-13,2025-05-13,CM,BSE,STK,532795,INE965H01011,SITINET,Z,,,,,Siti Networks Ltd.,0.49,0.5,0.49,0.5,0.5,0.49,,0.49,,,454338,224478.0,162,F1,1,,,,,,2025-05-13
2025-05-13,2025-05-13,CM,BSE,STK,532796,INE872H01027,LUMAXTECH,B,,,,,LUMAX AUTO TECHNOLOGIES LTD.,578.85,599.5,576.3,596.95,594.55,576.75,,596.95,,,6599,3900425.0,452,F1,1,,,,,,2025-05-13
2025-05-13,2025-05-13,CM,BSE,STK,532797,INE718H01014,AUTOIND,B,,,,,AUTOLINE INDUSTRIES LTD.,78.51,85.0,78.36,82.54,83.28,77.53,,82.38,,,6195,509933.0,526,F1,1,,,,,,2025-05-13
2025-05-13,2025-05-13,CM,BSE,STK,532798,INE870H01013,NETWORK18,A,,,,,NETWORK18 MEDIA & INVESTMENTS,45.4,46.0,44.51,45.67,45.67,45.15,,45.61,,,92440,4209714.0,555,F1,1,,,,,,2025-05-13
2025-05-13,2025-05-13,CM,BSE,STK,532799,INE703H01016,HUBTOWN,B,,,,,HUBTOWN LTD.,178.0,187.85,178.0,181.65,181.65,179.9,,181.91,,,36338,6624357.0,861,F1,1,,,,,,2025-05-13
2025-05-13,2025-05-13,CM,BSE,STK,532801,INE627H01017,CTE,T,,,,,CAMBRIDGE TECHNOLOGY ENTERPRIS,41.05,43.1,41.05,43.1,43.1,41.05,,43.1,,,3075,131999.0,34,F1,1,,,,,,2025-05-13
2025-05-13,2025-05-13,CM,BSE,STK,532804,INE545H01011,TIIL,B,,,,,TECHNOCRAFT INDUSTRIES (INDIA),2799.5,2799.5,2716.9,2781.85,2784.9,2744.8,,2785.3,,,236,654580.0,104,F1,1,,,,,,2025-05-13
2025-05-13,2025-05-13,CM,BSE,STK,532805,INE891D01026,REDINGTON,A,,,,,Redington Limited,261.0,281.95,261.0,272.65,272.65,260.75,,272.52,,,580930,159608252.0,7456,F1,1,,,,,,2025-05-13
2025-05-13,2025-05-13,CM,BSE,STK,532806,INE768E01024,AICHAMP,X,,,,,AI CHAMPDANY INDUSTRIES LTD.,42.5,42.9,41.2,41.23,41.2,42.75,,41.23,,,631,26746.0,23,F1,1,,,,,,2025-05-13
2025-05-13,2025-05-13,CM,BSE,STK,532807,INE704H01022,CINELINE,T,,,,,CINELINE INDIA LIMITED,87.0,89.4,87.0,87.01,87.0,85.53,,89.32,,,3209,279206.0,19,F1,1,,,,,,2025-05-13
2025-05-13,2025-05-13,CM,BSE,STK,532808,INE940H01022,PGIL,B,,,,,PEARL GLOBAL INDUSTRIES LIMITE,1054.05,1112.05,1054.05,1105.5,1105.0,1083.85,,1106.75,,,2299,2533750.0,305,F1,1,,,,,,2025-05-13
2025-05-13,2025-05-13,CM,BSE,STK,532809,INE684F01012,FSL,A,,,,,FIRSTSOURCE SOLUTIONS LTD.,347.4,364.0,345.0,361.3,360.0,344.15,,360.85,,,89744,32000333.0,2280,F1,1,,,,,,2025-05-13
2025-05-13,2025-05-13,CM,BSE,STK,532810,INE134E01011,PFC,A,,,,,POWER FINANCE CORPORATION LTD.,413.8,416.15,409.3,412.25,412.25,413.85,,412.35,,,157082,64817033.0,2832,F1,1,,,,,,2025-05-13
2025-05-13,2025-05-13,CM,BSE,STK,532811,INE758C01029,AHLUCONT,A,,,,,AHLUWALIA CONTRACTS (INDIA) LT,892.55,912.5,889.05,904.25,905.0,893.8,,902.05,,,6646,5997960.0,912,F1,1,,,,,,2025-05-13
2025-05-13,2025-05-13,CM,BSE,STK,532812,INE804H01012,TFL,T,,,,,TRANSWARRANTY FINANCE LTD.,15.52,15.52,15.52,15.52,15.52,15.72,,15.52,,,1030,15985.0,2,F1,1,,,,,,2025-05-13
2025-05-13,2025-05-13,CM,BSE,STK,532814,INE562A01011,INDIANB,A,,,,,INDIAN BANK,570.45,585.3,569.1,580.25,579.15,572.5,,580.85,,,329849,190905400.0,10908,F1,1,,,,,,2025-05-13
2025-05-13,2025-05-13,CM,BSE,STK,532815,INE812G01025,SMSPHARMA,B,,,,,SMS PHARMACEUTICALS LTD.,244.6,259.45,244.6,253.55,252.5,245.4,,254.02,,,45689,11597233.0,1019,F1,1,,,,,,2025-05-13
2025-05-13,2025-05-13,CM,BSE,STK,532817,INE998H01012,ORIENTALTL,B,,,,,ORIENTAL TRIMEX LTD.,11.61,11.88,11.61,11.73,11.75,11.54,,11.74,,,63520,750065.0,318,F1,1,,,,,,2025-05-13
2025-05-13,2025-05-13,CM,BSE,STK,532820,INE311H01018,ELAND,XT,,,,,E-Land Apparel Limited,14.41,15.58,14.41,14.98,15.58,14.92,,14.98,,,12261,185814.0,70,F1,1,,,,,,2025-05-13
2025-05-13,2025-05-13,CM,BSE,STK,532822,INE669E01016,IDEA,A,,,,,VODAFONE IDEA  LIMITED,7.04,7.07,6.92,6.94,6.94,7.07,,6.94,,,70239266,490745491.0,42221,F1,1,,,,,,2025-05-13
2025-05-13,2025-05-13,CM,BSE,STK,532825,INE702H01018,JAGJANANI,X,,,,,JAGJANANI TEXTILES LTD.,9.04,9.78,8.86,8.94,8.94,9.0,,8.94,,,33842,322205.0,63,F1,1,,,,,,2025-05-13
2025-05-13,2025-05-13,CM,BSE,STK,532826,INE952H01027,RAJTV,T,,,,,RAJ TELEVISION NETWORK LTD.,47.8,47.8,47.8,47.8,47.8,46.3,,47.79,,,28,1338.0,1,F1,1,,,,,,2025-05-13
2025-05-13,2025-05-13,CM,BSE,STK,532827,INE761H01022,PAGEIND,A,,,,,PAGE INDUSTRIES LTD.,47000.0,47124.85,46435.0,46470.0,46500.0,47034.1,,46480.0,,,208,9707769.0,141,F1,1,,,,,,2025-05-13
2025-05-13,2025-05-13,CM,BSE,STK,532828,INE005I01014,AMDIND,B,,,,,AMD INDUSTRIES LTD.,52.6,52.6,45.5,50.0,50.0,47.09,,47.77,,,8,384.0,7,F1,1,,,,,,2025-05-13
2025-05-13,2025-05-13,CM,BSE,STK,532829,INE976H01018,LEHAR,X,,,,,LEHAR FOOTWEARS LIMITED,239.05,259.0,239.05,256.25,258.0,243.55,,256.25,,,17702,4488156.0,182,F1,1,,,,,,2025-05-13
2025-05-13,2025-05-13,CM,BSE,STK,532830,INE006I01046,ASTRAL,A,,,,,ASTRAL LIMITED,1336.05,1357.25,1329.0,1344.9,1349.45,1331.45,,1344.1,,,22694,30541465.0,2630,F1,1,,,,,,2025-05-13
2025-05-13,2025-05-13,CM,BSE,STK,532832,INE069I01010,EMBDL,A,,,,,EMBASSY DEVELOPMENTS LIMITED,97.5,99.7,97.1,98.97,98.97,97.69,,99.01,,,192073,18951669.0,1169,F1,1,,,,,,2025-05-13
2025-05-13,2025-05-13,CM,BSE,STK,532834,INE052I01032,CAMLINFINE,B,,,,,Camlin Fine Sciences Ltd,172.85,181.2,172.0,176.9,177.3,172.95,,177.0,,,56529,10058059.0,1337,F1,1,,,,,,2025-05-13
2025-05-13,2025-05-13,CM,BSE,STK,532835,INE725G01011,ICRA,B,,,,,ICRA LTD.,5917.0,6040.0,5904.25,5984.0,5970.0,5886.0,,5976.0,,,293,1749112.0,91,F1,1,,,,,,2025-05-13
2025-05-13,2025-05-13,CM,BSE,STK,532839,INE836F01026,DISHTV,T,,,,,DISH TV INDIA LTD.,5.14,5.14,4.95,5.0,4.98,5.05,,4.97,,,457757,2303288.0,928,F1,1,,,,,,2025-05-13
2025-05-13,2025-05-13,CM,BSE,STK,532841,INE280H01015,SAHYADRI,B,,,,,SAHYADRI INDUSTRIES LTD.,271.3,271.3,268.1,270.85,270.85,271.8,,269.85,,,6,1619.0,6,F1,1,,,,,,2025-05-13
2025-05-13,2025-05-13,CM,BSE,STK,532842,INE917H01012,SRHHYPOLTD,B,,,,,SREE RAYALASEEMA HI-STRENGTH H,528.35,539.0,522.65,534.85,534.85,528.35,,537.1,,,1159,617389.0,123,F1,1,,,,,,2025-05-13
2025-05-13,2025-05-13,CM,BSE,STK,532843,INE061F01013,FORTIS,A,,,,,FORTIS HEALTHCARE LTD.,669.05,677.45,660.8,667.35,666.25,676.5,,666.2,,,25712,17158644.0,764,F1,1,,,,,,2025-05-13
2025-05-13,2025-05-13,CM,BSE,STK,532845,INE797H01018,TGBHOTELS,B,,,,,TGB BANQUETS AND HOTELS LTD.,9.31,10.0,9.31,9.9,9.76,9.8,,9.83,,,7068,70187.0,44,F1,1,,,,,,2025-05-13
2025-05-13,2025-05-13,CM,BSE,STK,532847,INE788H01017,HILTON,B,,,,,HILTON METAL FORGING LTD.,62.95,64.0,60.79,62.74,62.53,61.49,,62.69,,,68375,4289075.0,1059,F1,1,,,,,,2025-05-13
2025-05-13,2025-05-13,CM,BSE,STK,532848,INE124G01033,DELTACORP,A,,,,,DELTA CORP LTD.,90.68,91.85,89.4,91.0,91.25,89.75,,90.99,,,124013,11280259.0,1579,F1,1,,,,,,2025-05-13
2025-05-13,2025-05-13,CM,BSE,STK,532850,INE287C01037,MICEL,B,,,,,MIC ELECTRONICS LTD.,58.63,60.5,57.22,60.19,60.19,58.45,,60.11,,,95518,5659483.0,1131,F1,1,,,,,,2025-05-13
2025-05-13,2025-05-13,CM,BSE,STK,532851,INE070I01018,INSECTICID,B,,,,,INSECTICIDES (INDIA) LTD.,690.5,716.35,687.0,699.55,700.35,690.35,,701.05,,,2810,1981138.0,199,F1,1,,,,,,2025-05-13
2025-05-13,2025-05-13,CM,BSE,STK,532853,INE228I01012,ASAHISONG,B,,,,,ASAHI SONGWON COLORS LTD.,463.8,479.7,452.1,468.1,468.4,472.25,,464.15,,,21169,9978714.0,920,F1,1,,,,,,2025-05-13
2025-05-13,2025-05-13,CM,BSE,STK,532855,INE928H01019,HARYNACAP,XT,,,,,HARYANA CAPFIN LTD.,184.0,193.2,184.0,192.05,190.5,184.0,,192.05,,,649,122800.0,19,F1,1,,,,,,2025-05-13
2025-05-13,2025-05-13,CM,BSE,STK,532856,INE508G01029,TIMETECHNO,A,,,,,TIME TECHNOPLAST LTD.,345.0,346.2,332.5,334.35,335.8,344.0,,334.45,,,26911,9107702.0,739,F1,1,,,,,,2025-05-13
2025-05-13,2025-05-13,CM,BSE,STK,532859,INE170I01016,HGS,B,,,,,HINDUJA GLOBAL SOLUTIONS LTD.,505.0,515.4,502.0,509.7,509.9,505.95,,509.35,,,3508,1781883.0,511,F1,1,,,,,,2025-05-13
2025-05-13,2025-05-13,CM,BSE,STK,532864,INE189I01024,NELCAST,B,,,,,NELCAST LTD.,90.63,101.0,90.0,100.01,100.0,90.74,,100.24,,,27124,2648912.0,901,F1,1,,,,,,2025-05-13
2025-05-13,2025-05-13,CM,BSE,STK,532867,INE945H01013,V2RETAIL,T,,,,,V2 RETAIL LTD.,1699.9,1735.0,1683.55,1686.6,1697.0,1706.0,,1684.3,,,2069,3533281.0,132,F1,1,,,,,,2025-05-13
2025-05-13,2025-05-13,CM,BSE,STK,532868,INE271C01023,DLF,A,,,,,DLF LTD.,676.8,684.55,675.0,677.9,679.2,680.75,,677.85,,,1580548,1071912084.0,3090,F1,1,,,,,,2025-05-13
2025-05-13,2025-05-13,CM,BSE,STK,532869,INE924H01018,TARMAT,B,,,,,TARMAT LTD.,49.66,55.0,48.79,51.66,51.81,49.66,,51.54,,,35519,1785190.0,265,F1,1,,,,,,2025-05-13
2025-05-13,2025-05-13,CM,BSE,STK,532870,INE106I01010,ANKITMETAL,Z,,,,,ANKIT METAL & POWER LTD.,2.12,2.17,2.06,2.14,2.14,2.12,,2.1,,,1557,3350.0,8,F1,1,,,,,,2025-05-13
2025-05-13,2025-05-13,CM,BSE,STK,532872,INE232I01014,SPARC,A,,,,,SUN PHARMA ADVANCED RESEARCH C,148.7,151.7,148.5,149.9,150.05,148.6,,149.76,,,27732,4168581.0,546,F1,1,,,,,,2025-05-13
2025-05-13,2025-05-13,CM,BSE,STK,532875,INE102I01027,ADSL,B,,,,,ALLIED DIGITAL SERVICES LTD.,189.8,193.25,188.1,189.75,190.5,190.15,,189.93,,,24248,4634631.0,740,F1,1,,,,,,2025-05-13
2025-05-13,2025-05-13,CM,BSE,STK,532878,INE385I01010,ALPA,B,,,,,ALPA LABORATORIES LTD.,105.35,106.95,104.4,104.9,104.4,105.35,,105.17,,,1371,144550.0,127,F1,1,,,,,,2025-05-13
2025-05-13,2025-05-13,CM,BSE,STK,532879,INE117H01019,SSLEL,X,,,,,SIR SHADI LAL ENTERPRISES LTD.,290.0,290.0,270.35,278.25,272.2,277.4,,278.25,,,4110,1133232.0,33,F1,1,,,,,,2025-05-13
2025-05-13,2025-05-13,CM,BSE,STK,532880,INE800H01010,OMAXE,B,,,,,OMAXE LTD.,74.5,79.15,74.5,75.62,75.25,74.35,,75.6,,,16890,1302077.0,462,F1,1,,,,,,2025-05-13
2025-05-13,2025-05-13,CM,BSE,STK,532884,INE056I01025,REFEX,B,,,,,REFEX INDUSTRIES LTD.,411.45,420.8,407.45,410.45,410.45,400.8,,410.4,,,92533,38513438.0,2720,F1,1,,,,,,2025-05-13
2025-05-13,2025-05-13,CM,BSE,STK,532885,INE483A01010,CENTRALBK,A,,,,,CENTRAL BANK OF INDIA,36.11,37.06,36.04,36.69,36.69,36.22,,36.66,,,919593,33682336.0,2929,F1,1,,,,,,2025-05-13
2025-05-13,2025-05-13,CM,BSE,STK,532886,INE105I01020,SELMC,T,,,,,SEL MANUFACTURING COMPANY LTD.,37.81,37.81,37.6,37.81,37.81,36.01,,37.75,,,5312,200611.0,47,F1,1,,,,,,2025-05-13
2025-05-13,2025-05-13,CM,BSE,STK,532888,INE022I01019,ASIANTILES,B,,,,,ASIAN GRANITO INDIA LTD.,44.95,45.76,44.54,45.23,45.15,44.47,,45.06,,,13268,599753.0,271,F1,1,,,,,,2025-05-13
2025-05-13,2025-05-13,CM,BSE,STK,532889,INE930H01031,KPRMILL,A,,,,,K.P.R.MILL LIMITED,1182.4,1182.4,1139.0,1148.25,1148.25,1180.75,,1147.2,,,22144,25588459.0,1417,F1,1,,,,,,2025-05-13
2025-05-13,2025-05-13,CM,BSE,STK,532890,INE142I01023,TAKE,Z,,,,,TAKE SOLUTIONS LTD.,8.15,8.15,7.9,8.15,8.15,7.77,,8.15,,,15779,128507.0,83,F1,1,,,,,,2025-05-13
2025-05-13,2025-05-13,CM,BSE,STK,532891,INE323I01011,PURVA,B,,,,,Puravankara Limited,236.05,240.8,229.55,234.1,233.3,236.05,,233.67,,,7915,1858016.0,375,F1,1,,,,,,2025-05-13
2025-05-13,2025-05-13,CM,BSE,STK,532892,INE338I01027,MOTILALOFS,A,,,,,MOTILAL OSWAL FINANCIAL SERVIC,736.9,745.4,721.6,725.35,725.35,736.95,,725.1,,,199413,145776928.0,6140,F1,1,,,,,,2025-05-13
2025-05-13,2025-05-13,CM,BSE,STK,532893,INE222F01029,VTMLTD,XT,,,,,VTM LTD.,220.95,229.85,215.0,220.85,225.95,219.95,,220.85,,,18137,4026824.0,241,F1,1,,,,,,2025-05-13
2025-05-13,2025-05-13,CM,BSE,STK,532894,INE227G01018,INDOWIND,B,,,,,INDOWIND ENERGY LTD.,20.19,21.25,19.74,20.4,20.35,20.11,,20.37,,,47358,970126.0,620,F1,1,,,,,,2025-05-13
2025-05-13,2025-05-13,CM,BSE,STK,532895,INE245I01016,NAGREEKCAP,B,,,,,NAGREEKA CAPITAL & INFRASTRUCT,26.28,26.3,24.91,26.3,26.3,26.22,,26.2,,,479,12241.0,53,F1,1,,,,,,2025-05-13
2025-05-13,2025-05-13,CM,BSE,STK,532896,INE387I01016,MAGNUM,B,,,,,MAGNUM VENTURES LTD.,26.0,27.0,25.65,26.41,26.9,25.65,,26.32,,,2839,75002.0,44,F1,1,,,,,,2025-05-13
2025-05-13,2025-05-13,CM,BSE,STK,532898,INE752E01010,POWERGRID,A,,,,,POWER GRID CORPORATION OF INDI,303.85,308.9,298.0,298.55,298.55,309.05,,298.45,,,857021,257887327.0,17532,F1,1,,,,,,2025-05-13
2025-05-13,2025-05-13,CM,BSE,STK,532899,INE455I01029,KSCL,A,,,,,KAVERI SEED COMPANY LTD.,1400.05,1493.2,1400.05,1481.3,1472.0,1442.1,,1481.8,,,6647,9786272.0,775,F1,1,,,,,,2025-05-13
2025-05-13,2025-05-13,CM,BSE,STK,532900,INE420C01059,PAISALO,A,,,,,PAISALO DIGITAL LIMITED,34.13,35.85,33.66,34.86,34.83,34.14,,34.91,,,535927,18788389.0,3749,F1,1,,,,,,2025-05-13
2025-05-13,2025-05-13,CM,BSE,STK,532902,INE429I01024,CCCL,B,,,,,CONSOLIDATED CONSTRUCTION CONS,14.75,15.25,14.25,15.09,15.19,14.2,,15.11,,,43206,645741.0,278,F1,1,,,,,,2025-05-13
2025-05-13,2025-05-13,CM,BSE,STK,532906,INE215I01027,MAANALU,B,,,,,MAAN ALUMINIUM LTD.,92.0,92.0,88.56,90.4,90.4,88.86,,90.6,,,11113,1011672.0,204,F1,1,,,,,,2025-05-13
2025-05-13,2025-05-13,CM,BSE,STK,532907,INE369I01014,IL&FSENGG,Z,,,,,IL&FS ENGINEERING AND CONSTRUC,39.99,40.0,38.31,39.31,40.0,40.0,,39.58,,,845,33482.0,18,F1,1,,,,,,2025-05-13
2025-05-13,2025-05-13,CM,BSE,STK,532911,INE272G01014,PARLEIND,XT,,,,,PARLE INDUSTRIES LIMITED,14.92,14.92,14.92,14.92,14.92,15.22,,14.92,,,47599,710177.0,206,F1,1,,,,,,2025-05-13
2025-05-13,2025-05-13,CM,BSE,STK,532915,INE621H01010,RELIGARE,A,,,,,RELIGARE ENTERPRISES LTD.,216.0,217.5,212.25,214.45,214.25,216.5,,214.65,,,20340,4354448.0,654,F1,1,,,,,,2025-05-13
2025-05-13,2025-05-13,CM,BSE,STK,532916,INE139I01011,BVCL,B,,,,,BARAK VALLEY CEMENTS LTD.,37.05,38.43,36.0,36.65,36.99,37.03,,36.31,,,2759,102257.0,118,F1,1,,,,,,2025-05-13
2025-05-13,2025-05-13,CM,BSE,STK,532918,INE575I01016,RATHIBAR,X,,,,,RATHI BARS LTD.,34.4,34.5,33.56,34.5,34.5,33.97,,34.5,,,14421,492645.0,87,F1,1,,,,,,2025-05-13
2025-05-13,2025-05-13,CM,BSE,STK,532921,INE742F01042,ADANIPORTS,A,,,,,ADANI PORTS AND SPECIAL ECONOM,1361.95,1391.4,1346.4,1369.5,1369.5,1362.95,,1369.2,,,283469,388404315.0,14525,F1,1,,,,,,2025-05-13
2025-05-13,2025-05-13,CM,BSE,STK,532922,INE532F01054,EDELWEISS,A,,,,,EDELWEISS FINANCIAL SERVICES L,80.9,87.33,79.94,86.24,86.24,80.81,,86.43,,,396963,33301931.0,2407,F1,1,,,,,,2025-05-13
2025-05-13,2025-05-13,CM,BSE,STK,532923,INE722H01024,RGL,B,,,,,RENAISSANCE GLOBAL LIMITED,118.65,118.9,115.25,117.05,115.75,118.65,,117.25,,,35774,4232111.0,349,F1,1,,,,,,2025-05-13
2025-05-13,2025-05-13,CM,BSE,STK,532924,INE094I01018,KOLTEPATIL,B,,,,,KOLTE-PATIL DEVELOPERS LTD.,339.65,351.0,337.85,344.05,343.65,338.85,,344.25,,,8656,2984326.0,636,F1,1,,,,,,2025-05-13
2025-05-13,2025-05-13,CM,BSE,STK,532925,INE234I01028,KAUSHALYA,B,,,,,KAUSHALYA INFRASTRUCTURE DEVEL,897.1,914.0,890.0,908.0,908.0,892.15,,900.5,,,957,865757.0,46,F1,1,,,,,,2025-05-13
2025-05-13,2025-05-13,CM,BSE,STK,532926,INE668F01031,JYOTHYLAB,A,,,,,JYOTHY LABS LIMITED,353.9,353.9,332.0,335.0,335.0,350.2,,336.1,,,150892,50947256.0,4855,F1,1,,,,,,2025-05-13
2025-05-13,2025-05-13,CM,BSE,STK,532927,INE738I01010,ECLERX,A,,,,,ECLERX SERVICES LTD.,2649.95,2727.0,2591.0,2701.3,2701.3,2589.5,,2704.3,,,2008,5337406.0,461,F1,1,,,,,,2025-05-13
2025-05-13,2025-05-13,CM,BSE,STK,532928,INE763I01026,TARIL,B,,,,,TRANSFORMERS AND RECTIFIERS (I,514.65,525.0,505.75,511.35,511.35,502.65,,510.95,,,159431,82274657.0,4649,F1,1,,,,,,2025-05-13
2025-05-13,2025-05-13,CM,BSE,STK,532929,INE791I01019,BRIGADE,A,,,,,BRIGADE ENTERPRISES LTD.,1027.25,1086.2,1027.25,1079.75,1085.0,1040.45,,1080.4,,,11236,11937780.0,977,F1,1,,,,,,2025-05-13
2025-05-13,2025-05-13,CM,BSE,STK,532930,INE661I01014,BGRENERGY,T,,,,,BGR ENERGY SYSTEMS LTD.,108.09,108.09,108.09,108.09,108.09,105.98,,108.09,,,36197,3912533.0,73,F1,1,,,,,,2025-05-13
2025-05-13,2025-05-13,CM,BSE,STK,532932,INE015D01022,MANAKSIA,B,,,,,MANAKSIA LTD.,69.25,73.0,68.83,72.32,72.89,68.8,,72.66,,,7360,522710.0,117,F1,1,,,,,,2025-05-13
2025-05-13,2025-05-13,CM,BSE,STK,532933,INE386I01018,PORWAL,X,,,,,PORWAL AUTO COMPONENTS LTD.,43.99,44.39,42.02,42.98,42.98,42.92,,42.98,,,3657,157215.0,46,F1,1,,,,,,2025-05-13
2025-05-13,2025-05-13,CM,BSE,STK,532934,INE095I01015,PPAP,B,,,,,PPAP,172.0,185.0,171.35,177.05,176.95,172.0,,176.58,,,4696,838258.0,173,F1,1,,,,,,2025-05-13
2025-05-13,2025-05-13,CM,BSE,STK,532935,INE298I01015,ARIES,B,,,,,ARIES AGRO LTD.,295.0,305.25,295.0,301.0,302.7,303.4,,300.75,,,3346,1002926.0,261,F1,1,,,,,,2025-05-13
2025-05-13,2025-05-13,CM,BSE,STK,532937,INE529I01021,KUANTUM,B,,,,,KUANTUM PAPERS LTD.,105.3,106.55,104.25,104.75,104.45,104.05,,104.57,,,2333,246987.0,54,F1,1,,,,,,2025-05-13
2025-05-13,2025-05-13,CM,BSE,STK,532939,INE614G01033,RPOWER,A,,,,,RELIANCE POWER LTD.,43.0,44.24,42.58,43.52,43.52,42.77,,43.51,,,13384652,579921003.0,23867,F1,1,,,,,,2025-05-13
2025-05-13,2025-05-13,CM,BSE,STK,532940,INE576I01022,JKIL,A,,,,,J.KUMAR INFRAPROJECTS LTD.,674.0,682.3,661.05,680.35,681.0,664.8,,679.25,,,11213,7571321.0,619,F1,1,,,,,,2025-05-13
2025-05-13,2025-05-13,CM,BSE,STK,532941,INE792I01017,CORDSCABLE,B,,,,,CORDS CABLE INDUSTRIES LTD.,175.0,186.1,174.25,183.8,183.8,173.6,,184.8,,,2810,512929.0,372,F1,1,,,,,,2025-05-13
2025-05-13,2025-05-13,CM,BSE,STK,532942,INE634I01029,KNRCON,A,,,,,KNR CONSTRUCTIONS LTD.,220.05,226.1,220.05,224.55,225.2,221.25,,224.36,,,38130,8552272.0,754,F1,1,,,,,,2025-05-13
2025-05-13,2025-05-13,CM,BSE,STK,532944,INE809I01019,ONMOBILE,B,,,,,ONMOBILE,50.55,50.55,49.3,50.13,50.13,49.55,,49.97,,,9266,462532.0,275,F1,1,,,,,,2025-05-13
2025-05-13,2025-05-13,CM,BSE,STK,532945,INE964H01014,SEPC,A,,,,,SEPC LIMITED,14.65,15.0,14.34,14.55,14.44,14.34,,14.55,,,424726,6226255.0,1458,F1,1,,,,,,2025-05-13
2025-05-13,2025-05-13,CM,BSE,STK,532946,INE863I01016,BANG,B,,,,,BANG OVERSEAS LTD.,52.5,52.51,49.01,51.9,51.9,51.86,,51.65,,,6689,347386.0,53,F1,1,,,,,,2025-05-13
2025-05-13,2025-05-13,CM,BSE,STK,532947,INE821I01022,IRB,A,,,,,IRB INFRASTRUCTURE DEVELOPERS,47.83,48.36,47.4,47.87,47.87,47.82,,47.87,,,912105,43767940.0,4457,F1,1,,,,,,2025-05-13
2025-05-13,2025-05-13,CM,BSE,STK,532951,INE871H01011,GSS,B,,,,,GSS INFOTECH LTD.,36.17,36.96,36.17,36.78,36.73,35.99,,36.82,,,2522,92748.0,56,F1,1,,,,,,2025-05-13
2025-05-13,2025-05-13,CM,BSE,STK,532952,INE049I01012,NAHARCAP,B,,,,,NAHAR CAPITAL & FINANCIAL SERV,266.0,266.0,256.05,256.8,260.0,254.75,,258.1,,,316,81653.0,48,F1,1,,,,,,2025-05-13
2025-05-13,2025-05-13,CM,BSE,STK,532953,INE951I01027,VGUARD,A,,,,,V-GUARD INDUSTRIES LTD.,376.25,383.15,373.7,379.15,378.95,377.1,,378.95,,,18747,7112224.0,789,F1,1,,,,,,2025-05-13
2025-05-13,2025-05-13,CM,BSE,STK,532955,INE020B01018,RECLTD,A,,,,,REC LIMITED,412.95,413.65,399.4,401.7,401.7,412.75,,401.75,,,857332,346595465.0,14238,F1,1,,,,,,2025-05-13
2025-05-13,2025-05-13,CM,BSE,STK,532957,INE642I01014,GOKAKTEX,XT,,,,,GOKAK TEXTILES LTD.,96.9,97.95,96.9,97.95,97.95,96.03,,97.95,,,110,10669.0,2,F1,1,,,,,,2025-05-13
2025-05-13,2025-05-13,CM,BSE,STK,532960,INE274G01010,DHANI,A,,,,,Dhani Services Limited,56.97,61.16,56.3,59.9,60.35,56.74,,59.87,,,574319,34106312.0,3007,F1,1,,,,,,2025-05-13
2025-05-13,2025-05-13,CM,BSE,STK,532966,INE615H01020,TITAGARH,A,,,,,TITAGARH RAIL SYSTEMS LIMITED,750.0,755.5,735.3,749.5,750.2,744.05,,749.1,,,59630,44527123.0,2486,F1,1,,,,,,2025-05-13
2025-05-13,2025-05-13,CM,BSE,STK,532967,INE415I01015,KIRIINDUS,B,,,,,KIRI INDUSTRIES LTD.,623.45,629.5,617.4,623.9,624.4,623.45,,623.75,,,22895,14260945.0,654,F1,1,,,,,,2025-05-13
2025-05-13,2025-05-13,CM,BSE,STK,532974,INE865C01022,BIRLAMONEY,T,,,,,ADITYA BIRLA MONEY LTD.,149.0,152.9,146.65,152.35,152.6,149.0,,152.05,,,3932,592176.0,58,F1,1,,,,,,2025-05-13
2025-05-13,2025-05-13,CM,BSE,STK,532975,INE778I01024,TELOGICA,Z,,,,,TELOGICA LIMITED,11.4,11.4,10.5,11.1,11.3,10.94,,11.1,,,5495,61810.0,35,F1,1,,,,,,2025-05-13
2025-05-13,2025-05-13,CM,BSE,STK,532976,INE091G01026,JAIBALAJI,A,,,,,JAI BALAJI INDUSTRIES LTD.,113.1,114.0,110.3,110.95,110.95,114.05,,110.89,,,48323,5411636.0,1010,F1,1,,,,,,2025-05-13
2025-05-13,2025-05-13,CM,BSE,STK,532977,INE917I01010,BAJAJ-AUTO,A,,,,,BAJAJ AUTO LTD.,8063.55,8110.0,7951.0,8072.95,8064.5,8038.9,,8063.0,,,7459,59967534.0,1790,F1,1,,,,,,2025-05-13
2025-05-13,2025-05-13,CM,BSE,STK,532978,INE918I01026,BAJAJFINSV,A,,,,,BAJAJ FINSERV LTD.,2043.45,2061.4,2011.0,2018.15,2018.15,2050.6,,2018.2,,,193191,392241263.0,9923,F1,1,,,,,,2025-05-13
2025-05-13,2025-05-13,CM,BSE,STK,532980,INE020J01029,GOKUL,B,,,,,GOKUL REFOILS & SOLVENT LTD.,46.7,48.0,44.56,45.0,44.65,46.7,,45.04,,,10038,459641.0,99,F1,1,,,,,,2025-05-13
2025-05-13,2025-05-13,CM,BSE,STK,532983,INE105J01010,RPGLIFE,B,,,,,RPG LIFE SCIENCES LTD.,2080.0,2249.5,2068.5,2145.95,2149.3,2090.8,,2147.9,,,3580,7708871.0,703,F1,1,,,,,,2025-05-13
2025-05-13,2025-05-13,CM,BSE,STK,532985,INF174KA1JD7,SENSEX1,A,,,,,KOTAK MAHINDRA MUTUAL FUND,87.65,88.7,87.6,87.86,87.81,88.54,,87.86,,,3166,278641.0,87,F1,1,,,,,,2025-05-13
2025-05-13,2025-05-13,CM,BSE,STK,532986,INE368I01016,NIRAJ,B,,,,,NIRAJ CEMENT STRUCTURALS LTD.,59.62,60.89,57.11,57.93,59.9,58.16,,57.37,,,757,44361.0,53,F1,1,,,,,,2025-05-13
2025-05-13,2025-05-13,CM,BSE,STK,532989,INE878I01022,BAFNAPH,T,,,,,BAFNA PHARMACEUTICALS LTD.,74.5,74.5,74.5,74.5,74.5,74.5,,74.78,,,1004,74798.0,6,F1,1,,,,,,2025-05-13
2025-05-13,2025-05-13,CM,BSE,STK,532992,INE790D01020,CHLLTD,X,,,,,CHL LTD.,26.6,30.77,26.6,29.32,29.7,28.5,,29.32,,,507,14832.0,17,F1,1,,,,,,2025-05-13
2025-05-13,2025-05-13,CM,BSE,STK,532993,INE955I01044,SEJALLTD,B,,,,,SEJAL GLASS LIMITED,405.45,405.45,381.4,392.25,393.9,402.05,,394.1,,,1337,521062.0,91,F1,1,,,,,,2025-05-13
2025-05-13,2025-05-13,CM,BSE,STK,532994,INE877I01016,ARCHIDPLY,B,,,,,ARCHIDPLY INDUSTRIES LTD.,91.59,91.59,91.11,91.11,91.11,88.47,,91.8,,,16,1459.0,3,F1,1,,,,,,2025-05-13
2025-05-13,2025-05-13,CM,BSE,STK,532998,INE947I01017,LOTUSEYE,B,,,,,Lotus Eye Hospital And Institu,77.9,77.9,75.43,76.5,76.92,74.92,,76.51,,,1375,105187.0,42,F1,1,,,,,,2025-05-13
2025-05-13,2025-05-13,CM,BSE,STK,533001,INE323J01019,SOMICONVEY,B,,,,,SOMI CONVEYOR BELTINGS LTD.,192.0,197.65,185.3,191.85,191.2,187.45,,191.73,,,3711,711463.0,107,F1,1,,,,,,2025-05-13
2025-05-13,2025-05-13,CM,BSE,STK,533007,INE201J01017,LGBFORGE,X,,,,,LGB FORGE LTD.,10.65,11.0,10.65,10.75,10.67,10.82,,10.75,,,72290,782688.0,189,F1,1,,,,,,2025-05-13
2025-05-13,2025-05-13,CM,BSE,STK,533012,INE197J01017,LPDC,B,,,,,LANDMARK PROPERTY DEVELOPMENT,8.13,8.21,7.72,8.21,8.21,7.82,,8.2,,,20302,166302.0,54,F1,1,,,,,,2025-05-13
2025-05-13,2025-05-13,CM,BSE,STK,533014,INE176J01011,SICAGEN,X,,,,,SICAGEN INDIA LTD.,64.0,65.98,62.0,65.31,65.01,63.12,,65.31,,,67479,4343053.0,301,F1,1,,,,,,2025-05-13
2025-05-13,2025-05-13,CM,BSE,STK,533018,INE457H01027,SIMPLXMIL,X,,,,,SIMPLEX MILLS COMPANY LTD.,3176.05,3176.05,3176.05,3176.05,3176.05,3340.0,,3176.05,,,1,3176.0,1,F1,1,,,,,,2025-05-13
2025-05-13,2025-05-13,CM,BSE,STK,533022,INE144J01027,20MICRONS,B,,,,,20 MICRONS LTD.,225.0,228.6,220.0,221.05,221.05,225.8,,221.26,,,5710,1270941.0,417,F1,1,,,,,,2025-05-13
2025-05-13,2025-05-13,CM,BSE,STK,533023,INE342J01019,ZFCVINDIA,A,,,,,ZF Commercial Vehicle Control,13042.0,13230.0,12886.5,13134.9,13106.0,12952.0,,13137.0,,,332,4346103.0,185,F1,1,,,,,,2025-05-13
2025-05-13,2025-05-13,CM,BSE,STK,533029,INE773I01017,ALKALI,B,,,,,ALKALI METALS LTD.,83.06,84.09,82.81,83.2,83.2,83.79,,83.11,,,350,29278.0,22,F1,1,,,,,,2025-05-13
2025-05-13,2025-05-13,CM,BSE,STK,533033,INE858B01029,ISGEC,A,,,,,ISGEC HEAVY ENGINEERING LTD.,1108.7,1135.0,1086.5,1099.6,1105.8,1108.8,,1096.7,,,3480,3898569.0,468,F1,1,,,,,,2025-05-13
2025-05-13,2025-05-13,CM,BSE,STK,533047,INE919H01018,IMFA,B,,,,,INDIAN METALS & FERRO ALLOYS L,617.05,625.1,614.6,619.8,619.15,610.35,,620.1,,,5786,3587997.0,550,F1,1,,,,,,2025-05-13
2025-05-13,2025-05-13,CM,BSE,STK,533048,INE065J01024,TPHQ,T,,,,,Teamo Productions HQ Limited,0.69,0.73,0.67,0.73,0.73,0.7,,0.71,,,2015121,1453648.0,586,F1,1,,,,,,2025-05-13
2025-05-13,2025-05-13,CM,BSE,STK,533056,INE359B01010,VEDAVAAG,X,,,,,VEDAVAAG SYSTEMS LTD.,49.0,49.39,47.0,47.38,47.38,48.52,,47.38,,,52613,2525239.0,374,F1,1,,,,,,2025-05-13
2025-05-13,2025-05-13,CM,BSE,STK,533080,INE893J01029,MOLDTKPAC,B,,,,,MOLD-TEK PACKAGING LIMITED,535.35,545.0,529.0,539.8,545.0,535.35,,540.15,,,5680,3040137.0,619,F1,1,,,,,,2025-05-13
2025-05-13,2025-05-13,CM,BSE,STK,533088,INE998I01010,MHRIL,A,,,,,MAHINDRA HOLIDAYS & RESORTS IN,333.0,343.0,329.75,341.95,341.3,330.85,,342.05,,,30079,10110788.0,1355,F1,1,,,,,,2025-05-13
2025-05-13,2025-05-13,CM,BSE,STK,533090,INE688J01023,EXCEL,B,,,,,EXCEL REALTY N INFRA LTD.,0.7,0.72,0.69,0.72,0.72,0.69,,0.72,,,752770,540025.0,147,F1,1,,,,,,2025-05-13
2025-05-13,2025-05-13,CM,BSE,STK,533093,INE294G01026,ROML,B,,,,,RAJ OIL MILLS LTD.,46.5,47.69,46.2,47.47,47.69,46.16,,47.44,,,2406,112998.0,69,F1,1,,,,,,2025-05-13
2025-05-13,2025-05-13,CM,BSE,STK,533095,INE083K01017,BENGALASM,B,,,,,BENGAL & ASSAM COMPANY LTD.,7260.05,7449.95,7260.0,7371.8,7394.0,7350.0,,7371.8,,,284,2092916.0,41,F1,1,,,,,,2025-05-13
2025-05-13,2025-05-13,CM,BSE,STK,533096,INE814H01011,ADANIPOWER,A,,,,,ADANI POWER LTD.,549.8,549.8,536.2,538.85,540.3,546.45,,538.75,,,385396,208451030.0,7873,F1,1,,,,,,2025-05-13
2025-05-13,2025-05-13,CM,BSE,STK,533098,INE848E01016,NHPC,A,,,,,NHPC LTD.,83.86,84.3,82.6,83.51,83.51,83.45,,83.53,,,1321359,110286459.0,9475,F1,1,,,,,,2025-05-13
2025-05-13,2025-05-13,CM,BSE,STK,533100,INE429K01012,PEIL,XT,,,,,PREMIER ENERGY AND INFRASTRUCT,5.61,5.61,5.61,5.61,5.61,5.72,,5.61,,,3158,17716.0,17,F1,1,,,,,,2025-05-13
2025-05-13,2025-05-13,CM,BSE,STK,533101,INE360J01011,SURYAAMBA,X,,,,,SURYAAMBA SPINNING MILLS LTD.,143.05,149.9,143.0,144.15,144.15,142.8,,144.15,,,185,26985.0,11,F1,1,,,,,,2025-05-13
2025-05-13,2025-05-13,CM,BSE,STK,533104,INE615I01010,GLOBUSSPR,B,,,,,GLOBUS SPIRITS LTD.,995.05,1025.5,995.05,1016.55,1016.1,1001.0,,1017.0,,,2343,2375271.0,292,F1,1,,,,,,2025-05-13
2025-05-13,2025-05-13,CM,BSE,STK,533106,INE274J01014,OIL,A,,,,,OIL INDIA LTD.,417.7,418.2,406.45,407.45,408.0,416.35,,407.45,,,54242,22293590.0,1383,F1,1,,,,,,2025-05-13
2025-05-13,2025-05-13,CM,BSE,STK,533108,INE274K01012,BTTL,X,,,,,BHILWARA TECHNICAL TEXTILES LT,44.9,47.75,44.0,44.89,44.89,44.81,,44.89,,,38557,1798355.0,169,F1,1,,,,,,2025-05-13
2025-05-13,2025-05-13,CM,BSE,STK,533110,INE318K01025,SPSL,X,,,,,SHREE PRECOATED STEELS LTD.,12.71,12.71,11.61,11.61,11.61,11.56,,11.61,,,1389,17651.0,4,F1,1,,,,,,2025-05-13
2025-05-13,2025-05-13,CM,BSE,STK,533121,INE201K01015,EXPLEOSOL,B,,,,,EXPLEO SOLUTIONS LIMITED,887.9,906.85,864.0,885.75,883.05,863.0,,885.1,,,2605,2315810.0,535,F1,1,,,,,,2025-05-13
2025-05-13,2025-05-13,CM,BSE,STK,533122,INE399K01017,RTNPOWER,A,,,,,RATTANINDIA POWER LTD.,10.4,10.53,10.22,10.41,10.41,10.4,,10.4,,,1126530,11713713.0,2294,F1,1,,,,,,2025-05-13
2025-05-13,2025-05-13,CM,BSE,STK,533137,INE947J01015,DEN,B,,,,,DEN NETWORKS LTD,33.24,34.05,33.24,33.9,33.9,33.27,,33.91,,,90010,3039071.0,809,F1,1,,,,,,2025-05-13
2025-05-13,2025-05-13,CM,BSE,STK,533138,INE563J01010,ASTEC,B,,,,,ASTEC LIFESCIENCES LIMITED,677.8,694.9,670.15,690.0,694.7,679.35,,691.4,,,444,305773.0,96,F1,1,,,,,,2025-05-13
2025-05-13,2025-05-13,CM,BSE,STK,533146,INE250K01012,DLINKINDIA,B,,,,,D-LINK (INDIA) LTD,491.05,498.9,489.45,492.7,493.4,489.45,,492.55,,,4963,2449136.0,324,F1,1,,,,,,2025-05-13
2025-05-13,2025-05-13,CM,BSE,STK,533148,INE121E01018,JSWENERGY,A,,,,,JSW ENERGY LTD,481.4,481.95,470.55,473.6,473.6,481.2,,474.2,,,133010,63357994.0,4383,F1,1,,,,,,2025-05-13
2025-05-13,2025-05-13,CM,BSE,STK,533149,INE143K01019,YUNIKM,X,,,,,Yunik Managing Advisors Limite,12.39,13.22,12.06,12.1,12.1,12.64,,12.1,,,929,11267.0,17,F1,1,,,,,,2025-05-13
2025-05-13,2025-05-13,CM,BSE,STK,533150,INE484J01027,GODREJPROP,A,,,,,GODREJ PROPERTIES LTD,2147.5,2157.2,2091.0,2101.45,2100.0,2147.5,,2102.4,,,23707,50079784.0,2441,F1,1,,,,,,2025-05-13
2025-05-13,2025-05-13,CM,BSE,STK,533151,INE950I01011,DBCORP,B,,,,,D B CORP LTD,221.6,230.65,221.6,229.35,229.4,225.0,,229.42,,,32617,7400088.0,617,F1,1,,,,,,2025-05-13
2025-05-13,2025-05-13,CM,BSE,STK,533152,INE912H01013,MBLINFRA,B,,,,,MBL Infrastructure Ltd,42.01,42.79,41.85,41.92,41.85,42.27,,42.2,,,1093,46256.0,70,F1,1,,,,,,2025-05-13
2025-05-13,2025-05-13,CM,BSE,STK,533155,INE797F01020,JUBLFOOD,A,,,,,JUBILANT FOODWORKS LTD,691.1,707.35,691.1,701.65,701.7,695.0,,701.7,,,17288,12126122.0,1475,F1,1,,,,,,2025-05-13
2025-05-13,2025-05-13,CM,BSE,STK,533156,INE893I01013,VASCONEQ,B,,,,,VASCON ENGINEERS LTD,41.4,42.74,40.9,42.42,42.0,40.73,,42.43,,,207832,8687304.0,1224,F1,1,,,,,,2025-05-13
2025-05-13,2025-05-13,CM,BSE,STK,533158,INE085J01014,THANGAMAYL,B,,,,,THANGAMAYIL JEWELLERY LTD,1959.95,1995.0,1939.7,1986.4,1995.0,1940.9,,1985.7,,,4511,8854497.0,666,F1,1,,,,,,2025-05-13
2025-05-13,2025-05-13,CM,BSE,STK,533160,INE879I01012,DBREALTY,A,,,,,VALOR ESTATE LIMITED,176.55,180.9,175.45,177.65,177.1,175.9,,177.86,,,71323,12696002.0,1206,F1,1,,,,,,2025-05-13
2025-05-13,2025-05-13,CM,BSE,STK,533161,INE753K01015,EMMBI,B,,,,,EMMBI INDUSTRIES LTD,108.2,109.65,106.75,107.35,108.15,106.95,,107.7,,,1897,205255.0,222,F1,1,,,,,,2025-05-13
2025-05-13,2025-05-13,CM,BSE,STK,533162,INE982F01036,HATHWAY,B,,,,,HATHWAY CABLE & DATACOM LTD,14.19,14.57,14.19,14.4,14.4,14.19,,14.39,,,727741,10501606.0,1499,F1,1,,,,,,2025-05-13
2025-05-13,2025-05-13,CM,BSE,STK,533163,INE267I01010,ARSSINFRA,T,,,,,ARSS INFRASTRUCTURE PROJECTS L,45.5,45.5,42.35,45.25,45.25,44.3,,45.04,,,2764,121781.0,35,F1,1,,,,,,2025-05-13
2025-05-13,2025-05-13,CM,BSE,STK,533164,INE141K01013,TEXMOPIPES,B,,,,,TEXMO PIPES & PRODUCTS LTD.,58.64,60.25,58.62,59.17,58.69,57.9,,59.16,,,9845,583632.0,224,F1,1,,,,,,2025-05-13
2025-05-13,2025-05-13,CM,BSE,STK,533166,INE108E01023,SUNDARAM,B,,,,,SUNDARAM MULTI PAP LTD.,1.95,2.0,1.93,1.98,1.98,1.95,,1.98,,,95404,187812.0,205,F1,1,,,,,,2025-05-13
2025-05-13,2025-05-13,CM,BSE,STK,533168,INE847C01020,ROSSELLIND,T,,,,,ROSSELL INDIA LTD.,73.9,75.07,73.05,74.21,75.07,71.5,,74.7,,,5086,379406.0,51,F1,1,,,,,,2025-05-13
2025-05-13,2025-05-13,CM,BSE,STK,533169,INE949H01023,MANINFRA,A,,,,,MAN INFRACONSTRUCTION LTD.,159.95,165.0,157.3,163.35,164.0,159.15,,163.43,,,108987,17598018.0,1470,F1,1,,,,,,2025-05-13
2025-05-13,2025-05-13,CM,BSE,STK,533170,INE864J01012,TAMBOLIIN,X,,,,,TAMBOLI INDUSTRIES LIMITED,155.8,155.8,145.0,147.8,146.5,153.6,,147.8,,,4835,708696.0,68,F1,1,,,,,,2025-05-13
2025-05-13,2025-05-13,CM,BSE,STK,533172,INF205K01361,IVZINGOLD,E,,,,,INVESCO India Gold Exchange Tr,8293.0,8316.0,8056.0,8266.24,8255.74,8171.74,,8273.3,,,60,492832.0,30,F1,1,,,,,,2025-05-13
2025-05-13,2025-05-13,CM,BSE,STK,533177,INE975G01012,IL&FSTRANS,Z,,,,,IL&FS TRANSPORTATION NETWORKS,3.15,3.27,3.15,3.22,3.2,3.12,,3.22,,,17579,56535.0,23,F1,1,,,,,,2025-05-13
2025-05-13,2025-05-13,CM,BSE,STK,533179,INE262H01021,PERSISTENT,A,,,,,PERSISTENT SYSTEMS LTD.,5962.1,5962.15,5750.0,5761.15,5787.45,5882.0,,5761.0,,,22374,130334165.0,5516,F1,1,,,,,,2025-05-13
2025-05-13,2025-05-13,CM,BSE,STK,533181,INE566K01011,ISFT,B,,,,,INTRASOFT TECHNOLOGIES LTD.,99.1,107.5,99.1,101.85,102.35,99.95,,102.1,,,5967,620633.0,188,F1,1,,,,,,2025-05-13
2025-05-13,2025-05-13,CM,BSE,STK,533189,INE516K01024,GOENKA,Z,,,,,GOENKA DIAMOND & JEWELS LTD.,0.78,0.86,0.78,0.84,0.85,0.82,,0.83,,,26924,22928.0,32,F1,1,,,,,,2025-05-13
2025-05-13,2025-05-13,CM,BSE,STK,533192,INE790B01024,KCPSUGIND,B,,,,,KCP SUGAR & INDUSTRIES CORPORA,35.64,35.98,35.18,35.66,35.65,35.18,,35.72,,,22201,789913.0,266,F1,1,,,,,,2025-05-13
2025-05-13,2025-05-13,CM,BSE,STK,533193,INE134B01017,KECL,B,,,,,KIRLOSKAR ELECTRIC COMPANY LTD,128.0,134.4,126.5,126.7,128.45,124.05,,127.01,,,41184,5334673.0,633,F1,1,,,,,,2025-05-13
2025-05-13,2025-05-13,CM,BSE,STK,533202,INE639K01016,SATCH,X,,,,,SATCHMO HOLDINGS LIMITED,3.2,3.36,3.2,3.25,3.23,3.27,,3.25,,,40301,132147.0,82,F1,1,,,,,,2025-05-13
2025-05-13,2025-05-13,CM,BSE,STK,533203,INE747K01017,TARAPUR,T,,,,,TARAPUR TRANSFORMERS LTD,27.8,28.39,27.8,28.39,28.39,27.04,,28.48,,,12399,351785.0,29,F1,1,,,,,,2025-05-13
2025-05-13,2025-05-13,CM,BSE,STK,533206,INE002L01015,SJVN,A,,,,,SJVN LTD,96.89,97.41,95.2,95.91,96.14,96.46,,95.92,,,320406,30859214.0,2114,F1,1,,,,,,2025-05-13
2025-05-13,2025-05-13,CM,BSE,STK,533208,INE830C01026,EMAMIPAP,B,,,,,EMAMI PAPER MILLS LTD.,91.81,93.0,90.21,91.0,91.0,91.64,,90.98,,,4681,428412.0,142,F1,1,,,,,,2025-05-13
2025-05-13,2025-05-13,CM,BSE,STK,533210,INE798K01010,KRITINUT,B,,,,,KRITI NUTRIENTS LTD,110.41,110.71,106.0,107.77,107.55,110.98,,107.86,,,8612,943262.0,140,F1,1,,,,,,2025-05-13
2025-05-13,2025-05-13,CM,BSE,STK,533212,INE265D01015,GKB,X,,,,,GKB OPHTHALMICS LTD.,69.88,69.88,68.9,69.8,69.82,69.88,,69.8,,,620,43268.0,21,F1,1,,,,,,2025-05-13
2025-05-13,2025-05-13,CM,BSE,STK,533217,INE871K01015,HMVL,B,,,,,HINDUSTAN MEDIA VENTURES LTD.,84.96,86.63,82.11,86.1,86.0,84.96,,84.39,,,1340,114319.0,41,F1,1,,,,,,2025-05-13
2025-05-13,2025-05-13,CM,BSE,STK,533218,INE778K01012,EMAMIREAL,B,,,,,EMAMI REALTY LIMITED,110.0,113.0,110.0,111.0,111.0,109.55,,111.21,,,387,43255.0,61,F1,1,,,,,,2025-05-13
2025-05-13,2025-05-13,CM,BSE,STK,533227,INE926K01017,AHLEAST,B,,,,,ASIAN HOTELS (EAST) LTD.,139.8,141.3,139.4,140.0,140.0,140.45,,140.42,,,509,71712.0,36,F1,1,,,,,,2025-05-13
2025-05-13,2025-05-13,CM,BSE,STK,533229,INE933K01021,BAJAJCON,A,,,,,BAJAJ CONSUMER CARE LIMITED,167.45,169.65,165.75,167.05,166.75,166.25,,167.02,,,47048,7877924.0,767,F1,1,,,,,,2025-05-13
2025-05-13,2025-05-13,CM,BSE,STK,533230,INF179KC1981,HDFCGOLD,E,,,,,HDFC MUTUAL FUND - HDFC GOLD E,81.05,81.8,80.5,81.47,81.8,80.47,,81.61,,,96247,7811721.0,802,F1,1,,,,,,2025-05-13
2025-05-13,2025-05-13,CM,BSE,STK,533239,INE696K01024,PRAKASHSTL,B,,,,,PRAKASH STEELAGE LTD.,6.96,6.96,5.96,6.71,6.7,6.71,,6.71,,,134942,858223.0,367,F1,1,,,,,,2025-05-13
2025-05-13,2025-05-13,CM,BSE,STK,533244,INF109KC1NT3,GOLDIETF,E,,,,,ICICI Prudential Gold ETF,82.0,82.14,80.42,81.74,81.74,80.98,,81.65,,,615480,50025362.0,2872,F1,1,,,,,,2025-05-13
2025-05-13,2025-05-13,CM,BSE,STK,533248,INE517F01014,GPPL,A,,,,,GUJARAT PIPAVAV PORT LTD.,138.3,139.8,135.85,139.15,139.15,138.3,,139.16,,,68451,9480345.0,1329,F1,1,,,,,,2025-05-13
2025-05-13,2025-05-13,CM,BSE,STK,533252,INE389K01018,WELINV,B,,,,,WELSPUN INVESTMENTS AND COMMER,810.0,810.0,810.0,810.0,810.0,817.0,,807.9,,,17,13770.0,3,F1,1,,,,,,2025-05-13
2025-05-13,2025-05-13,CM,BSE,STK,533259,INE019J01013,SASTASUNDR,B,,,,,Sastasundar Ventures Limited,263.0,263.0,257.8,258.45,258.45,259.55,,260.65,,,658,171878.0,59,F1,1,,,,,,2025-05-13
2025-05-13,2025-05-13,CM,BSE,STK,533260,INE521J01018,CPCAP,T,,,,,CP CAPITAL LIMITED,222.1,222.1,214.4,214.4,214.4,225.65,,221.5,,,4998,1072465.0,72,F1,1,,,,,,2025-05-13
2025-05-13,2025-05-13,CM,BSE,STK,533262,INE874I01013,RAMKY,B,,,,,RAMKY INFRASTRUCTURE LTD.,472.8,491.45,472.15,487.45,488.0,468.8,,486.9,,,8129,3955319.0,647,F1,1,,,,,,2025-05-13
2025-05-13,2025-05-13,CM,BSE,STK,533263,INE999K01014,GREENPOWER,A,,,,,ORIENT GREEN POWER COMPANY LTD,12.45,12.45,12.09,12.31,12.31,12.21,,12.29,,,838850,10308615.0,2606,F1,1,,,,,,2025-05-13
2025-05-13,2025-05-13,CM,BSE,STK,533267,INE068L01024,CANTABIL,B,,,,,CANTABIL RETAIL INDIA LTD.,230.1,242.45,230.1,235.3,237.65,241.2,,235.23,,,9416,2241856.0,428,F1,1,,,,,,2025-05-13
2025-05-13,2025-05-13,CM,BSE,STK,533268,INE351L01016,SEATV,X,,,,,SEA TV NETWORK LTD.,7.02,7.02,7.02,7.02,7.02,7.2,,7.02,,,1866,13099.0,39,F1,1,,,,,,2025-05-13
2025-05-13,2025-05-13,CM,BSE,STK,533269,INE956G01038,WABAG,A,,,,,VA TECH WABAG LTD.,1362.15,1386.95,1345.0,1363.65,1370.0,1362.2,,1363.9,,,23906,32786490.0,1733,F1,1,,,,,,2025-05-13
2025-05-13,2025-05-13,CM,BSE,STK,533270,INE844K01012,BEDMUTHA,B,,,,,BEDMUTHA INDUSTRIES LTD.,161.55,163.5,160.0,161.25,161.25,160.05,,160.28,,,92,14808.0,14,F1,1,,,,,,2025-05-13
2025-05-13,2025-05-13,CM,BSE,STK,533271,INE442H01029,ASHOKA,A,,,,,ASHOKA BUILDCON LTD.,190.0,193.45,188.3,192.45,192.45,190.0,,192.61,,,99600,19096632.0,1462,F1,1,,,,,,2025-05-13
2025-05-13,2025-05-13,CM,BSE,STK,533272,INE209L01016,JWL,A,,,,,JUPITER WAGONS LIMITED,370.05,375.8,364.0,373.15,373.15,369.9,,373.1,,,63962,23677643.0,1539,F1,1,,,,,,2025-05-13
2025-05-13,2025-05-13,CM,BSE,STK,533273,INE093I01010,OBEROIRLTY,A,,,,,OBEROI REALTY LTD.,1619.0,1625.0,1573.4,1587.3,1587.3,1619.05,,1586.2,,,12894,20496287.0,1473,F1,1,,,,,,2025-05-13
2025-05-13,2025-05-13,CM,BSE,STK,533274,INE811K01011,PRESTIGE,A,,,,,PRESTIGE ESTATES PROJECTS LTD.,1376.05,1381.65,1340.9,1346.55,1347.55,1365.95,,1347.3,,,7180,9775369.0,823,F1,1,,,,,,2025-05-13
2025-05-13,2025-05-13,CM,BSE,STK,533275,INE482J01021,SHAH,B,,,,,SHAH METACORP LIMITED,3.24,3.3,3.15,3.24,3.24,3.18,,3.22,,,369596,1192104.0,279,F1,1,,,,,,2025-05-13
2025-05-13,2025-05-13,CM,BSE,STK,533278,INE522F01014,COALINDIA,A,,,,,COAL INDIA LTD.,397.2,399.5,394.2,395.55,395.55,395.45,,395.15,,,189729,75406338.0,4012,F1,1,,,,,,2025-05-13
2025-05-13,2025-05-13,CM,BSE,STK,533282,INE024L01027,GRAVITA,A,,,,,GRAVITA INDIA LTD.,1905.95,1908.9,1871.95,1885.4,1880.0,1899.85,,1884.5,,,18633,35166542.0,1692,F1,1,,,,,,2025-05-13
2025-05-13,2025-05-13,CM,BSE,STK,533284,INE324L01013,RPPINFRA,T,,,,,RPP INFRA PROJECTS LTD.,153.9,157.2,147.3,157.2,157.2,149.75,,156.83,,,16608,2584300.0,200,F1,1,,,,,,2025-05-13
2025-05-13,2025-05-13,CM,BSE,STK,533285,INE245L01028,RDBIPL,XT,,,,,RDB INFRASTRUCTURE AND POWER L,54.41,54.41,50.1,52.88,51.21,51.92,,52.88,,,4552,235799.0,99,F1,1,,,,,,2025-05-13
2025-05-13,2025-05-13,CM,BSE,STK,533286,INE490G01020,MOIL,A,,,,,MOIL LTD.,337.05,342.3,333.9,340.25,339.45,337.05,,340.35,,,26044,8813259.0,757,F1,1,,,,,,2025-05-13
2025-05-13,2025-05-13,CM,BSE,STK,533287,INE565L01011,ZEELEARN,B,,,,,ZEE LEARN LTD.,6.12,6.44,6.12,6.39,6.39,6.24,,6.37,,,106009,671887.0,267,F1,1,,,,,,2025-05-13
2025-05-13,2025-05-13,CM,BSE,STK,533289,INE096L01025,KTIL,X,,,,,KESAR TERMINALS & INFRASTRUCTU,88.0,90.0,84.01,85.0,85.0,86.03,,85.0,,,14707,1265710.0,85,F1,1,,,,,,2025-05-13
2025-05-13,2025-05-13,CM,BSE,STK,533292,INE619I01012,A2ZINFRA,B,,,,,A2Z INFRA ENGINEERING LIMITED,13.51,14.22,13.41,14.04,14.1,13.55,,14.03,,,35770,500265.0,351,F1,1,,,,,,2025-05-13
2025-05-13,2025-05-13,CM,BSE,STK,533293,INE146L01010,KIRLOSENG,A,,,,,KIRLOSKAR OIL ENGINES LTD.,707.0,720.5,698.6,718.45,719.55,699.9,,718.7,,,11922,8479840.0,728,F1,1,,,,,,2025-05-13
2025-05-13,2025-05-13,CM,BSE,STK,533294,INE722J01012,RKDL,B,,,,,RAVI KUMAR DISTILLERIES LTD.,27.07,27.71,26.7,26.8,26.8,27.02,,26.81,,,1898,51418.0,130,F1,1,,,,,,2025-05-13
2025-05-13,2025-05-13,CM,BSE,STK,533295,INE608A01012,PSB,B,,,,,PUNJAB & SIND BANK,28.88,29.83,28.87,29.7,29.7,28.87,,29.75,,,206268,6076080.0,1065,F1,1,,,,,,2025-05-13
2025-05-13,2025-05-13,CM,BSE,STK,533296,INE360L01017,FMNL,T,,,,,FUTURE MARKET NETWORKS LTD.,14.4,14.4,13.78,14.36,14.39,13.73,,14.29,,,2625,37725.0,12,F1,1,,,,,,2025-05-13
2025-05-13,2025-05-13,CM,BSE,STK,533298,INE272L01022,SURANASOL,B,,,,,SURANA SOLAR LTD.,33.91,34.8,33.75,34.23,34.46,34.08,,34.32,,,9662,330576.0,263,F1,1,,,,,,2025-05-13
2025-05-13,2025-05-13,CM,BSE,STK,533301,INE268L01046,SHEKHAWATI,T,,,,,SHEKHAWATI INDUSTRIES LIMITED,23.45,23.45,22.01,22.98,23.2,22.94,,22.31,,,3062,69579.0,31,F1,1,,,,,,2025-05-13
2025-05-13,2025-05-13,CM,BSE,STK,533302,INE029L01018,KICL,B,,,,,KALYANI INVESTMENT COMPANY LTD,4540.8,4605.7,4515.0,4575.55,4557.65,4513.5,,4579.6,,,952,4333599.0,297,F1,1,,,,,,2025-05-13
2025-05-13,2025-05-13,CM,BSE,STK,533303,INE878K01010,BFINVEST,B,,,,,BF INVESTMENT LTD.,505.0,521.4,505.0,511.4,511.0,508.45,,511.35,,,4219,2163086.0,356,F1,1,,,,,,2025-05-13
2025-05-13,2025-05-13,CM,BSE,STK,533306,INE519C01017,SUMMITSEC,B,,,,,SUMMIT SECURITIES LTD.,1901.55,2011.15,1901.55,1975.15,1980.0,1947.25,,1978.6,,,1887,3733889.0,394,F1,1,,,,,,2025-05-13
2025-05-13,2025-05-13,CM,BSE,STK,533315,INE690J01011,INOVSYNTH,X,,,,,INNOVASSYNTH INVESTMENTS LTD.,75.0,76.9,74.6,76.23,74.61,73.82,,76.23,,,10369,789109.0,55,F1,1,,,,,,2025-05-13
2025-05-13,2025-05-13,CM,BSE,STK,533316,INE577L01016,STEL,T,,,,,STEL HOLDINGS LIMITED,403.0,410.0,403.0,410.0,410.0,404.0,,407.45,,,1537,630074.0,9,F1,1,,,,,,2025-05-13
2025-05-13,2025-05-13,CM,BSE,STK,533317,INE474L01016,OMKARCHEM,Z,,,,,OMKAR SPECIALITY CHEMICALS LTD,5.77,5.77,5.77,5.77,5.77,5.5,,5.74,,,91,525.0,2,F1,1,,,,,,2025-05-13
2025-05-13,2025-05-13,CM,BSE,STK,533326,INE621L01012,TEXRAIL,A,,,,,TEXMACO RAIL & ENGINEERING LTD,143.8,146.6,141.2,144.05,144.1,143.6,,144.09,,,140415,20220585.0,1439,F1,1,,,,,,2025-05-13
2025-05-13,2025-05-13,CM,BSE,STK,533329,INE611L01021,INDTERRAIN,B,,,,,INDIAN TERRAIN FASHIONS LTD.,34.3,34.72,34.21,34.72,34.72,33.8,,34.59,,,1596,54878.0,36,F1,1,,,,,,2025-05-13
2025-05-13,2025-05-13,CM,BSE,STK,533333,INE045J01026,FCL,A,,,,,FINEOTEX CHEMICAL LTD.,243.85,261.5,243.85,257.55,257.55,248.2,,257.41,,,54096,13797725.0,1648,F1,1,,,,,,2025-05-13
2025-05-13,2025-05-13,CM,BSE,STK,533336,INE320L01011,DHUNINV,B,,,,,DHUNSERI INVESTMENTS LTD.,1520.0,1579.05,1520.0,1545.95,1545.95,1536.55,,1542.7,,,233,359944.0,74,F1,1,,,,,,2025-05-13
2025-05-13,2025-05-13,CM,BSE,STK,533339,INE251B01027,ZENTEC,A,,,,,ZEN TECHNOLOGIES LTD.,1498.0,1550.45,1476.65,1550.45,1550.45,1476.65,,1550.5,,,159907,245713885.0,6409,F1,1,,,,,,2025-05-13
2025-05-13,2025-05-13,CM,BSE,STK,533343,INE597L01014,LOVABLE,B,,,,,LOVABLE LINGERIE LTD.,90.23,92.0,90.19,91.99,92.0,89.97,,91.84,,,138,12630.0,20,F1,1,,,,,,2025-05-13
2025-05-13,2025-05-13,CM,BSE,STK,533344,INE560K01014,PFS,B,,,,,PTC INDIA FINANCIAL SERVICES L,34.0,34.65,33.57,34.16,34.01,33.96,,34.16,,,123855,4216328.0,709,F1,1,,,,,,2025-05-13
2025-05-13,2025-05-13,CM,BSE,STK,533385,INF247L01AP3,MON100,E,,,,,MOTILAL OSWAL MOST SHARES NASD,177.2,178.59,175.15,176.54,176.54,176.14,,176.5,,,308109,54404294.0,4260,F1,1,,,,,,2025-05-13
2025-05-13,2025-05-13,CM,BSE,STK,533398,INE414G01012,MUTHOOTFIN,A,,,,,MUTHOOT FINANCE LTD.,2249.7,2261.45,2200.0,2218.45,2218.45,2258.3,,2216.5,,,19251,42680306.0,3048,F1,1,,,,,,2025-05-13
2025-05-13,2025-05-13,CM,BSE,STK,533407,INE672K01025,TRUEGREEN,XT,,,,,TRUE GREEN BIO ENERGY LIMITED,76.0,81.5,75.01,80.99,80.48,78.95,,80.99,,,1070,81259.0,39,F1,1,,,,,,2025-05-13
2025-05-13,2025-05-13,CM,BSE,STK,533408,INF209KB18D3,BSLGOLDETF,E,,,,,Aditya Birla Sun Life Mutual F,83.46,84.05,82.15,83.84,83.88,82.51,,83.8,,,20000,1665206.0,351,F1,1,,,,,,2025-05-13
2025-05-13,2025-05-13,CM,BSE,STK,533427,INE932K01015,VMS,X,,,,,VMS INDUSTRIES LTD.,24.6,24.71,24.05,24.71,24.71,23.54,,24.71,,,66768,1636783.0,301,F1,1,,,,,,2025-05-13
2025-05-13,2025-05-13,CM,BSE,STK,533451,INE725L01011,KARMAENG,B,,,,,KARMA ENERGY LTD.,57.79,57.79,52.0,54.92,55.0,54.79,,54.93,,,1616,90323.0,23,F1,1,,,,,,2025-05-13
2025-05-13,2025-05-13,CM,BSE,STK,533470,INE573K01025,RUSHIL,B,,,,,RUSHIL DECOR LTD.,22.1,23.86,22.1,23.76,23.83,22.62,,23.74,,,96163,2244910.0,725,F1,1,,,,,,2025-05-13
2025-05-13,2025-05-13,CM,BSE,STK,533477,INE130L01014,ENKEIWHEL,B,,,,,ENKEI WHEELS (INDIA) LTD.,515.0,517.5,506.5,517.5,517.5,517.4,,517.5,,,154,79167.0,14,F1,1,,,,,,2025-05-13
2025-05-13,2025-05-13,CM,BSE,STK,533482,INE524L01026,KRIDHANINF,T,,,,,KRIDHAN INFRA LIMITED,3.81,3.84,3.66,3.74,3.74,3.74,,3.74,,,7494,27998.0,36,F1,1,,,,,,2025-05-13
2025-05-13,2025-05-13,CM,BSE,STK,533506,INE878H01024,INVENTURE,B,,,,,INVENTURE GROWTH & SECURITIES,1.5,1.59,1.48,1.55,1.55,1.48,,1.55,,,1237857,1909312.0,475,F1,1,,,,,,2025-05-13
2025-05-13,2025-05-13,CM,BSE,STK,533519,INE498L01015,LTF,A,,,,,L&T Finance Limited,171.95,173.5,170.15,171.35,171.35,171.15,,171.45,,,127926,21983293.0,1548,F1,1,,,,,,2025-05-13
2025-05-13,2025-05-13,CM,BSE,STK,533520,INE126M01010,YAARI,B,,,,,Yaari Digital Integrated Servi,13.25,13.25,13.25,13.25,13.25,12.62,,13.55,,,1224,16218.0,8,F1,1,,,,,,2025-05-13
2025-05-13,2025-05-13,CM,BSE,STK,533540,INE040M01013,TREEHOUSE,T,,,,,TREE HOUSE EDUCATION & ACCESSO,8.71,8.71,8.71,8.71,8.71,8.3,,8.36,,,1,8.0,1,F1,1,,,,,,2025-05-13
2025-05-13,2025-05-13,CM,BSE,STK,533543,INE650L01011,BROOKS,T,,,,,BROOKS LABORATORIES LTD.,132.9,136.0,132.9,135.0,135.0,132.9,,135.22,,,2165,291114.0,23,F1,1,,,,,,2025-05-13
2025-05-13,2025-05-13,CM,BSE,STK,533552,INE895B01021,RUPA,B,,,,,RUPA & COMPANY LTD.,195.95,199.5,195.1,197.35,199.0,194.95,,198.29,,,9943,1964155.0,454,F1,1,,,,,,2025-05-13
2025-05-13,2025-05-13,CM,BSE,STK,533553,INE419M01027,TDPOWERSYS,A,,,,,T D POWER SYSTEMS LTD.,437.55,468.0,428.55,464.0,464.0,425.2,,463.95,,,332190,149555522.0,9475,F1,1,,,,,,2025-05-13
2025-05-13,2025-05-13,CM,BSE,STK,533570,INF846K01W80,AXISGOLD,E,,,,,AXIS MUTUAL FUND - AXIS GOLD E,79.25,79.76,78.56,79.62,79.6,79.85,,79.64,,,38516,3051750.0,1138,F1,1,,,,,,2025-05-13
2025-05-13,2025-05-13,CM,BSE,STK,533573,INE901L01018,APLLTD,A,,,,,ALEMBIC PHARMACEUTICALS LTD.,899.15,899.15,880.85,895.05,892.6,879.6,,895.7,,,9259,8233922.0,645,F1,1,,,,,,2025-05-13
2025-05-13,2025-05-13,CM,BSE,STK,533576,INE590L01019,VASWANI,B,,,,,VASWANI INDUSTRIES LTD.,42.37,43.45,40.81,42.97,42.8,41.87,,42.84,,,15218,647528.0,363,F1,1,,,,,,2025-05-13
2025-05-13,2025-05-13,CM,BSE,STK,533581,INE457L01029,PGEL,A,,,,,PG ELECTROPLAST LTD.,881.0,881.0,840.2,846.75,846.75,881.55,,846.9,,,296445,253718987.0,13207,F1,1,,,,,,2025-05-13
2025-05-13,2025-05-13,CM,BSE,STK,533602,INE050L01048,LESHAIND,X,,,,,LESHA INDUSTRIES LTD.,1.2,1.22,1.15,1.18,1.18,1.18,,1.18,,,313117,369161.0,301,F1,1,,,,,,2025-05-13
2025-05-13,2025-05-13,CM,BSE,STK,533605,INE023M01027,SETUINFRA,Z,,,,,SETUBANDHAN INFRASTRUCTURE LIM,0.57,0.6,0.57,0.6,0.6,0.59,,0.6,,,1758,1036.0,7,F1,1,,,,,,2025-05-13
2025-05-13,2025-05-13,CM,BSE,STK,533608,INE123M01017,RDBRL,X,,,,,RDB RASAYANS LTD.,115.45,116.5,112.7,113.1,113.25,112.5,,113.1,,,6089,698529.0,80,F1,1,,,,,,2025-05-13
2025-05-13,2025-05-13,CM,BSE,STK,533629,INE440L01017,TIJARIA,T,,,,,TIJARIA POLYPIPES LTD.,6.02,6.02,6.02,6.02,6.02,5.91,,6.17,,,11200,67424.0,1,F1,1,,,,,,2025-05-13
2025-05-13,2025-05-13,CM,BSE,STK,533632,INE912L01015,ONELIFECAP,T,,,,,ONELIFE CAPITAL ADVISORS LTD.,11.64,11.64,10.54,11.21,11.21,11.09,,10.74,,,2120,23034.0,20,F1,1,,,,,,2025-05-13
2025-05-13,2025-05-13,CM,BSE,STK,533638,INE060J01017,FLEXITUFF,T,,,,,FLEXITUFF VENTURES INTERNATION,31.79,31.79,31.79,31.79,31.79,31.17,,32.44,,,280,8901.0,1,F1,1,,,,,,2025-05-13
2025-05-13,2025-05-13,CM,BSE,STK,533655,INE152M01016,TRITURBINE,A,,,,,TRIVENI TURBINE LTD.,560.65,563.0,546.8,550.6,550.2,559.95,,550.6,,,94688,52350355.0,2986,F1,1,,,,,,2025-05-13
2025-05-13,2025-05-13,CM,BSE,STK,533676,INE337M01013,INDOTHAI,T,,,,,INDO THAI SECURITIES LTD.,1827.0,1859.95,1790.1,1849.7,1849.9,1824.55,,1846.5,,,9217,17029320.0,43,F1,1,,,,,,2025-05-13
2025-05-13,2025-05-13,CM,BSE,STK,533704,INE122M01019,ESSARSHPNG,B,,,,,ESSAR SHIPPING LTD.,30.39,30.39,29.24,30.39,30.39,28.95,,30.52,,,15887,481392.0,57,F1,1,,,,,,2025-05-13
2025-05-13,2025-05-13,CM,BSE,STK,533719,INF397L01554,LICMFGOLD,E,,,,,IDBI MUTUAL FUND - IDBI GOLD E,8475.95,8663.0,8400.0,8575.95,8575.95,8484.41,,8573.35,,,436,3709215.0,124,F1,1,,,,,,2025-05-13
2025-05-13,2025-05-13,CM,BSE,STK,533758,INE702C01027,APLAPOLLO,A,,,,,APL APOLLO TUBES LTD.,1720.05,1747.9,1715.3,1725.35,1725.35,1714.65,,1725.1,,,32769,56660560.0,3088,F1,1,,,,,,2025-05-13
2025-05-13,2025-05-13,CM,BSE,STK,533761,INE390G01014,GPTINFRA,B,,,,,GPT INFRAPROJECTS LTD.,127.2,130.65,124.5,130.15,130.4,127.3,,130.05,,,21712,2762084.0,638,F1,1,,,,,,2025-05-13
2025-05-13,2025-05-13,CM,BSE,STK,533896,INE258M01011,FERVENTSYN,X,,,,,FERVENT SYNERGIES LTD.,22.93,22.96,21.0,22.96,22.96,20.9,,22.96,,,1454,32619.0,19,F1,1,,,,,,2025-05-13
2025-05-13,2025-05-13,CM,BSE,STK,533941,INE480M01011,THOMASCOTT,T,,,,,THOMAS SCOTT (INDIA) LIMITED,328.95,345.35,328.95,345.3,345.3,328.95,,339.7,,,4792,1635023.0,93,F1,1,,,,,,2025-05-13
2025-05-13,2025-05-13,CM,BSE,STK,533982,INE482B01010,TERASOFT,T,,,,,TERA SOFTWARE LTD.,251.05,251.05,251.05,251.05,251.05,239.1,,250.54,,,6876,1726219.0,62,F1,1,,,,,,2025-05-13
2025-05-13,2025-05-13,CM,BSE,STK,534060,INE793G01035,PMCFIN,X,,,,,PMC FINCORP LIMITED,2.39,2.4,2.32,2.37,2.37,2.37,,2.37,,,684758,1624892.0,814,F1,1,,,,,,2025-05-13
2025-05-13,2025-05-13,CM,BSE,STK,534063,INE241F01011,FUTSOL,X,,,,,FUTURISTIC SOLUTIONS LTD.,58.43,58.43,58.43,58.43,58.43,62.65,,58.43,,,52,3038.0,7,F1,1,,,,,,2025-05-13
2025-05-13,2025-05-13,CM,BSE,STK,534064,INE123D01024,AIML,XT,,,,,ALLIANCE INTEGRATED METALIKS L,4.19,4.19,3.89,3.97,4.0,4.02,,3.97,,,44420,179416.0,156,F1,1,,,,,,2025-05-13
2025-05-13,2025-05-13,CM,BSE,STK,534076,INE743M01012,RHIM,A,,,,,RHI MAGNESITA INDIA LIMITED,455.0,457.55,448.0,449.9,449.9,450.9,,449.05,,,6001,2706396.0,294,F1,1,,,,,,2025-05-13
2025-05-13,2025-05-13,CM,BSE,STK,534091,INE745G01035,MCX,A,,,,,MULTI COMMODITY EXCHANGE OF IN,6064.3,6064.3,5915.0,5935.25,5935.25,6064.35,,5937.0,,,180582,1072019103.0,5520,F1,1,,,,,,2025-05-13
2025-05-13,2025-05-13,CM,BSE,STK,534139,INE839M01018,SCHNEIDER,A,,,,,SCHNEIDER ELECTRIC INFRASTRUCT,609.35,623.3,605.3,620.15,621.0,609.35,,620.15,,,49417,30517306.0,2160,F1,1,,,,,,2025-05-13
2025-05-13,2025-05-13,CM,BSE,STK,534190,INE550L01013,OLPCL,XT,,,,,OLYMPIC CARDS LTD.,3.14,3.14,3.02,3.14,3.14,3.14,,3.14,,,757,2348.0,13,F1,1,,,,,,2025-05-13
2025-05-13,2025-05-13,CM,BSE,STK,534309,INE095N01031,NBCC,A,,,,,NBCC (India) Limited,99.21,102.15,98.39,101.76,101.76,99.79,,101.69,,,986083,98880509.0,4919,F1,1,,,,,,2025-05-13
2025-05-13,2025-05-13,CM,BSE,STK,534312,INE472M01018,MTEDUCARE,T,,,,,MT EDUCARE LTD.,2.16,2.38,2.16,2.35,2.35,2.27,,2.33,,,29850,65017.0,20,F1,1,,,,,,2025-05-13
2025-05-13,2025-05-13,CM,BSE,STK,534328,INE750M01017,HEXATRADEX,B,,,,,HEXA TRADEX LTD.,184.1,204.9,184.0,185.7,184.0,186.7,,184.26,,,1035,196788.0,141,F1,1,,,,,,2025-05-13
2025-05-13,2025-05-13,CM,BSE,STK,534338,INE393F01010,MAXHEIGHTS,X,,,,,MAXHEIGHTS INFRASTRUCTURE LTD.,16.28,16.36,16.16,16.16,16.16,16.28,,16.16,,,174,2837.0,4,F1,1,,,,,,2025-05-13
2025-05-13,2025-05-13,CM,BSE,STK,534369,INE760L01018,TBZ,B,,,,,TRIBHOVANDAS BHIMJI ZAVERI LTD,197.2,202.75,197.2,201.65,201.4,201.3,,201.73,,,20636,4146532.0,622,F1,1,,,,,,2025-05-13
2025-05-13,2025-05-13,CM,BSE,STK,534392,INE050M01012,VSSL,B,,,,,VARDHMAN SPECIAL STEELS LTD.,245.15,247.1,242.5,246.15,247.0,244.5,,245.79,,,1510,369068.0,115,F1,1,,,,,,2025-05-13
2025-05-13,2025-05-13,CM,BSE,STK,534422,INE204N01013,LOOKS,X,,,,,LOOKS HEALTH SERVICES LIMITED,4.61,4.63,4.61,4.61,4.61,4.63,,4.61,,,1899,8766.0,15,F1,1,,,,,,2025-05-13
2025-05-13,2025-05-13,CM,BSE,STK,534425,INE247M01014,SPECIALITY,B,,,,,SPECIALITY RESTAURANTS LTD.,130.9,136.0,130.9,133.35,134.8,130.9,,133.33,,,6252,832683.0,231,F1,1,,,,,,2025-05-13
2025-05-13,2025-05-13,CM,BSE,STK,534532,INE142K01011,LYPSAGEMS,B,,,,,LYPSA GEMS & JEWELLERY LTD,6.25,6.46,6.1,6.3,6.27,6.25,,6.23,,,3363,20920.0,40,F1,1,,,,,,2025-05-13
2025-05-13,2025-05-13,CM,BSE,STK,534597,INE834M01019,RTNINDIA,A,,,,,RATTANINDIA ENTERPRISES LIMITE,44.68,46.1,43.63,45.89,45.89,44.31,,45.92,,,680280,30813492.0,4571,F1,1,,,,,,2025-05-13
2025-05-13,2025-05-13,CM,BSE,STK,534598,INE735M01018,SAMPANN,B,,,,,Sampann Utpadan India Limited,28.55,28.94,28.19,28.94,28.94,27.57,,29.56,,,4696,135872.0,17,F1,1,,,,,,2025-05-13
2025-05-13,2025-05-13,CM,BSE,STK,534600,INE391J01032,JTLIND,B,,,,,JTL INDUSTRIES LIMITED,63.1,65.3,63.1,64.65,64.65,63.86,,64.62,,,109793,7078194.0,1320,F1,1,,,,,,2025-05-13
2025-05-13,2025-05-13,CM,BSE,STK,534612,INE436N01029,AMTL,X,,,,,ADVANCE METERING TECHNOLOGY LT,25.08,26.48,25.08,25.98,25.98,26.06,,25.98,,,1958,50258.0,44,F1,1,,,,,,2025-05-13
2025-05-13,2025-05-13,CM,BSE,STK,534615,INE553C01016,NECCLTD,B,,,,,NORTH EASTERN CARRYING CORPORA,22.55,23.83,22.55,23.41,23.23,23.28,,23.4,,,23620,552621.0,316,F1,1,,,,,,2025-05-13
2025-05-13,2025-05-13,CM,BSE,STK,534618,INE299N01021,WAAREERTL,B,,,,,WAAREE RENEWABLE TECHNOLOGIES,980.15,995.0,963.0,979.85,979.85,979.65,,978.95,,,109015,106634728.0,5820,F1,1,,,,,,2025-05-13
2025-05-13,2025-05-13,CM,BSE,STK,534623,INE524N01014,JUPITERIN,XT,,,,,JUPITER INFOMEDIA LTD.,55.1,57.34,54.61,55.85,55.85,54.61,,55.85,,,14989,850587.0,76,F1,1,,,,,,2025-05-13
2025-05-13,2025-05-13,CM,BSE,STK,534639,INE581M01016,VINAYAKPOL,X,,,,,VINAYAK POLYCON INTERNATIONAL,25.28,25.28,25.28,25.28,25.28,26.6,,25.28,,,469,11856.0,6,F1,1,,,,,,2025-05-13
2025-05-13,2025-05-13,CM,BSE,STK,534674,INE741L01018,DUCON,B,,,,,Ducon Infratechnologies Ltd,5.98,6.07,5.78,5.99,5.99,5.77,,6.02,,,314693,1847265.0,515,F1,1,,,,,,2025-05-13
2025-05-13,2025-05-13,CM,BSE,STK,534675,INE195N01013,PROZONER,T,,,,,PROZONE REALTY LIMITED,35.05,35.71,35.0,35.69,35.69,35.01,,35.69,,,30043,1067794.0,37,F1,1,,,,,,2025-05-13
2025-05-13,2025-05-13,CM,BSE,STK,534680,INE559N01010,SRGHFL,B,,,,,SRG HOUSING FINANCE LTD.,301.05,318.0,291.05,309.25,308.6,306.7,,311.05,,,347,107293.0,63,F1,1,,,,,,2025-05-13
2025-05-13,2025-05-13,CM,BSE,STK,534691,INE456N01019,COMCL,X,,,,,COMFORT COMMOTRADE LTD.,25.75,27.59,25.42,26.21,26.49,26.57,,26.21,,,12290,323387.0,141,F1,1,,,,,,2025-05-13
2025-05-13,2025-05-13,CM,BSE,STK,534708,INE892L01019,SHANTIGURU,MT,,,,,SHANTI GURU INDUSTRIES LIMITED,8.56,8.56,8.56,8.56,8.56,8.4,,8.56,,,3000,25680.0,1,F1,3000,,,,,,2025-05-13
2025-05-13,2025-05-13,CM,BSE,STK,534732,INE176N01021,CASPIAN,X,,,,,CASPIAN CORPORATE SERVICES LIM,7.0,7.34,6.91,7.25,7.25,7.0,,7.25,,,49840,359984.0,140,F1,1,,,,,,2025-05-13
2025-05-13,2025-05-13,CM,BSE,STK,534733,INE175N01023,AERPACE,XT,,,,,Aerpace Industries Limited,23.02,23.02,22.12,22.12,22.12,22.57,,22.12,,,85220,1942153.0,225,F1,1,,,,,,2025-05-13
2025-05-13,2025-05-13,CM,BSE,STK,534741,INE247C01023,VIRTUALG,XT,,,,,VIRTUAL GLOBAL EDUCATION LTD.,0.48,0.49,0.47,0.48,0.47,0.48,,0.48,,,395452,188505.0,629,F1,1,,,,,,2025-05-13
2025-05-13,2025-05-13,CM,BSE,STK,534742,INE840M01016,ZUARI,B,,,,,ZUARI AGRO CHEMICALS LTD.,221.0,225.7,219.8,225.2,225.2,222.2,,225.37,,,9480,2125425.0,222,F1,1,,,,,,2025-05-13
2025-05-13,2025-05-13,CM,BSE,STK,534748,INE503B01021,STEELXIND,B,,,,,STEEL EXCHANGE INDIA LTD.,8.25,8.44,8.16,8.4,8.4,8.18,,8.38,,,111269,927478.0,249,F1,1,,,,,,2025-05-13
2025-05-13,2025-05-13,CM,BSE,STK,534755,INE234G01022,TRIOMERC,XT,,,,,TRIO MERCANTILE & TRADING LTD.,0.68,0.7,0.68,0.68,0.68,0.68,,0.68,,,7721,5281.0,25,F1,1,,,,,,2025-05-13
2025-05-13,2025-05-13,CM,BSE,STK,534758,INE675C01017,CIGNITITEC,A,,,,,CIGNITI TECHNOLOGIES LTD.,1527.1,1554.0,1518.05,1530.25,1530.25,1544.2,,1528.9,,,9436,14477064.0,1031,F1,1,,,,,,2025-05-13
2025-05-13,2025-05-13,CM,BSE,STK,534804,INE752H01013,CARERATING,A,,,,,CARE Ratings Limited,1385.25,1550.0,1360.0,1518.25,1518.25,1342.85,,1519.2,,,75652,111756590.0,7425,F1,1,,,,,,2025-05-13
2025-05-13,2025-05-13,CM,BSE,STK,534809,INE785M01021,PCJEWELLER,B,,,,,PC JEWELLER LTD.,12.31,12.54,12.15,12.39,12.39,12.34,,12.38,,,2169097,26806404.0,2157,F1,1,,,,,,2025-05-13
2025-05-13,2025-05-13,CM,BSE,STK,534816,INE121J01017,INDUSTOWER,A,,,,,INDUS TOWERS LIMITED,398.35,400.0,391.5,394.45,393.55,397.3,,394.75,,,63519,25161839.0,1291,F1,1,,,,,,2025-05-13
2025-05-13,2025-05-13,CM,BSE,STK,534976,INE665J01013,VMART,A,,,,,V-MART RETAIL LTD.,3506.05,3585.5,3449.9,3560.85,3556.1,3491.3,,3558.2,,,1578,5581581.0,565,F1,1,,,,,,2025-05-13
2025-05-13,2025-05-13,CM,BSE,STK,535136,INE149O01018,NIBE,B,,,,,NIBE LIMITED,1472.75,1472.75,1406.0,1444.6,1444.0,1402.65,,1442.2,,,36055,52668692.0,1367,F1,1,,,,,,2025-05-13
2025-05-13,2025-05-13,CM,BSE,STK,535204,INE160O01031,MUKTA,X,,,,,Mukta Agriculture Limited,3.41,3.58,3.41,3.58,3.58,3.41,,3.58,,,1712,6065.0,10,F1,1,,,,,,2025-05-13
2025-05-13,2025-05-13,CM,BSE,STK,535205,INE159O01033,MYSTICELE,XT,,,,,Mystic Electronics Limited,4.06,4.06,3.98,4.06,4.06,4.06,,4.06,,,2875,11531.0,16,F1,1,,,,,,2025-05-13
2025-05-13,2025-05-13,CM,BSE,STK,535267,INE274M01026,COMFINCAP,X,,,,,COMFORT FINCAP LTD.,8.98,9.07,8.55,8.78,8.79,8.76,,8.78,,,52216,460709.0,138,F1,1,,,,,,2025-05-13
2025-05-13,2025-05-13,CM,BSE,STK,535276,INF200K01VT2,SBISENSEX,A,,,,,SBI MUTUAL FUND - SBI ETF SENS,909.0,909.0,886.1,890.51,890.0,901.54,,890.51,,,9439,8434361.0,328,F1,1,,,,,,2025-05-13
2025-05-13,2025-05-13,CM,BSE,STK,535279,INE583M01012,BMAL,M,,,,,BOTHRA METALS & ALLOYS LTD.,9.56,9.56,9.56,9.56,9.56,10.62,,9.56,,,4000,38240.0,1,F1,4000,,,,,,2025-05-13
2025-05-13,2025-05-13,CM,BSE,STK,535322,INE612J01015,REPCOHOME,A,,,,,REPCO HOME FINANCE LTD.,390.0,416.8,385.25,405.95,404.85,388.6,,406.2,,,16734,6770581.0,950,F1,1,,,,,,2025-05-13
2025-05-13,2025-05-13,CM,BSE,STK,535431,INE168O01026,GCMSECU,B,,,,,GCM SECURITIES LTD,0.87,0.9,0.85,0.86,0.86,0.87,,0.86,,,141001,121047.0,159,F1,1,,,,,,2025-05-13
2025-05-13,2025-05-13,CM,BSE,STK,535458,INE047O01014,NIBL,B,,,,,NRB INDUSTRIAL BEARINGS LTD.,24.67,24.67,21.21,22.88,22.88,22.74,,22.35,,,1877,42474.0,62,F1,1,,,,,,2025-05-13
2025-05-13,2025-05-13,CM,BSE,STK,535514,INE748D01010,PRIMECAPM,X,,,,,PRIME CAPITAL MARKET LTD.,8.25,8.25,8.25,8.25,8.25,8.25,,8.25,,,1,8.0,1,F1,1,,,,,,2025-05-13
2025-05-13,2025-05-13,CM,BSE,STK,535566,INE902D01013,KIFS,XT,,,,,KIFS FINANCIAL SERVICES LTD.,110.0,118.8,108.35,115.1,108.4,114.0,,115.1,,,391,46042.0,12,F1,1,,,,,,2025-05-13
2025-05-13,2025-05-13,CM,BSE,STK,535601,INE099F01013,SREEL,B,,,,,SREELEATHERS LTD.,237.8,237.8,232.5,234.05,234.05,234.85,,235.6,,,298,69873.0,25,F1,1,,,,,,2025-05-13
2025-05-13,2025-05-13,CM,BSE,STK,535602,INE597I01028,SHARDAMOTR,B,,,,,SHARDA MOTOR INDUSTRIES LTD,1674.65,1698.0,1660.4,1680.5,1681.05,1669.15,,1682.5,,,3381,5683696.0,492,F1,1,,,,,,2025-05-13
2025-05-13,2025-05-13,CM,BSE,STK,535621,INE159L01013,SVGLOBAL,X,,,,,S V GLOBAL MILL LTD.,161.85,164.9,154.6,161.8,164.4,161.85,,161.8,,,88,13882.0,11,F1,1,,,,,,2025-05-13
2025-05-13,2025-05-13,CM,BSE,STK,535648,INE599M01018,JUSTDIAL,A,,,,,JUST DIAL LTD.,929.0,943.0,923.5,938.55,939.0,927.3,,938.5,,,19529,18238238.0,962,F1,1,,,,,,2025-05-13
2025-05-13,2025-05-13,CM,BSE,STK,535657,INE860E01011,OONE,X,,,,,OBJECTONE INFORMATION SYSTEMS,9.1,9.28,8.2,9.07,9.23,8.87,,9.07,,,1481,12962.0,35,F1,1,,,,,,2025-05-13
2025-05-13,2025-05-13,CM,BSE,STK,535667,INE474O01010,IFINSEC,X,,,,,INDIA FINSEC LTD.,149.0,152.4,145.05,152.4,152.4,148.55,,152.4,,,49,7154.0,5,F1,1,,,,,,2025-05-13
2025-05-13,2025-05-13,CM,BSE,STK,535693,INE320I01017,BRAHMINFRA,X,,,,,BRAHMAPUTRA INFRASTRUCTURE LTD,49.23,51.51,49.23,51.28,51.47,49.13,,51.28,,,9264,473417.0,78,F1,1,,,,,,2025-05-13
2025-05-13,2025-05-13,CM,BSE,STK,535719,INE989J01017,AMPVOLTS,XT,,,,,AMPVOLTS LIMITED,28.0,28.0,27.07,27.09,27.63,26.8,,27.09,,,8350,229769.0,60,F1,1,,,,,,2025-05-13
2025-05-13,2025-05-13,CM,BSE,STK,535730,INE731G01027,KHOOBSURAT,X,,,,,KHOOBSURAT LTD,0.55,0.55,0.55,0.55,0.55,0.53,,0.55,,,577840,317812.0,231,F1,1,,,,,,2025-05-13
2025-05-13,2025-05-13,CM,BSE,STK,535754,INE876N01018,ORIENTCEM,A,,,,,ORIENT CEMENT LTD,356.0,356.0,352.5,354.85,354.85,354.55,,354.65,,,11892,4214707.0,278,F1,1,,,,,,2025-05-13
2025-05-13,2025-05-13,CM,BSE,STK,535755,INE647O01011,ABFRL,A,,,,,Aditya Birla Fashion and Retai,268.35,273.2,267.0,268.0,267.5,268.45,,267.95,,,79240,21360835.0,1626,F1,1,,,,,,2025-05-13
2025-05-13,2025-05-13,CM,BSE,STK,535789,INE148I01020,SAMMAANCAP,A,,,,,Sammaan Capital Limited,121.15,125.35,120.3,123.05,123.05,120.4,,123.0,,,370976,45596787.0,2514,F1,1,,,,,,2025-05-13
2025-05-13,2025-05-13,CM,BSE,STK,535910,INE340O01021,MMLF,T,,,,,MONEY MASTERS LEASING & FINANC,1.44,1.44,1.33,1.36,1.33,1.39,,1.36,,,274872,369259.0,236,F1,1,,,,,,2025-05-13
2025-05-13,2025-05-13,CM,BSE,STK,535916,INE030P01017,ALSL,T,,,,,ALACRITY SECURITIES LTD,76.0,76.0,76.0,76.0,76.0,77.01,,76.0,,,540,41040.0,2,F1,1,,,,,,2025-05-13
2025-05-13,2025-05-13,CM,BSE,STK,535958,INE418N01035,ESSENTIA,B,,,,,Integra Essentia Limited,2.36,2.39,2.28,2.34,2.34,2.31,,2.33,,,838257,1967337.0,745,F1,1,,,,,,2025-05-13
2025-05-13,2025-05-13,CM,BSE,STK,536073,INE890N01027,JULIEN,X,,,,,JULIEN AGRO INFRATECH LIMITED,9.15,9.15,8.36,8.6,8.6,8.57,,8.6,,,27493,240346.0,116,F1,1,,,,,,2025-05-13
2025-05-13,2025-05-13,CM,BSE,STK,536264,INE906O01029,TIGERLOGS,X,,,,,TIGER LOGISTICS (INDIA) LTD,51.8,52.33,50.19,50.54,50.54,51.64,,50.54,,,197763,10098461.0,672,F1,1,,,,,,2025-05-13
2025-05-13,2025-05-13,CM,BSE,STK,536493,INE690O01011,JKAGRI,X,,,,,JK AGRI GENETICS LTD,367.7,367.7,354.95,356.0,356.0,351.6,,356.0,,,1152,410146.0,24,F1,1,,,,,,2025-05-13
2025-05-13,2025-05-13,CM,BSE,STK,536659,INE428B01013,PVVINFRA,XT,,,,,PVV Infra Limited,5.27,5.27,4.97,5.0,5.03,5.03,,5.0,,,79907,401973.0,166,F1,1,,,,,,2025-05-13
2025-05-13,2025-05-13,CM,BSE,STK,536672,INE962O01014,VCU,X,,,,,VCU DATA MANAGEMENT LTD,5.65,5.95,5.56,5.85,5.85,5.76,,5.85,,,13985,80294.0,83,F1,1,,,,,,2025-05-13
2025-05-13,2025-05-13,CM,BSE,STK,536709,INE138O01029,INDRENEW,X,,,,,IND Renewable Energy Ltd,11.63,12.48,11.63,12.21,12.22,11.92,,12.21,,,24742,299665.0,135,F1,1,,,,,,2025-05-13
2025-05-13,2025-05-13,CM,BSE,STK,536773,INE147P01019,JPOLYINVST,B,,,,,JINDAL POLY INVESTMENT AND FIN,928.95,944.4,917.5,931.45,930.1,920.25,,932.2,,,712,665280.0,139,F1,1,,,,,,2025-05-13
2025-05-13,2025-05-13,CM,BSE,STK,536846,INE156M01017,YURANUS,XT,,,,,YURANUS INFRASTRUCTURE LTD,67.32,74.0,67.32,74.0,74.0,70.85,,74.0,,,20,1413.0,2,F1,1,,,,,,2025-05-13
2025-05-13,2025-05-13,CM,BSE,STK,536960,INF247L01023,MOM100,B,,,,,MOTILAL OSWAL MUTUAL FUND - MO,59.63,60.74,59.11,59.36,59.4,59.34,,59.4,,,95433,5689679.0,785,F1,1,,,,,,2025-05-13
2025-05-13,2025-05-13,CM,BSE,STK,536974,INE536P01021,CPL,X,,,,,CAPTAIN POLYPLAST LTD,84.0,86.4,81.5,82.26,81.53,84.13,,82.26,,,62492,5172677.0,447,F1,1,,,,,,2025-05-13
2025-05-13,2025-05-13,CM,BSE,STK,537007,INF109K012R6,NIFTYIETF,B,,,,,ICICI Prudential Nifty ETF,277.22,277.54,273.4,273.99,274.2,277.54,,274.07,,,72209,19796405.0,337,F1,1,,,,,,2025-05-13
2025-05-13,2025-05-13,CM,BSE,STK,537008,INF109KC16V9,NIF100IETF,B,,,,,ICICI Prudential Nifty 100 ETF,27.93,28.25,27.6,27.62,27.6,27.93,,27.7,,,941,26080.0,14,F1,1,,,,,,2025-05-13
2025-05-13,2025-05-13,CM,BSE,STK,537069,INE185K01036,ARNOLD,X,,,,,ARNOLD HOLDINGS LTD,28.05,29.34,28.05,28.61,28.7,28.44,,28.61,,,4180,120468.0,151,F1,1,,,,,,2025-05-13
2025-05-13,2025-05-13,CM,BSE,STK,537253,INE671C01016,SUNLOC,X,,,,,SUNIL HEALTHCARE LTD,74.8,74.8,70.01,70.98,70.02,71.03,,70.98,,,318,23343.0,12,F1,1,,,,,,2025-05-13
2025-05-13,2025-05-13,CM,BSE,STK,537254,INE140B01014,RCIIND,Z,,,,,RCI INDUSTRIES & TECHNOLOGIES,5.0,5.0,4.98,4.98,4.98,4.98,,4.98,,,500,2490.0,2,F1,1,,,,,,2025-05-13
2025-05-13,2025-05-13,CM,BSE,STK,537259,INE442P01014,SUYOG,T,,,,,SUYOG TELEMATICS LTD,855.0,880.0,855.0,869.4,869.4,891.0,,865.35,,,1082,943098.0,51,F1,1,,,,,,2025-05-13
2025-05-13,2025-05-13,CM,BSE,STK,537291,INE448G01010,NATHBIOGEN,B,,,,,NATH BIO-GENES (INDIA) LTD,167.0,170.75,167.0,169.8,169.7,166.3,,169.04,,,2506,424906.0,203,F1,1,,,,,,2025-05-13
2025-05-13,2025-05-13,CM,BSE,STK,537292,INE449G01018,AGRITECH,B,,,,,AGRI- TECH (INDIA) LTD,156.0,161.5,154.6,156.15,156.05,152.4,,156.86,,,1517,240329.0,58,F1,1,,,,,,2025-05-13
2025-05-13,2025-05-13,CM,BSE,STK,537326,INE212P01011,CHEMTECH,XT,,,,,CHEMTECH INDUSTRIAL VALVES LTD,135.6,135.75,128.0,133.6,134.7,129.3,,133.6,,,3141,418602.0,46,F1,1,,,,,,2025-05-13
2025-05-13,2025-05-13,CM,BSE,STK,537483,INF204K014N5,NIF100BEES,B,,,,,NIPPON INDIA ETF NIFTY 100,267.24,267.24,263.18,263.57,263.96,265.58,,264.27,,,545,144210.0,64,F1,1,,,,,,2025-05-13
2025-05-13,2025-05-13,CM,BSE,STK,537536,INE051G01012,DENISCHEM,X,,,,,DENIS CHEM LAB LTD,100.75,101.95,99.0,99.85,100.55,100.75,,99.85,,,4965,499181.0,56,F1,1,,,,,,2025-05-13
2025-05-13,2025-05-13,CM,BSE,STK,537707,INE546I01017,ETT,X,,,,,ETT LTD,15.94,16.98,15.31,16.5,16.5,15.56,,16.5,,,1079150,17732942.0,748,F1,1,,,,,,2025-05-13
2025-05-13,2025-05-13,CM,BSE,STK,537708,INF174K014P6,NIFTY1,B,,,,,KOTAK MAHINDRA MUTUAL FUND - K,270.78,271.0,268.1,268.37,268.5,272.45,,268.35,,,17570,4725138.0,284,F1,1,,,,,,2025-05-13
2025-05-13,2025-05-13,CM,BSE,STK,537709,INE101H01013,HANSUGAR,XT,,,,,SHREE HANUMAN SUGAR & INDUSTRI,5.1,5.39,5.1,5.27,5.2,5.15,,5.27,,,7486,39295.0,41,F1,1,,,,,,2025-05-13
2025-05-13,2025-05-13,CM,BSE,STK,537750,INE555P01013,KIRANVYPAR,X,,,,,KIRAN VYAPAR LTD,210.0,215.35,207.05,212.1,212.1,213.25,,212.1,,,997,211709.0,43,F1,1,,,,,,2025-05-13
2025-05-13,2025-05-13,CM,BSE,STK,537766,INE905P01028,BCP,XT,,,,,B.C. POWER CONTROLS LTD,1.97,1.97,1.9,1.96,1.96,1.89,,1.96,,,153871,300467.0,194,F1,1,,,,,,2025-05-13
2025-05-13,2025-05-13,CM,BSE,STK,537785,INE084Q01012,RACE,B,,,,,RACE ECO CHAIN LIMITED,260.0,274.7,257.7,274.7,274.7,260.4,,261.5,,,121,31292.0,15,F1,1,,,,,,2025-05-13
2025-05-13,2025-05-13,CM,BSE,STK,537800,INE717C01025,MANGIND,XT,,,,,MANGALAM INDUSTRIAL FINANCE LT,1.68,1.68,1.68,1.68,1.68,1.6,,1.68,,,200651,337093.0,214,F1,1,,,,,,2025-05-13
2025-05-13,2025-05-13,CM,BSE,STK,537820,INE159N01027,VIJIFIN,B,,,,,VIJI FINANCE LTD,2.37,2.57,2.34,2.37,2.38,2.34,,2.4,,,101206,243521.0,179,F1,1,,,,,,2025-05-13
2025-05-13,2025-05-13,CM,BSE,STK,537839,INE977M01024,PHOENIXTN,X,,,,,PHOENIX TOWNSHIP LTD,220.0,234.0,208.0,222.25,221.1,212.75,,222.25,,,3335,754276.0,105,F1,1,,,,,,2025-05-13
2025-05-13,2025-05-13,CM,BSE,STK,537985,INE463B01036,INFRONICS,X,,,,,INFRONICS SYSTEMS LTD,47.91,47.91,41.7,44.35,44.73,43.78,,44.35,,,2298,102532.0,45,F1,1,,,,,,2025-05-13
2025-05-13,2025-05-13,CM,BSE,STK,538057,INF457M01133,CPSEETF,A,,,,,CPSE ETF,88.39,90.03,88.03,88.9,88.9,89.39,,88.92,,,172644,15430525.0,1190,F1,1,,,,,,2025-05-13
2025-05-13,2025-05-13,CM,BSE,STK,538081,INE493N01012,HARIAAPL,X,,,,,HARIA APPARELS LTD,5.3,5.6,5.05,5.05,5.05,5.26,,5.05,,,11357,59387.0,22,F1,1,,,,,,2025-05-13
2025-05-13,2025-05-13,CM,BSE,STK,538092,INE574G01013,VASUPRADA,X,,,,,SHRI VASUPRADA PLANTATIONS LIM,102.1,107.0,102.1,105.0,105.0,107.0,,105.0,,,21,2207.0,4,F1,1,,,,,,2025-05-13
2025-05-13,2025-05-13,CM,BSE,STK,538119,INE012Q01021,RNBDENIMS,X,,,,,R&B DENIMS LTD,85.85,93.5,85.85,92.43,92.0,91.55,,92.43,,,24205,2143541.0,125,F1,1,,,,,,2025-05-13
2025-05-13,2025-05-13,CM,BSE,STK,538212,INE909D01026,SHARPINV,X,,,,,SHARP INVESTMENTS LTD,0.52,0.52,0.52,0.52,0.52,0.5,,0.52,,,35240,18324.0,60,F1,1,,,,,,2025-05-13
2025-05-13,2025-05-13,CM,BSE,STK,538268,INE066O01014,WONDERLA,B,,,,,WONDERLA HOLIDAYS LTD,651.1,663.55,644.0,660.25,660.55,650.0,,660.65,,,2285,1492925.0,205,F1,1,,,,,,2025-05-13
2025-05-13,2025-05-13,CM,BSE,STK,538273,INE401B01010,RESPONSINF,X,,,,,RESPONSE INFORMATICS LTD,36.64,37.9,35.51,37.9,37.9,35.45,,37.9,,,282,10101.0,6,F1,1,,,,,,2025-05-13
2025-05-13,2025-05-13,CM,BSE,STK,538319,INE191P01017,GCMCAPI,M,,,,,GCM CAPITAL ADVISORS LTD,5.54,5.54,5.54,5.54,5.54,5.0,,5.54,,,3000,16620.0,3,F1,1000,,,,,,2025-05-13
2025-05-13,2025-05-13,CM,BSE,STK,538351,INE663P01015,AFEL,XT,,,,,A.F. ENTERPRISES LTD,5.94,5.94,5.94,5.94,5.94,6.06,,5.94,,,21044,125001.0,79,F1,1,,,,,,2025-05-13
2025-05-13,2025-05-13,CM,BSE,STK,538365,INE452L01012,INCREDIBLE,B,,,,,INCREDIBLE INDUSTRIES LIMITED,33.52,39.89,33.52,38.0,38.0,38.0,,37.6,,,13,491.0,4,F1,1,,,,,,2025-05-13
2025-05-13,2025-05-13,CM,BSE,STK,538382,INE266P01017,WESTLEIRES,X,,,,,WEST LEISURE RESORTS LTD,165.0,165.0,165.0,165.0,165.0,165.0,,165.0,,,3,495.0,3,F1,1,,,,,,2025-05-13
2025-05-13,2025-05-13,CM,BSE,STK,538401,INE318N01011,METSL,X,,,,,MAESTROS ELECTRONICS & TELECOM,162.0,162.0,155.15,160.1,160.1,155.1,,160.1,,,764,121760.0,28,F1,1,,,,,,2025-05-13
2025-05-13,2025-05-13,CM,BSE,STK,538422,INE508N01025,JACKSON,X,,,,,JACKSON INVESTMENTS LTD,0.47,0.47,0.45,0.46,0.46,0.46,,0.46,,,432527,201387.0,507,F1,1,,,,,,2025-05-13
2025-05-13,2025-05-13,CM,BSE,STK,538446,INE296Q01012,MONEYBOXX,X,,,,,MONEYBOXX FINANCE LIMITED,203.0,208.0,192.0,197.3,197.3,200.8,,197.3,,,32031,6346915.0,414,F1,1,,,,,,2025-05-13
2025-05-13,2025-05-13,CM,BSE,STK,538451,INE114O01020,WORTH,XT,,,,,WORTH INVESTMENT & TRADING CO,24.38,24.38,23.52,23.52,23.52,24.0,,23.52,,,119888,2831089.0,72,F1,1,,,,,,2025-05-13
2025-05-13,2025-05-13,CM,BSE,STK,538452,INE855P01041,QUASAR,XT,,,,,QUASAR INDIA LTD,0.94,0.94,0.91,0.93,0.93,0.9,,0.93,,,62989826,58969046.0,12646,F1,1,,,,,,2025-05-13
2025-05-13,2025-05-13,CM,BSE,STK,538464,INE901C01017,TPROJECT,X,,,,,THIRANI PROJECTS LTD,3.44,3.5,3.44,3.5,3.5,3.43,,3.5,,,1076,3718.0,8,F1,1,,,,,,2025-05-13
2025-05-13,2025-05-13,CM,BSE,STK,538465,INE745P01010,AMARSEC,XT,,,,,AMARNATH SECURITIES LTD,15.57,16.25,14.8,14.87,15.67,15.5,,14.87,,,5720,87543.0,21,F1,1,,,,,,2025-05-13
2025-05-13,2025-05-13,CM,BSE,STK,538476,INE172D01021,CTL,X,,,,,CAPITAL TRADE LINKS LTD,19.0,19.79,18.9,19.79,19.79,19.01,,19.79,,,23020,447373.0,83,F1,1,,,,,,2025-05-13
2025-05-13,2025-05-13,CM,BSE,STK,538496,INE849M01017,TARINI,MT,,,,,TARINI INTERNATIONAL LTD,16.95,16.95,16.95,16.95,16.95,17.29,,16.95,,,3000,50850.0,1,F1,3000,,,,,,2025-05-13
2025-05-13,2025-05-13,CM,BSE,STK,538521,INE969E01010,YAANENT,X,,,,,YAAN ENTERPRISES LIMITED,68.0,68.5,66.02,67.45,67.45,67.6,,67.45,,,725,48887.0,19,F1,1,,,,,,2025-05-13
2025-05-13,2025-05-13,CM,BSE,STK,538537,INE378P01036,OMANSH,XT,,,,,OMANSH ENTERPRISES LTD,21.39,21.39,21.39,21.39,21.39,20.98,,21.39,,,1,21.0,1,F1,1,,,,,,2025-05-13
2025-05-13,2025-05-13,CM,BSE,STK,538539,INE075K01013,ANVRDHI,X,,,,,ANNVRRIDHHI VENTURES LIMITED,15.34,15.34,14.75,14.89,14.85,14.96,,14.89,,,55505,827239.0,96,F1,1,,,,,,2025-05-13
2025-05-13,2025-05-13,CM,BSE,STK,538540,INE516P01015,RLFL,X,,,,,RAMCHANDRA LEASING & FINANCE L,3.25,3.34,3.04,3.08,3.08,3.19,,3.08,,,124723,384663.0,159,F1,1,,,,,,2025-05-13
2025-05-13,2025-05-13,CM,BSE,STK,538542,INE634J01019,GOLDCOINHF,X,,,,,GOLD COIN HEALTH FOODS LTD,10.0,10.0,10.0,10.0,10.0,10.0,,10.0,,,149,1490.0,9,F1,1,,,,,,2025-05-13
2025-05-13,2025-05-13,CM,BSE,STK,538546,INE319Q01012,BRPL,B,,,,,BANSAL ROOFING PRODUCTS LTD,106.05,106.05,101.95,105.35,105.4,103.5,,105.35,,,10661,1115734.0,204,F1,1,,,,,,2025-05-13
2025-05-13,2025-05-13,CM,BSE,STK,538562,INE439E01022,SKIPPER,B,,,,,SKIPPER LTD,461.55,471.55,460.15,465.7,467.0,465.85,,466.05,,,13583,6326319.0,483,F1,1,,,,,,2025-05-13
2025-05-13,2025-05-13,CM,BSE,STK,538564,INE718P01017,JAMESWARREN,X,,,,,JAMES WARREN TEA LTD,318.8,320.0,309.05,310.6,310.0,305.8,,310.6,,,1403,440839.0,48,F1,1,,,,,,2025-05-13
2025-05-13,2025-05-13,CM,BSE,STK,538565,INE878P01019,VISTARAMAR,X,,,,,Vistar Amar Limited,120.6,130.0,120.6,129.65,130.0,123.3,,129.65,,,641,80553.0,27,F1,1,,,,,,2025-05-13
2025-05-13,2025-05-13,CM,BSE,STK,538567,INE635Q01029,GULFOILLUB,A,,,,,GULF OIL LUBRICANTS INDIA LTD,1185.05,1240.0,1185.05,1226.55,1224.3,1205.35,,1223.4,,,1862,2277723.0,288,F1,1,,,,,,2025-05-13
2025-05-13,2025-05-13,CM,BSE,STK,538568,INE836C01015,FRUTION,X,,,,,FRUITION VENTURE LTD,30.0,30.0,28.51,28.52,28.52,30.0,,28.52,,,4,117.0,3,F1,1,,,,,,2025-05-13
2025-05-13,2025-05-13,CM,BSE,STK,538569,INE916P01025,TRIVENIENT,X,,,,,TRIVENI ENTERPRISES LTD,2.15,2.18,2.1,2.12,2.12,2.15,,2.12,,,11769,25220.0,86,F1,1,,,,,,2025-05-13
2025-05-13,2025-05-13,CM,BSE,STK,538596,INE222B01028,CEMAINFRA,XT,,,,,CEMANTIC INFRA-TECH LIMITED,5.48,5.76,5.48,5.67,5.76,5.5,,5.67,,,1137,6529.0,19,F1,1,,,,,,2025-05-13
2025-05-13,2025-05-13,CM,BSE,STK,538597,INE404F01031,TTIENT,X,,,,,TTI ENTERPRISE LTD,10.06,10.72,10.06,10.38,10.58,10.56,,10.38,,,3222,33294.0,40,F1,1,,,,,,2025-05-13
2025-05-13,2025-05-13,CM,BSE,STK,538598,INE755Q01025,VISHAL,X,,,,,VISHAL FABRICS LTD,27.48,29.0,27.48,28.66,28.66,27.66,,28.66,,,394851,11209359.0,631,F1,1,,,,,,2025-05-13
2025-05-13,2025-05-13,CM,BSE,STK,538607,INE457P01020,TOYAMSL,XT,,,,,TOYAM SPORTS LIMITED,1.18,1.19,1.18,1.19,1.19,1.17,,1.19,,,360354,427014.0,139,F1,1,,,,,,2025-05-13
2025-05-13,2025-05-13,CM,BSE,STK,538609,INE868G01019,GAJANANSEC,X,,,,,GAJANAN SECURITIES SERVICES LT,86.0,86.0,77.01,84.84,84.4,83.21,,84.84,,,882,74791.0,22,F1,1,,,,,,2025-05-13
2025-05-13,2025-05-13,CM,BSE,STK,538610,INE099D01018,UNISON,X,,,,,UNISON METALS LTD,24.5,24.86,23.58,24.73,24.79,23.79,,24.73,,,27121,663258.0,121,F1,1,,,,,,2025-05-13
2025-05-13,2025-05-13,CM,BSE,STK,538611,INE840I01014,RTFL,Z,,,,,Real Touch Finance Limited,46.87,46.87,46.87,46.87,46.87,45.96,,46.87,,,6,281.0,1,F1,1,,,,,,2025-05-13
2025-05-13,2025-05-13,CM,BSE,STK,538634,INE406F01010,VRL,X,,,,,VASUNDHARA RASAYANS LTD,232.9,234.0,215.25,233.5,234.0,229.1,,233.5,,,1479,341133.0,56,F1,1,,,,,,2025-05-13
2025-05-13,2025-05-13,CM,BSE,STK,538635,INE734N01019,SNOWMAN,B,,,,,SNOWMAN LOGISTICS LTD,50.06,51.99,50.06,51.9,51.99,50.93,,51.72,,,25685,1317751.0,427,F1,1,,,,,,2025-05-13
2025-05-13,2025-05-13,CM,BSE,STK,538646,INE837C01013,QGO,X,,,,,QGO FINANCE LIMITED,57.11,59.47,57.11,58.99,58.39,57.69,,58.99,,,2197,127960.0,55,F1,1,,,,,,2025-05-13
2025-05-13,2025-05-13,CM,BSE,STK,538666,INE221J01015,SHARDACROP,B,,,,,Sharda Cropchem Limited,555.0,573.0,554.25,564.4,565.95,561.05,,565.75,,,12093,6845735.0,639,F1,1,,,,,,2025-05-13
2025-05-13,2025-05-13,CM,BSE,STK,538668,INE898Q01015,MIIL,B,,,,,Meghna Infracon Infrastructure,977.95,980.0,930.2,946.3,946.3,959.15,,946.3,,,108060,103629291.0,1087,F1,1,,,,,,2025-05-13
2025-05-13,2025-05-13,CM,BSE,STK,538674,INE158C01014,CITYONLINE,Z,,,,,City Online Services Limited,9.59,9.59,9.03,9.28,9.28,9.5,,9.28,,,3233,29851.0,13,F1,1,,,,,,2025-05-13
2025-05-13,2025-05-13,CM,BSE,STK,538683,INF204KA1UN7,SENSEXBEES,A,,,,,NIPPON INDIA ETF SENSEX,930.5,930.5,917.0,918.44,917.0,930.18,,918.44,,,8404,7740172.0,407,F1,1,,,,,,2025-05-13
2025-05-13,2025-05-13,CM,BSE,STK,538685,INE363M01019,SHEMAROO,T,,,,,SHEMAROO ENTERTAINMENT LIMITED,103.5,107.43,102.0,103.71,107.0,103.28,,104.76,,,980,101224.0,9,F1,1,,,,,,2025-05-13
2025-05-13,2025-05-13,CM,BSE,STK,538706,INE010R01023,ULTRACAB,X,,,,,Ultracab (India) Limited,8.99,8.99,8.8,8.9,8.9,8.92,,8.9,,,501582,4488350.0,641,F1,1,,,,,,2025-05-13
2025-05-13,2025-05-13,CM,BSE,STK,538707,INE929D01016,RCCL,X,,,,,Rajasthan Cylinders & Containe,44.7,44.7,44.38,44.38,44.38,43.64,,44.38,,,11,488.0,2,F1,1,,,,,,2025-05-13
2025-05-13,2025-05-13,CM,BSE,STK,538708,INE937K01014,ETIL,X,,,,,Econo Trade (India) Limited,7.09,7.09,6.75,7.0,7.01,7.08,,7.0,,,7736,53528.0,28,F1,1,,,,,,2025-05-13
2025-05-13,2025-05-13,CM,BSE,STK,538713,INE011R01013,ATISHAY,X,,,,,Atishay Limited,147.95,148.95,142.55,145.7,147.4,144.8,,145.7,,,32241,4713707.0,296,F1,1,,,,,,2025-05-13
2025-05-13,2025-05-13,CM,BSE,STK,538714,INE475D01010,SANGAMFIN,X,,,,,Sangam Finserv Limited,38.04,41.49,38.03,40.72,41.45,38.03,,40.72,,,8472,344621.0,64,F1,1,,,,,,2025-05-13
2025-05-13,2025-05-13,CM,BSE,STK,538715,INE260R01016,DHABRIYA,X,,,,,Dhabriya Polywood Limited,334.0,334.0,312.05,321.25,318.0,332.0,,321.25,,,10427,3342408.0,253,F1,1,,,,,,2025-05-13
2025-05-13,2025-05-13,CM,BSE,STK,538716,INE229R01011,ARYACAPM,T,,,,,Aryaman Capital Markets Limite,255.75,255.75,240.05,254.9,240.05,243.6,,254.9,,,33295,8507074.0,81,F1,1,,,,,,2025-05-13
2025-05-13,2025-05-13,CM,BSE,STK,538730,INE111Q01021,PDSL,B,,,,,PDS LIMITED,410.0,438.15,410.0,430.75,430.0,414.05,,430.4,,,16942,7224599.0,1106,F1,1,,,,,,2025-05-13
2025-05-13,2025-05-13,CM,BSE,STK,538731,INE982Q01017,HANMAN,MT,,,,,HANMAN FIT LIMITED,6.09,6.39,6.09,6.39,6.39,6.09,,6.39,,,12600,79254.0,3,F1,4200,,,,,,2025-05-13
2025-05-13,2025-05-13,CM,BSE,STK,538732,INE761Q01015,VGCL,X,,,,,Vibrant Global Capital Limited,42.4,42.4,40.51,41.4,41.4,42.32,,41.4,,,8411,347982.0,106,F1,1,,,,,,2025-05-13
2025-05-13,2025-05-13,CM,BSE,STK,538734,INE016Q01014,CEINSYSTECH,B,,,,,CEINSYS TECH LIMITED,1575.0,1616.9,1566.7,1590.1,1590.1,1566.45,,1590.1,,,50341,80297060.0,1595,F1,1,,,,,,2025-05-13
2025-05-13,2025-05-13,CM,BSE,STK,538742,INE516E01019,PANABYTE,X,,,,,PANABYTE TECHNOLOGIES LIMITED,33.07,33.07,33.07,33.07,33.07,31.5,,33.07,,,1375,45471.0,11,F1,1,,,,,,2025-05-13
2025-05-13,2025-05-13,CM,BSE,STK,538743,INE491C01027,MUDUNURU,XT,,,,,Mudunuru Limited,8.22,8.8,8.22,8.77,8.77,8.39,,8.77,,,55,482.0,6,F1,1,,,,,,2025-05-13
2025-05-13,2025-05-13,CM,BSE,STK,538765,INE401Q01018,JSHL,M,,,,,JLA Infraville Shoppers Limite,4.72,5.2,4.72,4.91,4.81,4.96,,4.91,,,20000,98650.0,4,F1,5000,,,,,,2025-05-13
2025-05-13,2025-05-13,CM,BSE,STK,538770,INE176L01017,CRANEINFRA,X,,,,,Crane Infrastructure Limited,22.51,22.51,21.01,21.07,21.05,22.16,,21.07,,,466,9853.0,13,F1,1,,,,,,2025-05-13
2025-05-13,2025-05-13,CM,BSE,STK,538772,INE480D01010,NIYOGIN,X,,,,,Niyogin Fintech Limited,51.98,52.6,48.9,51.83,51.8,50.49,,51.83,,,27108,1377624.0,176,F1,1,,,,,,2025-05-13
2025-05-13,2025-05-13,CM,BSE,STK,538778,INE149Q01021,KALYANCAP,XT,,,,,Kalyan Capitals Limited,8.85,9.07,8.51,9.07,9.07,8.64,,9.07,,,15240,137010.0,54,F1,1,,,,,,2025-05-13
2025-05-13,2025-05-13,CM,BSE,STK,538786,INE473L01018,CIL,XT,,,,,Citizen Infoline Ltd.,30.56,30.56,30.5,30.54,30.5,30.56,,30.54,,,155,4734.0,5,F1,1,,,,,,2025-05-13
2025-05-13,2025-05-13,CM,BSE,STK,538787,INE997C01015,GBFL,X,,,,,Goenka Business & Finance Limi,11.5,11.5,10.61,11.0,11.04,10.99,,11.0,,,12933,143141.0,132,F1,1,,,,,,2025-05-13
2025-05-13,2025-05-13,CM,BSE,STK,538788,INE918C01029,GILADAFINS,X,,,,,Gilada Finance & Investments L,11.65,12.48,11.65,12.27,12.27,12.06,,12.27,,,6516,79812.0,26,F1,1,,,,,,2025-05-13
2025-05-13,2025-05-13,CM,BSE,STK,538795,INE185C01017,SAPPL,X,,,,,Shree Ajit Pulp And Paper Ltd.,193.95,196.0,190.0,190.55,191.0,192.95,,190.55,,,431,83360.0,17,F1,1,,,,,,2025-05-13
2025-05-13,2025-05-13,CM,BSE,STK,538817,INE513R01026,CAPPIPES,B,,,,,Captain Pipes Limited,15.48,15.65,15.1,15.16,15.11,15.27,,15.16,,,98123,1500887.0,509,F1,1,,,,,,2025-05-13
2025-05-13,2025-05-13,CM,BSE,STK,538833,INE891N01017,KAIZENAGRO,X,,,,,KAIZEN AGRO INFRABUILD LIMITED,13.0,13.93,12.26,13.38,13.38,13.21,,13.38,,,26295,341645.0,112,F1,1,,,,,,2025-05-13
2025-05-13,2025-05-13,CM,BSE,STK,538834,INE242Q01016,JMJFIN,X,,,,,JMJ Fintech Limited,25.94,25.94,25.0,25.04,25.04,25.0,,25.04,,,6788,171740.0,73,F1,1,,,,,,2025-05-13
2025-05-13,2025-05-13,CM,BSE,STK,538835,INE306R01017,INTELLECT,A,,,,,INTELLECT DESIGN ARENA LIMITED,893.0,918.7,887.95,913.4,914.6,895.75,,913.35,,,26132,23691706.0,1097,F1,1,,,,,,2025-05-13
2025-05-13,2025-05-13,CM,BSE,STK,538836,INE950M01013,MONTECARLO,B,,,,,Monte Carlo Fashions Limited,572.35,578.0,566.5,568.65,568.05,568.1,,568.35,,,513,292329.0,82,F1,1,,,,,,2025-05-13
2025-05-13,2025-05-13,CM,BSE,STK,538837,INE237B01018,JSTL,X,,,,,Jeevan Scientific Technology L,41.89,41.89,40.65,41.36,41.36,40.83,,41.36,,,7072,291534.0,42,F1,1,,,,,,2025-05-13
2025-05-13,2025-05-13,CM,BSE,STK,538838,INE407P01017,ICL,X,,,,,Indo Cotspin Limited,32.4,35.62,31.03,34.38,34.5,32.4,,34.38,,,19569,660896.0,73,F1,1,,,,,,2025-05-13
2025-05-13,2025-05-13,CM,BSE,STK,538860,INE655P01029,PANAFIC,X,,,,,PANAFIC INDUSTRIALS LTD,0.93,0.93,0.92,0.92,0.92,0.93,,0.92,,,23912,22036.0,52,F1,1,,,,,,2025-05-13
2025-05-13,2025-05-13,CM,BSE,STK,538862,INE232L01018,MYMONEY,XT,,,,,My Money Securities Ltd.,23.88,23.88,23.88,23.88,23.88,23.88,,23.88,,,1,23.0,1,F1,1,,,,,,2025-05-13
2025-05-13,2025-05-13,CM,BSE,STK,538868,INE183Q01020,CSL,XT,,,,,Continental Securities Limited,13.87,13.87,13.87,13.87,13.87,13.21,,13.87,,,6066,84135.0,29,F1,1,,,,,,2025-05-13
2025-05-13,2025-05-13,CM,BSE,STK,538874,INE370Q01015,NEXUSSURGL,XT,,,,,NEXUS SURGICAL AND MEDICARE LI,15.26,15.94,15.19,15.87,15.87,15.19,,15.87,,,904,14226.0,11,F1,1,,,,,,2025-05-13
2025-05-13,2025-05-13,CM,BSE,STK,538875,INE195F01027,SELLWIN,X,,,,,SELLWIN TRADERS LIMITED,3.04,3.1,2.99,3.0,3.04,3.04,,3.0,,,162146,487282.0,183,F1,1,,,,,,2025-05-13
2025-05-13,2025-05-13,CM,BSE,STK,538881,INE243E01010,GALADAFIN,X,,,,,Galada Finance Limited,27.55,29.0,27.55,29.0,29.0,29.0,,29.0,,,416,11462.0,7,F1,1,,,,,,2025-05-13
2025-05-13,2025-05-13,CM,BSE,STK,538882,INE030Q01015,EMERALD,XT,,,,,Emerald Finance Limited,96.98,98.59,91.7,97.12,97.0,95.37,,97.12,,,48807,4610119.0,322,F1,1,,,,,,2025-05-13
2025-05-13,2025-05-13,CM,BSE,STK,538890,INE227F01010,MKEXIM,X,,,,,M. K. Exim (India) Ltd.,61.85,64.0,61.0,63.24,63.35,61.17,,63.24,,,34880,2186903.0,125,F1,1,,,,,,2025-05-13
2025-05-13,2025-05-13,CM,BSE,STK,538891,INE613C01026,MCLOUD,B,,,,,MAGELLANIC CLOUD LIMITED,74.0,77.25,71.95,76.2,76.2,73.14,,76.07,,,192242,14510795.0,3303,F1,1,,,,,,2025-05-13
2025-05-13,2025-05-13,CM,BSE,STK,538894,INE513C01010,OCTAL,XT,,,,,Octal Credit Capital Ltd.,21.5,21.5,20.41,20.41,20.41,21.48,,20.41,,,285,6100.0,11,F1,1,,,,,,2025-05-13
2025-05-13,2025-05-13,CM,BSE,STK,538895,INE779Q01017,MIHIKA,X,,,,,Mihika Industries Ltd.,24.99,25.5,23.16,24.52,24.84,24.68,,24.52,,,5333,131994.0,29,F1,1,,,,,,2025-05-13
2025-05-13,2025-05-13,CM,BSE,STK,538896,INE081G01019,KANCHI,X,,,,,Kanchi Karpooram Ltd.,407.2,423.9,407.2,417.35,416.4,413.1,,417.35,,,2334,972703.0,88,F1,1,,,,,,2025-05-13
2025-05-13,2025-05-13,CM,BSE,STK,538897,INE201F01015,SHRINIWAS,XT,,,,,Shri Niwas Leasing and Finance,10.15,10.15,9.21,10.15,10.15,9.67,,10.15,,,71,711.0,3,F1,1,,,,,,2025-05-13
2025-05-13,2025-05-13,CM,BSE,STK,538902,INE341R01014,DTIL,B,,,,,Dhunseri Tea & Industries Ltd,184.8,191.0,182.05,184.45,184.5,184.95,,183.37,,,1183,219758.0,173,F1,1,,,,,,2025-05-13
2025-05-13,2025-05-13,CM,BSE,STK,538918,INE661Q01017,VANICOM,X,,,,,Vani Commercials Limited,12.75,12.75,12.0,12.49,12.49,12.59,,12.49,,,55177,687737.0,61,F1,1,,,,,,2025-05-13
2025-05-13,2025-05-13,CM,BSE,STK,538919,INE055Q01012,SKILVEN,X,,,,,SKYLINE VENTURES INDIA LIMITED,22.86,22.86,22.86,22.86,22.86,22.75,,22.86,,,161,3680.0,4,F1,1,,,,,,2025-05-13
2025-05-13,2025-05-13,CM,BSE,STK,538920,INE498Q01014,VINCOFE,B,,,,,VINTAGE COFFEE AND BEVERAGES L,100.99,100.99,97.22,98.57,98.71,98.56,,98.54,,,41835,4125413.0,755,F1,1,,,,,,2025-05-13
2025-05-13,2025-05-13,CM,BSE,STK,538921,INE865P01016,RAFL,M,,,,,Raghuvansh Agrofarms Limited,97.2,97.2,97.1,97.2,97.2,81.0,,97.2,,,1875,182187.0,3,F1,625,,,,,,2025-05-13
2025-05-13,2025-05-13,CM,BSE,STK,538922,INE029B01019,COSYN,XT,,,,,COSYN Limited,23.4,23.47,22.9,23.47,23.47,22.36,,23.47,,,2158,50618.0,21,F1,1,,,,,,2025-05-13
2025-05-13,2025-05-13,CM,BSE,STK,538923,INE499Q01012,SOFCOM,XT,,,,,SOFCOM SYSTEMS LIMITED,79.0,83.0,75.72,81.0,81.0,79.7,,81.0,,,3954,307452.0,23,F1,1,,,,,,2025-05-13
2025-05-13,2025-05-13,CM,BSE,STK,538926,INE223R01014,NAPL,XT,,,,,Naturite Agro Products Limited,331.8,331.8,321.0,321.95,321.0,316.0,,321.95,,,2872,931321.0,19,F1,1,,,,,,2025-05-13
2025-05-13,2025-05-13,CM,BSE,STK,538928,INE554R01020,KARNAVATI,X,,,,,Karnavati Finance Limited,2.09,2.09,2.0,2.05,2.05,2.0,,2.05,,,7192,14556.0,34,F1,1,,,,,,2025-05-13
2025-05-13,2025-05-13,CM,BSE,STK,538942,INE689O01013,MERCANTILE,X,,,,,Mercantile Ventures Limited,22.89,24.5,22.06,23.38,23.38,22.89,,23.38,,,1826,41343.0,27,F1,1,,,,,,2025-05-13
2025-05-13,2025-05-13,CM,BSE,STK,538943,INE321M01017,SONAL,X,,,,,Sonal Mercantile Limited,102.6,102.6,96.0,98.11,98.0,102.6,,98.11,,,505,50276.0,33,F1,1,,,,,,2025-05-13
2025-05-13,2025-05-13,CM,BSE,STK,538952,INE211D01027,ALFL,X,,,,,Abhinav Leasing & Finance Limi,1.55,1.55,1.53,1.53,1.53,1.55,,1.53,,,10406,16083.0,21,F1,1,,,,,,2025-05-13
2025-05-13,2025-05-13,CM,BSE,STK,538961,INE949P01018,GENUSPAPER,B,,,,,GENUS PAPER & BOARDS LIMITED,17.15,18.42,17.15,18.4,18.4,18.15,,18.24,,,2217,40439.0,18,F1,1,,,,,,2025-05-13
2025-05-13,2025-05-13,CM,BSE,STK,538962,INE842C01021,MINDACORP,A,,,,,Minda Corporation Limited,487.9,491.15,482.8,487.05,488.45,481.15,,486.35,,,2367,1153523.0,252,F1,1,,,,,,2025-05-13
2025-05-13,2025-05-13,CM,BSE,STK,538964,INE947G01011,MERCURYLAB,X,,,,,Mercury Laboratories Limited,852.0,929.9,852.0,877.8,890.0,898.55,,877.8,,,124,109256.0,15,F1,1,,,,,,2025-05-13
2025-05-13,2025-05-13,CM,BSE,STK,538965,INE858L01010,CONCORD,X,,,,,Concord Drugs Limited,31.75,34.79,30.31,30.94,30.94,31.83,,30.94,,,6920,220515.0,65,F1,1,,,,,,2025-05-13
2025-05-13,2025-05-13,CM,BSE,STK,538970,INE945P01024,WARDINMOBI,T,,,,,WARDWIZARD INNOVATIONS AND MOB,19.91,20.68,19.91,20.46,20.46,19.91,,20.46,,,497188,10120109.0,1872,F1,1,,,,,,2025-05-13
2025-05-13,2025-05-13,CM,BSE,STK,538975,INE397C01026,SHREESEC,X,,,,,Shree Securities Ltd.,0.3,0.31,0.29,0.3,0.3,0.31,,0.3,,,1861086,563701.0,482,F1,1,,,,,,2025-05-13
2025-05-13,2025-05-13,CM,BSE,STK,538979,INE544R01021,GREENLAM,B,,,,,Greenlam Industries Ltd,220.95,225.4,220.7,222.3,221.3,222.5,,224.4,,,2165,482734.0,107,F1,1,,,,,,2025-05-13
2025-05-13,2025-05-13,CM,BSE,STK,538987,INE717E01013,TALBROSENG,X,,,,,TALBROS ENGINEERING LIMITED,581.0,591.95,581.0,588.35,588.0,581.0,,588.35,,,720,423115.0,44,F1,1,,,,,,2025-05-13
2025-05-13,2025-05-13,CM,BSE,STK,538992,INE002E01010,SAPL,X,,,,,Sar  Auto Products Limited,1820.0,1820.0,1738.5,1818.95,1818.95,1830.0,,1818.95,,,21,37571.0,12,F1,1,,,,,,2025-05-13
2025-05-13,2025-05-13,CM,BSE,STK,538993,INE147J01012,PUROHITCON,X,,,,,Purohit Construction Limited,18.18,18.18,18.18,18.18,18.18,17.32,,18.18,,,1505,27360.0,22,F1,1,,,,,,2025-05-13
2025-05-13,2025-05-13,CM,BSE,STK,539006,INE596F01018,PTCIL,A,,,,,PTC Industries Ltd.,12900.0,13173.25,12609.65,12749.9,12714.0,12767.25,,12752.0,,,1183,15235641.0,506,F1,1,,,,,,2025-05-13
2025-05-13,2025-05-13,CM,BSE,STK,539011,INE777O01016,CHENFERRO,X,,,,,CHENNAI FERROUS INDUSTRIES LIM,123.0,123.0,115.0,115.8,119.8,118.45,,115.8,,,1458,170498.0,39,F1,1,,,,,,2025-05-13
2025-05-13,2025-05-13,CM,BSE,STK,539012,INE756R01013,MEGRISOFT,X,,,,,Megri Soft Limited,138.0,138.0,130.65,137.25,137.25,133.9,,137.25,,,28,3811.0,6,F1,1,,,,,,2025-05-13
2025-05-13,2025-05-13,CM,BSE,STK,539013,INE776O01018,GITARENEW,X,,,,,GITA RENEWABLE ENERGY LIMITED,121.9,122.5,118.1,121.95,122.5,122.5,,121.95,,,650,78765.0,32,F1,1,,,,,,2025-05-13
2025-05-13,2025-05-13,CM,BSE,STK,539015,INE849L01019,ORTEL,Z,,,,,Ortel Communications Limited,2.03,2.03,1.89,2.01,2.03,1.94,,1.9,,,5730,11234.0,26,F1,1,,,,,,2025-05-13
2025-05-13,2025-05-13,CM,BSE,STK,539016,INE396C01010,NEIL,X,,,,,Neil Industries Ltd.,9.25,9.65,9.01,9.49,9.48,9.44,,9.49,,,1685,15334.0,18,F1,1,,,,,,2025-05-13
2025-05-13,2025-05-13,CM,BSE,STK,539017,INE526R01028,STARHFL,X,,,,,STAR HOUSING FINANCE LIMITED,39.65,39.96,39.05,39.7,39.79,39.59,,39.7,,,51561,2047472.0,220,F1,1,,,,,,2025-05-13
2025-05-13,2025-05-13,CM,BSE,STK,539018,INE213D01015,BEEKAY,B,,,,,Beekay Steel Industries Ltd.,539.95,539.95,520.0,522.35,521.05,525.6,,522.35,,,6393,3380496.0,297,F1,1,,,,,,2025-05-13
2025-05-13,2025-05-13,CM,BSE,STK,539031,INF200KA1572,SETFBSE100,A,,,,,SBI Mutual Fund,285.8,285.8,280.0,281.18,281.05,283.06,,281.18,,,620,174839.0,35,F1,1,,,,,,2025-05-13
2025-05-13,2025-05-13,CM,BSE,STK,539032,INE184Q01010,FRASER,X,,,,,Fraser And Company Limited,6.14,6.14,6.14,6.14,6.14,5.85,,6.14,,,5998,36827.0,15,F1,1,,,,,,2025-05-13
2025-05-13,2025-05-13,CM,BSE,STK,539040,INE812Q01016,TTIL,XT,,,,,Tirupati Tyres Ltd.,10.81,10.81,10.81,10.81,10.81,11.03,,10.81,,,26405,285438.0,228,F1,1,,,,,,2025-05-13
2025-05-13,2025-05-13,CM,BSE,STK,539041,INE369Q01017,GANVERSE,M,,,,,GANESHA ECOVERSE LIMITED,29.0,29.5,28.17,28.27,28.22,29.69,,28.27,,,196250,5639962.0,52,F1,1250,,,,,,2025-05-13
2025-05-13,2025-05-13,CM,BSE,STK,539042,INE976R01025,AGIIL,B,,,,,AGI Infra Limited,831.0,831.0,812.45,816.3,818.85,818.7,,817.55,,,1900,1558395.0,485,F1,1,,,,,,2025-05-13
2025-05-13,2025-05-13,CM,BSE,STK,539044,INE824Q01011,MANAKSTEEL,T,,,,,Manaksia Steels Limited,61.0,62.92,61.0,62.92,62.92,59.93,,61.8,,,547,33834.0,15,F1,1,,,,,,2025-05-13
2025-05-13,2025-05-13,CM,BSE,STK,539045,INE859Q01017,MANAKALUCO,B,,,,,Manaksia Aluminium Company Ltd,26.89,27.5,26.6,27.5,27.5,27.12,,27.47,,,1574,42788.0,53,F1,1,,,,,,2025-05-13
2025-05-13,2025-05-13,CM,BSE,STK,539046,INE830Q01018,MANAKCOAT,T,,,,,Manaksia Coated Metals & Indus,88.46,92.88,88.46,92.87,92.87,88.46,,92.56,,,6932,633100.0,41,F1,1,,,,,,2025-05-13
2025-05-13,2025-05-13,CM,BSE,STK,539056,INE172N01012,IMAGICAA,B,,,,,IMAGICAAWORLD ENTERTAINMENT LI,62.6,64.4,62.32,63.09,63.0,63.53,,63.19,,,62855,3985564.0,1100,F1,1,,,,,,2025-05-13
2025-05-13,2025-05-13,CM,BSE,STK,539083,INE066P01011,INOXWIND,A,,,,,Inox Wind Limited,169.8,171.35,167.9,169.9,169.7,169.85,,169.89,,,245982,41756477.0,2019,F1,1,,,,,,2025-05-13
2025-05-13,2025-05-13,CM,BSE,STK,539090,INE751R01014,RAJPUTANA,X,,,,,Rajputana Investment and Finan,39.37,42.8,38.19,39.04,39.99,38.99,,39.04,,,890,35280.0,24,F1,1,,,,,,2025-05-13
2025-05-13,2025-05-13,CM,BSE,STK,539091,INE187R01029,CITL,XT,,,,,Consecutive Investments & Trad,1.59,1.64,1.53,1.6,1.6,1.59,,1.6,,,943052,1497653.0,809,F1,1,,,,,,2025-05-13
2025-05-13,2025-05-13,CM,BSE,STK,539096,INE197R01010,AANANDALAK,X,,,,,Aananda Lakshmi Spinning Mills,16.0,16.0,16.0,16.0,16.0,16.0,,16.0,,,80,1280.0,5,F1,1,,,,,,2025-05-13
2025-05-13,2025-05-13,CM,BSE,STK,539097,INE904R01027,URSUGAR,T,,,,,UR SUGAR INDUSTRIES LIMITED,5.45,5.67,5.43,5.48,5.49,5.4,,5.48,,,13060,71790.0,47,F1,1,,,,,,2025-05-13
2025-05-13,2025-05-13,CM,BSE,STK,539098,INE541R01019,FILTRA,M,,,,,Filtra Consultants and Enginee,65.5,65.5,65.5,65.5,65.5,72.1,,65.5,,,2000,131000.0,1,F1,2000,,,,,,2025-05-13
2025-05-13,2025-05-13,CM,BSE,STK,539110,INE736P01019,NORTHLINK,XT,,,,,Northlink Fiscal And Capital S,24.45,25.67,24.45,25.67,25.67,24.45,,25.67,,,26,636.0,2,F1,1,,,,,,2025-05-13
2025-05-13,2025-05-13,CM,BSE,STK,539113,INE291E01019,PML,X,,,,,Paul Merchants Ltd.,782.0,782.0,750.35,766.6,767.8,760.4,,766.6,,,1959,1487627.0,68,F1,1,,,,,,2025-05-13
2025-05-13,2025-05-13,CM,BSE,STK,539115,INE273F01022,ALANSCOTT,X,,,,,Alan Scott Industries Ltd.,118.8,120.3,118.8,120.3,120.3,114.6,,120.3,,,6121,734852.0,55,F1,1,,,,,,2025-05-13
2025-05-13,2025-05-13,CM,BSE,STK,539117,INE029H01016,SUJALA,X,,,,,Sujala Trading & Holding Ltd.,63.89,63.89,60.25,62.0,62.89,62.32,,62.0,,,52515,3272510.0,482,F1,1,,,,,,2025-05-13
2025-05-13,2025-05-13,CM,BSE,STK,539118,INE366I01010,VRLLOG,B,,,,,VRL Logistics Limited,497.0,514.8,491.3,510.05,511.0,490.8,,510.7,,,14790,7481108.0,810,F1,1,,,,,,2025-05-13
2025-05-13,2025-05-13,CM,BSE,STK,539120,INE578R01011,BFFL,X,,,,,Bangalore Fort Farms Limited,42.29,42.29,42.29,42.29,42.29,40.28,,42.29,,,64,2706.0,2,F1,1,,,,,,2025-05-13
2025-05-13,2025-05-13,CM,BSE,STK,539121,INE239L01013,PALCO,X,,,,,Palco Metals Limited,208.3,208.3,195.05,201.05,205.75,203.35,,201.05,,,2035,411225.0,56,F1,1,,,,,,2025-05-13
2025-05-13,2025-05-13,CM,BSE,STK,539123,INE334E01017,VBIND,XT,,,,,V B INDUSTRIES LIMITED,8.62,8.62,8.62,8.62,8.62,8.62,,8.62,,,301,2594.0,15,F1,1,,,,,,2025-05-13
2025-05-13,2025-05-13,CM,BSE,STK,539124,INE822Q01015,SARVOTTAM,X,,,,,Survottam Finvest Ltd.,24.75,24.75,21.69,22.59,22.59,22.02,,22.59,,,709,16444.0,17,F1,1,,,,,,2025-05-13
2025-05-13,2025-05-13,CM,BSE,STK,539126,INE776I01010,MEP,Z,,,,,MEP Infrastructure Developers,1.68,1.68,1.68,1.68,1.68,1.65,,1.67,,,4163,6993.0,19,F1,1,,,,,,2025-05-13
2025-05-13,2025-05-13,CM,BSE,STK,539132,INE761D01021,WARDWIZFBL,XT,,,,,Wardwizard Foods and Beverages,3.95,4.09,3.9,4.07,4.09,3.92,,4.07,,,206168,832338.0,229,F1,1,,,,,,2025-05-13
2025-05-13,2025-05-13,CM,BSE,STK,539141,INE527H01019,UFO,B,,,,,UFO Moviez India Limited,67.55,68.45,67.5,68.39,68.39,66.61,,68.31,,,936,63791.0,81,F1,1,,,,,,2025-05-13
2025-05-13,2025-05-13,CM,BSE,STK,539143,INE945O01019,PANTH,X,,,,,PANTH INFINITY LIMITED,7.47,7.47,7.02,7.14,7.18,7.32,,7.14,,,27804,200489.0,133,F1,1,,,,,,2025-05-13
2025-05-13,2025-05-13,CM,BSE,STK,539148,INE788J01021,SHIVALIK,B,,,,,Shivalik Rasayan Ltd.,580.0,600.0,579.2,595.95,596.0,579.6,,595.6,,,1590,938329.0,162,F1,1,,,,,,2025-05-13
2025-05-13,2025-05-13,CM,BSE,STK,539149,INE682B01023,ICSL,X,,,,,Integrated Capital Services Lt,3.95,3.99,3.81,3.84,3.81,3.94,,3.84,,,1629,6381.0,11,F1,1,,,,,,2025-05-13
2025-05-13,2025-05-13,CM,BSE,STK,539150,INE195J01029,PNCINFRA,A,,,,,PNC Infratech Limited,259.0,265.0,258.15,260.9,260.85,259.15,,260.4,,,71295,18686956.0,1462,F1,1,,,,,,2025-05-13
2025-05-13,2025-05-13,CM,BSE,STK,539151,INE784R01023,ARFIN,X,,,,,Arfin India Limited,26.43,27.1,26.16,26.66,26.35,26.18,,26.66,,,15742,419255.0,88,F1,1,,,,,,2025-05-13
2025-05-13,2025-05-13,CM,BSE,STK,539167,INE347L01014,VLL,XT,,,,,Virat Leasing Limited,99.44,99.44,99.44,99.44,99.44,94.71,,99.44,,,108,10739.0,12,F1,1,,,,,,2025-05-13
2025-05-13,2025-05-13,CM,BSE,STK,539175,INE924N01016,INDRAIND,XT,,,,,Indra Industries Ltd.,9.67,9.69,9.1,9.62,9.69,9.23,,9.62,,,147490,1409873.0,177,F1,1,,,,,,2025-05-13
2025-05-13,2025-05-13,CM,BSE,STK,539176,INE230I01018,HAWAENG,X,,,,,Hawa Engineers ltd.,130.0,130.0,124.0,125.05,130.0,130.0,,125.05,,,465,58626.0,15,F1,1,,,,,,2025-05-13
2025-05-13,2025-05-13,CM,BSE,STK,539177,INE206F01022,AIIL,A,,,,,Authum Investment & Infrastruc,1900.0,1980.0,1854.85,1936.45,1936.45,1863.65,,1935.6,,,20454,39314910.0,3027,F1,1,,,,,,2025-05-13
2025-05-13,2025-05-13,CM,BSE,STK,539189,INE578L01014,ADHBHUTIN,X,,,,,Adhbhut Infrastructure Ltd.,17.0,17.5,16.17,17.5,17.5,16.92,,17.5,,,1313,21761.0,10,F1,1,,,,,,2025-05-13
2025-05-13,2025-05-13,CM,BSE,STK,539190,INE848N01017,DFL,XT,,,,,Decillion Finance Ltd.,44.91,44.91,43.15,43.15,43.15,44.03,,43.15,,,978,43080.0,11,F1,1,,,,,,2025-05-13
2025-05-13,2025-05-13,CM,BSE,STK,539195,INE035S01028,POEL,XT,,,,,POCL ENTERPRISES LTD,241.4,247.4,230.0,240.45,242.8,236.6,,240.45,,,40915,9820899.0,399,F1,1,,,,,,2025-05-13
2025-05-13,2025-05-13,CM,BSE,STK,539196,INE829P01020,AEL,XT,,,,,Amba Enterprises Ltd.,179.4,187.0,179.4,185.2,186.0,178.1,,185.2,,,11555,2122703.0,140,F1,1,,,,,,2025-05-13
2025-05-13,2025-05-13,CM,BSE,STK,539199,INE618R01015,SGFIN,B,,,,,SG FINSERVE LIMITED,397.45,399.4,383.0,395.8,395.8,392.4,,395.8,,,121123,47641908.0,2146,F1,1,,,,,,2025-05-13
2025-05-13,2025-05-13,CM,BSE,STK,539201,INE170E01023,SATIA,B,,,,,SATIA INDUSTRIES LIMITED,73.02,74.35,72.02,73.1,72.69,72.55,,72.92,,,42453,3111528.0,337,F1,1,,,,,,2025-05-13
2025-05-13,2025-05-13,CM,BSE,STK,539206,INE574D01010,GVBL,XT,,,,,GENOMIC VALLEY BIOTECH LIMITED,58.06,58.06,58.0,58.0,58.0,58.07,,58.0,,,18,1044.0,2,F1,1,,,,,,2025-05-13
2025-05-13,2025-05-13,CM,BSE,STK,539216,INE653S01028,GARMNTMNTR,B,,,,,GARMENT MANTRA LIFESTYLE LIMIT,1.43,1.46,1.4,1.42,1.42,1.42,,1.42,,,282818,402048.0,385,F1,1,,,,,,2025-05-13
2025-05-13,2025-05-13,CM,BSE,STK,539217,INE606K01049,SRESTHA,X,,,,,Srestha Finvest Limited,0.51,0.51,0.49,0.5,0.5,0.51,,0.5,,,4593745,2307220.0,1193,F1,1,,,,,,2025-05-13
2025-05-13,2025-05-13,CM,BSE,STK,539219,INE150D01027,MUL,X,,,,,MAURIA UDYOG LIMITED,12.03,12.03,11.46,11.87,11.89,11.79,,11.87,,,31833,369448.0,57,F1,1,,,,,,2025-05-13
2025-05-13,2025-05-13,CM,BSE,STK,539220,INE540S01019,MISHKA,X,,,,,Mishka Exim Limited,25.5,25.5,25.25,25.25,25.25,25.3,,25.25,,,60618,1530745.0,69,F1,1,,,,,,2025-05-13
2025-05-13,2025-05-13,CM,BSE,STK,539221,INE885H01029,SPORTKING,B,,,,,Sportking India Ltd.,123.19,124.77,119.7,120.59,120.59,120.36,,120.36,,,39462,4789715.0,1046,F1,1,,,,,,2025-05-13
2025-05-13,2025-05-13,CM,BSE,STK,539222,INE451S01027,GROWINGTON,T,,,,,GROWINGTON VENTURES INDIA LIMI,1.86,1.86,1.7,1.74,1.74,1.78,,1.74,,,1038593,1832303.0,860,F1,1,,,,,,2025-05-13
2025-05-13,2025-05-13,CM,BSE,STK,539226,INE027T01023,RUDRA,X,,,,,RUDRA GLOBAL INFRA PRODUCTS LI,32.65,32.65,31.22,31.47,31.5,31.96,,31.47,,,30699,968153.0,167,F1,1,,,,,,2025-05-13
2025-05-13,2025-05-13,CM,BSE,STK,539227,INE876S01017,LOYAL,X,,,,,Loyal Equipments Limited,252.0,252.0,242.6,248.85,249.0,253.45,,248.85,,,8071,1997668.0,183,F1,1,,,,,,2025-05-13
2025-05-13,2025-05-13,CM,BSE,STK,539228,INE480S01026,GGPL,X,,,,,Gala Global Products Limited,3.47,3.47,3.36,3.39,3.4,3.41,,3.39,,,17044,57952.0,114,F1,1,,,,,,2025-05-13
2025-05-13,2025-05-13,CM,BSE,STK,539246,INE805R01018,JEL,XT,,,,,Jyotirgamya Enterprises Limite,124.75,124.75,118.6,118.6,118.6,124.75,,118.6,,,3,368.0,2,F1,1,,,,,,2025-05-13
2025-05-13,2025-05-13,CM,BSE,STK,539251,INE875R01011,BALKRISHNA,B,,,,,Balkrishna Paper Mills Ltd.,18.3,18.3,18.3,18.3,18.3,17.92,,18.11,,,1,18.0,1,F1,1,,,,,,2025-05-13
2025-05-13,2025-05-13,CM,BSE,STK,539252,INE979R01011,SHYAMCENT,T,,,,,Shyam Century Ferrous Limited,8.0,8.4,7.91,8.4,8.4,8.0,,8.4,,,27585,226880.0,111,F1,1,,,,,,2025-05-13
2025-05-13,2025-05-13,CM,BSE,STK,539254,INE931S01010,ADANIENSOL,A,,,,,Adani Energy Solutions Limited,892.95,909.9,886.0,903.7,903.7,893.75,,904.15,,,152310,136909502.0,4312,F1,1,,,,,,2025-05-13
2025-05-13,2025-05-13,CM,BSE,STK,539255,INE541K01014,STARDELTA,X,,,,,STAR DELTA TRANSFORMERS LIMITE,739.9,752.25,720.0,752.15,752.25,716.45,,752.15,,,9919,7389076.0,384,F1,1,,,,,,2025-05-13
2025-05-13,2025-05-13,CM,BSE,STK,539267,INE579N01018,SAMSRITA,XT,,,,,SAMSRITA LABS LIMITED,22.0,22.0,22.0,22.0,22.0,20.96,,22.0,,,3897,85734.0,11,F1,1,,,,,,2025-05-13
2025-05-13,2025-05-13,CM,BSE,STK,539268,INE398R01022,SYNGENE,A,,,,,Syngene International Limited,632.15,638.0,625.85,629.15,630.0,625.75,,629.45,,,45847,29013483.0,2505,F1,1,,,,,,2025-05-13
2025-05-13,2025-05-13,CM,BSE,STK,539273,INE484S01010,PECOS,M,,,,,PECOS Hotels And Pubs Limited,270.9,270.9,270.9,270.9,270.9,285.15,,270.9,,,500,135450.0,1,F1,500,,,,,,2025-05-13
2025-05-13,2025-05-13,CM,BSE,STK,539275,INE829S01016,MSL,X,,,,,Mangalam Seeds Limited,172.0,172.0,168.0,168.7,171.0,171.95,,168.7,,,953,163000.0,28,F1,1,,,,,,2025-05-13
2025-05-13,2025-05-13,CM,BSE,STK,539276,INE587G01015,KAYA,B,,,,,Kaya Limited,254.95,256.7,245.0,249.8,249.0,256.85,,249.2,,,658,164455.0,71,F1,1,,,,,,2025-05-13
2025-05-13,2025-05-13,CM,BSE,STK,539277,INE184S01024,ALSTONE,X,,,,,Alstone Textiles (India) Ltd,0.55,0.55,0.52,0.54,0.55,0.54,,0.54,,,4076914,2190162.0,2097,F1,1,,,,,,2025-05-13
2025-05-13,2025-05-13,CM,BSE,STK,539278,INE653R01012,SYMBIOX,X,,,,,Symbiox Investment & Trading C,3.34,3.44,3.18,3.29,3.24,3.34,,3.29,,,67387,219866.0,122,F1,1,,,,,,2025-05-13
2025-05-13,2025-05-13,CM,BSE,STK,539287,INE749B01020,ORTINGLOBE,T,,,,,ORTIN GLOBAL LIMITED,11.0,11.0,10.99,10.99,10.99,10.51,,10.84,,,93,1022.0,3,F1,1,,,,,,2025-05-13
2025-05-13,2025-05-13,CM,BSE,STK,539288,INE897N01014,AVI,XT,,,,,Avi Polymers Ltd.,14.16,14.25,13.9,13.9,13.9,14.17,,13.9,,,1170,16446.0,14,F1,1,,,,,,2025-05-13
2025-05-13,2025-05-13,CM,BSE,STK,539289,INE898S01029,AURUM,B,,,,,Aurum PropTech Limited,179.0,182.3,176.85,181.8,182.2,175.25,,182.08,,,721,130096.0,76,F1,1,,,,,,2025-05-13
2025-05-13,2025-05-13,CM,BSE,STK,539290,INE143A01010,OSWALGREEN,B,,,,,Oswal Greentech Limited,39.99,40.39,39.16,39.84,39.55,39.75,,39.8,,,21692,862191.0,570,F1,1,,,,,,2025-05-13
2025-05-13,2025-05-13,CM,BSE,STK,539291,INE583K01016,VASUDHAGAM,X,,,,,Vasudhagama Enterprises Limite,7.05,7.14,6.69,6.91,6.99,6.91,,6.91,,,43741,301295.0,90,F1,1,,,,,,2025-05-13
2025-05-13,2025-05-13,CM,BSE,STK,539300,INE671K01019,AKSPINTEX,XT,,,,,A.K. Spintex Ltd.,912.0,920.0,906.1,919.45,920.0,915.95,,919.45,,,1257,1151988.0,38,F1,1,,,,,,2025-05-13
2025-05-13,2025-05-13,CM,BSE,STK,539301,INE034S01021,ARVSMART,B,,,,,Arvind SmartSpaces Limited,664.0,697.7,664.0,676.3,671.2,665.0,,675.15,,,6553,4512036.0,653,F1,1,,,,,,2025-05-13
2025-05-13,2025-05-13,CM,BSE,STK,539302,INE211R01019,POWERMECH,A,,,,,Power Mech Projects Limited,2720.0,2829.6,2695.0,2788.8,2772.8,2726.35,,2783.6,,,15441,42846756.0,2350,F1,1,,,,,,2025-05-13
2025-05-13,2025-05-13,CM,BSE,STK,539309,INE230R01035,RAMASTEEL,B,,,,,Rama Steel Tubes Limited,10.51,11.7,10.15,11.26,11.26,10.41,,11.26,,,6352182,70205906.0,7480,F1,1,,,,,,2025-05-13
2025-05-13,2025-05-13,CM,BSE,STK,539310,INE365S01045,THINKINK,XT,,,,,THINKINK PICTUREZ LIMITED,0.3,0.31,0.3,0.3,0.3,0.31,,0.3,,,7749805,2333365.0,1578,F1,1,,,,,,2025-05-13
2025-05-13,2025-05-13,CM,BSE,STK,539312,INF789FB1X58,UTISENSETF,A,,,,,UTI BSE Sensex ETF,884.0,884.0,884.0,884.0,884.0,867.46,,884.93,,,22,19448.0,3,F1,1,,,,,,2025-05-13
2025-05-13,2025-05-13,CM,BSE,STK,539313,INF789F1AZC0,UTINIFTETF,B,,,,,UTI Mutual Fund,271.91,271.91,267.76,268.33,268.35,270.96,,267.88,,,316,85236.0,27,F1,1,,,,,,2025-05-13
2025-05-13,2025-05-13,CM,BSE,STK,539314,INE203T01012,UNIAUTO,T,,,,,Universal Autofoundry Limited,68.48,68.49,66.31,68.19,68.18,65.28,,68.19,,,3914,265559.0,36,F1,1,,,,,,2025-05-13
2025-05-13,2025-05-13,CM,BSE,STK,539331,INE918N01018,VETO,B,,,,,VETO SWITCHGEARS AND CABLES LI,103.0,105.9,102.9,104.75,104.8,103.3,,104.71,,,14929,1553038.0,372,F1,1,,,,,,2025-05-13
2025-05-13,2025-05-13,CM,BSE,STK,539332,INE278M01019,NAVKARCORP,B,,,,,Navkar Corporation Limited,104.75,106.25,104.0,105.4,106.2,104.75,,105.6,,,12578,1323454.0,155,F1,1,,,,,,2025-05-13
2025-05-13,2025-05-13,CM,BSE,STK,539334,INE712K01011,SHREEPUSHK,B,,,,,Shree Pushkar Chemicals & Fert,252.0,260.0,244.65,255.55,255.0,250.5,,256.36,,,10237,2617306.0,499,F1,1,,,,,,2025-05-13
2025-05-13,2025-05-13,CM,BSE,STK,539336,INE844O01030,GUJGASLTD,A,,,,,Gujarat Gas Limited,464.95,469.95,457.8,464.1,464.8,464.15,,463.85,,,13668,6352967.0,745,F1,1,,,,,,2025-05-13
2025-05-13,2025-05-13,CM,BSE,STK,539337,INE725P01012,WAAREE,MT,,,,,WAAREE TECHNOLOGIES LIMITED,279.0,288.35,279.0,288.35,288.35,274.65,,288.35,,,29400,8443058.0,147,F1,175,,,,,,2025-05-13
2025-05-13,2025-05-13,CM,BSE,STK,539346,INE764L01010,SADBHIN,B,,,,,Sadbhav Infrastructure Project,4.35,4.44,4.21,4.22,4.22,4.34,,4.23,,,30813,132360.0,231,F1,1,,,,,,2025-05-13
2025-05-13,2025-05-13,CM,BSE,STK,539353,INE724G01014,SALAUTO,X,,,,,SAL AUTOMOTIVE LIMITED,280.0,280.0,250.0,260.8,260.8,263.6,,260.8,,,1390,360337.0,61,F1,1,,,,,,2025-05-13
2025-05-13,2025-05-13,CM,BSE,STK,539354,INE914G01029,POLYSPIN,X,,,,,Polyspin Exports Ltd.,34.85,36.64,33.75,35.27,34.75,36.65,,35.27,,,3091,105179.0,32,F1,1,,,,,,2025-05-13
2025-05-13,2025-05-13,CM,BSE,STK,539359,INE583R01029,PRITIKAUTO,B,,,,,Pritika Auto Industries Limite,15.5,16.8,15.5,16.62,16.62,16.03,,16.58,,,33458,552577.0,574,F1,1,,,,,,2025-05-13
2025-05-13,2025-05-13,CM,BSE,STK,539378,INE848R01018,SML,XT,,,,,Soni Medicare Limited,77.13,77.13,77.13,77.13,77.13,78.7,,77.13,,,2,154.0,1,F1,1,,,,,,2025-05-13
2025-05-13,2025-05-13,CM,BSE,STK,539383,INE019D01016,MINFY,Z,,,,,Mahaveer Infoway Limited,8.36,8.76,7.95,8.36,8.36,8.36,,8.36,,,1382,11071.0,13,F1,1,,,,,,2025-05-13
2025-05-13,2025-05-13,CM,BSE,STK,539391,INE636B01011,ACME,Z,,,,,Acme Resources Limited,38.87,40.79,38.06,40.48,40.48,38.87,,40.48,,,945,37663.0,24,F1,1,,,,,,2025-05-13
2025-05-13,2025-05-13,CM,BSE,STK,539398,INE060T01024,VISHALBL,B,,,,,Vishal Bearings Limited,85.02,85.45,84.1,85.23,85.29,85.0,,85.23,,,3364,285717.0,67,F1,1,,,,,,2025-05-13
2025-05-13,2025-05-13,CM,BSE,STK,539399,INE344T01014,BELLACASA,X,,,,,Bella Casa Fashion & Retail Li,464.35,470.0,451.1,464.05,465.5,462.05,,464.05,,,6081,2807062.0,150,F1,1,,,,,,2025-05-13
2025-05-13,2025-05-13,CM,BSE,STK,539400,INE389C01015,MALLCOM,B,,,,,MALLCOM (INDIA) LTD.,1211.0,1230.0,1200.0,1214.85,1212.0,1206.2,,1212.8,,,674,821672.0,131,F1,1,,,,,,2025-05-13
2025-05-13,2025-05-13,CM,BSE,STK,539402,INE256S01012,NAKSH,B,,,,,Naksh Precious Metals Limited,7.64,7.65,7.25,7.6,7.6,7.29,,7.6,,,4980,37882.0,37,F1,1,,,,,,2025-05-13
2025-05-13,2025-05-13,CM,BSE,STK,539404,INE836B01017,SATIN,B,,,,,SATIN CREDITCARE NETWORK LIMIT,165.15,173.45,165.15,172.65,172.0,168.5,,172.18,,,50171,8618587.0,587,F1,1,,,,,,2025-05-13
2025-05-13,2025-05-13,CM,BSE,STK,539405,INE183R01010,DITCO,X,,,,,Decorous Investment and Tradin,12.69,12.69,12.16,12.64,12.64,12.1,,12.64,,,117,1428.0,8,F1,1,,,,,,2025-05-13
2025-05-13,2025-05-13,CM,BSE,STK,539406,INE150R01019,SWAGTAM,X,,,,,Swagatam Trading & Services Li,78.85,78.85,78.85,78.85,78.85,75.5,,78.85,,,1,78.0,1,F1,1,,,,,,2025-05-13
2025-05-13,2025-05-13,CM,BSE,STK,539407,INE854S01022,GENCON,B,,,,,Generic Engineering Constructi,32.12,35.0,31.75,32.19,33.0,31.95,,31.89,,,3598,115836.0,93,F1,1,,,,,,2025-05-13
2025-05-13,2025-05-13,CM,BSE,STK,539408,INE594R01018,KUBERJI,XT,,,,,Kuber Udyog Limited,19.56,19.56,17.7,17.84,17.7,18.63,,17.84,,,4304,80857.0,30,F1,1,,,,,,2025-05-13
2025-05-13,2025-05-13,CM,BSE,STK,539409,INE894J01019,NEERAJ,X,,,,,NEERAJ PAPER MARKETING LIMITED,19.19,19.19,19.19,19.19,19.19,18.81,,19.19,,,17,326.0,4,F1,1,,,,,,2025-05-13
2025-05-13,2025-05-13,CM,BSE,STK,539428,INE030T01027,TEJNAKSH,X,,,,,Tejnaksh Healthcare Limited,21.8,21.9,21.0,21.75,21.54,21.8,,21.75,,,6316,135918.0,58,F1,1,,,,,,2025-05-13
2025-05-13,2025-05-13,CM,BSE,STK,539435,INE201C01012,RFSL,XT,,,,,Richfield Financial Services L,31.42,34.72,31.42,34.7,34.7,33.07,,34.7,,,66,2201.0,6,F1,1,,,,,,2025-05-13
2025-05-13,2025-05-13,CM,BSE,STK,539436,INE335K01011,COFFEEDAY,T,,,,,Coffee Day Enterprises Limited,30.82,30.82,29.94,29.94,29.94,30.22,,29.94,,,87903,2689910.0,94,F1,1,,,,,,2025-05-13
2025-05-13,2025-05-13,CM,BSE,STK,539437,INE092T01019,IDFCFIRSTB,A,,,,,IDFC FIRST BANK LIMITED,69.0,69.69,68.76,68.99,68.99,69.09,,69.0,,,2238073,155053579.0,9721,F1,1,,,,,,2025-05-13
2025-05-13,2025-05-13,CM,BSE,STK,539448,INE646L01027,INDIGO,A,,,,,InterGlobe Aviation Limited,5500.0,5545.0,5469.3,5519.95,5520.15,5475.15,,5521.0,,,8676,47818820.0,1522,F1,1,,,,,,2025-05-13
2025-05-13,2025-05-13,CM,BSE,STK,539449,INE099S01016,IGCIL,XT,,,,,IGC Industries Limited,5.15,5.19,5.01,5.12,5.12,5.09,,5.12,,,82127,421666.0,198,F1,1,,,,,,2025-05-13
2025-05-13,2025-05-13,CM,BSE,STK,539450,INE500L01026,SHK,B,,,,,S H Kelkar and Company Limited,199.4,201.5,196.95,198.6,198.7,199.85,,198.92,,,10567,2107844.0,258,F1,1,,,,,,2025-05-13
2025-05-13,2025-05-13,CM,BSE,STK,539455,INE360S01012,ARYAVAN,X,,,,,ARYAVAN ENTERPRISE LIMITED,35.8,36.99,34.63,36.63,36.63,36.0,,36.63,,,791,28433.0,14,F1,1,,,,,,2025-05-13
2025-05-13,2025-05-13,CM,BSE,STK,539469,INE258R01028,PANORAMA,B,,,,,PANORAMA STUDIOS INTERNATIONAL,188.65,192.45,186.1,187.9,189.0,189.5,,187.9,,,37743,7117653.0,188,F1,1,,,,,,2025-05-13
2025-05-13,2025-05-13,CM,BSE,STK,539470,INE051N01026,SHREEGANES,X,,,,,Shree Ganesh Biotech (India) L,0.87,0.96,0.87,0.92,0.93,0.9,,0.92,,,1612673,1490701.0,688,F1,1,,,,,,2025-05-13
2025-05-13,2025-05-13,CM,BSE,STK,539479,INE910R01016,GTV,X,,,,,GTV Engineering Limited,720.0,724.9,709.0,721.4,722.0,710.0,,721.4,,,16158,11597287.0,161,F1,1,,,,,,2025-05-13
2025-05-13,2025-05-13,CM,BSE,STK,539492,INE721C01019,GARBIFIN,X,,,,,Garbi Finvest Limited,9.45,10.34,9.45,10.33,10.34,9.9,,10.33,,,3075,31068.0,60,F1,1,,,,,,2025-05-13
2025-05-13,2025-05-13,CM,BSE,STK,539494,INE766D01020,SMARTFIN,X,,,,,Smart Finsec Limited,14.3,15.15,13.0,13.63,14.07,14.3,,13.63,,,49367,683401.0,238,F1,1,,,,,,2025-05-13
2025-05-13,2025-05-13,CM,BSE,STK,539495,INE176R01014,RAJKOTINV,X,,,,,Rajkot Investment Trust Limite,53.12,55.7,51.4,51.4,51.4,53.12,,51.4,,,136,7081.0,6,F1,1,,,,,,2025-05-13
2025-05-13,2025-05-13,CM,BSE,STK,539506,INE805Q01028,ADCON,X,,,,,Adcon Capital Services Limited,0.73,0.73,0.69,0.72,0.72,0.71,,0.72,,,702536,498672.0,313,F1,1,,,,,,2025-05-13
2025-05-13,2025-05-13,CM,BSE,STK,539515,INE641R01017,QUINT,X,,,,,Quint Digital Limited,59.99,59.99,56.0,58.7,59.0,60.47,,58.7,,,7915,463771.0,96,F1,1,,,,,,2025-05-13
2025-05-13,2025-05-13,CM,BSE,STK,539516,INF179KC1965,HDFCNIFTY,B,,,,,HDFC Mutual Fund,276.39,276.39,272.5,272.74,272.5,276.12,,272.63,,,6046,1662748.0,100,F1,1,,,,,,2025-05-13
2025-05-13,2025-05-13,CM,BSE,STK,539517,INF179KC1HX2,HDFCSENSEX,A,,,,,HDFC Mutual Fund,92.07,92.07,90.62,90.83,90.83,91.38,,90.72,,,3918,357716.0,56,F1,1,,,,,,2025-05-13
2025-05-13,2025-05-13,CM,BSE,STK,539518,INE551B01012,UDAYJEW,X,,,,,Uday Jewellery Industries Limi,149.55,149.55,145.6,146.85,146.85,149.55,,146.85,,,4509,667242.0,57,F1,1,,,,,,2025-05-13
2025-05-13,2025-05-13,CM,BSE,STK,539519,INE280E01038,SATTVASUKU,X,,,,,SATTVA SUKUN LIFECARE LIMITED,1.22,1.26,1.11,1.15,1.15,1.22,,1.15,,,2376195,2776215.0,643,F1,1,,,,,,2025-05-13
2025-05-13,2025-05-13,CM,BSE,STK,539522,INE343C01012,GROVY,X,,,,,Grovy India Limited,54.0,54.0,50.15,52.0,52.0,51.89,,52.0,,,2234,117814.0,37,F1,1,,,,,,2025-05-13
2025-05-13,2025-05-13,CM,BSE,STK,539523,INE540L01014,ALKEM,A,,,,,Alkem Laboratories Limited,5022.0,5140.15,5022.0,5124.25,5124.25,5022.15,,5126.5,,,1577,8041510.0,378,F1,1,,,,,,2025-05-13
2025-05-13,2025-05-13,CM,BSE,STK,539524,INE600L01024,LALPATHLAB,A,,,,,Dr. Lal Pathlabs Limited,2790.1,2859.95,2750.0,2778.55,2780.9,2813.55,,2779.8,,,5283,14777173.0,985,F1,1,,,,,,2025-05-13
2025-05-13,2025-05-13,CM,BSE,STK,539526,INE452S01025,SCTL,X,,,,,Suncare Traders Limited,0.95,0.95,0.88,0.91,0.91,0.93,,0.91,,,249621,226419.0,371,F1,1,,,,,,2025-05-13
2025-05-13,2025-05-13,CM,BSE,STK,539527,INE146E01015,CREATIVE,X,,,,,Creative Castings Limited,610.0,625.0,610.0,625.0,625.0,625.0,,625.0,,,21,12950.0,8,F1,1,,,,,,2025-05-13
2025-05-13,2025-05-13,CM,BSE,STK,539528,INE430R01023,AAYUSH,XT,,,,,AAYUSH WELLNESS LIMITED,103.85,103.85,103.85,103.85,103.85,101.82,,103.85,,,189520,19681652.0,534,F1,1,,,,,,2025-05-13
2025-05-13,2025-05-13,CM,BSE,STK,539533,INE669R01018,ELITECON,XT,,,,,ELITECON INTERNATIONAL LIMITED,385.0,388.2,379.0,383.9,383.9,369.75,,383.9,,,17836,6871208.0,409,F1,1,,,,,,2025-05-13
2025-05-13,2025-05-13,CM,BSE,STK,539542,INE150G01020,LUXIND,B,,,,,LUX Industries Limited,1415.4,1444.35,1395.0,1425.6,1425.6,1422.4,,1427.0,,,1190,1698831.0,184,F1,1,,,,,,2025-05-13
2025-05-13,2025-05-13,CM,BSE,STK,539544,INE281P01016,ABHIINFRA,X,,,,,Abhishek Infraventures Limited,7.35,7.35,6.99,6.99,6.99,7.35,,6.99,,,251,1837.0,5,F1,1,,,,,,2025-05-13
2025-05-13,2025-05-13,CM,BSE,STK,539545,INE217S01014,APOORVA,X,,,,,Apoorva Leasing Finance & Inve,38.02,39.8,38.02,39.49,39.49,38.02,,39.49,,,26,1020.0,8,F1,1,,,,,,2025-05-13
2025-05-13,2025-05-13,CM,BSE,STK,539546,INE679E01015,AGRIBIO,X,,,,,AGRIBIO SPIRITS LIMITED,189.0,190.8,187.0,188.4,187.05,187.9,,188.4,,,2311,436234.0,41,F1,1,,,,,,2025-05-13
2025-05-13,2025-05-13,CM,BSE,STK,539551,INE410P01011,NH,A,,,,,Narayana Hrudayalaya Limited,1797.25,1797.25,1752.5,1770.5,1775.0,1782.05,,1774.7,,,26876,47594120.0,1811,F1,1,,,,,,2025-05-13
2025-05-13,2025-05-13,CM,BSE,STK,539552,INE108T01013,FMEC,XT,,,,,F MEC INTERNATIONAL FINANCIAL,100.0,101.9,97.5,101.9,101.9,97.05,,101.9,,,2863,290589.0,35,F1,1,,,,,,2025-05-13
2025-05-13,2025-05-13,CM,BSE,STK,539559,INE005G01026,DDIL,X,,,,,Deep Diamond India Limited,4.39,4.6,4.39,4.51,4.53,4.39,,4.51,,,100935,455603.0,422,F1,1,,,,,,2025-05-13
2025-05-13,2025-05-13,CM,BSE,STK,539561,INE549S01036,REMLIFE,XT,,,,,REMEDIUM LIFECARE LIMITED,1.64,1.7,1.64,1.7,1.7,1.67,,1.7,,,1575549,2597173.0,762,F1,1,,,,,,2025-05-13
2025-05-13,2025-05-13,CM,BSE,STK,539562,INE750R01016,AARNAV,X,,,,,AARNAV FASHIONS LIMITED,53.9,53.9,52.01,52.39,52.49,53.29,,52.39,,,39251,2069337.0,126,F1,1,,,,,,2025-05-13
2025-05-13,2025-05-13,CM,BSE,STK,539574,INE974F01025,SCL,XT,,,,,Sunshine Capital Ltd.,0.53,0.54,0.52,0.54,0.54,0.52,,0.54,,,2695905,1446544.0,1625,F1,1,,,,,,2025-05-13
2025-05-13,2025-05-13,CM,BSE,STK,539584,INE104S01022,SIPTL,XT,,,,,SHARANAM INFRAPROJECT AND TRAD,0.5,0.51,0.47,0.47,0.47,0.49,,0.47,,,5338882,2549298.0,995,F1,1,,,,,,2025-05-13
2025-05-13,2025-05-13,CM,BSE,STK,539593,INE728Q01014,SHIVA,X,,,,,Shivansh Finserv Limited,5.98,5.98,5.85,5.9,5.9,6.0,,5.9,,,3171,18882.0,8,F1,1,,,,,,2025-05-13
2025-05-13,2025-05-13,CM,BSE,STK,539594,INE094S01041,MISHTANN,T,,,,,Mishtann Foods Limited,4.94,4.94,4.8,4.94,4.94,4.71,,4.94,,,1038172,5128068.0,1717,F1,1,,,,,,2025-05-13
2025-05-13,2025-05-13,CM,BSE,STK,539596,INE681Q01015,DELTA,X,,,,,Delta Industrial Resources Lim,12.02,12.6,12.02,12.02,12.02,12.02,,12.02,,,326,3923.0,11,F1,1,,,,,,2025-05-13
2025-05-13,2025-05-13,CM,BSE,STK,539598,INE727C01024,CGFL,X,,,,,CREDENT GLOBAL FINANCE LIMITED,25.27,25.27,23.79,25.13,25.13,24.51,,25.13,,,6571,164376.0,32,F1,1,,,,,,2025-05-13
2025-05-13,2025-05-13,CM,BSE,STK,539607,INE373T01047,BLUECLOUDS,T,,,,,Blue Cloud Softech Solutions L,18.73,18.73,18.73,18.73,18.73,19.11,,18.73,,,57962,1085628.0,262,F1,1,,,,,,2025-05-13
2025-05-13,2025-05-13,CM,BSE,STK,539620,INE534E01020,KEIL,X,,,,,KANORIA ENERGY & INFRASTRUCTUR,25.24,26.0,25.0,25.36,25.0,25.88,,25.36,,,5641,143586.0,40,F1,1,,,,,,2025-05-13
2025-05-13,2025-05-13,CM,BSE,STK,539621,INE368E01023,BCLENTERPR,X,,,,,BCL Enterprises Limited,0.81,0.82,0.76,0.8,0.8,0.8,,0.8,,,129772,103722.0,139,F1,1,,,,,,2025-05-13
2025-05-13,2025-05-13,CM,BSE,STK,539636,INE484I01029,PRECAM,B,,,,,Precision Camshafts Limited,169.95,172.3,164.45,169.35,169.0,167.55,,169.67,,,24855,4208180.0,673,F1,1,,,,,,2025-05-13
2025-05-13,2025-05-13,CM,BSE,STK,539658,INE985S01024,TEAMLEASE,A,,,,,TeamLease Services Limited,1943.0,1987.8,1934.9,1983.4,1985.0,1941.65,,1986.0,,,660,1293112.0,139,F1,1,,,,,,2025-05-13
2025-05-13,2025-05-13,CM,BSE,STK,539659,INE564S01019,KAMATS,T,,,,,VIKRAM KAMATS HOSPITALITY LIMI,62.4,67.47,62.4,67.47,67.47,65.24,,67.47,,,8,521.0,3,F1,1,,,,,,2025-05-13
2025-05-13,2025-05-13,CM,BSE,STK,539660,INE052T01013,BESTAGRO,T,,,,,BEST AGROLIFE LIMITED,346.7,346.7,346.7,346.7,346.7,339.95,,346.7,,,300,104010.0,4,F1,1,,,,,,2025-05-13
2025-05-13,2025-05-13,CM,BSE,STK,539661,INE023R01018,ACEMEN,X,,,,,ACE MEN ENGG WORKS LIMITED,71.0,73.0,65.0,72.68,72.95,69.02,,72.68,,,1300,89549.0,50,F1,1,,,,,,2025-05-13
2025-05-13,2025-05-13,CM,BSE,STK,539662,INE948Q01018,BFLAFL,XT,,,,,BFL Asset Finvest Limited,12.02,12.02,12.02,12.02,12.02,11.79,,12.02,,,2131,25614.0,21,F1,1,,,,,,2025-05-13
2025-05-13,2025-05-13,CM,BSE,STK,539669,INE684D01025,RGF,XT,,,,,RGF Capital Markets Limited,0.59,0.6,0.57,0.59,0.6,0.58,,0.59,,,56011,33023.0,81,F1,1,,,,,,2025-05-13
2025-05-13,2025-05-13,CM,BSE,STK,539673,INE792P01020,RCL,Z,,,,,Radhagobind Commercial Limited,2.36,2.48,2.36,2.41,2.48,2.48,,2.41,,,398,963.0,9,F1,1,,,,,,2025-05-13
2025-05-13,2025-05-13,CM,BSE,STK,539678,INE306L01010,QUICKHEAL,B,,,,,Quick Heal Technologies Limite,277.6,287.3,277.6,284.05,284.3,278.65,,283.9,,,33436,9459803.0,1141,F1,1,,,,,,2025-05-13
2025-05-13,2025-05-13,CM,BSE,STK,539679,INE332Q01023,KAPILRAJ,X,,,,,Kapil Raj Finance Ltd.,6.97,6.97,6.41,6.8,6.95,6.7,,6.8,,,10995,72213.0,45,F1,1,,,,,,2025-05-13
2025-05-13,2025-05-13,CM,BSE,STK,539682,INE622Q01019,LUCENT,T,,,,,LUCENT INDUSTRIES LIMITED,650.0,650.0,625.05,625.05,625.05,630.0,,625.05,,,111,70145.0,10,F1,1,,,,,,2025-05-13
2025-05-13,2025-05-13,CM,BSE,STK,539686,INE127T01021,KPEL,B,,,,,K.P. Energy Limited,400.55,431.25,400.55,424.7,421.1,402.1,,424.5,,,96202,40440387.0,3731,F1,1,,,,,,2025-05-13
2025-05-13,2025-05-13,CM,BSE,STK,539692,INE064T01018,IFINSER,XT,,,,,INTERACTIVE FINANCIAL SERVICES,20.42,20.42,18.48,18.48,18.48,19.45,,18.48,,,207033,3888056.0,57,F1,1,,,,,,2025-05-13
2025-05-13,2025-05-13,CM,BSE,STK,539697,INE966Q01010,HILIKS,XT,,,,,HILIKS TECHNOLOGIES LIMITED,52.15,52.5,49.9,50.3,52.49,51.9,,50.3,,,29304,1513877.0,56,F1,1,,,,,,2025-05-13
2025-05-13,2025-05-13,CM,BSE,STK,539725,INE314T01025,GOKULAGRO,B,,,,,Gokul Agro Resources Ltd,243.5,245.15,234.85,239.9,241.8,240.4,,240.12,,,3739,898765.0,196,F1,1,,,,,,2025-05-13
2025-05-13,2025-05-13,CM,BSE,STK,539730,INE194R01017,FREDUN,X,,,,,Fredun Pharmaceuticals Limited,694.0,713.9,666.0,674.05,674.05,699.65,,674.05,,,8836,6037519.0,328,F1,1,,,,,,2025-05-13
2025-05-13,2025-05-13,CM,BSE,STK,539742,INE748T01016,SIMBHALS,T,,,,,Simbhaoli Sugars Ltd,13.83,14.17,13.83,14.17,14.17,13.5,,14.34,,,3290,45737.0,9,F1,1,,,,,,2025-05-13
2025-05-13,2025-05-13,CM,BSE,STK,539760,INE773T01014,RELICAB,T,,,,,Relicab Cable Manufacturing Li,69.15,70.53,67.77,70.53,70.53,69.15,,70.53,,,10019,704591.0,19,F1,1,,,,,,2025-05-13
2025-05-13,2025-05-13,CM,BSE,STK,539761,INE427T01025,VKAL,XT,,,,,Vantage Knowledge Academy Limi,13.47,13.9,12.8,13.56,13.64,13.47,,13.56,,,60527,802005.0,321,F1,1,,,,,,2025-05-13
2025-05-13,2025-05-13,CM,BSE,STK,539762,INE250S01015,MEAPL,XT,,,,,MODERN ENGINEERING AND PROJECT,27.46,28.45,26.09,26.09,26.09,27.46,,26.09,,,22736,596470.0,82,F1,1,,,,,,2025-05-13
2025-05-13,2025-05-13,CM,BSE,STK,539767,INE216Q01010,MNIL,X,,,,,Mega Nirman & Industries Limit,18.99,18.99,18.23,18.31,18.89,19.3,,18.31,,,1873,34359.0,21,F1,1,,,,,,2025-05-13
2025-05-13,2025-05-13,CM,BSE,STK,539770,INE830S01014,DARJEELING,XT,,,,,Darjeeling Ropeway Company Lim,36.05,36.05,36.05,36.05,36.05,35.35,,36.05,,,1661,59879.0,11,F1,1,,,,,,2025-05-13
2025-05-13,2025-05-13,CM,BSE,STK,539773,INE178T01024,ADVIKCA,X,,,,,Advik Capital Limited,1.76,1.85,1.72,1.75,1.75,1.76,,1.75,,,1269128,2244044.0,816,F1,1,,,,,,2025-05-13
2025-05-13,2025-05-13,CM,BSE,STK,539785,INE865T01018,PDMJEPAPER,T,,,,,Pudumjee Paper Products Limite,101.35,101.35,99.95,101.35,101.35,99.95,,101.35,,,14707,1488624.0,59,F1,1,,,,,,2025-05-13
2025-05-13,2025-05-13,CM,BSE,STK,539787,INE075I01017,HCG,B,,,,,HealthCare Global Enterprises,577.05,586.0,571.0,579.05,585.0,577.05,,579.8,,,15192,8787859.0,1045,F1,1,,,,,,2025-05-13
2025-05-13,2025-05-13,CM,BSE,STK,539798,INE173U01015,UMIYA,XT,,,,,Umiya Tubes Limited,12.0,12.34,11.21,12.33,12.34,11.76,,12.33,,,41715,494566.0,132,F1,1,,,,,,2025-05-13
2025-05-13,2025-05-13,CM,BSE,STK,539799,INE316L01019,BHARATWIRE,B,,,,,Bharat Wire Ropes Limited,180.75,183.55,177.65,178.45,178.45,181.05,,178.51,,,12303,2213965.0,502,F1,1,,,,,,2025-05-13
2025-05-13,2025-05-13,CM,BSE,STK,539800,INE043U01010,CHDCHEM,X,,,,,CHD Chemicals Limited,5.91,6.72,5.9,5.9,5.9,5.97,,5.9,,,27392,163497.0,20,F1,1,,,,,,2025-05-13
2025-05-13,2025-05-13,CM,BSE,STK,539807,INE483S01020,INFIBEAM,A,,,,,INFIBEAM AVENUES LIMITED,17.65,18.3,17.59,17.95,17.95,17.64,,17.95,,,1250452,22545390.0,3401,F1,1,,,,,,2025-05-13
2025-05-13,2025-05-13,CM,BSE,STK,539814,INE204S01012,LELAVOIR,XT,,,,,LE LAVOIR LIMITED,218.1,218.1,218.1,218.1,218.1,229.55,,218.1,,,1200,261720.0,12,F1,1,,,,,,2025-05-13
2025-05-13,2025-05-13,CM,BSE,STK,539834,INE119R01014,BALGOPAL,XT,,,,,Balgopal Commercial limited,119.9,121.6,115.0,121.6,121.6,115.85,,121.6,,,2377,286467.0,33,F1,1,,,,,,2025-05-13
2025-05-13,2025-05-13,CM,BSE,STK,539835,INE574R01028,SUPERIOR,X,,,,,Superior Finlease Limited,1.35,1.59,1.35,1.59,1.59,1.68,,1.59,,,6604,9353.0,19,F1,1,,,,,,2025-05-13
2025-05-13,2025-05-13,CM,BSE,STK,539837,INE912T01018,RPEL,B,,,,,RAGHAV PRODUCTIVITY ENHANCERS,633.3,693.0,627.15,678.65,676.6,632.9,,679.8,,,6682,4434425.0,911,F1,1,,,,,,2025-05-13
2025-05-13,2025-05-13,CM,BSE,STK,539841,INE359U01028,LANCER,T,,,,,Lancer Container Lines Limited,14.5,15.16,14.0,15.16,15.16,14.44,,15.16,,,302967,4531546.0,910,F1,1,,,,,,2025-05-13
2025-05-13,2025-05-13,CM,BSE,STK,539843,INE395U01014,NINSYS,B,,,,,NINtec Systems Limited,455.85,464.0,454.5,459.5,464.0,466.3,,458.05,,,188,85875.0,56,F1,1,,,,,,2025-05-13
2025-05-13,2025-05-13,CM,BSE,STK,539854,INE115S01010,HALDER,X,,,,,Halder Venture Limited,565.8,565.8,535.0,543.35,547.75,544.3,,543.35,,,11108,6059164.0,157,F1,1,,,,,,2025-05-13
2025-05-13,2025-05-13,CM,BSE,STK,539871,INE594H01019,THYROCARE,B,,,,,Thyrocare Technologies Limited,974.95,989.9,953.4,984.3,984.3,952.35,,983.6,,,4666,4516508.0,616,F1,1,,,,,,2025-05-13
2025-05-13,2025-05-13,CM,BSE,STK,539872,INE411U01027,BAJAJHCARE,B,,,,,Bajaj Healthcare Limited,561.4,563.0,546.45,553.25,553.25,551.55,,553.8,,,8412,4666220.0,498,F1,1,,,,,,2025-05-13
2025-05-13,2025-05-13,CM,BSE,STK,539875,INE616F01022,RSDFIN,X,,,,,RSD Finance Limited,126.0,126.0,112.05,115.05,118.4,119.95,,115.05,,,1159,132946.0,62,F1,1,,,,,,2025-05-13
2025-05-13,2025-05-13,CM,BSE,STK,539876,INE299U01018,CROMPTON,A,,,,,Crompton Greaves Consumer Elec,335.8,337.9,329.3,331.2,331.65,335.3,,331.05,,,39831,13292866.0,1495,F1,1,,,,,,2025-05-13
2025-05-13,2025-05-13,CM,BSE,STK,539883,INE417C01014,PILANIINVS,B,,,,,Pilani Investment And Industri,4319.9,4488.0,4317.7,4372.6,4376.75,4326.45,,4362.1,,,341,1499587.0,133,F1,1,,,,,,2025-05-13
2025-05-13,2025-05-13,CM,BSE,STK,539884,INE671T01028,DARSHANORNA,XT,,,,,Darshan Orna Limited,2.39,2.41,2.32,2.37,2.35,2.36,,2.37,,,75261,179700.0,115,F1,1,,,,,,2025-05-13
2025-05-13,2025-05-13,CM,BSE,STK,539889,INE883N01014,PARAGMILK,B,,,,,Parag Milk Foods Limited,200.05,205.45,198.7,204.85,205.05,202.0,,204.84,,,103227,20959831.0,1607,F1,1,,,,,,2025-05-13
2025-05-13,2025-05-13,CM,BSE,STK,539894,INE631R01026,MADHAVIPL,X,,,,,Madhav Infra Projects Limited,13.73,15.15,13.41,14.89,14.89,13.77,,14.89,,,1155534,16662666.0,1799,F1,1,,,,,,2025-05-13
2025-05-13,2025-05-13,CM,BSE,STK,539895,INE631E01024,SAGL,XT,,,,,Shalimar Agencies Limited,16.0,16.32,16.0,16.32,16.32,16.0,,16.32,,,18842,305393.0,71,F1,1,,,,,,2025-05-13
2025-05-13,2025-05-13,CM,BSE,STK,539900,INE642P01019,DIDL,X,,,,,DALMIA INDUSTRIAL DEVELOPMENT,14.78,14.78,12.0,14.0,14.0,13.0,,14.0,,,1206,16677.0,26,F1,1,,,,,,2025-05-13
2025-05-13,2025-05-13,CM,BSE,STK,539917,INE454M01024,NAGAFERT,T,,,,,NAGARJUNA FERTILIZERS AND CHEM,4.4,4.4,4.4,4.4,4.4,4.32,,4.4,,,84429,371487.0,33,F1,1,,,,,,2025-05-13
2025-05-13,2025-05-13,CM,BSE,STK,539921,INE440T01028,SEIL,X,,,,,Shanti Educational Initiatives,71.21,71.21,63.15,69.67,68.91,69.81,,69.67,,,7102,473440.0,99,F1,1,,,,,,2025-05-13
2025-05-13,2025-05-13,CM,BSE,STK,539927,INE920T01011,LIKHAMI,XT,,,,,LIKHAMI CONSULTING LIMITED,427.4,427.4,427.4,427.4,427.4,449.85,,427.4,,,1,427.0,1,F1,1,,,,,,2025-05-13
2025-05-13,2025-05-13,CM,BSE,STK,539938,INE858Q01019,MIL,X,,,,,Medico Intercontinental Limite,38.5,38.5,37.5,37.8,37.81,37.26,,37.8,,,975,36878.0,26,F1,1,,,,,,2025-05-13
2025-05-13,2025-05-13,CM,BSE,STK,539939,INE571U01010,YASHCHEM,X,,,,,Yash Chemex Limited,50.47,51.33,49.47,49.84,49.8,51.49,,49.84,,,564,28052.0,10,F1,1,,,,,,2025-05-13
2025-05-13,2025-05-13,CM,BSE,STK,539945,INF109KC11V0,NV20IETF,B,,,,,ICICI Prudential NV20 ETF,14.64,14.67,14.41,14.43,14.5,14.63,,14.44,,,25204,364484.0,128,F1,1,,,,,,2025-05-13
2025-05-13,2025-05-13,CM,BSE,STK,539946,INE217E01014,BAZELINTER,X,,,,,Bazel International Limited,80.0,80.92,80.0,80.92,80.92,80.92,,80.92,,,224,18079.0,5,F1,1,,,,,,2025-05-13
2025-05-13,2025-05-13,CM,BSE,STK,539947,INE919T01013,JLL,X,,,,,JINDAL LEASEFIN LIMITED,41.5,43.64,41.5,43.63,43.63,41.57,,43.63,,,180,7582.0,12,F1,1,,,,,,2025-05-13
2025-05-13,2025-05-13,CM,BSE,STK,539956,INE524T01011,TAALENT,X,,,,,TAAL Enterprises Limited,2750.0,2839.0,2681.35,2751.7,2751.7,2781.05,,2751.7,,,811,2245810.0,132,F1,1,,,,,,2025-05-13
2025-05-13,2025-05-13,CM,BSE,STK,539957,INE002S01010,MGL,A,,,,,Mahanagar Gas Limited,1418.6,1418.6,1386.2,1391.25,1392.35,1408.15,,1391.9,,,8609,12075939.0,953,F1,1,,,,,,2025-05-13
2025-05-13,2025-05-13,CM,BSE,STK,539963,INE819S01025,ZEAL,X,,,,,Zeal Aqua Limited,11.83,12.25,11.17,11.98,11.94,11.77,,11.98,,,81460,972050.0,279,F1,1,,,,,,2025-05-13
2025-05-13,2025-05-13,CM,BSE,STK,539978,INE615P01015,QUESS,A,,,,,Quess Corp Limited,355.5,366.55,351.9,363.4,363.4,354.7,,363.4,,,16443,5953579.0,540,F1,1,,,,,,2025-05-13
2025-05-13,2025-05-13,CM,BSE,STK,539979,INE731U01028,DIGJAMLMTD,T,,,,,DIGJAM LIMITED,36.6,37.75,36.6,37.75,37.75,36.0,,38.18,,,226,8501.0,6,F1,1,,,,,,2025-05-13
2025-05-13,2025-05-13,CM,BSE,STK,539980,INF109KC10W0,MIDSELIETF,B,,,,,ICICI Prudential BSE Midcap Se,16.92,16.99,16.81,16.9,16.89,16.88,,16.89,,,18760,317380.0,194,F1,1,,,,,,2025-05-13
2025-05-13,2025-05-13,CM,BSE,STK,539984,INE799B01017,HUIL,X,,,,,HINDUSTHAN URBAN INFRASTRUCTUR,2060.0,2205.0,2060.0,2200.0,2200.0,2149.75,,2200.0,,,16,34639.0,11,F1,1,,,,,,2025-05-13
2025-05-13,2025-05-13,CM,BSE,STK,539986,INE073V01015,COMSYN,B,,,,,Commercial Syn Bags Limited,102.77,107.0,101.2,103.62,103.27,103.35,,103.12,,,5487,572289.0,168,F1,1,,,,,,2025-05-13
2025-05-13,2025-05-13,CM,BSE,STK,539991,INE700F01024,CFEL,X,,,,,CONFIDENCE FUTURISTIC ENERGETE,79.12,84.0,78.99,80.32,80.35,79.12,,80.32,,,23615,1905994.0,153,F1,1,,,,,,2025-05-13
2025-05-13,2025-05-13,CM,BSE,STK,539992,INE093R01011,LLOYDSENGG,A,,,,,LLOYDS ENGINEERING WORKS LIMIT,54.34,55.09,53.46,54.82,54.82,53.96,,54.79,,,472679,25700297.0,2267,F1,1,,,,,,2025-05-13
2025-05-13,2025-05-13,CM,BSE,STK,539997,INE552U01010,KPL,B,,,,,Kwality Pharmaceuticals Limite,741.35,778.0,730.55,769.9,765.15,744.45,,769.9,,,9961,7558510.0,365,F1,1,,,,,,2025-05-13
2025-05-13,2025-05-13,CM,BSE,STK,540005,INE214T01019,LTIM,A,,,,,LTIMindtree Limited,4950.05,5035.0,4903.0,4921.5,4932.3,4942.0,,4919.5,,,18570,92420852.0,4653,F1,1,,,,,,2025-05-13
2025-05-13,2025-05-13,CM,BSE,STK,540006,INE595R01023,EASTWEST,X,,,,,EAST WEST FREIGHT CARRIERS LTD,6.75,6.75,6.32,6.49,6.55,6.59,,6.49,,,288921,1861477.0,312,F1,1,,,,,,2025-05-13
2025-05-13,2025-05-13,CM,BSE,STK,540008,INF209KB10E8,BSLSENETFG,A,,,,,Aditya Birla Sun Life BSE Sens,83.09,83.09,80.29,80.29,80.29,81.33,,80.5,,,21,1701.0,9,F1,1,,,,,,2025-05-13
2025-05-13,2025-05-13,CM,BSE,STK,540023,INE621I01042,COLORCHIPS,X,,,,,COLORCHIPS NEW MEDIA LIMITED,19.43,20.39,19.0,20.39,20.39,19.42,,20.39,,,8215,164677.0,65,F1,1,,,,,,2025-05-13
2025-05-13,2025-05-13,CM,BSE,STK,540025,INE837H01020,ADVENZYMES,A,,,,,Advanced Enzyme Technologies L,300.95,306.4,286.65,288.8,289.4,296.45,,288.85,,,20940,6124992.0,833,F1,1,,,,,,2025-05-13
2025-05-13,2025-05-13,CM,BSE,STK,540026,INE213U01019,LAHL,XT,,,,,Ladam Affortable Housing Limit,6.51,6.51,6.19,6.19,6.19,6.51,,6.19,,,182,1133.0,7,F1,1,,,,,,2025-05-13
2025-05-13,2025-05-13,CM,BSE,STK,540047,INE917M01012,DBL,A,,,,,Dilip Buildcon Limited,468.0,468.65,460.8,467.0,466.55,463.05,,467.65,,,5460,2537801.0,320,F1,1,,,,,,2025-05-13
2025-05-13,2025-05-13,CM,BSE,STK,540048,INE212I01016,SPAL,B,,,,,S.P. Apparels Limited,851.05,909.15,851.05,877.7,878.35,893.15,,881.3,,,4348,3843905.0,572,F1,1,,,,,,2025-05-13
2025-05-13,2025-05-13,CM,BSE,STK,540061,INE412U01025,BIGBLOC,B,,,,,Bigbloc Construction Limited,69.89,69.89,65.72,66.85,67.05,65.89,,66.86,,,17425,1166964.0,482,F1,1,,,,,,2025-05-13
2025-05-13,2025-05-13,CM,BSE,STK,540062,INE222U01010,GOLDENCREST,XT,,,,,Golden Crest Education & Servi,471.2,494.75,447.65,494.75,494.75,471.2,,494.75,,,479,220500.0,18,F1,1,,,,,,2025-05-13
2025-05-13,2025-05-13,CM,BSE,STK,540063,INE925Q01024,ECS,X,,,,,ECS Biztech Limited,8.48,8.9,8.24,8.58,8.88,8.48,,8.58,,,6044,52037.0,35,F1,1,,,,,,2025-05-13
2025-05-13,2025-05-13,CM,BSE,STK,540065,INE976G01028,RBLBANK,A,,,,,RBL Bank Limited,206.3,213.3,206.3,207.75,207.75,206.05,,207.74,,,667701,139967314.0,7194,F1,1,,,,,,2025-05-13
2025-05-13,2025-05-13,CM,BSE,STK,540073,INE153T01027,BLS,A,,,,,BLS International Services Ltd,365.0,377.0,362.45,371.3,372.45,364.0,,371.35,,,86837,32162476.0,1857,F1,1,,,,,,2025-05-13
2025-05-13,2025-05-13,CM,BSE,STK,540078,INE317V01016,MITSU,B,,,,,Mitsu Chem Plast Limited,109.84,113.0,109.84,112.78,112.9,109.65,,112.78,,,26158,2943527.0,247,F1,1,,,,,,2025-05-13
2025-05-13,2025-05-13,CM,BSE,STK,540079,INE537U01029,SPRAYKING,B,,,,,Sprayking Limited,6.56,6.88,6.21,6.81,6.81,6.56,,6.81,,,162493,1085816.0,341,F1,1,,,,,,2025-05-13
2025-05-13,2025-05-13,CM,BSE,STK,540080,INE715T01031,DHATRE,X,,,,,Dhatre Udyog Limited,8.0,8.19,7.8,8.14,8.14,7.97,,8.14,,,65312,525367.0,325,F1,1,,,,,,2025-05-13
2025-05-13,2025-05-13,CM,BSE,STK,540081,INE860T01019,SABEVENTS,T,,,,,Sab Events & Governance Now Me,5.22,5.22,5.22,5.22,5.22,5.32,,5.15,,,512,2672.0,6,F1,1,,,,,,2025-05-13
2025-05-13,2025-05-13,CM,BSE,STK,540083,INE871L01013,TVVISION,T,,,,,TV VISION LIMITED,7.48,7.48,7.48,7.48,7.48,7.63,,7.48,,,10535,78801.0,10,F1,1,,,,,,2025-05-13
2025-05-13,2025-05-13,CM,BSE,STK,540097,INE890S01026,GAMCO,X,,,,,GAMCO LIMITED,37.62,37.62,36.0,36.55,36.7,36.95,,36.55,,,45214,1659859.0,180,F1,1,,,,,,2025-05-13
2025-05-13,2025-05-13,CM,BSE,STK,540115,INE010V01017,LTTS,A,,,,,L&T Technology Services Limite,4497.45,4497.45,4359.15,4368.35,4362.25,4442.25,,4367.2,,,2825,12491187.0,543,F1,1,,,,,,2025-05-13
2025-05-13,2025-05-13,CM,BSE,STK,540124,INE934S01014,GNA,B,,,,,G N A Axles Limited,334.8,334.8,325.3,328.9,330.0,327.6,,328.4,,,2792,917663.0,222,F1,1,,,,,,2025-05-13
2025-05-13,2025-05-13,CM,BSE,STK,540125,INE583V01021,RADHIKAJWE,B,,,,,Radhika Jeweltech Limited,91.0,92.35,90.23,91.17,91.4,91.35,,91.13,,,39160,3567463.0,676,F1,1,,,,,,2025-05-13
2025-05-13,2025-05-13,CM,BSE,STK,540132,INE400R01018,SIIL,XT,,,,,Sabrimala Industries India Lim,9.53,9.99,9.1,9.64,9.97,9.53,,9.64,,,5800,54846.0,18,F1,1,,,,,,2025-05-13
2025-05-13,2025-05-13,CM,BSE,STK,540133,INE726G01019,ICICIPRULI,A,,,,,ICICI Prudential Life Insuranc,609.65,610.2,602.0,603.3,602.75,603.9,,603.65,,,7013,4254707.0,598,F1,1,,,,,,2025-05-13
2025-05-13,2025-05-13,CM,BSE,STK,540134,INE818R01011,IISL,XT,,,,,ISHAAN INFRASTRUCTURE AND SHEL,6.87,6.87,6.74,6.87,6.87,6.87,,6.87,,,5620,38609.0,8,F1,1,,,,,,2025-05-13
2025-05-13,2025-05-13,CM,BSE,STK,540135,INE202R01026,ARCFIN,XT,,,,,ARC Finance Limited,0.96,1.02,0.96,1.02,1.02,0.98,,1.02,,,2628663,2657852.0,1542,F1,1,,,,,,2025-05-13
2025-05-13,2025-05-13,CM,BSE,STK,540136,INE495S01016,HPL,B,,,,,HPL Electric & Power Limited,420.15,433.45,419.0,428.05,428.0,420.15,,427.95,,,11202,4782021.0,521,F1,1,,,,,,2025-05-13
2025-05-13,2025-05-13,CM,BSE,STK,540143,INE184B01012,SAGARSOFT,X,,,,,Sagarsoft (India) Limited,154.05,154.1,154.0,154.0,154.0,157.9,,154.0,,,220,33886.0,15,F1,1,,,,,,2025-05-13
2025-05-13,2025-05-13,CM,BSE,STK,540145,INE565V01010,VALIANTORG,B,,,,,Valiant Organics Limited,324.0,349.1,321.45,327.1,326.0,317.4,,327.8,,,27989,9515278.0,1558,F1,1,,,,,,2025-05-13
2025-05-13,2025-05-13,CM,BSE,STK,540146,INE427V01013,ACML,MT,,,,,ADITYA CONSUMER MARKETING LIMI,57.2,57.52,57.2,57.5,57.5,56.4,,57.5,,,5000,286620.0,5,F1,1000,,,,,,2025-05-13
2025-05-13,2025-05-13,CM,BSE,STK,540147,INE700V01021,SHASHIJIT,T,,,,,Shashijit Infraprojects Limite,6.98,6.98,6.39,6.65,6.65,6.72,,6.65,,,69349,446798.0,84,F1,1,,,,,,2025-05-13
2025-05-13,2025-05-13,CM,BSE,STK,540153,INE913H01037,ENDURANCE,A,,,,,Endurance Technologies Limited,2080.0,2174.0,2080.0,2165.6,2130.0,2092.55,,2151.4,,,1892,4059765.0,336,F1,1,,,,,,2025-05-13
2025-05-13,2025-05-13,CM,BSE,STK,540154,INF194KA1T91,IDFSENSEXE,A,,,,,Bandhan Mutual Fund,875.05,875.05,875.05,875.05,875.05,878.45,,875.05,,,1,875.0,1,F1,1,,,,,,2025-05-13
2025-05-13,2025-05-13,CM,BSE,STK,540159,INE905R01016,PURPLE,X,,,,,Purple Entertainment Limited,3.65,3.99,3.65,3.99,3.99,3.74,,3.99,,,719,2717.0,10,F1,1,,,,,,2025-05-13
2025-05-13,2025-05-13,CM,BSE,STK,540168,INE268T01015,SUPRAPFSL,X,,,,,Supra Pacific Financial Servic,25.55,26.5,24.11,26.28,26.4,24.99,,26.28,,,21915,555794.0,89,F1,1,,,,,,2025-05-13
2025-05-13,2025-05-13,CM,BSE,STK,540173,INE572E01012,PNBHOUSING,A,,,,,PNB Housing Finance Limited,1067.45,1098.0,1060.85,1090.85,1090.85,1070.25,,1092.2,,,45532,49520770.0,2917,F1,1,,,,,,2025-05-13
2025-05-13,2025-05-13,CM,BSE,STK,540174,INE298B01010,SOUTHERNIN,X,,,,,Southern Infosys Limited,22.52,23.5,22.52,23.01,23.01,22.75,,23.01,,,670,15315.0,10,F1,1,,,,,,2025-05-13
2025-05-13,2025-05-13,CM,BSE,STK,540175,INE964R01013,REGENCY,X,,,,,REGENCY FINCORP LIMITED,31.3,31.65,29.7,31.48,31.48,30.16,,31.48,,,38600,1203331.0,107,F1,1,,,,,,2025-05-13
2025-05-13,2025-05-13,CM,BSE,STK,540180,INE200M01039,VBL,A,,,,,Varun Beverages Limited,515.9,518.0,507.55,508.2,508.2,513.7,,508.75,,,290550,148861788.0,5093,F1,1,,,,,,2025-05-13
2025-05-13,2025-05-13,CM,BSE,STK,540181,INE894E01028,SALEM,X,,,,,Salem Erode Investments Ltd.,43.5,47.0,40.03,44.0,44.0,43.5,,44.0,,,483,22199.0,18,F1,1,,,,,,2025-05-13
2025-05-13,2025-05-13,CM,BSE,STK,540190,INE789R01022,FRANKLININD,X,,,,,Franklin Industries Limited,2.07,2.08,2.02,2.03,2.03,2.03,,2.03,,,2265547,4635451.0,1612,F1,1,,,,,,2025-05-13
2025-05-13,2025-05-13,CM,BSE,STK,540192,INE341H01023,LKPSEC,X,,,,,LKP Securities Limited,18.58,18.58,18.12,18.34,18.49,18.3,,18.34,,,32353,595511.0,209,F1,1,,,,,,2025-05-13
2025-05-13,2025-05-13,CM,BSE,STK,540198,INE186R01013,OSIAJEE,XT,,,,,OSIAJEE TEXFAB LIMITED,205.8,213.95,202.95,208.1,208.75,204.45,,208.1,,,110163,22692492.0,310,F1,1,,,,,,2025-05-13
2025-05-13,2025-05-13,CM,BSE,STK,540203,INE916U01025,SFL,A,,,,,Sheela Foam Limited,678.0,678.0,654.85,660.7,660.95,662.85,,659.85,,,16321,10772601.0,685,F1,1,,,,,,2025-05-13
2025-05-13,2025-05-13,CM,BSE,STK,540204,INE666Q01016,EIKO,X,,,,,EIKO LIFESCIENCES LIMITED,50.99,50.99,48.9,49.03,49.87,49.83,,49.03,,,15641,775104.0,91,F1,1,,,,,,2025-05-13
2025-05-13,2025-05-13,CM,BSE,STK,540205,INE679V01027,AVL,B,,,,,Aditya Vision Limited,429.2,429.2,415.55,422.75,422.75,419.25,,421.05,,,9560,4027381.0,1132,F1,1,,,,,,2025-05-13
2025-05-13,2025-05-13,CM,BSE,STK,540210,INE759V01019,HEADSUP,T,,,,,Heads UP Ventures Limited,10.79,10.88,10.0,10.88,10.88,10.37,,10.83,,,35870,382974.0,52,F1,1,,,,,,2025-05-13
2025-05-13,2025-05-13,CM,BSE,STK,540212,INE586V01016,TCIEXP,B,,,,,TCI Express Limited,707.0,707.0,685.0,691.95,691.05,683.4,,692.5,,,1022,704479.0,107,F1,1,,,,,,2025-05-13
2025-05-13,2025-05-13,CM,BSE,STK,540222,INE947Q01028,LAURUSLABS,A,,,,,Laurus Labs Limited,594.0,607.2,593.0,595.55,595.55,592.9,,595.25,,,206673,124350768.0,1884,F1,1,,,,,,2025-05-13
2025-05-13,2025-05-13,CM,BSE,STK,540243,INE835U01027,NEWLIGHT,XT,,,,,NEW LIGHT APPARELS LIMTED,2.89,3.19,2.89,2.89,2.89,3.04,,2.89,,,1292673,3790272.0,951,F1,1,,,,,,2025-05-13
2025-05-13,2025-05-13,CM,BSE,STK,540252,INE607V01028,VSL,B,,,,,VEERAM SECURITIES LIMITED,8.95,9.06,8.95,9.04,9.05,8.95,,9.04,,,63667,574249.0,239,F1,1,,,,,,2025-05-13
2025-05-13,2025-05-13,CM,BSE,STK,540254,INE245H01018,MTPL,X,,,,,MARG TECHNO PROJECTS LIMITED,34.69,34.69,32.05,34.48,34.48,34.69,,34.48,,,144,4730.0,6,F1,1,,,,,,2025-05-13
2025-05-13,2025-05-13,CM,BSE,STK,540266,INE804Q01013,GLCL,Z,,,,,Globe Commercials Limited,32.0,33.07,31.5,33.07,33.07,31.5,,33.07,,,13143,432473.0,169,F1,1,,,,,,2025-05-13
2025-05-13,2025-05-13,CM,BSE,STK,540267,INE318U01016,FLORACORP,X,,,,,Flora Corporation Limited,6.99,6.99,6.31,6.75,6.75,6.99,,6.75,,,6,41.0,3,F1,1,,,,,,2025-05-13
2025-05-13,2025-05-13,CM,BSE,STK,540268,INE615R01029,TRU,T,,,,,TruCap Finance Limited,7.6,8.2,7.6,8.2,8.2,7.81,,8.12,,,148208,1211934.0,155,F1,1,,,,,,2025-05-13
2025-05-13,2025-05-13,CM,BSE,STK,540293,INE726V01018,PRICOLLTD,A,,,,,Pricol Limited,458.05,458.45,448.05,451.3,451.2,455.75,,450.8,,,9197,4154293.0,569,F1,1,,,,,,2025-05-13
2025-05-13,2025-05-13,CM,BSE,STK,540310,INE181U01018,CFL,XT,,,,,Classic Filaments Limited,23.35,23.37,22.8,23.35,23.37,24.0,,23.35,,,1452,33863.0,10,F1,1,,,,,,2025-05-13
2025-05-13,2025-05-13,CM,BSE,STK,540311,INE863T01013,JITFINFRA,T,,,,,JITF INFRALOGISTICS LIMITED,389.55,389.55,389.55,389.55,389.55,371.0,,393.6,,,147,57263.0,4,F1,1,,,,,,2025-05-13
2025-05-13,2025-05-13,CM,BSE,STK,540358,INE655V01019,RMC,MT,,,,,RMC SWITCHGEARS LIMITED,615.0,620.0,600.0,616.75,615.0,615.0,,616.75,,,23875,14533981.0,104,F1,125,,,,,,2025-05-13
2025-05-13,2025-05-13,CM,BSE,STK,540359,INE240T01014,PARMAX,X,,,,,Parmax Pharma Limited,44.45,49.03,44.45,44.55,44.55,43.58,,44.55,,,319,14239.0,10,F1,1,,,,,,2025-05-13
2025-05-13,2025-05-13,CM,BSE,STK,540360,INE715Q01029,LLFICL,XT,,,,,LEADING LEASING FINANCE AND IN,6.77,6.77,6.32,6.41,6.41,6.57,,6.41,,,94465,607663.0,122,F1,1,,,,,,2025-05-13
2025-05-13,2025-05-13,CM,BSE,STK,540361,INE575D01041,DANUBE,XT,,,,,DANUBE INDUSTRIES LIMITED,4.51,4.73,4.35,4.62,4.64,4.51,,4.62,,,25879,119577.0,77,F1,1,,,,,,2025-05-13
2025-05-13,2025-05-13,CM,BSE,STK,540366,INE919I01024,RADIOCITY,B,,,,,Music Broadcast Limited,9.8,9.8,9.23,9.37,9.52,9.47,,9.42,,,18052,170560.0,126,F1,1,,,,,,2025-05-13
2025-05-13,2025-05-13,CM,BSE,STK,540376,INE192R01011,DMART,A,,,,,Avenue Supermarts Limited,4024.5,4108.15,4024.5,4064.55,4064.55,4023.85,,4064.1,,,79941,326885983.0,3913,F1,1,,,,,,2025-05-13
2025-05-13,2025-05-13,CM,BSE,STK,540377,INE714U01024,IFL,B,,,,,IFL ENTERPRISES LIMITED,0.71,0.71,0.68,0.68,0.68,0.69,,0.68,,,1210283,833982.0,879,F1,1,,,,,,2025-05-13
2025-05-13,2025-05-13,CM,BSE,STK,540386,INE989S01042,ONTIC,X,,,,,Ontic Finserve Limited,0.68,0.68,0.61,0.64,0.64,0.66,,0.64,,,45995,29629.0,52,F1,1,,,,,,2025-05-13
2025-05-13,2025-05-13,CM,BSE,STK,540393,INE017W01010,SMLT,B,,,,,Sarthak Metals Limited,117.8,118.0,115.0,116.65,117.15,118.55,,116.45,,,2559,299302.0,290,F1,1,,,,,,2025-05-13
2025-05-13,2025-05-13,CM,BSE,STK,540395,INE298W01016,CHEMCRUX,T,,,,,Chemcrux Enterprises Limited,143.7,143.7,132.0,140.15,141.0,137.2,,140.15,,,1491,207992.0,102,F1,1,,,,,,2025-05-13
2025-05-13,2025-05-13,CM,BSE,STK,540396,INE784W01015,MANOMAY,B,,,,,Manomay Tex India Limited,168.45,177.0,168.45,175.25,173.3,176.25,,174.86,,,2203,386017.0,32,F1,1,,,,,,2025-05-13
2025-05-13,2025-05-13,CM,BSE,STK,540401,INE544W01021,MAXIMUS,X,,,,,Maximus International Limited,11.29,11.29,10.71,11.02,11.09,11.15,,11.02,,,37600,412257.0,234,F1,1,,,,,,2025-05-13
2025-05-13,2025-05-13,CM,BSE,STK,540403,INE201M01029,CLEDUCATE,B,,,,,CL Educate Limited,92.99,93.86,87.65,91.04,92.07,85.78,,92.2,,,8489,775658.0,369,F1,1,,,,,,2025-05-13
2025-05-13,2025-05-13,CM,BSE,STK,540404,INE442V01012,PRIMEFRESH,MT,,,,,PRIME FRESH LIMITED,158.25,158.25,155.05,155.05,155.05,158.2,,155.05,,,3750,586237.0,5,F1,750,,,,,,2025-05-13
2025-05-13,2025-05-13,CM,BSE,STK,540405,INE711V01010,OCEANIC,X,,,,,Oceanic Foods Limited,43.0,43.0,41.6,41.73,41.6,41.81,,41.73,,,2422,101670.0,12,F1,1,,,,,,2025-05-13
2025-05-13,2025-05-13,CM,BSE,STK,540425,INE274V01019,SHANKARA,B,,,,,Shankara Building Products Lim,718.9,732.05,703.55,706.05,706.1,728.15,,706.85,,,9763,7001755.0,926,F1,1,,,,,,2025-05-13
2025-05-13,2025-05-13,CM,BSE,STK,540455,INE953W01016,ESCORP,T,,,,,Escorp Asset Management Limite,81.02,81.02,79.0,80.69,80.5,77.17,,80.69,,,16806,1359233.0,36,F1,1,,,,,,2025-05-13
2025-05-13,2025-05-13,CM,BSE,STK,540467,INE808R01012,PARMSILK,X,,,,,PARMESHWARI SILK MILLS LIMITED,25.92,25.92,25.92,25.92,25.92,21.6,,25.92,,,150,3888.0,1,F1,1,,,,,,2025-05-13
2025-05-13,2025-05-13,CM,BSE,STK,540481,INE949C01016,CLFL,X,,,,,Classic Leasing & Finance Ltd.,25.84,27.2,25.84,27.2,27.2,27.2,,27.2,,,3990,107856.0,10,F1,1,,,,,,2025-05-13
2025-05-13,2025-05-13,CM,BSE,STK,540492,INE594W01042,STARLENT,T,,,,,STARLINEPS ENTERPRISES LIMITED,7.09,7.39,7.06,7.15,7.15,7.09,,7.15,,,107868,774716.0,327,F1,1,,,,,,2025-05-13
2025-05-13,2025-05-13,CM,BSE,STK,540497,INE807K01035,SCHAND,B,,,,,S Chand And Company Limited,205.05,228.95,205.05,227.1,227.9,208.6,,226.82,,,21736,4840988.0,2152,F1,1,,,,,,2025-05-13
2025-05-13,2025-05-13,CM,BSE,STK,540515,INE453S01015,KANUNGO,X,,,,,KANUNGO FINANCIERS LIMITED,9.17,9.17,9.15,9.15,9.15,8.34,,9.15,,,2,18.0,2,F1,1,,,,,,2025-05-13
2025-05-13,2025-05-13,CM,BSE,STK,540519,INE343X01018,MEERA,B,,,,,Meera Industries Limited,60.33,62.6,60.0,62.31,62.5,60.33,,62.31,,,5638,347376.0,111,F1,1,,,,,,2025-05-13
2025-05-13,2025-05-13,CM,BSE,STK,540526,INE183W23014,IRBINVIT,IF,,,,,IRB InvIT Fund,54.7,54.84,53.7,54.03,54.15,56.04,,54.05,,,158285,8590128.0,700,F1,1,,,,,,2025-05-13
2025-05-13,2025-05-13,CM,BSE,STK,540530,INE031A01017,HUDCO,A,,,,,Housing &Urban Development Cor,224.35,226.0,219.0,220.7,220.7,224.55,,220.48,,,441452,98371005.0,6230,F1,1,,,,,,2025-05-13
2025-05-13,2025-05-13,CM,BSE,STK,540544,INE488V01015,PSPPROJECT,B,,,,,PSP Projects Limited,639.25,641.2,635.85,638.65,637.65,639.25,,638.25,,,1247,794826.0,113,F1,1,,,,,,2025-05-13
2025-05-13,2025-05-13,CM,BSE,STK,540545,INE986W01016,BGJL,X,,,,,Bhakti Gems And Jewellery Limi,11.31,11.76,11.31,11.55,11.55,11.23,,11.55,,,3759,42964.0,27,F1,1,,,,,,2025-05-13
2025-05-13,2025-05-13,CM,BSE,STK,540565,INE219X23014,INDIGRID,IF,,,,,IndiGrid Infrastructure Trust,149.1,149.1,148.0,148.11,148.11,148.1,,148.1,,,4966,736046.0,244,F1,1,,,,,,2025-05-13
2025-05-13,2025-05-13,CM,BSE,STK,540570,INE717F01028,VARIMAN,X,,,,,VARIMAN GLOBAL ENTERPRISES LIM,9.13,9.13,8.5,8.67,8.67,8.9,,8.67,,,114924,997747.0,227,F1,1,,,,,,2025-05-13
2025-05-13,2025-05-13,CM,BSE,STK,540575,INE460H01021,STARCEMENT,A,,,,,Star Cement Limited,217.2,223.5,216.5,222.55,222.0,219.3,,222.57,,,21018,4631444.0,514,F1,1,,,,,,2025-05-13
2025-05-13,2025-05-13,CM,BSE,STK,540590,INE325X01015,RIDDHICORP,X,,,,,Riddhi Corporate Services Limi,60.95,61.98,58.0,58.51,58.51,60.95,,58.51,,,4955,291917.0,99,F1,1,,,,,,2025-05-13
2025-05-13,2025-05-13,CM,BSE,STK,540595,INE010J01012,TEJASNET,A,,,,,Tejas Networks Limited,705.6,719.9,695.95,713.35,713.35,702.8,,713.4,,,163021,115863024.0,4028,F1,1,,,,,,2025-05-13
2025-05-13,2025-05-13,CM,BSE,STK,540596,INE406M01024,ERIS,A,,,,,Eris Lifesciences Limited,1398.0,1473.7,1398.0,1449.25,1443.9,1402.05,,1444.9,,,11519,16716579.0,1461,F1,1,,,,,,2025-05-13
2025-05-13,2025-05-13,CM,BSE,STK,540597,INE319U01022,CONTAINER,XT,,,,,Containerway International Lim,47.06,47.06,47.06,47.06,47.06,48.02,,47.06,,,189,8894.0,6,F1,1,,,,,,2025-05-13
2025-05-13,2025-05-13,CM,BSE,STK,540602,INE869I01013,GTPL,B,,,,,GTPL Hathway Limited,106.0,107.35,106.0,107.0,107.0,106.25,,106.38,,,658,70217.0,31,F1,1,,,,,,2025-05-13
2025-05-13,2025-05-13,CM,BSE,STK,540611,INE949L01017,AUBANK,A,,,,,AU Small Finance Bank Limited,702.6,703.4,696.0,699.55,700.0,703.55,,699.75,,,20608,14412896.0,1132,F1,1,,,,,,2025-05-13
2025-05-13,2025-05-13,CM,BSE,STK,540612,INF109KC19U5,LOWVOLIETF,B,,,,,ICICI Prudential Nifty Low Vol,21.47,21.8,21.35,21.62,21.35,21.53,,21.54,,,76470,1644496.0,276,F1,1,,,,,,2025-05-13
2025-05-13,2025-05-13,CM,BSE,STK,540613,INE721X01015,GEL,M,,,,,Gautam Exim Limited,116.3,121.0,115.65,121.0,121.0,120.5,,121.0,,,6000,710175.0,4,F1,1500,,,,,,2025-05-13
2025-05-13,2025-05-13,CM,BSE,STK,540614,INE694X01030,GGENG,T,,,,,G G Engineering Limited,0.66,0.67,0.65,0.67,0.67,0.64,,0.67,,,11861725,7918724.0,3714,F1,1,,,,,,2025-05-13
2025-05-13,2025-05-13,CM,BSE,STK,540615,INE413X01035,7NR,X,,,,,7NR Retail Limited,4.45,4.68,4.12,4.52,4.56,4.36,,4.52,,,17678,77773.0,86,F1,1,,,,,,2025-05-13
2025-05-13,2025-05-13,CM,BSE,STK,540642,INE170V01027,SALASAR,A,,,,,Salasar Techno Engineering Lim,8.67,8.9,8.53,8.69,8.72,8.67,,8.68,,,1304179,11336002.0,1854,F1,1,,,,,,2025-05-13
2025-05-13,2025-05-13,CM,BSE,STK,540647,INE335W01016,GANGESSECU,B,,,,,Ganges Securities Ltd.,153.5,153.5,151.2,152.75,153.05,151.7,,152.81,,,49,7489.0,22,F1,1,,,,,,2025-05-13
2025-05-13,2025-05-13,CM,BSE,STK,540648,INE471W01019,PALASHSECU,B,,,,,Palash Securities Limited,123.65,125.25,121.35,121.95,121.95,123.85,,122.44,,,1698,208872.0,81,F1,1,,,,,,2025-05-13
2025-05-13,2025-05-13,CM,BSE,STK,540649,INE349W01017,AVADHSUGAR,B,,,,,AVADH SUGAR & ENERGY LIMITED,567.9,573.15,550.0,557.7,558.75,553.4,,557.85,,,5130,2876068.0,743,F1,1,,,,,,2025-05-13
2025-05-13,2025-05-13,CM,BSE,STK,540650,INE347W01011,MAGADSUGAR,B,,,,,Magadh Sugar & Energy Limited,698.25,814.0,698.15,769.95,769.95,688.2,,773.0,,,7799,5989229.0,728,F1,1,,,,,,2025-05-13
2025-05-13,2025-05-13,CM,BSE,STK,540654,INE632W01016,GSTL,XT,,,,,GlobalSpace Technologies Limit,16.73,16.93,15.98,16.76,16.79,16.46,,16.76,,,5187,85368.0,55,F1,1,,,,,,2025-05-13
2025-05-13,2025-05-13,CM,BSE,STK,540669,INF789F1AUW9,UTINEXT50,B,,,,,UTI Mutual Fund,69.01,69.99,68.96,69.37,69.99,69.2,,69.49,,,591,41225.0,30,F1,1,,,,,,2025-05-13
2025-05-13,2025-05-13,CM,BSE,STK,540673,INE285J01028,SIS,B,,,,,SIS LIMITED,333.0,335.15,329.4,331.0,329.4,331.45,,330.35,,,5232,1732920.0,201,F1,1,,,,,,2025-05-13
2025-05-13,2025-05-13,CM,BSE,STK,540678,INE704P01025,COCHINSHIP,A,,,,,Cochin Shipyard Limited,1538.6,1591.1,1534.1,1577.2,1577.2,1521.05,,1577.0,,,390190,613271450.0,17138,F1,1,,,,,,2025-05-13
2025-05-13,2025-05-13,CM,BSE,STK,540679,INE320X01016,SMSLIFE,B,,,,,SMS Lifesciences India Ltd,1383.05,1460.0,1365.0,1456.85,1460.0,1380.85,,1453.3,,,635,907164.0,106,F1,1,,,,,,2025-05-13
2025-05-13,2025-05-13,CM,BSE,STK,540680,INE880L01014,KIOCL,A,,,,,KIOCL Limited,251.05,256.65,250.95,253.75,254.55,253.6,,252.7,,,5927,1505321.0,284,F1,1,,,,,,2025-05-13
2025-05-13,2025-05-13,CM,BSE,STK,540681,INE344X01016,CHOTHANI,MT,,,,,CHOTHANI FOODS LIMITED,24.1,24.1,24.1,24.1,24.1,24.23,,24.1,,,5000,120500.0,1,F1,5000,,,,,,2025-05-13
2025-05-13,2025-05-13,CM,BSE,STK,540686,INE172E01011,SMRUTHIORG,X,,,,,Smruthi Organics Limited,117.9,119.85,116.0,116.9,116.65,117.0,,116.9,,,1504,176038.0,17,F1,1,,,,,,2025-05-13
2025-05-13,2025-05-13,CM,BSE,STK,540691,INE674K01013,ABCAPITAL,A,,,,,Aditya Birla Capital Ltd,204.55,210.0,201.45,204.35,204.35,205.55,,204.86,,,466285,96051567.0,5167,F1,1,,,,,,2025-05-13
2025-05-13,2025-05-13,CM,BSE,STK,540692,INE346W01013,APEX,B,,,,,Apex Frozen Foods Limited,213.95,217.0,211.05,216.15,215.9,214.5,,216.38,,,3343,718309.0,129,F1,1,,,,,,2025-05-13
2025-05-13,2025-05-13,CM,BSE,STK,540693,INE145Y01023,SHISHIND,T,,,,,Shish Industries Limited,8.18,8.56,8.15,8.3,8.3,8.18,,8.3,,,43816,366276.0,285,F1,1,,,,,,2025-05-13
2025-05-13,2025-05-13,CM,BSE,STK,540694,INE236W01016,ANG,T,,,,,ANG Lifesciences India Limited,26.98,27.0,26.0,26.98,26.98,26.11,,26.98,,,928,24774.0,37,F1,1,,,,,,2025-05-13
2025-05-13,2025-05-13,CM,BSE,STK,540696,INE185U01035,KCDGROUP,X,,,,,KCD INDUSTRIES INDIA LIMITED,6.39,6.39,5.75,6.11,6.13,6.14,,6.11,,,18198,110668.0,132,F1,1,,,,,,2025-05-13
2025-05-13,2025-05-13,CM,BSE,STK,540699,INE935N01020,DIXON,A,,,,,Dixon Technologies (India) Lim,16067.15,16501.15,16051.7,16222.65,16222.65,16066.7,,16219.0,,,18556,302909777.0,5309,F1,1,,,,,,2025-05-13
2025-05-13,2025-05-13,CM,BSE,STK,540700,INE727S01012,BRNL,T,,,,,Bharat Road Network Limited,21.52,23.54,21.52,23.4,23.4,22.42,,23.36,,,45394,1063117.0,198,F1,1,,,,,,2025-05-13
2025-05-13,2025-05-13,CM,BSE,STK,540701,INE385W01011,DCAL,B,,,,,Dishman Carbogen Amcis Limited,197.0,215.0,196.0,208.55,208.1,195.6,,208.65,,,80408,16835876.0,2353,F1,1,,,,,,2025-05-13
2025-05-13,2025-05-13,CM,BSE,STK,540702,INE670X01014,LASA,B,,,,,Lasa Supergenerics Limited,17.99,18.46,17.82,18.11,18.4,17.16,,18.24,,,2380,42890.0,49,F1,1,,,,,,2025-05-13
2025-05-13,2025-05-13,CM,BSE,STK,540703,INE438C01010,PROCLB,XT,,,,,PRO CLB GLOBAL LIMITED,25.63,26.67,25.63,26.67,26.67,26.15,,26.67,,,12165,312508.0,25,F1,1,,,,,,2025-05-13
2025-05-13,2025-05-13,CM,BSE,STK,540704,INE866R01028,MATRIMONY,B,,,,,Matrimony.com Limited,510.85,515.4,506.0,508.15,508.5,509.35,,507.5,,,730,372307.0,92,F1,1,,,,,,2025-05-13
2025-05-13,2025-05-13,CM,BSE,STK,540709,INE217K01011,RHFL,B,,,,,Reliance Home Finance Limited,3.28,3.38,3.25,3.3,3.3,3.28,,3.29,,,866518,2873527.0,708,F1,1,,,,,,2025-05-13
2025-05-13,2025-05-13,CM,BSE,STK,540710,INE264T01014,CAPACITE,A,,,,,Capacit'e Infraprojects Limite,360.65,363.5,353.85,359.25,358.7,357.95,,359.35,,,21906,7903520.0,755,F1,1,,,,,,2025-05-13
2025-05-13,2025-05-13,CM,BSE,STK,540716,INE765G01017,ICICIGI,A,,,,,ICICI Lombard General Insuranc,1842.15,1874.0,1823.55,1867.8,1869.8,1832.05,,1866.5,,,4515,8403149.0,946,F1,1,,,,,,2025-05-13
2025-05-13,2025-05-13,CM,BSE,STK,540717,INE689M01025,PQIF,B,,,,,Polo Queen Industrial and Fint,68.5,69.07,67.0,68.94,69.07,65.79,,68.94,,,35925,2466640.0,456,F1,1,,,,,,2025-05-13
2025-05-13,2025-05-13,CM,BSE,STK,540718,INE777X01017,AAYUSHBULL,M,,,,,AAYUSH ART AND BULLION LIMITED,829.0,829.0,818.0,824.9,824.9,831.05,,824.9,,,2750,2260825.0,9,F1,250,,,,,,2025-05-13
2025-05-13,2025-05-13,CM,BSE,STK,540719,INE123W01016,SBILIFE,A,,,,,SBI Life Insurance Company Lim,1729.15,1755.95,1729.15,1739.8,1747.55,1748.35,,1740.0,,,6308,10994468.0,712,F1,1,,,,,,2025-05-13
2025-05-13,2025-05-13,CM,BSE,STK,540724,INE393P01035,DIAMONDYD,B,,,,,Prataap Snacks Limited,1125.75,1186.0,1125.75,1177.7,1186.0,1128.25,,1178.2,,,6490,7552214.0,583,F1,1,,,,,,2025-05-13
2025-05-13,2025-05-13,CM,BSE,STK,540725,INE932X01026,SHAREINDIA,B,,,,,Share India Securities Limited,155.8,157.15,155.0,156.0,155.9,155.5,,155.96,,,30246,4707355.0,477,F1,1,,,,,,2025-05-13
2025-05-13,2025-05-13,CM,BSE,STK,540726,INE071Y01013,TTFL,T,,,,,Trident Texofab Limited,193.1,193.1,192.15,193.0,193.0,193.1,,193.0,,,6407,1236226.0,24,F1,1,,,,,,2025-05-13
2025-05-13,2025-05-13,CM,BSE,STK,540727,INE973X01012,POOJA,B,,,,,Poojawestern Metaliks Limited,27.1,27.44,26.1,27.1,27.43,26.72,,27.1,,,5706,155344.0,79,F1,1,,,,,,2025-05-13
2025-05-13,2025-05-13,CM,BSE,STK,540728,INE327G01032,SAYAJIIND,X,,,,,Sayaji Industries Limited,309.55,309.55,297.95,298.0,298.0,294.9,,298.0,,,27,8334.0,4,F1,1,,,,,,2025-05-13
2025-05-13,2025-05-13,CM,BSE,STK,540729,INE695X01011,VANTABIO,MT,,,,,Vanta Bioscience Limited,20.03,20.03,20.03,20.03,20.03,19.08,,20.03,,,750,15022.0,1,F1,750,,,,,,2025-05-13
2025-05-13,2025-05-13,CM,BSE,STK,540730,INE062Y01020,MEHAI,XT,,,,,Mehai Technology  Limited,22.25,22.25,22.25,22.25,22.25,21.82,,22.25,,,140001,3115022.0,177,F1,1,,,,,,2025-05-13
2025-05-13,2025-05-13,CM,BSE,STK,540735,INE864K01010,IRIS,T,,,,,IRIS Business Services Limited,284.75,285.0,284.75,285.0,285.0,271.45,,286.4,,,156,44446.0,3,F1,1,,,,,,2025-05-13
2025-05-13,2025-05-13,CM,BSE,STK,540737,INE414Y01015,SGRL,B,,,,,Shree Ganesh Remedies Limited,731.95,762.0,731.95,756.45,762.0,743.95,,756.45,,,2273,1694257.0,138,F1,1,,,,,,2025-05-13
2025-05-13,2025-05-13,CM,BSE,STK,540738,INE402Y01028,STL,B,,,,,Shreeji Translogistics Limited,12.16,12.56,12.15,12.41,12.45,12.2,,12.41,,,22476,277738.0,197,F1,1,,,,,,2025-05-13
2025-05-13,2025-05-13,CM,BSE,STK,540743,INE850D01014,GODREJAGRO,A,,,,,Godrej Agrovet Limited,723.9,729.4,718.0,728.0,727.1,717.3,,728.05,,,21473,15544575.0,865,F1,1,,,,,,2025-05-13
2025-05-13,2025-05-13,CM,BSE,STK,540749,INE348L01012,MASFIN,B,,,,,MAS Financial Services Limited,269.15,273.9,264.1,267.5,268.0,268.55,,266.65,,,24109,6500679.0,1407,F1,1,,,,,,2025-05-13
2025-05-13,2025-05-13,CM,BSE,STK,540750,INE022Q01020,IEX,A,,,,,Indian Energy Exchange Limited,195.3,195.7,193.35,194.6,194.6,194.95,,194.79,,,201099,39144923.0,4064,F1,1,,,,,,2025-05-13
2025-05-13,2025-05-13,CM,BSE,STK,540755,INE481Y01014,GICRE,A,,,,,General Insurance Corporation,412.5,420.75,410.5,416.05,417.55,413.85,,416.1,,,13808,5747499.0,643,F1,1,,,,,,2025-05-13
2025-05-13,2025-05-13,CM,BSE,STK,540757,INE501Y01019,SCPL,B,,,,,SHEETAL COOL PRODUCTS LIMITED,314.3,318.5,310.0,311.45,310.05,312.05,,311.8,,,1996,624076.0,255,F1,1,,,,,,2025-05-13
2025-05-13,2025-05-13,CM,BSE,STK,540762,INE974X01010,TIINDIA,A,,,,,Tube Investments of India Ltd,2962.6,3038.1,2962.6,2991.75,2991.75,2959.35,,2993.9,,,7304,21933515.0,1649,F1,1,,,,,,2025-05-13
2025-05-13,2025-05-13,CM,BSE,STK,540767,INE298J01013,NAM-INDIA,A,,,,,NIPPON LIFE INDIA ASSET MANAGE,672.0,720.0,665.8,706.85,706.85,672.7,,705.0,,,117175,81707844.0,5348,F1,1,,,,,,2025-05-13
2025-05-13,2025-05-13,CM,BSE,STK,540768,INE766P01016,MAHLOG,B,,,,,Mahindra Logistics Limited,307.45,309.0,301.65,304.9,304.9,307.4,,304.45,,,9915,3042243.0,451,F1,1,,,,,,2025-05-13
2025-05-13,2025-05-13,CM,BSE,STK,540769,INE470Y01017,NIACL,A,,,,,The New India Assurance Compan,167.4,174.0,167.4,173.25,173.25,168.8,,173.3,,,46012,7863399.0,1140,F1,1,,,,,,2025-05-13
2025-05-13,2025-05-13,CM,BSE,STK,540774,INE133Y01011,IFGLEXPOR,B,,,,,IFGL Refractories Limited,448.95,474.0,435.55,458.65,464.0,440.6,,459.45,,,7641,3443345.0,799,F1,1,,,,,,2025-05-13
2025-05-13,2025-05-13,CM,BSE,STK,540775,INE834I01025,KHADIM,B,,,,,Khadim India Limited,279.85,290.0,279.55,283.95,283.6,279.85,,285.4,,,907,259311.0,119,F1,1,,,,,,2025-05-13
2025-05-13,2025-05-13,CM,BSE,STK,540776,INE618L01018,5PAISA,B,,,,,5paisa Capital Limited,370.3,383.2,369.7,381.15,383.2,369.2,,381.25,,,1321,497275.0,182,F1,1,,,,,,2025-05-13
2025-05-13,2025-05-13,CM,BSE,STK,540777,INE795G01014,HDFCLIFE,A,,,,,HDFC LIFE INSURANCE COMPANY LI,735.5,742.55,732.0,735.1,735.1,734.65,,735.05,,,417497,307133055.0,2238,F1,1,,,,,,2025-05-13
2025-05-13,2025-05-13,CM,BSE,STK,540786,INE669Y01022,SHARIKA,B,,,,,SHARIKA ENTERPRISES LIMITED,19.4,19.4,17.22,17.63,17.58,18.16,,17.63,,,91649,1618069.0,319,F1,1,,,,,,2025-05-13
2025-05-13,2025-05-13,CM,BSE,STK,540787,INF109KB15Y7,ICICIB22,A,,,,,ICICI Prudential Mutual Fund,108.1,108.6,107.2,107.36,107.51,108.03,,107.4,,,29134,3135472.0,514,F1,1,,,,,,2025-05-13
2025-05-13,2025-05-13,CM,BSE,STK,540788,INE500C01017,ASPIRA,XT,,,,,Aspira Pathlab & Diagnostics L,60.52,62.0,58.7,59.5,59.5,61.75,,59.5,,,2957,174887.0,31,F1,1,,,,,,2025-05-13
2025-05-13,2025-05-13,CM,BSE,STK,540789,INE016M01021,DNAMEDIA,B,,,,,Diligent Media Corporation Lim,5.48,5.48,4.84,4.99,4.99,4.92,,4.92,,,754,3770.0,20,F1,1,,,,,,2025-05-13
2025-05-13,2025-05-13,CM,BSE,STK,540795,INE600Y01019,DYCL,B,,,,,Dynamic Cables Limited,623.85,735.1,611.0,735.1,735.1,612.6,,733.8,,,132913,90790069.0,5280,F1,1,,,,,,2025-05-13
2025-05-13,2025-05-13,CM,BSE,STK,540796,INE821Y01011,RATNABHUMI,B,,,,,Ratnabhumi Developers Limited,96.6,96.6,96.6,96.6,96.6,96.6,,96.6,,,1,96.0,1,F1,1,,,,,,2025-05-13
2025-05-13,2025-05-13,CM,BSE,STK,540797,INE597J01018,SHALBY,B,,,,,Shalby Limited,189.2,192.75,187.75,191.6,191.95,187.85,,190.79,,,4264,813714.0,185,F1,1,,,,,,2025-05-13
2025-05-13,2025-05-13,CM,BSE,STK,540798,INE935Q01015,FSC,Z,,,,,Future Supply Chain Solutions,2.02,2.07,1.98,2.05,2.05,2.02,,2.03,,,9349,19086.0,24,F1,1,,,,,,2025-05-13
2025-05-13,2025-05-13,CM,BSE,STK,540809,INE333Y01017,MRCAGRO,T,,,,,MRC AGROTECH LIMITED,14.32,14.33,14.32,14.33,14.33,13.65,,14.33,,,96233,1378841.0,74,F1,1,,,,,,2025-05-13
2025-05-13,2025-05-13,CM,BSE,STK,540811,INE158R01012,DML,M,,,,,Diggi Multitrade Limited,16.06,18.7,15.93,18.7,18.7,19.91,,18.7,,,25000,427200.0,4,F1,5000,,,,,,2025-05-13
2025-05-13,2025-05-13,CM,BSE,STK,540821,INE994R01028,SADHNA,XT,,,,,SADHNA BROADCAST LTD,2.64,2.82,2.58,2.73,2.74,2.69,,2.73,,,60446,163807.0,133,F1,1,,,,,,2025-05-13
2025-05-13,2025-05-13,CM,BSE,STK,540829,INE371F01016,CHANDRIMA,XT,,,,,Chandrima Mercantiles limited,44.74,45.0,43.75,45.0,45.0,44.74,,45.0,,,2335,104033.0,17,F1,1,,,,,,2025-05-13
2025-05-13,2025-05-13,CM,BSE,STK,540850,INE841Y01019,JFL,MT,,,,,Jhandewalas Foods Limited,42.01,42.01,42.01,42.01,42.01,43.75,,42.01,,,2000,84020.0,1,F1,1000,,,,,,2025-05-13
2025-05-13,2025-05-13,CM,BSE,STK,540874,INE454F01010,7SEASL,X,,,,,7SEAS ENTERTAINMENT LIMITED,72.5,73.5,69.51,70.66,70.5,73.63,,70.66,,,4358,309404.0,49,F1,1,,,,,,2025-05-13
2025-05-13,2025-05-13,CM,BSE,STK,540879,INE713T01028,APOLLO,B,,,,,Apollo Micro Systems Limited,127.8,135.3,127.0,133.15,133.15,127.65,,133.12,,,810267,107201018.0,5890,F1,1,,,,,,2025-05-13
2025-05-13,2025-05-13,CM,BSE,STK,540900,INE619B01017,NEWGEN,A,,,,,Newgen Software Technologies L,1119.8,1159.9,1119.8,1152.85,1152.85,1118.2,,1153.6,,,69026,78829153.0,4766,F1,1,,,,,,2025-05-13
2025-05-13,2025-05-13,CM,BSE,STK,540901,INE546Y01022,PRAXIS,B,,,,,Praxis Home Retail Limited,10.0,10.12,9.82,10.05,10.1,9.64,,10.03,,,707774,7113789.0,423,F1,1,,,,,,2025-05-13
2025-05-13,2025-05-13,CM,BSE,STK,540902,INE371P01015,AMBER,A,,,,,Amber Enterprises India Limite,6249.8,6323.0,6200.0,6212.45,6201.0,6238.4,,6214.5,,,14985,93770717.0,2652,F1,1,,,,,,2025-05-13
2025-05-13,2025-05-13,CM,BSE,STK,540914,INE425C01017,SRUSTEELS,XT,,,,,SRU Steels Limited,4.11,4.2,3.9,3.96,3.96,4.03,,3.96,,,108822,445443.0,198,F1,1,,,,,,2025-05-13
2025-05-13,2025-05-13,CM,BSE,STK,540923,INE760Y01011,ASHOKAMET,B,,,,,Ashoka Metcast Limited,18.4,18.4,17.61,17.87,17.61,17.76,,17.8,,,1432,25371.0,99,F1,1,,,,,,2025-05-13
2025-05-13,2025-05-13,CM,BSE,STK,540935,INE600K01018,GALAXYSURF,A,,,,,Galaxy Surfactants Limited,2174.3,2253.2,2174.25,2220.7,2212.9,2174.15,,2216.0,,,1928,4262297.0,426,F1,1,,,,,,2025-05-13
2025-05-13,2025-05-13,CM,BSE,STK,540936,INE063Z01017,GGL,B,,,,,Gautam Gems Limited,4.82,4.82,4.35,4.59,4.59,4.49,,4.59,,,20045,91199.0,63,F1,1,,,,,,2025-05-13
2025-05-13,2025-05-13,CM,BSE,STK,540937,INE630Y01024,MEDICO,B,,,,,MEDICO REMEDIES LIMITED,53.86,55.24,53.47,54.87,54.42,54.7,,54.89,,,17990,979807.0,249,F1,1,,,,,,2025-05-13
2025-05-13,2025-05-13,CM,BSE,STK,540938,INE578V01013,GUJHYSPIN,M,,,,,Gujarat Hy-Spin Limited,19.85,21.15,19.85,20.9,20.9,21.25,,20.9,,,15000,309500.0,3,F1,5000,,,,,,2025-05-13
2025-05-13,2025-05-13,CM,BSE,STK,540952,INE740X01023,LAL,B,,,,,LORENZINI APPARELS LIMITED,9.87,9.87,9.87,9.87,9.87,9.4,,9.89,,,14961,147665.0,15,F1,1,,,,,,2025-05-13
2025-05-13,2025-05-13,CM,BSE,STK,540953,INE923Y01023,KENVI,B,,,,,Kenvi Jewels Limited,3.22,3.26,3.03,3.22,3.22,3.2,,3.22,,,121979,386722.0,292,F1,1,,,,,,2025-05-13
2025-05-13,2025-05-13,CM,BSE,STK,540954,INE586E01020,IWP,X,,,,,The Indian Wood Products Co. L,34.49,36.0,33.01,35.63,35.69,34.31,,35.63,,,17170,608578.0,129,F1,1,,,,,,2025-05-13
2025-05-13,2025-05-13,CM,BSE,STK,540955,INE773Y01014,TDSL,B,,,,,Tasty Dairy Specialities Limit,9.8,9.8,8.51,9.09,9.1,9.11,,9.09,,,11765,106946.0,105,F1,1,,,,,,2025-05-13
2025-05-13,2025-05-13,CM,BSE,STK,540956,INE341Z01025,BHATIA,B,,,,,Bhatia Communications & Retail,22.61,23.9,22.61,23.22,23.29,23.03,,23.22,,,14673,341622.0,169,F1,1,,,,,,2025-05-13
2025-05-13,2025-05-13,CM,BSE,STK,540961,INE644Y01017,SHIVAMILLS,B,,,,,Shiva Mills Limited,78.15,78.68,75.95,76.31,76.33,77.5,,76.23,,,1563,120031.0,73,F1,1,,,,,,2025-05-13
2025-05-13,2025-05-13,CM,BSE,STK,540975,INE914M01019,ASTERDM,A,,,,,Aster DM Healthcare Limited,548.1,553.9,544.1,550.05,551.0,548.1,,550.1,,,20396,11202244.0,908,F1,1,,,,,,2025-05-13
2025-05-13,2025-05-13,CM,BSE,STK,540980,INE868X01014,YSL,X,,,,,The Yamuna Syndicate Ltd,37999.0,38000.0,37828.0,37999.0,37999.0,36854.85,,37999.0,,,11,417479.0,11,F1,1,,,,,,2025-05-13
2025-05-13,2025-05-13,CM,BSE,STK,541005,INE398L01017,KANCOTEA,X,,,,,KANCO TEA & INDUSTRIES LIMITED,67.5,69.0,67.12,68.11,67.7,67.91,,68.11,,,271,18428.0,11,F1,1,,,,,,2025-05-13
2025-05-13,2025-05-13,CM,BSE,STK,541019,INE926X01010,HGINFRA,A,,,,,H.G. Infra Engineering Limited,1133.95,1154.45,1128.85,1143.2,1143.8,1134.3,,1142.6,,,10059,11490538.0,709,F1,1,,,,,,2025-05-13
2025-05-13,2025-05-13,CM,BSE,STK,541083,INE464Z01017,INFLAME,MT,,,,,Inflame Appliances Limited,188.3,188.3,185.0,185.0,185.0,188.3,,185.0,,,4000,750200.0,11,F1,250,,,,,,2025-05-13
2025-05-13,2025-05-13,CM,BSE,STK,541096,INE365Y01019,BPLPHARMA,XT,,,,,Bharat Parenterals Limited,1067.55,1067.55,1046.2,1046.2,1046.2,1067.55,,1046.2,,,4808,5036258.0,28,F1,1,,,,,,2025-05-13
2025-05-13,2025-05-13,CM,BSE,STK,541097,INF740KA1EU7,LIQUIDETF,F,,,,,DSP BlackRock Mutual Fund,999.99,1000.01,999.99,999.99,999.99,999.99,,999.99,,,8684,8683997.0,31,F1,1,,,,,,2025-05-13
2025-05-13,2025-05-13,CM,BSE,STK,541112,INE452Z01012,SHREESHAY,MT,,,,,Shreeshay Engineers Limited,31.13,32.68,31.13,32.68,32.68,31.13,,32.68,,,4000,127620.0,2,F1,2000,,,,,,2025-05-13
2025-05-13,2025-05-13,CM,BSE,STK,541143,INE171Z01026,BDL,A,,,,,Bharat Dynamics Limited,1579.0,1768.5,1549.2,1744.85,1744.85,1569.7,,1746.6,,,1323245,2262793629.0,45244,F1,1,,,,,,2025-05-13
2025-05-13,2025-05-13,CM,BSE,STK,541144,INE380Z01015,ACTIVE,B,,,,,Active Clothing Co  Limited,93.6,98.5,93.6,97.6,98.5,93.69,,97.6,,,17775,1722433.0,310,F1,1,,,,,,2025-05-13
2025-05-13,2025-05-13,CM,BSE,STK,541152,INE705X01026,GOYALALUM,B,,,,,GOYAL ALUMINIUMS LIMITED,8.34,8.42,8.15,8.28,8.21,8.0,,8.23,,,10368,86239.0,111,F1,1,,,,,,2025-05-13
2025-05-13,2025-05-13,CM,BSE,STK,541153,INE545U01014,BANDHANBNK,A,,,,,Bandhan Bank Limited,164.3,165.55,162.1,162.4,162.4,163.55,,162.38,,,104901,17158771.0,1337,F1,1,,,,,,2025-05-13
2025-05-13,2025-05-13,CM,BSE,STK,541154,INE066F01020,HAL,A,,,,,Hindustan Aeronautics Limited,4460.0,4648.9,4460.0,4609.05,4609.05,4439.7,,4609.8,,,339751,1558107915.0,28104,F1,1,,,,,,2025-05-13
2025-05-13,2025-05-13,CM,BSE,STK,541161,INE278R01034,KBCGLOBAL,B,,,,,KBC GLOBAL LIMITED,0.37,0.37,0.34,0.36,0.36,0.37,,0.36,,,29289288,10452271.0,1152,F1,1,,,,,,2025-05-13
2025-05-13,2025-05-13,CM,BSE,STK,541163,INE278H01035,SANDHAR,B,,,,,Sandhar Technologies Limited,392.55,398.0,389.0,394.55,396.25,388.85,,395.0,,,5855,2309900.0,516,F1,1,,,,,,2025-05-13
2025-05-13,2025-05-13,CM,BSE,STK,541167,INE616Z01012,YASHO,B,,,,,YASHO INDUSTRIES LIMITED,1817.95,1818.0,1770.75,1811.7,1813.35,1788.4,,1812.1,,,1330,2389591.0,328,F1,1,,,,,,2025-05-13
2025-05-13,2025-05-13,CM,BSE,STK,541195,INE099Z01011,MIDHANI,A,,,,,Mishra Dhatu Nigam Limited,330.0,346.15,326.65,341.3,341.3,329.95,,341.35,,,124593,42258008.0,3358,F1,1,,,,,,2025-05-13
2025-05-13,2025-05-13,CM,BSE,STK,541206,INE426Z01016,OBCL,B,,,,,Orissa Bengal Carrier Limited,56.0,57.25,54.28,55.5,55.5,56.5,,55.0,,,1817,99803.0,76,F1,1,,,,,,2025-05-13
2025-05-13,2025-05-13,CM,BSE,STK,541228,INE459Z01017,TRL,T,,,,,Taylormade Renewables Limited,289.5,289.5,275.6,281.65,284.7,290.1,,281.65,,,27740,7730366.0,391,F1,1,,,,,,2025-05-13
2025-05-13,2025-05-13,CM,BSE,STK,541233,INE970X01018,LEMONTREE,A,,,,,Lemon Tree Hotels Limited,137.65,140.0,136.85,138.85,138.95,137.95,,138.84,,,42474,5886469.0,629,F1,1,,,,,,2025-05-13
2025-05-13,2025-05-13,CM,BSE,STK,541269,INE783X01023,CHEMFAB,B,,,,,Chemfab Alkalis Ltd,831.3,837.85,818.0,818.95,832.3,831.45,,827.5,,,154,127836.0,30,F1,1,,,,,,2025-05-13
2025-05-13,2025-05-13,CM,BSE,STK,541276,INE626Z01029,HARDWYN,T,,,,,HARDWYN INDIA LIMITED,14.12,14.12,14.0,14.12,14.12,13.85,,14.12,,,231888,3274131.0,49,F1,1,,,,,,2025-05-13
2025-05-13,2025-05-13,CM,BSE,STK,541301,INE142Z01019,ORIENTELEC,A,,,,,Orient Electric Limited,241.65,247.3,241.6,244.75,245.2,241.7,,245.6,,,7768,1899165.0,475,F1,1,,,,,,2025-05-13
2025-05-13,2025-05-13,CM,BSE,STK,541302,INE506Z01015,DHRUV,T,,,,,Dhruv Consultancy Services Lim,62.0,64.93,61.84,64.93,64.93,61.84,,66.55,,,1313,85121.0,9,F1,1,,,,,,2025-05-13
2025-05-13,2025-05-13,CM,BSE,STK,541303,INE256Z01025,AKSHAR,T,,,,,Akshar Spintex Limited,0.6,0.61,0.58,0.59,0.59,0.59,,0.59,,,529452,317672.0,177,F1,1,,,,,,2025-05-13
2025-05-13,2025-05-13,CM,BSE,STK,541304,INE250Z01010,INDOUS,B,,,,,Indo US Bio-Tech Limited,159.0,159.0,153.3,154.35,154.35,153.3,,154.35,,,1488,234307.0,71,F1,1,,,,,,2025-05-13
2025-05-13,2025-05-13,CM,BSE,STK,541313,INF109KC1V59,BSE500IETF,A,,,,,ICICI Prudential BSE 500 ETF,37.93,37.95,37.39,37.55,37.63,37.77,,37.57,,,1843,69455.0,65,F1,1,,,,,,2025-05-13
2025-05-13,2025-05-13,CM,BSE,STK,541336,INE896L01010,INDOSTAR,B,,,,,IndoStar Capital Finance Limit,299.7,310.0,299.0,303.1,301.1,299.7,,303.3,,,10441,3178080.0,659,F1,1,,,,,,2025-05-13
2025-05-13,2025-05-13,CM,BSE,STK,541338,INE556Z01010,UHZAVERI,B,,,,,U. H. ZAVERI LIMITED,9.23,9.43,9.05,9.31,9.31,9.23,,9.31,,,1347,12478.0,29,F1,1,,,,,,2025-05-13
2025-05-13,2025-05-13,CM,BSE,STK,541347,INE295Z01015,PARVATI,X,,,,,Parvati Sweetners and Power Lt,7.21,7.69,7.21,7.45,7.5,7.52,,7.45,,,8052,59249.0,86,F1,1,,,,,,2025-05-13
2025-05-13,2025-05-13,CM,BSE,STK,541352,INE00EM01016,MEGASTAR,B,,,,,Megastar Foods Limited,212.0,229.8,212.0,223.2,222.05,220.45,,222.37,,,2332,509230.0,56,F1,1,,,,,,2025-05-13
2025-05-13,2025-05-13,CM,BSE,STK,541353,INE870Z01015,INNOVATORS,M,,,,,Innovators Facade Systems Limi,202.5,205.95,202.5,203.95,203.95,203.0,,203.95,,,4000,814000.0,5,F1,800,,,,,,2025-05-13
2025-05-13,2025-05-13,CM,BSE,STK,541358,INE926R01012,UCIL,XT,,,,,UNIFINZ CAPITAL INDIA LIMITED,649.95,649.95,613.25,613.25,613.25,645.5,,613.25,,,12,7726.0,3,F1,1,,,,,,2025-05-13
2025-05-13,2025-05-13,CM,BSE,STK,541400,INE518E01015,ZIMLAB,B,,,,,ZIM Laboratories Limited,86.48,89.0,86.46,88.61,88.61,86.62,,88.41,,,1535,135758.0,55,F1,1,,,,,,2025-05-13
2025-05-13,2025-05-13,CM,BSE,STK,541402,INE692Z01013,AFFORDABLE,B,,,,,Affordable Robotic & Automatio,380.05,411.35,380.05,383.15,382.0,374.9,,382.9,,,9471,3770533.0,505,F1,1,,,,,,2025-05-13
2025-05-13,2025-05-13,CM,BSE,STK,541403,INE325C01035,DOLLAR,B,,,,,Dollar Industries Limited,391.0,397.15,388.95,395.1,397.15,390.5,,395.65,,,2738,1077344.0,201,F1,1,,,,,,2025-05-13
2025-05-13,2025-05-13,CM,BSE,STK,541418,INE236Y01012,NGIL,B,,,,,NAKODA GROUP OF INDUSTRIES LIM,29.85,29.85,28.94,29.52,29.78,29.09,,29.44,,,2673,78885.0,42,F1,1,,,,,,2025-05-13
2025-05-13,2025-05-13,CM,BSE,STK,541444,INE838Z01012,PALMJEWELS,B,,,,,Palm Jewels Limited,30.5,31.2,29.56,30.33,30.04,30.75,,30.33,,,23910,724975.0,236,F1,1,,,,,,2025-05-13
2025-05-13,2025-05-13,CM,BSE,STK,541445,INE799N01012,WAA,MT,,,,,Waa Solar Limited,76.68,76.68,76.68,76.68,76.68,73.03,,76.68,,,29600,2269728.0,22,F1,800,,,,,,2025-05-13
2025-05-13,2025-05-13,CM,BSE,STK,541450,INE364U01010,ADANIGREEN,A,,,,,Adani Green Energy Limited,943.95,973.05,932.7,957.95,957.95,941.25,,958.05,,,706747,676205512.0,19136,F1,1,,,,,,2025-05-13
2025-05-13,2025-05-13,CM,BSE,STK,541503,INE250G01010,UNICK,X,,,,,Unick Fix-A- Form and Printers,70.4,70.4,68.95,68.95,68.95,67.5,,68.95,,,2,139.0,2,F1,1,,,,,,2025-05-13
2025-05-13,2025-05-13,CM,BSE,STK,541540,INE624Z01016,SOLARA,B,,,,,SOLARA ACTIVE PHARMA SCIENCES,519.0,558.75,519.0,549.1,553.55,524.2,,550.1,,,5560,3042248.0,348,F1,1,,,,,,2025-05-13
2025-05-13,2025-05-13,CM,BSE,STK,541546,INE287Z01012,GAYAHWS,T,,,,,GAYATRI HIGHWAYS LTD,1.17,1.17,1.14,1.15,1.15,1.12,,1.15,,,86988,101006.0,104,F1,1,,,,,,2025-05-13
2025-05-13,2025-05-13,CM,BSE,STK,541556,INE320J01015,RITES,A,,,,,RITES Limited,230.75,234.5,223.0,233.15,233.15,231.2,,233.11,,,88426,20505774.0,2090,F1,1,,,,,,2025-05-13
2025-05-13,2025-05-13,CM,BSE,STK,541557,INE686Y01026,FINEORG,A,,,,,Fine Organic Industries Limite,4149.0,4317.95,4149.0,4303.95,4308.5,4173.7,,4299.5,,,1730,7396931.0,238,F1,1,,,,,,2025-05-13
2025-05-13,2025-05-13,CM,BSE,STK,541578,INE665L01035,VARROC,A,,,,,Varroc Engineering Limited,464.0,487.15,464.0,478.9,478.0,467.8,,478.8,,,7471,3574506.0,568,F1,1,,,,,,2025-05-13
2025-05-13,2025-05-13,CM,BSE,STK,541601,INE685Z01033,RAJNISH,T,,,,,Rajnish Wellness Limited,0.95,0.97,0.93,0.96,0.96,0.93,,0.96,,,1672680,1597430.0,1338,F1,1,,,,,,2025-05-13
2025-05-13,2025-05-13,CM,BSE,STK,541627,INE173V01013,GUJWIND,XT,,,,,Gujarat Winding Systems Limite,7.65,7.65,7.65,7.65,7.65,7.8,,7.65,,,7583,58009.0,11,F1,1,,,,,,2025-05-13
2025-05-13,2025-05-13,CM,BSE,STK,541634,INE960Z01014,RAWEDGE,B,,,,,Raw Edge Industrial Solutions,25.34,25.37,24.27,24.54,24.35,25.34,,24.54,,,737,18077.0,14,F1,1,,,,,,2025-05-13
2025-05-13,2025-05-13,CM,BSE,STK,541701,INE00SY01011,SUPERSHAKT,M,,,,,Supershakti Metaliks Limited,350.4,353.0,350.4,350.4,350.4,438.0,,350.4,,,2700,947340.0,9,F1,300,,,,,,2025-05-13
2025-05-13,2025-05-13,CM,BSE,STK,541702,INE694W01024,ASHNI,X,,,,,Ashnisha Industries Limited,3.32,3.43,3.3,3.41,3.43,3.39,,3.41,,,46102,156376.0,222,F1,1,,,,,,2025-05-13
2025-05-13,2025-05-13,CM,BSE,STK,541703,INE00WY01013,RACONTEUR,M,,,,,RACONTEUR GLOBAL RESOURCES LIM,12.27,12.27,10.5,10.5,10.5,11.2,,10.5,,,19200,226432.0,12,F1,1600,,,,,,2025-05-13
2025-05-13,2025-05-13,CM,BSE,STK,541729,INE127D01025,HDFCAMC,A,,,,,HDFC Asset Management Company,4529.0,4574.9,4490.0,4495.65,4500.0,4526.85,,4496.6,,,7996,36154692.0,2234,F1,1,,,,,,2025-05-13
2025-05-13,2025-05-13,CM,BSE,STK,541735,INE299W01022,VIVANTA,X,,,,,Vivanta Industries Limited,2.67,2.78,2.6,2.75,2.75,2.67,,2.75,,,234504,639290.0,508,F1,1,,,,,,2025-05-13
2025-05-13,2025-05-13,CM,BSE,STK,541741,INE401Z01019,FRATELLI,T,,,,,Fratelli Vineyards Limited,154.7,160.65,145.35,145.35,145.35,153.0,,145.35,,,12242,1799932.0,130,F1,1,,,,,,2025-05-13
2025-05-13,2025-05-13,CM,BSE,STK,541770,INE741K01010,CREDITACC,A,,,,,CreditAccess Grameen Ltd.,1160.0,1195.95,1153.7,1189.0,1185.2,1162.05,,1187.9,,,17584,20809308.0,1142,F1,1,,,,,,2025-05-13
2025-05-13,2025-05-13,CM,BSE,STK,541771,INE572Z01017,AMINTAN,X,,,,,AMIN TANNERY LIMITED,2.27,2.4,2.27,2.37,2.37,2.41,,2.37,,,84896,197013.0,106,F1,1,,,,,,2025-05-13
2025-05-13,2025-05-13,CM,BSE,STK,541778,INE00IY01012,DEEP,B,,,,,Deep Polymers Limited,46.9,46.9,44.8,45.05,45.05,45.31,,45.05,,,14661,667449.0,250,F1,1,,,,,,2025-05-13
2025-05-13,2025-05-13,CM,BSE,STK,541809,INF109KC1NS5,NEXT50IETF,B,,,,,ICICI Prudential Mutual Fund,68.04,68.38,67.82,68.02,68.12,67.89,,68.0,,,18301,1246574.0,329,F1,1,,,,,,2025-05-13
2025-05-13,2025-05-13,CM,BSE,STK,541865,INE01B501018,ASRL,T,,,,,Add-Shop E-Retail Limited,10.67,10.71,10.25,10.69,10.71,10.72,,10.69,,,8111,85852.0,83,F1,1,,,,,,2025-05-13
2025-05-13,2025-05-13,CM,BSE,STK,541890,INE797Z01010,SPACEINCUBA,XT,,,,,Space Incubatrics Technologies,1.77,1.77,1.77,1.77,1.77,1.74,,1.77,,,6152,10889.0,3,F1,1,,,,,,2025-05-13
2025-05-13,2025-05-13,CM,BSE,STK,541929,INE00QT01015,SGIL,B,,,,,Synergy Green Industries Limit,525.5,539.95,508.3,513.95,512.6,501.5,,514.35,,,10060,5301983.0,923,F1,1,,,,,,2025-05-13
2025-05-13,2025-05-13,CM,BSE,STK,541945,INE01A501027,RANJEET,MT,,,,,Ranjeet Mechatronics Limited,10.64,11.76,10.64,11.76,11.76,11.2,,11.76,,,32000,353920.0,4,F1,8000,,,,,,2025-05-13
2025-05-13,2025-05-13,CM,BSE,STK,541946,INF109KC1KT9,LIQUIDIETF,F,,,,,ICICI Prudential BSE Liquid Ra,1000.0,1000.01,1000.0,1000.0,1000.0,1000.0,,999.99,,,85331,85331090.0,60,F1,1,,,,,,2025-05-13
2025-05-13,2025-05-13,CM,BSE,STK,541956,INE962Y01021,IRCON,A,,,,,IRCON International Ltd,160.05,161.6,158.1,160.3,160.35,160.35,,160.35,,,420663,67361734.0,5568,F1,1,,,,,,2025-05-13
2025-05-13,2025-05-13,CM,BSE,STK,541967,INE01IU01018,SKYGOLD,B,,,,,Sky Gold And Diamonds Limited,318.85,319.75,305.1,319.75,319.75,304.55,,319.45,,,126640,39957867.0,2834,F1,1,,,,,,2025-05-13
2025-05-13,2025-05-13,CM,BSE,STK,541972,INF200KA1VQ2,SETFSN50,A,,,,,SBI Mutual Fund,868.0,870.36,863.28,866.92,866.92,864.0,,866.92,,,751,651356.0,18,F1,1,,,,,,2025-05-13
2025-05-13,2025-05-13,CM,BSE,STK,541974,INE00VM01036,MANORAMA,B,,,,,Manorama Industries Limited,1448.15,1448.15,1375.3,1388.1,1388.1,1432.4,,1388.2,,,12568,17500466.0,1932,F1,1,,,,,,2025-05-13
2025-05-13,2025-05-13,CM,BSE,STK,541983,INE492Y01011,INNOVATIVE,M,,,,,Innovative Ideals and Services,26.7,26.7,26.7,26.7,26.7,26.65,,26.7,,,3000,80100.0,3,F1,1000,,,,,,2025-05-13
2025-05-13,2025-05-13,CM,BSE,STK,541988,INE216P01012,AAVAS,A,,,,,AAVAS Financiers Limited,1865.0,1870.6,1794.0,1803.5,1801.45,1870.5,,1801.1,,,8530,15601977.0,829,F1,1,,,,,,2025-05-13
2025-05-13,2025-05-13,CM,BSE,STK,542011,INE382Z01011,GRSE,A,,,,,Garden Reach Shipbuilders & En,1837.75,1924.65,1820.4,1915.05,1915.05,1820.4,,1914.8,,,223960,422543381.0,8742,F1,1,,,,,,2025-05-13
2025-05-13,2025-05-13,CM,BSE,STK,542012,INE911Z01017,A1L,B,,,,,A-1 LIMITED,514.0,516.95,496.35,500.0,500.0,512.75,,500.0,,,186157,93912873.0,822,F1,1,,,,,,2025-05-13
2025-05-13,2025-05-13,CM,BSE,STK,542013,INE666Y01010,DOLFIN,B,,,,,Dolfin Rubbers Limited,216.0,216.0,204.5,205.7,204.5,208.2,,205.7,,,5510,1136952.0,63,F1,1,,,,,,2025-05-13
2025-05-13,2025-05-13,CM,BSE,STK,542019,INE01J501010,SHUBHAM,B,,,,,Shubham Polyspin Limited,21.63,21.63,19.67,19.79,20.37,20.18,,19.79,,,8877,176940.0,66,F1,1,,,,,,2025-05-13
2025-05-13,2025-05-13,CM,BSE,STK,542020,INE642Z01026,AKI,T,,,,,AKI India Limited,7.21,7.66,7.05,7.65,7.66,7.3,,7.65,,,7814,59312.0,38,F1,1,,,,,,2025-05-13
2025-05-13,2025-05-13,CM,BSE,STK,542025,INE206Z01020,SUNRETAIL,M,,,,,Sun Retail Limited,0.58,0.59,0.58,0.59,0.59,0.6,,0.59,,,96000,56160.0,2,F1,48000,,,,,,2025-05-13
2025-05-13,2025-05-13,CM,BSE,STK,542034,INE00Q901014,SMGOLD,B,,,,,S. M. Gold Limited,17.54,17.54,16.76,17.24,17.24,17.12,,17.24,,,18869,322905.0,114,F1,1,,,,,,2025-05-13
2025-05-13,2025-05-13,CM,BSE,STK,542046,INE647Z01025,VIVIDM,T,,,,,VIVID MERCANTILE LIMITED,7.64,8.41,7.64,8.13,8.2,8.04,,8.13,,,38033,308349.0,115,F1,1,,,,,,2025-05-13
2025-05-13,2025-05-13,CM,BSE,STK,542057,INE00SW01015,BCPL,B,,,,,BCPL Railway Infrastructure Li,69.0,69.0,67.16,68.83,68.83,69.08,,68.83,,,9007,618169.0,253,F1,1,,,,,,2025-05-13
2025-05-13,2025-05-13,CM,BSE,STK,542066,INE399L01023,ATGL,A,,,,,ADANI TOTAL GAS LIMITED,631.4,656.0,629.0,648.4,648.4,631.35,,648.35,,,219049,141209402.0,7377,F1,1,,,,,,2025-05-13
2025-05-13,2025-05-13,CM,BSE,STK,542123,INE398C01016,PHOSPHATE,X,,,,,The Phosphate Company Limited,145.05,152.4,145.05,145.5,145.5,145.05,,145.5,,,2751,399157.0,19,F1,1,,,,,,2025-05-13
2025-05-13,2025-05-13,CM,BSE,STK,542131,INF769K01EG9,NIFTYETF,B,,,,,Mirae Asset Mutual Fund,267.2,267.2,262.24,262.98,262.99,265.93,,263.29,,,9351,2466790.0,102,F1,1,,,,,,2025-05-13
2025-05-13,2025-05-13,CM,BSE,STK,542141,INE285K01026,TECHNOE,A,,,,,Techno Electric & Engineering,1126.05,1136.7,1111.45,1116.9,1116.9,1125.2,,1117.4,,,9156,10243800.0,865,F1,1,,,,,,2025-05-13
2025-05-13,2025-05-13,CM,BSE,STK,542145,INE02AP01013,RONI,MT,,,,,Roni Households Limited,54.8,54.8,49.86,49.86,49.86,52.48,,49.86,,,10800,573696.0,3,F1,3600,,,,,,2025-05-13
2025-05-13,2025-05-13,CM,BSE,STK,542146,INE951Z01013,SKIFL,MT,,,,,Shree Krishna Infrastructure L,50.0,50.01,49.55,49.55,49.55,52.07,,49.55,,,10000,498575.0,8,F1,1250,,,,,,2025-05-13
2025-05-13,2025-05-13,CM,BSE,STK,542155,INE01GR01018,DGL,MT,,,,,Diksha Greens Limited,2.72,2.83,2.62,2.8,2.81,2.7,,2.8,,,24000,65840.0,11,F1,2000,,,,,,2025-05-13
2025-05-13,2025-05-13,CM,BSE,STK,542176,INE016X01010,ARYAN,X,,,,,Aryan Share & Stock Brokers Lt,20.04,20.04,20.04,20.04,20.04,20.09,,20.04,,,122,2444.0,5,F1,1,,,,,,2025-05-13
2025-05-13,2025-05-13,CM,BSE,STK,542206,INE139E01028,NIVAKA,X,,,,,NIVAKA FASHIONS LIMITED,3.61,3.61,3.15,3.53,3.53,3.61,,3.53,,,29929,98791.0,42,F1,1,,,,,,2025-05-13
2025-05-13,2025-05-13,CM,BSE,STK,542216,INE00R701025,DALBHARAT,A,,,,,DALMIA BHARAT LIMITED,1981.75,2020.9,1974.1,2006.35,2009.0,1980.65,,2006.7,,,8345,16726028.0,1627,F1,1,,,,,,2025-05-13
2025-05-13,2025-05-13,CM,BSE,STK,542230,INF209KB16D7,ABSLNN50ET,B,,,,,Aditya Birla Sun Life Mutual F,68.01,68.15,67.7,67.85,67.85,67.85,,67.74,,,936,63494.0,23,F1,1,,,,,,2025-05-13
2025-05-13,2025-05-13,CM,BSE,STK,542231,INE00S901012,NILASPACES,T,,,,,Nila Spaces Ltd,12.15,12.34,11.5,12.19,12.25,11.87,,12.25,,,64316,781014.0,192,F1,1,,,,,,2025-05-13
2025-05-13,2025-05-13,CM,BSE,STK,542232,INE01NE01012,SRD,B,,,,,Shankar Lal Rampal Dye-Chem Li,63.0,64.0,60.17,60.58,61.9,60.65,,60.71,,,24875,1507698.0,230,F1,1,,,,,,2025-05-13
2025-05-13,2025-05-13,CM,BSE,STK,542233,INE00CA01015,TREJHARA,B,,,,,Trejhara Solutions Limited,251.35,255.0,250.25,250.6,250.25,248.4,,251.44,,,2103,529127.0,135,F1,1,,,,,,2025-05-13
2025-05-13,2025-05-13,CM,BSE,STK,542248,INE452W01019,DECCAN,B,,,,,Deccan Health Care Limited,17.8,18.75,17.8,18.2,18.2,18.09,,18.2,,,4940,90212.0,28,F1,1,,,,,,2025-05-13
2025-05-13,2025-05-13,CM,BSE,STK,542285,INE02EZ01022,AXITA,B,,,,,Axita Cotton Limited,9.58,9.75,9.52,9.53,9.53,9.51,,9.53,,,461633,4418837.0,1222,F1,1,,,,,,2025-05-13
2025-05-13,2025-05-13,CM,BSE,STK,542323,INE542W01025,KPIGREEN,A,,,,,KPI Green Energy Limited,383.6,418.95,377.1,415.1,415.1,380.9,,414.95,,,404521,163632384.0,9060,F1,1,,,,,,2025-05-13
2025-05-13,2025-05-13,CM,BSE,STK,542333,INE425Y01011,RPSGVENT,B,,,,,RPSG VENTURES LIMITED,836.95,836.95,806.05,830.65,835.0,804.5,,832.05,,,1111,911641.0,207,F1,1,,,,,,2025-05-13
2025-05-13,2025-05-13,CM,BSE,STK,542337,INE020801028,SPENCERS,B,,,,,Spencer's Retail Limited,63.87,64.37,63.0,63.28,63.0,63.07,,63.37,,,2199,139936.0,111,F1,1,,,,,,2025-05-13
2025-05-13,2025-05-13,CM,BSE,STK,542351,INE350Z01018,GLOSTERLTD,B,,,,,Gloster Ltd,597.0,597.0,571.5,571.5,571.5,558.45,,588.0,,,2,1168.0,2,F1,1,,,,,,2025-05-13
2025-05-13,2025-05-13,CM,BSE,STK,542367,INE01P501012,XELPMOC,T,,,,,Xelpmoc Design and Tech Limite,110.5,110.5,101.25,105.05,105.45,105.5,,105.0,,,151,16052.0,10,F1,1,,,,,,2025-05-13
2025-05-13,2025-05-13,CM,BSE,STK,542383,INE01EG01016,RITCO,B,,,,,Ritco Logistics Limited,264.95,266.2,256.3,265.9,265.25,257.05,,264.9,,,1763,460644.0,95,F1,1,,,,,,2025-05-13
2025-05-13,2025-05-13,CM,BSE,STK,542399,INE427F01016,CHALET,A,,,,,Chalet Hotels Limited,899.75,899.75,847.7,873.5,873.5,865.55,,874.8,,,14916,13025251.0,1953,F1,1,,,,,,2025-05-13
2025-05-13,2025-05-13,CM,BSE,STK,542437,INE02AR01019,ANMOL,B,,,,,Anmol India Limited,15.77,17.7,15.77,17.4,17.39,15.87,,17.44,,,19785,334784.0,293,F1,1,,,,,,2025-05-13
2025-05-13,2025-05-13,CM,BSE,STK,542446,INE793Z01027,JONJUA,M,,,,,Jonjua Overseas Limited,9.1,9.25,8.9,8.9,8.9,8.55,,8.9,,,24492,223897.0,6,F1,4082,,,,,,2025-05-13
2025-05-13,2025-05-13,CM,BSE,STK,542459,INE911T01010,KRANTI,B,,,,,Kranti Industries Limited,114.0,115.7,111.0,112.04,111.6,110.81,,112.04,,,69369,7809862.0,658,F1,1,,,,,,2025-05-13
2025-05-13,2025-05-13,CM,BSE,STK,542460,INE294Z01018,ANUP,B,,,,,The Anup Engineering Ltd,3328.9,3351.6,2937.0,3009.15,3009.15,3299.6,,3023.3,,,15122,47599987.0,2376,F1,1,,,,,,2025-05-13
2025-05-13,2025-05-13,CM,BSE,STK,542484,INE955V01021,ARVINDFASN,A,,,,,Arvind Fashions Limited,429.05,435.55,420.0,424.5,425.45,428.35,,424.8,,,17226,7372243.0,1023,F1,1,,,,,,2025-05-13
2025-05-13,2025-05-13,CM,BSE,STK,542513,INF789F1AUU3,UTISXN50,A,,,,,UTI BSE  Sensex Next 50 ETF,86.0,86.0,86.0,86.0,86.0,86.0,,86.19,,,54,4644.0,1,F1,1,,,,,,2025-05-13
2025-05-13,2025-05-13,CM,BSE,STK,542524,INE342U01016,AIHL,XT,,,,,AMBASSADOR INTRA HOLDINGS LIMI,44.88,44.88,44.88,44.88,44.88,42.75,,44.88,,,7,314.0,1,F1,1,,,,,,2025-05-13
2025-05-13,2025-05-13,CM,BSE,STK,542543,INE05KD23015,ENERGYINF,IF,,,,,Energy Infrastructure Trust,84.75,84.75,84.0,84.0,84.0,84.75,,84.0,,,50000,4218750.0,2,F1,25000,,,,,,2025-05-13
2025-05-13,2025-05-13,CM,BSE,STK,542579,INE05FR01029,AGOL,B,,,,,Ashapuri Gold Ornament Limited,6.79,6.83,6.67,6.75,6.75,6.77,,6.75,,,525439,3552087.0,1220,F1,1,,,,,,2025-05-13
2025-05-13,2025-05-13,CM,BSE,STK,542580,INE01C001026,AARTECH,B,,,,,Aartech Solonics Limited,57.05,57.1,56.51,56.95,56.95,54.39,,57.92,,,1474,84051.0,28,F1,1,,,,,,2025-05-13
2025-05-13,2025-05-13,CM,BSE,STK,542597,INE255X01014,MSTCLTD,A,,,,,MSTC Limited,524.25,530.95,519.75,525.25,526.85,522.4,,525.55,,,7864,4133787.0,360,F1,1,,,,,,2025-05-13
2025-05-13,2025-05-13,CM,BSE,STK,542602,INE041025011,EMBASSY,IF,,,,,Embassy Office Parks REIT,378.6,383.8,378.6,381.3,381.3,379.96,,381.94,,,13799,5274749.0,360,F1,1,,,,,,2025-05-13
2025-05-13,2025-05-13,CM,BSE,STK,542627,INE01GZ01011,CHANDNIMACH,X,,,,,Chandni Machines Limited,44.5,44.5,40.79,42.36,42.0,44.49,,42.36,,,633,26887.0,21,F1,1,,,,,,2025-05-13
2025-05-13,2025-05-13,CM,BSE,STK,542628,INE01BL01012,NSL,B,,,,,Northern Spirits Limited,166.0,184.9,163.55,182.7,184.2,164.35,,182.7,,,63966,11135727.0,521,F1,1,,,,,,2025-05-13
2025-05-13,2025-05-13,CM,BSE,STK,542649,INE415G01027,RVNL,A,,,,,Rail Vikas Nigam Limited,359.5,360.9,353.65,356.95,356.95,359.2,,357.05,,,464980,165973237.0,6447,F1,1,,,,,,2025-05-13
2025-05-13,2025-05-13,CM,BSE,STK,542650,INE112L01020,METROPOLIS,A,,,,,Metropolis Healthcare Limited,1713.15,1713.15,1660.9,1701.85,1702.1,1713.15,,1701.6,,,2144,3631985.0,415,F1,1,,,,,,2025-05-13
2025-05-13,2025-05-13,CM,BSE,STK,542651,INE04I401011,KPITTECH,A,,,,,KPIT Technologies Ltd,1330.0,1354.55,1315.0,1344.8,1345.0,1326.75,,1346.0,,,87676,117710200.0,9085,F1,1,,,,,,2025-05-13
2025-05-13,2025-05-13,CM,BSE,STK,542652,INE455K01017,POLYCAB,A,,,,,Polycab India Limited,5999.5,6053.75,5953.0,6005.7,6005.7,5985.7,,6007.5,,,9081,54620253.0,2076,F1,1,,,,,,2025-05-13
2025-05-13,2025-05-13,CM,BSE,STK,542654,INE06LG01010,VRFILMS,T,,,,,V R FILMS & STUDIOS LIMITED,19.95,20.98,19.95,19.96,20.9,20.99,,19.96,,,823,16541.0,8,F1,1,,,,,,2025-05-13
2025-05-13,2025-05-13,CM,BSE,STK,542655,INE161L01027,VIKASLIFE,B,,,,,VIKAS LIFECARE LIMITED,2.48,2.52,2.44,2.48,2.48,2.46,,2.47,,,1750678,4350148.0,7025,F1,1,,,,,,2025-05-13
2025-05-13,2025-05-13,CM,BSE,STK,542665,INE136S01016,NEOGEN,B,,,,,Neogen Chemicals Limited,1546.05,1573.25,1532.2,1543.8,1540.75,1552.25,,1543.0,,,907,1406385.0,193,F1,1,,,,,,2025-05-13
2025-05-13,2025-05-13,CM,BSE,STK,542666,INE05QJ01015,GKP,T,,,,,G. K. P. Printing & Packaging,6.0,6.13,5.71,6.12,6.12,5.84,,6.12,,,10107,61661.0,52,F1,1,,,,,,2025-05-13
2025-05-13,2025-05-13,CM,BSE,STK,542669,INE374E01021,BMW,B,,,,,BMW INDUSTRIES LIMITED,52.25,53.9,51.17,53.11,53.15,51.91,,53.11,,,454040,24009703.0,2314,F1,1,,,,,,2025-05-13
2025-05-13,2025-05-13,CM,BSE,STK,542670,INE757T01025,AEPL,B,,,,,Artemis Electricals and Projec,19.8,19.8,19.0,19.33,19.49,18.86,,19.33,,,39530,764990.0,289,F1,1,,,,,,2025-05-13
2025-05-13,2025-05-13,CM,BSE,STK,542678,INE05BN01019,CHCL,MT,,,,,Cian Healthcare Limited,3.61,3.61,3.56,3.61,3.61,3.54,,3.61,,,10000,35920.0,5,F1,2000,,,,,,2025-05-13
2025-05-13,2025-05-13,CM,BSE,STK,542679,INE413F01016,DEL,XT,,,,,Dhanashree Electronics Limited,160.0,160.0,160.0,160.0,160.0,162.2,,160.0,,,317,50720.0,12,F1,1,,,,,,2025-05-13
2025-05-13,2025-05-13,CM,BSE,STK,542682,INE01K301012,HARISH,X,,,,,Harish Textile Engineers Limit,67.0,68.99,65.55,68.82,68.99,69.18,,68.82,,,22,1512.0,6,F1,1,,,,,,2025-05-13
2025-05-13,2025-05-13,CM,BSE,STK,542684,INE050001010,PPL,B,,,,,Prakash Pipes Limited,410.65,421.0,410.65,420.15,419.25,410.65,,420.25,,,11805,4934928.0,783,F1,1,,,,,,2025-05-13
2025-05-13,2025-05-13,CM,BSE,STK,542685,INE03JI01017,DGCONTENT,B,,,,,Digicontent Limited,38.0,38.55,37.41,37.54,37.54,37.85,,37.93,,,1007,37955.0,19,F1,1,,,,,,2025-05-13
2025-05-13,2025-05-13,CM,BSE,STK,542694,INE05MV01019,PARSHVA,B,,,,,Parshva Enterprises Limited,210.7,210.7,210.7,210.7,210.7,215.0,,210.7,,,15,3160.0,3,F1,1,,,,,,2025-05-13
2025-05-13,2025-05-13,CM,BSE,STK,542721,INE02GA01012,ARL,T,,,,,Anand Rayons Limited,240.5,245.0,240.5,243.5,243.5,240.2,,243.5,,,16933,4123487.0,42,F1,1,,,,,,2025-05-13
2025-05-13,2025-05-13,CM,BSE,STK,542724,INE060601023,MURAE,B,,,,,Murae Organisor Limited,1.4,1.41,1.4,1.41,1.41,1.35,,1.41,,,24086758,33911145.0,3310,F1,1,,,,,,2025-05-13
2025-05-13,2025-05-13,CM,BSE,STK,542725,INE04AK01028,SBC,B,,,,,SBC EXPORTS LIMITED,13.44,13.46,13.12,13.27,13.27,13.4,,13.24,,,2078696,27755733.0,1423,F1,1,,,,,,2025-05-13
2025-05-13,2025-05-13,CM,BSE,STK,542726,INE933S01016,INDIAMART,A,,,,,IndiaMART InterMESH Limited,2309.9,2361.0,2262.1,2350.45,2352.6,2292.25,,2350.4,,,3518,8129753.0,533,F1,1,,,,,,2025-05-13
2025-05-13,2025-05-13,CM,BSE,STK,542727,INE056001014,CPML,M,,,,,City Pulse Multiplex Limited,1210.0,1212.95,1186.0,1211.1,1204.0,1245.0,,1211.1,,,2700,3244985.0,22,F1,100,,,,,,2025-05-13
2025-05-13,2025-05-13,CM,BSE,STK,542729,INE08KP01019,DCMNVL,B,,,,,DCM NOUVELLE LIMITED,185.95,190.0,185.95,187.15,187.15,184.8,,188.02,,,1426,269576.0,61,F1,1,,,,,,2025-05-13
2025-05-13,2025-05-13,CM,BSE,STK,542730,INF109KC15I8,BANKIETF,B,,,,,ICICI Prudential Mutual Fund,55.99,56.14,55.78,55.84,55.83,56.23,,55.75,,,57662,3217057.0,57,F1,1,,,,,,2025-05-13
2025-05-13,2025-05-13,CM,BSE,STK,542747,INF204KB15D0,SNXT50BEES,A,,,,,NIPPON INDIA ETF SENSEX NEXT 5,83.51,85.9,83.51,84.44,84.29,84.66,,84.44,,,30567,2588727.0,195,F1,1,,,,,,2025-05-13
2025-05-13,2025-05-13,CM,BSE,STK,542752,INE00WC01027,AFFLE,A,,,,,AFFLE 3I LIMITED,1601.45,1602.0,1568.7,1591.25,1589.0,1601.45,,1590.8,,,10712,17009809.0,985,F1,1,,,,,,2025-05-13
2025-05-13,2025-05-13,CM,BSE,STK,542753,INE277T01024,SEACOAST,Z,,,,,SEACOAST SHIPPING SERVICES LIM,2.74,2.78,2.72,2.78,2.78,2.65,,2.78,,,978123,2711939.0,1159,F1,1,,,,,,2025-05-13
2025-05-13,2025-05-13,CM,BSE,STK,542758,INF109KC18U7,PVTBANIETF,B,,,,,ICICI Prudential Mutual Fund,27.69,27.75,27.42,27.48,27.52,27.69,,27.47,,,124317,3423311.0,335,F1,1,,,,,,2025-05-13
2025-05-13,2025-05-13,CM,BSE,STK,542759,INE572J01011,SPANDANA,A,,,,,Spandana Sphoorty Financial Li,280.05,294.95,280.05,288.15,288.15,279.7,,287.75,,,74412,21470793.0,2146,F1,1,,,,,,2025-05-13
2025-05-13,2025-05-13,CM,BSE,STK,542760,INE00M201021,SWSOLAR,A,,,,,STERLING AND WILSON RENEWABLE,263.95,275.7,263.8,275.7,275.7,262.6,,276.2,,,142249,38684157.0,2574,F1,1,,,,,,2025-05-13
2025-05-13,2025-05-13,CM,BSE,STK,542770,INE08E401029,ALPHALOGIC,T,,,,,Alphalogic Techsys Limited,105.6,107.0,105.0,105.48,105.5,102.63,,105.48,,,7063,747518.0,118,F1,1,,,,,,2025-05-13
2025-05-13,2025-05-13,CM,BSE,STK,542772,INE466L01038,360ONE,A,,,,,360 ONE WAM LIMITED,984.6,990.5,963.0,966.2,966.2,961.75,,965.6,,,14058,13695683.0,835,F1,1,,,,,,2025-05-13
2025-05-13,2025-05-13,CM,BSE,STK,542773,INE489L01022,IIFLCAPS,A,,,,,IIFL CAPITAL SERVICES LIMITED,243.15,262.15,243.15,258.55,259.65,243.25,,259.01,,,62671,16170526.0,1395,F1,1,,,,,,2025-05-13
2025-05-13,2025-05-13,CM,BSE,STK,542774,INE08KJ01020,MUFIN,B,,,,,MUFIN GREEN FINANCE LIMITED,73.8,75.4,72.42,75.0,75.21,73.9,,75.04,,,40051,2961615.0,645,F1,1,,,,,,2025-05-13
2025-05-13,2025-05-13,CM,BSE,STK,542802,INE906Y01028,GALACTICO,B,,,,,Galactico Corporate Services L,2.5,2.55,2.43,2.54,2.54,2.49,,2.54,,,69786,175689.0,195,F1,1,,,,,,2025-05-13
2025-05-13,2025-05-13,CM,BSE,STK,542803,INE560T01015,VEL,X,,,,,Vaxfab Enterprises Limited,13.25,13.6,13.25,13.26,13.26,13.29,,13.26,,,1545,20735.0,10,F1,1,,,,,,2025-05-13
2025-05-13,2025-05-13,CM,BSE,STK,542812,INE09N301011,FLUOROCHEM,A,,,,,Gujarat Fluorochemicals Limite,3773.6,3874.4,3773.6,3844.0,3840.1,3851.45,,3844.2,,,1572,6020772.0,442,F1,1,,,,,,2025-05-13
2025-05-13,2025-05-13,CM,BSE,STK,542830,INE335Y01020,IRCTC,A,,,,,Indian Railway Catering and To,764.95,772.25,762.35,763.7,763.7,763.7,,764.0,,,118714,91063183.0,5316,F1,1,,,,,,2025-05-13
2025-05-13,2025-05-13,CM,BSE,STK,542850,INE492Z01018,GOBLIN,M,,,,,GOBLIN INDIA LIMITED,23.5,23.5,22.62,22.62,22.62,23.75,,22.62,,,66000,1521240.0,3,F1,2000,,,,,,2025-05-13
2025-05-13,2025-05-13,CM,BSE,STK,542851,INE06H201014,GENSOL,T,,,,,Gensol Engineering Limited,51.84,57.28,51.84,57.28,57.28,54.56,,56.77,,,771726,42907191.0,4162,F1,1,,,,,,2025-05-13
2025-05-13,2025-05-13,CM,BSE,STK,542852,INE430N01022,VISHWARAJ,B,,,,,Vishwaraj Sugar Industries Lim,9.31,9.6,9.19,9.5,9.49,9.13,,9.52,,,84062,790415.0,339,F1,1,,,,,,2025-05-13
2025-05-13,2025-05-13,CM,BSE,STK,542857,INE08ZM01014,GREENPANEL,B,,,,,Greenpanel Industries Limited,233.0,246.3,231.8,244.55,244.8,231.15,,244.73,,,406885,96452383.0,350,F1,1,,,,,,2025-05-13
2025-05-13,2025-05-13,CM,BSE,STK,542862,INE052001026,SHAHLON,X,,,,,Shahlon Silk Industries Limite,14.8,15.49,14.56,14.7,14.7,14.88,,14.7,,,525,7770.0,13,F1,1,,,,,,2025-05-13
2025-05-13,2025-05-13,CM,BSE,STK,542863,INF209KB17D5,ABSLBANETF,B,,,,,Aditya Birla Sun Life Mutual F,56.6,56.6,55.7,55.83,55.83,56.1,,55.73,,,3041,170508.0,22,F1,1,,,,,,2025-05-13
2025-05-13,2025-05-13,CM,BSE,STK,542865,INE490Z01012,ANUROOP,T,,,,,Anuroop Packaging Limited,15.3,15.76,15.03,15.69,15.69,15.3,,15.69,,,5269,82832.0,27,F1,1,,,,,,2025-05-13
2025-05-13,2025-05-13,CM,BSE,STK,542866,INE317W01022,COLAB,XT,,,,,COLAB PLATFORMS LIMITED,143.5,143.5,143.5,143.5,143.5,146.4,,143.5,,,2576,369656.0,125,F1,1,,,,,,2025-05-13
2025-05-13,2025-05-13,CM,BSE,STK,542867,INE679A01013,CSBBANK,A,,,,,CSB Bank Limited,354.35,359.8,353.25,355.8,356.15,357.5,,356.25,,,10949,3902142.0,548,F1,1,,,,,,2025-05-13
2025-05-13,2025-05-13,CM,BSE,STK,542904,INE551W01018,UJJIVANSFB,A,,,,,Ujjivan Small Finance Bank Lim,43.04,44.44,42.62,43.98,43.98,42.99,,43.97,,,899062,39423382.0,1660,F1,1,,,,,,2025-05-13
2025-05-13,2025-05-13,CM,BSE,STK,542905,INE05AN01011,HINDWAREAP,B,,,,,Hindware Home Innovation Limit,195.5,200.0,193.35,199.05,199.55,194.7,,197.7,,,5130,1013325.0,231,F1,1,,,,,,2025-05-13
2025-05-13,2025-05-13,CM,BSE,STK,542907,INE689W01016,PRINCEPIPE,A,,,,,Prince Pipes and Fittings Limi,260.0,271.2,260.0,268.4,268.5,263.05,,268.65,,,35759,9592335.0,1513,F1,1,,,,,,2025-05-13
2025-05-13,2025-05-13,CM,BSE,STK,542909,INF754K01KO2,EBBETF0430,F,,,,,Edelweiss Mutual Fund,1501.11,1504.96,1499.88,1499.98,1499.89,1501.16,,1502.71,,,269,403671.0,34,F1,1,,,,,,2025-05-13
2025-05-13,2025-05-13,CM,BSE,STK,542918,INE063601012,GIANLIFE,B,,,,,Gian Life Care Limited,17.09,17.09,15.78,16.3,16.22,16.07,,16.3,,,2305,37401.0,31,F1,1,,,,,,2025-05-13
2025-05-13,2025-05-13,CM,BSE,STK,542919,INE025R01021,ARTEMISMED,B,,,,,Artemis Medicare Services Limi,254.3,255.25,241.1,247.95,248.7,252.7,,248.25,,,3742,927085.0,348,F1,1,,,,,,2025-05-13
2025-05-13,2025-05-13,CM,BSE,STK,542920,INE258G01013,SUMICHEM,A,,,,,SUMITOMO CHEMICAL INDIA LIMITE,520.35,524.1,515.45,523.05,524.05,519.0,,523.3,,,6103,3182999.0,388,F1,1,,,,,,2025-05-13
2025-05-13,2025-05-13,CM,BSE,STK,542921,INF109KC11W8,MIDCAPIETF,B,,,,,ICICI Prudential Mutual Fund,21.02,21.14,20.8,20.94,20.95,20.92,,20.96,,,94325,1975087.0,325,F1,1,,,,,,2025-05-13
2025-05-13,2025-05-13,CM,BSE,STK,542922,INF769K01FN2,NEXT50,B,,,,,Mirae Asset Mutual Fund,666.15,667.27,663.6,665.57,665.57,662.84,,665.31,,,129,85823.0,15,F1,1,,,,,,2025-05-13
2025-05-13,2025-05-13,CM,BSE,STK,542933,INE03V001013,UNIVPHOTO,B,,,,,UNIVERSUS PHOTO IMAGINGS LIMIT,210.15,225.8,208.0,220.0,218.4,209.9,,222.25,,,726,158032.0,96,F1,1,,,,,,2025-05-13
2025-05-13,2025-05-13,CM,BSE,STK,542938,INE117S01016,OCTAVIUSPL,X,,,,,Octavius Plantations Limited,67.0,67.0,66.99,66.99,66.99,65.9,,66.99,,,101,6766.0,4,F1,1,,,,,,2025-05-13
2025-05-13,2025-05-13,CM,BSE,STK,543064,INE03QK01018,SUVENPHAR,A,,,,,SUVEN PHARMACEUTICALS LIMITED,1050.1,1089.0,1050.1,1083.35,1078.55,1062.6,,1081.8,,,3377,3636630.0,395,F1,1,,,,,,2025-05-13
2025-05-13,2025-05-13,CM,BSE,STK,543066,INE018E01016,SBICARD,A,,,,,SBI CARDS AND PAYMENT SERVICES,896.05,900.0,882.65,887.4,888.3,897.6,,887.1,,,12809,11395711.0,1145,F1,1,,,,,,2025-05-13
2025-05-13,2025-05-13,CM,BSE,STK,543071,INF204KB10R1,07AGG,F,,,,,Nippon India Mutual Fund,18.5,18.5,16.46,18.27,18.27,18.23,,18.27,,,105,1737.0,4,F1,1,,,,,,2025-05-13
2025-05-13,2025-05-13,CM,BSE,STK,543079,INF204KB16R8,07GPG,F,,,,,Nippon India Mutual Fund,5.17,5.17,4.24,5.1,5.1,4.7,,5.1,,,5043,23692.0,25,F1,1,,,,,,2025-05-13
2025-05-13,2025-05-13,CM,BSE,STK,543092,INF204KB19O9,09GPG,F,,,,,Nippon India Mutual Fund,7.4,7.99,6.67,7.32,6.99,7.4,,7.32,,,1343,9982.0,19,F1,1,,,,,,2025-05-13
2025-05-13,2025-05-13,CM,BSE,STK,543099,INF789F1ARF0,UTCRFS2DGR,F,,,,,UTI Mutual Fund,179.16,179.16,179.16,179.16,179.16,162.88,,179.16,,,297,53210.0,6,F1,1,,,,,,2025-05-13
2025-05-13,2025-05-13,CM,BSE,STK,543100,INF789F1ARG8,UTCRFS2DAP,F,,,,,UTI Mutual Fund,808.92,897.99,808.92,897.99,897.99,898.8,,897.99,,,10,8178.0,3,F1,1,,,,,,2025-05-13
2025-05-13,2025-05-13,CM,BSE,STK,543106,INF789F1ARM6,UTCRFS2DMP,F,,,,,UTI Mutual Fund,1018.0,1018.9,833.98,1018.9,1018.9,926.64,,1018.9,,,4,3704.0,3,F1,1,,,,,,2025-05-13
2025-05-13,2025-05-13,CM,BSE,STK,543110,INF789F1ARQ7,UTCRFS2RGR,F,,,,,UTI Mutual Fund,6.3,6.39,5.86,6.09,6.09,5.86,,6.09,,,1344,8424.0,8,F1,1,,,,,,2025-05-13
2025-05-13,2025-05-13,CM,BSE,STK,543144,INF204KB11T5,08MPD,B,,,,,Nippon India Mutual Fund,7.99,7.99,7.01,7.57,7.67,7.5,,7.57,,,2804,21462.0,34,F1,1,,,,,,2025-05-13
2025-05-13,2025-05-13,CM,BSE,STK,543150,INF204KB16S6,08GPG,B,,,,,Nippon India Mutual Fund,3.68,3.68,3.29,3.38,3.48,3.44,,3.38,,,74753,259709.0,99,F1,1,,,,,,2025-05-13
2025-05-13,2025-05-13,CM,BSE,STK,543161,INF204KB14P7,10AGG,F,,,,,Nippon India Mutual Fund,184.88,184.88,184.77,184.78,184.8,184.88,,184.78,,,61,11273.0,6,F1,1,,,,,,2025-05-13
2025-05-13,2025-05-13,CM,BSE,STK,543165,INF204KB17P0,10ARD,F,,,,,Nippon India Mutual Fund,152.53,152.53,138.68,152.45,152.45,138.68,,152.45,,,36,5365.0,5,F1,1,,,,,,2025-05-13
2025-05-13,2025-05-13,CM,BSE,STK,543167,INF204KB19P6,10GPG,F,,,,,Nippon India Mutual Fund,2.88,2.88,2.4,2.49,2.67,2.62,,2.49,,,5137,12987.0,34,F1,1,,,,,,2025-05-13
2025-05-13,2025-05-13,CM,BSE,STK,543171,INE0BDU01028,ROJL,B,,,,,RO Jewels Limited,2.4,2.4,2.21,2.29,2.3,2.25,,2.29,,,89686,205273.0,234,F1,1,,,,,,2025-05-13
2025-05-13,2025-05-13,CM,BSE,STK,543173,INF204KB14U7,11DPR,B,,,,,Nippon India Mutual Fund,30.09,30.09,28.99,28.99,28.99,30.09,,28.99,,,272,8069.0,11,F1,1,,,,,,2025-05-13
2025-05-13,2025-05-13,CM,BSE,STK,543174,INF204KB10U5,11GPG,B,,,,,Nippon India Mutual Fund,3.28,3.28,3.01,3.17,3.17,2.99,,3.17,,,14955,47382.0,55,F1,1,,,,,,2025-05-13
2025-05-13,2025-05-13,CM,BSE,STK,543175,INF204KB15U4,11MPD,B,,,,,Nippon India Mutual Fund,4.1,4.1,3.5,3.77,3.78,3.73,,3.77,,,6046,22870.0,44,F1,1,,,,,,2025-05-13
2025-05-13,2025-05-13,CM,BSE,STK,543176,INF204KB16U2,11MPR,B,,,,,Nippon India Mutual Fund,74.01,85.4,74.0,78.37,78.07,77.71,,78.37,,,38,2941.0,13,F1,1,,,,,,2025-05-13
2025-05-13,2025-05-13,CM,BSE,STK,543177,INF204KB11U3,11QPD,B,,,,,Nippon India Mutual Fund,19.85,19.85,17.02,17.28,17.49,18.43,,17.28,,,37876,668205.0,182,F1,1,,,,,,2025-05-13
2025-05-13,2025-05-13,CM,BSE,STK,543181,INF204KB13T1,11AGG,B,,,,,Nippon India Mutual Fund,46.9,46.9,42.94,43.95,42.94,42.94,,43.95,,,824,36702.0,20,F1,1,,,,,,2025-05-13
2025-05-13,2025-05-13,CM,BSE,STK,543182,INF204KB18T0,11AMD,B,,,,,Nippon India Mutual Fund,91.62,91.62,91.62,91.62,91.62,101.79,,91.62,,,1248,114341.0,31,F1,1,,,,,,2025-05-13
2025-05-13,2025-05-13,CM,BSE,STK,543186,INF204KB13U9,11DPD,B,,,,,Nippon India Mutual Fund,8.35,8.35,7.06,7.5,7.5,7.67,,7.5,,,6144,46076.0,56,F1,1,,,,,,2025-05-13
2025-05-13,2025-05-13,CM,BSE,STK,543187,INE07Y701011,POWERINDIA,A,,,,,HITACHI ENERGY INDIA LIMITED,15800.05,16148.65,15741.0,15980.45,15975.0,15880.85,,15975.0,,,6272,100116679.0,2035,F1,1,,,,,,2025-05-13
2025-05-13,2025-05-13,CM,BSE,STK,543193,INE0B1K01014,DJML,B,,,,,DJ Mediaprint & Logistics Limi,111.85,117.9,111.85,112.6,112.0,112.05,,114.26,,,4245,485884.0,114,F1,1,,,,,,2025-05-13
2025-05-13,2025-05-13,CM,BSE,STK,543207,INE06MM01016,NATURAL,X,,,,,Natural Biocon (India) Limited,10.89,10.89,10.29,10.72,10.72,10.54,,10.72,,,64340,678561.0,109,F1,1,,,,,,2025-05-13
2025-05-13,2025-05-13,CM,BSE,STK,543208,INE745R01024,REGIS,X,,,,,REGIS INDUSTRIES LIMITED,9.84,10.38,9.3,10.18,10.29,9.45,,10.18,,,45085,439644.0,67,F1,1,,,,,,2025-05-13
2025-05-13,2025-05-13,CM,BSE,STK,543209,INE0CRS01012,BILLWIN,M,,,,,Billwin Industries Limited,30.1,30.26,30.1,30.25,30.25,32.5,,30.25,,,9000,271830.0,3,F1,3000,,,,,,2025-05-13
2025-05-13,2025-05-13,CM,BSE,STK,543210,INE09EO01013,AARTISURF,B,,,,,Aarti Surfactants Limited,511.3,511.3,511.3,511.3,511.3,464.85,,512.95,,,119,60844.0,11,F1,1,,,,,,2025-05-13
2025-05-13,2025-05-13,CM,BSE,STK,543211,INE0B9A01018,BONLON,B,,,,,BONLON INDUSTRIES LIMITED,38.89,38.89,37.05,38.0,38.0,37.92,,38.0,,,72685,2763300.0,373,F1,1,,,,,,2025-05-13
2025-05-13,2025-05-13,CM,BSE,STK,543212,INE02PY01013,BOROLTD,B,,,,,Borosil Limited,330.0,342.95,330.0,334.4,334.45,330.0,,334.25,,,5663,1905189.0,460,F1,1,,,,,,2025-05-13
2025-05-13,2025-05-13,CM,BSE,STK,543213,INE02A801020,ROSSARI,B,,,,,ROSSARI BIOTECH LIMITED,687.0,698.75,682.0,695.65,694.75,686.45,,695.9,,,849,585655.0,143,F1,1,,,,,,2025-05-13
2025-05-13,2025-05-13,CM,BSE,STK,543214,INE07OG01012,NDRAUTO,B,,,,,NDR Auto Components Limited,905.0,914.4,866.0,900.05,900.05,885.1,,900.45,,,32317,28831483.0,3887,F1,1,,,,,,2025-05-13
2025-05-13,2025-05-13,CM,BSE,STK,543216,INF754K01LE1,EBBETF0431,F,,,,,Edelweiss Mutual Fund,1347.99,1347.99,1347.99,1347.99,1347.99,1345.64,,1344.86,,,1000,1347990.0,6,F1,1,,,,,,2025-05-13
2025-05-13,2025-05-13,CM,BSE,STK,543217,INE0CCU25019,MINDSPACE,IF,,,,,Mindspace Business Parks REIT,385.55,389.24,379.0,384.6,383.92,386.14,,384.16,,,7255,2783972.0,386,F1,1,,,,,,2025-05-13
2025-05-13,2025-05-13,CM,BSE,STK,543218,INE05ST01028,SBGLP,T,,,,,SURATWWALA BUSINESS GROUP LIMI,38.39,38.39,38.39,38.39,38.39,39.17,,38.39,,,1673,64226.0,16,F1,1,,,,,,2025-05-13
2025-05-13,2025-05-13,CM,BSE,STK,543219,INF109KC17V7,ALPL30IETF,B,,,,,ICICI Prudential Mutual Fund,27.12,27.3,26.88,27.13,27.13,27.19,,27.11,,,43652,1178274.0,133,F1,1,,,,,,2025-05-13
2025-05-13,2025-05-13,CM,BSE,STK,543220,INE027H01010,MAXHEALTH,A,,,,,Max Healthcare Institute Limit,1158.45,1178.0,1151.55,1172.5,1172.5,1161.5,,1172.0,,,33384,39002235.0,1902,F1,1,,,,,,2025-05-13
2025-05-13,2025-05-13,CM,BSE,STK,543221,INF109KC16I6,ITIETF,B,,,,,ICICI Prudential Mutual Fund,41.29,41.29,40.34,40.39,40.49,41.63,,40.41,,,53423,2182043.0,397,F1,1,,,,,,2025-05-13
2025-05-13,2025-05-13,CM,BSE,STK,543223,INE0CG601016,MAXIND,B,,,,,Max India Limited,186.65,197.95,186.6,196.0,197.5,186.65,,196.53,,,5541,1064465.0,220,F1,1,,,,,,2025-05-13
2025-05-13,2025-05-13,CM,BSE,STK,543224,INF179KC1HY0,HDFCNIFBAN,B,,,,,HDFC Mutual Fund,56.15,56.35,56.01,56.05,56.08,56.2,,56.01,,,356,20010.0,27,F1,1,,,,,,2025-05-13
2025-05-13,2025-05-13,CM,BSE,STK,543226,INF789F1AUV1,UTIBANKETF,B,,,,,UTI Mutual Fund,56.37,56.42,56.15,56.21,56.15,56.57,,56.35,,,40,2252.0,15,F1,1,,,,,,2025-05-13
2025-05-13,2025-05-13,CM,BSE,STK,543227,INE419U01012,HAPPSTMNDS,A,,,,,Happiest Minds Technologies Li,599.4,604.9,591.3,593.4,593.6,609.4,,593.35,,,27389,16313661.0,1501,F1,1,,,,,,2025-05-13
2025-05-13,2025-05-13,CM,BSE,STK,543228,INE450U01017,ROUTE,A,,,,,Route Mobile Limited,954.35,955.45,937.0,938.6,938.2,939.9,,938.65,,,8765,8260002.0,987,F1,1,,,,,,2025-05-13
2025-05-13,2025-05-13,CM,BSE,STK,543229,INE412J01010,SAMRATFORG,X,,,,,Samrat Forgings Limited,280.0,280.0,255.05,280.0,280.0,280.0,,280.0,,,59,16270.0,10,F1,1,,,,,,2025-05-13
2025-05-13,2025-05-13,CM,BSE,STK,543230,INE0ALI01010,ADVAIT,B,,,,,ADVAIT ENERGY TRANSITIONS LIMI,1320.0,1347.0,1290.0,1297.15,1297.15,1243.3,,1297.15,,,56630,74328543.0,2907,F1,1,,,,,,2025-05-13
2025-05-13,2025-05-13,CM,BSE,STK,543231,INE0CHO01012,ADL,B,,,,,Archidply Decor Limited,94.0,94.0,88.66,88.66,88.66,94.99,,89.86,,,97,8722.0,6,F1,1,,,,,,2025-05-13
2025-05-13,2025-05-13,CM,BSE,STK,543232,INE596I01012,CAMS,A,,,,,Computer Age Management Servic,3672.7,3677.9,3607.55,3628.1,3630.5,3672.1,,3626.3,,,34249,124398767.0,6776,F1,1,,,,,,2025-05-13
2025-05-13,2025-05-13,CM,BSE,STK,543233,INE03YM01018,CHEMCON,B,,,,,Chemcon Speciality Chemicals L,202.0,216.0,201.7,211.4,212.9,195.3,,211.59,,,19492,4123254.0,2569,F1,1,,,,,,2025-05-13
2025-05-13,2025-05-13,CM,BSE,STK,543234,INE0BTM01013,SECMARK,B,,,,,Secmark Consultancy Limited,138.75,138.75,128.8,130.5,136.95,128.7,,129.9,,,1689,220723.0,219,F1,1,,,,,,2025-05-13
2025-05-13,2025-05-13,CM,BSE,STK,543235,INE732I01013,ANGELONE,A,,,,,ANGEL ONE LIMITED,2486.15,2503.55,2450.8,2485.85,2485.85,2486.15,,2487.5,,,61346,152154091.0,3509,F1,1,,,,,,2025-05-13
2025-05-13,2025-05-13,CM,BSE,STK,543236,INE09KD01013,ATAM,B,,,,,Atam Valves Limited,99.55,107.4,99.45,103.35,103.15,98.9,,104.25,,,5370,552306.0,182,F1,1,,,,,,2025-05-13
2025-05-13,2025-05-13,CM,BSE,STK,543237,INE249Z01020,MAZDOCK,A,,,,,Mazagon Dock Shipbuilders Limi,2915.85,3032.3,2911.0,3002.3,3002.3,2904.95,,3002.6,,,570385,1707139212.0,32263,F1,1,,,,,,2025-05-13
2025-05-13,2025-05-13,CM,BSE,STK,543238,INE094J01016,UTIAMC,A,,,,,UTI Asset Management Company L,1054.95,1062.9,1032.85,1057.5,1056.0,1045.1,,1058.6,,,5314,5591800.0,764,F1,1,,,,,,2025-05-13
2025-05-13,2025-05-13,CM,BSE,STK,543239,INE0E2801015,GMPL,MT,,,,,G M Polyplast Limited,90.0,91.4,90.0,91.4,91.4,87.15,,91.4,,,2800,254450.0,4,F1,700,,,,,,2025-05-13
2025-05-13,2025-05-13,CM,BSE,STK,543240,INE060901027,LIKHITHA,B,,,,,Likhitha Infrastructure Limite,265.7,271.95,265.7,270.4,271.0,265.7,,270.7,,,14324,3845238.0,678,F1,1,,,,,,2025-05-13
2025-05-13,2025-05-13,CM,BSE,STK,543242,INE0AJG01018,HEMIPROP,A,,,,,Hemisphere Properties India Li,136.15,137.95,135.1,136.45,136.2,135.75,,136.34,,,17214,2353015.0,342,F1,1,,,,,,2025-05-13
2025-05-13,2025-05-13,CM,BSE,STK,543243,INE063P01018,EQUITASBNK,A,,,,,Equitas Small Finance Bank Lim,64.93,64.93,62.83,64.11,64.11,63.64,,64.02,,,206408,13249275.0,1704,F1,1,,,,,,2025-05-13
2025-05-13,2025-05-13,CM,BSE,STK,543245,INE068V01023,GLAND,A,,,,,Gland Pharma Limited,1433.35,1469.0,1430.45,1433.9,1436.0,1430.6,,1433.3,,,8683,12560782.0,936,F1,1,,,,,,2025-05-13
2025-05-13,2025-05-13,CM,BSE,STK,543246,INF769K01GS9,ESG,B,,,,,Mirae Asset Mutual Fund,41.84,42.02,41.43,41.47,41.7,42.02,,41.47,,,1410,58722.0,35,F1,1,,,,,,2025-05-13
2025-05-13,2025-05-13,CM,BSE,STK,543248,INE07T201019,RBA,A,,,,,Restaurant Brands Asia Limited,78.0,80.29,78.0,79.65,79.65,78.74,,79.6,,,59289,4711586.0,618,F1,1,,,,,,2025-05-13
2025-05-13,2025-05-13,CM,BSE,STK,543249,INE0EK901012,TARC,A,,,,,TARC LIMITED,150.75,155.5,149.3,151.5,151.5,151.05,,151.42,,,30987,4707330.0,707,F1,1,,,,,,2025-05-13
2025-05-13,2025-05-13,CM,BSE,STK,543250,INF247L01AK4,MOGSEC,F,,,,,Motilal Oswal Mutual Fund,62.5,62.5,61.26,61.26,61.26,60.95,,61.64,,,3,185.0,3,F1,1,,,,,,2025-05-13
2025-05-13,2025-05-13,CM,BSE,STK,543251,INE09E501017,RVHL,B,,,,,Ravinder Heights Limited,42.3,43.53,42.3,43.25,43.25,42.12,,43.39,,,467,19957.0,27,F1,1,,,,,,2025-05-13
2025-05-13,2025-05-13,CM,BSE,STK,543252,INE0DNW01011,FAIRCHEMOR,B,,,,,Fairchem Organics Limited,795.6,814.0,795.6,803.3,807.25,791.8,,800.15,,,1642,1319333.0,300,F1,1,,,,,,2025-05-13
2025-05-13,2025-05-13,CM,BSE,STK,543253,INE495P01012,BECTORFOOD,A,,,,,Mrs. Bectors Food Specialities,1500.05,1557.95,1500.05,1549.0,1543.7,1503.3,,1548.7,,,9534,14685958.0,1538,F1,1,,,,,,2025-05-13
2025-05-13,2025-05-13,CM,BSE,STK,543254,INE01BK01022,AWHCL,B,,,,,Antony Waste Handling Cell Lim,547.15,563.0,545.55,551.2,551.2,541.75,,551.2,,,33102,18329375.0,2189,F1,1,,,,,,2025-05-13
2025-05-13,2025-05-13,CM,BSE,STK,543255,INF732E01268,INFRABEES,B,,,,,Nippon India Mutual Fund,926.25,926.25,914.0,915.03,916.92,924.53,,915.07,,,790,726170.0,52,F1,1,,,,,,2025-05-13
2025-05-13,2025-05-13,CM,BSE,STK,543257,INE053F01010,IRFC,A,,,,,Indian Railway Finance Corpora,125.8,126.1,123.3,124.75,124.75,125.5,,124.76,,,945959,118070160.0,7891,F1,1,,,,,,2025-05-13
2025-05-13,2025-05-13,CM,BSE,STK,543258,INE09VQ01012,INDIGOPNTS,A,,,,,Indigo Paints Limited,996.9,1009.3,982.8,991.7,989.2,984.85,,990.5,,,10422,10370002.0,950,F1,1,,,,,,2025-05-13
2025-05-13,2025-05-13,CM,BSE,STK,543259,INE481N01025,HOMEFIRST,A,,,,,Home First Finance Company Ind,1185.0,1185.0,1143.3,1168.3,1171.9,1173.05,,1169.9,,,5941,6916777.0,549,F1,1,,,,,,2025-05-13
2025-05-13,2025-05-13,CM,BSE,STK,543260,INE00IN01015,STOVEKRAFT,B,,,,,STOVE KRAFT LIMITED,610.9,635.95,606.95,631.3,632.7,609.95,,630.75,,,1942,1212884.0,194,F1,1,,,,,,2025-05-13
2025-05-13,2025-05-13,CM,BSE,STK,543261,INE0FDU25010,BIRET,IF,,,,,Brookfield India Real Estate T,299.3,299.3,292.5,295.77,295.77,297.28,,295.9,,,3302,976785.0,267,F1,1,,,,,,2025-05-13
2025-05-13,2025-05-13,CM,BSE,STK,543262,INE0D7801012,MRP,M,,,,,MRP Agro Limited,123.5,123.5,121.0,122.6,122.6,119.75,,122.6,,,4000,489100.0,4,F1,1000,,,,,,2025-05-13
2025-05-13,2025-05-13,CM,BSE,STK,543263,INE103C01036,SMCGLOBAL,B,,,,,SMC Global Securities Limited,105.15,107.55,105.15,105.75,106.2,108.3,,105.84,,,13343,1424778.0,543,F1,1,,,,,,2025-05-13
2025-05-13,2025-05-13,CM,BSE,STK,543264,INE0DSF01015,NURECA,T,,,,,Nureca Limited,249.95,249.95,242.65,242.65,242.65,247.6,,242.65,,,630,153745.0,25,F1,1,,,,,,2025-05-13
2025-05-13,2025-05-13,CM,BSE,STK,543265,INE0DD101019,RAILTEL,A,,,,,RailTel Corporation of India L,321.35,331.45,317.45,325.8,325.8,322.45,,325.85,,,271765,88524973.0,6000,F1,1,,,,,,2025-05-13
2025-05-13,2025-05-13,CM,BSE,STK,543266,INE694N01015,HERANBA,T,,,,,Heranba Industries Limited,250.9,255.85,250.9,255.25,255.25,251.05,,255.25,,,2485,633151.0,39,F1,1,,,,,,2025-05-13
2025-05-13,2025-05-13,CM,BSE,STK,543267,INE179G01029,DAVANGERE,B,,,,,Davangere Sugar Company Limite,3.9,4.03,3.86,3.98,3.99,3.88,,3.97,,,267730,1050337.0,449,F1,1,,,,,,2025-05-13
2025-05-13,2025-05-13,CM,BSE,STK,543268,INE03RS01027,DRCSYSTEMS,B,,,,,DRC Systems India Limited,21.39,21.39,20.01,20.22,20.1,20.66,,20.1,,,36658,746598.0,475,F1,1,,,,,,2025-05-13
2025-05-13,2025-05-13,CM,BSE,STK,543270,INE864I01014,MTARTECH,A,,,,,MTAR Technologies Limited,1457.1,1538.0,1444.85,1497.1,1502.0,1454.05,,1494.0,,,18546,27770932.0,1589,F1,1,,,,,,2025-05-13
2025-05-13,2025-05-13,CM,BSE,STK,543271,INE0BY001018,JUBLINGREA,A,,,,,Jubilant Ingrevia Limited,721.7,747.0,691.05,701.2,701.2,718.0,,700.0,,,107460,77754401.0,5075,F1,1,,,,,,2025-05-13
2025-05-13,2025-05-13,CM,BSE,STK,543272,INE07O001026,EASEMYTRIP,A,,,,,Easy Trip Planners Limited,12.33,12.39,12.18,12.3,12.3,12.28,,12.31,,,1236006,15210433.0,2488,F1,1,,,,,,2025-05-13
2025-05-13,2025-05-13,CM,BSE,STK,543273,INE0CJD01011,KMEW,B,,,,,Knowledge Marine & Engineering,1471.9,1480.0,1430.05,1470.45,1480.0,1456.5,,1463.7,,,1494,2174886.0,295,F1,1,,,,,,2025-05-13
2025-05-13,2025-05-13,CM,BSE,STK,543274,INE0EMB01015,SUUMAYA,MT,,,,,SUUMAYA CORPORATION LIMITED,2.74,2.87,2.74,2.85,2.85,2.74,,2.85,,,54000,154467.0,23,F1,450,,,,,,2025-05-13
2025-05-13,2025-05-13,CM,BSE,STK,543275,INE930P01018,ANURAS,A,,,,,Anupam Rasayan India Limited,881.05,915.8,881.05,907.85,903.0,896.3,,907.3,,,4814,4317120.0,394,F1,1,,,,,,2025-05-13
2025-05-13,2025-05-13,CM,BSE,STK,543276,INE00LO01017,CRAFTSMAN,A,,,,,Craftsman Automation Limited,4960.55,5230.95,4960.55,5155.6,5161.9,5031.0,,5156.2,,,1769,9084683.0,591,F1,1,,,,,,2025-05-13
2025-05-13,2025-05-13,CM,BSE,STK,543277,INE576O01020,LXCHEM,A,,,,,Laxmi Organic Industries Limit,181.8,194.4,179.75,193.5,193.5,180.85,,193.45,,,201089,38188836.0,3871,F1,1,,,,,,2025-05-13
2025-05-13,2025-05-13,CM,BSE,STK,543278,INE303R01014,KALYANKJIL,A,,,,,Kalyan Jewellers India Limited,538.95,557.6,536.4,554.8,553.5,538.0,,554.5,,,491658,269609302.0,7287,F1,1,,,,,,2025-05-13
2025-05-13,2025-05-13,CM,BSE,STK,543279,INE428Q01011,SURYODAY,B,,,,,Suryoday Small Finance Bank Li,122.0,127.75,118.5,127.5,127.5,122.95,,127.46,,,27372,3349392.0,599,F1,1,,,,,,2025-05-13
2025-05-13,2025-05-13,CM,BSE,STK,543280,INE418L01021,NAZARA,A,,,,,Nazara Technologies Limited,1164.25,1201.4,1150.0,1194.4,1194.4,1166.2,,1195.3,,,101288,120139602.0,5043,F1,1,,,,,,2025-05-13
2025-05-13,2025-05-13,CM,BSE,STK,543281,INE018401013,SUVIDHAA,T,,,,,Suvidhaa Infoserve Limited,3.8,3.97,3.8,3.82,3.81,3.82,,3.83,,,16701,64681.0,68,F1,1,,,,,,2025-05-13
2025-05-13,2025-05-13,CM,BSE,STK,543283,INE382M01027,BARBEQUE,B,,,,,BARBEQUE-NATION HOSPITALITY LI,334.0,338.25,329.45,336.4,334.9,330.9,,335.55,,,13898,4647574.0,559,F1,1,,,,,,2025-05-13
2025-05-13,2025-05-13,CM,BSE,STK,543284,INE0CPR01018,EKI,T,,,,,EKI Energy Services Limited,99.0,100.9,99.0,100.0,100.0,99.0,,100.0,,,29379,2919110.0,320,F1,1,,,,,,2025-05-13
2025-05-13,2025-05-13,CM,BSE,STK,543285,INE0CQ101015,RCAN,MT,,,,,Rajeshwari Cans Limited,257.0,257.0,248.5,249.0,249.0,247.55,,249.0,,,19200,4807800.0,25,F1,400,,,,,,2025-05-13
2025-05-13,2025-05-13,CM,BSE,STK,543287,INE670K01029,LODHA,A,,,,,Macrotech Developers Limited,1300.05,1313.55,1263.0,1273.2,1273.0,1306.1,,1273.8,,,53121,68047220.0,3330,F1,1,,,,,,2025-05-13
2025-05-13,2025-05-13,CM,BSE,STK,543288,INE0FHS01024,DEEPINDS,B,,,,,Deep Industries Limited,416.0,421.0,408.05,408.7,410.35,416.5,,408.9,,,7604,3160311.0,256,F1,1,,,,,,2025-05-13
2025-05-13,2025-05-13,CM,BSE,STK,543290,INE0GGX23010,PGINVIT,IF,,,,,POWERGRID Infrastructure Inves,82.99,83.13,82.5,82.97,82.97,82.79,,82.98,,,63368,5254669.0,1058,F1,1,,,,,,2025-05-13
2025-05-13,2025-05-13,CM,BSE,STK,543291,INF769K01HF4,MAFANG,B,,,,,Mirae Asset Mutual Fund,128.28,128.38,127.9,128.38,128.38,127.76,,128.38,,,3695,473777.0,26,F1,1,,,,,,2025-05-13
2025-05-13,2025-05-13,CM,BSE,STK,543292,INF109KC1Q72,HEALTHIETF,B,,,,,ICICI Prudential Mutual Fund,140.6,143.77,140.6,141.45,141.43,140.43,,141.66,,,2442,346167.0,142,F1,1,,,,,,2025-05-13
2025-05-13,2025-05-13,CM,BSE,STK,543297,INE0FLR01028,IWEL,B,,,,,Inox Wind Energy Limited,9796.1,9910.5,9741.0,9834.45,9774.0,9791.3,,9825.0,,,72,708949.0,31,F1,1,,,,,,2025-05-13
2025-05-13,2025-05-13,CM,BSE,STK,543298,INE505Y01010,VINEETLAB,T,,,,,Vineet Laboratories Limited,28.4,28.8,28.0,28.6,28.45,28.4,,28.45,,,2346,67013.0,43,F1,1,,,,,,2025-05-13
2025-05-13,2025-05-13,CM,BSE,STK,543299,INE810G01011,SHYAMMETL,A,,,,,Shyam Metalics and Energy Limi,900.0,918.0,887.05,913.95,913.2,892.25,,913.75,,,40816,37011650.0,1849,F1,1,,,,,,2025-05-13
2025-05-13,2025-05-13,CM,BSE,STK,543300,INE073K01018,SONACOMS,A,,,,,Sona BLW Precision Forgings Li,521.9,521.9,506.7,508.2,508.2,520.2,,508.15,,,43661,22374441.0,2531,F1,1,,,,,,2025-05-13
2025-05-13,2025-05-13,CM,BSE,STK,543301,INF200KA1W75,SFMP45GR,F,,,,,SBI Mutual Fund,13.03,13.03,13.03,13.03,13.03,11.85,,13.03,,,1,13.0,1,F1,1,,,,,,2025-05-13
2025-05-13,2025-05-13,CM,BSE,STK,543306,INE021O01019,DODLA,A,,,,,Dodla Dairy Limited,1078.2,1098.2,1074.2,1084.85,1098.2,1082.9,,1086.3,,,839,907798.0,176,F1,1,,,,,,2025-05-13
2025-05-13,2025-05-13,CM,BSE,STK,543308,INE967H01025,KIMS,A,,,,,Krishna Institute of Medical S,670.0,670.0,652.0,658.0,654.8,652.9,,659.0,,,33892,22273655.0,1686,F1,1,,,,,,2025-05-13
2025-05-13,2025-05-13,CM,BSE,STK,543311,INE0D6701023,IPL,B,,,,,India Pesticides Limited,150.0,153.4,148.6,150.1,150.2,150.55,,149.65,,,28894,4356288.0,819,F1,1,,,,,,2025-05-13
2025-05-13,2025-05-13,CM,BSE,STK,543312,INE0DXR01010,FOCUS,MT,,,,,Focus Business Solution Limite,106.0,106.0,106.0,106.0,106.0,107.0,,106.0,,,2700,286200.0,2,F1,1350,,,,,,2025-05-13
2025-05-13,2025-05-13,CM,BSE,STK,543317,INE201P01022,GRINFRA,A,,,,,G R Infraprojects Limited,1102.05,1130.0,1084.65,1122.6,1122.6,1100.95,,1126.7,,,3557,3939586.0,386,F1,1,,,,,,2025-05-13
2025-05-13,2025-05-13,CM,BSE,STK,543318,INE227W01023,CLEAN,A,,,,,Clean Science and Technology L,1237.55,1253.0,1233.4,1248.0,1248.0,1237.55,,1248.2,,,4883,6077647.0,683,F1,1,,,,,,2025-05-13
2025-05-13,2025-05-13,CM,BSE,STK,543320,INE758T01015,ETERNAL,A,,,,,Eternal Limited,238.65,239.5,231.05,231.75,231.75,239.85,,231.66,,,2051981,479761026.0,23770,F1,1,,,,,,2025-05-13
2025-05-13,2025-05-13,CM,BSE,STK,543321,INE0GK401011,TATVA,B,,,,,Tatva Chintan Pharma Chem Limi,772.9,781.7,756.7,764.2,760.7,772.9,,764.25,,,3389,2592555.0,413,F1,1,,,,,,2025-05-13
2025-05-13,2025-05-13,CM,BSE,STK,543322,INE03Q201024,ALIVUS,A,,,,,ALIVUS LIFE SCIENCES LIMITED,1108.9,1145.15,1108.9,1135.05,1140.0,1098.1,,1137.3,,,1379,1564000.0,256,F1,1,,,,,,2025-05-13
2025-05-13,2025-05-13,CM,BSE,STK,543323,INF769K01HI8,BFSI,B,,,,,Mirae Asset Mutual Fund,26.99,27.44,26.81,26.89,26.93,27.19,,26.92,,,55109,1485215.0,473,F1,1,,,,,,2025-05-13
2025-05-13,2025-05-13,CM,BSE,STK,543324,INE199P01028,GCSL,M,,,,,Gretex Corporate Services Limi,286.0,295.0,286.0,295.0,295.0,297.1,,295.0,,,7650,2224620.0,4,F1,765,,,,,,2025-05-13
2025-05-13,2025-05-13,CM,BSE,STK,543325,INE645S01016,ROLEXRINGS,A,,,,,Rolex Rings Limited,1340.55,1404.6,1334.2,1395.0,1395.0,1345.4,,1390.3,,,3798,5239224.0,571,F1,1,,,,,,2025-05-13
2025-05-13,2025-05-13,CM,BSE,STK,543326,INF109KC19V3,FMCGIETF,B,,,,,ICICI Prudential Mutual Fund,60.35,60.5,59.44,59.62,59.75,60.32,,59.59,,,78928,4718692.0,1531,F1,1,,,,,,2025-05-13
2025-05-13,2025-05-13,CM,BSE,STK,543327,INE0GFE01026,EXXARO,B,,,,,Exxaro Tiles Limited,6.59,6.59,6.18,6.23,6.25,6.2,,6.19,,,36350,226345.0,208,F1,1,,,,,,2025-05-13
2025-05-13,2025-05-13,CM,BSE,STK,543328,INE08LI01020,KRSNAA,B,,,,,Krsnaa Diagnostics Limited,736.05,740.0,681.15,684.5,685.45,739.2,,683.7,,,42502,29815571.0,2414,F1,1,,,,,,2025-05-13
2025-05-13,2025-05-13,CM,BSE,STK,543329,INE0H5O01029,WINDLAS,B,,,,,Windlas Biotech Limited,1008.05,1038.95,991.25,999.0,997.65,1002.5,,1004.85,,,5233,5310484.0,568,F1,1,,,,,,2025-05-13
2025-05-13,2025-05-13,CM,BSE,STK,543330,INE872J01023,DEVYANI,A,,,,,Devyani International Limited,176.15,177.5,174.55,175.4,175.4,176.4,,175.51,,,31492,5545481.0,459,F1,1,,,,,,2025-05-13
2025-05-13,2025-05-13,CM,BSE,STK,543331,INE0CT101020,MOL,B,,,,,Meghmani Organics Limited,74.98,79.42,74.81,76.62,76.62,74.97,,76.47,,,560548,43280320.0,3220,F1,1,,,,,,2025-05-13
2025-05-13,2025-05-13,CM,BSE,STK,543332,INE071N01016,EPIGRAL,A,,,,,Epigral Limited,1828.0,1872.15,1801.0,1847.0,1843.0,1843.05,,1848.6,,,5185,9563262.0,704,F1,1,,,,,,2025-05-13
2025-05-13,2025-05-13,CM,BSE,STK,543333,INE290S01011,CARTRADE,A,,,,,CarTrade Tech Limited,1655.95,1670.2,1635.15,1642.1,1642.1,1636.0,,1643.2,,,5717,9438749.0,560,F1,1,,,,,,2025-05-13
2025-05-13,2025-05-13,CM,BSE,STK,543334,INE118D01016,NUVOCO,A,,,,,Nuvoco Vistas Corporation Limi,344.0,346.0,337.6,343.75,343.75,340.4,,340.25,,,3429,1172413.0,209,F1,1,,,,,,2025-05-13
2025-05-13,2025-05-13,CM,BSE,STK,543335,INE852O01025,APTUS,A,,,,,Aptus Value Housing Finance In,322.5,323.0,317.55,320.2,320.45,322.55,,320.0,,,39927,12782026.0,1658,F1,1,,,,,,2025-05-13
2025-05-13,2025-05-13,CM,BSE,STK,543336,INE488A01050,CHEMPLASTS,A,,,,,Chemplast Sanmar Limited,400.0,407.0,396.1,398.6,407.0,399.05,,400.15,,,3721,1484763.0,895,F1,1,,,,,,2025-05-13
2025-05-13,2025-05-13,CM,BSE,STK,543341,INE647W01014,SHARPLINE,XT,,,,,SHARPLINE BROADCAST LIMITED,9.0,9.0,8.55,9.0,9.0,9.0,,9.0,,,30120,258199.0,47,F1,1,,,,,,2025-05-13
2025-05-13,2025-05-13,CM,BSE,STK,543347,INF846K01Y96,AXISTECETF,B,,,,,Axis Mutual Fund,409.9,409.9,401.54,401.93,401.54,413.17,,401.48,,,187,75441.0,11,F1,1,,,,,,2025-05-13
2025-05-13,2025-05-13,CM,BSE,STK,543348,INF846K01Z12,AXISHCETF,B,,,,,Axis Mutual Fund,141.3,141.42,140.3,140.84,141.02,141.17,,140.98,,,718,101236.0,20,F1,1,,,,,,2025-05-13
2025-05-13,2025-05-13,CM,BSE,STK,543349,INE00FF01025,AMIORG,A,,,,,Ami Organics Limited,1195.95,1208.3,1169.35,1174.4,1174.3,1183.6,,1173.4,,,8669,10334385.0,535,F1,1,,,,,,2025-05-13
2025-05-13,2025-05-13,CM,BSE,STK,543350,INE043W01024,VIJAYA,A,,,,,Vijaya Diagnostic Centre Limit,988.15,994.4,963.05,970.0,970.0,992.1,,970.1,,,17012,16617995.0,1283,F1,1,,,,,,2025-05-13
2025-05-13,2025-05-13,CM,BSE,STK,543351,INE0GOA01018,NBL,MS,,,,,Naapbooks Limited,115.3,115.3,115.3,115.3,115.3,121.35,,115.3,,,2400,276720.0,2,F1,1200,,,,,,2025-05-13
2025-05-13,2025-05-13,CM,BSE,STK,543357,INF846K016C7,AXISCETF,B,,,,,Axis Mutual Fund,117.18,117.18,116.28,116.28,116.28,117.18,,116.6,,,963,111978.0,3,F1,1,,,,,,2025-05-13
2025-05-13,2025-05-13,CM,BSE,STK,543358,INE953O01021,SANSERA,A,,,,,Sansera Engineering Limited,1150.35,1201.45,1150.35,1182.3,1180.0,1156.9,,1180.1,,,6889,8151633.0,685,F1,1,,,,,,2025-05-13
2025-05-13,2025-05-13,CM,BSE,STK,543363,INE0GAO01018,PREVEST,M,,,,,Prevest Denpro Limited,473.8,498.35,462.2,494.0,494.0,483.0,,494.0,,,4000,1909120.0,13,F1,200,,,,,,2025-05-13
2025-05-13,2025-05-13,CM,BSE,STK,543364,INE0FW001016,MARKOLINES,M,,,,,Markolines Pavement Technologi,145.0,160.0,144.5,156.85,160.0,149.3,,156.85,,,80000,12477000.0,59,F1,800,,,,,,2025-05-13
2025-05-13,2025-05-13,CM,BSE,STK,543365,INF769K01HP3,MASPTOP50,B,,,,,Mirae Asset Mutual Fund,53.2,53.64,53.06,53.6,53.64,53.17,,53.63,,,64737,3460407.0,650,F1,1,,,,,,2025-05-13
2025-05-13,2025-05-13,CM,BSE,STK,543367,INE045601015,PARAS,A,,,,,Paras Defence and Space Techno,1382.65,1438.05,1356.65,1418.7,1418.7,1379.55,,1418.9,,,120727,169609920.0,4678,F1,1,,,,,,2025-05-13
2025-05-13,2025-05-13,CM,BSE,STK,543373,INE0HLJ01013,SVRL,M,,,,,Shri Venkatesh Refineries Limi,209.9,213.0,205.1,205.1,205.1,205.1,,205.1,,,2000,416550.0,3,F1,500,,,,,,2025-05-13
2025-05-13,2025-05-13,CM,BSE,STK,543374,INE404A01024,ABSLAMC,A,,,,,Aditya Birla Sun Life AMC Limi,684.95,685.65,668.65,673.5,673.9,680.65,,673.65,,,23507,15918324.0,1100,F1,1,,,,,,2025-05-13
2025-05-13,2025-05-13,CM,BSE,STK,543375,INE0I2F01015,PROMAX,MT,,,,,Promax Power Limited,32.51,32.51,32.51,32.51,32.51,34.12,,32.51,,,2500,81275.0,1,F1,2500,,,,,,2025-05-13
2025-05-13,2025-05-13,CM,BSE,STK,543376,INE0GD201014,SAMOR,B,,,,,Samor Reality Limited,73.53,73.53,72.33,73.17,73.17,74.09,,73.17,,,8,582.0,8,F1,1,,,,,,2025-05-13
2025-05-13,2025-05-13,CM,BSE,STK,543377,INE0CWK01019,ADISHAKTI,MT,,,,,Adishakti Loha and Ispat Limit,14.25,14.25,14.25,14.25,14.25,15.0,,14.25,,,10000,142500.0,1,F1,10000,,,,,,2025-05-13
2025-05-13,2025-05-13,CM,BSE,STK,543378,INE0H8H01019,CWD,MS,,,,,CWD Limited,861.0,867.0,861.0,862.4,862.4,880.0,,862.4,,,400,345140.0,4,F1,100,,,,,,2025-05-13
2025-05-13,2025-05-13,CM,BSE,STK,543383,INF109KC1V42,CONSUMIETF,B,,,,,ICICI Prudential Mutual Fund,118.02,118.08,116.56,117.13,117.13,118.12,,117.05,,,2528,296533.0,66,F1,1,,,,,,2025-05-13
2025-05-13,2025-05-13,CM,BSE,STK,543384,INE388Y01029,NYKAA,A,,,,,FSN E-Commerce Ventures Limite,198.8,201.45,195.35,197.55,197.55,198.9,,197.63,,,130132,25825266.0,1700,F1,1,,,,,,2025-05-13
2025-05-13,2025-05-13,CM,BSE,STK,543386,INE02NC01014,FINOPB,B,,,,,Fino Payments Bank Limited,243.75,249.5,239.45,246.15,247.35,243.75,,245.86,,,16842,4124407.0,583,F1,1,,,,,,2025-05-13
2025-05-13,2025-05-13,CM,BSE,STK,543387,INE284S01014,SJS,B,,,,,S.J.S. Enterprises Limited,1060.55,1094.4,1055.0,1079.45,1073.85,1060.5,,1079.25,,,8148,8747986.0,1059,F1,1,,,,,,2025-05-13
2025-05-13,2025-05-13,CM,BSE,STK,543388,INF740KA1QK2,EQUAL50ADD,B,,,,,DSP Mutual Fund,316.67,316.95,315.97,315.97,315.97,311.5,,315.46,,,111,35145.0,5,F1,1,,,,,,2025-05-13
2025-05-13,2025-05-13,CM,BSE,STK,543389,INE0D0K01022,SIGACHI,B,,,,,Sigachi Industries Limited,42.8,44.3,42.79,43.37,43.37,42.64,,43.45,,,160009,6960742.0,1194,F1,1,,,,,,2025-05-13
2025-05-13,2025-05-13,CM,BSE,STK,543390,INE417T01026,POLICYBZR,A,,,,,PB Fintech Limited,1698.0,1731.0,1656.0,1716.15,1703.05,1697.75,,1714.3,,,19376,32985132.0,1630,F1,1,,,,,,2025-05-13
2025-05-13,2025-05-13,CM,BSE,STK,543391,INE07GA01011,SGFRL,MT,,,,,Suyog Gurbaxani Funicular Rope,137.0,142.0,133.0,142.0,142.0,138.25,,142.0,,,7500,1009425.0,7,F1,750,,,,,,2025-05-13
2025-05-13,2025-05-13,CM,BSE,STK,543396,INE982J01020,PAYTM,A,,,,,One 97 Communications Limited,849.0,863.75,823.1,856.55,856.55,866.35,,855.85,,,30740858,25434815773.0,74255,F1,1,,,,,,2025-05-13
2025-05-13,2025-05-13,CM,BSE,STK,543397,INE806T01020,SAPPHIRE,A,,,,,Sapphire Foods India Limited,313.45,313.45,301.05,304.4,305.25,307.3,,304.2,,,5316,1631741.0,375,F1,1,,,,,,2025-05-13
2025-05-13,2025-05-13,CM,BSE,STK,543398,INE0I7C01011,LATENTVIEW,A,,,,,Latent View Analytics Limited,425.45,432.35,419.4,422.6,422.6,425.1,,422.1,,,23954,10164722.0,1176,F1,1,,,,,,2025-05-13
2025-05-13,2025-05-13,CM,BSE,STK,543399,INE144Z01023,TARSONS,B,,,,,Tarsons Products Limited,390.85,404.75,372.5,392.45,396.1,373.75,,391.7,,,8253,3248119.0,691,F1,1,,,,,,2025-05-13
2025-05-13,2025-05-13,CM,BSE,STK,543400,INE0JFE01012,OMNIPOTENT,M,,,,,Omnipotent Industries Limited,12.85,13.11,12.85,13.11,13.11,12.49,,13.11,,,112000,1467780.0,34,F1,2000,,,,,,2025-05-13
2025-05-13,2025-05-13,CM,BSE,STK,543401,INE0BJS01011,GOCOLORS,A,,,,,Go Fashion (India) Limited,865.75,887.95,864.1,879.8,878.95,873.75,,879.4,,,11780,10361517.0,732,F1,1,,,,,,2025-05-13
2025-05-13,2025-05-13,CM,BSE,STK,543410,INE07L501010,DMR,M,,,,,DMR Hydroengineering & Infrast,121.1,121.1,121.1,121.1,121.1,131.15,,121.1,,,750,90825.0,1,F1,750,,,,,,2025-05-13
2025-05-13,2025-05-13,CM,BSE,STK,543411,INE106T01025,HITECH,B,,,,,HI-TECH PIPES LIMITED,94.02,94.89,93.21,93.53,93.58,93.98,,93.56,,,83337,7823620.0,2630,F1,1,,,,,,2025-05-13
2025-05-13,2025-05-13,CM,BSE,STK,543412,INE575P01011,STARHEALTH,A,,,,,Star Health and Allied Insuran,373.55,405.55,370.0,391.45,391.0,373.3,,389.45,,,175142,68347938.0,5291,F1,1,,,,,,2025-05-13
2025-05-13,2025-05-13,CM,BSE,STK,543413,INE011K01018,TEGA,A,,,,,Tega Industries Limited,1333.65,1402.95,1329.3,1376.3,1397.0,1329.6,,1378.6,,,2799,3869281.0,543,F1,1,,,,,,2025-05-13
2025-05-13,2025-05-13,CM,BSE,STK,543414,INF769K01HS7,MAHKTECH,B,,,,,Mirae Asset Mutual Fund,22.56,22.78,22.46,22.69,22.69,23.09,,22.62,,,156079,3543177.0,1080,F1,1,,,,,,2025-05-13
2025-05-13,2025-05-13,CM,BSE,STK,543415,INE463V01026,ANANDRATHI,A,,,,,Anand Rathi Wealth Limited,1719.9,1765.0,1719.9,1756.6,1765.0,1712.85,,1760.0,,,1989,3475296.0,322,F1,1,,,,,,2025-05-13
2025-05-13,2025-05-13,CM,BSE,STK,543416,INE761Y01019,ZODIAC,B,,,,,Zodiac Energy Limited,382.35,393.0,370.2,389.0,390.5,371.6,,389.05,,,6580,2527893.0,687,F1,1,,,,,,2025-05-13
2025-05-13,2025-05-13,CM,BSE,STK,543417,INE0CLI01024,RATEGAIN,A,,,,,RateGain Travel Technologies L,447.1,476.0,447.1,473.75,471.0,464.1,,474.25,,,30112,14100972.0,1348,F1,1,,,,,,2025-05-13
2025-05-13,2025-05-13,CM,BSE,STK,543418,INF754K01OB1,BBETF0432,F,,,,,Edelweiss Mutual Fund,1263.2,1264.0,1263.2,1263.22,1263.22,1269.09,,1265.6,,,1259,1590429.0,6,F1,1,,,,,,2025-05-13
2025-05-13,2025-05-13,CM,BSE,STK,543419,INE217L01019,SHRIRAMPPS,A,,,,,Shriram Properties Limited,78.25,82.52,77.95,81.75,81.95,77.99,,81.67,,,73012,5904952.0,1094,F1,1,,,,,,2025-05-13
2025-05-13,2025-05-13,CM,BSE,STK,543420,INE982V01025,JETFREIGHT,B,,,,,Jet Freight Logistics Limited,13.36,13.92,13.36,13.92,13.92,13.26,,13.84,,,33494,462550.0,92,F1,1,,,,,,2025-05-13
2025-05-13,2025-05-13,CM,BSE,STK,543425,INE0BV301023,MAPMYINDIA,A,,,,,C.E. Info Systems Limited,1960.0,2084.0,1946.0,2073.5,2073.5,1982.0,,2075.7,,,17838,36117490.0,2762,F1,1,,,,,,2025-05-13
2025-05-13,2025-05-13,CM,BSE,STK,543426,INE317I01021,METROBRAND,A,,,,,Metro Brands Limited,1115.95,1144.6,1090.9,1136.9,1132.0,1086.4,,1139.4,,,78168,86883677.0,1110,F1,1,,,,,,2025-05-13
2025-05-13,2025-05-13,CM,BSE,STK,543427,INE804L01022,MEDPLUS,A,,,,,Medplus Health Services Limite,809.05,836.95,809.05,831.5,833.0,823.95,,831.05,,,1036,854882.0,203,F1,1,,,,,,2025-05-13
2025-05-13,2025-05-13,CM,BSE,STK,543428,INE0IX101010,DATAPATTNS,A,,,,,Data Patterns (India) Limited,2399.85,2506.8,2346.55,2484.15,2481.0,2384.4,,2485.2,,,67521,165189324.0,6296,F1,1,,,,,,2025-05-13
2025-05-13,2025-05-13,CM,BSE,STK,543433,INE0GSL01024,HPAL,B,,,,,HP Adhesives Limited,53.25,53.95,52.0,53.37,53.66,53.1,,53.33,,,22403,1190021.0,668,F1,1,,,,,,2025-05-13
2025-05-13,2025-05-13,CM,BSE,STK,543434,INE07RO01027,SUPRIYA,B,,,,,Supriya Lifescience Limited,679.95,683.05,657.2,663.25,662.65,661.9,,664.3,,,15785,10613790.0,894,F1,1,,,,,,2025-05-13
2025-05-13,2025-05-13,CM,BSE,STK,543435,INE0JJS01014,CLARA,M,,,,,CLARA INDUSTRIES LIMITED,28.62,31.1,28.45,30.93,31.0,29.9,,30.93,,,132800,4019939.0,23,F1,4150,,,,,,2025-05-13
2025-05-13,2025-05-13,CM,BSE,STK,543437,INF247L01AU3,MONQ50,B,,,,,Motilal Oswal Mutual Fund,72.1,72.39,71.64,72.12,72.11,71.77,,72.1,,,15509,1115512.0,337,F1,1,,,,,,2025-05-13
2025-05-13,2025-05-13,CM,BSE,STK,543440,INF740KA1CL0,NIFTY50ADD,B,,,,,DSP Mutual Fund,256.19,256.66,254.79,254.86,254.79,257.52,,255.03,,,106,27109.0,34,F1,1,,,,,,2025-05-13
2025-05-13,2025-05-13,CM,BSE,STK,543441,INE925R01014,CMSINFO,A,,,,,CMS Info Systems Limited,447.95,461.2,442.0,451.25,452.0,446.25,,451.1,,,23825,10827711.0,927,F1,1,,,,,,2025-05-13
2025-05-13,2025-05-13,CM,BSE,STK,543442,INE977Y01011,BCONCEPTS,B,,,,,Brand Concepts Limited,372.0,372.0,356.25,356.25,356.25,360.55,,359.1,,,105,38057.0,27,F1,1,,,,,,2025-05-13
2025-05-13,2025-05-13,CM,BSE,STK,543449,INE02WG01024,WEL,B,,,,,WONDER ELECTRICALS LIMITED,157.0,164.1,155.8,162.2,163.15,157.45,,162.47,,,9415,1515468.0,455,F1,1,,,,,,2025-05-13
2025-05-13,2025-05-13,CM,BSE,STK,543450,INF109KC10V2,AUTOIETF,B,,,,,ICICI Prudential Mutual Fund,23.91,23.95,23.57,23.69,23.75,23.83,,23.68,,,32101,761312.0,685,F1,1,,,,,,2025-05-13
2025-05-13,2025-05-13,CM,BSE,STK,543451,INE583L01014,AGSTRA,T,,,,,AGS TRANSACT TECHNOLOGIES LIMI,3.91,4.27,3.91,4.27,4.27,4.07,,4.25,,,443033,1868792.0,440,F1,1,,,,,,2025-05-13
2025-05-13,2025-05-13,CM,BSE,STK,543452,INF109KC1Y56,SILVERIETF,E,,,,,ICICI Prudential Mutual Fund,96.99,97.9,96.46,97.62,97.6,95.11,,97.8,,,111980,10887789.0,800,F1,1,,,,,,2025-05-13
2025-05-13,2025-05-13,CM,BSE,STK,543453,INE0KA601012,ALKOSIGN,MT,,,,,ALKOSIGN LIMITED,94.0,94.0,94.0,94.0,94.0,94.0,,94.0,,,750,70500.0,1,F1,750,,,,,,2025-05-13
2025-05-13,2025-05-13,CM,BSE,STK,543454,INF769K01IB1,MAKEINDIA,B,,,,,Mirae Asset Mutual Fund,139.13,140.15,139.0,139.38,139.38,138.79,,138.56,,,5170,719563.0,40,F1,1,,,,,,2025-05-13
2025-05-13,2025-05-13,CM,BSE,STK,543458,INE699H01024,AWL,A,,,,,AWL AGRI BUSINESS LIMITED,265.0,265.25,261.35,263.1,263.15,262.95,,263.1,,,160500,42257327.0,3023,F1,1,,,,,,2025-05-13
2025-05-13,2025-05-13,CM,BSE,STK,543462,INE060X01026,DEVIT,B,,,,,DEV INFORMATION TECHNOLOGY LIM,105.35,107.05,103.25,105.75,106.8,105.4,,106.13,,,3806,400793.0,220,F1,1,,,,,,2025-05-13
2025-05-13,2025-05-13,CM,BSE,STK,543463,INE825V01034,MANYAVAR,A,,,,,Vedant Fashions Limited,744.0,759.55,730.4,735.3,739.5,739.05,,735.1,,,40854,30141323.0,2489,F1,1,,,,,,2025-05-13
2025-05-13,2025-05-13,CM,BSE,STK,543464,INE0JSJ01014,SPITZE,MT,,,,,Maruti Interior Products Limit,114.95,114.95,114.95,114.95,114.95,111.35,,114.95,,,1000,114950.0,1,F1,1000,,,,,,2025-05-13
2025-05-13,2025-05-13,CM,BSE,STK,543465,INF247L01BK2,MOMOMENTUM,B,,,,,Motilal Oswal Mutual Fund,61.14,61.43,60.67,60.88,60.67,60.92,,60.91,,,1083,66206.0,60,F1,1,,,,,,2025-05-13
2025-05-13,2025-05-13,CM,BSE,STK,543470,INE728Z01015,SOFTTECH,B,,,,,SoftTech Engineers Limited,349.05,352.0,341.05,344.3,341.75,348.9,,347.9,,,1645,566255.0,71,F1,1,,,,,,2025-05-13
2025-05-13,2025-05-13,CM,BSE,STK,543471,INF209KB19F6,SILVER,E,,,,,Aditya Birla Sun Life Mutual F,96.44,98.24,96.44,97.93,97.93,95.37,,97.89,,,86518,8425920.0,547,F1,1,,,,,,2025-05-13
2025-05-13,2025-05-13,CM,BSE,STK,543472,INF209KB11D8,TECH,B,,,,,Aditya Birla Sun Life Mutual F,39.9,40.0,39.25,39.45,39.25,40.32,,39.48,,,1639,65254.0,52,F1,1,,,,,,2025-05-13
2025-05-13,2025-05-13,CM,BSE,STK,543473,INF209KB10C2,HEALTHY,B,,,,,Aditya Birla Sun Life Mutual F,14.38,14.39,14.09,14.24,14.24,13.98,,14.24,,,4702,66937.0,65,F1,1,,,,,,2025-05-13
2025-05-13,2025-05-13,CM,BSE,STK,543474,INF209KB19D1,BSLNIFTY,B,,,,,Aditya Birla Sun Life Mutual F,28.93,28.93,28.27,28.33,28.33,28.65,,28.33,,,34739,985426.0,523,F1,1,,,,,,2025-05-13
2025-05-13,2025-05-13,CM,BSE,STK,543481,INF769K01IC9,MIDCAPETF,B,,,,,Mirae Asset Mutual Fund,20.75,20.87,20.56,20.74,20.66,20.69,,20.78,,,133096,2759821.0,416,F1,1,,,,,,2025-05-13
2025-05-13,2025-05-13,CM,BSE,STK,543482,INE0KCE01017,EUREKAFORB,A,,,,,Eureka Forbes Limited,494.45,520.0,494.45,515.9,518.0,493.45,,515.6,,,14798,7526082.0,965,F1,1,,,,,,2025-05-13
2025-05-13,2025-05-13,CM,BSE,STK,543489,INE079J01017,GATEWAY,A,,,,,Gateway Distriparks Limited,61.6,63.55,61.43,63.22,63.22,61.84,,63.06,,,42523,2670583.0,517,F1,1,,,,,,2025-05-13
2025-05-13,2025-05-13,CM,BSE,STK,543490,INE0CU601026,GMRP&UI,A,,,,,GMR Power and Urban Infra Limi,116.9,116.9,113.1,114.05,114.05,115.05,,114.18,,,203578,23351666.0,1397,F1,1,,,,,,2025-05-13
2025-05-13,2025-05-13,CM,BSE,STK,543497,INE0KQ001017,BCCL,MT,,,,,Bhatia Colour Chem Limited,314.9,318.0,305.55,308.65,308.3,315.0,,308.65,,,17600,5511520.0,15,F1,800,,,,,,2025-05-13
2025-05-13,2025-05-13,CM,BSE,STK,543498,INE0FS801015,MSUMI,A,,,,,Motherson Sumi Wiring India Li,58.23,58.23,56.41,56.76,56.76,57.59,,56.74,,,165302,9377840.0,1675,F1,1,,,,,,2025-05-13
2025-05-13,2025-05-13,CM,BSE,STK,543501,INF247L01BL0,MOLOWVOL,B,,,,,Motilal Oswal Mutual Fund,37.25,37.25,36.92,36.92,36.92,37.04,,36.86,,,31,1148.0,3,F1,1,,,,,,2025-05-13
2025-05-13,2025-05-13,CM,BSE,STK,543512,INE652Z01017,AVROIND,B,,,,,Avro India Limited,162.4,174.95,156.75,174.95,174.95,159.05,,174.95,,,17365,2968655.0,345,F1,1,,,,,,2025-05-13
2025-05-13,2025-05-13,CM,BSE,STK,543513,INE0GIU01018,UMAEXPORTS,B,,,,,Uma Exports Limited,73.54,73.77,70.59,72.03,71.78,73.53,,72.37,,,7807,561219.0,200,F1,1,,,,,,2025-05-13
2025-05-13,2025-05-13,CM,BSE,STK,543514,INE0IQ001011,VERANDA,B,,,,,Veranda Learning Solutions Lim,215.65,215.8,211.0,211.6,211.9,216.75,,211.43,,,4480,953293.0,377,F1,1,,,,,,2025-05-13
2025-05-13,2025-05-13,CM,BSE,STK,543515,INE0KPY01017,SEML,MT,,,,,Sunrise Efficient Marketing Li,209.55,216.0,209.55,215.8,215.8,213.6,,215.8,,,11250,2405212.0,7,F1,750,,,,,,2025-05-13
2025-05-13,2025-05-13,CM,BSE,STK,543516,INE0K5F01014,DHYAANITR,MT,,,,,DHYAANI TRADEVENTTURES LIMITED,14.3,14.88,14.25,14.54,14.59,14.99,,14.54,,,47600,689136.0,14,F1,2800,,,,,,2025-05-13
2025-05-13,2025-05-13,CM,BSE,STK,543517,INE00EV01017,HARIOMPIPE,B,,,,,Hariom Pipe Industries Limited,383.8,383.8,370.25,372.15,372.15,377.9,,371.9,,,25598,9617529.0,1300,F1,1,,,,,,2025-05-13
2025-05-13,2025-05-13,CM,BSE,STK,543523,INE278Y01022,CAMPUS,A,,,,,Campus Activewear Limited,249.05,250.55,247.4,248.7,248.4,249.0,,248.55,,,6662,1659575.0,268,F1,1,,,,,,2025-05-13
2025-05-13,2025-05-13,CM,BSE,STK,543524,INE961O01016,RAINBOW,A,,,,,Rainbow Children's Medicare Li,1351.1,1367.1,1343.1,1360.35,1356.0,1352.25,,1359.9,,,3039,4123248.0,332,F1,1,,,,,,2025-05-13
2025-05-13,2025-05-13,CM,BSE,STK,543525,INE625X01018,SILVERTUC,B,,,,,Silver Touch Technologies Limi,805.0,805.0,729.0,746.3,769.15,738.2,,744.65,,,3549,2650872.0,130,F1,1,,,,,,2025-05-13
2025-05-13,2025-05-13,CM,BSE,STK,543526,INE0J1Y01017,LICI,A,,,,,LIFE INSURANCE CORPORATION OF,816.5,831.8,813.95,826.75,826.75,815.2,,826.4,,,55146,45499190.0,2004,F1,1,,,,,,2025-05-13
2025-05-13,2025-05-13,CM,BSE,STK,543527,INE00F201020,PRUDENT,A,,,,,Prudent Corporate Advisory Ser,2365.8,2464.95,2333.75,2436.15,2438.85,2344.9,,2436.9,,,5750,13845409.0,727,F1,1,,,,,,2025-05-13
2025-05-13,2025-05-13,CM,BSE,STK,543528,INE0JA001018,VENUSPIPES,A,,,,,Venus Pipes & Tubes Limited,1264.0,1305.1,1243.35,1281.65,1279.8,1243.9,,1280.2,,,3149,4031727.0,433,F1,1,,,,,,2025-05-13
2025-05-13,2025-05-13,CM,BSE,STK,543529,INE148O01028,DELHIVERY,A,,,,,Delhivery Limited,311.6,320.4,311.1,318.7,319.0,311.1,,318.7,,,133529,42315596.0,3078,F1,1,,,,,,2025-05-13
2025-05-13,2025-05-13,CM,BSE,STK,543530,INE088F01024,PARADEEP,A,,,,,Paradeep Phosphates Limited,147.5,152.6,146.45,147.75,147.75,147.4,,147.55,,,462381,68715744.0,4576,F1,1,,,,,,2025-05-13
2025-05-13,2025-05-13,CM,BSE,STK,543531,INE05CY01014,TIERRA,X,,,,,Tierra Agrotech Limited,44.1,45.49,42.25,43.45,43.5,46.48,,43.45,,,6949,302516.0,101,F1,1,,,,,,2025-05-13
2025-05-13,2025-05-13,CM,BSE,STK,543532,INE04TZ01018,ETHOSLTD,A,,,,,ETHOS LIMITED,2619.7,2681.1,2555.6,2659.7,2646.6,2570.15,,2663.6,,,2387,6265108.0,463,F1,1,,,,,,2025-05-13
2025-05-13,2025-05-13,CM,BSE,STK,543533,INE01QM01018,EMUDHRA,A,,,,,eMudhra Limited,745.0,747.0,736.2,739.95,744.55,735.45,,739.15,,,5767,4269210.0,460,F1,1,,,,,,2025-05-13
2025-05-13,2025-05-13,CM,BSE,STK,543534,INE0BWX01014,AETHER,A,,,,,Aether Industries Limited,766.95,783.0,747.0,766.15,766.15,806.3,,765.75,,,60982,46639108.0,4210,F1,1,,,,,,2025-05-13
2025-05-13,2025-05-13,CM,BSE,STK,543538,INE0K6L01010,GOEL,MT,,,,,Goel Food Products Limited,17.12,17.47,17.12,17.47,17.47,17.13,,17.47,,,4000,69180.0,2,F1,2000,,,,,,2025-05-13
2025-05-13,2025-05-13,CM,BSE,STK,543539,INE0L0L01012,MODIS,M,,,,,MODI'S NAVNIRMAN LIMITED,242.0,248.0,242.0,245.85,242.05,245.0,,245.85,,,8800,2143160.0,11,F1,400,,,,,,2025-05-13
2025-05-13,2025-05-13,CM,BSE,STK,543540,INE0GTX01019,PGCRL,MT,,,,,Pearl Green Clubs and Resorts,106.25,106.25,106.25,106.25,106.25,104.4,,106.25,,,600,63750.0,1,F1,600,,,,,,2025-05-13
2025-05-13,2025-05-13,CM,BSE,STK,543542,INE0L1C01019,KESAR,M,,,,,KESAR INDIA LIMITED,668.0,668.0,649.45,650.0,650.0,650.0,,650.0,,,8800,5729760.0,10,F1,200,,,,,,2025-05-13
2025-05-13,2025-05-13,CM,BSE,STK,543544,INE0KR801019,JAYANT,MT,,,,,JAYANT INFRATECH LIMITED,84.2,84.2,80.97,80.97,80.97,82.62,,80.97,,,5250,437205.0,7,F1,750,,,,,,2025-05-13
2025-05-13,2025-05-13,CM,BSE,STK,543547,INE0HR601026,DDEVPLSTIK,B,,,,,DDEV PLASTIKS INDUSTRIES LIMIT,268.05,275.35,265.0,273.3,275.0,266.65,,274.2,,,9548,2592727.0,822,F1,1,,,,,,2025-05-13
2025-05-13,2025-05-13,CM,BSE,STK,543563,INF247L01BB1,MOHEALTH,B,,,,,Motilal Oswal Mutual Fund,42.2,42.72,42.2,42.41,42.49,42.12,,42.37,,,3256,138702.0,25,F1,1,,,,,,2025-05-13
2025-05-13,2025-05-13,CM,BSE,STK,543568,INF109KC17C7,MOM30IETF,B,,,,,ICICI Prudential Mutual Fund,30.71,30.71,30.42,30.47,30.47,30.53,,30.45,,,70118,2145419.0,542,F1,1,,,,,,2025-05-13
2025-05-13,2025-05-13,CM,BSE,STK,543569,INF179KC1HR4,HDFCNIF100,B,,,,,HDFC Mutual Fund,25.9,25.9,25.62,25.85,25.9,25.78,,25.63,,,342,8829.0,24,F1,1,,,,,,2025-05-13
2025-05-13,2025-05-13,CM,BSE,STK,543570,INF179KC1HS2,HDFCNEXT50,B,,,,,HDFC Mutual Fund,66.53,66.53,65.8,65.94,65.96,66.16,,65.92,,,10573,699566.0,125,F1,1,,,,,,2025-05-13
2025-05-13,2025-05-13,CM,BSE,STK,543571,INF109KC16E5,INFRAIETF,B,,,,,ICICI Prudential Mutual Fund,92.1,92.1,90.66,90.78,91.2,91.54,,90.82,,,6459,588889.0,227,F1,1,,,,,,2025-05-13
2025-05-13,2025-05-13,CM,BSE,STK,543572,INF740KA1RE3,SILVERADD,E,,,,,DSP Mutual Fund,93.0,94.8,93.0,94.08,94.33,92.17,,94.42,,,2382,224305.0,196,F1,1,,,,,,2025-05-13
2025-05-13,2025-05-13,CM,BSE,STK,543573,INE0DYJ01015,SYRMA,A,,,,,Syrma SGS Technology Limited,543.0,571.8,533.0,565.05,565.05,541.8,,564.45,,,205159,113346324.0,5588,F1,1,,,,,,2025-05-13
2025-05-13,2025-05-13,CM,BSE,STK,543574,INF209KB15K4,NIFTYQLITY,B,,,,,Aditya Birla Sun Life Mutual F,20.83,20.9,20.76,20.81,20.8,20.84,,20.82,,,24018,500189.0,359,F1,1,,,,,,2025-05-13
2025-05-13,2025-05-13,CM,BSE,STK,543575,INF209KB14K7,MOMENTUM,B,,,,,Aditya Birla Sun Life Mutual F,30.1,30.81,30.1,30.26,30.26,30.37,,30.4,,,4546,138342.0,27,F1,1,,,,,,2025-05-13
2025-05-13,2025-05-13,CM,BSE,STK,543576,INF247L01BE5,MOVALUE,B,,,,,Motilal Oswal Mutual Fund,99.2,100.69,98.84,99.33,99.0,99.32,,98.94,,,8933,893748.0,105,F1,1,,,,,,2025-05-13
2025-05-13,2025-05-13,CM,BSE,STK,543578,INE0M3901015,OLATECH,MT,,,,,Olatech Solutions Limited,308.45,308.45,298.4,298.4,298.4,304.45,,298.4,,,2775,838836.0,3,F1,925,,,,,,2025-05-13
2025-05-13,2025-05-13,CM,BSE,STK,543579,INE0JNB01012,NATURO,MT,,,,,NATURO INDIABULL LIMITED,3.51,3.51,3.51,3.51,3.51,3.58,,3.51,,,4000,14040.0,1,F1,4000,,,,,,2025-05-13
2025-05-13,2025-05-13,CM,BSE,STK,543590,INE0KKN01029,RHETAN,B,,,,,Rhetan TMT Limited,17.1,17.6,17.0,17.07,17.09,17.18,,17.07,,,298405,5108211.0,823,F1,1,,,,,,2025-05-13
2025-05-13,2025-05-13,CM,BSE,STK,543591,INE0JS101016,DREAMFOLKS,B,,,,,DREAMFOLKS SERVICES LIMITED,249.0,252.75,244.7,249.6,249.9,245.2,,249.55,,,30425,7572562.0,1257,F1,1,,,,,,2025-05-13
2025-05-13,2025-05-13,CM,BSE,STK,543592,INF179KC1DI2,HDFCSILVER,E,,,,,HDFC Mutual Fund,94.37,94.69,93.85,94.56,94.69,92.88,,94.54,,,25608,2408382.0,184,F1,1,,,,,,2025-05-13
2025-05-13,2025-05-13,CM,BSE,STK,543593,INE0I3401014,DBOL,T,,,,,Dhampur Bio Organics Limited,70.7,73.85,70.4,71.86,71.5,70.4,,71.55,,,2161,154576.0,29,F1,1,,,,,,2025-05-13
2025-05-13,2025-05-13,CM,BSE,STK,543594,INE0MC401013,DPL,MT,,,,,DIPNA PHARMACHEM LIMITED,23.35,23.5,22.43,23.02,23.12,22.57,,23.02,,,42000,970260.0,14,F1,3000,,,,,,2025-05-13
2025-05-13,2025-05-13,CM,BSE,STK,543595,INE0D2I01014,EPBIO,MT,,,,,EP BIOCOMPOSITES LIMITED,122.0,130.0,122.0,130.0,130.0,126.0,,130.0,,,1000,126000.0,2,F1,500,,,,,,2025-05-13
2025-05-13,2025-05-13,CM,BSE,STK,543596,INE668A01016,TMB,A,,,,,Tamilnad Mercantile Bank Limit,455.9,455.9,447.1,448.2,449.5,451.85,,448.7,,,15801,7104879.0,613,F1,1,,,,,,2025-05-13
2025-05-13,2025-05-13,CM,BSE,STK,543597,INE0I0T01010,VOEPL,MT,,,,,Virtuoso Optoelectronics Limit,559.7,570.95,549.0,559.2,570.95,559.7,,559.2,,,10750,5969562.0,31,F1,250,,,,,,2025-05-13
2025-05-13,2025-05-13,CM,BSE,STK,543599,INE0D6I01023,KSOLVES,B,,,,,Ksolves India Limited,337.65,343.85,335.8,339.05,340.4,337.6,,338.6,,,19317,6563106.0,1302,F1,1,,,,,,2025-05-13
2025-05-13,2025-05-13,CM,BSE,STK,543600,INE0JUS01029,HARSHA,B,,,,,Harsha Engineers International,372.9,374.95,367.0,372.4,372.85,370.1,,371.8,,,2324,864681.0,221,F1,1,,,,,,2025-05-13
2025-05-13,2025-05-13,CM,BSE,STK,543605,INF179KC1DL6,HDFCQUAL,B,,,,,HDFC Mutual Fund,56.54,56.54,55.94,56.06,56.02,56.12,,56.09,,,2751,154521.0,46,F1,1,,,,,,2025-05-13
2025-05-13,2025-05-13,CM,BSE,STK,543606,INE0M8901010,CONTAINE,M,,,,,CONTAINE TECHNOLOGIES LIMITED,55.0,57.76,55.0,57.76,57.76,57.16,,57.76,,,2000,112760.0,2,F1,1000,,,,,,2025-05-13
2025-05-13,2025-05-13,CM,BSE,STK,543607,INF179KC1DJ0,HDFCGROWTH,B,,,,,HDFC Mutual Fund,117.24,117.5,116.31,116.63,116.31,117.13,,116.74,,,2276,266033.0,54,F1,1,,,,,,2025-05-13
2025-05-13,2025-05-13,CM,BSE,STK,543608,INF179KC1DK8,HDFCVALUE,B,,,,,HDFC Mutual Fund,133.51,133.51,133.1,133.1,133.1,135.0,,132.99,,,53,7064.0,7,F1,1,,,,,,2025-05-13
2025-05-13,2025-05-13,CM,BSE,STK,543613,INE0KQQ01011,MAFIA,M,,,,,MAFIA TRENDS LIMITED,11.75,11.97,11.75,11.97,11.97,11.4,,11.97,,,8000,94880.0,2,F1,4000,,,,,,2025-05-13
2025-05-13,2025-05-13,CM,BSE,STK,543614,INE0LQS01015,TIPSFILMS,B,,,,,Tips Films Limited,524.2,537.55,509.05,532.4,532.4,540.35,,536.45,,,1200,631088.0,151,F1,1,,,,,,2025-05-13
2025-05-13,2025-05-13,CM,BSE,STK,543615,INE0MNV01014,SRSOLTD,M,,,,,SILICON RENTAL SOLUTIONS LIMIT,210.6,210.95,207.0,210.8,210.8,211.0,,210.8,,,4800,1002680.0,6,F1,800,,,,,,2025-05-13
2025-05-13,2025-05-13,CM,BSE,STK,543619,INE0N0J01014,CNCRD,MT,,,,,Concord Control Systems Limite,1212.8,1212.8,1212.8,1212.8,1212.8,1189.05,,1212.8,,,1250,1516000.0,8,F1,125,,,,,,2025-05-13
2025-05-13,2025-05-13,CM,BSE,STK,543620,INE0LGX01024,INA,M,,,,,INSOLATION ENERGY LIMITED,256.35,265.0,248.1,250.0,250.0,252.45,,250.0,,,244000,62682650.0,365,F1,500,,,,,,2025-05-13
2025-05-13,2025-05-13,CM,BSE,STK,543622,INE0MSK01016,STML,M,,,,,STEELMAN TELECOM LIMITED,144.5,147.0,144.5,147.0,147.0,150.5,,147.0,,,2400,349800.0,2,F1,1200,,,,,,2025-05-13
2025-05-13,2025-05-13,CM,BSE,STK,543623,INE0NC801013,VEDANTASSET,MT,,,,,VEDANT ASSET LIMITED,49.88,49.88,49.88,49.88,49.88,47.51,,49.88,,,1500,74820.0,1,F1,1500,,,,,,2025-05-13
2025-05-13,2025-05-13,CM,BSE,STK,543626,INE02YR01019,EMIL,A,,,,,Electronics Mart India Limited,128.15,133.15,128.15,132.45,133.15,127.95,,132.5,,,17592,2316954.0,238,F1,1,,,,,,2025-05-13
2025-05-13,2025-05-13,CM,BSE,STK,543627,INF179KC1HU8,HDFCLOWVOL,B,,,,,HDFC Mutual Fund,19.9,19.92,19.8,19.92,19.92,19.89,,19.87,,,486,9623.0,7,F1,1,,,,,,2025-05-13
2025-05-13,2025-05-13,CM,BSE,STK,543628,INF179KC1HV6,HDFCMOMENT,B,,,,,HDFC Mutual Fund,30.19,30.51,30.19,30.31,30.4,30.26,,30.26,,,10464,317486.0,85,F1,1,,,,,,2025-05-13
2025-05-13,2025-05-13,CM,BSE,STK,543635,INE0DK501011,PPLPHARMA,A,,,,,PIRAMAL PHARMA LIMITED,215.9,221.25,213.2,214.9,214.9,211.95,,214.84,,,241009,52405304.0,2478,F1,1,,,,,,2025-05-13
2025-05-13,2025-05-13,CM,BSE,STK,543636,INE0A1101019,DCI,B,,,,,Dc Infotech and Communication,262.8,275.0,262.8,275.0,275.0,258.45,,274.7,,,344,93932.0,51,F1,1,,,,,,2025-05-13
2025-05-13,2025-05-13,CM,BSE,STK,543637,INE0N1L01018,PACE,MT,,,,,PACE E-COMMERCE VENTURES LIMIT,23.71,24.5,23.71,24.49,24.5,23.6,,24.49,,,18000,439128.0,15,F1,1200,,,,,,2025-05-13
2025-05-13,2025-05-13,CM,BSE,STK,543638,INE0HMF01019,TRACXN,B,,,,,Tracxn Technologies Limited,55.5,57.65,55.29,57.32,57.45,55.18,,57.25,,,13499,767575.0,284,F1,1,,,,,,2025-05-13
2025-05-13,2025-05-13,CM,BSE,STK,543643,INE117Z01011,NARMADA,B,,,,,Narmada Agrobase Limited,16.49,16.62,16.04,16.29,16.29,16.49,,16.01,,,8633,141659.0,58,F1,1,,,,,,2025-05-13
2025-05-13,2025-05-13,CM,BSE,STK,543644,INE344S01016,INFOBEAN,B,,,,,InfoBeans Technologies Limited,316.5,365.15,313.7,352.55,352.55,304.3,,351.85,,,21338,7402724.0,3188,F1,1,,,,,,2025-05-13
2025-05-13,2025-05-13,CM,BSE,STK,543645,INE05X901010,HPIL,B,,,,,HINDPRAKASH INDUSTRIES LIMITED,134.0,134.0,129.25,129.9,129.9,119.05,,125.71,,,144,18692.0,7,F1,1,,,,,,2025-05-13
2025-05-13,2025-05-13,CM,BSE,STK,543650,INE0KL801015,DCXINDIA,A,,,,,DCX Systems Limited,297.25,308.8,297.25,305.55,305.55,297.2,,305.75,,,160734,48910892.0,3526,F1,1,,,,,,2025-05-13
2025-05-13,2025-05-13,CM,BSE,STK,543652,INE139R01012,FUSION,A,,,,,FUSION FINANCE LIMITED,165.5,174.95,164.65,170.6,170.6,165.5,,170.43,,,115788,19754612.0,3205,F1,1,,,,,,2025-05-13
2025-05-13,2025-05-13,CM,BSE,STK,543653,INE00E101023,BIKAJI,A,,,,,Bikaji Foods International Lim,690.05,707.95,690.0,690.65,693.3,703.55,,690.3,,,4529,3167181.0,328,F1,1,,,,,,2025-05-13
2025-05-13,2025-05-13,CM,BSE,STK,543654,INE474Q01031,MEDANTA,A,,,,,Global Health Limited,1241.95,1245.45,1215.3,1240.2,1215.3,1228.2,,1241.5,,,12915,15985213.0,1090,F1,1,,,,,,2025-05-13
2025-05-13,2025-05-13,CM,BSE,STK,543657,INE128X01021,ACI,A,,,,,Archean Chemical Industries Li,585.0,610.9,582.85,607.7,609.0,589.05,,607.95,,,7880,4741727.0,456,F1,1,,,,,,2025-05-13
2025-05-13,2025-05-13,CM,BSE,STK,543663,INE128S01021,FIVESTAR,A,,,,,Five-Star Business Finance Ltd,695.35,701.45,685.0,687.35,688.9,692.05,,687.2,,,5017,3462514.0,314,F1,1,,,,,,2025-05-13
2025-05-13,2025-05-13,CM,BSE,STK,543664,INE918Z01012,KAYNES,A,,,,,KAYNES TECHNOLOGY INDIA LIMITE,5990.3,6318.25,5948.1,6286.5,6286.5,5979.1,,6285.5,,,41629,257176117.0,5082,F1,1,,,,,,2025-05-13
2025-05-13,2025-05-13,CM,BSE,STK,543665,INF179KC1IA8,HDFCNIFIT,B,,,,,HDFC Mutual Fund,39.15,39.15,38.85,38.91,38.91,39.6,,38.88,,,1041,40569.0,26,F1,1,,,,,,2025-05-13
2025-05-13,2025-05-13,CM,BSE,STK,543666,INF179KC1HZ7,HDFCPVTBAN,B,,,,,HDFC Mutual Fund,27.9,27.98,27.71,27.73,27.73,27.94,,27.77,,,15879,441432.0,48,F1,1,,,,,,2025-05-13
2025-05-13,2025-05-13,CM,BSE,STK,543667,INE510W01014,INOXGREEN,A,,,,,INOX GREEN ENERGY SERVICES LIM,138.9,148.9,138.2,144.35,144.5,138.5,,144.41,,,374499,54373868.0,3639,F1,1,,,,,,2025-05-13
2025-05-13,2025-05-13,CM,BSE,STK,543668,INE01EE01011,BBTCL,B,,,,,B&B Triplewall Containers Limi,159.3,160.6,140.05,160.4,160.0,157.5,,157.71,,,70,11116.0,48,F1,1,,,,,,2025-05-13
2025-05-13,2025-05-13,CM,BSE,STK,543669,INE263M01029,RUSTOMJEE,B,,,,,Keystone Realtors Limited,530.0,532.95,510.0,516.25,518.4,511.6,,515.15,,,2379,1248133.0,334,F1,1,,,,,,2025-05-13
2025-05-13,2025-05-13,CM,BSE,STK,543670,INE01KI01027,VINNY,T,,,,,VINNY OVERSEAS LIMITED,1.42,1.45,1.4,1.45,1.45,1.39,,1.45,,,254256,364679.0,168,F1,1,,,,,,2025-05-13
2025-05-13,2025-05-13,CM,BSE,STK,543671,INE0D0U01013,AAATECH,B,,,,,AAA TECHNOLOGIES LIMITED,81.6,82.67,81.02,81.72,82.6,81.02,,82.28,,,10952,899106.0,246,F1,1,,,,,,2025-05-13
2025-05-13,2025-05-13,CM,BSE,STK,543677,INF109KC17L8,FINIETF,B,,,,,ICICI Prudential Mutual Fund,28.38,28.5,28.05,28.31,28.05,28.41,,28.39,,,24516,695790.0,235,F1,1,,,,,,2025-05-13
2025-05-13,2025-05-13,CM,BSE,STK,543678,INE0N6V01016,AMBOAGRI,MT,,,,,AMBO AGRITEC LIMITED,79.98,88.3,79.98,87.99,87.99,84.18,,87.99,,,3000,256270.0,3,F1,1000,,,,,,2025-05-13
2025-05-13,2025-05-13,CM,BSE,STK,543686,INE792Z01011,SIRCA,B,,,,,Sirca Paints India Limited,267.2,271.65,261.95,267.95,265.0,261.95,,267.6,,,1598,429348.0,98,F1,1,,,,,,2025-05-13
2025-05-13,2025-05-13,CM,BSE,STK,543687,INE00OQ01016,DHARMAJ,B,,,,,Dharmaj Crop Guard Limited,230.65,247.5,230.65,239.65,241.55,242.95,,239.39,,,3134,753740.0,395,F1,1,,,,,,2025-05-13
2025-05-13,2025-05-13,CM,BSE,STK,543688,INE324X01026,SARVESHWAR,B,,,,,Sarveshwar Foods Limited,6.75,6.87,6.54,6.76,6.78,6.63,,6.75,,,378838,2552514.0,744,F1,1,,,,,,2025-05-13
2025-05-13,2025-05-13,CM,BSE,STK,543689,INE244O01017,UNIPARTS,B,,,,,Uniparts India Limited,329.9,335.1,323.55,332.85,332.85,326.0,,332.7,,,7252,2389806.0,680,F1,1,,,,,,2025-05-13
2025-05-13,2025-05-13,CM,BSE,STK,543700,INF109KC18O0,GSEC10IETF,F,,,,,ICICI Prudential Mutual Fund,254.8,256.21,254.8,256.21,256.21,255.48,,255.61,,,78,19978.0,2,F1,1,,,,,,2025-05-13
2025-05-13,2025-05-13,CM,BSE,STK,543709,INE0NT601018,GARGI,M,,,,,PNGS GARGI FASHION JEWELLERY L,950.0,965.0,907.0,948.25,947.0,945.1,,948.25,,,42125,39223156.0,245,F1,125,,,,,,2025-05-13
2025-05-13,2025-05-13,CM,BSE,STK,543710,INF109KC19O8,COMMOIETF,B,,,,,ICICI Prudential Mutual Fund,85.5,87.28,85.5,86.15,85.63,87.47,,86.37,,,5311,458310.0,171,F1,1,,,,,,2025-05-13
2025-05-13,2025-05-13,CM,BSE,STK,543711,INE142Q01026,SULA,A,,,,,Sula Vineyards Limited,291.65,293.75,286.0,290.85,292.0,288.2,,290.0,,,12868,3729670.0,684,F1,1,,,,,,2025-05-13
2025-05-13,2025-05-13,CM,BSE,STK,543712,INE00ZE01026,AFSL,B,,,,,ABANS FINANCIAL SERVICES LIMIT,207.5,207.5,200.05,203.1,204.65,204.95,,204.38,,,510,103962.0,67,F1,1,,,,,,2025-05-13
2025-05-13,2025-05-13,CM,BSE,STK,543713,INE0MQD01015,DRONACHRYA,MT,,,,,Droneacharya Aerial Innovation,75.1,75.1,75.1,75.1,75.1,71.53,,75.1,,,19000,1426900.0,19,F1,1000,,,,,,2025-05-13
2025-05-13,2025-05-13,CM,BSE,STK,543714,INE559R01029,LANDMARK,B,,,,,LANDMARK CARS LIMITED,429.55,438.75,426.0,436.15,437.9,427.85,,435.15,,,1826,793510.0,178,F1,1,,,,,,2025-05-13
2025-05-13,2025-05-13,CM,BSE,STK,543715,INE059901020,IEL,B,,,,,Indiabulls Enterprises Limited,15.62,15.62,15.38,15.52,15.52,14.88,,15.71,,,3249,50706.0,22,F1,1,,,,,,2025-05-13
2025-05-13,2025-05-13,CM,BSE,STK,543720,INE138Y01010,KFINTECH,A,,,,,KFin Technologies Limited,1075.0,1078.45,1041.0,1047.7,1047.7,1117.65,,1047.8,,,1233512,1298745741.0,22661,F1,1,,,,,,2025-05-13
2025-05-13,2025-05-13,CM,BSE,STK,543725,INE050401020,ELIN,B,,,,,Elin Electronics Limited,150.0,166.4,150.0,164.75,164.5,149.55,,164.21,,,24657,3873630.0,598,F1,1,,,,,,2025-05-13
2025-05-13,2025-05-13,CM,BSE,STK,543732,INE855R01021,RADIANTCMS,B,,,,,Radiant Cash Management Servic,65.24,66.64,64.31,64.88,64.88,65.25,,64.93,,,11963,779582.0,413,F1,1,,,,,,2025-05-13
2025-05-13,2025-05-13,CM,BSE,STK,543737,INE09BN01011,AVEER,X,,,,,Aveer Foods Limited,788.9,788.9,750.0,750.0,750.0,725.45,,750.0,,,116,87450.0,5,F1,1,,,,,,2025-05-13
2025-05-13,2025-05-13,CM,BSE,STK,543738,INF740KA1RX3,BANKETFADD,B,,,,,DSP Mutual Fund,55.78,55.79,55.78,55.79,55.79,55.03,,55.78,,,11,613.0,2,F1,1,,,,,,2025-05-13
2025-05-13,2025-05-13,CM,BSE,STK,543743,INE035801013,SAH,B,,,,,Sah Polymers Limited,91.23,95.86,85.0,86.92,85.01,92.82,,90.59,,,1268,119107.0,142,F1,1,,,,,,2025-05-13
2025-05-13,2025-05-13,CM,BSE,STK,543745,INE0MID01012,SVS,M,,,,,SVS VENTURES LIMITED,12.36,12.75,12.36,12.36,12.36,12.98,,12.36,,,24000,298980.0,4,F1,6000,,,,,,2025-05-13
2025-05-13,2025-05-13,CM,BSE,STK,543746,INE0BSU01018,LOGICA,M,,,,,LOGICA INFOWAY LIMITED,239.0,240.0,232.0,235.45,237.0,235.55,,235.45,,,7200,1698810.0,12,F1,600,,,,,,2025-05-13
2025-05-13,2025-05-13,CM,BSE,STK,543747,INE0BTI01037,KAMOPAINTS,T,,,,,Kamdhenu Ventures Limited,11.05,11.21,11.05,11.19,11.1,10.68,,11.11,,,24413,272646.0,77,F1,1,,,,,,2025-05-13
2025-05-13,2025-05-13,CM,BSE,STK,543748,INE0LRU01027,AARTIPHARM,A,,,,,Aarti Pharmalabs Limited,797.0,809.5,778.85,780.35,780.0,798.65,,780.55,,,29273,23182492.0,1490,F1,1,,,,,,2025-05-13
2025-05-13,2025-05-13,CM,BSE,STK,543753,INE0M9Q01011,DHARNI,MT,,,,,DHARNI CAPITAL SERVICES LIMITE,52.0,52.0,52.0,52.0,52.0,51.5,,52.0,,,9000,468000.0,3,F1,3000,,,,,,2025-05-13
2025-05-13,2025-05-13,CM,BSE,STK,543765,INE0O4V01010,EARTH,M,,,,,Earthstahl & Alloys Limited,27.56,27.56,26.1,27.35,27.35,29.25,,27.35,,,12000,324030.0,4,F1,3000,,,,,,2025-05-13
2025-05-13,2025-05-13,CM,BSE,STK,543766,INE094B01013,ASHIKA,XT,,,,,Ashika Credit Capital Ltd.,321.5,330.85,311.0,330.85,330.85,315.1,,330.85,,,21947,7061909.0,154,F1,1,,,,,,2025-05-13
2025-05-13,2025-05-13,CM,BSE,STK,543767,INE0EEJ01023,BTML,B,,,,,BODHI TREE MULTIMEDIA LIMITED,8.13,8.13,7.85,7.87,7.92,7.95,,7.84,,,57644,458690.0,170,F1,1,,,,,,2025-05-13
2025-05-13,2025-05-13,CM,BSE,STK,543768,INE0NNS01018,NSLNISP,A,,,,,NMDC Steel Limited,36.34,36.65,35.66,36.23,36.23,36.25,,36.21,,,464819,16885209.0,1772,F1,1,,,,,,2025-05-13
2025-05-13,2025-05-13,CM,BSE,STK,543769,INE0KN201016,INDONG,M,,,,,INDONG TEA COMPANY LIMITED,20.3,20.3,19.98,19.98,19.98,18.0,,19.98,,,8000,161120.0,2,F1,4000,,,,,,2025-05-13
2025-05-13,2025-05-13,CM,BSE,STK,543774,INF179KC1EZ4,HDFCBSE500,B,,,,,HDFC Mutual Fund,35.85,36.05,35.65,35.65,35.65,35.71,,35.71,,,3838,137348.0,20,F1,1,,,,,,2025-05-13
2025-05-13,2025-05-13,CM,BSE,STK,543775,INF179KC1FB2,HDFCSML250,B,,,,,HDFC Mutual Fund,157.65,158.83,157.38,158.49,158.75,157.65,,158.49,,,67143,10621446.0,808,F1,1,,,,,,2025-05-13
2025-05-13,2025-05-13,CM,BSE,STK,543776,INF179KC1HT0,HDFCMID150,B,,,,,HDFC Mutual Fund,20.57,20.67,20.39,20.62,20.67,20.47,,20.55,,,51289,1055020.0,645,F1,1,,,,,,2025-05-13
2025-05-13,2025-05-13,CM,BSE,STK,543781,INF769K01JP9,GOLDETF,E,,,,,Mirae Asset Mutual Fund,92.42,92.85,91.66,92.69,92.69,91.82,,92.78,,,50700,4679618.0,2159,F1,1,,,,,,2025-05-13
2025-05-13,2025-05-13,CM,BSE,STK,543782,INE0O4601016,SEALMATIC,M,,,,,Sealmatic India Limited,523.0,530.0,510.0,514.25,523.0,523.6,,514.25,,,4950,2557627.0,25,F1,150,,,,,,2025-05-13
2025-05-13,2025-05-13,CM,BSE,STK,543787,INE0OLH01013,ROBU,MT,,,,,Macfos Limited,785.1,785.1,780.0,782.0,782.0,785.15,,782.0,,,2100,1645080.0,8,F1,150,,,,,,2025-05-13
2025-05-13,2025-05-13,CM,BSE,STK,543798,INE0NPA01011,PATRON,M,,,,,Patron Exim Limited,6.55,6.55,6.55,6.55,6.55,6.55,,6.55,,,4000,26200.0,1,F1,4000,,,,,,2025-05-13
2025-05-13,2025-05-13,CM,BSE,STK,543799,INE0JZS01010,SVJ,MT,,,,,S. V. J. Enterprises Limited,219.95,221.2,219.95,220.6,221.2,221.25,,220.6,,,7500,1650712.0,7,F1,750,,,,,,2025-05-13
2025-05-13,2025-05-13,CM,BSE,STK,543805,INE0NYN01016,RESGEN,M,,,,,RESGEN LIMITED,86.0,86.0,77.6,78.71,79.9,81.89,,78.71,,,69000,5509237.0,88,F1,750,,,,,,2025-05-13
2025-05-13,2025-05-13,CM,BSE,STK,543806,INE0O6A01019,ITCONS,MT,,,,,ITCONS E-Solutions Limited,509.9,532.5,504.45,517.25,518.4,530.95,,517.25,,,9400,4825910.0,42,F1,200,,,,,,2025-05-13
2025-05-13,2025-05-13,CM,BSE,STK,543811,INE645W01026,AIRAN,B,,,,,AIRAN LIMITED,26.5,27.28,26.3,26.62,26.6,26.44,,26.6,,,24486,653192.0,455,F1,1,,,,,,2025-05-13
2025-05-13,2025-05-13,CM,BSE,STK,543812,INE753U01022,DIVGIITTS,B,,,,,DIVGI TORQTRANSFER SYSTEMS LIM,483.4,514.0,483.4,502.5,502.2,487.45,,503.7,,,313,158135.0,110,F1,1,,,,,,2025-05-13
2025-05-13,2025-05-13,CM,BSE,STK,543813,INF209KB18T9,ABSLLIQUID,F,,,,,Aditya Birla Sun Life Mutual F,1000.0,1000.01,999.99,999.99,999.99,999.99,,999.99,,,116,116000.0,4,F1,1,,,,,,2025-05-13
2025-05-13,2025-05-13,CM,BSE,STK,543814,INE0OKG01017,PCL,MT,,,,,PROSPECT CONSUMER PRODUCTS LIM,67.0,67.2,67.0,67.2,67.2,65.5,,67.2,,,2000,134200.0,2,F1,1000,,,,,,2025-05-13
2025-05-13,2025-05-13,CM,BSE,STK,543819,INF109KC10S8,PSUBNKIETF,B,,,,,ICICI Prudential Mutual Fund,65.28,66.46,65.28,66.2,66.35,65.21,,66.17,,,21369,1408045.0,157,F1,1,,,,,,2025-05-13
2025-05-13,2025-05-13,CM,BSE,STK,543828,INE00TV01023,SUDARSHAN,MT,,,,,SUDARSHAN PHARMA INDUSTRIES LI,29.63,29.69,29.6,29.69,29.69,28.28,,29.69,,,108000,3205680.0,23,F1,4000,,,,,,2025-05-13
2025-05-13,2025-05-13,CM,BSE,STK,543829,INE0JSX01015,GSLSU,B,,,,,Global Surfaces Limited,110.0,112.0,109.5,110.0,110.0,109.45,,110.99,,,581,63994.0,31,F1,1,,,,,,2025-05-13
2025-05-13,2025-05-13,CM,BSE,STK,543831,INE0OMI01019,BRIGHT,M,,,,,Bright Outdoor Media Limited,489.0,489.0,489.0,489.0,489.0,489.0,,489.0,,,500,244500.0,1,F1,250,,,,,,2025-05-13
2025-05-13,2025-05-13,CM,BSE,STK,543860,INE825B01010,JAFINANCE,XT,,,,,J.A. Finance Limited,165.0,165.0,165.0,165.0,165.0,162.05,,165.0,,,35,5775.0,1,F1,1,,,,,,2025-05-13
2025-05-13,2025-05-13,CM,BSE,STK,543861,INE0N0Y01013,USK,B,,,,,Udayshivakumar infra limited,38.19,38.63,37.82,37.97,38.0,37.81,,38.21,,,3893,148307.0,120,F1,1,,,,,,2025-05-13
2025-05-13,2025-05-13,CM,BSE,STK,543874,INE0O1T01010,MAIDEN,M,,,,,Maiden Forgings Limited,69.0,69.0,66.25,66.81,66.81,69.0,,66.81,,,5000,335410.0,5,F1,1000,,,,,,2025-05-13
2025-05-13,2025-05-13,CM,BSE,STK,543875,INF769K01KF8,GSEC10YEAR,F,,,,,Mirae Asset Mutual Fund,29.02,29.02,28.81,29.0,29.0,29.07,,29.0,,,9938,288002.0,7,F1,1,,,,,,2025-05-13
2025-05-13,2025-05-13,CM,BSE,STK,543895,INE0O8901016,EXHICON,M,,,,,Exhicon Events Media Solutions,324.95,334.0,316.0,318.05,317.3,304.4,,318.05,,,257500,84132825.0,377,F1,500,,,,,,2025-05-13
2025-05-13,2025-05-13,CM,BSE,STK,543896,INE0LCL01028,AVALON,B,,,,,Avalon Technologies Limited,860.0,872.95,846.0,853.95,853.95,868.7,,854.8,,,51579,44271457.0,1556,F1,1,,,,,,2025-05-13
2025-05-13,2025-05-13,CM,BSE,STK,543897,INE0P7001013,SANCODE,MT,,,,,Sancode Technologies Limited,42.71,42.71,42.71,42.71,42.71,43.58,,42.71,,,4500,192195.0,3,F1,1500,,,,,,2025-05-13
2025-05-13,2025-05-13,CM,BSE,STK,543898,INE0N7W01012,BLAL,B,,,,,BEML Land Assets Limited,200.35,201.7,198.55,200.8,201.25,198.2,,200.52,,,984,197252.0,78,F1,1,,,,,,2025-05-13
2025-05-13,2025-05-13,CM,BSE,STK,543900,INF789F1AYK6,SILVERETF,E,,,,,UTI Mutual Fund,93.86,95.3,93.86,95.02,94.63,92.37,,95.07,,,99697,9437937.0,460,F1,1,,,,,,2025-05-13
2025-05-13,2025-05-13,CM,BSE,STK,543901,INE508K01013,RHL,B,,,,,ROBUST HOTELS LIMITED,244.0,244.0,228.0,228.0,228.0,234.0,,235.99,,,16,3664.0,2,F1,1,,,,,,2025-05-13
2025-05-13,2025-05-13,CM,BSE,STK,543902,INE0NTC01019,RETINA,MT,,,,,Retina Paints Limited,59.85,59.85,56.0,59.4,59.4,57.1,,59.4,,,6000,350500.0,3,F1,2000,,,,,,2025-05-13
2025-05-13,2025-05-13,CM,BSE,STK,543903,INF740KA1SW3,GOLDETFADD,E,,,,,DSP Mutual Fund,92.4,92.98,91.31,92.92,92.85,91.57,,92.89,,,6108,561848.0,76,F1,1,,,,,,2025-05-13
2025-05-13,2025-05-13,CM,BSE,STK,543904,INE634S01028,MANKIND,A,,,,,Mankind Pharma Limited,2526.4,2563.0,2520.0,2548.0,2541.0,2497.8,,2547.3,,,5551,14129113.0,666,F1,1,,,,,,2025-05-13
2025-05-13,2025-05-13,CM,BSE,STK,543905,INE0LDI01022,INNOKAIZ,MT,,,,,INNOKAIZ INDIA LIMITED,17.19,17.19,17.19,17.19,17.19,17.54,,17.19,,,3200,55008.0,4,F1,800,,,,,,2025-05-13
2025-05-13,2025-05-13,CM,BSE,STK,543910,INE680Z01018,AVG,T,,,,,AVG Logistics Limited,258.5,258.5,248.25,255.0,255.0,246.2,,250.28,,,3690,936727.0,65,F1,1,,,,,,2025-05-13
2025-05-13,2025-05-13,CM,BSE,STK,543911,INE0ALR01029,ATALREAL,B,,,,,Atal Realtech Limited,14.0,14.87,14.0,14.67,14.67,14.49,,14.78,,,4342,63698.0,35,F1,1,,,,,,2025-05-13
2025-05-13,2025-05-13,CM,BSE,STK,543912,INE557Z01018,PIGL,T,,,,,Power & Instrumentation (Gujar,155.85,155.85,155.85,155.85,155.85,159.0,,155.85,,,343,53456.0,11,F1,1,,,,,,2025-05-13
2025-05-13,2025-05-13,CM,BSE,STK,543913,INE0NDH25011,NXST,IF,,,,,Nexus Select Trust,132.99,134.0,131.1,132.58,132.6,131.15,,132.69,,,25483,3374972.0,395,F1,1,,,,,,2025-05-13
2025-05-13,2025-05-13,CM,BSE,STK,543914,INE210F01016,SWATIPRO,XT,,,,,Swati Projects Limited,25.18,25.73,23.29,25.35,25.54,24.51,,25.35,,,11125,275460.0,170,F1,1,,,,,,2025-05-13
2025-05-13,2025-05-13,CM,BSE,STK,543915,INE07S101020,PAVNAIND,B,,,,,Pavna Industries Limited,388.85,412.0,382.0,411.65,411.3,392.85,,413.05,,,1807,717871.0,110,F1,1,,,,,,2025-05-13
2025-05-13,2025-05-13,CM,BSE,STK,543916,INE0GYI01028,HSIL,M,,,,,Hemant Surgical Industries Lim,101.0,107.95,100.0,106.91,107.95,102.5,,106.91,,,20800,2165064.0,24,F1,800,,,,,,2025-05-13
2025-05-13,2025-05-13,CM,BSE,STK,543917,INE0A0S01010,SIGMA,B,,,,,SIGMA SOLVE LIMITED,312.75,321.0,302.5,309.1,308.1,312.75,,307.95,,,2967,930460.0,295,F1,1,,,,,,2025-05-13
2025-05-13,2025-05-13,CM,BSE,STK,543918,INE0PA801013,GHCLTEXTIL,B,,,,,GHCL Textiles Limited,90.25,92.18,88.91,89.26,89.33,90.15,,89.47,,,8751,791662.0,346,F1,1,,,,,,2025-05-13
2025-05-13,2025-05-13,CM,BSE,STK,543919,INE964W01021,MKPL,B,,,,,M.K.Proteins Limited,6.7,6.71,6.35,6.66,6.66,6.54,,6.67,,,35400,231536.0,327,F1,1,,,,,,2025-05-13
2025-05-13,2025-05-13,CM,BSE,STK,543920,INE0NJ001013,CFF,MT,,,,,CFF FLUID CONTROL LIMITED,540.0,544.0,540.0,540.0,540.0,533.45,,540.0,,,9200,4982800.0,24,F1,200,,,,,,2025-05-13
2025-05-13,2025-05-13,CM,BSE,STK,543921,INE0NXA01015,COMRADE,MT,,,,,Comrade Appliances Limited,100.83,100.83,100.83,100.83,100.83,98.86,,100.83,,,1000,100830.0,1,F1,1000,,,,,,2025-05-13
2025-05-13,2025-05-13,CM,BSE,STK,543922,INF769K01KG6,SILVRETF,E,,,,,Mirae Asset Mutual Fund,94.05,96.0,94.05,95.53,95.53,93.06,,95.73,,,5921,564200.0,54,F1,1,,,,,,2025-05-13
2025-05-13,2025-05-13,CM,BSE,STK,543923,INE0LOJ01019,IKIO,B,,,,,IKIO Technologies Limited,228.5,236.25,228.2,235.55,232.95,227.25,,235.58,,,3774,879071.0,281,F1,1,,,,,,2025-05-13
2025-05-13,2025-05-13,CM,BSE,STK,543924,INE0N5O01013,SONALIS,MT,,,,,Sonalis Consumer Products Limi,60.55,61.0,60.55,61.0,61.0,63.73,,61.0,,,4000,243100.0,2,F1,2000,,,,,,2025-05-13
2025-05-13,2025-05-13,CM,BSE,STK,543926,INE0OJ401014,BIZOTIC,M,,,,,Bizotic Commercial Limited,111.75,111.75,108.0,108.0,108.0,110.9,,108.0,,,6400,699800.0,7,F1,800,,,,,,2025-05-13
2025-05-13,2025-05-13,CM,BSE,STK,543927,INE04Z101016,ASIAN,X,,,,,Asian Warehousing Limited,53.99,54.0,50.0,52.58,53.19,51.9,,52.58,,,8544,442501.0,77,F1,1,,,,,,2025-05-13
2025-05-13,2025-05-13,CM,BSE,STK,543928,INE0ORA01015,COSMICCRF,M,,,,,Cosmic CRF Limited,1247.95,1310.0,1224.0,1283.0,1301.0,1247.1,,1283.0,,,14400,18088065.0,117,F1,100,,,,,,2025-05-13
2025-05-13,2025-05-13,CM,BSE,STK,543929,INE0ECP01024,HMAAGRO,B,,,,,HMA Agro Industries Limited,32.48,32.48,30.97,32.16,32.0,31.47,,31.98,,,28109,896231.0,638,F1,1,,,,,,2025-05-13
2025-05-13,2025-05-13,CM,BSE,STK,543930,INE568Z01015,URAVIDEF,T,,,,,Uravi Defence and Technology L,521.95,533.5,510.0,517.0,517.0,521.95,,518.1,,,3745,1936971.0,138,F1,1,,,,,,2025-05-13
2025-05-13,2025-05-13,CM,BSE,STK,543931,INE0Q0M01015,VEEFIN,MT,,,,,VEEFIN SOLUTIONS LIMITED,315.65,328.4,315.65,321.5,320.0,315.65,,321.5,,,92400,29930400.0,165,F1,200,,,,,,2025-05-13
2025-05-13,2025-05-13,CM,BSE,STK,543932,INE349Y01013,IDEAFORGE,A,,,,,IDEAFORGE TECHNOLOGY LIMITED,487.0,549.9,476.15,536.9,536.9,491.4,,538.1,,,347676,178035950.0,9247,F1,1,,,,,,2025-05-13
2025-05-13,2025-05-13,CM,BSE,STK,543933,INE055S01018,CYIENTDLM,A,,,,,Cyient DLM Limited,462.95,467.95,445.45,465.9,465.7,450.65,,465.35,,,21574,9945120.0,1116,F1,1,,,,,,2025-05-13
2025-05-13,2025-05-13,CM,BSE,STK,543934,INE01BT01015,MACIND,X,,,,,Machhar Industries Limited,340.0,340.0,337.55,337.55,337.55,355.3,,337.55,,,38,12900.0,7,F1,1,,,,,,2025-05-13
2025-05-13,2025-05-13,CM,BSE,STK,543935,INF740KA1SX1,ITETFADD,B,,,,,DSP Mutual Fund,38.9,38.9,38.51,38.66,38.9,38.16,,38.62,,,662,25712.0,5,F1,1,,,,,,2025-05-13
2025-05-13,2025-05-13,CM,BSE,STK,543936,INE602W01027,SENCO,A,,,,,Senco Gold Limited,364.95,369.95,353.0,355.1,355.1,352.35,,355.2,,,275296,100877589.0,4983,F1,1,,,,,,2025-05-13
2025-05-13,2025-05-13,CM,BSE,STK,543939,INE0P3N01018,KAKA,M,,,,,Kaka Industries Limited,220.0,228.0,220.0,227.1,227.1,226.0,,227.1,,,11500,2598500.0,23,F1,500,,,,,,2025-05-13
2025-05-13,2025-05-13,CM,BSE,STK,543940,INE758E01017,JIOFIN,A,,,,,Jio Financial Services Limited,263.05,268.9,261.65,267.4,267.4,262.9,,267.4,,,2074096,552338288.0,21812,F1,1,,,,,,2025-05-13
2025-05-13,2025-05-13,CM,BSE,STK,543942,INE735W01017,UTKARSHBNK,B,,,,,UTKARSH SMALL FINANCE BANK LIM,23.6,24.2,23.35,24.11,24.04,23.42,,24.11,,,225938,5400221.0,1264,F1,1,,,,,,2025-05-13
2025-05-13,2025-05-13,CM,BSE,STK,543943,INE0DN001027,ASARFI,M,,,,,ASARFI HOSPITAL LIMITED,96.0,98.0,90.55,94.48,94.95,97.29,,94.48,,,49000,4642970.0,32,F1,1000,,,,,,2025-05-13
2025-05-13,2025-05-13,CM,BSE,STK,543944,INF769K01KR3,BANKETF,B,,,,,Mirae Asset Mutual Fund,560.51,560.51,554.04,554.04,554.04,557.51,,554.39,,,87,48394.0,7,F1,1,,,,,,2025-05-13
2025-05-13,2025-05-13,CM,BSE,STK,543945,INE0NT901020,NETWEB,A,,,,,NETWEB TECHNOLOGIES INDIA LIMI,1737.85,1745.0,1685.8,1728.15,1728.15,1720.2,,1727.4,,,78153,134288541.0,4655,F1,1,,,,,,2025-05-13
2025-05-13,2025-05-13,CM,BSE,STK,543946,INF769K01KS1,LIQUID,F,,,,,Mirae Asset Mutual Fund,1000.0,1000.01,1000.0,1000.0,1000.0,1000.0,,999.99,,,56247,56247025.0,70,F1,1,,,,,,2025-05-13
2025-05-13,2025-05-13,CM,BSE,STK,543947,INF740KA1SZ6,SENSEXADD,A,,,,,DSP BSE Sensex ETF,83.07,83.13,82.01,82.01,82.01,83.5,,82.03,,,437,36224.0,14,F1,1,,,,,,2025-05-13
2025-05-13,2025-05-13,CM,BSE,STK,543949,INF740KA1TA7,PVTBANKADD,B,,,,,DSP Mutual Fund,27.73,27.73,27.67,27.68,27.68,27.77,,27.57,,,1330,36864.0,4,F1,1,,,,,,2025-05-13
2025-05-13,2025-05-13,CM,BSE,STK,543950,INE0JO301016,YATHARTH,B,,,,,YATHARTH HOSPITAL & TRAUMA CAR,480.1,507.25,480.1,495.1,495.4,484.05,,495.1,,,12500,6202751.0,631,F1,1,,,,,,2025-05-13
2025-05-13,2025-05-13,CM,BSE,STK,543952,INE342G01023,NIITMTS,A,,,,,NIIT Learning Systems Limited,359.3,375.0,358.0,360.25,360.25,356.85,,360.55,,,45258,16458669.0,5191,F1,1,,,,,,2025-05-13
2025-05-13,2025-05-13,CM,BSE,STK,543953,INE0OWC01011,KHAZANCHI,M,,,,,Khazanchi Jewellers Limited,571.0,579.9,558.0,563.55,563.5,562.25,,563.55,,,32000,18056000.0,50,F1,250,,,,,,2025-05-13
2025-05-13,2025-05-13,CM,BSE,STK,543954,INE0NN701020,ATL,B,,,,,Allcargo Terminals Limited,25.54,26.22,25.34,25.94,25.94,25.02,,26.0,,,6609,170500.0,318,F1,1,,,,,,2025-05-13
2025-05-13,2025-05-13,CM,BSE,STK,543955,INE0O3901029,TREL,B,,,,,Transindia Real Estate Limited,34.39,34.88,32.5,33.45,33.65,33.84,,33.38,,,16783,571900.0,182,F1,1,,,,,,2025-05-13
2025-05-13,2025-05-13,CM,BSE,STK,543956,INF109KC18V5,QUAL30IETF,B,,,,,ICICI Prudential Mutual Fund,20.62,20.8,20.58,20.77,20.8,20.67,,20.59,,,7162,147546.0,19,F1,1,,,,,,2025-05-13
2025-05-13,2025-05-13,CM,BSE,STK,543957,INE0LXT01019,REDTAPE,A,,,,,REDTAPE Limited,138.0,140.3,138.0,139.5,140.05,139.55,,139.62,,,8125,1134296.0,194,F1,1,,,,,,2025-05-13
2025-05-13,2025-05-13,CM,BSE,STK,543958,INE03HW01020,VLEGOV,T,,,,,VL E-Governance & IT Solutions,53.0,53.0,53.0,53.0,53.0,51.97,,53.0,,,502,26606.0,9,F1,1,,,,,,2025-05-13
2025-05-13,2025-05-13,CM,BSE,STK,543959,INE423Y01016,SBFC,A,,,,,SBFC Finance Limited,100.05,101.15,99.6,100.15,99.8,100.75,,100.21,,,97559,9783009.0,1571,F1,1,,,,,,2025-05-13
2025-05-13,2025-05-13,CM,BSE,STK,543960,INE338H01029,CONCORDBIO,A,,,,,Concord Biotech Limited,1514.05,1536.45,1501.8,1506.15,1506.15,1513.45,,1505.7,,,5568,8476365.0,970,F1,1,,,,,,2025-05-13
2025-05-13,2025-05-13,CM,BSE,STK,543962,INE864X01013,DPWIRES,B,,,,,D.P. WIRES LIMITED,205.95,212.5,205.85,209.35,209.85,206.8,,210.13,,,1199,250637.0,218,F1,1,,,,,,2025-05-13
2025-05-13,2025-05-13,CM,BSE,STK,543963,INE013V01011,SHELTER,M,,,,,SHELTER PHARMA LIMITED,37.1,41.8,36.52,40.75,41.8,37.1,,40.75,,,60000,2383500.0,20,F1,3000,,,,,,2025-05-13
2025-05-13,2025-05-13,CM,BSE,STK,543965,INE395N01027,TVSSCS,A,,,,,TVS Supply Chain Solutions Lim,118.95,124.0,118.95,122.35,122.35,118.85,,122.78,,,39406,4805193.0,660,F1,1,,,,,,2025-05-13
2025-05-13,2025-05-13,CM,BSE,STK,543969,INE0MIS01010,PYRAMID,B,,,,,Pyramid Technoplast Limited,163.0,168.15,163.0,164.5,164.0,163.9,,164.83,,,2513,415555.0,111,F1,1,,,,,,2025-05-13
2025-05-13,2025-05-13,CM,BSE,STK,543970,INE0OJZ01019,SHOORA,MT,,,,,Shoora Designs Limited,68.2,68.2,65.0,65.0,65.0,67.4,,65.0,,,3000,199800.0,2,F1,1500,,,,,,2025-05-13
2025-05-13,2025-05-13,CM,BSE,STK,543971,INE0Q8P01029,BONDADA,M,,,,,Bondada Engineering Limited,377.0,390.0,372.25,380.85,380.85,367.1,,380.85,,,461200,175344120.0,1345,F1,200,,,,,,2025-05-13
2025-05-13,2025-05-13,CM,BSE,STK,543972,INE024001021,AEROFLEX,B,,,,,Aeroflex Industries Limited,163.05,168.45,163.0,166.0,166.25,163.0,,166.03,,,67272,11169269.0,1133,F1,1,,,,,,2025-05-13
2025-05-13,2025-05-13,CM,BSE,STK,543974,INE0AE001013,VPRPL,B,,,,,VISHNU PRAKASH R PUNGLIA LIMIT,176.95,180.4,172.55,176.95,177.05,172.5,,176.93,,,79130,13916348.0,1309,F1,1,,,,,,2025-05-13
2025-05-13,2025-05-13,CM,BSE,STK,543975,INF789F1AYX9,NIFMID150,B,,,,,UTI Mutual Fund,204.5,205.0,204.5,204.56,204.5,204.27,,204.37,,,76,15547.0,7,F1,1,,,,,,2025-05-13
2025-05-13,2025-05-13,CM,BSE,STK,543976,INE489B01031,SHRAAITECH,X,,,,,Shradha AI Technologies Limite,41.75,41.82,40.14,41.82,41.82,39.83,,41.82,,,23202,963549.0,171,F1,1,,,,,,2025-05-13
2025-05-13,2025-05-13,CM,BSE,STK,543977,INE0N2P01017,RISHABH,B,,,,,Rishabh Instruments Limited,255.05,265.15,253.05,258.6,257.9,253.8,,260.0,,,1123,290517.0,195,F1,1,,,,,,2025-05-13
2025-05-13,2025-05-13,CM,BSE,STK,543978,INE05CZ01011,RATNAVEER,B,,,,,Ratnaveer Precision Engineerin,135.2,137.8,134.75,136.9,136.9,133.9,,136.53,,,14965,2043558.0,480,F1,1,,,,,,2025-05-13
2025-05-13,2025-05-13,CM,BSE,STK,543980,INE682M01012,JLHL,A,,,,,Jupiter Life Line Hospitals Li,1423.15,1445.55,1401.1,1432.5,1443.8,1423.7,,1427.8,,,3179,4503877.0,508,F1,1,,,,,,2025-05-13
2025-05-13,2025-05-13,CM,BSE,STK,543981,INE777K01022,RRKABEL,A,,,,,R R KABEL LIMITED,1277.95,1329.9,1275.0,1322.2,1323.0,1278.3,,1317.0,,,14897,19543291.0,1296,F1,1,,,,,,2025-05-13
2025-05-13,2025-05-13,CM,BSE,STK,543982,INE0OYE01013,MESON,MT,,,,,Meson Valves India Limited,376.0,379.95,363.0,376.45,378.7,362.95,,376.45,,,7000,2611530.0,34,F1,200,,,,,,2025-05-13
2025-05-13,2025-05-13,CM,BSE,STK,543983,INE0OV601013,EMSLIMITED,B,,,,,EMS LIMITED,609.95,616.55,605.5,611.4,610.5,604.45,,611.55,,,19291,11802497.0,1246,F1,1,,,,,,2025-05-13
2025-05-13,2025-05-13,CM,BSE,STK,543984,INE08U801020,SAMHI,A,,,,,Samhi Hotels Limited,177.0,185.4,177.0,184.55,183.9,178.45,,184.8,,,61612,11302530.0,1534,F1,1,,,,,,2025-05-13
2025-05-13,2025-05-13,CM,BSE,STK,543985,INE07K301024,ZAGGLE,B,,,,,ZAGGLE PREPAID OCEAN SERVICES,374.95,396.75,360.05,383.4,383.4,366.6,,384.3,,,436505,166212359.0,7385,F1,1,,,,,,2025-05-13
2025-05-13,2025-05-13,CM,BSE,STK,543986,INE980Y01015,SOUTHWEST,B,,,,,South West Pinnacle Exploratio,120.15,122.35,119.2,121.4,121.4,121.9,,120.84,,,1827,222117.0,95,F1,1,,,,,,2025-05-13
2025-05-13,2025-05-13,CM,BSE,STK,543988,INE531F01015,NUVAMA,A,,,,,Nuvama Wealth Management Limit,6090.25,6350.0,6090.25,6263.3,6262.0,6088.9,,6265.5,,,4266,26697938.0,1017,F1,1,,,,,,2025-05-13
2025-05-13,2025-05-13,CM,BSE,STK,543989,INE438K01021,KALAMANDIR,B,,,,,Sai Silks (Kalamandir) Limited,120.3,121.35,119.3,120.55,120.15,120.3,,120.64,,,8919,1073532.0,265,F1,1,,,,,,2025-05-13
2025-05-13,2025-05-13,CM,BSE,STK,543990,INE903U01023,SIGNATURE,A,,,,,SIGNATUREGLOBAL (INDIA) LIMITE,1124.05,1211.7,1124.05,1162.7,1161.75,1197.25,,1164.3,,,13013,15279798.0,336,F1,1,,,,,,2025-05-13
2025-05-13,2025-05-13,CM,BSE,STK,543991,INE0P4P01011,TECHKGREEN,MT,,,,,TECHKNOWGREEN SOLUTIONS LIMITE,156.95,157.5,150.0,150.0,150.0,150.15,,150.0,,,4800,748040.0,9,F1,400,,,,,,2025-05-13
2025-05-13,2025-05-13,CM,BSE,STK,543992,INE0JR601024,YATRA,B,,,,,YATRA ONLINE LIMITED,83.89,83.95,81.99,83.83,83.95,82.11,,83.71,,,11580,963515.0,278,F1,1,,,,,,2025-05-13
2025-05-13,2025-05-13,CM,BSE,STK,543993,INE372M01010,ARCL,XT,,,,,ARCL Organics Ltd,214.6,235.05,214.6,235.05,235.05,223.9,,235.05,,,2287,527395.0,54,F1,1,,,,,,2025-05-13
2025-05-13,2025-05-13,CM,BSE,STK,543994,INE880J01026,JSWINFRA,A,,,,,JSW Infrastructure Limited,293.45,298.6,291.0,294.5,294.5,293.1,,294.45,,,47936,14156178.0,1072,F1,1,,,,,,2025-05-13
2025-05-13,2025-05-13,CM,BSE,STK,543995,INE0KNT01012,MVGJL,B,,,,,MANOJ VAIBHAV GEMS 'N' JEWELLE,217.0,222.4,214.5,220.6,220.6,216.5,,220.91,,,6816,1497159.0,362,F1,1,,,,,,2025-05-13
2025-05-13,2025-05-13,CM,BSE,STK,543996,INE851I01011,UDS,B,,,,,Updater Services Limited,301.0,306.0,298.65,299.25,298.65,301.95,,299.8,,,10849,3280921.0,572,F1,1,,,,,,2025-05-13
2025-05-13,2025-05-13,CM,BSE,STK,543997,INE0MIO01019,ORGANICREC,M,,,,,ORGANIC RECYCLING SYSTEMS LIMI,253.0,253.0,253.0,253.0,253.0,248.0,,253.0,,,600,151800.0,1,F1,600,,,,,,2025-05-13
2025-05-13,2025-05-13,CM,BSE,STK,543998,INE0JWS01017,VALIANTLAB,T,,,,,Valiant Laboratories Limited,100.0,104.39,100.0,103.9,103.9,99.99,,101.09,,,401,40559.0,6,F1,1,,,,,,2025-05-13
2025-05-13,2025-05-13,CM,BSE,STK,543999,INF769K01KT9,SENSEXETF,A,,,,,Mirae Asset Mutual Fund,83.01,83.2,82.34,82.36,82.47,83.49,,82.4,,,7256,598860.0,196,F1,1,,,,,,2025-05-13
2025-05-13,2025-05-13,CM,BSE,STK,544001,INE0Q1S01010,SUNITATOOL,M,,,,,Sunita Tools Limited,581.5,581.5,581.5,581.5,581.5,612.1,,581.5,,,3500,2035250.0,24,F1,125,,,,,,2025-05-13
2025-05-13,2025-05-13,CM,BSE,STK,544003,INE0INJ01017,PLAZACABLE,B,,,,,Plaza Wires Limited,56.0,58.5,56.0,58.01,58.01,57.0,,57.87,,,7988,460363.0,511,F1,1,,,,,,2025-05-13
2025-05-13,2025-05-13,CM,BSE,STK,544004,INE07U701015,IRMENERGY,B,,,,,IRM ENERGY LIMITED,272.4,282.0,268.8,270.2,270.0,270.3,,270.0,,,17842,4872228.0,1024,F1,1,,,,,,2025-05-13
2025-05-13,2025-05-13,CM,BSE,STK,544006,INF769K01KV5,ITETF,B,,,,,Mirae Asset Mutual Fund,39.44,39.44,38.55,38.62,38.8,39.24,,38.61,,,16591,642284.0,140,F1,1,,,,,,2025-05-13
2025-05-13,2025-05-13,CM,BSE,STK,544007,INF769K01KU7,ALPHAETF,B,,,,,Mirae Asset Mutual Fund,24.05,24.05,23.89,23.96,24.02,23.87,,23.86,,,9275,222225.0,1552,F1,1,,,,,,2025-05-13
2025-05-13,2025-05-13,CM,BSE,STK,544008,INE03EI01018,MAXESTATES,B,,,,,Max Estates Limited,413.0,422.0,405.95,420.3,422.0,413.35,,420.7,,,11835,4934585.0,511,F1,1,,,,,,2025-05-13
2025-05-13,2025-05-13,CM,BSE,STK,544009,INE0KBH01020,BLUEJET,B,,,,,Blue Jet Healthcare Limited,747.0,777.5,743.55,769.3,768.45,734.25,,769.0,,,17326,13294412.0,1025,F1,1,,,,,,2025-05-13
2025-05-13,2025-05-13,CM,BSE,STK,544010,INF200KA13Z8,LIQUIDSBI,F,,,,,SBI Mutual Fund,999.99,1000.01,999.99,1000.01,1000.01,999.99,,1000.01,,,1371,1370999.0,8,F1,1,,,,,,2025-05-13
2025-05-13,2025-05-13,CM,BSE,STK,544012,INE0LMW01024,CELLO,A,,,,,Cello World Limited,559.25,571.25,559.1,568.85,571.25,560.15,,569.0,,,9071,5137341.0,611,F1,1,,,,,,2025-05-13
2025-05-13,2025-05-13,CM,BSE,STK,544013,INE0OH401016,KKSHL,M,,,,,KK Shah Hospitals Limited,41.1,41.1,41.1,41.1,41.1,38.25,,41.1,,,3000,123300.0,1,F1,3000,,,,,,2025-05-13
2025-05-13,2025-05-13,CM,BSE,STK,544014,INE0J5401028,HONASA,A,,,,,Honasa Consumer Limited,250.0,257.85,247.85,256.2,257.85,248.0,,256.46,,,33739,8580854.0,917,F1,1,,,,,,2025-05-13
2025-05-13,2025-05-13,CM,BSE,STK,544015,INE0QI101019,MISHDESIGN,MT,,,,,Mish Designs Limited,80.56,80.56,80.56,80.56,80.56,80.56,,80.56,,,500,40280.0,1,F1,500,,,,,,2025-05-13
2025-05-13,2025-05-13,CM,BSE,STK,544020,INE818W01011,ESAFSFB,B,,,,,ESAF Small Finance Bank Ltd,30.5,30.78,30.07,30.35,30.35,30.13,,30.23,,,42523,1294483.0,569,F1,1,,,,,,2025-05-13
2025-05-13,2025-05-13,CM,BSE,STK,544021,INE004A01022,PROTEAN,A,,,,,Protean eGov Technologies Limi,1328.35,1352.9,1321.0,1331.5,1333.95,1322.05,,1331.0,,,53464,71533280.0,4292,F1,1,,,,,,2025-05-13
2025-05-13,2025-05-13,CM,BSE,STK,544022,INE491J01022,ASKAUTOLTD,B,,,,,ASK Automotive Limited,440.05,443.4,433.75,437.6,438.65,436.45,,437.7,,,5809,2547543.0,274,F1,1,,,,,,2025-05-13
2025-05-13,2025-05-13,CM,BSE,STK,544023,INE0N6U01018,KALYANI,M,,,,,Kalyani Cast-Tech Limited,385.0,388.8,381.0,384.05,384.05,389.45,,384.05,,,3500,1344000.0,13,F1,250,,,,,,2025-05-13
2025-05-13,2025-05-13,CM,BSE,STK,544026,INE202E01016,IREDA,A,,,,,Indian Renewable Energy Develo,168.7,169.35,166.05,167.1,167.1,168.05,,167.08,,,1399527,234826918.0,13140,F1,1,,,,,,2025-05-13
2025-05-13,2025-05-13,CM,BSE,STK,544027,INE007N01010,FEDFINA,B,,,,,Fedbank Financial Services Lim,85.2,88.5,85.2,87.98,87.98,85.57,,88.06,,,41973,3665170.0,789,F1,1,,,,,,2025-05-13
2025-05-13,2025-05-13,CM,BSE,STK,544028,INE142M01025,TATATECH,A,,,,,Tata Technologies Limited,707.4,712.95,700.25,704.6,704.6,701.0,,704.5,,,87768,61941465.0,4092,F1,1,,,,,,2025-05-13
2025-05-13,2025-05-13,CM,BSE,STK,544029,INE717W01049,GANDHAR,B,,,,,Gandhar Oil Refinery (India) L,148.95,154.65,147.65,151.35,151.35,148.85,,150.83,,,19484,2953395.0,1006,F1,1,,,,,,2025-05-13
2025-05-13,2025-05-13,CM,BSE,STK,544030,INE00Y201027,FLAIR,B,,,,,Flair Writing Industries Limit,279.05,287.9,279.05,281.05,282.1,280.35,,280.27,,,3147,890713.0,178,F1,1,,,,,,2025-05-13
2025-05-13,2025-05-13,CM,BSE,STK,544035,INE0RDR01012,SPL,MT,,,,,Swashthik Plascon Limited,43.1,44.5,43.1,44.0,44.0,43.05,,44.0,,,9600,421760.0,6,F1,1600,,,,,,2025-05-13
2025-05-13,2025-05-13,CM,BSE,STK,544036,INE0RDM01013,DEEPAKCHEM,M,,,,,DEEPAK CHEMTEX LIMITED,116.0,116.9,114.35,114.35,114.35,114.95,,114.35,,,8000,928960.0,5,F1,1600,,,,,,2025-05-13
2025-05-13,2025-05-13,CM,BSE,STK,544037,INE0P9J01013,AMIC,M,,,,,Amic Forging Limited,1300.0,1310.0,1291.05,1306.1,1306.1,1291.65,,1306.1,,,10600,13809540.0,60,F1,100,,,,,,2025-05-13
2025-05-13,2025-05-13,CM,BSE,STK,544042,INE0KQN01018,BAJEL,B,,,,,Bajel Projects Limited,169.5,177.0,169.5,176.2,176.0,172.9,,176.04,,,28283,4939598.0,1367,F1,1,,,,,,2025-05-13
2025-05-13,2025-05-13,CM,BSE,STK,544043,INF251K01SU9,BBNPPGOLD,E,,,,,BARODA BNP PARIBAS MUTUAL FUND,91.71,92.54,91.71,92.54,92.54,91.71,,92.55,,,119,10920.0,6,F1,1,,,,,,2025-05-13
2025-05-13,2025-05-13,CM,BSE,STK,544044,INE922K01024,INDIASHLTR,B,,,,,India Shelter Finance Corporat,907.05,912.1,891.0,898.1,898.6,907.05,,898.7,,,6262,5629841.0,484,F1,1,,,,,,2025-05-13
2025-05-13,2025-05-13,CM,BSE,STK,544045,INE321T01012,DOMS,A,,,,,DOMS Industries Limited,2784.05,2838.65,2780.8,2796.35,2790.5,2805.45,,2797.2,,,2042,5732175.0,409,F1,1,,,,,,2025-05-13
2025-05-13,2025-05-13,CM,BSE,STK,544046,INE616N01034,INOXINDIA,A,,,,,INOX India Limited,1025.0,1061.3,1022.75,1057.65,1051.0,1028.5,,1055.95,,,8091,8456807.0,655,F1,1,,,,,,2025-05-13
2025-05-13,2025-05-13,CM,BSE,STK,544047,INE0QSK01017,SIYARAM,M,,,,,Siyaram Recycling Industries L,131.55,131.55,128.0,128.85,128.85,131.55,,128.85,,,13500,1750500.0,9,F1,1500,,,,,,2025-05-13
2025-05-13,2025-05-13,CM,BSE,STK,544052,INE0Q2Z01013,BENCHMARK,MT,,,,,Benchmark Computer Solutions L,29.4,29.4,29.39,29.4,29.4,28.0,,29.4,,,10000,293980.0,5,F1,2000,,,,,,2025-05-13
2025-05-13,2025-05-13,CM,BSE,STK,544053,INE0FRK01020,MOTISONS,B,,,,,Motisons Jewellers Limited,17.39,17.43,16.94,17.26,17.3,16.99,,17.24,,,81260,1400514.0,418,F1,1,,,,,,2025-05-13
2025-05-13,2025-05-13,CM,BSE,STK,544054,INE843S01025,SURAJEST,B,,,,,Suraj Estate Developers Limite,294.0,300.95,287.0,288.95,289.0,289.75,,289.8,,,4560,1320523.0,211,F1,1,,,,,,2025-05-13
2025-05-13,2025-05-13,CM,BSE,STK,544055,INE046W01019,MUTHOOTMF,B,,,,,Muthoot Microfin Limited,132.0,132.6,129.05,130.3,130.3,132.15,,130.05,,,43765,5724993.0,1874,F1,1,,,,,,2025-05-13
2025-05-13,2025-05-13,CM,BSE,STK,544056,INE0PSJ01011,SMARITIME,M,,,,,Sahara Maritime Limited,42.55,42.55,42.55,42.55,42.55,42.55,,42.55,,,1600,68080.0,1,F1,1600,,,,,,2025-05-13
2025-05-13,2025-05-13,CM,BSE,STK,544057,INE330T01021,HAPPYFORGE,B,,,,,Happy Forgings Limited,826.75,827.65,812.85,821.5,823.0,812.85,,821.75,,,2236,1837793.0,453,F1,1,,,,,,2025-05-13
2025-05-13,2025-05-13,CM,BSE,STK,544058,INE220Q01020,MUFTI,B,,,,,Credo Brands Marketing Limited,130.4,135.5,130.4,133.9,134.95,131.15,,133.66,,,5981,797191.0,333,F1,1,,,,,,2025-05-13
2025-05-13,2025-05-13,CM,BSE,STK,544059,INE0QZQ01019,SHANTIDENM,M,,,,,SHANTI SPINTEX LIMITED,60.0,61.0,58.0,60.99,60.99,63.0,,60.99,,,26000,1566380.0,12,F1,2000,,,,,,2025-05-13
2025-05-13,2025-05-13,CM,BSE,STK,544060,INE0PEQ01016,RBZJEWEL,T,,,,,RBZ Jewellers Limited,137.25,137.25,137.25,137.25,137.25,134.6,,138.02,,,1516,208071.0,6,F1,1,,,,,,2025-05-13
2025-05-13,2025-05-13,CM,BSE,STK,544061,INE02IJ01035,AZAD,A,,,,,Azad Engineering Limited,1669.95,1755.6,1651.0,1730.3,1730.3,1668.3,,1729.4,,,43539,75036196.0,3996,F1,1,,,,,,2025-05-13
2025-05-13,2025-05-13,CM,BSE,STK,544066,INE0Q3R01026,SUNCLAY,B,,,,,SUNDARAM-CLAYTON LIMITED,2064.95,2090.25,2046.2,2087.8,2070.05,2023.3,,2081.3,,,480,995720.0,128,F1,1,,,,,,2025-05-13
2025-05-13,2025-05-13,CM,BSE,STK,544067,INE0DUT01020,INNOVACAP,B,,,,,INNOVA CAPTAB LIMITED,930.4,944.05,898.8,907.35,911.45,933.85,,907.5,,,8372,7723701.0,1197,F1,1,,,,,,2025-05-13
2025-05-13,2025-05-13,CM,BSE,STK,544072,INE0QFT01015,AIKPIPES,M,,,,,AIK Pipes and Polymers Limited,79.94,82.95,79.94,82.49,82.49,79.83,,82.49,,,7200,585376.0,9,F1,800,,,,,,2025-05-13
2025-05-13,2025-05-13,CM,BSE,STK,544073,INE0A6N01026,MCPL,M,,,,,Manoj Ceramic Limited,164.0,166.0,164.0,164.0,164.0,161.0,,164.0,,,15000,2475000.0,5,F1,1000,,,,,,2025-05-13
2025-05-13,2025-05-13,CM,BSE,STK,544074,INE0RNZ01014,SBVCL,MT,,,,,Shri Balaji Valve Components L,119.6,119.6,119.6,119.6,119.6,122.0,,119.6,,,1200,143520.0,2,F1,600,,,,,,2025-05-13
2025-05-13,2025-05-13,CM,BSE,STK,544079,INE0PSC01024,DIGIDRIVE,B,,,,,DIGIDRIVE DISTRIBUTORS LIMITED,37.98,37.98,32.4,32.7,32.7,32.39,,32.65,,,2101,68558.0,59,F1,1,,,,,,2025-05-13
2025-05-13,2025-05-13,CM,BSE,STK,544080,INE0MGS01014,SHILINDORE,XT,,,,,Sayaji Hotels (Indore) Limited,1299.0,1299.0,1299.0,1299.0,1299.0,1265.85,,1299.0,,,26,33774.0,7,F1,1,,,,,,2025-05-13
2025-05-13,2025-05-13,CM,BSE,STK,544081,INE980O01024,JYOTICNC,A,,,,,Jyoti CNC Automation Limited,1184.8,1249.85,1159.95,1239.25,1235.0,1175.75,,1235.0,,,41776,50907615.0,2945,F1,1,,,,,,2025-05-13
2025-05-13,2025-05-13,CM,BSE,STK,544082,INE0GEN01012,SWANAGRO,M,,,,,New Swan Multitech Limited,50.1,50.1,50.1,50.1,50.1,48.1,,50.1,,,2000,100200.0,1,F1,2000,,,,,,2025-05-13
2025-05-13,2025-05-13,CM,BSE,STK,544083,INE0QIS01011,SHREE,MT,,,,,Shree Marutinandan Tubes Limit,65.1,65.2,65.1,65.17,65.2,62.1,,65.17,,,1500,97750.0,3,F1,500,,,,,,2025-05-13
2025-05-13,2025-05-13,CM,BSE,STK,544088,INE456Z01021,MEDIASSIST,B,,,,,Medi Assist Healthcare Service,460.0,473.2,459.15,471.15,469.25,459.85,,471.8,,,372045,172991363.0,970,F1,1,,,,,,2025-05-13
2025-05-13,2025-05-13,CM,BSE,STK,544089,INF0R8F01034,LIQUIDCASE,F,,,,,Zerodha Mutual Fund,108.51,108.53,108.51,108.52,108.53,108.5,,108.52,,,2627757,285149173.0,1156,F1,1,,,,,,2025-05-13
2025-05-13,2025-05-13,CM,BSE,STK,544090,INE07G501017,SHPLPUNE,X,,,,,Sayaji Hotels (Pune) Limited,701.6,701.6,695.4,695.4,695.4,669.3,,695.4,,,22,15342.0,6,F1,1,,,,,,2025-05-13
2025-05-13,2025-05-13,CM,BSE,STK,544091,INE0Q1R01012,QLL,M,,,,,Qualitek Labs Limited,291.5,295.95,290.0,292.25,290.0,296.05,,292.25,,,3600,1053620.0,9,F1,400,,,,,,2025-05-13
2025-05-13,2025-05-13,CM,BSE,STK,544092,INF0QA701722,NIFTYBETF,B,,,,,Bajaj Finserv Mutual Fund,251.49,251.49,248.28,249.11,249.2,252.38,,249.09,,,304,75873.0,29,F1,1,,,,,,2025-05-13
2025-05-13,2025-05-13,CM,BSE,STK,544093,INF0QA701714,BANKBETF,B,,,,,Bajaj Finserv Mutual Fund,55.52,55.71,55.23,55.23,55.23,55.72,,55.37,,,225,12496.0,9,F1,1,,,,,,2025-05-13
2025-05-13,2025-05-13,CM,BSE,STK,544094,INE0PYT01018,EUPHORIAIT,M,,,,,Euphoria Infotech (India) Limi,42.27,42.27,42.27,42.27,42.27,38.43,,42.27,,,10800,456516.0,9,F1,1200,,,,,,2025-05-13
2025-05-13,2025-05-13,CM,BSE,STK,544095,INE0G5901015,EPACK,B,,,,,EPACK Durable Limited,357.45,357.45,352.05,357.45,357.45,340.45,,357.15,,,432067,154403267.0,1036,F1,1,,,,,,2025-05-13
2025-05-13,2025-05-13,CM,BSE,STK,544100,INE02H701025,NOVAAGRI,B,,,,,Nova Agritech Limited,46.49,46.98,45.94,46.71,46.71,45.97,,46.65,,,28140,1309465.0,921,F1,1,,,,,,2025-05-13
2025-05-13,2025-05-13,CM,BSE,STK,544102,INF789F1AZD8,NIFITETF,B,,,,,UTI Mutual Fund,393.62,393.62,382.09,382.22,382.22,388.82,,382.23,,,100,38554.0,11,F1,1,,,,,,2025-05-13
2025-05-13,2025-05-13,CM,BSE,STK,544105,INE0OLZ01015,HARSHDEEP,M,,,,,HARSHDEEP HORTICO LIMITED,69.6,70.9,69.6,70.9,70.9,70.8,,70.9,,,13500,951660.0,8,F1,1500,,,,,,2025-05-13
2025-05-13,2025-05-13,CM,BSE,STK,544106,INE0R5Z01015,MCFL,M,,,,,Mayank Cattle Food Limited,235.1,235.15,225.0,225.2,225.0,258.5,,225.2,,,21600,4948140.0,35,F1,600,,,,,,2025-05-13
2025-05-13,2025-05-13,CM,BSE,STK,544107,INE0NLT01010,BLSE,B,,,,,BLS E-Services Limited,150.45,155.9,148.65,152.75,153.15,150.45,,153.37,,,20073,3027104.0,653,F1,1,,,,,,2025-05-13
2025-05-13,2025-05-13,CM,BSE,STK,544108,INE0QZF01012,GPSL,M,,,,,Gabriel Pet Straps Limited,181.0,181.0,181.0,181.0,181.0,180.0,,181.0,,,1200,217200.0,2,F1,600,,,,,,2025-05-13
2025-05-13,2025-05-13,CM,BSE,STK,544109,INF740KA1UF4,HEALTHADD,B,,,,,DSP Mutual Fund,140.01,140.01,140.01,140.01,140.01,137.43,,139.76,,,2078,290940.0,1,F1,1,,,,,,2025-05-13
2025-05-13,2025-05-13,CM,BSE,STK,544110,INF179KC1HW4,HDFCPSUBK,B,,,,,HDFC Mutual Fund,64.98,66.28,64.98,65.93,66.0,64.98,,65.9,,,4689,309051.0,76,F1,1,,,,,,2025-05-13
2025-05-13,2025-05-13,CM,BSE,STK,544111,INE988S01028,PARKHOTELS,B,,,,,Apeejay Surrendra Park Hotels,150.65,150.65,145.75,147.0,146.9,150.65,,147.19,,,83248,12246361.0,2405,F1,1,,,,,,2025-05-13
2025-05-13,2025-05-13,CM,BSE,STK,544112,INE0QXV01014,JGTL,X,,,,,JASCH GAUGING TECHNOLOGIES LIM,545.25,555.0,545.0,555.0,555.0,554.0,,555.0,,,225,124377.0,10,F1,1,,,,,,2025-05-13
2025-05-13,2025-05-13,CM,BSE,STK,544117,INE0KGZ01021,SIGNPOST,B,,,,,Signpost India Limited,214.0,216.6,212.05,213.4,214.5,215.8,,213.24,,,2461,526555.0,434,F1,1,,,,,,2025-05-13
2025-05-13,2025-05-13,CM,BSE,STK,544118,INE953L01027,JSFB,B,,,,,JANA SMALL FINANCE BANK LIMITE,509.55,520.0,501.05,519.05,519.0,504.4,,518.35,,,6754,3441647.0,515,F1,1,,,,,,2025-05-13
2025-05-13,2025-05-13,CM,BSE,STK,544119,INE0J1F01024,RPTECH,B,,,,,Rashi Peripherals Limited,294.0,311.05,294.0,299.45,299.45,291.25,,299.65,,,5977,1804104.0,307,F1,1,,,,,,2025-05-13
2025-05-13,2025-05-13,CM,BSE,STK,544120,INE646H01017,CAPITALSFB,B,,,,,Capital Small Finance Bank Ltd,277.0,277.85,274.25,276.3,276.3,278.4,,276.1,,,3942,1088459.0,342,F1,1,,,,,,2025-05-13
2025-05-13,2025-05-13,CM,BSE,STK,544121,INE0OYK01010,RUDRAGAS,MT,,,,,Rudra Gas Enterprise Limited,94.25,94.25,94.25,94.25,94.25,89.77,,94.25,,,9000,848250.0,8,F1,1000,,,,,,2025-05-13
2025-05-13,2025-05-13,CM,BSE,STK,544122,INE010601016,ENTERO,B,,,,,Entero Healthcare Solutions Li,1407.55,1463.9,1396.05,1457.2,1448.3,1386.15,,1455.0,,,5142,7419840.0,933,F1,1,,,,,,2025-05-13
2025-05-13,2025-05-13,CM,BSE,STK,544124,INE0QTF01015,VSTL,B,,,,,VIBHOR STEEL TUBES LIMITED,152.4,153.65,149.95,151.55,152.05,150.05,,151.33,,,1447,220238.0,91,F1,1,,,,,,2025-05-13
2025-05-13,2025-05-13,CM,BSE,STK,544129,INE696F01016,JUNIPER,A,,,,,Juniper Hotels Limited,307.0,307.9,300.35,304.7,303.8,307.9,,304.25,,,7439,2265391.0,393,F1,1,,,,,,2025-05-13
2025-05-13,2025-05-13,CM,BSE,STK,544130,INF769K01LC3,SMALLCAP,B,,,,,Mirae Asset Mutual Fund,42.97,43.32,42.87,43.23,43.24,42.97,,43.21,,,30194,1300513.0,290,F1,1,,,,,,2025-05-13
2025-05-13,2025-05-13,CM,BSE,STK,544131,INE486R01017,GPTHEALTH,B,,,,,GPT Healthcare Limited,157.8,160.5,155.1,156.65,156.25,155.55,,156.87,,,7611,1202656.0,388,F1,1,,,,,,2025-05-13
2025-05-13,2025-05-13,CM,BSE,STK,544132,INF0R8F01042,GOLDCASE,E,,,,,Zerodha Mutual Fund,14.81,15.05,14.8,15.0,14.98,14.87,,15.0,,,339422,5063919.0,1018,F1,1,,,,,,2025-05-13
2025-05-13,2025-05-13,CM,BSE,STK,544133,INE777F01014,EXICOM,B,,,,,EXICOM TELE-SYSTEMS LIMITED,159.45,169.8,159.45,167.05,167.0,161.75,,166.69,,,39664,6580903.0,745,F1,1,,,,,,2025-05-13
2025-05-13,2025-05-13,CM,BSE,STK,544134,INE0PT501018,PLATIND,B,,,,,Platinum Industries Limited,274.1,279.95,270.55,273.75,276.55,274.1,,274.2,,,23352,6412789.0,875,F1,1,,,,,,2025-05-13
2025-05-13,2025-05-13,CM,BSE,STK,544135,INE0CG401037,MUKKA,B,,,,,Mukka Proteins Limited,31.18,31.51,31.11,31.38,31.42,31.13,,31.36,,,51418,1610627.0,356,F1,1,,,,,,2025-05-13
2025-05-13,2025-05-13,CM,BSE,STK,544136,INE0NQ801033,RKSWAMY,B,,,,,R K Swamy Limited,207.45,215.2,207.45,213.2,212.0,209.55,,212.09,,,932,198142.0,50,F1,1,,,,,,2025-05-13
2025-05-13,2025-05-13,CM,BSE,STK,544137,INE0NHL23019,INDUSINVIT,IF,,,,,Indus Infra Trust,109.5,109.85,108.96,109.77,109.41,109.91,,109.7,,,4471,490398.0,339,F1,1,,,,,,2025-05-13
2025-05-13,2025-05-13,CM,BSE,STK,544138,INE0MB501011,JGCHEM,B,,,,,J.G.Chemicals Limited,335.0,338.15,330.85,334.9,334.0,332.3,,334.85,,,7623,2550431.0,419,F1,1,,,,,,2025-05-13
2025-05-13,2025-05-13,CM,BSE,STK,544139,INE0M8R01011,KOURA,M,,,,,KOURA FINE DIAMOND JEWELRY LIM,29.56,29.56,28.25,28.91,28.25,29.4,,28.91,,,4000,115620.0,2,F1,2000,,,,,,2025-05-13
2025-05-13,2025-05-13,CM,BSE,STK,544140,INE0L9R01028,GOPAL,B,,,,,Gopal Snacks Limited,283.0,292.9,279.3,292.0,292.7,283.7,,291.65,,,10827,3105542.0,875,F1,1,,,,,,2025-05-13
2025-05-13,2025-05-13,CM,BSE,STK,544141,INE510U01018,PESB,M,,,,,Pune E - Stock Broking Limited,133.0,139.7,133.0,139.0,139.0,136.0,,139.0,,,4000,552560.0,5,F1,800,,,,,,2025-05-13
2025-05-13,2025-05-13,CM,BSE,STK,544142,INE0PB301013,SCILAL,B,,,,,Shipping Corporation of India,47.01,48.75,47.01,48.34,48.34,47.58,,48.3,,,141525,6808163.0,1203,F1,1,,,,,,2025-05-13
2025-05-13,2025-05-13,CM,BSE,STK,544144,INE772T01024,PVSL,B,,,,,Popular Vehicles and Services,109.1,109.1,104.45,105.9,107.25,106.15,,106.14,,,3649,386044.0,116,F1,1,,,,,,2025-05-13
2025-05-13,2025-05-13,CM,BSE,STK,544149,INE0QN801017,KRYSTAL,B,,,,,KRYSTAL INTEGRATED SERVICES LI,666.25,681.8,662.55,664.65,666.25,661.05,,666.6,,,2432,1626956.0,165,F1,1,,,,,,2025-05-13
2025-05-13,2025-05-13,CM,BSE,STK,544150,INE0QVH01025,KPGEL,M,,,,,KP GREEN ENGINEERING LIMITED,456.95,466.6,451.25,456.4,456.4,445.25,,456.4,,,134500,61503462.0,450,F1,250,,,,,,2025-05-13
2025-05-13,2025-05-13,CM,BSE,STK,544151,INE0AH901011,CHATHA,M,,,,,CHATHA FOODS LIMITED,111.0,115.0,111.0,115.0,115.0,113.75,,115.0,,,4000,453450.0,4,F1,1000,,,,,,2025-05-13
2025-05-13,2025-05-13,CM,BSE,STK,544156,INE0QHY01011,GCONNECT,MT,,,,,Gconnect Logitech and Supply C,23.1,23.1,23.1,23.1,23.1,22.86,,23.1,,,1500,34650.0,1,F1,1500,,,,,,2025-05-13
2025-05-13,2025-05-13,CM,BSE,STK,544157,INE0OMZ01013,VRUDDHI,MT,,,,,Vruddhi Engineering Works Limi,169.0,170.0,161.6,161.6,161.6,170.1,,161.6,,,5500,910650.0,11,F1,500,,,,,,2025-05-13
2025-05-13,2025-05-13,CM,BSE,STK,544158,INE0R6Z01013,SRM,B,,,,,SRM CONTRACTORS LIMITED,332.3,339.3,330.2,334.35,330.2,324.45,,332.7,,,3216,1081371.0,345,F1,1,,,,,,2025-05-13
2025-05-13,2025-05-13,CM,BSE,STK,544159,INF740KA1UM0,LIQUIDADD,F,,,,,DSP BSE Liquid Rate ETF,1072.0,1072.0,1071.98,1071.98,1072.0,1071.82,,1071.99,,,2622,2810773.0,16,F1,1,,,,,,2025-05-13
2025-05-13,2025-05-13,CM,BSE,STK,544160,INE0MSS01019,JAYKAILASH,M,,,,,Jay Kailash Namkeen Limited,65.0,67.4,64.0,64.37,64.1,67.58,,64.37,,,59200,3857168.0,35,F1,1600,,,,,,2025-05-13
2025-05-13,2025-05-13,CM,BSE,STK,544161,INE266Y01019,DPABHUSHAN,B,,,,,D P ABHUSHAN LIMITED,1440.05,1475.8,1415.45,1450.6,1455.5,1435.3,,1447.3,,,872,1260477.0,70,F1,1,,,,,,2025-05-13
2025-05-13,2025-05-13,CM,BSE,STK,544162,INE343G01021,BHARTIHEXA,B,,,,,Bharti Hexacom Limited,1778.9,1778.9,1684.75,1704.4,1704.4,1753.0,,1703.3,,,10766,18397488.0,1146,F1,1,,,,,,2025-05-13
2025-05-13,2025-05-13,CM,BSE,STK,544163,INE0S0701019,GVL,MT,,,,,Greenhitech Ventures Limited,131.0,131.0,125.95,125.95,125.95,128.5,,125.95,,,5000,649950.0,4,F1,1000,,,,,,2025-05-13
2025-05-13,2025-05-13,CM,BSE,STK,544164,INE0Q9W01015,FAALCON,M,,,,,Faalcon Concepts Limited,48.9,49.4,48.9,49.23,49.4,44.1,,49.23,,,6000,295400.0,3,F1,2000,,,,,,2025-05-13
2025-05-13,2025-05-13,CM,BSE,STK,544165,INE0SGR01013,SHIVAM,M,,,,,SHIVAM CHEMICALS LIMITED,55.01,55.01,55.0,55.0,55.0,58.0,,55.0,,,12000,660030.0,4,F1,3000,,,,,,2025-05-13
2025-05-13,2025-05-13,CM,BSE,STK,544166,INE0SDC01012,EMMFORCE,MT,,,,,EMMFORCE AUTOTECH LIMITED,82.0,84.59,78.0,78.0,78.0,80.6,,78.0,,,25200,2045760.0,21,F1,1200,,,,,,2025-05-13
2025-05-13,2025-05-13,CM,BSE,STK,544167,INE0OAF01028,JNKINDIA,B,,,,,JNK India Limited,361.55,372.5,361.55,372.5,372.5,354.8,,372.05,,,6160,2293303.0,65,F1,1,,,,,,2025-05-13
2025-05-13,2025-05-13,CM,BSE,STK,544168,INE0R6801013,VARYAA,MT,,,,,VARYAA CREATIONS LIMITED,63.75,63.75,63.75,63.75,63.75,65.05,,63.75,,,4000,255000.0,4,F1,1000,,,,,,2025-05-13
2025-05-13,2025-05-13,CM,BSE,STK,544169,INE0QSB01016,AMKAY,M,,,,,Amkay Products Limited,46.0,46.0,46.0,46.0,46.0,46.0,,46.0,,,2000,92000.0,1,F1,2000,,,,,,2025-05-13
2025-05-13,2025-05-13,CM,BSE,STK,544170,INE0QXT01018,SAI,M,,,,,Sai Swami Metals and Alloys Li,34.75,34.75,34.7,34.7,34.7,34.72,,34.7,,,4000,138900.0,2,F1,2000,,,,,,2025-05-13
2025-05-13,2025-05-13,CM,BSE,STK,544171,INE0RGM01016,STAL,MT,,,,,Storage Technologies and Autom,99.95,104.5,95.5,104.5,104.5,100.0,,104.5,,,4800,479960.0,6,F1,800,,,,,,2025-05-13
2025-05-13,2025-05-13,CM,BSE,STK,544172,INE065X01017,INDGN,B,,,,,Indegene Limited,558.0,572.6,558.0,571.25,571.25,567.95,,571.75,,,4316,2459009.0,375,F1,1,,,,,,2025-05-13
2025-05-13,2025-05-13,CM,BSE,STK,544173,INE0QOQ01013,FTL,MT,,,,,Finelistings Technologies Limi,35.4,35.4,35.4,35.4,35.4,36.0,,35.4,,,2000,70800.0,2,F1,1000,,,,,,2025-05-13
2025-05-13,2025-05-13,CM,BSE,STK,544174,INE673O01025,TBOTEK,B,,,,,TBO TEK LIMITED,1196.4,1200.0,1179.1,1184.5,1180.0,1203.6,,1180.6,,,1693,2015863.0,217,F1,1,,,,,,2025-05-13
2025-05-13,2025-05-13,CM,BSE,STK,544175,INE0SMU01015,TGIF,M,,,,,TGIF AGRIBUSINESS LIMITED,104.95,104.95,99.0,101.0,101.0,105.0,,101.0,,,7200,724740.0,6,F1,1200,,,,,,2025-05-13
2025-05-13,2025-05-13,CM,BSE,STK,544176,INE883F01010,AADHARHFC,B,,,,,Aadhar Housing Finance Limited,449.0,462.0,445.0,460.35,459.0,440.65,,460.55,,,16667,7566480.0,723,F1,1,,,,,,2025-05-13
2025-05-13,2025-05-13,CM,BSE,STK,544177,INE0SCB01016,AZTEC,M,,,,,Aztec Fluids & Machinery Limit,103.0,103.0,98.5,99.41,98.5,100.65,,99.41,,,55000,5505400.0,52,F1,1000,,,,,,2025-05-13
2025-05-13,2025-05-13,CM,BSE,STK,544178,INE0R4W01015,PIOTEX,MT,,,,,PIOTEX INDUSTRIES LIMITED,38.0,38.0,38.0,38.0,38.0,39.5,,38.0,,,1200,45600.0,1,F1,1200,,,,,,2025-05-13
2025-05-13,2025-05-13,CM,BSE,STK,544179,INE03JT01014,GODIGIT,B,,,,,Go Digit General Insurance Lim,296.35,303.0,291.6,299.75,298.2,293.6,,300.3,,,28002,8335859.0,731,F1,1,,,,,,2025-05-13
2025-05-13,2025-05-13,CM,BSE,STK,544180,INF769K01LJ8,MIDSMALL,B,,,,,Mirae Asset Mutual Fund,47.67,47.85,47.29,47.55,47.55,47.24,,47.82,,,26843,1277450.0,130,F1,1,,,,,,2025-05-13
2025-05-13,2025-05-13,CM,BSE,STK,544181,INE108V01019,AWFIS,B,,,,,Awfis Space Solutions Limited,611.0,631.25,611.0,622.25,622.25,618.45,,623.0,,,14103,8796362.0,877,F1,1,,,,,,2025-05-13
2025-05-13,2025-05-13,CM,BSE,STK,544182,INF0QA701854,LIQUIDBETF,F,,,,,Bajaj Finserv Mutual Fund,1030.0,1030.0,1030.0,1030.0,1030.0,1028.66,,1030.0,,,1,1030.0,1,F1,1,,,,,,2025-05-13
2025-05-13,2025-05-13,CM,BSE,STK,544184,INE02L001032,BOROSCI,B,,,,,Borosil Scientific Limited,129.5,135.8,129.0,135.4,135.4,129.3,,135.27,,,816,107897.0,86,F1,1,,,,,,2025-05-13
2025-05-13,2025-05-13,CM,BSE,STK,544185,INE257C01014,ADTECH,X,,,,,ADTECH SYSTEMS LIMITED,66.0,68.0,63.0,67.19,67.19,65.06,,67.19,,,2771,183893.0,57,F1,1,,,,,,2025-05-13
2025-05-13,2025-05-13,CM,BSE,STK,544186,INE0TT901016,TOTEM,T,,,,,Forbes Precision Tools and Mac,172.0,178.0,172.0,175.75,175.75,175.5,,175.75,,,8996,1567400.0,67,F1,1,,,,,,2025-05-13
2025-05-13,2025-05-13,CM,BSE,STK,544187,INE0ATZ01017,KRONOX,B,,,,,KRONOX LAB SCIENCES LIMITED,140.9,140.9,137.25,138.05,138.85,138.95,,138.3,,,19394,2683465.0,1952,F1,1,,,,,,2025-05-13
2025-05-13,2025-05-13,CM,BSE,STK,544188,INE0QZ901011,MAGENTA,MT,,,,,Magenta Lifecare Limited,16.93,16.93,16.93,16.93,16.93,16.93,,16.93,,,8000,135440.0,2,F1,4000,,,,,,2025-05-13
2025-05-13,2025-05-13,CM,BSE,STK,544189,INE0QUV01010,SATTRIX,MT,,,,,SATTRIX INFORMATION SECURITY L,171.45,171.45,171.45,171.45,171.45,168.1,,171.45,,,1000,171450.0,1,F1,1000,,,,,,2025-05-13
2025-05-13,2025-05-13,CM,BSE,STK,544190,INE0R7D01018,3CIT,MT,,,,,3C IT Solutions and Telecoms (,30.18,30.18,30.18,30.18,30.18,28.75,,30.18,,,12000,362160.0,3,F1,2000,,,,,,2025-05-13
2025-05-13,2025-05-13,CM,BSE,STK,544191,INE0CYK01015,PURPLEFIN,X,,,,,Purple Finance Limited,46.0,46.5,43.78,46.3,46.4,45.07,,46.3,,,111051,5038048.0,113,F1,1,,,,,,2025-05-13
2025-05-13,2025-05-13,CM,BSE,STK,544192,INE0HV901016,IXIGO,B,,,,,Le Travenues Technology Limite,156.15,167.0,156.15,165.5,165.1,156.4,,165.18,,,206239,33747978.0,4824,F1,1,,,,,,2025-05-13
2025-05-13,2025-05-13,CM,BSE,STK,544193,INF0R8F01059,MID150CASE,B,,,,,Zerodha Mutual Fund,10.01,10.17,9.99,10.12,10.12,10.04,,10.14,,,199321,2014966.0,1100,F1,1,,,,,,2025-05-13
2025-05-13,2025-05-13,CM,BSE,STK,544194,INF0R8F01067,TOP100CASE,B,,,,,Zerodha Mutual Fund,10.45,10.47,10.38,10.41,10.41,10.44,,10.39,,,11694,121873.0,93,F1,1,,,,,,2025-05-13
2025-05-13,2025-05-13,CM,BSE,STK,544195,INE0S0I01011,COTFAB,M,,,,,United Cotfab Limited,28.23,28.24,28.23,28.24,28.24,26.9,,28.24,,,46000,1299000.0,16,F1,2000,,,,,,2025-05-13
2025-05-13,2025-05-13,CM,BSE,STK,544197,INE03DD01011,RETAIL,B,,,,,JHS SVENDGAARD RETAIL VENTURES,40.0,41.0,39.0,40.9,40.9,40.72,,40.92,,,474,19276.0,36,F1,1,,,,,,2025-05-13
2025-05-13,2025-05-13,CM,BSE,STK,544198,INE841L01016,DEEDEV,B,,,,,DEE DEVELOPMENT ENGINEERS LIMI,231.8,231.95,228.9,231.0,230.85,229.9,,231.33,,,3407,783512.0,256,F1,1,,,,,,2025-05-13
2025-05-13,2025-05-13,CM,BSE,STK,544199,INE0RUJ01013,GEMENVIRO,MT,,,,,GEM Enviro Management Limited,80.27,80.27,80.27,80.27,80.27,84.49,,80.27,,,8800,706376.0,10,F1,800,,,,,,2025-05-13
2025-05-13,2025-05-13,CM,BSE,STK,544200,INE916Y01027,AFIL,B,,,,,Akme Fintrade (India) Limited,7.61,7.62,6.88,7.19,7.19,7.48,,7.19,,,240606,1752018.0,383,F1,1,,,,,,2025-05-13
2025-05-13,2025-05-13,CM,BSE,STK,544201,INE0S6R01027,DFPL,MT,,,,,DINDIGUL FARM PRODUCT LIMITED,28.13,28.13,28.13,28.13,28.13,27.58,,28.13,,,4000,112520.0,2,F1,2000,,,,,,2025-05-13
2025-05-13,2025-05-13,CM,BSE,STK,544202,INE01A001028,STANLEY,B,,,,,STANLEY LIFESTYLES LIMITED,350.0,360.7,350.0,354.6,355.1,353.6,,354.7,,,7158,2542187.0,566,F1,1,,,,,,2025-05-13
2025-05-13,2025-05-13,CM,BSE,STK,544203,INE552Z01027,ABDL,B,,,,,Allied Blenders and Distillers,352.3,383.0,352.0,381.0,381.0,352.3,,380.9,,,155815,57841705.0,3678,F1,1,,,,,,2025-05-13
2025-05-13,2025-05-13,CM,BSE,STK,544204,INE0S2V01010,VRAJ,B,,,,,VRAJ IRON AND STEEL LIMITED,155.15,158.2,152.3,154.0,158.2,154.1,,154.69,,,6977,1079709.0,296,F1,1,,,,,,2025-05-13
2025-05-13,2025-05-13,CM,BSE,STK,544205,INE0PO601011,NPL,X,,,,,National Peroxide Limited,588.95,590.0,575.0,586.45,586.45,582.75,,586.45,,,1975,1156282.0,139,F1,1,,,,,,2025-05-13
2025-05-13,2025-05-13,CM,BSE,STK,544206,INF200KB1217,SBISILVER,E,,,,,SBI Mutual Fund,95.5,96.98,95.5,96.93,96.98,93.81,,96.49,,,1457,140209.0,45,F1,1,,,,,,2025-05-13
2025-05-13,2025-05-13,CM,BSE,STK,544207,INE375Y01018,RELIABLE,B,,,,,Reliable Data Services Limited,79.79,79.79,70.0,72.5,72.5,70.06,,72.18,,,2138,151535.0,79,F1,1,,,,,,2025-05-13
2025-05-13,2025-05-13,CM,BSE,STK,544208,INF680P01422,LIQUIDSHRI,F,,,,,Shriram Mutual Fund,1045.0,1052.43,1030.33,1052.43,1052.43,1051.36,,1052.43,,,7,7307.0,6,F1,1,,,,,,2025-05-13
2025-05-13,2025-05-13,CM,BSE,STK,544209,INE0B9K01025,BANSALWIRE,B,,,,,Bansal Wire Industries Limited,370.0,375.0,362.25,364.75,366.1,370.25,,364.8,,,2868,1053902.0,104,F1,1,,,,,,2025-05-13
2025-05-13,2025-05-13,CM,BSE,STK,544210,INE168P01015,EMCURE,B,,,,,Emcure Pharmaceuticals Limited,1036.35,1049.5,1031.4,1037.6,1037.0,1036.35,,1035.2,,,3643,3794321.0,242,F1,1,,,,,,2025-05-13
2025-05-13,2025-05-13,CM,BSE,STK,544211,INF209KC1134,ABGSEC,F,,,,,Aditya Birla Sun Life Mutual F,109.5,110.15,109.5,110.08,110.0,109.5,,110.08,,,134,14677.0,4,F1,1,,,,,,2025-05-13
2025-05-13,2025-05-13,CM,BSE,STK,544212,INF769K01LQ3,EVINDIA,B,,,,,Mirae Asset Mutual Fund,28.5,28.59,28.23,28.36,28.45,28.44,,28.37,,,61128,1734586.0,1078,F1,1,,,,,,2025-05-13
2025-05-13,2025-05-13,CM,BSE,STK,544213,INE0T3401029,ACLD,M,,,,,AELEA COMMODITIES LIMITED,183.1,186.0,180.05,180.75,182.7,180.05,,180.75,,,15600,2865090.0,19,F1,600,,,,,,2025-05-13
2025-05-13,2025-05-13,CM,BSE,STK,544214,INE0UK501010,THREEMPAPE,MT,,,,,THREE M PAPER BOARDS LIMITED,37.4,37.4,36.1,36.1,36.1,37.58,,36.1,,,4000,147000.0,2,F1,2000,,,,,,2025-05-13
2025-05-13,2025-05-13,CM,BSE,STK,544215,INF200KB1282,SBINEQWETF,B,,,,,SBI Mutual Fund,30.88,30.92,30.5,30.7,30.7,30.97,,30.64,,,7041,215993.0,204,F1,1,,,,,,2025-05-13
2025-05-13,2025-05-13,CM,BSE,STK,544216,INF109KC18W3,OILIETF,B,,,,,ICICI Prudential Mutual Fund,11.5,11.5,11.34,11.36,11.37,11.42,,11.36,,,27214,309598.0,111,F1,1,,,,,,2025-05-13
2025-05-13,2025-05-13,CM,BSE,STK,544217,INE08NE01025,SANSTAR,B,,,,,SANSTAR LIMITED,89.0,91.22,86.5,89.85,90.19,89.83,,90.09,,,19088,1714485.0,585,F1,1,,,,,,2025-05-13
2025-05-13,2025-05-13,CM,BSE,STK,544218,INF209KB19Z4,ABSLPSE,B,,,,,Aditya Birla Sun Life Mutual F,9.77,9.85,9.72,9.77,9.77,9.77,,9.73,,,12096,118455.0,72,F1,1,,,,,,2025-05-13
2025-05-13,2025-05-13,CM,BSE,STK,544219,INE0MNP01016,VVIPIL,MT,,,,,VVIP Infratech Limited,179.95,186.45,179.95,184.9,184.9,177.8,,184.9,,,23400,4304280.0,32,F1,600,,,,,,2025-05-13
2025-05-13,2025-05-13,CM,BSE,STK,544221,INE0RMR01013,KIZI,M,,,,,Kizi Apparels Limited,18.9,18.9,17.95,17.95,17.95,18.9,,17.95,,,21000,382050.0,7,F1,3000,,,,,,2025-05-13
2025-05-13,2025-05-13,CM,BSE,STK,544222,INE09XN01023,AKUMS,B,,,,,Akums Drugs and Pharmaceutical,509.9,515.15,508.0,512.3,510.55,507.45,,513.05,,,10326,5286783.0,388,F1,1,,,,,,2025-05-13
2025-05-13,2025-05-13,CM,BSE,STK,544223,INE0AG901020,CEIGALL,B,,,,,Ceigall India Limited,257.0,259.2,251.8,253.15,253.0,257.1,,252.95,,,10555,2693542.0,595,F1,1,,,,,,2025-05-13
2025-05-13,2025-05-13,CM,BSE,STK,544224,INE0OXY01013,AFCOM,M,,,,,Afcom Holdings Limited,698.2,708.0,635.0,650.2,650.2,691.3,,650.2,,,162240,108518676.0,516,F1,240,,,,,,2025-05-13
2025-05-13,2025-05-13,CM,BSE,STK,544225,INE0LXG01040,OLAELEC,B,,,,,Ola Electric Mobility Limited,49.65,50.67,49.0,50.09,50.09,49.65,,50.09,,,2918781,146133598.0,8581,F1,1,,,,,,2025-05-13
2025-05-13,2025-05-13,CM,BSE,STK,544226,INE02RE01045,FIRSTCRY,B,,,,,Brainbees Solutions Limited,348.7,354.6,342.05,344.3,344.3,349.75,,344.15,,,16553,5730246.0,666,F1,1,,,,,,2025-05-13
2025-05-13,2025-05-13,CM,BSE,STK,544227,INE00U401027,UNIECOM,B,,,,,UNICOMMERCE ESOLUTIONS LIMITED,130.25,139.5,129.95,137.85,137.85,129.6,,137.87,,,190108,25997271.0,2884,F1,1,,,,,,2025-05-13
2025-05-13,2025-05-13,CM,BSE,STK,544229,INF109KC19W1,METALIETF,B,,,,,ICICI Prudential Mutual Fund,8.91,8.91,8.81,8.84,8.85,8.89,,8.82,,,163235,1446265.0,186,F1,1,,,,,,2025-05-13
2025-05-13,2025-05-13,CM,BSE,STK,544230,INE0PQ101010,SSDL,B,,,,,SARASWATI SAREE DEPOT LIMITED,88.75,90.15,88.75,89.5,89.5,88.27,,89.64,,,1633,145986.0,94,F1,1,,,,,,2025-05-13
2025-05-13,2025-05-13,CM,BSE,STK,544232,INE00M901018,INTERARCH,B,,,,,Interarch Building Products Li,1707.4,1782.2,1704.7,1774.6,1779.6,1726.55,,1774.3,,,11788,20802729.0,1280,F1,1,,,,,,2025-05-13
2025-05-13,2025-05-13,CM,BSE,STK,544233,INE0US801024,MFML,T,,,,,Mahalaxmi Fabric Mills Limited,32.2,32.2,30.6,32.2,32.2,32.2,,31.41,,,115,3663.0,11,F1,1,,,,,,2025-05-13
2025-05-13,2025-05-13,CM,BSE,STK,544234,INE0URU01010,GLOBALE,T,,,,,Globale Tessile Limited,15.55,16.56,15.55,16.56,16.56,16.23,,15.91,,,389,6189.0,10,F1,1,,,,,,2025-05-13
2025-05-13,2025-05-13,CM,BSE,STK,544235,INE0PPK01015,ORIENTTECH,B,,,,,Orient Technologies Limited,343.95,349.05,343.95,349.05,349.05,332.45,,349.15,,,4731,1648108.0,82,F1,1,,,,,,2025-05-13
2025-05-13,2025-05-13,CM,BSE,STK,544236,INE0SK201011,RAL,MT,,,,,Resourceful Automobile Limited,73.0,73.0,73.0,73.0,73.0,74.01,,73.0,,,1200,87600.0,1,F1,1200,,,,,,2025-05-13
2025-05-13,2025-05-13,CM,BSE,STK,544237,INE0QA901010,RAPID,M,,,,,RAPID MULTIMODAL LOGISTICS LIM,51.0,51.0,51.0,51.0,51.0,51.0,,51.0,,,1600,81600.0,1,F1,1600,,,,,,2025-05-13
2025-05-13,2025-05-13,CM,BSE,STK,544238,INE0BS701011,PREMIERENE,B,,,,,Premier Energies Limited,989.95,1025.0,988.0,1019.75,1019.5,989.95,,1019.55,,,40731,41118605.0,1603,F1,1,,,,,,2025-05-13
2025-05-13,2025-05-13,CM,BSE,STK,544239,INE06HJ01020,ECOSMOBLTY,B,,,,,ECOS (India) Mobility & Hospit,201.55,206.9,200.5,205.2,205.2,201.9,,205.35,,,19224,3922323.0,887,F1,1,,,,,,2025-05-13
2025-05-13,2025-05-13,CM,BSE,STK,544240,INE02ID01020,RAYMONDLSL,B,,,,,Raymond Lifestyle Limited,945.05,1018.8,930.35,1008.8,1000.9,1000.9,,1009.95,,,61867,60200602.0,3371,F1,1,,,,,,2025-05-13
2025-05-13,2025-05-13,CM,BSE,STK,544241,INF769K01LX9,MULTICAP,B,,,,,Mirae Asset Mutual Fund,15.47,15.5,15.37,15.41,15.37,15.45,,15.4,,,71255,1099583.0,314,F1,1,,,,,,2025-05-13
2025-05-13,2025-05-13,CM,BSE,STK,544242,INE0SG001011,TRAVELS,MT,,,,,Travels & rentals Limited,49.92,49.92,49.9,49.92,49.92,47.55,,49.92,,,30000,1497540.0,10,F1,3000,,,,,,2025-05-13
2025-05-13,2025-05-13,CM,BSE,STK,544243,INE01FR01028,STYLEBAAZA,B,,,,,Baazar Style Retail Limited,308.1,322.0,307.2,320.3,320.3,309.1,,319.85,,,35417,11235289.0,999,F1,1,,,,,,2025-05-13
2025-05-13,2025-05-13,CM,BSE,STK,544244,INE0RE001014,GALAPREC,B,,,,,Gala Precision Engineering Lim,836.0,860.75,834.95,855.25,855.25,832.7,,853.7,,,1885,1612094.0,226,F1,1,,,,,,2025-05-13
2025-05-13,2025-05-13,CM,BSE,STK,544245,INE0N4701016,NHL,MT,,,,,Naturewings Holidays Limited,72.15,72.15,72.15,72.15,72.15,75.01,,72.15,,,1600,115440.0,1,F1,1600,,,,,,2025-05-13
2025-05-13,2025-05-13,CM,BSE,STK,544246,INE0DAB01012,RVTH,T,,,,,Revathi Equipment India Limite,870.0,908.8,870.0,901.9,908.8,865.55,,901.7,,,502,447122.0,37,F1,1,,,,,,2025-05-13
2025-05-13,2025-05-13,CM,BSE,STK,544247,INF740KA1UR9,TOP10ADD,B,,,,,DSP Mutual Fund,98.67,98.67,97.0,97.34,98.58,98.75,,97.28,,,16450,1605831.0,577,F1,1,,,,,,2025-05-13
2025-05-13,2025-05-13,CM,BSE,STK,544248,INE0UYT01018,MCEL,M,,,,,MACH CONFERENCES AND EVENTS LI,193.0,210.0,190.05,205.45,206.0,194.45,,205.45,,,42000,8445540.0,65,F1,600,,,,,,2025-05-13
2025-05-13,2025-05-13,CM,BSE,STK,544249,INE0S2G01011,BALAJEE,B,,,,,SHREE TIRUPATI BALAJEE AGRO TR,45.0,45.52,44.62,45.09,45.3,45.11,,45.06,,,6718,302458.0,261,F1,1,,,,,,2025-05-13
2025-05-13,2025-05-13,CM,BSE,STK,544250,INE0UOS01011,SANOFICONR,B,,,,,Sanofi Consumer Healthcare Ind,4935.0,4935.0,4870.0,4891.3,4889.6,4907.8,,4905.3,,,353,1727903.0,101,F1,1,,,,,,2025-05-13
2025-05-13,2025-05-13,CM,BSE,STK,544251,INE0LY301010,SSL,M,,,,,Share Samadhan Limited,80.2,81.2,76.6,78.0,78.0,79.45,,78.0,,,70400,5510256.0,43,F1,1600,,,,,,2025-05-13
2025-05-13,2025-05-13,CM,BSE,STK,544252,INE377Y01014,BAJAJHFL,B,,,,,Bajaj Housing Finance Limited,122.0,122.6,120.9,121.4,121.4,120.9,,121.4,,,1312141,159556313.0,14063,F1,1,,,,,,2025-05-13
2025-05-13,2025-05-13,CM,BSE,STK,544253,INE0O6601022,KROSS,B,,,,,Kross Limited,160.05,164.9,160.05,163.35,164.1,161.2,,163.47,,,16750,2733010.0,888,F1,1,,,,,,2025-05-13
2025-05-13,2025-05-13,CM,BSE,STK,544254,INE0RWQ01014,TOLINS,T,,,,,Tolins Tyres Limited,132.0,132.0,129.1,131.05,131.6,128.75,,129.63,,,3724,484799.0,44,F1,1,,,,,,2025-05-13
2025-05-13,2025-05-13,CM,BSE,STK,544256,INE953R01016,PNGJL,B,,,,,P N GADGIL JEWELLERS LIMITED,548.9,564.95,542.3,561.05,561.05,543.35,,560.9,,,41771,23179486.0,1386,F1,1,,,,,,2025-05-13
2025-05-13,2025-05-13,CM,BSE,STK,544257,INE0Q3401017,SAFE,MT,,,,,Sodhani Academy of Fintech Ena,278.0,278.0,275.95,276.0,276.0,273.25,,276.0,,,9500,2629950.0,11,F1,500,,,,,,2025-05-13
2025-05-13,2025-05-13,CM,BSE,STK,544258,INE0CJF01024,WCIL,B,,,,,Western Carriers (India) Limit,79.0,81.89,79.0,81.36,81.89,78.96,,81.16,,,11064,892667.0,188,F1,1,,,,,,2025-05-13
2025-05-13,2025-05-13,CM,BSE,STK,544259,INE0PZB01013,PFL,M,,,,,POPULAR FOUNDATIONS LIMITED,31.4,31.4,31.4,31.4,31.4,30.05,,31.4,,,3000,94200.0,1,F1,3000,,,,,,2025-05-13
2025-05-13,2025-05-13,CM,BSE,STK,544260,INE850M01015,NORTHARC,B,,,,,Northern Arc Capital Ltd.,207.25,213.6,206.3,212.95,212.95,204.95,,212.88,,,19526,4101889.0,756,F1,1,,,,,,2025-05-13
2025-05-13,2025-05-13,CM,BSE,STK,544261,INE0QRL01017,ARKADE,B,,,,,ARKADE DEVELOPERS LIMITED,164.05,168.6,162.85,164.3,164.3,164.4,,164.28,,,210198,34762948.0,2221,F1,1,,,,,,2025-05-13
2025-05-13,2025-05-13,CM,BSE,STK,544262,INE939X01013,MANBA,B,,,,,Manba Finance Limited,130.0,131.5,129.5,131.3,131.5,130.35,,131.2,,,597,78142.0,55,F1,1,,,,,,2025-05-13
2025-05-13,2025-05-13,CM,BSE,STK,544263,INE0Q3J01015,KRN,B,,,,,KRN HEAT EXCHANGER AND REFRIGE,826.55,826.55,800.0,802.8,800.0,825.55,,802.55,,,39884,32335375.0,1742,F1,1,,,,,,2025-05-13
2025-05-13,2025-05-13,CM,BSE,STK,544264,INE184O01015,DIFFNKG,T,,,,,Diffusion Engineers Limited,264.0,264.0,254.1,262.2,262.95,261.75,,260.56,,,2599,671547.0,80,F1,1,,,,,,2025-05-13
2025-05-13,2025-05-13,CM,BSE,STK,544266,INF769K01LZ4,BANKPSU,B,,,,,Mirae Asset Mutual Fund,65.82,65.86,65.63,65.64,65.64,64.6,,65.65,,,1053,69349.0,6,F1,1,,,,,,2025-05-13
2025-05-13,2025-05-13,CM,BSE,STK,544267,INE0U6201010,SUBAM,M,,,,,SUBAM PAPERS LIMITED,96.5,96.5,91.77,93.52,93.5,95.57,,93.52,,,36800,3436656.0,19,F1,800,,,,,,2025-05-13
2025-05-13,2025-05-13,CM,BSE,STK,544268,INF769K01LY7,METAL,B,,,,,Mirae Asset Mutual Fund,9.01,9.01,8.85,8.87,8.89,8.89,,8.87,,,122356,1089885.0,75,F1,1,,,,,,2025-05-13
2025-05-13,2025-05-13,CM,BSE,STK,544269,INE471R01019,NPFL,M,,,,,NEOPOLITAN PIZZA AND FOODS LIM,14.55,14.55,14.55,14.55,14.55,14.16,,14.55,,,6000,87300.0,1,F1,6000,,,,,,2025-05-13
2025-05-13,2025-05-13,CM,BSE,STK,544270,INE0S9501014,KGVL,M,,,,,Khyati Global Ventures Limited,64.0,64.0,64.0,64.0,64.0,63.19,,64.0,,,1200,76800.0,1,F1,1200,,,,,,2025-05-13
2025-05-13,2025-05-13,CM,BSE,STK,544271,INE0JVO01026,GARUDA,B,,,,,Garuda Construction and Engine,101.49,107.5,99.9,105.4,105.4,101.88,,104.82,,,158703,16600002.0,2273,F1,1,,,,,,2025-05-13
2025-05-13,2025-05-13,CM,BSE,STK,544272,INE0YRO01015,SHIVTEXCHEM,M,,,,,SHIV TEXCHEM LIMITED,275.0,275.0,263.5,265.05,265.05,266.8,,265.05,,,14400,3899200.0,16,F1,800,,,,,,2025-05-13
2025-05-13,2025-05-13,CM,BSE,STK,544273,INE0APB01032,MGEL,B,,,,,MANGALAM GLOBAL ENTERPRISE LIM,12.96,13.05,12.76,12.76,12.8,12.81,,12.82,,,8988,116428.0,47,F1,1,,,,,,2025-05-13
2025-05-13,2025-05-13,CM,BSE,STK,544274,INE0V6F01027,HYUNDAI,A,,,,,HYUNDAI MOTOR INDIA LIMITED,1765.05,1779.85,1751.65,1766.4,1765.7,1756.6,,1768.4,,,22309,39469783.0,2317,F1,1,,,,,,2025-05-13
2025-05-13,2025-05-13,CM,BSE,STK,544275,INF109KC16X5,VAL30IETF,B,,,,,ICICI Prudential Mutual Fund,12.73,12.74,12.6,12.64,12.64,12.68,,12.66,,,1323,16791.0,23,F1,1,,,,,,2025-05-13
2025-05-13,2025-05-13,CM,BSE,STK,544276,INE0OPA01019,DBEIL,B,,,,,Deepak Builders and Engineers,139.65,141.05,136.75,139.05,139.0,139.65,,139.39,,,5817,810691.0,221,F1,1,,,,,,2025-05-13
2025-05-13,2025-05-13,CM,BSE,STK,544277,INE377N01017,WAAREEENER,B,,,,,Waaree Energies Limited,2698.35,2716.95,2665.5,2687.0,2696.0,2677.55,,2689.9,,,48743,131256372.0,3665,F1,1,,,,,,2025-05-13
2025-05-13,2025-05-13,CM,BSE,STK,544278,INE0PK601023,OCCLLTD,B,,,,,OCCL Limited,79.99,83.9,79.94,82.67,82.32,78.18,,82.45,,,15511,1272531.0,219,F1,1,,,,,,2025-05-13
2025-05-13,2025-05-13,CM,BSE,STK,544279,INE497S01012,GODAVARIB,T,,,,,Godavari Biorefineries Limited,169.15,180.95,166.1,180.95,180.95,172.35,,180.63,,,74657,12551169.0,153,F1,1,,,,,,2025-05-13
2025-05-13,2025-05-13,CM,BSE,STK,544280,INE101I01011,AFCONS,B,,,,,Afcons Infrastructure Limited,428.15,460.0,428.15,457.45,457.45,430.55,,457.3,,,138245,62436436.0,3281,F1,1,,,,,,2025-05-13
2025-05-13,2025-05-13,CM,BSE,STK,544281,INE00YB01017,ABINFRA,B,,,,,A B INFRABUILD LIMITED,101.12,103.5,99.18,100.81,101.29,100.63,,100.93,,,30954,3122594.0,187,F1,1,,,,,,2025-05-13
2025-05-13,2025-05-13,CM,BSE,STK,544282,INE0W2G01015,SAGILITY,B,,,,,Sagility India Limited,43.98,44.95,43.95,44.95,44.95,42.81,,45.01,,,2214216,99462685.0,1356,F1,1,,,,,,2025-05-13
2025-05-13,2025-05-13,CM,BSE,STK,544283,INE622W01025,ACMESOLAR,B,,,,,ACME Solar Holdings Limited,222.15,226.0,220.0,221.15,222.0,221.6,,221.04,,,55531,12392181.0,1911,F1,1,,,,,,2025-05-13
2025-05-13,2025-05-13,CM,BSE,STK,544284,INF769K01MY5,LIQUIDPLUS,F,,,,,Mirae Asset Mutual Fund,1031.87,1031.89,1031.87,1031.87,1031.87,1031.74,,1031.87,,,179882,185614840.0,10,F1,1,,,,,,2025-05-13
2025-05-13,2025-05-13,CM,BSE,STK,544285,INE00H001014,SWIGGY,B,,,,,SWIGGY LIMITED,306.6,315.55,297.0,310.45,310.45,320.5,,310.55,,,28388332,8618327435.0,98095,F1,1,,,,,,2025-05-13
2025-05-13,2025-05-13,CM,BSE,STK,544286,INE995S01015,NIVABUPA,B,,,,,NIVA BUPA HEALTH INSURANCE COM,85.06,85.59,84.38,84.89,84.8,85.14,,84.85,,,186677,15870362.0,1591,F1,1,,,,,,2025-05-13
2025-05-13,2025-05-13,CM,BSE,STK,544288,INE0UIZ01018,BLACKBUCK,B,,,,,ZINKA LOGISTICS SOLUTIONS LIMI,430.05,459.5,430.05,442.1,443.95,432.5,,442.5,,,28615,12740852.0,1364,F1,1,,,,,,2025-05-13
2025-05-13,2025-05-13,CM,BSE,STK,544289,INE0ONG01011,NTPCGREEN,B,,,,,NTPC GREEN ENERGY LIMITED,101.75,102.55,100.55,102.1,102.1,101.8,,102.06,,,700568,71269564.0,6924,F1,1,,,,,,2025-05-13
2025-05-13,2025-05-13,CM,BSE,STK,544290,INE0LLY01014,EIEL,B,,,,,ENVIRO INFRA ENGINEERS LIMITED,207.0,210.85,204.0,209.8,209.15,205.5,,209.97,,,95693,19853403.0,1193,F1,1,,,,,,2025-05-13
2025-05-13,2025-05-13,CM,BSE,STK,544291,INE0VN801010,RAJESH,M,,,,,RAJESH POWER SERVICES LIMITED,1310.0,1355.0,1283.0,1298.7,1298.7,1296.35,,1298.7,,,235600,309744150.0,928,F1,200,,,,,,2025-05-13
2025-05-13,2025-05-13,CM,BSE,STK,544292,INE013P01021,ONESOURCE,B,,,,,Onesource Specialty Pharma Lim,1600.0,1661.0,1584.0,1652.6,1640.55,1591.75,,1649.1,,,7486,12245910.0,665,F1,1,,,,,,2025-05-13
2025-05-13,2025-05-13,CM,BSE,STK,544293,INE877V01027,SURAKSHA,B,,,,,SURAKSHA DIAGNOSTIC LIMITED,302.0,305.0,297.8,303.25,305.0,300.55,,303.15,,,1084,326932.0,110,F1,1,,,,,,2025-05-13
2025-05-13,2025-05-13,CM,BSE,STK,544294,INE0OJW01016,ROSSTECH,T,,,,,Rossell Techsys Limited,322.05,327.7,322.05,327.7,327.7,321.3,,327.7,,,1788,585607.0,29,F1,1,,,,,,2025-05-13
2025-05-13,2025-05-13,CM,BSE,STK,544295,INE19RO25013,PSPLATINA,IF,,,,,Property Share Investment Trus,1045000.0,1045000.0,1001101.0,1001101.0,1001101.0,1001501.0,,1001101.0,,,9,9074101.0,9,F1,1,,,,,,2025-05-13
2025-05-13,2025-05-13,CM,BSE,STK,544296,INE0DQN01013,NISUS,M,,,,,NISUS FINANCE SERVICES CO LIMI,342.0,342.0,325.0,328.8,328.0,330.85,,328.8,,,50400,16725340.0,113,F1,400,,,,,,2025-05-13
2025-05-13,2025-05-13,CM,BSE,STK,544301,INE054301028,ODIGMA,T,,,,,Odigma Consultancy Solutions L,35.45,37.8,35.45,37.8,37.8,36.0,,37.97,,,2115,79835.0,27,F1,1,,,,,,2025-05-13
2025-05-13,2025-05-13,CM,BSE,STK,544302,INE403Y01018,INNOVANA,B,,,,,Innovana Thinklabs Limited,349.25,349.25,349.0,349.0,349.0,349.25,,341.05,,,170,59360.0,6,F1,1,,,,,,2025-05-13
2025-05-13,2025-05-13,CM,BSE,STK,544303,INE0XAY01012,TTC,MT,,,,,TOSS THE COIN LIMITED,361.15,361.15,361.15,361.15,361.15,354.1,,361.15,,,600,216690.0,1,F1,300,,,,,,2025-05-13
2025-05-13,2025-05-13,CM,BSE,STK,544305,INE0HLU01028,MOBIKWIK,B,,,,,One Mobikwik Systems Limited,244.5,252.5,244.0,248.4,248.4,247.8,,248.25,,,171511,42496033.0,2722,F1,1,,,,,,2025-05-13
2025-05-13,2025-05-13,CM,BSE,STK,544306,INE570L01029,SAILIFE,B,,,,,Sai Life Sciences Limited,685.9,727.25,685.9,725.55,727.0,713.35,,725.55,,,8073,5812066.0,646,F1,1,,,,,,2025-05-13
2025-05-13,2025-05-13,CM,BSE,STK,544307,INE01EA01019,VMM,B,,,,,Vishal Mega Mart Limited,122.55,133.2,121.5,129.8,129.8,121.7,,129.71,,,1842910,237956324.0,9848,F1,1,,,,,,2025-05-13
2025-05-13,2025-05-13,CM,BSE,STK,544308,INE168C01013,HILLTONE,XT,,,,,Hilltone Software and Gases Lt,49.9,49.9,49.9,49.9,49.9,48.93,,49.9,,,40000,1996000.0,8,F1,1,,,,,,2025-05-13
2025-05-13,2025-05-13,CM,BSE,STK,544309,INE115Q01022,IKS,B,,,,,INVENTURUS KNOWLEDGE SOLUTIONS,1574.95,1684.3,1554.25,1665.3,1661.8,1560.9,,1659.3,,,23311,37988982.0,2157,F1,1,,,,,,2025-05-13
2025-05-13,2025-05-13,CM,BSE,STK,544310,INE00GK01023,YASHHV,MT,,,,,Yash Highvoltage Limited,193.7,193.75,193.7,193.75,193.75,184.55,,193.75,,,14000,2712400.0,14,F1,1000,,,,,,2025-05-13
2025-05-13,2025-05-13,CM,BSE,STK,544311,INE0Q9301021,IGIL,B,,,,,International Gemmological Ins,361.9,377.55,361.9,373.2,373.2,361.5,,372.85,,,144162,53728267.0,3380,F1,1,,,,,,2025-05-13
2025-05-13,2025-05-13,CM,BSE,STK,544312,INE0QBD01018,HAMPS,MT,,,,,HAMPS BIO LIMITED,43.1,43.1,43.1,43.1,43.1,44.88,,43.1,,,2000,86200.0,1,F1,2000,,,,,,2025-05-13
2025-05-13,2025-05-13,CM,BSE,STK,544313,INE0LB101011,NACDAC,MT,,,,,NACDAC Infrastructure Limited,42.5,42.5,39.78,39.78,39.78,41.18,,39.78,,,20000,808320.0,5,F1,4000,,,,,,2025-05-13
2025-05-13,2025-05-13,CM,BSE,STK,544314,INE0JPD01013,SANATHAN,B,,,,,Sanathan Textiles Limited,438.0,467.7,436.0,455.4,457.85,440.2,,453.55,,,52011,23757357.0,2375,F1,1,,,,,,2025-05-13
2025-05-13,2025-05-13,CM,BSE,STK,544315,INE037Z01029,CEWATER,B,,,,,Concord Enviro Systems Limited,518.95,527.45,511.95,515.0,522.65,512.15,,515.8,,,4723,2454620.0,328,F1,1,,,,,,2025-05-13
2025-05-13,2025-05-13,CM,BSE,STK,544316,INE284H01025,DAMCAPITAL,B,,,,,DAM Capital Advisors Limited,220.05,224.0,217.05,218.2,218.0,219.1,,218.14,,,33287,7322743.0,838,F1,1,,,,,,2025-05-13
2025-05-13,2025-05-13,CM,BSE,STK,544317,INE454P01035,TRANSRAILL,B,,,,,Transrail Lighting Limited,491.0,514.0,491.0,504.95,504.7,500.2,,505.3,,,35929,18156917.0,1373,F1,1,,,,,,2025-05-13
2025-05-13,2025-05-13,CM,BSE,STK,544318,INE0TO701015,MAMATA,B,,,,,MAMATA MACHINERY LIMITED,366.9,372.0,366.25,368.95,369.0,366.7,,368.85,,,5045,1862268.0,279,F1,1,,,,,,2025-05-13
2025-05-13,2025-05-13,CM,BSE,STK,544319,INE0RB801010,SENORES,B,,,,,SENORES PHARMACEUTICALS LIMITE,511.45,548.8,510.6,546.15,546.15,509.85,,545.5,,,26797,14389946.0,1119,F1,1,,,,,,2025-05-13
2025-05-13,2025-05-13,CM,BSE,STK,544320,INE0V7W01012,CARRARO,B,,,,,CARRARO INDIA LIMITED,412.0,434.5,412.0,427.45,426.6,418.85,,427.9,,,22206,9540758.0,1199,F1,1,,,,,,2025-05-13
2025-05-13,2025-05-13,CM,BSE,STK,544321,INE781S01027,VENTIVE,B,,,,,Ventive Hospitality Limited,830.0,839.0,783.35,790.5,790.5,779.25,,790.95,,,42929,34622527.0,3145,F1,1,,,,,,2025-05-13
2025-05-13,2025-05-13,CM,BSE,STK,544322,INE0U3I01011,UNIMECH,B,,,,,Unimech Aerospace and Manufact,958.0,980.75,944.45,977.2,980.75,946.55,,976.95,,,17300,16711983.0,1497,F1,1,,,,,,2025-05-13
2025-05-13,2025-05-13,CM,BSE,STK,544323,INF769K01NS5,CONSUMER,B,,,,,Mirae Asset Mutual Fund,11.45,11.45,11.03,11.04,11.12,11.15,,11.08,,,9719,107987.0,77,F1,1,,,,,,2025-05-13
2025-05-13,2025-05-13,CM,BSE,STK,544324,INE0A8401016,CITICHEM,MT,,,,,Citichem India Limited,26.3,26.4,26.3,26.3,26.3,26.0,,26.3,,,6000,158000.0,3,F1,2000,,,,,,2025-05-13
2025-05-13,2025-05-13,CM,BSE,STK,544325,INE379A01028,ITCHOTELS,B,,,,,ITC Hotels Limited,198.05,200.35,196.85,198.35,198.35,198.35,,198.35,,,390702,77547955.0,5266,F1,1,,,,,,2025-05-13
2025-05-13,2025-05-13,CM,BSE,STK,544326,INF754K01TX4,ECAPINSURE,B,,,,,Edelweiss Mutual Fund,20.64,20.78,20.56,20.76,20.76,20.58,,20.81,,,25703,531020.0,52,F1,1,,,,,,2025-05-13
2025-05-13,2025-05-13,CM,BSE,STK,544327,INE0ZHT01012,TECHNICHEM,MT,,,,,TECHNICHEM ORGANICS LIMITED,47.06,48.0,47.06,48.0,48.0,47.06,,48.0,,,8000,380240.0,4,F1,2000,,,,,,2025-05-13
2025-05-13,2025-05-13,CM,BSE,STK,544328,INE622H01018,INDOFARM,T,,,,,INDO FARM EQUIPMENT LIMITED,148.9,154.65,148.8,154.65,154.65,147.3,,155.02,,,2947,448526.0,65,F1,1,,,,,,2025-05-13
2025-05-13,2025-05-13,CM,BSE,STK,544329,INE0RH001011,VANDU,M,,,,,LEO DRYFRUITS & SPICES TRADING,53.4,55.95,53.4,55.48,55.95,53.4,,55.48,,,56000,3076700.0,5,F1,2000,,,,,,2025-05-13
2025-05-13,2025-05-13,CM,BSE,STK,544330,INE0QQJ01021,PARMESHWAR,M,,,,,PARMESHWAR METAL LIMITED,66.0,66.0,66.0,66.0,66.0,66.64,,66.0,,,6000,396000.0,3,F1,2000,,,,,,2025-05-13
2025-05-13,2025-05-13,CM,BSE,STK,544331,INE0Q2L01013,DAVIN,MT,,,,,Davin Sons Retail Limited,21.0,21.0,21.0,21.0,21.0,21.0,,21.0,,,2000,42000.0,1,F1,2000,,,,,,2025-05-13
2025-05-13,2025-05-13,CM,BSE,STK,544332,INE0HSD01011,FABCLEAN,MT,,,,,FABTECH TECHNOLOGIES CLEANROOM,307.0,314.95,305.0,310.05,310.1,310.0,,310.05,,,4400,1361060.0,11,F1,400,,,,,,2025-05-13
2025-05-13,2025-05-13,CM,BSE,STK,544333,INE0M4D01010,SGLTL,B,,,,,STANDARD GLASS LINING TECHNOLO,146.0,154.05,145.5,152.9,153.15,148.45,,152.65,,,62106,9393889.0,897,F1,1,,,,,,2025-05-13
2025-05-13,2025-05-13,CM,BSE,STK,544334,INE0FK501019,INDOBELL,MT,,,,,Indobell Insulations Limited,118.8,127.0,118.8,126.0,126.0,123.7,,126.0,,,4500,564600.0,5,F1,750,,,,,,2025-05-13
2025-05-13,2025-05-13,CM,BSE,STK,544335,INE00ST01011,BRGIL,M,,,,,B.R.GOYAL INFRASTRUCTURE LIMIT,128.4,130.8,126.6,130.15,130.0,125.2,,130.15,,,42000,5419300.0,33,F1,1000,,,,,,2025-05-13
2025-05-13,2025-05-13,CM,BSE,STK,544336,INE0LRY01011,QUADFUTURE,B,,,,,Quadrant Future Tek Limited,463.1,480.0,458.2,469.75,469.75,465.75,,469.55,,,95269,44701744.0,2244,F1,1,,,,,,2025-05-13
2025-05-13,2025-05-13,CM,BSE,STK,544338,INE0Z8Z23013,CAPINVIT,IF,,,,,Capital Infra Trust,87.52,88.08,87.11,87.7,87.7,87.57,,87.55,,,2412,211702.0,61,F1,1,,,,,,2025-05-13
2025-05-13,2025-05-13,CM,BSE,STK,544339,INE0WO601020,LAXMIDENTL,B,,,,,Laxmi Dental Limited,387.1,406.05,387.1,403.4,402.75,393.8,,405.2,,,7027,2806818.0,555,F1,1,,,,,,2025-05-13
2025-05-13,2025-05-13,CM,BSE,STK,544340,INE0CFH01028,RIKHAV,MT,,,,,Rikhav Securities Limited,71.75,73.87,71.0,73.74,73.87,70.36,,73.74,,,110400,8039680.0,65,F1,1600,,,,,,2025-05-13
2025-05-13,2025-05-13,CM,BSE,STK,544341,INE12QA01010,LICL,M,,,,,LANDMARK IMMIGRATION CONSULTAN,56.65,60.0,56.65,60.0,60.0,60.89,,60.0,,,6400,378464.0,4,F1,1600,,,,,,2025-05-13
2025-05-13,2025-05-13,CM,BSE,STK,544342,INE0RYC01010,STALLION,T,,,,,Stallion India Fluorochemicals,68.5,71.21,68.5,70.64,71.21,67.82,,70.57,,,167567,11894474.0,627,F1,1,,,,,,2025-05-13
2025-05-13,2025-05-13,CM,BSE,STK,544343,INE0WXM01011,CNINFOTECH,M,,,,,CAPITALNUMBERS INFOTECH  LIMIT,170.0,179.35,170.0,177.05,178.3,168.1,,177.05,,,116800,20485000.0,256,F1,400,,,,,,2025-05-13
2025-05-13,2025-05-13,CM,BSE,STK,544344,INE526E01018,SHRIPISTON,B,,,,,SHRIRAM PISTONS & RINGS LTD,2240.0,2369.0,2230.0,2362.5,2369.0,2255.0,,2361.1,,,68239,154663661.0,1254,F1,1,,,,,,2025-05-13
2025-05-13,2025-05-13,CM,BSE,STK,544345,INE0R4L01018,DENTA,B,,,,,Denta Water and Infra Solution,297.05,298.2,290.65,295.6,296.75,295.15,,295.9,,,49477,14610054.0,1147,F1,1,,,,,,2025-05-13
2025-05-13,2025-05-13,CM,BSE,STK,544346,INE0AK901016,RRECL,T,,,,,RDB Real Estate Constructions,99.03,99.03,99.03,99.03,99.03,97.09,,99.03,,,2052,203209.0,7,F1,1,,,,,,2025-05-13
2025-05-13,2025-05-13,CM,BSE,STK,544347,INE0WDX01010,CLN,MT,,,,,CLN ENERGY LIMITED,418.85,418.85,405.05,409.2,410.0,399.65,,409.2,,,27600,11415360.0,37,F1,600,,,,,,2025-05-13
2025-05-13,2025-05-13,CM,BSE,STK,544348,INE0RWU01016,GBLOGISTIC,MT,,,,,GB Logistics Commerce Limited,49.33,50.3,49.33,50.3,50.3,49.33,,50.3,,,6000,298308.0,5,F1,1200,,,,,,2025-05-13
2025-05-13,2025-05-13,CM,BSE,STK,544349,INE0DZD01015,HMEML,M,,,,,H.M. ELECTRO MECH LIMITED,76.0,77.99,76.0,77.3,77.9,77.0,,77.3,,,40000,3072576.0,25,F1,1600,,,,,,2025-05-13
2025-05-13,2025-05-13,CM,BSE,STK,544350,INE943P01029,AGARWALEYE,B,,,,,Dr. Agarwal's Health Care Limi,371.95,378.75,368.1,370.35,370.5,367.8,,370.65,,,16576,6201925.0,434,F1,1,,,,,,2025-05-13
2025-05-13,2025-05-13,CM,BSE,STK,544351,INE0YON01014,MALPANI,M,,,,,MALPANI PIPES AND FITTINGS LIM,67.75,67.75,67.75,67.75,67.75,66.3,,67.75,,,4800,325200.0,3,F1,1600,,,,,,2025-05-13
2025-05-13,2025-05-13,CM,BSE,STK,544353,INE0U2L01017,AMWILL,M,,,,,Amwill Health Care Limited,87.0,92.33,84.5,90.48,90.48,86.4,,90.48,,,196800,17658900.0,69,F1,1200,,,,,,2025-05-13
2025-05-13,2025-05-13,CM,BSE,STK,544354,INE0W0H01017,SOLARIUM,M,,,,,SOLARIUM GREEN ENERGY LIMITED,282.2,287.0,282.2,286.8,287.0,286.8,,286.8,,,34800,9898710.0,41,F1,600,,,,,,2025-05-13
2025-05-13,2025-05-13,CM,BSE,STK,544355,INE03CC01015,JUBLCPL,B,,,,,Jubilant Agri and Consumer Pro,1488.3,1561.5,1487.95,1550.25,1561.5,1477.15,,1546.3,,,878,1359247.0,190,F1,1,,,,,,2025-05-13
2025-05-13,2025-05-13,CM,BSE,STK,544356,INE274Y01021,AJAXENGG,B,,,,,AJAX Engineering Limited,696.25,736.0,690.3,731.05,726.6,694.35,,730.9,,,63403,45729603.0,3581,F1,1,,,,,,2025-05-13
2025-05-13,2025-05-13,CM,BSE,STK,544361,INE0R8101016,COVANCE,T,,,,,COVANCE SOFTSOL LIMITED,9.6,9.6,9.6,9.6,9.6,9.42,,9.6,,,2,19.0,2,F1,1,,,,,,2025-05-13
2025-05-13,2025-05-13,CM,BSE,STK,544362,INE093A01041,HEXT,B,,,,,Hexaware Technologies Limited,746.1,757.25,739.7,744.8,741.35,749.05,,744.15,,,8988,6725927.0,598,F1,1,,,,,,2025-05-13
2025-05-13,2025-05-13,CM,BSE,STK,544363,INF582M01KS4,UNIONGOLD,E,,,,,UNION MUTUAL FUND,94.0,94.0,91.1,93.98,93.98,95.86,,93.65,,,127,11635.0,12,F1,1,,,,,,2025-05-13
2025-05-13,2025-05-13,CM,BSE,STK,544364,INE0O9T01021,BAJAJINDEF,B,,,,,Indef Manufacturing Limited,219.95,227.8,216.0,223.7,220.0,219.95,,222.23,,,4334,964352.0,266,F1,1,,,,,,2025-05-13
2025-05-13,2025-05-13,CM,BSE,STK,544365,INE0TD301017,SHANMUGA,M,,,,,SHANMUGA HOSPITAL LIMITED,38.5,39.0,38.5,39.0,39.0,37.87,,39.0,,,20000,774020.0,10,F1,2000,,,,,,2025-05-13
2025-05-13,2025-05-13,CM,BSE,STK,544366,INE0FFF01017,LKMEHTA,M,,,,,L.K.MEHTA POLYMERS LIMITED,52.95,52.99,52.9,52.9,52.9,51.6,,52.9,,,8000,423696.0,5,F1,1600,,,,,,2025-05-13
2025-05-13,2025-05-13,CM,BSE,STK,544367,INE0SII01026,QPOWER,B,,,,,QUALITY POWER ELECTRICAL EQUIP,371.75,386.7,366.25,377.8,375.9,369.65,,377.65,,,89213,33813772.0,3500,F1,1,,,,,,2025-05-13
2025-05-13,2025-05-13,CM,BSE,STK,544368,INE0TIR01017,SWASTH,MT,,,,,Swasth Foodtech India Limited,29.14,29.14,29.14,29.14,29.14,28.57,,29.14,,,3600,104904.0,3,F1,1200,,,,,,2025-05-13
2025-05-13,2025-05-13,CM,BSE,STK,544369,INE13VU01016,BEEZAASAN,MT,,,,,Beezaasan Explotech Limited,220.3,224.7,220.3,224.6,224.6,220.3,,224.6,,,15200,3411840.0,14,F1,800,,,,,,2025-05-13
2025-05-13,2025-05-13,CM,BSE,STK,544371,INE0NR501012,VIKRAMAR,T,,,,,VIKRAM AROMA LIMITED,122.2,122.2,110.75,111.75,111.75,116.5,,111.75,,,4305,481418.0,104,F1,1,,,,,,2025-05-13
2025-05-13,2025-05-13,CM,BSE,STK,544372,INE0RXS01018,SHREENATH,MT,,,,,SHREENATH PAPER PRODUCTS LIMIT,15.91,15.92,15.16,15.75,15.75,15.19,,15.75,,,18000,281100.0,6,F1,3000,,,,,,2025-05-13
2025-05-13,2025-05-13,CM,BSE,STK,544375,INF579M01BB5,GOLD360,E,,,,,360 ONE Mutual Fund,92.48,94.5,92.0,93.83,93.83,92.86,,93.7,,,140,12990.0,11,F1,1,,,,,,2025-05-13
2025-05-13,2025-05-13,CM,BSE,STK,544376,INF769K01ON4,SELECTIPO,B,,,,,Mirae Asset Mutual Fund,44.95,46.13,44.95,46.01,46.01,44.95,,45.88,,,627,28714.0,5,F1,1,,,,,,2025-05-13
2025-05-13,2025-05-13,CM,BSE,STK,544377,INF769K01OA1,EQUAL200,B,,,,,Mirae Asset Mutual Fund,12.46,12.8,12.46,12.77,12.77,12.45,,12.59,,,9798,122848.0,27,F1,1,,,,,,2025-05-13
2025-05-13,2025-05-13,CM,BSE,STK,544378,INE0ABU01016,PSPL,M,,,,,PDP Shipping & Projects Limite,80.0,80.0,75.1,75.1,75.1,76.39,,75.1,,,6000,473090.0,6,F1,1000,,,,,,2025-05-13
2025-05-13,2025-05-13,CM,BSE,STK,544379,INE0I0M01023,PRABHA,B,,,,,Prabha Energy Limited,183.15,188.5,179.95,182.65,186.5,180.65,,181.72,,,882,161352.0,38,F1,1,,,,,,2025-05-13
2025-05-13,2025-05-13,CM,BSE,STK,544381,INE16IQ01014,SUPERIRON,MT,,,,,Super Iron Foundry Limited,34.09,34.17,33.15,33.98,34.17,32.55,,33.98,,,58800,1995432.0,31,F1,1200,,,,,,2025-05-13
2025-05-13,2025-05-13,CM,BSE,STK,544383,INE0SMW01011,PPARIVAH,M,,,,,PARADEEP PARIVAHAN LIMITED,104.0,110.0,100.0,109.27,109.27,104.28,,109.27,,,824400,85075212.0,237,F1,1200,,,,,,2025-05-13
2025-05-13,2025-05-13,CM,BSE,STK,544384,INF0R8F01091,SILVERCASE,E,,,,,Zerodha Mutual Fund,9.82,9.98,9.76,9.96,9.98,9.74,,9.96,,,292286,2884201.0,318,F1,1,,,,,,2025-05-13
2025-05-13,2025-05-13,CM,BSE,STK,544385,INF200KB1712,SBIBPB,B,,,,,SBI Mutual Fund,38.34,38.44,38.06,38.06,38.06,35.93,,38.0,,,125,4784.0,11,F1,1,,,,,,2025-05-13
2025-05-13,2025-05-13,CM,BSE,STK,544386,INE01EO01010,SPECTRUM,B,,,,,Spectrum Electrical Industries,1646.0,1715.0,1577.0,1688.55,1707.0,1675.3,,1690.7,,,1209,1971581.0,147,F1,1,,,,,,2025-05-13
2025-05-13,2025-05-13,CM,BSE,STK,544387,INE0TGG01014,DESCO,MT,,,,,Desco Infratech Limited,263.0,263.0,245.2,251.4,250.8,252.0,,251.4,,,57000,14543700.0,55,F1,1000,,,,,,2025-05-13
2025-05-13,2025-05-13,CM,BSE,STK,544388,INE0PA401012,IDENTIXWEB,M,,,,,Identixweb Limited,73.77,74.85,71.0,74.16,74.85,74.05,,74.16,,,50000,3665120.0,24,F1,2000,,,,,,2025-05-13
2025-05-13,2025-05-13,CM,BSE,STK,544389,INF579M01BC3,SILVER360,E,,,,,360 ONE Mutual Fund,95.11,95.11,95.11,95.11,95.11,95.1,,97.07,,,151,14361.0,8,F1,1,,,,,,2025-05-13
2025-05-13,2025-05-13,CM,BSE,STK,544392,INE10XX01012,SPINAROO,M,,,,,SPINAROO COMMERCIAL LIMITED,72.65,72.95,71.98,72.3,71.98,71.89,,72.3,,,102000,7398180.0,20,F1,2000,,,,,,2025-05-13
2025-05-13,2025-05-13,CM,BSE,STK,544393,INE12IB01015,INFONATIVE,MT,,,,,INFONATIVE SOLUTIONS LIMITED,35.94,36.04,35.94,36.04,36.04,34.33,,36.04,,,11200,403120.0,7,F1,1600,,,,,,2025-05-13
2025-05-13,2025-05-13,CM,BSE,STK,544394,INF109K1A153,EVIETF,B,,,,,ICICI Prudential Mutual Fund,29.38,29.66,28.32,28.49,28.49,28.38,,28.39,,,1321,37800.0,27,F1,1,,,,,,2025-05-13
2025-05-13,2025-05-13,CM,BSE,STK,544396,INE0FFK01017,NPST,B,,,,,Network People Services Techno,2096.15,2182.55,2070.0,2095.75,2120.05,2129.15,,2083.2,,,580,1229662.0,192,F1,1,,,,,,2025-05-13
2025-05-13,2025-05-13,CM,BSE,STK,544397,INE0LEZ01016,ATHERENERG,B,,,,,Ather Energy Limited,309.1,310.95,300.15,303.05,303.05,309.55,,302.7,,,208099,63565180.0,4382,F1,1,,,,,,2025-05-13
2025-05-13,2025-05-13,CM,BSE,STK,544398,INE0AOG01018,KENRIK,MT,,,,,Kenrik Industries Limited,26.4,26.93,26.2,26.2,26.2,27.57,,26.2,,,414000,10913040.0,56,F1,6000,,,,,,2025-05-13
2025-05-13,2025-05-13,CM,BSE,STK,544399,INE0RJ901010,SRIGEE,MT,,,,,SRIGEE DLM LIMITED,198.0,207.37,191.6,207.37,207.37,197.5,,207.37,,,548400,109658940.0,229,F1,1200,,,,,,2025-05-13
2025-05-13,2025-05-13,CM,BSE,STK,544400,INE0MV001018,MANOJJEWEL,MT,,,,,Manoj Jewellers Limited,51.09,51.9,51.09,51.09,51.09,53.77,,51.09,,,50000,2556140.0,23,F1,2000,,,,,,2025-05-13
2025-05-13,2025-05-13,CM,BSE,STK,555555,INF346A01034,SENSEXIETF,A,,,,,ICICI Prudential BSE Sensex ET,937.2,937.2,914.28,915.02,924.59,928.99,,916.53,,,365,335412.0,34,F1,1,,,,,,2025-05-13
2025-05-13,2025-05-13,CM,BSE,STK,570002,IN9623B01058,FELDVR,Z,,,,,Future Enterprises Limited,3.9,3.9,3.72,3.72,3.72,3.91,,3.72,,,1994,7513.0,22,F1,1,,,,,,2025-05-13
2025-05-13,2025-05-13,CM,BSE,STK,570004,IN9175A01010,JISLDVREQS,B,,,,,JAIN IRRIGATION SYSTEMS LTD.,28.88,32.33,28.88,30.25,30.25,28.74,,30.08,,,11311,345383.0,229,F1,1,,,,,,2025-05-13
2025-05-13,2025-05-13,CM,BSE,STK,570005,INE224E01036,GATECHDVR,B,,,,,GACM Technologies Limited - DV,0.81,0.88,0.81,0.86,0.86,0.84,,0.85,,,101751,86877.0,157,F1,1,,,,,,2025-05-13
2025-05-13,2025-05-13,CM,BSE,STK,590003,INE036D01028,KARURVYSYA,B,,,,,KARUR VYSYA BANK LTD.,211.05,220.0,210.9,218.8,218.8,211.3,,219.29,,,619776,132533853.0,1756,F1,1,,,,,,2025-05-13
2025-05-13,2025-05-13,CM,BSE,STK,590005,INE484C01030,VEEDOL,B,,,,,VEEDOL CORPORATION LIMITED,1558.85,1602.0,1530.45,1578.05,1602.0,1540.15,,1576.4,,,5484,8623480.0,772,F1,1,,,,,,2025-05-13
2025-05-13,2025-05-13,CM,BSE,STK,590006,INE098F01031,AMRUTANJAN,B,,,,,AMRUTANJAN HEALTH CARE LTD.,705.15,715.15,704.4,709.9,709.0,704.4,,709.9,,,841,596969.0,184,F1,1,,,,,,2025-05-13
2025-05-13,2025-05-13,CM,BSE,STK,590013,INE445C01015,XPROINDIA,B,,,,,XPRO INDIA LTD.,1010.0,1044.45,1005.05,1039.05,1038.75,1006.6,,1039.9,,,507,525701.0,121,F1,1,,,,,,2025-05-13
2025-05-13,2025-05-13,CM,BSE,STK,590018,INE598C01011,HISARMETAL,B,,,,,HISAR METAL INDUSTRIES LTD.,195.6,201.15,195.6,198.6,198.65,195.6,,197.68,,,663,131986.0,25,F1,1,,,,,,2025-05-13
2025-05-13,2025-05-13,CM,BSE,STK,590021,INE838B01013,BHARATRAS,B,,,,,BHARAT RASAYAN LTD.,9470.0,9520.85,9396.2,9443.8,9464.0,9522.7,,9441.0,,,155,1468398.0,87,F1,1,,,,,,2025-05-13
2025-05-13,2025-05-13,CM,BSE,STK,590024,INE188A01015,FACT,B,,,,,FERTILIZERS & CHEMICALS TRAVAN,817.0,836.1,808.8,821.35,821.35,817.1,,822.5,,,32566,26881387.0,943,F1,1,,,,,,2025-05-13
2025-05-13,2025-05-13,CM,BSE,STK,590025,INE424C01010,GINNIFILA,B,,,,,GINNI FILAMENTS LTD.,35.34,38.66,33.24,37.85,37.85,33.24,,37.94,,,364342,13098989.0,3012,F1,1,,,,,,2025-05-13
2025-05-13,2025-05-13,CM,BSE,STK,590030,INE147A01011,SPIC,B,,,,,SOUTHERN PETROCHEMICALS LTD.,78.42,83.88,77.77,81.79,81.79,78.42,,81.99,,,193276,15719832.0,1982,F1,1,,,,,,2025-05-13
2025-05-13,2025-05-13,CM,BSE,STK,590031,INE244A01016,DENORA,B,,,,,DE NORA INDIA LTD.,761.0,786.7,760.35,770.6,770.2,758.15,,770.95,,,589,454983.0,115,F1,1,,,,,,2025-05-13
2025-05-13,2025-05-13,CM,BSE,STK,590041,INE641C01019,KAVVERITEL,T,,,,,KAVVERI TELECOM PRODUCTS LTD.,46.2,46.2,46.2,46.2,46.2,44.0,,46.31,,,2150,99330.0,6,F1,1,,,,,,2025-05-13
2025-05-13,2025-05-13,CM,BSE,STK,590051,INE667G01023,SAKSOFT,B,,,,,SAKSOFT LTD.,170.95,174.1,167.25,172.8,172.85,167.9,,172.71,,,28812,4939955.0,873,F1,1,,,,,,2025-05-13
2025-05-13,2025-05-13,CM,BSE,STK,590056,INE498E01010,SALONA,B,,,,,SALONA COTSPIN LTD.,251.0,251.2,240.05,240.05,240.05,239.0,,242.2,,,757,186423.0,16,F1,1,,,,,,2025-05-13
2025-05-13,2025-05-13,CM,BSE,STK,590057,INE217G01035,EQUIPPP,T,,,,,EQUIPPP SOCIAL IMPACT TECHNOLO,20.55,21.39,20.55,21.17,21.39,21.45,,20.81,,,418,8618.0,14,F1,1,,,,,,2025-05-13
2025-05-13,2025-05-13,CM,BSE,STK,590062,INE715B01021,ANDHRSUGAR,B,,,,,ANDHRA SUGARS LTD.,70.7,73.36,70.7,72.29,72.29,71.4,,72.2,,,16241,1175140.0,387,F1,1,,,,,,2025-05-13
2025-05-13,2025-05-13,CM,BSE,STK,590065,INE547E01014,IMPAL,B,,,,,INDIA MOTOR PARTS & ACCESSORIE,992.05,1025.25,990.0,1018.45,1007.0,985.05,,1019.0,,,96,95491.0,28,F1,1,,,,,,2025-05-13
2025-05-13,2025-05-13,CM,BSE,STK,590066,INE805C01028,KCP,B,,,,,K.C.P.LTD.,206.35,209.55,203.65,207.05,207.85,204.95,,207.03,,,10276,2120396.0,392,F1,1,,,,,,2025-05-13
2025-05-13,2025-05-13,CM,BSE,STK,590068,INE731C01018,KHAITANLTD,B,,,,,KHAITAN (INDIA) LTD.,88.98,90.0,85.0,86.44,85.0,87.74,,85.55,,,289,25129.0,23,F1,1,,,,,,2025-05-13
2025-05-13,2025-05-13,CM,BSE,STK,590070,INE874F01027,RADAAN,T,,,,,RADAAN MEDIAWORKS (I) LTD.,3.63,3.79,3.47,3.78,3.78,3.63,,3.77,,,17464,65089.0,65,F1,1,,,,,,2025-05-13
2025-05-13,2025-05-13,CM,BSE,STK,590071,INE660A01013,SUNDARMFIN,B,,,,,SUNDARAM FINANCE LTD.,5071.85,5086.15,4982.95,4993.7,5013.65,5071.85,,5001.0,,,408,2047253.0,147,F1,1,,,,,,2025-05-13
2025-05-13,2025-05-13,CM,BSE,STK,590072,INE073D01013,SUNDRMBRAK,B,,,,,SUNDARAM BRAKE LININGS LTD.,720.0,740.0,715.9,740.0,740.0,726.9,,723.55,,,254,182045.0,17,F1,1,,,,,,2025-05-13
2025-05-13,2025-05-13,CM,BSE,STK,590073,INE715A01015,WHEELS,B,,,,,WHEELS INDIA LTD.,685.0,724.0,684.9,718.25,715.0,678.75,,720.45,,,4152,2947509.0,472,F1,1,,,,,,2025-05-13
2025-05-13,2025-05-13,CM,BSE,STK,590075,INE112F01022,LAMBODHARA,B,,,,,LAMBODHARA TEXTILES LTD.,140.2,141.45,139.0,140.8,140.85,138.9,,140.72,,,1718,241527.0,292,F1,1,,,,,,2025-05-13
2025-05-13,2025-05-13,CM,BSE,STK,590078,INE683C01011,MAITHANALL,B,,,,,MAITHAN ALLOYS LTD.,966.5,990.0,959.35,980.0,978.3,962.5,,981.9,,,860,839990.0,178,F1,1,,,,,,2025-05-13
2025-05-13,2025-05-13,CM,BSE,STK,590086,INE725E01024,ORISSAMINE,B,,,,,ORISSA MINERALS DEVELOPMENT CO,5211.5,5359.4,5211.5,5281.2,5261.25,5211.5,,5282.0,,,289,1529555.0,137,F1,1,,,,,,2025-05-13
2025-05-13,2025-05-13,CM,BSE,STK,590095,INF204KB17I5,GOLDBEES,E,,,,,NIPPON INDIA ETF GOLD BEES,78.78,79.17,78.01,79.06,79.06,78.0,,79.07,,,2732402,214990975.0,16030,F1,1,,,,,,2025-05-13
2025-05-13,2025-05-13,CM,BSE,STK,590096,INF732E01037,LIQUIDBEES,F,,,,,NIPPON INDIA ETF LIQUID BEES,1000.0,1000.01,999.99,999.99,999.99,999.99,,999.99,,,353654,353651844.0,1402,F1,1,,,,,,2025-05-13
2025-05-13,2025-05-13,CM,BSE,STK,590097,INF174KA1HJ8,GOLD1,E,,,,,KOTAK MAHINDRA MUTUAL FUND - K,79.13,79.48,78.5,79.39,79.48,78.43,,79.35,,,15807,1248958.0,224,F1,1,,,,,,2025-05-13
2025-05-13,2025-05-13,CM,BSE,STK,590098,INF200KA16D8,SETFGOLD,E,,,,,SBI MUTUAL FUND - SBI GOLD EXC,80.92,81.75,80.34,81.56,81.56,80.78,,81.57,,,137598,11152527.0,1501,F1,1,,,,,,2025-05-13
2025-05-13,2025-05-13,CM,BSE,STK,590099,INF082J01408,QGOLDHALF,E,,,,,QUANTUM GOLD FUND - EXCHANGE T,77.65,78.86,77.65,78.82,78.84,77.67,,78.82,,,4060,318404.0,112,F1,1,,,,,,2025-05-13
2025-05-13,2025-05-13,CM,BSE,STK,590101,INF789F1AUX7,GOLDSHARE,E,,,,,UTI MUTUAL FUND - UTI GOLD EXC,79.59,80.1,79.1,80.07,80.07,79.05,,80.05,,,43881,3487878.0,385,F1,1,,,,,,2025-05-13
2025-05-13,2025-05-13,CM,BSE,STK,590103,INF204KB14I2,NIFTYBEES,B,,,,,NIPPON INDIA ETF NIFTY BEES,279.49,279.49,275.3,275.62,275.62,278.95,,275.65,,,1185261,327751785.0,12865,F1,1,,,,,,2025-05-13
2025-05-13,2025-05-13,CM,BSE,STK,590104,INF732E01045,JUNIORBEES,B,,,,,NIPPON INDIA ETF JUNIOR BEES,696.56,701.0,694.09,696.84,697.44,696.56,,696.73,,,9849,6872870.0,309,F1,1,,,,,,2025-05-13
2025-05-13,2025-05-13,CM,BSE,STK,590106,INF204KB15I9,BANKBEES,B,,,,,NIPPON INDIA ETF BANK BEES,567.98,568.33,562.5,563.2,563.2,567.98,,563.24,,,114450,64636800.0,1743,F1,1,,,,,,2025-05-13
2025-05-13,2025-05-13,CM,BSE,STK,590107,INF373I01023,PSUBANK,B,,,,,KOTAK MAHINDRA MUTUAL FUND - K,651.95,655.95,651.95,653.1,652.7,642.17,,653.6,,,520,339869.0,47,F1,1,,,,,,2025-05-13
2025-05-13,2025-05-13,CM,BSE,STK,590108,INF204KB16I7,PSUBNKBEES,B,,,,,NIPPON INDIA ETF PSU BANK BEES,71.94,73.35,71.69,73.16,73.1,71.94,,73.1,,,157933,11450325.0,246,F1,1,,,,,,2025-05-13
2025-05-13,2025-05-13,CM,BSE,STK,590109,INF732E01128,SHARIABEES,B,,,,,NIPPON INDIA ETF SHARIAH BEES,508.89,508.89,504.2,505.15,505.15,509.57,,504.13,,,558,282207.0,23,F1,1,,,,,,2025-05-13
2025-05-13,2025-05-13,CM,BSE,STK,590110,INF082J01028,QNIFTY,B,,,,,Quantum Nifty 50 ETF,2650.0,2700.0,2645.85,2665.09,2662.65,2700.4,,2668.72,,,276,740829.0,63,F1,1,,,,,,2025-05-13
2025-05-13,2025-05-13,CM,BSE,STK,590113,INF204KB19I1,HNGSNGBEES,E,,,,,NIPPON INDIA ETF HANG SENG BEE,394.84,399.15,390.3,394.95,394.95,399.14,,395.44,,,55995,22079606.0,1767,F1,1,,,,,,2025-05-13
2025-05-13,2025-05-13,CM,BSE,STK,590115,INF247L01536,MOM50,B,,,,,MOTILAL OSWAL MUTUAL FUND,257.96,257.96,253.21,253.82,253.82,246.7,,253.23,,,36,9157.0,7,F1,1,,,,,,2025-05-13
2025-05-13,2025-05-13,CM,BSE,STK,590134,INE414A01015,MADRASFERT,B,,,,,Madras Fertilizer Limited,87.59,89.65,86.75,89.1,89.24,87.52,,89.19,,,26741,2362527.0,463,F1,1,,,,,,2025-05-13
2025-05-13,2025-05-13,CM,BSE,STK,590136,INF174K01F59,BANKNIFTY1,B,,,,,Kotak Mahindra Mutual Fund - P,569.28,569.28,564.0,567.1,564.97,569.28,,564.98,,,464,263028.0,56,F1,1,,,,,,2025-05-13
2025-05-13,2025-05-13,CM,BSE,STK,590137,INF200KA1580,SETFNIFBK,B,,,,,SBI Mutual Fund-Permitted,562.83,564.91,557.51,558.47,558.2,562.83,,558.81,,,1364,764250.0,113,F1,1,,,,,,2025-05-13
2025-05-13,2025-05-13,CM,BSE,STK,590138,INF200KA1FS1,SETFNIF50,B,,,,,SBI Mutual Fund-Permitted,263.72,265.6,259.87,260.14,260.66,263.54,,260.19,,,85377,22228745.0,532,F1,1,,,,,,2025-05-13
2025-05-13,2025-05-13,CM,BSE,STK,750970,INE075K20013,ANVRDH-RE,R,,,,,ANNVRRIDHHI VENTURES LIMITED,0.15,0.15,0.15,0.15,0.15,0.13,,0.15,,,202598,30389.0,87,F1,1,,,,,,2025-05-13
2025-05-13,2025-05-13,CM,BSE,STK,750973,INE125F20016,OIVL-RE,R,,,,,ONESOURCE INDUSTRIES AND VENTU,0.05,0.05,0.05,0.05,0.05,0.05,,0.05,,,748147,37407.0,90,F1,1,,,,,,2025-05-13
2025-05-13,2025-05-13,CM,BSE,STK,750975,INE224E20036,GATECH-RE1,R,,,,,GACM Technologies Limited,0.07,0.07,0.07,0.07,0.07,0.06,,0.07,,,3973770,278163.0,232,F1,1,,,,,,2025-05-13
2025-05-13,2025-05-13,CM,BSE,STK,750976,INE224E20044,GATDVR-RE,R,,,,,GACM Technologies Limited,0.07,0.07,0.07,0.07,0.07,0.06,,0.07,,,1141560,79909.0,91,F1,1,,,,,,2025-05-13
2025-05-13,2025-05-13,CM,BSE,STK,750977,INE0CG620016,MAXIND-RE,R,,,,,Max India Limited,29.55,37.99,29.55,37.0,37.0,27.14,,40.67,,,1834,64046.0,69,F1,1,,,,,,2025-05-13
2025-05-13,2025-05-13,CM,BSE,STK,750978,INE186H20022,BASML-RE1,R,,,,,Bannari Amman Spinning Mills L,2.23,2.9,2.15,2.36,2.36,0.0,,2.35,,,131156,297508.0,569,F1,1,,,,,,2025-05-13
2025-05-13,2025-05-13,CM,BSE,STK,800269,IN0020170034,SGBJUL25,G,,,,,SOVEREIGN GOLD BOND 2017 SERIE,9300.0,9300.0,9300.0,9300.0,9300.0,9460.0,,9312.5,,,11,102300.0,2,F1,1,,,,,,2025-05-13
2025-05-13,2025-05-13,CM,BSE,STK,800279,IN0020170133,SGBDEC25XI,G,,,,,SOVEREIGN GOLD BOND 2017 SERIE,9650.0,9650.0,9650.0,9650.0,9650.0,9600.0,,9685.0,,,1,9650.0,1,F1,1,,,,,,2025-05-13
2025-05-13,2025-05-13,CM,BSE,STK,800282,IN0020170166,SGBJAN26,G,,,,,SOVEREIGN GOLD BOND 2018 SERIE,9300.0,9300.0,9300.0,9300.0,9300.0,9400.0,,9410.0,,,2,18600.0,2,F1,1,,,,,,2025-05-13
2025-05-13,2025-05-13,CM,BSE,STK,800296,IN0020190081,SGBJUL27,G,,,,,SOVEREIGN GOLD BOND 2019-20 SE,9250.0,9250.0,9250.0,9250.0,9250.0,9350.0,,9250.0,,,3,27750.0,2,F1,1,,,,,,2025-05-13
2025-05-13,2025-05-13,CM,BSE,STK,800297,IN0020190107,SGBAUG27,G,,,,,SOVEREIGN GOLD BOND 2019-20 SE,9291.0,9390.0,9291.0,9377.5,9390.0,9271.83,,9377.5,,,12,112318.0,7,F1,1,,,,,,2025-05-13
2025-05-13,2025-05-13,CM,BSE,STK,800314,IN0020190545,SGBFEB28IX,G,,,,,Sovereign Gold Bonds 2019-20 S,9000.52,9000.52,9000.52,9000.52,9000.52,9450.0,,9100.26,,,3,27001.0,1,F1,1,,,,,,2025-05-13
2025-05-13,2025-05-13,CM,BSE,STK,800316,IN0020200039,719GS2060,G,,,,,719GOI2060,104.85,104.85,104.85,104.85,104.85,102.5,,104.93,,,11,1153.0,2,F1,1,,,,,,2025-05-13
2025-05-13,2025-05-13,CM,BSE,STK,800318,IN0020200062,SGBAPR28I,G,,,,,Sovereign Gold Bonds 2020-21 S,9193.0,9290.0,9193.0,9236.0,9236.0,9193.83,,9245.87,,,25,230552.0,10,F1,1,,,,,,2025-05-13
2025-05-13,2025-05-13,CM,BSE,STK,800320,IN0020200088,SGBMAY28,G,,,,,Sovereign Gold Bonds 2020-21 S,9154.03,9260.03,9154.03,9260.03,9260.03,9200.03,,9270.02,,,4,36884.0,4,F1,1,,,,,,2025-05-13
2025-05-13,2025-05-13,CM,BSE,STK,800322,IN0020200104,SGBJUN28,G,,,,,Sovereign Gold Bonds 2020-21 S,9250.0,9310.0,9250.0,9310.0,9310.0,9305.0,,9300.0,,,4,37115.0,3,F1,1,,,,,,2025-05-13
2025-05-13,2025-05-13,CM,BSE,STK,800324,IN0020200146,SGBJUL28IV,G,,,,,Sovereign Gold Bond 2020-21 IV,9199.0,9300.0,9199.0,9300.0,9300.0,9161.05,,9275.33,,,24,222041.0,6,F1,1,,,,,,2025-05-13
2025-05-13,2025-05-13,CM,BSE,STK,800325,IN0020200161,SGBAUG28V,G,,,,,Sovereign Gold Bonds 2020-21 V,9248.74,9279.97,9168.0,9250.0,9250.0,9202.73,,9231.07,,,176,1623057.0,44,F1,1,,,,,,2025-05-13
2025-05-13,2025-05-13,CM,BSE,STK,800327,IN0020200195,SGBSEP28VI,G,,,,,Sovereign Gold Bonds 2020-21 S,9250.0,9347.99,9250.0,9347.99,9347.99,9350.0,,9216.14,,,14,129597.0,4,F1,1,,,,,,2025-05-13
2025-05-13,2025-05-13,CM,BSE,STK,800328,IN0020200203,SGBOC28VII,G,,,,,Sovereign Gold Bonds 2020-21 S,9219.5,9220.0,9125.0,9125.0,9125.0,9200.0,,9211.17,,,9,82694.0,3,F1,1,,,,,,2025-05-13
2025-05-13,2025-05-13,CM,BSE,STK,800329,IN0020200286,SGBN28VIII,G,,,,,Sovereign Gold Bonds 2020-21 S,9191.0,9245.0,9100.0,9245.0,9245.0,9191.0,,9245.0,,,17,156449.0,7,F1,1,,,,,,2025-05-13
2025-05-13,2025-05-13,CM,BSE,STK,800330,IN0020200252,667GS2050,G,,,,,667GOI2050,98.1,98.1,98.1,98.1,98.1,99.5,,99.05,,,560,54936.0,1,F1,1,,,,,,2025-05-13
2025-05-13,2025-05-13,CM,BSE,STK,800331,IN0020200377,SGBJAN29IX,G,,,,,SGB 2020-21 Series IX,9090.0,9200.0,9090.0,9190.03,9190.03,9191.0,,9193.65,,,63,578201.0,16,F1,1,,,,,,2025-05-13
2025-05-13,2025-05-13,CM,BSE,STK,800332,IN0020200385,SGBJAN29X,G,,,,,Sovereign Gold Bonds 2021-21 S,9216.53,9216.53,9216.53,9216.53,9216.53,9172.0,,9210.0,,,5,46082.0,2,F1,1,,,,,,2025-05-13
2025-05-13,2025-05-13,CM,BSE,STK,800339,IN0020200427,SGBMR29XII,G,,,,,SGB 2020-21 Series XII,9151.11,9243.0,9151.11,9214.33,9243.0,9151.11,,9200.87,,,37,340288.0,12,F1,1,,,,,,2025-05-13
2025-05-13,2025-05-13,CM,BSE,STK,800340,IN0020210053,SGBMAY29I,G,,,,,SGB 2021-22 Series I,9170.0,9201.0,9170.0,9201.0,9201.0,9126.55,,9216.25,,,110,1010255.0,4,F1,1,,,,,,2025-05-13
2025-05-13,2025-05-13,CM,BSE,STK,800341,IN0020210061,SGBJUN29II,G,,,,,SGB 2021-22 Series II,9198.0,9198.0,9198.0,9198.0,9198.0,9179.0,,9220.85,,,3,27594.0,1,F1,1,,,,,,2025-05-13
2025-05-13,2025-05-13,CM,BSE,STK,800342,IN0020210087,SGBJU29III,G,,,,,Sovereign Gold Bonds 2021-22,9155.0,9200.0,9134.99,9200.0,9200.0,9303.0,,9229.0,,,15,137714.0,5,F1,1,,,,,,2025-05-13
2025-05-13,2025-05-13,CM,BSE,STK,800367,IN0020210111,SGBJUL29IV,G,,,,,Sovereign Gold Bond Series IV,9114.25,9194.99,9114.25,9194.99,9194.99,9114.25,,9194.99,,,17,156153.0,5,F1,1,,,,,,2025-05-13
2025-05-13,2025-05-13,CM,BSE,STK,800385,IN0020210129,SGBAUG29V,G,,,,,Sovereign Gold Bonds 2021-22 S,9200.0,9200.0,9200.0,9200.0,9200.0,9181.48,,9220.0,,,1,9200.0,1,F1,1,,,,,,2025-05-13
2025-05-13,2025-05-13,CM,BSE,STK,800386,IN0020210145,SGBSEP29VI,G,,,,,Sovereign Gold Bonds 2021-22 S,9200.0,9200.0,9140.0,9199.0,9199.0,9104.66,,9205.24,,,95,870450.0,11,F1,1,,,,,,2025-05-13
2025-05-13,2025-05-13,CM,BSE,STK,800432,IN0020210152,667GS2035,G,,,,,667GOI2035,122.6,122.6,122.0,122.0,122.0,111.75,,120.48,,,3,367.0,3,F1,1,,,,,,2025-05-13
2025-05-13,2025-05-13,CM,BSE,STK,800434,IN0020210178,SGBNV29VII,G,,,,,Sovereign Gold Bonds 2021-22 S,9100.0,9200.0,9100.0,9200.0,9200.0,9242.0,,9225.0,,,42,385514.0,8,F1,1,,,,,,2025-05-13
2025-05-13,2025-05-13,CM,BSE,STK,800438,IN0020210236,SGBJAN30IX,G,,,,,Soveriegn Gold Bonds 2021-22 S,9189.0,9190.0,9189.0,9190.0,9190.0,9100.04,,9220.57,,,9,82702.0,2,F1,1,,,,,,2025-05-13
2025-05-13,2025-05-13,CM,BSE,STK,800439,IN0020210319,SGBMAR30X,G,,,,,Sovereign Gold Bonds 2021-22 S,9125.0,9240.0,9125.0,9240.0,9240.0,9120.0,,9240.0,,,25,229427.0,7,F1,1,,,,,,2025-05-13
2025-05-13,2025-05-13,CM,BSE,STK,800441,IN0020220029,754GS2036,G,,,,,754GOI2036,112.65,112.65,112.65,112.65,112.65,112.5,,113.1,,,1,112.0,1,F1,1,,,,,,2025-05-13
2025-05-13,2025-05-13,CM,BSE,STK,800443,IN0020220045,SGBJUN30,G,,,,,Sovereign Gold Bonds 2022-23 S,9225.0,9225.0,9225.0,9225.0,9225.0,9225.0,,9237.5,,,6,55350.0,2,F1,1,,,,,,2025-05-13
2025-05-13,2025-05-13,CM,BSE,STK,800444,IN0020220011,710GS2029,G,,,,,71GOI2029,103.4,103.4,103.4,103.4,103.4,103.6,,103.96,,,2,206.0,1,F1,1,,,,,,2025-05-13
2025-05-13,2025-05-13,CM,BSE,STK,800452,IN0020220086,736GS2052,G,,,,,736GOI2052,107.15,107.15,107.15,107.15,107.15,107.15,,107.15,,,12,1285.0,1,F1,1,,,,,,2025-05-13
2025-05-13,2025-05-13,CM,BSE,STK,800488,IN0020220078,SGBAUG30,G,,,,,Sovereign Gold Bonds 2022-23 S,9101.0,9297.88,9101.0,9250.0,9250.0,9200.0,,9240.01,,,51,469655.0,10,F1,1,,,,,,2025-05-13
2025-05-13,2025-05-13,CM,BSE,STK,800489,IN0020220094,74GS2062,G,,,,,74GOI2062,107.0,112.35,107.0,107.2,107.2,108.0,,107.2,,,2022,216458.0,4,F1,1,,,,,,2025-05-13
2025-05-13,2025-05-13,CM,BSE,STK,800520,IN0020220060,726GS2032,G,,,,,726GOI2032,106.95,106.95,106.95,106.95,106.95,106.95,,106.95,,,2500,267375.0,4,F1,1,,,,,,2025-05-13
2025-05-13,2025-05-13,CM,BSE,STK,800573,IN0020220110,SGBDE30III,G,,,,,Soverign Gold Bond 2022-23 Sr,9300.0,9375.0,9231.01,9231.01,9231.01,9300.01,,9260.31,,,58,538905.0,11,F1,1,,,,,,2025-05-13
2025-05-13,2025-05-13,CM,BSE,STK,800580,IN0020230069,SGBJUN31I,G,,,,,Sovereign Gold Bonds 2023-24 S,9220.0,9275.0,9212.0,9275.0,9275.0,9220.0,,9260.98,,,25,231464.0,6,F1,1,,,,,,2025-05-13
2025-05-13,2025-05-13,CM,BSE,STK,800596,IN0020230093,SGBSEP31II,G,,,,,Sovereign Gold Bonds 2023-24 S,9225.0,9350.0,9208.14,9297.0,9297.0,9225.1,,9262.06,,,112,1039152.0,16,F1,1,,,,,,2025-05-13
2025-05-13,2025-05-13,CM,BSE,STK,800598,IN0020230077,718GS2037,G,,,,,718GS2037,107.75,107.75,107.25,107.55,107.55,108.0,,107.55,,,3900,419095.0,5,F1,1,,,,,,2025-05-13
2025-05-13,2025-05-13,CM,BSE,STK,800603,IN0020230168,SGBDE31III,G,,,,,Sovereign Gold Bonds 2023-24 S,9308.0,9400.0,9230.01,9344.49,9350.01,9313.43,,9363.55,,,560,5217449.0,88,F1,1,,,,,,2025-05-13
2025-05-13,2025-05-13,CM,BSE,STK,800605,IN0020230184,SGBFEB32IV,G,,,,,Sovereign Gold Bonds 2023-24 S,9534.09,9799.99,9500.0,9527.4,9689.99,9534.09,,9540.51,,,377,3601335.0,74,F1,1,,,,,,2025-05-13
2025-05-13,2025-05-13,CM,BSE,STK,800655,IN0020240027,723GS2039,G,,,,,723GS2039,106.0,106.0,106.0,106.0,106.0,107.7,,106.0,,,200,21200.0,2,F1,1,,,,,,2025-05-13
2025-05-13,2025-05-13,CM,BSE,STK,804922,IN002024Z099,364TB29525,G,,,,,364TB29525,99.5,99.5,99.5,99.5,99.5,98.51,,99.5,,,1000,99500.0,2,F1,1,,,,,,2025-05-13
2025-05-13,2025-05-13,CM,BSE,STK,804925,IN002024Z107,364TB05625,G,,,,,364TB05625,99.37,99.37,99.37,99.37,99.37,99.17,,99.37,,,100,9937.0,1,F1,1,,,,,,2025-05-13
2025-05-13,2025-05-13,CM,BSE,STK,805031,IN002024X474,91TB300525,G,,,,,91TB300525,99.5,99.5,99.5,99.5,99.5,99.5,,99.5,,,1100,109450.0,3,F1,1,,,,,,2025-05-13
2025-05-13,2025-05-13,CM,BSE,STK,805050,IN002025Y024,182T101025,G,,,,,182T101025,97.48,97.48,97.48,97.48,97.48,97.2,,97.47,,,300,29244.0,1,F1,1,,,,,,2025-05-13
2025-05-13,2025-05-13,CM,BSE,STK,805061,IN002025X067,91TB070825,G,,,,,91TB070825,97.76,97.9,97.76,97.9,97.9,97.79,,97.9,,,200,19566.0,2,F1,1,,,,,,2025-05-13
2025-05-13,2025-05-13,CM,BSE,STK,810746,IN2220210164,695MH32,G,,,,,695MAHSDL32,90.8,90.8,90.8,90.8,90.8,100.75,,90.8,,,100,9080.0,7,F1,1,,,,,,2025-05-13
2025-05-13,2025-05-13,CM,BSE,STK,810971,IN2220230154,77MH33A,G,,,,,77MAHSDL33,102.0,102.0,101.0,101.0,101.0,103.0,,101.0,,,200,20300.0,2,F1,1,,,,,,2025-05-13
2025-05-13,2025-05-13,CM,BSE,STK,811007,IN3120240053,743TAMSDL34,G,,,,,743TAMSDL34,81.19,81.19,81.19,81.19,81.19,81.19,,81.19,,,49,3978.0,1,F1,1,,,,,,2025-05-13
2025-05-13,2025-05-13,CM,BSE,STK,811028,IN2220240120,727MHSDL44,G,,,,,727MHSDL44,108.3,108.3,108.3,108.3,108.3,104.9,,108.3,,,15,1624.0,1,F1,1,,,,,,2025-05-13
2025-05-13,2025-05-13,CM,BSE,STK,890157,IN9397D01014,AIRTELPP,A,,,,,Bharti Airtel  Ltd.,1417.95,1444.35,1356.05,1361.95,1368.95,1415.65,,1363.3,,,754,1036448.0,114,F1,1,,,,,,2025-05-13
2025-05-13,2025-05-13,CM,BSE,STK,890197,IN9564C01011,YARNPP,XT,,,,,Yarn Syndicate Ltd.,4.99,4.99,4.99,4.99,4.99,5.09,,4.99,,,50000,249500.0,19,F1,1,,,,,,2025-05-13
2025-05-13,2025-05-13,CM,BSE,STK,890209,IN9628A01026,UPLPP,A,,,,,UPL Limited,450.0,451.0,416.0,420.0,421.5,449.55,,420.25,,,6992,2961344.0,1666,F1,1,,,,,,2025-05-13
2025-05-13,2025-05-13,CM,BSE,STK,890211,IN9526B01012,CALSOFTPP,T,,,,,California Software Co. Ltd.,3.99,3.99,3.99,3.99,3.99,3.89,,3.32,,,861,3435.0,2,F1,1,,,,,,2025-05-13
2025-05-13,2025-05-13,CM,BSE,STK,890213,IN9201F01013,SNLFPP,XT,,,,,Shri Niwas Leasing and Finance,6.82,6.82,6.48,6.48,6.48,6.82,,6.48,,,58,392.0,4,F1,1,,,,,,2025-05-13
2025-05-13,2025-05-13,CM,BSE,STK,890214,IN9139R01028,FUSIONPP,A,,,,,FUSION FINANCE LIMITED,95.01,103.99,94.21,100.46,100.99,96.42,,100.06,,,21618,2132157.0,490,F1,1,,,,,,2025-05-13
2025-05-13,2025-05-13,CM,BSE,STK,935506,INE134E07547,736PFCL25,F,,,,,PFC-7.36%-1B-17-10-25-BOND,1041.15,1041.15,1041.15,1041.15,1041.15,1035.41,,1041.15,,,2,2082.0,2,F1,1,,,,,,2025-05-13
2025-05-13,2025-05-13,CM,BSE,STK,935510,INE134E07562,752PFCL30,F,,,,,PFC-7.52%-2B-17-10-30-BOND,1115.72,1115.72,1115.72,1115.72,1115.72,1115.41,,1115.72,,,4,4462.0,1,F1,1,,,,,,2025-05-13
2025-05-13,2025-05-13,CM,BSE,STK,935512,INE134E07570,735PFCL35,F,,,,,PFC-7.35%-3A-17-10-35-BOND,1171.1,1171.1,1171.1,1171.1,1171.1,1161.0,,1171.1,,,244,285748.0,1,F1,1,,,,,,2025-05-13
2025-05-13,2025-05-13,CM,BSE,STK,935544,INE020B07JS8,734REC30,F,,,,,REC-7.34%-5-11-30-S-2B-NCD,1096.18,1096.18,1096.18,1096.18,1096.18,1149.0,,1096.18,,,4,4384.0,1,F1,1,,,,,,2025-05-13
2025-05-13,2025-05-13,CM,BSE,STK,935566,INE053F07793,707IRFC25,F,,,,,IRFC-7.07%-21-12-25-TAXFREENCD,1050.0,1050.0,1050.0,1050.0,1050.0,1206.0,,1050.0,,,100,105000.0,1,F1,1,,,,,,2025-05-13
2025-05-13,2025-05-13,CM,BSE,STK,935572,INE053F07827,732IRFC25,F,,,,,IRFC-7.32%-21-12-25-TAXFREENCD,1046.3,1049.79,1037.0,1048.0,1048.0,1046.25,,1046.5,,,941,977968.0,7,F1,1,,,,,,2025-05-13
2025-05-13,2025-05-13,CM,BSE,STK,935576,INE053F07843,750IRFC35,F,,,,,IRFC-7.50%-21-12-35-TAXFREENCD,1191.1,1191.1,1191.1,1191.1,1191.1,1195.0,,1195.05,,,791,942160.0,3,F1,1,,,,,,2025-05-13
2025-05-13,2025-05-13,CM,BSE,STK,935580,INE906B07EH2,739NHAI26,F,,,,,NHAI-7.39%-11-1-26-TAXFREENCD,1015.02,1015.02,1013.0,1013.0,1013.0,1012.3,,1015.0,,,300,304414.0,7,F1,1,,,,,,2025-05-13
2025-05-13,2025-05-13,CM,BSE,STK,935584,INE906B07EJ8,76NHAI31,F,,,,,NHAI-7.6%-11-1-31-TAXFREENCD,1129.9,1131.0,1129.9,1131.0,1131.0,1127.9,,1131.0,,,23,26009.0,7,F1,1,,,,,,2025-05-13
2025-05-13,2025-05-13,CM,BSE,STK,935618,INE202E07229,774IREDA31,F,,,,,IREDA-7.74%-21-1-31-TAXFREENCD,1115.21,1115.21,1115.2,1115.2,1115.2,1126.99,,1119.6,,,558,622283.0,3,F1,1,,,,,,2025-05-13
2025-05-13,2025-05-13,CM,BSE,STK,935640,INE031A07AN7,727HUDCO26,F,,,,,HUDCO-7.27%-8-2-26-TAXFREENCD,1025.0,1035.0,1025.0,1035.0,1035.0,1030.0,,1035.0,,,14,14460.0,2,F1,1,,,,,,2025-05-13
2025-05-13,2025-05-13,CM,BSE,STK,935642,INE031A07AO5,764HUDCO31,F,,,,,HUDCO-7.64%-8-2-31-TAXFREENCD,1125.0,1125.0,1120.0,1120.0,1120.0,1120.0,,1121.5,,,398,446760.0,2,F1,1,,,,,,2025-05-13
2025-05-13,2025-05-13,CM,BSE,STK,935674,INE031A07AT4,769HUDCO31,F,,,,,HUDCO-7.69%-15-3-31-TAXFREENCD,1126.0,1136.0,1126.0,1132.09,1132.0,1136.0,,1132.05,,,1253,1418044.0,11,F1,1,,,,,,2025-05-13
2025-05-13,2025-05-13,CM,BSE,STK,935752,INE774D08MA6,9MMFSL26,F,,,,,MMFSL-9%-6-6-26-NCD,1095.0,1096.0,1093.0,1095.0,1095.0,1094.55,,1095.0,,,544,595694.0,11,F1,1,,,,,,2025-05-13
2025-05-13,2025-05-13,CM,BSE,STK,935786,INE530L07210,957NIDO26,F,,,,,NIDO-9.57%-19-7-26-NCD,987.6,998.15,985.0,986.0,986.0,995.0,,983.0,,,229,227348.0,5,F1,1,,,,,,2025-05-13
2025-05-13,2025-05-13,CM,BSE,STK,935860,INE148I07GL3,9SCL26BA,F,,,,,SCL-9%-26-9-26-NCDS,1020.0,1020.0,1020.0,1020.0,1020.0,1020.0,,1020.0,,,105,107100.0,5,F1,1,,,,,,2025-05-13
2025-05-13,2025-05-13,CM,BSE,STK,935868,INE148I08256,915SCL26,F,,,,,SCL-9.15%-26-9-26-NCDS,1016.0,1016.0,1016.0,1016.0,1016.0,1021.95,,1020.09,,,400,406400.0,5,F1,1,,,,,,2025-05-13
2025-05-13,2025-05-13,CM,BSE,STK,936048,INE774D08MM1,805MMFSL32,F,,,,,MMFSL-8.05%-24-07-32-NCD,1010.0,1010.0,1009.94,1009.94,1009.94,1092.0,,1009.94,,,111,112109.0,7,F1,1,,,,,,2025-05-13
2025-05-13,2025-05-13,CM,BSE,STK,936130,INE528S07110,888ERFL28,F,,,,,ERFL-8.88%-22-3-28-NCD,948.8,948.8,945.0,945.0,945.0,941.0,,941.55,,,207,196223.0,2,F1,1,,,,,,2025-05-13
2025-05-13,2025-05-13,CM,BSE,STK,936224,INE651J07622,975JMFCS28,F,,,,,JMFCSL-9.75%-7-6-28-NCD,1088.0,1094.5,1088.0,1094.5,1094.5,1098.0,,1094.5,,,287,312821.0,6,F1,1,,,,,,2025-05-13
2025-05-13,2025-05-13,CM,BSE,STK,936252,INE804I078Y8,943ECL28,F,,,,,EFL-9.43%-6-8-28-NCD,970.0,970.0,970.0,970.0,970.0,969.43,,975.0,,,10,9700.0,1,F1,1,,,,,,2025-05-13
2025-05-13,2025-05-13,CM,BSE,STK,936254,INE804I079Y6,985ECL28,F,,,,,EFL-9.85%-6-8-28-NCD,1025.0,1025.0,1025.0,1025.0,1025.0,1047.0,,1025.0,,,438,448950.0,1,F1,1,,,,,,2025-05-13
2025-05-13,2025-05-13,CM,BSE,STK,936294,INE306N08292,910TCAP28,F,,,,,TCAP-9.10%-27-9-28-NCD,1098.0,1098.0,1082.25,1082.25,1082.25,1088.0,,1082.25,,,564,613019.0,2,F1,1,,,,,,2025-05-13
2025-05-13,2025-05-13,CM,BSE,STK,936374,INE522D07AP4,MFL25,F,,,,,MFL-29-11-25-NCD,1890.0,1899.3,1890.0,1899.3,1899.3,1890.0,,1899.3,,,238,450870.0,6,F1,1,,,,,,2025-05-13
2025-05-13,2025-05-13,CM,BSE,STK,936386,INE651J07697,981JMFCS28,F,,,,,JMFCSL-9.81%-13-12-28-NCD,1030.0,1030.0,1030.0,1030.0,1030.0,1030.0,,1030.0,,,10,10300.0,1,F1,1,,,,,,2025-05-13
2025-05-13,2025-05-13,CM,BSE,STK,936398,INE804IA7014,1015ECL29,F,,,,,EFL-10.15%-4-1-29-NCD,990.0,992.9,990.0,992.9,992.9,990.05,,990.99,,,125,123822.0,3,F1,1,,,,,,2025-05-13
2025-05-13,2025-05-13,CM,BSE,STK,936412,INE774D07SW9,93MMFSL27,F,,,,,MMFSL-9.3%-18-1-27-NCD,1032.0,1032.0,1030.25,1031.9,1031.9,1031.33,,1031.9,,,556,573383.0,8,F1,1,,,,,,2025-05-13
2025-05-13,2025-05-13,CM,BSE,STK,936492,INE522D07BA4,MFLZC26,F,,,,,MFL-ZC-5-5-26-NCD,1815.0,1833.85,1815.0,1833.85,1833.85,1804.48,,1833.85,,,796,1456811.0,6,F1,1,,,,,,2025-05-13
2025-05-13,2025-05-13,CM,BSE,STK,936532,INE027E07998,898LTF29,F,,,,,LTF-8.98%-13-3-29-NCD,1050.0,1050.0,1050.0,1050.0,1050.0,1050.0,,1050.0,,,10,10500.0,1,F1,1,,,,,,2025-05-13
2025-05-13,2025-05-13,CM,BSE,STK,936574,INE027E07AL1,905LTF27,F,,,,,LTF-9.05%-15-4-27-NCD,1036.0,1036.0,1036.0,1036.0,1036.0,1020.05,,1036.0,,,5,5180.0,1,F1,1,,,,,,2025-05-13
2025-05-13,2025-05-13,CM,BSE,STK,936810,INE306N07LM5,865TCAPS27,F,,,,,TCAP-8.65%-26-8-27-NCD,1075.0,1075.0,1075.0,1075.0,1075.0,1082.0,,1075.01,,,4,4300.0,1,F1,1,,,,,,2025-05-13
2025-05-13,2025-05-13,CM,BSE,STK,936814,INE306N08342,885TCAPS29,F,,,,,TCAP-8.85%-26-8-29-NCD,1099.0,1190.0,1099.0,1190.0,1190.0,1095.0,,1102.95,,,120,138250.0,2,F1,1,,,,,,2025-05-13
2025-05-13,2025-05-13,CM,BSE,STK,936944,INE414G07EC7,MFLZC27D,F,,,,,MFL-ZC-1-5-27-NCD,1705.0,1705.0,1705.0,1705.0,1705.0,1676.5,,1705.0,,,686,1169630.0,3,F1,1,,,,,,2025-05-13
2025-05-13,2025-05-13,CM,BSE,STK,936977,INE804IA7253,104ECL29,F,,,,,ECL-10.4%-28-11-29-NCD,998.0,998.0,998.0,998.0,998.0,992.33,,998.0,,,34,33932.0,1,F1,1,,,,,,2025-05-13
2025-05-13,2025-05-13,CM,BSE,STK,937071,INE721A07PN1,91SFL27,F,,,,,SFL-9.10%-28-1-27-NCD,1040.0,1040.0,1030.0,1030.0,1030.0,969.1,,1030.0,,,150,155000.0,5,F1,1,,,,,,2025-05-13
2025-05-13,2025-05-13,CM,BSE,STK,937319,INE414G07FI1,MFOPTVI24,F,,,,,MFL-OVI-5-11-25-NCD,1401.8,1401.8,1401.8,1401.8,1401.8,1387.2,,1401.8,,,2,2803.0,2,F1,1,,,,,,2025-05-13
2025-05-13,2025-05-13,CM,BSE,STK,937341,INE532F07BN1,98EFSL26,F,,,,,EFSL-9.8%-8-1-26-NCD,1014.2,1025.8,1014.2,1025.8,1025.8,1013.2,,1025.8,,,301,307025.0,4,F1,1,,,,,,2025-05-13
2025-05-13,2025-05-13,CM,BSE,STK,937343,INE532F07BO9,EFSLZC26,F,,,,,EFSL-ZC-8-1-26-NCD,1484.85,1484.85,1484.85,1484.85,1484.85,1483.54,,1484.85,,,6,8909.0,1,F1,1,,,,,,2025-05-13
2025-05-13,2025-05-13,CM,BSE,STK,937355,INE414G07FM3,MFLIV26,F,,,,,MFL-IV-11-1-26-NCD,1005.0,1005.0,1005.0,1005.0,1005.0,1005.0,,1005.0,,,517,519585.0,13,F1,1,,,,,,2025-05-13
2025-05-13,2025-05-13,CM,BSE,STK,937377,INE134E07AP6,683PFCL31,F,,,,,PFCL-6.83%-22-1-31-NCD,985.0,986.0,985.0,986.0,986.0,985.0,,986.0,,,101,99536.0,3,F1,1,,,,,,2025-05-13
2025-05-13,2025-05-13,CM,BSE,STK,937381,INE134E07AR2,697PFCL36,F,,,,,PFCL-6.97%-22-1-36-NCD,999.0,999.0,999.0,999.0,999.0,993.1,,999.0,,,200,199800.0,1,F1,1,,,,,,2025-05-13
2025-05-13,2025-05-13,CM,BSE,STK,937385,INE134E07AT8,715PFCL36,F,,,,,PFCL-7.15%-22-1-36-NCD,1022.0,1026.0,1020.54,1026.0,1026.0,1022.0,,1026.0,,,2145,2194582.0,17,F1,1,,,,,,2025-05-13
2025-05-13,2025-05-13,CM,BSE,STK,937409,INE549K08178,9MFL27,F,,,,,MFL-9%-29-1-27-NCD,978.5,980.0,978.5,980.0,980.0,978.5,,980.0,,,27,26427.0,2,F1,1,,,,,,2025-05-13
2025-05-13,2025-05-13,CM,BSE,STK,937419,INE549K08194,MFLZC27C,F,,,,,MFL-ZC-29-1-27-NCD,1406.0,1406.0,1406.0,1406.0,1406.0,1396.44,,1406.0,,,11,15466.0,1,F1,1,,,,,,2025-05-13
2025-05-13,2025-05-13,CM,BSE,STK,937431,INE101Q08118,1025MMFL26,F,,,,,MMFL-10.25%-13-3-26-NCD,1000.0,1000.0,1000.0,1000.0,1000.0,1000.0,,1000.0,,,95,95000.0,1,F1,1,,,,,,2025-05-13
2025-05-13,2025-05-13,CM,BSE,STK,937453,INE530B08094,10IIFL28A,F,,,,,IFL-10%-24-6-28-NCD,965.5,980.0,965.5,975.0,975.0,977.8,,982.0,,,230,223490.0,6,F1,1,,,,,,2025-05-13
2025-05-13,2025-05-13,CM,BSE,STK,937455,INE530B08102,96IIFL28A,F,,,,,IFL-9.6%-24-6-28-NCD,969.97,969.97,963.05,963.05,963.05,959.08,,965.65,,,1176,1135976.0,15,F1,1,,,,,,2025-05-13
2025-05-13,2025-05-13,CM,BSE,STK,937457,INE530B08110,IIFLZC28,F,,,,,IFL-ZC-24-6-28-NCD,1451.0,1451.0,1451.0,1451.0,1451.0,1371.0,,1375.0,,,5,7255.0,1,F1,1,,,,,,2025-05-13
2025-05-13,2025-05-13,CM,BSE,STK,937461,INE414G07FR2,MFLII26B,F,,,,,MFL-II-20-4-26-NCD,981.0,981.0,981.0,981.0,981.0,981.0,,981.0,,,1000,981000.0,3,F1,1,,,,,,2025-05-13
2025-05-13,2025-05-13,CM,BSE,STK,937467,INE414G07FU6,MFLV26E,F,,,,,MFL-V-20-4-26-NCD,991.0,991.0,990.0,990.0,990.0,991.0,,990.0,,,192,190180.0,3,F1,1,,,,,,2025-05-13
2025-05-13,2025-05-13,CM,BSE,STK,937473,INE414G07FX0,MFLVIII26H,F,,,,,MFL-VIII-20-4-26-NCD,1320.0,1320.0,1320.0,1320.0,1320.0,1320.0,,1320.0,,,25,33000.0,2,F1,1,,,,,,2025-05-13
2025-05-13,2025-05-13,CM,BSE,STK,937495,INE532F07BX0,916EFSL26,F,,,,,EFSL-9.16%-29-4-26-NCD,985.0,985.0,981.0,984.0,984.0,984.8,,984.0,,,11,10810.0,3,F1,1,,,,,,2025-05-13
2025-05-13,2025-05-13,CM,BSE,STK,937497,INE532F07BY8,955EFSL26,F,,,,,EFSL-9.55%-29-4-26-NCD,966.0,966.0,966.0,966.0,966.0,966.0,,966.0,,,10,9660.0,1,F1,1,,,,,,2025-05-13
2025-05-13,2025-05-13,CM,BSE,STK,937537,INE219X07264,82IGT31,F,,,,,IGT-8.2%-6-5-31-INVIT-NCD,1011.1,1011.1,1011.1,1011.1,1011.1,1010.61,,1011.68,,,1000,1011100.0,3,F1,1,,,,,,2025-05-13
2025-05-13,2025-05-13,CM,BSE,STK,937541,INE219X07280,797IGT31,F,,,,,IGT-7.97%-6-5-31-INVIT-NCD,1010.0,1010.0,1010.0,1010.0,1010.0,1010.0,,1010.0,,,10,10100.0,1,F1,1,,,,,,2025-05-13
2025-05-13,2025-05-13,CM,BSE,STK,937551,INE549K08244,975MFCL28E,F,,,,,MFCL-9.75%-7-8-28-NCD,950.0,950.0,950.0,950.0,950.0,950.0,,950.0,,,99,94050.0,1,F1,1,,,,,,2025-05-13
2025-05-13,2025-05-13,CM,BSE,STK,937577,INE516Y07410,875PF26,F,,,,,PFL-8.75%-23-7-26-NCD,1070.0,1070.0,1070.0,1070.0,1070.0,1056.0,,1069.5,,,99,105930.0,2,F1,1,,,,,,2025-05-13
2025-05-13,2025-05-13,CM,BSE,STK,937581,INE516Y07428,9PFL31A,F,,,,,PFL-9%-23-07-31-NCD,1070.0,1070.0,1070.0,1070.0,1070.0,1075.0,,1070.0,,,10,10700.0,1,F1,1,,,,,,2025-05-13
2025-05-13,2025-05-13,CM,BSE,STK,937631,INE532F07CF5,915EFSL26,F,,,,,EFSL-9.15%-10-9-26-NCD,975.0,998.0,950.1,979.0,979.0,972.7,,979.0,,,339,327970.0,7,F1,1,,,,,,2025-05-13
2025-05-13,2025-05-13,CM,BSE,STK,937633,INE532F07CG3,955EFSL26A,F,,,,,EFSL-9.55%-10-9-26-NCD,1038.8,1038.8,1038.8,1038.8,1038.8,1038.0,,1038.8,,,1,1038.0,1,F1,1,,,,,,2025-05-13
2025-05-13,2025-05-13,CM,BSE,STK,937637,INE532F07CI9,93EFSL31,F,,,,,EFSL-9.30%-10-9-31-NCD,945.0,945.0,940.0,940.0,940.0,944.97,,940.0,,,43,40620.0,2,F1,1,,,,,,2025-05-13
2025-05-13,2025-05-13,CM,BSE,STK,937639,INE532F07CJ7,97EFSL31,F,,,,,EFSL-9.70%-10-9-31-NCD,989.8,989.8,989.8,989.8,989.8,967.2,,989.8,,,50,49490.0,1,F1,1,,,,,,2025-05-13
2025-05-13,2025-05-13,CM,BSE,STK,937653,INE101Q08167,MMFLZC28B,F,,,,,MMFL-ZC-15-9-28-NCD,1370.0,1370.0,1370.0,1370.0,1370.0,1370.0,,1370.0,,,30,41100.0,3,F1,1,,,,,,2025-05-13
2025-05-13,2025-05-13,CM,BSE,STK,937707,INE523H07BO4,820JMFPL26,F,,,,,JMFPL-8.20%-7-10-26-NCD,1033.0,1033.0,1026.0,1026.0,1026.0,1026.0,,1026.0,,,100,102950.0,2,F1,1,,,,,,2025-05-13
2025-05-13,2025-05-13,CM,BSE,STK,937709,INE523H07BP1,791JMFPL26,F,,,,,JMFPL-7.91%-7-10-26-NCD,995.4,995.4,995.4,995.4,995.4,975.96,,995.4,,,60,59724.0,1,F1,1,,,,,,2025-05-13
2025-05-13,2025-05-13,CM,BSE,STK,937773,INE549K07AU2,910MFL26,F,,,,,MFL-8.75%-29-10-26-NCD,980.0,980.0,980.0,980.0,980.0,985.0,,980.0,,,26,25480.0,1,F1,1,,,,,,2025-05-13
2025-05-13,2025-05-13,CM,BSE,STK,937799,INE532F07CQ2,915EFSL26A,F,,,,,EFSL-9.15%-28-12-26-NCD,979.0,979.0,979.0,979.0,979.0,990.0,,979.0,,,5,4895.0,1,F1,1,,,,,,2025-05-13
2025-05-13,2025-05-13,CM,BSE,STK,937999,INE530L07475,915NIDO27,F,,,,,NIDO-9.15%-29-4-27-NCD,968.0,968.0,948.0,948.0,948.0,989.2,,948.0,,,2,1916.0,2,F1,1,,,,,,2025-05-13
2025-05-13,2025-05-13,CM,BSE,STK,938001,INE530L07483,955NIDO27,F,,,,,NIDO-9.55%-29-4-27-NCD,980.0,980.0,960.0,960.0,960.0,982.5,,960.0,,,3,2900.0,2,F1,1,,,,,,2025-05-13
2025-05-13,2025-05-13,CM,BSE,STK,938005,INE530L07509,930NIDO32,F,,,,,NIDO-9.30%-29-4-32-NCD,912.8,912.8,908.0,908.0,908.0,912.8,,908.0,,,201,183386.0,4,F1,1,,,,,,2025-05-13
2025-05-13,2025-05-13,CM,BSE,STK,938073,INE414G07GP4,MFLV29,F,,,,,MFL-23-6-29-NCD,1015.0,1015.0,1015.0,1015.0,1015.0,1023.8,,1015.0,,,200,203000.0,2,F1,1,,,,,,2025-05-13
2025-05-13,2025-05-13,CM,BSE,STK,938075,INE414G07GQ2,MFLVI25,F,,,,,MFL-23-6-25-NCD,1224.5,1224.5,1222.98,1223.22,1223.22,1222.74,,1223.22,,,397,485662.0,5,F1,1,,,,,,2025-05-13
2025-05-13,2025-05-13,CM,BSE,STK,938105,INE523L07710,916NWIL27,F,,,,,NWIL-9.16%-15-7-27-NCD,990.0,990.0,961.6,961.6,961.6,990.0,,961.6,,,25,24182.0,2,F1,1,,,,,,2025-05-13
2025-05-13,2025-05-13,CM,BSE,STK,938107,INE523L07751,955NWIL27,F,,,,,NWIL-9.55%-15-7-27-NCD,1030.25,1046.8,1030.2,1046.8,1046.8,1035.8,,1046.8,,,150,155362.0,3,F1,1,,,,,,2025-05-13
2025-05-13,2025-05-13,CM,BSE,STK,938111,INE523L07744,953NWIL32,F,,,,,NWIL-9.53%-15-7-32-NCD,993.4,993.4,993.4,993.4,993.4,1000.0,,993.4,,,194,192719.0,1,F1,1,,,,,,2025-05-13
2025-05-13,2025-05-13,CM,BSE,STK,938119,INE403Q07CS9,KFL25A,F,,,,,KFL-10-8-25-NCD,1258.0,1258.0,1258.0,1258.0,1258.0,1170.0,,1258.0,,,266,334628.0,5,F1,1,,,,,,2025-05-13
2025-05-13,2025-05-13,CM,BSE,STK,938123,INE403Q07CU5,95KFL26,F,,,,,KFL-9.5%-10-8-26-NCD,950.3,950.3,950.3,950.3,950.3,950.2,,950.3,,,150,142545.0,4,F1,1,,,,,,2025-05-13
2025-05-13,2025-05-13,CM,BSE,STK,938196,INE01I507653,1050KLM27,F,,,,,KLMAFL-10.50%-16-10-27-NCD,1000.0,1000.0,1000.0,1000.0,1000.0,1000.0,,1000.0,,,255,255000.0,2,F1,1,,,,,,2025-05-13
2025-05-13,2025-05-13,CM,BSE,STK,938206,INE532F07CX8,89EFSL25,F,,,,,EFSL-8.9%-20-10-25-NCD,991.0,991.0,991.0,991.0,991.0,1000.55,,991.0,,,1,991.0,1,F1,1,,,,,,2025-05-13
2025-05-13,2025-05-13,CM,BSE,STK,938212,INE532F07DB2,935EFSL27,F,,,,,EFSL-9.35%-20-10-27-NCD,955.0,995.0,945.0,973.24,955.0,955.0,,973.24,,,1294,1255798.0,13,F1,1,,,,,,2025-05-13
2025-05-13,2025-05-13,CM,BSE,STK,938214,INE532F07DC0,975EFSL27,F,,,,,EFSL-9.75%-20-10-27-NCD,1011.5,1011.5,1011.5,1011.5,1011.5,1005.0,,1011.5,,,190,192185.0,1,F1,1,,,,,,2025-05-13
2025-05-13,2025-05-13,CM,BSE,STK,938218,INE532F07DD8,965EFSL32,F,,,,,EFSL-9.65%-20-10-32-NCD,911.21,949.0,911.21,930.55,949.0,969.73,,930.55,,,4,3722.0,4,F1,1,,,,,,2025-05-13
2025-05-13,2025-05-13,CM,BSE,STK,938246,INE414G07GU4,MFLTDI25,F,,,,,MFL-3-11-25-NCD,984.2,984.2,984.2,984.2,984.2,993.8,,984.2,,,3,2952.0,1,F1,1,,,,,,2025-05-13
2025-05-13,2025-05-13,CM,BSE,STK,938248,INE148I07MS6,955SCL27A,F,,,,,SCL-03-11-25-NCD,1222.0,1222.0,1222.0,1222.0,1222.0,1222.1,,1222.0,,,29,35438.0,3,F1,1,,,,,,2025-05-13
2025-05-13,2025-05-13,CM,BSE,STK,938280,INE741K07504,CAGL27A,F,,,,,CAGL-23-11-27-NCD,1263.37,1263.37,1263.37,1263.37,1263.37,1195.0,,1255.19,,,7,8843.0,3,F1,1,,,,,,2025-05-13
2025-05-13,2025-05-13,CM,BSE,STK,938282,INE414G07HB2,735MFL25,F,,,,,MFL-7.35%-23-12-25-NCD,990.0,990.0,990.0,990.0,990.0,992.8,,990.0,,,500,495000.0,1,F1,1,,,,,,2025-05-13
2025-05-13,2025-05-13,CM,BSE,STK,938320,INE148I07ND6,965SCL25C,F,,,,,SCL-9.39%-28-12-27-NCD,720.0,720.0,720.0,720.0,720.0,641.0,,665.27,,,1,720.0,1,F1,1,,,,,,2025-05-13
2025-05-13,2025-05-13,CM,BSE,STK,938358,INE532F07DM9,920EFSL26B,F,,,,,EFSL-9.20%-20-1-26-NCD,960.1,990.8,960.1,990.8,990.8,976.33,,990.8,,,21,20499.0,3,F1,1,,,,,,2025-05-13
2025-05-13,2025-05-13,CM,BSE,STK,938360,INE532F07DN7,960EFSL26C,F,,,,,EFSL-9.60%-20-1-26-NCD,1007.21,1007.21,1007.21,1007.21,1007.21,1007.21,,1007.21,,,100,100721.0,1,F1,1,,,,,,2025-05-13
2025-05-13,2025-05-13,CM,BSE,STK,938364,INE532F07DK3,967EFSL28D,F,,,,,EFSL-9.67%-20-1-28-NCD,958.01,964.99,958.01,960.0,960.0,961.0,,960.0,,,1996,1919427.0,21,F1,1,,,,,,2025-05-13
2025-05-13,2025-05-13,CM,BSE,STK,938368,INE532F07DG1,EFSLZC28,F,,,,,EFSL-Zero Coupon-20-1-28-NCD,1188.8,1188.8,1188.8,1188.8,1188.8,1171.0,,1188.8,,,10,11888.0,2,F1,1,,,,,,2025-05-13
2025-05-13,2025-05-13,CM,BSE,STK,938370,INE532F07DH9,10EFSL33B,F,,,,,EFSL-10%-20-1-33-NCD,941.21,941.21,941.2,941.2,941.2,944.01,,941.2,,,206,193889.0,2,F1,1,,,,,,2025-05-13
2025-05-13,2025-05-13,CM,BSE,STK,938378,INE530B07294,875IIFL26A,F,,,,,IIFL-8.75%-24-1-26-NCD,1006.5,1006.5,1006.5,1006.5,1006.5,1006.0,,1005.75,,,2,2013.0,1,F1,1,,,,,,2025-05-13
2025-05-13,2025-05-13,CM,BSE,STK,938382,INE530B07310,865IIFL28,F,,,,,IIFL-8.65%-25-1-28-NCD,958.0,960.0,958.0,960.0,960.0,958.0,,959.11,,,366,351248.0,7,F1,1,,,,,,2025-05-13
2025-05-13,2025-05-13,CM,BSE,STK,938384,INE530B07260,9IIFL28A,F,,,,,IIFL-9%-24-1-28-NCD,977.0,977.0,977.0,977.0,977.0,979.0,,971.45,,,17,16609.0,1,F1,1,,,,,,2025-05-13
2025-05-13,2025-05-13,CM,BSE,STK,938434,INE414G07HL1,775MFL26,F,,,,,MFL-7.75%-10-4-26-NCD,990.0,990.0,990.0,990.0,990.0,995.0,,990.0,,,300,297000.0,1,F1,1,,,,,,2025-05-13
2025-05-13,2025-05-13,CM,BSE,STK,938436,INE414G07HM9,785MFL28,F,,,,,MFL-7.85%-10-4-28-NCD,983.18,983.18,978.45,978.45,978.45,972.05,,978.45,,,96,94271.0,4,F1,1,,,,,,2025-05-13
2025-05-13,2025-05-13,CM,BSE,STK,938440,INE414G07HR8,8MFL26,F,,,,,MFL-8%-10-4-26-NCD,999.04,999.04,999.0,999.0,999.0,996.11,,999.0,,,100,99903.0,3,F1,1,,,,,,2025-05-13
2025-05-13,2025-05-13,CM,BSE,STK,938508,INE244L07556,1003SFIL28,F,,,,,SFIL-10.50%-25-4-28-NCD,699.0,699.0,699.0,699.0,699.0,650.0,,698.5,,,30,20970.0,1,F1,1,,,,,,2025-05-13
2025-05-13,2025-05-13,CM,BSE,STK,938518,INE532F07DP2,920EFSL26,F,,,,,EFSL-9.20%-27-4-26-NCD,1000.0,1001.0,1000.0,1000.06,1001.0,1004.0,,1000.06,,,80,80005.0,3,F1,1,,,,,,2025-05-13
2025-05-13,2025-05-13,CM,BSE,STK,938520,INE532F07DS6,960EFSL26,F,,,,,EFSL-9.60%-27-4-26-NCD,992.55,992.55,992.55,992.55,992.55,1000.55,,992.55,,,10,9925.0,2,F1,1,,,,,,2025-05-13
2025-05-13,2025-05-13,CM,BSE,STK,938522,INE532F07DU2,EFSL26B,F,,,,,EFSL-27-4-26-NCD,1155.2,1177.1,1155.2,1177.0,1177.0,1155.2,,1177.0,,,367,428052.0,4,F1,1,,,,,,2025-05-13
2025-05-13,2025-05-13,CM,BSE,STK,938524,INE532F07DT4,967EFSL28,F,,,,,EFSL-9.67%-27-4-28-NCD,958.0,958.0,955.0,955.0,955.0,965.0,,955.0,,,300,287076.0,4,F1,1,,,,,,2025-05-13
2025-05-13,2025-05-13,CM,BSE,STK,938528,INE532F07DW8,EFSL28,F,,,,,EFSL-27-4-28-NCD,1185.55,1185.55,1185.55,1185.55,1185.55,1126.33,,1185.55,,,1,1185.0,1,F1,1,,,,,,2025-05-13
2025-05-13,2025-05-13,CM,BSE,STK,938560,INE414G07ID6,MFL26,F,,,,,MFL-3-6-26-NCD,1159.35,1159.35,1159.35,1159.35,1159.35,1159.35,,1159.35,,,10,11593.0,1,F1,1,,,,,,2025-05-13
2025-05-13,2025-05-13,CM,BSE,STK,938564,INE549K07CF9,84MFL25,F,,,,,MFL-8.40%-2-8-25-NCD,986.2,986.2,986.2,986.2,986.2,987.5,,986.2,,,102,100592.0,1,F1,1,,,,,,2025-05-13
2025-05-13,2025-05-13,CM,BSE,STK,938614,INE0BUS07981,1050IML25,F,,,,,IML-10.50%-23-6-25-NCD,985.0,985.0,985.0,985.0,985.0,985.0,,985.0,,,100,98500.0,3,F1,1,,,,,,2025-05-13
2025-05-13,2025-05-13,CM,BSE,STK,938628,INE530B07344,85IFL26,F,,,,,IFL-8.5%-28-6-26-NCD,1032.0,1032.0,1032.0,1032.0,1032.0,1016.51,,1032.0,,,30,30960.0,2,F1,1,,,,,,2025-05-13
2025-05-13,2025-05-13,CM,BSE,STK,938642,INE342T07395,1075NFL25,F,,,,,NFL-10.75%-18-10-25-NCD,1087.43,1087.43,1087.43,1087.43,1087.43,1087.55,,1088.22,,,49,53284.0,1,F1,1,,,,,,2025-05-13
2025-05-13,2025-05-13,CM,BSE,STK,938648,INE532F07EA2,895EFS25,F,,,,,EFSL-8.95%-21-7-25-NCD,1057.77,1068.14,1057.77,1068.14,1068.14,1068.14,,1068.14,,,300,318886.0,3,F1,1,,,,,,2025-05-13
2025-05-13,2025-05-13,CM,BSE,STK,938652,INE532F07EC8,92EFSL26,F,,,,,EFSL-9.20%-21-7-26-NCD,967.6,981.0,967.5,981.0,981.0,985.0,,981.0,,,700,682005.0,4,F1,1,,,,,,2025-05-13
2025-05-13,2025-05-13,CM,BSE,STK,938658,INE532F07EG9,967EFS28,F,,,,,EFSL-9.67%-21-7-28-NCD,990.0,990.0,954.0,954.0,954.0,954.01,,954.0,,,528,506641.0,13,F1,1,,,,,,2025-05-13
2025-05-13,2025-05-13,CM,BSE,STK,938664,INE532F07EI5,10EFS33,F,,,,,EFSL-10%-21-7-33-NCD,955.0,970.0,955.0,963.38,970.0,955.0,,963.38,,,410,393715.0,4,F1,1,,,,,,2025-05-13
2025-05-13,2025-05-13,CM,BSE,STK,938698,INE134E07CF3,750PFCL26,F,,,,,PFC-750%-1-8-26-NCD,1052.0,1060.5,1052.0,1055.0,1055.0,1058.2,,1055.0,,,210,221540.0,4,F1,1,,,,,,2025-05-13
2025-05-13,2025-05-13,CM,BSE,STK,938708,INE121A07RH2,925IHFL25D,F,,,,,CIFCL-8.25%-09-06-25-NCD,946.0,960.0,946.0,946.0,946.0,1050.0,,999.98,,,60,56900.0,4,F1,1,,,,,,2025-05-13
2025-05-13,2025-05-13,CM,BSE,STK,938710,INE121A07RG4,965IHFL25D,F,,,,,CIFCL-09-06-25-NCD,1145.0,1145.0,1145.0,1145.0,1145.0,1138.0,,1145.0,,,300,343500.0,3,F1,1,,,,,,2025-05-13
2025-05-13,2025-05-13,CM,BSE,STK,938716,INE121A07RE9,84CIFCL28,F,,,,,CIFCL-8.4%-9-8-28-NCD,1090.0,1090.0,1090.0,1090.0,1090.0,1010.0,,1090.0,,,913,995170.0,17,F1,1,,,,,,2025-05-13
2025-05-13,2025-05-13,CM,BSE,STK,938724,INE01HV07429,965VCL25,F,,,,,VCL-9.65%-06-09-25-NCD,245.0,251.0,241.0,251.0,251.0,299.0,,251.0,,,1786,437457.0,20,F1,1,,,,,,2025-05-13
2025-05-13,2025-05-13,CM,BSE,STK,938726,INE01HV07437,1003VCL25,F,,,,,VCL-10.03%-06-09-25-NCD,995.2,995.2,995.2,995.2,995.2,994.11,,995.2,,,125,124400.0,4,F1,1,,,,,,2025-05-13
2025-05-13,2025-05-13,CM,BSE,STK,938728,INE01HV07445,1050VCL25,F,,,,,VCL-10.50%-06-09-25-NCD,1062.0,1062.0,1062.0,1062.0,1062.0,1062.0,,1062.0,,,51,54162.0,1,F1,1,,,,,,2025-05-13
2025-05-13,2025-05-13,CM,BSE,STK,938732,INE741K07561,CAGL25,F,,,,,CAGL-7-9-25-NCD,1155.0,1155.0,1155.0,1155.0,1155.0,1155.0,,1155.0,,,50,57750.0,1,F1,1,,,,,,2025-05-13
2025-05-13,2025-05-13,CM,BSE,STK,938736,INE741K07538,CAGL26,F,,,,,CAGL-7-6-26-NCD,1152.53,1152.53,1152.53,1152.53,1152.53,1100.2,,1149.17,,,10,11525.0,1,F1,1,,,,,,2025-05-13
2025-05-13,2025-05-13,CM,BSE,STK,938742,INE741K07579,970CAGL28,F,,,,,CAGL-9.70%-7-9-28-NCD,1010.1,1019.0,1010.1,1019.0,1019.0,1010.1,,1019.0,,,11,11120.0,2,F1,1,,,,,,2025-05-13
2025-05-13,2025-05-13,CM,BSE,STK,938770,INE530L07566,920NIDO26,F,,,,,NHFL-9.20%-15-9-26-NCD,984.5,984.5,984.5,984.5,984.5,996.52,,984.5,,,1,984.0,1,F1,1,,,,,,2025-05-13
2025-05-13,2025-05-13,CM,BSE,STK,938776,INE530L07616,967NIDO28,F,,,,,NHFL-9.67%-15-9-28-NCD,950.0,951.0,950.0,951.0,951.0,941.0,,951.0,,,100,95050.0,2,F1,1,,,,,,2025-05-13
2025-05-13,2025-05-13,CM,BSE,STK,938794,INE549K07CN3,927MFL26A,F,,,,,MFL-9.27%-20-9-26-NCD,1029.8,1029.8,1029.8,1029.8,1029.8,1010.3,,1029.8,,,4,4119.0,1,F1,1,,,,,,2025-05-13
2025-05-13,2025-05-13,CM,BSE,STK,938798,INE549K07CK9,MFL25B,F,,,,,MFL-20-9-25-NCD,1140.0,1140.0,1139.8,1139.8,1139.8,1140.0,,1139.8,,,462,526660.0,3,F1,1,,,,,,2025-05-13
2025-05-13,2025-05-13,CM,BSE,STK,938838,INE148I07PS9,957SCL30,F,,,,,SCL-10.50%-26-9-30-NCD,899.8,899.8,899.8,899.8,899.8,801.3,,899.8,,,2,1799.0,1,F1,1,,,,,,2025-05-13
2025-05-13,2025-05-13,CM,BSE,STK,938868,INE414G07IK1,775MFLTD26,F,,,,,MFLTD-7.75%-4-10-26-NCD,1000.0,1000.0,990.0,990.0,990.0,970.2,,990.0,,,50,49640.0,2,F1,1,,,,,,2025-05-13
2025-05-13,2025-05-13,CM,BSE,STK,938886,INE860H07IT4,805ABCL28,F,,,,,ABCL-8.05%-9-10-28-NCD,1025.0,1025.0,1025.0,1025.0,1025.0,1021.0,,1025.0,,,5,5125.0,1,F1,1,,,,,,2025-05-13
2025-05-13,2025-05-13,CM,BSE,STK,938894,INE532F07EJ3,895EFSL25A,F,,,,,EFSL-8.95%-26-10-25-NCD,1035.0,1035.0,1035.0,1035.0,1035.0,1037.8,,1035.0,,,10,10350.0,1,F1,1,,,,,,2025-05-13
2025-05-13,2025-05-13,CM,BSE,STK,938906,INE532F07EM7,1010EFSL28,F,,,,,EFSL-10.10%-26-10-28-NCD,999.0,999.0,999.0,999.0,999.0,999.0,,999.0,,,5,4995.0,1,F1,1,,,,,,2025-05-13
2025-05-13,2025-05-13,CM,BSE,STK,938910,INE532F07EL9,10EFSL33A,F,,,,,EFSL-10%-26-10-33-NCD,936.0,936.0,936.0,936.0,936.0,936.0,,936.0,,,10,9360.0,2,F1,1,,,,,,2025-05-13
2025-05-13,2025-05-13,CM,BSE,STK,938926,INE549K07CX2,MFL25E,F,,,,,MFL-01-11-25-NCD,1125.8,1125.8,1125.8,1125.8,1125.8,1120.0,,1125.8,,,36,40528.0,1,F1,1,,,,,,2025-05-13
2025-05-13,2025-05-13,CM,BSE,STK,938946,INE051307AI3,CCILZC25A,F,,,,,CCIL-ZC-1-11-25-NCD,1136.2,1136.2,1136.2,1136.2,1136.2,1130.2,,1136.2,,,1,1136.0,1,F1,1,,,,,,2025-05-13
2025-05-13,2025-05-13,CM,BSE,STK,938994,INE148I07QX7,1003SCL30A,F,,,,,SCL-10.03%-9-11-30-NCD,752.2,752.2,752.2,752.2,752.2,670.0,,752.2,,,50,37610.0,1,F1,1,,,,,,2025-05-13
2025-05-13,2025-05-13,CM,BSE,STK,939022,INE121A07RM2,860CIFCL28,F,,,,,CIFCL-8.60%-07-12-28-NCD,1018.0,1018.0,1018.0,1018.0,1018.0,1035.0,,1017.55,,,15,15270.0,1,F1,1,,,,,,2025-05-13
2025-05-13,2025-05-13,CM,BSE,STK,939054,INE413U07269,1003ISFL28,F,,,,,ISFL-10.03%-21-12-28-NCD,1000.0,1000.0,1000.0,1000.0,1000.0,990.0,,1000.0,,,10,10000.0,1,F1,1,,,,,,2025-05-13
2025-05-13,2025-05-13,CM,BSE,STK,939160,INE403Q07DY5,925FL27,F,,,,,KFL-9.25%-17-1-27-NCD,974.0,974.0,974.0,974.0,974.0,974.0,,974.0,,,10,9740.0,2,F1,1,,,,,,2025-05-13
2025-05-13,2025-05-13,CM,BSE,STK,939196,INE532F07EY2,967EFSL29,F,,,,,EFSL-9.67%-29-1-29-NCD,955.0,960.0,940.0,955.0,955.0,955.0,,955.0,,,1501,1430510.0,12,F1,1,,,,,,2025-05-13
2025-05-13,2025-05-13,CM,BSE,STK,939198,INE532F07EZ9,1010EFSL29,F,,,,,EFSL-10.10%-29-1-29-NCD,979.0,979.0,979.0,979.0,979.0,975.0,,979.0,,,79,77341.0,1,F1,1,,,,,,2025-05-13
2025-05-13,2025-05-13,CM,BSE,STK,939202,INE532F07FB7,10EFSL34,F,,,,,EFSL-10%-29-1-34-NCD,949.0,949.0,949.0,949.0,949.0,949.0,,949.0,,,28,26572.0,1,F1,1,,,,,,2025-05-13
2025-05-13,2025-05-13,CM,BSE,STK,939206,INE414G07IW6,825MFL27,F,,,,,MFL-8.25%-25-1-27-NCD,985.0,994.3,985.0,990.02,990.02,1001.9,,990.02,,,2515,2489067.0,8,F1,1,,,,,,2025-05-13
2025-05-13,2025-05-13,CM,BSE,STK,939208,INE414G07IT2,825MFL29,F,,,,,MFL-8.25%-25-1-29-NCD,990.0,990.0,990.0,990.0,990.0,1005.0,,990.0,,,300,297000.0,4,F1,1,,,,,,2025-05-13
2025-05-13,2025-05-13,CM,BSE,STK,939210,INE414G07IU0,825MFL2026,F,,,,,MFL-8.25%-25-1-26-NCD,1015.0,1015.0,1015.0,1015.0,1015.0,1015.0,,1015.0,,,20,20300.0,2,F1,1,,,,,,2025-05-13
2025-05-13,2025-05-13,CM,BSE,STK,939295,INE530L07707,95NIDO26,F,,,,,NHFL-9.5%-1-3-26-NCD,1010.55,1011.0,1010.55,1011.0,1011.0,1010.0,,1011.0,,,85,85917.0,3,F1,1,,,,,,2025-05-13
2025-05-13,2025-05-13,CM,BSE,STK,939303,INE530L07665,1003NIDO29,F,,,,,NHFL-10.03%-1-3-29-NCD,995.0,1000.0,995.0,1000.0,1000.0,932.63,,1000.0,,,275,274700.0,2,F1,1,,,,,,2025-05-13
2025-05-13,2025-05-13,CM,BSE,STK,939329,INE342T07478,10NFL25,F,,,,,NFL-10%-13-9-25-NCD,993.22,993.22,993.22,993.22,993.22,998.0,,993.25,,,25,24830.0,2,F1,1,,,,,,2025-05-13
2025-05-13,2025-05-13,CM,BSE,STK,939331,INE342T07437,1040NFL26,F,,,,,NFL-10.40%-13-6-26-NCD,994.01,994.01,994.01,994.01,994.01,995.0,,994.01,,,1,994.0,1,F1,1,,,,,,2025-05-13
2025-05-13,2025-05-13,CM,BSE,STK,939335,INE342T07460,1065NFL27,F,,,,,NFL-10.65%-13-3-27-NCD,1001.0,1001.0,999.01,1000.0,1000.0,1000.0,,1000.0,,,1461,1461352.0,13,F1,1,,,,,,2025-05-13
2025-05-13,2025-05-13,CM,BSE,STK,939407,INE532F07FK8,920EFSL27A,F,,,,,EFSL-9.20%-29-4-27-NCD,975.0,980.0,975.0,980.0,980.0,976.0,,980.0,,,80,78050.0,2,F1,1,,,,,,2025-05-13
2025-05-13,2025-05-13,CM,BSE,STK,939423,INE532F07FN2,967EFSL29A,F,,,,,EFSL-9.67%-29-4-29-NCD,945.1,945.1,945.1,945.1,945.1,947.5,,945.1,,,200,189020.0,1,F1,1,,,,,,2025-05-13
2025-05-13,2025-05-13,CM,BSE,STK,939445,INE549K07DY8,915MFCL27,F,,,,,MFCL-9.15%-30-6-27-NCD,943.11,978.0,943.11,978.0,978.0,962.36,,978.0,,,101,95289.0,3,F1,1,,,,,,2025-05-13
2025-05-13,2025-05-13,CM,BSE,STK,939459,INE549K07DR2,MFCL30424,F,,,,,MFCL-30-6-26-NCD,1070.0,1070.0,1070.0,1070.0,1070.0,1076.0,,1070.0,,,55,58850.0,2,F1,1,,,,,,2025-05-13
2025-05-13,2025-05-13,CM,BSE,STK,939475,INE338I07099,0MOFSL27,F,,,,,MOFSL-ZC-9-5-27-NCD,1090.0,1090.0,1090.0,1090.0,1090.0,1060.0,,1090.0,,,15,16350.0,2,F1,1,,,,,,2025-05-13
2025-05-13,2025-05-13,CM,BSE,STK,939477,INE338I07164,897MOFSL29,F,,,,,MOFSL-8.97%-9-5-29-NCD,1021.98,1021.98,1021.98,1021.98,1021.98,1010.0,,1019.99,,,10,10219.0,1,F1,1,,,,,,2025-05-13
2025-05-13,2025-05-13,CM,BSE,STK,939545,INE148I07TN2,1025SCL34A,F,,,,,SCL-10.25%-31-05-2034-NCD,985.0,985.0,985.0,985.0,985.0,985.0,,985.0,,,6,5910.0,1,F1,1,,,,,,2025-05-13
2025-05-13,2025-05-13,CM,BSE,STK,939587,INE530L07814,0NHFL27,F,,,,,NHFL-ZC-3-7-27-NCD,1010.0,1044.0,1010.0,1044.0,1044.0,1011.22,,1044.0,,,20,20540.0,2,F1,1,,,,,,2025-05-13
2025-05-13,2025-05-13,CM,BSE,STK,939613,INE532F07FP7,950EFSL26,F,,,,,EFSL-9.50%-26-7-26-NCD,1030.2,1048.8,1030.2,1048.8,1048.8,1037.8,,1048.8,,,40,41580.0,2,F1,1,,,,,,2025-05-13
2025-05-13,2025-05-13,CM,BSE,STK,939637,INE403Q07EN6,KFL070824,F,,,,,KFL-6-2-26-NCD,1051.0,1051.0,1051.0,1051.0,1051.0,1035.0,,1051.0,,,807,848157.0,6,F1,1,,,,,,2025-05-13
2025-05-13,2025-05-13,CM,BSE,STK,939647,INE103C07017,102SMCGS27,F,,,,,SMCGSL-10.20%-07-08-27-NCD,1055.0,1055.0,1055.0,1055.0,1055.0,1055.0,,1055.0,,,50,52750.0,3,F1,1,,,,,,2025-05-13
2025-05-13,2025-05-13,CM,BSE,STK,939649,INE403Q07ET3,10KFL27A,F,,,,,KFL-10%-6-8-27-NCD,965.0,965.0,965.0,965.0,965.0,980.0,,965.0,,,100,96500.0,2,F1,1,,,,,,2025-05-13
2025-05-13,2025-05-13,CM,BSE,STK,939679,INE01I507984,1075KAFL29,F,,,,,KAFL-10.75%-7-8-29-NCD,1000.0,1000.0,1000.0,1000.0,1000.0,1000.0,,1000.0,,,150,150000.0,1,F1,1,,,,,,2025-05-13
2025-05-13,2025-05-13,CM,BSE,STK,939693,INE051307BD2,12CCI29,F,,,,,CCIL-12%-13-8-29-NCD,1000.0,1000.0,1000.0,1000.0,1000.0,1000.0,,1000.0,,,1,1000.0,1,F1,1,,,,,,2025-05-13
2025-05-13,2025-05-13,CM,BSE,STK,939701,INE051307AY0,CCIL14824C,F,,,,,CCIL-13-6-30-NCD,1032.0,1032.0,1032.0,1032.0,1032.0,1030.0,,1032.0,,,28,28896.0,1,F1,1,,,,,,2025-05-13
2025-05-13,2025-05-13,CM,BSE,STK,939721,INE423A07351,925AEL26,F,,,,,AEL-9.25%-12-9-26-NCD,1053.11,1053.11,1053.11,1053.11,1053.11,1055.84,,1051.56,,,5,5265.0,1,F1,1,,,,,,2025-05-13
2025-05-13,2025-05-13,CM,BSE,STK,939727,INE423A07328,965AEL27,F,,,,,AEL-9.65%-12-9-27-NCD,1163.0,1163.0,1163.0,1163.0,1163.0,1064.3,,1064.6,,,25,29075.0,1,F1,1,,,,,,2025-05-13
2025-05-13,2025-05-13,CM,BSE,STK,939733,INE423A07344,99AEL29,F,,,,,AEL-9.90%-12-9-29-NCD,1074.5,1074.5,1074.5,1074.5,1074.5,1087.1,,1074.76,,,650,698425.0,1,F1,1,,,,,,2025-05-13
2025-05-13,2025-05-13,CM,BSE,STK,939737,INE549K07DZ5,9MFCL26,F,,,,,MFCL-9%-16-9-26-NCD,984.15,984.15,984.15,984.15,984.15,984.15,,984.15,,,10,9841.0,1,F1,1,,,,,,2025-05-13
2025-05-13,2025-05-13,CM,BSE,STK,939739,INE549K07EC2,925MFCL27,F,,,,,MFCL-9.25%-16-9-27-NCD,985.05,985.05,985.05,985.05,985.05,990.0,,985.05,,,16,15760.0,1,F1,1,,,,,,2025-05-13
2025-05-13,2025-05-13,CM,BSE,STK,939741,INE549K07EK5,945MFCL29,F,,,,,MFCL-9.45%-16-9-29-NCD,980.0,980.0,980.0,980.0,980.0,980.0,,980.0,,,50,49000.0,1,F1,1,,,,,,2025-05-13
2025-05-13,2025-05-13,CM,BSE,STK,939803,INE896L07983,1050ICFL26,F,,,,,ICFL-10.50%-25-9-26-NCD,1066.0,1066.0,1066.0,1066.0,1066.0,1064.15,,1066.0,,,10,10660.0,1,F1,1,,,,,,2025-05-13
2025-05-13,2025-05-13,CM,BSE,STK,939809,INE896L07AA7,1070ICFL27,F,,,,,ICFL-10.70%-25-9-27-NCD,1058.45,1058.45,1058.45,1058.45,1058.45,1058.45,,1058.45,,,100,105845.0,1,F1,1,,,,,,2025-05-13
2025-05-13,2025-05-13,CM,BSE,STK,939835,INE583D07521,1025UCL26A,F,,,,,UCL-10.25%-24-10-26-NCD,951.0,951.0,951.0,951.0,951.0,999.59,,988.1,,,13,12363.0,1,F1,1,,,,,,2025-05-13
2025-05-13,2025-05-13,CM,BSE,STK,939843,INE532F07GD1,957EFSL27A,F,,,,,EFSL-9.57%-24-10-27-NCD,990.0,990.0,990.0,990.0,990.0,991.0,,990.0,,,12,11880.0,2,F1,1,,,,,,2025-05-13
2025-05-13,2025-05-13,CM,BSE,STK,939847,INE532F07GG4,EFS241024A,F,,,,,EFSL-24-10-27-NCD,999.8,999.8,999.8,999.8,999.8,973.5,,999.8,,,10,9998.0,1,F1,1,,,,,,2025-05-13
2025-05-13,2025-05-13,CM,BSE,STK,939849,INE532F07GJ8,1004EFS29B,F,,,,,EFSL-10.04%-24-10-29-NCD,971.0,971.0,971.0,971.0,971.0,963.08,,971.0,,,160,155360.0,6,F1,1,,,,,,2025-05-13
2025-05-13,2025-05-13,CM,BSE,STK,939869,INE549K07EQ2,965MFCL30A,F,,,,,MFCL-9.65%-30-10-30-NCD,1000.0,1000.0,1000.0,1000.0,1000.0,1000.0,,1000.0,,,470,470000.0,11,F1,1,,,,,,2025-05-13
2025-05-13,2025-05-13,CM,BSE,STK,939885,INE549K07EX8,MFL301024C,F,,,,,MFL-30-10-30-NCD,935.0,963.0,935.0,963.0,963.0,935.0,,963.0,,,39,37157.0,4,F1,1,,,,,,2025-05-13
2025-05-13,2025-05-13,CM,BSE,STK,939897,INE0BUS07BG0,IML081124,F,,,,,IML-7-5-27-NCD,1029.8,1029.8,1029.8,1029.8,1029.8,1029.8,,1029.8,,,55,56639.0,2,F1,1,,,,,,2025-05-13
2025-05-13,2025-05-13,CM,BSE,STK,939899,INE0BUS07BE5,12IML29,F,,,,,IML-12%-7-11-29-NCD,1001.0,1001.1,1001.0,1001.05,1001.05,1010.0,,1001.05,,,35,35035.0,3,F1,1,,,,,,2025-05-13
2025-05-13,2025-05-13,CM,BSE,STK,939915,INE101Q07AV7,MMF191124B,F,,,,,MMFL-18-5-30-NCD,950.0,950.0,950.0,950.0,950.0,969.0,,950.0,,,10,9500.0,1,F1,1,,,,,,2025-05-13
2025-05-13,2025-05-13,CM,BSE,STK,939937,INE01I507AD2,950KLMAF26,F,,,,,KLMAFL-9.50%-08-1-26-NCD,988.0,988.0,988.0,988.0,988.0,970.0,,988.0,,,19,18772.0,1,F1,1,,,,,,2025-05-13
2025-05-13,2025-05-13,CM,BSE,STK,939973,INE477L07AZ3,885IHL26,F,,,,,IHFL-8.85%-26-12-26-NCD,996.0,996.0,996.0,996.0,996.0,1000.0,,996.0,,,5,4980.0,1,F1,1,,,,,,2025-05-13
2025-05-13,2025-05-13,CM,BSE,STK,940037,INE530L07970,958NHFL28,F,,,,,NHFL-9.58%-6-1-28-NCD,901.02,901.02,901.02,901.02,901.02,951.0,,901.02,,,10,9010.0,1,F1,1,,,,,,2025-05-13
2025-05-13,2025-05-13,CM,BSE,STK,940053,INE549K07EZ3,9MFLIII27,F,,,,,MFLIII-9%-10-1-27-NCD,982.03,982.03,970.8,975.0,975.0,975.0,,975.0,,,310,302243.0,4,F1,1,,,,,,2025-05-13
2025-05-13,2025-05-13,CM,BSE,STK,940055,INE549K07FJ4,925MFL28,F,,,,,MFLIII-9.25%-10-1-28-NCD,974.0,974.0,970.5,970.5,970.5,975.0,,970.5,,,30,29132.0,2,F1,1,,,,,,2025-05-13
2025-05-13,2025-05-13,CM,BSE,STK,940057,INE549K07FH8,945MFL30,F,,,,,MFLIII-9.45%-10-1-30-NCD,960.0,960.0,960.0,960.0,960.0,960.0,,960.0,,,25,24000.0,1,F1,1,,,,,,2025-05-13
2025-05-13,2025-05-13,CM,BSE,STK,940085,INE051307BK7,12CCIL30C,F,,,,,CCIL-12%-16-1-30-NCD,1000.0,1002.0,1000.0,1002.0,1002.0,1000.0,,1002.0,,,733,733074.0,11,F1,1,,,,,,2025-05-13
2025-05-13,2025-05-13,CM,BSE,STK,940091,INE051307BN1,CCIL170125,F,,,,,CCIL-19-1-26-NCD,1000.0,1000.0,1000.0,1000.0,1000.0,1010.0,,1000.0,,,30,30000.0,2,F1,1,,,,,,2025-05-13
2025-05-13,2025-05-13,CM,BSE,STK,940097,INE532F07GO8,950EFSL27,F,,,,,EFSL-9.50%-24-1-27-NCD,988.8,988.8,988.8,988.8,988.8,983.97,,988.8,,,10,9888.0,1,F1,1,,,,,,2025-05-13
2025-05-13,2025-05-13,CM,BSE,STK,940101,INE532F07GQ3,957EFSL28,F,,,,,EFSL-9.57%-24-1-28-NCD,952.0,994.0,952.0,991.99,991.99,965.14,,991.99,,,12,11505.0,3,F1,1,,,,,,2025-05-13
2025-05-13,2025-05-13,CM,BSE,STK,940105,INE532F07GY7,EFSL24125,F,,,,,EFSL-24-1-28-NCD,827.0,970.0,827.0,970.0,970.0,970.0,,970.0,,,20,17970.0,2,F1,1,,,,,,2025-05-13
2025-05-13,2025-05-13,CM,BSE,STK,940107,INE532F07GX9,1004EFSL30,F,,,,,EFSL-10.04%-24-1-30-NCD,975.0,975.0,975.0,975.0,975.0,988.56,,975.0,,,1,975.0,1,F1,1,,,,,,2025-05-13
2025-05-13,2025-05-13,CM,BSE,STK,940159,INE549K07FM8,9MFLIV27,F,,,,,MFLIV-9%-24-2-27-NCD,988.8,988.8,977.0,977.0,977.0,976.0,,977.0,,,60,59210.0,3,F1,1,,,,,,2025-05-13
2025-05-13,2025-05-13,CM,BSE,STK,940161,INE549K07FU1,925MFLIV28,F,,,,,MFLIV-9.25%-24-2-28-NCD,966.0,976.0,966.0,976.0,976.0,965.01,,976.0,,,127,123452.0,3,F1,1,,,,,,2025-05-13
2025-05-13,2025-05-13,CM,BSE,STK,940167,INE549K07FV9,930MFLIV26,F,,,,,MFLIV-9.30%-24-8-26-NCD,988.8,988.8,988.8,988.8,988.8,967.8,,988.8,,,29,28675.0,2,F1,1,,,,,,2025-05-13
2025-05-13,2025-05-13,CM,BSE,STK,940179,INE549K07FO4,MFL24225A,F,,,,,MFLIV-24-2-27-NCD,985.0,985.0,985.0,985.0,985.0,985.0,,985.0,,,150,147750.0,1,F1,1,,,,,,2025-05-13
2025-05-13,2025-05-13,CM,BSE,STK,940297,INE530B07518,935IIFL28,F,,,,,IIFL-9.35%-21-4-28-NCD,1000.0,1000.0,1000.0,1000.0,1000.0,925.0,,1000.0,,,1,1000.0,1,F1,1,,,,,,2025-05-13
2025-05-13,2025-05-13,CM,BSE,STK,940315,INE583D07596,1050UCL28,F,,,,,UCL-10.50%-24-10-28-NCD,995.01,996.0,992.1,992.23,992.1,996.15,,991.71,,,1087,1081888.0,23,F1,1,,,,,,2025-05-13
2025-05-13,2025-05-13,CM,BSE,STK,940317,INE103C07074,10SMCGSL27,F,,,,,SMCGSL-10%-24-04-27-NCD,998.0,998.0,998.0,998.0,998.0,997.0,,998.0,,,90,89820.0,2,F1,1,,,,,,2025-05-13
2025-05-13,2025-05-13,CM,BSE,STK,940319,INE103C07124,SMCG240425,F,,,,,SMCGSL-24-04-27-NCD,1158.0,1158.0,1080.0,1145.81,1135.0,965.0,,1145.81,,,5711,6569853.0,219,F1,1,,,,,,2025-05-13
2025-05-13,2025-05-13,CM,BSE,STK,940321,INE103C07108,1025SMCGS28,F,,,,,SMCGSL-10.25%24-04-28-NCD,998.0,998.0,998.0,998.0,998.0,993.0,,998.0,,,300,299400.0,4,F1,1,,,,,,2025-05-13
2025-05-13,2025-05-13,CM,BSE,STK,940323,INE103C07116,SMCGS24425,F,,,,,SMCGSL-24-04-28-NCD,1160.0,1200.0,1160.0,1188.91,1170.0,0.0,,1188.91,,,2659,3154615.0,86,F1,1,,,,,,2025-05-13
2025-05-13,2025-05-13,CM,BSE,STK,940325,INE103C07082,1003SMCG30,F,,,,,SMCGSL-10.03%-24-04-30-NCD,1000.0,1004.0,1000.0,1003.0,1003.0,1000.0,,1003.0,,,509,510504.0,7,F1,1,,,,,,2025-05-13
2025-05-13,2025-05-13,CM,BSE,STK,940327,INE103C07090,1050SMCG30,F,,,,,SMCGSL-10.50%-24-04-30-NCD,998.0,1004.0,998.0,1004.0,1004.0,1000.0,,1004.0,,,239,239135.0,6,F1,1,,,,,,2025-05-13
2025-05-13,2025-05-13,CM,BSE,STK,940337,INE532F07HH0,EFSL300425,F,,,,,EFSL-30-04-28-NCD,901.0,901.0,901.0,901.0,901.0,0.0,,901.0,,,10,9010.0,1,F1,1,,,,,,2025-05-13
2025-05-13,2025-05-13,CM,BSE,STK,940339,INE532F07HL2,1004EFS30D,F,,,,,EFSL-10.04%-30-04-30-NCD,985.0,985.0,985.0,985.0,985.0,980.0,,985.0,,,100,98500.0,5,F1,1,,,,,,2025-05-13
2025-05-13,2025-05-13,CM,BSE,STK,940347,INE532F07HG2,1049EFS35F,F,,,,,EFSL-10.49%-30-04-35-NCD,999.0,999.0,999.0,999.0,999.0,1010.0,,999.0,,,49,48951.0,1,F1,1,,,,,,2025-05-13
2025-05-13,2025-05-13,CM,BSE,STK,961728,INE906B07CB9,830NHAI27,F,,,,,830NHAI27,1092.0,1092.0,1092.0,1092.0,1092.0,1100.5,,1091.99,,,1100,1201200.0,2,F1,1,,,,,,2025-05-13
2025-05-13,2025-05-13,CM,BSE,STK,961730,INE134E07208,830PFCL27,F,,,,,830PFC2027,1090.0,1090.0,1090.0,1090.0,1090.0,1089.0,,1090.0,,,200,218000.0,3,F1,1,,,,,,2025-05-13
2025-05-13,2025-05-13,CM,BSE,STK,961734,INE031A07840,82HUDCO27,F,,,,,HUDCO050327,1056.01,1056.01,1056.01,1056.01,1056.01,1054.36,,1055.61,,,1,1056.0,1,F1,1,,,,,,2025-05-13
2025-05-13,2025-05-13,CM,BSE,STK,961779,INE020B07HS2,871REC28,F,,,,,871REC28,1132.0,1132.0,1130.0,1131.11,1130.0,1130.0,,1131.11,,,225,254500.0,3,F1,1,,,,,,2025-05-13
2025-05-13,2025-05-13,CM,BSE,STK,961785,INE031A07949,876HUDCO28,F,,,,,876HUDCO28,1131.6,1131.6,1131.6,1131.6,1131.6,1150.0,,1131.6,,,44,49790.0,1,F1,1,,,,,,2025-05-13
2025-05-13,2025-05-13,CM,BSE,STK,961792,INE848E07567,892NHPC33,F,,,,,892NHPC33,1233.95,1233.95,1233.95,1233.95,1233.95,1229.0,,1241.49,,,10,12339.0,1,F1,1,,,,,,2025-05-13
2025-05-13,2025-05-13,CM,BSE,STK,961810,INE733E07JJ9,891NTPC33,F,,,,,891NTPC33,1253.0,1279.99,1253.0,1278.69,1272.0,1259.0,,1278.02,,,240,306859.0,3,F1,1,,,,,,2025-05-13
2025-05-13,2025-05-13,CM,BSE,STK,961816,INE031A07AB2,901HUDCO34,F,,,,,901HUDCO34,1279.0,1280.0,1279.0,1280.0,1280.0,1310.0,,1278.0,,,690,882610.0,6,F1,1,,,,,,2025-05-13
2025-05-13,2025-05-13,CM,BSE,STK,961826,INE906B07DF8,875NHAI29,F,,,,,NHAI-8.75%-5-2-29-NCD,1155.02,1155.02,1155.02,1155.02,1155.02,1150.0,,1152.01,,,21,24255.0,1,F1,1,,,,,,2025-05-13
2025-05-13,2025-05-13,CM,BSE,STK,961839,INE202E07138,880IREDA29,F,,,,,IREDA-8.80%-13-03-29-BOND,1121.0,1121.0,1121.0,1121.0,1121.0,1122.9,,1121.0,,,1,1121.0,1,F1,1,,,,,,2025-05-13
2025-05-13,2025-05-13,CM,BSE,STK,961851,INE363O07095,900KPL29,F,,,,,KPL-9%-25-3-29-TFBOND,1121.0,1121.0,1121.0,1121.0,1121.0,1120.0,,1121.0,,,150,168150.0,2,F1,1,,,,,,2025-05-13
2025-05-13,2025-05-13,CM,BSE,STK,961865,INE031A07AH9,896HUDCO34,F,,,,,HUDCO-8.96%-24-3-34-TFBOND,1290.0,1290.0,1290.0,1290.0,1290.0,1275.0,,1290.0,,,900,1161000.0,2,F1,1,,,,,,2025-05-13
2025-05-13,2025-05-13,CM,BSE,STK,961875,INE020B07IG5,888REC29,F,,,,,REC-8.88%-24-3-29-TFBOND,1198.73,1198.75,1198.73,1198.75,1198.75,1144.3,,1161.0,,,392,469908.0,3,F1,1,,,,,,2025-05-13
2025-05-13,2025-05-13,CM,BSE,STK,961877,INE020B07IH3,886REC34,F,,,,,REC-8.86%-24-3-34-TFBOND,1298.69,1298.7,1298.69,1298.7,1298.7,1264.98,,1298.7,,,249,323375.0,2,F1,1,,,,,,2025-05-13
2025-05-13,2025-05-13,CM,BSE,STK,961885,INE053F07744,888IRFC29,F,,,,,IRFC-8.88%-19-03-2029-BOND,1125.0,1125.0,1124.9,1124.9,1124.9,1117.0,,1123.95,,,130,146246.0,2,F1,1,,,,,,2025-05-13
2025-05-13,2025-05-13,CM,BSE,STK,961895,INE787H07420,880IIFCL29,F,,,,,IIFCL-8.8%-27-3-29-TFBOND,1115.0,1115.0,1115.0,1115.0,1115.0,1120.0,,1115.0,,,391,435965.0,11,F1,1,,,,,,2025-05-13
2025-05-13,2025-05-13,CM,BSE,STK,972657,INE039A09NL3,1075IFC26A,F,,,,,IFCI-D-10.75%-01-08-26-PVT,10901.0,10901.0,10900.0,10900.0,10900.0,10900.0,,10900.0,,,60,654010.0,5,F1,10,,,,,,2025-05-13
2025-05-13,2025-05-13,CM,BSE,STK,972715,INE039A09OG1,916IFCI27,F,,,,,IFCI-9.16%-IV-15-2-27-C-PVT,15851.0,15851.0,15851.0,15851.0,15851.0,15801.0,,15851.0,,,1,15851.0,1,F1,1,,,,,,2025-05-13
2025-05-13,2025-05-13,CM,BSE,STK,972771,INE039A09PN4,990IFCI27B,F,,,,,990IFCI27B,26800.0,26800.0,26600.0,26600.0,26600.0,26000.0,,26600.0,,,8,213600.0,2,F1,4,,,,,,2025-05-13
2025-05-13,2025-05-13,CM,BSE,STK,973878,INE540P07418,970UPPC30,F,,,,,UPPC-9.70%-29-3-30-PVT,1041400.01,1041400.01,1041400.01,1041400.01,1041400.01,1055000.0,,1041400.01,,,2,2082800.0,2,F1,1,,,,,,2025-05-13
2025-05-13,2025-05-13,CM,BSE,STK,974152,INE040A08773,780HDFCB32,F,,,,,HDFCB-7.80%-6-9-32-PVT,1053211.0,1053211.0,1053211.0,1053211.0,1053211.0,1000000.0,,1053211.0,,,2,2106422.0,1,F1,1,,,,,,2025-05-13
2025-05-13,2025-05-13,CM,BSE,STK,974284,INE540P07475,995UPPCL28,F,,,,,UPPCL-9.95%-31-3-28-PVT,1040000.0,1040000.0,1040000.0,1040000.0,1040000.0,1040000.0,,1040000.0,,,1,1040000.0,1,F1,1,,,,,,2025-05-13
2025-05-13,2025-05-13,CM,BSE,STK,974450,INE0M2307172,962APSB30A,F,,,,,APSBCL-9.62%-29-11-30-PVT,1040000.0,1040000.0,1040000.0,1040000.0,1040000.0,1040000.0,,1040000.0,,,2,2080000.0,2,F1,1,,,,,,2025-05-13
2025-05-13,2025-05-13,CM,BSE,STK,974561,INE046W07230,11MML26,F,,,,,MML-11%-27-1-26-PVT,40300.0,40300.0,40176.0,40176.0,40176.0,40250.0,,40176.0,,,11,443176.0,2,F1,1,,,,,,2025-05-13
2025-05-13,2025-05-13,CM,BSE,STK,974634,INE468N07615,EELZC27,F,,,,,EEL-ZC-26-2-27-PVT,117000.0,119000.0,117000.0,119000.0,119000.0,121000.0,,119000.0,,,3,355000.0,3,F1,1,,,,,,2025-05-13
2025-05-13,2025-05-13,CM,BSE,STK,974998,INE515Q08226,1240AFPL29,F,,,,,AFPL-12.40%-24-4-29-PVT,103000.0,106500.0,103000.0,105000.0,105000.0,99840.0,,105000.0,,,15,1583400.0,8,F1,1,,,,,,2025-05-13
2025-05-13,2025-05-13,CM,BSE,STK,974999,INE836K07056,EFCL280723,F,,,,,EFCL-8-4-27-PVT,118750.0,118750.0,118750.0,118750.0,118750.0,115000.0,,118750.0,,,13,1543750.0,1,F1,1,,,,,,2025-05-13
2025-05-13,2025-05-13,CM,BSE,STK,975000,INE836K07064,EFCL28723A,F,,,,,EFCL-09-04-27-PVT,110000.0,110000.0,110000.0,110000.0,110000.0,104003.0,,110000.0,,,1,110000.0,1,F1,1,,,,,,2025-05-13
2025-05-13,2025-05-13,CM,BSE,STK,975001,INE836K07072,EFCL28723B,F,,,,,EFCL-27-7-26-PVT,116600.0,117400.0,116600.0,117400.0,117400.0,110000.0,,117400.0,,,11,1290600.0,2,F1,1,,,,,,2025-05-13
2025-05-13,2025-05-13,CM,BSE,STK,975012,INE896L07934,985ICFL26,F,,,,,ICFL-9.85%-7-8-26-PVT,100513.7,100999.0,100513.7,100999.0,100999.0,99530.0,,100999.0,,,6,604538.0,4,F1,1,,,,,,2025-05-13
2025-05-13,2025-05-13,CM,BSE,STK,975033,INE549K08434,1005MFL29A,F,,,,,MFL-10.05%-18-8-29-PVT,99000.0,100000.0,99000.0,100000.0,100000.0,99000.0,,100000.0,,,2,199000.0,2,F1,1,,,,,,2025-05-13
2025-05-13,2025-05-13,CM,BSE,STK,975057,INE818W08099,1125ESFB29,F,,,,,ESAFSFBL-11.25%-4-5-29-PVT,101600.0,101600.0,101600.0,101600.0,101600.0,101950.5,,101600.0,,,1,101600.0,1,F1,1,,,,,,2025-05-13
2025-05-13,2025-05-13,CM,BSE,STK,975140,INE572J07638,1075SSFL25,F,,,,,SSFL-10.75%-22-9-25-PVT,49800.0,49800.0,49800.0,49800.0,49800.0,49250.0,,49800.0,,,10,498000.0,4,F1,1,,,,,,2025-05-13
2025-05-13,2025-05-13,CM,BSE,STK,975280,INE612U08041,13EFL29,F,,,,,EFL-13%-28-6-29-PVT,103500.0,103500.0,103500.0,103500.0,103500.0,100000.0,,103500.0,,,3,310500.0,2,F1,1,,,,,,2025-05-13
2025-05-13,2025-05-13,CM,BSE,STK,975318,INE836B07832,1085SCNL26,F,,,,,SCNL-10.85%-10-7-26-PVT,99450.0,99450.0,99450.0,99450.0,99450.0,100495.0,,99450.0,,,1,99450.0,1,F1,1,,,,,,2025-05-13
2025-05-13,2025-05-13,CM,BSE,STK,975331,INE00DJ07045,1350TCL27,F,,,,,TCL-13.50%-18-1-27-PVT,101190.0,102000.0,101015.55,101996.33,102000.0,102250.0,,101996.33,,,18,1822342.0,9,F1,1,,,,,,2025-05-13
2025-05-13,2025-05-13,CM,BSE,STK,975375,INE982X08109,1385SML29,F,,,,,SML-13.85%-12-7-29-PVT,100000.0,100000.0,99000.0,100000.0,100000.0,100000.0,,100000.0,,,25,2489670.0,11,F1,1,,,,,,2025-05-13
2025-05-13,2025-05-13,CM,BSE,STK,975449,INE818W08107,1110ESAF34,F,,,,,ESAF-11.10%-28-2-34-PVT,101842.0,101842.0,101842.0,101842.0,101842.0,111688.0,,101842.0,,,3,305526.0,1,F1,1,,,,,,2025-05-13
2025-05-13,2025-05-13,CM,BSE,STK,975453,INE549K08475,1005MFL29B,F,,,,,MFL-10.05%-31-12-29-PVT,100399.0,100399.0,100399.0,100399.0,100399.0,100400.0,,100399.0,,,6,602394.0,2,F1,1,,,,,,2025-05-13
2025-05-13,2025-05-13,CM,BSE,STK,975506,INE583D08057,1250UCL29,F,,,,,UCL-12.50%-15-9-29-PVT,103000.0,103000.0,103000.0,103000.0,103000.0,102001.0,,103000.0,,,3,309000.0,1,F1,1,,,,,,2025-05-13
2025-05-13,2025-05-13,CM,BSE,STK,975520,INE818W08115,1110ESFB31,F,,,,,ESAF-11.10%-20-4-31-PVT,102001.0,102001.0,102001.0,102001.0,102001.0,101750.0,,102001.0,,,1,102001.0,1,F1,1,,,,,,2025-05-13
2025-05-13,2025-05-13,CM,BSE,STK,975605,INE515Q08267,12AFPL30,F,,,,,AFPL-12%-24-01-30-PVT,104000.0,104000.0,104000.0,104000.0,104000.0,104000.0,,104000.0,,,2,208000.0,2,F1,1,,,,,,2025-05-13
2025-05-13,2025-05-13,CM,BSE,STK,975625,INE101Q07AQ7,10MMFL27A,F,,,,,MMFL-10%-25-4-27-PVT,100847.0,100847.0,100847.0,100847.0,100847.0,95000.0,,100847.0,,,5,504235.0,1,F1,1,,,,,,2025-05-13
2025-05-13,2025-05-13,CM,BSE,STK,975694,INE138I08083,0MSFL26A,F,,,,,MSFL-ZC-29-8-26-PVT,110493.0,110493.0,110493.0,110493.0,110493.0,110462.0,,110493.0,,,5,552465.0,2,F1,1,,,,,,2025-05-13
2025-05-13,2025-05-13,CM,BSE,STK,975788,INE549K08483,1005MFL30,F,,,,,MFL-10.05%-29-04-30-PVT,98848.88,98848.88,98848.88,98848.88,98848.88,100085.59,,98848.88,,,100,9884888.0,1,F1,1,,,,,,2025-05-13
2025-05-13,2025-05-13,CM,BSE,STK,975792,INE572J07711,984SSFL26,F,,,,,SSFL-9.84%-28-6-26-PVT,96000.0,96500.0,96000.0,96500.0,96500.0,98500.0,,96500.0,,,2,192500.0,2,F1,1,,,,,,2025-05-13
2025-05-13,2025-05-13,CM,BSE,STK,975802,INE836B07873,1050SCNL27,F,,,,,SCNL-10.50%-4-1-27-PVT,100000.0,100000.0,100000.0,100000.0,100000.0,99500.0,,100000.0,,,1,100000.0,1,F1,1,,,,,,2025-05-13
2025-05-13,2025-05-13,CM,BSE,STK,975926,INE08XP07241,125ACAPL26,F,,,,,ACAPL-12.5%-19-2-26-PVT,9950.0,9950.0,9900.0,9900.0,9900.0,9879.45,,9900.0,,,40,396050.0,4,F1,1,,,,,,2025-05-13
2025-05-13,2025-05-13,CM,BSE,STK,976009,INE0KH208019,0APL26,F,,,,,APL-ZC-13-6-26-PVT,107200.0,107200.0,107200.0,107200.0,107200.0,107000.0,,107200.0,,,1,107200.0,1,F1,1,,,,,,2025-05-13
2025-05-13,2025-05-13,CM,BSE,STK,976015,INE04VS07347,925OFSL26,F,,,,,OFSL-9.25%-16-3-26-PVT,9894.5,9894.5,9894.5,9894.5,9894.5,9930.75,,9894.5,,,50,494725.0,1,F1,1,,,,,,2025-05-13
2025-05-13,2025-05-13,CM,BSE,STK,976036,INE549K08509,1045MFL32,F,,,,,MFL-10.45%-24-12-32-PVT,10020.0,10020.0,10020.0,10020.0,10020.0,10020.0,,10020.0,,,1,10020.0,1,F1,1,,,,,,2025-05-13
2025-05-13,2025-05-13,CM,BSE,STK,976084,INE658F08227,949KIIFB28,F,,,,,KIIFB-9.49%-8-10-28-PVT,100600.0,100600.0,100600.0,100600.0,100600.0,100800.0,,100600.0,,,1,100600.0,1,F1,1,,,,,,2025-05-13
2025-05-13,2025-05-13,CM,BSE,STK,976089,INE658F08250,949KIIFB33,F,,,,,KIIFB-9.49%-8-10-33-PVT,101500.0,101500.0,101500.0,101500.0,101500.0,101155.0,,101500.0,,,1,101500.0,1,F1,1,,,,,,2025-05-13
2025-05-13,2025-05-13,CM,BSE,STK,976112,INE08XP07266,985ACAPL26,F,,,,,ACAPL-9.85%-17-4-26-PVT,93100.0,93100.0,93100.0,93100.0,93100.0,95500.0,,93100.0,,,1,93100.0,1,F1,1,,,,,,2025-05-13
2025-05-13,2025-05-13,CM,BSE,STK,976146,INE296G07192,99MCSL26,F,,,,,MCSL-9.90%-29-10-26-PVT,7483.1,7483.1,7483.1,7483.1,7483.1,8000.0,,7483.1,,,40,299324.0,5,F1,1,,,,,,2025-05-13
2025-05-13,2025-05-13,CM,BSE,STK,976248,INE138I08091,0MSFL026,F,,,,,MSFL-ZC-18-12-26-PVT,104263.0,104263.0,104263.0,104263.0,104263.0,104800.0,,104263.0,,,4,417052.0,1,F1,1,,,,,,2025-05-13
2025-05-13,2025-05-13,CM,BSE,STK,976275,INE01HV07528,1011VCL26,F,,,,,VCL-10.11%-23-12-26-PVT,9686.0,9786.0,9612.0,9612.0,9612.0,9686.0,,9612.0,,,3,29084.0,3,F1,1,,,,,,2025-05-13
2025-05-13,2025-05-13,CM,BSE,STK,976423,INE0BUS07BN6,11IML026,F,,,,,IML-11%-18-8-26-PVT,9301.0,9700.0,9301.0,9700.0,9700.0,9620.0,,9700.0,,,3,28701.0,3,F1,1,,,,,,2025-05-13
2025-05-13,2025-05-13,CM,BSE,STK,976437,INE342T07569,1060NFL27,F,,,,,NFL-10.60%-21-5-27-PVT,9935.63,9935.63,9935.63,9935.63,9935.63,9980.0,,9935.63,,,5,49678.0,1,F1,1,,,,,,2025-05-13
