TradDt,BizDt,Sgmt,Src,FinInstrmTp,FinInstrmId,ISIN,TckrSymb,SctySrs,XpryDt,FininstrmActlXpryDt,StrkPric,OptnTp,FinInstrmNm,OpnPric,HghPric,LwPric,ClsPric,LastPric,PrvsClsgPric,UndrlygPric,SttlmPric,OpnIntrst,ChngInOpnIntrst,TtlTradgVol,TtlTrfVal,TtlNbOfTxsExctd,SsnId,NewBrdLotQty,Rmks,Rsvd1,Rsvd2,Rsvd3,Rsvd4,DATE
2025-04-23,2025-04-23,CM,BSE,STK,500002,INE117A01022,ABB,A,,,,,ABB INDIA LIMITED,5749.0,5790.0,5610.95,5710.95,5720.0,5680.3,,5713.0,,,15270,86977776.0,2576,F1,1,,,,,,2025-04-23
2025-04-23,2025-04-23,CM,BSE,STK,500003,INE208C01025,AEGISLOG,A,,,,,AEGIS LOGISTICS LTD.,798.0,803.5,776.6,780.4,780.4,795.5,,780.05,,,40242,31704041.0,1673,F1,1,,,,,,2025-04-23
2025-04-23,2025-04-23,CM,BSE,STK,500008,INE885A01032,ARE&M,A,,,,,Amara Raja Energy & Mobility L,1018.35,1029.0,1002.5,1009.65,1009.65,1015.9,,1009.9,,,68622,69423657.0,4838,F1,1,,,,,,2025-04-23
2025-04-23,2025-04-23,CM,BSE,STK,500009,INE432A01017,AMBALALSA,X,,,,,AMBALAL SARABHAI ENTERPRISES L,39.76,40.47,39.0,39.36,39.36,39.59,,39.36,,,43564,1721337.0,269,F1,1,,,,,,2025-04-23
2025-04-23,2025-04-23,CM,BSE,STK,500012,INE714B01016,ANDHRAPET,X,,,,,ANDHRA PETROCHEMICALS LTD.,59.97,59.97,57.95,58.95,58.95,59.07,,58.95,,,71900,4208532.0,506,F1,1,,,,,,2025-04-23
2025-04-23,2025-04-23,CM,BSE,STK,500013,INE436A01026,ANSALAPI,Z,,,,,ANSAL PROPERTIES & INFRASTRUCT,4.42,4.42,4.41,4.41,4.41,4.37,,4.41,,,6321,27883.0,23,F1,1,,,,,,2025-04-23
2025-04-23,2025-04-23,CM,BSE,STK,500014,INE096A01010,UTIQUE,X,,,,,UTIQUE ENTERPRISES LIMITED,4.8,4.94,4.74,4.8,4.83,4.78,,4.8,,,18098,86402.0,75,F1,1,,,,,,2025-04-23
2025-04-23,2025-04-23,CM,BSE,STK,500016,INE957C01019,ARUNAHTEL,X,,,,,ARUNA HOTELS LTD.,11.59,11.61,11.05,11.56,11.61,11.25,,11.56,,,18526,213884.0,39,F1,1,,,,,,2025-04-23
2025-04-23,2025-04-23,CM,BSE,STK,500020,INE032A01023,BOMDYEING,A,,,,,BOMBAY DYEING & MFG.CO.LTD.,141.0,142.35,136.3,140.45,140.45,140.15,,140.51,,,99687,13869806.0,1427,F1,1,,,,,,2025-04-23
2025-04-23,2025-04-23,CM,BSE,STK,500023,INE363A01022,ASIANHOTNR,T,,,,,ASIAN HOTELS (NORTH) LIMITED,364.5,379.8,363.3,375.0,375.0,382.4,,372.35,,,2270,850906.0,15,F1,1,,,,,,2025-04-23
2025-04-23,2025-04-23,CM,BSE,STK,500027,INE100A01010,ATUL,A,,,,,ATUL LTD.,6057.05,6291.4,6056.0,6199.25,6225.0,6031.55,,6211.5,,,13596,84622518.0,1603,F1,1,,,,,,2025-04-23
2025-04-23,2025-04-23,CM,BSE,STK,500028,INE447A01015,ATVPR,X,,,,,ATV PROJECTS INDIA LTD.,39.0,40.05,37.0,37.09,37.23,38.14,,37.09,,,70334,2700544.0,381,F1,1,,,,,,2025-04-23
2025-04-23,2025-04-23,CM,BSE,STK,500031,INE193E01025,BAJAJELEC,A,,,,,BAJAJ ELECTRICALS LTD.,568.95,569.15,552.95,567.15,566.75,560.55,,567.3,,,7576,4248841.0,503,F1,1,,,,,,2025-04-23
2025-04-23,2025-04-23,CM,BSE,STK,500032,INE306A01021,BAJAJHIND,A,,,,,BAJAJ HINDUSTHAN SUGAR LIMITED,20.94,21.03,20.01,20.65,20.65,20.82,,20.66,,,763069,15633261.0,2126,F1,1,,,,,,2025-04-23
2025-04-23,2025-04-23,CM,BSE,STK,500033,INE451A01017,FORCEMOT,A,,,,,FORCE MOTORS LTD.,9321.05,9321.1,8935.55,9105.5,9188.5,9100.15,,9107.5,,,3981,36268673.0,918,F1,1,,,,,,2025-04-23
2025-04-23,2025-04-23,CM,BSE,STK,500034,INE296A01024,BAJFINANCE,A,,,,,BAJAJ FINANCE LIMITED,9275.55,9340.0,9148.85,9326.25,9300.05,9266.5,,9323.0,,,44107,407209589.0,5995,F1,1,,,,,,2025-04-23
2025-04-23,2025-04-23,CM,BSE,STK,500038,INE119A01028,BALRAMCHIN,A,,,,,BALRAMPUR CHINI MILLS LTD.,595.0,597.0,573.05,590.05,590.05,591.9,,589.75,,,39942,23380348.0,2806,F1,1,,,,,,2025-04-23
2025-04-23,2025-04-23,CM,BSE,STK,500039,INE213C01025,BANCOINDIA,B,,,,,BANCO PRODUCTS (INDIA) LTD.,404.7,413.85,390.85,409.0,408.3,404.7,,408.8,,,41182,16658670.0,1408,F1,1,,,,,,2025-04-23
2025-04-23,2025-04-23,CM,BSE,STK,500040,INE055A01016,ABREL,A,,,,,ADITYA BIRLA REAL ESTATE LIMIT,1925.05,2024.45,1925.05,2015.15,1964.0,1927.05,,2014.8,,,14546,28910743.0,1392,F1,1,,,,,,2025-04-23
2025-04-23,2025-04-23,CM,BSE,STK,500041,INE459A01010,BANARISUG,B,,,,,BANNARI AMMAN SUGARS LTD.,3841.55,4494.65,3818.05,3818.05,3818.05,3747.85,,3879.3,,,34,138956.0,10,F1,1,,,,,,2025-04-23
2025-04-23,2025-04-23,CM,BSE,STK,500042,INE373A01013,BASF,A,,,,,BASF INDIA LTD.,4692.0,4727.0,4595.0,4599.45,4623.6,4655.45,,4600.4,,,1253,5824549.0,380,F1,1,,,,,,2025-04-23
2025-04-23,2025-04-23,CM,BSE,STK,500043,INE176A01028,BATAINDIA,A,,,,,BATA INDIA LTD.,1232.3,1234.7,1218.0,1232.1,1230.8,1226.3,,1231.8,,,2756,3382059.0,282,F1,1,,,,,,2025-04-23
2025-04-23,2025-04-23,CM,BSE,STK,500048,INE258A01016,BEML,A,,,,,BEML LTD.,3190.0,3219.35,3107.0,3171.05,3171.05,3169.7,,3170.1,,,14588,46254744.0,1480,F1,1,,,,,,2025-04-23
2025-04-23,2025-04-23,CM,BSE,STK,500049,INE263A01024,BEL,A,,,,,BHARAT ELECTRONICS LTD.,305.1,310.25,301.7,305.8,305.8,303.3,,305.85,,,1660290,507809757.0,14027,F1,1,,,,,,2025-04-23
2025-04-23,2025-04-23,CM,BSE,STK,500052,INE922A01025,BEPL,B,,,,,BHANSALI ENGINEERING POLYMERS,115.05,116.0,112.6,114.7,114.4,114.2,,114.74,,,38180,4374155.0,523,F1,1,,,,,,2025-04-23
2025-04-23,2025-04-23,CM,BSE,STK,500058,INE819C01011,BIHSPONG,X,,,,,BIHAR SPONGE IRON LTD.,13.47,14.0,13.07,13.22,13.29,13.47,,13.22,,,48136,639757.0,121,F1,1,,,,,,2025-04-23
2025-04-23,2025-04-23,CM,BSE,STK,500059,INE071A01013,BINANIIND,T,,,,,BINANI INDUSTRIES LTD.,20.22,20.22,20.22,20.22,20.22,21.28,,19.83,,,2348,47476.0,25,F1,1,,,,,,2025-04-23
2025-04-23,2025-04-23,CM,BSE,STK,500060,INE800A01015,BIRLACABLE,B,,,,,Birla Cable Limited,159.8,159.95,155.0,157.95,155.65,157.5,,158.07,,,11336,1784661.0,620,F1,1,,,,,,2025-04-23
2025-04-23,2025-04-23,CM,BSE,STK,500067,INE472A01039,BLUESTARCO,A,,,,,BLUE STAR LTD.,2071.0,2104.0,1915.4,1925.7,1925.7,2040.55,,1925.4,,,48079,94011851.0,3491,F1,1,,,,,,2025-04-23
2025-04-23,2025-04-23,CM,BSE,STK,500068,INE131C01011,DISAQ,B,,,,,DISA INDIA LTD.,14463.0,14683.95,13855.0,14098.0,14000.05,14538.35,,14098.0,,,335,4772688.0,79,F1,1,,,,,,2025-04-23
2025-04-23,2025-04-23,CM,BSE,STK,500069,INE418C01012,QUESTCAP,X,,,,,QUEST CAPITAL MARKETS LIMITED,360.0,425.9,354.95,391.85,393.0,355.0,,391.85,,,3443,1311885.0,119,F1,1,,,,,,2025-04-23
2025-04-23,2025-04-23,CM,BSE,STK,500074,INE110A01019,BPL,B,,,,,BPL LTD.,77.5,81.55,76.24,79.33,78.05,76.93,,79.16,,,32272,2546211.0,640,F1,1,,,,,,2025-04-23
2025-04-23,2025-04-23,CM,BSE,STK,500078,INE959C01023,OAL,B,,,,,ORIENTAL AROMATICS LIMITED,320.0,321.25,312.5,315.2,316.0,315.5,,314.75,,,6349,2020699.0,367,F1,1,,,,,,2025-04-23
2025-04-23,2025-04-23,CM,BSE,STK,500083,INE281A01026,CENTEXT,B,,,,,CENTURY EXTRUSIONS LTD.,18.5,19.79,18.0,18.72,18.72,19.05,,18.73,,,37173,693551.0,383,F1,1,,,,,,2025-04-23
2025-04-23,2025-04-23,CM,BSE,STK,500084,INE486A01021,CESC,A,,,,,CESC LTD.,160.35,161.2,158.5,160.35,160.25,159.3,,160.3,,,63817,10216386.0,1116,F1,1,,,,,,2025-04-23
2025-04-23,2025-04-23,CM,BSE,STK,500085,INE085A01013,CHAMBLFERT,A,,,,,CHAMBAL FERTILISERS & CHEMICAL,684.3,691.15,672.5,688.95,687.0,684.3,,688.6,,,61691,42046499.0,2816,F1,1,,,,,,2025-04-23
2025-04-23,2025-04-23,CM,BSE,STK,500086,INE302A01020,EXIDEIND,A,,,,,EXIDE INDUSTRIES LTD.,381.55,386.3,377.0,380.8,380.8,381.3,,380.8,,,168896,64380151.0,5542,F1,1,,,,,,2025-04-23
2025-04-23,2025-04-23,CM,BSE,STK,500087,INE059A01026,CIPLA,A,,,,,CIPLA LTD.,1530.25,1538.1,1516.5,1533.55,1532.0,1528.1,,1533.7,,,55099,84197959.0,3002,F1,1,,,,,,2025-04-23
2025-04-23,2025-04-23,CM,BSE,STK,500089,INE303A01010,DICIND,B,,,,,DIC INDIA LTD.,690.55,706.0,680.7,687.25,680.7,708.0,,693.35,,,576,397300.0,93,F1,1,,,,,,2025-04-23
2025-04-23,2025-04-23,CM,BSE,STK,500092,INE007A01025,CRISIL,A,,,,,CRISIL LTD.,4750.0,4769.4,4662.15,4751.25,4725.0,4731.45,,4752.0,,,1061,4987344.0,335,F1,1,,,,,,2025-04-23
2025-04-23,2025-04-23,CM,BSE,STK,500093,INE067A01029,CGPOWER,A,,,,,CG Power and Industrial Soluti,651.9,661.65,644.5,659.85,660.0,645.1,,660.15,,,65634,42941877.0,2962,F1,1,,,,,,2025-04-23
2025-04-23,2025-04-23,CM,BSE,STK,500096,INE016A01026,DABUR,A,,,,,DABUR INDIA LTD.,485.45,487.3,482.05,486.0,485.95,484.55,,486.2,,,65294,31658631.0,2577,F1,1,,,,,,2025-04-23
2025-04-23,2025-04-23,CM,BSE,STK,500097,INE495A01022,DALMIASUG,B,,,,,DALMIA BHARAT SUGAR AND INDUST,413.65,415.9,398.15,404.8,404.85,413.65,,404.55,,,12203,4945816.0,566,F1,1,,,,,,2025-04-23
2025-04-23,2025-04-23,CM,BSE,STK,500101,INE034A01011,ARVIND,A,,,,,ARVIND LTD.,389.3,391.25,384.15,388.75,388.75,390.0,,388.2,,,13189,5106963.0,585,F1,1,,,,,,2025-04-23
2025-04-23,2025-04-23,CM,BSE,STK,500103,INE257A01026,BHEL,A,,,,,BHARAT HEAVY ELECTRICALS LTD.,230.95,231.2,224.15,230.6,230.6,228.35,,230.53,,,695000,158918624.0,8309,F1,1,,,,,,2025-04-23
2025-04-23,2025-04-23,CM,BSE,STK,500104,INE094A01015,HINDPETRO,A,,,,,HINDUSTAN PETROLEUM CORPORATIO,398.35,398.8,384.1,388.8,388.8,397.9,,388.8,,,112276,43747502.0,2679,F1,1,,,,,,2025-04-23
2025-04-23,2025-04-23,CM,BSE,STK,500106,INE039A01010,IFCI,A,,,,,IFCI LTD.,45.73,46.25,44.6,46.07,46.07,45.5,,46.01,,,460789,21010680.0,1542,F1,1,,,,,,2025-04-23
2025-04-23,2025-04-23,CM,BSE,STK,500108,INE153A01019,MTNL,A,,,,,MAHANAGAR TELEPHONE NIGAM LTD.,44.35,44.69,43.31,44.07,44.07,44.32,,44.01,,,134200,5905197.0,923,F1,1,,,,,,2025-04-23
2025-04-23,2025-04-23,CM,BSE,STK,500109,INE103A01014,MRPL,A,,,,,MANGALORE REFINERY & PETROCHEM,144.2,145.25,138.35,141.4,141.2,143.0,,141.26,,,167669,23625601.0,1416,F1,1,,,,,,2025-04-23
2025-04-23,2025-04-23,CM,BSE,STK,500110,INE178A01016,CHENNPETRO,A,,,,,CHENNAI PETROLEUM CORPORATION,638.9,644.15,621.1,628.4,628.4,633.75,,628.4,,,37673,23750520.0,1208,F1,1,,,,,,2025-04-23
2025-04-23,2025-04-23,CM,BSE,STK,500112,INE062A01020,SBIN,A,,,,,STATE BANK OF INDIA,825.85,830.0,809.95,813.3,813.3,822.45,,813.45,,,1020589,832186027.0,20573,F1,1,,,,,,2025-04-23
2025-04-23,2025-04-23,CM,BSE,STK,500113,INE114A01011,SAIL,A,,,,,STEEL AUTHORITY OF INDIA LTD.,116.7,117.35,114.35,116.7,116.7,116.0,,116.76,,,1013493,117622752.0,8884,F1,1,,,,,,2025-04-23
2025-04-23,2025-04-23,CM,BSE,STK,500114,INE280A01028,TITAN,A,,,,,TITAN COMPANY LIMITED,3364.95,3373.5,3315.55,3356.65,3349.8,3337.25,,3357.3,,,14466,48447350.0,1888,F1,1,,,,,,2025-04-23
2025-04-23,2025-04-23,CM,BSE,STK,500116,INE008A01015,IDBI,A,,,,,IDBI BANK LTD.,85.79,85.98,83.02,83.9,83.9,85.59,,83.97,,,548534,46180626.0,2922,F1,1,,,,,,2025-04-23
2025-04-23,2025-04-23,CM,BSE,STK,500117,INE500A01029,DCW,B,,,,,DCW LTD.,88.0,88.77,85.22,85.73,85.75,87.65,,85.59,,,71679,6187179.0,1112,F1,1,,,,,,2025-04-23
2025-04-23,2025-04-23,CM,BSE,STK,500119,INE041A01016,DHAMPURSUG,B,,,,,DHAMPUR SUGAR MILLS LTD.,134.0,135.35,131.05,133.05,133.05,133.8,,132.98,,,16486,2189555.0,615,F1,1,,,,,,2025-04-23
2025-04-23,2025-04-23,CM,BSE,STK,500120,INE591D01014,DIAMINESQ,B,,,,,DIAMINES & CHEMICALS LTD.,378.8,388.0,370.0,373.65,373.65,378.8,,373.0,,,800,299155.0,92,F1,1,,,,,,2025-04-23
2025-04-23,2025-04-23,CM,BSE,STK,500123,INE280B01018,ELANTAS,B,,,,,ELANTAS BECK INDIA LTD.,10430.0,10430.0,10100.05,10183.25,10181.0,10266.1,,10183.25,,,182,1855424.0,53,F1,1,,,,,,2025-04-23
2025-04-23,2025-04-23,CM,BSE,STK,500124,INE089A01031,DRREDDY,A,,,,,DR.REDDYS LABORATORIES LTD.,1182.15,1191.9,1176.85,1185.95,1186.35,1174.85,,1186.0,,,26473,31346464.0,1668,F1,1,,,,,,2025-04-23
2025-04-23,2025-04-23,CM,BSE,STK,500125,INE126A01031,EIDPARRY,A,,,,,E.I.D.-PARRY (INDIA) LTD.,852.15,862.6,841.45,845.85,846.0,852.1,,845.75,,,9547,8080057.0,664,F1,1,,,,,,2025-04-23
2025-04-23,2025-04-23,CM,BSE,STK,500126,INE199A01012,PGHL,A,,,,,PROCTER & GAMBLE HEALTH LIMITE,5195.0,5280.3,5171.55,5248.95,5239.6,5164.6,,5240.5,,,196,1023691.0,75,F1,1,,,,,,2025-04-23
2025-04-23,2025-04-23,CM,BSE,STK,500128,INE086A01029,ELECTCAST,A,,,,,ELECTROSTEEL CASTINGS LTD.,107.44,107.44,102.57,104.12,105.0,104.76,,104.05,,,153320,15970628.0,1781,F1,1,,,,,,2025-04-23
2025-04-23,2025-04-23,CM,BSE,STK,500133,INE284A01012,ESABINDIA,A,,,,,ESAB INDIA LTD.,4660.0,4688.1,4635.0,4650.0,4635.0,4663.6,,4650.3,,,184,859012.0,63,F1,1,,,,,,2025-04-23
2025-04-23,2025-04-23,CM,BSE,STK,500135,INE255A01020,EPL,A,,,,,EPL LIMITED,201.0,201.0,194.15,195.0,195.65,198.65,,194.97,,,26642,5244660.0,795,F1,1,,,,,,2025-04-23
2025-04-23,2025-04-23,CM,BSE,STK,500136,INE778B01029,ESTER,B,,,,,ESTER INDUSTRIES LTD.,130.5,131.9,126.7,128.55,128.55,129.65,,128.65,,,10858,1402238.0,412,F1,1,,,,,,2025-04-23
2025-04-23,2025-04-23,CM,BSE,STK,500142,INE512A01016,FGP,X,,,,,FGP LTD.,9.35,10.79,9.35,9.8,9.85,9.91,,9.8,,,4631,44894.0,57,F1,1,,,,,,2025-04-23
2025-04-23,2025-04-23,CM,BSE,STK,500143,INE160F01013,PHCAP,X,,,,,PH CAPITAL LTD.,200.65,215.65,200.65,207.95,207.95,205.4,,207.95,,,718,149673.0,51,F1,1,,,,,,2025-04-23
2025-04-23,2025-04-23,CM,BSE,STK,500144,INE235A01022,FINCABLES,A,,,,,FINOLEX CABLES LTD.,905.3,911.0,881.0,883.75,883.75,894.35,,883.7,,,8143,7284276.0,566,F1,1,,,,,,2025-04-23
2025-04-23,2025-04-23,CM,BSE,STK,500147,INE515A01019,COCKERILL,B,,,,,JOHN COCKERILL INDIA LIMITED,3009.65,3009.7,2905.05,2937.0,2948.0,2963.5,,2937.0,,,1388,4093019.0,206,F1,1,,,,,,2025-04-23
2025-04-23,2025-04-23,CM,BSE,STK,500148,INE516A01017,UFLEX,B,,,,,UFLEX LTD.,561.3,564.2,550.0,559.9,559.9,556.75,,559.25,,,6172,3446476.0,394,F1,1,,,,,,2025-04-23
2025-04-23,2025-04-23,CM,BSE,STK,500150,INE519A01011,FOSECOIND,B,,,,,FOSECO INDIA LTD.,3980.05,4050.0,3831.85,3942.85,3946.45,3944.9,,3923.4,,,243,957589.0,112,F1,1,,,,,,2025-04-23
2025-04-23,2025-04-23,CM,BSE,STK,500151,INE973A01010,GOLDENTOBC,Z,,,,,GOLDEN TOBACCO LTD.,35.0,35.84,35.0,35.84,35.84,34.14,,35.78,,,611,21505.0,3,F1,1,,,,,,2025-04-23
2025-04-23,2025-04-23,CM,BSE,STK,500153,INE388A01029,GANESHBE,B,,,,,GANESH BENZOPLAST LTD.,125.85,126.1,123.15,123.35,123.35,124.8,,123.46,,,2600,323448.0,155,F1,1,,,,,,2025-04-23
2025-04-23,2025-04-23,CM,BSE,STK,500159,INE085D01033,METROGLOBL,X,,,,,METROGLOBAL LIMITED,133.0,136.0,133.0,135.0,136.0,132.7,,135.0,,,275,36832.0,14,F1,1,,,,,,2025-04-23
2025-04-23,2025-04-23,CM,BSE,STK,500160,INE043A01012,GTL,B,,,,,GTL LTD.,8.89,8.89,8.42,8.5,8.5,8.58,,8.5,,,104324,890269.0,319,F1,1,,,,,,2025-04-23
2025-04-23,2025-04-23,CM,BSE,STK,500163,INE260B01028,GODFRYPHLP,A,,,,,GODFREY PHILLIPS INDIA LTD.,7674.7,7921.5,7580.0,7921.5,7921.5,7544.3,,7921.5,,,4836,37789137.0,695,F1,1,,,,,,2025-04-23
2025-04-23,2025-04-23,CM,BSE,STK,500164,INE233A01035,GODREJIND,A,,,,,GODREJ INDUSTRIES LTD.,1176.35,1180.85,1151.05,1166.1,1164.1,1168.25,,1168.4,,,5459,6380115.0,426,F1,1,,,,,,2025-04-23
2025-04-23,2025-04-23,CM,BSE,STK,500165,INE531A01024,KANSAINER,A,,,,,KANSAI NEROLAC PAINTS LTD.,267.05,269.95,263.1,267.35,266.8,269.75,,267.92,,,10750,2864054.0,483,F1,1,,,,,,2025-04-23
2025-04-23,2025-04-23,CM,BSE,STK,500166,INE300A01016,GOODRICKE,X,,,,,GOODRICKE GROUP LTD.,186.5,189.0,174.15,175.6,175.6,185.15,,175.6,,,35424,6285022.0,285,F1,1,,,,,,2025-04-23
2025-04-23,2025-04-23,CM,BSE,STK,500168,INE533A01012,GOODYEAR,B,,,,,GOODYEAR INDIA LTD.,925.0,943.0,897.2,914.05,914.05,922.55,,914.05,,,13738,12558773.0,1370,F1,1,,,,,,2025-04-23
2025-04-23,2025-04-23,CM,BSE,STK,500170,INE537A01013,GTNINDS,X,,,,,GTN INDUSTRIES LTD.,29.0,29.99,28.99,29.0,29.0,29.0,,29.0,,,5558,161183.0,31,F1,1,,,,,,2025-04-23
2025-04-23,2025-04-23,CM,BSE,STK,500171,INE539A01019,GHCL,A,,,,,GHCL LTD.,629.5,634.0,615.3,630.05,630.45,626.4,,629.2,,,7927,4981805.0,466,F1,1,,,,,,2025-04-23
2025-04-23,2025-04-23,CM,BSE,STK,500173,INE538A01037,GFLLIMITED,B,,,,,GFL LIMITED,56.85,57.62,55.9,57.34,57.0,55.71,,57.31,,,4977,283131.0,189,F1,1,,,,,,2025-04-23
2025-04-23,2025-04-23,CM,BSE,STK,500174,INE540A01017,GLFL,B,,,,,GUJARAT LEASE FINANCING LTD.,7.32,7.53,7.01,7.28,7.28,7.18,,7.21,,,1293,9445.0,8,F1,1,,,,,,2025-04-23
2025-04-23,2025-04-23,CM,BSE,STK,500179,INE236A01020,HCL-INSYS,B,,,,,HCL INFOSYSTEMS LTD.,14.39,14.39,13.35,14.11,14.11,13.81,,14.12,,,199502,2790496.0,788,F1,1,,,,,,2025-04-23
2025-04-23,2025-04-23,CM,BSE,STK,500180,INE040A01034,HDFCBANK,A,,,,,HDFC BANK LTD.,1969.3,1977.95,1920.2,1923.1,1923.1,1961.9,,1923.9,,,1208335,2353574026.0,25925,F1,1,,,,,,2025-04-23
2025-04-23,2025-04-23,CM,BSE,STK,500182,INE158A01026,HEROMOTOCO,A,,,,,HERO MOTOCORP LTD.,3873.55,3955.4,3822.3,3942.15,3930.0,3832.3,,3940.5,,,22373,86867064.0,3232,F1,1,,,,,,2025-04-23
2025-04-23,2025-04-23,CM,BSE,STK,500183,INE548A01028,HFCL,A,,,,,HFCL LIMITED,86.01,86.76,83.3,85.7,85.7,85.65,,85.73,,,1035619,87939918.0,6772,F1,1,,,,,,2025-04-23
2025-04-23,2025-04-23,CM,BSE,STK,500184,INE019C01026,HSCL,A,,,,,Himadri Speciality Chemical Lt,484.6,485.45,464.35,466.9,466.9,481.1,,467.05,,,183162,86167744.0,5016,F1,1,,,,,,2025-04-23
2025-04-23,2025-04-23,CM,BSE,STK,500185,INE549A01026,HCC,A,,,,,HINDUSTAN CONSTRUCTION CO.LTD.,28.2,28.45,27.09,27.5,27.5,28.11,,27.49,,,1389183,38442764.0,2327,F1,1,,,,,,2025-04-23
2025-04-23,2025-04-23,CM,BSE,STK,500186,INE345A01011,HINDOILEXP,A,,,,,HINDUSTAN OIL EXPLORATION CO.L,191.1,197.8,190.65,191.35,191.7,194.7,,191.45,,,15160,2919719.0,335,F1,1,,,,,,2025-04-23
2025-04-23,2025-04-23,CM,BSE,STK,500187,INE415A01038,AGI,A,,,,,AGI GREENPAC LIMITED,834.75,834.75,810.0,818.65,815.0,820.05,,819.15,,,16580,13623584.0,1009,F1,1,,,,,,2025-04-23
2025-04-23,2025-04-23,CM,BSE,STK,500188,INE267A01025,HINDZINC,A,,,,,HINDUSTAN ZINC LTD.,448.1,450.8,437.6,448.8,448.8,445.7,,449.05,,,73293,32640786.0,1808,F1,1,,,,,,2025-04-23
2025-04-23,2025-04-23,CM,BSE,STK,500189,INE353A01023,NDLVENTURE,T,,,,,NDL Ventures Limited,61.1,61.15,61.0,61.0,61.0,61.4,,60.97,,,441,26942.0,7,F1,1,,,,,,2025-04-23
2025-04-23,2025-04-23,CM,BSE,STK,500191,INE262A01018,HMT,Z,,,,,HMT LTD.,50.0,53.0,50.0,52.42,51.01,50.6,,51.9,,,2875,148182.0,27,F1,1,,,,,,2025-04-23
2025-04-23,2025-04-23,CM,BSE,STK,500192,INE962B01011,PRAGBOS,X,,,,,PRAG BOSIMI SYNTHETICS LTD.,2.58,2.68,2.56,2.65,2.65,2.56,,2.65,,,3239,8387.0,17,F1,1,,,,,,2025-04-23
2025-04-23,2025-04-23,CM,BSE,STK,500193,INE102A01024,HLVLTD,B,,,,,HLV LIMITED,13.4,13.51,12.97,13.09,13.26,13.28,,13.13,,,279851,3689123.0,724,F1,1,,,,,,2025-04-23
2025-04-23,2025-04-23,CM,BSE,STK,500199,INE204A01010,IGPL,B,,,,,I G PETROCHEMICALS LTD.,459.0,466.35,450.85,454.7,454.7,458.6,,455.5,,,1431,652223.0,150,F1,1,,,,,,2025-04-23
2025-04-23,2025-04-23,CM,BSE,STK,500201,INE560A01015,INDIAGLYCO,B,,,,,INDIA GLYCOLS LTD.,1440.0,1455.0,1402.1,1420.25,1415.75,1434.9,,1421.3,,,7554,10761005.0,765,F1,1,,,,,,2025-04-23
2025-04-23,2025-04-23,CM,BSE,STK,500202,INE333C01013,INDLEASE,X,,,,,INDIA LEASE DEVELOPMENT LTD.,13.68,13.68,11.63,11.73,11.85,13.4,,11.73,,,8392,106460.0,51,F1,1,,,,,,2025-04-23
2025-04-23,2025-04-23,CM,BSE,STK,500206,INE680B01019,MARGOFIN,X,,,,,MARGO FINANCE LIMITED,89.08,89.08,81.0,86.36,84.5,84.84,,86.36,,,2465,206898.0,81,F1,1,,,,,,2025-04-23
2025-04-23,2025-04-23,CM,BSE,STK,500207,INE156A01020,INDORAMA,B,,,,,INDO RAMA SYNTHETICS (INDIA) L,38.48,38.48,37.01,37.23,37.37,37.24,,37.23,,,44022,1644675.0,314,F1,1,,,,,,2025-04-23
2025-04-23,2025-04-23,CM,BSE,STK,500209,INE009A01021,INFY,A,,,,,INFOSYS LTD.,1447.35,1487.85,1441.55,1474.85,1474.85,1422.4,,1474.9,,,329800,485341810.0,9413,F1,1,,,,,,2025-04-23
2025-04-23,2025-04-23,CM,BSE,STK,500210,INE177A01018,INGERRAND,A,,,,,INGERSOLL-RAND (INDIA) LTD.,3734.25,3906.0,3695.9,3839.4,3841.05,3689.2,,3835.2,,,1584,6033347.0,379,F1,1,,,,,,2025-04-23
2025-04-23,2025-04-23,CM,BSE,STK,500213,INE262B01016,ITHL,X,,,,,INTERNATIONAL TRAVEL HOUSE LTD,538.0,550.0,526.0,542.8,542.8,529.2,,542.8,,,10752,5785773.0,295,F1,1,,,,,,2025-04-23
2025-04-23,2025-04-23,CM,BSE,STK,500214,INE570A01022,IONEXCHANG,A,,,,,ION EXCHANGE (INDIA) LTD.,540.55,540.55,522.85,529.55,531.45,531.3,,530.15,,,11368,6045322.0,813,F1,1,,,,,,2025-04-23
2025-04-23,2025-04-23,CM,BSE,STK,500215,INE209A01019,SUNDROP,B,,,,,SUNDROP BRANDS LIMITED,810.5,810.5,795.0,800.05,800.05,806.15,,801.55,,,347,278692.0,46,F1,1,,,,,,2025-04-23
2025-04-23,2025-04-23,CM,BSE,STK,500219,INE175A01038,JISLJALEQS,A,,,,,JAIN IRRIGATION SYSTEMS LTD.,56.4,56.83,55.09,56.56,56.59,56.03,,56.51,,,217084,12169938.0,1171,F1,1,,,,,,2025-04-23
2025-04-23,2025-04-23,CM,BSE,STK,500220,INE711C01028,JASCH,X,,,,,JASCH INDUSTRIES LTD.,181.65,184.7,173.5,176.6,176.55,182.2,,176.6,,,7450,1323025.0,151,F1,1,,,,,,2025-04-23
2025-04-23,2025-04-23,CM,BSE,STK,500227,INE197D01010,JINDALPOLY,B,,,,,JINDAL POLY FILMS LTD.,670.0,679.25,658.0,666.4,667.25,675.6,,666.45,,,2791,1860381.0,334,F1,1,,,,,,2025-04-23
2025-04-23,2025-04-23,CM,BSE,STK,500228,INE019A01038,JSWSTEEL,A,,,,,JSW STEEL LTD.,1050.0,1053.7,1027.95,1039.0,1034.0,1044.25,,1039.2,,,25309,26255302.0,1945,F1,1,,,,,,2025-04-23
2025-04-23,2025-04-23,CM,BSE,STK,500231,INE864B01027,UMANGDAIRY,B,,,,,UMANG DAIRIES LTD.,79.75,80.42,78.81,78.92,79.37,80.42,,79.84,,,727,57518.0,53,F1,1,,,,,,2025-04-23
2025-04-23,2025-04-23,CM,BSE,STK,500233,INE217B01036,KAJARIACER,A,,,,,KAJARIA CERAMICS LTD.,808.55,834.05,808.55,812.05,812.8,814.05,,812.05,,,613033,501130001.0,820,F1,1,,,,,,2025-04-23
2025-04-23,2025-04-23,CM,BSE,STK,500234,INE437B01014,KAKATCEM,B,,,,,KAKATIYA CEMENT SUGAR & INDUST,157.7,157.7,146.6,149.6,149.6,157.7,,150.8,,,2183,326802.0,26,F1,1,,,,,,2025-04-23
2025-04-23,2025-04-23,CM,BSE,STK,500235,INE907A01026,KSL,B,,,,,KALYANI STEELS LTD.,761.0,766.0,744.0,752.65,758.35,760.15,,753.35,,,2962,2243059.0,354,F1,1,,,,,,2025-04-23
2025-04-23,2025-04-23,CM,BSE,STK,500238,INE716A01013,WHIRLPOOL,A,,,,,WHIRLPOOL OF INDIA LTD.,1120.3,1120.3,1079.45,1089.05,1081.0,1108.5,,1088.7,,,11331,12356156.0,724,F1,1,,,,,,2025-04-23
2025-04-23,2025-04-23,CM,BSE,STK,500239,INE104A01012,KGDENIM,X,,,,,KG DENIM LTD.,16.95,16.95,15.8,16.46,16.46,16.06,,16.46,,,3206,52219.0,35,F1,1,,,,,,2025-04-23
2025-04-23,2025-04-23,CM,BSE,STK,500240,INE266B01017,KINETICENG,X,,,,,KINETIC ENGINEERING LTD.,186.6,188.0,176.2,180.15,180.0,185.05,,180.15,,,42305,7654963.0,231,F1,1,,,,,,2025-04-23
2025-04-23,2025-04-23,CM,BSE,STK,500241,INE732A01036,KIRLOSBROS,A,,,,,KIRLOSKAR BROTHERS LTD.,1782.0,1838.6,1750.0,1766.6,1766.6,1747.8,,1762.8,,,11721,20905422.0,1373,F1,1,,,,,,2025-04-23
2025-04-23,2025-04-23,CM,BSE,STK,500243,INE250A01039,KIRLOSIND,B,,,,,KIRLOSKAR INDUSTRIES LTD,3212.0,3282.25,3196.1,3218.65,3210.0,3211.05,,3217.8,,,188,607869.0,129,F1,1,,,,,,2025-04-23
2025-04-23,2025-04-23,CM,BSE,STK,500245,INE884B01025,KIRLFER,A,,,,,KIRLOSKAR FERROUS INDUSTRIES L,468.0,479.4,468.0,471.6,472.6,470.95,,471.6,,,32447,15323614.0,1246,F1,1,,,,,,2025-04-23
2025-04-23,2025-04-23,CM,BSE,STK,500246,INE601C01013,ENVAIREL,X,,,,,ENVAIR ELECTRODYNE LTD.,87.37,99.0,86.1,88.77,88.0,87.36,,88.77,,,327,29110.0,12,F1,1,,,,,,2025-04-23
2025-04-23,2025-04-23,CM,BSE,STK,500247,INE237A01028,KOTAKBANK,A,,,,,KOTAK MAHINDRA BANK LTD.,2272.1,2288.0,2220.0,2226.7,2226.7,2267.55,,2227.0,,,158058,352713380.0,5091,F1,1,,,,,,2025-04-23
2025-04-23,2025-04-23,CM,BSE,STK,500248,INE073A01019,KRIFILIND,X,,,,,KRISHNA FILAMENT INDUSTRIES LI,6.38,6.65,6.25,6.65,6.65,6.38,,6.65,,,741,4723.0,12,F1,1,,,,,,2025-04-23
2025-04-23,2025-04-23,CM,BSE,STK,500249,INE999A01023,KSB,A,,,,,KSB LIMITED,751.9,764.05,740.0,761.8,762.6,751.6,,760.5,,,3282,2475254.0,299,F1,1,,,,,,2025-04-23
2025-04-23,2025-04-23,CM,BSE,STK,500250,INE337A01034,LGBBROSLTD,B,,,,,L.G.BALAKRISHNAN & BROS.LTD.,1235.7,1266.8,1214.1,1262.15,1262.15,1235.75,,1263.9,,,1791,2223818.0,298,F1,1,,,,,,2025-04-23
2025-04-23,2025-04-23,CM,BSE,STK,500251,INE849A01020,TRENT,A,,,,,TRENT LTD.,5369.95,5374.2,5210.0,5327.0,5327.0,5321.2,,5329.0,,,43353,229259157.0,7517,F1,1,,,,,,2025-04-23
2025-04-23,2025-04-23,CM,BSE,STK,500252,INE269B01029,LMW,A,,,,,LMW Limited,16286.5,16310.9,16147.35,16259.6,16310.9,16098.8,,16203.0,,,49,795654.0,38,F1,1,,,,,,2025-04-23
2025-04-23,2025-04-23,CM,BSE,STK,500253,INE115A01026,LICHSGFIN,A,,,,,LIC HOUSING FINANCE LTD.,611.1,614.35,595.65,613.6,612.9,608.75,,613.7,,,32023,19429935.0,1545,F1,1,,,,,,2025-04-23
2025-04-23,2025-04-23,CM,BSE,STK,500257,INE326A01037,LUPIN,A,,,,,LUPIN LTD.,2055.4,2103.35,2035.15,2088.85,2088.9,2046.9,,2089.4,,,160258,334283435.0,10226,F1,1,,,,,,2025-04-23
2025-04-23,2025-04-23,CM,BSE,STK,500259,INE933A01014,LYKALABS,B,,,,,LYKA LABS LTD.,117.0,117.4,111.6,115.95,115.05,115.35,,116.63,,,4365,498834.0,132,F1,1,,,,,,2025-04-23
2025-04-23,2025-04-23,CM,BSE,STK,500260,INE331A01037,RAMCOCEM,A,,,,,THE RAMCO CEMENTS LIMITED,980.55,991.9,970.9,975.8,974.7,979.0,,976.7,,,7947,7773835.0,1603,F1,1,,,,,,2025-04-23
2025-04-23,2025-04-23,CM,BSE,STK,500262,INE965B01022,HYBRIDFIN,B,,,,,HYBRID FINANCIAL SERVICES LIMI,11.91,12.79,11.85,11.9,11.9,11.86,,12.13,,,36,446.0,13,F1,1,,,,,,2025-04-23
2025-04-23,2025-04-23,CM,BSE,STK,500264,INE270B01035,MAFATIND,B,,,,,MAFATLAL INDUSTRIES LTD.,141.35,141.4,134.9,137.0,137.0,139.4,,137.0,,,71110,9729893.0,582,F1,1,,,,,,2025-04-23
2025-04-23,2025-04-23,CM,BSE,STK,500265,INE271B01025,MAHSEAMLES,A,,,,,MAHARASHTRA SEAMLESS LTD.,700.05,708.6,684.95,690.95,690.95,701.4,,690.5,,,24391,16932523.0,1138,F1,1,,,,,,2025-04-23
2025-04-23,2025-04-23,CM,BSE,STK,500266,INE288A01013,MAHSCOOTER,A,,,,,MAHARASHTRA SCOOTERS LTD.,11423.0,12591.0,11414.45,11640.2,11631.0,11434.65,,11659.0,,,2388,28431273.0,1033,F1,1,,,,,,2025-04-23
2025-04-23,2025-04-23,CM,BSE,STK,500267,INE201B01022,MAJESAUT,X,,,,,MAJESTIC AUTO LTD.,333.0,337.9,325.0,331.45,330.0,333.1,,331.45,,,3707,1215104.0,51,F1,1,,,,,,2025-04-23
2025-04-23,2025-04-23,CM,BSE,STK,500268,INE201A01024,MANALIPETC,B,,,,,MANALI PETROCHEMICAL LTD.,56.01,58.8,56.01,57.44,57.3,58.17,,57.36,,,20860,1204070.0,922,F1,1,,,,,,2025-04-23
2025-04-23,2025-04-23,CM,BSE,STK,500270,INE461A01024,BARODARY,X,,,,,BARODA RAYON CORPORATION LTD.,141.05,141.05,138.0,139.95,139.95,140.55,,139.95,,,404,56319.0,36,F1,1,,,,,,2025-04-23
2025-04-23,2025-04-23,CM,BSE,STK,500271,INE180A01020,MFSL,A,,,,,Max Financial Services Limited,1234.8,1244.0,1224.1,1240.85,1241.9,1234.55,,1241.0,,,7265,8978112.0,1030,F1,1,,,,,,2025-04-23
2025-04-23,2025-04-23,CM,BSE,STK,500277,INE401C01018,MIDINDIA,X,,,,,MID INDIA INDUSTRIES LTD.,10.9,10.9,9.0,9.62,9.62,10.26,,9.62,,,5023,48509.0,45,F1,1,,,,,,2025-04-23
2025-04-23,2025-04-23,CM,BSE,STK,500279,INE831A01028,MIRCELECTR,T,,,,,MIRC ELECTRONICS LTD.,15.85,15.85,15.85,15.85,15.85,16.17,,15.85,,,30259,479605.0,25,F1,1,,,,,,2025-04-23
2025-04-23,2025-04-23,CM,BSE,STK,500280,INE485A01015,CENTENKA,B,,,,,CENTURY ENKA LTD.,549.2,554.0,531.0,550.6,544.4,545.0,,548.5,,,4745,2576801.0,513,F1,1,,,,,,2025-04-23
2025-04-23,2025-04-23,CM,BSE,STK,500282,INE794W01014,MODTHREAD,B,,,,,MODERN THREADS (INDIA) LTD.,40.5,42.0,40.5,41.34,40.5,41.14,,41.25,,,210,8670.0,14,F1,1,,,,,,2025-04-23
2025-04-23,2025-04-23,CM,BSE,STK,500284,INE846D01012,LORDSCHLO,T,,,,,LORDS CHLORO ALKALI LTD.,155.1,156.7,155.1,156.7,156.7,155.0,,156.7,,,740,114956.0,11,F1,1,,,,,,2025-04-23
2025-04-23,2025-04-23,CM,BSE,STK,500285,INE285B01017,SPICEJET,B,,,,,SPICEJET LTD.,50.44,50.47,48.45,49.06,49.06,49.79,,49.06,,,3417467,167880637.0,7130,F1,1,,,,,,2025-04-23
2025-04-23,2025-04-23,CM,BSE,STK,500288,INE083A01026,MOREPENLAB,A,,,,,MOREPEN LABORATORIES LTD.,55.0,55.57,52.9,54.43,54.43,54.53,,54.51,,,661201,35901622.0,3283,F1,1,,,,,,2025-04-23
2025-04-23,2025-04-23,CM,BSE,STK,500290,INE883A01011,MRF,A,,,,,MRF LTD.,128410.0,128646.7,126589.25,127958.15,128116.1,127571.45,,127980.0,,,224,28611200.0,197,F1,1,,,,,,2025-04-23
2025-04-23,2025-04-23,CM,BSE,STK,500292,INE578A01017,HEIDELBERG,B,,,,,HEIDELBERGCEMENT INDIA LTD.,204.95,204.95,197.95,198.75,198.65,200.45,,199.01,,,2619,522144.0,129,F1,1,,,,,,2025-04-23
2025-04-23,2025-04-23,CM,BSE,STK,500294,INE868B01028,NCC,A,,,,,NCC LIMITED,219.7,221.7,215.9,219.8,219.8,217.8,,219.78,,,369175,80712244.0,4591,F1,1,,,,,,2025-04-23
2025-04-23,2025-04-23,CM,BSE,STK,500295,INE205A01025,VEDL,A,,,,,VEDANTA LIMITED,415.75,419.5,410.75,418.3,418.3,413.0,,418.2,,,418370,173903571.0,6808,F1,1,,,,,,2025-04-23
2025-04-23,2025-04-23,CM,BSE,STK,500296,INE290A01027,NAHARSPING,B,,,,,NAHAR SPINNING MILLS LTD.,235.75,235.75,225.9,230.0,228.05,235.75,,229.02,,,6549,1499333.0,478,F1,1,,,,,,2025-04-23
2025-04-23,2025-04-23,CM,BSE,STK,500298,INE585A01020,NAPEROL,X,,,,,Naperol Investments Limited,1000.0,1015.0,982.05,991.85,991.85,983.3,,991.85,,,1034,1027084.0,122,F1,1,,,,,,2025-04-23
2025-04-23,2025-04-23,CM,BSE,STK,500300,INE047A01021,GRASIM,A,,,,,GRASIM INDUSTRIES LTD.,2759.3,2759.45,2676.6,2685.05,2700.0,2749.35,,2685.6,,,6555,17711749.0,1516,F1,1,,,,,,2025-04-23
2025-04-23,2025-04-23,CM,BSE,STK,500302,INE140A01024,PEL,A,,,,,PIRAMAL ENTERPRISES LTD.,1035.15,1035.15,1006.0,1021.0,1020.8,1030.75,,1021.5,,,14058,14335571.0,1676,F1,1,,,,,,2025-04-23
2025-04-23,2025-04-23,CM,BSE,STK,500304,INE161A01038,NIITLTD,B,,,,,NIIT LTD.,130.0,150.55,130.0,145.1,145.1,128.55,,145.58,,,889927,127201778.0,9675,F1,1,,,,,,2025-04-23
2025-04-23,2025-04-23,CM,BSE,STK,500306,INE903A01025,JAYKAY,B,,,,,Jaykay Enterprises Limited,164.9,178.4,156.0,171.3,171.3,162.2,,171.3,,,372529,63886155.0,1986,F1,1,,,,,,2025-04-23
2025-04-23,2025-04-23,CM,BSE,STK,500307,INE910A01012,NIRLON,B,,,,,NIRLON LTD.,533.25,535.05,525.0,526.3,527.95,527.95,,526.3,,,8742,4627655.0,343,F1,1,,,,,,2025-04-23
2025-04-23,2025-04-23,CM,BSE,STK,500312,INE213A01029,ONGC,A,,,,,OIL AND NATURAL GAS CORPORATIO,248.45,252.9,244.95,252.15,252.15,247.6,,252.17,,,858258,214143979.0,5823,F1,1,,,,,,2025-04-23
2025-04-23,2025-04-23,CM,BSE,STK,500313,INE591A01010,OILCOUNTUB,B,,,,,OIL COUNTRY TUBULAR LTD.,75.45,76.95,74.21,75.33,76.95,75.87,,74.98,,,558,41846.0,48,F1,1,,,,,,2025-04-23
2025-04-23,2025-04-23,CM,BSE,STK,500314,INE750A01020,ORIENTHOT,B,,,,,ORIENTAL HOTELS LTD.,158.0,160.9,153.2,156.85,157.1,156.55,,156.95,,,28152,4415873.0,410,F1,1,,,,,,2025-04-23
2025-04-23,2025-04-23,CM,BSE,STK,500317,INE142A01012,OSWALAGRO,B,,,,,OSWAL AGRO MILLS LTD.,102.84,104.57,93.0,98.46,97.05,102.0,,98.03,,,60365,6082426.0,1098,F1,1,,,,,,2025-04-23
2025-04-23,2025-04-23,CM,BSE,STK,500319,INE557C01017,INDSUCR,X,,,,,INDIAN SUCROSE LTD.,97.84,97.84,95.36,96.75,96.99,96.68,,96.75,,,2489,240728.0,43,F1,1,,,,,,2025-04-23
2025-04-23,2025-04-23,CM,BSE,STK,500322,INE167E01037,PANCM,X,,,,,PANYAM CEMENTS & MINERAL INDUS,126.6,130.3,124.1,130.3,130.3,124.1,,130.3,,,636,82718.0,21,F1,1,,,,,,2025-04-23
2025-04-23,2025-04-23,CM,BSE,STK,500325,INE002A01018,RELIANCE,A,,,,,RELIANCE INDUSTRIES LTD.,1295.85,1305.75,1285.3,1299.9,1299.9,1290.95,,1300.0,,,420698,545611545.0,10067,F1,1,,,,,,2025-04-23
2025-04-23,2025-04-23,CM,BSE,STK,500327,INE600A01035,PILITA,B,,,,,Pil Italica Lifestyle Limited,16.0,16.0,15.5,15.9,15.81,15.73,,15.91,,,37379,592552.0,363,F1,1,,,,,,2025-04-23
2025-04-23,2025-04-23,CM,BSE,STK,500330,INE301A01014,RAYMOND,A,,,,,RAYMOND LTD.,1593.6,1593.6,1545.0,1551.55,1550.0,1576.5,,1550.5,,,22278,34871230.0,1222,F1,1,,,,,,2025-04-23
2025-04-23,2025-04-23,CM,BSE,STK,500331,INE318A01026,PIDILITIND,A,,,,,PIDILITE INDUSTRIES LTD.,3027.1,3070.0,3022.35,3066.5,3062.0,3028.35,,3066.9,,,3430,10461529.0,1162,F1,1,,,,,,2025-04-23
2025-04-23,2025-04-23,CM,BSE,STK,500333,INE751B01018,PIXTRANS,B,,,,,PIX TRANSMISSIONS LTD.,1526.05,1573.9,1526.05,1555.75,1556.9,1545.05,,1551.1,,,632,984225.0,138,F1,1,,,,,,2025-04-23
2025-04-23,2025-04-23,CM,BSE,STK,500335,INE340A01012,BIRLACORPN,A,,,,,BIRLA CORPORATION LTD.,1115.05,1135.65,1095.6,1104.85,1104.85,1111.9,,1102.7,,,8361,9345483.0,609,F1,1,,,,,,2025-04-23
2025-04-23,2025-04-23,CM,BSE,STK,500336,INE335A01020,SURYAROSNI,A,,,,,SURYA ROSHNI LTD.,269.95,274.5,264.2,269.8,269.15,268.25,,269.94,,,24452,6580631.0,1131,F1,1,,,,,,2025-04-23
2025-04-23,2025-04-23,CM,BSE,STK,500337,INE032B01021,PRIMESECU,B,,,,,PRIME SECURITIES LTD.,248.65,258.05,248.0,249.0,249.65,256.9,,249.42,,,6995,1747535.0,187,F1,1,,,,,,2025-04-23
2025-04-23,2025-04-23,CM,BSE,STK,500338,INE010A01011,PRSMJOHNSN,A,,,,,PRISM JOHNSON LIMITED.,137.35,137.9,133.3,134.65,134.45,137.3,,134.64,,,11838,1600262.0,303,F1,1,,,,,,2025-04-23
2025-04-23,2025-04-23,CM,BSE,STK,500339,INE855B01025,RAIN,A,,,,,RAIN INDUSTRIES LIMITED,146.3,147.45,143.7,145.1,144.7,145.55,,145.33,,,28744,4172081.0,555,F1,1,,,,,,2025-04-23
2025-04-23,2025-04-23,CM,BSE,STK,500342,INE024D01016,PRUDMOULI,T,,,,,PRUDENTIAL SUGAR CORPORATION L,46.0,46.08,46.0,46.08,46.08,45.18,,46.08,,,2303,106002.0,6,F1,1,,,,,,2025-04-23
2025-04-23,2025-04-23,CM,BSE,STK,500343,INE606A01024,AMJLAND,B,,,,,AMJ LAND HOLDINGS LIMITED,51.8,51.91,49.8,50.83,50.8,51.68,,50.84,,,5342,271035.0,142,F1,1,,,,,,2025-04-23
2025-04-23,2025-04-23,CM,BSE,STK,500346,INE609A01010,PUNJCOMMU,B,,,,,PUNJAB COMMUNICATIONS LTD.,49.99,51.8,48.61,51.0,51.0,49.0,,51.0,,,2537,129423.0,43,F1,1,,,,,,2025-04-23
2025-04-23,2025-04-23,CM,BSE,STK,500350,INE611A01016,RSWM,B,,,,,RSWM LTD.,160.95,160.95,154.6,156.35,157.0,158.65,,156.35,,,1844,288794.0,100,F1,1,,,,,,2025-04-23
2025-04-23,2025-04-23,CM,BSE,STK,500354,INE562B01019,RAJSREESUG,B,,,,,RAJSHREE SUGARS & CHEMICALS LT,52.3,52.3,48.93,49.27,49.27,51.0,,49.27,,,11778,585474.0,316,F1,1,,,,,,2025-04-23
2025-04-23,2025-04-23,CM,BSE,STK,500355,INE613A01020,RALLIS,A,,,,,RALLIS INDIA LTD.,245.55,255.9,241.1,253.9,253.9,245.25,,253.89,,,72009,17971371.0,2111,F1,1,,,,,,2025-04-23
2025-04-23,2025-04-23,CM,BSE,STK,500356,INE278B01020,RAMANEWS,T,,,,,SHREE RAMA NEWSPRINT LTD.,38.82,38.82,38.82,38.82,38.82,39.61,,38.82,,,44784,1738514.0,32,F1,1,,,,,,2025-04-23
2025-04-23,2025-04-23,CM,BSE,STK,500360,INE350D01015,RAPICUT,X,,,,,RAPICUT CARBIDES LTD.,75.25,83.0,74.05,75.6,75.9,75.15,,75.6,,,1437,109008.0,42,F1,1,,,,,,2025-04-23
2025-04-23,2025-04-23,CM,BSE,STK,500365,INE731F01037,WELSPLSOL,B,,,,,WELSPUN SPECIALTY SOLUTIONS LI,34.9,35.69,32.61,34.06,34.06,33.72,,34.06,,,1067205,36694538.0,2258,F1,1,,,,,,2025-04-23
2025-04-23,2025-04-23,CM,BSE,STK,500366,INE293A01013,ROLTA,Z,,,,,ROLTA INDIA LTD.,2.76,2.76,2.63,2.67,2.68,2.71,,2.66,,,21915,58755.0,35,F1,1,,,,,,2025-04-23
2025-04-23,2025-04-23,CM,BSE,STK,500367,INE642C01025,RUBFILA,B,,,,,RUBFILA INTERNATIONAL LTD.,72.21,73.0,70.85,72.31,72.11,71.54,,72.36,,,6491,470953.0,186,F1,1,,,,,,2025-04-23
2025-04-23,2025-04-23,CM,BSE,STK,500368,INE619A01035,PATANJALI,A,,,,,Patanjali Foods Limited,1965.65,1982.65,1956.85,1961.6,1961.6,1963.95,,1963.2,,,15701,30932941.0,1274,F1,1,,,,,,2025-04-23
2025-04-23,2025-04-23,CM,BSE,STK,500370,INE924A01013,SALORAINTL,X,,,,,SALORA INTERNATIONAL LTD.,46.73,46.73,44.5,45.3,45.3,44.94,,45.3,,,666,29776.0,14,F1,1,,,,,,2025-04-23
2025-04-23,2025-04-23,CM,BSE,STK,500378,INE324A01032,JINDALSAW,A,,,,,JINDAL SAW LTD.,270.3,274.15,266.7,269.85,269.0,270.85,,269.65,,,30709,8288647.0,1177,F1,1,,,,,,2025-04-23
2025-04-23,2025-04-23,CM,BSE,STK,500380,INE786A01032,JKLAKSHMI,A,,,,,JK LAKSHMI CEMENT LTD.,816.4,823.3,796.0,799.05,799.05,821.8,,799.8,,,3744,3027165.0,452,F1,1,,,,,,2025-04-23
2025-04-23,2025-04-23,CM,BSE,STK,500387,INE070A01015,SHREECEM,A,,,,,SHREE CEMENT LTD.,30952.55,31085.0,30315.0,30351.7,30500.0,30913.4,,30365.0,,,389,11932882.0,215,F1,1,,,,,,2025-04-23
2025-04-23,2025-04-23,CM,BSE,STK,500388,INE970C01012,SKPMIL,X,,,,,SHREE KRISHNA PAPER MILLS & IN,44.1,48.24,44.1,47.53,47.53,45.95,,47.53,,,238,10671.0,4,F1,1,,,,,,2025-04-23
2025-04-23,2025-04-23,CM,BSE,STK,500389,INE368A01021,SILVERLINE,XT,,,,,SILVERLINE TECHNOLOGIES LTD.,12.97,13.55,12.34,13.11,13.11,12.92,,13.11,,,101410,1331761.0,354,F1,1,,,,,,2025-04-23
2025-04-23,2025-04-23,CM,BSE,STK,500390,INE036A01016,RELINFRA,A,,,,,RELIANCE INFRASTRUCTURE LTD.,268.15,270.65,262.9,266.45,266.45,266.6,,266.25,,,420368,112000873.0,3988,F1,1,,,,,,2025-04-23
2025-04-23,2025-04-23,CM,BSE,STK,500400,INE245A01021,TATAPOWER,A,,,,,TATA POWER CO.LTD.,389.7,395.9,382.3,394.5,394.5,388.5,,394.45,,,362372,140998967.0,7722,F1,1,,,,,,2025-04-23
2025-04-23,2025-04-23,CM,BSE,STK,500402,INE937A01023,SPMLINFRA,B,,,,,SPML INFRA LIMITED,212.1,221.0,210.0,211.1,211.1,208.95,,211.34,,,42956,9322954.0,699,F1,1,,,,,,2025-04-23
2025-04-23,2025-04-23,CM,BSE,STK,500403,INE387A01021,SUNDRMFAST,A,,,,,SUNDRAM FASTENERS LTD.,924.3,945.45,920.7,937.5,934.0,915.0,,937.3,,,7165,6701539.0,412,F1,1,,,,,,2025-04-23
2025-04-23,2025-04-23,CM,BSE,STK,500404,INE947A01014,SUNFLAG,A,,,,,SUNFLAG IRON & STEEL CO.LTD.,259.75,260.0,250.2,258.35,257.6,260.15,,258.0,,,12893,3300078.0,478,F1,1,,,,,,2025-04-23
2025-04-23,2025-04-23,CM,BSE,STK,500405,INE663A01033,SPLPETRO,A,,,,,SUPREME PETROCHEM LTD.,609.7,650.95,596.95,632.1,637.0,606.75,,633.4,,,9269,5761187.0,1111,F1,1,,,,,,2025-04-23
2025-04-23,2025-04-23,CM,BSE,STK,500407,INE277A01016,SWARAJENG,B,,,,,SWARAJ ENGINES LTD.,4150.0,4230.0,4090.05,4210.65,4197.85,4115.75,,4209.7,,,2032,8496109.0,335,F1,1,,,,,,2025-04-23
2025-04-23,2025-04-23,CM,BSE,STK,500408,INE670A01012,TATAELXSI,A,,,,,TATA ELXSI LTD.,5499.15,5675.0,5471.75,5663.8,5665.0,5479.55,,5664.5,,,69626,389480549.0,8290,F1,1,,,,,,2025-04-23
2025-04-23,2025-04-23,CM,BSE,STK,500410,INE012A01025,ACC,A,,,,,ACC LTD.,2089.95,2092.3,2043.0,2051.85,2055.0,2080.65,,2051.9,,,6559,13528525.0,1521,F1,1,,,,,,2025-04-23
2025-04-23,2025-04-23,CM,BSE,STK,500411,INE152A01029,THERMAX,A,,,,,THERMAX LTD.,3476.95,3477.0,3410.0,3446.9,3446.9,3446.7,,3449.5,,,1778,6118520.0,346,F1,1,,,,,,2025-04-23
2025-04-23,2025-04-23,CM,BSE,STK,500412,INE338A01024,TIRUMALCHM,A,,,,,THIRUMALAI CHEMICALS LTD.,285.5,286.0,269.7,273.35,273.35,284.05,,273.03,,,50148,13722599.0,1180,F1,1,,,,,,2025-04-23
2025-04-23,2025-04-23,CM,BSE,STK,500413,INE332A01027,THOMASCOOK,A,,,,,THOMAS COOK (INDIA) LTD.,148.0,149.2,144.7,147.55,147.55,147.3,,147.62,,,60884,8940129.0,1168,F1,1,,,,,,2025-04-23
2025-04-23,2025-04-23,CM,BSE,STK,500414,INE064A01026,TIMEX,B,,,,,TIMEX GROUP INDIA LTD.,178.8,184.65,170.25,183.4,183.4,176.2,,183.4,,,102995,18401865.0,974,F1,1,,,,,,2025-04-23
2025-04-23,2025-04-23,CM,BSE,STK,500420,INE685A01028,TORNTPHARM,A,,,,,TORRENT PHARMACEUTICALS LTD.,3268.85,3354.45,3245.25,3334.35,3327.8,3245.25,,3332.8,,,30819,102717168.0,750,F1,1,,,,,,2025-04-23
2025-04-23,2025-04-23,CM,BSE,STK,500421,INE578C01021,TPINDIA,X,,,,,TPI INDIA LTD.,18.5,19.5,17.14,17.7,18.2,18.5,,17.7,,,8890,162535.0,47,F1,1,,,,,,2025-04-23
2025-04-23,2025-04-23,CM,BSE,STK,500422,INE019B01010,TRANSCHEM,X,,,,,TRANSCHEM LTD.,37.4,41.49,36.16,40.09,39.5,37.24,,40.09,,,5496,216214.0,64,F1,1,,,,,,2025-04-23
2025-04-23,2025-04-23,CM,BSE,STK,500425,INE079A01024,AMBUJACEM,A,,,,,AMBUJA CEMENTS LTD.,582.1,582.45,569.95,574.15,574.15,578.65,,574.35,,,212912,121988612.0,5820,F1,1,,,,,,2025-04-23
2025-04-23,2025-04-23,CM,BSE,STK,500426,INE184E01024,UTLINDS,X,,,,,UTL INDUSTRIES LIMITED,3.0,3.01,2.84,2.89,2.88,2.99,,2.89,,,117421,337923.0,133,F1,1,,,,,,2025-04-23
2025-04-23,2025-04-23,CM,BSE,STK,500429,INE037A01022,UNIENTER,B,,,,,UNIPHOS ENTERPRISES LTD.,155.05,162.0,155.0,161.65,158.55,157.5,,161.85,,,4073,656007.0,415,F1,1,,,,,,2025-04-23
2025-04-23,2025-04-23,CM,BSE,STK,500439,INE701A01023,VHL,B,,,,,VARDHMAN HOLDINGS LTD.,3928.85,3928.85,3744.5,3797.4,3764.6,3875.5,,3806.8,,,134,510865.0,75,F1,1,,,,,,2025-04-23
2025-04-23,2025-04-23,CM,BSE,STK,500440,INE038A01020,HINDALCO,A,,,,,HINDALCO INDUSTRIES LTD.,628.05,633.0,620.85,628.8,627.5,619.85,,629.1,,,81806,51285867.0,2802,F1,1,,,,,,2025-04-23
2025-04-23,2025-04-23,CM,BSE,STK,500444,INE976A01021,WSTCSTPAPR,A,,,,,West Coast Paper Mills Limited,460.0,460.0,444.65,447.6,449.0,454.55,,447.4,,,14348,6441123.0,1780,F1,1,,,,,,2025-04-23
2025-04-23,2025-04-23,CM,BSE,STK,500449,INE048A01011,HOCL,T,,,,,HINDUSTAN ORGANIC CHEMICALS LT,40.79,40.99,39.01,39.45,39.5,40.25,,39.45,,,46721,1867055.0,276,F1,1,,,,,,2025-04-23
2025-04-23,2025-04-23,CM,BSE,STK,500456,INE818B01023,PASUPTAC,T,,,,,PASUPATI ACRYLON LTD.,48.8,49.5,48.0,49.06,49.45,48.24,,48.13,,,6912,336723.0,80,F1,1,,,,,,2025-04-23
2025-04-23,2025-04-23,CM,BSE,STK,500458,INE601A01017,KORE,XT,,,,,Kore Foods Limited,31.65,31.65,31.62,31.62,31.62,32.26,,31.62,,,1012,32003.0,15,F1,1,,,,,,2025-04-23
2025-04-23,2025-04-23,CM,BSE,STK,500459,INE179A01014,PGHH,A,,,,,PROCTER & GAMBLE HYGIENE & HEA,14199.55,14359.95,14039.8,14233.55,14170.0,14199.55,,14249.0,,,556,7898004.0,211,F1,1,,,,,,2025-04-23
2025-04-23,2025-04-23,CM,BSE,STK,500460,INE304A01026,MUKANDLTD,B,,,,,MUKAND LTD.,101.99,107.0,99.5,105.14,106.8,101.06,,105.64,,,38196,3925306.0,1271,F1,1,,,,,,2025-04-23
2025-04-23,2025-04-23,CM,BSE,STK,500463,INE676A01027,BBOX,B,,,,,BLACK BOX LIMITED,379.7,394.4,377.0,384.4,383.4,379.65,,384.5,,,93798,35888426.0,1444,F1,1,,,,,,2025-04-23
2025-04-23,2025-04-23,CM,BSE,STK,500464,INE139B01016,UCAL,B,,,,,UCAL LIMITED,159.5,159.95,152.0,152.9,152.0,158.35,,155.49,,,1663,259209.0,162,F1,1,,,,,,2025-04-23
2025-04-23,2025-04-23,CM,BSE,STK,500467,INE544A01019,HARRMALAYA,B,,,,,HARRISONS MALAYALAM LTD.,203.6,204.75,198.45,201.35,201.25,203.6,,200.43,,,2236,448028.0,160,F1,1,,,,,,2025-04-23
2025-04-23,2025-04-23,CM,BSE,STK,500469,INE171A01029,FEDERALBNK,A,,,,,FEDERAL BANK LTD.,203.25,203.25,198.0,199.8,199.75,201.5,,199.77,,,194171,38732879.0,2536,F1,1,,,,,,2025-04-23
2025-04-23,2025-04-23,CM,BSE,STK,500470,INE081A01020,TATASTEEL,A,,,,,TATA STEEL LTD.,139.25,141.4,137.3,141.1,141.1,138.1,,141.16,,,1229528,171436204.0,13032,F1,1,,,,,,2025-04-23
2025-04-23,2025-04-23,CM,BSE,STK,500472,INE640A01023,SKFINDIA,A,,,,,SKF INDIA LTD.,3900.05,3936.4,3862.2,3931.9,3931.0,3896.05,,3924.6,,,1782,6977457.0,307,F1,1,,,,,,2025-04-23
2025-04-23,2025-04-23,CM,BSE,STK,500477,INE208A01029,ASHOKLEY,A,,,,,ASHOK LEYLAND LTD.,223.3,231.4,223.15,230.65,230.65,222.55,,230.68,,,421740,96262108.0,6074,F1,1,,,,,,2025-04-23
2025-04-23,2025-04-23,CM,BSE,STK,500480,INE298A01020,CUMMINSIND,A,,,,,CUMMINS INDIA LTD.,2882.85,2970.7,2860.0,2964.85,2964.85,2896.9,,2965.9,,,10170,29770770.0,2559,F1,1,,,,,,2025-04-23
2025-04-23,2025-04-23,CM,BSE,STK,500483,INE151A01013,TATACOMM,A,,,,,TATA COMMUNICATIONS LTD.,1685.0,1685.0,1578.4,1584.25,1583.0,1597.85,,1584.4,,,79086,126636202.0,5766,F1,1,,,,,,2025-04-23
2025-04-23,2025-04-23,CM,BSE,STK,500488,INE358A01014,ABBOTINDIA,A,,,,,ABBOTT INDIA LTD.,31149.95,31299.9,30410.0,30438.2,30410.05,30986.95,,30470.0,,,149,4577432.0,88,F1,1,,,,,,2025-04-23
2025-04-23,2025-04-23,CM,BSE,STK,500490,INE118A01012,BAJAJHLDNG,A,,,,,BAJAJ HOLDINGS & INVESTMENT LT,12324.0,12571.2,12195.0,12442.3,12405.0,12314.35,,12423.0,,,1874,23239615.0,524,F1,1,,,,,,2025-04-23
2025-04-23,2025-04-23,CM,BSE,STK,500493,INE465A01025,BHARATFORG,A,,,,,BHARAT FORGE LTD.,1110.2,1138.95,1096.0,1135.45,1135.45,1103.05,,1135.5,,,18649,20863999.0,1508,F1,1,,,,,,2025-04-23
2025-04-23,2025-04-23,CM,BSE,STK,500495,INE042A01014,ESCORTS,A,,,,,Escorts Kubota Limited,3383.95,3460.0,3377.05,3447.1,3443.0,3358.65,,3446.4,,,4777,16351291.0,767,F1,1,,,,,,2025-04-23
2025-04-23,2025-04-23,CM,BSE,STK,500500,INE253A01025,HINDMOTORS,B,,,,,HINDUSTAN MOTORS LTD.,28.62,28.9,27.37,27.74,27.6,28.03,,27.73,,,224605,6263830.0,1294,F1,1,,,,,,2025-04-23
2025-04-23,2025-04-23,CM,BSE,STK,500510,INE018A01030,LT,A,,,,,LARSEN & TOUBRO LTD.,3269.6,3314.7,3268.3,3299.5,3299.5,3259.75,,3301.0,,,112420,369763713.0,7213,F1,1,,,,,,2025-04-23
2025-04-23,2025-04-23,CM,BSE,STK,500520,INE101A01026,M&M,A,,,,,MAHINDRA & MAHINDRA LTD.,2839.95,2924.45,2828.1,2917.4,2917.4,2817.15,,2917.8,,,171190,494587271.0,11430,F1,1,,,,,,2025-04-23
2025-04-23,2025-04-23,CM,BSE,STK,500530,INE323A01026,BOSCHLTD,A,,,,,BOSCH LTD.,28200.0,28455.45,27935.05,28355.9,28273.4,27982.55,,28415.0,,,670,18910043.0,131,F1,1,,,,,,2025-04-23
2025-04-23,2025-04-23,CM,BSE,STK,500540,INE342A01018,PREMIER,T,,,,,PREMIER LTD.,3.06,3.16,3.06,3.15,3.15,3.2,,3.13,,,4849,15153.0,9,F1,1,,,,,,2025-04-23
2025-04-23,2025-04-23,CM,BSE,STK,500547,INE029A01011,BPCL,A,,,,,BHARAT PETROLEUM CORPORATION L,306.3,306.65,298.4,300.5,300.5,306.15,,300.45,,,388847,117102244.0,7510,F1,1,,,,,,2025-04-23
2025-04-23,2025-04-23,CM,BSE,STK,500550,INE003A01024,SIEMENS,A,,,,,SIEMENS LTD.,2861.8,2915.5,2841.9,2872.0,2866.0,2856.45,,2872.0,,,43539,125356399.0,4250,F1,1,,,,,,2025-04-23
2025-04-23,2025-04-23,CM,BSE,STK,500570,INE155A01022,TATAMOTORS,A,,,,,TATA MOTORS LTD.,635.05,661.4,632.85,659.9,659.9,630.95,,659.9,,,2208937,1436184454.0,50705,F1,1,,,,,,2025-04-23
2025-04-23,2025-04-23,CM,BSE,STK,500575,INE226A01021,VOLTAS,A,,,,,VOLTAS LTD.,1355.0,1355.0,1286.0,1299.3,1299.3,1344.65,,1299.0,,,239036,312269268.0,13630,F1,1,,,,,,2025-04-23
2025-04-23,2025-04-23,CM,BSE,STK,500620,INE017A01032,GESHIP,A,,,,,GREAT EASTERN SHIPPING CO.LTD.,926.55,932.0,910.1,923.95,920.0,911.2,,924.25,,,16686,15380550.0,875,F1,1,,,,,,2025-04-23
2025-04-23,2025-04-23,CM,BSE,STK,500645,INE501A01019,DEEPAKFERT,A,,,,,DEEPAK FERTILISERS & PETROCHEM,1278.45,1307.0,1267.8,1283.05,1283.05,1278.45,,1283.4,,,14669,18859458.0,1563,F1,1,,,,,,2025-04-23
2025-04-23,2025-04-23,CM,BSE,STK,500650,INE369A01029,EXCELINDUS,B,,,,,EXCEL INDUSTRIES LTD.,1145.7,1150.5,1118.75,1124.15,1136.4,1145.7,,1126.15,,,979,1104733.0,163,F1,1,,,,,,2025-04-23
2025-04-23,2025-04-23,CM,BSE,STK,500655,INE291A01017,GRWRHITECH,A,,,,,GARWARE HI-TECH FILMS LIMITED,3126.0,3236.75,3118.1,3236.75,3236.75,3082.65,,3245.7,,,1350,4277845.0,171,F1,1,,,,,,2025-04-23
2025-04-23,2025-04-23,CM,BSE,STK,500660,INE159A01016,GLAXO,A,,,,,GLAXOSMITHKLINE PHARMACEUTICAL,2809.0,2879.45,2801.1,2850.9,2855.1,2808.4,,2846.7,,,2554,7260882.0,515,F1,1,,,,,,2025-04-23
2025-04-23,2025-04-23,CM,BSE,STK,500670,INE113A01013,GNFC,A,,,,,GUJARAT NARMADA VALLEY FERTILI,518.0,520.0,502.4,505.55,505.55,513.95,,505.6,,,14506,7368654.0,568,F1,1,,,,,,2025-04-23
2025-04-23,2025-04-23,CM,BSE,STK,500672,INE234A01025,NOVARTIND,B,,,,,NOVARTIS INDIA LTD.,839.7,852.4,837.95,845.3,847.0,839.7,,845.3,,,4187,3544012.0,462,F1,1,,,,,,2025-04-23
2025-04-23,2025-04-23,CM,BSE,STK,500674,INE058A01010,SANOFI,A,,,,,SANOFI INDIA LTD,6405.0,6466.0,6343.95,6434.9,6434.9,6365.35,,6439.5,,,1453,9343437.0,360,F1,1,,,,,,2025-04-23
2025-04-23,2025-04-23,CM,BSE,STK,500680,INE182A01018,PFIZER,A,,,,,PFIZER LTD.,4244.05,4261.85,4182.0,4243.95,4236.0,4255.3,,4243.5,,,2481,10463819.0,339,F1,1,,,,,,2025-04-23
2025-04-23,2025-04-23,CM,BSE,STK,500690,INE026A01025,GSFC,A,,,,,GUJARAT STATE FERTILIZERS & CH,196.4,197.9,191.65,194.15,194.15,196.05,,194.13,,,38013,7394170.0,556,F1,1,,,,,,2025-04-23
2025-04-23,2025-04-23,CM,BSE,STK,500696,INE030A01027,HINDUNILVR,A,,,,,HINDUSTAN UNILEVER LTD.,2418.95,2438.0,2393.05,2422.15,2422.15,2399.1,,2423.7,,,82343,199176082.0,7065,F1,1,,,,,,2025-04-23
2025-04-23,2025-04-23,CM,BSE,STK,500710,INE133A01011,AKZOINDIA,A,,,,,AKZO NOBEL INDIA LIMITED,3453.9,3453.9,3395.3,3414.55,3418.0,3473.5,,3414.4,,,589,2012573.0,188,F1,1,,,,,,2025-04-23
2025-04-23,2025-04-23,CM,BSE,STK,500730,INE163A01018,NOCIL,A,,,,,NOCIL LTD.,190.15,193.5,185.5,188.35,188.35,190.9,,188.33,,,17618,3304055.0,365,F1,1,,,,,,2025-04-23
2025-04-23,2025-04-23,CM,BSE,STK,500770,INE092A01019,TATACHEM,A,,,,,TATA CHEMICALS LTD.,855.7,867.45,851.0,857.45,857.45,851.95,,857.6,,,62088,53324820.0,3445,F1,1,,,,,,2025-04-23
2025-04-23,2025-04-23,CM,BSE,STK,500777,INE148A01019,TNPETRO,B,,,,,TAMILNADU PETROPRODUCTS LTD.,74.45,74.45,72.62,73.43,73.65,73.76,,73.5,,,4551,334573.0,121,F1,1,,,,,,2025-04-23
2025-04-23,2025-04-23,CM,BSE,STK,500780,INE217A01012,ZUARIIND,B,,,,,Zuari Industries Limited,306.7,306.7,292.0,299.55,298.3,301.7,,299.56,,,15415,4595684.0,1007,F1,1,,,,,,2025-04-23
2025-04-23,2025-04-23,CM,BSE,STK,500790,INE239A01024,NESTLEIND,A,,,,,NESTLE INDIA LTD.,2410.3,2440.45,2403.3,2434.15,2435.0,2406.7,,2433.4,,,18578,45090980.0,3104,F1,1,,,,,,2025-04-23
2025-04-23,2025-04-23,CM,BSE,STK,500800,INE192A01025,TATACONSUM,A,,,,,TATA CONSUMER PRODUCTS LIMITED,1142.25,1156.0,1132.35,1150.9,1149.0,1136.1,,1150.1,,,49372,56470622.0,3305,F1,1,,,,,,2025-04-23
2025-04-23,2025-04-23,CM,BSE,STK,500820,INE021A01026,ASIANPAINT,A,,,,,ASIAN PAINTS LTD.,2434.45,2455.95,2426.6,2453.0,2453.0,2433.8,,2453.1,,,54412,132931842.0,5094,F1,1,,,,,,2025-04-23
2025-04-23,2025-04-23,CM,BSE,STK,500825,INE216A01030,BRITANNIA,A,,,,,BRITANNIA INDUSTRIES LTD.,5465.95,5548.45,5410.2,5542.3,5531.8,5433.85,,5544.3,,,3002,16465707.0,1252,F1,1,,,,,,2025-04-23
2025-04-23,2025-04-23,CM,BSE,STK,500830,INE259A01022,COLPAL,A,,,,,COLGATE-PALMOLIVE (INDIA) LTD.,2678.95,2711.4,2647.55,2684.15,2672.0,2656.8,,2688.6,,,9981,26713800.0,2300,F1,1,,,,,,2025-04-23
2025-04-23,2025-04-23,CM,BSE,STK,500840,INE230A01023,EIHOTEL,A,,,,,EIH LTD.,385.0,396.5,378.0,394.2,394.2,382.45,,394.0,,,39421,15290609.0,1767,F1,1,,,,,,2025-04-23
2025-04-23,2025-04-23,CM,BSE,STK,500850,INE053A01029,INDHOTEL,A,,,,,INDIAN HOTELS CO.LTD.,833.9,853.3,814.0,822.75,822.75,835.0,,822.9,,,175947,146456587.0,10572,F1,1,,,,,,2025-04-23
2025-04-23,2025-04-23,CM,BSE,STK,500870,INE172A01027,CASTROLIND,A,,,,,CASTROL INDIA LTD.,209.25,210.2,205.1,208.45,208.3,208.0,,208.45,,,139625,29045002.0,1317,F1,1,,,,,,2025-04-23
2025-04-23,2025-04-23,CM,BSE,STK,500875,INE154A01025,ITC,A,,,,,ITC LTD.,435.35,436.5,428.7,430.75,430.75,433.7,,430.85,,,630529,272224178.0,14833,F1,1,,,,,,2025-04-23
2025-04-23,2025-04-23,CM,BSE,STK,500877,INE438A01022,APOLLOTYRE,A,,,,,APOLLO TYRES LTD.,463.85,467.0,457.1,460.15,460.15,462.65,,460.15,,,61273,28264993.0,2720,F1,1,,,,,,2025-04-23
2025-04-23,2025-04-23,CM,BSE,STK,500878,INE482A01020,CEATLTD,A,,,,,CEAT LTD.,3038.2,3038.2,2992.0,3022.5,3026.8,2996.75,,3020.4,,,7260,21893204.0,466,F1,1,,,,,,2025-04-23
2025-04-23,2025-04-23,CM,BSE,STK,500890,INE832A01018,MODIRUBBER,B,,,,,MODI RUBBER LTD.,105.6,129.0,105.6,129.0,129.0,107.5,,125.91,,,47249,6045813.0,471,F1,1,,,,,,2025-04-23
2025-04-23,2025-04-23,CM,BSE,STK,500940,INE183A01024,FINPIPE,A,,,,,FINOLEX INDUSTRIES LTD.,179.35,179.35,173.4,174.85,174.85,177.8,,175.05,,,96845,16984491.0,1756,F1,1,,,,,,2025-04-23
2025-04-23,2025-04-23,CM,BSE,STK,501144,INE644U01015,PEOPLIN,XT,,,,,PEOPLES INVESTMENTS LTD.,158.4,158.4,158.4,158.4,158.4,158.4,,158.4,,,1,158.0,1,F1,1,,,,,,2025-04-23
2025-04-23,2025-04-23,CM,BSE,STK,501148,INE422D01012,DSINVEST,XT,,,,,DALAL STREET INVESTMENTS LTD.,355.4,362.5,350.0,350.0,350.0,355.4,,350.0,,,35,12353.0,8,F1,1,,,,,,2025-04-23
2025-04-23,2025-04-23,CM,BSE,STK,501150,INE660C01027,CENTRUM,B,,,,,CENTRUM CAPITAL LTD.,26.7,26.75,25.84,26.2,26.39,26.31,,26.13,,,26639,699088.0,209,F1,1,,,,,,2025-04-23
2025-04-23,2025-04-23,CM,BSE,STK,501242,INE911B01018,TCIFINANCE,T,,,,,TCI FINANCE LTD.,12.49,12.5,12.25,12.25,12.25,12.01,,12.31,,,2435,30383.0,17,F1,1,,,,,,2025-04-23
2025-04-23,2025-04-23,CM,BSE,STK,501295,INE886A01014,IITL,B,,,,,INDUSTRIAL INVESTMENT TRUST LT,212.7,215.65,212.7,213.8,213.65,212.85,,214.65,,,99,21127.0,21,F1,1,,,,,,2025-04-23
2025-04-23,2025-04-23,CM,BSE,STK,501298,INE620D01011,INDPRUD,B,,,,,INDUSTRIAL & PRUDENTIAL INVEST,5551.0,5648.0,5460.0,5584.05,5600.0,5601.05,,5584.05,,,355,1974621.0,42,F1,1,,,,,,2025-04-23
2025-04-23,2025-04-23,CM,BSE,STK,501301,INE672A01018,TATAINVEST,A,,,,,TATA INVESTMENT CORPORATION LT,6348.95,6348.95,6219.9,6259.05,6262.0,6282.5,,6256.5,,,5022,31482859.0,1115,F1,1,,,,,,2025-04-23
2025-04-23,2025-04-23,CM,BSE,STK,501311,INE998D01011,JAYBHCR,XT,,,,,JAYABHARAT CREDIT LTD.,12.66,13.96,12.66,13.96,13.96,13.3,,13.96,,,17,229.0,3,F1,1,,,,,,2025-04-23
2025-04-23,2025-04-23,CM,BSE,STK,501314,INE286N01028,PRISMX,X,,,,,PRISMX GLOBAL VENTURES LIMITED,0.83,0.83,0.78,0.81,0.82,0.82,,0.81,,,523233,420681.0,265,F1,1,,,,,,2025-04-23
2025-04-23,2025-04-23,CM,BSE,STK,501351,INE154M01012,RAPIDIN,XT,,,,,RAPID INVESTMENTS LTD.,107.85,108.35,102.0,102.0,102.0,107.35,,102.0,,,91,9405.0,8,F1,1,,,,,,2025-04-23
2025-04-23,2025-04-23,CM,BSE,STK,501370,INE695D01021,WALCHPF,X,,,,,WALCHAND PEOPLEFIRST LTD.,143.55,151.6,141.05,148.5,146.95,143.55,,148.5,,,623,91879.0,20,F1,1,,,,,,2025-04-23
2025-04-23,2025-04-23,CM,BSE,STK,501391,INE855A01019,WHBRADY,X,,,,,W.H.BRADY & CO.LTD.,760.3,760.3,731.0,736.75,735.7,770.7,,736.75,,,1443,1065328.0,125,F1,1,,,,,,2025-04-23
2025-04-23,2025-04-23,CM,BSE,STK,501421,INE314H01012,TECHNVISN,XT,,,,,TechNVision Ventures Limited,4509.3,4509.3,4509.3,4509.3,4509.3,4294.6,,4509.3,,,334,1506106.0,27,F1,1,,,,,,2025-04-23
2025-04-23,2025-04-23,CM,BSE,STK,501423,INE151G01028,SHAILY,B,,,,,SHAILY ENGINEERING PLASTICS LT,1666.5,1670.2,1604.75,1613.05,1620.0,1646.75,,1619.5,,,3701,6083347.0,357,F1,1,,,,,,2025-04-23
2025-04-23,2025-04-23,CM,BSE,STK,501425,INE050A01025,BBTC,A,,,,,BOMBAY BURMAH TRADING CORP.LTD,1980.15,1992.0,1938.0,1964.1,1965.0,1969.35,,1965.0,,,1978,3889373.0,345,F1,1,,,,,,2025-04-23
2025-04-23,2025-04-23,CM,BSE,STK,501430,INE691K01017,BOMBCYC,X,,,,,BOMBAY CYCLE & MOTOR AGENCY LT,1685.05,1686.0,1620.0,1650.5,1644.0,1670.9,,1650.5,,,115,191437.0,22,F1,1,,,,,,2025-04-23
2025-04-23,2025-04-23,CM,BSE,STK,501455,INE224A01026,GREAVESCOT,A,,,,,GREAVES COTTON LTD.,204.0,208.05,198.05,205.05,205.05,202.25,,205.15,,,371782,75420185.0,3981,F1,1,,,,,,2025-04-23
2025-04-23,2025-04-23,CM,BSE,STK,501477,INE003F01015,MULLER,X,,,,,MULLER & PHIPPS (INDIA) LTD.,275.55,283.4,274.2,280.0,280.0,276.9,,280.0,,,68,18814.0,11,F1,1,,,,,,2025-04-23
2025-04-23,2025-04-23,CM,BSE,STK,501622,INE492N01022,AMALGAM,X,,,,,AMALGAMATED ELECTRICITY CO.LTD,54.07,54.07,54.0,54.0,54.0,54.07,,54.0,,,6,324.0,2,F1,1,,,,,,2025-04-23
2025-04-23,2025-04-23,CM,BSE,STK,501700,INE131H01028,INDIANVSH,X,,,,,INDIANIVESH LTD.,12.7,12.7,11.35,11.8,11.8,11.68,,11.8,,,5497,64464.0,51,F1,1,,,,,,2025-04-23
2025-04-23,2025-04-23,CM,BSE,STK,501831,INE377E01024,COASTCORP,B,,,,,COASTAL CORPORATION LTD.,39.96,39.96,38.22,38.94,39.07,39.95,,38.96,,,11299,438585.0,235,F1,1,,,,,,2025-04-23
2025-04-23,2025-04-23,CM,BSE,STK,501833,INE490A01015,CHOWGULSTM,X,,,,,CHOWGULE STEAMSHIPS LTD.,29.0,29.0,27.31,27.97,27.97,28.17,,27.97,,,2159,60905.0,36,F1,1,,,,,,2025-04-23
2025-04-23,2025-04-23,CM,BSE,STK,501848,INE446C01013,GLOBOFFS,X,,,,,GLOBAL OFFSHORE SERVICES LTD.,96.72,100.0,92.06,94.7,94.7,96.72,,94.7,,,28293,2687077.0,180,F1,1,,,,,,2025-04-23
2025-04-23,2025-04-23,CM,BSE,STK,502015,INE443A01030,ASIIL,X,,,,,ASI INDUSTRIES LIMITED,39.59,39.59,35.57,36.64,37.0,37.9,,36.64,,,31013,1157774.0,282,F1,1,,,,,,2025-04-23
2025-04-23,2025-04-23,CM,BSE,STK,502090,INE229C01021,SAGCEM,B,,,,,SAGAR CEMENTS LTD.,225.0,225.0,217.85,219.4,219.8,218.05,,219.75,,,9462,2095153.0,446,F1,1,,,,,,2025-04-23
2025-04-23,2025-04-23,CM,BSE,STK,502133,INE07BK01011,HEMACEM,X,,,,,HEMADRI CEMENTS LTD.,69.06,72.89,69.01,69.09,69.08,69.0,,69.09,,,398,27641.0,19,F1,1,,,,,,2025-04-23
2025-04-23,2025-04-23,CM,BSE,STK,502137,INE583C01021,DECCANCE,B,,,,,DECCAN CEMENTS LTD.,790.1,790.1,762.15,775.9,782.25,778.05,,780.1,,,1010,782317.0,197,F1,1,,,,,,2025-04-23
2025-04-23,2025-04-23,CM,BSE,STK,502157,INE347A01017,MANGLMCEM,B,,,,,MANGALAM CEMENT LTD.,840.25,840.3,802.2,809.25,812.0,834.85,,807.1,,,1160,948993.0,180,F1,1,,,,,,2025-04-23
2025-04-23,2025-04-23,CM,BSE,STK,502168,INE732C01016,NCLIND,B,,,,,NCL INDUSTRIES LTD.,210.0,218.35,210.0,212.35,212.35,213.05,,213.4,,,2272,484097.0,154,F1,1,,,,,,2025-04-23
2025-04-23,2025-04-23,CM,BSE,STK,502175,INE626A01014,SAURASHCEM,B,,,,,SAURASHTRA CEMENT LTD.,87.48,87.94,85.8,86.92,86.35,86.61,,86.51,,,4979,431772.0,175,F1,1,,,,,,2025-04-23
2025-04-23,2025-04-23,CM,BSE,STK,502180,INE232A01011,SHREDIGCEM,B,,,,,SHREE DIGVIJAY CEMENT CO.LTD.,78.08,78.8,77.0,78.62,78.8,77.97,,78.67,,,13825,1077768.0,235,F1,1,,,,,,2025-04-23
2025-04-23,2025-04-23,CM,BSE,STK,502219,INE666D01022,BORORENEW,A,,,,,BOROSIL RENEWABLES LIMITED,532.2,533.2,513.65,520.55,520.15,527.35,,520.5,,,26271,13695654.0,1271,F1,1,,,,,,2025-04-23
2025-04-23,2025-04-23,CM,BSE,STK,502250,INE347D01011,LERTHAI,XT,,,,,LERTHAI FINANCE LIMITED,575.0,575.0,572.95,572.95,572.95,551.0,,572.95,,,7,4017.0,3,F1,1,,,,,,2025-04-23
2025-04-23,2025-04-23,CM,BSE,STK,502281,INE094C01011,TRIVENIGQ,X,,,,,TRIVENI GLASS LTD.,15.5,16.3,15.0,15.19,15.34,15.37,,15.19,,,17954,278576.0,193,F1,1,,,,,,2025-04-23
2025-04-23,2025-04-23,CM,BSE,STK,502294,INE416N01013,NILACHAL,X,,,,,NILACHAL REFRACTORIES LTD.,45.0,45.0,43.1,45.0,45.0,44.9,,45.0,,,2147,95882.0,26,F1,1,,,,,,2025-04-23
2025-04-23,2025-04-23,CM,BSE,STK,502330,INE435A01051,ANDHRAPAP,B,,,,,ANDHRA PAPER LIMITED,78.01,78.85,76.16,76.56,76.51,77.6,,76.56,,,12521,962542.0,425,F1,1,,,,,,2025-04-23
2025-04-23,2025-04-23,CM,BSE,STK,502355,INE787D01026,BALKRISIND,A,,,,,BALKRISHNA INDUSTRIES LTD.,2540.35,2585.0,2540.35,2578.55,2573.45,2533.75,,2577.1,,,4499,11556709.0,1337,F1,1,,,,,,2025-04-23
2025-04-23,2025-04-23,CM,BSE,STK,502420,INE592A01026,ORIENTPPR,B,,,,,ORIENT PAPER & INDUSTRIES LTD.,26.37,26.37,25.22,25.97,25.92,25.86,,25.87,,,134225,3446936.0,868,F1,1,,,,,,2025-04-23
2025-04-23,2025-04-23,CM,BSE,STK,502445,INE906D01014,CITADEL,X,,,,,CITADEL REALTY AND DEVELOPERS,49.0,50.0,48.4,50.0,50.0,48.34,,50.0,,,2825,138161.0,10,F1,1,,,,,,2025-04-23
2025-04-23,2025-04-23,CM,BSE,STK,502448,INE927A01040,ROLLT,T,,,,,ROLLATAINERS LTD.,1.61,1.65,1.55,1.59,1.6,1.59,,1.59,,,43598,69556.0,94,F1,1,,,,,,2025-04-23
2025-04-23,2025-04-23,CM,BSE,STK,502450,INE630A01024,SESHAPAPER,B,,,,,SESHASAYEE PAPER & BOARDS LTD.,278.95,280.0,270.25,274.0,274.0,277.75,,274.0,,,2631,723132.0,359,F1,1,,,,,,2025-04-23
2025-04-23,2025-04-23,CM,BSE,STK,502587,INE777A01023,NATHIND,X,,,,,NATH INDUSTRIES LIMITED,74.01,75.89,74.0,75.0,75.0,74.01,,75.0,,,352,26515.0,13,F1,1,,,,,,2025-04-23
2025-04-23,2025-04-23,CM,BSE,STK,502589,INE464D01014,VAPIENTER,X,,,,,VAPI ENTERPRISE LIMITED,122.85,132.3,122.85,123.1,123.1,126.0,,123.1,,,126,15509.0,4,F1,1,,,,,,2025-04-23
2025-04-23,2025-04-23,CM,BSE,STK,502820,INE498A01018,DCM,B,,,,,DCM LTD.,106.47,106.48,103.89,106.09,104.98,106.47,,106.07,,,655,69333.0,59,F1,1,,,,,,2025-04-23
2025-04-23,2025-04-23,CM,BSE,STK,502865,INE518A01013,FORBESCO,XT,,,,,FORBES & COMPANY LTD.,364.9,364.9,362.55,362.55,362.55,369.9,,362.55,,,910,330331.0,23,F1,1,,,,,,2025-04-23
2025-04-23,2025-04-23,CM,BSE,STK,502873,INE950C01014,HPCOTTON,X,,,,,H.P.COTTON TEXTILE MILLS LTD.,97.98,97.98,92.0,93.09,92.99,92.9,,93.09,,,899,84328.0,31,F1,1,,,,,,2025-04-23
2025-04-23,2025-04-23,CM,BSE,STK,502893,INE706D01018,UNITEDINT,X,,,,,UNITED INTERACTIVE LTD.,93.85,97.95,86.75,91.76,92.0,92.01,,91.76,,,912,84117.0,44,F1,1,,,,,,2025-04-23
2025-04-23,2025-04-23,CM,BSE,STK,502901,INE462D01034,JAMSHRI,X,,,,,JAMSHRI REALTY LIMITED,102.0,102.0,98.0,99.01,99.01,100.18,,99.01,,,4189,416848.0,90,F1,1,,,,,,2025-04-23
2025-04-23,2025-04-23,CM,BSE,STK,502933,INE498G01015,KATRSPG,X,,,,,KATARE SPINNING MILLS LTD.,171.0,185.9,171.0,174.85,176.0,187.95,,174.85,,,204,35894.0,27,F1,1,,,,,,2025-04-23
2025-04-23,2025-04-23,CM,BSE,STK,502937,INE087A01019,KESORAMIND,T,,,,,KESORAM INDUSTRIES LTD.,3.4,3.4,3.4,3.4,3.4,3.24,,3.32,,,1003127,3410631.0,142,F1,1,,,,,,2025-04-23
2025-04-23,2025-04-23,CM,BSE,STK,502958,INE938C01019,LAKSHMIMIL,X,,,,,LAKSHMI MILLS COMPANY LTD.,5990.0,5990.0,5860.8,5990.0,5990.0,5990.85,,5990.0,,,71,424642.0,13,F1,1,,,,,,2025-04-23
2025-04-23,2025-04-23,CM,BSE,STK,502986,INE825A01020,VTL,A,,,,,VARDHMAN TEXTILES LTD.,488.6,501.0,484.65,497.35,497.35,488.55,,497.65,,,14238,7017569.0,611,F1,1,,,,,,2025-04-23
2025-04-23,2025-04-23,CM,BSE,STK,503031,INE138A01028,PENINLAND,T,,,,,PENINSULA LAND LTD.,28.88,28.88,28.88,28.88,28.88,27.51,,28.88,,,9241,266880.0,21,F1,1,,,,,,2025-04-23
2025-04-23,2025-04-23,CM,BSE,STK,503092,INE909B01020,PASUSPG,X,,,,,PASUPATI SPG.& WVG.MILLS LTD.,39.0,43.5,38.0,39.61,39.26,37.17,,39.61,,,9258,378738.0,74,F1,1,,,,,,2025-04-23
2025-04-23,2025-04-23,CM,BSE,STK,503100,INE211B01039,PHOENIXLTD,A,,,,,THE PHOENIX MILLS LTD,1699.95,1737.1,1663.55,1673.75,1668.4,1683.55,,1674.0,,,16432,27905360.0,2785,F1,1,,,,,,2025-04-23
2025-04-23,2025-04-23,CM,BSE,STK,503101,INE182D01020,MARATHON,B,,,,,MARATHON NEXTGEN REALTY LTD.,559.1,561.4,538.95,544.95,542.4,557.7,,540.95,,,3851,2101976.0,228,F1,1,,,,,,2025-04-23
2025-04-23,2025-04-23,CM,BSE,STK,503127,INE491N01016,RAJABAH,X,,,,,RAJA BAHADUR INTERNATIONAL LTD,5260.1,5260.1,5260.1,5260.1,5260.1,5260.1,,5260.1,,,1,5260.0,1,F1,1,,,,,,2025-04-23
2025-04-23,2025-04-23,CM,BSE,STK,503162,INE750D01016,RELCHEMQ,B,,,,,RELIANCE CHEMOTEX INDUSTRIES L,168.0,168.8,166.5,166.55,166.7,167.0,,166.6,,,181,30240.0,52,F1,1,,,,,,2025-04-23
2025-04-23,2025-04-23,CM,BSE,STK,503169,INE301D01026,RUBYMILLS,B,,,,,RUBY MILLS LTD.,206.3,208.45,202.65,206.95,208.45,205.7,,206.8,,,2626,540489.0,423,F1,1,,,,,,2025-04-23
2025-04-23,2025-04-23,CM,BSE,STK,503229,INE167H01014,SIMPLXREA,X,,,,,SIMPLEX REALTY LTD.,201.3,222.55,201.3,222.55,222.55,223.55,,222.55,,,68,13933.0,10,F1,1,,,,,,2025-04-23
2025-04-23,2025-04-23,CM,BSE,STK,503310,INE665A01038,SWANENERGY,A,,,,,SWAN ENERGY LTD.,447.4,447.6,431.25,435.45,435.45,443.35,,435.35,,,194149,85037099.0,3113,F1,1,,,,,,2025-04-23
2025-04-23,2025-04-23,CM,BSE,STK,503349,INE203D01016,VICTMILL,X,,,,,VICTORIA MILLS LTD.,5858.0,5858.0,5858.0,5858.0,5858.0,6050.0,,5858.0,,,1,5858.0,1,F1,1,,,,,,2025-04-23
2025-04-23,2025-04-23,CM,BSE,STK,503624,INE406N01014,ZSVARAJT,X,,,,,SVARAJ TRADING & AGENCIES LTD.,8.9,8.95,8.35,8.95,8.95,8.84,,8.95,,,9229,82396.0,28,F1,1,,,,,,2025-04-23
2025-04-23,2025-04-23,CM,BSE,STK,503641,INE945J01027,ZODIACVEN,X,,,,,ZODIAC VENTURES LIMITED,11.8,11.8,10.78,11.54,11.65,11.59,,11.54,,,29203,333477.0,156,F1,1,,,,,,2025-04-23
2025-04-23,2025-04-23,CM,BSE,STK,503657,INE255E01030,VEERENRGY,X,,,,,VEER ENERGY & INFRASTRUCTURE L,18.51,19.59,18.51,19.12,19.12,18.84,,19.12,,,40964,781520.0,122,F1,1,,,,,,2025-04-23
2025-04-23,2025-04-23,CM,BSE,STK,503663,INE026L01022,TILAK,X,,,,,Tilak Ventures Limited,3.09,3.14,3.01,3.05,3.05,3.03,,3.05,,,473853,1460433.0,619,F1,1,,,,,,2025-04-23
2025-04-23,2025-04-23,CM,BSE,STK,503675,INE786K01023,WAGEND,X,,,,,WAGEND INFRA VENTURE LIMITED,1.13,1.19,1.11,1.19,1.19,1.14,,1.19,,,65318,73793.0,113,F1,1,,,,,,2025-04-23
2025-04-23,2025-04-23,CM,BSE,STK,503681,INE927X01018,ELCIDIN,B,,,,,ELCID INVESTMENTS LTD.,134721.0,136580.0,134721.0,135726.0,135850.0,135481.3,,135726.0,,,47,6396270.0,38,F1,1,,,,,,2025-04-23
2025-04-23,2025-04-23,CM,BSE,STK,503685,INE828I01019,MEDIAONE,X,,,,,MEDIAONE GLOBAL ENTERTAINMENT,26.8,26.8,25.32,25.66,25.66,26.29,,25.66,,,1129,29271.0,32,F1,1,,,,,,2025-04-23
2025-04-23,2025-04-23,CM,BSE,STK,503722,INE629D01020,BANSWRAS,B,,,,,BANSWARA SYNTEX LTD.,135.6,135.7,133.1,134.95,134.15,133.75,,135.54,,,588,78850.0,22,F1,1,,,,,,2025-04-23
2025-04-23,2025-04-23,CM,BSE,STK,503772,INE380D01012,MODWOOL,X,,,,,MODELLA WOOLLENS LTD.,61.01,61.01,61.01,61.01,61.01,60.9,,61.01,,,35,2135.0,3,F1,1,,,,,,2025-04-23
2025-04-23,2025-04-23,CM,BSE,STK,503776,INE170C01019,MODIPON,X,,,,,MODIPON LTD.,46.55,46.55,46.55,46.55,46.55,46.55,,46.55,,,100,4655.0,4,F1,1,,,,,,2025-04-23
2025-04-23,2025-04-23,CM,BSE,STK,503804,INE204C01024,SHRIDINE,X,,,,,SHRI DINESH MILLS LTD.,342.95,342.95,330.0,330.6,330.6,333.25,,330.6,,,1207,405235.0,87,F1,1,,,,,,2025-04-23
2025-04-23,2025-04-23,CM,BSE,STK,503806,INE647A01010,SRF,A,,,,,SRF LTD.,3069.95,3069.95,2975.0,3001.8,2988.5,3011.45,,3000.6,,,3272,9816867.0,760,F1,1,,,,,,2025-04-23
2025-04-23,2025-04-23,CM,BSE,STK,503811,INE076B01028,SIYSIL,B,,,,,SIYARAM SILK MILLS LTD.,732.3,755.0,713.9,752.0,750.0,731.8,,751.4,,,11636,8603679.0,1060,F1,1,,,,,,2025-04-23
2025-04-23,2025-04-23,CM,BSE,STK,503816,INE243N01029,SWADPOL,XT,,,,,SWADESHI POLYTEX LTD.,64.18,64.18,64.18,64.18,64.18,65.48,,64.18,,,1117,71689.0,38,F1,1,,,,,,2025-04-23
2025-04-23,2025-04-23,CM,BSE,STK,503837,INE796C01011,SHRAJSYNQ,X,,,,,SHREE RAJASTHAN SYNTEX LTD.,18.5,18.55,16.81,16.92,16.81,17.68,,16.92,,,7412,126528.0,32,F1,1,,,,,,2025-04-23
2025-04-23,2025-04-23,CM,BSE,STK,503960,INE464A01036,BBL,A,,,,,BHARAT BIJLEE LTD.,3092.0,3132.0,3040.0,3092.1,3110.0,3090.95,,3091.1,,,3867,11939558.0,870,F1,1,,,,,,2025-04-23
2025-04-23,2025-04-23,CM,BSE,STK,504000,INE579B01039,ELPROINTL,B,,,,,ELPRO INTERNATIONAL LTD.,86.5,87.99,86.0,86.57,86.51,85.92,,86.57,,,31672,2745838.0,264,F1,1,,,,,,2025-04-23
2025-04-23,2025-04-23,CM,BSE,STK,504028,INE064H01021,GEE,Z,,,,,GEE LTD.,131.25,131.25,131.0,131.0,131.0,125.0,,131.0,,,78718,10331701.0,86,F1,1,,,,,,2025-04-23
2025-04-23,2025-04-23,CM,BSE,STK,504036,INE835D01023,HIRECT,B,,,,,HIND RECTIFIERS LTD.,995.45,996.95,959.8,967.0,961.5,984.55,,967.25,,,1361,1323614.0,274,F1,1,,,,,,2025-04-23
2025-04-23,2025-04-23,CM,BSE,STK,504058,INE567A01028,NIPPOBATRY,B,,,,,INDO-NATIONAL LTD.,540.45,540.45,507.3,511.15,511.15,532.6,,510.7,,,1947,1013299.0,253,F1,1,,,,,,2025-04-23
2025-04-23,2025-04-23,CM,BSE,STK,504067,INE520A01027,ZENSARTECH,A,,,,,ZENSAR TECHNOLOGIES LTD.,691.55,710.35,677.65,691.0,692.0,678.55,,691.3,,,61813,42977465.0,1879,F1,1,,,,,,2025-04-23
2025-04-23,2025-04-23,CM,BSE,STK,504076,INE511D01012,JYOTI,X,,,,,JYOTI LTD.,92.5,92.9,86.3,88.64,88.8,91.72,,88.64,,,26772,2375654.0,277,F1,1,,,,,,2025-04-23
2025-04-23,2025-04-23,CM,BSE,STK,504080,INE581L01018,JSLINDL,X,,,,,JSL INDUSTRIES LTD.,1650.0,1650.0,1620.95,1621.0,1621.0,1550.7,,1621.0,,,30,48689.0,7,F1,1,,,,,,2025-04-23
2025-04-23,2025-04-23,CM,BSE,STK,504084,INE813G01023,KAYCEEI,XT,,,,,KAYCEE INDUSTRIES LTD.,1182.95,1182.95,1182.95,1182.95,1182.95,1159.8,,1182.95,,,298,352519.0,27,F1,1,,,,,,2025-04-23
2025-04-23,2025-04-23,CM,BSE,STK,504092,INE716F01012,INDOKEM,XT,,,,,INDOKEM LTD.,180.0,180.0,174.95,174.95,174.95,178.5,,174.95,,,2249,394800.0,20,F1,1,,,,,,2025-04-23
2025-04-23,2025-04-23,CM,BSE,STK,504093,INE795A01017,PANAENERG,X,,,,,PANASONIC ENERGY INDIA COMPANY,406.0,409.0,402.55,406.75,406.75,405.75,,406.75,,,3340,1356058.0,106,F1,1,,,,,,2025-04-23
2025-04-23,2025-04-23,CM,BSE,STK,504112,INE045B01015,NELCO,B,,,,,NELCO LTD.,921.95,921.95,875.0,890.55,890.55,911.65,,890.6,,,14606,13070881.0,1323,F1,1,,,,,,2025-04-23
2025-04-23,2025-04-23,CM,BSE,STK,504132,INE418E01018,PERMAGN,X,,,,,PERMANENT MAGNETS LTD.,769.9,770.5,733.0,761.0,769.0,752.6,,761.0,,,2390,1798528.0,187,F1,1,,,,,,2025-04-23
2025-04-23,2025-04-23,CM,BSE,STK,504176,INE783E01023,HIGHENE,X,,,,,HIGH ENERGY BATTERIES (INDIA),496.0,502.8,477.05,483.45,483.0,495.75,,483.45,,,11734,5708892.0,452,F1,1,,,,,,2025-04-23
2025-04-23,2025-04-23,CM,BSE,STK,504180,INE502C01039,STDBAT,X,,,,,STANDARD BATTERIES LTD.,70.0,70.0,68.45,69.09,69.31,68.94,,69.09,,,2118,145535.0,59,F1,1,,,,,,2025-04-23
2025-04-23,2025-04-23,CM,BSE,STK,504212,INE279A01012,UNIVCABLES,B,,,,,UNIVERSAL CABLES LTD.,480.0,486.7,467.95,472.55,473.75,481.55,,473.05,,,1208,572999.0,150,F1,1,,,,,,2025-04-23
2025-04-23,2025-04-23,CM,BSE,STK,504220,INE100D01014,WSI,T,,,,,W.S.INDUSTRIES (INDIA) LTD.,72.49,72.49,66.31,67.72,67.72,69.79,,67.74,,,38693,2587821.0,115,F1,1,,,,,,2025-04-23
2025-04-23,2025-04-23,CM,BSE,STK,504240,INE872E01016,DLTNCBL,XT,,,,,DELTON CABLES LTD.,669.1,669.1,668.45,668.45,668.45,682.05,,668.45,,,820,548277.0,49,F1,1,,,,,,2025-04-23
2025-04-23,2025-04-23,CM,BSE,STK,504258,INE284C01018,LAKSELEC,X,,,,,LAKSHMI ELECTRICAL CONTROL SYS,955.1,968.0,940.25,965.95,968.0,953.15,,965.95,,,629,603343.0,59,F1,1,,,,,,2025-04-23
2025-04-23,2025-04-23,CM,BSE,STK,504273,INE064R01012,MODULEX,Z,,,,,MODULEX CONSTRUCTION TECHNOLOG,26.45,27.48,25.56,26.23,26.23,26.8,,26.23,,,33812,906155.0,41,F1,1,,,,,,2025-04-23
2025-04-23,2025-04-23,CM,BSE,STK,504286,INE393A01011,DELTAMAGNT,T,,,,,DELTA MANUFACTURING LIMITED,64.75,64.75,62.03,63.85,63.85,64.75,,63.42,,,94,5950.0,5,F1,1,,,,,,2025-04-23
2025-04-23,2025-04-23,CM,BSE,STK,504340,INE180M01033,LONGSPUR,X,,,,,Longspur International Venture,6.33,6.33,6.1,6.25,6.25,6.21,,6.25,,,1482,9208.0,7,F1,1,,,,,,2025-04-23
2025-04-23,2025-04-23,CM,BSE,STK,504341,INE206N01018,RELTD,B,,,,,RAVINDRA ENERGY LIMITED,125.0,125.7,121.35,123.3,123.0,123.9,,123.87,,,8265,1019879.0,705,F1,1,,,,,,2025-04-23
2025-04-23,2025-04-23,CM,BSE,STK,504346,INE713N01013,RRP,XT,,,,,RRP SEMICONDUCTOR LIMITED,798.6,798.6,798.6,798.6,798.6,782.95,,798.6,,,2,1597.0,1,F1,1,,,,,,2025-04-23
2025-04-23,2025-04-23,CM,BSE,STK,504351,INE507F01023,EMPOWER,X,,,,,EMPOWER INDIA LTD.,1.66,1.76,1.63,1.69,1.69,1.65,,1.69,,,2612340,4430590.0,2289,F1,1,,,,,,2025-04-23
2025-04-23,2025-04-23,CM,BSE,STK,504356,INE017P01014,ZMULTIPU,X,,,,,MULTIPURPOSE TRADING & AGENCIE,9.5,9.5,9.5,9.5,9.5,9.99,,9.5,,,199,1890.0,2,F1,1,,,,,,2025-04-23
2025-04-23,2025-04-23,CM,BSE,STK,504369,INE927M01029,GRANDMA,XT,,,,,GRANDMA TRADING & AGENCIES LTD,0.53,0.53,0.51,0.53,0.53,0.52,,0.53,,,54502,28624.0,38,F1,1,,,,,,2025-04-23
2025-04-23,2025-04-23,CM,BSE,STK,504378,INE812K01027,NYSSACORP,XT,,,,,NYSSA CORPORATION LIMITED,4.24,4.24,4.1,4.16,4.16,4.22,,4.16,,,30989,129365.0,165,F1,1,,,,,,2025-04-23
2025-04-23,2025-04-23,CM,BSE,STK,504380,INE952M01019,FLOMIC,X,,,,,FLOMIC GLOBAL LOGISTICS LIMITE,70.0,77.97,68.0,72.33,72.0,70.7,,72.33,,,8018,582723.0,108,F1,1,,,,,,2025-04-23
2025-04-23,2025-04-23,CM,BSE,STK,504392,INE537L01010,KRISHNA,XT,,,,,KRISHNA VENTURES LIMITED,31.56,31.56,31.1,31.31,31.1,30.06,,31.31,,,11066,348689.0,49,F1,1,,,,,,2025-04-23
2025-04-23,2025-04-23,CM,BSE,STK,504605,INE361D01012,UNIABEXAL,X,,,,,UNI ABEX ALLOY PRODUCTS LTD.,2811.0,2845.0,2775.0,2821.2,2825.0,2830.65,,2821.2,,,216,606750.0,34,F1,1,,,,,,2025-04-23
2025-04-23,2025-04-23,CM,BSE,STK,504614,INE385C01021,SARDAEN,A,,,,,SARDA ENERGY & MINERALS LTD.,508.1,524.0,496.5,499.0,499.0,506.55,,499.8,,,126253,64055703.0,2798,F1,1,,,,,,2025-04-23
2025-04-23,2025-04-23,CM,BSE,STK,504646,INE106G01014,BGWTATO,X,,,,,BHAGWATI AUTOCAST LTD.,355.0,355.0,346.05,348.3,346.05,356.9,,348.3,,,596,208787.0,23,F1,1,,,,,,2025-04-23
2025-04-23,2025-04-23,CM,BSE,STK,504648,INE089T01023,BOMBWIR,X,,,,,BOMBAY WIRE ROPES LTD.,64.65,65.99,61.56,64.67,64.68,64.65,,64.67,,,1161,74496.0,28,F1,1,,,,,,2025-04-23
2025-04-23,2025-04-23,CM,BSE,STK,504731,INE566M01017,AZADIND,X,,,,,AZAD INDIA MOBILITY LIMITED,147.7,147.7,140.0,141.0,140.4,144.0,,141.0,,,4453,631456.0,79,F1,1,,,,,,2025-04-23
2025-04-23,2025-04-23,CM,BSE,STK,504741,INE323C01030,INDIANHUME,B,,,,,INDIAN HUME PIPE CO.LTD.,409.0,409.0,395.95,402.6,402.6,407.35,,402.4,,,12731,5101834.0,681,F1,1,,,,,,2025-04-23
2025-04-23,2025-04-23,CM,BSE,STK,504746,INE359D01024,INLCM,X,,,,,INDIAN LINK CHAIN MANUFACTURES,218.0,218.0,208.0,217.0,217.0,208.6,,217.0,,,711,152348.0,12,F1,1,,,,,,2025-04-23
2025-04-23,2025-04-23,CM,BSE,STK,504786,INE155E01016,INVPRECQ,X,,,,,INVESTMENT & PRECISION CASTING,834.0,834.0,788.0,792.3,792.3,819.65,,792.3,,,2196,1761062.0,92,F1,1,,,,,,2025-04-23
2025-04-23,2025-04-23,CM,BSE,STK,504810,INE123E01014,INFORTEC,XT,,,,,INFORMED TECHNOLOGIES INDIA LT,68.97,72.4,68.0,68.0,68.0,68.97,,68.0,,,552,38444.0,24,F1,1,,,,,,2025-04-23
2025-04-23,2025-04-23,CM,BSE,STK,504840,INE375D01012,KAIRA,X,,,,,KAIRA CAN CO.LTD.,1750.05,1800.0,1750.0,1795.0,1795.0,1730.0,,1795.0,,,66,116735.0,12,F1,1,,,,,,2025-04-23
2025-04-23,2025-04-23,CM,BSE,STK,504879,INE569C01020,ORIENTCER,B,,,,,ORIENT CERATECH LIMITED,35.6,36.69,35.11,36.14,35.73,35.26,,35.85,,,10506,379374.0,235,F1,1,,,,,,2025-04-23
2025-04-23,2025-04-23,CM,BSE,STK,504882,INE166R01015,NATIONSTD,B,,,,,NATIONAL STANDARD (INDIA) LTD.,3753.0,3795.5,3700.5,3730.0,3730.0,3795.5,,3730.0,,,46,171543.0,16,F1,1,,,,,,2025-04-23
2025-04-23,2025-04-23,CM,BSE,STK,504903,INE336C01016,RATHIST,X,,,,,RATHI STEEL & POWER LTD.,32.49,32.74,31.0,31.64,31.8,31.43,,31.64,,,138763,4423870.0,360,F1,1,,,,,,2025-04-23
2025-04-23,2025-04-23,CM,BSE,STK,504908,INE340F01011,DUNCANENG,XT,,,,,Duncan Engineering Limited,417.8,422.0,417.8,422.0,422.0,417.8,,422.0,,,3,1261.0,2,F1,1,,,,,,2025-04-23
2025-04-23,2025-04-23,CM,BSE,STK,504918,INE149K01016,SANDUMA,A,,,,,SANDUR MANGANESE & IRON ORES L,482.4,487.75,469.0,472.65,472.65,482.35,,472.35,,,24808,11838960.0,1424,F1,1,,,,,,2025-04-23
2025-04-23,2025-04-23,CM,BSE,STK,504959,INE755D01015,STOVACQ,X,,,,,STOVEC INDUSTRIES LTD.,2617.1,2650.0,2600.0,2641.85,2641.85,2649.45,,2641.85,,,529,1389248.0,37,F1,1,,,,,,2025-04-23
2025-04-23,2025-04-23,CM,BSE,STK,504973,INE149A01033,CHOLAHLDNG,A,,,,,CHOLAMANDALAM FINANCIAL HOLDIN,1998.9,1998.9,1921.05,1960.45,1970.15,1966.85,,1961.8,,,2580,5045457.0,412,F1,1,,,,,,2025-04-23
2025-04-23,2025-04-23,CM,BSE,STK,504988,INE380G01015,ZWELCAST,X,,,,,WELCAST STEELS LTD.,1200.0,1200.0,1121.05,1168.0,1186.0,1198.0,,1168.0,,,15,17856.0,6,F1,1,,,,,,2025-04-23
2025-04-23,2025-04-23,CM,BSE,STK,505010,INE449A01011,AUTOAXLES,B,,,,,AUTOMOTIVE AXLES LTD.,1697.0,1725.0,1666.65,1717.8,1725.0,1696.05,,1714.0,,,736,1254186.0,194,F1,1,,,,,,2025-04-23
2025-04-23,2025-04-23,CM,BSE,STK,505029,INE446A01025,ATLASCYCLE,T,,,,,ATLAS CYCLES (HARYANA) LTD.,87.31,88.99,87.22,87.22,87.22,88.99,,87.22,,,779,68344.0,14,F1,1,,,,,,2025-04-23
2025-04-23,2025-04-23,CM,BSE,STK,505036,INE451C01013,ACGL,T,,,,,AUTOMOBILE CORPORATION OF GOA,1491.65,1549.9,1465.0,1524.95,1544.0,1491.65,,1524.95,,,2435,3666289.0,229,F1,1,,,,,,2025-04-23
2025-04-23,2025-04-23,CM,BSE,STK,505075,INE878E01021,SETCO,T,,,,,SETCO AUTOMOTIVE LTD.,18.54,18.54,18.54,18.54,18.54,18.18,,18.54,,,136143,2524091.0,27,F1,1,,,,,,2025-04-23
2025-04-23,2025-04-23,CM,BSE,STK,505160,INE187D01029,TALBROAUTO,B,,,,,TALBROS AUTOMOTIVE COMPONENTS,260.0,273.75,260.0,267.05,267.35,264.7,,267.69,,,11884,3157608.0,535,F1,1,,,,,,2025-04-23
2025-04-23,2025-04-23,CM,BSE,STK,505163,INE116C01012,ZFSTEERING,B,,,,,Z.F.STEERING GEAR (INDIA) LTD.,1140.95,1180.0,1106.0,1126.5,1106.0,1136.85,,1126.5,,,2374,2721480.0,272,F1,1,,,,,,2025-04-23
2025-04-23,2025-04-23,CM,BSE,STK,505192,INE294B01019,SMLISUZU,B,,,,,SML ISUZU LIMITED,1790.0,1802.5,1745.9,1749.3,1748.3,1776.0,,1751.7,,,1645,2897863.0,198,F1,1,,,,,,2025-04-23
2025-04-23,2025-04-23,CM,BSE,STK,505196,INE806C01018,TIL,B,,,,,TIL LTD.,231.0,242.55,231.0,241.4,241.4,231.0,,240.59,,,11333,2733789.0,482,F1,1,,,,,,2025-04-23
2025-04-23,2025-04-23,CM,BSE,STK,505200,INE066A01021,EICHERMOT,A,,,,,EICHER MOTORS LTD.,5774.35,5819.15,5608.0,5743.95,5730.0,5784.75,,5740.0,,,14726,84189770.0,4921,F1,1,,,,,,2025-04-23
2025-04-23,2025-04-23,CM,BSE,STK,505212,INE280F01019,JAINEX,X,,,,,JAINEX AAMCOL LTD.,179.95,179.95,177.9,177.9,177.9,177.95,,177.9,,,167,29914.0,4,F1,1,,,,,,2025-04-23
2025-04-23,2025-04-23,CM,BSE,STK,505216,INE782D01027,ALFREDHE,X,,,,,ALFRED HERBERT (INDIA) LTD.,2140.0,2155.0,2071.0,2109.15,2100.0,2070.2,,2109.15,,,39,82444.0,15,F1,1,,,,,,2025-04-23
2025-04-23,2025-04-23,CM,BSE,STK,505232,INE232E01013,VELJAN,X,,,,,VELJAN DENISON LIMITED,1080.0,1115.0,1056.0,1093.5,1090.05,1073.3,,1093.5,,,908,985557.0,83,F1,1,,,,,,2025-04-23
2025-04-23,2025-04-23,CM,BSE,STK,505242,INE221B01012,DYNAMATECH,A,,,,,DYNAMATIC TECHNOLOGIES LTD.,6509.8,6533.1,6413.05,6514.15,6505.5,6465.5,,6504.0,,,269,1744823.0,164,F1,1,,,,,,2025-04-23
2025-04-23,2025-04-23,CM,BSE,STK,505250,INE631D01026,GGDPROP,X,,,,,G. G. Dandekar Properties Limi,94.0,94.0,87.99,87.99,87.99,84.51,,87.99,,,351,30946.0,11,F1,1,,,,,,2025-04-23
2025-04-23,2025-04-23,CM,BSE,STK,505255,INE541A01023,GMMPFAUDLR,A,,,,,GMM PFAUDLER LTD.,1099.95,1109.7,1083.1,1101.35,1105.0,1092.85,,1101.4,,,1352,1483500.0,181,F1,1,,,,,,2025-04-23
2025-04-23,2025-04-23,CM,BSE,STK,505283,INE811A01020,KIRLPNU,A,,,,,KIRLOSKAR PNEUMATIC CO.LTD.,1209.55,1290.75,1196.35,1280.75,1280.75,1208.55,,1280.5,,,45084,56409048.0,3442,F1,1,,,,,,2025-04-23
2025-04-23,2025-04-23,CM,BSE,STK,505285,INE637D01015,TULIVE,XT,,,,,TULIVE DEVELOPERS LIMITED,720.1,720.1,720.1,720.1,720.1,706.0,,720.1,,,1,720.0,1,F1,1,,,,,,2025-04-23
2025-04-23,2025-04-23,CM,BSE,STK,505299,INE731D01024,KPT,X,,,,,KPT INDUSTRIES LIMITED,829.0,829.0,801.0,819.85,823.8,810.3,,819.85,,,2596,2115218.0,190,F1,1,,,,,,2025-04-23
2025-04-23,2025-04-23,CM,BSE,STK,505302,INE718M01022,LAKSHMIEW,X,,,,,LAKSHMI ENGINEERING AND WAREHO,2155.0,2155.0,2100.0,2154.95,2154.95,2159.35,,2154.95,,,54,113729.0,5,F1,1,,,,,,2025-04-23
2025-04-23,2025-04-23,CM,BSE,STK,505324,INE867A01022,MANUGRAPH,B,,,,,MANUGRAPH INDIA LTD.,18.25,18.3,18.0,18.3,18.3,18.4,,18.17,,,2904,52842.0,83,F1,1,,,,,,2025-04-23
2025-04-23,2025-04-23,CM,BSE,STK,505336,INE098E01026,HARSHILAGR,XT,,,,,HARSHIL AGROTECH LIMITED,3.01,3.01,3.01,3.01,3.01,3.16,,3.01,,,3929337,11827304.0,1581,F1,1,,,,,,2025-04-23
2025-04-23,2025-04-23,CM,BSE,STK,505343,INE811D01024,MONOT,XT,,,,,MONOTYPE INDIA LTD.,0.8,0.82,0.76,0.78,0.81,0.8,,0.78,,,2251741,1758274.0,1417,F1,1,,,,,,2025-04-23
2025-04-23,2025-04-23,CM,BSE,STK,505355,INE317F01035,NESCO,B,,,,,NESCO LTD.,962.75,967.95,959.15,963.35,959.15,959.25,,963.8,,,2551,2458197.0,194,F1,1,,,,,,2025-04-23
2025-04-23,2025-04-23,CM,BSE,STK,505358,INE984B01023,INTEGRAEN,X,,,,,INTEGRA ENGINEERING INDIA LTD.,222.45,231.0,219.5,226.2,226.2,219.45,,226.2,,,14013,3151274.0,185,F1,1,,,,,,2025-04-23
2025-04-23,2025-04-23,CM,BSE,STK,505368,INE617A01013,SEMAC,T,,,,,SEMAC CONSULTANTS LIMITED,366.0,369.7,353.0,367.8,369.7,353.0,,368.2,,,47,17162.0,6,F1,1,,,,,,2025-04-23
2025-04-23,2025-04-23,CM,BSE,STK,505400,INE435C01024,TEXINFRA,B,,,,,TEXMACO INFRASTRUCTURE & HOLDI,106.1,108.05,104.1,106.3,106.3,106.1,,106.09,,,64507,6790001.0,363,F1,1,,,,,,2025-04-23
2025-04-23,2025-04-23,CM,BSE,STK,505412,INE274C01019,WENDT,B,,,,,WENDT (INDIA) LTD.,10915.0,11200.0,10850.0,10966.0,10966.0,10785.0,,10949.5,,,89,972550.0,38,F1,1,,,,,,2025-04-23
2025-04-23,2025-04-23,CM,BSE,STK,505502,INE953M01033,PSITINFRA,XT,,,,,PS IT INFRASTRUCTURE & SERVICE,1.66,1.72,1.66,1.66,1.66,1.69,,1.66,,,147416,244774.0,94,F1,1,,,,,,2025-04-23
2025-04-23,2025-04-23,CM,BSE,STK,505504,INE809Q01012,GHVINFRA,XT,,,,,GHV INFRA PROJECTS LIMITED,398.8,398.8,398.8,398.8,398.8,391.0,,398.8,,,50,19940.0,2,F1,1,,,,,,2025-04-23
2025-04-23,2025-04-23,CM,BSE,STK,505509,INE688D01026,RESPONIND,B,,,,,RESPONSIVE INDUSTRIES LTD.,196.0,197.9,192.0,197.35,197.4,196.2,,197.19,,,1957,382703.0,108,F1,1,,,,,,2025-04-23
2025-04-23,2025-04-23,CM,BSE,STK,505520,INE721U01011,ZHEMHOLD,XT,,,,,HEM HOLDINGS & TRADING LTD.,23.43,23.43,23.43,23.43,23.43,22.98,,23.43,,,1,23.0,1,F1,1,,,,,,2025-04-23
2025-04-23,2025-04-23,CM,BSE,STK,505523,INE272E01027,MAHACORP,X,,,,,MAHARASHTRA CORPORATION LTD.,0.6,0.61,0.55,0.57,0.57,0.6,,0.57,,,6421819,3682402.0,1544,F1,1,,,,,,2025-04-23
2025-04-23,2025-04-23,CM,BSE,STK,505526,INE966A01022,DOLATALGO,B,,,,,DOLAT ALGOTECH LIMITED,94.27,95.7,92.15,94.0,94.28,94.24,,94.01,,,12964,1215169.0,384,F1,1,,,,,,2025-04-23
2025-04-23,2025-04-23,CM,BSE,STK,505533,INE274F01020,WESTLIFE,A,,,,,WESTLIFE FOODWORLD LIMITED,713.95,723.6,711.0,720.05,719.4,724.0,,719.15,,,1163,834625.0,80,F1,1,,,,,,2025-04-23
2025-04-23,2025-04-23,CM,BSE,STK,505537,INE256A01028,ZEEL,A,,,,,ZEE ENTERTAINMENT ENTERPRISES,116.36,116.74,111.89,114.61,114.61,115.55,,114.59,,,919830,104959582.0,7104,F1,1,,,,,,2025-04-23
2025-04-23,2025-04-23,CM,BSE,STK,505650,INE178E01026,SKYLMILAR,X,,,,,SKYLINE MILLARS LTD.,18.5,19.48,17.7,18.39,18.4,18.79,,18.39,,,1448,26629.0,15,F1,1,,,,,,2025-04-23
2025-04-23,2025-04-23,CM,BSE,STK,505681,INE469A01019,BIMETAL,X,,,,,BIMETAL BEARINGS LTD.,599.0,612.9,588.05,589.4,589.0,596.65,,589.4,,,488,291783.0,61,F1,1,,,,,,2025-04-23
2025-04-23,2025-04-23,CM,BSE,STK,505688,INE561C01019,BHARATGEAR,B,,,,,BHARAT GEARS LTD.,75.0,78.0,73.36,74.44,75.01,74.58,,74.38,,,7065,531896.0,337,F1,1,,,,,,2025-04-23
2025-04-23,2025-04-23,CM,BSE,STK,505690,INE856A01017,BRADYM,X,,,,,BRADY & MORRIS ENGINEERING CO.,1265.0,1290.0,1255.05,1258.9,1255.5,1259.35,,1258.9,,,326,414509.0,51,F1,1,,,,,,2025-04-23
2025-04-23,2025-04-23,CM,BSE,STK,505693,INE501N01020,LATIMMETAL,X,,,,,La Tim Metal & Industries Limi,9.01,9.17,8.96,9.01,8.99,9.1,,9.01,,,80528,728173.0,166,F1,1,,,,,,2025-04-23
2025-04-23,2025-04-23,CM,BSE,STK,505700,INE205B01031,ELECON,A,,,,,ELECON ENGINEERING CO.LTD.,513.15,529.0,502.0,526.5,522.35,512.1,,526.4,,,43199,22359998.0,1118,F1,1,,,,,,2025-04-23
2025-04-23,2025-04-23,CM,BSE,STK,505703,INE498D01012,DECANBRG,XT,,,,,DECCAN BEARINGS LTD.,98.69,98.72,89.32,98.72,98.72,94.02,,98.72,,,5832,572586.0,20,F1,1,,,,,,2025-04-23
2025-04-23,2025-04-23,CM,BSE,STK,505710,INE266D01021,GRAUWEIL,B,,,,,GRAUER & WEIL (INDIA) LTD.,91.49,93.0,89.83,91.93,91.93,90.73,,91.93,,,275249,25117756.0,3198,F1,1,,,,,,2025-04-23
2025-04-23,2025-04-23,CM,BSE,STK,505712,INE705G01021,HIMTEK,X,,,,,HIM TEKNOFORGE LIMITED,179.9,179.9,170.1,171.7,170.1,173.8,,171.7,,,4021,697786.0,63,F1,1,,,,,,2025-04-23
2025-04-23,2025-04-23,CM,BSE,STK,505714,INE524A01029,GABRIEL,A,,,,,GABRIEL INDIA LTD.,571.05,584.05,565.7,578.4,578.0,574.7,,578.5,,,14962,8601641.0,612,F1,1,,,,,,2025-04-23
2025-04-23,2025-04-23,CM,BSE,STK,505720,INE688E01024,HERCULES,B,,,,,HERCULES HOISTS LTD.,168.0,169.05,160.0,163.1,163.45,167.45,,162.84,,,14888,2425361.0,462,F1,1,,,,,,2025-04-23
2025-04-23,2025-04-23,CM,BSE,STK,505725,INE598D01027,AQFINTECH,X,,,,,ALGOQUANT FINTECH LIMITED,884.8,884.8,864.0,878.6,877.9,873.85,,878.6,,,7606,6680804.0,70,F1,1,,,,,,2025-04-23
2025-04-23,2025-04-23,CM,BSE,STK,505726,INE559A01017,IFBIND,B,,,,,IFB INDUSTRIES LTD.,1394.0,1403.65,1352.6,1359.75,1359.3,1385.15,,1361.9,,,1745,2376775.0,224,F1,1,,,,,,2025-04-23
2025-04-23,2025-04-23,CM,BSE,STK,505729,INE638A01035,SINGER,X,,,,,SINGER INDIA LTD.,64.49,65.7,61.6,63.02,63.02,63.92,,63.02,,,49264,3102430.0,353,F1,1,,,,,,2025-04-23
2025-04-23,2025-04-23,CM,BSE,STK,505737,INE403C01014,INTLCOMBQ,X,,,,,INTERNATIONAL COMBUSTION (INDI,960.1,994.9,950.05,984.8,984.8,969.0,,984.8,,,3726,3644047.0,254,F1,1,,,,,,2025-04-23
2025-04-23,2025-04-23,CM,BSE,STK,505744,INE529A01010,FMGOETZE,B,,,,,FEDERAL-MOGUL GOETZE (INDIA) L,352.45,366.0,347.65,358.25,356.65,353.3,,358.75,,,2485,880124.0,186,F1,1,,,,,,2025-04-23
2025-04-23,2025-04-23,CM,BSE,STK,505750,INE636D01041,JOSTS,X,,,,,JOSTS ENGINEERING CO.LTD.,547.5,547.5,526.0,533.75,533.75,537.65,,533.75,,,17571,9422780.0,428,F1,1,,,,,,2025-04-23
2025-04-23,2025-04-23,CM,BSE,STK,505790,INE513A01022,SCHAEFFLER,A,,,,,Schaeffler India Limited,3301.8,3349.55,3220.0,3282.65,3275.4,3336.55,,3281.6,,,2928,9626551.0,534,F1,1,,,,,,2025-04-23
2025-04-23,2025-04-23,CM,BSE,STK,505800,INE384A01010,RANEHOLDIN,B,,,,,RANE HOLDINGS LTD.,1407.85,1409.55,1355.0,1398.2,1393.55,1403.05,,1397.1,,,1175,1616040.0,249,F1,1,,,,,,2025-04-23
2025-04-23,2025-04-23,CM,BSE,STK,505827,INE568F01017,SNL,X,,,,,SNL BEARINGS LTD.,383.05,392.0,378.5,388.65,388.65,383.05,,388.65,,,2676,1034066.0,90,F1,1,,,,,,2025-04-23
2025-04-23,2025-04-23,CM,BSE,STK,505840,INE058D01030,JAIPAN,X,,,,,JAIPAN INDUSTRIES LTD.,32.81,34.33,32.81,33.35,34.09,34.33,,33.35,,,255,8441.0,9,F1,1,,,,,,2025-04-23
2025-04-23,2025-04-23,CM,BSE,STK,505850,INE545L01039,MANCREDIT,B,,,,,MANGAL CREDIT AND FINCORP LTD.,166.8,168.5,162.95,165.35,163.25,167.55,,164.72,,,241,39655.0,34,F1,1,,,,,,2025-04-23
2025-04-23,2025-04-23,CM,BSE,STK,505854,INE391D01019,TRF,B,,,,,TRF LTD.,399.0,449.45,399.0,417.25,413.9,386.0,,417.4,,,50887,22052637.0,5837,F1,1,,,,,,2025-04-23
2025-04-23,2025-04-23,CM,BSE,STK,505872,INE765D01022,WPIL,B,,,,,WPIL LTD.,458.7,462.45,432.95,439.0,439.0,455.85,,439.0,,,123238,54572402.0,2336,F1,1,,,,,,2025-04-23
2025-04-23,2025-04-23,CM,BSE,STK,505890,INE717A01029,KENNAMET,B,,,,,KENNAMETAL INDIA LTD.,2210.95,2237.0,2106.25,2146.15,2150.0,2173.65,,2146.15,,,9594,21007567.0,734,F1,1,,,,,,2025-04-23
2025-04-23,2025-04-23,CM,BSE,STK,505893,INE724D01011,HINDHARD,X,,,,,HINDUSTAN HARDY LIMITED,991.0,1048.0,963.0,978.25,978.25,965.7,,978.25,,,2643,2637851.0,254,F1,1,,,,,,2025-04-23
2025-04-23,2025-04-23,CM,BSE,STK,505978,INE440G01017,TRITONV,X,,,,,TRITON VALVES LTD.,2775.05,3074.0,2772.1,2985.45,3050.0,2791.6,,2985.45,,,2490,7172625.0,144,F1,1,,,,,,2025-04-23
2025-04-23,2025-04-23,CM,BSE,STK,506003,INE618D01015,SUDAI,X,,,,,SUDAL INDUSTRIES LTD.,40.6,42.2,40.0,40.0,40.0,40.56,,40.0,,,7402,305264.0,27,F1,1,,,,,,2025-04-23
2025-04-23,2025-04-23,CM,BSE,STK,506022,INE603A01013,PRAKASH,A,,,,,PRAKASH INDUSTRIES LTD.,182.0,185.05,176.6,180.2,180.2,180.9,,180.29,,,91019,16371190.0,2003,F1,1,,,,,,2025-04-23
2025-04-23,2025-04-23,CM,BSE,STK,506074,INE968D01022,ARSHIYA,Z,,,,,ARSHIYA LIMITED,3.07,3.22,3.05,3.13,3.16,3.07,,3.11,,,66145,208859.0,53,F1,1,,,,,,2025-04-23
2025-04-23,2025-04-23,CM,BSE,STK,506076,INE536A01023,GRINDWELL,A,,,,,GRINDWELL NORTON LTD.,1741.05,1741.05,1692.7,1716.2,1719.0,1745.05,,1716.2,,,1496,2567782.0,302,F1,1,,,,,,2025-04-23
2025-04-23,2025-04-23,CM,BSE,STK,506079,INE651C01018,LAKPRE,Z,,,,,LAKSHMI PRECISION SCREWS LTD.,4.6,4.6,4.6,4.6,4.6,4.4,,4.37,,,11,50.0,1,F1,1,,,,,,2025-04-23
2025-04-23,2025-04-23,CM,BSE,STK,506105,INE441L01015,STANROS,X,,,,,STANROSE MAFATLAL INVESTMENTS,71.2,71.51,71.2,71.25,71.25,71.18,,71.25,,,346,24686.0,4,F1,1,,,,,,2025-04-23
2025-04-23,2025-04-23,CM,BSE,STK,506109,INE727B01026,GENESYS,B,,,,,GENESYS INTERNATIONAL CORPORAT,702.8,723.2,698.5,701.4,702.5,701.9,,702.8,,,12289,8706142.0,750,F1,1,,,,,,2025-04-23
2025-04-23,2025-04-23,CM,BSE,STK,506128,INE383L01019,PARNAXLAB,XT,,,,,PARNAX LAB LTD.,101.7,102.2,101.7,102.2,102.2,103.75,,102.2,,,696,70883.0,14,F1,1,,,,,,2025-04-23
2025-04-23,2025-04-23,CM,BSE,STK,506134,INE512D01028,GOURMET,XT,,,,,GOURMET GATEWAY INDIA LIMITED,17.58,18.19,16.78,17.75,17.0,17.33,,17.75,,,31722,559455.0,95,F1,1,,,,,,2025-04-23
2025-04-23,2025-04-23,CM,BSE,STK,506146,INE370E01029,VIVIDHA,B,,,,,VISAGAR POLYTEX LTD.,0.89,0.91,0.89,0.9,0.9,0.89,,0.89,,,89231,79616.0,80,F1,1,,,,,,2025-04-23
2025-04-23,2025-04-23,CM,BSE,STK,506180,INE668L01013,EMERGENT,XT,,,,,EMERGENT INDUSTRIAL SOLUTIONS,363.6,363.6,363.6,363.6,363.6,356.5,,363.6,,,60,21816.0,3,F1,1,,,,,,2025-04-23
2025-04-23,2025-04-23,CM,BSE,STK,506184,INE879E01037,KANANIIND,T,,,,,KANANI INDUSTRIES LTD.,2.29,2.4,2.29,2.38,2.38,2.29,,2.38,,,143650,336475.0,165,F1,1,,,,,,2025-04-23
2025-04-23,2025-04-23,CM,BSE,STK,506186,INE403B01016,GCKL,XT,,,,,GALAXY CLOUD KITCHENS LIMITED,35.51,35.51,35.51,35.51,35.51,37.37,,35.51,,,201,7137.0,2,F1,1,,,,,,2025-04-23
2025-04-23,2025-04-23,CM,BSE,STK,506194,INE643K01018,ARIHANTSUP,B,,,,,ARIHANT SUPERSTRUCTURES LIMITE,393.15,398.05,387.65,391.15,396.25,387.75,,390.4,,,890,350682.0,114,F1,1,,,,,,2025-04-23
2025-04-23,2025-04-23,CM,BSE,STK,506197,INE416D01022,BLISSGVS,B,,,,,BLISS GVS PHARMA LTD.,125.95,126.25,123.0,124.75,125.3,125.1,,124.69,,,17710,2199244.0,292,F1,1,,,,,,2025-04-23
2025-04-23,2025-04-23,CM,BSE,STK,506222,INE189B01011,STYRENIX,B,,,,,Styrenix Performance Materials,2880.4,2903.1,2803.3,2887.45,2903.1,2879.7,,2879.4,,,886,2530300.0,181,F1,1,,,,,,2025-04-23
2025-04-23,2025-04-23,CM,BSE,STK,506235,INE426A01027,ALEMBICLTD,B,,,,,ALEMBIC LTD.,107.25,108.0,104.42,107.16,107.16,106.52,,107.07,,,51795,5515556.0,626,F1,1,,,,,,2025-04-23
2025-04-23,2025-04-23,CM,BSE,STK,506248,INE275D01022,AMNPLST,B,,,,,AMINES & PLASTICIZERS LTD.,234.5,241.95,229.9,233.95,233.95,234.5,,229.85,,,2336,547824.0,217,F1,1,,,,,,2025-04-23
2025-04-23,2025-04-23,CM,BSE,STK,506260,INE489G01022,ANUHPHR,B,,,,,ANUH PHARMA LTD.,174.85,175.5,170.65,171.6,171.75,173.7,,171.45,,,3607,621347.0,218,F1,1,,,,,,2025-04-23
2025-04-23,2025-04-23,CM,BSE,STK,506261,INE737D01021,MODISONLTD,B,,,,,MODISON LIMITED,140.3,140.3,135.2,136.35,135.5,140.3,,136.03,,,6112,840758.0,859,F1,1,,,,,,2025-04-23
2025-04-23,2025-04-23,CM,BSE,STK,506285,INE462A01022,BAYERCROP,A,,,,,BAYER CROPSCIENCE LTD.,4924.0,4992.45,4852.55,4956.6,4956.9,4895.1,,4950.9,,,1121,5523539.0,400,F1,1,,,,,,2025-04-23
2025-04-23,2025-04-23,CM,BSE,STK,506365,INE320M01019,CHEMOPH,XT,,,,,CHEMO PHARMA LABORATORIES LTD.,128.8,134.0,128.8,134.0,134.0,131.4,,134.0,,,998,132130.0,22,F1,1,,,,,,2025-04-23
2025-04-23,2025-04-23,CM,BSE,STK,506390,INE492A01029,HEUBACHIND,B,,,,,Heubach Colorants India Limite,610.8,610.8,586.75,589.45,588.0,587.8,,589.15,,,1156,682030.0,122,F1,1,,,,,,2025-04-23
2025-04-23,2025-04-23,CM,BSE,STK,506395,INE169A01031,COROMANDEL,A,,,,,COROMANDEL INTERNATIONAL LTD.,2163.0,2233.0,2159.9,2207.55,2207.55,2172.25,,2205.6,,,20965,46242216.0,1985,F1,1,,,,,,2025-04-23
2025-04-23,2025-04-23,CM,BSE,STK,506401,INE288B01029,DEEPAKNTR,A,,,,,DEEPAK NITRITE LTD.,2027.1,2033.1,1992.2,2012.85,2015.0,2026.3,,2013.7,,,5797,11666902.0,932,F1,1,,,,,,2025-04-23
2025-04-23,2025-04-23,CM,BSE,STK,506405,INE505A01010,DMCC,B,,,,,DMCC SPECIALITY CHEMICALS LIMI,294.85,333.0,288.0,329.4,326.0,298.5,,330.15,,,7706,2451844.0,683,F1,1,,,,,,2025-04-23
2025-04-23,2025-04-23,CM,BSE,STK,506414,INE225B01021,FERMENTA,X,,,,,FERMENTA BIOTECH LIMITED,296.0,298.4,288.1,290.5,291.1,291.25,,290.5,,,11122,3250552.0,161,F1,1,,,,,,2025-04-23
2025-04-23,2025-04-23,CM,BSE,STK,506480,INE077F01035,GOCLCORP,B,,,,,GOCL Corporation Limited,298.2,299.75,286.8,293.6,291.3,294.8,,293.9,,,11085,3244864.0,660,F1,1,,,,,,2025-04-23
2025-04-23,2025-04-23,CM,BSE,STK,506520,INE693E01016,JAYCH,X,,,,,JAYSHREE CHEMICALS LTD.,9.49,9.5,8.25,9.08,9.23,8.92,,9.08,,,50453,458153.0,195,F1,1,,,,,,2025-04-23
2025-04-23,2025-04-23,CM,BSE,STK,506525,INE138C01024,KANORICHEM,B,,,,,KANORIA CHEMICALS & INDUSTRIES,96.04,96.4,93.24,94.35,94.45,94.97,,93.47,,,123,11688.0,22,F1,1,,,,,,2025-04-23
2025-04-23,2025-04-23,CM,BSE,STK,506528,INE881E01017,KELENRG,X,,,,,KELTECH ENERGIES LTD.,3375.0,3408.05,3280.0,3320.7,3320.7,3374.6,,3320.7,,,871,2922014.0,96,F1,1,,,,,,2025-04-23
2025-04-23,2025-04-23,CM,BSE,STK,506530,INE060E01018,KEMP,X,,,,,KEMP & COMPANY LTD.,1449.95,1449.95,1449.95,1449.95,1449.95,1449.95,,1449.95,,,2,2899.0,2,F1,1,,,,,,2025-04-23
2025-04-23,2025-04-23,CM,BSE,STK,506532,INE265B01019,NITTAGELA,X,,,,,NITTA GELATIN INDIA LTD.,757.0,792.1,757.0,786.65,786.65,774.05,,786.65,,,4601,3589350.0,286,F1,1,,,,,,2025-04-23
2025-04-23,2025-04-23,CM,BSE,STK,506543,INE468C01017,MPAGI,X,,,,,M.P.AGRO INDUSTRIES LTD.,10.1,10.1,10.1,10.1,10.1,10.16,,10.1,,,4541,45864.0,9,F1,1,,,,,,2025-04-23
2025-04-23,2025-04-23,CM,BSE,STK,506579,INE321D01016,OCCL,B,,,,,ORIENTAL CARBON & CHEMICALS LT,183.95,183.95,178.95,180.0,183.65,183.2,,180.34,,,301,54519.0,62,F1,1,,,,,,2025-04-23
2025-04-23,2025-04-23,CM,BSE,STK,506590,INE602A01031,PCBL,A,,,,,PCBL Chemical Limited,426.95,427.65,408.85,409.75,409.75,421.95,,409.95,,,115470,47789733.0,3004,F1,1,,,,,,2025-04-23
2025-04-23,2025-04-23,CM,BSE,STK,506597,INE841D01013,AMAL,XT,,,,,AMAL LTD.,619.2,619.2,619.2,619.2,619.2,631.8,,619.2,,,5773,3574641.0,75,F1,1,,,,,,2025-04-23
2025-04-23,2025-04-23,CM,BSE,STK,506605,INE752B01024,POLYCHEM,X,,,,,POLYCHEM LTD.,2101.3,2114.0,2016.1,2114.0,2114.0,2130.1,,2114.0,,,107,220488.0,29,F1,1,,,,,,2025-04-23
2025-04-23,2025-04-23,CM,BSE,STK,506618,INE277B01014,PUNJABCHEM,B,,,,,PUNJAB CHEMICALS AND CROP PROT,1061.7,1070.0,1048.65,1064.0,1058.0,1052.9,,1061.25,,,738,783299.0,204,F1,1,,,,,,2025-04-23
2025-04-23,2025-04-23,CM,BSE,STK,506640,INE218N01021,GUJCMDS,XT,,,,,GUJCHEM DISTILLERS INDIA LTD.,276.1,276.1,276.1,276.1,276.1,276.0,,276.1,,,180,49698.0,2,F1,1,,,,,,2025-04-23
2025-04-23,2025-04-23,CM,BSE,STK,506642,INE888C01040,SADHNANIQ,T,,,,,SADHANA NITROCHEM LTD.,23.95,23.95,23.03,23.03,23.03,23.49,,23.03,,,122221,2840378.0,168,F1,1,,,,,,2025-04-23
2025-04-23,2025-04-23,CM,BSE,STK,506655,INE659A01023,SUDARSCHEM,A,,,,,SUDARSHAN CHEMICAL INDUSTRIES,1077.0,1079.0,1034.0,1046.15,1044.0,1080.35,,1047.3,,,8359,8789776.0,936,F1,1,,,,,,2025-04-23
2025-04-23,2025-04-23,CM,BSE,STK,506685,INE405A01021,ULTRAMAR,B,,,,,ULTRAMARINE & PIGMENTS LTD.,457.5,457.5,444.6,450.2,449.05,452.05,,450.2,,,18365,8259248.0,688,F1,1,,,,,,2025-04-23
2025-04-23,2025-04-23,CM,BSE,STK,506687,INE687A01016,TRANSPEK,X,,,,,TRANSPEK INDUSTRY LTD.,1303.0,1326.35,1290.0,1300.0,1300.0,1300.1,,1300.0,,,562,732958.0,47,F1,1,,,,,,2025-04-23
2025-04-23,2025-04-23,CM,BSE,STK,506690,INE351A01035,UNICHEMLAB,B,,,,,UNICHEM LABORATORIES LTD.,643.0,655.0,636.0,650.6,650.6,636.0,,646.75,,,8734,5662149.0,755,F1,1,,,,,,2025-04-23
2025-04-23,2025-04-23,CM,BSE,STK,506734,INE741A01011,MYSORPETRO,X,,,,,MYSORE PETRO CHEMICALS LTD.,125.95,125.95,123.25,124.3,124.3,124.2,,124.3,,,561,69963.0,30,F1,1,,,,,,2025-04-23
2025-04-23,2025-04-23,CM,BSE,STK,506767,INE150B01039,ALKYLAMINE,A,,,,,ALKYL AMINES CHEMICALS LTD.,1886.85,1886.85,1831.4,1856.35,1858.0,1873.2,,1857.2,,,4755,8829158.0,951,F1,1,,,,,,2025-04-23
2025-04-23,2025-04-23,CM,BSE,STK,506808,INE400A01014,TUTIALKA,B,,,,,TUTICORIN ALKALI CHEMICALS AND,82.5,82.5,78.1,80.37,80.99,81.72,,80.37,,,13490,1082357.0,267,F1,1,,,,,,2025-04-23
2025-04-23,2025-04-23,CM,BSE,STK,506820,INE203A01020,ASTRAZEN,A,,,,,ASTRAZENECA PHARMA INDIA LTD.,8945.75,9135.55,8940.0,9068.0,9027.5,8942.35,,9042.5,,,705,6365042.0,202,F1,1,,,,,,2025-04-23
2025-04-23,2025-04-23,CM,BSE,STK,506852,INE607A01022,PRIMO,B,,,,,Primo Chemicals Limited,28.48,28.81,27.55,27.87,27.87,27.99,,27.73,,,214198,5995859.0,2207,F1,1,,,,,,2025-04-23
2025-04-23,2025-04-23,CM,BSE,STK,506854,INE639B01015,TANFACIND,B,,,,,TANFAC INDUSTRIES LTD.,3270.0,3375.0,3151.1,3309.15,3309.15,3224.05,,3309.15,,,33286,108701504.0,2531,F1,1,,,,,,2025-04-23
2025-04-23,2025-04-23,CM,BSE,STK,506858,INE636P01011,GUJPETR,X,,,,,GUJARAT PETROSYNTHESE LTD.,61.02,63.86,60.15,63.44,60.15,61.0,,63.44,,,362,22289.0,12,F1,1,,,,,,2025-04-23
2025-04-23,2025-04-23,CM,BSE,STK,506863,INE716M01034,SWADEIN,XT,,,,,SWADESHI INDUSTRIES LEASING CO,9.38,9.38,9.38,9.38,9.38,9.2,,9.38,,,4834,45342.0,14,F1,1,,,,,,2025-04-23
2025-04-23,2025-04-23,CM,BSE,STK,506879,INE942C01045,GUJTHEM,B,,,,,GUJARAT THEMIS BIOSYN LTD.,308.0,311.5,300.5,306.35,307.5,304.8,,306.1,,,14823,4519382.0,834,F1,1,,,,,,2025-04-23
2025-04-23,2025-04-23,CM,BSE,STK,506906,INE467X01015,SCBL,X,,,,,Saptak Chem And Business Limit,3.74,3.74,3.27,3.43,3.43,3.78,,3.43,,,1758,5840.0,13,F1,1,,,,,,2025-04-23
2025-04-23,2025-04-23,CM,BSE,STK,506919,INE987A01010,MAKERSL,X,,,,,MAKERS LABORATORIES LTD.,146.3,150.0,146.3,148.35,148.0,151.35,,148.35,,,854,126212.0,18,F1,1,,,,,,2025-04-23
2025-04-23,2025-04-23,CM,BSE,STK,506943,INE572A01036,JBCHEPHARM,A,,,,,J.B.CHEMICALS & PHARMACEUTICAL,1660.0,1660.0,1580.0,1585.85,1588.2,1655.35,,1585.5,,,6400,10244820.0,738,F1,1,,,,,,2025-04-23
2025-04-23,2025-04-23,CM,BSE,STK,506947,INE334N01018,ADVPETR-B,X,,,,,ADVANCE PETROCHEMICALS LTD.,190.5,190.5,183.85,183.85,183.85,193.5,,183.85,,,39,7256.0,5,F1,1,,,,,,2025-04-23
2025-04-23,2025-04-23,CM,BSE,STK,506979,INE046E01025,APTPACK,X,,,,,APT PACKAGING LTD.,50.02,54.7,50.0,54.7,54.7,52.14,,54.7,,,542,28526.0,9,F1,1,,,,,,2025-04-23
2025-04-23,2025-04-23,CM,BSE,STK,506981,INE472D01017,BLUECHIPT,X,,,,,BLUE CHIP TEX INDUSTRIES LTD.,159.0,159.0,150.0,152.0,152.0,153.0,,152.0,,,138,21078.0,12,F1,1,,,,,,2025-04-23
2025-04-23,2025-04-23,CM,BSE,STK,507155,INE574A01016,JAGAJITIND,B,,,,,JAGATJIT INDUSTRIES LTD.,207.0,207.0,185.1,193.1,192.5,193.75,,193.1,,,17443,3367014.0,329,F1,1,,,,,,2025-04-23
2025-04-23,2025-04-23,CM,BSE,STK,507180,INE133B01019,KESARENT,XT,,,,,KESAR ENTERPRISES LTD.,72.64,75.3,72.64,75.11,75.3,73.0,,75.11,,,1443,107242.0,19,F1,1,,,,,,2025-04-23
2025-04-23,2025-04-23,CM,BSE,STK,507205,INE133E01013,TI,A,,,,,TILAKNAGAR INDUSTRIES LTD.,298.95,306.6,291.8,301.45,299.7,297.3,,301.47,,,114690,34333310.0,2770,F1,1,,,,,,2025-04-23
2025-04-23,2025-04-23,CM,BSE,STK,507265,INE044N01021,EMERALL,XT,,,,,Emerald Leisures Limited,173.5,173.5,173.5,173.5,173.5,170.5,,173.5,,,115,19952.0,5,F1,1,,,,,,2025-04-23
2025-04-23,2025-04-23,CM,BSE,STK,507300,INE615A01025,RAVALSUGAR,X,,,,,The Ravalgaon Sugar Farm Limit,1102.3,1108.0,1086.3,1100.2,1101.2,1100.0,,1100.2,,,118,129782.0,30,F1,1,,,,,,2025-04-23
2025-04-23,2025-04-23,CM,BSE,STK,507315,INE623A01011,SAKHTISUG,B,,,,,SAKTHI SUGARS LTD.,25.5,25.5,23.7,24.37,24.5,24.1,,24.4,,,13776,334602.0,205,F1,1,,,,,,2025-04-23
2025-04-23,2025-04-23,CM,BSE,STK,507410,INE711A01022,WALCHANNAG,B,,,,,WALCHANDNAGAR INDUSTRIES LTD.,199.85,199.85,192.8,194.8,194.8,197.35,,194.58,,,23167,4515520.0,601,F1,1,,,,,,2025-04-23
2025-04-23,2025-04-23,CM,BSE,STK,507438,INE076C01018,IFBAGRO,B,,,,,IFB AGRO INDUSTRIES LTD.,509.85,509.85,482.0,491.15,493.2,491.4,,492.4,,,133,65261.0,36,F1,1,,,,,,2025-04-23
2025-04-23,2025-04-23,CM,BSE,STK,507474,INE991B01010,KFBL,X,,,,,KOTHARI FERMENTATION & BIOCHEM,77.23,79.45,75.2,75.55,75.55,72.57,,75.55,,,93615,7181516.0,473,F1,1,,,,,,2025-04-23
2025-04-23,2025-04-23,CM,BSE,STK,507486,INE470N01010,CAPRO,X,,,,,CAPROLACTAM CHEMICALS LTD.,47.88,47.88,47.88,47.88,47.88,47.89,,47.88,,,300,14364.0,1,F1,1,,,,,,2025-04-23
2025-04-23,2025-04-23,CM,BSE,STK,507488,INE075D01018,GMBREW,B,,,,,G.M.BREWERIES LTD.,694.0,724.9,694.0,717.2,717.2,699.9,,717.35,,,11827,8436253.0,793,F1,1,,,,,,2025-04-23
2025-04-23,2025-04-23,CM,BSE,STK,507490,INE625B01014,RANASUG,B,,,,,RANA SUGARS LTD.,14.5,14.8,14.31,14.42,14.42,14.66,,14.4,,,48581,701973.0,457,F1,1,,,,,,2025-04-23
2025-04-23,2025-04-23,CM,BSE,STK,507498,INE544C01023,PICCASUG,X,,,,,PICCADILY SUGAR & ALLIED INDUS,57.0,57.99,55.0,57.24,56.3,57.28,,57.24,,,3669,206743.0,98,F1,1,,,,,,2025-04-23
2025-04-23,2025-04-23,CM,BSE,STK,507514,INE480C01038,SDBL,B,,,,,SOM DISTILLERIES & BREWERIES L,144.0,144.2,137.8,139.45,140.0,142.45,,139.54,,,351145,49198332.0,4373,F1,1,,,,,,2025-04-23
2025-04-23,2025-04-23,CM,BSE,STK,507515,INE557D01015,CJGEL,XT,,,,,C.J.GELATINE PRODUCTS LTD.,17.31,17.31,16.88,16.88,16.88,17.31,,16.88,,,35,592.0,4,F1,1,,,,,,2025-04-23
2025-04-23,2025-04-23,CM,BSE,STK,507526,INE073G01016,ASALCBR,B,,,,,ASSOCIATED ALCOHOLS & BREWERIE,1314.0,1314.0,1268.4,1288.65,1287.0,1298.3,,1288.4,,,7815,10076644.0,676,F1,1,,,,,,2025-04-23
2025-04-23,2025-04-23,CM,BSE,STK,507552,INE976E01023,FOODSIN,B,,,,,FOODS & INNS LTD.,89.9,90.02,87.23,88.59,88.47,88.6,,88.65,,,109846,9746284.0,282,F1,1,,,,,,2025-04-23
2025-04-23,2025-04-23,CM,BSE,STK,507580,INE043C01018,IVP,B,,,,,IVP LTD.,171.2,173.05,165.55,171.55,172.0,168.25,,171.97,,,3849,656828.0,127,F1,1,,,,,,2025-04-23
2025-04-23,2025-04-23,CM,BSE,STK,507598,INE014E01015,KLRFM,X,,,,,KOVILPATTI LAKSHMI ROLLER FLOU,102.02,105.0,102.02,104.0,104.0,102.02,,104.0,,,955,99535.0,25,F1,1,,,,,,2025-04-23
2025-04-23,2025-04-23,CM,BSE,STK,507609,INE286E01019,OLYOI,X,,,,,OLYMPIC OIL INDUSTRIES LTD.,46.87,46.87,45.24,45.24,45.24,45.51,,45.24,,,98,4442.0,11,F1,1,,,,,,2025-04-23
2025-04-23,2025-04-23,CM,BSE,STK,507621,INE588G01021,MLKFOOD,X,,,,,MILKFOOD LTD.,89.34,89.34,86.1,87.31,87.5,87.59,,87.31,,,4942,431483.0,123,F1,1,,,,,,2025-04-23
2025-04-23,2025-04-23,CM,BSE,STK,507645,INE339F01021,POLSON,X,,,,,POLSON LTD.,12301.0,12798.0,12301.0,12586.0,12761.95,12380.9,,12586.0,,,25,315741.0,15,F1,1,,,,,,2025-04-23
2025-04-23,2025-04-23,CM,BSE,STK,507685,INE075A01022,WIPRO,A,,,,,WIPRO LTD.,236.4,245.2,236.4,243.6,243.6,234.2,,243.6,,,2712682,654721384.0,28665,F1,1,,,,,,2025-04-23
2025-04-23,2025-04-23,CM,BSE,STK,507690,INE247F01018,ORIBEVER,X,,,,,ORIENT BEVERAGES LTD.,256.0,263.3,255.2,257.7,260.45,257.7,,257.7,,,798,205504.0,39,F1,1,,,,,,2025-04-23
2025-04-23,2025-04-23,CM,BSE,STK,507717,INE435G01025,DHANUKA,B,,,,,DHANUKA AGRITECH LTD.,1390.95,1406.1,1372.55,1386.6,1380.0,1375.65,,1388.7,,,3770,5240394.0,399,F1,1,,,,,,2025-04-23
2025-04-23,2025-04-23,CM,BSE,STK,507747,INE910C01018,TTKHLTCARE,B,,,,,TTK HEALTHCARE LTD.,1268.0,1290.0,1238.0,1238.0,1238.0,1256.6,,1239.9,,,258,325396.0,106,F1,1,,,,,,2025-04-23
2025-04-23,2025-04-23,CM,BSE,STK,507753,INE284B01028,TGVSL,B,,,,,TGV SRAAC Limited,102.5,103.65,100.0,100.28,100.28,101.8,,100.28,,,156506,15842682.0,816,F1,1,,,,,,2025-04-23
2025-04-23,2025-04-23,CM,BSE,STK,507759,INE891G01011,LIMECHM,X,,,,,LIME CHEMICALS LTD.,16.0,16.97,15.53,16.56,16.5,15.79,,16.56,,,7000,114766.0,48,F1,1,,,,,,2025-04-23
2025-04-23,2025-04-23,CM,BSE,STK,507779,INE694E01014,KANPRPLA,B,,,,,KANPUR PLASTIPACK LTD.,115.1,125.0,115.1,120.55,121.0,116.05,,120.17,,,3885,477703.0,213,F1,1,,,,,,2025-04-23
2025-04-23,2025-04-23,CM,BSE,STK,507785,INE123C01018,TAINWALCHM,B,,,,,TAINWALA CHEMICALS & PLASTICS,228.0,228.0,228.0,228.0,228.0,228.0,,226.72,,,5,1140.0,5,F1,1,,,,,,2025-04-23
2025-04-23,2025-04-23,CM,BSE,STK,507789,INE048B01035,JAGSNPHARM,B,,,,,JAGSONPAL PHARMACEUTICALS LTD.,228.2,231.45,222.9,224.1,224.2,225.25,,224.07,,,5887,1340272.0,536,F1,1,,,,,,2025-04-23
2025-04-23,2025-04-23,CM,BSE,STK,507794,INE745B01028,KHAICHEM,B,,,,,KHAITAN CHEMICALS & FERTILIZER,55.9,57.3,54.82,56.66,56.17,55.53,,56.65,,,13572,765455.0,514,F1,1,,,,,,2025-04-23
2025-04-23,2025-04-23,CM,BSE,STK,507808,INE357P01014,UNTTEMI,P,,,,,UNITED LEASING & INDUSTRIES LT,54.02,54.02,54.0,54.01,54.02,51.45,,54.01,,,250,13503.0,4,F1,50,,,,,,2025-04-23
2025-04-23,2025-04-23,CM,BSE,STK,507813,INE296D01010,NOL,X,,,,,NATIONAL OXYGEN LTD.,108.0,114.0,104.65,107.55,107.5,104.55,,107.55,,,1825,193715.0,55,F1,1,,,,,,2025-04-23
2025-04-23,2025-04-23,CM,BSE,STK,507815,INE322A01010,GILLETTE,A,,,,,GILLETTE INDIA LTD.,8078.05,8351.05,8069.05,8325.35,8271.35,8077.1,,8329.5,,,11384,92677292.0,1027,F1,1,,,,,,2025-04-23
2025-04-23,2025-04-23,CM,BSE,STK,507828,INE880B01015,ANSALHSG,X,,,,,ANSAL HOUSING LIMITED,11.9,12.15,11.56,11.76,11.7,11.8,,11.76,,,46522,545932.0,136,F1,1,,,,,,2025-04-23
2025-04-23,2025-04-23,CM,BSE,STK,507833,INE607B01012,COMPUPN,X,,,,,COMPUTER POINT LTD.,5.1,5.32,5.05,5.14,5.16,5.16,,5.14,,,9006,46676.0,101,F1,1,,,,,,2025-04-23
2025-04-23,2025-04-23,CM,BSE,STK,507836,INE435D01014,MCCHRLS-B,X,,,,,MAC CHARLES (INDIA) LTD.,560.0,562.5,550.0,558.0,558.0,557.85,,558.0,,,255,141490.0,26,F1,1,,,,,,2025-04-23
2025-04-23,2025-04-23,CM,BSE,STK,507852,INE757C01021,ADDIND,X,,,,,ADDI INDUSTRIES LTD.,57.0,57.0,52.05,52.06,52.06,52.22,,52.06,,,3212,167347.0,32,F1,1,,,,,,2025-04-23
2025-04-23,2025-04-23,CM,BSE,STK,507864,INE746D01014,PIONRINV,X,,,,,PIONEER INVESTCORP LTD.,65.57,67.49,65.01,67.48,67.49,65.25,,67.48,,,3574,241129.0,11,F1,1,,,,,,2025-04-23
2025-04-23,2025-04-23,CM,BSE,STK,507872,INE372I01018,ASHNOOR,X,,,,,ASHNOOR TEXTILE MILLS LTD.,54.57,54.57,53.65,53.75,53.65,54.57,,53.75,,,497,26882.0,17,F1,1,,,,,,2025-04-23
2025-04-23,2025-04-23,CM,BSE,STK,507878,INE694A01020,UNITECH,Z,,,,,UNITECH LTD.,6.6,6.64,6.38,6.5,6.5,6.57,,6.49,,,672154,4380708.0,893,F1,1,,,,,,2025-04-23
2025-04-23,2025-04-23,CM,BSE,STK,507880,INE054A01027,VIPIND,A,,,,,V.I.P.INDUSTRIES LTD.,292.75,298.85,285.0,293.65,293.65,290.85,,294.55,,,49134,14290295.0,1494,F1,1,,,,,,2025-04-23
2025-04-23,2025-04-23,CM,BSE,STK,507910,INE296C01020,FIBERWEB,B,,,,,FIBERWEB (INDIA) LTD.,42.01,43.65,42.01,43.14,43.16,42.73,,42.83,,,2144,91993.0,50,F1,1,,,,,,2025-04-23
2025-04-23,2025-04-23,CM,BSE,STK,507912,INE724A01017,LKPFIN,XT,,,,,LKP FINANCE LIMITED,372.0,388.5,360.0,386.75,382.15,370.0,,386.75,,,10121,3822975.0,125,F1,1,,,,,,2025-04-23
2025-04-23,2025-04-23,CM,BSE,STK,507917,INE706N01017,EASTBUILD,XT,,,,,EAST BUILDTECH LTD.,99.3,99.3,99.3,99.3,99.3,94.6,,99.3,,,74,7348.0,5,F1,1,,,,,,2025-04-23
2025-04-23,2025-04-23,CM,BSE,STK,507938,INE798E01013,MNPLFIN,P,,,,,MANIPAL FINANCE CORPORATION LT,20.7,20.7,20.7,20.7,20.7,20.7,,20.7,,,200,4140.0,1,F1,100,,,,,,2025-04-23
2025-04-23,2025-04-23,CM,BSE,STK,507944,INE704G01024,BAJAJST,B,,,,,BAJAJ STEEL INDUSTRIES LTD.,818.0,828.0,773.0,816.0,816.0,811.4,,816.0,,,27276,21822504.0,1361,F1,1,,,,,,2025-04-23
2025-04-23,2025-04-23,CM,BSE,STK,507946,INE845A01028,KIDUJA,XT,,,,,KIDUJA INDIA LTD.,23.67,23.68,22.82,23.55,23.55,22.71,,23.55,,,3484,81157.0,30,F1,1,,,,,,2025-04-23
2025-04-23,2025-04-23,CM,BSE,STK,507948,INE130F01016,KEYCORP,X,,,,,KEY CORP LTD.,233.95,240.0,225.55,236.15,237.9,231.4,,236.15,,,3261,769557.0,104,F1,1,,,,,,2025-04-23
2025-04-23,2025-04-23,CM,BSE,STK,507960,INE621C01011,GUJHOTE,X,,,,,GUJARAT HOTELS LTD.,291.4,297.3,281.15,293.3,296.95,275.2,,293.3,,,6514,1898758.0,210,F1,1,,,,,,2025-04-23
2025-04-23,2025-04-23,CM,BSE,STK,507966,INE651D01016,RASRESOR,X,,,,,RAS RESORTS & APART HOTELS LTD,53.94,53.94,53.94,53.94,53.94,48.02,,53.94,,,1,53.0,1,F1,1,,,,,,2025-04-23
2025-04-23,2025-04-23,CM,BSE,STK,507970,INE143I01013,PARMCOS-B,X,,,,,PARAMOUNT COSMETICS (INDIA) LT,40.11,43.89,40.11,41.13,40.41,41.47,,41.13,,,948,39719.0,20,F1,1,,,,,,2025-04-23
2025-04-23,2025-04-23,CM,BSE,STK,507981,INE726D01016,JINDHOT,X,,,,,JINDAL HOTELS LTD.,91.3,105.96,90.0,102.37,102.37,88.3,,102.37,,,39849,4096073.0,435,F1,1,,,,,,2025-04-23
2025-04-23,2025-04-23,CM,BSE,STK,507984,INE358F01013,SERIND,XT,,,,,SER INDUSTRIES LTD.,31.59,31.59,31.59,31.59,31.59,30.09,,31.59,,,794,25082.0,3,F1,1,,,,,,2025-04-23
2025-04-23,2025-04-23,CM,BSE,STK,507998,INE657D01021,SIMMOND,X,,,,,SIMMONDS MARSHALL LTD.,112.2,115.0,110.6,114.3,113.05,111.65,,114.3,,,3579,406249.0,63,F1,1,,,,,,2025-04-23
2025-04-23,2025-04-23,CM,BSE,STK,508136,INE489D01011,BNALTD,X,,,,,B & A LTD.,591.0,600.0,584.0,592.5,585.0,600.05,,592.5,,,502,294277.0,10,F1,1,,,,,,2025-04-23
2025-04-23,2025-04-23,CM,BSE,STK,508486,INE979B01015,HAWKINCOOK,B,,,,,HAWKINS COOKERS LTD.,7855.05,8155.0,7815.3,8107.6,8155.0,7977.8,,8107.6,,,700,5614037.0,343,F1,1,,,,,,2025-04-23
2025-04-23,2025-04-23,CM,BSE,STK,508494,INE712A01012,WARRENTEA,X,,,,,WARREN TEA LTD.,45.9,47.8,45.0,46.6,46.6,45.01,,46.6,,,5045,234861.0,85,F1,1,,,,,,2025-04-23
2025-04-23,2025-04-23,CM,BSE,STK,508571,INE788M01017,COCHMAL,X,,,,,COCHIN MALABAR ESTATES & INDUS,174.5,174.5,174.35,174.4,174.5,174.5,,174.4,,,220,38368.0,16,F1,1,,,,,,2025-04-23
2025-04-23,2025-04-23,CM,BSE,STK,508664,INE553F01035,BESTEAST,X,,,,,BEST EASTERN HOTELS LTD.,14.31,14.93,14.15,14.81,14.9,14.06,,14.81,,,4199,61398.0,32,F1,1,,,,,,2025-04-23
2025-04-23,2025-04-23,CM,BSE,STK,508670,INE605D01012,NEAGI,X,,,,,NEELAMALAI AGRO INDUSTRIES LTD,3600.0,3698.5,3600.0,3628.9,3615.05,3482.2,,3628.9,,,16,58332.0,9,F1,1,,,,,,2025-04-23
2025-04-23,2025-04-23,CM,BSE,STK,508807,INE684B01029,ISTLTD,B,,,,,IST LTD.,827.0,843.9,810.0,825.75,821.0,822.55,,825.75,,,1122,924438.0,161,F1,1,,,,,,2025-04-23
2025-04-23,2025-04-23,CM,BSE,STK,508814,INE757A01017,COSMOFIRST,B,,,,,Cosmo First Limited,601.1,614.95,594.9,603.75,605.15,601.05,,603.0,,,1809,1094584.0,220,F1,1,,,,,,2025-04-23
2025-04-23,2025-04-23,CM,BSE,STK,508869,INE437A01024,APOLLOHOSP,A,,,,,APOLLO HOSPITALS ENTERPRISE LT,7086.55,7168.65,7080.0,7138.7,7141.8,7086.55,,7142.0,,,1819,12976387.0,406,F1,1,,,,,,2025-04-23
2025-04-23,2025-04-23,CM,BSE,STK,508875,INE861H01020,NITINCAST,X,,,,,Nitin Castings Limited,638.0,665.0,620.0,635.3,637.95,636.9,,635.3,,,298,190274.0,39,F1,1,,,,,,2025-04-23
2025-04-23,2025-04-23,CM,BSE,STK,508905,INE641A01013,SMIFS,X,,,,,SMIFS CAPITAL MARKETS LTD.,91.85,91.85,86.5,87.32,89.99,91.4,,87.32,,,1873,163572.0,70,F1,1,,,,,,2025-04-23
2025-04-23,2025-04-23,CM,BSE,STK,508906,INE295A01018,EVERESTIND,T,,,,,EVEREST INDUSTRIES LTD.,508.15,540.0,508.15,534.95,525.25,527.3,,536.45,,,2816,1481063.0,87,F1,1,,,,,,2025-04-23
2025-04-23,2025-04-23,CM,BSE,STK,508922,INE331L01026,MSRINDIA,XT,,,,,MSR INDIA LTD.,3.41,3.47,3.4,3.47,3.47,3.41,,3.47,,,15700,53508.0,58,F1,1,,,,,,2025-04-23
2025-04-23,2025-04-23,CM,BSE,STK,508933,INE193B01039,AYMSYNTEX,B,,,,,AYM Syntex Limited,230.0,231.0,218.0,219.1,218.0,225.05,,218.61,,,1491,328883.0,182,F1,1,,,,,,2025-04-23
2025-04-23,2025-04-23,CM,BSE,STK,508941,INE013E01017,PANCARBON,X,,,,,PANASONIC CARBON INDIA CO.LTD.,496.95,502.25,490.3,493.95,492.1,495.25,,493.95,,,1368,678837.0,62,F1,1,,,,,,2025-04-23
2025-04-23,2025-04-23,CM,BSE,STK,508954,INE734I01027,FINKURVE,T,,,,,FINKURVE FINANCIAL SERVICES LT,136.0,144.15,130.5,140.6,140.6,137.3,,140.6,,,50571,6924236.0,220,F1,1,,,,,,2025-04-23
2025-04-23,2025-04-23,CM,BSE,STK,508956,INE549B01016,HBLEAS,X,,,,,HB LEASING & FINANCE CO.LTD.,14.05,15.48,14.05,14.78,15.0,14.34,,14.78,,,10309,150926.0,91,F1,1,,,,,,2025-04-23
2025-04-23,2025-04-23,CM,BSE,STK,508963,INE668Y01016,TRUSTWAVE,XT,,,,,TRUSTWAVE SECURITIES LIMITED,16.15,16.48,16.15,16.15,16.15,17.0,,16.15,,,170,2763.0,4,F1,1,,,,,,2025-04-23
2025-04-23,2025-04-23,CM,BSE,STK,508969,INE673M01029,SULABEN,X,,,,,SULABH ENGINEERS & SERVICES LT,4.09,4.1,3.93,3.95,3.95,3.87,,3.95,,,40167,160828.0,132,F1,1,,,,,,2025-04-23
2025-04-23,2025-04-23,CM,BSE,STK,508980,INE977E01013,FRONTCAP,X,,,,,FRONTIER CAPITAL LIMITED,19.15,20.74,19.15,19.5,19.5,20.03,,19.5,,,5501,106572.0,19,F1,1,,,,,,2025-04-23
2025-04-23,2025-04-23,CM,BSE,STK,508989,INE060A01024,NAVNETEDUL,B,,,,,NAVNEET EDUCATION LIMITED,142.25,144.5,140.1,144.3,144.5,140.9,,144.27,,,33926,4863933.0,1133,F1,1,,,,,,2025-04-23
2025-04-23,2025-04-23,CM,BSE,STK,509009,INE218C01016,AUSOMENT,B,,,,,AUSOM ENTERPRISE LIMITED,88.88,89.8,81.5,83.15,85.49,85.99,,83.97,,,4108,345763.0,103,F1,1,,,,,,2025-04-23
2025-04-23,2025-04-23,CM,BSE,STK,509015,INE190F01028,THAKRAL,XT,,,,,THAKRAL SERVICES (INDIA) LTD.,17.83,17.83,16.36,16.49,16.49,16.99,,16.49,,,11362,191058.0,34,F1,1,,,,,,2025-04-23
2025-04-23,2025-04-23,CM,BSE,STK,509020,INE413B01023,RUCHINFRA,B,,,,,RUCHI INFRASTRUCTURE LTD.,8.3,8.3,8.0,8.06,8.05,8.3,,8.03,,,32046,259115.0,223,F1,1,,,,,,2025-04-23
2025-04-23,2025-04-23,CM,BSE,STK,509024,INE088E01019,GOLDLEG,XT,,,,,GOLDEN LEGAND LEASING & FINANC,8.82,8.82,7.98,8.78,8.78,8.4,,8.78,,,7343,63053.0,22,F1,1,,,,,,2025-04-23
2025-04-23,2025-04-23,CM,BSE,STK,509038,INE763D01019,VOLLF,X,,,,,VOLTAIRE LEASING & FINANCE LTD,11.64,11.64,11.26,11.58,11.58,11.42,,11.58,,,1079,12494.0,10,F1,1,,,,,,2025-04-23
2025-04-23,2025-04-23,CM,BSE,STK,509040,INE040F01033,NETLINK,X,,,,,NETLINK SOLUTIONS (INDIA) LTD.,141.95,142.05,137.3,138.95,138.6,137.15,,138.95,,,2704,379261.0,83,F1,1,,,,,,2025-04-23
2025-04-23,2025-04-23,CM,BSE,STK,509046,INE778N01016,TRILIANCE,XT,,,,,TRILIANCE POLYMERS LIMITED,69.0,69.0,68.47,69.0,69.0,72.06,,69.0,,,120,8273.0,7,F1,1,,,,,,2025-04-23
2025-04-23,2025-04-23,CM,BSE,STK,509048,INE572G01025,LANCORHOL,B,,,,,LANCOR HOLDINGS LTD.,23.5,23.59,22.83,22.84,22.84,23.2,,22.91,,,5049,116615.0,108,F1,1,,,,,,2025-04-23
2025-04-23,2025-04-23,CM,BSE,STK,509051,INE300B01022,INDINFO,X,,,,,INDIAN INFOTECH & SOFTWARE LTD,1.11,1.11,1.07,1.08,1.09,1.09,,1.08,,,2367814,2571154.0,1377,F1,1,,,,,,2025-04-23
2025-04-23,2025-04-23,CM,BSE,STK,509053,INE521L01030,BANASFN,X,,,,,BANAS FINANCE LTD.,8.93,8.93,8.5,8.78,8.78,8.71,,8.78,,,29971,259327.0,138,F1,1,,,,,,2025-04-23
2025-04-23,2025-04-23,CM,BSE,STK,509055,INE392A01021,VISAKAIND,B,,,,,VISAKA INDUSTRIES LTD.,67.99,67.99,62.95,63.9,63.87,64.46,,64.05,,,7384,473871.0,241,F1,1,,,,,,2025-04-23
2025-04-23,2025-04-23,CM,BSE,STK,509069,INE669A01022,INFOMEDIA,B,,,,,INFOMEDIA PRESS LTD.,7.01,7.01,6.61,6.95,7.0,6.77,,6.98,,,2840,19063.0,107,F1,1,,,,,,2025-04-23
2025-04-23,2025-04-23,CM,BSE,STK,509073,INE525B01016,HATHWAYB,X,,,,,HATHWAY BHAWANI CABLETEL & DAT,18.82,19.29,18.5,18.55,18.99,18.82,,18.55,,,1046,19587.0,26,F1,1,,,,,,2025-04-23
2025-04-23,2025-04-23,CM,BSE,STK,509079,INE742B01025,GUFICBIO,B,,,,,GUFIC BIOSCIENCES LTD.,353.0,367.65,342.25,360.95,367.65,345.75,,361.05,,,5450,1958387.0,228,F1,1,,,,,,2025-04-23
2025-04-23,2025-04-23,CM,BSE,STK,509152,INE137I01015,GRPLTD,B,,,,,GRP LTD.,2916.15,2944.9,2825.0,2910.0,2910.0,2887.0,,2907.4,,,318,915100.0,87,F1,1,,,,,,2025-04-23
2025-04-23,2025-04-23,CM,BSE,STK,509162,INE802D01023,INDAG,X,,,,,INDAG RUBBER LTD.,144.5,148.4,138.0,139.75,139.75,144.5,,139.75,,,13553,1923682.0,279,F1,1,,,,,,2025-04-23
2025-04-23,2025-04-23,CM,BSE,STK,509196,INE159E01026,MMRUBBR-B,X,,,,,MM RUBBER COMPANY LTD.,80.0,80.0,79.11,80.0,80.0,80.0,,80.0,,,1013,80799.0,20,F1,1,,,,,,2025-04-23
2025-04-23,2025-04-23,CM,BSE,STK,509220,INE034D01049,PTL,B,,,,,PTL ENTERPRISES LTD.,40.8,40.8,39.65,40.0,39.94,40.1,,40.11,,,4161,165558.0,101,F1,1,,,,,,2025-04-23
2025-04-23,2025-04-23,CM,BSE,STK,509243,INE421C01016,TVSSRICHAK,B,,,,,TVS SRICHAKRA LTD.,2955.05,3067.9,2950.0,2974.15,2962.3,3017.5,,2972.0,,,269,803213.0,112,F1,1,,,,,,2025-04-23
2025-04-23,2025-04-23,CM,BSE,STK,509423,INE367E01033,SEL,X,,,,,SANATHNAGAR ENTERPRISES LIMITE,40.9,40.9,37.21,38.0,39.8,38.98,,38.0,,,1382,54137.0,21,F1,1,,,,,,2025-04-23
2025-04-23,2025-04-23,CM,BSE,STK,509438,INE664D01019,BENARAS,B,,,,,BENARES HOTELS LTD.,12000.0,12000.0,11905.05,11968.7,11989.9,11841.15,,11968.7,,,751,8969714.0,171,F1,1,,,,,,2025-04-23
2025-04-23,2025-04-23,CM,BSE,STK,509449,INE026I01010,BHAGWOX,X,,,,,BHAGWATI OXYGEN LTD.,41.22,42.37,41.0,41.69,41.39,42.37,,41.69,,,658,27574.0,17,F1,1,,,,,,2025-04-23
2025-04-23,2025-04-23,CM,BSE,STK,509470,INE01TL01014,BOMOXY-B1,X,,,,,BOMBAY OXYGEN INVESTMENTS LIMI,22965.95,22998.0,22556.0,22997.8,22997.8,22965.95,,22997.8,,,7,160138.0,6,F1,1,,,,,,2025-04-23
2025-04-23,2025-04-23,CM,BSE,STK,509472,INE145E01017,CRAVATEX,X,,,,,CRAVATEX LTD.,340.95,340.95,330.0,335.6,337.0,332.8,,335.6,,,168,55980.0,23,F1,1,,,,,,2025-04-23
2025-04-23,2025-04-23,CM,BSE,STK,509480,INE463A01038,BERGEPAINT,A,,,,,BERGER PAINTS INDIA LTD.,575.65,591.85,573.55,589.05,589.05,579.3,,589.1,,,121917,70912453.0,5645,F1,1,,,,,,2025-04-23
2025-04-23,2025-04-23,CM,BSE,STK,509486,INE479A01018,CAPRIHANS,X,,,,,CAPRIHANS INDIA LTD.,142.0,142.85,138.2,138.2,138.25,140.3,,138.2,,,1763,246498.0,28,F1,1,,,,,,2025-04-23
2025-04-23,2025-04-23,CM,BSE,STK,509488,INE371A01025,GRAPHITE,A,,,,,GRAPHITE INDIA LTD.,483.05,486.45,475.0,483.0,483.0,483.25,,482.65,,,37294,17936368.0,1151,F1,1,,,,,,2025-04-23
2025-04-23,2025-04-23,CM,BSE,STK,509496,INE686A01026,ITDCEM,A,,,,,ITD CEMENTATION INDIA LTD.,538.65,543.15,526.0,527.2,527.2,536.65,,527.0,,,56710,30067701.0,1789,F1,1,,,,,,2025-04-23
2025-04-23,2025-04-23,CM,BSE,STK,509525,INE515H01014,EMPIND,X,,,,,EMPIRE INDUSTRIES LTD.,1060.0,1065.0,1035.0,1048.65,1060.0,1054.0,,1048.65,,,2978,3130432.0,103,F1,1,,,,,,2025-04-23
2025-04-23,2025-04-23,CM,BSE,STK,509546,INE214F01026,GRAVISSHO,X,,,,,GRAVISS HOSPITALITY LTD.,45.69,45.69,43.06,43.7,44.29,45.65,,43.7,,,2191,97382.0,42,F1,1,,,,,,2025-04-23
2025-04-23,2025-04-23,CM,BSE,STK,509557,INE276A01018,GARFIBRES,A,,,,,GARWARE TECHNICAL FIBRES LIMIT,884.0,900.0,865.05,883.95,882.0,884.8,,885.75,,,7268,6415602.0,744,F1,1,,,,,,2025-04-23
2025-04-23,2025-04-23,CM,BSE,STK,509563,INE925D01014,GARWAMAR,XT,,,,,GARWARE MARINE INDUSTRIES LTD.,25.25,25.25,25.02,25.02,25.02,25.53,,25.02,,,3523,88432.0,27,F1,1,,,,,,2025-04-23
2025-04-23,2025-04-23,CM,BSE,STK,509567,INE426D01013,GOACARBON,B,,,,,GOA CARBON LTD.,486.0,493.35,475.75,482.4,482.05,488.0,,482.15,,,2621,1260776.0,221,F1,1,,,,,,2025-04-23
2025-04-23,2025-04-23,CM,BSE,STK,509597,INE722D01015,HARDCAS,X,,,,,HARDCASTLE & WAUD MFG.CO.LTD.,800.55,899.0,800.1,827.35,821.15,846.65,,827.35,,,160,134221.0,30,F1,1,,,,,,2025-04-23
2025-04-23,2025-04-23,CM,BSE,STK,509631,INE545A01024,HEG,A,,,,,HEG LTD.,482.0,483.55,468.0,473.55,473.15,479.3,,473.75,,,28250,13386693.0,744,F1,1,,,,,,2025-04-23
2025-04-23,2025-04-23,CM,BSE,STK,509635,INE310C01029,HINDCOMPOS,B,,,,,HINDUSTAN COMPOSITES LTD.,456.0,456.5,449.95,450.2,450.25,452.95,,452.2,,,137,61908.0,29,F1,1,,,,,,2025-04-23
2025-04-23,2025-04-23,CM,BSE,STK,509675,INE557A01011,BIRLANU,B,,,,,BIRLANU LIMITED,1902.7,1905.0,1865.55,1890.3,1898.0,1880.15,,1896.7,,,340,639294.0,75,F1,1,,,,,,2025-04-23
2025-04-23,2025-04-23,CM,BSE,STK,509692,INE061A01014,INDIANCARD,B,,,,,INDIAN CARD CLOTHING CO.LTD.,284.25,291.85,275.0,281.9,283.2,286.0,,280.79,,,2816,799019.0,189,F1,1,,,,,,2025-04-23
2025-04-23,2025-04-23,CM,BSE,STK,509709,INE575C01027,INTLCONV,B,,,,,INTERNATIONAL CONVEYORS LTD.,77.58,77.58,75.05,76.83,76.8,76.98,,76.88,,,3269,249559.0,116,F1,1,,,,,,2025-04-23
2025-04-23,2025-04-23,CM,BSE,STK,509715,INE364A01020,JAYSREETEA,B,,,,,JAY SHREE TEA & INDUSTRIES LTD,97.7,97.9,95.44,95.95,95.7,97.12,,95.85,,,6863,662052.0,388,F1,1,,,,,,2025-04-23
2025-04-23,2025-04-23,CM,BSE,STK,509732,INE972A01020,KOTIC,XT,,,,,KOTHARI INDUSTRIAL CORPORATION,255.45,255.45,255.45,255.45,255.45,250.45,,255.45,,,8131,2077063.0,27,F1,1,,,,,,2025-04-23
2025-04-23,2025-04-23,CM,BSE,STK,509760,INE370A01019,MODRNSH,X,,,,,MODERN SHARES & STOCKBROKERS L,42.62,46.0,42.62,45.0,45.0,46.8,,45.0,,,601,26641.0,17,F1,1,,,,,,2025-04-23
2025-04-23,2025-04-23,CM,BSE,STK,509820,INE275B01026,HUHTAMAKI,B,,,,,HUHTAMAKI INDIA LIMITED,209.9,222.0,204.3,208.1,207.8,199.05,,207.96,,,60054,12756948.0,1753,F1,1,,,,,,2025-04-23
2025-04-23,2025-04-23,CM,BSE,STK,509835,INE940N01012,PREMSYN,X,,,,,PREMIER SYNTHETICS LTD.,19.4,19.4,17.66,17.81,19.2,18.81,,17.81,,,2375,43778.0,13,F1,1,,,,,,2025-04-23
2025-04-23,2025-04-23,CM,BSE,STK,509874,INE849C01026,SHALPAINTS,B,,,,,SHALIMAR PAINTS LTD.,113.49,118.6,112.25,115.81,114.69,113.02,,115.72,,,24041,2782681.0,292,F1,1,,,,,,2025-04-23
2025-04-23,2025-04-23,CM,BSE,STK,509895,INE832D01020,HINDMILL,X,,,,,HINDOOSTAN MILLS LTD.,194.5,194.5,190.0,192.95,192.95,193.0,,192.95,,,207,39469.0,18,F1,1,,,,,,2025-04-23
2025-04-23,2025-04-23,CM,BSE,STK,509930,INE195A01028,SUPREMEIND,A,,,,,SUPREME INDUSTRIES LTD.,3544.25,3544.25,3465.45,3522.55,3504.0,3526.95,,3525.9,,,5474,19210786.0,965,F1,1,,,,,,2025-04-23
2025-04-23,2025-04-23,CM,BSE,STK,509945,INE077P01034,THACKER,X,,,,,THACKER & CO.LTD.,1400.0,1493.3,1400.0,1493.3,1493.3,1400.0,,1493.3,,,160,232938.0,16,F1,1,,,,,,2025-04-23
2025-04-23,2025-04-23,CM,BSE,STK,509960,INE726E01014,UPHOT,X,,,,,U.P.HOTELS LTD.,1687.0,1687.0,1631.1,1685.55,1687.0,1687.0,,1685.55,,,124,208904.0,11,F1,1,,,,,,2025-04-23
2025-04-23,2025-04-23,CM,BSE,STK,509966,INE710A01016,VSTIND,A,,,,,VST INDUSTRIES LTD.,329.0,331.7,320.0,327.8,325.1,323.75,,328.0,,,54307,17760512.0,1146,F1,1,,,,,,2025-04-23
2025-04-23,2025-04-23,CM,BSE,STK,510245,INE804A01025,SWASTIVI,X,,,,,SWASTI VINAYAKA SYNTHETICS LTD,5.55,5.85,5.45,5.65,5.77,5.62,,5.65,,,102867,573521.0,225,F1,1,,,,,,2025-04-23
2025-04-23,2025-04-23,CM,BSE,STK,511000,INE856D01011,MADHUSE,X,,,,,MADHUSUDAN SECURITIES LTD.,25.2,25.5,24.58,24.63,24.58,25.03,,24.63,,,651,16232.0,17,F1,1,,,,,,2025-04-23
2025-04-23,2025-04-23,CM,BSE,STK,511012,INE457N01025,YAMNINV,XT,,,,,YAMINI INVESTMENTS COMPANY LTD,1.76,1.77,1.7,1.71,1.71,1.72,,1.71,,,694861,1200308.0,872,F1,1,,,,,,2025-04-23
2025-04-23,2025-04-23,CM,BSE,STK,511018,INE679T01013,ZMILGFIN,XT,,,,,MILGREY FINANCE & INVESTMENT L,76.35,84.2,76.35,83.11,84.2,80.36,,83.11,,,38416,3097288.0,100,F1,1,,,,,,2025-04-23
2025-04-23,2025-04-23,CM,BSE,STK,511034,INE742C01031,JINDRILL,B,,,,,JINDAL DRILLING & INDUSTRIES L,750.95,751.8,712.0,721.9,727.45,736.6,,721.85,,,50650,36910476.0,2053,F1,1,,,,,,2025-04-23
2025-04-23,2025-04-23,CM,BSE,STK,511066,INE302E01014,SAKTHIFIN,X,,,,,SAKTHI FINANCE LTD.,49.75,52.95,48.3,50.03,50.03,49.02,,50.03,,,13343,667244.0,138,F1,1,,,,,,2025-04-23
2025-04-23,2025-04-23,CM,BSE,STK,511076,INE065D01027,SATINDLTD,B,,,,,SAT INDUSTRIES LTD.,87.36,87.66,85.25,86.7,86.35,86.24,,86.73,,,5938,515022.0,119,F1,1,,,,,,2025-04-23
2025-04-23,2025-04-23,CM,BSE,STK,511092,INE047E01031,JMDVL,XT,,,,,JMD Ventures Limited,6.9,6.9,6.78,6.78,6.78,6.91,,6.78,,,36087,244864.0,100,F1,1,,,,,,2025-04-23
2025-04-23,2025-04-23,CM,BSE,STK,511108,INE705C01020,SHIVATEX,B,,,,,SHIVA TEXYARN LTD.,194.0,201.7,185.2,191.4,191.4,201.9,,192.98,,,2909,562753.0,95,F1,1,,,,,,2025-04-23
2025-04-23,2025-04-23,CM,BSE,STK,511110,INE848D01018,VBDESAI,X,,,,,V.B.DESAI FINANCIAL SERVICES L,39.4,39.4,36.7,36.7,36.7,38.63,,36.7,,,2478,91049.0,17,F1,1,,,,,,2025-04-23
2025-04-23,2025-04-23,CM,BSE,STK,511116,INE527B01020,QUADRANT,XT,,,,,QUADRANT TELEVENTURES LIMITED,0.46,0.46,0.46,0.46,0.46,0.46,,0.46,,,515323,237048.0,179,F1,1,,,,,,2025-04-23
2025-04-23,2025-04-23,CM,BSE,STK,511122,INE609B01018,1STCUS,X,,,,,FIRST CUSTODIAN FUND (INDIA) L,126.0,126.0,120.65,124.0,124.0,127.0,,124.0,,,22,2745.0,4,F1,1,,,,,,2025-04-23
2025-04-23,2025-04-23,CM,BSE,STK,511131,INE344D01018,KAMANWALA,XT,,,,,KAMANWALA HOUSING CONSTRUCTION,15.5,16.0,15.0,15.94,15.94,15.5,,15.94,,,5488,85760.0,25,F1,1,,,,,,2025-04-23
2025-04-23,2025-04-23,CM,BSE,STK,511147,INE549D01012,WSFX,X,,,,,WSFX Global Pay Limited,76.7,78.8,72.5,73.79,74.68,76.52,,73.79,,,5250,387093.0,100,F1,1,,,,,,2025-04-23
2025-04-23,2025-04-23,CM,BSE,STK,511153,INE096I01021,ANJANIFOODS,X,,,,,Anjani Foods Limited,31.5,31.5,30.06,31.1,31.1,31.29,,31.1,,,6648,207076.0,39,F1,1,,,,,,2025-04-23
2025-04-23,2025-04-23,CM,BSE,STK,511169,INE552N01023,RKDAGRRTL,XT,,,,,RKD AGRI AND RETAIL LIMITED,6.69,6.69,6.69,6.69,6.69,6.56,,6.69,,,25,167.0,1,F1,1,,,,,,2025-04-23
2025-04-23,2025-04-23,CM,BSE,STK,511176,INE635I01018,PARSHWANA,X,,,,,PARSHWANATH CORPORATION LTD.,129.75,129.75,129.0,129.75,129.75,123.6,,129.75,,,49,6351.0,7,F1,1,,,,,,2025-04-23
2025-04-23,2025-04-23,CM,BSE,STK,511187,INE570N01025,MILLENNIUM,X,,,,,Millennium Online Solutions (I,2.0,2.49,2.0,2.37,2.37,2.23,,2.37,,,7755,18405.0,40,F1,1,,,,,,2025-04-23
2025-04-23,2025-04-23,CM,BSE,STK,511194,INE613B01010,ICDSLTD,B,,,,,ICDS LTD.,41.38,44.2,40.7,42.28,41.99,41.5,,42.01,,,5938,246540.0,47,F1,1,,,,,,2025-04-23
2025-04-23,2025-04-23,CM,BSE,STK,511196,INE477A01020,CANFINHOME,A,,,,,CAN FIN HOMES LTD.,746.9,748.5,727.35,744.7,741.15,739.8,,744.9,,,34601,25617044.0,1829,F1,1,,,,,,2025-04-23
2025-04-23,2025-04-23,CM,BSE,STK,511208,INE050B01023,IVC,B,,,,,IL&FS INVESTMENT MANAGERS LTD.,9.86,10.32,9.79,10.21,10.22,9.82,,10.21,,,151557,1522939.0,598,F1,1,,,,,,2025-04-23
2025-04-23,2025-04-23,CM,BSE,STK,511218,INE721A01047,SHRIRAMFIN,A,,,,,Shriram Finance Limited,711.7,713.05,685.7,704.0,701.65,703.35,,703.9,,,70803,49427864.0,2782,F1,1,,,,,,2025-04-23
2025-04-23,2025-04-23,CM,BSE,STK,511243,INE121A01024,CHOLAFIN,A,,,,,CHOLAMANDALAM INVESTMENT AND F,1591.95,1619.0,1560.0,1566.25,1566.35,1565.55,,1566.8,,,64768,102598526.0,3192,F1,1,,,,,,2025-04-23
2025-04-23,2025-04-23,CM,BSE,STK,511333,INE709A01018,VLSFINANCE,B,,,,,VLS FINANCE LTD.,250.0,269.0,250.0,262.85,262.85,265.55,,262.51,,,7890,2071077.0,483,F1,1,,,,,,2025-04-23
2025-04-23,2025-04-23,CM,BSE,STK,511355,INE429D01017,INDCEMCAP,XT,,,,,INDIA CEMENTS CAPITAL LTD.,16.36,16.36,15.66,15.77,15.77,16.35,,15.77,,,2208,35455.0,28,F1,1,,,,,,2025-04-23
2025-04-23,2025-04-23,CM,BSE,STK,511359,INE556D01017,ADMANUM,X,,,,,AD-MANUM FINANCE LTD.,78.75,78.75,76.1,76.1,76.1,77.59,,76.1,,,2914,226622.0,32,F1,1,,,,,,2025-04-23
2025-04-23,2025-04-23,CM,BSE,STK,511391,INE661M01016,INTRGLB,X,,,,,INTER GLOBE FINANCE LTD.,73.92,73.92,73.92,73.92,73.92,70.4,,73.92,,,500,36960.0,2,F1,1,,,,,,2025-04-23
2025-04-23,2025-04-23,CM,BSE,STK,511401,INE410E01015,MCLTD,XT,,,,,MUNOTH COMMUNICATION LIMITED,17.16,18.95,17.16,17.18,18.95,18.06,,17.18,,,2710,46842.0,17,F1,1,,,,,,2025-04-23
2025-04-23,2025-04-23,CM,BSE,STK,511411,INE472C01027,SHRISTI,X,,,,,SHRISTI INFRASTRUCTURE DEVELOP,35.4,39.0,35.4,38.0,38.0,37.14,,38.0,,,642,24645.0,9,F1,1,,,,,,2025-04-23
2025-04-23,2025-04-23,CM,BSE,STK,511413,INE559D01011,CREST,B,,,,,CREST,399.15,405.0,389.25,403.05,405.0,412.2,,401.05,,,965,384175.0,83,F1,1,,,,,,2025-04-23
2025-04-23,2025-04-23,CM,BSE,STK,511431,INE051B01021,VAKRANGEE,A,,,,,VAKRANGEE LIMITED,10.07,10.3,10.06,10.19,10.19,10.06,,10.17,,,879507,8951330.0,1619,F1,1,,,,,,2025-04-23
2025-04-23,2025-04-23,CM,BSE,STK,511441,INE034B01019,GUJCRED,XT,,,,,GUJARAT CREDIT CORPORATION LTD,31.65,31.65,31.02,31.2,31.2,31.65,,31.2,,,321,10100.0,5,F1,1,,,,,,2025-04-23
2025-04-23,2025-04-23,CM,BSE,STK,511447,INE706F01021,SYLPH,X,,,,,SYLPH TECHNOLOGIES LTD.,0.99,1.02,0.98,1.0,1.0,1.0,,1.0,,,313094,313241.0,218,F1,1,,,,,,2025-04-23
2025-04-23,2025-04-23,CM,BSE,STK,511451,INE899D01011,DHARFIN,X,,,,,DHARANI FINANCE LTD.,12.6,12.6,12.1,12.6,12.6,12.0,,12.6,,,602,7335.0,8,F1,1,,,,,,2025-04-23
2025-04-23,2025-04-23,CM,BSE,STK,511463,INE191N01012,ALEXANDER,X,,,,,Alexander Stamps And Coin Limi,15.21,15.21,12.8,13.86,13.86,15.21,,13.86,,,190960,2636983.0,427,F1,1,,,,,,2025-04-23
2025-04-23,2025-04-23,CM,BSE,STK,511473,INE841B01017,INDBANK,B,,,,,INDBANK MERCHANT BANKING SERVI,32.0,33.35,32.0,33.05,32.56,32.9,,32.83,,,4904,161136.0,96,F1,1,,,,,,2025-04-23
2025-04-23,2025-04-23,CM,BSE,STK,511493,INE488C01015,SHRYDUS,XT,,,,,SHRYDUS INDUSTRIES LIMITED,4.31,4.32,4.31,4.31,4.31,4.39,,4.31,,,75404,325341.0,53,F1,1,,,,,,2025-04-23
2025-04-23,2025-04-23,CM,BSE,STK,511501,INE900A01013,BHARAT,X,,,,,Bharat Bhushan Finance & Commo,47.38,47.46,45.05,46.81,47.29,46.62,,46.81,,,1640,76443.0,29,F1,1,,,,,,2025-04-23
2025-04-23,2025-04-23,CM,BSE,STK,511505,INE707C01018,CAPTRUST,B,,,,,CAPITAL TRUST LTD.,95.49,95.49,91.1,92.12,92.3,94.4,,92.25,,,2278,212103.0,297,F1,1,,,,,,2025-04-23
2025-04-23,2025-04-23,CM,BSE,STK,511507,INE697C01011,USHAKIRA,X,,,,,USHAKIRAN FINANCE LTD.,38.76,38.76,38.76,38.76,38.76,38.0,,38.76,,,6,232.0,2,F1,1,,,,,,2025-04-23
2025-04-23,2025-04-23,CM,BSE,STK,511509,INE380K01017,VIVOBIOT,X,,,,,VIVO BIO TECH LTD.,40.4,40.4,39.15,39.83,39.83,39.7,,39.83,,,21471,855088.0,175,F1,1,,,,,,2025-04-23
2025-04-23,2025-04-23,CM,BSE,STK,511523,INE882C01035,VEERHEALTH,XT,,,,,VEERHEALTH CARE LIMITED,14.95,15.0,14.95,15.0,15.0,14.97,,15.0,,,3748,56066.0,16,F1,1,,,,,,2025-04-23
2025-04-23,2025-04-23,CM,BSE,STK,511525,INE376A01032,PANINDIAC,X,,,,,PAN INDIA CORPORATION LTD.,2.76,2.85,2.68,2.69,2.7,2.75,,2.69,,,98576,267775.0,287,F1,1,,,,,,2025-04-23
2025-04-23,2025-04-23,CM,BSE,STK,511533,INE135C01012,SAHARAHOUS,X,,,,,SAHARA HOUSINGFINA CORPORATION,41.0,41.0,39.0,40.31,39.01,39.99,,40.31,,,378,15164.0,25,F1,1,,,,,,2025-04-23
2025-04-23,2025-04-23,CM,BSE,STK,511535,INE026C01013,NDASEC,X,,,,,NDA SECURITIES LTD.,49.0,49.0,43.0,44.9,43.45,43.48,,44.9,,,11222,500412.0,65,F1,1,,,,,,2025-04-23
2025-04-23,2025-04-23,CM,BSE,STK,511543,INE777C01011,GSBFIN,XT,,,,,GSB FINANCE LTD.,40.69,40.69,40.5,40.5,40.5,40.69,,40.5,,,804,32714.0,5,F1,1,,,,,,2025-04-23
2025-04-23,2025-04-23,CM,BSE,STK,511549,INE367A01015,MORARKFI,X,,,,,MORARKA FINANCE LTD.,112.5,120.0,112.5,113.35,112.75,112.5,,113.35,,,820,93307.0,65,F1,1,,,,,,2025-04-23
2025-04-23,2025-04-23,CM,BSE,STK,511551,INE903D01011,MONARCH,B,,,,,Monarch Networth Capital Limit,331.0,337.35,328.1,330.5,330.8,330.85,,330.05,,,4261,1414288.0,273,F1,1,,,,,,2025-04-23
2025-04-23,2025-04-23,CM,BSE,STK,511557,INE732K01027,PROFINC,XT,,,,,PRO FIN CAPITAL SERVICES LTD.,4.01,4.26,3.99,4.2,4.1,4.2,,4.2,,,1053819,4292473.0,266,F1,1,,,,,,2025-04-23
2025-04-23,2025-04-23,CM,BSE,STK,511559,INE289C01025,TIMESGTY,B,,,,,TIMES GUARANTY LTD.,173.6,187.85,173.1,178.3,179.6,172.4,,179.0,,,4126,730528.0,102,F1,1,,,,,,2025-04-23
2025-04-23,2025-04-23,CM,BSE,STK,511571,INE754C01010,SODFC,X,,,,,SOM DATT FINANCE CORPORATION L,100.5,102.5,97.41,98.53,101.95,97.4,,98.53,,,1185,118072.0,26,F1,1,,,,,,2025-04-23
2025-04-23,2025-04-23,CM,BSE,STK,511577,INE304E01010,SAVFI,X,,,,,SAVANI FINANCIALS LTD.,17.5,17.5,16.0,16.3,16.04,17.5,,16.3,,,7661,123622.0,23,F1,1,,,,,,2025-04-23
2025-04-23,2025-04-23,CM,BSE,STK,511585,INE425F01028,BEFOUNDMOL,X,,,,,BEFOUND MOVEMENT LIMITED,3.17,3.18,3.17,3.18,3.18,3.17,,3.18,,,24,76.0,3,F1,1,,,,,,2025-04-23
2025-04-23,2025-04-23,CM,BSE,STK,511589,INE323B01024,AVONMORE,T,,,,,AVONMORE CAPITAL & MANAGEMENT,21.7,22.0,21.52,22.0,22.0,21.95,,22.0,,,9992,217585.0,34,F1,1,,,,,,2025-04-23
2025-04-23,2025-04-23,CM,BSE,STK,511593,INE212B01011,LIBORDFIN,X,,,,,LIBORD FINANCE LTD,20.98,20.98,20.95,20.98,20.98,19.08,,20.98,,,3060,64193.0,30,F1,1,,,,,,2025-04-23
2025-04-23,2025-04-23,CM,BSE,STK,511601,INE216B01012,YASHMGM,X,,,,,YASH MANAGEMENT & SATELLITE LT,11.25,11.25,10.52,10.65,10.68,10.78,,10.65,,,1057,11266.0,24,F1,1,,,,,,2025-04-23
2025-04-23,2025-04-23,CM,BSE,STK,511605,INE420B01036,ARIHANTCAP,B,,,,,ARIHANT CAPITAL MARKETS LTD.,74.76,75.07,71.6,72.25,72.43,74.18,,72.23,,,21509,1565423.0,581,F1,1,,,,,,2025-04-23
2025-04-23,2025-04-23,CM,BSE,STK,511609,INE569B01022,ISLCONSUL,X,,,,,ISL CONSULTING LTD.,26.96,26.96,25.39,25.4,25.4,25.5,,25.4,,,503,12776.0,5,F1,1,,,,,,2025-04-23
2025-04-23,2025-04-23,CM,BSE,STK,511611,INE891B01012,DCMFINSERV,B,,,,,DCM FINANCIAL SERVICES LTD.,6.12,6.12,5.67,5.81,5.81,6.0,,5.81,,,2630,15695.0,36,F1,1,,,,,,2025-04-23
2025-04-23,2025-04-23,CM,BSE,STK,511626,INE229D01011,RRFIN,X,,,,,RR FINANCIAL CONSULTANTS LTD.,18.77,19.7,18.76,18.78,18.77,18.77,,18.78,,,4642,88531.0,20,F1,1,,,,,,2025-04-23
2025-04-23,2025-04-23,CM,BSE,STK,511628,INE417D01020,FEDDERSHOL,T,,,,,FEDDERS HOLDING LIMITED,48.02,50.0,47.0,48.21,48.21,48.81,,48.21,,,107119,5097832.0,374,F1,1,,,,,,2025-04-23
2025-04-23,2025-04-23,CM,BSE,STK,511630,INE699B01027,SAMBHAAV,B,,,,,SAMBHAAV MEDIA LTD.,8.8,8.8,7.68,8.01,8.17,8.15,,7.98,,,203799,1649191.0,653,F1,1,,,,,,2025-04-23
2025-04-23,2025-04-23,CM,BSE,STK,511636,INE234E01027,DJSSS,XT,,,,,DJS STOCK & SHARES LTD.,2.05,2.05,2.05,2.05,2.05,2.09,,2.05,,,11776,24140.0,33,F1,1,,,,,,2025-04-23
2025-04-23,2025-04-23,CM,BSE,STK,511644,INE113B01029,OMEGAIN,XT,,,,,OMEGA INTERACTIVE TECHNOLOGIES,190.6,190.6,187.0,187.0,187.0,186.9,,187.0,,,137,25871.0,7,F1,1,,,,,,2025-04-23
2025-04-23,2025-04-23,CM,BSE,STK,511654,INE309D01011,SUGALDAM,X,,,,,SUGAL & DAMANI SHARE BROKERS L,66.5,69.0,66.0,66.0,66.0,66.0,,66.0,,,3447,232782.0,18,F1,1,,,,,,2025-04-23
2025-04-23,2025-04-23,CM,BSE,STK,511658,INE027D01019,NETTLINX,XT,,,,,NETTLINX LTD.,34.45,34.45,31.62,31.67,31.62,33.28,,31.67,,,59842,1917124.0,342,F1,1,,,,,,2025-04-23
2025-04-23,2025-04-23,CM,BSE,STK,511664,INE443D01018,BGIL,X,,,,,BGIL FILMS & TECHNOLOGIES LTD.,7.96,8.75,7.21,8.75,8.75,7.96,,8.75,,,2693,23393.0,21,F1,1,,,,,,2025-04-23
2025-04-23,2025-04-23,CM,BSE,STK,511672,INE099G01011,SCANSTL,X,,,,,Scan Steels Limited,39.0,40.5,37.06,38.06,38.0,38.49,,38.06,,,101697,3929429.0,306,F1,1,,,,,,2025-04-23
2025-04-23,2025-04-23,CM,BSE,STK,511676,INE289B01019,GICHSGFIN,B,,,,,GIC HOUSING FINANCE LTD.,185.0,185.0,179.5,181.8,181.75,182.65,,181.92,,,1932,351022.0,164,F1,1,,,,,,2025-04-23
2025-04-23,2025-04-23,CM,BSE,STK,511692,INE759C01019,AJCON,X,,,,,AJCON GLOBAL SERVICES LTD.,73.0,75.0,71.0,74.47,74.99,71.0,,74.47,,,1733,127885.0,47,F1,1,,,,,,2025-04-23
2025-04-23,2025-04-23,CM,BSE,STK,511696,INE953B01010,CHRTEDCA,X,,,,,CHARTERED CAPITAL & INVESTMENT,227.5,278.5,227.5,242.1,242.1,242.0,,242.1,,,339,85737.0,15,F1,1,,,,,,2025-04-23
2025-04-23,2025-04-23,CM,BSE,STK,511700,INE625D01028,STANCAP,XT,,,,,STANDARD CAPITAL MARKETS LTD.,0.48,0.49,0.47,0.48,0.48,0.49,,0.48,,,12453755,5904900.0,2646,F1,1,,,,,,2025-04-23
2025-04-23,2025-04-23,CM,BSE,STK,511702,INE290E01011,YOGI,X,,,,,YOGI LIMITED,116.8,119.0,113.2,117.5,117.5,116.8,,117.5,,,1711,200858.0,44,F1,1,,,,,,2025-04-23
2025-04-23,2025-04-23,CM,BSE,STK,511710,INE717D01023,CUBIFIN,X,,,,,CUBICAL FINANCIAL SERVICES LTD,2.16,2.24,2.16,2.19,2.2,2.21,,2.19,,,16090,35060.0,91,F1,1,,,,,,2025-04-23
2025-04-23,2025-04-23,CM,BSE,STK,511712,INE452B01013,RELICTEC,XT,,,,,RELIC TECHNOLOGIES LTD.,65.5,65.55,64.19,64.3,64.3,65.5,,64.3,,,3670,238346.0,30,F1,1,,,,,,2025-04-23
2025-04-23,2025-04-23,CM,BSE,STK,511714,INE875B01015,NIMBSPROJ,XT,,,,,NIMBUS PROJECTS LTD.,261.8,265.8,261.8,265.8,265.8,261.8,,265.8,,,152,40093.0,6,F1,1,,,,,,2025-04-23
2025-04-23,2025-04-23,CM,BSE,STK,511716,INE359A01012,INVIGO,X,,,,,Invigorated Business Consultin,7.56,7.57,7.3,7.57,7.57,7.21,,7.57,,,49445,371617.0,34,F1,1,,,,,,2025-04-23
2025-04-23,2025-04-23,CM,BSE,STK,511724,INE020D01022,BAIDFIN,B,,,,,BAID FINSERV LIMITED,11.33,11.33,10.7,10.73,10.85,11.18,,10.76,,,30088,330280.0,226,F1,1,,,,,,2025-04-23
2025-04-23,2025-04-23,CM,BSE,STK,511726,INE946H01037,VIPULLTD,T,,,,,VIPUL LTD.,12.38,12.5,11.91,12.48,12.5,11.91,,12.44,,,178767,2205119.0,413,F1,1,,,,,,2025-04-23
2025-04-23,2025-04-23,CM,BSE,STK,511728,INE006C01015,KZLFIN,XT,,,,,K.Z.LEASING & FINANCE LTD.,19.31,19.31,19.31,19.31,19.31,19.31,,19.31,,,1,19.0,1,F1,1,,,,,,2025-04-23
2025-04-23,2025-04-23,CM,BSE,STK,511734,INE527C01010,PASUFIN,XT,,,,,PASUPATI FINCAP LTD.,16.64,16.64,16.64,16.64,16.64,16.32,,16.64,,,4830,80371.0,8,F1,1,,,,,,2025-04-23
2025-04-23,2025-04-23,CM,BSE,STK,511742,INE583D01011,UGROCAP,B,,,,,UGRO CAPITAL LIMITED,197.9,197.9,185.0,193.85,193.0,193.0,,194.08,,,27172,5196321.0,737,F1,1,,,,,,2025-04-23
2025-04-23,2025-04-23,CM,BSE,STK,511754,INE861D01011,SAHLIBHFI,X,,,,,SHALIBHADRA FINANCE LTD.,558.35,564.85,554.0,557.7,558.0,558.35,,557.7,,,3124,1742754.0,59,F1,1,,,,,,2025-04-23
2025-04-23,2025-04-23,CM,BSE,STK,511756,INE195I01013,ABIRAFN,Z,,,,,ABIRAMI FINANCIAL SERVICES (IN,46.46,46.46,46.0,46.0,46.0,44.25,,46.0,,,181,8395.0,15,F1,1,,,,,,2025-04-23
2025-04-23,2025-04-23,CM,BSE,STK,511758,INE094E01017,MANSIFIN,X,,,,,MANSI FINANCE (CHENNAI) LTD.,55.77,55.8,55.77,55.77,55.77,55.77,,55.77,,,372,20749.0,9,F1,1,,,,,,2025-04-23
2025-04-23,2025-04-23,CM,BSE,STK,511760,INE518D01025,SEVENHILL,Z,,,,,SEVEN HILL INDUSTRIES LIMITED,0.84,0.86,0.82,0.82,0.83,0.85,,0.82,,,66540,55388.0,186,F1,1,,,,,,2025-04-23
2025-04-23,2025-04-23,CM,BSE,STK,511764,INE819K01014,AASTAFIN,X,,,,,Aastamangalam Finance Limited,33.89,33.89,31.51,32.24,32.2,32.74,,32.24,,,33137,1074434.0,131,F1,1,,,,,,2025-04-23
2025-04-23,2025-04-23,CM,BSE,STK,511766,INE296G01013,MUTHOOTCAP,B,,,,,MUTHOOT CAPITAL SERVICES LTD.,278.9,280.65,268.5,269.2,269.55,279.5,,268.85,,,4377,1188412.0,569,F1,1,,,,,,2025-04-23
2025-04-23,2025-04-23,CM,BSE,STK,511768,INE677D01037,MASTERTR,B,,,,,MASTER TRUST LTD.,144.15,144.15,139.25,140.4,140.25,141.95,,140.78,,,6453,906976.0,343,F1,1,,,,,,2025-04-23
2025-04-23,2025-04-23,CM,BSE,STK,512008,INE886D01026,EFCIL,B,,,,,EFC (I) LIMITED,310.0,310.0,278.0,299.7,299.7,292.85,,299.7,,,630870,186659925.0,4084,F1,1,,,,,,2025-04-23
2025-04-23,2025-04-23,CM,BSE,STK,512014,INE754D01018,SOBME,XT,,,,,SOBHAGYA MERCHANTILE LTD.,356.6,356.6,356.6,356.6,356.6,339.65,,356.6,,,98,34946.0,9,F1,1,,,,,,2025-04-23
2025-04-23,2025-04-23,CM,BSE,STK,512018,INE135H01029,CNIRESLTD,XT,,,,,CNI RESEARCH LTD.,8.23,8.55,8.23,8.55,8.55,8.39,,8.55,,,29040,247662.0,43,F1,1,,,,,,2025-04-23
2025-04-23,2025-04-23,CM,BSE,STK,512020,INE967G01019,ZSARACOM,T,,,,,SARASWATI COMMERCIAL (INDIA) L,15416.15,15416.15,15416.15,15416.15,15416.15,14682.05,,15416.15,,,15,231242.0,9,F1,1,,,,,,2025-04-23
2025-04-23,2025-04-23,CM,BSE,STK,512025,INE767M01029,BANGANGA,XT,,,,,BANGANGA PAPER INDUSTRIES LIMI,75.5,75.5,74.2,74.43,74.2,75.5,,74.43,,,2837,211193.0,11,F1,1,,,,,,2025-04-23
2025-04-23,2025-04-23,CM,BSE,STK,512026,INE603D01017,VEGA,XT,,,,,VEGA JEWELLERS LIMITED,49.18,49.18,49.18,49.18,49.18,48.22,,49.18,,,4,196.0,1,F1,1,,,,,,2025-04-23
2025-04-23,2025-04-23,CM,BSE,STK,512038,INE887D01016,TCC,B,,,,,TCC CONCEPT LIMITED,400.55,413.95,392.0,408.3,409.0,390.05,,408.3,,,16581,6693808.0,203,F1,1,,,,,,2025-04-23
2025-04-23,2025-04-23,CM,BSE,STK,512047,INE510H01015,ROYALIND,XT,,,,,ROYAL INDIA CORPORATION LIMITE,7.86,8.0,7.86,8.0,8.0,8.02,,8.0,,,28287,224591.0,47,F1,1,,,,,,2025-04-23
2025-04-23,2025-04-23,CM,BSE,STK,512048,INE195E01020,LUHARUKA,X,,,,,Luharuka Media & Infra Limited,4.88,4.94,4.67,4.88,4.87,4.87,,4.88,,,68138,332617.0,134,F1,1,,,,,,2025-04-23
2025-04-23,2025-04-23,CM,BSE,STK,512064,INE762D01011,VISVEN,X,,,,,VISHVPRABHA VENTURES LIMITED,70.4,75.0,67.1,67.15,67.15,69.79,,67.15,,,1313,89443.0,12,F1,1,,,,,,2025-04-23
2025-04-23,2025-04-23,CM,BSE,STK,512068,INE945F01025,DECNGOLD,B,,,,,DECCAN GOLD MINES LTD.,131.9,132.7,125.0,126.61,126.55,130.15,,126.61,,,515377,65682582.0,3243,F1,1,,,,,,2025-04-23
2025-04-23,2025-04-23,CM,BSE,STK,512070,INE628A01036,UPL,A,,,,,UPL LIMITED,671.3,681.95,663.0,679.25,679.25,670.5,,679.9,,,60854,41105047.0,6860,F1,1,,,,,,2025-04-23
2025-04-23,2025-04-23,CM,BSE,STK,512091,INE425H01016,NIBEORD,XT,,,,,Nibe Ordnance and Maritime Lim,4.68,4.68,4.68,4.68,4.68,4.59,,4.68,,,2,9.0,1,F1,1,,,,,,2025-04-23
2025-04-23,2025-04-23,CM,BSE,STK,512093,INE234B01023,CRANESSOFT,Z,,,,,CRANES SOFTWARE INTERNATIONAL,4.17,4.22,3.82,4.17,4.22,4.02,,4.17,,,69718,285520.0,82,F1,1,,,,,,2025-04-23
2025-04-23,2025-04-23,CM,BSE,STK,512097,INE092G01024,SAICOM,X,,,,,SAIANAND COMMERCIAL LIMITED,0.37,0.38,0.37,0.37,0.37,0.38,,0.37,,,1169737,437102.0,398,F1,1,,,,,,2025-04-23
2025-04-23,2025-04-23,CM,BSE,STK,512099,INE750G01019,EY,XT,,,,,EYANTRA VENTURES LIMITED,969.95,1001.0,969.95,970.0,970.0,1019.7,,970.0,,,281,280620.0,10,F1,1,,,,,,2025-04-23
2025-04-23,2025-04-23,CM,BSE,STK,512103,INE276H01013,NIDHGRN,XT,,,,,NIDHI GRANITES LTD.,159.8,159.8,159.8,159.8,159.8,159.8,,159.8,,,11,1757.0,4,F1,1,,,,,,2025-04-23
2025-04-23,2025-04-23,CM,BSE,STK,512115,INE649C01012,ROSEMER,XT,,,,,ROSE MERC.LTD.,62.5,62.5,62.35,62.35,62.35,62.53,,62.35,,,911,56879.0,6,F1,1,,,,,,2025-04-23
2025-04-23,2025-04-23,CM,BSE,STK,512131,INE529F01035,SIGIND,B,,,,,SIGNET INDUSTRIES LIMITED,59.3,59.3,53.1,53.86,54.94,55.29,,53.85,,,4008,220947.0,108,F1,1,,,,,,2025-04-23
2025-04-23,2025-04-23,CM,BSE,STK,512149,INE758A01072,AVANCE,X,,,,,AVANCE TECHNOLOGIES LTD.,0.64,0.65,0.63,0.64,0.64,0.64,,0.64,,,4295248,2753868.0,2261,F1,1,,,,,,2025-04-23
2025-04-23,2025-04-23,CM,BSE,STK,512161,INE650K01021,SECURKLOUD,T,,,,,SECUREKLOUD TECHNOLOGIES LIMIT,31.79,31.79,31.17,31.17,31.17,31.79,,31.17,,,1772,55853.0,17,F1,1,,,,,,2025-04-23
2025-04-23,2025-04-23,CM,BSE,STK,512165,INE365O01028,ABANSENT,X,,,,,ABANS ENTERPRISES LTD,29.6,30.49,29.6,29.7,29.89,29.65,,29.7,,,1940,57690.0,29,F1,1,,,,,,2025-04-23
2025-04-23,2025-04-23,CM,BSE,STK,512175,INE685D01022,VAMA,X,,,,,VAMA INDUSTRIES LTD.,6.65,7.05,6.65,6.88,6.89,6.99,,6.88,,,134338,913059.0,138,F1,1,,,,,,2025-04-23
2025-04-23,2025-04-23,CM,BSE,STK,512179,INE805D01034,SUNTECK,A,,,,,SUNTECK REALTY LTD.,409.95,419.65,401.25,411.75,411.9,403.05,,411.3,,,33751,13893016.0,1258,F1,1,,,,,,2025-04-23
2025-04-23,2025-04-23,CM,BSE,STK,512197,INE798C01017,SILVERO,Z,,,,,SILVER OAK COMMERCIAL LTD.,5.64,5.75,5.64,5.75,5.75,5.75,,5.75,,,1438,8265.0,4,F1,1,,,,,,2025-04-23
2025-04-23,2025-04-23,CM,BSE,STK,512217,INE730E01016,PRISMMEDI,XT,,,,,PRISM MEDICO AND PHARMACY LTD.,15.06,15.06,15.06,15.06,15.06,15.36,,15.06,,,1209,18207.0,10,F1,1,,,,,,2025-04-23
2025-04-23,2025-04-23,CM,BSE,STK,512229,INE379J01029,VERITAS,T,,,,,VERITAS (INDIA) LTD.,420.0,427.9,411.4,416.95,418.0,419.75,,416.95,,,13935,5768897.0,234,F1,1,,,,,,2025-04-23
2025-04-23,2025-04-23,CM,BSE,STK,512237,INE070D01027,JAICORPLTD,A,,,,,JAI CORP LTD.,96.51,97.36,93.0,95.44,95.32,96.09,,95.41,,,71274,6782704.0,1299,F1,1,,,,,,2025-04-23
2025-04-23,2025-04-23,CM,BSE,STK,512247,INE894A01026,ASHCAP,X,,,,,ASHIRWAD CAPITAL LTD.,4.36,4.41,4.24,4.26,4.26,4.28,,4.26,,,95826,409963.0,383,F1,1,,,,,,2025-04-23
2025-04-23,2025-04-23,CM,BSE,STK,512257,INE895A01023,SVARTCORP,X,,,,,SWASTI VINAYAKA ART AND HERITA,3.79,4.07,3.77,3.88,3.88,3.74,,3.88,,,316779,1234063.0,340,F1,1,,,,,,2025-04-23
2025-04-23,2025-04-23,CM,BSE,STK,512267,INE200D01020,MMWL,T,,,,,MEDIA MATRIX WORLDWIDE LTD.,9.56,9.74,9.56,9.74,9.74,9.56,,9.74,,,48340,468797.0,57,F1,1,,,,,,2025-04-23
2025-04-23,2025-04-23,CM,BSE,STK,512296,INE458B01036,BHAGYANGR,B,,,,,BHAGYANAGAR INDIA LTD.,76.62,77.0,75.58,75.7,75.58,76.16,,76.08,,,2211,168519.0,82,F1,1,,,,,,2025-04-23
2025-04-23,2025-04-23,CM,BSE,STK,512297,INE408F01016,SHANTAI,X,,,,,Shantai Industries Limited,73.4,73.4,71.0,72.72,72.76,73.42,,72.72,,,4146,300715.0,61,F1,1,,,,,,2025-04-23
2025-04-23,2025-04-23,CM,BSE,STK,512329,INE385F01024,SGMART,B,,,,,SG MART LIMITED,354.15,362.35,353.5,357.75,356.65,354.05,,357.75,,,80093,28662802.0,985,F1,1,,,,,,2025-04-23
2025-04-23,2025-04-23,CM,BSE,STK,512344,INE068C01015,ARAVALIS,X,,,,,ARAVALI SECURITIES & FINANCE L,3.7,3.89,3.57,3.89,3.89,3.75,,3.89,,,225,844.0,7,F1,1,,,,,,2025-04-23
2025-04-23,2025-04-23,CM,BSE,STK,512361,INE108G01010,CUPIDALBV,XT,,,,,CUPID BREWERIES AND DISTILLERI,117.1,120.95,112.55,117.65,119.6,117.1,,117.65,,,1882,218394.0,48,F1,1,,,,,,2025-04-23
2025-04-23,2025-04-23,CM,BSE,STK,512379,INE716D01033,CRSL,XT,,,,,CRESSANDA RAILWAY SOLUTIONS LI,4.76,4.76,4.76,4.76,4.76,4.54,,4.76,,,150861,718098.0,225,F1,1,,,,,,2025-04-23
2025-04-23,2025-04-23,CM,BSE,STK,512381,INE992I01013,STARTECK,B,,,,,STARTECK FINANCE LIMITED,307.45,314.9,304.75,308.95,309.5,307.25,,308.85,,,11879,3661420.0,203,F1,1,,,,,,2025-04-23
2025-04-23,2025-04-23,CM,BSE,STK,512393,INE037B01020,SHARDUL,XT,,,,,SHARDUL SECURITIES LTD.,45.5,45.5,42.26,44.55,44.75,43.34,,44.55,,,7115,312963.0,66,F1,1,,,,,,2025-04-23
2025-04-23,2025-04-23,CM,BSE,STK,512399,INE017I01027,SERA,XT,,,,,SERA INVESTMENTS & FINANCE IND,37.5,38.6,36.0,36.12,36.12,37.47,,36.12,,,31688,1162619.0,111,F1,1,,,,,,2025-04-23
2025-04-23,2025-04-23,CM,BSE,STK,512415,INE319T01016,MERCTRD,XT,,,,,MERCURY TRADE LINKS LTD.,21.0,21.0,21.0,21.0,21.0,20.59,,21.0,,,9568,200928.0,38,F1,1,,,,,,2025-04-23
2025-04-23,2025-04-23,CM,BSE,STK,512425,INE242B01018,NIRAVCOM,XT,,,,,NIRAV COMMERCIALS LTD.,886.7,892.75,886.7,892.75,892.75,850.25,,892.75,,,125,111509.0,15,F1,1,,,,,,2025-04-23
2025-04-23,2025-04-23,CM,BSE,STK,512437,INE412D01013,APOLLOFI,X,,,,,APOLLO FINVEST (INDIA) LTD.,607.35,613.5,600.0,606.1,612.0,605.65,,606.1,,,226,137395.0,24,F1,1,,,,,,2025-04-23
2025-04-23,2025-04-23,CM,BSE,STK,512441,INE993I01029,ENBETRD,X,,,,,Enbee Trade &amp; Finance Ltd,0.81,0.81,0.8,0.81,0.81,0.78,,0.81,,,3613310,2913240.0,867,F1,1,,,,,,2025-04-23
2025-04-23,2025-04-23,CM,BSE,STK,512443,INE162L01017,GANONPRO,X,,,,,Ganon Products Limited,7.18,7.19,6.88,7.0,7.0,7.19,,7.0,,,929,6470.0,17,F1,1,,,,,,2025-04-23
2025-04-23,2025-04-23,CM,BSE,STK,512453,INE564J01026,SHRJAGP,X,,,,,SHRI JAGDAMBA POLYMERS LTD.,1093.0,1131.0,1093.0,1096.7,1097.0,1072.8,,1096.7,,,8190,9063560.0,446,F1,1,,,,,,2025-04-23
2025-04-23,2025-04-23,CM,BSE,STK,512455,INE281B01032,LLOYDSME,A,,,,,LLOYDS METALS AND ENERGY LTD.,1327.45,1337.05,1290.0,1317.45,1317.0,1319.8,,1317.7,,,46832,61351907.0,2750,F1,1,,,,,,2025-04-23
2025-04-23,2025-04-23,CM,BSE,STK,512463,INE080I01025,LLOYDSENT,B,,,,,LLOYDS ENTERPRISES LIMITED,55.0,55.96,53.66,55.03,55.03,54.88,,55.0,,,261342,14350591.0,1502,F1,1,,,,,,2025-04-23
2025-04-23,2025-04-23,CM,BSE,STK,512477,INE765L01017,BETXIND,X,,,,,BETEX INDIA LTD.,426.65,461.85,410.0,410.0,410.0,431.0,,410.0,,,74,31678.0,14,F1,1,,,,,,2025-04-23
2025-04-23,2025-04-23,CM,BSE,STK,512479,INE661K01010,VIRYA,XT,,,,,VIRYA RESOURCES LIMITED,591.15,591.15,591.15,591.15,591.15,622.25,,591.15,,,20,11823.0,3,F1,1,,,,,,2025-04-23
2025-04-23,2025-04-23,CM,BSE,STK,512485,INE977F01010,DHANCOT,XT,,,,,DHANLAXMI COTEX LTD.,265.95,265.95,265.95,265.95,265.95,271.35,,265.95,,,20,5319.0,6,F1,1,,,,,,2025-04-23
2025-04-23,2025-04-23,CM,BSE,STK,512489,INE876A01023,OASISEC,X,,,,,OASIS SECURITIES LTD.,29.48,29.48,27.41,27.44,27.41,28.9,,27.44,,,5890,170101.0,40,F1,1,,,,,,2025-04-23
2025-04-23,2025-04-23,CM,BSE,STK,512493,INE590B01010,GARNETINT,X,,,,,GARNET INTERNATIONAL LTD.,124.9,129.0,124.45,126.7,126.45,123.6,,126.7,,,26943,3414329.0,162,F1,1,,,,,,2025-04-23
2025-04-23,2025-04-23,CM,BSE,STK,512499,INE435E01020,SHALPRO,X,,,,,SHALIMAR PRODUCTIONS LTD.,0.49,0.49,0.49,0.49,0.49,0.49,,0.49,,,290871,142526.0,388,F1,1,,,,,,2025-04-23
2025-04-23,2025-04-23,CM,BSE,STK,512519,INE668D01028,DONEAR,B,,,,,DONEAR INDUSTRIES LTD.,118.3,118.3,114.0,115.0,114.6,117.25,,115.14,,,3833,442325.0,181,F1,1,,,,,,2025-04-23
2025-04-23,2025-04-23,CM,BSE,STK,512527,INE091C01017,SUPER,X,,,,,SUPER SALES INDIA LTD.,950.0,950.0,908.0,920.45,921.0,935.5,,920.45,,,568,523354.0,25,F1,1,,,,,,2025-04-23
2025-04-23,2025-04-23,CM,BSE,STK,512529,INE807F01027,SEQUENT,A,,,,,SEQUENT SCIENTIFIC LTD.,147.9,149.45,144.0,148.3,148.7,146.15,,148.7,,,21031,3087458.0,936,F1,1,,,,,,2025-04-23
2025-04-23,2025-04-23,CM,BSE,STK,512531,INE655A01013,STCINDIA,B,,,,,STATE TRADING CORPORATION OF I,125.8,127.0,119.8,123.55,123.55,123.25,,123.29,,,6482,794941.0,340,F1,1,,,,,,2025-04-23
2025-04-23,2025-04-23,CM,BSE,STK,512553,INE058B01018,ZENITHEXPO,B,,,,,ZENITH EXPORTS LTD.,286.9,286.9,285.1,285.1,285.1,273.25,,287.13,,,81,23237.0,3,F1,1,,,,,,2025-04-23
2025-04-23,2025-04-23,CM,BSE,STK,512559,INE080B01012,KOHINOOR,B,,,,,KOHINOOR FOODS LTD.,46.0,46.0,40.05,40.26,40.26,41.33,,40.3,,,39791,1681115.0,738,F1,1,,,,,,2025-04-23
2025-04-23,2025-04-23,CM,BSE,STK,512565,INE581D01015,NEELKANTH,X,,,,,NEELKANTH LIMITED,35.25,35.25,35.25,35.25,35.25,35.28,,35.25,,,20,705.0,1,F1,1,,,,,,2025-04-23
2025-04-23,2025-04-23,CM,BSE,STK,512573,INE871C01038,AVANTIFEED,A,,,,,AVANTI FEEDS LTD.,855.25,879.65,855.25,874.7,874.0,858.2,,874.8,,,54513,47440574.0,2277,F1,1,,,,,,2025-04-23
2025-04-23,2025-04-23,CM,BSE,STK,512587,INE077B01018,ZODJRDMKJ,X,,,,,ZODIAC-JRD-MKJ LTD.,65.61,67.99,65.61,66.5,66.5,65.93,,66.5,,,43,2855.0,5,F1,1,,,,,,2025-04-23
2025-04-23,2025-04-23,CM,BSE,STK,512589,INE579D01019,SITAENT,XT,,,,,SITA ENTERPRISES LTD.,162.25,162.25,161.45,161.45,161.45,159.1,,161.45,,,62,10051.0,5,F1,1,,,,,,2025-04-23
2025-04-23,2025-04-23,CM,BSE,STK,512591,INE183U01022,PULSRIN,XT,,,,,PULSAR INTERNATIONAL LTD.,8.97,8.97,8.97,8.97,8.97,9.15,,8.97,,,94774,850122.0,214,F1,1,,,,,,2025-04-23
2025-04-23,2025-04-23,CM,BSE,STK,512595,INE348N01034,MANBRO,X,,,,,Manbro Industries Limited,661.4,694.0,630.0,660.0,660.0,661.4,,660.0,,,37,24376.0,10,F1,1,,,,,,2025-04-23
2025-04-23,2025-04-23,CM,BSE,STK,512597,INE681C01015,KEYFINSERV,T,,,,,KEYNOTE FINANCIAL SERVICES LIM,375.0,389.85,352.8,389.85,389.85,371.3,,395.4,,,3474,1283949.0,97,F1,1,,,,,,2025-04-23
2025-04-23,2025-04-23,CM,BSE,STK,512599,INE423A01024,ADANIENT,A,,,,,ADANI ENTERPRISES LTD.,2450.3,2472.95,2421.3,2453.3,2453.3,2444.75,,2453.6,,,39690,97203201.0,3484,F1,1,,,,,,2025-04-23
2025-04-23,2025-04-23,CM,BSE,STK,512600,INE307N01014,ASTALLTD,X,,,,,ASTAL LABORATORIES LIMITED,89.89,89.89,86.2,87.72,87.0,87.0,,87.72,,,11556,1008011.0,31,F1,1,,,,,,2025-04-23
2025-04-23,2025-04-23,CM,BSE,STK,512608,INE474E01029,BHANDARI,B,,,,,BHANDARI HOSIERY EXPORTS LTD.,5.25,5.69,5.17,5.48,5.48,5.18,,5.53,,,187013,1008538.0,612,F1,1,,,,,,2025-04-23
2025-04-23,2025-04-23,CM,BSE,STK,512618,INE629C01014,RLF,X,,,,,RLF LTD.,9.06,10.43,9.06,10.38,10.0,9.76,,10.38,,,570,5887.0,9,F1,1,,,,,,2025-04-23
2025-04-23,2025-04-23,CM,BSE,STK,512624,INE769D01016,REGENTRP,X,,,,,Regent Enterprises Limited,6.4,6.55,5.71,5.96,5.96,6.3,,5.96,,,120443,730122.0,170,F1,1,,,,,,2025-04-23
2025-04-23,2025-04-23,CM,BSE,STK,512626,INE231G01010,ORBTEXP,B,,,,,ORBIT EXPORTS LTD.,189.75,189.75,176.0,176.8,177.6,184.0,,176.58,,,2432,446646.0,237,F1,1,,,,,,2025-04-23
2025-04-23,2025-04-23,CM,BSE,STK,512634,INE104E01014,SAVERA,X,,,,,SAVERA INDUSTRIES LTD.,139.9,139.9,135.0,135.3,135.0,134.8,,135.3,,,1000,135822.0,31,F1,1,,,,,,2025-04-23
2025-04-23,2025-04-23,CM,BSE,STK,513005,INE114E01013,CHROME,X,,,,,Chrome Silicon Limited,40.89,45.75,40.89,42.99,42.01,43.03,,42.99,,,79,3322.0,8,F1,1,,,,,,2025-04-23
2025-04-23,2025-04-23,CM,BSE,STK,513023,INE725A01030,NAVA,A,,,,,NAVA LIMITED,486.3,501.6,486.3,493.25,493.0,486.15,,492.6,,,19825,9795079.0,940,F1,1,,,,,,2025-04-23
2025-04-23,2025-04-23,CM,BSE,STK,513043,INE158G01015,REMIEDEL,X,,,,,REMI EDELSTAHL TUBULARS LIMITE,105.45,105.45,100.75,101.97,100.75,102.0,,101.97,,,4317,441560.0,48,F1,1,,,,,,2025-04-23
2025-04-23,2025-04-23,CM,BSE,STK,513059,INE736H01024,GSAUTO,X,,,,,G.S.AUTO INTERNATIONAL LTD.,40.0,41.01,37.2,39.86,39.86,37.92,,39.86,,,7831,313685.0,85,F1,1,,,,,,2025-04-23
2025-04-23,2025-04-23,CM,BSE,STK,513063,INE360D01014,TRANSFRE,X,,,,,TRANS-FREIGHT CONTAINERS LTD.,33.0,37.0,33.0,34.32,34.49,35.27,,34.32,,,2866,96568.0,32,F1,1,,,,,,2025-04-23
2025-04-23,2025-04-23,CM,BSE,STK,513097,INE386D01027,SBCL,B,,,,,SHIVALIK BIMETAL CONTROLS LTD.,472.85,479.45,451.5,455.45,456.9,464.35,,455.4,,,9729,4574526.0,753,F1,1,,,,,,2025-04-23
2025-04-23,2025-04-23,CM,BSE,STK,513108,INE524B01027,GANDHITUBE,B,,,,,GANDHI SPECIAL TUBES LTD.,684.0,684.0,676.5,679.1,680.0,684.0,,679.1,,,524,358021.0,81,F1,1,,,,,,2025-04-23
2025-04-23,2025-04-23,CM,BSE,STK,513117,INE991A01020,AMFORG,X,,,,,AMFORGE INDUSTRIES LTD.,9.68,9.9,9.17,9.44,9.57,9.6,,9.44,,,2520,23943.0,43,F1,1,,,,,,2025-04-23
2025-04-23,2025-04-23,CM,BSE,STK,513119,INE173M01012,ONIXSOLAR,XT,,,,,ONIX SOLAR ENERGY LIMITED,255.4,255.4,255.4,255.4,255.4,260.6,,255.4,,,8183,2089938.0,29,F1,1,,,,,,2025-04-23
2025-04-23,2025-04-23,CM,BSE,STK,513121,INE730A01022,ORICONENT,B,,,,,ORICON ENTERPRISES LTD.,40.0,40.38,39.89,40.02,40.2,39.98,,40.01,,,5801,232193.0,86,F1,1,,,,,,2025-04-23
2025-04-23,2025-04-23,CM,BSE,STK,513149,INE950D01012,ACROW,X,,,,,ACROW INDIA LTD.,700.0,740.0,700.0,700.55,700.0,727.8,,700.55,,,160,113636.0,13,F1,1,,,,,,2025-04-23
2025-04-23,2025-04-23,CM,BSE,STK,513173,INE205F01016,STLSTRINF,X,,,,,STEEL STRIPS INFRASTRUCTURES L,30.89,30.89,28.91,29.96,29.85,29.62,,29.96,,,1417,42165.0,59,F1,1,,,,,,2025-04-23
2025-04-23,2025-04-23,CM,BSE,STK,513228,INE932A01024,PENIND,B,,,,,PENNAR INDUSTRIES LTD.,201.05,201.05,189.0,198.35,199.5,196.95,,198.38,,,134886,26255337.0,1461,F1,1,,,,,,2025-04-23
2025-04-23,2025-04-23,CM,BSE,STK,513250,INE197A01024,JYOTISTRUC,A,,,,,JYOTI STRUCTURES LTD.,18.99,21.6,18.27,21.24,21.24,18.75,,21.23,,,4201000,83996705.0,5188,F1,1,,,,,,2025-04-23
2025-04-23,2025-04-23,CM,BSE,STK,513252,INE289D01015,JAYUSH,X,,,,,JAY USHIN LTD.,610.0,630.0,610.0,626.75,630.0,610.0,,626.75,,,132,81893.0,4,F1,1,,,,,,2025-04-23
2025-04-23,2025-04-23,CM,BSE,STK,513262,INE802C01033,SSWL,B,,,,,STEEL STRIPS WHEELS LTD.,200.0,206.95,199.65,205.75,205.75,198.8,,205.99,,,26392,5376103.0,1249,F1,1,,,,,,2025-04-23
2025-04-23,2025-04-23,CM,BSE,STK,513269,INE993A01026,MANINDS,B,,,,,MAN INDUSTRIES (INDIA) LTD.,291.1,291.6,282.35,286.6,286.6,287.85,,285.45,,,11645,3334500.0,420,F1,1,,,,,,2025-04-23
2025-04-23,2025-04-23,CM,BSE,STK,513295,INE611C01020,IMEC,XT,,,,,IMEC SERVICES LIMITED,65.0,67.76,62.05,66.81,67.0,64.54,,66.81,,,4264,288002.0,33,F1,1,,,,,,2025-04-23
2025-04-23,2025-04-23,CM,BSE,STK,513303,INE001F01019,MDRNSTL,X,,,,,MODERN STEELS LTD.,16.5,17.09,16.02,16.75,16.75,16.65,,16.75,,,1374,22738.0,29,F1,1,,,,,,2025-04-23
2025-04-23,2025-04-23,CM,BSE,STK,513307,INE363L01029,SYNTHFO,XT,,,,,SYNTHIKO FOILS LTD.,175.6,175.6,164.05,175.6,175.6,167.25,,175.6,,,2689,470608.0,35,F1,1,,,,,,2025-04-23
2025-04-23,2025-04-23,CM,BSE,STK,513309,INE327C01031,GOLKONDA,X,,,,,Golkonda Aluminium Extrusions,10.9,10.95,10.2,10.89,10.9,10.69,,10.89,,,1777,18732.0,39,F1,1,,,,,,2025-04-23
2025-04-23,2025-04-23,CM,BSE,STK,513337,INE145J01032,GUJTLRM,XT,,,,,GUJARAT TOOLROOM LTD.,1.55,1.58,1.5,1.53,1.53,1.55,,1.53,,,4706071,7162070.0,3532,F1,1,,,,,,2025-04-23
2025-04-23,2025-04-23,CM,BSE,STK,513349,INE298G01027,AJMERA,B,,,,,AJMERA REALTY & INFRA INDIA LT,879.3,879.8,847.9,867.45,865.0,868.05,,867.5,,,3280,2837240.0,347,F1,1,,,,,,2025-04-23
2025-04-23,2025-04-23,CM,BSE,STK,513353,INE105D01013,COCHINM,X,,,,,COCHIN MINERALS & RUTILE LTD.,275.1,283.5,275.1,279.6,279.75,278.95,,279.6,,,5385,1502177.0,79,F1,1,,,,,,2025-04-23
2025-04-23,2025-04-23,CM,BSE,STK,513361,INE072A01029,ISWL,XT,,,,,INDIA STEEL WORKS LTD.,6.15,6.24,5.8,6.04,6.04,6.09,,6.04,,,354903,2127381.0,501,F1,1,,,,,,2025-04-23
2025-04-23,2025-04-23,CM,BSE,STK,513369,INE013J01016,KVFORGE,X,,,,,KRISHANVEER FORGE LIMITED,86.63,86.63,82.2,84.02,84.02,86.63,,84.02,,,4650,393030.0,54,F1,1,,,,,,2025-04-23
2025-04-23,2025-04-23,CM,BSE,STK,513375,INE120A01034,CARBORUNIV,A,,,,,CARBORUNDUM UNIVERSAL LTD.,1063.2,1085.6,1040.1,1077.2,1076.0,1053.6,,1076.6,,,4468,4772985.0,564,F1,1,,,,,,2025-04-23
2025-04-23,2025-04-23,CM,BSE,STK,513377,INE123F01029,MMTC,A,,,,,MMTC LTD.,55.4,56.65,54.81,55.88,55.88,55.75,,55.84,,,372937,20803785.0,2380,F1,1,,,,,,2025-04-23
2025-04-23,2025-04-23,CM,BSE,STK,513401,INE587D01012,ASHIS,XT,,,,,ASHIANA ISPAT LTD.,22.61,22.61,22.61,22.61,22.61,23.07,,22.61,,,2314,52319.0,13,F1,1,,,,,,2025-04-23
2025-04-23,2025-04-23,CM,BSE,STK,513403,INE092C01015,PMTELELIN,X,,,,,P.M.TELELINNKS LTD.,5.02,5.22,5.02,5.15,5.15,5.3,,5.15,,,9827,50305.0,10,F1,1,,,,,,2025-04-23
2025-04-23,2025-04-23,CM,BSE,STK,513418,INE728B01032,SMFIL,X,,,,,SMITHS & FOUNDERS (INDIA) LIMI,7.15,7.15,6.52,6.61,6.65,6.89,,6.61,,,10553,70105.0,77,F1,1,,,,,,2025-04-23
2025-04-23,2025-04-23,CM,BSE,STK,513422,INE373E01015,BLOIN,X,,,,,BLOOM INDUSTRIES LTD.,37.0,37.0,33.7,35.0,35.0,38.68,,35.0,,,539,19491.0,42,F1,1,,,,,,2025-04-23
2025-04-23,2025-04-23,CM,BSE,STK,513430,INE501L01024,MAITRI,XT,,,,,Maitri Enterprises Limited,20.62,20.62,20.62,20.62,20.62,19.64,,20.62,,,3,61.0,2,F1,1,,,,,,2025-04-23
2025-04-23,2025-04-23,CM,BSE,STK,513436,INE640C01011,SHAHALLOYS,T,,,,,SHAH ALLOYS LTD.,63.0,63.0,61.5,62.0,62.0,64.36,,61.93,,,3667,227413.0,17,F1,1,,,,,,2025-04-23
2025-04-23,2025-04-23,CM,BSE,STK,513452,INE594D01018,ELANGO,X,,,,,ELANGO INDUSTRIES LTD.,10.29,10.29,10.24,10.24,10.24,9.8,,10.24,,,340,3483.0,4,F1,1,,,,,,2025-04-23
2025-04-23,2025-04-23,CM,BSE,STK,513456,INE791E01018,KANSHST,X,,,,,KANISHK STEEL INDUSTRIES LTD.,42.5,43.75,41.0,42.82,42.5,42.21,,42.82,,,29341,1254496.0,136,F1,1,,,,,,2025-04-23
2025-04-23,2025-04-23,CM,BSE,STK,513460,INE257F01017,MAHALXSE,Z,,,,,MAHALAXMI SEAMLESS LTD.,8.5,9.36,8.5,8.7,8.7,8.92,,8.7,,,3178,29736.0,8,F1,1,,,,,,2025-04-23
2025-04-23,2025-04-23,CM,BSE,STK,513472,INE658D01011,SIMPLEXCAS,X,,,,,SIMPLEX CASTINGS LTD.,247.95,258.8,241.05,244.95,245.0,241.25,,244.95,,,7207,1769194.0,75,F1,1,,,,,,2025-04-23
2025-04-23,2025-04-23,CM,BSE,STK,513488,INE387D01025,SSWRL,X,,,,,SHREE STEEL WIRE ROPES LTD.,31.79,31.79,30.3,31.44,31.44,31.0,,31.44,,,224,6980.0,20,F1,1,,,,,,2025-04-23
2025-04-23,2025-04-23,CM,BSE,STK,513496,INE235U01012,SIZEMASTER,XT,,,,,SIZEMASTERS TECHNOLOGY LIMITED,138.85,138.85,138.85,138.85,138.85,138.85,,138.85,,,3,416.0,3,F1,1,,,,,,2025-04-23
2025-04-23,2025-04-23,CM,BSE,STK,513498,INE308N01012,SOUTHMG,XT,,,,,SOUTHERN MAGNESIUM & CHEMICALS,153.0,153.75,153.0,153.65,153.65,153.75,,153.65,,,431,66186.0,18,F1,1,,,,,,2025-04-23
2025-04-23,2025-04-23,CM,BSE,STK,513502,INE927K01023,BAROEXT,XT,,,,,BARODA EXTRUSION LTD.,9.65,9.65,9.2,9.35,9.53,9.34,,9.35,,,95749,892030.0,166,F1,1,,,,,,2025-04-23
2025-04-23,2025-04-23,CM,BSE,STK,513507,INE276I01011,GUJCONT,P,,,,,GUJARAT CONTAINERS LTD.,167.1,171.0,167.05,171.0,171.0,175.0,,171.0,,,300,50515.0,3,F1,100,,,,,,2025-04-23
2025-04-23,2025-04-23,CM,BSE,STK,513509,INE314G01014,KALYANIFRG,T,,,,,KALYANI FORGE LTD.,568.05,570.05,555.0,569.8,570.0,543.0,,568.55,,,69,39256.0,9,F1,1,,,,,,2025-04-23
2025-04-23,2025-04-23,CM,BSE,STK,513511,INE798F01010,PANCHMAHQ,XT,,,,,PANCHMAHAL STEEL LTD.,176.95,183.8,170.0,179.95,179.95,176.95,,179.95,,,571,97641.0,9,F1,1,,,,,,2025-04-23
2025-04-23,2025-04-23,CM,BSE,STK,513513,INE570B01012,ADITYA,X,,,,,ADITYA ISPAT LTD.,9.41,9.41,9.04,9.04,9.04,9.4,,9.04,,,1444,13327.0,13,F1,1,,,,,,2025-04-23
2025-04-23,2025-04-23,CM,BSE,STK,513517,INE124E01020,STEELCAS,B,,,,,STEELCAST LTD.,910.35,916.8,903.85,916.2,910.4,909.1,,914.4,,,242,220232.0,54,F1,1,,,,,,2025-04-23
2025-04-23,2025-04-23,CM,BSE,STK,513519,INE450D01021,PITTIENG,B,,,,,PITTI ENGINEERING LIMITED,1015.65,1040.0,980.0,988.8,990.0,1011.35,,986.9,,,15474,15572049.0,862,F1,1,,,,,,2025-04-23
2025-04-23,2025-04-23,CM,BSE,STK,513528,INE741B01027,GLITTEKG,XT,,,,,GLITTEK GRANITES LTD.,5.15,5.35,5.15,5.25,5.33,5.15,,5.25,,,1949,10205.0,22,F1,1,,,,,,2025-04-23
2025-04-23,2025-04-23,CM,BSE,STK,513532,INE770A01010,PRADPME,X,,,,,PRADEEP METALS LTD.,253.5,253.5,235.0,238.2,235.7,236.6,,238.2,,,3656,873464.0,71,F1,1,,,,,,2025-04-23
2025-04-23,2025-04-23,CM,BSE,STK,513536,INE207H01018,GNRL,XT,,,,,GUJARAT NATURAL RESOURCES LIMI,41.06,41.99,39.5,41.61,41.61,41.06,,41.61,,,367692,14884373.0,662,F1,1,,,,,,2025-04-23
2025-04-23,2025-04-23,CM,BSE,STK,513540,INE176E01012,TNSTLTU,P,,,,,TAMILNADU STEEL TUBES LTD.,14.75,14.75,14.75,14.75,14.75,14.75,,14.75,,,400,5900.0,3,F1,100,,,,,,2025-04-23
2025-04-23,2025-04-23,CM,BSE,STK,513548,INE385M01012,SHRDAIS,X,,,,,SHARDA ISPAT LTD.,300.85,300.85,275.0,287.05,287.05,297.8,,287.05,,,268,76037.0,20,F1,1,,,,,,2025-04-23
2025-04-23,2025-04-23,CM,BSE,STK,513554,INE451L01014,MAHASTEEL,T,,,,,MAHAMAYA STEEL INDUSTRIES LTD.,249.05,253.5,242.5,253.0,253.5,249.05,,252.95,,,518,130848.0,17,F1,1,,,,,,2025-04-23
2025-04-23,2025-04-23,CM,BSE,STK,513566,INE608C01026,NOVIS,X,,,,,NOVA IRON & STEEL LTD.,15.0,15.0,12.4,14.03,13.87,14.1,,14.03,,,7169,99197.0,53,F1,1,,,,,,2025-04-23
2025-04-23,2025-04-23,CM,BSE,STK,513575,INE067E01013,STERPOW,XT,,,,,STERLING POWERGENSYS LTD,43.38,43.59,40.21,42.85,42.85,42.32,,42.85,,,6819,287497.0,52,F1,1,,,,,,2025-04-23
2025-04-23,2025-04-23,CM,BSE,STK,513599,INE531E01026,HINDCOPPER,A,,,,,HINDUSTAN COPPER LTD.,226.95,229.9,218.5,225.5,225.5,224.45,,225.33,,,255245,57297453.0,3408,F1,1,,,,,,2025-04-23
2025-04-23,2025-04-23,CM,BSE,STK,513629,INE463D01016,TULSYAN,X,,,,,TULSYAN NEC LTD.,45.85,48.2,45.85,48.2,48.2,48.26,,48.2,,,1852,86911.0,11,F1,1,,,,,,2025-04-23
2025-04-23,2025-04-23,CM,BSE,STK,513642,INE197C01012,AXELPOLY,X,,,,,AXEL POLYMERS LTD.,32.75,32.75,29.22,30.32,30.4,30.89,,30.32,,,10267,309996.0,83,F1,1,,,,,,2025-04-23
2025-04-23,2025-04-23,CM,BSE,STK,513683,INE589A01014,NLCINDIA,A,,,,,NLC India Limited,245.85,249.35,240.5,244.65,244.15,245.55,,244.56,,,37824,9266658.0,686,F1,1,,,,,,2025-04-23
2025-04-23,2025-04-23,CM,BSE,STK,513687,INE848B01012,SPECTRA,Z,,,,,SPECTRA INDUSTRIES LTD.,4.13,4.13,3.89,3.89,3.89,4.09,,3.89,,,698,2717.0,5,F1,1,,,,,,2025-04-23
2025-04-23,2025-04-23,CM,BSE,STK,513693,INE434C01027,KAJARIR,X,,,,,KIC METALIKS LTD.,35.98,35.98,34.66,35.57,35.5,34.91,,35.57,,,3906,138590.0,30,F1,1,,,,,,2025-04-23
2025-04-23,2025-04-23,CM,BSE,STK,513699,INE584G01012,SOLIDSTON,X,,,,,SOLID STONE COMPANY LTD.,33.59,36.0,31.26,34.2,35.5,34.28,,34.2,,,12894,450844.0,53,F1,1,,,,,,2025-04-23
2025-04-23,2025-04-23,CM,BSE,STK,513709,INE960A01017,SHILGRAVQ,X,,,,,SHILP GRAVURES LTD.,307.0,317.35,301.0,317.2,317.2,302.25,,317.2,,,8193,2575946.0,137,F1,1,,,,,,2025-04-23
2025-04-23,2025-04-23,CM,BSE,STK,513713,INE146C01019,WHITEORG,X,,,,,White Organic Agro Limited,5.0,5.95,5.0,5.42,5.42,5.09,,5.42,,,132660,721302.0,242,F1,1,,,,,,2025-04-23
2025-04-23,2025-04-23,CM,BSE,STK,513721,INE614F01019,MFSINTRCRP,Z,,,,,MFS INTERCORP LTD.,15.75,17.2,15.75,17.1,17.2,16.57,,17.1,,,40378,690136.0,10,F1,1,,,,,,2025-04-23
2025-04-23,2025-04-23,CM,BSE,STK,513729,INE210C01013,AROGRANITE,B,,,,,ARO GRANITE INDUSTRIES LTD.,38.0,38.0,36.0,36.27,36.27,36.01,,36.54,,,731,26900.0,25,F1,1,,,,,,2025-04-23
2025-04-23,2025-04-23,CM,BSE,STK,514010,INE723D01021,RUDRAECO,X,,,,,RUDRA ECOVATION LIMITED,46.99,46.99,44.01,45.7,46.3,45.36,,45.7,,,91757,4135081.0,274,F1,1,,,,,,2025-04-23
2025-04-23,2025-04-23,CM,BSE,STK,514028,INE376L01013,RAJKSYN,XT,,,,,RAJKAMAL SYNTHETICS LTD.,39.9,39.9,36.25,36.27,39.9,38.0,,36.27,,,713,25882.0,6,F1,1,,,,,,2025-04-23
2025-04-23,2025-04-23,CM,BSE,STK,514030,INE272C01013,DEEPAKSP,X,,,,,DEEPAK SPINNERS LTD.,164.0,164.0,158.75,160.1,160.1,160.05,,160.1,,,683,109423.0,15,F1,1,,,,,,2025-04-23
2025-04-23,2025-04-23,CM,BSE,STK,514036,INE970D01010,LOYALTEX,B,,,,,LOYAL TEXTILE MILLS LTD.,299.8,299.8,295.95,299.8,299.8,285.55,,299.56,,,623,186125.0,30,F1,1,,,,,,2025-04-23
2025-04-23,2025-04-23,CM,BSE,STK,514043,INE049A01027,HIMATSEIDE,B,,,,,HIMATSINGKA SEIDE LTD.,156.35,156.35,148.2,152.0,151.75,153.2,,152.0,,,26473,4003785.0,469,F1,1,,,,,,2025-04-23
2025-04-23,2025-04-23,CM,BSE,STK,514045,INE594B01012,BSL,T,,,,,BSL LTD.,163.0,167.7,162.8,164.0,164.0,166.0,,164.0,,,985,162935.0,22,F1,1,,,,,,2025-04-23
2025-04-23,2025-04-23,CM,BSE,STK,514060,INE229N01010,MARKOBENZ,XT,,,,,MARKOBENZ VENTURES LIMITED,10.44,10.76,10.34,10.76,10.76,10.55,,10.76,,,56418,599219.0,56,F1,1,,,,,,2025-04-23
2025-04-23,2025-04-23,CM,BSE,STK,514087,INE501F01018,PBMPOLY,X,,,,,PBM POLYTEX LTD.,73.5,74.95,70.2,70.42,70.41,72.87,,70.42,,,932,68014.0,22,F1,1,,,,,,2025-04-23
2025-04-23,2025-04-23,CM,BSE,STK,514113,INE207C01019,ADINATH,X,,,,,ADINATH TEXTILES LTD.,24.5,24.5,23.5,24.1,24.1,24.5,,24.1,,,682,16349.0,20,F1,1,,,,,,2025-04-23
2025-04-23,2025-04-23,CM,BSE,STK,514138,INE132C01027,SURYALA,X,,,,,SURYALATA SPINNING MILLS LTD.,290.5,307.6,290.5,300.25,300.25,304.05,,300.25,,,394,119268.0,25,F1,1,,,,,,2025-04-23
2025-04-23,2025-04-23,CM,BSE,STK,514140,INE431C01023,SURYVANSP,X,,,,,SURYAVANSHI SPINNING MILLS LTD,24.45,24.45,22.85,23.95,23.95,23.78,,23.95,,,1034,23792.0,15,F1,1,,,,,,2025-04-23
2025-04-23,2025-04-23,CM,BSE,STK,514142,INE592B01024,TTL,B,,,,,T T LTD.,14.4,14.4,13.6,13.8,13.8,13.92,,13.81,,,24170,335799.0,205,F1,1,,,,,,2025-04-23
2025-04-23,2025-04-23,CM,BSE,STK,514162,INE192B01031,WELSPUNLIV,A,,,,,WELSPUN LIVING LIMITED,133.85,134.4,129.8,133.2,133.4,132.4,,133.38,,,71941,9555738.0,688,F1,1,,,,,,2025-04-23
2025-04-23,2025-04-23,CM,BSE,STK,514165,INE862B01013,INDIANACRY,X,,,,,INDIAN ACRYLICS LTD.,8.3,8.49,8.1,8.41,8.3,8.24,,8.41,,,77094,637793.0,172,F1,1,,,,,,2025-04-23
2025-04-23,2025-04-23,CM,BSE,STK,514167,INE845D01014,GANECOS,B,,,,,GANESHA ECOSPHERE LTD.,1637.7,1656.75,1600.35,1622.55,1628.6,1623.3,,1623.7,,,4961,8023804.0,594,F1,1,,,,,,2025-04-23
2025-04-23,2025-04-23,CM,BSE,STK,514171,INE760J01012,CEETAIN,X,,,,,CEETA INDUSTRIES LTD.,43.0,43.79,43.0,43.79,43.79,44.69,,43.79,,,108,4650.0,3,F1,1,,,,,,2025-04-23
2025-04-23,2025-04-23,CM,BSE,STK,514175,INE835A01029,VARDMNPOLY,B,,,,,VARDHMAN POLYTEX LTD.,13.04,13.56,12.55,12.66,12.85,13.07,,12.77,,,128443,1689354.0,323,F1,1,,,,,,2025-04-23
2025-04-23,2025-04-23,CM,BSE,STK,514183,INE761G01016,BLACKROSE,X,,,,,BLACK ROSE INDUSTRIES LTD.,97.62,99.5,97.5,98.67,99.39,97.62,,98.67,,,14383,1417998.0,240,F1,1,,,,,,2025-04-23
2025-04-23,2025-04-23,CM,BSE,STK,514197,INE110Q01023,STCORP,X,,,,,S&T CORPORATION LTD.,8.0,8.0,7.01,7.58,7.6,7.36,,7.58,,,19009,142893.0,88,F1,1,,,,,,2025-04-23
2025-04-23,2025-04-23,CM,BSE,STK,514223,INE410D01017,RAMGOPOLY,X,,,,,RAMGOPAL POLYTEX LTD.,5.39,5.39,5.37,5.38,5.38,5.39,,5.38,,,1505,8095.0,7,F1,1,,,,,,2025-04-23
2025-04-23,2025-04-23,CM,BSE,STK,514234,INE495C01010,SANGAMIND,B,,,,,SANGAM (INDIA) LTD.,424.3,441.2,415.0,420.45,423.8,429.75,,419.85,,,922,391529.0,106,F1,1,,,,,,2025-04-23
2025-04-23,2025-04-23,CM,BSE,STK,514238,INE874A01010,MKVENTURES,X,,,,,MKVENTURES CAPITAL LIMITED,1678.85,1678.85,1531.2,1591.15,1591.15,1612.7,,1591.15,,,564,905919.0,128,F1,1,,,,,,2025-04-23
2025-04-23,2025-04-23,CM,BSE,STK,514240,INE979D01011,KUSHIND,X,,,,,Kush Industries Limited,11.26,11.26,10.17,10.26,10.38,10.66,,10.26,,,23183,247045.0,163,F1,1,,,,,,2025-04-23
2025-04-23,2025-04-23,CM,BSE,STK,514264,INE707B01010,SEASONST,X,,,,,SEASONS TEXTILES LTD.,22.55,24.5,20.0,22.25,22.25,22.55,,22.25,,,430,9419.0,16,F1,1,,,,,,2025-04-23
2025-04-23,2025-04-23,CM,BSE,STK,514266,INE106C01013,ZENIFIB,X,,,,,ZENITH FIBRES LTD.,76.1,77.44,75.0,76.63,76.75,75.87,,76.63,,,2107,159246.0,53,F1,1,,,,,,2025-04-23
2025-04-23,2025-04-23,CM,BSE,STK,514272,INE436C01014,BHILSPIN,X,,,,,BHILWARA SPINNERS LTD.,138.95,139.0,136.8,136.8,136.8,133.95,,136.8,,,161,22305.0,4,F1,1,,,,,,2025-04-23
2025-04-23,2025-04-23,CM,BSE,STK,514274,INE273D01019,AARVEEDEN,T,,,,,AARVEE DENIMS & EXPORTS LTD.,144.5,144.5,139.65,139.65,139.65,143.35,,139.09,,,3343,467915.0,47,F1,1,,,,,,2025-04-23
2025-04-23,2025-04-23,CM,BSE,STK,514280,INE589J01015,SANTETX,X,,,,,SANRHEA TECHNICAL TEXTILES LTD,150.0,154.0,142.5,149.0,149.0,150.0,,149.0,,,455,66905.0,30,F1,1,,,,,,2025-04-23
2025-04-23,2025-04-23,CM,BSE,STK,514286,INE440A01010,ASHIMASYN,B,,,,,ASHIMA LTD.,28.84,32.25,28.69,30.37,30.37,28.69,,30.22,,,325572,9915879.0,1500,F1,1,,,,,,2025-04-23
2025-04-23,2025-04-23,CM,BSE,STK,514300,INE156C01018,PIONEEREMB,B,,,,,PIONEER EMBROIDERIES LTD.,45.99,46.73,45.71,46.48,46.73,45.63,,46.25,,,2000,92296.0,35,F1,1,,,,,,2025-04-23
2025-04-23,2025-04-23,CM,BSE,STK,514302,INE660D01017,VIPPYSP,X,,,,,VIPPY SPINPRO LTD.,193.5,193.5,180.3,187.25,188.0,189.0,,187.25,,,183,33234.0,21,F1,1,,,,,,2025-04-23
2025-04-23,2025-04-23,CM,BSE,STK,514312,INE156E01014,JAIHINDS,XT,,,,,JAIHIND SYNTHETICS LTD.,60.78,62.35,60.78,61.9,61.9,60.78,,61.9,,,9,557.0,3,F1,1,,,,,,2025-04-23
2025-04-23,2025-04-23,CM,BSE,STK,514316,INE969C01022,RAGHUSYN,X,,,,,RAGHUVIR SYNTHETICS LTD.,135.4,140.8,132.15,136.0,136.0,140.15,,136.0,,,3849,522954.0,56,F1,1,,,,,,2025-04-23
2025-04-23,2025-04-23,CM,BSE,STK,514318,INE722N01014,JATTAINDUS,XT,,,,,JATTASHANKAR INDUSTIES LTD.,200.0,205.0,196.0,196.0,196.0,198.0,,196.0,,,440,87346.0,13,F1,1,,,,,,2025-04-23
2025-04-23,2025-04-23,CM,BSE,STK,514322,INE535C01013,KAMADGIRI,X,,,,,KAMADGIRI FASHION LTD.,93.99,103.4,90.01,97.97,97.97,94.0,,97.97,,,824,79247.0,22,F1,1,,,,,,2025-04-23
2025-04-23,2025-04-23,CM,BSE,STK,514324,INE814D01010,OMNITEX,X,,,,,OMNITEX INDUSTRIES (INDIA) LTD,294.4,294.4,278.0,283.1,283.0,294.4,,283.1,,,443,126065.0,23,F1,1,,,,,,2025-04-23
2025-04-23,2025-04-23,CM,BSE,STK,514326,INE790C01014,PATSPINLTD,X,,,,,PATSPIN INDIA LTD.,11.34,11.45,10.5,11.07,11.07,11.15,,11.07,,,8797,96749.0,88,F1,1,,,,,,2025-04-23
2025-04-23,2025-04-23,CM,BSE,STK,514330,INE670O01013,ONEGLOBAL,XT,,,,,ONE GLOBAL SERVICE PROVIDER LI,320.1,320.1,320.1,320.1,320.1,326.6,,320.1,,,770,246477.0,33,F1,1,,,,,,2025-04-23
2025-04-23,2025-04-23,CM,BSE,STK,514348,INE784B01035,WINSOME,Z,,,,,WINSOME YARNS LTD.,1.68,1.74,1.68,1.74,1.74,1.71,,1.74,,,1098065,1849853.0,83,F1,1,,,,,,2025-04-23
2025-04-23,2025-04-23,CM,BSE,STK,514354,INE309M01020,PREMIERPOL,B,,,,,PREMIER POLYFILM LTD.,64.06,65.46,62.24,62.99,63.0,63.38,,62.92,,,4601,289962.0,265,F1,1,,,,,,2025-04-23
2025-04-23,2025-04-23,CM,BSE,STK,514358,INE339D01034,EVERFIN,X,,,,,EVERLON FINANCIALS LIMITED,116.75,116.75,109.0,116.5,116.5,116.85,,116.5,,,35,3911.0,10,F1,1,,,,,,2025-04-23
2025-04-23,2025-04-23,CM,BSE,STK,514360,INE078T01026,KRRAIL,XT,,,,,K&R RAIL ENGINEERING LIMITED,140.9,141.0,134.5,135.55,137.0,138.35,,135.55,,,40672,5588469.0,919,F1,1,,,,,,2025-04-23
2025-04-23,2025-04-23,CM,BSE,STK,514378,INE564C01013,YARNSYN,XT,,,,,YARN SYNDICATE LTD.,19.91,19.91,19.06,19.75,19.78,19.9,,19.75,,,10615,206844.0,81,F1,1,,,,,,2025-04-23
2025-04-23,2025-04-23,CM,BSE,STK,514386,INE004C01028,GUJCOTEX,X,,,,,GUJARAT COTEX LTD.,13.08,13.08,11.8,12.48,12.31,12.82,,12.48,,,77527,968495.0,394,F1,1,,,,,,2025-04-23
2025-04-23,2025-04-23,CM,BSE,STK,514402,INE638N01012,ECOHOTELS,XT,,,,,ECO HOTELS AND RESORTS LIMITED,18.19,18.19,17.87,17.87,17.87,18.23,,17.87,,,2670,47963.0,19,F1,1,,,,,,2025-04-23
2025-04-23,2025-04-23,CM,BSE,STK,514412,INE305D01019,SARUPINDUS,X,,,,,SARUP INDUSTRIES LTD.,95.9,96.07,95.87,96.07,96.07,91.5,,96.07,,,1929,185046.0,26,F1,1,,,,,,2025-04-23
2025-04-23,2025-04-23,CM,BSE,STK,514418,INE370D01013,MANORG,B,,,,,MANGALAM ORGANICS LIMITED,407.0,407.0,404.3,406.75,406.8,405.5,,405.25,,,210,85321.0,22,F1,1,,,,,,2025-04-23
2025-04-23,2025-04-23,CM,BSE,STK,514428,INE074C01013,HINDADH,X,,,,,HINDUSTAN ADHESIVES LTD.,365.0,365.0,346.05,350.35,353.0,353.85,,350.35,,,976,341935.0,70,F1,1,,,,,,2025-04-23
2025-04-23,2025-04-23,CM,BSE,STK,514440,INE439N01031,BPAGRI,XT,,,,,Blue Pearl Agriventures Limite,25.56,25.56,25.56,25.56,25.56,25.06,,25.56,,,100,2556.0,1,F1,1,,,,,,2025-04-23
2025-04-23,2025-04-23,CM,BSE,STK,514442,INE009C01019,SRIKPRIND,X,,,,,SRI KPR INDUSTRIES LTD.,25.97,25.97,24.86,25.04,25.04,25.22,,25.04,,,2206,56532.0,38,F1,1,,,,,,2025-04-23
2025-04-23,2025-04-23,CM,BSE,STK,514446,INE345D01031,LSIND,B,,,,,LS INDUSTRIES LTD.,45.7,47.88,45.7,47.25,47.26,47.13,,47.25,,,4380,205010.0,83,F1,1,,,,,,2025-04-23
2025-04-23,2025-04-23,CM,BSE,STK,514448,INE577D01013,JYOTIRES,B,,,,,JYOTI RESINS & ADHESIVES LTD.,1282.0,1297.8,1271.0,1273.9,1278.5,1288.75,,1273.9,,,7700,9883419.0,603,F1,1,,,,,,2025-04-23
2025-04-23,2025-04-23,CM,BSE,STK,514450,INE112D01035,MHLXMIRU,B,,,,,MAHALAXMI RUBTECH LTD.,257.75,258.3,245.65,247.3,253.1,258.25,,249.38,,,595,150261.0,64,F1,1,,,,,,2025-04-23
2025-04-23,2025-04-23,CM,BSE,STK,514460,INE670H01017,OSWAYRN,XT,,,,,OSWAL YARNS LTD.,35.11,37.79,34.21,35.14,34.65,36.01,,35.14,,,5156,178593.0,44,F1,1,,,,,,2025-04-23
2025-04-23,2025-04-23,CM,BSE,STK,514470,INE837B01031,WINSOMTX,B,,,,,WINSOME TEXTILE INDUSTRIES LTD,95.0,98.0,93.8,96.72,96.3,94.61,,96.72,,,43388,4181401.0,245,F1,1,,,,,,2025-04-23
2025-04-23,2025-04-23,CM,BSE,STK,515008,INE219W01012,MODINSU,X,,,,,MODERN INSULATORS LTD.,105.43,110.0,100.05,103.18,103.18,105.79,,103.18,,,24362,2547206.0,286,F1,1,,,,,,2025-04-23
2025-04-23,2025-04-23,CM,BSE,STK,515018,INE277C01012,REGENCERAM,B,,,,,REGENCY CERAMICS LTD.,47.93,49.29,45.95,47.28,47.28,46.99,,46.61,,,2184,103257.0,32,F1,1,,,,,,2025-04-23
2025-04-23,2025-04-23,CM,BSE,STK,515030,INE439A01020,ASAHIINDIA,A,,,,,ASAHI INDIA GLASS LTD.,702.4,716.7,700.0,707.05,703.0,716.6,,705.65,,,15167,10699670.0,874,F1,1,,,,,,2025-04-23
2025-04-23,2025-04-23,CM,BSE,STK,515037,INE692B01014,MURUDCERA,B,,,,,MURUDESHWAR CERAMICS LTD.,36.2,36.2,35.15,35.84,35.61,35.28,,35.87,,,4925,176092.0,102,F1,1,,,,,,2025-04-23
2025-04-23,2025-04-23,CM,BSE,STK,515043,INE068B01017,SAINTGOBAIN,B,,,,,SAINT-GOBAIN SEKURIT INDIA LTD,110.95,111.95,107.2,108.8,108.8,110.2,,108.8,,,84032,9139074.0,698,F1,1,,,,,,2025-04-23
2025-04-23,2025-04-23,CM,BSE,STK,515055,INE242C01024,ANANTRAJ,A,,,,,ANANT RAJ LIMITED,511.7,511.7,490.1,496.85,496.85,505.75,,497.1,,,341661,170210317.0,8719,F1,1,,,,,,2025-04-23
2025-04-23,2025-04-23,CM,BSE,STK,515059,INE469C01023,MADHUDIN,X,,,,,MADHUSUDAN INDUSTRIES LTD.,46.47,46.47,43.5,45.31,46.46,44.27,,45.31,,,1127,50793.0,16,F1,1,,,,,,2025-04-23
2025-04-23,2025-04-23,CM,BSE,STK,515085,INE298E01022,RESTILE,X,,,,,RESTILE CERAMICS LTD.,5.9,6.11,5.32,6.1,6.1,5.92,,6.1,,,27587,166200.0,57,F1,1,,,,,,2025-04-23
2025-04-23,2025-04-23,CM,BSE,STK,515093,INE925C01016,MADHAV,B,,,,,MADHAV MARBLES & GRANITES LTD.,47.47,47.47,47.15,47.28,47.33,47.47,,47.25,,,428,20249.0,12,F1,1,,,,,,2025-04-23
2025-04-23,2025-04-23,CM,BSE,STK,515127,INE650D01026,RAMASIGNS,X,,,,,Ramasigns Industries Limited,2.36,2.36,2.29,2.31,2.31,2.25,,2.31,,,2647,6132.0,14,F1,1,,,,,,2025-04-23
2025-04-23,2025-04-23,CM,BSE,STK,515145,INE952A01022,HINDNATGLS,T,,,,,HINDUSTHAN NATIONAL GLASS & IN,18.65,18.69,17.82,18.06,18.06,18.65,,18.05,,,10023,181743.0,27,F1,1,,,,,,2025-04-23
2025-04-23,2025-04-23,CM,BSE,STK,515147,INE506D01020,HALDYNGL,X,,,,,HALDYN GLASS LTD,109.0,111.95,105.3,110.7,108.66,108.36,,110.7,,,44923,4867120.0,395,F1,1,,,,,,2025-04-23
2025-04-23,2025-04-23,CM,BSE,STK,516003,INE932D01010,DUROPLY,X,,,,,DUROPLY INDUSTRIES LIMITED,176.2,183.0,176.1,182.5,182.9,179.95,,182.5,,,15590,2796696.0,81,F1,1,,,,,,2025-04-23
2025-04-23,2025-04-23,CM,BSE,STK,516016,INE231C01019,SHREYANIND,B,,,,,SHREYANS INDUSTRIES LTD.,193.15,193.15,191.7,192.05,192.2,192.2,,191.89,,,89,17106.0,55,F1,1,,,,,,2025-04-23
2025-04-23,2025-04-23,CM,BSE,STK,516020,INE112C01011,AGIOPAPER,X,,,,,AGIO PAPER & INDUSTRIES LTD.,4.02,4.44,4.02,4.44,4.44,4.23,,4.44,,,1020,4314.0,7,F1,1,,,,,,2025-04-23
2025-04-23,2025-04-23,CM,BSE,STK,516022,INE733A01018,STARPAPER,B,,,,,STAR PAPER MILLS LTD.,175.9,175.9,171.0,171.55,171.55,171.25,,172.0,,,819,141182.0,81,F1,1,,,,,,2025-04-23
2025-04-23,2025-04-23,CM,BSE,STK,516030,INE551D01018,PAKKA,B,,,,,PAKKA LIMITED,179.05,182.0,173.2,177.95,178.4,178.35,,177.75,,,17551,3097402.0,538,F1,1,,,,,,2025-04-23
2025-04-23,2025-04-23,CM,BSE,STK,516032,INE385D01029,TAHMARENT,XT,,,,,TAHMAR ENTERPRISES LIMITED,13.38,13.38,13.38,13.38,13.38,12.75,,13.38,,,2402,32138.0,14,F1,1,,,,,,2025-04-23
2025-04-23,2025-04-23,CM,BSE,STK,516062,INE497C01016,NATPLY,Z,,,,,NATIONAL PLYWOOD INDUSTRIES LT,4.66,4.66,4.66,4.66,4.66,4.66,,4.66,,,5,23.0,2,F1,1,,,,,,2025-04-23
2025-04-23,2025-04-23,CM,BSE,STK,516064,INE570D01018,ARROWGREEN,T,,,,,Arrow Greentech Limited,663.65,663.65,663.65,663.65,663.65,677.15,,663.65,,,2,1327.0,2,F1,1,,,,,,2025-04-23
2025-04-23,2025-04-23,CM,BSE,STK,516072,INE270I01022,VISHNU,B,,,,,VISHNU CHEMICALS LTD.,422.0,435.0,422.0,433.3,434.2,427.05,,433.5,,,16916,7228107.0,1058,F1,1,,,,,,2025-04-23
2025-04-23,2025-04-23,CM,BSE,STK,516078,INE699D01015,JUMBO,X,,,,,JUMBO BAG LTD.,57.33,60.01,55.0,58.76,58.0,56.78,,58.76,,,5173,303041.0,57,F1,1,,,,,,2025-04-23
2025-04-23,2025-04-23,CM,BSE,STK,516082,INE740D01017,NRAIL,B,,,,,N.R.AGARWAL INDUSTRIES LTD.,281.0,281.15,274.65,274.85,274.85,279.8,,276.27,,,472,130239.0,44,F1,1,,,,,,2025-04-23
2025-04-23,2025-04-23,CM,BSE,STK,516092,INE105C01023,3PLAND,B,,,,,3P LAND HOLDINGS LTD.,42.81,44.77,42.81,44.03,44.05,43.0,,43.19,,,2117,92219.0,37,F1,1,,,,,,2025-04-23
2025-04-23,2025-04-23,CM,BSE,STK,516096,INE384D01022,SANPA,X,,,,,SANGAL PAPERS LTD.,197.0,197.25,192.0,192.15,192.15,197.25,,192.15,,,70,13725.0,7,F1,1,,,,,,2025-04-23
2025-04-23,2025-04-23,CM,BSE,STK,516098,INE810C01044,VENTURA,X,,,,,VENTURA TEXTILES LTD.,11.98,11.98,11.25,11.3,11.25,11.5,,11.3,,,18171,206346.0,120,F1,1,,,,,,2025-04-23
2025-04-23,2025-04-23,CM,BSE,STK,516106,INE538D01015,SHKARTP,X,,,,,SHREE KARTHIK PAPERS LTD.,10.0,10.0,9.65,9.67,9.66,9.67,,9.67,,,1909,18557.0,33,F1,1,,,,,,2025-04-23
2025-04-23,2025-04-23,CM,BSE,STK,516108,INE088G01014,STHINPA,X,,,,,SOUTH INDIA PAPER MILLS LTD.,85.0,85.0,83.0,84.0,84.0,84.45,,84.0,,,1958,165176.0,27,F1,1,,,,,,2025-04-23
2025-04-23,2025-04-23,CM,BSE,STK,516110,INE146N01016,FAMILYCARE,XT,,,,,FAMILY CARE HOSPITALS LIMITED,4.82,4.95,4.7,4.82,4.87,4.82,,4.82,,,73718,354293.0,235,F1,1,,,,,,2025-04-23
2025-04-23,2025-04-23,CM,BSE,STK,517015,INE707A01012,VINDHYATEL,B,,,,,VINDHYA TELELINKS LTD.,1390.0,1400.2,1349.15,1394.2,1400.2,1383.85,,1394.9,,,969,1333551.0,218,F1,1,,,,,,2025-04-23
2025-04-23,2025-04-23,CM,BSE,STK,517035,INE302D01016,RIR,B,,,,,RIR POWER ELECTRONICS LIMITED,2126.0,2227.45,2100.0,2227.45,2227.45,2121.4,,2227.45,,,40940,89596702.0,2762,F1,1,,,,,,2025-04-23
2025-04-23,2025-04-23,CM,BSE,STK,517041,INE045A01017,ADOR,B,,,,,ADOR WELDING LTD.,916.6,921.6,897.4,911.5,905.55,921.2,,908.7,,,1008,916276.0,465,F1,1,,,,,,2025-04-23
2025-04-23,2025-04-23,CM,BSE,STK,517044,INE649R01010,IDM,X,,,,,INTERNATIONAL DATA MANAGEMENT,22.0,22.8,22.0,22.8,22.8,22.8,,22.8,,,3,67.0,2,F1,1,,,,,,2025-04-23
2025-04-23,2025-04-23,CM,BSE,STK,517059,INE457F01013,SALZERELEC,B,,,,,SALZER ELECTRONICS LTD.,1130.0,1130.0,1070.0,1079.45,1077.0,1082.25,,1077.7,,,23533,25775949.0,1608,F1,1,,,,,,2025-04-23
2025-04-23,2025-04-23,CM,BSE,STK,517063,INE919C01019,JETKINGQ,XT,,,,,JETKING INFOTRAIN LTD.,112.45,112.45,112.45,112.45,112.45,110.25,,112.45,,,2732,307213.0,20,F1,1,,,,,,2025-04-23
2025-04-23,2025-04-23,CM,BSE,STK,517096,INE273A01015,APLAB,X,,,,,APLAB LTD.,54.05,54.89,51.49,51.61,51.5,54.05,,51.61,,,4577,240655.0,52,F1,1,,,,,,2025-04-23
2025-04-23,2025-04-23,CM,BSE,STK,517119,INE834B01012,PCS,X,,,,,PCS TECHNOLOGY LTD.,30.0,30.0,29.2,29.86,29.98,30.08,,29.86,,,1614,47932.0,41,F1,1,,,,,,2025-04-23
2025-04-23,2025-04-23,CM,BSE,STK,517146,INE228A01035,USHAMART,A,,,,,USHA MARTIN LTD.,315.6,318.35,304.45,305.55,309.0,311.2,,305.7,,,15931,4903318.0,647,F1,1,,,,,,2025-04-23
2025-04-23,2025-04-23,CM,BSE,STK,517166,INE252A01019,SPELS,X,,,,,SPEL SEMICONDUCTOR LTD.,141.2,142.0,135.0,137.75,137.75,137.95,,137.75,,,98981,13669358.0,1065,F1,1,,,,,,2025-04-23
2025-04-23,2025-04-23,CM,BSE,STK,517168,INE287B01021,SUBROS,B,,,,,SUBROS LTD.,640.0,640.0,613.6,616.1,617.25,623.85,,614.5,,,2446,1515475.0,201,F1,1,,,,,,2025-04-23
2025-04-23,2025-04-23,CM,BSE,STK,517170,INE125G01014,EDVENSWA,X,,,,,Edvenswa Enterprises Limited,44.25,47.9,42.02,45.34,45.34,44.96,,45.34,,,93334,4245646.0,283,F1,1,,,,,,2025-04-23
2025-04-23,2025-04-23,CM,BSE,STK,517174,INE671A01010,HONAUT,A,,,,,HONEYWELL AUTOMATION INDIA LTD,34999.95,34999.95,34080.0,34176.15,34152.0,34475.55,,34205.0,,,209,7173518.0,161,F1,1,,,,,,2025-04-23
2025-04-23,2025-04-23,CM,BSE,STK,517201,INE311D01017,SWITCHTE,XT,,,,,SWITCHING TECHNOLOGIES GUNTHER,71.97,71.97,71.97,71.97,71.97,73.43,,71.97,,,251,18064.0,3,F1,1,,,,,,2025-04-23
2025-04-23,2025-04-23,CM,BSE,STK,517206,INE162B01018,LUMAXIND,B,,,,,LUMAX INDUSTRIES LTD.,2600.0,2600.0,2563.0,2583.25,2586.3,2614.85,,2580.7,,,283,728749.0,63,F1,1,,,,,,2025-04-23
2025-04-23,2025-04-23,CM,BSE,STK,517214,INE927C01020,DIGISPICE,B,,,,,DIGISPICE TECHNOLOGIES LIMITED,20.68,20.68,19.87,20.07,20.3,20.29,,19.94,,,18416,372435.0,145,F1,1,,,,,,2025-04-23
2025-04-23,2025-04-23,CM,BSE,STK,517236,INE216C01010,CALCOM,X,,,,,CALCOM VISION LTD.,102.0,104.95,98.31,102.63,102.9,101.9,,102.63,,,9313,951111.0,154,F1,1,,,,,,2025-04-23
2025-04-23,2025-04-23,CM,BSE,STK,517238,INE083E01010,DYNAVSN,X,,,,,DYNAVISION LTD.,287.0,292.0,287.0,292.0,292.0,287.0,,292.0,,,23,6615.0,9,F1,1,,,,,,2025-04-23
2025-04-23,2025-04-23,CM,BSE,STK,517246,INE788D01016,BCCFUBA,X,,,,,BCC FUBA INDIA LTD.,135.45,135.5,125.6,135.5,135.5,129.05,,135.5,,,49175,6621379.0,361,F1,1,,,,,,2025-04-23
2025-04-23,2025-04-23,CM,BSE,STK,517258,INE143C01024,PRECISIO,X,,,,,PRECISION ELECTRONICS LTD.,125.05,133.25,125.05,130.5,130.5,132.65,,130.5,,,1194,157797.0,17,F1,1,,,,,,2025-04-23
2025-04-23,2025-04-23,CM,BSE,STK,517271,INE292B01021,HBLENGINE,A,,,,,HBL ENGINEERING LIMITED,534.6,539.2,518.0,526.3,526.3,530.75,,525.65,,,30312,16007500.0,830,F1,1,,,,,,2025-04-23
2025-04-23,2025-04-23,CM,BSE,STK,517273,INE902B01017,S&SPOWER,T,,,,,S&S POWER SWITCHGEAR LTD.,381.0,398.85,381.0,397.55,398.5,389.9,,397.2,,,547,214166.0,20,F1,1,,,,,,2025-04-23
2025-04-23,2025-04-23,CM,BSE,STK,517288,INE541F01022,GUJARATPOLY,X,,,,,Gujarat Poly Electronics Limit,110.0,110.53,100.05,105.82,105.82,108.02,,105.82,,,25673,2693571.0,284,F1,1,,,,,,2025-04-23
2025-04-23,2025-04-23,CM,BSE,STK,517300,INE162A01010,GIPCL,B,,,,,GUJARAT INDUSTRIES POWER CO.LT,197.05,200.45,192.55,193.95,194.0,196.25,,193.76,,,19465,3810926.0,511,F1,1,,,,,,2025-04-23
2025-04-23,2025-04-23,CM,BSE,STK,517334,INE775A01035,MOTHERSON,A,,,,,Samvardhana Motherson Internat,135.0,136.6,133.45,135.75,135.75,133.3,,135.73,,,813242,109850235.0,9760,F1,1,,,,,,2025-04-23
2025-04-23,2025-04-23,CM,BSE,STK,517344,INE110B01017,MINDTECK,B,,,,,MINDTECK (INDIA) LTD.,185.8,217.5,180.45,217.5,217.5,181.25,,217.31,,,265638,57019979.0,4959,F1,1,,,,,,2025-04-23
2025-04-23,2025-04-23,CM,BSE,STK,517354,INE176B01034,HAVELLS,A,,,,,HAVELLS INDIA LTD.,1656.95,1656.95,1585.05,1611.85,1611.85,1664.75,,1612.0,,,273272,441471589.0,13437,F1,1,,,,,,2025-04-23
2025-04-23,2025-04-23,CM,BSE,STK,517356,INE167B01025,ACIIN,X,,,,,ACI INFOCOM LTD.,2.5,2.5,2.11,2.17,2.16,2.16,,2.17,,,204781,445068.0,280,F1,1,,,,,,2025-04-23
2025-04-23,2025-04-23,CM,BSE,STK,517360,INE689V01018,SBECSYS,XT,,,,,SBEC SYSTEMS (INDIA) LTD.,19.27,19.27,19.27,19.27,19.27,19.66,,19.27,,,1053,20291.0,10,F1,1,,,,,,2025-04-23
2025-04-23,2025-04-23,CM,BSE,STK,517370,INE437C01012,INCAP,X,,,,,INCAP LTD.,99.9,99.9,99.9,99.9,99.9,97.39,,99.9,,,2,199.0,2,F1,1,,,,,,2025-04-23
2025-04-23,2025-04-23,CM,BSE,STK,517372,INE877E01015,GUJINTRX,X,,,,,GUJARAT INTRUX LTD.,462.0,472.0,461.0,468.25,468.85,462.25,,468.25,,,1762,821840.0,70,F1,1,,,,,,2025-04-23
2025-04-23,2025-04-23,CM,BSE,STK,517380,INE188B01013,IGARASHI,B,,,,,IGARASHI MOTORS INDIA LTD.,485.0,495.0,478.0,493.0,494.95,482.15,,493.95,,,4890,2379706.0,294,F1,1,,,,,,2025-04-23
2025-04-23,2025-04-23,CM,BSE,STK,517385,INE225D01027,SYMPHONY,A,,,,,SYMPHONY LIMITED,1230.0,1234.45,1191.0,1197.35,1195.0,1210.75,,1195.3,,,5431,6549242.0,527,F1,1,,,,,,2025-04-23
2025-04-23,2025-04-23,CM,BSE,STK,517393,INE043B01028,VINTRON,XT,,,,,VINTRON INFORMATICS LTD.,24.85,24.85,24.85,24.85,24.85,24.37,,24.85,,,22075,548563.0,76,F1,1,,,,,,2025-04-23
2025-04-23,2025-04-23,CM,BSE,STK,517397,INE648E01010,PANELEC,XT,,,,,PAN ELECTRONICS INDIA LTD.,59.97,59.97,59.97,59.97,59.97,61.19,,59.97,,,2,119.0,2,F1,1,,,,,,2025-04-23
2025-04-23,2025-04-23,CM,BSE,STK,517399,INE756A01019,VXLINSTR,XT,,,,,VXL INSTRUMENTS LTD.,5.25,5.25,5.25,5.25,5.25,5.25,,5.25,,,201,1055.0,2,F1,1,,,,,,2025-04-23
2025-04-23,2025-04-23,CM,BSE,STK,517411,INE635A01023,SHYAMTEL,T,,,,,SHYAM TELECOM LTD.,13.87,13.87,13.2,13.65,13.65,13.6,,13.73,,,177,2396.0,6,F1,1,,,,,,2025-04-23
2025-04-23,2025-04-23,CM,BSE,STK,517415,INE791B01014,LEENEE,X,,,,,LEE & NEE SOFTWARES (EXPORTS),10.55,10.55,9.59,10.26,10.15,10.58,,10.26,,,21675,218515.0,170,F1,1,,,,,,2025-04-23
2025-04-23,2025-04-23,CM,BSE,STK,517417,INE082C01024,PATELSAI,X,,,,,PATELS AIRTEMP (INDIA) LTD.,535.0,535.0,511.5,528.15,528.15,524.75,,528.15,,,5647,2948428.0,184,F1,1,,,,,,2025-04-23
2025-04-23,2025-04-23,CM,BSE,STK,517421,INE295F01017,BUTTERFLY,B,,,,,BUTTERFLY GANDHIMATHI APPLIANC,616.95,620.0,597.45,600.9,607.75,615.1,,600.25,,,949,570362.0,266,F1,1,,,,,,2025-04-23
2025-04-23,2025-04-23,CM,BSE,STK,517423,INE0IPL01018,INTEGSW,XT,,,,,INTEGRA SWITCHGEAR LTD.,121.0,121.6,112.1,112.25,112.1,117.9,,112.25,,,90,10439.0,5,F1,1,,,,,,2025-04-23
2025-04-23,2025-04-23,CM,BSE,STK,517429,INE576B01019,ATHENAGLO,X,,,,,Athena Global Technologies Lim,92.85,92.9,87.25,89.2,89.55,90.08,,89.2,,,32898,2984209.0,127,F1,1,,,,,,2025-04-23
2025-04-23,2025-04-23,CM,BSE,STK,517431,INE060D01010,NARMP,XT,,,,,NARMADA MACPLAST DRIP IRRIGATI,160.0,160.0,154.05,154.9,155.0,155.0,,154.9,,,16289,2520114.0,111,F1,1,,,,,,2025-04-23
2025-04-23,2025-04-23,CM,BSE,STK,517437,INE940C01015,DUTRON,X,,,,,DUTRON POLYMERS LTD.,127.0,127.85,124.25,124.25,124.25,125.0,,124.25,,,119,15165.0,9,F1,1,,,,,,2025-04-23
2025-04-23,2025-04-23,CM,BSE,STK,517447,INE165B01029,RSSOFTWARE,T,,,,,R.S.SOFTWARE INDIA LTD.,68.0,68.0,67.5,67.51,67.51,68.0,,67.51,,,711,48062.0,10,F1,1,,,,,,2025-04-23
2025-04-23,2025-04-23,CM,BSE,STK,517449,INE437D01010,MAGNAELQ,X,,,,,MAGNA ELECTRO CASTINGS LTD.,955.0,1005.0,950.0,984.0,975.3,956.55,,984.0,,,1427,1393165.0,102,F1,1,,,,,,2025-04-23
2025-04-23,2025-04-23,CM,BSE,STK,517467,INE415B01044,MARSONS,XT,,,,,MARSONS LIMITED,186.8,188.25,181.0,185.6,185.6,185.5,,185.6,,,49415,9172606.0,557,F1,1,,,,,,2025-04-23
2025-04-23,2025-04-23,CM,BSE,STK,517477,INE033C01019,ELNET,X,,,,,ELNET TECHNOLOGIES LTD.,360.0,360.0,350.0,350.2,350.2,360.0,,350.2,,,76,27104.0,5,F1,1,,,,,,2025-04-23
2025-04-23,2025-04-23,CM,BSE,STK,517494,INE258C01038,ACCEL,X,,,,,ACCEL LIMITED,18.0,18.48,17.41,17.89,17.94,17.92,,17.89,,,4386,78249.0,57,F1,1,,,,,,2025-04-23
2025-04-23,2025-04-23,CM,BSE,STK,517498,INE855C01015,WEBELSOLAR,B,,,,,WEBSOL ENERGY SYSTEM LTD.,1500.0,1526.7,1485.0,1526.7,1526.7,1454.0,,1531.5,,,53828,82048128.0,1063,F1,1,,,,,,2025-04-23
2025-04-23,2025-04-23,CM,BSE,STK,517500,INE535D01037,ROTO,B,,,,,ROTO PUMPS LTD.,235.05,239.9,228.65,238.25,238.25,234.25,,238.18,,,26290,6206330.0,814,F1,1,,,,,,2025-04-23
2025-04-23,2025-04-23,CM,BSE,STK,517506,INE690A01028,TTKPRESTIG,A,,,,,TTK PRESTIGE LTD.,658.0,659.0,641.35,646.75,648.4,650.0,,645.25,,,1659,1072950.0,184,F1,1,,,,,,2025-04-23
2025-04-23,2025-04-23,CM,BSE,STK,517514,INE589D01018,DHINDIA,X,,,,,D&H INDIA LTD,209.85,214.0,202.25,208.6,209.9,209.85,,208.6,,,3460,719064.0,84,F1,1,,,,,,2025-04-23
2025-04-23,2025-04-23,CM,BSE,STK,517522,INE451D01029,RAJRATAN,B,,,,,RAJRATAN GLOBAL WIRE LTD.,420.0,462.0,408.75,437.75,442.15,388.55,,438.0,,,111079,48783017.0,5377,F1,1,,,,,,2025-04-23
2025-04-23,2025-04-23,CM,BSE,STK,517530,INE130B01031,SURANAT&P,B,,,,,SURANA TELECOM AND POWER LIMIT,19.01,19.34,18.67,18.78,18.78,18.84,,18.88,,,10034,190645.0,65,F1,1,,,,,,2025-04-23
2025-04-23,2025-04-23,CM,BSE,STK,517536,INE229A01017,ONWARDTEC,B,,,,,ONWARD TECHNOLOGIES LTD.,254.5,278.5,253.25,271.0,268.2,251.25,,271.3,,,10029,2711564.0,667,F1,1,,,,,,2025-04-23
2025-04-23,2025-04-23,CM,BSE,STK,517544,INE320B01020,CENTUM,B,,,,,CENTUM ELECTRONICS LTD.,1705.0,1718.0,1664.0,1699.65,1690.75,1686.95,,1698.0,,,1138,1918124.0,226,F1,1,,,,,,2025-04-23
2025-04-23,2025-04-23,CM,BSE,STK,517546,INE209C01015,ALFATRAN,XT,,,,,ALFA TRANSFORMERS LTD.,87.23,90.95,87.23,88.85,89.99,87.23,,88.85,,,20180,1795684.0,276,F1,1,,,,,,2025-04-23
2025-04-23,2025-04-23,CM,BSE,STK,517554,INE141C01036,NHCFOODS,XT,,,,,NHC FOODS LTD.,1.06,1.06,1.0,1.03,1.04,1.01,,1.03,,,3690279,3829286.0,948,F1,1,,,,,,2025-04-23
2025-04-23,2025-04-23,CM,BSE,STK,517556,INE362A01016,PVP,B,,,,,PVP VENTURES LTD.,28.15,29.19,27.0,28.31,28.31,27.38,,28.52,,,38731,1085881.0,781,F1,1,,,,,,2025-04-23
2025-04-23,2025-04-23,CM,BSE,STK,517562,INE948A01012,TRIGYN,B,,,,,TRIGYN TECHNOLOGIES LTD.,78.67,83.07,77.22,82.09,81.39,77.21,,81.56,,,28119,2262974.0,1256,F1,1,,,,,,2025-04-23
2025-04-23,2025-04-23,CM,BSE,STK,517569,INE878B01027,KEI,A,,,,,KEI INDUSTRIES LTD.,2960.05,3049.9,2924.45,3021.45,3021.45,2956.05,,3019.2,,,40745,121911642.0,5076,F1,1,,,,,,2025-04-23
2025-04-23,2025-04-23,CM,BSE,STK,518011,INE145L01012,KEERTHI,X,,,,,KEERTHI INDUSTRIES LTD.,76.5,76.99,76.5,76.99,76.99,76.99,,76.99,,,178,13685.0,6,F1,1,,,,,,2025-04-23
2025-04-23,2025-04-23,CM,BSE,STK,518075,INE069E01019,SURAJ,Z,,,,,SURAJ PRODUCTS LTD.,438.9,438.9,406.1,408.6,424.8,422.05,,408.6,,,2088,865724.0,68,F1,1,,,,,,2025-04-23
2025-04-23,2025-04-23,CM,BSE,STK,518091,INE071F01012,APCL,B,,,,,ANJANI PORTLAND CEMENT LTD.,139.35,151.0,130.0,133.85,133.15,129.05,,134.15,,,8985,1264562.0,591,F1,1,,,,,,2025-04-23
2025-04-23,2025-04-23,CM,BSE,STK,519003,INE537F01012,MODINATUR,X,,,,,MODI NATURALS LIMITED,416.75,427.0,402.85,405.05,405.0,413.3,,405.05,,,1896,776951.0,54,F1,1,,,,,,2025-04-23
2025-04-23,2025-04-23,CM,BSE,STK,519014,INE100E01012,PRSNTIN,XT,,,,,PRASHANT INDIA LTD.,9.56,9.56,9.56,9.56,9.56,9.11,,9.56,,,357,3412.0,3,F1,1,,,,,,2025-04-23
2025-04-23,2025-04-23,CM,BSE,STK,519031,INE455D01012,SHAHFOOD,XT,,,,,SHAH FOODS LTD.,142.0,142.0,142.0,142.0,142.0,136.0,,142.0,,,1,142.0,1,F1,1,,,,,,2025-04-23
2025-04-23,2025-04-23,CM,BSE,STK,519064,INE687W01010,ZKHANDEN,X,,,,,KHANDELWAL EXTRACTION LTD.,81.56,84.0,75.6,80.3,75.6,81.56,,80.3,,,151,12257.0,33,F1,1,,,,,,2025-04-23
2025-04-23,2025-04-23,CM,BSE,STK,519091,INE488B01017,TASTYBITE,B,,,,,TASTY BITE EATABLES LTD.,8800.0,9185.7,8523.0,9121.85,9159.0,8603.15,,9104.5,,,437,3845508.0,195,F1,1,,,,,,2025-04-23
2025-04-23,2025-04-23,CM,BSE,STK,519097,INE534D01014,RITESHIN,X,,,,,RITESH INTERNATIONAL LTD.,38.0,41.0,37.5,39.74,40.24,37.81,,39.74,,,51189,2025778.0,231,F1,1,,,,,,2025-04-23
2025-04-23,2025-04-23,CM,BSE,STK,519105,INE488D01021,AVTNPL,B,,,,,AVT NATURAL PRODUCTS LTD.,62.62,63.6,61.2,63.16,63.6,62.87,,63.3,,,9530,598057.0,291,F1,1,,,,,,2025-04-23
2025-04-23,2025-04-23,CM,BSE,STK,519126,INE254N01026,HNDFDS,B,,,,,HINDUSTAN FOODS LTD.,584.8,584.8,562.25,566.05,568.0,578.6,,567.2,,,8872,5079983.0,803,F1,1,,,,,,2025-04-23
2025-04-23,2025-04-23,CM,BSE,STK,519136,INE289A01011,NAHARINDUS,B,,,,,NAHAR INDUSTRIAL ENTERPRISES L,105.95,105.95,101.92,103.7,103.14,104.18,,103.64,,,4140,429524.0,137,F1,1,,,,,,2025-04-23
2025-04-23,2025-04-23,CM,BSE,STK,519152,INE693D01018,VADILENT,X,,,,,VADILAL ENTERPRISES LTD.,13650.0,14160.0,13650.0,14100.25,14150.0,13649.3,,14100.25,,,174,2445852.0,66,F1,1,,,,,,2025-04-23
2025-04-23,2025-04-23,CM,BSE,STK,519156,INE694D01016,VADILALIND,B,,,,,VADILAL INDUSTRIES LTD.,7163.3,7227.0,6927.5,7115.35,7115.35,7144.35,,7100.9,,,4079,28956478.0,980,F1,1,,,,,,2025-04-23
2025-04-23,2025-04-23,CM,BSE,STK,519174,INE709D01012,ASHAI,XT,,,,,ASHIANA AGRO INDUSTRIES LTD.,11.0,11.55,11.0,11.55,11.55,11.55,,11.55,,,440,4917.0,8,F1,1,,,,,,2025-04-23
2025-04-23,2025-04-23,CM,BSE,STK,519183,INE982B01027,ADFFOODS,B,,,,,ADF FOODS LTD.,233.4,234.75,230.0,233.2,233.2,232.2,,232.25,,,15545,3620984.0,727,F1,1,,,,,,2025-04-23
2025-04-23,2025-04-23,CM,BSE,STK,519191,INE601N01010,RGRL,X,,,,,Retro Green Revolution Limited,6.62,6.89,6.43,6.57,6.57,6.62,,6.57,,,25113,165138.0,123,F1,1,,,,,,2025-04-23
2025-04-23,2025-04-23,CM,BSE,STK,519214,INE188E01017,WILLIMFI,XT,,,,,WILLIAMSON FINANCIAL SERVICES,7.36,7.36,7.36,7.36,7.36,7.01,,7.36,,,5397,39721.0,12,F1,1,,,,,,2025-04-23
2025-04-23,2025-04-23,CM,BSE,STK,519216,INE601B01023,AJANTSOY,X,,,,,AJANTA SOYA LTD.,49.0,49.4,47.1,48.08,48.08,48.65,,48.08,,,91483,4386032.0,472,F1,1,,,,,,2025-04-23
2025-04-23,2025-04-23,CM,BSE,STK,519224,INE210A01017,WILLAMAGOR,B,,,,,WILLIAMSON MAGOR & COMPANY LTD,31.0,32.0,29.15,32.0,32.0,31.2,,31.31,,,1227,38719.0,19,F1,1,,,,,,2025-04-23
2025-04-23,2025-04-23,CM,BSE,STK,519230,INE102C01020,KISAAN,XT,,,,,KISAAN PARIVAR INDUSTRIES LIMI,35.0,35.88,32.5,33.51,32.5,34.21,,33.51,,,10134,346656.0,57,F1,1,,,,,,2025-04-23
2025-04-23,2025-04-23,CM,BSE,STK,519234,INE843L01012,SIEL,X,,,,,SUPERIOR INDUSTRIAL ENTERPRISE,63.0,64.63,58.29,61.82,61.82,64.75,,61.82,,,474,29030.0,18,F1,1,,,,,,2025-04-23
2025-04-23,2025-04-23,CM,BSE,STK,519238,INE233P01017,SPTRSHI,XT,,,,,SAPTARISHI AGRO INDUSTRIES LTD,31.0,31.5,30.0,31.5,31.5,30.0,,31.5,,,1790,54476.0,16,F1,1,,,,,,2025-04-23
2025-04-23,2025-04-23,CM,BSE,STK,519260,INE890C01046,SANWARIA,Z,,,,,SANWARIA CONSUMER LIMITED,0.49,0.49,0.49,0.49,0.49,0.49,,0.39,,,24737,12121.0,30,F1,1,,,,,,2025-04-23
2025-04-23,2025-04-23,CM,BSE,STK,519262,INE297D01018,PRIMAGR,X,,,,,PRIMA AGRO LTD.,24.53,24.53,24.25,24.25,24.25,24.29,,24.25,,,50,1214.0,3,F1,1,,,,,,2025-04-23
2025-04-23,2025-04-23,CM,BSE,STK,519285,INE906C01016,TARAI,Z,,,,,TARAI FOODS LTD.,9.6,9.6,9.0,9.45,9.45,9.47,,9.45,,,1306,11829.0,27,F1,1,,,,,,2025-04-23
2025-04-23,2025-04-23,CM,BSE,STK,519287,INE617B01011,MODAIRY,X,,,,,MODERN DAIRIES LTD.,60.9,60.9,57.99,58.86,58.0,57.91,,58.86,,,9688,564636.0,105,F1,1,,,,,,2025-04-23
2025-04-23,2025-04-23,CM,BSE,STK,519295,INE921D01013,BAMBINO,X,,,,,BAMBINO AGRO INDUSTRIES LTD.,331.95,331.95,321.0,324.5,325.0,325.05,,324.5,,,2400,777123.0,42,F1,1,,,,,,2025-04-23
2025-04-23,2025-04-23,CM,BSE,STK,519299,INE543F01028,PRIMIND,XT,,,,,PRIME INDUSTRIES LTD.,81.9,81.9,74.5,78.7,80.0,78.42,,78.7,,,3445,267034.0,64,F1,1,,,,,,2025-04-23
2025-04-23,2025-04-23,CM,BSE,STK,519307,INE706A01022,VIKASWSP,Z,,,,,VIKAS WSP LTD.,1.58,1.61,1.55,1.6,1.6,1.56,,1.6,,,72273,114957.0,75,F1,1,,,,,,2025-04-23
2025-04-23,2025-04-23,CM,BSE,STK,519331,INE923K01014,VSFPROJ,X,,,,,VSF PROJECTS LTD.,53.95,54.5,51.5,52.25,52.25,53.1,,52.25,,,5464,294739.0,28,F1,1,,,,,,2025-04-23
2025-04-23,2025-04-23,CM,BSE,STK,519359,INE809E01018,POONADAL,X,,,,,POONA DAL & OIL INDUSTRIES LTD,66.99,68.0,66.99,67.66,67.66,67.67,,67.66,,,466,31624.0,3,F1,1,,,,,,2025-04-23
2025-04-23,2025-04-23,CM,BSE,STK,519383,INE087B01017,ANIKINDS,T,,,,,ANIK INDUSTRIES LTD.,125.75,125.75,116.05,119.0,119.0,120.0,,117.91,,,358,43534.0,6,F1,1,,,,,,2025-04-23
2025-04-23,2025-04-23,CM,BSE,STK,519397,INE220Z01013,SHINDL,X,,,,,SHARAT INDUSTRIES LTD.,70.52,71.8,69.0,71.22,71.8,70.52,,71.22,,,54165,3807856.0,198,F1,1,,,,,,2025-04-23
2025-04-23,2025-04-23,CM,BSE,STK,519421,INE953E01014,KSE,X,,,,,KSE LTD.,2001.0,2001.0,1940.0,1946.1,1940.0,2001.6,,1946.1,,,476,933562.0,55,F1,1,,,,,,2025-04-23
2025-04-23,2025-04-23,CM,BSE,STK,519455,INE540C01021,NARBADA,X,,,,,NARBADA GEMS AND JEWELLERY LTD,60.49,60.49,55.53,56.95,56.95,55.52,,56.95,,,683,38124.0,21,F1,1,,,,,,2025-04-23
2025-04-23,2025-04-23,CM,BSE,STK,519457,INE295C01014,VIRATCRA,X,,,,,VIRAT CRANE INDUSTRIES LTD.,55.8,57.5,54.0,54.92,55.0,55.0,,54.92,,,2719,151702.0,47,F1,1,,,,,,2025-04-23
2025-04-23,2025-04-23,CM,BSE,STK,519463,INE678B01021,IBINFO,X,,,,,IB INFOTECH ENTERPRISES LTD.,160.55,171.45,160.55,171.45,171.45,175.0,,171.45,,,112,18192.0,11,F1,1,,,,,,2025-04-23
2025-04-23,2025-04-23,CM,BSE,STK,519471,INE072V01017,AMBARPIL,X,,,,,Ambar Protein Industries Limit,210.0,221.95,191.0,212.9,212.9,210.35,,212.9,,,2343,497708.0,117,F1,1,,,,,,2025-04-23
2025-04-23,2025-04-23,CM,BSE,STK,519475,INE975C01011,CHORDIA,X,,,,,CHORDIA FOOD PRODUCTS LTD.,79.0,79.0,70.0,73.69,73.6,79.7,,73.69,,,612,46051.0,27,F1,1,,,,,,2025-04-23
2025-04-23,2025-04-23,CM,BSE,STK,519477,INE052V01019,CIANAGRO,XT,,,,,CIAN Agro Ind & Infra Ltd,429.95,432.15,405.45,413.8,407.05,425.35,,413.8,,,339,142631.0,27,F1,1,,,,,,2025-04-23
2025-04-23,2025-04-23,CM,BSE,STK,519479,INE112B01013,OMEAG,XT,,,,,OMEGA AG-SEEDS (PUNJAB) LTD.,7.84,7.97,7.26,7.85,7.85,7.64,,7.85,,,2820,20745.0,29,F1,1,,,,,,2025-04-23
2025-04-23,2025-04-23,CM,BSE,STK,519483,INE358D01018,TAIIND,X,,,,,TAI INDUSTRIES LTD.,41.75,41.75,36.7,39.47,39.55,39.66,,39.47,,,810,31695.0,24,F1,1,,,,,,2025-04-23
2025-04-23,2025-04-23,CM,BSE,STK,519494,INE542C01019,NKIND,B,,,,,N.K.INDUSTRIES LTD.,75.43,81.65,75.43,81.65,81.65,77.79,,72.45,,,12,934.0,3,F1,1,,,,,,2025-04-23
2025-04-23,2025-04-23,CM,BSE,STK,519500,INE356C01022,BKV,X,,,,,BKV INDUSTRIES LTD.,12.83,12.98,12.24,12.9,12.9,12.71,,12.9,,,1780,22284.0,19,F1,1,,,,,,2025-04-23
2025-04-23,2025-04-23,CM,BSE,STK,519532,INE822B01017,ASIANTNE,X,,,,,ASIAN TEA & EXPORTS LTD.,11.5,11.5,11.03,11.29,11.35,11.36,,11.29,,,20403,229158.0,116,F1,1,,,,,,2025-04-23
2025-04-23,2025-04-23,CM,BSE,STK,519552,INE978A01027,HERITGFOOD,A,,,,,HERITAGE FOODS LIMITED,420.55,428.0,419.3,422.55,423.2,424.2,,422.4,,,5556,2350731.0,269,F1,1,,,,,,2025-04-23
2025-04-23,2025-04-23,CM,BSE,STK,519566,INE354D01017,SIMRAN,X,,,,,SIMRAN FARMS LTD.,184.0,187.95,180.1,186.0,186.0,184.1,,186.0,,,2429,448623.0,39,F1,1,,,,,,2025-04-23
2025-04-23,2025-04-23,CM,BSE,STK,519574,INE092301014,HINDUST,X,,,,,HINDUSTAN AGRIGENETICS LTD.,77.1,79.99,70.0,76.94,76.94,77.1,,76.94,,,1585,118381.0,21,F1,1,,,,,,2025-04-23
2025-04-23,2025-04-23,CM,BSE,STK,519600,INE421D01022,CCL,A,,,,,CCL PRODUCTS (INDIA) LTD.,651.0,651.0,630.0,635.55,633.15,638.1,,637.8,,,4055,2570981.0,216,F1,1,,,,,,2025-04-23
2025-04-23,2025-04-23,CM,BSE,STK,519602,INE164B01022,KELLTONTEC,B,,,,,KELLTON TECH SOLUTIONS LTD.,113.75,118.0,113.4,114.55,114.45,112.25,,114.42,,,64715,7464068.0,983,F1,1,,,,,,2025-04-23
2025-04-23,2025-04-23,CM,BSE,STK,519604,INE565E01016,SURFI,X,,,,,SURYO FOODS & INDUSTRIES LTD.,15.13,15.2,15.13,15.2,15.2,15.2,,15.2,,,2211,33606.0,8,F1,1,,,,,,2025-04-23
2025-04-23,2025-04-23,CM,BSE,STK,519606,INE177M01013,INTEGFD,XT,,,,,INTEGRATED PROTEINS LTD.,48.12,48.12,48.12,48.12,48.12,48.12,,48.12,,,1,48.0,1,F1,1,,,,,,2025-04-23
2025-04-23,2025-04-23,CM,BSE,STK,519612,INE734D01010,MAHAANF,XT,,,,,MAHAAN FOODS LTD.,42.25,43.96,42.25,43.96,43.96,43.11,,43.96,,,1449,61743.0,11,F1,1,,,,,,2025-04-23
2025-04-23,2025-04-23,CM,BSE,STK,520008,INE209B01025,RICOAUTO,B,,,,,RICO AUTO INDUSTRIES LTD.,69.03,69.72,66.91,67.54,67.9,67.61,,67.59,,,90325,6196958.0,870,F1,1,,,,,,2025-04-23
2025-04-23,2025-04-23,CM,BSE,STK,520021,INE090B01011,OMAXAUTO,B,,,,,OMAX AUTOS LTD.,90.87,91.1,87.52,89.21,89.7,90.87,,89.23,,,1099,98649.0,50,F1,1,,,,,,2025-04-23
2025-04-23,2025-04-23,CM,BSE,STK,520043,INE577A01027,MUNJALSHOW,B,,,,,MUNJAL SHOWA LTD.,122.45,122.45,118.2,119.65,119.6,119.9,,119.91,,,1040,124475.0,80,F1,1,,,,,,2025-04-23
2025-04-23,2025-04-23,CM,BSE,STK,520051,INE039C01032,JAMNAAUTO,A,,,,,JAMNA AUTO INDUSTRIES LTD.,84.88,86.32,81.63,85.26,85.26,83.52,,85.3,,,1975470,162465848.0,2393,F1,1,,,,,,2025-04-23
2025-04-23,2025-04-23,CM,BSE,STK,520056,INE105A01035,TVSHLTD,A,,,,,TVS Holdings Limited,9251.25,9616.5,9251.25,9394.6,9370.5,9123.0,,9401.5,,,754,7120630.0,289,F1,1,,,,,,2025-04-23
2025-04-23,2025-04-23,CM,BSE,STK,520057,INE643A01035,JTEKTINDIA,B,,,,,JTEKT India Ltd,143.4,145.1,140.05,143.2,142.4,143.4,,142.91,,,5661,807055.0,331,F1,1,,,,,,2025-04-23
2025-04-23,2025-04-23,CM,BSE,STK,520059,INE672B01032,MUNJALAU,B,,,,,MUNJAL AUTO INDUSTRIES LTD.,77.4,78.0,74.81,77.27,78.0,76.81,,76.7,,,12916,984037.0,396,F1,1,,,,,,2025-04-23
2025-04-23,2025-04-23,CM,BSE,STK,520066,INE571B01036,JAYBARMARU,B,,,,,JAY BHARAT MARUTI LTD.,66.48,67.1,64.53,65.5,65.4,65.68,,65.41,,,6854,452875.0,277,F1,1,,,,,,2025-04-23
2025-04-23,2025-04-23,CM,BSE,STK,520073,INE704B01017,RACLGEAR,B,,,,,RACL Geartech Limited,874.0,874.0,842.6,844.65,842.9,834.95,,847.15,,,188,159479.0,51,F1,1,,,,,,2025-04-23
2025-04-23,2025-04-23,CM,BSE,STK,520075,INE706B01012,SAMKRG,X,,,,,SAMKRG PISTONS & RINGS LTD.,138.55,143.45,138.55,140.05,140.05,140.4,,140.05,,,4854,682583.0,65,F1,1,,,,,,2025-04-23
2025-04-23,2025-04-23,CM,BSE,STK,520086,INE075B01020,SICALLOG,T,,,,,SICAL LOGISTICS LTD.,94.59,98.8,91.61,96.2,96.2,94.59,,93.0,,,2722,263887.0,18,F1,1,,,,,,2025-04-23
2025-04-23,2025-04-23,CM,BSE,STK,520111,INE703B01027,RATNAMANI,A,,,,,RATNAMANI METALS & TUBES LTD.,2679.35,2679.35,2625.05,2660.45,2665.0,2673.85,,2660.7,,,254,674506.0,70,F1,1,,,,,,2025-04-23
2025-04-23,2025-04-23,CM,BSE,STK,520113,INE386A01015,VESUVIUS,A,,,,,VESUVIUS INDIA LTD.,4652.0,4720.05,4607.55,4693.85,4693.7,4629.75,,4694.0,,,859,4013724.0,178,F1,1,,,,,,2025-04-23
2025-04-23,2025-04-23,CM,BSE,STK,520119,INE900C01027,ASAL,B,,,,,AUTOMOTIVE STAMPINGS & ASSEMBL,511.65,524.2,508.6,510.85,509.3,509.55,,510.85,,,1965,1013440.0,257,F1,1,,,,,,2025-04-23
2025-04-23,2025-04-23,CM,BSE,STK,520121,INE276D01012,ARCEEIN,X,,,,,ARCEE INDUSTRIES LTD.,6.7,6.7,6.65,6.65,6.65,6.99,,6.65,,,2201,14658.0,6,F1,1,,,,,,2025-04-23
2025-04-23,2025-04-23,CM,BSE,STK,520123,INE125D01011,ABCINDQ,X,,,,,ABC INDIA LTD.,95.63,95.63,93.65,94.3,94.3,95.63,,94.3,,,112,10575.0,10,F1,1,,,,,,2025-04-23
2025-04-23,2025-04-23,CM,BSE,STK,520127,INE654B01014,BALTE,X,,,,,BALURGHAT TECHNOLOGIES LTD.,19.9,23.25,19.4,22.45,22.45,19.42,,22.45,,,83780,1846670.0,205,F1,1,,,,,,2025-04-23
2025-04-23,2025-04-23,CM,BSE,STK,520141,INE441C01014,SIBARAUT,X,,,,,SIBAR AUTO PARTS LTD.,10.54,10.8,10.51,10.76,10.8,10.54,,10.76,,,1156,12372.0,16,F1,1,,,,,,2025-04-23
2025-04-23,2025-04-23,CM,BSE,STK,520151,INE757B01015,TRANSWORLD,B,,,,,TRANSWORLD SHIPPING LINES LIMI,297.55,304.7,287.0,292.8,288.85,295.35,,292.1,,,5636,1659523.0,660,F1,1,,,,,,2025-04-23
2025-04-23,2025-04-23,CM,BSE,STK,520155,INE580C01019,STARLOG,XT,,,,,Starlog Enterprises Limited,86.96,86.96,86.96,86.96,86.96,88.73,,86.96,,,1066,92699.0,7,F1,1,,,,,,2025-04-23
2025-04-23,2025-04-23,CM,BSE,STK,521005,INE807M01023,TITANIN,XT,,,,,TITAN INTECH LIMITED,13.46,13.5,13.36,13.38,13.4,13.36,,13.38,,,152525,2046607.0,448,F1,1,,,,,,2025-04-23
2025-04-23,2025-04-23,CM,BSE,STK,521014,INE022C01012,EUROTEXIND,B,,,,,EUROTEX INDUSTRIES & EXPORTS L,14.65,15.29,13.91,14.5,14.5,14.65,,14.53,,,1792,26175.0,35,F1,1,,,,,,2025-04-23
2025-04-23,2025-04-23,CM,BSE,STK,521016,INE483B01026,ICIL,A,,,,,INDO COUNT INDUSTRIES LTD.,311.6,312.7,299.95,309.0,305.8,304.65,,308.45,,,48656,14830758.0,921,F1,1,,,,,,2025-04-23
2025-04-23,2025-04-23,CM,BSE,STK,521018,INE882A01013,MARALOVER,B,,,,,MARAL OVERSEAS LTD.,70.0,72.5,67.0,72.0,72.43,69.85,,72.04,,,12823,914849.0,166,F1,1,,,,,,2025-04-23
2025-04-23,2025-04-23,CM,BSE,STK,521034,INE314C01013,SOMATEX,B,,,,,SOMA TEXTILES & INDUSTRIES LTD,50.0,50.0,45.84,46.44,46.3,47.84,,46.51,,,14343,677985.0,219,F1,1,,,,,,2025-04-23
2025-04-23,2025-04-23,CM,BSE,STK,521048,INE900E01015,ADVLIFE,X,,,,,ADVANCE LIFESTYLES LTD.,29.4,32.9,29.4,31.49,31.49,30.0,,31.49,,,255,7526.0,5,F1,1,,,,,,2025-04-23
2025-04-23,2025-04-23,CM,BSE,STK,521054,INE092E01011,KAKTEX,X,,,,,KAKATIYA TEXTILES LTD.,18.0,18.75,17.65,17.71,17.71,18.74,,17.71,,,1880,33645.0,23,F1,1,,,,,,2025-04-23
2025-04-23,2025-04-23,CM,BSE,STK,521062,INE814L01013,OCTAVE,X,,,,,PERFECT-OCTAVE MEDIA PROJECTS,4.2,4.37,4.16,4.18,4.22,4.21,,4.18,,,4173,17594.0,29,F1,1,,,,,,2025-04-23
2025-04-23,2025-04-23,CM,BSE,STK,521064,INE064C01022,TRIDENT,A,,,,,TRIDENT LTD.,29.44,29.75,28.44,29.41,29.41,29.28,,29.43,,,2976010,86794710.0,7995,F1,1,,,,,,2025-04-23
2025-04-23,2025-04-23,CM,BSE,STK,521068,INE689E01014,HISARSP,P,,,,,HISAR SPINNING MILLS LTD.,45.02,45.02,45.01,45.01,45.01,47.35,,45.01,,,200,9003.0,2,F1,100,,,,,,2025-04-23
2025-04-23,2025-04-23,CM,BSE,STK,521070,INE270A01029,ALOKINDS,A,,,,,ALOK INDUSTRIES LTD.,19.4,19.4,18.5,18.62,18.62,19.55,,18.62,,,4443455,83658932.0,7245,F1,1,,,,,,2025-04-23
2025-04-23,2025-04-23,CM,BSE,STK,521080,INE604F01010,PASARI,X,,,,,PASARI SPINNING MILLS LTD.,8.93,9.49,8.41,8.62,8.61,8.65,,8.62,,,11099,97549.0,52,F1,1,,,,,,2025-04-23
2025-04-23,2025-04-23,CM,BSE,STK,521097,INE484D01012,AMARJOTHI,X,,,,,AMARJOTHI SPINNING MILLS LTD.,163.7,164.6,158.1,164.55,164.6,163.6,,164.55,,,4026,657189.0,61,F1,1,,,,,,2025-04-23
2025-04-23,2025-04-23,CM,BSE,STK,521105,INE482O01021,OLYMPTX,X,,,,,OLYMPIA INDUSTRIES LTD.,45.0,45.0,42.55,42.76,42.76,43.48,,42.76,,,282,12071.0,8,F1,1,,,,,,2025-04-23
2025-04-23,2025-04-23,CM,BSE,STK,521109,INE123B01028,NAGREEKEXP,B,,,,,NAGREEKA EXPORTS LTD.,27.32,28.94,25.65,26.08,25.65,27.32,,27.15,,,2158,58539.0,36,F1,1,,,,,,2025-04-23
2025-04-23,2025-04-23,CM,BSE,STK,521113,INE691D01012,SUDTIND-B,XT,,,,,SUDITI INDUSTRIES LTD.,42.38,42.38,42.38,42.38,42.38,41.55,,42.38,,,2140,90693.0,6,F1,1,,,,,,2025-04-23
2025-04-23,2025-04-23,CM,BSE,STK,521131,INE363D01018,SBFL,X,,,,,Shree Bhavya Fabrics Limited,26.0,26.97,25.0,26.97,26.97,26.45,,26.97,,,2107,54462.0,43,F1,1,,,,,,2025-04-23
2025-04-23,2025-04-23,CM,BSE,STK,521137,INE958A01011,EUREKAI,XT,,,,,EUREKA INDUSTRIES LTD.,10.59,10.59,9.65,10.07,10.07,10.15,,10.07,,,42687,414652.0,103,F1,1,,,,,,2025-04-23
2025-04-23,2025-04-23,CM,BSE,STK,521141,INE122D01026,ADITYASP,X,,,,,ADITYA SPINNERS LTD.,22.26,22.9,21.5,22.09,22.09,22.15,,22.09,,,2437,54125.0,125,F1,1,,,,,,2025-04-23
2025-04-23,2025-04-23,CM,BSE,STK,521149,INE419E01024,PRIMEURB,XT,,,,,PRIME URBAN DEVELOPMENT INDIA,8.55,9.45,8.55,9.43,9.43,9.0,,9.43,,,8425,73477.0,23,F1,1,,,,,,2025-04-23
2025-04-23,2025-04-23,CM,BSE,STK,521161,INE456D01010,SLSTLQ,X,,,,,SRI LAKSHMI SARASWATHI TEXTILE,37.34,40.8,36.1,36.4,36.31,37.35,,36.4,,,1102,41040.0,10,F1,1,,,,,,2025-04-23
2025-04-23,2025-04-23,CM,BSE,STK,521163,INE206B01013,ZODIACLOTH,B,,,,,ZODIAC CLOTHING CO.LTD.,99.47,100.98,98.0,100.42,99.5,98.56,,100.3,,,890,88503.0,79,F1,1,,,,,,2025-04-23
2025-04-23,2025-04-23,CM,BSE,STK,521178,INE306D01017,SRMCL,X,,,,,SRI RAMAKRISHNA MILLS (COIMBAT,46.38,46.61,44.0,45.4,46.4,46.38,,45.4,,,4688,207713.0,47,F1,1,,,,,,2025-04-23
2025-04-23,2025-04-23,CM,BSE,STK,521180,INE662A01027,SUPERSPIN,B,,,,,SUPER SPINNING MILLS LTD.,11.25,12.36,10.93,11.72,11.8,11.26,,11.31,,,7327,84119.0,37,F1,1,,,,,,2025-04-23
2025-04-23,2025-04-23,CM,BSE,STK,521194,INE923A01015,SILINV,B,,,,,SIL INVESTMENTS LTD.,663.0,676.9,644.85,651.3,651.3,660.8,,648.4,,,684,453633.0,111,F1,1,,,,,,2025-04-23
2025-04-23,2025-04-23,CM,BSE,STK,521200,INE713B01026,SURYALAXMI,B,,,,,SURYALAKSHMI COTTON MILLS LTD.,66.07,66.07,63.7,64.99,65.0,66.07,,64.62,,,2126,138360.0,64,F1,1,,,,,,2025-04-23
2025-04-23,2025-04-23,CM,BSE,STK,521206,INE931D01020,SAMTEX,X,,,,,SAMTEX FASHIONS LTD.,2.84,2.85,2.62,2.75,2.84,2.84,,2.75,,,53699,146265.0,112,F1,1,,,,,,2025-04-23
2025-04-23,2025-04-23,CM,BSE,STK,521210,INE117C01010,CITYMAN,XT,,,,,CITYMAN LTD.,27.5,27.5,27.5,27.5,27.5,27.67,,27.5,,,100,2750.0,1,F1,1,,,,,,2025-04-23
2025-04-23,2025-04-23,CM,BSE,STK,521216,INE220C01012,DHANROTO,X,,,,,DHANALAXMI ROTO SPINNERS LTD.,100.0,101.0,98.15,99.5,98.15,99.9,,99.5,,,5358,532471.0,123,F1,1,,,,,,2025-04-23
2025-04-23,2025-04-23,CM,BSE,STK,521220,INE497D01022,DAMODARIND,B,,,,,DAMODAR INDUSTRIES LTD.,37.47,37.47,33.02,36.47,36.47,35.16,,34.57,,,4706,164358.0,59,F1,1,,,,,,2025-04-23
2025-04-23,2025-04-23,CM,BSE,STK,521222,INE602D01027,SANBLUE,X,,,,,SANBLUE CORPORATION LTD.,46.07,48.61,46.07,46.63,46.1,46.3,,46.63,,,279,12994.0,5,F1,1,,,,,,2025-04-23
2025-04-23,2025-04-23,CM,BSE,STK,521226,INE980D01019,UNIROYAL,X,,,,,UNIROYAL INDUSTRIES LTD.,24.5,27.25,24.5,27.12,26.9,25.39,,27.12,,,1958,51599.0,30,F1,1,,,,,,2025-04-23
2025-04-23,2025-04-23,CM,BSE,STK,521228,INE083G01031,TATIAGLOB,X,,,,,TATIA GLOBAL VENNTURE LTD.,2.88,2.9,2.83,2.86,2.86,2.86,,2.86,,,49230,141198.0,135,F1,1,,,,,,2025-04-23
2025-04-23,2025-04-23,CM,BSE,STK,521232,INE124M01015,SUNILTX,P,,,,,SUNIL INDUSTRIES LTD.,88.3,90.0,88.3,90.0,90.0,92.9,,90.0,,,200,17830.0,2,F1,100,,,,,,2025-04-23
2025-04-23,2025-04-23,CM,BSE,STK,521234,INE443E01016,SRINACHA,X,,,,,SRI NACHAMMAI COTTON MILLS LTD,36.0,36.38,34.6,34.97,36.38,35.3,,34.97,,,340,12024.0,10,F1,1,,,,,,2025-04-23
2025-04-23,2025-04-23,CM,BSE,STK,521238,INE893C01032,BGDL,T,,,,,BHARAT GLOBAL DEVELOPERS LIMIT,863.6,863.6,863.6,863.6,863.6,909.05,,863.6,,,448,386892.0,102,F1,1,,,,,,2025-04-23
2025-04-23,2025-04-23,CM,BSE,STK,521244,INE676G01024,MKPMOB,XT,,,,,MKP Mobility Limited,142.0,148.5,134.9,148.5,148.5,142.0,,148.5,,,476,65034.0,11,F1,1,,,,,,2025-04-23
2025-04-23,2025-04-23,CM,BSE,STK,521246,INE162C01024,PARASPETRO,B,,,,,PARAS PETROFILS LTD.,2.72,2.75,2.62,2.66,2.64,2.69,,2.67,,,49941,133009.0,263,F1,1,,,,,,2025-04-23
2025-04-23,2025-04-23,CM,BSE,STK,521248,INE602G01020,KITEX,T,,,,,KITEX GARMENTS LTD.,261.0,269.8,249.3,252.35,252.35,262.4,,253.64,,,204530,51581901.0,2396,F1,1,,,,,,2025-04-23
2025-04-23,2025-04-23,CM,BSE,STK,522001,INE608B01010,CRANEX,X,,,,,CRANEX LTD.,92.28,94.79,90.0,94.43,94.44,92.28,,94.43,,,7673,692836.0,67,F1,1,,,,,,2025-04-23
2025-04-23,2025-04-23,CM,BSE,STK,522004,INE177C01022,BATLIBOI,X,,,,,BATLIBOI LTD.,99.25,102.0,97.0,98.75,98.75,99.25,,98.75,,,21575,2146151.0,210,F1,1,,,,,,2025-04-23
2025-04-23,2025-04-23,CM,BSE,STK,522005,INE759F01012,AUSTENG,X,,,,,AUSTIN ENGINEERING CO.LTD.,158.4,161.5,157.1,159.65,159.8,158.2,,159.65,,,1336,213034.0,29,F1,1,,,,,,2025-04-23
2025-04-23,2025-04-23,CM,BSE,STK,522014,INE961D01019,UNIDT,B,,,,,UNITED DRILLING TOOLS LTD.,225.35,227.8,221.05,222.7,221.65,223.35,,223.03,,,823,184517.0,83,F1,1,,,,,,2025-04-23
2025-04-23,2025-04-23,CM,BSE,STK,522017,INE459C01016,FLUIDOM,X,,,,,FLUIDOMAT LTD.,849.0,849.0,832.05,839.8,844.9,841.4,,839.8,,,2120,1774544.0,63,F1,1,,,,,,2025-04-23
2025-04-23,2025-04-23,CM,BSE,STK,522027,INE279D01016,EMAINDIA,XT,,,,,EMA INDIA LTD.,146.9,146.9,146.9,146.9,146.9,146.9,,146.9,,,3,440.0,2,F1,1,,,,,,2025-04-23
2025-04-23,2025-04-23,CM,BSE,STK,522029,INE052A01021,WINDMACHIN,B,,,,,WINDSOR MACHINES LTD.,316.05,337.65,311.3,325.8,325.2,315.8,,325.95,,,26325,8511461.0,1095,F1,1,,,,,,2025-04-23
2025-04-23,2025-04-23,CM,BSE,STK,522034,INE631A01022,SHANTIGEAR,B,,,,,SHANTHI GEARS LTD.,525.25,528.2,515.15,526.6,525.9,524.05,,526.7,,,899,469986.0,102,F1,1,,,,,,2025-04-23
2025-04-23,2025-04-23,CM,BSE,STK,522036,INE338P01014,MIVENMACH,XT,,,,,MIVEN MACHINE TOOLS LTD.,98.7,98.7,98.7,98.7,98.7,103.85,,98.7,,,51,5033.0,2,F1,1,,,,,,2025-04-23
2025-04-23,2025-04-23,CM,BSE,STK,522064,INE634A01018,HONDAPOWER,B,,,,,HONDA INDIA POWER PRODUCTS LIM,2160.0,2219.6,2129.25,2153.8,2141.0,2142.2,,2150.3,,,1878,4071392.0,424,F1,1,,,,,,2025-04-23
2025-04-23,2025-04-23,CM,BSE,STK,522073,INE127B01011,HITECHGEAR,T,,,,,The Hi-Tech Gears Ltd,630.0,630.0,615.0,616.0,616.0,630.0,,629.95,,,32,20131.0,4,F1,1,,,,,,2025-04-23
2025-04-23,2025-04-23,CM,BSE,STK,522074,INE285A01027,ELGIEQUIP,A,,,,,ELGI EQUIPMENTS LTD.,463.95,479.7,460.65,474.3,476.0,459.5,,474.55,,,41528,19625365.0,1273,F1,1,,,,,,2025-04-23
2025-04-23,2025-04-23,CM,BSE,STK,522091,INE890G01021,UVDRHOR,X,,,,,UNITED VAN DER HORST LTD.,138.0,138.0,130.0,130.5,130.5,136.7,,130.5,,,1092,147010.0,25,F1,1,,,,,,2025-04-23
2025-04-23,2025-04-23,CM,BSE,STK,522101,INE338F01015,KLBRENG-B,B,,,,,KILBURN ENGINEERING LTD.,412.0,418.8,391.5,407.8,407.8,411.85,,407.8,,,309732,125036449.0,1474,F1,1,,,,,,2025-04-23
2025-04-23,2025-04-23,CM,BSE,STK,522105,INE372E01025,BIRLAPREC,XT,,,,,BIRLA PRECISION TECHNOLOGIES L,39.8,40.49,39.51,40.42,40.49,39.91,,40.42,,,13376,536387.0,76,F1,1,,,,,,2025-04-23
2025-04-23,2025-04-23,CM,BSE,STK,522108,INE384C01016,YUKEN,B,,,,,YUKEN INDIA LTD.,873.55,890.95,848.1,858.3,857.0,865.95,,861.3,,,399,343667.0,67,F1,1,,,,,,2025-04-23
2025-04-23,2025-04-23,CM,BSE,STK,522113,INE325A01013,TIMKEN,A,,,,,TIMKEN INDIA LTD.,2660.85,2667.2,2598.35,2614.5,2608.9,2651.8,,2619.5,,,2281,6023186.0,217,F1,1,,,,,,2025-04-23
2025-04-23,2025-04-23,CM,BSE,STK,522122,INE285C01015,VOITHPAPR,X,,,,,VOITH PAPER FABRICS INDIA LTD.,1610.0,1618.0,1575.0,1610.45,1618.0,1592.9,,1610.45,,,276,444422.0,48,F1,1,,,,,,2025-04-23
2025-04-23,2025-04-23,CM,BSE,STK,522134,INE133D01023,ARTSON,X,,,,,ARTSON LIMITED,171.55,173.95,160.5,173.95,173.95,165.7,,173.95,,,20694,3576015.0,256,F1,1,,,,,,2025-04-23
2025-04-23,2025-04-23,CM,BSE,STK,522152,INE410A01013,SOLIMAC,X,,,,,SOLITAIRE MACHINE TOOLS LTD.,155.5,158.0,150.8,153.15,150.8,154.75,,153.15,,,7315,1116761.0,87,F1,1,,,,,,2025-04-23
2025-04-23,2025-04-23,CM,BSE,STK,522163,INE989C01038,DIACABS,B,,,,,DIAMOND POWER INFRASTRUCTURE L,111.21,114.95,102.21,103.96,103.76,107.67,,104.29,,,97819,10451620.0,2013,F1,1,,,,,,2025-04-23
2025-04-23,2025-04-23,CM,BSE,STK,522165,INE867D01018,INDSILHYD,X,,,,,INDSIL HYDRO POWER AND MANGANE,46.9,49.0,45.5,45.68,45.68,45.37,,45.68,,,46109,2176682.0,381,F1,1,,,,,,2025-04-23
2025-04-23,2025-04-23,CM,BSE,STK,522183,INE478D01014,ITL,X,,,,,ITL INDUSTRIES LTD.,433.0,442.55,405.0,439.4,439.4,415.45,,439.4,,,11338,4859685.0,205,F1,1,,,,,,2025-04-23
2025-04-23,2025-04-23,CM,BSE,STK,522195,INE572D01014,FRONTSP,X,,,,,FRONTIER SPRINGS LTD.,2300.0,2441.4,2276.0,2414.4,2414.4,2239.8,,2414.4,,,12531,29759658.0,954,F1,1,,,,,,2025-04-23
2025-04-23,2025-04-23,CM,BSE,STK,522205,INE074A01025,PRAJIND,A,,,,,PRAJ INDUSTRIES LTD.,535.55,536.15,520.2,529.75,529.75,528.55,,529.3,,,73762,39016877.0,2742,F1,1,,,,,,2025-04-23
2025-04-23,2025-04-23,CM,BSE,STK,522207,INE682D01011,RASANDIK,X,,,,,RASANDIK ENGINEERING INDUSTRIE,87.65,90.6,87.51,89.98,89.98,89.39,,89.98,,,5217,458044.0,28,F1,1,,,,,,2025-04-23
2025-04-23,2025-04-23,CM,BSE,STK,522209,INE429B01011,YOGISUNG,X,,,,,YOGI SUNG-WON (INDIA) LTD.,8.5,8.91,8.28,8.58,8.79,8.46,,8.58,,,1051,8963.0,20,F1,1,,,,,,2025-04-23
2025-04-23,2025-04-23,CM,BSE,STK,522215,INE461D01028,HLEGLAS,B,,,,,HLE GLASCOAT LIMITED,292.0,292.0,275.0,280.7,283.0,283.4,,281.85,,,12858,3611994.0,782,F1,1,,,,,,2025-04-23
2025-04-23,2025-04-23,CM,BSE,STK,522217,INE826C01016,GUJAPOLLO,B,,,,,GUJARAT APOLLO INDUSTRIES LTD.,382.5,382.5,360.0,362.25,362.25,376.5,,363.6,,,2446,900509.0,168,F1,1,,,,,,2025-04-23
2025-04-23,2025-04-23,CM,BSE,STK,522229,INE692C01020,TANAA,T,,,,,TANEJA AEROSPACE & AVIATION LT,304.6,304.6,304.6,304.6,304.6,298.65,,304.6,,,3520,1072192.0,56,F1,1,,,,,,2025-04-23
2025-04-23,2025-04-23,CM,BSE,STK,522231,INE714D01020,CONART,XT,,,,,CONART ENGINEERS LTD.,93.66,93.66,93.66,93.66,93.66,89.2,,93.66,,,1960,183573.0,20,F1,1,,,,,,2025-04-23
2025-04-23,2025-04-23,CM,BSE,STK,522235,INE097E01028,MINALIND,X,,,,,MINAL INDUSTRIES LIMITED,3.87,3.87,3.73,3.83,3.84,3.85,,3.83,,,10871,41385.0,109,F1,1,,,,,,2025-04-23
2025-04-23,2025-04-23,CM,BSE,STK,522241,INE227C01017,MMFL,B,,,,,M.M.FORGINGS LTD.,353.8,361.45,347.25,354.5,351.95,353.05,,352.85,,,1217,430749.0,131,F1,1,,,,,,2025-04-23
2025-04-23,2025-04-23,CM,BSE,STK,522249,INE040D01038,MAYURUNIQ,B,,,,,MAYUR UNIQUOTERS LTD.,501.8,502.95,490.7,500.2,501.0,501.7,,499.95,,,3205,1598452.0,264,F1,1,,,,,,2025-04-23
2025-04-23,2025-04-23,CM,BSE,STK,522251,INE627F01011,CENLUB,X,,,,,CENLUB INDUSTRIES LTD.,378.0,378.4,368.0,369.6,370.0,366.7,,369.6,,,3657,1357340.0,127,F1,1,,,,,,2025-04-23
2025-04-23,2025-04-23,CM,BSE,STK,522257,INE535F01024,RAJOOENG,B,,,,,RAJOO ENGINEERS LTD.,154.0,156.8,152.5,154.08,154.0,153.48,,154.08,,,460241,71132158.0,2302,F1,1,,,,,,2025-04-23
2025-04-23,2025-04-23,CM,BSE,STK,522261,INE920A01037,DOLPHIN,T,,,,,DOLPHIN OFFSHORE ENTERPRISES (,369.1,369.1,369.1,369.1,369.1,361.9,,369.1,,,332,122541.0,8,F1,1,,,,,,2025-04-23
2025-04-23,2025-04-23,CM,BSE,STK,522267,INE466D01019,VJLAXMIE,X,,,,,VEEJAY LAKSHMI ENGINEERING WOR,64.0,65.0,59.0,64.37,65.0,60.79,,64.37,,,472,30124.0,16,F1,1,,,,,,2025-04-23
2025-04-23,2025-04-23,CM,BSE,STK,522273,INE868C01018,AHMDSTE,XT,,,,,AHMEDABAD STEELCRAFT LTD.,297.3,297.3,297.3,297.3,297.3,291.5,,297.3,,,31,9216.0,3,F1,1,,,,,,2025-04-23
2025-04-23,2025-04-23,CM,BSE,STK,522275,INE200A01026,GVTD,B,,,,,GE Vernova T&D India Limited,1534.0,1546.0,1492.3,1521.0,1512.1,1503.7,,1521.0,,,8934,13551644.0,998,F1,1,,,,,,2025-04-23
2025-04-23,2025-04-23,CM,BSE,STK,522281,INE207E01023,RAMRAT,B,,,,,RAM RATNA WIRES LTD.,550.0,555.45,542.0,547.9,550.0,542.8,,543.45,,,580,318993.0,113,F1,1,,,,,,2025-04-23
2025-04-23,2025-04-23,CM,BSE,STK,522285,INE854B01010,JAYNECOIND,B,,,,,JAYASWAL NECO INDUSTRIES LTD.,35.6,37.62,35.6,36.2,36.2,36.77,,36.14,,,14830,537346.0,291,F1,1,,,,,,2025-04-23
2025-04-23,2025-04-23,CM,BSE,STK,522287,INE220B01022,KPIL,A,,,,,KALPATARU PROJECTS INTERNATION,1004.9,1004.9,977.65,988.4,986.75,1000.3,,988.7,,,9991,9860192.0,668,F1,1,,,,,,2025-04-23
2025-04-23,2025-04-23,CM,BSE,STK,522292,INE713D01055,CANDOUR,X,,,,,CANDOUR TECHTEX LIMITED,100.0,103.0,92.45,97.34,98.99,95.1,,97.34,,,9477,908625.0,114,F1,1,,,,,,2025-04-23
2025-04-23,2025-04-23,CM,BSE,STK,522294,INE811B01010,TIGLOB,X,,,,,T & I GLOBAL LTD.,155.95,155.95,145.1,150.0,150.0,150.0,,150.0,,,618,91731.0,14,F1,1,,,,,,2025-04-23
2025-04-23,2025-04-23,CM,BSE,STK,522295,INE663B01015,CONTROLPR,B,,,,,CONTROL PRINT LTD.,648.65,660.0,640.05,656.6,659.15,642.8,,653.25,,,1770,1153607.0,307,F1,1,,,,,,2025-04-23
2025-04-23,2025-04-23,CM,BSE,STK,522650,INE142E01014,BEMHY,X,,,,,BEMCO HYDRAULICS LTD.,2188.0,2387.0,2188.0,2277.1,2294.95,2090.0,,2277.1,,,1623,3694506.0,257,F1,1,,,,,,2025-04-23
2025-04-23,2025-04-23,CM,BSE,STK,523007,INE030C01015,ANSALBU,X,,,,,ANSAL BUILDWELL LTD.,125.35,129.85,118.0,125.55,125.55,129.85,,125.55,,,3570,437725.0,92,F1,1,,,,,,2025-04-23
2025-04-23,2025-04-23,CM,BSE,STK,523011,INE080A01014,WEIZMANIND,B,,,,,WEIZMANN LTD.,117.05,119.45,114.95,116.95,118.45,120.35,,117.27,,,2243,262887.0,333,F1,1,,,,,,2025-04-23
2025-04-23,2025-04-23,CM,BSE,STK,523019,INE710D01028,BNRSEC,XT,,,,,B.N.RATHI SECURITIES LTD.,27.88,28.48,27.2,27.69,27.69,28.08,,27.69,,,48933,1356230.0,356,F1,1,,,,,,2025-04-23
2025-04-23,2025-04-23,CM,BSE,STK,523021,INE989D01010,RISHITECH,X,,,,,RISHI TECHTEX LTD.,48.6,51.0,47.5,47.98,47.98,49.75,,47.98,,,4158,202440.0,21,F1,1,,,,,,2025-04-23
2025-04-23,2025-04-23,CM,BSE,STK,523023,INE985A01022,SINCLAIR,B,,,,,SINCLAIRS HOTELS LTD.,95.55,101.9,90.6,101.71,101.89,94.84,,101.34,,,18627,1799363.0,749,F1,1,,,,,,2025-04-23
2025-04-23,2025-04-23,CM,BSE,STK,523025,INE429E01023,SAFARI,A,,,,,SAFARI INDUSTRIES (INDIA) LTD.,2077.0,2079.2,2043.0,2052.15,2052.35,2072.25,,2051.2,,,1608,3321787.0,334,F1,1,,,,,,2025-04-23
2025-04-23,2025-04-23,CM,BSE,STK,523062,INE584C01011,JJFINCOR,X,,,,,J.J.FINANCE CORPORATION LTD.,46.7,46.78,42.35,46.0,46.0,44.57,,46.0,,,476,20349.0,16,F1,1,,,,,,2025-04-23
2025-04-23,2025-04-23,CM,BSE,STK,523100,INE124B01018,COSMOFE,X,,,,,COSMO FERRITES LTD.,241.5,243.05,234.3,240.45,234.3,238.4,,240.45,,,4252,1015635.0,73,F1,1,,,,,,2025-04-23
2025-04-23,2025-04-23,CM,BSE,STK,523105,INE293E01031,CROPSTER,B,,,,,CROPSTER AGRO LIMITED,22.47,22.47,20.7,21.02,21.34,21.54,,21.02,,,14083,298802.0,158,F1,1,,,,,,2025-04-23
2025-04-23,2025-04-23,CM,BSE,STK,523116,INE391G01012,SANCTRN,X,,,,,SANCO TRANS LTD.,701.0,754.95,700.05,754.95,754.95,735.0,,754.95,,,11,7760.0,3,F1,1,,,,,,2025-04-23
2025-04-23,2025-04-23,CM,BSE,STK,523120,INE628D01014,ADORMUL,XT,,,,,ADOR MULTIPRODUCTS LTD.,82.38,82.38,79.0,82.38,82.38,78.46,,82.38,,,61758,5065846.0,206,F1,1,,,,,,2025-04-23
2025-04-23,2025-04-23,CM,BSE,STK,523127,INE276C01014,EIHAHOTELS,B,,,,,EIH ASSOCIATED HOTELS LTD.,387.35,387.65,378.05,384.4,385.2,385.8,,383.55,,,4872,1866061.0,329,F1,1,,,,,,2025-04-23
2025-04-23,2025-04-23,CM,BSE,STK,523144,INE442D01010,MEDICAPQ,X,,,,,MEDI-CAPS LTD.,43.07,44.95,43.07,43.22,43.1,44.15,,43.22,,,5212,225660.0,64,F1,1,,,,,,2025-04-23
2025-04-23,2025-04-23,CM,BSE,STK,523151,INE910B01028,OTCO,X,,,,,OTCO INTERNATIONAL LTD.,8.69,8.69,8.01,8.55,8.59,8.32,,8.55,,,1902,16290.0,19,F1,1,,,,,,2025-04-23
2025-04-23,2025-04-23,CM,BSE,STK,523160,INE599F01020,MORGANITE,X,,,,,MORGANITE CRUCIBLE (INDIA) LTD,1555.0,1560.0,1449.95,1539.0,1554.0,1536.05,,1539.0,,,3540,5365140.0,202,F1,1,,,,,,2025-04-23
2025-04-23,2025-04-23,CM,BSE,STK,523186,INE00FM01013,BAPACK,X,,,,,B&A PACKAGING INDIA LIMITED,266.5,275.0,266.0,268.3,268.0,270.45,,268.3,,,443,119255.0,23,F1,1,,,,,,2025-04-23
2025-04-23,2025-04-23,CM,BSE,STK,523204,INE421A01028,ABAN,T,,,,,ABAN OFFSHORE LTD.,40.7,41.0,39.16,39.82,39.95,40.66,,39.79,,,10029,402639.0,165,F1,1,,,,,,2025-04-23
2025-04-23,2025-04-23,CM,BSE,STK,523207,INE760A01029,KOKUYOCMLN,B,,,,,KOKUYO CAMLIN LTD.,113.35,114.0,110.3,111.35,111.0,113.15,,111.48,,,5577,625097.0,166,F1,1,,,,,,2025-04-23
2025-04-23,2025-04-23,CM,BSE,STK,523222,INE173J01018,SRMENERGY,XT,,,,,SRM ENERGY LTD.,9.55,9.55,9.55,9.55,9.55,9.1,,9.55,,,71,678.0,2,F1,1,,,,,,2025-04-23
2025-04-23,2025-04-23,CM,BSE,STK,523229,INE415D01024,BHARATSE,B,,,,,BHARAT SEATS LTD.,85.98,86.5,80.5,82.11,82.11,82.61,,81.92,,,7324,608373.0,351,F1,1,,,,,,2025-04-23
2025-04-23,2025-04-23,CM,BSE,STK,523232,INE369D01023,CONTPTR,X,,,,,CONTINENTAL PETROLEUMS LTD.,118.75,121.5,118.0,118.9,118.65,118.65,,118.9,,,2610,312150.0,57,F1,1,,,,,,2025-04-23
2025-04-23,2025-04-23,CM,BSE,STK,523242,INE006F01018,NBFOOT,P,,,,,NB FOOTWEAR LTD.,14.34,14.34,14.34,14.34,14.34,14.95,,14.34,,,300,4302.0,1,F1,100,,,,,,2025-04-23
2025-04-23,2025-04-23,CM,BSE,STK,523248,INE082B01018,MACPLASQ,X,,,,,MACHINO PLASTICS LTD.,230.0,234.8,230.0,231.5,234.8,227.8,,231.5,,,918,212750.0,27,F1,1,,,,,,2025-04-23
2025-04-23,2025-04-23,CM,BSE,STK,523260,INE844A01013,PEARLPOLY,B,,,,,PEARL POLYMERS LTD.,30.1,30.12,28.63,29.38,29.38,30.86,,29.19,,,1672,49386.0,30,F1,1,,,,,,2025-04-23
2025-04-23,2025-04-23,CM,BSE,STK,523261,INE398A01010,VENKEYS,B,,,,,VENKYS (INDIA) LTD.,1738.0,1750.0,1708.75,1742.85,1737.95,1735.25,,1744.4,,,548,949933.0,93,F1,1,,,,,,2025-04-23
2025-04-23,2025-04-23,CM,BSE,STK,523269,INE199C01026,ADVANIHOTR,B,,,,,ADVANI HOTELS & RESORTS (INDIA,62.51,63.37,61.74,62.07,62.01,62.68,,62.04,,,701,43768.0,144,F1,1,,,,,,2025-04-23
2025-04-23,2025-04-23,CM,BSE,STK,523277,INE395B01048,GVFILM,X,,,,,GV FILMS LTD.,0.66,0.69,0.64,0.66,0.66,0.67,,0.66,,,2966460,1973127.0,1022,F1,1,,,,,,2025-04-23
2025-04-23,2025-04-23,CM,BSE,STK,523283,INE712B01010,SUPERHOUSE,B,,,,,SUPERHOUSE LTD.,164.0,165.2,155.45,164.95,164.95,162.0,,162.67,,,221,35409.0,12,F1,1,,,,,,2025-04-23
2025-04-23,2025-04-23,CM,BSE,STK,523289,INE763B01013,RAMAVISION,X,,,,,RAMA VISION LTD.,87.0,87.0,82.0,82.25,82.25,84.95,,82.25,,,472,40247.0,21,F1,1,,,,,,2025-04-23
2025-04-23,2025-04-23,CM,BSE,STK,523301,INE822C01015,TCPLPACK,B,,,,,TCPL PACKAGING LTD.,3917.3,4012.5,3879.9,3995.9,3956.7,3916.6,,3983.7,,,517,2040543.0,201,F1,1,,,,,,2025-04-23
2025-04-23,2025-04-23,CM,BSE,STK,523309,INE241V01018,SHRIGANG,XT,,,,,SHRI GANG INDUSTRIES AND ALLIE,127.0,127.0,123.85,125.0,125.0,125.5,,125.0,,,29890,3737787.0,106,F1,1,,,,,,2025-04-23
2025-04-23,2025-04-23,CM,BSE,STK,523319,INE164A01016,BALMLAWRIE,A,,,,,BALMER LAWRIE & CO.LTD.,195.65,202.8,190.2,200.85,200.85,193.2,,200.98,,,84391,16645356.0,1939,F1,1,,,,,,2025-04-23
2025-04-23,2025-04-23,CM,BSE,STK,523323,INE177F01017,KOVAI,B,,,,,KOVAI MEDICAL CENTER & HOSPITA,5510.05,5600.0,5428.75,5580.3,5552.0,5567.5,,5580.3,,,4201,23210212.0,1168,F1,1,,,,,,2025-04-23
2025-04-23,2025-04-23,CM,BSE,STK,523329,INE668G01021,ELDEHSG,B,,,,,ELDECO HOUSING & INDUSTRIES LT,779.65,779.65,731.6,732.0,732.0,744.85,,733.85,,,53,39818.0,12,F1,1,,,,,,2025-04-23
2025-04-23,2025-04-23,CM,BSE,STK,523367,INE499A01024,DCMSHRIRAM,A,,,,,DCM SHRIRAM LIMITED,1080.25,1087.95,1064.0,1069.05,1065.2,1078.45,,1068.8,,,1573,1690588.0,196,F1,1,,,,,,2025-04-23
2025-04-23,2025-04-23,CM,BSE,STK,523369,INE843D01027,DCMSRIND,B,,,,,DCM SHRIRAM INDUSTRIES LTD.,187.75,187.75,180.85,184.95,185.95,183.3,,185.06,,,9255,1707510.0,417,F1,1,,,,,,2025-04-23
2025-04-23,2025-04-23,CM,BSE,STK,523371,INE636A01039,MAWANASUG,B,,,,,MAWANA SUGARS LTD.,94.8,94.8,91.69,92.4,92.25,93.71,,92.36,,,4885,454148.0,156,F1,1,,,,,,2025-04-23
2025-04-23,2025-04-23,CM,BSE,STK,523373,INE281E01010,MINID,XT,,,,,MINI DIAMONDS (INDIA) LTD.,155.0,158.1,155.0,158.1,158.1,155.0,,158.1,,,2104,326259.0,21,F1,1,,,,,,2025-04-23
2025-04-23,2025-04-23,CM,BSE,STK,523384,INE843B01013,MAHAPEXLTD,B,,,,,MAHA RASHTRA APEX CORPORATION,119.05,128.3,117.75,118.85,118.85,123.2,,118.93,,,6300,749474.0,141,F1,1,,,,,,2025-04-23
2025-04-23,2025-04-23,CM,BSE,STK,523385,INE310A01015,NILKAMAL,B,,,,,NILKAMAL LTD.,1647.7,1675.0,1645.0,1675.0,1675.0,1637.7,,1659.4,,,135,222297.0,39,F1,1,,,,,,2025-04-23
2025-04-23,2025-04-23,CM,BSE,STK,523391,INE308A01027,NAHARPOLY,B,,,,,NAHAR POLYFILMS LTD.,217.05,218.0,214.45,215.75,215.75,217.05,,215.59,,,166,35857.0,42,F1,1,,,,,,2025-04-23
2025-04-23,2025-04-23,CM,BSE,STK,523395,INE470A01017,3MINDIA,A,,,,,3M INDIA LTD.,30000.0,30214.7,29789.85,30002.6,30080.0,29918.55,,29995.0,,,92,2755998.0,64,F1,1,,,,,,2025-04-23
2025-04-23,2025-04-23,CM,BSE,STK,523398,INE782A01015,JCHAC,B,,,,,Johnson Controls-Hitachi Air C,1785.0,1848.2,1771.25,1784.25,1793.0,1796.0,,1781.8,,,1277,2292855.0,207,F1,1,,,,,,2025-04-23
2025-04-23,2025-04-23,CM,BSE,STK,523405,INE780C01023,JMFINANCIL,A,,,,,JM FINANCIAL LTD.,105.83,107.65,102.95,105.0,105.0,105.79,,105.06,,,171718,17962916.0,1697,F1,1,,,,,,2025-04-23
2025-04-23,2025-04-23,CM,BSE,STK,523411,INE833A01016,ADCINDIA,X,,,,,ADC INDIA COMMUNICATIONS LIMIT,1305.05,1327.0,1267.75,1284.25,1284.25,1304.8,,1284.25,,,1983,2584050.0,337,F1,1,,,,,,2025-04-23
2025-04-23,2025-04-23,CM,BSE,STK,523419,INE141D01018,TNTELE,B,,,,,TAMILNADU TELECOMMUNICATIONS L,10.07,10.19,9.3,10.19,10.19,9.27,,10.16,,,21257,214473.0,178,F1,1,,,,,,2025-04-23
2025-04-23,2025-04-23,CM,BSE,STK,523445,INE046A01015,RIIL,A,,,,,RELIANCE INDUSTRIAL INFRASTRUC,882.95,887.0,859.0,873.7,873.7,875.1,,873.25,,,7964,6937191.0,535,F1,1,,,,,,2025-04-23
2025-04-23,2025-04-23,CM,BSE,STK,523449,INE207B01011,SHARP,XT,,,,,SHARP INDIA LTD.,57.4,57.4,55.02,55.59,55.53,57.4,,55.59,,,506,28010.0,18,F1,1,,,,,,2025-04-23
2025-04-23,2025-04-23,CM,BSE,STK,523457,INE473A01011,LINDEINDIA,A,,,,,Linde India Limited,6540.0,6581.05,6375.0,6554.2,6531.0,6522.9,,6557.0,,,1993,12930173.0,626,F1,1,,,,,,2025-04-23
2025-04-23,2025-04-23,CM,BSE,STK,523465,INE969D01012,INDBNK,B,,,,,IND BANK HOUSING LTD.,40.77,42.0,40.77,41.48,41.79,40.57,,41.48,,,5477,227099.0,48,F1,1,,,,,,2025-04-23
2025-04-23,2025-04-23,CM,BSE,STK,523467,INE250C01027,JAIMATAG,XT,,,,,JAI MATA GLASS LTD.,2.67,2.72,2.5,2.53,2.55,2.62,,2.53,,,56130,146872.0,159,F1,1,,,,,,2025-04-23
2025-04-23,2025-04-23,CM,BSE,STK,523475,INE026D01011,LOTUSCHO,B,,,,,LOTUS CHOCOLATE CO.LTD.,1048.75,1088.8,1048.75,1048.75,1048.75,1103.9,,1048.75,,,30694,32231359.0,551,F1,1,,,,,,2025-04-23
2025-04-23,2025-04-23,CM,BSE,STK,523483,INE883C01025,PACIFICI,X,,,,,PACIFIC INDUSTRIES LTD.,233.95,233.95,227.2,232.85,232.9,233.95,,232.85,,,183,42693.0,16,F1,1,,,,,,2025-04-23
2025-04-23,2025-04-23,CM,BSE,STK,523489,INE889F01017,CMMHOSP,X,,,,,CHENNAI MEENAKSHI MULTISPECIAL,33.51,33.75,32.25,32.33,32.33,33.94,,32.33,,,3397,110232.0,33,F1,1,,,,,,2025-04-23
2025-04-23,2025-04-23,CM,BSE,STK,523519,INE951C01012,UNIOFFICE,XT,,,,,UNIVERSAL OFFICE AUTOMATION LT,6.25,6.25,5.96,6.0,6.0,6.25,,6.0,,,1994,12054.0,10,F1,1,,,,,,2025-04-23
2025-04-23,2025-04-23,CM,BSE,STK,523537,INE170D01025,APMIN,X,,,,,APM INDUSTRIES LTD.,38.22,38.22,36.67,36.8,36.8,38.22,,36.8,,,5308,198675.0,33,F1,1,,,,,,2025-04-23
2025-04-23,2025-04-23,CM,BSE,STK,523539,INE372C01037,PRECWIRE,B,,,,,PRECISION WIRES INDIA LTD.,142.0,147.15,141.85,143.6,143.6,144.35,,143.83,,,11906,1719654.0,252,F1,1,,,,,,2025-04-23
2025-04-23,2025-04-23,CM,BSE,STK,523550,INE951B01014,KRYPTONQ,XT,,,,,KRYPTON INDUSTRIES LTD.,56.17,56.31,55.7,56.31,56.31,53.63,,56.31,,,33057,1855036.0,135,F1,1,,,,,,2025-04-23
2025-04-23,2025-04-23,CM,BSE,STK,523558,INE010C01025,SWISSMLTRY,X,,,,,SWISS MILITARY CONSUMER GOODS,31.24,31.3,29.1,29.73,29.73,30.6,,29.73,,,245353,7405630.0,903,F1,1,,,,,,2025-04-23
2025-04-23,2025-04-23,CM,BSE,STK,523566,INE199D01016,MARBU,X,,,,,MARTIN BURN LTD.,66.9,68.23,64.0,67.3,68.17,64.99,,67.3,,,6784,454974.0,80,F1,1,,,,,,2025-04-23
2025-04-23,2025-04-23,CM,BSE,STK,523574,INE623B01027,FEL,Z,,,,,Future Enterprises Limited,0.64,0.64,0.63,0.64,0.64,0.63,,0.64,,,78950,50306.0,23,F1,1,,,,,,2025-04-23
2025-04-23,2025-04-23,CM,BSE,STK,523586,INE826B01018,INDTONER,X,,,,,INDIAN TONERS & DEVELOPERS LTD,270.3,275.0,265.1,271.3,271.4,273.9,,271.3,,,1595,430639.0,99,F1,1,,,,,,2025-04-23
2025-04-23,2025-04-23,CM,BSE,STK,523594,INE638D01021,KUNSTOFF,X,,,,,KUNSTSTOFFE INDUSTRIES LTD.,28.79,28.79,26.96,27.71,28.0,28.69,,27.71,,,640,17995.0,21,F1,1,,,,,,2025-04-23
2025-04-23,2025-04-23,CM,BSE,STK,523598,INE109A01011,SCI,A,,,,,SHIPPING CORPORATION OF INDIA,176.5,179.15,173.5,176.8,176.8,175.55,,176.65,,,146906,25896730.0,777,F1,1,,,,,,2025-04-23
2025-04-23,2025-04-23,CM,BSE,STK,523606,INE438E01032,SIKA,B,,,,,SIKA INTERPLANT SYSTEMS LTD.,755.7,774.0,734.0,757.15,757.15,735.7,,757.15,,,70751,53716002.0,2397,F1,1,,,,,,2025-04-23
2025-04-23,2025-04-23,CM,BSE,STK,523610,INE248A01017,ITI,A,,,,,ITI LTD.,288.0,292.6,277.0,281.4,281.4,283.35,,281.3,,,146105,41255572.0,4578,F1,1,,,,,,2025-04-23
2025-04-23,2025-04-23,CM,BSE,STK,523618,INE506A01018,DREDGECORP,B,,,,,DREDGING CORPORATION OF INDIA,625.8,625.8,595.0,602.85,602.85,614.65,,601.85,,,5722,3459350.0,458,F1,1,,,,,,2025-04-23
2025-04-23,2025-04-23,CM,BSE,STK,523620,INE486I01016,PHRMASI,XT,,,,,PHAARMASIA LTD.,28.24,29.5,28.1,29.5,29.5,28.1,,29.5,,,428,12516.0,10,F1,1,,,,,,2025-04-23
2025-04-23,2025-04-23,CM,BSE,STK,523630,INE870D01012,NFL,A,,,,,NATIONAL FERTILIZERS LTD.,90.29,90.9,86.65,88.56,88.56,88.79,,88.5,,,122420,10842004.0,1117,F1,1,,,,,,2025-04-23
2025-04-23,2025-04-23,CM,BSE,STK,523638,INE558A01019,IPRINGLTD,X,,,,,IP RINGS LTD.,136.95,139.0,136.95,139.0,139.0,136.95,,139.0,,,767,106114.0,8,F1,1,,,,,,2025-04-23
2025-04-23,2025-04-23,CM,BSE,STK,523642,INE603J01030,PIIND,A,,,,,P.I.INDUSTRIES LTD.,3749.8,3749.8,3630.15,3656.95,3654.0,3700.05,,3656.7,,,7374,27015992.0,2363,F1,1,,,,,,2025-04-23
2025-04-23,2025-04-23,CM,BSE,STK,523648,INE083C01022,PLASTIBLEN,B,,,,,PLASTIBLENDS INDIA LTD.,196.15,199.0,192.0,198.75,198.8,196.05,,198.58,,,2482,485467.0,202,F1,1,,,,,,2025-04-23
2025-04-23,2025-04-23,CM,BSE,STK,523650,INE823D01011,YASHINNO,X,,,,,YASH INNOVENTURES LIMITED,37.36,44.83,37.36,40.29,40.29,37.36,,40.29,,,92320,3789558.0,293,F1,1,,,,,,2025-04-23
2025-04-23,2025-04-23,CM,BSE,STK,523652,INE465K01016,KKPLASTICK,X,,,,,Kkalpana Plastick Limited,23.04,25.46,23.04,24.32,24.32,24.25,,24.32,,,1061,24525.0,7,F1,1,,,,,,2025-04-23
2025-04-23,2025-04-23,CM,BSE,STK,523660,INE054C01015,WATERBASE,X,,,,,WATERBASE LTD.,52.1,52.99,51.46,52.52,52.52,51.46,,52.52,,,15860,829660.0,229,F1,1,,,,,,2025-04-23
2025-04-23,2025-04-23,CM,BSE,STK,523672,INE954B01018,FLEXFO,XT,,,,,FLEX FOODS LTD.,56.5,56.5,55.37,55.37,55.37,56.5,,55.37,,,1719,95222.0,15,F1,1,,,,,,2025-04-23
2025-04-23,2025-04-23,CM,BSE,STK,523676,INE798D01015,GOLKUNDIA,XT,,,,,GOLKUNDA DIAMONDS & JEWELLERY,209.0,209.05,196.3,203.1,202.15,206.6,,203.1,,,3251,656870.0,91,F1,1,,,,,,2025-04-23
2025-04-23,2025-04-23,CM,BSE,STK,523694,INE116A01032,APCOTEXIND,B,,,,,APCOTEX INDUSTRIES LTD.,331.0,333.7,327.0,329.6,330.0,331.25,,329.7,,,2093,689020.0,155,F1,1,,,,,,2025-04-23
2025-04-23,2025-04-23,CM,BSE,STK,523696,INE842B01015,FORTISMLR,X,,,,,FORTIS MALAR HOSPITALS LIMITED,86.28,86.28,81.0,82.17,82.17,84.96,,82.17,,,53617,4439238.0,1162,F1,1,,,,,,2025-04-23
2025-04-23,2025-04-23,CM,BSE,STK,523704,INE759A01021,MASTEK,A,,,,,MASTEK LTD.,2245.5,2303.7,2203.9,2218.75,2217.0,2247.0,,2216.2,,,10949,24687738.0,1085,F1,1,,,,,,2025-04-23
2025-04-23,2025-04-23,CM,BSE,STK,523708,INE158B01016,EIMCOELECO,B,,,,,EIMCO ELECON (INDIA) LTD.,1791.0,1990.0,1769.6,1838.0,1838.0,1784.8,,1841.3,,,11882,22297297.0,2753,F1,1,,,,,,2025-04-23
2025-04-23,2025-04-23,CM,BSE,STK,523710,INE318C01014,SAYAJIHOTL,X,,,,,SAYAJI HOTELS LTD.,291.05,292.05,282.15,285.75,288.0,291.05,,285.75,,,262,75899.0,25,F1,1,,,,,,2025-04-23
2025-04-23,2025-04-23,CM,BSE,STK,523716,INE365D01021,ASHIANA,B,,,,,ASHIANA HOUSING LTD.,270.0,270.05,262.95,264.25,265.65,266.05,,263.9,,,12435,3299350.0,586,F1,1,,,,,,2025-04-23
2025-04-23,2025-04-23,CM,BSE,STK,523722,INE119B01018,SVAMSOF,XT,,,,,SVAM SOFTWARE LTD.,8.96,8.96,8.96,8.96,8.96,8.79,,8.96,,,3783,33895.0,12,F1,1,,,,,,2025-04-23
2025-04-23,2025-04-23,CM,BSE,STK,523732,INE866A01016,ECOBOAR,XT,,,,,ECOBOARD INDUSTRIES LTD.,36.05,36.05,35.91,35.91,35.91,37.8,,35.91,,,20258,727744.0,18,F1,1,,,,,,2025-04-23
2025-04-23,2025-04-23,CM,BSE,STK,523736,INE477B01010,DVL,B,,,,,Dhunseri Ventures Limited,356.95,356.95,345.1,356.35,356.5,354.9,,355.75,,,1399,493980.0,82,F1,1,,,,,,2025-04-23
2025-04-23,2025-04-23,CM,BSE,STK,523752,INE502D01011,TIHIL,XT,,,,,TRANS INDIA HOUSE IMPEX LIMITE,15.32,15.9,15.32,15.32,15.32,15.63,,15.32,,,9470,145085.0,11,F1,1,,,,,,2025-04-23
2025-04-23,2025-04-23,CM,BSE,STK,523754,INE215D01010,MAHEPC,B,,,,,MAHINDRA EPC IRRIGATION LIMITE,149.0,149.0,140.75,142.3,142.55,141.35,,142.3,,,7689,1097488.0,186,F1,1,,,,,,2025-04-23
2025-04-23,2025-04-23,CM,BSE,STK,523782,INE844D01017,MITSHI,X,,,,,Mitshi India Limited,16.99,16.99,15.16,16.79,16.79,15.89,,16.79,,,1388,22255.0,26,F1,1,,,,,,2025-04-23
2025-04-23,2025-04-23,CM,BSE,STK,523790,INE344E01016,SHUKJEW,P,,,,,SHUKRA JEWELLERS LTD.,11.65,12.0,11.65,12.0,12.0,12.26,,12.0,,,1300,15495.0,2,F1,100,,,,,,2025-04-23
2025-04-23,2025-04-23,CM,BSE,STK,523792,INE885E01042,MAZDA,T,,,,,MAZDA LTD.,258.8,258.8,258.0,258.0,258.0,258.3,,258.0,,,700,181045.0,8,F1,1,,,,,,2025-04-23
2025-04-23,2025-04-23,CM,BSE,STK,523796,INE048C01025,VHLTD,T,,,,,VICEROY HOTELS LTD.,119.8,119.8,115.0,116.05,117.8,120.0,,116.2,,,1750,202166.0,19,F1,1,,,,,,2025-04-23
2025-04-23,2025-04-23,CM,BSE,STK,523826,INE959D01013,SOVERDIA,X,,,,,SOVEREIGN DIAMONDS LTD.,41.0,41.0,38.0,38.06,38.98,39.52,,38.06,,,2469,94546.0,73,F1,1,,,,,,2025-04-23
2025-04-23,2025-04-23,CM,BSE,STK,523828,INE071D01033,MENONBE,B,,,,,MENON BEARINGS LTD.,102.99,111.0,102.75,107.92,108.53,101.61,,107.93,,,8526,928709.0,415,F1,1,,,,,,2025-04-23
2025-04-23,2025-04-23,CM,BSE,STK,523832,INE862C01029,MUKATPIP,X,,,,,MUKAT PIPES LTD.,18.99,18.99,16.33,16.41,16.41,17.66,,16.41,,,865,14330.0,17,F1,1,,,,,,2025-04-23
2025-04-23,2025-04-23,CM,BSE,STK,523836,INE610B01024,GUJRAFFIA,T,,,,,GUJARAT RAFFIA INDUSTRIES LTD.,39.0,39.6,38.91,39.11,39.5,40.95,,39.21,,,1018,39853.0,23,F1,1,,,,,,2025-04-23
2025-04-23,2025-04-23,CM,BSE,STK,523838,INE059B01024,SIMPLEXINF,B,,,,,SIMPLEX INFRASTRUCTURES LTD.,318.5,320.0,307.0,311.7,312.85,316.9,,311.25,,,1067,331424.0,101,F1,1,,,,,,2025-04-23
2025-04-23,2025-04-23,CM,BSE,STK,523840,INE965C01038,INNOVTEC,X,,,,,INNOVATIVE TECH PACK LTD.,22.5,22.94,22.0,22.31,22.17,22.79,,22.31,,,8359,188226.0,41,F1,1,,,,,,2025-04-23
2025-04-23,2025-04-23,CM,BSE,STK,523842,INE460D01038,SUPTANERY,X,,,,,SUPER TANNERY LIMITED,10.4,10.4,10.13,10.21,10.21,10.1,,10.21,,,35358,359989.0,130,F1,1,,,,,,2025-04-23
2025-04-23,2025-04-23,CM,BSE,STK,523844,INE537B01011,CONSTRONIC,X,,,,,CONSTRONICS INFRA LIMITED,62.79,64.15,61.3,61.32,64.15,61.1,,61.32,,,4006,245896.0,16,F1,1,,,,,,2025-04-23
2025-04-23,2025-04-23,CM,BSE,STK,523850,INE767C01012,AXTEL,X,,,,,AXTEL INDUSTRIES LTD.,467.6,479.0,465.0,469.6,469.4,465.0,,469.6,,,3659,1726546.0,73,F1,1,,,,,,2025-04-23
2025-04-23,2025-04-23,CM,BSE,STK,523862,INE926B01016,PIFL,XT,,,,,Pacheli Industrial Finance Lim,28.85,28.85,26.11,28.45,28.45,27.48,,28.45,,,1273,34088.0,25,F1,1,,,,,,2025-04-23
2025-04-23,2025-04-23,CM,BSE,STK,523888,INE317D01014,VRWODAR,Z,,,,,V R WOODART LTD.,39.34,39.34,39.34,39.34,39.34,38.57,,39.34,,,100,3934.0,1,F1,1,,,,,,2025-04-23
2025-04-23,2025-04-23,CM,BSE,STK,523896,INE316O01021,APIL,X,,,,,AVI PRODUCTS INDIA LIMITED,21.9,21.9,21.9,21.9,21.9,21.9,,21.9,,,33,722.0,1,F1,1,,,,,,2025-04-23
2025-04-23,2025-04-23,CM,BSE,STK,524000,INE511C01022,POONAWALLA,A,,,,,POONAWALLA FINCORP LIMITED,409.95,416.7,397.95,402.7,402.7,407.85,,402.7,,,237114,96298413.0,6565,F1,1,,,,,,2025-04-23
2025-04-23,2025-04-23,CM,BSE,STK,524013,INE806J01013,HINFLUR,B,,,,,HINDUSTAN FLUOROCARBONS LTD.,13.9,13.9,13.27,13.72,13.35,13.77,,13.72,,,8248,112736.0,49,F1,1,,,,,,2025-04-23
2025-04-23,2025-04-23,CM,BSE,STK,524019,INE473D01015,KINGFA,B,,,,,Kingfa Science & Technology (I,3237.75,3237.75,3101.0,3122.3,3101.05,3164.8,,3117.0,,,557,1743406.0,203,F1,1,,,,,,2025-04-23
2025-04-23,2025-04-23,CM,BSE,STK,524037,INE809A01032,RAMAPHO,B,,,,,RAMA PHOSPHATES LTD.,120.8,132.0,120.75,126.54,126.54,118.65,,126.52,,,66195,8380016.0,2077,F1,1,,,,,,2025-04-23
2025-04-23,2025-04-23,CM,BSE,STK,524038,INE204D01022,VENLONENT,X,,,,,VENLON ENTERPRISES LTD.,5.0,5.2,5.0,5.2,5.2,4.98,,5.2,,,194,1003.0,24,F1,1,,,,,,2025-04-23
2025-04-23,2025-04-23,CM,BSE,STK,524051,INE633B01018,POLYPLEX,A,,,,,POLYPLEX CORPORATION LTD.,1257.7,1265.0,1230.0,1256.9,1258.0,1247.3,,1255.7,,,1099,1373229.0,167,F1,1,,,,,,2025-04-23
2025-04-23,2025-04-23,CM,BSE,STK,524055,INE181D01014,PANIDPR,X,,,,,PANTHER INDUSTRIAL PRODUCTS LT,92.92,92.92,86.55,86.55,86.55,91.1,,86.55,,,2,179.0,2,F1,1,,,,,,2025-04-23
2025-04-23,2025-04-23,CM,BSE,STK,524075,INE155C01010,ALBERTDAVD,B,,,,,ALBERT DAVID LTD.,880.0,885.0,861.45,872.7,872.0,875.3,,872.4,,,976,849818.0,154,F1,1,,,,,,2025-04-23
2025-04-23,2025-04-23,CM,BSE,STK,524080,INE681F01018,HARLETH,X,,,,,HARYANA LEATHER CHEMICALS LTD.,75.52,78.38,75.39,77.68,75.42,75.7,,77.68,,,2212,169676.0,17,F1,1,,,,,,2025-04-23
2025-04-23,2025-04-23,CM,BSE,STK,524091,INE482D01024,CARYSIL,B,,,,,CARYSIL LIMITED,680.9,689.05,648.45,663.45,659.0,680.9,,662.3,,,34269,22811319.0,2067,F1,1,,,,,,2025-04-23
2025-04-23,2025-04-23,CM,BSE,STK,524109,INE900B01029,KABRAEXTRU,T,,,,,KABRA EXTRUSIONTECHNIK LTD.,299.9,300.8,283.05,286.5,292.05,290.3,,286.25,,,19232,5587092.0,198,F1,1,,,,,,2025-04-23
2025-04-23,2025-04-23,CM,BSE,STK,524129,INE250B01029,VINYLINDIA,B,,,,,VINYL CHEMICALS (INDIA) LTD.,292.95,293.3,285.7,286.6,286.0,290.1,,286.85,,,1201,345788.0,155,F1,1,,,,,,2025-04-23
2025-04-23,2025-04-23,CM,BSE,STK,524136,INE417E01010,PCCOSMA,X,,,,,PEE CEE COSMA SOPE LTD.,571.5,571.5,500.0,543.6,547.95,558.1,,543.6,,,2767,1482546.0,221,F1,1,,,,,,2025-04-23
2025-04-23,2025-04-23,CM,BSE,STK,524156,INE034F01010,TCMLMTD,X,,,,,TCM LTD.,48.8,48.9,42.42,42.51,42.51,43.2,,42.51,,,1792,80750.0,29,F1,1,,,,,,2025-04-23
2025-04-23,2025-04-23,CM,BSE,STK,524164,INE485C01029,IOLCP,B,,,,,IOL CHEMICALS & PHARMACEUTICAL,67.06,68.2,65.7,67.05,67.0,67.4,,66.99,,,34462,2302004.0,533,F1,1,,,,,,2025-04-23
2025-04-23,2025-04-23,CM,BSE,STK,524174,INE133C01033,KESARPE,X,,,,,KESAR PETROPRODUCTS LTD.,25.48,25.48,24.55,24.71,24.61,24.6,,24.71,,,46150,1142293.0,156,F1,1,,,,,,2025-04-23
2025-04-23,2025-04-23,CM,BSE,STK,524200,INE410B01037,VINATIORGA,A,,,,,VINATI ORGANICS LTD.,1669.0,1674.25,1639.9,1667.8,1663.15,1666.7,,1669.7,,,1039,1725937.0,117,F1,1,,,,,,2025-04-23
2025-04-23,2025-04-23,CM,BSE,STK,524202,INE058I01013,LACTOSE,XT,,,,,LACTOSE (INDIA) LTD.,119.05,119.05,119.05,119.05,119.05,116.72,,119.05,,,1588,189051.0,14,F1,1,,,,,,2025-04-23
2025-04-23,2025-04-23,CM,BSE,STK,524204,INE757D01011,TEEAI,X,,,,,TEESTA AGRO INDUSTRIES LTD.,116.6,116.6,111.0,111.8,111.0,114.05,,111.8,,,455,51040.0,11,F1,1,,,,,,2025-04-23
2025-04-23,2025-04-23,CM,BSE,STK,524208,INE769A01020,AARTIIND,A,,,,,AARTI INDUSTRIES LTD.,435.05,445.65,427.85,433.2,434.0,434.0,,432.85,,,77937,33999271.0,2455,F1,1,,,,,,2025-04-23
2025-04-23,2025-04-23,CM,BSE,STK,524210,INE702E01015,PNTKYOR,X,,,,,PENTOKEY ORGANY (INDIA) LTD.,62.81,63.99,52.68,60.45,60.45,58.53,,60.45,,,19815,1172773.0,255,F1,1,,,,,,2025-04-23
2025-04-23,2025-04-23,CM,BSE,STK,524212,INE107F01022,WANBURY,B,,,,,WANBURY LTD.,270.15,292.3,257.0,282.8,282.8,264.9,,283.74,,,20375,5696907.0,1275,F1,1,,,,,,2025-04-23
2025-04-23,2025-04-23,CM,BSE,STK,524218,INE486D01017,RESONANCE,X,,,,,RESONANCE SPECIALTIES LTD.,79.5,80.5,77.47,78.4,78.5,80.7,,78.4,,,3317,260167.0,56,F1,1,,,,,,2025-04-23
2025-04-23,2025-04-23,CM,BSE,STK,524226,INE036B01030,GAEL,A,,,,,GUJARAT AMBUJA EXPORTS LTD.,126.6,129.05,124.45,126.75,126.75,126.55,,126.89,,,39633,5020164.0,849,F1,1,,,,,,2025-04-23
2025-04-23,2025-04-23,CM,BSE,STK,524230,INE027A01015,RCF,A,,,,,RASHTRIYA CHEMICALS & FERTILIZ,144.75,144.75,139.05,142.05,142.3,142.6,,142.02,,,113647,16098658.0,904,F1,1,,,,,,2025-04-23
2025-04-23,2025-04-23,CM,BSE,STK,524238,INE659F01014,GUJINJEC,X,,,,,GUJARAT INJECT (KERALA) LTD.,23.18,23.18,19.65,20.02,20.6,21.69,,20.02,,,124799,2503321.0,181,F1,1,,,,,,2025-04-23
2025-04-23,2025-04-23,CM,BSE,STK,524280,INE082A01010,KOPRAN,B,,,,,KOPRAN LTD.,199.5,200.4,194.0,198.1,196.3,199.5,,198.01,,,9566,1885255.0,300,F1,1,,,,,,2025-04-23
2025-04-23,2025-04-23,CM,BSE,STK,524288,INE008B01013,AIMCOPEST,X,,,,,AIMCO PESTICIDES LTD.,93.53,94.0,91.01,91.43,91.01,93.53,,91.43,,,1561,143931.0,35,F1,1,,,,,,2025-04-23
2025-04-23,2025-04-23,CM,BSE,STK,524314,INE499G01013,GUJTERC,X,,,,,GUJARAT TERCE LABORATORIES LTD,61.2,64.75,60.05,61.93,61.93,61.49,,61.93,,,3435,216573.0,38,F1,1,,,,,,2025-04-23
2025-04-23,2025-04-23,CM,BSE,STK,524330,INE785A01026,JAYAGROGN,B,,,,,JAYANT AGRO-ORGANICS LTD.,246.6,246.6,240.05,242.25,242.0,245.25,,242.13,,,952,231643.0,115,F1,1,,,,,,2025-04-23
2025-04-23,2025-04-23,CM,BSE,STK,524332,INE412G01024,BCLIND,B,,,,,BCL INDUSTRIES LIMITED,40.4,41.05,39.6,40.37,40.45,40.54,,40.31,,,43912,1768067.0,609,F1,1,,,,,,2025-04-23
2025-04-23,2025-04-23,CM,BSE,STK,524336,INE065E01017,SHHARICH,X,,,,,SHREE HARI CHEMICALS EXPORT LT,158.0,160.0,157.85,160.0,160.0,158.65,,160.0,,,3753,598074.0,33,F1,1,,,,,,2025-04-23
2025-04-23,2025-04-23,CM,BSE,STK,524342,INE803D01021,INDOBORAX,B,,,,,INDO BORAX & CHEMICALS LTD.,195.0,198.5,185.0,188.9,190.45,194.3,,188.77,,,18159,3491582.0,712,F1,1,,,,,,2025-04-23
2025-04-23,2025-04-23,CM,BSE,STK,524348,INE767A01016,AARTIDRUGS,B,,,,,AARTI DRUGS LTD.,363.8,365.9,359.75,365.0,365.6,359.2,,364.65,,,36136,13137293.0,3677,F1,1,,,,,,2025-04-23
2025-04-23,2025-04-23,CM,BSE,STK,524370,INE338D01028,BODALCHEM,B,,,,,BODAL CHEMICALS LTD.,70.99,70.99,68.72,69.36,69.12,70.28,,69.16,,,8568,597802.0,270,F1,1,,,,,,2025-04-23
2025-04-23,2025-04-23,CM,BSE,STK,524372,INE191A01027,ORCHPHARMA,A,,,,,Orchid Pharma Limited,824.75,850.5,801.75,810.85,819.15,810.0,,811.2,,,8177,6763676.0,696,F1,1,,,,,,2025-04-23
2025-04-23,2025-04-23,CM,BSE,STK,524394,INE579C01029,VIMTALABS,B,,,,,VIMTA LABS LTD.,990.0,1070.0,990.0,1048.25,1049.0,981.25,,1048.2,,,25333,26518860.0,2253,F1,1,,,,,,2025-04-23
2025-04-23,2025-04-23,CM,BSE,STK,524396,INE829A01014,BIOFILCHEM,B,,,,,BIOFIL CHEMICALS & PHARMACEUTI,47.72,51.0,46.0,50.85,50.85,47.7,,48.1,,,6552,324692.0,197,F1,1,,,,,,2025-04-23
2025-04-23,2025-04-23,CM,BSE,STK,524400,INE806D01016,ISHITADR,X,,,,,ISHITA DRUGS & INDUSTRIES LTD.,79.9,79.9,79.0,79.03,79.0,79.9,,79.03,,,1586,125395.0,10,F1,1,,,,,,2025-04-23
2025-04-23,2025-04-23,CM,BSE,STK,524404,INE750C01026,MARKSANS,A,,,,,MARKSANS PHARMA LTD.,214.25,219.0,212.05,214.65,215.65,214.25,,214.66,,,126367,27210320.0,1716,F1,1,,,,,,2025-04-23
2025-04-23,2025-04-23,CM,BSE,STK,524408,INE113E01015,UNIVSTAR,X,,,,,UNIVERSAL STARCH-CHEM ALLIED L,167.5,175.0,165.1,171.2,171.7,171.75,,171.2,,,1004,170404.0,30,F1,1,,,,,,2025-04-23
2025-04-23,2025-04-23,CM,BSE,STK,524412,INE198H01019,AAREYDRUGS,B,,,,,AAREY DRUGS & PHARMACEUTICALS,58.35,60.24,56.81,58.68,59.2,58.11,,58.77,,,14197,835504.0,286,F1,1,,,,,,2025-04-23
2025-04-23,2025-04-23,CM,BSE,STK,524414,INE744C01029,NORRIS,X,,,,,NORRIS MEDICINES LTD.,16.95,18.94,16.0,17.36,18.94,17.23,,17.36,,,751,12351.0,29,F1,1,,,,,,2025-04-23
2025-04-23,2025-04-23,CM,BSE,STK,524434,INE810M01019,ASINPET,X,,,,,ASIAN PETROPRODUCTS & EXPORTS,9.27,9.5,8.91,9.0,9.0,9.27,,9.0,,,8973,83126.0,29,F1,1,,,,,,2025-04-23
2025-04-23,2025-04-23,CM,BSE,STK,524440,INE198C01010,CAMEXLTD,XT,,,,,CAMEX LTD.,39.83,39.83,39.6,39.67,39.69,38.86,,39.67,,,1706,67701.0,14,F1,1,,,,,,2025-04-23
2025-04-23,2025-04-23,CM,BSE,STK,524444,INE313M01030,EVEXIA,X,,,,,EVEXIA LIFECARE LIMITED,2.97,2.97,2.84,2.87,2.87,2.93,,2.87,,,791480,2284231.0,825,F1,1,,,,,,2025-04-23
2025-04-23,2025-04-23,CM,BSE,STK,524458,INE319N01019,INDOEURO,X,,,,,INDO EURO INDCHEM LTD.,14.27,14.27,13.25,14.26,14.26,14.28,,14.26,,,836,11437.0,22,F1,1,,,,,,2025-04-23
2025-04-23,2025-04-23,CM,BSE,STK,524470,INE312C01025,SYNCOMF,B,,,,,SYNCOM FORMULATIONS (INDIA) LT,17.85,18.12,17.41,17.59,17.59,17.84,,17.56,,,150129,2656292.0,649,F1,1,,,,,,2025-04-23
2025-04-23,2025-04-23,CM,BSE,STK,524480,INE249D01019,RIDDHI,X,,,,,RIDDHI SIDDHI GLUCO BIOLS LTD.,599.0,599.0,555.1,557.85,557.25,568.25,,557.85,,,421,243504.0,28,F1,1,,,,,,2025-04-23
2025-04-23,2025-04-23,CM,BSE,STK,524488,INE038B01010,SVCIND,X,,,,,SVC INDUSTRIES LIMITED,3.97,4.1,3.9,3.95,3.93,3.97,,3.95,,,13796,54426.0,68,F1,1,,,,,,2025-04-23
2025-04-23,2025-04-23,CM,BSE,STK,524494,INE571A01038,IPCALAB,A,,,,,IPCA LABORATORIES LTD.,1448.35,1477.9,1430.05,1470.4,1462.0,1444.2,,1470.9,,,5684,8283826.0,790,F1,1,,,,,,2025-04-23
2025-04-23,2025-04-23,CM,BSE,STK,524500,INE729D01010,KILITCH,B,,,,,KILITCH DRUGS (INDIA) LTD.,359.8,359.8,347.1,348.7,348.7,351.05,,350.15,,,480,170896.0,23,F1,1,,,,,,2025-04-23
2025-04-23,2025-04-23,CM,BSE,STK,524506,INE683E01017,CORALAB,X,,,,,CORAL LABORATORIES LTD.,708.0,711.0,682.05,695.15,698.0,700.75,,695.15,,,1178,820301.0,64,F1,1,,,,,,2025-04-23
2025-04-23,2025-04-23,CM,BSE,STK,524518,INE268B01013,KREBSBIO,B,,,,,KREBS BIOCHEMICALS & INDUSTRIE,81.0,81.45,79.87,80.39,80.39,79.21,,79.17,,,582,46751.0,33,F1,1,,,,,,2025-04-23
2025-04-23,2025-04-23,CM,BSE,STK,524520,INE879K01018,KMCSHIL,B,,,,,KMC SPECIALITY HOSPITALS (INDI,69.0,70.34,69.0,69.31,69.25,69.5,,69.31,,,25807,1791981.0,505,F1,1,,,,,,2025-04-23
2025-04-23,2025-04-23,CM,BSE,STK,524522,INE919B01011,LAFFANSQ,X,,,,,LAFFANS PETROCHEMICALS LTD.,37.57,39.34,37.57,37.72,37.72,37.57,,37.72,,,839,31715.0,17,F1,1,,,,,,2025-04-23
2025-04-23,2025-04-23,CM,BSE,STK,524534,INE972C01018,BHASKAGR,X,,,,,BHASKAR AGROCHEMICALS LTD.,72.36,75.9,70.0,70.01,70.0,72.3,,70.01,,,1677,118194.0,24,F1,1,,,,,,2025-04-23
2025-04-23,2025-04-23,CM,BSE,STK,524542,INE450E01029,SUKHJITS,B,,,,,SUKHJIT STARCH & CHEMICALS LTD,220.3,227.15,220.05,222.3,222.3,225.95,,222.55,,,917,204195.0,214,F1,1,,,,,,2025-04-23
2025-04-23,2025-04-23,CM,BSE,STK,524548,INE465H01012,SHARMEH,XT,,,,,SHARMA EAST INDIA HOSPITALS &,80.29,82.65,75.0,81.95,82.65,78.72,,81.95,,,4400,347579.0,60,F1,1,,,,,,2025-04-23
2025-04-23,2025-04-23,CM,BSE,STK,524558,INE794A01010,NEULANDLAB,A,,,,,NEULAND LABORATORIES LTD.,12500.0,13365.0,12500.0,12820.8,12834.0,13081.35,,12786.0,,,4014,51851878.0,1151,F1,1,,,,,,2025-04-23
2025-04-23,2025-04-23,CM,BSE,STK,524564,INE052E01015,GAYATRIBI,X,,,,,GAYATRI BIOORGANICS LTD.,6.85,6.88,6.45,6.68,6.77,6.68,,6.68,,,16950,113105.0,68,F1,1,,,,,,2025-04-23
2025-04-23,2025-04-23,CM,BSE,STK,524570,INE371C01013,PODDARMENT,B,,,,,PODDAR PIGMENTS LTD.,306.0,307.0,301.1,303.4,301.1,307.1,,303.25,,,67,20292.0,11,F1,1,,,,,,2025-04-23
2025-04-23,2025-04-23,CM,BSE,STK,524572,INE117D01018,PHARMAID,X,,,,,PHARMAIDS PHARMACEUTICALS LTD.,67.89,67.89,65.19,66.29,67.09,66.66,,66.29,,,3224,214746.0,33,F1,1,,,,,,2025-04-23
2025-04-23,2025-04-23,CM,BSE,STK,524576,INE737C01023,VIVIDIND,X,,,,,VIVID GLOBAL INDUSTRIES LTD.,16.0,16.25,15.01,15.64,15.68,15.78,,15.64,,,1491,22694.0,26,F1,1,,,,,,2025-04-23
2025-04-23,2025-04-23,CM,BSE,STK,524580,INE686C01014,PRIYALT,XT,,,,,PRIYA LTD.,20.49,20.49,20.49,20.49,20.49,21.56,,20.49,,,212,4343.0,6,F1,1,,,,,,2025-04-23
2025-04-23,2025-04-23,CM,BSE,STK,524582,INE314D01011,TIRUSTA,X,,,,,TIRUPATI STARCH & CHEMICALS LT,184.8,184.8,165.0,178.9,178.9,175.7,,178.9,,,10646,1831210.0,122,F1,1,,,,,,2025-04-23
2025-04-23,2025-04-23,CM,BSE,STK,524590,INE422G01015,HEMORGANIC,X,,,,,HEMO ORGANIC LIMITED,10.0,10.0,10.0,10.0,10.0,10.0,,10.0,,,545,5450.0,5,F1,1,,,,,,2025-04-23
2025-04-23,2025-04-23,CM,BSE,STK,524592,INE263B01022,JAYSYNTH,X,,,,,JAYSYNTH ORGOCHEM LIMITED,21.26,22.6,21.26,22.46,22.6,21.5,,22.46,,,25629,569593.0,190,F1,1,,,,,,2025-04-23
2025-04-23,2025-04-23,CM,BSE,STK,524594,INE994D01010,AEONXDIGI,XT,,,,,Aeonx Digital Technology Limit,131.9,131.9,131.9,131.9,131.9,129.35,,131.9,,,534,70434.0,7,F1,1,,,,,,2025-04-23
2025-04-23,2025-04-23,CM,BSE,STK,524598,INE542B01011,AKSHARCHEM,B,,,,,AKSHARCHEM (INDIA) LTD.,237.4,237.4,225.0,230.3,230.2,237.4,,230.85,,,669,155120.0,119,F1,1,,,,,,2025-04-23
2025-04-23,2025-04-23,CM,BSE,STK,524602,INE875N01036,BANDARAM,X,,,,,BANDARAM PHARMA PACKTECH LIMIT,41.39,44.0,41.39,43.78,43.78,42.45,,43.78,,,27,1142.0,6,F1,1,,,,,,2025-04-23
2025-04-23,2025-04-23,CM,BSE,STK,524604,INE276T01018,ADLINE,P,,,,,ADLINE CHEM LAB LIMITED,11.41,11.41,11.41,11.41,11.41,10.87,,11.41,,,100,1141.0,1,F1,100,,,,,,2025-04-23
2025-04-23,2025-04-23,CM,BSE,STK,524606,INE415H01017,BERLDRG,XT,,,,,BERYL DRUGS LTD.,23.8,23.8,22.94,22.97,22.98,23.0,,22.97,,,697,16056.0,10,F1,1,,,,,,2025-04-23
2025-04-23,2025-04-23,CM,BSE,STK,524614,INE056E01024,INDXTRA,XT,,,,,IEL LIMITED,4.69,4.7,4.67,4.7,4.7,4.69,,4.7,,,1153066,5418190.0,184,F1,1,,,,,,2025-04-23
2025-04-23,2025-04-23,CM,BSE,STK,524624,INE076D01016,GAGAN,X,,,,,GAGAN GASES LTD.,19.0,20.5,19.0,20.09,20.09,20.0,,20.09,,,1253,24167.0,17,F1,1,,,,,,2025-04-23
2025-04-23,2025-04-23,CM,BSE,STK,524628,INE750B01010,PARKERAC,X,,,,,PARKER AGROCHEM EXPORTS LTD.,15.3,16.05,15.3,16.05,16.05,16.63,,16.05,,,198,3176.0,4,F1,1,,,,,,2025-04-23
2025-04-23,2025-04-23,CM,BSE,STK,524632,INE551C01044,SHUKRAPHAR,XT,,,,,Shukra Pharmaceuticals Limited,19.41,19.67,18.55,18.86,18.86,19.41,,18.86,,,101106,1917088.0,516,F1,1,,,,,,2025-04-23
2025-04-23,2025-04-23,CM,BSE,STK,524634,INE058F01019,ALUFLUOR,X,,,,,ALUFLUORIDE LTD.,452.1,463.0,448.3,451.9,451.9,458.4,,451.9,,,2153,975579.0,130,F1,1,,,,,,2025-04-23
2025-04-23,2025-04-23,CM,BSE,STK,524636,INE102E01018,OXYGENTAPH,X,,,,,OXYGENTA PHARMACEUTICAL LIMITE,74.55,77.0,72.31,73.85,73.1,76.01,,73.85,,,10712,798731.0,73,F1,1,,,,,,2025-04-23
2025-04-23,2025-04-23,CM,BSE,STK,524640,INE078I01011,ARCHITORG,X,,,,,ARCHIT ORGANOSYS LTD.,41.86,42.0,41.2,41.99,41.99,41.86,,41.99,,,2264,94424.0,20,F1,1,,,,,,2025-04-23
2025-04-23,2025-04-23,CM,BSE,STK,524642,INE528E01022,SIKOZY,X,,,,,SIKOZY REALTORS LIMITED,0.98,0.98,0.98,0.98,0.98,0.95,,0.98,,,5707,5592.0,15,F1,1,,,,,,2025-04-23
2025-04-23,2025-04-23,CM,BSE,STK,524648,INE760F01028,INDOAMIN,B,,,,,INDO AMINES LTD.,140.4,142.95,137.4,139.65,139.35,139.65,,139.47,,,11349,1587929.0,311,F1,1,,,,,,2025-04-23
2025-04-23,2025-04-23,CM,BSE,STK,524652,INE788B01028,INDSWFTLTD,T,,,,,IND-SWIFT LTD.,13.64,13.64,13.2,13.43,13.49,13.11,,13.4,,,5146,68902.0,30,F1,1,,,,,,2025-04-23
2025-04-23,2025-04-23,CM,BSE,STK,524654,INE936B01015,NATCAPSUQ,B,,,,,NATURAL CAPSULES LTD.,255.0,255.0,223.0,223.2,223.0,224.75,,228.27,,,1223,280100.0,205,F1,1,,,,,,2025-04-23
2025-04-23,2025-04-23,CM,BSE,STK,524661,INE331C01017,WELCURE,XT,,,,,WELCURE DRUGS & PHARMACEUTICAL,8.35,8.35,7.82,8.19,8.2,8.15,,8.19,,,7907,63616.0,102,F1,1,,,,,,2025-04-23
2025-04-23,2025-04-23,CM,BSE,STK,524663,INE994B01014,BIBCL,B,,,,,BHARAT IMMUNOLOGICALS & BIOLOG,24.31,24.45,23.72,24.03,24.03,24.31,,24.03,,,27575,664094.0,143,F1,1,,,,,,2025-04-23
2025-04-23,2025-04-23,CM,BSE,STK,524667,INE035D01020,SOTL,B,,,,,SAVITA OIL TECHNOLOGIES LTD.,396.7,396.75,386.0,392.65,389.2,393.4,,392.3,,,5701,2241358.0,303,F1,1,,,,,,2025-04-23
2025-04-23,2025-04-23,CM,BSE,STK,524669,INE782E01017,HESTERBIO,B,,,,,HESTER BIOSCIENCES LTD.,1770.8,1824.0,1759.05,1801.8,1799.25,1777.25,,1808.1,,,476,851337.0,139,F1,1,,,,,,2025-04-23
2025-04-23,2025-04-23,CM,BSE,STK,524675,INE645C01010,KABSON,X,,,,,KABSONS INDUSTRIES LTD.,35.5,35.97,32.89,32.89,32.89,34.62,,32.89,,,14961,502991.0,142,F1,1,,,,,,2025-04-23
2025-04-23,2025-04-23,CM,BSE,STK,524687,INE473E01021,BASANTGL,X,,,,,BASANT AGRO TECH (INDIA) LTD.,14.0,14.24,13.55,13.85,13.8,13.92,,13.85,,,51743,722059.0,238,F1,1,,,,,,2025-04-23
2025-04-23,2025-04-23,CM,BSE,STK,524703,INE751D01014,SANDUPHQ,X,,,,,SANDU PHARMACEUTICALS LTD.,50.26,55.4,50.26,54.05,54.0,52.96,,54.05,,,17404,945855.0,105,F1,1,,,,,,2025-04-23
2025-04-23,2025-04-23,CM,BSE,STK,524709,INE295D01020,NACLIND,B,,,,,NACL Industries Limited,220.1,220.1,199.2,199.2,199.2,209.65,,198.75,,,1378989,294650490.0,6730,F1,1,,,,,,2025-04-23
2025-04-23,2025-04-23,CM,BSE,STK,524711,INE427C01021,VISTAPH,Z,,,,,VISTA PHARMACEUTICALS LTD.,11.54,11.54,11.3,11.3,11.3,11.3,,11.3,,,1489,17164.0,7,F1,1,,,,,,2025-04-23
2025-04-23,2025-04-23,CM,BSE,STK,524715,INE044A01036,SUNPHARMA,A,,,,,SUN PHARMACEUTICAL INDUSTRIES,1757.2,1792.0,1742.85,1788.9,1788.9,1747.25,,1788.8,,,19562,34676262.0,1694,F1,1,,,,,,2025-04-23
2025-04-23,2025-04-23,CM,BSE,STK,524717,INE150C01011,TITANBIO,X,,,,,TITAN BIOTECH LTD.,509.1,510.65,488.0,492.3,494.9,497.6,,492.3,,,3558,1765207.0,220,F1,1,,,,,,2025-04-23
2025-04-23,2025-04-23,CM,BSE,STK,524727,INE004E01016,SDL,X,,,,,Span Divergent Limited,24.37,24.37,24.37,24.37,24.37,25.65,,24.37,,,450,10966.0,8,F1,1,,,,,,2025-04-23
2025-04-23,2025-04-23,CM,BSE,STK,524731,INE354A01013,JENBURPH,X,,,,,JENBURKT PHARMACEUTICALS LTD.,1114.0,1123.0,1070.0,1089.0,1089.0,1108.05,,1089.0,,,773,841500.0,79,F1,1,,,,,,2025-04-23
2025-04-23,2025-04-23,CM,BSE,STK,524735,INE475B01022,HIKAL,B,,,,,HIKAL LTD.,412.85,424.1,410.0,417.0,418.2,410.95,,416.9,,,46132,19287670.0,1506,F1,1,,,,,,2025-04-23
2025-04-23,2025-04-23,CM,BSE,STK,524742,INE475E01026,CAPLIPOINT,A,,,,,CAPLIN POINT LABORATORIES LTD.,1904.1,1913.35,1878.0,1887.9,1887.9,1890.15,,1888.0,,,8439,15970827.0,1104,F1,1,,,,,,2025-04-23
2025-04-23,2025-04-23,CM,BSE,STK,524743,INE771F01025,FISCHER,B,,,,,FISCHER MEDICAL VENTURES LIMIT,818.55,818.55,791.1,801.95,796.65,810.45,,801.95,,,1019,817710.0,71,F1,1,,,,,,2025-04-23
2025-04-23,2025-04-23,CM,BSE,STK,524748,INE302F01011,LINKPH,X,,,,,LINK PHARMA CHEM LTD.,34.1,36.8,34.1,35.23,35.5,36.66,,35.23,,,1568,54609.0,17,F1,1,,,,,,2025-04-23
2025-04-23,2025-04-23,CM,BSE,STK,524752,INE643N01012,DECIPHER,X,,,,,DECIPHER LABS LIMITED,12.48,12.48,11.8,11.94,11.94,12.35,,11.94,,,8213,98814.0,70,F1,1,,,,,,2025-04-23
2025-04-23,2025-04-23,CM,BSE,STK,524768,INE634B01016,EMMESSA,X,,,,,EMMESSAR BIOTECH & NUTRITION L,34.45,38.0,34.45,36.38,37.25,34.45,,36.38,,,1360,48489.0,28,F1,1,,,,,,2025-04-23
2025-04-23,2025-04-23,CM,BSE,STK,524774,INE887E01022,NGLFINE,T,,,,,NGL FINE-CHEM LTD.,1097.05,1135.05,1065.0,1135.05,1135.05,1091.0,,1147.0,,,200,217336.0,15,F1,1,,,,,,2025-04-23
2025-04-23,2025-04-23,CM,BSE,STK,524790,INE334C01029,EVERESTO,X,,,,,EVEREST ORGANICS LTD.,311.65,320.0,302.65,312.55,312.55,311.55,,312.55,,,1727,539586.0,35,F1,1,,,,,,2025-04-23
2025-04-23,2025-04-23,CM,BSE,STK,524804,INE406A01037,AUROPHARMA,A,,,,,AUROBINDO PHARMA LTD.,1208.4,1252.0,1182.5,1247.8,1247.8,1188.1,,1246.9,,,84170,102986754.0,4479,F1,1,,,,,,2025-04-23
2025-04-23,2025-04-23,CM,BSE,STK,524808,INE037C01010,PHYTO,X,,,,,PHYTO CHEM (INDIA) LTD.,30.7,30.7,29.3,30.5,30.5,30.7,,30.5,,,756,22849.0,9,F1,1,,,,,,2025-04-23
2025-04-23,2025-04-23,CM,BSE,STK,524816,INE987B01026,NATCOPHARM,A,,,,,NATCO PHARMA LTD.,839.55,847.15,831.15,845.15,845.15,839.4,,844.55,,,30908,25952013.0,2806,F1,1,,,,,,2025-04-23
2025-04-23,2025-04-23,CM,BSE,STK,524818,INE457C01010,DYNAMIND,X,,,,,DYNAMIC INDUSTRIES LTD.,103.97,103.97,100.44,101.23,101.0,100.08,,101.23,,,2374,241624.0,43,F1,1,,,,,,2025-04-23
2025-04-23,2025-04-23,CM,BSE,STK,524820,INE305C01029,PANAMAPET,B,,,,,PANAMA PETROCHEM LTD.,378.15,381.3,373.85,376.25,376.15,376.55,,378.25,,,1162,438421.0,114,F1,1,,,,,,2025-04-23
2025-04-23,2025-04-23,CM,BSE,STK,524824,INE083D01012,BALPHARMA,B,,,,,BAL PHARMA LTD.,107.13,119.6,107.13,111.76,117.49,109.2,,111.4,,,7077,790717.0,639,F1,1,,,,,,2025-04-23
2025-04-23,2025-04-23,CM,BSE,STK,524828,INE278D01018,BDH,X,,,,,BDH INDUSTRIES LTD.,270.4,279.0,270.4,277.0,277.0,275.9,,277.0,,,438,120506.0,30,F1,1,,,,,,2025-04-23
2025-04-23,2025-04-23,CM,BSE,STK,526001,INE593O01017,JAUSPOL,X,,,,,JAUSS POLYMERS LTD.,6.68,6.68,6.68,6.68,6.68,6.68,,6.68,,,2498,16686.0,5,F1,1,,,,,,2025-04-23
2025-04-23,2025-04-23,CM,BSE,STK,526025,INE064L01015,GLOBUSCON,X,,,,,GLOBUS CONSTRUCTORS & DEVELOPE,18.45,18.45,16.73,17.28,17.68,16.97,,17.28,,,14698,260719.0,102,F1,1,,,,,,2025-04-23
2025-04-23,2025-04-23,CM,BSE,STK,526027,INE144D01012,CUBEXTUB,B,,,,,CUBEX TUBINGS LTD.,81.06,83.93,79.58,81.53,81.5,81.86,,81.21,,,16370,1336163.0,307,F1,1,,,,,,2025-04-23
2025-04-23,2025-04-23,CM,BSE,STK,526043,INE809B01014,POLYCHMP,X,,,,,POLYMECHPLAST MACHINES LTD.,65.1,67.89,64.0,66.26,67.0,65.9,,66.26,,,2428,162839.0,28,F1,1,,,,,,2025-04-23
2025-04-23,2025-04-23,CM,BSE,STK,526071,INE395F01023,STELLANT,XT,,,,,STELLANT SECURITIES (INDIA) LT,139.49,139.49,139.48,139.48,139.48,136.76,,139.48,,,397,55377.0,10,F1,1,,,,,,2025-04-23
2025-04-23,2025-04-23,CM,BSE,STK,526073,INE020S01012,GALXBRG,X,,,,,GALAXY BEARINGS LTD.,681.2,734.95,681.2,724.95,724.95,703.15,,724.95,,,571,411445.0,139,F1,1,,,,,,2025-04-23
2025-04-23,2025-04-23,CM,BSE,STK,526081,INE895E01017,SCAGRO,X,,,,,SC Agrotech Limited,16.65,16.8,15.45,16.32,16.32,16.32,,16.32,,,2496,38933.0,12,F1,1,,,,,,2025-04-23
2025-04-23,2025-04-23,CM,BSE,STK,526095,INE427E01027,RALEGRA,X,,,,,RAVILEELA GRANITES LTD.,40.99,40.99,39.27,39.27,39.27,38.5,,39.27,,,16,630.0,2,F1,1,,,,,,2025-04-23
2025-04-23,2025-04-23,CM,BSE,STK,526113,INE602H01010,UNRYLMA,X,,,,,UNIROYAL MARINE EXPORTS LTD.,15.75,15.75,14.97,14.97,14.97,15.75,,14.97,,,115,1732.0,3,F1,1,,,,,,2025-04-23
2025-04-23,2025-04-23,CM,BSE,STK,526115,INE327D01013,KARANWO,XT,,,,,KARAN WOO-SIN LTD.,9.13,9.13,8.59,9.09,9.09,9.04,,9.09,,,502,4313.0,3,F1,1,,,,,,2025-04-23
2025-04-23,2025-04-23,CM,BSE,STK,526117,INE011D01013,SHERVANI,X,,,,,SHERVANI INDUSTRIAL SYNDICATE,425.0,425.0,406.35,412.25,412.05,421.4,,412.25,,,524,218578.0,31,F1,1,,,,,,2025-04-23
2025-04-23,2025-04-23,CM,BSE,STK,526125,INE00HZ01011,BNHOLDINGS,X,,,,,BN HOLDINGS LIMITED,143.0,145.5,130.95,141.75,141.5,144.7,,141.75,,,3339,473588.0,103,F1,1,,,,,,2025-04-23
2025-04-23,2025-04-23,CM,BSE,STK,526133,INE881B01054,SUPERTEX,XT,,,,,SUPERTEX INDUSTRIES LTD.,8.49,8.49,8.06,8.12,8.12,8.46,,8.12,,,31809,258289.0,34,F1,1,,,,,,2025-04-23
2025-04-23,2025-04-23,CM,BSE,STK,526137,INE278C01010,SHETR,X,,,,,SHETRON LTD.,133.25,135.7,131.15,133.75,134.4,133.3,,133.75,,,3081,410954.0,40,F1,1,,,,,,2025-04-23
2025-04-23,2025-04-23,CM,BSE,STK,526139,INE773D01018,TRABI,XT,,,,,TRANSGENE BIOTEK LTD.,3.91,3.91,3.91,3.91,3.91,3.91,,3.91,,,516,2017.0,7,F1,1,,,,,,2025-04-23
2025-04-23,2025-04-23,CM,BSE,STK,526143,INE343A01016,MPL,X,,,,,MPL PLASTICS LTD.,11.49,11.49,10.0,10.34,10.34,10.25,,10.34,,,2699,28162.0,56,F1,1,,,,,,2025-04-23
2025-04-23,2025-04-23,CM,BSE,STK,526159,INE926C01022,NIKHILAD,X,,,,,NIKHIL ADHESIVES LTD.,92.51,92.51,90.37,90.51,90.4,92.51,,90.51,,,6391,580517.0,125,F1,1,,,,,,2025-04-23
2025-04-23,2025-04-23,CM,BSE,STK,526161,INE175C01018,SPENTA,X,,,,,SPENTA INTERNATIONAL LTD.,137.75,152.0,134.0,149.65,151.9,134.8,,149.65,,,1392,201200.0,59,F1,1,,,,,,2025-04-23
2025-04-23,2025-04-23,CM,BSE,STK,526169,INE678F01014,MULTIBASE,X,,,,,MULTIBASE INDIA LTD.,287.05,290.75,284.05,289.65,289.65,286.05,,289.65,,,11765,3378156.0,321,F1,1,,,,,,2025-04-23
2025-04-23,2025-04-23,CM,BSE,STK,526173,INE449C01025,ANDREWYU,B,,,,,ANDREW YULE & COMPANY LTD.,29.47,29.75,28.81,29.58,29.58,29.15,,29.58,,,272170,7982558.0,903,F1,1,,,,,,2025-04-23
2025-04-23,2025-04-23,CM,BSE,STK,526179,INE983C01015,LUDLOWJUT,XT,,,,,LUDLOW JUTE & SPECIALITIES LTD,221.9,221.9,221.9,221.9,221.9,226.4,,221.9,,,698,154886.0,7,F1,1,,,,,,2025-04-23
2025-04-23,2025-04-23,CM,BSE,STK,526187,INE293C01019,ASHRAM,X,,,,,ASHRAM ONLINE.COM LTD.,5.49,5.49,5.43,5.43,5.43,5.5,,5.43,,,1029,5588.0,6,F1,1,,,,,,2025-04-23
2025-04-23,2025-04-23,CM,BSE,STK,526193,INE618A01011,ROYALCU,X,,,,,ROYAL CUSHION VINYL PRODUCTS L,27.5,29.6,27.0,27.33,27.68,27.51,,27.33,,,21085,575309.0,75,F1,1,,,,,,2025-04-23
2025-04-23,2025-04-23,CM,BSE,STK,526211,INE170U01011,SURJIND,X,,,,,SURAJ INDUSTRIES LTD.,80.47,83.41,78.01,78.97,79.49,82.11,,78.97,,,19720,1561857.0,198,F1,1,,,,,,2025-04-23
2025-04-23,2025-04-23,CM,BSE,STK,526217,INE120D01012,HITECHCORP,B,,,,,Hitech Corporation Limited,196.05,196.05,191.05,191.65,191.05,198.8,,192.07,,,437,84730.0,54,F1,1,,,,,,2025-04-23
2025-04-23,2025-04-23,CM,BSE,STK,526225,INE253C01013,BLOOM,XT,,,,,BLOOM DEKOR LTD.,11.55,11.55,11.55,11.55,11.55,11.55,,11.55,,,70,808.0,1,F1,1,,,,,,2025-04-23
2025-04-23,2025-04-23,CM,BSE,STK,526227,INE816B01035,FILATEX,B,,,,,FILATEX INDIA LTD.,47.89,49.4,45.4,46.7,46.86,47.38,,46.84,,,120282,5702731.0,1595,F1,1,,,,,,2025-04-23
2025-04-23,2025-04-23,CM,BSE,STK,526231,INE307D01015,STDSFAC,X,,,,,STANDARD SURFACTANTS LTD.,45.49,45.49,45.0,45.45,45.45,43.59,,45.45,,,363,16495.0,9,F1,1,,,,,,2025-04-23
2025-04-23,2025-04-23,CM,BSE,STK,526237,INE902C01015,MORGAN,X,,,,,MORGAN VENTURES LTD.,93.8,93.8,85.19,87.78,89.99,90.42,,87.78,,,7082,621840.0,138,F1,1,,,,,,2025-04-23
2025-04-23,2025-04-23,CM,BSE,STK,526241,INE762C01021,AMRAPLIN,X,,,,,AMRAPALI INDUSTRIES LTD.,18.0,18.5,17.12,17.62,17.62,17.77,,17.62,,,5020,88379.0,66,F1,1,,,,,,2025-04-23
2025-04-23,2025-04-23,CM,BSE,STK,526247,INE863B01029,PREMEXPLN,B,,,,,PREMIER EXPLOSIVES LTD.,399.8,406.0,385.0,393.8,397.5,396.1,,394.35,,,10617,4200688.0,535,F1,1,,,,,,2025-04-23
2025-04-23,2025-04-23,CM,BSE,STK,526251,INE033E01015,MIDEASTP,X,,,,,MID EAST PORTFOLIO MANAGEMENT,23.15,23.15,23.1,23.15,23.15,22.05,,23.15,,,8990,208048.0,67,F1,1,,,,,,2025-04-23
2025-04-23,2025-04-23,CM,BSE,STK,526263,INE835B01035,MOLDTECH,B,,,,,MOLD-TEK TECHNOLOGIES LTD.,156.5,156.55,150.0,153.7,153.7,153.05,,153.18,,,3468,526465.0,246,F1,1,,,,,,2025-04-23
2025-04-23,2025-04-23,CM,BSE,STK,526269,INE293N01016,CRSTCHM,XT,,,,,CRESTCHEM LTD.,223.4,223.4,209.0,223.4,223.4,212.8,,223.4,,,1444,319732.0,92,F1,1,,,,,,2025-04-23
2025-04-23,2025-04-23,CM,BSE,STK,526299,INE356A01018,MPHASIS,A,,,,,MPHASIS LTD.,2462.45,2522.0,2438.0,2505.25,2521.0,2398.65,,2507.3,,,25981,64724520.0,5400,F1,1,,,,,,2025-04-23
2025-04-23,2025-04-23,CM,BSE,STK,526301,INE047C01019,MEDINOV,X,,,,,MEDINOVA DIAGNOSTIC SERVICES L,40.67,41.9,40.52,40.71,41.3,40.87,,40.71,,,4440,182507.0,55,F1,1,,,,,,2025-04-23
2025-04-23,2025-04-23,CM,BSE,STK,526315,INE410G01010,DIVSHKT,X,,,,,DIVYASHAKTI LIMITED,68.0,69.19,68.0,69.19,69.19,68.0,,69.19,,,20,1371.0,2,F1,1,,,,,,2025-04-23
2025-04-23,2025-04-23,CM,BSE,STK,526325,INE609C01024,ORIENTLTD,B,,,,,ORIENT PRESS LTD.,86.0,86.0,83.75,84.64,86.0,86.0,,84.67,,,7777,658284.0,80,F1,1,,,,,,2025-04-23
2025-04-23,2025-04-23,CM,BSE,STK,526335,INE115F01017,SHREYASI,X,,,,,SHREYAS INTERMEDIATES LTD.,10.56,10.56,10.1,10.1,10.1,10.57,,10.1,,,846,8749.0,10,F1,1,,,,,,2025-04-23
2025-04-23,2025-04-23,CM,BSE,STK,526345,INE744D01019,PANJON,XT,,,,,PANJON LTD.,21.67,22.1,21.5,22.1,22.1,21.67,,22.1,,,5655,122864.0,12,F1,1,,,,,,2025-04-23
2025-04-23,2025-04-23,CM,BSE,STK,526355,INE138B01018,DUROPACK,X,,,,,DUROPACK LTD.,82.41,84.26,82.0,84.26,84.26,82.0,,84.26,,,172,14224.0,10,F1,1,,,,,,2025-04-23
2025-04-23,2025-04-23,CM,BSE,STK,526365,INE967A01012,SWARNSAR,X,,,,,SWARNSARITA JEWELS INDIA LIMIT,36.69,36.7,34.31,34.45,35.0,36.35,,34.45,,,11000,389631.0,61,F1,1,,,,,,2025-04-23
2025-04-23,2025-04-23,CM,BSE,STK,526367,INE460C01014,GANESHHOUC,B,,,,,GANESH HOUSING CORPORATION LTD,1200.0,1200.0,1124.6,1144.45,1141.4,1145.05,,1145.6,,,5102,5855449.0,555,F1,1,,,,,,2025-04-23
2025-04-23,2025-04-23,CM,BSE,STK,526371,INE584A01023,NMDC,A,,,,,NMDC LTD.,68.15,68.6,66.36,68.13,68.13,67.97,,68.11,,,1308472,88147148.0,7335,F1,1,,,,,,2025-04-23
2025-04-23,2025-04-23,CM,BSE,STK,526373,INE908C01012,CINDHO,X,,,,,CINDRELLA HOTELS LTD.,56.02,60.19,56.02,60.19,60.19,57.33,,60.19,,,210,12598.0,4,F1,1,,,,,,2025-04-23
2025-04-23,2025-04-23,CM,BSE,STK,526381,INE529D01014,PATINTLOG,B,,,,,PATEL INTEGRATED LOGISTICS LTD,15.76,15.81,14.86,15.24,15.24,15.6,,15.3,,,20836,317773.0,141,F1,1,,,,,,2025-04-23
2025-04-23,2025-04-23,CM,BSE,STK,526397,INE137C01018,ALPHAGEO,T,,,,,ALPHAGEO (INDIA) LTD.,267.0,267.0,253.7,260.9,262.8,258.55,,260.36,,,739,192057.0,29,F1,1,,,,,,2025-04-23
2025-04-23,2025-04-23,CM,BSE,STK,526407,INE299D01022,HAMPTON,X,,,,,HAMPTON SKY REALTY LIMITED,27.5,27.88,27.0,27.77,27.77,27.77,,27.77,,,60476,1672453.0,231,F1,1,,,,,,2025-04-23
2025-04-23,2025-04-23,CM,BSE,STK,526409,INE301C01028,KKALPANAIND,XT,,,,,KKALPANA INDUSTRIES (INDIA) LT,14.79,14.79,14.2,14.42,14.79,14.09,,14.42,,,22221,321569.0,62,F1,1,,,,,,2025-04-23
2025-04-23,2025-04-23,CM,BSE,STK,526415,INE870B01024,OKPLA,X,,,,,OK PLAY INDIA LTD.,12.18,12.5,11.86,12.09,12.15,12.17,,12.09,,,752200,9074856.0,785,F1,1,,,,,,2025-04-23
2025-04-23,2025-04-23,CM,BSE,STK,526423,INE479D01038,KRITI,B,,,,,KRITI INDUSTRIES (INDIA) LTD.,107.33,107.72,104.59,105.84,105.5,107.15,,105.43,,,2150,228394.0,692,F1,1,,,,,,2025-04-23
2025-04-23,2025-04-23,CM,BSE,STK,526431,INE662D01013,WELTI,X,,,,,WELTERMAN INTERNATIONAL LTD.,20.55,20.55,20.55,20.55,20.55,19.58,,20.55,,,1,20.0,1,F1,1,,,,,,2025-04-23
2025-04-23,2025-04-23,CM,BSE,STK,526433,INE867C01010,ASMTEC,B,,,,,ASM TECHNOLOGIES LTD.,1475.0,1485.0,1403.0,1414.4,1419.95,1468.7,,1414.4,,,9929,14191513.0,965,F1,1,,,,,,2025-04-23
2025-04-23,2025-04-23,CM,BSE,STK,526435,INE759I01024,PERFEPA,X,,,,,PERFECTPAC LTD.,127.5,127.5,115.4,115.65,115.55,123.9,,115.65,,,551,63976.0,23,F1,1,,,,,,2025-04-23
2025-04-23,2025-04-23,CM,BSE,STK,526439,INE267C01013,AMBIT,X,,,,,AMBITIOUS PLASTOMAC COMPANY LT,10.5,11.02,10.5,11.02,11.02,10.5,,11.02,,,1408,14784.0,7,F1,1,,,,,,2025-04-23
2025-04-23,2025-04-23,CM,BSE,STK,526441,INE515B01025,VISIONCINE,XT,,,,,VISION CINEMAS LTD.,1.05,1.12,1.05,1.12,1.12,1.07,,1.12,,,28623,31515.0,65,F1,1,,,,,,2025-04-23
2025-04-23,2025-04-23,CM,BSE,STK,526443,INE072B01027,AEIM,XT,,,,,Artificial Electronics Intelli,269.05,269.05,269.05,269.05,269.05,263.8,,269.05,,,2267,609936.0,14,F1,1,,,,,,2025-04-23
2025-04-23,2025-04-23,CM,BSE,STK,526445,INE007C01021,INDRANIB,XT,,,,,INDRAYANI BIOTECH LTD.,19.55,19.55,19.21,19.21,19.21,19.6,,19.21,,,4595,89107.0,32,F1,1,,,,,,2025-04-23
2025-04-23,2025-04-23,CM,BSE,STK,526468,INE940E01011,EUROLED,X,,,,,EURO LEDER FASHION LTD.,21.25,21.75,20.76,21.5,21.5,20.88,,21.5,,,570,12095.0,26,F1,1,,,,,,2025-04-23
2025-04-23,2025-04-23,CM,BSE,STK,526471,INE391C01011,WINSOMBR,X,,,,,WINSOME BREWERIES LTD.,38.75,38.75,37.0,37.14,37.14,37.88,,37.14,,,14519,544074.0,236,F1,1,,,,,,2025-04-23
2025-04-23,2025-04-23,CM,BSE,STK,526473,INE152E01013,ELEFLOR,X,,,,,ELEGANT FLORICULTURE & AGROTEC,5.74,5.75,5.6,5.64,5.64,5.69,,5.64,,,19430,109887.0,57,F1,1,,,,,,2025-04-23
2025-04-23,2025-04-23,CM,BSE,STK,526479,INE765B01018,SKYIND,X,,,,,SKY INDUSTRIES LTD.,90.9,93.0,87.0,90.92,91.5,90.91,,90.92,,,4648,418933.0,91,F1,1,,,,,,2025-04-23
2025-04-23,2025-04-23,CM,BSE,STK,526481,INE245B01011,PHOENXINTL,X,,,,,PHOENIX INTERNATIONAL LTD.,54.85,57.9,52.45,56.07,57.9,55.2,,56.07,,,1417,78251.0,26,F1,1,,,,,,2025-04-23
2025-04-23,2025-04-23,CM,BSE,STK,526488,INE432N01010,BHUDEVI,XT,,,,,BHUDEVI INFRA PROJECTS LIMITED,293.05,293.05,281.65,281.65,281.65,287.35,,281.65,,,2355,680284.0,39,F1,1,,,,,,2025-04-23
2025-04-23,2025-04-23,CM,BSE,STK,526490,INE206C01029,PRATIK,X,,,,,PRATIK PANELS LTD.,7.33,7.45,7.04,7.3,7.3,7.27,,7.3,,,537926,3924385.0,164,F1,1,,,,,,2025-04-23
2025-04-23,2025-04-23,CM,BSE,STK,526492,INE582D01013,RISHIROOP,XT,,,,,Rishiroop Limited,124.9,128.8,123.0,125.25,125.25,125.2,,125.25,,,966,120324.0,35,F1,1,,,,,,2025-04-23
2025-04-23,2025-04-23,CM,BSE,STK,526494,INE818D01011,PROMACT,X,,,,,PROMACT IMPEX LIMITED,11.49,11.49,11.0,11.43,11.43,11.55,,11.43,,,955,10972.0,6,F1,1,,,,,,2025-04-23
2025-04-23,2025-04-23,CM,BSE,STK,526500,INE398F01019,STRGRENWO,X,,,,,STERLING GREEN WOODS LTD.,44.55,44.55,44.05,44.5,44.5,44.6,,44.5,,,335,14922.0,3,F1,1,,,,,,2025-04-23
2025-04-23,2025-04-23,CM,BSE,STK,526506,INE356B01024,SYSTMTXC,B,,,,,SYSTEMATIX CORPORATE SERVICES,158.45,162.0,150.35,159.0,159.0,158.45,,159.0,,,27414,4320792.0,402,F1,1,,,,,,2025-04-23
2025-04-23,2025-04-23,CM,BSE,STK,526508,INE825D01016,SHAHISHIP,X,,,,,Shahi Shipping Limited,17.1,18.1,16.43,16.75,16.75,17.12,,16.75,,,11026,193826.0,65,F1,1,,,,,,2025-04-23
2025-04-23,2025-04-23,CM,BSE,STK,526519,INE840D01015,ALPINEHOU,X,,,,,ALPINE HOUSING DEVELOPMENT COR,115.8,118.95,115.0,118.3,118.3,116.0,,118.3,,,232,26710.0,9,F1,1,,,,,,2025-04-23
2025-04-23,2025-04-23,CM,BSE,STK,526521,INE999B01013,SANGHIIND,B,,,,,SANGHI INDUSTRIES LTD.,65.0,65.0,63.75,63.99,63.95,64.8,,64.1,,,22960,1472624.0,253,F1,1,,,,,,2025-04-23
2025-04-23,2025-04-23,CM,BSE,STK,526525,INE550D01010,WWALUM,X,,,,,WORLDWIDE ALUMINIUM LIMITED,19.9,19.9,19.11,19.11,19.11,19.9,,19.11,,,258,5055.0,4,F1,1,,,,,,2025-04-23
2025-04-23,2025-04-23,CM,BSE,STK,526530,INE670C01026,IIRM,X,,,,,IIRM HOLDINGS INDIA LIMITED,93.75,93.75,91.0,93.75,93.75,89.29,,93.75,,,31491,2951494.0,63,F1,1,,,,,,2025-04-23
2025-04-23,2025-04-23,CM,BSE,STK,526532,INE716K01020,SFPIL,X,,,,,SQUARE FOUR PROJECTS INDIA LIM,10.25,10.75,9.8,10.55,10.54,10.25,,10.55,,,936,9980.0,12,F1,1,,,,,,2025-04-23
2025-04-23,2025-04-23,CM,BSE,STK,526544,INE967B01028,SGLRES,XT,,,,,SGL RESOURCES LIMITED,3.22,3.22,3.22,3.22,3.22,3.16,,3.22,,,49038,157902.0,20,F1,1,,,,,,2025-04-23
2025-04-23,2025-04-23,CM,BSE,STK,526546,INE493D01013,CHOKSILA,X,,,,,CHOKSI LABORATORIES LTD.,129.65,130.95,122.6,129.15,127.2,125.35,,129.15,,,12384,1583082.0,110,F1,1,,,,,,2025-04-23
2025-04-23,2025-04-23,CM,BSE,STK,526550,INE652F01027,CCHHL,B,,,,,COUNTRY CLUB HOSPITALITY AND H,18.25,18.25,17.12,17.32,17.32,17.67,,17.36,,,4901,85650.0,80,F1,1,,,,,,2025-04-23
2025-04-23,2025-04-23,CM,BSE,STK,526568,INE696E01019,LONTE,Z,,,,,LONGVIEW TEA COMPANY LTD.,34.4,34.4,33.72,33.72,33.72,34.4,,33.72,,,1155,39019.0,11,F1,1,,,,,,2025-04-23
2025-04-23,2025-04-23,CM,BSE,STK,526570,INE519N01014,MIDWEST,XT,,,,,MIDWEST GOLD LTD.,412.05,412.05,412.05,412.05,412.05,404.0,,412.05,,,170,70048.0,7,F1,1,,,,,,2025-04-23
2025-04-23,2025-04-23,CM,BSE,STK,526574,INE439G01019,ENTRINT,X,,,,,ENTERPRISE INTERNATIONAL LTD.,23.9,24.7,23.9,24.7,24.7,23.83,,24.7,,,13,319.0,3,F1,1,,,,,,2025-04-23
2025-04-23,2025-04-23,CM,BSE,STK,526582,INE413G01022,TPLPLASTEH,B,,,,,TPL PLASTECH LTD.,90.0,92.08,88.01,89.45,88.86,91.18,,89.96,,,8517,762687.0,365,F1,1,,,,,,2025-04-23
2025-04-23,2025-04-23,CM,BSE,STK,526586,INE015B01018,WIMPLAST,X,,,,,WIM PLAST LTD.,488.55,497.8,483.0,486.7,485.8,488.55,,486.7,,,4097,1998027.0,134,F1,1,,,,,,2025-04-23
2025-04-23,2025-04-23,CM,BSE,STK,526588,INE813B01016,PHOTOQUP,X,,,,,PHOTOQUIP INDIA LTD.,20.4,20.4,19.05,19.13,19.13,19.99,,19.13,,,9748,187778.0,49,F1,1,,,,,,2025-04-23
2025-04-23,2025-04-23,CM,BSE,STK,526596,INE557B01019,LIBERTSHOE,B,,,,,LIBERTY SHOES LTD.,421.4,424.5,405.15,419.55,415.0,424.8,,419.1,,,5938,2474367.0,689,F1,1,,,,,,2025-04-23
2025-04-23,2025-04-23,CM,BSE,STK,526604,INE845B01018,LIPPISYS,XT,,,,,LIPPI SYSTEMS LTD.,22.71,25.0,22.71,24.1,24.1,23.9,,24.1,,,5989,148994.0,24,F1,1,,,,,,2025-04-23
2025-04-23,2025-04-23,CM,BSE,STK,526608,INE822G01016,ELECTHERM,T,,,,,ELECTROTHERM (INDIA) LTD.,1087.4,1087.4,1087.4,1087.4,1087.4,1066.1,,1087.4,,,205,222917.0,7,F1,1,,,,,,2025-04-23
2025-04-23,2025-04-23,CM,BSE,STK,526612,INE233B01017,BLUEDART,A,,,,,BLUE DART EXPRESS LTD.,6550.0,6682.45,6519.45,6557.6,6527.5,6495.25,,6556.0,,,863,5687929.0,338,F1,1,,,,,,2025-04-23
2025-04-23,2025-04-23,CM,BSE,STK,526614,INE561D01025,EXPOGAS,X,,,,,EXPO GAS CONTAINERS LTD.,52.0,52.0,49.78,52.0,52.0,51.0,,52.0,,,106315,5522270.0,40,F1,1,,,,,,2025-04-23
2025-04-23,2025-04-23,CM,BSE,STK,526616,INE233D01013,NATPLAS,X,,,,,NATIONAL PLASTIC INDUSTRIES LT,56.76,56.88,54.32,54.98,54.51,54.78,,54.98,,,5024,281029.0,64,F1,1,,,,,,2025-04-23
2025-04-23,2025-04-23,CM,BSE,STK,526622,INE244C01020,MFLINDIA,X,,,,,MFL INDIA LTD.,0.62,0.64,0.62,0.62,0.62,0.62,,0.62,,,390666,245098.0,409,F1,1,,,,,,2025-04-23
2025-04-23,2025-04-23,CM,BSE,STK,526628,INE863E01015,AJWAFUN,P,,,,,AJWA FUN WORLD & RESORT LTD.,29.8,29.8,29.8,29.8,29.8,29.8,,29.8,,,500,14900.0,1,F1,100,,,,,,2025-04-23
2025-04-23,2025-04-23,CM,BSE,STK,526638,INE594V01028,TEXELIN,XT,,,,,TEXEL INDUSTRIES LTD.,132.75,135.0,132.75,132.75,132.75,139.7,,132.75,,,24592,3266086.0,135,F1,1,,,,,,2025-04-23
2025-04-23,2025-04-23,CM,BSE,STK,526640,INE008C01011,RAYALEMA,X,,,,,ROYALE MANOR HOTELS & INDUSTRI,56.55,56.55,52.0,52.61,52.61,54.13,,52.61,,,23359,1244602.0,176,F1,1,,,,,,2025-04-23
2025-04-23,2025-04-23,CM,BSE,STK,526642,INE771A01026,MIRZAINT,B,,,,,MIRZA INTERNATIONAL LTD.,32.0,32.01,31.02,31.49,31.67,32.25,,31.6,,,39217,1234755.0,538,F1,1,,,,,,2025-04-23
2025-04-23,2025-04-23,CM,BSE,STK,526650,INE305A01015,TFCILTD,A,,,,,TOURISM FINANCE CORPORATION OF,190.2,191.3,186.85,187.25,187.0,189.85,,187.45,,,133407,25166403.0,1707,F1,1,,,,,,2025-04-23
2025-04-23,2025-04-23,CM,BSE,STK,526654,INE403F01017,THAKDEV,X,,,,,THAKKERS DEVELOPERS LTD.,196.65,196.65,193.95,193.95,193.95,189.0,,193.95,,,1015,196893.0,5,F1,1,,,,,,2025-04-23
2025-04-23,2025-04-23,CM,BSE,STK,526662,INE610C01014,ARENTERP,B,,,,,RAJDARSHAN INDUSTRIES LTD.,41.99,41.99,41.99,41.99,41.99,41.5,,41.99,,,2,83.0,1,F1,1,,,,,,2025-04-23
2025-04-23,2025-04-23,CM,BSE,STK,526666,INE828A01016,BIL,T,,,,,BHARTIYA INTERNATIONAL LTD.,540.75,540.75,540.75,540.75,540.75,515.0,,540.75,,,366,197914.0,11,F1,1,,,,,,2025-04-23
2025-04-23,2025-04-23,CM,BSE,STK,526668,INE967C01018,KAMATHOTEL,B,,,,,KAMAT HOTELS (INDIA) LTD.,280.0,281.0,270.15,275.85,275.0,276.45,,275.85,,,35016,9609654.0,747,F1,1,,,,,,2025-04-23
2025-04-23,2025-04-23,CM,BSE,STK,526677,INE055C01020,KEEPLEARN,B,,,,,DSJ KEEP LEARNING LIMITED,4.64,4.75,4.33,4.4,4.4,4.55,,4.38,,,49883,222054.0,184,F1,1,,,,,,2025-04-23
2025-04-23,2025-04-23,CM,BSE,STK,526703,INE423D01010,ECOPLAST,X,,,,,ECOPLAST LTD.,689.7,689.95,642.65,648.2,649.5,672.2,,648.2,,,3246,2124173.0,200,F1,1,,,,,,2025-04-23
2025-04-23,2025-04-23,CM,BSE,STK,526705,INE095B01010,ELEMARB,X,,,,,ELEGANT MARBLES & GRANI INDUST,240.05,250.0,240.05,243.05,242.6,250.0,,243.05,,,409,98987.0,23,F1,1,,,,,,2025-04-23
2025-04-23,2025-04-23,CM,BSE,STK,526709,INE839A01021,BITS,XT,,,,,BITS LTD.,12.02,12.02,12.02,12.02,12.02,11.79,,12.02,,,34526,415002.0,115,F1,1,,,,,,2025-04-23
2025-04-23,2025-04-23,CM,BSE,STK,526711,INE627D01016,ADARSHPL,X,,,,,ADARSH PLANT PROTECT LTD.,25.82,27.48,24.36,25.96,26.49,25.82,,25.96,,,11030,277185.0,38,F1,1,,,,,,2025-04-23
2025-04-23,2025-04-23,CM,BSE,STK,526717,INE136C01044,HPBL,X,,,,,HCP PLASTENE BULKPACK LIMITED,109.5,118.0,108.0,109.15,109.15,108.0,,109.15,,,2260,249134.0,93,F1,1,,,,,,2025-04-23
2025-04-23,2025-04-23,CM,BSE,STK,526721,INE653C01022,NICCOPAR,X,,,,,NICCO PARKS & RESORTS LTD.,122.7,123.1,119.0,120.65,120.3,122.7,,120.65,,,2833,341272.0,115,F1,1,,,,,,2025-04-23
2025-04-23,2025-04-23,CM,BSE,STK,526723,INE920C01017,NTCIND,X,,,,,NTC INDUSTRIES LTD.,221.7,221.7,205.0,208.4,209.85,211.6,,208.4,,,1683,352262.0,67,F1,1,,,,,,2025-04-23
2025-04-23,2025-04-23,CM,BSE,STK,526727,INE797D01017,GARNET,X,,,,,GARNET CONSTRUCTION LTD.,28.0,28.25,27.52,27.99,28.0,27.41,,27.99,,,991,27715.0,18,F1,1,,,,,,2025-04-23
2025-04-23,2025-04-23,CM,BSE,STK,526729,INE025B01025,GOLDIAM,B,,,,,GOLDIAM INTERNATIONAL LTD.,392.5,395.15,378.75,381.35,380.65,386.0,,380.95,,,16099,6179378.0,550,F1,1,,,,,,2025-04-23
2025-04-23,2025-04-23,CM,BSE,STK,526731,INE630D01010,BRIGHTBR,X,,,,,BRIGHT BROTHERS LTD.,301.95,309.95,295.0,300.65,302.0,299.2,,300.65,,,4278,1281616.0,113,F1,1,,,,,,2025-04-23
2025-04-23,2025-04-23,CM,BSE,STK,526739,INE869A01010,SHAWGELTIN,X,,,,,NARMADA GELATINES LTD.,323.4,326.75,319.0,320.0,319.0,321.3,,320.0,,,4908,1575642.0,115,F1,1,,,,,,2025-04-23
2025-04-23,2025-04-23,CM,BSE,STK,526747,INE078D01012,PGFOILQ,XT,,,,,PG FOILS LTD.,295.1,304.95,288.0,293.75,296.0,296.25,,293.75,,,11025,3249027.0,142,F1,1,,,,,,2025-04-23
2025-04-23,2025-04-23,CM,BSE,STK,526751,INE915E01013,GRATEXI,X,,,,,GRATEX INDUSTRIES LTD.,16.07,16.07,16.0,16.0,16.0,16.07,,16.0,,,11,176.0,3,F1,1,,,,,,2025-04-23
2025-04-23,2025-04-23,CM,BSE,STK,526755,INE548D01014,VELHO,X,,,,,VELAN HOTELS LTD.,6.8,6.83,6.62,6.8,6.79,6.83,,6.8,,,967,6553.0,14,F1,1,,,,,,2025-04-23
2025-04-23,2025-04-23,CM,BSE,STK,526761,INE931B01016,HOWARHO,X,,,,,HOWARD HOTELS LTD.,24.38,25.59,24.38,25.12,25.12,25.0,,25.12,,,3208,78962.0,8,F1,1,,,,,,2025-04-23
2025-04-23,2025-04-23,CM,BSE,STK,526773,INE891E01024,PRESSURS,X,,,,,PRESSURE SENSITIVE SYSTEMS (IN,3.44,3.44,3.3,3.34,3.36,3.33,,3.34,,,132619,443290.0,260,F1,1,,,,,,2025-04-23
2025-04-23,2025-04-23,CM,BSE,STK,526775,INE760B01019,VALIANT,XT,,,,,VALIANT COMMUNICATIONS LTD.,617.0,622.0,582.25,588.45,587.0,607.4,,588.45,,,5669,3391519.0,163,F1,1,,,,,,2025-04-23
2025-04-23,2025-04-23,CM,BSE,STK,526783,INE934C01018,DRAGARWQ,B,,,,,DR.AGARWALS EYE HOSPITAL LTD.,4301.0,4424.0,4256.05,4390.1,4400.0,4309.65,,4390.1,,,1496,6524979.0,335,F1,1,,,,,,2025-04-23
2025-04-23,2025-04-23,CM,BSE,STK,526797,INE461C01038,GREENPLY,B,,,,,GREENPLY INDUSTRIES LTD.,317.9,317.9,295.9,298.75,298.6,300.35,,298.75,,,2570,768815.0,198,F1,1,,,,,,2025-04-23
2025-04-23,2025-04-23,CM,BSE,STK,526807,INE497B01018,SEAMECLTD,B,,,,,SEAMEC LTD.,971.65,993.55,964.5,970.0,968.0,980.85,,973.45,,,343,334229.0,79,F1,1,,,,,,2025-04-23
2025-04-23,2025-04-23,CM,BSE,STK,526813,INE753B01014,RAGHUNAT,X,,,,,RAGHUNATH INTERNATIONAL LTD.,13.85,13.85,12.6,12.6,12.6,14.0,,12.6,,,12130,153221.0,15,F1,1,,,,,,2025-04-23
2025-04-23,2025-04-23,CM,BSE,STK,526817,INE974B01016,CHEVIOT,B,,,,,CHEVIOT CO.LTD.,1083.0,1088.5,1059.2,1073.3,1073.3,1088.55,,1070.2,,,749,810761.0,100,F1,1,,,,,,2025-04-23
2025-04-23,2025-04-23,CM,BSE,STK,526821,INE928C01010,DAICHI,XT,,,,,DAI-ICHI KARKARIA LTD.,364.0,379.0,353.0,374.6,377.0,362.15,,374.6,,,11659,4315962.0,110,F1,1,,,,,,2025-04-23
2025-04-23,2025-04-23,CM,BSE,STK,526823,INE016C01014,RAJINFRA,Z,,,,,RAJESWARI INFRASTRUCTURE LIMIT,3.79,3.79,3.79,3.79,3.79,3.79,,3.79,,,570,2160.0,3,F1,1,,,,,,2025-04-23
2025-04-23,2025-04-23,CM,BSE,STK,526829,INE552D01024,CONFIPET,B,,,,,CONFIDENCE PETROLEUM INDIA LTD,58.0,58.21,55.55,56.17,56.17,57.56,,55.95,,,65508,3720430.0,663,F1,1,,,,,,2025-04-23
2025-04-23,2025-04-23,CM,BSE,STK,526839,INE413C01013,SIPL,X,,,,,SHELTER INFRA PROJECTS LTD.,16.0,16.0,14.93,14.93,14.93,14.86,,14.93,,,7,105.0,2,F1,1,,,,,,2025-04-23
2025-04-23,2025-04-23,CM,BSE,STK,526841,INE794C01016,SHAKTIPR,X,,,,,SHAKTI PRESS LTD.,27.01,29.65,27.01,27.51,28.79,26.71,,27.51,,,6132,174072.0,57,F1,1,,,,,,2025-04-23
2025-04-23,2025-04-23,CM,BSE,STK,526847,INE338C01012,ASHSI,X,,,,,ASHIRWAD STEELS & INDUSTRIES L,34.1,34.6,33.5,34.23,34.23,34.8,,34.23,,,3724,125638.0,57,F1,1,,,,,,2025-04-23
2025-04-23,2025-04-23,CM,BSE,STK,526849,INE655B01011,BANARBEADS,B,,,,,BANARAS BEADS LTD.,125.8,127.2,122.0,122.35,122.0,123.55,,122.37,,,3478,431672.0,73,F1,1,,,,,,2025-04-23
2025-04-23,2025-04-23,CM,BSE,STK,526853,INE986A01012,BI,X,,,,,BILCARE LTD.,85.65,88.0,83.12,87.54,86.15,85.65,,87.54,,,46692,4025482.0,212,F1,1,,,,,,2025-04-23
2025-04-23,2025-04-23,CM,BSE,STK,526859,INE973B01026,ISFL,XT,,,,,ISF LIMITED,1.9,1.9,1.9,1.9,1.9,1.93,,1.9,,,5340,10146.0,30,F1,1,,,,,,2025-04-23
2025-04-23,2025-04-23,CM,BSE,STK,526861,INE988D01012,RISHILASE,X,,,,,RISHI LASER LTD.,147.95,148.0,135.0,145.5,146.25,146.05,,145.5,,,12031,1741951.0,162,F1,1,,,,,,2025-04-23
2025-04-23,2025-04-23,CM,BSE,STK,526865,INE966C01010,JAINCO,XT,,,,,JAINCO PROJECTS (INDIA) LTD.,10.82,10.82,10.82,10.82,10.82,11.04,,10.82,,,544,5886.0,9,F1,1,,,,,,2025-04-23
2025-04-23,2025-04-23,CM,BSE,STK,526869,INE795E01019,KUMPFIN,XT,,,,,KUMBHAT FINANCIAL SERVICES LTD,25.5,25.57,25.4,25.4,25.4,24.36,,25.4,,,485,12398.0,12,F1,1,,,,,,2025-04-23
2025-04-23,2025-04-23,CM,BSE,STK,526871,INE017E01018,INTECCAP,X,,,,,INTEC CAPITAL LTD.,15.5,17.04,15.5,16.96,16.96,15.5,,16.96,,,1131,19209.0,14,F1,1,,,,,,2025-04-23
2025-04-23,2025-04-23,CM,BSE,STK,526873,INE184D01026,RAJGASES,X,,,,,RAJASTHAN GASES LTD.,45.98,50.0,45.98,49.94,49.85,46.0,,49.94,,,1802,87560.0,32,F1,1,,,,,,2025-04-23
2025-04-23,2025-04-23,CM,BSE,STK,526877,INE797C01019,SIDDHEGA,X,,,,,SIDDHESWARI GARMENTS LTD.,13.75,13.75,13.75,13.75,13.75,13.1,,13.75,,,1,13.0,1,F1,1,,,,,,2025-04-23
2025-04-23,2025-04-23,CM,BSE,STK,526881,INE111B01023,63MOONS,B,,,,,63 Moons Technologies Limited,745.0,747.4,710.1,717.9,717.9,730.9,,716.9,,,13496,9756381.0,798,F1,1,,,,,,2025-04-23
2025-04-23,2025-04-23,CM,BSE,STK,526885,INE453D01025,SARLAPOLY,B,,,,,SARLA PERFORMANCE FIBERS LTD.,96.56,103.11,91.55,100.78,101.0,95.57,,100.86,,,85212,8402003.0,2050,F1,1,,,,,,2025-04-23
2025-04-23,2025-04-23,CM,BSE,STK,526891,INE944C01017,MKTCREAT,X,,,,,MARKET CREATORS LTD.,13.32,15.99,13.32,15.5,15.5,14.79,,15.5,,,33,506.0,11,F1,1,,,,,,2025-04-23
2025-04-23,2025-04-23,CM,BSE,STK,526899,INE552B01010,HFIL,X,,,,,HIMALAYA FOOD INTERNATIONAL LI,18.59,19.0,17.0,17.88,17.77,17.85,,17.88,,,242594,4357716.0,868,F1,1,,,,,,2025-04-23
2025-04-23,2025-04-23,CM,BSE,STK,526901,INE344I01017,SONALAD,X,,,,,SONAL ADHESIVES LTD.,55.0,55.8,53.5,53.52,53.51,54.99,,53.52,,,818,44364.0,38,F1,1,,,,,,2025-04-23
2025-04-23,2025-04-23,CM,BSE,STK,526905,INE743D01011,PADMAIND,XT,,,,,Padmanabh Industries Ltd,7.48,7.48,7.48,7.48,7.48,7.48,,7.48,,,142,1062.0,2,F1,1,,,,,,2025-04-23
2025-04-23,2025-04-23,CM,BSE,STK,526921,INE253B01015,21STCENMGM,B,,,,,TWENTYFIRST CENTURY MANAGEMENT,78.3,78.3,78.3,78.3,78.3,76.77,,79.14,,,10,783.0,2,F1,1,,,,,,2025-04-23
2025-04-23,2025-04-23,CM,BSE,STK,526931,INE400G01011,HRYNSHP,X,,,,,HARIYANA SHIP BREAKERS LTD.,111.0,124.5,109.6,110.65,111.95,107.0,,110.65,,,11016,1275957.0,141,F1,1,,,,,,2025-04-23
2025-04-23,2025-04-23,CM,BSE,STK,526935,INE377D01018,ARUNIS,XT,,,,,ARUNIS ABODE LIMITED,210.0,214.85,210.0,212.45,214.85,215.0,,212.45,,,2,424.0,2,F1,1,,,,,,2025-04-23
2025-04-23,2025-04-23,CM,BSE,STK,526945,INE945B01016,TYROON,X,,,,,TYROON TEA CO.LTD.,108.0,108.05,106.2,108.0,108.0,108.0,,108.0,,,1208,129778.0,12,F1,1,,,,,,2025-04-23
2025-04-23,2025-04-23,CM,BSE,STK,526947,INE059D01020,LAOPALA,B,,,,,LA OPALA RG LTD.,240.1,247.0,240.1,242.8,242.5,245.25,,243.06,,,4858,1183782.0,213,F1,1,,,,,,2025-04-23
2025-04-23,2025-04-23,CM,BSE,STK,526951,INE239C01020,STYLAMIND,B,,,,,STYLAM INDUSTRIES LIMITED,1829.0,1829.0,1770.0,1784.7,1774.25,1811.75,,1788.2,,,1412,2538346.0,245,F1,1,,,,,,2025-04-23
2025-04-23,2025-04-23,CM,BSE,STK,526953,INE411B01019,VENUSREM,B,,,,,VENUS REMEDIES LTD.,317.5,343.3,317.5,338.0,337.65,337.0,,338.45,,,2074,704298.0,187,F1,1,,,,,,2025-04-23
2025-04-23,2025-04-23,CM,BSE,STK,526961,INE404B01022,LASTMILE,B,,,,,LAST MILE ENTERPRISES LIMITED,24.3,26.46,24.3,25.05,25.0,25.07,,25.05,,,33902,851994.0,127,F1,1,,,,,,2025-04-23
2025-04-23,2025-04-23,CM,BSE,STK,526965,INE372D01019,GUJCRAFT,XT,,,,,GUJARAT CRAFT INDUSTRIES LTD.,145.0,145.0,144.1,144.1,144.1,147.0,,144.1,,,1669,241515.0,13,F1,1,,,,,,2025-04-23
2025-04-23,2025-04-23,CM,BSE,STK,526967,INE025D01013,HEERAISP,Z,,,,,HEERA ISPAT LTD.,7.65,7.65,7.65,7.65,7.65,7.29,,7.65,,,5500,42075.0,22,F1,1,,,,,,2025-04-23
2025-04-23,2025-04-23,CM,BSE,STK,526971,INE313G01016,DHOOTIN,X,,,,,DHOOT INDUSTRIAL FINANCE LTD.,279.0,279.0,268.0,269.65,271.5,272.7,,269.65,,,899,243177.0,51,F1,1,,,,,,2025-04-23
2025-04-23,2025-04-23,CM,BSE,STK,526981,INE402H01015,SHBAJRG,X,,,,,SHRI BAJRANG ALLIANCE LIMITED,175.0,175.5,170.0,171.75,173.0,172.5,,171.75,,,1671,289034.0,31,F1,1,,,,,,2025-04-23
2025-04-23,2025-04-23,CM,BSE,STK,526987,INE550C01020,URJA,T,,,,,URJA GLOBAL LTD.,13.89,14.12,13.75,14.12,14.12,13.45,,14.16,,,136249,1907453.0,245,F1,1,,,,,,2025-04-23
2025-04-23,2025-04-23,CM,BSE,STK,527001,INE348A01023,ASHAPURMIN,B,,,,,ASHAPURA MINECHEM LTD.,385.0,386.4,368.65,373.45,374.0,384.25,,373.65,,,19674,7414114.0,858,F1,1,,,,,,2025-04-23
2025-04-23,2025-04-23,CM,BSE,STK,527005,INE847D01010,SHREEPAC,XT,,,,,SHREE PACETRONIX LTD.,70.1,70.11,70.1,70.11,70.11,70.15,,70.11,,,199,13950.0,5,F1,1,,,,,,2025-04-23
2025-04-23,2025-04-23,CM,BSE,STK,530001,INE186A01019,GUJALKALI,B,,,,,GUJARAT ALKALIES & CHEMICALS L,662.45,662.45,635.1,637.5,636.4,662.45,,638.2,,,8189,5315355.0,580,F1,1,,,,,,2025-04-23
2025-04-23,2025-04-23,CM,BSE,STK,530005,INE383A01012,INDIACEM,A,,,,,INDIA CEMENTS LTD.,286.05,289.25,284.4,288.5,289.25,288.65,,288.2,,,31394,9029460.0,583,F1,1,,,,,,2025-04-23
2025-04-23,2025-04-23,CM,BSE,STK,530007,INE573A01042,JKTYRE,A,,,,,JK TYRE & INDUSTRIES LTD.,313.4,314.85,306.9,309.8,309.8,311.85,,309.45,,,13267,4107550.0,397,F1,1,,,,,,2025-04-23
2025-04-23,2025-04-23,CM,BSE,STK,530011,INE558B01017,MANGCHEFER,B,,,,,MANGALORE CHEMICALS & FERTILIZ,197.75,202.55,193.0,200.25,200.25,196.35,,200.26,,,56384,11251142.0,883,F1,1,,,,,,2025-04-23
2025-04-23,2025-04-23,CM,BSE,STK,530017,INE173A01025,SIL,B,,,,,STANDARD INDUSTRIES LTD.,20.65,21.75,20.12,20.51,20.95,20.7,,20.53,,,3768,77471.0,114,F1,1,,,,,,2025-04-23
2025-04-23,2025-04-23,CM,BSE,STK,530019,INE700A01033,JUBLPHARMA,A,,,,,JUBILANT PHARMOVA LIMITED,926.35,934.75,911.3,924.15,925.35,919.4,,923.85,,,8388,7727188.0,795,F1,1,,,,,,2025-04-23
2025-04-23,2025-04-23,CM,BSE,STK,530023,INE924D01017,THEINVEST,B,,,,,THE INVESTMENT TRUST OF INDIA,151.8,151.8,145.2,150.0,150.0,150.0,,149.34,,,649,95953.0,56,F1,1,,,,,,2025-04-23
2025-04-23,2025-04-23,CM,BSE,STK,530025,INE607G01011,SAMYAKINT,X,,,,,SAMYAK INTERNATIONAL LTD.,39.0,42.99,39.0,42.99,42.99,42.0,,42.99,,,4,162.0,4,F1,1,,,,,,2025-04-23
2025-04-23,2025-04-23,CM,BSE,STK,530027,INE563D01013,AADIIND,X,,,,,AADI INDUSTRIES LTD.,5.8,5.8,5.25,5.25,5.25,5.8,,5.25,,,2143,11328.0,8,F1,1,,,,,,2025-04-23
2025-04-23,2025-04-23,CM,BSE,STK,530037,INE618F01010,SREEJAYA,XT,,,,,SREE JAYALAKSHMI AUTOSPIN LTD.,84.77,84.77,84.77,84.77,84.77,83.11,,84.77,,,2765,234389.0,6,F1,1,,,,,,2025-04-23
2025-04-23,2025-04-23,CM,BSE,STK,530043,INE326C01017,ACKNIT,X,,,,,ACKNIT INDUSTRIES LTD.,238.85,238.9,232.0,235.85,235.95,236.9,,235.85,,,2579,610033.0,31,F1,1,,,,,,2025-04-23
2025-04-23,2025-04-23,CM,BSE,STK,530045,INE090D01017,TITANSEC,X,,,,,TITAN SECURITIES LTD.,35.75,36.5,34.02,35.44,35.85,35.51,,35.44,,,7449,262104.0,122,F1,1,,,,,,2025-04-23
2025-04-23,2025-04-23,CM,BSE,STK,530053,INE055E01034,REALECO,X,,,,,REAL ECO-ENERGY LIMITED,6.2,6.35,6.03,6.23,6.24,6.18,,6.23,,,294346,1845653.0,224,F1,1,,,,,,2025-04-23
2025-04-23,2025-04-23,CM,BSE,STK,530057,INE984E01035,VIVANZA,XT,,,,,Vivanza Biosciences Limited,2.43,2.43,2.31,2.33,2.37,2.35,,2.33,,,111677,267622.0,118,F1,1,,,,,,2025-04-23
2025-04-23,2025-04-23,CM,BSE,STK,530063,INE095C01018,YASHRAJC,XT,,,,,YASHRAJ CONTAINEURS LTD.,8.68,8.68,8.56,8.56,8.56,8.29,,8.56,,,2489,21545.0,15,F1,1,,,,,,2025-04-23
2025-04-23,2025-04-23,CM,BSE,STK,530065,INE689J01013,LORDSHOTL,X,,,,,LORDS ISHWAR HOTELS LIMITED,16.01,16.01,16.01,16.01,16.01,15.25,,16.01,,,101,1617.0,2,F1,1,,,,,,2025-04-23
2025-04-23,2025-04-23,CM,BSE,STK,530067,INE718F01018,CSLFINANCE,B,,,,,CSL Finance Limited,333.55,333.55,316.75,320.5,317.65,324.0,,320.4,,,7678,2480547.0,325,F1,1,,,,,,2025-04-23
2025-04-23,2025-04-23,CM,BSE,STK,530073,INE989A01032,SANGHVIMOV,B,,,,,SANGHVI MOVERS LTD.,303.0,304.7,291.2,297.8,297.6,299.95,,296.93,,,53248,15874018.0,3216,F1,1,,,,,,2025-04-23
2025-04-23,2025-04-23,CM,BSE,STK,530075,INE818A01017,SELAN,B,,,,,SELAN EXPLORATION TECHNOLOGY L,597.25,597.25,555.1,559.75,559.75,579.3,,559.2,,,8774,4937975.0,604,F1,1,,,,,,2025-04-23
2025-04-23,2025-04-23,CM,BSE,STK,530077,INE795D01011,PURETROP,X,,,,,PURETROP FRUITS LIMITED,124.0,128.9,122.0,122.25,124.0,125.25,,122.25,,,1221,151750.0,42,F1,1,,,,,,2025-04-23
2025-04-23,2025-04-23,CM,BSE,STK,530079,INE963C01033,FAZE3Q,B,,,,,FAZE THREE LTD.,482.7,540.8,476.85,518.9,518.9,475.85,,518.55,,,20278,10465951.0,1852,F1,1,,,,,,2025-04-23
2025-04-23,2025-04-23,CM,BSE,STK,530093,INE715F01014,ACEEDU,Z,,,,,ACE EDUTREND LTD.,3.25,3.34,3.19,3.34,3.34,3.19,,3.34,,,3174,10569.0,8,F1,1,,,,,,2025-04-23
2025-04-23,2025-04-23,CM,BSE,STK,530095,INE656B01027,PRADHIN,XT,,,,,PRADHIN LIMITED,0.5,0.51,0.5,0.51,0.51,0.49,,0.51,,,11682876,5940375.0,1367,F1,1,,,,,,2025-04-23
2025-04-23,2025-04-23,CM,BSE,STK,530109,INE069B01023,ANUPAM,X,,,,,ANUPAM FINSERV LIMITED,2.03,2.07,1.99,2.03,2.03,2.03,,2.03,,,385311,777293.0,305,F1,1,,,,,,2025-04-23
2025-04-23,2025-04-23,CM,BSE,STK,530111,INE639C01013,RAJPACK,X,,,,,RAJ PACKAGING INDUSTRIES LTD.,32.49,32.49,29.11,29.4,29.4,32.33,,29.4,,,36525,1090913.0,253,F1,1,,,,,,2025-04-23
2025-04-23,2025-04-23,CM,BSE,STK,530117,INE959A01019,PRIVISCL,B,,,,,PRIVI SPECIALITY CHEMICALS LIM,1888.0,1921.0,1853.3,1902.4,1890.0,1886.65,,1907.0,,,7041,13245806.0,814,F1,1,,,,,,2025-04-23
2025-04-23,2025-04-23,CM,BSE,STK,530119,INE444D01016,NATRAJPR,X,,,,,NATRAJ PROTEINS LTD.,40.82,40.82,39.4,40.69,40.82,40.83,,40.69,,,411,16601.0,7,F1,1,,,,,,2025-04-23
2025-04-23,2025-04-23,CM,BSE,STK,530125,INE103E01016,SAMRATPH,X,,,,,SAMRAT PHARMACHEM LTD.,400.0,423.8,400.0,410.15,410.0,405.4,,410.15,,,2938,1206904.0,130,F1,1,,,,,,2025-04-23
2025-04-23,2025-04-23,CM,BSE,STK,530127,INE446D01011,NPRFIN,X,,,,,NPR FINANCE LTD.,26.5,26.69,24.31,25.71,26.38,26.71,,25.71,,,4220,107518.0,84,F1,1,,,,,,2025-04-23
2025-04-23,2025-04-23,CM,BSE,STK,530129,INE445D01013,NILE,X,,,,,NILE LTD.,1550.0,1550.0,1480.0,1493.9,1493.9,1529.6,,1493.9,,,2268,3402353.0,258,F1,1,,,,,,2025-04-23
2025-04-23,2025-04-23,CM,BSE,STK,530131,INE225C01029,UDAICEMENT,B,,,,,UDAIPUR CEMENT WORKS LTD.,29.0,29.47,28.83,29.0,29.12,29.4,,29.12,,,18142,526096.0,140,F1,1,,,,,,2025-04-23
2025-04-23,2025-04-23,CM,BSE,STK,530133,INE924B01011,AMCOIND,X,,,,,AMCO INDIA LTD.,70.45,79.8,70.45,75.88,76.0,74.96,,75.88,,,374,28643.0,15,F1,1,,,,,,2025-04-23
2025-04-23,2025-04-23,CM,BSE,STK,530135,INE350C01017,OPTIEMUS,B,,,,,OPTIEMUS INFRACOM LTD,501.05,535.0,500.85,532.15,532.15,497.8,,531.25,,,66441,34559671.0,2912,F1,1,,,,,,2025-04-23
2025-04-23,2025-04-23,CM,BSE,STK,530139,INE302C01018,KREONFIN,X,,,,,KREON FINNANCIAL SERVICES LTD.,21.09,23.9,19.93,21.98,23.0,21.09,,21.98,,,290,6151.0,14,F1,1,,,,,,2025-04-23
2025-04-23,2025-04-23,CM,BSE,STK,530141,INE487G01018,GYANDEV,XT,,,,,GYAN DEVELOPERS & BUILDERS LTD,25.88,27.23,25.88,25.88,25.88,27.24,,25.88,,,1188,30812.0,16,F1,1,,,,,,2025-04-23
2025-04-23,2025-04-23,CM,BSE,STK,530145,INE017C01012,KISAN,X,,,,,KISAN MOULDINGS LTD.,52.4,52.4,49.0,50.14,49.51,50.05,,50.14,,,66633,3361763.0,766,F1,1,,,,,,2025-04-23
2025-04-23,2025-04-23,CM,BSE,STK,530163,INE817B01025,KERALAYUR,X,,,,,KERALA AYURVEDA LTD.,331.95,357.75,328.0,357.75,357.75,325.25,,357.75,,,12382,4314896.0,232,F1,1,,,,,,2025-04-23
2025-04-23,2025-04-23,CM,BSE,STK,530167,INE153K01018,MONGIPA,X,,,,,MOONGIPA CAPITAL FINANCE LTD.,23.64,23.89,21.51,21.88,21.88,23.18,,21.88,,,67466,1539999.0,100,F1,1,,,,,,2025-04-23
2025-04-23,2025-04-23,CM,BSE,STK,530169,INE388C01017,MOHITPPR,X,,,,,MOHIT PAPER MILLS LTD.,33.25,33.25,32.0,33.0,33.0,32.88,,33.0,,,102,3266.0,4,F1,1,,,,,,2025-04-23
2025-04-23,2025-04-23,CM,BSE,STK,530171,INE108C01019,DAULAT,X,,,,,DAULAT SECURITIES LTD.,42.7,46.8,40.5,42.21,42.25,42.7,,42.21,,,7740,317308.0,76,F1,1,,,,,,2025-04-23
2025-04-23,2025-04-23,CM,BSE,STK,530175,INE213B01019,ODYSSEY,X,,,,,ODYSSEY TECHNOLOGIES LTD.,97.0,104.0,96.0,102.5,102.87,97.81,,102.5,,,22287,2247894.0,123,F1,1,,,,,,2025-04-23
2025-04-23,2025-04-23,CM,BSE,STK,530179,INE015F01019,RSCINT,XT,,,,,RSC INTERNATIONAL LTD.,53.06,53.06,53.06,53.06,53.06,52.02,,53.06,,,1419,75292.0,7,F1,1,,,,,,2025-04-23
2025-04-23,2025-04-23,CM,BSE,STK,530185,INE936A01025,SURATRAML,X,,,,,Surat Trade and Mercantile Lim,7.09,7.09,6.82,6.94,6.95,7.05,,6.94,,,86267,600063.0,265,F1,1,,,,,,2025-04-23
2025-04-23,2025-04-23,CM,BSE,STK,530187,INE354E01031,ATHARVENT,XT,,,,,ATHARV ENTERPRISES LTD.,3.29,3.29,3.09,3.2,3.2,3.14,,3.2,,,26278,85518.0,61,F1,1,,,,,,2025-04-23
2025-04-23,2025-04-23,CM,BSE,STK,530197,INE365H01014,FUNDVISER,X,,,,,FUNDVISER CAPITAL (INDIA) LIMI,158.8,158.8,158.0,158.0,158.0,160.75,,158.0,,,12,1904.0,4,F1,1,,,,,,2025-04-23
2025-04-23,2025-04-23,CM,BSE,STK,530199,INE083B01024,THEMISMED,B,,,,,THEMIS MEDICARE LTD.,139.75,141.1,134.45,137.65,137.3,138.0,,137.58,,,11753,1611406.0,345,F1,1,,,,,,2025-04-23
2025-04-23,2025-04-23,CM,BSE,STK,530201,INE629F01025,KALLAM,X,,,,,KALLAM TEXTILES LTD,4.63,4.78,4.34,4.61,4.61,4.63,,4.61,,,65170,301319.0,93,F1,1,,,,,,2025-04-23
2025-04-23,2025-04-23,CM,BSE,STK,530207,INE899B01015,BRAWN,X,,,,,BRAWN BIOTECH LTD.,18.54,18.54,17.5,18.5,18.5,18.0,,18.5,,,106,1861.0,4,F1,1,,,,,,2025-04-23
2025-04-23,2025-04-23,CM,BSE,STK,530213,INE501D01013,FORINTL,X,,,,,FORTUNE INTERNATIONAL LTD.,56.0,56.5,56.0,56.0,56.0,56.0,,56.0,,,496,27974.0,8,F1,1,,,,,,2025-04-23
2025-04-23,2025-04-23,CM,BSE,STK,530215,INE050N01010,KINGSINFR,X,,,,,KINGS INFRA VENTURES LIMITED,144.4,146.0,137.15,138.85,138.85,138.35,,138.85,,,21725,3048476.0,157,F1,1,,,,,,2025-04-23
2025-04-23,2025-04-23,CM,BSE,STK,530217,INE295B01016,SWOJAS,X,,,,,SWOJAS FOODS LIMITED,18.94,19.65,18.5,19.2,19.25,18.76,,19.2,,,944647,17758108.0,334,F1,1,,,,,,2025-04-23
2025-04-23,2025-04-23,CM,BSE,STK,530233,INE292C01011,AUROLAB,X,,,,,AURO LABORATORIES LTD.,245.3,263.8,245.3,253.5,252.4,259.45,,253.5,,,6549,1676116.0,158,F1,1,,,,,,2025-04-23
2025-04-23,2025-04-23,CM,BSE,STK,530235,INE533C01018,KJMCFIN,X,,,,,KJMC FINANCIAL SERVICES LTD.,86.61,96.0,86.61,94.45,94.47,92.01,,94.45,,,1844,174773.0,37,F1,1,,,,,,2025-04-23
2025-04-23,2025-04-23,CM,BSE,STK,530239,INE495B01038,SUVEN,B,,,,,SUVEN LIFE SCIENCES LTD.,130.2,132.15,127.0,130.9,130.1,129.25,,130.16,,,17641,2289145.0,757,F1,1,,,,,,2025-04-23
2025-04-23,2025-04-23,CM,BSE,STK,530245,INE032E01017,ARYAMAN,X,,,,,ARYAMAN FINANCIAL SERVICES LTD,550.0,550.0,535.0,543.5,548.8,531.35,,543.5,,,644,352429.0,38,F1,1,,,,,,2025-04-23
2025-04-23,2025-04-23,CM,BSE,STK,530249,INE958C01025,BRIDGESE,X,,,,,BRIDGE SECURITIES LTD.,11.0,11.0,10.4,10.73,10.77,10.82,,10.73,,,49753,532440.0,271,F1,1,,,,,,2025-04-23
2025-04-23,2025-04-23,CM,BSE,STK,530251,INE001O01029,RISAINTL,XT,,,,,RISA INTERNATIONAL LTD.,1.0,1.02,1.0,1.02,1.02,0.98,,1.02,,,96772,98208.0,145,F1,1,,,,,,2025-04-23
2025-04-23,2025-04-23,CM,BSE,STK,530253,INE497E01012,RAJTUBE,XT,,,,,RAJASTHAN TUBE MANUFACTURING C,251.1,255.9,251.1,255.9,255.9,250.9,,255.9,,,25497,6503794.0,59,F1,1,,,,,,2025-04-23
2025-04-23,2025-04-23,CM,BSE,STK,530255,INE961B01013,KAYPOWR,XT,,,,,KAY POWER AND PAPER LTD.,16.8,16.87,16.48,16.87,16.87,16.07,,16.87,,,52941,891805.0,111,F1,1,,,,,,2025-04-23
2025-04-23,2025-04-23,CM,BSE,STK,530259,INE003B01014,INTSTOIL,X,,,,,INTER STATE OIL CARRIER LTD.,38.8,38.8,35.72,37.0,37.0,36.38,,37.0,,,251,9235.0,16,F1,1,,,,,,2025-04-23
2025-04-23,2025-04-23,CM,BSE,STK,530263,INE062C01042,GLOBALCA,X,,,,,GLOBAL CAPITAL MARKETS LTD.,0.72,0.75,0.71,0.72,0.72,0.73,,0.72,,,487931,355108.0,349,F1,1,,,,,,2025-04-23
2025-04-23,2025-04-23,CM,BSE,STK,530265,INE584B01013,SAINIK,X,,,,,SAINIK FINANCE & INDUSTRIES LT,43.0,43.41,39.2,42.0,42.0,42.79,,42.0,,,568,23742.0,9,F1,1,,,,,,2025-04-23
2025-04-23,2025-04-23,CM,BSE,STK,530267,INE021N01011,ARIGATO,XT,,,,,ARIGATO UNIVERSE LIMITED,39.86,44.03,39.86,44.03,44.03,41.94,,44.03,,,621,27330.0,6,F1,1,,,,,,2025-04-23
2025-04-23,2025-04-23,CM,BSE,STK,530271,INE652D01014,RICHUNV,X,,,,,RICH UNIVERSE NETWORK LTD.,10.24,10.24,10.2,10.2,10.2,10.24,,10.2,,,383,3920.0,4,F1,1,,,,,,2025-04-23
2025-04-23,2025-04-23,CM,BSE,STK,530281,INE373C01019,QUANTDIA,X,,,,,QUANTUM DIGITAL VISION (INDIA),26.27,26.27,25.48,25.48,25.48,26.27,,25.48,,,56,1428.0,2,F1,1,,,,,,2025-04-23
2025-04-23,2025-04-23,CM,BSE,STK,530289,INE102F01015,SPCAPIT,X,,,,,SP CAPITAL FINANCING LTD.,47.06,47.1,47.0,47.05,47.0,47.03,,47.05,,,448,21094.0,13,F1,1,,,,,,2025-04-23
2025-04-23,2025-04-23,CM,BSE,STK,530291,INE791C01012,PAOS,XT,,,,,PAOS INDUSTRIES LIMITED,46.12,46.83,46.12,46.83,46.83,47.06,,46.83,,,1001,46166.0,2,F1,1,,,,,,2025-04-23
2025-04-23,2025-04-23,CM,BSE,STK,530299,INE823A01017,KOTHARIPRO,B,,,,,KOTHARI PRODUCTS LTD.,76.25,76.25,72.5,74.4,74.5,76.04,,73.93,,,5298,393378.0,186,F1,1,,,,,,2025-04-23
2025-04-23,2025-04-23,CM,BSE,STK,530305,INE546C01010,PICCADIL,B,,,,,PICCADILY AGRO INDUSTRIES LTD.,615.0,616.9,597.5,604.75,604.75,608.2,,604.75,,,78475,47585639.0,1995,F1,1,,,,,,2025-04-23
2025-04-23,2025-04-23,CM,BSE,STK,530307,INE419D01026,CLSEL,B,,,,,CHAMAN LAL SETIA EXPORTS LTD.,336.0,344.4,336.0,337.8,337.7,336.1,,337.7,,,1742,591316.0,189,F1,1,,,,,,2025-04-23
2025-04-23,2025-04-23,CM,BSE,STK,530309,INE368D01025,CHANDRAP,X,,,,,CHANDRA PRABHU INTERNATIONAL L,18.65,18.7,18.07,18.47,18.41,18.31,,18.47,,,5748,106977.0,40,F1,1,,,,,,2025-04-23
2025-04-23,2025-04-23,CM,BSE,STK,530313,INE285U01025,KIMIABL,X,,,,,KIMIA BIOSCIENCES LIMITED,42.5,43.39,41.51,43.33,43.38,42.5,,43.33,,,1705,73275.0,17,F1,1,,,,,,2025-04-23
2025-04-23,2025-04-23,CM,BSE,STK,530315,INE428D01019,HINDTIN,X,,,,,HINDUSTAN TIN WORKS LTD.,153.3,154.45,147.5,149.9,148.15,150.85,,149.9,,,2064,309669.0,54,F1,1,,,,,,2025-04-23
2025-04-23,2025-04-23,CM,BSE,STK,530317,INE362C01012,GODAVARI,X,,,,,GODAVARI DRUGS LTD.,96.8,97.49,92.0,93.08,93.08,94.92,,93.08,,,10951,1022433.0,149,F1,1,,,,,,2025-04-23
2025-04-23,2025-04-23,CM,BSE,STK,530331,INE001E01012,PREMCO,X,,,,,PREMCO GLOBAL LTD.,425.0,436.0,421.15,433.6,434.5,432.25,,433.6,,,371,158401.0,29,F1,1,,,,,,2025-04-23
2025-04-23,2025-04-23,CM,BSE,STK,530341,INE596B01017,MUKESHB,X,,,,,MUKESH BABU FINANCIAL SERVICES,130.6,130.6,130.6,130.6,130.6,134.95,,130.6,,,51,6660.0,5,F1,1,,,,,,2025-04-23
2025-04-23,2025-04-23,CM,BSE,STK,530343,INE955D01029,GENUSPOWER,A,,,,,GENUS POWER INFRASTRUCTURES LT,316.0,323.0,308.45,321.7,321.7,315.75,,321.9,,,130977,41512079.0,2753,F1,1,,,,,,2025-04-23
2025-04-23,2025-04-23,CM,BSE,STK,530355,INE276G01015,ASIANENE,B,,,,,ASIAN ENERGY SERVICES LTD,320.3,322.6,310.05,312.95,312.95,314.25,,313.3,,,12223,3843215.0,380,F1,1,,,,,,2025-04-23
2025-04-23,2025-04-23,CM,BSE,STK,530357,INE883D01023,KBSINDIA,X,,,,,KBS INDIA LIMITED,6.4,6.95,6.12,6.38,6.38,6.5,,6.38,,,34324,216122.0,131,F1,1,,,,,,2025-04-23
2025-04-23,2025-04-23,CM,BSE,STK,530361,INE428P01013,PRABHHANS,XT,,,,,PRABHHANS INDUSTRIES LIMITED,121.4,121.4,113.5,113.5,118.0,118.95,,113.5,,,1728,197192.0,18,F1,1,,,,,,2025-04-23
2025-04-23,2025-04-23,CM,BSE,STK,530363,INE071E01023,UGARSUGAR,B,,,,,UGAR SUGAR WORKS LTD.,48.52,49.39,46.89,47.32,47.2,48.9,,47.28,,,48080,2306484.0,565,F1,1,,,,,,2025-04-23
2025-04-23,2025-04-23,CM,BSE,STK,530365,INE607D01018,ORIENTBELL,B,,,,,ORIENT BELL LIMITED,262.0,262.0,257.25,259.95,260.8,257.9,,258.08,,,124,32257.0,43,F1,1,,,,,,2025-04-23
2025-04-23,2025-04-23,CM,BSE,STK,530367,INE349A01021,NRBBEARING,B,,,,,NRB BEARINGS LTD.,233.0,248.5,232.7,238.65,239.5,244.4,,238.56,,,19704,4690401.0,684,F1,1,,,,,,2025-04-23
2025-04-23,2025-04-23,CM,BSE,STK,530369,INE380C01014,VAMSHIRU,X,,,,,VAMSHI RUBBER LTD.,40.65,40.66,40.65,40.66,40.66,41.99,,40.66,,,101,4105.0,3,F1,1,,,,,,2025-04-23
2025-04-23,2025-04-23,CM,BSE,STK,530377,INE937C01029,NILAINFRA,B,,,,,NILA INFRASTRUCTURES LTD.,10.48,10.6,10.0,10.17,10.3,10.47,,10.15,,,184606,1862649.0,915,F1,1,,,,,,2025-04-23
2025-04-23,2025-04-23,CM,BSE,STK,530393,INE921B01025,DBSTOCKBRO,B,,,,,DB (INTERNATIONAL) STOCK BROKE,28.55,29.31,28.55,28.68,28.55,28.55,,28.62,,,1322,38146.0,90,F1,1,,,,,,2025-04-23
2025-04-23,2025-04-23,CM,BSE,STK,530401,INE526H01011,VINYOFL,X,,,,,VINYOFLEX LTD.,74.35,74.35,71.55,71.58,71.58,71.16,,71.58,,,535,38725.0,17,F1,1,,,,,,2025-04-23
2025-04-23,2025-04-23,CM,BSE,STK,530405,INE356F01017,JINDCAP,X,,,,,JINDAL CAPITAL LTD.,42.3,43.5,41.93,42.95,43.0,42.43,,42.95,,,3136,132647.0,55,F1,1,,,,,,2025-04-23
2025-04-23,2025-04-23,CM,BSE,STK,530407,INE932F01015,EPIC,XT,,,,,EPIC ENERGY LTD.,64.94,64.94,64.94,64.94,64.94,63.67,,64.94,,,2402,155985.0,28,F1,1,,,,,,2025-04-23
2025-04-23,2025-04-23,CM,BSE,STK,530419,INE886B01012,SUMEDHA,X,,,,,SUMEDHA FISCAL SERVICES LTD.,69.2,71.98,67.75,69.0,69.0,70.0,,69.0,,,6222,427737.0,84,F1,1,,,,,,2025-04-23
2025-04-23,2025-04-23,CM,BSE,STK,530421,INE430F01010,KUWERIN,X,,,,,KUWER INDUSTRIES LTD.,15.97,16.06,14.54,16.06,16.06,15.3,,16.06,,,40814,631907.0,89,F1,1,,,,,,2025-04-23
2025-04-23,2025-04-23,CM,BSE,STK,530427,INE865B01016,CHOKSI,X,,,,,CHOKSI IMAGING LTD.,87.89,87.89,78.05,78.65,78.12,80.0,,78.65,,,4482,362424.0,78,F1,1,,,,,,2025-04-23
2025-04-23,2025-04-23,CM,BSE,STK,530429,INE831C01016,ASHISHPO,X,,,,,ASHISH POLYPLAST LTD.,44.99,44.99,43.3,43.3,43.3,43.3,,43.3,,,57,2551.0,9,F1,1,,,,,,2025-04-23
2025-04-23,2025-04-23,CM,BSE,STK,530433,INE960E01019,SHIVAAGRO,X,,,,,SHIVA GLOBAL AGRO INDUSTRIES L,40.01,42.8,40.01,41.91,41.91,40.9,,41.91,,,7185,297353.0,61,F1,1,,,,,,2025-04-23
2025-04-23,2025-04-23,CM,BSE,STK,530439,INE140C01012,SIDDHA,X,,,,,SIDDHA VENTURES LTD.,7.44,7.64,7.21,7.5,7.49,7.39,,7.5,,,9274,68674.0,73,F1,1,,,,,,2025-04-23
2025-04-23,2025-04-23,CM,BSE,STK,530443,INE293D01017,KIRANSY-B,XT,,,,,KIRAN SYNTEX LTD.,10.1,10.1,10.1,10.1,10.1,9.62,,10.1,,,676,6827.0,4,F1,1,,,,,,2025-04-23
2025-04-23,2025-04-23,CM,BSE,STK,530445,INE764B01029,SUMERUIND,X,,,,,SUMERU INDUSTRIES LTD.,2.39,2.39,2.22,2.32,2.32,2.35,,2.32,,,7945,18371.0,39,F1,1,,,,,,2025-04-23
2025-04-23,2025-04-23,CM,BSE,STK,530449,INE347C01013,RUNGTAIR,X,,,,,RUNGTA IRRIGATION LTD.,72.84,73.8,70.0,73.56,73.69,71.06,,73.56,,,1533,111168.0,28,F1,1,,,,,,2025-04-23
2025-04-23,2025-04-23,CM,BSE,STK,530457,INE959B01017,GTTDATA,X,,,,,GTT DATA SOLUTIONS LIMITED,81.99,83.49,80.0,81.62,82.0,81.34,,81.62,,,11612,947379.0,97,F1,1,,,,,,2025-04-23
2025-04-23,2025-04-23,CM,BSE,STK,530459,INE808A01018,VALSONQ,X,,,,,VALSON INDUSTRIES LTD.,29.4,29.4,26.21,27.25,27.25,28.9,,27.25,,,3022,81619.0,26,F1,1,,,,,,2025-04-23
2025-04-23,2025-04-23,CM,BSE,STK,530461,INE440C01016,SABOOSOD,X,,,,,SABOO SODIUM CHLORO LTD.,20.85,20.85,19.61,20.1,20.1,19.82,,20.1,,,110600,2224421.0,328,F1,1,,,,,,2025-04-23
2025-04-23,2025-04-23,CM,BSE,STK,530469,INE721D01017,GSLSEC,XT,,,,,GSL SECURITIES LTD.,31.33,31.33,31.33,31.33,31.33,30.72,,31.33,,,1956,61281.0,5,F1,1,,,,,,2025-04-23
2025-04-23,2025-04-23,CM,BSE,STK,530475,INE015C01016,TINNARUBR,B,,,,,TINNA RUBBER AND INFRASTRUCTUR,1076.0,1097.0,1050.0,1052.8,1054.05,1057.3,,1053.15,,,5836,6188620.0,938,F1,1,,,,,,2025-04-23
2025-04-23,2025-04-23,CM,BSE,STK,530477,INE337E01010,VIKRAMTH,X,,,,,VIKRAM THERMO (INDIA) LTD.,179.0,187.3,179.0,187.1,187.3,175.85,,187.1,,,27962,5135871.0,402,F1,1,,,,,,2025-04-23
2025-04-23,2025-04-23,CM,BSE,STK,530495,INE473C01025,STRATMONT,XT,,,,,STRATMONT INDUSTRIES LIMITED,72.25,72.25,65.37,72.25,72.25,68.81,,72.25,,,3182,214998.0,37,F1,1,,,,,,2025-04-23
2025-04-23,2025-04-23,CM,BSE,STK,530499,INE701G01012,AKCAPIT,X,,,,,A.K.CAPITAL SERVICES LTD.,1040.0,1045.45,1040.0,1040.0,1040.0,1045.45,,1040.0,,,50,52006.0,7,F1,1,,,,,,2025-04-23
2025-04-23,2025-04-23,CM,BSE,STK,530517,INE131B01039,RELAXO,A,,,,,RELAXO FOOTWEARS LTD.,423.4,432.7,413.15,430.2,429.35,421.45,,430.4,,,13145,5559153.0,803,F1,1,,,,,,2025-04-23
2025-04-23,2025-04-23,CM,BSE,STK,530521,INE467D01017,VIRAT,XT,,,,,VIRAT INDUSTRIES LTD.,398.35,414.55,398.35,414.55,414.55,406.45,,414.55,,,1252,514934.0,12,F1,1,,,,,,2025-04-23
2025-04-23,2025-04-23,CM,BSE,STK,530525,INE786J01033,RRETAIL,XT,,,,,RAJNISH RETAIL LIMITED,7.14,7.17,7.0,7.09,7.11,7.1,,7.09,,,99782,705992.0,484,F1,1,,,,,,2025-04-23
2025-04-23,2025-04-23,CM,BSE,STK,530533,INE390D01011,TERAI,X,,,,,TERAI TEA CO.LTD.,189.95,189.95,173.2,178.0,178.0,182.3,,178.0,,,752,132068.0,23,F1,1,,,,,,2025-04-23
2025-04-23,2025-04-23,CM,BSE,STK,530545,INE949B01018,COSCO,X,,,,,COSCO (INDIA) LTD.,285.0,289.95,278.6,280.0,280.0,280.1,,280.0,,,179,50377.0,18,F1,1,,,,,,2025-04-23
2025-04-23,2025-04-23,CM,BSE,STK,530547,INE395E01018,KENFIN,X,,,,,KEN FINANCIAL SERVICES LTD.,14.78,14.78,14.78,14.78,14.78,15.55,,14.78,,,429,6340.0,7,F1,1,,,,,,2025-04-23
2025-04-23,2025-04-23,CM,BSE,STK,530549,INE790G01031,SHILPAMED,A,,,,,SHILPA MEDICARE LTD.,684.05,685.5,668.3,680.65,681.4,677.0,,681.2,,,13500,9096346.0,720,F1,1,,,,,,2025-04-23
2025-04-23,2025-04-23,CM,BSE,STK,530555,INE074B01023,PARACABLES,B,,,,,PARAMOUNT COMMUNICATIONS LTD.,54.74,54.74,52.11,52.82,52.82,53.82,,52.89,,,196514,10440250.0,1173,F1,1,,,,,,2025-04-23
2025-04-23,2025-04-23,CM,BSE,STK,530557,INE132F01038,NCLRESE,X,,,,,NCL RESEARCH & FINANCIAL SERVI,0.65,0.66,0.64,0.65,0.65,0.65,,0.65,,,3288402,2114611.0,1472,F1,1,,,,,,2025-04-23
2025-04-23,2025-04-23,CM,BSE,STK,530565,INE149B01015,POPEES,XT,,,,,POPEES CARES LIMITED,71.17,71.17,71.17,71.17,71.17,67.79,,71.17,,,11179,795609.0,38,F1,1,,,,,,2025-04-23
2025-04-23,2025-04-23,CM,BSE,STK,530571,INE335G01019,EXPLICITFIN,X,,,,,EXPLICIT FINANCE LTD.,7.6,7.6,7.0,7.6,7.6,7.24,,7.6,,,3253,24001.0,30,F1,1,,,,,,2025-04-23
2025-04-23,2025-04-23,CM,BSE,STK,530577,INE519D01015,LADDERUP,X,,,,,LADDERUP FINANCE LTD.,65.0,65.0,56.11,56.96,56.2,59.88,,56.96,,,2589,157053.0,34,F1,1,,,,,,2025-04-23
2025-04-23,2025-04-23,CM,BSE,STK,530579,INE152C01025,UYFINCORP,B,,,,,U. Y. FINCORP LIMITED,19.27,19.41,18.8,19.31,19.31,19.26,,19.34,,,11900,226939.0,183,F1,1,,,,,,2025-04-23
2025-04-23,2025-04-23,CM,BSE,STK,530581,INE906L01025,EKAMLEA,XT,,,,,EKAM LEASING & FINANCE CO.LTD.,7.77,7.77,7.41,7.41,7.41,7.8,,7.41,,,827,6134.0,11,F1,1,,,,,,2025-04-23
2025-04-23,2025-04-23,CM,BSE,STK,530585,INE691C01022,SWASTIKA,X,,,,,SWASTIKA INVESTMART LTD.,137.0,140.0,135.0,138.2,138.2,135.45,,138.2,,,15620,2123650.0,96,F1,1,,,,,,2025-04-23
2025-04-23,2025-04-23,CM,BSE,STK,530589,INE573B01016,PRIMAPLA,X,,,,,PRIMA PLASTICS LTD.,176.6,176.65,166.0,169.5,171.0,174.3,,169.5,,,4332,741905.0,103,F1,1,,,,,,2025-04-23
2025-04-23,2025-04-23,CM,BSE,STK,530601,INE582C01015,JAGSONFI,XT,,,,,JAGSONPAL FINANCE & LEASING LT,41.15,41.96,41.15,41.96,41.96,41.14,,41.96,,,2518,104031.0,9,F1,1,,,,,,2025-04-23
2025-04-23,2025-04-23,CM,BSE,STK,530615,INE194E01015,GARGFUR,X,,,,,GARG FURNACE LTD.,221.95,221.95,210.15,210.25,213.05,211.7,,210.25,,,491,104956.0,26,F1,1,,,,,,2025-04-23
2025-04-23,2025-04-23,CM,BSE,STK,530617,INE375C01014,SAMPRE,XT,,,,,SAMPRE NUTRITIONS LTD.,28.81,29.39,28.81,29.39,29.39,29.39,,29.39,,,4741,137994.0,16,F1,1,,,,,,2025-04-23
2025-04-23,2025-04-23,CM,BSE,STK,530621,INE864E01021,AAIL,X,,,,,Akar Auto Industries Limited,104.8,104.8,101.3,102.46,102.0,103.84,,102.46,,,2224,226587.0,39,F1,1,,,,,,2025-04-23
2025-04-23,2025-04-23,CM,BSE,STK,530627,INE834D01018,VIPULORG,X,,,,,Vipul Organics Limited,143.1,148.8,143.1,144.55,146.8,143.05,,144.55,,,7520,1096460.0,123,F1,1,,,,,,2025-04-23
2025-04-23,2025-04-23,CM,BSE,STK,530643,INE316A01038,ECORECO,T,,,,,ECO RECYCLING LTD.,618.35,623.95,616.55,622.7,623.3,618.35,,622.7,,,12042,7479775.0,442,F1,1,,,,,,2025-04-23
2025-04-23,2025-04-23,CM,BSE,STK,530655,INE127I01024,GOODLUCK,B,,,,,Goodluck India Limited,787.0,815.0,779.6,803.85,797.5,790.05,,804.35,,,9227,7339112.0,864,F1,1,,,,,,2025-04-23
2025-04-23,2025-04-23,CM,BSE,STK,530663,INE912B01032,GOYALASS,X,,,,,GOYAL ASSOCIATES LTD.,1.48,1.48,1.4,1.46,1.46,1.45,,1.46,,,295017,422567.0,267,F1,1,,,,,,2025-04-23
2025-04-23,2025-04-23,CM,BSE,STK,530665,INE812B01026,ZENITHHE,X,,,,,ZENITH HEALTH CARE LTD.,4.94,4.98,4.66,4.73,4.73,4.82,,4.73,,,99531,479339.0,249,F1,1,,,,,,2025-04-23
2025-04-23,2025-04-23,CM,BSE,STK,530669,INE035401020,ACEENGITEC,XT,,,,,ACE ENGITECH LIMITED,137.2,137.2,137.2,137.2,137.2,144.4,,137.2,,,34,4664.0,5,F1,1,,,,,,2025-04-23
2025-04-23,2025-04-23,CM,BSE,STK,530675,INE057Q01018,YORKEXP,X,,,,,YORK EXPORTS LTD.,45.6,49.4,45.6,45.6,45.6,47.93,,45.6,,,43,1964.0,5,F1,1,,,,,,2025-04-23
2025-04-23,2025-04-23,CM,BSE,STK,530677,INE822E01011,SUPREME,B,,,,,SUPREME HOLDINGS & HOSPITALITY,114.0,115.19,108.46,110.98,113.0,110.51,,110.66,,,50595,5631356.0,1132,F1,1,,,,,,2025-04-23
2025-04-23,2025-04-23,CM,BSE,STK,530689,INE624M01014,LYKISLTD,X,,,,,LYKIS LIMITED,34.17,35.1,33.11,34.49,34.49,34.15,,34.49,,,6900,236115.0,93,F1,1,,,,,,2025-04-23
2025-04-23,2025-04-23,CM,BSE,STK,530695,INE233C01023,PRIMEPRO,X,,,,,PRIME PROPERTY DEVELOPMENT COR,42.95,43.0,39.61,40.13,41.4,41.17,,40.13,,,5920,245168.0,80,F1,1,,,,,,2025-04-23
2025-04-23,2025-04-23,CM,BSE,STK,530697,INE546F01013,ZENLABS,X,,,,,Zenlabs Ethica Limited,33.0,33.85,31.3,33.42,33.85,32.46,,33.42,,,1007,32920.0,16,F1,1,,,,,,2025-04-23
2025-04-23,2025-04-23,CM,BSE,STK,530699,INE533D01032,RAJRILTD,T,,,,,RAJ RAYON INDUSTRIES LIMITED,24.09,24.09,23.55,23.56,23.56,23.62,,24.44,,,5091,121098.0,30,F1,1,,,,,,2025-04-23
2025-04-23,2025-04-23,CM,BSE,STK,530705,INE161F01011,ANIRIT,XT,,,,,ANIRIT VENTURES LIMITED,101.2,103.75,101.2,101.2,101.2,103.25,,101.2,,,13,1318.0,4,F1,1,,,,,,2025-04-23
2025-04-23,2025-04-23,CM,BSE,STK,530709,INE225G01012,GOWRALE,XT,,,,,GOWRA LEASING & FINANCE LTD.,69.44,69.5,69.44,69.5,69.5,71.22,,69.5,,,11,763.0,2,F1,1,,,,,,2025-04-23
2025-04-23,2025-04-23,CM,BSE,STK,530711,INE144C01014,JAGANLAM,X,,,,,JAGAN LAMPS LTD.,75.98,75.98,72.0,72.65,72.65,73.67,,72.65,,,3160,230792.0,75,F1,1,,,,,,2025-04-23
2025-04-23,2025-04-23,CM,BSE,STK,530715,INE093B01015,ALPSINDUS,T,,,,,ALPS INDUSTRIES LTD.,2.61,2.74,2.6,2.73,2.73,2.61,,2.73,,,2892,7723.0,19,F1,1,,,,,,2025-04-23
2025-04-23,2025-04-23,CM,BSE,STK,530723,INE041B01014,ASITCFIN,X,,,,,ASIT C.MEHTA FINANCIAL SERVICE,113.6,113.6,113.6,113.6,113.6,114.0,,113.6,,,100,11360.0,1,F1,1,,,,,,2025-04-23
2025-04-23,2025-04-23,CM,BSE,STK,530733,INE900O01014,ENCODE,X,,,,,ENCODE PACKAGING INDIA LIMITED,12.55,13.14,12.16,12.99,12.99,12.61,,12.99,,,2294,28220.0,15,F1,1,,,,,,2025-04-23
2025-04-23,2025-04-23,CM,BSE,STK,530735,INE897A01011,SUPERBAK,X,,,,,SUPER BAKERS (INDIA) LTD.,31.95,31.95,30.41,30.41,30.41,31.99,,30.41,,,102,3103.0,3,F1,1,,,,,,2025-04-23
2025-04-23,2025-04-23,CM,BSE,STK,530741,INE812S01012,OVOBELE,XT,,,,,OVOBEL FOODS LTD.,68.0,70.5,67.09,68.06,70.49,68.01,,68.06,,,1444,98588.0,28,F1,1,,,,,,2025-04-23
2025-04-23,2025-04-23,CM,BSE,STK,530747,INE807A01010,CHALLANI,X,,,,,CHALLANI CAPITAL LIMITED,26.93,26.93,25.5,25.65,25.65,26.4,,25.65,,,830,21906.0,12,F1,1,,,,,,2025-04-23
2025-04-23,2025-04-23,CM,BSE,STK,530759,INE334A01023,STERTOOLS,B,,,,,STERLING TOOLS LTD.,337.4,339.7,329.05,332.6,331.4,332.15,,332.4,,,12503,4171547.0,680,F1,1,,,,,,2025-04-23
2025-04-23,2025-04-23,CM,BSE,STK,530765,INE510B01018,AGARWAL,X,,,,,AGARWAL FORTUNE INDIA LIMITED,21.8,21.9,21.8,21.9,21.9,21.9,,21.9,,,1025,22347.0,8,F1,1,,,,,,2025-04-23
2025-04-23,2025-04-23,CM,BSE,STK,530779,INE118C01018,DYNAMICP,X,,,,,DYNAMIC PORTFOLIO MANAGEMENT &,27.51,27.51,27.51,27.51,27.51,28.9,,27.51,,,5,137.0,1,F1,1,,,,,,2025-04-23
2025-04-23,2025-04-23,CM,BSE,STK,530789,INE358C01010,CEEJAY,X,,,,,CEEJAY FINANCE LTD.,195.0,195.0,187.0,187.0,187.0,185.0,,187.0,,,53,9919.0,3,F1,1,,,,,,2025-04-23
2025-04-23,2025-04-23,CM,BSE,STK,530799,INE336D01014,ANNAINFRA,X,,,,,ANNA INFRASTRUCTURES LTD.,26.46,26.46,26.0,26.0,26.0,26.46,,26.0,,,6,157.0,2,F1,1,,,,,,2025-04-23
2025-04-23,2025-04-23,CM,BSE,STK,530803,INE354C01027,BHAGERIA,B,,,,,Bhageria Industries Limited,173.8,174.8,162.75,167.35,167.0,170.75,,166.09,,,5941,985522.0,368,F1,1,,,,,,2025-04-23
2025-04-23,2025-04-23,CM,BSE,STK,530809,INE355C01016,BNRUDY,X,,,,,BNR UDYOG LTD.,61.0,61.0,52.56,60.74,60.74,57.15,,60.74,,,615,33623.0,22,F1,1,,,,,,2025-04-23
2025-04-23,2025-04-23,CM,BSE,STK,530813,INE001B01026,KRBL,A,,,,,KRBL LTD.,313.8,317.45,312.1,316.4,313.8,312.45,,316.25,,,53423,16854790.0,1781,F1,1,,,,,,2025-04-23
2025-04-23,2025-04-23,CM,BSE,STK,530821,INE838C01011,SSPDL,X,,,,,SSPDL LTD.,18.0,18.02,18.0,18.02,18.02,18.95,,18.02,,,16,288.0,2,F1,1,,,,,,2025-04-23
2025-04-23,2025-04-23,CM,BSE,STK,530825,INE789B01018,DAIKAFFI,XT,,,,,DAIKAFFIL CHEMICALS INDIA LTD.,185.05,191.95,175.8,190.9,190.9,185.05,,190.9,,,4238,776698.0,44,F1,1,,,,,,2025-04-23
2025-04-23,2025-04-23,CM,BSE,STK,530829,INE830A01012,CILSEC,X,,,,,CIL SECURITIES LTD.,48.09,48.97,46.14,46.22,46.15,46.68,,46.22,,,1205,55982.0,10,F1,1,,,,,,2025-04-23
2025-04-23,2025-04-23,CM,BSE,STK,530839,INE011B01017,CLIOINFO,X,,,,,CLIO INFOTECH LTD.,5.34,5.35,4.82,5.02,5.02,5.35,,5.02,,,465,2445.0,10,F1,1,,,,,,2025-04-23
2025-04-23,2025-04-23,CM,BSE,STK,530843,INE509F01029,CUPID,B,,,,,CUPID LTD.,74.18,75.32,72.92,73.65,72.92,73.82,,73.36,,,26455,1959824.0,436,F1,1,,,,,,2025-04-23
2025-04-23,2025-04-23,CM,BSE,STK,530845,INE199E01014,SUNSHIEL,X,,,,,SUNSHIELD CHEMICALS LTD.,810.95,811.0,775.0,785.0,780.0,793.3,,785.0,,,1628,1289922.0,69,F1,1,,,,,,2025-04-23
2025-04-23,2025-04-23,CM,BSE,STK,530853,INE963A01011,HIPOLIN,XT,,,,,HIPOLIN LTD.,110.49,110.52,110.49,110.52,110.52,108.36,,110.52,,,194,21435.0,6,F1,1,,,,,,2025-04-23
2025-04-23,2025-04-23,CM,BSE,STK,530871,INE995D01025,CHEMBOND,B,,,,,CHEMBOND CHEMICALS LTD.,528.25,530.0,515.0,525.6,526.25,516.0,,524.45,,,3572,1877227.0,326,F1,1,,,,,,2025-04-23
2025-04-23,2025-04-23,CM,BSE,STK,530879,INE345H01024,CIFL,B,,,,,CAPITAL INDIA FINANCE LIMITED,39.06,39.06,38.2,39.04,39.04,38.3,,39.05,,,152776,5933118.0,2281,F1,1,,,,,,2025-04-23
2025-04-23,2025-04-23,CM,BSE,STK,530881,INE485K01022,ABVL,XT,,,,,Arunjyoti Bio Ventures Limited,9.62,9.99,9.62,9.62,9.62,10.12,,9.62,,,111544,1074280.0,228,F1,1,,,,,,2025-04-23
2025-04-23,2025-04-23,CM,BSE,STK,530883,INE366G01022,SUCROSA,X,,,,,SUPER CROP SAFE LTD.,16.16,16.38,15.8,16.12,16.12,16.05,,16.12,,,30951,499252.0,123,F1,1,,,,,,2025-04-23
2025-04-23,2025-04-23,CM,BSE,STK,530897,INE825C01018,NGIND,X,,,,,N.G.INDUSTRIES LTD.,166.0,170.0,164.2,168.05,170.0,168.0,,168.05,,,1102,185100.0,42,F1,1,,,,,,2025-04-23
2025-04-23,2025-04-23,CM,BSE,STK,530899,INE784M01016,ASIAPAK,X,,,,,ASIA PACK LTD.,113.0,113.0,103.55,103.55,103.55,109.0,,103.55,,,567,59701.0,19,F1,1,,,,,,2025-04-23
2025-04-23,2025-04-23,CM,BSE,STK,530909,INE308B01017,ERPSOFT,X,,,,,ERP SOFT SYSTEMS LTD.,120.0,120.0,114.0,114.0,114.0,120.0,,114.0,,,871,103182.0,8,F1,1,,,,,,2025-04-23
2025-04-23,2025-04-23,CM,BSE,STK,530919,INE474C01023,REMSONSIND,B,,,,,REMSONS INDUSTRIES LTD.,122.0,127.0,121.5,124.25,124.9,120.95,,123.81,,,46146,5730134.0,1073,F1,1,,,,,,2025-04-23
2025-04-23,2025-04-23,CM,BSE,STK,530921,INE038N01015,INTETHR,P,,,,,INTEGRATED THERMOPLASTICS LTD.,9.98,9.98,9.98,9.98,9.98,10.5,,9.98,,,1300,12974.0,2,F1,100,,,,,,2025-04-23
2025-04-23,2025-04-23,CM,BSE,STK,530925,INE609D01014,RAMSONS,X,,,,,RAMSONS PROJECTS LTD.,47.5,47.5,47.5,47.5,47.5,47.5,,47.5,,,5,237.0,2,F1,1,,,,,,2025-04-23
2025-04-23,2025-04-23,CM,BSE,STK,530929,INE535P01015,EUROASIA,P,,,,,EURO ASIA EXPORTS LTD.,67.44,67.44,67.44,67.44,67.44,66.12,,67.44,,,100,6744.0,1,F1,100,,,,,,2025-04-23
2025-04-23,2025-04-23,CM,BSE,STK,530931,INE457D01018,STANPACK,XT,,,,,STANPACKS (INDIA) LTD.,15.75,15.75,14.44,14.44,14.44,15.18,,14.44,,,666,9680.0,12,F1,1,,,,,,2025-04-23
2025-04-23,2025-04-23,CM,BSE,STK,530943,INE416A01044,SABTNL,T,,,,,SRI ADHIKARI BROTHERS TELEVISI,611.5,611.5,611.5,611.5,611.5,582.4,,611.45,,,690,421935.0,46,F1,1,,,,,,2025-04-23
2025-04-23,2025-04-23,CM,BSE,STK,530951,INE357B01022,RAMINFO,X,,,,,RAMINFO LIMITED,78.7,79.09,76.32,78.37,78.37,78.19,,78.37,,,1957,152770.0,46,F1,1,,,,,,2025-04-23
2025-04-23,2025-04-23,CM,BSE,STK,530959,INE012E01035,DIANATEA,X,,,,,DIANA TEA CO.LTD.,31.49,31.6,31.05,31.13,31.05,31.27,,31.13,,,5399,169495.0,34,F1,1,,,,,,2025-04-23
2025-04-23,2025-04-23,CM,BSE,STK,530961,INE806A01020,VIKASECO,B,,,,,Vikas EcoTech Limited,2.52,2.61,2.49,2.55,2.55,2.54,,2.54,,,2953426,7519843.0,946,F1,1,,,,,,2025-04-23
2025-04-23,2025-04-23,CM,BSE,STK,530965,INE242A01010,IOC,A,,,,,INDIAN OIL CORPORATION LTD.,138.8,139.15,135.75,137.8,137.8,138.25,,137.65,,,372296,51204456.0,3561,F1,1,,,,,,2025-04-23
2025-04-23,2025-04-23,CM,BSE,STK,530973,INE042C01010,ALFAICA,X,,,,,ALFA ICA (INDIA) LTD.,90.6,100.78,84.01,85.83,85.83,95.51,,85.83,,,2152,196617.0,78,F1,1,,,,,,2025-04-23
2025-04-23,2025-04-23,CM,BSE,STK,530977,INE260E01014,SKCIL,X,,,,,Shri Keshav Cements and Infra,143.0,143.0,137.0,138.65,139.0,135.05,,138.65,,,1253,173056.0,27,F1,1,,,,,,2025-04-23
2025-04-23,2025-04-23,CM,BSE,STK,530979,INE274E01015,INDIAHOME,X,,,,,INDIA HOME LOAN LTD.,31.66,32.99,30.25,32.25,32.23,31.81,,32.25,,,2939,93175.0,70,F1,1,,,,,,2025-04-23
2025-04-23,2025-04-23,CM,BSE,STK,530991,INE443C01010,ROOPAIND,X,,,,,ROOPA INDUSTRIES LTD.,57.29,57.29,55.5,56.56,56.5,55.49,,56.56,,,1513,84688.0,17,F1,1,,,,,,2025-04-23
2025-04-23,2025-04-23,CM,BSE,STK,530997,INE333E01019,UNIQUEO,X,,,,,UNIQUE ORGANICS LTD.,160.0,160.0,151.25,153.85,154.0,157.55,,153.85,,,3250,499867.0,62,F1,1,,,,,,2025-04-23
2025-04-23,2025-04-23,CM,BSE,STK,530999,INE050E01027,BALAMINES,A,,,,,BALAJI AMINES LTD.,1360.2,1367.6,1322.0,1353.45,1355.4,1340.85,,1351.3,,,2727,3653318.0,353,F1,1,,,,,,2025-04-23
2025-04-23,2025-04-23,CM,BSE,STK,531003,INE595G01018,SWRNASE,X,,,,,SWARNA SECURITIES LTD.,64.22,64.22,63.9,63.9,63.9,64.54,,63.9,,,4,255.0,3,F1,1,,,,,,2025-04-23
2025-04-23,2025-04-23,CM,BSE,STK,531015,INE154G01022,VENMAX,XT,,,,,VENMAX DRUGS AND PHARMACEUTICA,25.49,25.49,25.49,25.49,25.49,26.01,,25.49,,,4931,125691.0,20,F1,1,,,,,,2025-04-23
2025-04-23,2025-04-23,CM,BSE,STK,531017,INE190D01015,ARISE,X,,,,,ARIHANTS SECURITIES LTD.,29.92,30.99,29.85,29.85,29.85,29.92,,29.85,,,913,27559.0,21,F1,1,,,,,,2025-04-23
2025-04-23,2025-04-23,CM,BSE,STK,531025,INE309H01038,VISAGAR,X,,,,,VISAGAR FINANCIAL SERVICES LTD,0.54,0.62,0.54,0.55,0.55,0.55,,0.55,,,5095968,2903294.0,1067,F1,1,,,,,,2025-04-23
2025-04-23,2025-04-23,CM,BSE,STK,531027,INE267E01019,LIBORD,X,,,,,LIBORD SECURITIES LTD.,19.2,19.2,19.2,19.2,19.2,18.36,,19.2,,,100,1920.0,2,F1,1,,,,,,2025-04-23
2025-04-23,2025-04-23,CM,BSE,STK,531035,INE432F01032,ERAAYA,T,,,,,ERAAYA LIFESPACES LIMITED,51.02,55.25,51.02,51.02,51.02,53.7,,51.02,,,365384,18707631.0,1443,F1,1,,,,,,2025-04-23
2025-04-23,2025-04-23,CM,BSE,STK,531041,INE823B01015,COMPEAU,X,,,,,COMPETENT AUTOMOBILES CO.LTD.,419.55,420.2,405.05,410.4,410.0,410.8,,410.4,,,1768,737930.0,47,F1,1,,,,,,2025-04-23
2025-04-23,2025-04-23,CM,BSE,STK,531043,INE239F01015,ZDHJERK,X,,,,,DHANVANTRI JEEVAN REKHA LTD.,19.66,19.66,19.66,19.66,19.66,19.66,,19.66,,,20,393.0,1,F1,1,,,,,,2025-04-23
2025-04-23,2025-04-23,CM,BSE,STK,531049,INE741D01015,NEELKAN,Z,,,,,NEELKANTH ROCKMINERALS LTD.,15.25,15.25,15.24,15.25,15.25,14.53,,15.25,,,3943,60125.0,17,F1,1,,,,,,2025-04-23
2025-04-23,2025-04-23,CM,BSE,STK,531051,INE153C01015,VINTAGES,X,,,,,VINTAGE SECURITIES LTD.,17.16,17.16,15.59,16.56,16.98,16.35,,16.56,,,660,10921.0,12,F1,1,,,,,,2025-04-23
2025-04-23,2025-04-23,CM,BSE,STK,531065,INE906K01027,OSWALOR,XT,,,,,OSWAL OVERSEAS LTD.,11.08,11.08,11.08,11.08,11.08,10.56,,11.08,,,1,11.0,1,F1,1,,,,,,2025-04-23
2025-04-23,2025-04-23,CM,BSE,STK,531067,INE080G01029,CONTILI,X,,,,,CONTIL INDIA LTD.,36.17,36.99,34.82,34.97,34.85,36.35,,34.97,,,4894,174856.0,30,F1,1,,,,,,2025-04-23
2025-04-23,2025-04-23,CM,BSE,STK,531069,INE362D01010,VIJSOLX,X,,,,,VIJAY SOLVEX LTD.,984.0,997.0,953.2,980.95,990.0,963.45,,980.95,,,360,352664.0,60,F1,1,,,,,,2025-04-23
2025-04-23,2025-04-23,CM,BSE,STK,531082,INE914E01040,ALANKIT,B,,,,,ALANKIT,15.0,15.4,14.9,14.96,15.07,14.99,,14.96,,,90639,1360556.0,916,F1,1,,,,,,2025-04-23
2025-04-23,2025-04-23,CM,BSE,STK,531083,INE876E01033,NIHARINF,XT,,,,,NIHAR INFO GLOBAL LTD.,5.1,5.12,4.65,5.12,5.12,4.88,,5.12,,,1018,5196.0,10,F1,1,,,,,,2025-04-23
2025-04-23,2025-04-23,CM,BSE,STK,531091,INE858C01027,UNITDCR,X,,,,,UNITED CREDIT LTD.,32.0,32.85,30.96,31.0,31.0,32.85,,31.0,,,4231,135774.0,25,F1,1,,,,,,2025-04-23
2025-04-23,2025-04-23,CM,BSE,STK,531092,INE239D01028,OMINFRAL,B,,,,,OM INFRA LIMITED,130.0,131.35,121.35,124.9,124.9,127.5,,124.61,,,34419,4295674.0,1141,F1,1,,,,,,2025-04-23
2025-04-23,2025-04-23,CM,BSE,STK,531099,INE396H01019,CHECKPOINT,XT,,,,,Checkpoint Trends Limited,25.13,25.13,22.75,24.71,25.13,23.94,,24.71,,,36991,910246.0,124,F1,1,,,,,,2025-04-23
2025-04-23,2025-04-23,CM,BSE,STK,531109,INE561M01018,ISHANCH,B,,,,,Ishan Dyes and Chemicals Limit,42.95,42.95,38.65,39.63,38.75,40.28,,39.14,,,14278,570850.0,245,F1,1,,,,,,2025-04-23
2025-04-23,2025-04-23,CM,BSE,STK,531111,INE538G01018,GOTHIPL,P,,,,,GOTHI PLASCON (INDIA) LTD.,49.96,49.96,49.96,49.96,49.96,47.59,,49.96,,,9200,459632.0,12,F1,100,,,,,,2025-04-23
2025-04-23,2025-04-23,CM,BSE,STK,531112,INE011E01029,BALUFORGE,B,,,,,BALU FORGE INDUSTRIES LIMITED,602.7,602.7,576.0,577.8,577.8,594.95,,578.6,,,35571,20729422.0,1030,F1,1,,,,,,2025-04-23
2025-04-23,2025-04-23,CM,BSE,STK,531119,INE418D01010,CEENIK,XT,,,,,CEENIK EXPORTS (INDIA) LTD.,409.0,409.0,409.0,409.0,409.0,401.0,,409.0,,,121,49489.0,7,F1,1,,,,,,2025-04-23
2025-04-23,2025-04-23,CM,BSE,STK,531120,INE244B01030,PATELENG,A,,,,,PATEL ENGINEERING LTD.,43.66,44.22,42.5,43.6,43.5,43.6,,43.62,,,298454,12928843.0,1970,F1,1,,,,,,2025-04-23
2025-04-23,2025-04-23,CM,BSE,STK,531126,INE237C01016,KATIPATANG,XT,,,,,KATI PATANG LIFESTYLE LIMITED,38.75,38.76,38.75,38.75,38.75,38.0,,38.75,,,19892,770986.0,22,F1,1,,,,,,2025-04-23
2025-04-23,2025-04-23,CM,BSE,STK,531127,INE148B01033,MENAMANI,XT,,,,,MENA MANI INDUSTRIES LIMITED,5.95,5.95,5.95,5.95,5.95,5.95,,5.95,,,5,29.0,1,F1,1,,,,,,2025-04-23
2025-04-23,2025-04-23,CM,BSE,STK,531129,INE635D01027,INANI,X,,,,,INANI MARBLES & INDUSTRIES LTD,19.05,19.99,19.05,19.5,19.5,19.07,,19.5,,,2897,57175.0,9,F1,1,,,,,,2025-04-23
2025-04-23,2025-04-23,CM,BSE,STK,531137,INE503D01027,GEMSI,X,,,,,GEMSTONE INVESTMENTS LTD.,2.18,2.21,2.17,2.18,2.18,2.2,,2.18,,,83396,181910.0,271,F1,1,,,,,,2025-04-23
2025-04-23,2025-04-23,CM,BSE,STK,531144,INE158F01017,ELFORGE,X,,,,,EL FORGE LTD.,25.48,25.48,23.67,24.34,24.34,24.71,,24.34,,,9071,219545.0,83,F1,1,,,,,,2025-04-23
2025-04-23,2025-04-23,CM,BSE,STK,531146,INE646B01010,MEDICAMEQ,B,,,,,MEDICAMEN BIOTECH LTD.,472.65,474.85,457.5,459.95,458.95,470.05,,458.5,,,1667,772486.0,236,F1,1,,,,,,2025-04-23
2025-04-23,2025-04-23,CM,BSE,STK,531147,INE062D01024,ALICON,B,,,,,ALICON CASTALLOY LIMITED,705.45,705.45,680.4,695.25,695.25,694.4,,698.4,,,1322,916876.0,235,F1,1,,,,,,2025-04-23
2025-04-23,2025-04-23,CM,BSE,STK,531153,INE650C01036,DILIGENT,XT,,,,,DILIGENT INDUSTRIES LTD.,2.02,2.12,2.0,2.12,2.12,2.02,,2.12,,,527450,1106985.0,315,F1,1,,,,,,2025-04-23
2025-04-23,2025-04-23,CM,BSE,STK,531155,INE601F01016,EPSOMPRO,XT,,,,,EPSOM PROPERTIES LTD.,8.75,9.1,8.75,9.0,9.0,8.67,,9.0,,,2935,26418.0,5,F1,1,,,,,,2025-04-23
2025-04-23,2025-04-23,CM,BSE,STK,531156,INE883B01027,ALFAVIO,X,,,,,ALFAVISION OVERSEAS (INDIA) LT,12.5,13.14,12.3,12.6,12.6,12.69,,12.6,,,3341,41344.0,26,F1,1,,,,,,2025-04-23
2025-04-23,2025-04-23,CM,BSE,STK,531157,INE412E01011,ORGCOAT,XT,,,,,ORGANIC COATINGS LTD.,13.4,13.4,13.14,13.14,13.14,13.4,,13.14,,,690,9073.0,5,F1,1,,,,,,2025-04-23
2025-04-23,2025-04-23,CM,BSE,STK,531158,INE660B01011,CATVISION,X,,,,,CATVISION  LIMITED,27.0,27.0,25.61,26.27,26.27,26.35,,26.27,,,1025,26681.0,20,F1,1,,,,,,2025-04-23
2025-04-23,2025-04-23,CM,BSE,STK,531161,INE850B01026,ABMKNO,XT,,,,,ABM KNOWLEDGEWARE LTD.,190.7,194.55,190.65,194.55,194.55,194.45,,194.55,,,3075,591577.0,23,F1,1,,,,,,2025-04-23
2025-04-23,2025-04-23,CM,BSE,STK,531162,INE548C01032,EMAMILTD,A,,,,,EMAMI LTD.,641.4,649.45,634.2,646.45,642.5,641.8,,646.85,,,23140,14858871.0,1500,F1,1,,,,,,2025-04-23
2025-04-23,2025-04-23,CM,BSE,STK,531163,INE971L01029,KEMISTAR,X,,,,,KEMISTAR CORPORATION LIMITED,83.0,83.0,76.5,79.99,79.99,81.0,,79.99,,,3006,238366.0,37,F1,1,,,,,,2025-04-23
2025-04-23,2025-04-23,CM,BSE,STK,531169,INE709B01016,SKPSEC,XT,,,,,SKP SECURITIES LTD.,124.9,124.9,120.05,122.2,122.55,119.95,,122.2,,,1403,172370.0,41,F1,1,,,,,,2025-04-23
2025-04-23,2025-04-23,CM,BSE,STK,531173,INE121D01036,SYSCHEM,X,,,,,SYSCHEM (INDIA) LTD.,43.46,43.46,40.97,41.28,41.0,42.07,,41.28,,,12780,532353.0,87,F1,1,,,,,,2025-04-23
2025-04-23,2025-04-23,CM,BSE,STK,531176,INE186C01023,MEFCOMCAP,X,,,,,MEFCOM CAPITAL MARKETS LTD.,16.1,17.0,15.65,16.15,16.15,16.32,,16.15,,,13665,219821.0,111,F1,1,,,,,,2025-04-23
2025-04-23,2025-04-23,CM,BSE,STK,531178,INE930A01010,HEMANG,X,,,,,HEMANG RESOURCES LIMITED,25.0,25.0,24.67,24.7,24.7,24.67,,24.7,,,302,7516.0,5,F1,1,,,,,,2025-04-23
2025-04-23,2025-04-23,CM,BSE,STK,531179,INE109C01017,ARMANFIN,B,,,,,ARMAN FINANCIAL SERVICES LTD.,1676.95,1743.7,1640.05,1731.35,1730.0,1633.7,,1727.5,,,8663,14681671.0,1082,F1,1,,,,,,2025-04-23
2025-04-23,2025-04-23,CM,BSE,STK,531190,INE355H01015,TAVERNIER,X,,,,,TAVERNIER RESOURCES LIMI,61.6,61.6,58.0,60.59,61.59,58.78,,60.59,,,731,44697.0,28,F1,1,,,,,,2025-04-23
2025-04-23,2025-04-23,CM,BSE,STK,531199,INE580D01017,GLANCE,X,,,,,GLANCE FINANCE LTD.,135.65,141.4,135.6,141.4,141.4,141.5,,141.4,,,100,13589.0,3,F1,1,,,,,,2025-04-23
2025-04-23,2025-04-23,CM,BSE,STK,531201,INE024F01011,SHILCTECH,B,,,,,SHILCHAR TECHNOLOGIES LTD.,7043.45,7043.45,6930.0,7043.45,7043.45,6708.05,,7043.45,,,85341,600869701.0,3704,F1,1,,,,,,2025-04-23
2025-04-23,2025-04-23,CM,BSE,STK,531205,INE179O01031,SPRIGHT,T,,,,,SPRIGHT AGRO LIMITED,3.9,3.9,3.9,3.9,3.9,3.9,,3.9,,,449665,1753693.0,668,F1,1,,,,,,2025-04-23
2025-04-23,2025-04-23,CM,BSE,STK,531209,INE096B01018,NUCLEUS,B,,,,,NUCLEUS SOFTWARE EXPORTS LTD.,955.0,961.85,922.6,925.15,935.75,942.5,,928.65,,,1613,1511361.0,173,F1,1,,,,,,2025-04-23
2025-04-23,2025-04-23,CM,BSE,STK,531210,INE923C01011,COLINZ,XT,,,,,COLINZ LABORATORIES LTD.,62.45,63.73,58.17,63.16,62.94,61.23,,63.16,,,3463,212833.0,52,F1,1,,,,,,2025-04-23
2025-04-23,2025-04-23,CM,BSE,STK,531212,INE606C01012,NLFL,X,,,,,NALIN LEASE FINANCE LTD.,74.0,74.0,66.16,69.6,69.6,67.51,,69.6,,,1013,70664.0,27,F1,1,,,,,,2025-04-23
2025-04-23,2025-04-23,CM,BSE,STK,531213,INE522D01027,MANAPPURAM,A,,,,,Manappuram Finance Ltd,234.3,234.3,229.45,231.65,231.2,232.1,,231.75,,,115055,26601948.0,1352,F1,1,,,,,,2025-04-23
2025-04-23,2025-04-23,CM,BSE,STK,531215,INE005C01017,RTSPOWR,XT,,,,,RTS POWER CORPORATION LTD.,218.95,218.95,206.1,212.95,214.0,212.15,,212.95,,,5645,1201160.0,114,F1,1,,,,,,2025-04-23
2025-04-23,2025-04-23,CM,BSE,STK,531216,INE819A01049,COMFINTE,X,,,,,COMFORT INTECH LTD.,10.54,10.54,10.3,10.34,10.33,10.33,,10.34,,,268258,2776852.0,731,F1,1,,,,,,2025-04-23
2025-04-23,2025-04-23,CM,BSE,STK,531223,INE364D01032,ANJANI,X,,,,,ANJANI SYNTHETICS LTD.,47.7,47.9,45.5,46.22,45.8,47.7,,46.22,,,4679,216749.0,113,F1,1,,,,,,2025-04-23
2025-04-23,2025-04-23,CM,BSE,STK,531225,INE547B01028,XTGLOBAL,B,,,,,XTGLOBAL INFOTECH LIMITED,36.01,37.23,34.51,36.01,36.75,36.01,,35.93,,,10985,390007.0,110,F1,1,,,,,,2025-04-23
2025-04-23,2025-04-23,CM,BSE,STK,531227,INE907E01010,DECOMIC,X,,,,,DECO-MICA LTD.,68.6,73.45,66.4,68.61,70.98,68.65,,68.61,,,1953,137970.0,29,F1,1,,,,,,2025-04-23
2025-04-23,2025-04-23,CM,BSE,STK,531228,INE821D01031,RANDER,X,,,,,RANDER CORPORATION LTD.,11.42,11.42,11.42,11.42,11.42,11.2,,11.42,,,49,559.0,1,F1,1,,,,,,2025-04-23
2025-04-23,2025-04-23,CM,BSE,STK,531233,INE822D01021,RASIELEC,XT,,,,,RASI ELECTRODES LTD.,19.51,19.7,18.55,19.6,19.7,19.51,,19.6,,,37372,726411.0,83,F1,1,,,,,,2025-04-23
2025-04-23,2025-04-23,CM,BSE,STK,531234,INE962E01015,SCOOBEEDAY,X,,,,,SCOOBEE DAY GARMENTS (INDIA) L,98.4,100.69,94.0,96.69,98.2,98.34,,96.69,,,4601,440405.0,70,F1,1,,,,,,2025-04-23
2025-04-23,2025-04-23,CM,BSE,STK,531235,INE494D01011,CITIPOR,X,,,,,CITIPORT FINANCIAL SERVICES LT,30.45,30.45,30.38,30.39,30.39,29.0,,30.39,,,155,4711.0,9,F1,1,,,,,,2025-04-23
2025-04-23,2025-04-23,CM,BSE,STK,531237,INE972E01014,DHRUVCA,XT,,,,,DHRUVA CAPITAL SERVICES LTD.,150.35,150.35,150.35,150.35,150.35,158.25,,150.35,,,176,26461.0,14,F1,1,,,,,,2025-04-23
2025-04-23,2025-04-23,CM,BSE,STK,531240,INE022F01015,SHAMROIN,XT,,,,,SHAMROCK INDUSTRIAL CO.LTD.,11.88,12.47,11.88,12.47,12.47,11.88,,12.47,,,1571,19426.0,7,F1,1,,,,,,2025-04-23
2025-04-23,2025-04-23,CM,BSE,STK,531241,INE802B01027,LINC,B,,,,,LINC LIMITED,110.9,110.9,107.8,110.4,110.4,110.05,,110.26,,,30307,3296300.0,28,F1,1,,,,,,2025-04-23
2025-04-23,2025-04-23,CM,BSE,STK,531246,INE723N01012,PRIMAIN,X,,,,,PRIMA INDUSTRIES LTD.,18.4,18.94,18.4,18.94,18.94,18.04,,18.94,,,2,37.0,2,F1,1,,,,,,2025-04-23
2025-04-23,2025-04-23,CM,BSE,STK,531253,INE342D01012,INDGELA,X,,,,,INDIA GELATINE & CHEMICALS LTD,387.0,387.85,378.0,378.35,378.0,385.1,,378.35,,,496,189055.0,37,F1,1,,,,,,2025-04-23
2025-04-23,2025-04-23,CM,BSE,STK,531254,INE031G01022,OPTIFIN,X,,,,,Optimus Finance Limited,24.49,24.49,21.8,22.4,22.15,23.6,,22.4,,,6253,144051.0,100,F1,1,,,,,,2025-04-23
2025-04-23,2025-04-23,CM,BSE,STK,531255,INE015E01012,PARAGONF,X,,,,,PARAGON FINANCE LTD.,54.25,54.25,48.0,53.65,53.65,50.5,,53.65,,,2751,141051.0,25,F1,1,,,,,,2025-04-23
2025-04-23,2025-04-23,CM,BSE,STK,531257,INE530D01012,PRATIKSH,XT,,,,,PRATIKSHA CHEMICALS LTD.,18.68,18.68,18.68,18.68,18.68,17.8,,18.68,,,21,392.0,2,F1,1,,,,,,2025-04-23
2025-04-23,2025-04-23,CM,BSE,STK,531259,INE328F01016,ESHAMEDIA,X,,,,,ESHA MEDIA RESEARCH LIMITED,10.1,10.11,10.0,10.11,10.11,10.1,,10.11,,,2562,25897.0,12,F1,1,,,,,,2025-04-23
2025-04-23,2025-04-23,CM,BSE,STK,531260,INE332F01018,REFEXRENEW,XT,,,,,Refex Renewables & Infrastruct,823.25,828.9,773.9,795.2,805.0,814.5,,795.2,,,1221,978782.0,51,F1,1,,,,,,2025-04-23
2025-04-23,2025-04-23,CM,BSE,STK,531262,INE060N01019,EQUILATERA,X,,,,,EQUILATERAL ENTERPRISES LIMITE,28.0,30.59,28.0,28.06,28.06,29.45,,28.06,,,2417,69462.0,18,F1,1,,,,,,2025-04-23
2025-04-23,2025-04-23,CM,BSE,STK,531266,INE764D01017,VSTTILLERS,B,,,,,V.S.T.TILLERS TRACTORS LTD.,3879.8,3880.0,3818.8,3844.6,3818.8,3853.9,,3853.2,,,59,227295.0,39,F1,1,,,,,,2025-04-23
2025-04-23,2025-04-23,CM,BSE,STK,531268,INE151B01011,B2BSOFT,X,,,,,B2B SOFTWARE TECHNOLOGIES LTD.,29.69,34.5,29.59,33.05,33.05,29.83,,33.05,,,36121,1149613.0,172,F1,1,,,,,,2025-04-23
2025-04-23,2025-04-23,CM,BSE,STK,531273,INE986B01044,RADHEDE,XT,,,,,RADHE DEVELOPERS (INDIA) LTD.,1.97,1.97,1.97,1.97,1.97,2.01,,1.97,,,49859,98222.0,109,F1,1,,,,,,2025-04-23
2025-04-23,2025-04-23,CM,BSE,STK,531278,INE785D01012,ELIXIR,XT,,,,,Elixir Capital Limited,140.15,140.15,136.05,136.25,136.25,137.45,,136.25,,,1721,239027.0,28,F1,1,,,,,,2025-04-23
2025-04-23,2025-04-23,CM,BSE,STK,531279,INE238C01022,TRISHAKT,X,,,,,Trishakti Industries Limited,129.75,129.75,117.6,123.65,123.65,130.0,,123.65,,,30680,3799645.0,315,F1,1,,,,,,2025-04-23
2025-04-23,2025-04-23,CM,BSE,STK,531280,INE698B01011,PANKAJPO,X,,,,,PANKAJ POLYMERS LTD.,18.5,18.5,18.03,18.03,18.03,18.5,,18.03,,,702,12723.0,9,F1,1,,,,,,2025-04-23
2025-04-23,2025-04-23,CM,BSE,STK,531281,INE807H01023,MARBLE,XT,,,,,MARBLE CITY INDIA LIMITED,143.5,153.0,143.5,151.45,144.1,150.8,,151.45,,,3612,546785.0,29,F1,1,,,,,,2025-04-23
2025-04-23,2025-04-23,CM,BSE,STK,531283,INE897D01015,CINDRELL,X,,,,,CINDRELLA FINANCIAL SERVICES L,14.98,14.98,14.98,14.98,14.98,14.99,,14.98,,,100,1498.0,1,F1,1,,,,,,2025-04-23
2025-04-23,2025-04-23,CM,BSE,STK,531286,INE586D01014,ADHHATA,XT,,,,,ADHATA GLOBAL LIMITED,53.8,53.8,53.8,53.8,53.8,53.8,,53.8,,,848,45622.0,6,F1,1,,,,,,2025-04-23
2025-04-23,2025-04-23,CM,BSE,STK,531287,INE896D01017,NATPLASTI,XT,,,,,NATIONAL PLASTIC TECHNOLOGIES,250.0,264.15,250.0,264.15,264.15,251.6,,264.15,,,1018,268367.0,27,F1,1,,,,,,2025-04-23
2025-04-23,2025-04-23,CM,BSE,STK,531289,INE643C01015,NATFIT,X,,,,,NATIONAL FITTINGS LIMITED,124.15,127.0,123.3,126.8,126.8,124.75,,126.8,,,3719,466825.0,27,F1,1,,,,,,2025-04-23
2025-04-23,2025-04-23,CM,BSE,STK,531297,INE885B01014,ARTEFACT,X,,,,,ARTEFACT PROJECTS LTD.,61.02,61.02,59.51,60.2,60.2,61.44,,60.2,,,3366,203081.0,31,F1,1,,,,,,2025-04-23
2025-04-23,2025-04-23,CM,BSE,STK,531300,INE053D01015,AMITINT,Z,,,,,AMIT INTERNATIONAL LTD.,4.38,4.38,4.38,4.38,4.38,4.18,,4.38,,,11353,49726.0,12,F1,1,,,,,,2025-04-23
2025-04-23,2025-04-23,CM,BSE,STK,531301,INE319M01011,HIGHSTREE,XT,,,,,HIGH STREET FILATEX LTD.,149.5,149.5,149.5,149.5,149.5,142.4,,149.5,,,160,23920.0,7,F1,1,,,,,,2025-04-23
2025-04-23,2025-04-23,CM,BSE,STK,531304,INE960H01012,NUTECGLOB,XT,,,,,NUTECH GLOBAL LTD.,25.0,25.0,25.0,25.0,25.0,26.3,,25.0,,,10,250.0,1,F1,1,,,,,,2025-04-23
2025-04-23,2025-04-23,CM,BSE,STK,531306,INE590D01016,DHPIND,X,,,,,DHP INDIA LTD.,571.0,588.0,552.05,565.0,565.0,569.85,,565.0,,,1118,639071.0,46,F1,1,,,,,,2025-04-23
2025-04-23,2025-04-23,CM,BSE,STK,531307,INE951M01037,RRIL,X,,,,,RRIL LIMITED,19.88,19.88,19.15,19.39,19.39,19.54,,19.39,,,35818,695751.0,120,F1,1,,,,,,2025-04-23
2025-04-23,2025-04-23,CM,BSE,STK,531310,INE325G01010,AVAILFC,X,,,,,AVAILABLE FINANCE LTD.,240.55,248.35,237.65,239.2,238.0,236.1,,239.2,,,10574,2545742.0,176,F1,1,,,,,,2025-04-23
2025-04-23,2025-04-23,CM,BSE,STK,531314,INE366H01012,INTCAPL,X,,,,,INTEGRA CAPITAL LIMITED,14.9,15.0,14.9,15.0,15.0,15.0,,15.0,,,80,1192.0,3,F1,1,,,,,,2025-04-23
2025-04-23,2025-04-23,CM,BSE,STK,531319,INE368C01019,MARUTISE,XT,,,,,MARUTI SECURITIES LTD.,35.77,35.77,35.77,35.77,35.77,35.07,,35.77,,,4731,169227.0,6,F1,1,,,,,,2025-04-23
2025-04-23,2025-04-23,CM,BSE,STK,531322,INE293B01029,HAVISHA,B,,,,,SRI HAVISHA HOSPITALITY INFRAS,2.39,2.39,2.13,2.24,2.24,2.34,,2.22,,,10263,22589.0,74,F1,1,,,,,,2025-04-23
2025-04-23,2025-04-23,CM,BSE,STK,531323,INE250D01017,JAYIND,X,,,,,JAYATMA INDUSTRIES LIMITED,15.04,15.04,15.04,15.04,15.04,14.33,,15.04,,,2132,32065.0,5,F1,1,,,,,,2025-04-23
2025-04-23,2025-04-23,CM,BSE,STK,531328,INE128R01023,KRETTOSYS,X,,,,,KRETTO SYSCON LIMITED,2.0,2.04,2.0,2.04,2.04,2.03,,2.04,,,2345197,4778047.0,626,F1,1,,,,,,2025-04-23
2025-04-23,2025-04-23,CM,BSE,STK,531335,INE768C01010,ZYDUSWELL,A,,,,,ZYDUS WELLNESS LTD.,1791.85,1799.9,1759.25,1769.5,1771.9,1780.5,,1765.1,,,826,1464612.0,177,F1,1,,,,,,2025-04-23
2025-04-23,2025-04-23,CM,BSE,STK,531337,INE974C01022,WINPRO,Z,,,,,WinPro Industries Limited,2.78,2.78,2.66,2.68,2.72,2.71,,2.68,,,43320,116674.0,75,F1,1,,,,,,2025-04-23
2025-04-23,2025-04-23,CM,BSE,STK,531338,INE151H01018,MILESTONE,XT,,,,,MILESTONE GLOBAL LTD.,23.93,23.93,23.93,23.93,23.93,24.41,,23.93,,,105,2512.0,3,F1,1,,,,,,2025-04-23
2025-04-23,2025-04-23,CM,BSE,STK,531340,INE348I01018,BERVINL,X,,,,,BERVIN INVESTMENT & LEASING LT,55.85,55.96,55.85,55.96,55.96,53.3,,55.96,,,858,47967.0,8,F1,1,,,,,,2025-04-23
2025-04-23,2025-04-23,CM,BSE,STK,531341,INE373D01017,GUJINV,X,,,,,GUJARAT INVESTA LTD.,13.23,13.23,13.23,13.23,13.23,13.23,,13.23,,,100,1323.0,4,F1,1,,,,,,2025-04-23
2025-04-23,2025-04-23,CM,BSE,STK,531344,INE111A01025,CONCOR,A,,,,,CONTAINER CORPORATION OF INDIA,710.15,716.55,699.05,713.5,713.5,709.95,,713.45,,,25607,18153141.0,1465,F1,1,,,,,,2025-04-23
2025-04-23,2025-04-23,CM,BSE,STK,531346,INE500D01015,EASTRED,X,,,,,EASTERN TREADS LTD.,37.99,37.99,33.4,34.18,34.18,37.0,,34.18,,,2446,84995.0,39,F1,1,,,,,,2025-04-23
2025-04-23,2025-04-23,CM,BSE,STK,531349,INE922B01023,PANACEABIO,B,,,,,PANACEA BIOTEC LTD.,530.0,542.1,498.55,513.25,513.25,524.75,,512.95,,,71878,36357746.0,2150,F1,1,,,,,,2025-04-23
2025-04-23,2025-04-23,CM,BSE,STK,531352,INE328D01011,PEETISEC,X,,,,,PEETI SECURITIES LTD.,24.28,24.28,23.6,23.6,23.6,23.8,,23.6,,,139,3341.0,10,F1,1,,,,,,2025-04-23
2025-04-23,2025-04-23,CM,BSE,STK,531357,INE763M01028,MERCURYEV,B,,,,,MERCURY EV-TECH LIMITED,74.39,74.39,69.75,70.63,70.63,73.22,,70.63,,,363932,25808181.0,2346,F1,1,,,,,,2025-04-23
2025-04-23,2025-04-23,CM,BSE,STK,531358,INE102B01014,CHOICEIN,A,,,,,CHOICE INTERNATIONAL LTD.,585.0,611.0,580.0,607.0,607.0,562.55,,606.45,,,238214,142246070.0,7720,F1,1,,,,,,2025-04-23
2025-04-23,2025-04-23,CM,BSE,STK,531359,INE777G01012,SRAMSET,X,,,,,SHRIRAM ASSET MANAGEMENT CO.LT,471.05,499.0,471.05,485.7,476.3,483.95,,485.7,,,1131,543961.0,71,F1,1,,,,,,2025-04-23
2025-04-23,2025-04-23,CM,BSE,STK,531360,INE427D01011,GOLECHA,X,,,,,GOLECHHA GLOBAL FINANCE LTD.,26.3,26.3,25.07,26.0,26.0,25.07,,26.0,,,1324,34569.0,12,F1,1,,,,,,2025-04-23
2025-04-23,2025-04-23,CM,BSE,STK,531364,INE005E01013,EKANSH,X,,,,,Ekansh Concepts Limited,136.0,143.5,136.0,140.45,140.0,134.8,,140.45,,,22273,3138377.0,215,F1,1,,,,,,2025-04-23
2025-04-23,2025-04-23,CM,BSE,STK,531370,INE960B01015,SPAR,XT,,,,,SPARC ELECTREX LIMITED,8.25,8.25,7.81,8.12,8.21,8.12,,8.12,,,19819,162608.0,41,F1,1,,,,,,2025-04-23
2025-04-23,2025-04-23,CM,BSE,STK,531373,INE319B01014,BYKE,B,,,,,THE BYKE HOSPITALITY LTD.,82.04,82.04,77.4,77.4,77.4,79.44,,77.56,,,2553,203028.0,76,F1,1,,,,,,2025-04-23
2025-04-23,2025-04-23,CM,BSE,STK,531380,INE405H01018,CSURGSU,X,,,,,CENTENIAL SURGICAL SUTURE LTD.,129.0,129.0,129.0,129.0,129.0,128.0,,129.0,,,1,129.0,1,F1,1,,,,,,2025-04-23
2025-04-23,2025-04-23,CM,BSE,STK,531381,INE413D01011,ARIHANT,XT,,,,,ARIHANT FOUNDATIONS & HOUSING,710.0,724.2,704.0,723.0,723.0,710.0,,723.0,,,2493,1790776.0,22,F1,1,,,,,,2025-04-23
2025-04-23,2025-04-23,CM,BSE,STK,531387,INE671D01014,HASTIFIN,X,,,,,HASTI FINANCE LTD.,5.66,5.66,5.66,5.66,5.66,5.55,,5.66,,,2576,14580.0,4,F1,1,,,,,,2025-04-23
2025-04-23,2025-04-23,CM,BSE,STK,531390,INE890B01014,UPSURGE,X,,,,,UPSURGE INVESTMENT & FINANCE L,84.0,85.0,81.15,84.25,84.25,84.0,,84.25,,,6462,543278.0,65,F1,1,,,,,,2025-04-23
2025-04-23,2025-04-23,CM,BSE,STK,531395,INE448D01017,PADAMCO,XT,,,,,PADAM COTTON YARNS LTD.,77.48,77.48,72.84,72.84,72.84,76.67,,72.84,,,19583,1443398.0,404,F1,1,,,,,,2025-04-23
2025-04-23,2025-04-23,CM,BSE,STK,531396,INE905B01010,WOMENNET,XT,,,,,WOMEN NETWORKS LTD.,7.03,7.47,6.9,7.47,7.47,7.12,,7.47,,,2055,14648.0,28,F1,1,,,,,,2025-04-23
2025-04-23,2025-04-23,CM,BSE,STK,531397,INE262C01014,POLYCON,X,,,,,POLYCON INTERNATIONAL LTD.,19.5,19.5,19.5,19.5,19.5,20.21,,19.5,,,1,19.0,1,F1,1,,,,,,2025-04-23
2025-04-23,2025-04-23,CM,BSE,STK,531398,INE679C01027,SOURCENTRL,XT,,,,,SOURCE NATURAL FOODS & HERBAL,171.05,179.9,171.05,177.9,177.0,178.8,,177.9,,,2028,355444.0,49,F1,1,,,,,,2025-04-23
2025-04-23,2025-04-23,CM,BSE,STK,531399,INE493B01017,GGAUTO,X,,,,,G.G.AUTOMOTIVE GEARS LTD.,194.95,197.0,188.0,192.25,192.0,191.4,,192.25,,,8068,1550704.0,124,F1,1,,,,,,2025-04-23
2025-04-23,2025-04-23,CM,BSE,STK,531400,INE326B01035,ALMONDZ,B,,,,,ALMONDZ GLOBAL SECURITIES LTD.,27.0,27.0,24.54,24.95,24.9,24.99,,24.93,,,27903,693735.0,380,F1,1,,,,,,2025-04-23
2025-04-23,2025-04-23,CM,BSE,STK,531402,INE281M01013,LWSKNIT,X,,,,,LWS KNITWEAR LTD.,21.5,21.5,20.75,20.81,21.0,20.99,,20.81,,,8270,173276.0,35,F1,1,,,,,,2025-04-23
2025-04-23,2025-04-23,CM,BSE,STK,531406,INE234J01018,ANSINDUS,X,,,,,ANS INDUSTRIES LTD,10.25,10.25,10.25,10.25,10.25,10.25,,10.25,,,29,297.0,6,F1,1,,,,,,2025-04-23
2025-04-23,2025-04-23,CM,BSE,STK,531409,INE057D01016,ALCHCORP,X,,,,,ALCHEMIST CORPORATION LTD.,14.68,14.68,14.68,14.68,14.68,13.99,,14.68,,,101,1482.0,2,F1,1,,,,,,2025-04-23
2025-04-23,2025-04-23,CM,BSE,STK,531411,INE560D01027,TUNITEX,X,,,,,TUNI TEXTILE MILLS LTD.,1.47,1.52,1.42,1.48,1.47,1.44,,1.48,,,268209,391368.0,241,F1,1,,,,,,2025-04-23
2025-04-23,2025-04-23,CM,BSE,STK,531412,INE576N01014,RADIXIND,XT,,,,,RADIX INDUSTRIES (INDIA) LIMIT,185.1,194.35,180.0,194.05,194.05,185.1,,194.05,,,77,14113.0,7,F1,1,,,,,,2025-04-23
2025-04-23,2025-04-23,CM,BSE,STK,531413,INE516D01011,KIRANPR,XT,,,,,KIRAN PRINT-PACK LTD.,37.6,37.6,37.56,37.56,37.56,38.32,,37.56,,,2937,110377.0,8,F1,1,,,,,,2025-04-23
2025-04-23,2025-04-23,CM,BSE,STK,531416,INE603F01012,NARPROP,X,,,,,NARENDRA PROPERTIES LTD.,38.99,38.99,36.3,36.3,36.3,35.59,,36.3,,,119,4375.0,7,F1,1,,,,,,2025-04-23
2025-04-23,2025-04-23,CM,BSE,STK,531417,INE804B01023,MEGACOR,X,,,,,MEGA CORPORATION LTD.,2.32,2.4,2.24,2.34,2.35,2.32,,2.34,,,191146,445481.0,307,F1,1,,,,,,2025-04-23
2025-04-23,2025-04-23,CM,BSE,STK,531426,INE107A01015,TNPL,B,,,,,TAMIL NADU NEWSPRINT & PAPERS,137.05,137.05,134.8,135.9,135.9,136.05,,136.0,,,14663,1991418.0,333,F1,1,,,,,,2025-04-23
2025-04-23,2025-04-23,CM,BSE,STK,531431,INE908D01010,SHAKTIPUMP,T,,,,,SHAKTI PUMPS (INDIA) LTD.,961.1,970.0,935.0,946.0,950.0,963.7,,943.05,,,56574,53540376.0,2992,F1,1,,,,,,2025-04-23
2025-04-23,2025-04-23,CM,BSE,STK,531432,INE07P301011,SYTIXSE,X,,,,,SYSTEMATIX SECURITIES LTD.,8.76,8.76,8.14,8.14,8.14,8.35,,8.14,,,12434,101510.0,15,F1,1,,,,,,2025-04-23
2025-04-23,2025-04-23,CM,BSE,STK,531433,INE271D01013,SUNGOLD,X,,,,,SUNGOLD CAPITAL LTD.,3.46,3.46,3.3,3.46,3.46,3.3,,3.46,,,9958,34183.0,48,F1,1,,,,,,2025-04-23
2025-04-23,2025-04-23,CM,BSE,STK,531437,INE523I01016,PWASML,X,,,,,Prakash Woollen & Synthetic Mi,29.11,29.8,28.6,28.7,28.62,29.68,,28.7,,,178,5179.0,15,F1,1,,,,,,2025-04-23
2025-04-23,2025-04-23,CM,BSE,STK,531439,INE805A01014,GOLDTECH,B,,,,,AION-TECH SOLUTIONS LIMITED,67.5,67.78,65.14,66.35,66.35,64.56,,66.9,,,23979,1607528.0,378,F1,1,,,,,,2025-04-23
2025-04-23,2025-04-23,CM,BSE,STK,531441,INE100F01019,LYONSCO,XT,,,,,LYONS CORPORATE MARKET LTD.,18.7,18.7,18.7,18.7,18.7,19.68,,18.7,,,756,14137.0,13,F1,1,,,,,,2025-04-23
2025-04-23,2025-04-23,CM,BSE,STK,531444,INE115C01014,VARDHMAN,X,,,,,VARDHMAN CONCRETE LIMITED,11.75,11.75,11.7,11.75,11.75,11.75,,11.75,,,146,1715.0,6,F1,1,,,,,,2025-04-23
2025-04-23,2025-04-23,CM,BSE,STK,531449,INE192H01020,GRMOVER,B,,,,,GRM OVERSEAS LTD.,323.9,328.0,313.85,324.25,322.95,323.2,,325.2,,,23278,7469864.0,840,F1,1,,,,,,2025-04-23
2025-04-23,2025-04-23,CM,BSE,STK,531453,INE954E01012,MOHITIND,T,,,,,MOHIT INDUSTRIES LTD.,28.8,29.5,28.8,29.05,29.5,29.57,,29.47,,,400,11595.0,3,F1,1,,,,,,2025-04-23
2025-04-23,2025-04-23,CM,BSE,STK,531454,INE323D01020,POLYLINK,X,,,,,POLYLINK POLYMERS (INDIA) LTD.,33.3,33.98,31.55,32.94,32.94,32.98,,32.94,,,1423,46234.0,26,F1,1,,,,,,2025-04-23
2025-04-23,2025-04-23,CM,BSE,STK,531456,INE952C01028,MINAXI,X,,,,,MINAXI TEXTILES LTD.,2.34,2.34,2.12,2.2,2.2,2.23,,2.2,,,37056,81177.0,65,F1,1,,,,,,2025-04-23
2025-04-23,2025-04-23,CM,BSE,STK,531458,INE109B01019,BOSTONBIO,XT,,,,,BOSTON BIO SYSTEMS LTD.,6.76,7.46,6.76,6.84,7.4,7.11,,6.84,,,92568,636460.0,146,F1,1,,,,,,2025-04-23
2025-04-23,2025-04-23,CM,BSE,STK,531460,INE545B01022,CONTICON,X,,,,,CONTINENTAL CONTROLS LTD.,11.24,11.24,11.24,11.24,11.24,11.15,,11.24,,,688,7733.0,5,F1,1,,,,,,2025-04-23
2025-04-23,2025-04-23,CM,BSE,STK,531465,INE317B01042,NOUVEAU,X,,,,,NOUVEAU GLOBAL VENTURES LTD.,0.5,0.5,0.49,0.49,0.49,0.49,,0.49,,,162846,79878.0,176,F1,1,,,,,,2025-04-23
2025-04-23,2025-04-23,CM,BSE,STK,531471,INE397G01019,DUKEOFS,X,,,,,DUKE OFFSHORE LTD.,18.97,18.97,18.0,18.0,18.0,18.32,,18.0,,,3445,62430.0,41,F1,1,,,,,,2025-04-23
2025-04-23,2025-04-23,CM,BSE,STK,531472,INE183D01010,CYBELEIND,XT,,,,,CYBELE INDUSTRIES LTD.,24.0,24.0,22.26,22.26,22.26,23.43,,22.26,,,2028,45421.0,19,F1,1,,,,,,2025-04-23
2025-04-23,2025-04-23,CM,BSE,STK,531486,INE600B01033,FILME,XT,,,,,FILMCITY MEDIA LTD.,2.61,2.61,2.6,2.61,2.61,2.56,,2.61,,,2258,5893.0,6,F1,1,,,,,,2025-04-23
2025-04-23,2025-04-23,CM,BSE,STK,531489,INE084D01010,CGVAK,X,,,,,CG-VAK SOFTWARE & EXPORTS LTD.,287.95,290.0,274.1,285.4,285.4,282.7,,285.4,,,4991,1407782.0,152,F1,1,,,,,,2025-04-23
2025-04-23,2025-04-23,CM,BSE,STK,531494,INE268H01036,NAVKARURB,T,,,,,NAVKAR URBANSTRUCTURE LIMITED,13.95,14.45,13.91,14.45,14.45,13.77,,14.44,,,129779,1857924.0,446,F1,1,,,,,,2025-04-23
2025-04-23,2025-04-23,CM,BSE,STK,531495,INE472B01011,BLUECOAST,T,,,,,BLUE COAST HOTELS LTD.,33.98,33.98,33.31,33.31,33.31,33.98,,33.31,,,4440,148098.0,16,F1,1,,,,,,2025-04-23
2025-04-23,2025-04-23,CM,BSE,STK,531497,INE378D01032,MADHUCON,B,,,,,MADHUCON PROJECTS LTD.,8.35,8.8,8.07,8.17,8.5,8.07,,8.21,,,44939,378103.0,528,F1,1,,,,,,2025-04-23
2025-04-23,2025-04-23,CM,BSE,STK,531499,INE080D01042,SYBLY,XT,,,,,SYBLY INDUSTRIES LTD.,6.02,6.05,6.02,6.05,6.05,6.14,,6.05,,,1471,8855.0,12,F1,1,,,,,,2025-04-23
2025-04-23,2025-04-23,CM,BSE,STK,531500,INE343B01030,RAJESHEXPO,A,,,,,RAJESH EXPORTS LTD.,201.0,202.0,195.1,199.55,199.55,199.0,,199.72,,,84893,16862597.0,1732,F1,1,,,,,,2025-04-23
2025-04-23,2025-04-23,CM,BSE,STK,531502,INE404L01039,ESARIND,XT,,,,,ESAAR (INDIA) LTD.,10.81,11.02,10.7,11.02,11.02,10.81,,11.02,,,15313,167652.0,81,F1,1,,,,,,2025-04-23
2025-04-23,2025-04-23,CM,BSE,STK,531503,INE866D01010,MARIS,X,,,,,MARIS SPINNERS LTD.,33.52,33.53,32.21,33.53,33.53,33.5,,33.53,,,602,20048.0,4,F1,1,,,,,,2025-04-23
2025-04-23,2025-04-23,CM,BSE,STK,531506,INE561E01015,SKRABUL,X,,,,,SHUKRA BULLIONS LTD.,25.99,26.1,25.99,26.1,26.1,24.86,,26.1,,,125,3257.0,4,F1,1,,,,,,2025-04-23
2025-04-23,2025-04-23,CM,BSE,STK,531508,INE128A01029,EVEREADY,B,,,,,EVEREADY INDUSTRIES INDIA LTD.,316.15,336.6,314.7,331.3,336.6,310.2,,331.95,,,12755,4148601.0,726,F1,1,,,,,,2025-04-23
2025-04-23,2025-04-23,CM,BSE,STK,531509,INE623D01015,STEP2COR,XT,,,,,STEP TWO CORPORATION LTD.,40.0,40.0,40.0,40.0,40.0,42.0,,40.0,,,5,200.0,2,F1,1,,,,,,2025-04-23
2025-04-23,2025-04-23,CM,BSE,STK,531512,INE681D01039,ORIENTTR,X,,,,,ORIENT TRADELINK LTD.,23.47,23.48,21.75,22.73,22.8,22.87,,22.73,,,158774,3598966.0,216,F1,1,,,,,,2025-04-23
2025-04-23,2025-04-23,CM,BSE,STK,531518,INE767B01022,VIKASPROP,Z,,,,,VIKAS PROPPANT & GRANITE LTD.,0.42,0.44,0.41,0.43,0.44,0.42,,0.43,,,290411,125079.0,125,F1,1,,,,,,2025-04-23
2025-04-23,2025-04-23,CM,BSE,STK,531521,INE971E01016,DESHRAK,P,,,,,DESH RAKSHAK AUSHDHALAYA LTD.,29.84,29.84,29.84,29.84,29.84,28.42,,29.84,,,100,2984.0,1,F1,100,,,,,,2025-04-23
2025-04-23,2025-04-23,CM,BSE,STK,531525,INE849B01010,ACESOFT,X,,,,,ACE SOFTWARE EXPORTS LTD.,263.0,280.0,263.0,275.7,278.75,272.2,,275.7,,,40388,10863527.0,408,F1,1,,,,,,2025-04-23
2025-04-23,2025-04-23,CM,BSE,STK,531529,INE562E01021,SOFTRAKV,X,,,,,SOFTRAK VENTURE INVESTMENT LTD,3.31,3.48,3.16,3.3,3.39,3.32,,3.3,,,13286458,44497772.0,394,F1,1,,,,,,2025-04-23
2025-04-23,2025-04-23,CM,BSE,STK,531531,INE473B01035,HATSUN,A,,,,,HATSUN AGRO PRODUCT LTD.,960.85,967.55,947.5,956.8,947.5,948.85,,956.05,,,1027,984700.0,175,F1,1,,,,,,2025-04-23
2025-04-23,2025-04-23,CM,BSE,STK,531533,INE578B01015,ACCEDERE,XT,,,,,ACCEDERE LIMITED,83.13,87.5,83.13,87.5,87.5,87.5,,87.5,,,3888,323318.0,17,F1,1,,,,,,2025-04-23
2025-04-23,2025-04-23,CM,BSE,STK,531537,INE681K01026,JYOTHI,XT,,,,,JYOTHI INFRAVENTURES LTD.,208.55,208.55,208.55,208.55,208.55,204.5,,208.55,,,659,137434.0,10,F1,1,,,,,,2025-04-23
2025-04-23,2025-04-23,CM,BSE,STK,531539,INE864D01015,RISHDIGA,X,,,,,RISHABH DIGHA STEEL & ALLIED P,54.0,54.0,48.6,53.43,53.9,54.0,,53.43,,,146,7750.0,16,F1,1,,,,,,2025-04-23
2025-04-23,2025-04-23,CM,BSE,STK,531540,INE392G01028,MAINFRA,X,,,,,MARUTI INFRASTRUCTURE LTD.,16.22,16.94,14.51,15.89,15.89,16.28,,15.89,,,110883,1775008.0,302,F1,1,,,,,,2025-04-23
2025-04-23,2025-04-23,CM,BSE,STK,531541,INE881A01015,KOBO,Z,,,,,KOBO BIOTECH LIMITED,3.13,3.25,2.95,2.95,2.95,3.1,,2.95,,,19324,58037.0,20,F1,1,,,,,,2025-04-23
2025-04-23,2025-04-23,CM,BSE,STK,531543,INE247D01039,JINDWORLD,A,,,,,JINDAL WORLDWIDE LTD.,68.96,70.0,66.5,69.28,68.8,67.61,,69.29,,,90864,6250527.0,665,F1,1,,,,,,2025-04-23
2025-04-23,2025-04-23,CM,BSE,STK,531548,INE355A01028,SOMANYCERA,B,,,,,SOMANY CERAMICS LTD.,447.0,452.7,437.6,446.8,447.2,443.25,,445.45,,,4953,2198859.0,467,F1,1,,,,,,2025-04-23
2025-04-23,2025-04-23,CM,BSE,STK,531550,INE865D01012,JHACC,XT,,,,,JHAVERI CREDITS & CAPITAL LTD.,204.5,209.6,202.4,204.05,203.0,213.05,,204.05,,,5222,1059963.0,69,F1,1,,,,,,2025-04-23
2025-04-23,2025-04-23,CM,BSE,STK,531552,INE754B01012,RAGHUTOB,X,,,,,RAGHUNATH TOBACCO CO.LTD.,19.29,19.6,18.66,19.55,19.55,19.29,,19.55,,,1458,27331.0,17,F1,1,,,,,,2025-04-23
2025-04-23,2025-04-23,CM,BSE,STK,531553,INE193D01019,DRL,X,,,,,DISHA RESOURCES LIMITED,21.5,22.93,21.5,22.79,22.79,21.94,,22.79,,,4484,101019.0,7,F1,1,,,,,,2025-04-23
2025-04-23,2025-04-23,CM,BSE,STK,531556,INE558D01021,CORALFINAC,B,,,,,CORAL INDIA FINANCE & HOUSING,42.9,42.9,41.51,41.6,41.6,41.74,,41.77,,,638,26759.0,66,F1,1,,,,,,2025-04-23
2025-04-23,2025-04-23,CM,BSE,STK,531568,INE723K01018,ASHUTPM,X,,,,,ASHUTOSH PAPER MILLS LTD.,6.22,6.89,6.22,6.89,6.89,6.9,,6.89,,,1262,7986.0,13,F1,1,,,,,,2025-04-23
2025-04-23,2025-04-23,CM,BSE,STK,531569,INE860D01013,SANJIVIN,X,,,,,SANJIVANI PARANTERAL LTD.,257.0,257.0,250.35,250.7,254.95,249.75,,250.7,,,1346,340813.0,46,F1,1,,,,,,2025-04-23
2025-04-23,2025-04-23,CM,BSE,STK,531578,INE580H01026,KMFBLDR,XT,,,,,KMF BUILDERS & DEVELOPERS LTD.,11.34,11.34,11.34,11.34,11.34,11.34,,11.34,,,41,464.0,2,F1,1,,,,,,2025-04-23
2025-04-23,2025-04-23,CM,BSE,STK,531582,INE508J01015,BERYLSE,XT,,,,,BERYL SECURITIES LTD.,40.8,40.8,38.95,38.95,38.95,41.0,,38.95,,,1120,43772.0,5,F1,1,,,,,,2025-04-23
2025-04-23,2025-04-23,CM,BSE,STK,531585,INE455C01014,DEVINE,X,,,,,DEVINE IMPEX LTD.,9.29,9.29,9.29,9.29,9.29,9.39,,9.29,,,33,306.0,2,F1,1,,,,,,2025-04-23
2025-04-23,2025-04-23,CM,BSE,STK,531591,INE802A01037,BAMPSL,XT,,,,,BAMPSL SECURITIES LTD.,20.0,20.24,19.5,19.53,19.6,19.66,,19.53,,,48446,948259.0,78,F1,1,,,,,,2025-04-23
2025-04-23,2025-04-23,CM,BSE,STK,531592,INE861N01036,GENPHARMA,XT,,,,,GENPHARMASEC LIMITED,2.32,2.37,2.2,2.24,2.25,2.31,,2.24,,,442341,992615.0,493,F1,1,,,,,,2025-04-23
2025-04-23,2025-04-23,CM,BSE,STK,531594,INE507D01010,INCON,XT,,,,,INCON ENGINEERS LTD.,13.98,15.38,13.98,15.37,15.37,14.71,,15.37,,,358,5063.0,5,F1,1,,,,,,2025-04-23
2025-04-23,2025-04-23,CM,BSE,STK,531595,INE180C01042,CGCL,A,,,,,CAPRI GLOBAL CAPITAL LIMITED,168.8,170.4,162.9,166.9,166.3,167.4,,166.98,,,88286,14751182.0,1249,F1,1,,,,,,2025-04-23
2025-04-23,2025-04-23,CM,BSE,STK,531599,INE258B01022,FDC,A,,,,,FDC LTD.,440.85,440.85,429.65,435.8,435.45,431.4,,436.2,,,3783,1643575.0,397,F1,1,,,,,,2025-04-23
2025-04-23,2025-04-23,CM,BSE,STK,531600,INE832C01014,GOGIACAPGL,X,,,,,GOGIA CAPITAL GROWTH LIMITED,87.95,92.25,87.95,92.25,92.25,87.95,,92.25,,,6,549.0,3,F1,1,,,,,,2025-04-23
2025-04-23,2025-04-23,CM,BSE,STK,531608,INE792J01015,GORANIN,X,,,,,GORANI INDUSTRIES LTD.,83.0,83.0,83.0,83.0,83.0,82.98,,83.0,,,135,11205.0,5,F1,1,,,,,,2025-04-23
2025-04-23,2025-04-23,CM,BSE,STK,531613,INE100C01024,MAL,XT,,,,,Meyer Apparel Limited,1.64,1.64,1.64,1.64,1.64,1.57,,1.64,,,43420,71208.0,28,F1,1,,,,,,2025-04-23
2025-04-23,2025-04-23,CM,BSE,STK,531616,INE347I01010,STARCOM,X,,,,,STARCOM INFORMATION TECHNOLOGY,119.5,125.45,113.6,113.65,113.65,119.5,,113.65,,,790,98278.0,10,F1,1,,,,,,2025-04-23
2025-04-23,2025-04-23,CM,BSE,STK,531624,INE695B01025,COUNCODOS,B,,,,,COUNTRY CONDOS LTD.,7.91,9.08,7.27,9.08,9.08,7.57,,9.05,,,892240,7742103.0,1807,F1,1,,,,,,2025-04-23
2025-04-23,2025-04-23,CM,BSE,STK,531626,INE628B01034,OROSMITHS,X,,,,,OROSIL SMITHS INDIA LTD.,5.63,5.75,4.91,5.13,5.08,5.03,,5.13,,,225720,1175333.0,415,F1,1,,,,,,2025-04-23
2025-04-23,2025-04-23,CM,BSE,STK,531633,INE405C01035,LINCOLN,B,,,,,LINCOLN PHARMACEUTICALS LTD.,577.1,582.75,569.75,581.05,576.55,577.1,,580.7,,,500,288223.0,75,F1,1,,,,,,2025-04-23
2025-04-23,2025-04-23,CM,BSE,STK,531635,INE870J01019,SILVOAK,XT,,,,,SILVER OAK (INDIA) LTD.,152.25,152.25,152.25,152.25,152.25,152.25,,152.25,,,499,75972.0,25,F1,1,,,,,,2025-04-23
2025-04-23,2025-04-23,CM,BSE,STK,531637,INE722B01019,PRAVEG,B,,,,,PRAVEG LIMITED,561.0,566.75,550.3,558.75,554.2,559.05,,558.75,,,15435,8602451.0,772,F1,1,,,,,,2025-04-23
2025-04-23,2025-04-23,CM,BSE,STK,531638,INE713C01016,SURAJLTD,B,,,,,SURAJ LTD.,411.35,438.0,409.75,415.05,415.05,410.15,,412.4,,,3997,1670038.0,176,F1,1,,,,,,2025-04-23
2025-04-23,2025-04-23,CM,BSE,STK,531642,INE196A01026,MARICO,A,,,,,MARICO LTD.,709.1,719.1,707.4,715.6,714.55,709.0,,716.55,,,63556,45263520.0,3318,F1,1,,,,,,2025-04-23
2025-04-23,2025-04-23,CM,BSE,STK,531644,INE546D01018,TOKYOFIN,X,,,,,TOKYO FINANCE LTD.,32.5,33.5,32.04,33.4,33.4,32.04,,33.4,,,2068,67492.0,35,F1,1,,,,,,2025-04-23
2025-04-23,2025-04-23,CM,BSE,STK,531651,INE654H01011,NATGENI,X,,,,,NATIONAL GENERAL INDUSTRIES LT,52.38,54.7,52.38,54.7,54.7,52.35,,54.7,,,354,19345.0,5,F1,1,,,,,,2025-04-23
2025-04-23,2025-04-23,CM,BSE,STK,531652,INE528C01018,UVS,XT,,,,,UVS HOSPITALITY AND SERVICES L,119.0,119.0,114.96,118.0,118.0,117.3,,118.0,,,1057,124171.0,14,F1,1,,,,,,2025-04-23
2025-04-23,2025-04-23,CM,BSE,STK,531661,INE863C01019,HITTCO,X,,,,,HITTCO TOOLS LTD.,12.2,12.5,12.19,12.2,12.2,12.55,,12.2,,,3967,48391.0,14,F1,1,,,,,,2025-04-23
2025-04-23,2025-04-23,CM,BSE,STK,531663,INE139D01020,YUVRAAJHPL,XT,,,,,YUVRAAJ HYGIENE PRODUCTS LTD.,13.78,13.78,13.78,13.78,13.78,14.06,,13.78,,,58330,803787.0,65,F1,1,,,,,,2025-04-23
2025-04-23,2025-04-23,CM,BSE,STK,531667,INE117K01013,RRMETAL,XT,,,,,RR METALMAKERS INDIA LIMITED,31.02,31.02,31.02,31.02,31.02,29.55,,31.02,,,21,651.0,2,F1,1,,,,,,2025-04-23
2025-04-23,2025-04-23,CM,BSE,STK,531668,INE661D01015,VISIONCO,X,,,,,VISION CORPORATION LTD.,3.0,3.15,3.0,3.15,3.15,3.15,,3.15,,,5883,17790.0,20,F1,1,,,,,,2025-04-23
2025-04-23,2025-04-23,CM,BSE,STK,531672,INE224C01014,INANISEC,X,,,,,INANI SECURITIES LTD.,29.39,30.44,29.39,30.44,30.44,29.39,,30.44,,,104,3161.0,3,F1,1,,,,,,2025-04-23
2025-04-23,2025-04-23,CM,BSE,STK,531673,INE067C01025,ANKIN,XT,,,,,ANKA INDIA LTD.,41.98,41.98,41.98,41.98,41.98,42.83,,41.98,,,293,12300.0,8,F1,1,,,,,,2025-04-23
2025-04-23,2025-04-23,CM,BSE,STK,531677,INE588E01026,ARISINT,XT,,,,,ARIS INTERNATIONAL LTD.,321.55,321.55,321.55,321.55,321.55,315.25,,321.55,,,2,643.0,1,F1,1,,,,,,2025-04-23
2025-04-23,2025-04-23,CM,BSE,STK,531681,INE673C01020,AMERISE,X,,,,,AMERISE BIOSCIENCES LIMITED,0.86,0.9,0.84,0.88,0.88,0.85,,0.88,,,142541,124965.0,165,F1,1,,,,,,2025-04-23
2025-04-23,2025-04-23,CM,BSE,STK,531688,INE621B01021,PRITHVIEXCH,XT,,,,,Prithvi Exchange (India) Limit,167.6,167.6,167.6,167.6,167.6,164.35,,167.6,,,1285,215366.0,34,F1,1,,,,,,2025-04-23
2025-04-23,2025-04-23,CM,BSE,STK,531692,INE593B01030,KHYATI,XT,,,,,KHYATI MULTIMEDIA-ENTERTAINMEN,3.88,3.88,3.88,3.88,3.88,3.81,,3.88,,,8012,31086.0,11,F1,1,,,,,,2025-04-23
2025-04-23,2025-04-23,CM,BSE,STK,531694,INE230F01014,RAINBOWF,X,,,,,RAINBOW FOUNDATIONS LTD.,50.9,52.2,47.24,47.51,47.24,49.72,,47.51,,,78069,3843521.0,314,F1,1,,,,,,2025-04-23
2025-04-23,2025-04-23,CM,BSE,STK,531717,INE632C01026,VIDHIING,B,,,,,Vidhi Specialty Food Ingredien,425.0,431.7,424.0,430.0,431.7,425.2,,430.55,,,7369,3134179.0,87,F1,1,,,,,,2025-04-23
2025-04-23,2025-04-23,CM,BSE,STK,531719,INE414D01027,BHAGCHEM,B,,,,,BHAGIRADHA CHEMICALS & INDUSTR,286.45,286.45,277.95,281.8,280.75,282.85,,282.35,,,306,86349.0,57,F1,1,,,,,,2025-04-23
2025-04-23,2025-04-23,CM,BSE,STK,531723,INE224E01028,GATECH,B,,,,,GACM Technologies Limited,0.68,0.71,0.68,0.71,0.71,0.65,,0.7,,,3522668,2468788.0,462,F1,1,,,,,,2025-04-23
2025-04-23,2025-04-23,CM,BSE,STK,531726,INE316G01019,PANCHSHEEL,X,,,,,PANCHSHEEL ORGANICS LTD.,151.45,154.8,148.55,151.05,150.0,151.45,,151.05,,,5266,794381.0,100,F1,1,,,,,,2025-04-23
2025-04-23,2025-04-23,CM,BSE,STK,531727,INE650G01029,MENNPIS,X,,,,,MENON PISTONS LTD.,60.5,62.4,59.19,61.83,61.9,60.23,,61.83,,,56037,3418647.0,429,F1,1,,,,,,2025-04-23
2025-04-23,2025-04-23,CM,BSE,STK,531737,INE414C01045,GREENCREST,X,,,,,GREENCREST FINANCIAL SERVICES,0.68,0.68,0.67,0.68,0.68,0.67,,0.68,,,159057,107634.0,187,F1,1,,,,,,2025-04-23
2025-04-23,2025-04-23,CM,BSE,STK,531739,INE509C01026,GENNEX,X,,,,,GENNEX LABORATORIES LTD.,14.05,14.16,13.61,13.87,13.87,13.85,,13.87,,,239859,3320767.0,507,F1,1,,,,,,2025-04-23
2025-04-23,2025-04-23,CM,BSE,STK,531743,INE258Z01013,HIRAUTO,P,,,,,HIRA AUTOMOBILES LTD.,187.1,187.1,187.1,187.1,187.1,183.45,,187.1,,,100,18710.0,1,F1,100,,,,,,2025-04-23
2025-04-23,2025-04-23,CM,BSE,STK,531744,INE548B01018,GINISILK,X,,,,,GINI SILK MILLS LTD.,92.0,99.0,90.0,94.33,97.89,92.97,,94.33,,,1444,134897.0,44,F1,1,,,,,,2025-04-23
2025-04-23,2025-04-23,CM,BSE,STK,531746,INE505C01016,PRAENG,B,,,,,PRAJAY ENGINEERS SYNDICATE LTD,25.0,25.0,23.33,23.47,23.35,23.46,,23.64,,,8655,204963.0,106,F1,1,,,,,,2025-04-23
2025-04-23,2025-04-23,CM,BSE,STK,531752,INE703D01023,BIOGEN,X,,,,,BIOGEN PHARMACHEM INDUSTRIES L,0.94,0.95,0.93,0.94,0.94,0.94,,0.94,,,547630,512140.0,729,F1,1,,,,,,2025-04-23
2025-04-23,2025-04-23,CM,BSE,STK,531758,INE131D01019,GKCONS,XT,,,,,G.K.CONSULTANTS LTD.,17.16,17.16,17.16,17.16,17.16,17.16,,17.16,,,750,12870.0,3,F1,1,,,,,,2025-04-23
2025-04-23,2025-04-23,CM,BSE,STK,531761,INE126J01016,APOLLOPIPE,B,,,,,APOLLO PIPES LIMITED,390.9,404.05,390.9,396.75,397.95,396.05,,396.55,,,5343,2122515.0,410,F1,1,,,,,,2025-04-23
2025-04-23,2025-04-23,CM,BSE,STK,531762,INE576D01015,UNJHAFOR,X,,,,,UNJHA FORMULATIONS LTD.,24.88,26.45,23.43,24.89,24.9,24.88,,24.89,,,8440,212785.0,81,F1,1,,,,,,2025-04-23
2025-04-23,2025-04-23,CM,BSE,STK,531768,INE205C01021,POLYMED,A,,,,,POLY MEDICURE LTD.,2449.75,2495.0,2421.0,2451.25,2451.25,2449.75,,2449.2,,,3986,9833956.0,440,F1,1,,,,,,2025-04-23
2025-04-23,2025-04-23,CM,BSE,STK,531771,INE311M01018,SHRADDHA,X,,,,,SHRADDHA PRIME PROJECTS LTD,161.7,161.7,153.05,155.25,154.75,157.85,,155.25,,,4610,717287.0,63,F1,1,,,,,,2025-04-23
2025-04-23,2025-04-23,CM,BSE,STK,531778,INE059E01010,KACHCHH,X,,,,,KACHCHH MINERALS LTD.,34.88,34.88,32.55,33.15,33.15,29.07,,33.15,,,272039,9342992.0,667,F1,1,,,,,,2025-04-23
2025-04-23,2025-04-23,CM,BSE,STK,531780,INE229G01022,KACL,XT,,,,,KAISER CORPORATION LIMITED,6.86,6.86,6.82,6.82,6.82,6.73,,6.82,,,317861,2168615.0,55,F1,1,,,,,,2025-04-23
2025-04-23,2025-04-23,CM,BSE,STK,531784,INE469F01026,KCLINFRA,X,,,,,KCL Infra Projects Limited,1.59,1.64,1.51,1.54,1.54,1.6,,1.54,,,208682,325683.0,263,F1,1,,,,,,2025-04-23
2025-04-23,2025-04-23,CM,BSE,STK,531795,INE951D01028,ATULAUTO,B,,,,,ATUL AUTO LTD.,512.0,513.45,495.25,501.7,499.3,507.0,,501.85,,,16378,8215749.0,1124,F1,1,,,,,,2025-04-23
2025-04-23,2025-04-23,CM,BSE,STK,531797,INE393D01015,SCANPRO,XT,,,,,SCAN PROJECTS LTD.,51.11,51.11,51.11,51.11,51.11,51.11,,51.11,,,1,51.0,1,F1,1,,,,,,2025-04-23
2025-04-23,2025-04-23,CM,BSE,STK,531802,INE426H01014,PRERINFRA,X,,,,,PRERNA INFRABUILD LTD.,26.6,27.5,26.11,26.12,26.11,26.6,,26.12,,,53922,1439251.0,79,F1,1,,,,,,2025-04-23
2025-04-23,2025-04-23,CM,BSE,STK,531810,INE161E01014,METALCO,X,,,,,METAL COATINGS (INDIA) LTD.,82.0,84.8,76.05,78.31,78.55,78.69,,78.31,,,956,74679.0,25,F1,1,,,,,,2025-04-23
2025-04-23,2025-04-23,CM,BSE,STK,531812,INE266C01023,SGNTE,X,,,,,SGN TELECOMS LTD.,0.85,0.85,0.83,0.83,0.83,0.81,,0.83,,,92946,78664.0,191,F1,1,,,,,,2025-04-23
2025-04-23,2025-04-23,CM,BSE,STK,531814,INE297J01023,TIRSARJ,X,,,,,TIRUPATI SARJAN LTD.,14.84,15.25,14.84,14.95,15.13,14.89,,14.95,,,4408,65716.0,26,F1,1,,,,,,2025-04-23
2025-04-23,2025-04-23,CM,BSE,STK,531821,INE348D01019,MUNOTHFI,X,,,,,MUNOTH FINANCIAL SERVICES LTD.,65.0,65.0,63.5,63.5,63.5,62.7,,63.5,,,157,9973.0,4,F1,1,,,,,,2025-04-23
2025-04-23,2025-04-23,CM,BSE,STK,531822,INE513E01024,RODIUM,XT,,,,,RODIUM REALTY LIMITED,198.0,198.0,193.0,195.0,195.0,189.0,,195.0,,,121,23604.0,7,F1,1,,,,,,2025-04-23
2025-04-23,2025-04-23,CM,BSE,STK,531832,INE793H01017,NAGTECH,XT,,,,,NAGARJUNA AGRI TECH LTD.,60.38,60.38,60.38,60.38,60.38,61.61,,60.38,,,4410,266275.0,27,F1,1,,,,,,2025-04-23
2025-04-23,2025-04-23,CM,BSE,STK,531834,INE487B01019,NATHUEC,X,,,,,NATURA HUE CHEM LTD.,10.39,10.39,9.61,9.83,9.83,9.92,,9.83,,,5315,52206.0,10,F1,1,,,,,,2025-04-23
2025-04-23,2025-04-23,CM,BSE,STK,531840,INE172B01017,IECEDU,XT,,,,,IEC EDUCATION LTD.,18.58,18.58,18.58,18.58,18.58,18.95,,18.58,,,127,2359.0,20,F1,1,,,,,,2025-04-23
2025-04-23,2025-04-23,CM,BSE,STK,531841,INE935D01013,INDUSFINL,XT,,,,,Indus Finance Limited,34.0,34.17,34.0,34.17,34.17,33.5,,34.17,,,689,23511.0,7,F1,1,,,,,,2025-04-23
2025-04-23,2025-04-23,CM,BSE,STK,531842,INE515C01023,LAHOTIOV,X,,,,,LAHOTI OVERSEAS LTD.,36.25,37.99,35.1,36.6,36.6,37.0,,36.6,,,4714,172336.0,26,F1,1,,,,,,2025-04-23
2025-04-23,2025-04-23,CM,BSE,STK,531845,INE318D01020,ZENITHSTL,B,,,,,ZENITH STEEL PIPES AND  INDUST,7.29,7.54,6.96,7.07,6.96,7.27,,7.06,,,74311,530405.0,280,F1,1,,,,,,2025-04-23
2025-04-23,2025-04-23,CM,BSE,STK,531846,INE884X01011,TRINITYLEA,X,,,,,TRINITY LEAGUE INDIA LTD.,11.81,11.81,11.79,11.79,11.79,11.76,,11.79,,,526,6211.0,5,F1,1,,,,,,2025-04-23
2025-04-23,2025-04-23,CM,BSE,STK,531847,INE194D01017,ASTAR,B,,,,,ASIAN STAR CO.LTD.,725.15,772.7,720.0,744.1,772.7,744.65,,744.1,,,454,328680.0,26,F1,1,,,,,,2025-04-23
2025-04-23,2025-04-23,CM,BSE,STK,531859,INE457G01029,ORIRAIL,T,,,,,ORIENTAL RAIL INFRASTRUCTURE L,191.7,195.95,181.2,195.75,195.95,186.65,,195.75,,,184699,35493785.0,1897,F1,1,,,,,,2025-04-23
2025-04-23,2025-04-23,CM,BSE,STK,531861,INE024B01010,JOINDRE,X,,,,,JOINDRE CAPITAL SERVICES LTD.,44.45,44.7,43.4,43.43,44.04,43.64,,43.43,,,1457,63625.0,54,F1,1,,,,,,2025-04-23
2025-04-23,2025-04-23,CM,BSE,STK,531862,INE842D01029,BHARATAGRI,XT,,,,,BHARAT AGRI FERT & REALTY LTD.,44.0,44.0,41.61,42.36,42.03,43.16,,42.36,,,11510,491171.0,97,F1,1,,,,,,2025-04-23
2025-04-23,2025-04-23,CM,BSE,STK,531867,INE929K01011,UNITINT,X,,,,,UNITECH INTERNATIONAL LTD.,4.89,4.9,4.62,4.62,4.62,4.9,,4.62,,,5191,23985.0,16,F1,1,,,,,,2025-04-23
2025-04-23,2025-04-23,CM,BSE,STK,531869,INE433G01020,SACHEMT,X,,,,,SACHETA METALS LTD.,4.2,4.23,4.15,4.2,4.21,4.19,,4.2,,,29858,124852.0,152,F1,1,,,,,,2025-04-23
2025-04-23,2025-04-23,CM,BSE,STK,531870,INE370C01015,POPULARES,X,,,,,POPULAR ESTATE MANAGEMENT LTD.,20.15,20.15,20.15,20.15,20.15,20.25,,20.15,,,96,1934.0,3,F1,1,,,,,,2025-04-23
2025-04-23,2025-04-23,CM,BSE,STK,531878,INE283D01018,ANJANIFIN,X,,,,,ANJANI FINANCE LTD.,13.03,13.03,12.46,12.79,13.03,13.05,,12.79,,,1990,25455.0,16,F1,1,,,,,,2025-04-23
2025-04-23,2025-04-23,CM,BSE,STK,531888,INE687C01012,REXNORD,X,,,,,REXNORD ELECTRONICS & CONTROLS,106.24,109.0,101.0,102.3,101.65,106.24,,102.3,,,4204,438059.0,108,F1,1,,,,,,2025-04-23
2025-04-23,2025-04-23,CM,BSE,STK,531889,INE882B01037,IIL,X,,,,,INTEGRATED INDUSTRIES LIMITED,26.82,27.7,26.0,27.11,27.11,26.82,,27.11,,,1644002,44057479.0,13112,F1,1,,,,,,2025-04-23
2025-04-23,2025-04-23,CM,BSE,STK,531893,INE248B01023,SAWACA,X,,,,,SAWACA ENTERPRISES LIMITED,0.57,0.6,0.56,0.56,0.57,0.55,,0.56,,,2495619,1425861.0,802,F1,1,,,,,,2025-04-23
2025-04-23,2025-04-23,CM,BSE,STK,531900,INE778E01031,CCLINTER,X,,,,,CCL INTERNATIONAL LTD.,26.48,26.48,25.0,25.87,25.85,25.47,,25.87,,,483,12277.0,19,F1,1,,,,,,2025-04-23
2025-04-23,2025-04-23,CM,BSE,STK,531902,INE755J01012,GALLOPENT,X,,,,,GALLOPS ENTERPRISE LTD.,19.89,21.5,19.33,19.59,19.59,21.13,,19.59,,,525,10358.0,20,F1,1,,,,,,2025-04-23
2025-04-23,2025-04-23,CM,BSE,STK,531909,INE587J01027,CROISSANCE,XT,,,,,CROISSANCE LIMITED,3.14,3.46,3.14,3.14,3.14,3.3,,3.14,,,118550,375670.0,126,F1,1,,,,,,2025-04-23
2025-04-23,2025-04-23,CM,BSE,STK,531910,INE312M01016,MADHUVEER,X,,,,,Madhuveer Com 18 Network Limit,250.0,250.0,233.05,250.0,250.0,250.0,,250.0,,,654,163483.0,7,F1,1,,,,,,2025-04-23
2025-04-23,2025-04-23,CM,BSE,STK,531913,INE641H01018,GOPAIST,X,,,,,GOPAL IRON & STEELS CO.(GUJARA,8.19,8.19,7.99,7.99,7.99,7.8,,7.99,,,4733,38614.0,23,F1,1,,,,,,2025-04-23
2025-04-23,2025-04-23,CM,BSE,STK,531918,INE02XD01011,HINDAPL,XT,,,,,HINDUSTAN APPLIANCES LTD.,96.0,97.92,96.0,97.92,97.92,96.0,,97.92,,,270,26357.0,15,F1,1,,,,,,2025-04-23
2025-04-23,2025-04-23,CM,BSE,STK,531921,INE204E01012,AGARIND,B,,,,,AGARWAL INDUSTRIAL CORPORATION,1048.15,1048.35,1023.85,1031.95,1033.0,1058.15,,1030.25,,,1573,1627134.0,298,F1,1,,,,,,2025-04-23
2025-04-23,2025-04-23,CM,BSE,STK,531923,INE956B01013,DHAMPURE,X,,,,,DHAMPURE SPECIALITY SUGARS LTD,104.0,106.74,101.97,103.18,103.18,103.97,,103.18,,,2354,242452.0,34,F1,1,,,,,,2025-04-23
2025-04-23,2025-04-23,CM,BSE,STK,531925,INE545N01019,SHAQUAK,X,,,,,SHANTANU SHEOREY AQUAKULT LTD.,1.55,1.77,1.55,1.75,1.75,1.78,,1.75,,,1245,2105.0,18,F1,1,,,,,,2025-04-23
2025-04-23,2025-04-23,CM,BSE,STK,531929,INE214B01017,INNOCORP,XT,,,,,INNOCORP LTD.,5.53,6.05,5.53,6.04,6.04,5.78,,6.04,,,8601,48964.0,31,F1,1,,,,,,2025-04-23
2025-04-23,2025-04-23,CM,BSE,STK,531930,INE074H01012,SARTHAKIND,X,,,,,SARTHAK INDUSTRIES LTD.,34.74,35.0,33.0,33.26,33.68,33.78,,33.26,,,657,22663.0,27,F1,1,,,,,,2025-04-23
2025-04-23,2025-04-23,CM,BSE,STK,531931,INE531X01018,SAICAPI,XT,,,,,SAI CAPITAL LTD.,245.8,252.95,229.5,243.45,247.0,240.95,,243.45,,,879,214365.0,56,F1,1,,,,,,2025-04-23
2025-04-23,2025-04-23,CM,BSE,STK,531936,INE657B01025,BLUECHIP,T,,,,,BLUE CHIP INDIA LTD.,6.75,6.88,6.7,6.72,6.71,6.75,,6.76,,,6929,46721.0,31,F1,1,,,,,,2025-04-23
2025-04-23,2025-04-23,CM,BSE,STK,531944,INE185D01015,LEXORAA,XT,,,,,LEXORAA INDUSTRIES LIMITED,13.69,13.69,13.69,13.69,13.69,13.78,,13.69,,,1341,18358.0,8,F1,1,,,,,,2025-04-23
2025-04-23,2025-04-23,CM,BSE,STK,531950,INE316D01024,VERTEX,X,,,,,VERTEX SECURITIES LTD.,5.08,5.08,4.41,4.75,4.75,4.74,,4.75,,,15568,74074.0,63,F1,1,,,,,,2025-04-23
2025-04-23,2025-04-23,CM,BSE,STK,531952,INE811H01017,RIBATEX,X,,,,,RIBA TEXTILES LTD.,79.15,83.5,78.5,80.84,80.06,80.56,,80.84,,,6237,498641.0,87,F1,1,,,,,,2025-04-23
2025-04-23,2025-04-23,CM,BSE,STK,531959,INE997D01021,NEWINFRA,XT,,,,,NEWTIME INFRASTRUCTURE LIMITED,2.98,2.98,2.93,2.93,2.93,2.98,,2.93,,,92223,270605.0,147,F1,1,,,,,,2025-04-23
2025-04-23,2025-04-23,CM,BSE,STK,531960,INE108B01029,KASHYAP,XT,,,,,Kashyap Tele-Medicines Limited,6.07,6.07,6.07,6.07,6.07,5.96,,6.07,,,21350,129594.0,13,F1,1,,,,,,2025-04-23
2025-04-23,2025-04-23,CM,BSE,STK,531962,INE914B01012,SHREMETAL,X,,,,,SHREE METALLOYS LTD.,41.8,41.8,41.8,41.8,41.8,41.8,,41.8,,,53,2215.0,4,F1,1,,,,,,2025-04-23
2025-04-23,2025-04-23,CM,BSE,STK,531968,INE786E01018,IITLPROJ,X,,,,,IITL PROJECTS LIMITED,57.01,57.01,55.03,55.52,55.03,57.0,,55.52,,,420,23910.0,9,F1,1,,,,,,2025-04-23
2025-04-23,2025-04-23,CM,BSE,STK,531977,INE558F01026,CHLOGIST,X,,,,,CHARTERED LOGISTICS LTD.,10.0,10.4,9.65,9.92,9.98,10.08,,9.92,,,121894,1215386.0,181,F1,1,,,,,,2025-04-23
2025-04-23,2025-04-23,CM,BSE,STK,531978,INE540G01014,AMBIKCO,B,,,,,AMBIKA COTTON MILLS LTD.,1440.4,1440.4,1380.05,1408.55,1422.0,1405.25,,1408.4,,,1560,2185104.0,294,F1,1,,,,,,2025-04-23
2025-04-23,2025-04-23,CM,BSE,STK,531979,INE227B01019,HINDALUMI,X,,,,,HIND ALUMINIUM INDUSTRIES LTD.,78.0,78.0,73.5,74.19,74.0,75.1,,74.19,,,12429,922610.0,139,F1,1,,,,,,2025-04-23
2025-04-23,2025-04-23,CM,BSE,STK,531980,INE564B01015,SENINFO,XT,,,,,SENTHIL INFOTEK LTD,14.44,14.44,14.44,14.44,14.44,13.76,,14.44,,,1,14.0,1,F1,1,,,,,,2025-04-23
2025-04-23,2025-04-23,CM,BSE,STK,531982,INE547C01018,SPECFOOD,X,,,,,SPECTRUM FOODS LTD.,30.1,31.88,29.25,29.84,30.0,30.5,,29.84,,,89690,2678757.0,169,F1,1,,,,,,2025-04-23
2025-04-23,2025-04-23,CM,BSE,STK,531991,INE735C01027,AMRAAGRI,X,,,,,AMRAWORLD AGRICO LTD.,1.09,1.12,1.08,1.1,1.1,1.1,,1.1,,,146015,161012.0,263,F1,1,,,,,,2025-04-23
2025-04-23,2025-04-23,CM,BSE,STK,531996,INE839E01023,ODYCORP,XT,,,,,ODYSSEY CORPORATION LTD.,20.41,20.41,20.41,20.41,20.41,20.01,,20.41,,,9296,189731.0,12,F1,1,,,,,,2025-04-23
2025-04-23,2025-04-23,CM,BSE,STK,531997,INE164D01010,VUENOW,XT,,,,,VUENOW INFRATECH LIMITED,123.5,124.9,121.25,122.5,124.0,121.35,,122.5,,,68806,8436658.0,317,F1,1,,,,,,2025-04-23
2025-04-23,2025-04-23,CM,BSE,STK,532001,INE146H01018,INDCTST,X,,,,,INDUCTO STEEL LTD.,54.5,60.01,54.5,60.0,60.0,55.0,,60.0,,,1827,106383.0,34,F1,1,,,,,,2025-04-23
2025-04-23,2025-04-23,CM,BSE,STK,532005,INE653D01012,SAMINDUS,XT,,,,,SAM INDUSTRIES LTD.,60.0,60.0,60.0,60.0,60.0,60.0,,60.0,,,100,6000.0,2,F1,1,,,,,,2025-04-23
2025-04-23,2025-04-23,CM,BSE,STK,532007,INE981C01019,SHVFL,X,,,,,SHREEVATSAA FINANCE & LEASING,26.36,26.36,26.36,26.36,26.36,25.59,,26.36,,,2,52.0,1,F1,1,,,,,,2025-04-23
2025-04-23,2025-04-23,CM,BSE,STK,532011,INE147C01017,POOJAENT,X,,,,,VASHU BHAGNANI INDUSTRIES LIMI,103.9,105.0,100.0,102.5,102.5,103.9,,102.5,,,986,101255.0,27,F1,1,,,,,,2025-04-23
2025-04-23,2025-04-23,CM,BSE,STK,532015,INE995A01013,GRAVITY,XT,,,,,GRAVITY (INDIA) LTD.,5.05,5.05,4.72,4.93,4.73,4.84,,4.93,,,15426,76652.0,56,F1,1,,,,,,2025-04-23
2025-04-23,2025-04-23,CM,BSE,STK,532016,INE176O01011,ESPIRE,XT,,,,,ESPIRE HOSPITALITY LIMITED,387.0,392.0,379.8,392.0,392.0,387.0,,392.0,,,2871,1116670.0,13,F1,1,,,,,,2025-04-23
2025-04-23,2025-04-23,CM,BSE,STK,532019,INE938A01021,LCCINFOTEC,T,,,,,LCC INFOTECH LTD.,6.22,6.22,6.22,6.22,6.22,5.93,,6.22,,,7395,45996.0,25,F1,1,,,,,,2025-04-23
2025-04-23,2025-04-23,CM,BSE,STK,532022,INE185E01021,FILATFASH,T,,,,,FILATEX FASHIONS LTD.,0.52,0.53,0.51,0.52,0.52,0.53,,0.51,,,2835675,1471780.0,838,F1,1,,,,,,2025-04-23
2025-04-23,2025-04-23,CM,BSE,STK,532029,INE325D01025,SINDHUTRAD,B,,,,,SINDHU TRADE LINKS LIMITED,19.0,19.65,18.07,19.34,19.34,18.63,,19.38,,,377466,7150844.0,719,F1,1,,,,,,2025-04-23
2025-04-23,2025-04-23,CM,BSE,STK,532039,INE486F01012,ZENOTECH,X,,,,,ZENOTECH LABORATORIES LTD.,61.99,61.99,59.03,60.97,60.99,60.4,,60.97,,,8773,530648.0,103,F1,1,,,,,,2025-04-23
2025-04-23,2025-04-23,CM,BSE,STK,532041,INE597C01021,HINDBIO,XT,,,,,HINDUSTAN BIO SCIENCES LTD.,8.45,8.5,8.03,8.03,8.03,8.45,,8.03,,,7646,61681.0,44,F1,1,,,,,,2025-04-23
2025-04-23,2025-04-23,CM,BSE,STK,532042,INE092D01013,FRONTCORP,X,,,,,FRONTLINE CORPORATION LTD.,45.89,45.89,40.0,40.44,40.44,43.99,,40.44,,,10989,454224.0,43,F1,1,,,,,,2025-04-23
2025-04-23,2025-04-23,CM,BSE,STK,532051,INE409B01013,SWELECTES,T,,,,,SWELECT ENERGY SYSTEMS LIMITED,574.45,574.45,574.45,574.45,574.45,563.2,,574.45,,,569,326862.0,27,F1,1,,,,,,2025-04-23
2025-04-23,2025-04-23,CM,BSE,STK,532053,INE121B01014,WALLFORT,XT,,,,,WALLFORT FINANCIAL SERVICES LT,111.0,111.4,106.24,111.27,111.27,106.24,,111.27,,,2177,235240.0,20,F1,1,,,,,,2025-04-23
2025-04-23,2025-04-23,CM,BSE,STK,532054,INE291D01011,KDDL,B,,,,,KDDL LTD.,2952.25,3096.25,2861.5,3046.15,3015.0,2943.65,,3044.9,,,1530,4540011.0,528,F1,1,,,,,,2025-04-23
2025-04-23,2025-04-23,CM,BSE,STK,532056,INE398H01015,ADIEXRE,XT,,,,,ADINATH EXIM RESOURCES LTD.,65.0,67.01,61.14,63.0,63.0,64.35,,63.0,,,1268,81629.0,23,F1,1,,,,,,2025-04-23
2025-04-23,2025-04-23,CM,BSE,STK,532057,INE516F01016,ABHICAP,X,,,,,ABHINAV CAPITAL SERVICES LTD.,116.75,117.7,116.75,117.7,117.05,116.75,,117.7,,,202,23773.0,6,F1,1,,,,,,2025-04-23
2025-04-23,2025-04-23,CM,BSE,STK,532067,INE994E01018,3BBLACKBIO,B,,,,,3B BlackBio Dx Limited,1801.1,1820.0,1764.0,1808.85,1808.85,1795.15,,1808.85,,,2643,4736709.0,279,F1,1,,,,,,2025-04-23
2025-04-23,2025-04-23,CM,BSE,STK,532070,INE311N01016,SUMUKA,X,,,,,Sumuka Agro Industries Limited,189.35,196.15,187.0,189.65,189.75,189.3,,189.65,,,87174,16711015.0,466,F1,1,,,,,,2025-04-23
2025-04-23,2025-04-23,CM,BSE,STK,532078,INE407E01029,MONIND,XT,,,,,MONIND LIMITED,28.02,28.02,28.02,28.02,28.02,29.48,,28.02,,,22,616.0,2,F1,1,,,,,,2025-04-23
2025-04-23,2025-04-23,CM,BSE,STK,532090,INE219M01021,VANDANA,XT,,,,,VANDANA KNITWEAR LTD.,17.3,17.3,16.99,16.99,16.99,16.97,,16.99,,,424060,7290819.0,194,F1,1,,,,,,2025-04-23
2025-04-23,2025-04-23,CM,BSE,STK,532092,INE807D01030,EPUJA,X,,,,,EPUJA SPIRITECH LIMITED,3.8,3.8,3.7,3.7,3.7,3.69,,3.7,,,21426,80109.0,109,F1,1,,,,,,2025-04-23
2025-04-23,2025-04-23,CM,BSE,STK,532100,INE456B01014,INDOCITY,XT,,,,,INDO-CITY INFOTECH LTD.,12.99,12.99,12.12,12.26,12.18,12.75,,12.26,,,3184,38741.0,33,F1,1,,,,,,2025-04-23
2025-04-23,2025-04-23,CM,BSE,STK,532102,INE948G01019,SBECSUG,XT,,,,,SBEC SUGAR LTD.,43.0,43.0,39.99,42.83,42.9,41.11,,42.83,,,119,4910.0,7,F1,1,,,,,,2025-04-23
2025-04-23,2025-04-23,CM,BSE,STK,532113,INE957E01031,BRIJLEAS,X,,,,,BRIJLAXMI LEASING & FINANCE LT,8.72,8.72,8.68,8.68,8.68,8.72,,8.68,,,55,478.0,5,F1,1,,,,,,2025-04-23
2025-04-23,2025-04-23,CM,BSE,STK,532123,INE395A01016,BSELALGO,X,,,,,BSEL ALGO LIMITED,8.59,8.83,8.25,8.39,8.39,8.45,,8.39,,,154095,1298818.0,445,F1,1,,,,,,2025-04-23
2025-04-23,2025-04-23,CM,BSE,STK,532124,INE419H01019,RELIABVEN,X,,,,,RELIABLE VENTURES INDIA LTD.,21.7,22.2,21.7,21.71,21.8,21.69,,21.71,,,1562,33910.0,16,F1,1,,,,,,2025-04-23
2025-04-23,2025-04-23,CM,BSE,STK,532131,INE382B01012,TRIUMPIN,XT,,,,,TRIUMPH INTERNATIONAL FINANCE,16.0,16.0,16.0,16.0,16.0,15.69,,16.0,,,1223,19568.0,7,F1,1,,,,,,2025-04-23
2025-04-23,2025-04-23,CM,BSE,STK,532134,INE028A01039,BANKBARODA,A,,,,,BANK OF BARODA,253.6,253.6,247.65,251.45,251.45,252.25,,251.47,,,743338,185479104.0,7519,F1,1,,,,,,2025-04-23
2025-04-23,2025-04-23,CM,BSE,STK,532141,INE666E01020,ACL,B,,,,,ANDHRA CEMENTS LTD.,58.66,59.6,57.55,58.27,57.96,58.83,,58.59,,,9950,581532.0,261,F1,1,,,,,,2025-04-23
2025-04-23,2025-04-23,CM,BSE,STK,532143,INE411D01015,SKMEGGPROD,B,,,,,SKM EGG PRODUCTS EXPORT (INDIA,201.65,203.45,197.0,201.25,202.05,199.75,,201.62,,,7693,1536718.0,414,F1,1,,,,,,2025-04-23
2025-04-23,2025-04-23,CM,BSE,STK,532144,INE191B01025,WELCORP,A,,,,,WELSPUN CORP LIMITED,781.0,790.0,760.65,769.05,772.95,779.6,,768.9,,,28327,21843653.0,1509,F1,1,,,,,,2025-04-23
2025-04-23,2025-04-23,CM,BSE,STK,532145,INE731B01010,HOTLSILV,X,,,,,H.S.INDIA LTD.,13.25,13.25,13.1,13.24,13.24,13.14,,13.24,,,2067,27283.0,10,F1,1,,,,,,2025-04-23
2025-04-23,2025-04-23,CM,BSE,STK,532149,INE084A01016,BANKINDIA,A,,,,,BANK OF INDIA,119.0,119.7,114.8,117.7,117.7,118.85,,117.78,,,561684,65662651.0,4198,F1,1,,,,,,2025-04-23
2025-04-23,2025-04-23,CM,BSE,STK,532150,INE681B01017,INDRAMEDCO,B,,,,,INDRAPRASTHA MEDICAL CORP.LTD.,427.55,434.85,420.5,424.45,423.75,430.5,,424.9,,,12931,5514477.0,621,F1,1,,,,,,2025-04-23
2025-04-23,2025-04-23,CM,BSE,STK,532154,INE560F01022,JOHNPHARMA,X,,,,,JOHNSON PHARMACARE LIMITED,0.97,0.99,0.97,0.98,0.98,0.98,,0.98,,,818465,800807.0,1117,F1,1,,,,,,2025-04-23
2025-04-23,2025-04-23,CM,BSE,STK,532155,INE129A01019,GAIL,A,,,,,GAIL (INDIA) LTD.,194.6,194.9,189.85,193.5,193.5,193.15,,193.5,,,213586,41121975.0,3054,F1,1,,,,,,2025-04-23
2025-04-23,2025-04-23,CM,BSE,STK,532156,INE884A01027,VAIBHAVGBL,A,,,,,VAIBHAV GLOBAL LTD,228.9,232.8,225.0,230.4,230.0,228.85,,230.35,,,35286,8094303.0,881,F1,1,,,,,,2025-04-23
2025-04-23,2025-04-23,CM,BSE,STK,532159,INE088D01011,TRESCON,X,,,,,TRESCON LIMITED,11.55,11.55,11.0,11.25,11.29,11.15,,11.25,,,10725,120682.0,36,F1,1,,,,,,2025-04-23
2025-04-23,2025-04-23,CM,BSE,STK,532160,INE944A01011,GUJSTATFIN,B,,,,,GUJARAT STATE FINANCIAL CORPOR,17.2,17.87,16.89,17.27,17.27,16.78,,17.27,,,24700,424216.0,179,F1,1,,,,,,2025-04-23
2025-04-23,2025-04-23,CM,BSE,STK,532162,INE789E01012,JKPAPER,A,,,,,JK PAPER LTD.,344.55,348.35,339.35,341.1,341.0,344.25,,341.15,,,46072,15853150.0,1387,F1,1,,,,,,2025-04-23
2025-04-23,2025-04-23,CM,BSE,STK,532163,INE979A01025,SAREGAMA,A,,,,,SAREGAMA INDIA LTD.,572.2,572.2,560.0,565.65,566.0,562.05,,565.55,,,7533,4242687.0,417,F1,1,,,,,,2025-04-23
2025-04-23,2025-04-23,CM,BSE,STK,532172,INE737B01033,ADROITINFO,B,,,,,Adroit Infotech Limited,13.28,13.28,12.79,13.07,13.07,13.03,,13.02,,,9559,124196.0,248,F1,1,,,,,,2025-04-23
2025-04-23,2025-04-23,CM,BSE,STK,532173,INE214A01019,CYBERTECH,T,,,,,CYBERTECH SYSTEMS AND SOFTWARE,148.8,152.5,147.1,150.0,151.2,148.8,,149.58,,,2279,341901.0,51,F1,1,,,,,,2025-04-23
2025-04-23,2025-04-23,CM,BSE,STK,532174,INE090A01021,ICICIBANK,A,,,,,ICICI BANK LTD.,1429.9,1429.9,1411.65,1424.0,1424.0,1416.0,,1424.4,,,275815,391564460.0,6111,F1,1,,,,,,2025-04-23
2025-04-23,2025-04-23,CM,BSE,STK,532175,INE136B01020,CYIENT,A,,,,,CYIENT LIMITED,1242.05,1259.0,1216.0,1243.85,1245.95,1205.65,,1247.0,,,97854,121277699.0,5816,F1,1,,,,,,2025-04-23
2025-04-23,2025-04-23,CM,BSE,STK,532178,INE510A01028,ENGINERSIN,A,,,,,ENGINEERS INDIA LTD.,184.95,187.4,181.0,185.15,184.65,184.05,,185.25,,,260450,47999916.0,2372,F1,1,,,,,,2025-04-23
2025-04-23,2025-04-23,CM,BSE,STK,532180,INE680A01011,DHANBANK,B,,,,,DHANLAXMI BANK LIMITED,29.95,30.15,29.2,29.98,29.82,29.77,,29.89,,,79914,2366809.0,512,F1,1,,,,,,2025-04-23
2025-04-23,2025-04-23,CM,BSE,STK,532181,INE131A01031,GMDCLTD,A,,,,,GUJARAT MINERAL DEVELOPMENT CO,331.95,333.05,319.5,323.7,324.8,331.25,,323.9,,,90612,29348382.0,2125,F1,1,,,,,,2025-04-23
2025-04-23,2025-04-23,CM,BSE,STK,532183,INE622E01023,GAYATRI,X,,,,,GAYATRI SUGARS LTD.,9.84,9.84,9.38,9.53,9.53,9.6,,9.53,,,60343,573167.0,245,F1,1,,,,,,2025-04-23
2025-04-23,2025-04-23,CM,BSE,STK,532187,INE095A01012,INDUSINDBK,A,,,,,INDUSIND BANK LTD.,795.15,805.0,782.0,793.9,793.9,787.65,,794.2,,,577546,458736883.0,16424,F1,1,,,,,,2025-04-23
2025-04-23,2025-04-23,CM,BSE,STK,532189,INE353K01014,ITDC,B,,,,,INDIA TOURISM DEVELOPMENT CORP,607.0,607.85,586.55,597.7,597.7,598.1,,597.5,,,5261,3134048.0,519,F1,1,,,,,,2025-04-23
2025-04-23,2025-04-23,CM,BSE,STK,532209,INE168A01041,J&KBANK,A,,,,,JAMMU & KASHMIR BANK LTD.,109.79,109.79,102.5,103.17,103.17,113.23,,103.18,,,1492224,156469090.0,8486,F1,1,,,,,,2025-04-23
2025-04-23,2025-04-23,CM,BSE,STK,532210,INE491A01021,CUB,A,,,,,CITY UNION BANK LTD.,183.55,184.55,176.35,176.9,176.9,183.55,,176.89,,,109719,19685024.0,2668,F1,1,,,,,,2025-04-23
2025-04-23,2025-04-23,CM,BSE,STK,532212,INE731A01020,ARCHIES,B,,,,,ARCHIES LTD.,19.81,20.61,19.65,19.85,20.13,20.04,,19.85,,,17548,350925.0,137,F1,1,,,,,,2025-04-23
2025-04-23,2025-04-23,CM,BSE,STK,532215,INE238A01034,AXISBANK,A,,,,,AXIS BANK LTD.,1224.0,1229.7,1195.6,1206.5,1206.5,1217.1,,1206.9,,,181082,218375655.0,7979,F1,1,,,,,,2025-04-23
2025-04-23,2025-04-23,CM,BSE,STK,532216,INE550B01022,HBSL,B,,,,,HB STOCKHOLDINGS LTD.,88.99,88.99,81.78,83.8,83.83,82.69,,84.3,,,1982,166602.0,55,F1,1,,,,,,2025-04-23
2025-04-23,2025-04-23,CM,BSE,STK,532217,INE027F01014,SIELFNS,XT,,,,,SIEL FINANCIAL SERVICES LTD.,13.08,13.11,13.08,13.11,13.11,12.49,,13.11,,,15316,200723.0,30,F1,1,,,,,,2025-04-23
2025-04-23,2025-04-23,CM,BSE,STK,532218,INE683A01023,SOUTHBANK,A,,,,,SOUTH INDIAN BANK LTD.,26.71,26.71,25.94,26.05,26.1,26.4,,26.05,,,608218,15907437.0,3047,F1,1,,,,,,2025-04-23
2025-04-23,2025-04-23,CM,BSE,STK,532219,INE306C01019,ENERGYDEV,B,,,,,ENERGY DEVELOPMENT COMPANY LTD,20.01,21.2,19.36,20.22,20.25,20.65,,20.23,,,34542,694247.0,228,F1,1,,,,,,2025-04-23
2025-04-23,2025-04-23,CM,BSE,STK,532221,INE269A01021,SONATSOFTW,A,,,,,SONATA SOFTWARE LTD.,323.75,330.65,321.8,327.8,327.25,321.15,,327.9,,,58124,19009505.0,1109,F1,1,,,,,,2025-04-23
2025-04-23,2025-04-23,CM,BSE,STK,532230,INE665D01016,BENGALT,X,,,,,BENGAL TEA & FABRICS LTD.,147.6,147.6,142.0,144.25,143.3,147.95,,144.25,,,842,121724.0,51,F1,1,,,,,,2025-04-23
2025-04-23,2025-04-23,CM,BSE,STK,532234,INE139A01034,NATIONALUM,A,,,,,NATIONAL ALUMINIUM CO.LTD.,161.2,162.65,157.4,162.1,162.1,158.7,,162.07,,,394414,63434368.0,3765,F1,1,,,,,,2025-04-23
2025-04-23,2025-04-23,CM,BSE,STK,532240,INE092B01025,INDNIPPON,B,,,,,INDIA NIPPON ELECTRICALS LTD.,620.0,640.0,618.3,637.3,635.0,625.45,,636.8,,,3219,2040990.0,312,F1,1,,,,,,2025-04-23
2025-04-23,2025-04-23,CM,BSE,STK,532256,INE023A01030,NSIL,B,,,,,NALWA SONS INVESTMENTS LTD.,7639.75,7639.75,7404.8,7458.4,7413.2,7583.2,,7456.0,,,627,4688352.0,233,F1,1,,,,,,2025-04-23
2025-04-23,2025-04-23,CM,BSE,STK,532259,INE372A01015,APARINDS,A,,,,,APAR INDUSTRIES LTD.,5313.8,5400.0,5192.1,5345.05,5345.05,5276.85,,5342.0,,,14277,75818001.0,2679,F1,1,,,,,,2025-04-23
2025-04-23,2025-04-23,CM,BSE,STK,532262,INE920B01019,TCIIND,X,,,,,TCI INDUSTRIES LTD.,1410.0,1410.0,1302.0,1302.0,1302.0,1368.0,,1302.0,,,46,60108.0,3,F1,1,,,,,,2025-04-23
2025-04-23,2025-04-23,CM,BSE,STK,532268,INE793A01012,ACCELYA,B,,,,,ACCELYA SOLUTIONS INDIA LIMITE,1356.0,1374.0,1345.05,1367.8,1370.8,1346.7,,1368.3,,,2120,2885779.0,308,F1,1,,,,,,2025-04-23
2025-04-23,2025-04-23,CM,BSE,STK,532271,INE215B01022,ORCHASP,T,,,,,ORCHASP LIMITED,3.2,3.3,3.19,3.29,3.25,3.35,,3.29,,,83989,272750.0,154,F1,1,,,,,,2025-04-23
2025-04-23,2025-04-23,CM,BSE,STK,532275,INE394C01023,LANDMARC,X,,,,,LANDMARC LEISURE CORPORATION L,1.7,1.7,1.7,1.7,1.7,1.62,,1.7,,,74460,126582.0,41,F1,1,,,,,,2025-04-23
2025-04-23,2025-04-23,CM,BSE,STK,532281,INE860A01027,HCLTECH,A,,,,,HCL TECHNOLOGIES LTD.,1550.1,1599.6,1547.4,1594.3,1594.3,1480.1,,1594.0,,,592468,938258147.0,24109,F1,1,,,,,,2025-04-23
2025-04-23,2025-04-23,CM,BSE,STK,532284,INE389D01013,TCFCFINQ,X,,,,,TCFC FINANCE LTD.,50.89,51.9,49.82,51.36,50.1,50.81,,51.36,,,1770,90129.0,39,F1,1,,,,,,2025-04-23
2025-04-23,2025-04-23,CM,BSE,STK,532285,INE007B01023,GEOJITFSL,B,,,,,Geojit Financial Services Limi,79.0,83.23,77.48,80.99,81.0,77.71,,80.89,,,178203,14476288.0,3355,F1,1,,,,,,2025-04-23
2025-04-23,2025-04-23,CM,BSE,STK,532286,INE749A01030,JINDALSTEL,A,,,,,JINDAL STEEL & POWER LTD.,921.95,922.0,893.0,917.4,914.7,914.3,,919.0,,,36813,33591002.0,2092,F1,1,,,,,,2025-04-23
2025-04-23,2025-04-23,CM,BSE,STK,532290,INE791A01024,BLBLIMITED,B,,,,,BLB LTD.,16.31,16.31,15.56,15.58,15.58,15.93,,15.74,,,429,6852.0,19,F1,1,,,,,,2025-04-23
2025-04-23,2025-04-23,CM,BSE,STK,532296,INE935A01035,GLENMARK,A,,,,,GLENMARK PHARMACEUTICALS LTD.,1403.45,1414.9,1382.0,1411.25,1412.3,1390.1,,1412.5,,,14704,20668268.0,1596,F1,1,,,,,,2025-04-23
2025-04-23,2025-04-23,CM,BSE,STK,532300,INE049B01025,WOCKPHARMA,A,,,,,WOCKHARDT LTD.,1424.85,1440.0,1384.55,1413.7,1415.0,1412.45,,1414.5,,,25399,35826189.0,1296,F1,1,,,,,,2025-04-23
2025-04-23,2025-04-23,CM,BSE,STK,532303,INE934A01012,INTEGHIT,X,,,,,INTEGRATED HITECH LTD.,6.28,6.28,6.28,6.28,6.28,6.6,,6.28,,,70,439.0,2,F1,1,,,,,,2025-04-23
2025-04-23,2025-04-23,CM,BSE,STK,532304,INE602C01011,KJMCCORP,X,,,,,KJMC CORPORATE ADVISORS (INDIA,79.21,79.21,76.62,76.64,76.62,79.2,,76.64,,,146,11434.0,6,F1,1,,,,,,2025-04-23
2025-04-23,2025-04-23,CM,BSE,STK,532305,INE915B01019,INDSWFTLAB,B,,,,,IND-SWIFT LABORATORIES LTD.,85.61,87.85,83.92,84.9,85.21,84.94,,84.7,,,9902,845007.0,357,F1,1,,,,,,2025-04-23
2025-04-23,2025-04-23,CM,BSE,STK,532309,INE878A01011,GEPIL,B,,,,,GE Power India Ltd,263.85,265.05,255.15,257.85,257.85,259.55,,257.34,,,23113,5983969.0,897,F1,1,,,,,,2025-04-23
2025-04-23,2025-04-23,CM,BSE,STK,532310,INE879A01019,SHREERAMA,B,,,,,SHREE RAMA MULTI-TECH LTD.,39.0,40.1,37.71,38.61,38.5,38.38,,38.72,,,44356,1722358.0,236,F1,1,,,,,,2025-04-23
2025-04-23,2025-04-23,CM,BSE,STK,532313,INE813A01018,MAHLIFE,A,,,,,MAHINDRA LIFESPACE DEVELOPERS,334.2,336.25,326.55,331.7,331.7,328.65,,332.2,,,17714,5860505.0,847,F1,1,,,,,,2025-04-23
2025-04-23,2025-04-23,CM,BSE,STK,532315,INE042B01012,GROARC,XT,,,,,GROARC INDUSTRIES INDIA LIMITE,6.72,6.99,6.46,6.93,6.93,6.79,,6.93,,,3494,22690.0,24,F1,1,,,,,,2025-04-23
2025-04-23,2025-04-23,CM,BSE,STK,532320,INE418B01048,VAARAD,X,,,,,VAARAD VENTURES LTD,15.99,15.99,13.32,14.0,14.0,13.5,,14.0,,,1987,29233.0,29,F1,1,,,,,,2025-04-23
2025-04-23,2025-04-23,CM,BSE,STK,532321,INE010B01027,ZYDUSLIFE,A,,,,,Zydus Lifesciences Limited,859.1,872.55,853.1,868.2,867.95,852.5,,868.0,,,43016,37151516.0,2030,F1,1,,,,,,2025-04-23
2025-04-23,2025-04-23,CM,BSE,STK,532323,INE555C01029,SHIVACEM,B,,,,,SHIVA CEMENT LTD.,35.17,35.75,33.74,34.15,34.15,35.17,,34.15,,,263240,9061887.0,876,F1,1,,,,,,2025-04-23
2025-04-23,2025-04-23,CM,BSE,STK,532324,INE039B01026,CINEVISTA,B,,,,,CINEVISTA LTD.,16.15,16.15,15.8,15.83,15.83,16.15,,15.86,,,1465,23600.0,15,F1,1,,,,,,2025-04-23
2025-04-23,2025-04-23,CM,BSE,STK,532326,INE781A01025,INTENTECH,B,,,,,INTENSE TECHNOLOGIES LTD.,95.1,97.0,93.66,94.87,95.2,94.27,,94.99,,,676,64067.0,28,F1,1,,,,,,2025-04-23
2025-04-23,2025-04-23,CM,BSE,STK,532329,INE310B01013,DANLAW,X,,,,,DANLAW TECHNOLOGIES INDIA LTD.,1184.0,1200.0,1080.8,1105.6,1105.6,1136.65,,1105.6,,,6238,7054744.0,619,F1,1,,,,,,2025-04-23
2025-04-23,2025-04-23,CM,BSE,STK,532331,INE031B01049,AJANTPHARM,A,,,,,AJANTA PHARMA LTD.,2737.95,2737.95,2659.0,2683.05,2673.1,2683.95,,2688.8,,,2248,6032635.0,416,F1,1,,,,,,2025-04-23
2025-04-23,2025-04-23,CM,BSE,STK,532332,INE117B01020,CURAA,T,,,,,CURA TECHNOLOGIES LTD.,64.72,64.72,64.72,64.72,64.72,61.64,,64.72,,,2,129.0,1,F1,1,,,,,,2025-04-23
2025-04-23,2025-04-23,CM,BSE,STK,532333,INE638B01025,HBPOR,X,,,,,HB PORTFOLIO LTD.,93.98,93.99,88.0,93.49,93.5,90.13,,93.49,,,1696,155605.0,45,F1,1,,,,,,2025-04-23
2025-04-23,2025-04-23,CM,BSE,STK,532334,INE640B01021,HBESD,X,,,,,HB ESTATE DEVELOPERS LTD.,98.0,98.9,95.05,96.72,96.01,101.31,,96.72,,,2388,231219.0,41,F1,1,,,,,,2025-04-23
2025-04-23,2025-04-23,CM,BSE,STK,532335,INE792B01012,AMBICAAGAR,B,,,,,AMBICA AGARBATHIES & AROMA IND,32.94,32.94,29.46,30.0,29.8,30.0,,29.89,,,7258,218744.0,163,F1,1,,,,,,2025-04-23
2025-04-23,2025-04-23,CM,BSE,STK,532339,INE453B01029,COMPUSOFT,B,,,,,COMPUCOM SOFTWARE LTD.,19.75,20.5,19.75,20.21,19.91,20.14,,20.09,,,17145,344405.0,205,F1,1,,,,,,2025-04-23
2025-04-23,2025-04-23,CM,BSE,STK,532340,INE369B01019,OMNIAX,X,,,,,OMNI AXS SOFTWARE LTD.,3.8,3.8,3.35,3.5,3.5,3.38,,3.5,,,1462,5333.0,16,F1,1,,,,,,2025-04-23
2025-04-23,2025-04-23,CM,BSE,STK,532341,INE848A01014,IZMO,T,,,,,IZMO Limited,322.4,326.65,309.0,326.65,326.65,311.1,,326.95,,,11451,3715593.0,152,F1,1,,,,,,2025-04-23
2025-04-23,2025-04-23,CM,BSE,STK,532343,INE494B01023,TVSMOTOR,A,,,,,TVS MOTOR COMPANY LTD.,2738.0,2815.0,2723.05,2803.75,2807.4,2726.25,,2806.7,,,8484,23472562.0,1723,F1,1,,,,,,2025-04-23
2025-04-23,2025-04-23,CM,BSE,STK,532344,INE002B01016,SOFTSOL,X,,,,,SOFTSOL INDIA LTD.,236.85,236.85,235.0,236.35,236.35,236.85,,236.35,,,171,40281.0,6,F1,1,,,,,,2025-04-23
2025-04-23,2025-04-23,CM,BSE,STK,532345,INE152B01027,ACLGATI,B,,,,,ALLCARGO GATI LIMITED,65.75,66.37,63.58,64.38,64.38,65.87,,64.45,,,82528,5317036.0,1061,F1,1,,,,,,2025-04-23
2025-04-23,2025-04-23,CM,BSE,STK,532348,INE754A01055,SUBEXLTD,A,,,,,SUBEX LTD.,12.85,13.05,12.57,12.87,12.87,12.83,,12.92,,,586238,7541318.0,1383,F1,1,,,,,,2025-04-23
2025-04-23,2025-04-23,CM,BSE,STK,532349,INE688A01022,TCI,B,,,,,TRANSPORT CORPORATION OF INDIA,1109.15,1117.35,1087.0,1092.7,1097.1,1098.35,,1090.5,,,887,971042.0,139,F1,1,,,,,,2025-04-23
2025-04-23,2025-04-23,CM,BSE,STK,532350,INE243B01016,PADMALAYAT,Z,,,,,PADMALAYA TELEFILMS LTD.,4.28,4.4,4.2,4.4,4.4,4.2,,4.4,,,397,1674.0,16,F1,1,,,,,,2025-04-23
2025-04-23,2025-04-23,CM,BSE,STK,532351,INE523B01011,AKSHOPTFBR,T,,,,,AKSH OPTIFIBRE LTD.,11.95,12.06,11.61,11.67,11.77,12.14,,11.69,,,119309,1410987.0,261,F1,1,,,,,,2025-04-23
2025-04-23,2025-04-23,CM,BSE,STK,532354,INE400B01020,VIRGOGLOB,X,,,,,Virgo Global Limited,4.9,5.4,4.9,5.37,5.37,5.06,,5.37,,,1520,7784.0,19,F1,1,,,,,,2025-04-23
2025-04-23,2025-04-23,CM,BSE,STK,532355,INE448B01029,PICTUREHS,X,,,,,PICTUREHOUSE MEDIA LTD.,7.38,7.71,7.38,7.71,7.71,7.41,,7.71,,,421,3233.0,5,F1,1,,,,,,2025-04-23
2025-04-23,2025-04-23,CM,BSE,STK,532356,INE256C01024,TRIVENI,A,,,,,TRIVENI ENGINEERING & INDUSTRI,408.05,416.1,403.25,413.6,413.6,406.4,,414.15,,,24016,9853192.0,1117,F1,1,,,,,,2025-04-23
2025-04-23,2025-04-23,CM,BSE,STK,532357,INE374B01019,MUKTAARTS,B,,,,,MUKTA ARTS LTD.,76.87,76.87,74.87,74.87,74.87,72.78,,73.25,,,246,18551.0,9,F1,1,,,,,,2025-04-23
2025-04-23,2025-04-23,CM,BSE,STK,532362,INE099E01016,NAGPI,X,,,,,NAGPUR POWER & INDUSTRIES LTD.,129.9,129.9,125.0,126.7,126.7,127.0,,126.7,,,1679,212639.0,40,F1,1,,,,,,2025-04-23
2025-04-23,2025-04-23,CM,BSE,STK,532365,INE417B01040,DSSL,B,,,,,DYNACONS SYSTEMS & SOLUTIONS L,1168.0,1212.0,1142.65,1164.05,1172.0,1150.95,,1164.6,,,6821,8011684.0,1094,F1,1,,,,,,2025-04-23
2025-04-23,2025-04-23,CM,BSE,STK,532366,INE859A01011,PNBGILTS,B,,,,,PNB GILTS LTD.,101.99,102.98,98.6,99.18,99.42,99.99,,99.14,,,41183,4125598.0,521,F1,1,,,,,,2025-04-23
2025-04-23,2025-04-23,CM,BSE,STK,532369,INE614A01028,RAMCOIND,B,,,,,RAMCO INDUSTRIES LTD.,243.05,245.4,237.1,243.4,242.85,242.6,,243.35,,,1922,466562.0,135,F1,1,,,,,,2025-04-23
2025-04-23,2025-04-23,CM,BSE,STK,532370,INE246B01019,RAMCOSYS,B,,,,,RAMCO SYSTEMS LTD.,410.0,419.85,405.55,407.3,410.0,406.3,,407.75,,,2785,1152236.0,322,F1,1,,,,,,2025-04-23
2025-04-23,2025-04-23,CM,BSE,STK,532371,INE517B01013,TTML,A,,,,,TATA TELESERVICES (MAHARASHTRA,61.67,62.16,59.95,61.19,61.19,61.3,,61.18,,,443501,27062725.0,2275,F1,1,,,,,,2025-04-23
2025-04-23,2025-04-23,CM,BSE,STK,532372,INE539B01017,VIRINCHI,B,,,,,Virinchi Limited,23.18,23.74,22.86,23.44,23.4,22.78,,23.41,,,17716,413797.0,163,F1,1,,,,,,2025-04-23
2025-04-23,2025-04-23,CM,BSE,STK,532373,INE434B01029,WEPSOLN,X,,,,,WEP SOLUTIONS LTD.,31.9,31.9,31.11,31.58,31.87,31.52,,31.58,,,4557,144030.0,33,F1,1,,,,,,2025-04-23
2025-04-23,2025-04-23,CM,BSE,STK,532374,INE089C01029,STLTECH,A,,,,,STERLITE TECHNOLOGIES LTD.,88.24,88.24,84.23,87.02,87.02,86.26,,86.97,,,133935,11553951.0,1436,F1,1,,,,,,2025-04-23
2025-04-23,2025-04-23,CM,BSE,STK,532375,INE716B01029,TIPSMUSIC,A,,,,,TIPS MUSIC LIMITED,695.0,702.5,643.65,661.7,660.0,688.25,,660.55,,,55690,37436405.0,3485,F1,1,,,,,,2025-04-23
2025-04-23,2025-04-23,CM,BSE,STK,532376,INE398B01018,UMIYA-MRO,B,,,,,UMIYA BUILDCON LIMITED,69.0,69.0,63.0,64.23,64.52,65.1,,64.38,,,3890,247192.0,192,F1,1,,,,,,2025-04-23
2025-04-23,2025-04-23,CM,BSE,STK,532378,INE464B01018,UNIVARTS,X,,,,,UNIVERSAL ARTS LTD.,5.55,5.55,5.5,5.5,5.5,5.7,,5.5,,,385,2133.0,7,F1,1,,,,,,2025-04-23
2025-04-23,2025-04-23,CM,BSE,STK,532379,INE683B01047,FIRSTFIN,X,,,,,FIRST FINTEC LIMITED,7.98,8.35,7.98,8.35,8.35,7.98,,8.35,,,812,6519.0,9,F1,1,,,,,,2025-04-23
2025-04-23,2025-04-23,CM,BSE,STK,532380,INE893A01036,BABA,X,,,,,BABA ARTS LTD.,9.5,9.6,9.02,9.27,9.27,9.14,,9.27,,,8535,79567.0,85,F1,1,,,,,,2025-04-23
2025-04-23,2025-04-23,CM,BSE,STK,532382,INE794B01026,BALAJITELE,B,,,,,BALAJI TELEFILMS LTD.,88.79,89.0,81.83,82.58,82.58,88.07,,82.57,,,73118,6210056.0,1366,F1,1,,,,,,2025-04-23
2025-04-23,2025-04-23,CM,BSE,STK,532384,INE443B01012,TYCHE,X,,,,,TYCHE INDUSTRIES LTD.,152.0,158.5,149.6,154.05,154.05,151.95,,154.05,,,10056,1554726.0,131,F1,1,,,,,,2025-04-23
2025-04-23,2025-04-23,CM,BSE,STK,532386,INE526B01014,CALSOFT,T,,,,,CALIFORNIA SOFTWARE CO.LTD.,11.52,11.99,11.52,11.59,11.59,11.68,,11.6,,,1218,14087.0,9,F1,1,,,,,,2025-04-23
2025-04-23,2025-04-23,CM,BSE,STK,532387,INE392B01011,PNC,T,,,,,PRITISH NANDY COMMUNICATIONS L,24.65,24.67,24.65,24.67,24.67,25.1,,24.89,,,1572,38777.0,2,F1,1,,,,,,2025-04-23
2025-04-23,2025-04-23,CM,BSE,STK,532388,INE565A01014,IOB,A,,,,,INDIAN OVERSEAS BANK,39.41,39.45,38.1,38.74,38.74,39.05,,38.77,,,1384827,53609358.0,4426,F1,1,,,,,,2025-04-23
2025-04-23,2025-04-23,CM,BSE,STK,532390,INE586B01026,TAJGVK,B,,,,,TAJGVK HOTELS & RESORTS LTD.,461.2,466.75,444.05,451.95,451.9,461.2,,451.7,,,8876,4028594.0,380,F1,1,,,,,,2025-04-23
2025-04-23,2025-04-23,CM,BSE,STK,532392,INE230B01021,CREATIVEYE,B,,,,,CREATIVE EYE LTD.,6.88,6.88,6.44,6.88,6.88,6.7,,6.74,,,612,4189.0,62,F1,1,,,,,,2025-04-23
2025-04-23,2025-04-23,CM,BSE,STK,532395,INE555B01013,AXISCADES,T,,,,,AXISCADES TECHNOLOGIES LIMITED,845.5,869.0,815.0,823.7,828.6,851.7,,823.2,,,6146,5120186.0,277,F1,1,,,,,,2025-04-23
2025-04-23,2025-04-23,CM,BSE,STK,532397,INE971A01014,KONNDOR,X,,,,,KONNDOR INDUSTRIES LIMITED,14.79,14.79,13.4,13.97,13.97,14.1,,13.97,,,265,3736.0,7,F1,1,,,,,,2025-04-23
2025-04-23,2025-04-23,CM,BSE,STK,532398,INE240C01028,UMESLTD,T,,,,,USHA MARTIN EDUCATION & SOLUTI,6.51,6.51,6.36,6.36,6.36,6.51,,6.35,,,1352,8745.0,12,F1,1,,,,,,2025-04-23
2025-04-23,2025-04-23,CM,BSE,STK,532400,INE836A01035,BSOFT,A,,,,,BIRLASOFT LIMITED,388.0,401.0,388.0,399.6,399.6,382.8,,399.65,,,259033,102749709.0,5546,F1,1,,,,,,2025-04-23
2025-04-23,2025-04-23,CM,BSE,STK,532402,INE718B01017,USGTECH,XT,,,,,USG TECH SOLUTIONS LTD.,12.7,13.2,12.16,13.11,13.0,12.8,,13.11,,,9465,118212.0,47,F1,1,,,,,,2025-04-23
2025-04-23,2025-04-23,CM,BSE,STK,532404,INE856B01023,7TEC,X,,,,,SAVEN TECHNOLOGIES LTD.,47.7,47.75,45.33,46.07,45.33,46.7,,46.07,,,3717,174076.0,125,F1,1,,,,,,2025-04-23
2025-04-23,2025-04-23,CM,BSE,STK,532406,INE005B01027,AVANTEL,A,,,,,AVANTEL LTD.,135.15,136.5,130.45,133.4,133.4,133.85,,132.86,,,216367,28736935.0,3074,F1,1,,,,,,2025-04-23
2025-04-23,2025-04-23,CM,BSE,STK,532407,INE935B01025,MOSCHIP,B,,,,,MOSCHIP TECHNOLOGIES LIMITED,178.2,188.7,178.2,180.4,180.4,176.5,,180.32,,,450153,82404142.0,9486,F1,1,,,,,,2025-04-23
2025-04-23,2025-04-23,CM,BSE,STK,532408,INE933B01012,MEGASOFT,T,,,,,MEGASOFT LTD.,71.08,71.08,71.08,71.08,71.08,67.7,,70.56,,,74800,5316784.0,78,F1,1,,,,,,2025-04-23
2025-04-23,2025-04-23,CM,BSE,STK,532410,INE330E01023,TRANSCOR,X,,,,,TRANSCORP INTERNATIONAL LTD.,29.6,29.6,25.99,26.7,26.7,26.67,,26.7,,,13375,357598.0,86,F1,1,,,,,,2025-04-23
2025-04-23,2025-04-23,CM,BSE,STK,532413,INE345B01019,CEREBRAINT,Z,,,,,CEREBRA INTEGRATED TECHNOLOGIE,5.14,5.19,5.0,5.02,5.0,5.08,,5.02,,,9633,48553.0,33,F1,1,,,,,,2025-04-23
2025-04-23,2025-04-23,CM,BSE,STK,532416,INE747B01016,NEXTMEDIA,T,,,,,NEXT MEDIAWORKS LTD.,7.51,7.51,7.49,7.49,7.49,7.16,,7.24,,,10,74.0,2,F1,1,,,,,,2025-04-23
2025-04-23,2025-04-23,CM,BSE,STK,532419,INE178C01020,SMARTLINK,B,,,,,Smartlink Holdings Limited,158.6,167.5,156.05,158.75,156.05,155.95,,159.01,,,1371,222320.0,119,F1,1,,,,,,2025-04-23
2025-04-23,2025-04-23,CM,BSE,STK,532424,INE102D01028,GODREJCP,A,,,,,GODREJ CONSUMER PRODUCTS LTD.,1231.95,1270.0,1231.95,1268.4,1268.4,1231.95,,1268.5,,,40280,50554505.0,3217,F1,1,,,,,,2025-04-23
2025-04-23,2025-04-23,CM,BSE,STK,532425,INE256D01014,GENUSPRIME,X,,,,,GENUS PRIME INFRA LIMITED,29.2,29.2,27.3,27.95,29.1,28.9,,27.95,,,1216,34019.0,19,F1,1,,,,,,2025-04-23
2025-04-23,2025-04-23,CM,BSE,STK,532430,INE243D01012,BFUTILITIE,A,,,,,BF UTILITIES LTD.,790.65,795.4,766.45,779.2,780.0,785.2,,779.4,,,5708,4449028.0,562,F1,1,,,,,,2025-04-23
2025-04-23,2025-04-23,CM,BSE,STK,532432,INE854D01024,UNITDSPR,A,,,,,UNITED SPIRITS LTD.,1564.65,1585.0,1546.0,1579.3,1579.3,1557.3,,1580.4,,,12190,19064843.0,1833,F1,1,,,,,,2025-04-23
2025-04-23,2025-04-23,CM,BSE,STK,532435,INE799C01031,SANINFRA,X,,,,,SANMIT INFRA LIMITED,9.34,9.69,9.26,9.67,9.68,9.34,,9.67,,,62497,597907.0,384,F1,1,,,,,,2025-04-23
2025-04-23,2025-04-23,CM,BSE,STK,532439,INE260D01016,OLECTRA,A,,,,,OLECTRA GREENTECH LIMITED,1258.8,1275.0,1222.05,1248.7,1248.7,1245.65,,1248.5,,,65785,82035845.0,3535,F1,1,,,,,,2025-04-23
2025-04-23,2025-04-23,CM,BSE,STK,532440,INE943D01017,MPSLTD,B,,,,,MPS LTD.,2497.2,2569.55,2430.05,2499.8,2499.8,2414.8,,2500.9,,,3201,7987505.0,772,F1,1,,,,,,2025-04-23
2025-04-23,2025-04-23,CM,BSE,STK,532443,INE739E01017,CERA,A,,,,,CERA SANITARYWARE LTD.,5820.0,5843.85,5677.0,5706.4,5680.15,5802.25,,5693.5,,,681,3898627.0,273,F1,1,,,,,,2025-04-23
2025-04-23,2025-04-23,CM,BSE,STK,532444,INE541C01037,TSPIRITUAL,X,,,,,T.SPIRITUAL WORLD LTD.,1.9,1.9,1.75,1.9,1.9,1.81,,1.9,,,3701,6997.0,44,F1,1,,,,,,2025-04-23
2025-04-23,2025-04-23,CM,BSE,STK,532454,INE397D01024,BHARTIARTL,A,,,,,BHARTI AIRTEL LTD.,1855.05,1885.45,1836.0,1881.7,1881.7,1852.0,,1881.6,,,182220,338132629.0,7120,F1,1,,,,,,2025-04-23
2025-04-23,2025-04-23,CM,BSE,STK,532455,INE655D01025,SHALIWIR,X,,,,,SHALIMAR WIRES INDUSTRIES LTD.,20.91,21.25,20.75,20.98,20.98,20.61,,20.98,,,1165,24361.0,20,F1,1,,,,,,2025-04-23
2025-04-23,2025-04-23,CM,BSE,STK,532456,INE070C01037,COMPINFO,Z,,,,,COMPUAGE INFOCOM LTD.,2.03,2.03,1.85,1.85,1.85,1.94,,1.85,,,82445,155611.0,66,F1,1,,,,,,2025-04-23
2025-04-23,2025-04-23,CM,BSE,STK,532457,INE255D01024,GULPOLY,B,,,,,GULSHAN POLYOLS LTD.,209.1,209.1,199.9,204.65,206.0,207.65,,204.71,,,16467,3345674.0,478,F1,1,,,,,,2025-04-23
2025-04-23,2025-04-23,CM,BSE,STK,532460,INE838E01017,PONNIERODE,B,,,,,PONNI SUGARS (ERODE) LTD.,350.0,350.0,334.0,338.2,338.0,340.3,,338.95,,,643,218494.0,140,F1,1,,,,,,2025-04-23
2025-04-23,2025-04-23,CM,BSE,STK,532461,INE160A01022,PNB,A,,,,,PUNJAB NATIONAL BANK,104.74,104.74,101.47,102.95,102.95,103.36,,103.01,,,1205542,123752750.0,5503,F1,1,,,,,,2025-04-23
2025-04-23,2025-04-23,CM,BSE,STK,532466,INE881D01027,OFSS,A,,,,,ORACLE FINANCIAL SERVICES SOFT,8248.25,8657.5,8248.25,8629.65,8629.65,8184.8,,8618.0,,,16690,141522735.0,3554,F1,1,,,,,,2025-04-23
2025-04-23,2025-04-23,CM,BSE,STK,532467,INE550F01049,HAZOOR,X,,,,,HAZOOR MULTI PROJECTS LTD.,42.95,43.45,40.05,43.05,43.05,42.56,,43.05,,,738232,31399424.0,1343,F1,1,,,,,,2025-04-23
2025-04-23,2025-04-23,CM,BSE,STK,532468,INE411F01010,KAMAHOLD,A,,,,,KAMA HOLDINGS LIMITED,2675.1,2675.1,2631.2,2656.3,2660.0,2669.65,,2656.3,,,4216,11181596.0,230,F1,1,,,,,,2025-04-23
2025-04-23,2025-04-23,CM,BSE,STK,532475,INE266F01018,APTECHT,B,,,,,APTECH LTD.,132.0,157.2,130.7,157.2,157.2,131.0,,157.52,,,383926,58328236.0,4419,F1,1,,,,,,2025-04-23
2025-04-23,2025-04-23,CM,BSE,STK,532477,INE692A01016,UNIONBANK,A,,,,,UNION BANK OF INDIA,128.6,129.6,125.1,129.1,129.1,127.6,,129.3,,,476554,60913051.0,3208,F1,1,,,,,,2025-04-23
2025-04-23,2025-04-23,CM,BSE,STK,532478,INE686F01025,UBL,A,,,,,UNITED BREWERIES LTD.,2222.55,2273.4,2222.55,2239.2,2236.15,2231.8,,2238.9,,,5689,12797288.0,953,F1,1,,,,,,2025-04-23
2025-04-23,2025-04-23,CM,BSE,STK,532481,INE781B01015,NOIDATOLL,T,,,,,NOIDA TOLL BRIDGE COMPANY LTD.,3.34,3.34,3.28,3.28,3.28,3.34,,3.28,,,33366,109823.0,38,F1,1,,,,,,2025-04-23
2025-04-23,2025-04-23,CM,BSE,STK,532482,INE101D01020,GRANULES,A,,,,,GRANULES INDIA LTD.,481.05,488.25,471.7,484.45,484.45,480.5,,484.95,,,58183,28072265.0,4383,F1,1,,,,,,2025-04-23
2025-04-23,2025-04-23,CM,BSE,STK,532483,INE476A01022,CANBK,A,,,,,CANARA BANK,101.69,101.69,97.62,99.44,99.44,100.62,,99.45,,,1691969,167927064.0,9110,F1,1,,,,,,2025-04-23
2025-04-23,2025-04-23,CM,BSE,STK,532485,INE525F01025,BLIL,B,,,,,BALMER LAWRIE INVESTMENTS LTD.,73.05,73.59,71.6,73.43,73.43,73.19,,73.43,,,159691,11622568.0,1117,F1,1,,,,,,2025-04-23
2025-04-23,2025-04-23,CM,BSE,STK,532486,INE637C01025,POKARNA,B,,,,,POKARNA LTD.,1004.0,1004.0,943.7,959.9,959.0,980.7,,956.9,,,1855,1785927.0,203,F1,1,,,,,,2025-04-23
2025-04-23,2025-04-23,CM,BSE,STK,532488,INE361B01024,DIVISLAB,A,,,,,DIVIS LABORATORIES LTD.,5917.35,5972.0,5895.0,5917.85,5932.5,5915.8,,5923.5,,,46739,276527517.0,4319,F1,1,,,,,,2025-04-23
2025-04-23,2025-04-23,CM,BSE,STK,532493,INE386C01029,ASTRAMICRO,A,,,,,ASTRA MICROWAVE PRODUCTS LTD.,840.9,840.9,801.6,807.45,808.0,830.65,,807.25,,,18021,14678993.0,841,F1,1,,,,,,2025-04-23
2025-04-23,2025-04-23,CM,BSE,STK,532497,INE944F01028,RADICO,A,,,,,RADICO KHAITAN LTD.,2529.95,2529.95,2470.0,2489.3,2490.0,2511.75,,2490.9,,,4198,10451563.0,467,F1,1,,,,,,2025-04-23
2025-04-23,2025-04-23,CM,BSE,STK,532500,INE585B01010,MARUTI,A,,,,,MARUTI SUZUKI INDIA LTD.,11784.25,11960.0,11744.0,11910.75,11900.0,11733.55,,11907.0,,,3459,40938445.0,878,F1,1,,,,,,2025-04-23
2025-04-23,2025-04-23,CM,BSE,STK,532503,INE296E01026,RAJPALAYAM,X,,,,,RAJAPALAYAM MILLS LTD.,947.9,948.0,915.0,938.9,938.9,924.75,,938.9,,,5888,5509701.0,131,F1,1,,,,,,2025-04-23
2025-04-23,2025-04-23,CM,BSE,STK,532504,INE048G01026,NAVINFLUOR,A,,,,,NAVIN FLUORINE INTERNATIONAL L,4305.0,4324.5,4262.45,4306.35,4306.35,4281.05,,4310.8,,,3956,16982483.0,895,F1,1,,,,,,2025-04-23
2025-04-23,2025-04-23,CM,BSE,STK,532505,INE691A01018,UCOBANK,A,,,,,UCO BANK,31.75,31.78,30.64,31.18,31.19,31.5,,31.17,,,1084107,33728609.0,4562,F1,1,,,,,,2025-04-23
2025-04-23,2025-04-23,CM,BSE,STK,532507,INE116D01028,BAGFILMS,T,,,,,B.A.G.FILMS & MEDIA LTD.,6.71,6.89,6.55,6.83,6.84,6.7,,6.77,,,7642,51212.0,49,F1,1,,,,,,2025-04-23
2025-04-23,2025-04-23,CM,BSE,STK,532508,INE220G01021,JSL,A,,,,,JINDAL STAINLESS LTD.,580.65,588.05,565.8,575.25,576.75,581.0,,575.4,,,35232,20256065.0,1991,F1,1,,,,,,2025-04-23
2025-04-23,2025-04-23,CM,BSE,STK,532509,INE399C01030,SUPRAJIT,A,,,,,SUPRAJIT ENGINEERING LTD.,405.35,405.9,400.0,404.2,405.0,399.65,,404.4,,,3095,1249465.0,128,F1,1,,,,,,2025-04-23
2025-04-23,2025-04-23,CM,BSE,STK,532513,INE236G01019,TVSELECT,B,,,,,TVS ELECTRONICS LTD.,358.95,418.65,356.45,416.8,416.8,348.9,,416.85,,,85115,34650910.0,4295,F1,1,,,,,,2025-04-23
2025-04-23,2025-04-23,CM,BSE,STK,532514,INE203G01027,IGL,A,,,,,INDRAPRASTHA GAS LTD.,187.9,189.5,182.9,185.2,184.65,187.55,,185.51,,,116013,21522534.0,1300,F1,1,,,,,,2025-04-23
2025-04-23,2025-04-23,CM,BSE,STK,532515,INE038F01029,TVTODAY,B,,,,,TV TODAY NETWORK LTD.,172.85,173.1,168.45,171.05,171.15,170.2,,170.49,,,857,145945.0,47,F1,1,,,,,,2025-04-23
2025-04-23,2025-04-23,CM,BSE,STK,532521,INE218G01033,PALREDTEC,T,,,,,PALRED TECHNOLOGIES LIMITED,50.01,50.99,49.26,50.99,50.99,50.01,,50.99,,,1551,78170.0,10,F1,1,,,,,,2025-04-23
2025-04-23,2025-04-23,CM,BSE,STK,532522,INE347G01014,PETRONET,A,,,,,PETRONET LNG LTD.,313.7,316.7,308.55,315.2,314.4,313.55,,315.45,,,53625,16728161.0,1612,F1,1,,,,,,2025-04-23
2025-04-23,2025-04-23,CM,BSE,STK,532523,INE376G01013,BIOCON,A,,,,,BIOCON LTD.,335.75,339.45,333.3,335.85,335.85,333.95,,335.7,,,111432,37456136.0,2453,F1,1,,,,,,2025-04-23
2025-04-23,2025-04-23,CM,BSE,STK,532524,INE877F01012,PTC,A,,,,,PTC INDIA LTD.,178.0,186.6,178.0,182.35,182.0,179.7,,182.36,,,134212,24695787.0,1708,F1,1,,,,,,2025-04-23
2025-04-23,2025-04-23,CM,BSE,STK,532525,INE457A01014,MAHABANK,A,,,,,BANK OF MAHARASHTRA,50.92,50.98,49.4,50.8,50.8,50.5,,50.82,,,1218245,61242757.0,4613,F1,1,,,,,,2025-04-23
2025-04-23,2025-04-23,CM,BSE,STK,532527,INE399G01023,RKFORGE,A,,,,,RAMKRISHNA FORGINGS LTD.,695.15,700.45,674.05,680.5,680.5,693.65,,678.7,,,59289,40603204.0,2334,F1,1,,,,,,2025-04-23
2025-04-23,2025-04-23,CM,BSE,STK,532528,INE365B01017,DATAMATICS,B,,,,,DATAMATICS GLOBAL SERVICES LTD,618.25,622.4,597.0,614.25,615.15,606.55,,613.9,,,10590,6482071.0,616,F1,1,,,,,,2025-04-23
2025-04-23,2025-04-23,CM,BSE,STK,532529,INE155G01029,NDTV,B,,,,,NEW DELHI TELEVISION LTD.,130.05,131.45,127.35,128.4,128.1,130.5,,128.03,,,5645,728026.0,162,F1,1,,,,,,2025-04-23
2025-04-23,2025-04-23,CM,BSE,STK,532531,INE939A01011,STAR,A,,,,,STRIDES PHARMA SCIENCE LIMITED,668.95,669.0,649.7,666.2,667.95,650.4,,665.8,,,17558,11540236.0,646,F1,1,,,,,,2025-04-23
2025-04-23,2025-04-23,CM,BSE,STK,532538,INE481G01011,ULTRACEMCO,A,,,,,ULTRATECH CEMENT LTD.,12028.95,12033.05,11830.0,11948.15,11948.15,11959.6,,11949.0,,,4104,48902437.0,1052,F1,1,,,,,,2025-04-23
2025-04-23,2025-04-23,CM,BSE,STK,532539,INE405E01023,UNOMINDA,A,,,,,UNO Minda Limited,904.3,913.55,881.8,903.9,900.0,897.8,,904.25,,,25470,22942460.0,1785,F1,1,,,,,,2025-04-23
2025-04-23,2025-04-23,CM,BSE,STK,532540,INE467B01029,TCS,A,,,,,TATA CONSULTANCY SERVICES LTD.,3358.05,3420.0,3337.55,3412.3,3412.3,3318.05,,3413.0,,,153398,521013485.0,13435,F1,1,,,,,,2025-04-23
2025-04-23,2025-04-23,CM,BSE,STK,532541,INE591G01017,COFORGE,A,,,,,COFORGE LIMITED,7100.0,7429.0,7100.0,7395.0,7395.0,6954.45,,7392.0,,,74673,545861263.0,15883,F1,1,,,,,,2025-04-23
2025-04-23,2025-04-23,CM,BSE,STK,532543,INE586G01017,GULFPETRO,B,,,,,GP PETROLEUMS LTD,44.34,44.34,41.04,41.75,41.6,42.33,,41.82,,,11726,487695.0,124,F1,1,,,,,,2025-04-23
2025-04-23,2025-04-23,CM,BSE,STK,532548,INE348B01021,CENTURYPLY,A,,,,,CENTURY PLYBOARDS (I) LTD.,749.0,749.0,723.5,730.9,728.75,741.0,,731.7,,,3621,2646310.0,342,F1,1,,,,,,2025-04-23
2025-04-23,2025-04-23,CM,BSE,STK,532553,INE625G01013,WELENT,A,,,,,WELSPUN ENTERPRISES LIMTED,513.25,515.6,496.05,499.85,499.85,510.7,,499.4,,,9557,4814287.0,545,F1,1,,,,,,2025-04-23
2025-04-23,2025-04-23,CM,BSE,STK,532555,INE733E01010,NTPC,A,,,,,NTPC LTD.,363.2,364.25,357.8,363.75,363.75,360.4,,363.8,,,285682,103254859.0,8732,F1,1,,,,,,2025-04-23
2025-04-23,2025-04-23,CM,BSE,STK,532604,INE658G01014,SALSTEEL,B,,,,,S.A.L.STEEL LTD.,19.57,21.34,18.49,21.07,21.3,19.19,,21.08,,,28000,557256.0,403,F1,1,,,,,,2025-04-23
2025-04-23,2025-04-23,CM,BSE,STK,532605,INE927D01051,JBMA,A,,,,,JBM AUTO LTD.,711.95,715.15,685.9,706.6,706.6,701.7,,707.05,,,41171,28880791.0,1435,F1,1,,,,,,2025-04-23
2025-04-23,2025-04-23,CM,BSE,STK,532610,INE366A01041,DWARKESH,B,,,,,DWARIKESH SUGAR INDUSTRIES LTD,43.75,43.85,41.85,42.78,42.7,43.39,,42.78,,,26301,1125445.0,490,F1,1,,,,,,2025-04-23
2025-04-23,2025-04-23,CM,BSE,STK,532612,INE873D01024,INDOCO,B,,,,,INDOCO REMEDIES LTD.,248.9,250.05,238.7,240.95,241.2,246.15,,240.57,,,671,162396.0,134,F1,1,,,,,,2025-04-23
2025-04-23,2025-04-23,CM,BSE,STK,532613,INE450G01024,VIPCLOTHNG,T,,,,,VIP Clothing Limited,37.6,38.69,37.4,38.12,38.12,37.91,,38.23,,,9323,354978.0,47,F1,1,,,,,,2025-04-23
2025-04-23,2025-04-23,CM,BSE,STK,532614,INE691G01015,IMPEXFERRO,Z,,,,,IMPEX FERRO TECH LTD.,2.15,2.19,2.07,2.19,2.19,2.13,,2.15,,,7901,16885.0,31,F1,1,,,,,,2025-04-23
2025-04-23,2025-04-23,CM,BSE,STK,532616,INE692G01013,XCHANGING,B,,,,,XCHANGING SOLUTIONS LTD.,93.99,94.71,92.21,93.34,93.74,93.04,,93.4,,,25518,2381829.0,644,F1,1,,,,,,2025-04-23
2025-04-23,2025-04-23,CM,BSE,STK,532624,INE796G01012,JINDALPHOT,B,,,,,JINDAL PHOTO LTD.,825.8,840.7,825.8,829.6,829.2,830.2,,830.4,,,349,290230.0,43,F1,1,,,,,,2025-04-23
2025-04-23,2025-04-23,CM,BSE,STK,532626,INE063E01053,POCL,B,,,,,PONDY OXIDES & CHEMICALS LTD.,812.45,813.0,773.65,800.7,800.0,805.35,,800.65,,,33520,26495306.0,2187,F1,1,,,,,,2025-04-23
2025-04-23,2025-04-23,CM,BSE,STK,532627,INE351F01018,JPPOWER,A,,,,,JAIPRAKASH POWER VENTURES LIMI,16.07,16.13,15.5,15.72,15.72,15.89,,15.7,,,3433516,54079466.0,5308,F1,1,,,,,,2025-04-23
2025-04-23,2025-04-23,CM,BSE,STK,532628,INE748C01038,3IINFOLTD,B,,,,,3I INFOTECH LTD.,23.9,25.82,23.07,25.22,25.22,23.5,,25.2,,,424029,10629439.0,2959,F1,1,,,,,,2025-04-23
2025-04-23,2025-04-23,CM,BSE,STK,532630,INE887G01027,GOKEX,A,,,,,GOKALDAS EXPORTS LTD.,855.05,876.2,842.2,871.25,870.0,848.7,,870.0,,,18867,16300956.0,1430,F1,1,,,,,,2025-04-23
2025-04-23,2025-04-23,CM,BSE,STK,532633,INE835G01018,ALLDIGI,B,,,,,Alldigi Tech Limited,968.2,976.65,964.7,973.95,974.0,962.05,,973.8,,,52,50421.0,28,F1,1,,,,,,2025-04-23
2025-04-23,2025-04-23,CM,BSE,STK,532636,INE530B01024,IIFL,A,,,,,IIFL FINANCE LIMITED,372.0,383.0,358.15,380.4,380.0,366.95,,380.15,,,180625,66925664.0,7635,F1,1,,,,,,2025-04-23
2025-04-23,2025-04-23,CM,BSE,STK,532637,INE584F01014,MANGALAM,B,,,,,MANGALAM DRUGS & ORGANICS LTD.,82.48,82.53,81.69,82.28,82.28,82.02,,82.13,,,857,70213.0,27,F1,1,,,,,,2025-04-23
2025-04-23,2025-04-23,CM,BSE,STK,532638,INE498B01024,SHOPERSTOP,A,,,,,SHOPPERS STOP LTD.,555.0,559.95,538.1,547.6,548.95,550.5,,548.05,,,8310,4542412.0,1534,F1,1,,,,,,2025-04-23
2025-04-23,2025-04-23,CM,BSE,STK,532640,INE278G01037,CYBERMEDIA,T,,,,,CYBER MEDIA (INDIA) LTD.,14.21,14.75,14.21,14.51,14.75,14.78,,14.53,,,3033,44634.0,23,F1,1,,,,,,2025-04-23
2025-04-23,2025-04-23,CM,BSE,STK,532641,INE875G01048,NDL,B,,,,,NANDAN DENIM LIMITED,3.94,3.94,3.8,3.89,3.9,3.9,,3.88,,,799930,3096618.0,1029,F1,1,,,,,,2025-04-23
2025-04-23,2025-04-23,CM,BSE,STK,532642,INE824G01012,JSWHL,T,,,,,JSW HOLDINGS LIMITED,26005.0,26799.0,24702.5,25790.95,25990.0,25772.5,,25940.0,,,2349,58415869.0,208,F1,1,,,,,,2025-04-23
2025-04-23,2025-04-23,CM,BSE,STK,532644,INE823G01014,JKCEMENT,A,,,,,J.K.CEMENT LTD.,5168.95,5228.0,5063.9,5080.75,5091.7,5158.75,,5081.5,,,3246,16587901.0,667,F1,1,,,,,,2025-04-23
2025-04-23,2025-04-23,CM,BSE,STK,532645,INE052B01011,BEEYU,X,,,,,BEEYU OVERSEAS LTD.,3.6,3.65,3.43,3.54,3.54,3.79,,3.54,,,2782,9767.0,26,F1,1,,,,,,2025-04-23
2025-04-23,2025-04-23,CM,BSE,STK,532648,INE528G01035,YESBANK,A,,,,,YES BANK LTD.,18.79,18.81,18.17,18.42,18.42,18.7,,18.42,,,13260053,243945486.0,24246,F1,1,,,,,,2025-04-23
2025-04-23,2025-04-23,CM,BSE,STK,532649,INE023H01027,NECLIFE,B,,,,,NECTAR LIFESCIENCES LTD.,23.25,23.73,22.5,22.84,22.8,23.25,,22.77,,,135185,3098978.0,451,F1,1,,,,,,2025-04-23
2025-04-23,2025-04-23,CM,BSE,STK,532650,INE752G01015,MSPL,B,,,,,MSP STEEL & POWER LTD.,29.13,29.18,28.2,28.57,28.57,28.91,,28.54,,,15979,457804.0,298,F1,1,,,,,,2025-04-23
2025-04-23,2025-04-23,CM,BSE,STK,532651,INE978G01016,SPLIL,T,,,,,SPL INDUSTRIES LTD.,36.25,38.0,36.18,36.26,36.26,36.22,,37.96,,,463,17220.0,6,F1,1,,,,,,2025-04-23
2025-04-23,2025-04-23,CM,BSE,STK,532652,INE614B01018,KTKBANK,A,,,,,KARNATAKA BANK LTD.,199.0,202.75,195.65,202.3,202.4,197.05,,202.26,,,80865,16184070.0,2089,F1,1,,,,,,2025-04-23
2025-04-23,2025-04-23,CM,BSE,STK,532654,INE942G01012,MCLEODRUSS,B,,,,,MCLEOD RUSSEL INDIA LTD.,38.27,38.27,36.18,36.7,36.7,37.71,,36.75,,,148853,5485509.0,995,F1,1,,,,,,2025-04-23
2025-04-23,2025-04-23,CM,BSE,STK,532656,INE828G01013,FACORALL,XT,,,,,FACOR ALLOYS LTD.,4.07,4.07,3.82,3.98,3.99,4.02,,3.98,,,141920,559368.0,243,F1,1,,,,,,2025-04-23
2025-04-23,2025-04-23,CM,BSE,STK,532661,INE050H01012,RML,B,,,,,RANE (MADRAS) LTD.,749.95,749.95,710.6,726.45,718.35,714.9,,726.5,,,555,402466.0,118,F1,1,,,,,,2025-04-23
2025-04-23,2025-04-23,CM,BSE,STK,532662,INE501G01024,HTMEDIA,B,,,,,HT MEDIA LTD.,17.51,17.55,17.05,17.18,17.51,17.35,,17.46,,,17248,297491.0,149,F1,1,,,,,,2025-04-23
2025-04-23,2025-04-23,CM,BSE,STK,532663,INE231F01020,SASKEN,B,,,,,Sasken Technologies Limited,1628.05,1655.8,1600.25,1638.2,1651.3,1620.0,,1635.1,,,1299,2121487.0,330,F1,1,,,,,,2025-04-23
2025-04-23,2025-04-23,CM,BSE,STK,532666,INE512B01022,FCSSOFT,B,,,,,FCS SOFTWARE SOLUTIONS LTD.,2.84,2.84,2.7,2.75,2.75,2.78,,2.75,,,1133297,3131796.0,764,F1,1,,,,,,2025-04-23
2025-04-23,2025-04-23,CM,BSE,STK,532667,INE040H01021,SUZLON,A,,,,,SUZLON ENERGY LTD.,59.61,60.15,58.12,59.98,59.98,59.29,,59.99,,,15610979,927106410.0,41899,F1,1,,,,,,2025-04-23
2025-04-23,2025-04-23,CM,BSE,STK,532668,INE132H01018,AURIONPRO,A,,,,,AURIONPRO SOLUTIONS LTD.,1553.9,1567.15,1534.5,1545.2,1539.35,1548.75,,1543.4,,,1198,1854480.0,252,F1,1,,,,,,2025-04-23
2025-04-23,2025-04-23,CM,BSE,STK,532670,INE087H01022,RENUKA,A,,,,,SHREE RENUKA SUGARS LTD.,30.47,30.47,29.24,30.07,30.07,30.2,,30.08,,,285678,8531274.0,1416,F1,1,,,,,,2025-04-23
2025-04-23,2025-04-23,CM,BSE,STK,532673,INE157H01023,KMSUGAR,B,,,,,K.M.SUGAR MILLS LTD.,29.6,29.6,28.72,29.09,29.3,29.39,,28.98,,,18910,548764.0,227,F1,1,,,,,,2025-04-23
2025-04-23,2025-04-23,CM,BSE,STK,532674,INE186H01022,BASML,B,,,,,BANNARI AMMAN SPINNING MILLS L,35.92,36.32,34.1,35.72,35.72,34.75,,35.77,,,4642,164577.0,183,F1,1,,,,,,2025-04-23
2025-04-23,2025-04-23,CM,BSE,STK,532676,INE160H01019,PBAINFRA,X,,,,,PBA INFRASTRUCTURE LTD.,9.02,10.3,9.02,9.31,9.93,9.69,,9.31,,,4315,43049.0,39,F1,1,,,,,,2025-04-23
2025-04-23,2025-04-23,CM,BSE,STK,532683,INE212H01026,AIAENG,A,,,,,AIA ENGINEERING LTD.,3335.9,3335.9,3099.1,3129.4,3118.35,3147.05,,3132.7,,,968,3037711.0,256,F1,1,,,,,,2025-04-23
2025-04-23,2025-04-23,CM,BSE,STK,532684,INE184H01027,EKC,B,,,,,EVEREST KANTO CYLINDER LTD.,129.75,130.0,124.9,127.1,127.1,128.55,,127.92,,,38609,4917733.0,609,F1,1,,,,,,2025-04-23
2025-04-23,2025-04-23,CM,BSE,STK,532686,INE202H01019,KERNEX,B,,,,,KERNEX MICROSYSTEMS (INDIA) LT,887.95,887.95,844.5,848.45,848.45,867.9,,850.15,,,20588,17612492.0,1210,F1,1,,,,,,2025-04-23
2025-04-23,2025-04-23,CM,BSE,STK,532687,INE461B01014,REPRO,B,,,,,REPRO INDIA LTD.,468.4,483.95,456.0,460.25,459.25,470.6,,464.1,,,355,163838.0,42,F1,1,,,,,,2025-04-23
2025-04-23,2025-04-23,CM,BSE,STK,532689,INE191H01014,PVRINOX,A,,,,,PVR INOX LIMITED,962.2,986.3,962.2,982.4,982.9,968.7,,982.55,,,24683,24141847.0,1446,F1,1,,,,,,2025-04-23
2025-04-23,2025-04-23,CM,BSE,STK,532694,INE855F01042,ASMS,B,,,,,BARTRONICS INDIA LTD.,18.17,18.8,17.15,18.6,18.6,17.74,,18.59,,,188937,3403832.0,1184,F1,1,,,,,,2025-04-23
2025-04-23,2025-04-23,CM,BSE,STK,532695,INE185H01016,CELEBRITY,B,,,,,CELEBRITY FASHIONS LTD.,12.01,12.38,11.5,11.84,11.98,12.15,,11.93,,,9129,107972.0,66,F1,1,,,,,,2025-04-23
2025-04-23,2025-04-23,CM,BSE,STK,532698,INE229H01012,NITINSPIN,B,,,,,NITIN SPINNERS LTD.,375.8,384.75,364.6,380.95,379.05,374.95,,380.25,,,9079,3420136.0,421,F1,1,,,,,,2025-04-23
2025-04-23,2025-04-23,CM,BSE,STK,532699,INE283H01019,ROHLTD,B,,,,,ROYAL ORCHID HOTELS LTD.,399.0,400.3,386.1,397.2,400.3,395.25,,397.9,,,8377,3288500.0,338,F1,1,,,,,,2025-04-23
2025-04-23,2025-04-23,CM,BSE,STK,532700,INE265F01028,ENIL,B,,,,,ENTERTAINMENT NETWORK (INDIA),144.0,144.0,140.0,142.65,142.65,144.0,,142.09,,,53,7612.0,9,F1,1,,,,,,2025-04-23
2025-04-23,2025-04-23,CM,BSE,STK,532701,INE266H01014,CELLA,Z,,,,,CELLA SPACE LIMITED,11.95,12.27,11.95,12.27,12.27,11.69,,12.27,,,8789,107295.0,20,F1,1,,,,,,2025-04-23
2025-04-23,2025-04-23,CM,BSE,STK,532702,INE246F01010,GSPL,A,,,,,GUJARAT STATE PETRONET LTD.,317.05,321.3,314.55,320.3,320.1,318.45,,320.5,,,25444,8082311.0,899,F1,1,,,,,,2025-04-23
2025-04-23,2025-04-23,CM,BSE,STK,532705,INE199G01027,JAGRAN,B,,,,,JAGRAN PRAKASHAN LTD.,77.57,77.57,76.0,76.98,76.95,76.64,,76.99,,,21302,1633424.0,322,F1,1,,,,,,2025-04-23
2025-04-23,2025-04-23,CM,BSE,STK,532707,INE256H01015,DYNPRO,B,,,,,DYNEMIC PRODUCTS LTD.,287.95,293.2,281.4,285.15,285.0,291.35,,285.1,,,1625,466765.0,138,F1,1,,,,,,2025-04-23
2025-04-23,2025-04-23,CM,BSE,STK,532708,INE251H01024,GVKPIL,T,,,,,GVK POWER & INFRASTRUCTURE LTD,3.53,3.59,3.53,3.59,3.59,3.52,,3.58,,,170017,610189.0,222,F1,1,,,,,,2025-04-23
2025-04-23,2025-04-23,CM,BSE,STK,532710,INE226H01026,SADBHAV,T,,,,,SADBHAV ENGINEERING LTD.,13.5,13.5,13.5,13.5,13.5,12.86,,13.73,,,1210,16335.0,5,F1,1,,,,,,2025-04-23
2025-04-23,2025-04-23,CM,BSE,STK,532712,INE330H01018,RCOM,T,,,,,RELIANCE COMMUNICATIONS LTD.,1.71,1.77,1.66,1.68,1.68,1.71,,1.67,,,1402090,2406430.0,595,F1,1,,,,,,2025-04-23
2025-04-23,2025-04-23,CM,BSE,STK,532713,INE190H01024,SAKUMA,T,,,,,SAKUMA EXPORTS LTD.,3.08,3.17,2.92,3.17,3.17,3.02,,3.16,,,1598910,5040561.0,1102,F1,1,,,,,,2025-04-23
2025-04-23,2025-04-23,CM,BSE,STK,532714,INE389H01022,KEC,A,,,,,KEC INTERNATIONAL LTD.,744.75,754.75,732.8,738.55,737.0,741.55,,738.55,,,61327,45563584.0,2550,F1,1,,,,,,2025-04-23
2025-04-23,2025-04-23,CM,BSE,STK,532716,INE047B01011,GILLANDERS,B,,,,,GILLANDERS ARBUTHNOT & CO.LTD.,111.32,112.37,109.61,112.37,112.37,108.44,,111.11,,,77,8524.0,15,F1,1,,,,,,2025-04-23
2025-04-23,2025-04-23,CM,BSE,STK,532717,INE332H01014,INDOTECH,B,,,,,INDO TECH TRANSFORMERS LTD.,2655.65,2655.65,2535.0,2655.65,2655.65,2529.2,,2654.0,,,71305,188737425.0,1670,F1,1,,,,,,2025-04-23
2025-04-23,2025-04-23,CM,BSE,STK,532719,INE350H01032,BLKASHYAP,B,,,,,B.L.KASHYAP AND SONS LTD.,66.5,67.25,64.11,66.44,67.25,65.88,,66.51,,,66775,4411455.0,954,F1,1,,,,,,2025-04-23
2025-04-23,2025-04-23,CM,BSE,STK,532720,INE774D01024,M&MFIN,A,,,,,MAHINDRA & MAHINDRA FINANCIAL,270.9,278.5,265.55,269.8,269.35,277.1,,269.9,,,361736,97865867.0,9706,F1,1,,,,,,2025-04-23
2025-04-23,2025-04-23,CM,BSE,STK,532721,INE286H01012,VISASTEEL,T,,,,,VISA STEEL LTD.,36.52,38.85,35.2,38.85,38.85,37.0,,38.74,,,4225,155427.0,10,F1,1,,,,,,2025-04-23
2025-04-23,2025-04-23,CM,BSE,STK,532722,INE858F01012,NITCO,B,,,,,NITCO LTD.,126.65,130.35,122.0,130.35,130.35,124.15,,130.35,,,348100,45143235.0,781,F1,1,,,,,,2025-04-23
2025-04-23,2025-04-23,CM,BSE,STK,532723,INE493H01014,MPDL,XT,,,,,MPDL LIMITED,52.0,52.0,50.0,50.0,50.0,50.5,,50.0,,,53,2752.0,5,F1,1,,,,,,2025-04-23
2025-04-23,2025-04-23,CM,BSE,STK,532725,INE343H01029,SOLARINDS,A,,,,,SOLAR INDUSTRIES INDIA LTD.,12950.05,13140.55,12883.6,13081.25,13095.0,12833.05,,13084.0,,,3592,46812569.0,1081,F1,1,,,,,,2025-04-23
2025-04-23,2025-04-23,CM,BSE,STK,532726,INE297H01019,GALLANTT,B,,,,,GALLANTT ISPAT LIMITED,476.0,476.0,454.05,465.7,465.7,470.65,,465.25,,,7254,3345920.0,462,F1,1,,,,,,2025-04-23
2025-04-23,2025-04-23,CM,BSE,STK,532728,INE383H01017,MALUPAPER,B,,,,,MALU PAPER MILLS LTD.,36.65,36.81,35.23,35.84,35.84,35.7,,35.91,,,10450,378070.0,226,F1,1,,,,,,2025-04-23
2025-04-23,2025-04-23,CM,BSE,STK,532729,INE786F01031,UTTAMSUGAR,B,,,,,UTTAM SUGAR MILLS LTD.,306.15,310.05,295.9,306.7,305.0,303.35,,307.25,,,7033,2140771.0,420,F1,1,,,,,,2025-04-23
2025-04-23,2025-04-23,CM,BSE,STK,532730,INE353H01010,SGL,B,,,,,STL GLOBAL LTD.,16.5,17.77,13.92,14.57,13.98,14.82,,14.37,,,10241,154813.0,85,F1,1,,,,,,2025-04-23
2025-04-23,2025-04-23,CM,BSE,STK,532732,INE401H01017,KKCL,B,,,,,KEWAL KIRAN CLOTHING LTD.,468.4,475.0,462.05,467.35,471.2,464.05,,468.4,,,7159,3362355.0,918,F1,1,,,,,,2025-04-23
2025-04-23,2025-04-23,CM,BSE,STK,532733,INE424H01027,SUNTV,A,,,,,SUN TV NETWORK LTD.,652.05,661.55,643.0,656.9,657.65,652.85,,656.5,,,12048,7870856.0,874,F1,1,,,,,,2025-04-23
2025-04-23,2025-04-23,CM,BSE,STK,532734,INE177H01039,GPIL,B,,,,,GODAWARI POWER & ISPAT LTD.,199.5,203.0,198.55,201.8,201.8,198.5,,201.85,,,141177,28354924.0,2263,F1,1,,,,,,2025-04-23
2025-04-23,2025-04-23,CM,BSE,STK,532735,INE411H01032,RSYSTEMS,B,,,,,R SYSTEMS INTERNATIONAL LTD.,335.7,338.35,326.85,333.35,332.15,333.05,,333.0,,,5111,1701342.0,322,F1,1,,,,,,2025-04-23
2025-04-23,2025-04-23,CM,BSE,STK,532737,INE296H01011,EMKAY,T,,,,,EMKAY GLOBAL FINANCIAL SERVICE,208.0,212.15,208.0,209.05,209.05,208.0,,209.05,,,411,86676.0,4,F1,1,,,,,,2025-04-23
2025-04-23,2025-04-23,CM,BSE,STK,532738,INE388G01026,TICL,B,,,,,TwamevConstruction and Infrast,38.4,38.4,36.06,37.93,37.65,37.3,,37.73,,,22072,831535.0,366,F1,1,,,,,,2025-04-23
2025-04-23,2025-04-23,CM,BSE,STK,532740,INE397H01017,LOKESHMACH,T,,,,,LOKESH MACHINES LTD.,175.3,175.3,175.3,175.3,175.3,171.9,,175.51,,,1650,289245.0,2,F1,1,,,,,,2025-04-23
2025-04-23,2025-04-23,CM,BSE,STK,532741,INE390H01020,KAMDHENU,B,,,,,Kamdhenu Limited,28.5,29.25,28.0,28.36,28.36,28.57,,28.33,,,82250,2344506.0,566,F1,1,,,,,,2025-04-23
2025-04-23,2025-04-23,CM,BSE,STK,532742,INE111F01016,PAUSHAKLTD,B,,,,,PAUSHAK LTD.,4690.05,4850.0,4591.05,4628.15,4649.0,4686.85,,4628.15,,,1137,5297556.0,290,F1,1,,,,,,2025-04-23
2025-04-23,2025-04-23,CM,BSE,STK,532744,INE302H01017,GTNTEX,X,,,,,GTN TEXTILES LTD.,8.5,9.89,8.5,8.91,8.91,9.49,,8.91,,,5068,45385.0,40,F1,1,,,,,,2025-04-23
2025-04-23,2025-04-23,CM,BSE,STK,532745,INE347H01012,INDICAP,XT,,,,,INDITRADE CAPITAL LIMITED,7.31,7.45,7.31,7.44,7.44,7.31,,7.44,,,10974,80389.0,16,F1,1,,,,,,2025-04-23
2025-04-23,2025-04-23,CM,BSE,STK,532748,INE367G01038,PFOCUS,B,,,,,PRIME FOCUS LTD.,96.78,99.38,94.4,97.92,97.49,97.49,,98.47,,,4669,453005.0,241,F1,1,,,,,,2025-04-23
2025-04-23,2025-04-23,CM,BSE,STK,532749,INE418H01029,ALLCARGO,A,,,,,ALLCARGO LOGISTICS LTD.,31.76,31.76,30.4,30.76,30.76,31.26,,30.75,,,525545,16206316.0,2227,F1,1,,,,,,2025-04-23
2025-04-23,2025-04-23,CM,BSE,STK,532754,INE776C01039,GMRAIRPORT,A,,,,,GMR Airports Limited,87.49,87.89,85.71,87.45,87.45,86.6,,87.57,,,263067,22793720.0,1700,F1,1,,,,,,2025-04-23
2025-04-23,2025-04-23,CM,BSE,STK,532755,INE669C01036,TECHM,A,,,,,TECH MAHINDRA LTD.,1400.4,1449.6,1400.4,1439.3,1439.3,1375.65,,1439.6,,,146467,210060267.0,7180,F1,1,,,,,,2025-04-23
2025-04-23,2025-04-23,CM,BSE,STK,532756,INE536H01010,CIEINDIA,A,,,,,CIE Automotive India Limited,424.45,424.45,408.55,416.3,414.85,424.1,,416.2,,,24239,10045450.0,1066,F1,1,,,,,,2025-04-23
2025-04-23,2025-04-23,CM,BSE,STK,532757,INE540H01012,VOLTAMP,A,,,,,VOLTAMP TRANSFORMERS LTD.,7951.05,7994.95,7677.45,7803.55,7856.0,7861.85,,7811.0,,,8090,63321030.0,2269,F1,1,,,,,,2025-04-23
2025-04-23,2025-04-23,CM,BSE,STK,532759,INE285H01022,ATLANTAA,B,,,,,ATLANTAA LIMITED,36.8,36.8,35.06,36.8,36.8,35.05,,36.8,,,25374,933755.0,96,F1,1,,,,,,2025-04-23
2025-04-23,2025-04-23,CM,BSE,STK,532761,INE596H01014,HOVS,B,,,,,HOV SERVICES LTD.,52.4,55.4,51.0,54.2,55.1,53.17,,54.1,,,3090,165305.0,144,F1,1,,,,,,2025-04-23
2025-04-23,2025-04-23,CM,BSE,STK,532762,INE731H01025,ACE,A,,,,,ACTION CONSTRUCTION EQUIPMENT,1269.95,1272.5,1244.25,1245.4,1245.1,1255.5,,1245.9,,,6202,7776559.0,501,F1,1,,,,,,2025-04-23
2025-04-23,2025-04-23,CM,BSE,STK,532764,INE916G01016,GEECEE,B,,,,,GEECEE VENTURES LIMITED,394.0,394.45,394.0,394.45,394.45,394.4,,391.5,,,2,788.0,2,F1,1,,,,,,2025-04-23
2025-04-23,2025-04-23,CM,BSE,STK,532766,INE516H01012,RICHAIND,Z,,,,,RICHA INDUSTRIES LTD.,1.64,1.64,1.5,1.61,1.61,1.57,,1.61,,,39436,62346.0,61,F1,1,,,,,,2025-04-23
2025-04-23,2025-04-23,CM,BSE,STK,532768,INE737H01014,FIEMIND,B,,,,,FIEM INDUSTRIES LTD.,1477.05,1487.9,1445.0,1473.05,1482.4,1469.45,,1473.4,,,1271,1864472.0,189,F1,1,,,,,,2025-04-23
2025-04-23,2025-04-23,CM,BSE,STK,532771,INE544H01014,JHS,T,,,,,JHS SVENDGAARD LABORATORIES LT,13.81,13.82,13.8,13.82,13.82,13.81,,13.82,,,7316,101030.0,17,F1,1,,,,,,2025-04-23
2025-04-23,2025-04-23,CM,BSE,STK,532772,INE503A01015,DCBBANK,A,,,,,DCB BANK LIMITED,130.05,130.15,126.2,127.75,128.2,129.25,,127.83,,,78532,10019822.0,1270,F1,1,,,,,,2025-04-23
2025-04-23,2025-04-23,CM,BSE,STK,532773,INE792H01019,GLOBALVECT,B,,,,,GLOBAL VECTRA HELICORP LTD.,236.0,243.75,232.85,241.15,241.15,235.75,,240.25,,,5699,1360518.0,246,F1,1,,,,,,2025-04-23
2025-04-23,2025-04-23,CM,BSE,STK,532774,INE020G01017,INSPIRISYS,B,,,,,Inspirisys Solutions Limited,89.99,91.29,80.0,83.67,82.52,87.12,,83.03,,,3896,333839.0,130,F1,1,,,,,,2025-04-23
2025-04-23,2025-04-23,CM,BSE,STK,532775,INE221H01019,GTLINFRA,A,,,,,GTL INFRASTRUCTURE LTD.,1.54,1.54,1.48,1.51,1.51,1.52,,1.5,,,10819114,16291723.0,10157,F1,1,,,,,,2025-04-23
2025-04-23,2025-04-23,CM,BSE,STK,532776,INE637H01024,SHIVAMAUTO,B,,,,,SHIVAM AUTOTECH LTD.,30.75,31.78,30.39,30.98,31.24,30.0,,31.01,,,11589,359578.0,212,F1,1,,,,,,2025-04-23
2025-04-23,2025-04-23,CM,BSE,STK,532777,INE663F01024,NAUKRI,A,,,,,INFO EDGE (INDIA) LTD.,7054.65,7125.0,6980.0,7085.9,7073.7,6942.8,,7085.5,,,3849,27222321.0,848,F1,1,,,,,,2025-04-23
2025-04-23,2025-04-23,CM,BSE,STK,532779,INE813H01021,TORNTPOWER,A,,,,,TORRENT POWER LTD.,1591.35,1613.0,1570.6,1608.85,1600.7,1589.9,,1609.6,,,18841,30028909.0,2053,F1,1,,,,,,2025-04-23
2025-04-23,2025-04-23,CM,BSE,STK,532780,INE561H01026,PARSVNATH,B,,,,,PARSVNATH DEVELOPERS LTD.,24.75,24.75,23.2,23.81,23.81,24.25,,23.52,,,14431,343958.0,148,F1,1,,,,,,2025-04-23
2025-04-23,2025-04-23,CM,BSE,STK,532782,INE645H01027,SUTLEJTEX,T,,,,,SUTLEJ TEXTILES & INDUSTRIES L,41.6,41.6,39.0,39.75,39.1,39.76,,39.35,,,8088,320779.0,97,F1,1,,,,,,2025-04-23
2025-04-23,2025-04-23,CM,BSE,STK,532783,INE818H01020,LTFOODS,A,,,,,LT FOODS LTD.,366.0,375.15,361.7,367.85,369.7,360.9,,368.15,,,27873,10262058.0,881,F1,1,,,,,,2025-04-23
2025-04-23,2025-04-23,CM,BSE,STK,532784,INE671H01015,SOBHA,A,,,,,SOBHA,1298.6,1303.45,1268.8,1295.4,1293.3,1270.9,,1295.9,,,13171,16969330.0,1168,F1,1,,,,,,2025-04-23
2025-04-23,2025-04-23,CM,BSE,STK,532785,INE803H01014,RUCHIRA,B,,,,,RUCHIRA PAPERS LTD.,128.3,128.3,122.85,126.95,126.75,127.4,,126.64,,,11637,1462147.0,884,F1,1,,,,,,2025-04-23
2025-04-23,2025-04-23,CM,BSE,STK,532790,INE483C01032,TANLA,A,,,,,TANLA PLATFORMS LIMITED,494.5,501.3,480.05,482.25,482.25,490.55,,482.05,,,129167,63155689.0,4729,F1,1,,,,,,2025-04-23
2025-04-23,2025-04-23,CM,BSE,STK,532794,INE966H01019,ZEEMEDIA,B,,,,,ZEE MEDIA CORPORATION LIMITED,13.82,15.3,13.41,14.85,14.98,13.78,,14.95,,,733941,10706398.0,873,F1,1,,,,,,2025-04-23
2025-04-23,2025-04-23,CM,BSE,STK,532795,INE965H01011,SITINET,Z,,,,,Siti Networks Ltd.,0.58,0.58,0.56,0.58,0.58,0.57,,0.57,,,678848,391456.0,245,F1,1,,,,,,2025-04-23
2025-04-23,2025-04-23,CM,BSE,STK,532796,INE872H01027,LUMAXTECH,B,,,,,LUMAX AUTO TECHNOLOGIES LTD.,557.5,565.45,544.55,554.85,557.15,553.9,,554.95,,,4529,2511754.0,351,F1,1,,,,,,2025-04-23
2025-04-23,2025-04-23,CM,BSE,STK,532797,INE718H01014,AUTOIND,B,,,,,AUTOLINE INDUSTRIES LTD.,83.95,85.0,81.6,83.21,85.0,83.34,,83.19,,,10964,908383.0,320,F1,1,,,,,,2025-04-23
2025-04-23,2025-04-23,CM,BSE,STK,532798,INE870H01013,NETWORK18,A,,,,,NETWORK18 MEDIA & INVESTMENTS,46.0,46.28,44.71,45.79,45.79,45.79,,45.86,,,262862,11960209.0,1439,F1,1,,,,,,2025-04-23
2025-04-23,2025-04-23,CM,BSE,STK,532799,INE703H01016,HUBTOWN,B,,,,,HUBTOWN LTD.,213.95,215.75,209.1,214.55,214.85,210.6,,214.51,,,7350,1565994.0,295,F1,1,,,,,,2025-04-23
2025-04-23,2025-04-23,CM,BSE,STK,532801,INE627H01017,CTE,T,,,,,CAMBRIDGE TECHNOLOGY ENTERPRIS,42.9,43.35,42.9,43.35,43.35,42.5,,43.38,,,202,8755.0,3,F1,1,,,,,,2025-04-23
2025-04-23,2025-04-23,CM,BSE,STK,532804,INE545H01011,TIIL,B,,,,,TECHNOCRAFT INDUSTRIES (INDIA),2591.0,2615.0,2568.1,2587.8,2582.6,2566.3,,2586.8,,,568,1470247.0,151,F1,1,,,,,,2025-04-23
2025-04-23,2025-04-23,CM,BSE,STK,532805,INE891D01026,REDINGTON,A,,,,,Redington Limited,224.75,239.8,224.75,238.1,238.1,224.1,,238.09,,,522333,122613263.0,6020,F1,1,,,,,,2025-04-23
2025-04-23,2025-04-23,CM,BSE,STK,532806,INE768E01024,AICHAMP,X,,,,,AI CHAMPDANY INDUSTRIES LTD.,45.0,47.0,44.0,46.6,46.95,46.77,,46.6,,,419,18638.0,21,F1,1,,,,,,2025-04-23
2025-04-23,2025-04-23,CM,BSE,STK,532807,INE704H01022,CINELINE,T,,,,,CINELINE INDIA LIMITED,94.01,96.4,92.91,95.76,95.76,97.8,,95.62,,,8318,779755.0,56,F1,1,,,,,,2025-04-23
2025-04-23,2025-04-23,CM,BSE,STK,532808,INE940H01022,PGIL,B,,,,,PEARL GLOBAL INDUSTRIES LIMITE,1062.95,1062.95,984.45,1045.05,1045.05,1060.95,,1044.3,,,14842,15091287.0,1264,F1,1,,,,,,2025-04-23
2025-04-23,2025-04-23,CM,BSE,STK,532809,INE684F01012,FSL,A,,,,,FIRSTSOURCE SOLUTIONS LTD.,349.0,357.95,347.6,354.8,354.8,346.05,,354.8,,,166556,58887229.0,4105,F1,1,,,,,,2025-04-23
2025-04-23,2025-04-23,CM,BSE,STK,532810,INE134E01011,PFC,A,,,,,POWER FINANCE CORPORATION LTD.,438.35,440.3,423.6,432.95,433.35,438.0,,433.1,,,370864,160253082.0,5938,F1,1,,,,,,2025-04-23
2025-04-23,2025-04-23,CM,BSE,STK,532811,INE758C01029,AHLUCONT,A,,,,,AHLUWALIA CONTRACTS (INDIA) LT,904.8,909.35,890.0,891.3,896.5,903.4,,891.95,,,9175,8216062.0,919,F1,1,,,,,,2025-04-23
2025-04-23,2025-04-23,CM,BSE,STK,532812,INE804H01012,TFL,T,,,,,TRANSWARRANTY FINANCE LTD.,13.43,13.43,13.43,13.43,13.43,13.7,,13.43,,,3840,51571.0,2,F1,1,,,,,,2025-04-23
2025-04-23,2025-04-23,CM,BSE,STK,532814,INE562A01011,INDIANB,A,,,,,INDIAN BANK,586.05,586.95,572.7,581.75,581.75,582.15,,582.1,,,41634,24145137.0,2109,F1,1,,,,,,2025-04-23
2025-04-23,2025-04-23,CM,BSE,STK,532815,INE812G01025,SMSPHARMA,B,,,,,SMS PHARMACEUTICALS LTD.,218.9,243.05,214.25,240.1,240.1,214.95,,240.67,,,34677,7999855.0,1083,F1,1,,,,,,2025-04-23
2025-04-23,2025-04-23,CM,BSE,STK,532817,INE998H01012,ORIENTALTL,B,,,,,ORIENTAL TRIMEX LTD.,9.32,9.32,9.03,9.14,9.25,9.18,,9.09,,,59376,544869.0,267,F1,1,,,,,,2025-04-23
2025-04-23,2025-04-23,CM,BSE,STK,532820,INE311H01018,ELAND,XT,,,,,E-Land Apparel Limited,16.45,16.48,15.6,16.22,16.45,16.27,,16.22,,,20020,319424.0,68,F1,1,,,,,,2025-04-23
2025-04-23,2025-04-23,CM,BSE,STK,532822,INE669E01016,IDEA,A,,,,,VODAFONE IDEA  LIMITED,7.99,8.05,7.67,8.02,8.02,7.98,,8.01,,,81781487,646250147.0,37878,F1,1,,,,,,2025-04-23
2025-04-23,2025-04-23,CM,BSE,STK,532825,INE702H01018,JAGJANANI,X,,,,,JAGJANANI TEXTILES LTD.,8.84,8.84,8.52,8.63,8.62,8.84,,8.63,,,5999,52313.0,60,F1,1,,,,,,2025-04-23
2025-04-23,2025-04-23,CM,BSE,STK,532826,INE952H01027,RAJTV,B,,,,,RAJ TELEVISION NETWORK LTD.,52.05,52.3,50.49,50.62,50.5,50.98,,50.83,,,3541,182063.0,108,F1,1,,,,,,2025-04-23
2025-04-23,2025-04-23,CM,BSE,STK,532827,INE761H01022,PAGEIND,A,,,,,PAGE INDUSTRIES LTD.,45700.0,46300.0,45293.2,45985.5,45840.0,45294.8,,45935.0,,,253,11621510.0,121,F1,1,,,,,,2025-04-23
2025-04-23,2025-04-23,CM,BSE,STK,532828,INE005I01014,AMDIND,B,,,,,AMD INDUSTRIES LTD.,48.47,48.47,46.05,46.05,46.05,48.47,,48.91,,,33,1597.0,8,F1,1,,,,,,2025-04-23
2025-04-23,2025-04-23,CM,BSE,STK,532829,INE976H01018,LEHAR,X,,,,,LEHAR FOOTWEARS LIMITED,251.5,256.0,245.9,247.7,248.2,249.05,,247.7,,,9064,2274139.0,196,F1,1,,,,,,2025-04-23
2025-04-23,2025-04-23,CM,BSE,STK,532830,INE006I01046,ASTRAL,A,,,,,ASTRAL LIMITED,1384.2,1413.0,1365.15,1405.25,1405.25,1370.0,,1407.5,,,46971,65411726.0,5206,F1,1,,,,,,2025-04-23
2025-04-23,2025-04-23,CM,BSE,STK,532832,INE069I01010,EMBDL,A,,,,,EMBASSY DEVELOPMENTS LIMITED,110.25,110.35,105.5,106.55,106.55,109.6,,106.62,,,534744,57263260.0,3435,F1,1,,,,,,2025-04-23
2025-04-23,2025-04-23,CM,BSE,STK,532834,INE052I01032,CAMLINFINE,B,,,,,Camlin Fine Sciences Ltd,170.4,175.0,165.95,169.7,169.4,170.35,,169.55,,,49500,8456968.0,1212,F1,1,,,,,,2025-04-23
2025-04-23,2025-04-23,CM,BSE,STK,532835,INE725G01011,ICRA,B,,,,,ICRA LTD.,5775.7,5801.25,5683.0,5764.45,5760.5,5775.7,,5769.0,,,289,1656365.0,102,F1,1,,,,,,2025-04-23
2025-04-23,2025-04-23,CM,BSE,STK,532839,INE836F01026,DISHTV,T,,,,,DISH TV INDIA LTD.,5.49,5.49,5.32,5.38,5.41,5.45,,5.39,,,692588,3731271.0,998,F1,1,,,,,,2025-04-23
2025-04-23,2025-04-23,CM,BSE,STK,532841,INE280H01015,SAHYADRI,B,,,,,SAHYADRI INDUSTRIES LTD.,275.0,279.0,272.4,277.7,275.2,273.45,,278.31,,,186,51561.0,36,F1,1,,,,,,2025-04-23
2025-04-23,2025-04-23,CM,BSE,STK,532842,INE917H01012,SRHHYPOLTD,B,,,,,SREE RAYALASEEMA HI-STRENGTH H,546.2,546.2,533.0,539.05,539.0,541.55,,539.5,,,1395,751701.0,239,F1,1,,,,,,2025-04-23
2025-04-23,2025-04-23,CM,BSE,STK,532843,INE061F01013,FORTIS,A,,,,,FORTIS HEALTHCARE LTD.,665.0,679.45,657.0,677.05,677.05,664.15,,676.65,,,22304,14925205.0,1035,F1,1,,,,,,2025-04-23
2025-04-23,2025-04-23,CM,BSE,STK,532845,INE797H01018,TGBHOTELS,B,,,,,TGB BANQUETS AND HOTELS LTD.,10.49,10.74,10.4,10.4,10.74,10.55,,10.43,,,12851,133677.0,48,F1,1,,,,,,2025-04-23
2025-04-23,2025-04-23,CM,BSE,STK,532847,INE788H01017,HILTON,B,,,,,HILTON METAL FORGING LTD.,68.3,68.4,67.1,67.87,68.26,67.71,,67.77,,,13679,924161.0,367,F1,1,,,,,,2025-04-23
2025-04-23,2025-04-23,CM,BSE,STK,532848,INE124G01033,DELTACORP,A,,,,,DELTA CORP LTD.,94.0,95.0,91.45,93.67,93.67,93.22,,93.69,,,319436,29781530.0,2692,F1,1,,,,,,2025-04-23
2025-04-23,2025-04-23,CM,BSE,STK,532850,INE287C01037,MICEL,B,,,,,MIC ELECTRONICS LTD.,61.82,62.78,60.71,61.58,61.54,61.1,,61.56,,,40578,2505661.0,527,F1,1,,,,,,2025-04-23
2025-04-23,2025-04-23,CM,BSE,STK,532851,INE070I01018,INSECTICID,B,,,,,INSECTICIDES (INDIA) LTD.,757.95,757.95,732.8,742.0,741.65,744.6,,741.5,,,2700,2012124.0,488,F1,1,,,,,,2025-04-23
2025-04-23,2025-04-23,CM,BSE,STK,532853,INE228I01012,ASAHISONG,B,,,,,ASAHI SONGWON COLORS LTD.,375.35,383.9,369.2,372.45,372.5,373.95,,373.55,,,900,339530.0,65,F1,1,,,,,,2025-04-23
2025-04-23,2025-04-23,CM,BSE,STK,532855,INE928H01019,HARYNACAP,XT,,,,,HARYANA CAPFIN LTD.,203.0,203.0,194.95,196.0,197.0,194.25,,196.0,,,1704,339790.0,37,F1,1,,,,,,2025-04-23
2025-04-23,2025-04-23,CM,BSE,STK,532856,INE508G01029,TIMETECHNO,A,,,,,TIME TECHNOPLAST LTD.,376.05,379.85,368.6,370.6,372.4,377.1,,370.65,,,20661,7701226.0,580,F1,1,,,,,,2025-04-23
2025-04-23,2025-04-23,CM,BSE,STK,532859,INE170I01016,HGS,B,,,,,HINDUJA GLOBAL SOLUTIONS LTD.,516.0,523.95,509.1,517.65,516.0,515.7,,518.3,,,3354,1725289.0,480,F1,1,,,,,,2025-04-23
2025-04-23,2025-04-23,CM,BSE,STK,532864,INE189I01024,NELCAST,B,,,,,NELCAST LTD.,95.98,96.35,92.04,93.24,92.9,94.54,,93.38,,,2533,236796.0,89,F1,1,,,,,,2025-04-23
2025-04-23,2025-04-23,CM,BSE,STK,532867,INE945H01013,V2RETAIL,T,,,,,V2 RETAIL LTD.,1913.55,1978.0,1850.1,1898.35,1898.35,1913.55,,1903.2,,,7749,14797787.0,457,F1,1,,,,,,2025-04-23
2025-04-23,2025-04-23,CM,BSE,STK,532868,INE271C01023,DLF,A,,,,,DLF LTD.,690.0,696.15,679.2,687.7,687.7,684.95,,687.7,,,85256,58625602.0,3016,F1,1,,,,,,2025-04-23
2025-04-23,2025-04-23,CM,BSE,STK,532869,INE924H01018,TARMAT,B,,,,,TARMAT LTD.,55.64,55.86,54.3,54.58,54.61,54.5,,54.74,,,3669,200202.0,151,F1,1,,,,,,2025-04-23
2025-04-23,2025-04-23,CM,BSE,STK,532872,INE232I01014,SPARC,A,,,,,SUN PHARMA ADVANCED RESEARCH C,151.0,155.65,150.7,153.85,153.85,152.65,,153.76,,,66751,10207199.0,1425,F1,1,,,,,,2025-04-23
2025-04-23,2025-04-23,CM,BSE,STK,532875,INE102I01027,ADSL,B,,,,,ALLIED DIGITAL SERVICES LTD.,198.2,203.35,198.05,200.2,200.5,196.2,,199.97,,,10195,2044544.0,518,F1,1,,,,,,2025-04-23
2025-04-23,2025-04-23,CM,BSE,STK,532878,INE385I01010,ALPA,B,,,,,ALPA LABORATORIES LTD.,109.55,112.8,109.55,110.7,110.7,110.9,,110.58,,,1897,212252.0,63,F1,1,,,,,,2025-04-23
2025-04-23,2025-04-23,CM,BSE,STK,532879,INE117H01019,SSLEL,X,,,,,SIR SHADI LAL ENTERPRISES LTD.,279.95,281.95,263.85,280.2,281.95,267.65,,280.2,,,3953,1083412.0,24,F1,1,,,,,,2025-04-23
2025-04-23,2025-04-23,CM,BSE,STK,532880,INE800H01010,OMAXE,B,,,,,OMAXE LTD.,80.0,80.0,77.45,78.72,78.25,78.87,,78.85,,,8100,637251.0,109,F1,1,,,,,,2025-04-23
2025-04-23,2025-04-23,CM,BSE,STK,532884,INE056I01025,REFEX,T,,,,,REFEX INDUSTRIES LTD.,482.15,493.85,468.0,486.15,484.0,478.35,,484.6,,,26197,12653410.0,415,F1,1,,,,,,2025-04-23
2025-04-23,2025-04-23,CM,BSE,STK,532885,INE483A01010,CENTRALBK,A,,,,,CENTRAL BANK OF INDIA,38.95,39.01,37.44,38.27,38.27,38.5,,38.24,,,1088739,41519940.0,2533,F1,1,,,,,,2025-04-23
2025-04-23,2025-04-23,CM,BSE,STK,532886,INE105I01020,SELMC,B,,,,,SEL MANUFACTURING COMPANY LTD.,37.84,38.39,37.1,38.27,38.27,34.9,,38.25,,,30468,1162018.0,586,F1,1,,,,,,2025-04-23
2025-04-23,2025-04-23,CM,BSE,STK,532888,INE022I01019,ASIANTILES,B,,,,,ASIAN GRANITO INDIA LTD.,47.05,47.23,45.65,46.58,46.58,46.51,,46.37,,,68712,3187967.0,490,F1,1,,,,,,2025-04-23
2025-04-23,2025-04-23,CM,BSE,STK,532889,INE930H01031,KPRMILL,A,,,,,K.P.R.MILL LIMITED,1057.05,1085.05,1053.9,1078.2,1080.0,1062.35,,1073.35,,,23498,25207981.0,1430,F1,1,,,,,,2025-04-23
2025-04-23,2025-04-23,CM,BSE,STK,532890,INE142I01023,TAKE,Z,,,,,TAKE SOLUTIONS LTD.,8.93,8.93,8.77,8.77,8.77,8.93,,8.77,,,1751,15636.0,9,F1,1,,,,,,2025-04-23
2025-04-23,2025-04-23,CM,BSE,STK,532891,INE323I01011,PURVA,B,,,,,Puravankara Limited,266.4,272.35,252.9,263.65,263.65,256.85,,262.81,,,41359,10842600.0,1579,F1,1,,,,,,2025-04-23
2025-04-23,2025-04-23,CM,BSE,STK,532892,INE338I01027,MOTILALOFS,A,,,,,MOTILAL OSWAL FINANCIAL SERVIC,727.15,775.95,727.15,769.45,769.45,724.3,,769.0,,,340919,257852782.0,8061,F1,1,,,,,,2025-04-23
2025-04-23,2025-04-23,CM,BSE,STK,532893,INE222F01029,VTMLTD,XT,,,,,VTM LTD.,219.75,219.75,219.75,219.75,219.75,215.45,,219.75,,,8481,1863699.0,39,F1,1,,,,,,2025-04-23
2025-04-23,2025-04-23,CM,BSE,STK,532894,INE227G01018,INDOWIND,B,,,,,INDOWIND ENERGY LTD.,23.98,23.98,21.45,22.11,22.11,21.78,,22.07,,,471746,10607367.0,7355,F1,1,,,,,,2025-04-23
2025-04-23,2025-04-23,CM,BSE,STK,532895,INE245I01016,NAGREEKCAP,B,,,,,NAGREEKA CAPITAL & INFRASTRUCT,27.0,27.87,25.61,27.45,27.45,25.34,,27.29,,,928,24846.0,82,F1,1,,,,,,2025-04-23
2025-04-23,2025-04-23,CM,BSE,STK,532896,INE387I01016,MAGNUM,B,,,,,MAGNUM VENTURES LTD.,27.08,32.22,27.08,28.0,27.2,27.01,,27.39,,,4102,113301.0,26,F1,1,,,,,,2025-04-23
2025-04-23,2025-04-23,CM,BSE,STK,532898,INE752E01010,POWERGRID,A,,,,,POWER GRID CORPORATION OF INDI,315.9,315.9,309.4,314.9,314.9,312.6,,314.95,,,255885,80022612.0,6043,F1,1,,,,,,2025-04-23
2025-04-23,2025-04-23,CM,BSE,STK,532899,INE455I01029,KSCL,A,,,,,KAVERI SEED COMPANY LTD.,1500.6,1511.5,1447.95,1476.9,1481.0,1477.55,,1480.1,,,13959,20668679.0,1032,F1,1,,,,,,2025-04-23
2025-04-23,2025-04-23,CM,BSE,STK,532900,INE420C01059,PAISALO,A,,,,,PAISALO DIGITAL LIMITED,34.11,35.51,33.78,34.58,34.67,35.03,,34.57,,,344498,11899359.0,1358,F1,1,,,,,,2025-04-23
2025-04-23,2025-04-23,CM,BSE,STK,532902,INE429I01024,CCCL,B,,,,,CONSOLIDATED CONSTRUCTION CONS,14.99,15.0,14.55,14.7,14.85,14.68,,14.64,,,13852,205170.0,97,F1,1,,,,,,2025-04-23
2025-04-23,2025-04-23,CM,BSE,STK,532904,INE550H01011,SUPREMEINF,Z,,,,,SUPREME INFRASTRUCTURE INDIA L,99.95,99.95,98.0,98.0,98.0,100.0,,98.0,,,433,43116.0,4,F1,1,,,,,,2025-04-23
2025-04-23,2025-04-23,CM,BSE,STK,532906,INE215I01027,MAANALU,T,,,,,MAAN ALUMINIUM LTD.,87.49,88.87,86.0,87.0,87.39,87.49,,86.55,,,8168,707132.0,128,F1,1,,,,,,2025-04-23
2025-04-23,2025-04-23,CM,BSE,STK,532907,INE369I01014,IL&FSENGG,Z,,,,,IL&FS ENGINEERING AND CONSTRUC,40.35,42.44,40.35,42.44,42.44,40.42,,42.44,,,180001,7634121.0,86,F1,1,,,,,,2025-04-23
2025-04-23,2025-04-23,CM,BSE,STK,532911,INE272G01014,PARLEIND,XT,,,,,PARLE INDUSTRIES LIMITED,19.33,19.33,19.33,19.33,19.33,19.72,,19.33,,,7419,143409.0,71,F1,1,,,,,,2025-04-23
2025-04-23,2025-04-23,CM,BSE,STK,532915,INE621H01010,RELIGARE,A,,,,,RELIGARE ENTERPRISES LTD.,226.0,228.9,218.85,219.5,219.5,224.05,,219.1,,,32883,7309472.0,1004,F1,1,,,,,,2025-04-23
2025-04-23,2025-04-23,CM,BSE,STK,532916,INE139I01011,BVCL,B,,,,,BARAK VALLEY CEMENTS LTD.,41.08,43.73,40.9,41.76,41.98,40.94,,41.05,,,1599,67019.0,93,F1,1,,,,,,2025-04-23
2025-04-23,2025-04-23,CM,BSE,STK,532918,INE575I01016,RATHIBAR,X,,,,,RATHI BARS LTD.,35.32,35.9,35.15,35.56,35.72,35.15,,35.56,,,18036,639160.0,64,F1,1,,,,,,2025-04-23
2025-04-23,2025-04-23,CM,BSE,STK,532921,INE742F01042,ADANIPORTS,A,,,,,ADANI PORTS AND SPECIAL ECONOM,1243.5,1243.5,1216.65,1238.9,1238.9,1232.65,,1239.1,,,88171,108741833.0,4112,F1,1,,,,,,2025-04-23
2025-04-23,2025-04-23,CM,BSE,STK,532922,INE532F01054,EDELWEISS,A,,,,,EDELWEISS FINANCIAL SERVICES L,87.2,88.14,84.5,85.43,85.43,87.2,,85.45,,,243769,20898120.0,1647,F1,1,,,,,,2025-04-23
2025-04-23,2025-04-23,CM,BSE,STK,532923,INE722H01024,RGL,B,,,,,RENAISSANCE GLOBAL LIMITED,125.5,126.05,121.85,123.6,123.1,124.05,,123.88,,,57874,7168872.0,1599,F1,1,,,,,,2025-04-23
2025-04-23,2025-04-23,CM,BSE,STK,532924,INE094I01018,KOLTEPATIL,B,,,,,KOLTE-PATIL DEVELOPERS LTD.,340.85,345.85,333.65,340.45,340.2,340.4,,340.05,,,5621,1906859.0,335,F1,1,,,,,,2025-04-23
2025-04-23,2025-04-23,CM,BSE,STK,532925,INE234I01028,KAUSHALYA,B,,,,,KAUSHALYA INFRASTRUCTURE DEVEL,912.05,979.0,912.0,965.8,967.95,917.45,,966.6,,,89,84410.0,35,F1,1,,,,,,2025-04-23
2025-04-23,2025-04-23,CM,BSE,STK,532926,INE668F01031,JYOTHYLAB,A,,,,,JYOTHY LABS LIMITED,399.0,399.95,386.15,388.5,392.05,393.95,,390.75,,,55514,21735966.0,1142,F1,1,,,,,,2025-04-23
2025-04-23,2025-04-23,CM,BSE,STK,532927,INE738I01010,ECLERX,A,,,,,ECLERX SERVICES LTD.,2550.0,2692.1,2550.0,2638.45,2630.0,2567.65,,2644.0,,,3505,9266769.0,738,F1,1,,,,,,2025-04-23
2025-04-23,2025-04-23,CM,BSE,STK,532928,INE763I01026,TARIL,B,,,,,TRANSFORMERS AND RECTIFIERS (I,581.55,594.8,552.45,560.0,560.0,575.0,,560.15,,,337462,191096809.0,8344,F1,1,,,,,,2025-04-23
2025-04-23,2025-04-23,CM,BSE,STK,532929,INE791I01019,BRIGADE,A,,,,,BRIGADE ENTERPRISES LTD.,1002.7,1053.0,1002.7,1047.9,1046.35,1033.65,,1048.75,,,7682,8021185.0,707,F1,1,,,,,,2025-04-23
2025-04-23,2025-04-23,CM,BSE,STK,532930,INE661I01014,BGRENERGY,T,,,,,BGR ENERGY SYSTEMS LTD.,89.7,89.7,89.7,89.7,89.7,85.43,,89.4,,,65421,5868263.0,121,F1,1,,,,,,2025-04-23
2025-04-23,2025-04-23,CM,BSE,STK,532932,INE015D01022,MANAKSIA,B,,,,,MANAKSIA LTD.,71.95,74.93,71.43,73.13,73.05,70.93,,73.05,,,14375,1054942.0,377,F1,1,,,,,,2025-04-23
2025-04-23,2025-04-23,CM,BSE,STK,532933,INE386I01018,PORWAL,X,,,,,PORWAL AUTO COMPONENTS LTD.,44.56,46.38,42.1,46.09,44.51,44.97,,46.09,,,4389,197803.0,33,F1,1,,,,,,2025-04-23
2025-04-23,2025-04-23,CM,BSE,STK,532934,INE095I01015,PPAP,B,,,,,PPAP,179.9,182.45,178.1,180.1,178.1,178.05,,179.2,,,2824,507865.0,128,F1,1,,,,,,2025-04-23
2025-04-23,2025-04-23,CM,BSE,STK,532935,INE298I01015,ARIES,B,,,,,ARIES AGRO LTD.,274.75,274.75,267.55,270.55,270.3,272.15,,271.2,,,1395,376738.0,117,F1,1,,,,,,2025-04-23
2025-04-23,2025-04-23,CM,BSE,STK,532937,INE529I01021,KUANTUM,B,,,,,KUANTUM PAPERS LTD.,112.65,113.05,109.0,109.6,109.8,111.85,,109.59,,,5434,600510.0,432,F1,1,,,,,,2025-04-23
2025-04-23,2025-04-23,CM,BSE,STK,532939,INE614G01033,RPOWER,A,,,,,RELIANCE POWER LTD.,43.89,44.18,42.32,43.55,43.55,43.54,,43.53,,,3519503,152339516.0,6982,F1,1,,,,,,2025-04-23
2025-04-23,2025-04-23,CM,BSE,STK,532940,INE576I01022,JKIL,A,,,,,J.KUMAR INFRAPROJECTS LTD.,699.55,700.6,678.0,682.2,678.5,693.85,,681.4,,,6068,4185000.0,448,F1,1,,,,,,2025-04-23
2025-04-23,2025-04-23,CM,BSE,STK,532941,INE792I01017,CORDSCABLE,B,,,,,CORDS CABLE INDUSTRIES LTD.,184.35,192.2,181.35,187.4,186.0,182.2,,186.97,,,17857,3352110.0,1034,F1,1,,,,,,2025-04-23
2025-04-23,2025-04-23,CM,BSE,STK,532942,INE634I01029,KNRCON,A,,,,,KNR CONSTRUCTIONS LTD.,236.8,238.8,230.3,234.15,233.75,234.15,,233.75,,,52618,12323788.0,1139,F1,1,,,,,,2025-04-23
2025-04-23,2025-04-23,CM,BSE,STK,532944,INE809I01019,ONMOBILE,B,,,,,ONMOBILE,49.9,50.6,48.23,49.18,49.18,49.39,,49.08,,,39669,1944818.0,576,F1,1,,,,,,2025-04-23
2025-04-23,2025-04-23,CM,BSE,STK,532945,INE964H01014,SEPC,A,,,,,SEPC LIMITED,15.83,16.12,15.28,15.71,15.71,15.66,,15.71,,,984323,15407995.0,2367,F1,1,,,,,,2025-04-23
2025-04-23,2025-04-23,CM,BSE,STK,532946,INE863I01016,BANG,B,,,,,BANG OVERSEAS LTD.,51.25,52.5,49.92,49.92,49.92,50.16,,49.65,,,84,4200.0,8,F1,1,,,,,,2025-04-23
2025-04-23,2025-04-23,CM,BSE,STK,532947,INE821I01022,IRB,A,,,,,IRB INFRASTRUCTURE DEVELOPERS,48.89,49.03,47.44,48.58,48.58,48.56,,48.6,,,1526505,73730701.0,6265,F1,1,,,,,,2025-04-23
2025-04-23,2025-04-23,CM,BSE,STK,532951,INE871H01011,GSS,B,,,,,GSS INFOTECH LTD.,36.62,38.44,35.77,37.82,37.82,36.16,,37.54,,,25952,976986.0,463,F1,1,,,,,,2025-04-23
2025-04-23,2025-04-23,CM,BSE,STK,532952,INE049I01012,NAHARCAP,B,,,,,NAHAR CAPITAL & FINANCIAL SERV,270.95,274.0,267.0,268.45,268.45,271.25,,269.47,,,352,95436.0,89,F1,1,,,,,,2025-04-23
2025-04-23,2025-04-23,CM,BSE,STK,532953,INE951I01027,VGUARD,A,,,,,V-GUARD INDUSTRIES LTD.,360.45,361.3,355.6,358.95,358.95,359.9,,358.9,,,4358,1562207.0,219,F1,1,,,,,,2025-04-23
2025-04-23,2025-04-23,CM,BSE,STK,532955,INE020B01018,RECLTD,A,,,,,REC LIMITED,440.0,447.25,429.4,440.85,440.85,440.25,,440.8,,,188863,82820156.0,4514,F1,1,,,,,,2025-04-23
2025-04-23,2025-04-23,CM,BSE,STK,532957,INE642I01014,GOKAKTEX,XT,,,,,GOKAK TEXTILES LTD.,89.55,89.55,89.55,89.55,89.55,87.8,,89.55,,,36,3223.0,2,F1,1,,,,,,2025-04-23
2025-04-23,2025-04-23,CM,BSE,STK,532960,INE274G01010,DHANI,A,,,,,Dhani Services Limited,62.76,64.5,60.75,62.07,62.07,62.3,,62.09,,,466215,29102299.0,2697,F1,1,,,,,,2025-04-23
2025-04-23,2025-04-23,CM,BSE,STK,532966,INE615H01020,TITAGARH,A,,,,,TITAGARH RAIL SYSTEMS LIMITED,796.7,810.0,783.0,799.2,799.2,795.4,,799.35,,,196551,157101740.0,6817,F1,1,,,,,,2025-04-23
2025-04-23,2025-04-23,CM,BSE,STK,532967,INE415I01015,KIRIINDUS,B,,,,,KIRI INDUSTRIES LTD.,614.65,618.5,598.35,607.3,606.5,609.85,,606.45,,,21016,12760447.0,834,F1,1,,,,,,2025-04-23
2025-04-23,2025-04-23,CM,BSE,STK,532974,INE865C01022,BIRLAMONEY,T,,,,,ADITYA BIRLA MONEY LTD.,155.45,155.45,155.45,155.45,155.45,158.6,,155.45,,,16255,2526839.0,43,F1,1,,,,,,2025-04-23
2025-04-23,2025-04-23,CM,BSE,STK,532975,INE778I01024,TELOGICA,Z,,,,,TELOGICA LIMITED,10.24,10.24,9.85,9.85,9.85,10.04,,9.85,,,1041,10464.0,10,F1,1,,,,,,2025-04-23
2025-04-23,2025-04-23,CM,BSE,STK,532976,INE091G01026,JAIBALAJI,A,,,,,JAI BALAJI INDUSTRIES LTD.,134.1,134.95,128.3,129.75,130.05,133.5,,129.91,,,18567,2420760.0,395,F1,1,,,,,,2025-04-23
2025-04-23,2025-04-23,CM,BSE,STK,532977,INE917I01010,BAJAJ-AUTO,A,,,,,BAJAJ AUTO LTD.,8141.0,8291.05,8049.15,8257.2,8240.0,8136.65,,8261.5,,,9133,74588038.0,2074,F1,1,,,,,,2025-04-23
2025-04-23,2025-04-23,CM,BSE,STK,532978,INE918I01026,BAJAJFINSV,A,,,,,BAJAJ FINSERV LTD.,2099.45,2116.85,2057.0,2100.0,2100.0,2077.9,,2100.8,,,108533,226513998.0,9414,F1,1,,,,,,2025-04-23
2025-04-23,2025-04-23,CM,BSE,STK,532980,INE020J01029,GOKUL,B,,,,,GOKUL REFOILS & SOLVENT LTD.,45.7,45.9,44.22,45.11,45.11,45.7,,44.64,,,6731,302999.0,72,F1,1,,,,,,2025-04-23
2025-04-23,2025-04-23,CM,BSE,STK,532983,INE105J01010,RPGLIFE,B,,,,,RPG LIFE SCIENCES LTD.,2270.0,2327.0,2229.2,2309.35,2302.55,2258.6,,2315.0,,,1140,2607129.0,294,F1,1,,,,,,2025-04-23
2025-04-23,2025-04-23,CM,BSE,STK,532985,INF174KA1JD7,SENSEX1,A,,,,,KOTAK MAHINDRA MUTUAL FUND,85.31,87.02,85.31,86.58,86.4,85.66,,86.58,,,2345,201724.0,91,F1,1,,,,,,2025-04-23
2025-04-23,2025-04-23,CM,BSE,STK,532986,INE368I01016,NIRAJ,B,,,,,NIRAJ CEMENT STRUCTURALS LTD.,60.25,61.4,58.57,59.93,59.53,60.82,,59.72,,,4565,273267.0,73,F1,1,,,,,,2025-04-23
2025-04-23,2025-04-23,CM,BSE,STK,532989,INE878I01022,BAFNAPH,T,,,,,BAFNA PHARMACEUTICALS LTD.,74.0,74.0,74.0,74.0,74.0,73.09,,74.01,,,250,18500.0,1,F1,1,,,,,,2025-04-23
2025-04-23,2025-04-23,CM,BSE,STK,532992,INE790D01020,CHLLTD,X,,,,,CHL LTD.,36.49,36.49,34.52,34.75,34.75,36.49,,34.75,,,1480,53305.0,13,F1,1,,,,,,2025-04-23
2025-04-23,2025-04-23,CM,BSE,STK,532993,INE955I01044,SEJALLTD,B,,,,,SEJAL GLASS LIMITED,403.55,409.95,400.0,402.05,402.0,402.15,,403.65,,,237,95763.0,38,F1,1,,,,,,2025-04-23
2025-04-23,2025-04-23,CM,BSE,STK,532994,INE877I01016,ARCHIDPLY,B,,,,,ARCHIDPLY INDUSTRIES LTD.,102.76,102.76,95.07,96.15,96.15,102.76,,96.86,,,3441,334893.0,145,F1,1,,,,,,2025-04-23
2025-04-23,2025-04-23,CM,BSE,STK,532998,INE947I01017,LOTUSEYE,B,,,,,Lotus Eye Hospital And Institu,66.83,67.48,66.0,66.79,66.69,66.67,,66.8,,,708,46805.0,63,F1,1,,,,,,2025-04-23
2025-04-23,2025-04-23,CM,BSE,STK,533001,INE323J01019,SOMICONVEY,B,,,,,SOMI CONVEYOR BELTINGS LTD.,199.0,203.9,190.9,193.85,194.65,194.0,,194.03,,,6138,1223708.0,304,F1,1,,,,,,2025-04-23
2025-04-23,2025-04-23,CM,BSE,STK,533007,INE201J01017,LGBFORGE,XT,,,,,LGB FORGE LTD.,11.39,11.71,10.8,11.43,11.62,11.17,,11.43,,,205639,2322014.0,307,F1,1,,,,,,2025-04-23
2025-04-23,2025-04-23,CM,BSE,STK,533012,INE197J01017,LPDC,B,,,,,LANDMARK PROPERTY DEVELOPMENT,8.8,9.18,8.77,8.84,8.77,9.15,,8.82,,,6388,56989.0,110,F1,1,,,,,,2025-04-23
2025-04-23,2025-04-23,CM,BSE,STK,533014,INE176J01011,SICAGEN,X,,,,,SICAGEN INDIA LTD.,66.75,66.75,62.5,63.87,63.87,64.08,,63.87,,,7624,488150.0,97,F1,1,,,,,,2025-04-23
2025-04-23,2025-04-23,CM,BSE,STK,533022,INE144J01027,20MICRONS,B,,,,,20 MICRONS LTD.,233.8,235.15,225.0,228.35,228.65,229.2,,227.65,,,28359,6490503.0,1069,F1,1,,,,,,2025-04-23
2025-04-23,2025-04-23,CM,BSE,STK,533023,INE342J01019,ZFCVINDIA,A,,,,,ZF Commercial Vehicle Control,12792.0,12972.0,12650.1,12898.5,12972.0,12974.9,,12899.0,,,560,7170456.0,211,F1,1,,,,,,2025-04-23
2025-04-23,2025-04-23,CM,BSE,STK,533029,INE773I01017,ALKALI,B,,,,,ALKALI METALS LTD.,93.95,93.95,88.69,90.83,89.8,90.23,,91.22,,,6974,630340.0,200,F1,1,,,,,,2025-04-23
2025-04-23,2025-04-23,CM,BSE,STK,533033,INE858B01029,ISGEC,A,,,,,ISGEC HEAVY ENGINEERING LTD.,1141.55,1185.0,1119.95,1180.65,1180.0,1134.1,,1180.4,,,4743,5515365.0,994,F1,1,,,,,,2025-04-23
2025-04-23,2025-04-23,CM,BSE,STK,533047,INE919H01018,IMFA,B,,,,,INDIAN METALS & FERRO ALLOYS L,655.3,655.3,633.4,645.05,645.05,639.3,,645.5,,,1873,1205584.0,140,F1,1,,,,,,2025-04-23
2025-04-23,2025-04-23,CM,BSE,STK,533048,INE065J01024,TPHQ,B,,,,,Teamo Productions HQ Limited,1.19,1.23,1.14,1.15,1.15,1.19,,1.1,,,2856717,3313949.0,741,F1,1,,,,,,2025-04-23
2025-04-23,2025-04-23,CM,BSE,STK,533056,INE359B01010,VEDAVAAG,X,,,,,VEDAVAAG SYSTEMS LTD.,49.0,50.44,48.6,49.85,49.99,48.79,,49.85,,,78875,3927593.0,266,F1,1,,,,,,2025-04-23
2025-04-23,2025-04-23,CM,BSE,STK,533080,INE893J01029,MOLDTKPAC,B,,,,,MOLD-TEK PACKAGING LIMITED,520.7,521.65,509.95,513.15,516.0,514.7,,513.05,,,3149,1618735.0,297,F1,1,,,,,,2025-04-23
2025-04-23,2025-04-23,CM,BSE,STK,533088,INE998I01010,MHRIL,A,,,,,MAHINDRA HOLIDAYS & RESORTS IN,320.0,321.65,312.1,316.75,317.6,317.65,,316.6,,,13043,4125374.0,539,F1,1,,,,,,2025-04-23
2025-04-23,2025-04-23,CM,BSE,STK,533090,INE688J01023,EXCEL,B,,,,,EXCEL REALTY N INFRA LTD.,0.77,0.78,0.75,0.75,0.75,0.77,,0.75,,,1350015,1021040.0,527,F1,1,,,,,,2025-04-23
2025-04-23,2025-04-23,CM,BSE,STK,533093,INE294G01026,ROML,B,,,,,RAJ OIL MILLS LTD.,51.5,51.5,48.05,48.89,48.5,48.99,,48.32,,,1486,72555.0,104,F1,1,,,,,,2025-04-23
2025-04-23,2025-04-23,CM,BSE,STK,533095,INE083K01017,BENGALASM,B,,,,,BENGAL & ASSAM COMPANY LTD.,7546.0,7650.0,7451.25,7640.0,7640.0,7545.0,,7640.0,,,94,711971.0,36,F1,1,,,,,,2025-04-23
2025-04-23,2025-04-23,CM,BSE,STK,533096,INE814H01011,ADANIPOWER,A,,,,,ADANI POWER LTD.,577.75,584.0,574.1,579.55,579.55,573.2,,579.4,,,327818,189604116.0,5901,F1,1,,,,,,2025-04-23
2025-04-23,2025-04-23,CM,BSE,STK,533098,INE848E01016,NHPC,A,,,,,NHPC LTD.,90.79,91.45,88.65,90.37,90.37,89.88,,90.37,,,2368772,213811555.0,15340,F1,1,,,,,,2025-04-23
2025-04-23,2025-04-23,CM,BSE,STK,533100,INE429K01012,PEIL,XT,,,,,PREMIER ENERGY AND INFRASTRUCT,4.92,4.92,4.92,4.92,4.92,4.83,,4.92,,,118016,580638.0,25,F1,1,,,,,,2025-04-23
2025-04-23,2025-04-23,CM,BSE,STK,533101,INE360J01011,SURYAAMBA,X,,,,,SURYAAMBA SPINNING MILLS LTD.,154.0,156.0,152.0,156.0,156.0,151.7,,156.0,,,405,62376.0,13,F1,1,,,,,,2025-04-23
2025-04-23,2025-04-23,CM,BSE,STK,533104,INE615I01010,GLOBUSSPR,B,,,,,GLOBUS SPIRITS LTD.,1085.0,1099.0,1061.7,1082.05,1082.05,1083.1,,1083.8,,,11194,12088663.0,851,F1,1,,,,,,2025-04-23
2025-04-23,2025-04-23,CM,BSE,STK,533106,INE274J01014,OIL,A,,,,,OIL INDIA LTD.,404.0,415.3,399.3,406.9,406.9,404.0,,406.85,,,244849,99708507.0,5250,F1,1,,,,,,2025-04-23
2025-04-23,2025-04-23,CM,BSE,STK,533108,INE274K01012,BTTL,X,,,,,BHILWARA TECHNICAL TEXTILES LT,43.0,44.0,41.8,43.72,43.8,43.85,,43.72,,,11184,481421.0,69,F1,1,,,,,,2025-04-23
2025-04-23,2025-04-23,CM,BSE,STK,533121,INE201K01015,EXPLEOSOL,B,,,,,EXPLEO SOLUTIONS LIMITED,880.05,904.9,880.05,900.75,894.0,880.7,,902.0,,,426,381782.0,80,F1,1,,,,,,2025-04-23
2025-04-23,2025-04-23,CM,BSE,STK,533122,INE399K01017,RTNPOWER,A,,,,,RATTANINDIA POWER LTD.,11.91,11.93,11.1,11.34,11.34,11.63,,11.33,,,3322467,37925886.0,4136,F1,1,,,,,,2025-04-23
2025-04-23,2025-04-23,CM,BSE,STK,533137,INE947J01015,DEN,B,,,,,DEN NETWORKS LTD,35.01,35.45,33.75,34.25,34.25,34.68,,34.28,,,75108,2580523.0,703,F1,1,,,,,,2025-04-23
2025-04-23,2025-04-23,CM,BSE,STK,533138,INE563J01010,ASTEC,B,,,,,ASTEC LIFESCIENCES LIMITED,780.0,788.7,756.55,769.6,767.4,762.6,,765.25,,,1807,1400562.0,251,F1,1,,,,,,2025-04-23
2025-04-23,2025-04-23,CM,BSE,STK,533146,INE250K01012,DLINKINDIA,B,,,,,D-LINK (INDIA) LTD,463.95,475.45,453.95,463.55,464.3,464.4,,463.45,,,17673,8176505.0,781,F1,1,,,,,,2025-04-23
2025-04-23,2025-04-23,CM,BSE,STK,533148,INE121E01018,JSWENERGY,A,,,,,JSW ENERGY LTD,514.55,514.55,504.55,508.75,508.75,508.85,,508.85,,,597558,303527049.0,9332,F1,1,,,,,,2025-04-23
2025-04-23,2025-04-23,CM,BSE,STK,533149,INE143K01019,YUNIKM,X,,,,,Yunik Managing Advisors Limite,12.73,12.73,11.89,12.49,12.49,12.73,,12.49,,,308,3796.0,6,F1,1,,,,,,2025-04-23
2025-04-23,2025-04-23,CM,BSE,STK,533150,INE484J01027,GODREJPROP,A,,,,,GODREJ PROPERTIES LTD,2100.0,2180.0,2100.0,2153.1,2153.1,2097.4,,2152.4,,,73968,158784004.0,4778,F1,1,,,,,,2025-04-23
2025-04-23,2025-04-23,CM,BSE,STK,533151,INE950I01011,DBCORP,B,,,,,D B CORP LTD,253.65,255.05,249.85,250.4,249.85,251.35,,250.26,,,2791,702804.0,109,F1,1,,,,,,2025-04-23
2025-04-23,2025-04-23,CM,BSE,STK,533152,INE912H01013,MBLINFRA,B,,,,,MBL Infrastructure Ltd,49.73,49.86,46.21,47.11,46.84,49.0,,47.15,,,11362,538421.0,301,F1,1,,,,,,2025-04-23
2025-04-23,2025-04-23,CM,BSE,STK,533155,INE797F01020,JUBLFOOD,A,,,,,JUBILANT FOODWORKS LTD,703.3,716.8,689.7,713.35,713.35,702.7,,713.45,,,57400,40374882.0,3596,F1,1,,,,,,2025-04-23
2025-04-23,2025-04-23,CM,BSE,STK,533156,INE893I01013,VASCONEQ,B,,,,,VASCON ENGINEERS LTD,42.33,42.55,40.26,41.42,41.35,41.98,,41.41,,,127905,5280255.0,990,F1,1,,,,,,2025-04-23
2025-04-23,2025-04-23,CM,BSE,STK,533158,INE085J01014,THANGAMAYL,B,,,,,THANGAMAYIL JEWELLERY LTD,2168.0,2168.0,2080.6,2093.75,2114.6,2164.0,,2092.0,,,3745,7897567.0,496,F1,1,,,,,,2025-04-23
2025-04-23,2025-04-23,CM,BSE,STK,533160,INE879I01012,DBREALTY,A,,,,,VALOR ESTATE LIMITED,186.45,189.4,181.25,186.45,186.45,186.45,,186.37,,,92828,17215273.0,1418,F1,1,,,,,,2025-04-23
2025-04-23,2025-04-23,CM,BSE,STK,533161,INE753K01015,EMMBI,B,,,,,EMMBI INDUSTRIES LTD,114.66,115.11,110.0,112.12,113.05,113.55,,112.1,,,5784,644120.0,222,F1,1,,,,,,2025-04-23
2025-04-23,2025-04-23,CM,BSE,STK,533162,INE982F01036,HATHWAY,B,,,,,HATHWAY CABLE & DATACOM LTD,14.71,14.92,14.31,14.75,14.75,14.54,,14.73,,,1286139,18861510.0,1937,F1,1,,,,,,2025-04-23
2025-04-23,2025-04-23,CM,BSE,STK,533164,INE141K01013,TEXMOPIPES,B,,,,,TEXMO PIPES & PRODUCTS LTD.,66.34,66.34,62.75,63.23,63.64,65.69,,63.4,,,29059,1867401.0,811,F1,1,,,,,,2025-04-23
2025-04-23,2025-04-23,CM,BSE,STK,533166,INE108E01023,SUNDARAM,B,,,,,SUNDARAM MULTI PAP LTD.,2.04,2.07,2.02,2.04,2.04,2.05,,2.05,,,78128,159328.0,257,F1,1,,,,,,2025-04-23
2025-04-23,2025-04-23,CM,BSE,STK,533167,INE312J01012,COROENGG,XT,,,,,COROMANDEL ENGINEERING COMPANY,48.5,50.92,48.0,50.92,50.92,48.5,,50.92,,,2138,104851.0,7,F1,1,,,,,,2025-04-23
2025-04-23,2025-04-23,CM,BSE,STK,533168,INE847C01020,ROSSELLIND,T,,,,,ROSSELL INDIA LTD.,75.25,76.9,74.06,76.46,76.49,75.28,,75.35,,,4473,339421.0,74,F1,1,,,,,,2025-04-23
2025-04-23,2025-04-23,CM,BSE,STK,533169,INE949H01023,MANINFRA,A,,,,,MAN INFRACONSTRUCTION LTD.,168.0,168.0,161.7,164.05,163.3,166.7,,164.0,,,21642,3559233.0,817,F1,1,,,,,,2025-04-23
2025-04-23,2025-04-23,CM,BSE,STK,533170,INE864J01012,TAMBOLIIN,X,,,,,TAMBOLI INDUSTRIES LIMITED,156.8,157.0,149.0,150.25,150.25,156.8,,150.25,,,2131,325386.0,20,F1,1,,,,,,2025-04-23
2025-04-23,2025-04-23,CM,BSE,STK,533172,INF205K01361,IVZINGOLD,E,,,,,INVESCO India Gold Exchange Tr,8670.0,8670.0,8341.0,8445.95,8445.95,8753.5,,8428.2,,,161,1354940.0,54,F1,1,,,,,,2025-04-23
2025-04-23,2025-04-23,CM,BSE,STK,533179,INE262H01021,PERSISTENT,A,,,,,PERSISTENT SYSTEMS LTD.,5026.05,5248.95,5026.05,5162.7,5162.7,4962.25,,5163.5,,,65737,339145658.0,12267,F1,1,,,,,,2025-04-23
2025-04-23,2025-04-23,CM,BSE,STK,533181,INE566K01011,ISFT,B,,,,,INTRASOFT TECHNOLOGIES LTD.,108.35,109.0,106.29,108.85,109.0,107.73,,108.67,,,2749,297594.0,160,F1,1,,,,,,2025-04-23
2025-04-23,2025-04-23,CM,BSE,STK,533189,INE516K01024,GOENKA,Z,,,,,GOENKA DIAMOND & JEWELS LTD.,0.96,0.96,0.92,0.93,0.93,0.96,,0.93,,,39878,36980.0,51,F1,1,,,,,,2025-04-23
2025-04-23,2025-04-23,CM,BSE,STK,533192,INE790B01024,KCPSUGIND,B,,,,,KCP SUGAR & INDUSTRIES CORPORA,37.46,37.85,36.57,37.1,37.34,37.38,,37.17,,,26007,963534.0,487,F1,1,,,,,,2025-04-23
2025-04-23,2025-04-23,CM,BSE,STK,533193,INE134B01017,KECL,B,,,,,KIRLOSKAR ELECTRIC COMPANY LTD,140.9,140.9,135.8,139.45,140.6,137.7,,138.43,,,19588,2707638.0,437,F1,1,,,,,,2025-04-23
2025-04-23,2025-04-23,CM,BSE,STK,533202,INE639K01016,SATCH,X,,,,,SATCHMO HOLDINGS LIMITED,3.43,3.43,3.0,3.28,3.28,3.33,,3.28,,,117593,376396.0,110,F1,1,,,,,,2025-04-23
2025-04-23,2025-04-23,CM,BSE,STK,533203,INE747K01017,TARAPUR,T,,,,,TARAPUR TRANSFORMERS LTD,30.4,30.4,30.19,30.19,30.19,30.8,,30.19,,,2186,66079.0,20,F1,1,,,,,,2025-04-23
2025-04-23,2025-04-23,CM,BSE,STK,533206,INE002L01015,SJVN,A,,,,,SJVN LTD,100.1,100.93,97.6,100.0,100.0,99.07,,100.01,,,636027,63165428.0,4306,F1,1,,,,,,2025-04-23
2025-04-23,2025-04-23,CM,BSE,STK,533208,INE830C01026,EMAMIPAP,B,,,,,EMAMI PAPER MILLS LTD.,98.87,99.05,95.85,97.67,97.9,97.81,,97.28,,,2869,279723.0,169,F1,1,,,,,,2025-04-23
2025-04-23,2025-04-23,CM,BSE,STK,533210,INE798K01010,KRITINUT,B,,,,,KRITI NUTRIENTS LTD,105.0,106.2,103.55,103.55,103.55,103.89,,103.84,,,2144,223989.0,324,F1,1,,,,,,2025-04-23
2025-04-23,2025-04-23,CM,BSE,STK,533212,INE265D01015,GKB,X,,,,,GKB OPHTHALMICS LTD.,72.8,75.9,72.8,74.54,75.39,71.94,,74.54,,,899,67354.0,13,F1,1,,,,,,2025-04-23
2025-04-23,2025-04-23,CM,BSE,STK,533217,INE871K01015,HMVL,B,,,,,HINDUSTAN MEDIA VENTURES LTD.,88.0,88.0,85.05,85.66,85.55,86.32,,86.3,,,1864,160932.0,57,F1,1,,,,,,2025-04-23
2025-04-23,2025-04-23,CM,BSE,STK,533218,INE778K01012,EMAMIREAL,B,,,,,EMAMI REALTY LIMITED,124.3,129.65,122.25,129.65,129.65,123.5,,129.65,,,1255,161876.0,52,F1,1,,,,,,2025-04-23
2025-04-23,2025-04-23,CM,BSE,STK,533227,INE926K01017,AHLEAST,B,,,,,ASIAN HOTELS (EAST) LTD.,142.1,142.7,140.0,140.95,141.0,142.6,,140.07,,,537,76144.0,36,F1,1,,,,,,2025-04-23
2025-04-23,2025-04-23,CM,BSE,STK,533229,INE933K01021,BAJAJCON,A,,,,,BAJAJ CONSUMER CARE LIMITED,176.0,177.9,173.0,175.55,175.65,176.0,,175.37,,,13497,2368788.0,503,F1,1,,,,,,2025-04-23
2025-04-23,2025-04-23,CM,BSE,STK,533230,INF179KC1981,HDFCGOLD,E,,,,,HDFC MUTUAL FUND - HDFC GOLD E,82.95,85.25,82.01,82.93,82.93,85.17,,82.85,,,540209,44691665.0,3954,F1,1,,,,,,2025-04-23
2025-04-23,2025-04-23,CM,BSE,STK,533239,INE696K01024,PRAKASHSTL,B,,,,,PRAKASH STEELAGE LTD.,7.43,7.43,6.92,6.99,7.01,7.0,,6.97,,,59827,422436.0,238,F1,1,,,,,,2025-04-23
2025-04-23,2025-04-23,CM,BSE,STK,533244,INF109KC1NT3,GOLDIETF,E,,,,,ICICI Prudential Gold ETF,84.5,84.5,81.85,82.97,82.97,85.51,,82.99,,,601774,49763168.0,4918,F1,1,,,,,,2025-04-23
2025-04-23,2025-04-23,CM,BSE,STK,533248,INE517F01014,GPPL,A,,,,,GUJARAT PIPAVAV PORT LTD.,152.45,155.6,148.6,150.05,150.05,150.2,,149.82,,,182280,27602853.0,4265,F1,1,,,,,,2025-04-23
2025-04-23,2025-04-23,CM,BSE,STK,533252,INE389K01018,WELINV,B,,,,,WELSPUN INVESTMENTS AND COMMER,840.6,910.0,820.0,820.0,820.0,840.6,,871.35,,,338,292427.0,72,F1,1,,,,,,2025-04-23
2025-04-23,2025-04-23,CM,BSE,STK,533259,INE019J01013,SASTASUNDR,B,,,,,Sastasundar Ventures Limited,260.15,260.15,254.0,256.85,254.85,254.85,,257.15,,,411,105303.0,204,F1,1,,,,,,2025-04-23
2025-04-23,2025-04-23,CM,BSE,STK,533260,INE521J01018,CPCAP,B,,,,,CP CAPITAL LIMITED,397.05,397.8,391.0,394.1,394.0,396.05,,396.3,,,21,8275.0,11,F1,1,,,,,,2025-04-23
2025-04-23,2025-04-23,CM,BSE,STK,533262,INE874I01013,RAMKY,B,,,,,RAMKY INFRASTRUCTURE LTD.,505.55,514.85,490.75,501.2,504.0,503.6,,501.4,,,11094,5554777.0,649,F1,1,,,,,,2025-04-23
2025-04-23,2025-04-23,CM,BSE,STK,533263,INE999K01014,GREENPOWER,A,,,,,ORIENT GREEN POWER COMPANY LTD,13.39,13.6,12.9,13.14,13.14,13.35,,13.13,,,1010390,13347450.0,2938,F1,1,,,,,,2025-04-23
2025-04-23,2025-04-23,CM,BSE,STK,533267,INE068L01024,CANTABIL,B,,,,,CANTABIL RETAIL INDIA LTD.,264.3,267.3,258.0,264.9,264.05,262.65,,264.45,,,8302,2190754.0,218,F1,1,,,,,,2025-04-23
2025-04-23,2025-04-23,CM,BSE,STK,533268,INE351L01016,SEATV,X,,,,,SEA TV NETWORK LTD.,8.9,8.9,8.1,8.1,8.1,8.9,,8.1,,,881,7436.0,25,F1,1,,,,,,2025-04-23
2025-04-23,2025-04-23,CM,BSE,STK,533269,INE956G01038,WABAG,A,,,,,VA TECH WABAG LTD.,1449.55,1455.15,1410.0,1437.8,1437.8,1427.6,,1439.3,,,23451,33563488.0,1577,F1,1,,,,,,2025-04-23
2025-04-23,2025-04-23,CM,BSE,STK,533270,INE844K01012,BEDMUTHA,B,,,,,BEDMUTHA INDUSTRIES LTD.,163.95,166.45,162.7,166.45,166.45,163.55,,167.1,,,590,97082.0,25,F1,1,,,,,,2025-04-23
2025-04-23,2025-04-23,CM,BSE,STK,533271,INE442H01029,ASHOKA,A,,,,,ASHOKA BUILDCON LTD.,205.0,207.7,198.3,199.15,199.5,198.0,,199.25,,,169942,34441800.0,2445,F1,1,,,,,,2025-04-23
2025-04-23,2025-04-23,CM,BSE,STK,533272,INE209L01016,JWL,A,,,,,JUPITER WAGONS LIMITED,389.0,390.55,374.9,382.75,382.75,386.65,,382.85,,,131989,50312583.0,2035,F1,1,,,,,,2025-04-23
2025-04-23,2025-04-23,CM,BSE,STK,533273,INE093I01010,OBEROIRLTY,A,,,,,OBEROI REALTY LTD.,1705.0,1728.55,1676.2,1706.6,1715.0,1701.55,,1706.0,,,29364,49927554.0,2875,F1,1,,,,,,2025-04-23
2025-04-23,2025-04-23,CM,BSE,STK,533274,INE811K01011,PRESTIGE,A,,,,,PRESTIGE ESTATES PROJECTS LTD.,1320.0,1352.4,1310.4,1323.3,1318.0,1301.8,,1323.8,,,26280,34960131.0,2449,F1,1,,,,,,2025-04-23
2025-04-23,2025-04-23,CM,BSE,STK,533275,INE482J01021,SHAH,B,,,,,SHAH METACORP LIMITED,3.22,3.26,3.03,3.14,3.2,3.23,,3.16,,,165427,524775.0,243,F1,1,,,,,,2025-04-23
2025-04-23,2025-04-23,CM,BSE,STK,533278,INE522F01014,COALINDIA,A,,,,,COAL INDIA LTD.,400.05,401.4,394.2,398.9,398.9,398.45,,398.95,,,240036,95741356.0,4874,F1,1,,,,,,2025-04-23
2025-04-23,2025-04-23,CM,BSE,STK,533282,INE024L01027,GRAVITA,A,,,,,GRAVITA INDIA LTD.,1974.25,2010.0,1924.7,1955.35,1952.4,1972.45,,1955.3,,,6834,13365615.0,693,F1,1,,,,,,2025-04-23
2025-04-23,2025-04-23,CM,BSE,STK,533284,INE324L01013,RPPINFRA,T,,,,,RPP INFRA PROJECTS LTD.,177.4,177.45,166.05,169.5,169.5,173.4,,169.06,,,8054,1370921.0,120,F1,1,,,,,,2025-04-23
2025-04-23,2025-04-23,CM,BSE,STK,533285,INE245L01028,RDBIPL,XT,,,,,RDB INFRASTRUCTURE AND POWER L,55.69,55.69,54.0,54.63,54.05,55.71,,54.63,,,2896,157420.0,84,F1,1,,,,,,2025-04-23
2025-04-23,2025-04-23,CM,BSE,STK,533286,INE490G01020,MOIL,A,,,,,MOIL LTD.,334.75,335.85,322.25,328.95,327.6,333.45,,328.95,,,79681,26079519.0,2072,F1,1,,,,,,2025-04-23
2025-04-23,2025-04-23,CM,BSE,STK,533287,INE565L01011,ZEELEARN,B,,,,,ZEE LEARN LTD.,6.87,6.96,6.49,6.88,6.9,6.73,,6.87,,,269348,1812475.0,721,F1,1,,,,,,2025-04-23
2025-04-23,2025-04-23,CM,BSE,STK,533289,INE096L01025,KTIL,X,,,,,KESAR TERMINALS & INFRASTRUCTU,77.49,88.8,70.0,88.8,88.8,74.0,,88.8,,,66218,5531467.0,156,F1,1,,,,,,2025-04-23
2025-04-23,2025-04-23,CM,BSE,STK,533292,INE619I01012,A2ZINFRA,B,,,,,A2Z INFRA ENGINEERING LIMITED,15.15,15.39,14.74,14.97,14.97,15.13,,14.96,,,34356,516476.0,639,F1,1,,,,,,2025-04-23
2025-04-23,2025-04-23,CM,BSE,STK,533293,INE146L01010,KIRLOSENG,A,,,,,KIRLOSKAR OIL ENGINES LTD.,754.05,764.1,742.55,758.3,756.0,755.0,,757.9,,,23044,17355818.0,1210,F1,1,,,,,,2025-04-23
2025-04-23,2025-04-23,CM,BSE,STK,533294,INE722J01012,RKDL,B,,,,,RAVI KUMAR DISTILLERIES LTD.,31.76,32.39,29.27,29.63,29.63,31.76,,29.62,,,12207,374553.0,474,F1,1,,,,,,2025-04-23
2025-04-23,2025-04-23,CM,BSE,STK,533295,INE608A01012,PSB,B,,,,,PUNJAB & SIND BANK,30.57,30.65,29.36,29.97,29.97,30.27,,29.98,,,811208,24252226.0,3870,F1,1,,,,,,2025-04-23
2025-04-23,2025-04-23,CM,BSE,STK,533296,INE360L01017,FMNL,T,,,,,FUTURE MARKET NETWORKS LTD.,15.75,15.89,15.1,15.1,15.1,15.89,,15.04,,,11137,168521.0,51,F1,1,,,,,,2025-04-23
2025-04-23,2025-04-23,CM,BSE,STK,533298,INE272L01022,SURANASOL,B,,,,,SURANA SOLAR LTD.,35.82,36.5,34.7,35.38,35.7,35.4,,35.43,,,64681,2301401.0,825,F1,1,,,,,,2025-04-23
2025-04-23,2025-04-23,CM,BSE,STK,533301,INE268L01046,SHEKHAWATI,T,,,,,SHEKHAWATI INDUSTRIES LIMITED,25.47,26.1,24.25,25.67,25.67,25.47,,24.47,,,8214,205459.0,47,F1,1,,,,,,2025-04-23
2025-04-23,2025-04-23,CM,BSE,STK,533302,INE029L01018,KICL,B,,,,,KALYANI INVESTMENT COMPANY LTD,4790.0,4815.5,4745.25,4760.15,4755.55,4780.1,,4766.1,,,382,1820646.0,154,F1,1,,,,,,2025-04-23
2025-04-23,2025-04-23,CM,BSE,STK,533303,INE878K01010,BFINVEST,B,,,,,BF INVESTMENT LTD.,530.0,531.45,517.5,522.1,523.15,528.3,,522.05,,,1842,964690.0,165,F1,1,,,,,,2025-04-23
2025-04-23,2025-04-23,CM,BSE,STK,533306,INE519C01017,SUMMITSEC,B,,,,,SUMMIT SECURITIES LTD.,2190.25,2202.05,2104.85,2128.95,2140.0,2164.5,,2125.1,,,835,1787718.0,299,F1,1,,,,,,2025-04-23
2025-04-23,2025-04-23,CM,BSE,STK,533315,INE690J01011,INOVSYNTH,X,,,,,INNOVASSYNTH INVESTMENTS LTD.,81.45,81.45,76.01,77.54,76.9,79.0,,77.54,,,12347,964070.0,48,F1,1,,,,,,2025-04-23
2025-04-23,2025-04-23,CM,BSE,STK,533316,INE577L01016,STEL,T,,,,,STEL HOLDINGS LIMITED,418.65,418.65,402.25,406.25,411.0,420.65,,406.9,,,333,136622.0,28,F1,1,,,,,,2025-04-23
2025-04-23,2025-04-23,CM,BSE,STK,533317,INE474L01016,OMKARCHEM,Z,,,,,OMKAR SPECIALITY CHEMICALS LTD,6.14,6.4,6.0,6.4,6.4,6.14,,6.25,,,6470,40874.0,9,F1,1,,,,,,2025-04-23
2025-04-23,2025-04-23,CM,BSE,STK,533326,INE621L01012,TEXRAIL,A,,,,,TEXMACO RAIL & ENGINEERING LTD,151.85,154.9,144.8,151.8,151.8,149.65,,152.03,,,123322,18477981.0,1839,F1,1,,,,,,2025-04-23
2025-04-23,2025-04-23,CM,BSE,STK,533329,INE611L01021,INDTERRAIN,B,,,,,INDIAN TERRAIN FASHIONS LTD.,37.95,37.95,36.59,36.99,36.66,36.41,,36.97,,,2565,94802.0,98,F1,1,,,,,,2025-04-23
2025-04-23,2025-04-23,CM,BSE,STK,533333,INE045J01026,FCL,A,,,,,FINEOTEX CHEMICAL LTD.,251.65,251.65,241.25,249.3,250.0,248.65,,249.3,,,41388,10216445.0,1336,F1,1,,,,,,2025-04-23
2025-04-23,2025-04-23,CM,BSE,STK,533336,INE320L01011,DHUNINV,B,,,,,DHUNSERI INVESTMENTS LTD.,1585.35,1610.0,1521.05,1532.25,1532.3,1573.15,,1539.1,,,238,370453.0,53,F1,1,,,,,,2025-04-23
2025-04-23,2025-04-23,CM,BSE,STK,533339,INE251B01027,ZENTEC,A,,,,,ZEN TECHNOLOGIES LTD.,1464.05,1475.0,1424.25,1437.85,1437.85,1460.0,,1438.8,,,46915,67757149.0,3846,F1,1,,,,,,2025-04-23
2025-04-23,2025-04-23,CM,BSE,STK,533343,INE597L01014,LOVABLE,B,,,,,LOVABLE LINGERIE LTD.,96.0,96.49,93.66,94.97,96.12,95.55,,94.93,,,8659,825813.0,311,F1,1,,,,,,2025-04-23
2025-04-23,2025-04-23,CM,BSE,STK,533344,INE560K01014,PFS,B,,,,,PTC INDIA FINANCIAL SERVICES L,34.3,34.72,33.65,34.32,34.48,34.3,,34.34,,,111587,3799151.0,624,F1,1,,,,,,2025-04-23
2025-04-23,2025-04-23,CM,BSE,STK,533385,INF247L01AP3,MON100,E,,,,,MOTILAL OSWAL MOST SHARES NASD,167.07,171.0,167.07,170.09,171.0,166.02,,170.11,,,180661,30527899.0,1944,F1,1,,,,,,2025-04-23
2025-04-23,2025-04-23,CM,BSE,STK,533398,INE414G01012,MUTHOOTFIN,A,,,,,MUTHOOT FINANCE LTD.,2288.85,2288.85,2180.0,2192.7,2192.7,2274.75,,2191.4,,,51102,113196231.0,6924,F1,1,,,,,,2025-04-23
2025-04-23,2025-04-23,CM,BSE,STK,533407,INE672K01025,TRUEGREEN,XT,,,,,TRUE GREEN BIO ENERGY LIMITED,106.99,106.99,96.9,97.09,96.9,101.99,,97.09,,,2684,266401.0,54,F1,1,,,,,,2025-04-23
2025-04-23,2025-04-23,CM,BSE,STK,533408,INF209KB18D3,BSLGOLDETF,E,,,,,Aditya Birla Sun Life Mutual F,87.0,87.2,84.3,85.45,85.36,87.59,,85.44,,,11080,945284.0,162,F1,1,,,,,,2025-04-23
2025-04-23,2025-04-23,CM,BSE,STK,533427,INE932K01015,VMS,X,,,,,VMS INDUSTRIES LTD.,29.69,29.69,28.48,28.54,28.54,28.61,,28.54,,,37767,1081645.0,231,F1,1,,,,,,2025-04-23
2025-04-23,2025-04-23,CM,BSE,STK,533451,INE725L01011,KARMAENG,B,,,,,KARMA ENERGY LTD.,56.5,56.5,55.5,55.5,55.5,57.0,,55.81,,,38,2140.0,8,F1,1,,,,,,2025-04-23
2025-04-23,2025-04-23,CM,BSE,STK,533452,INE726L01019,DELPHIFX,T,,,,,DELPHI WORLD MONEY LIMITED,141.15,141.15,141.15,141.15,141.15,134.45,,147.18,,,255,35993.0,3,F1,1,,,,,,2025-04-23
2025-04-23,2025-04-23,CM,BSE,STK,533470,INE573K01025,RUSHIL,B,,,,,RUSHIL DECOR LTD.,25.2,25.2,24.04,24.26,24.42,24.58,,24.24,,,55060,1341177.0,460,F1,1,,,,,,2025-04-23
2025-04-23,2025-04-23,CM,BSE,STK,533477,INE130L01014,ENKEIWHEL,B,,,,,ENKEI WHEELS (INDIA) LTD.,532.0,532.5,531.3,531.85,531.4,529.2,,531.85,,,41,21795.0,8,F1,1,,,,,,2025-04-23
2025-04-23,2025-04-23,CM,BSE,STK,533482,INE524L01026,KRIDHANINF,T,,,,,KRIDHAN INFRA LIMITED,3.9,4.05,3.9,4.0,4.0,3.96,,3.98,,,20828,82819.0,38,F1,1,,,,,,2025-04-23
2025-04-23,2025-04-23,CM,BSE,STK,533506,INE878H01024,INVENTURE,B,,,,,INVENTURE GROWTH & SECURITIES,1.67,1.74,1.62,1.64,1.64,1.64,,1.63,,,895750,1486190.0,546,F1,1,,,,,,2025-04-23
2025-04-23,2025-04-23,CM,BSE,STK,533519,INE498L01015,LTF,A,,,,,L&T Finance Limited,172.7,180.6,172.7,180.0,180.0,173.35,,180.04,,,780175,138427077.0,14411,F1,1,,,,,,2025-04-23
2025-04-23,2025-04-23,CM,BSE,STK,533520,INE126M01010,YAARI,T,,,,,Yaari Digital Integrated Servi,16.53,16.53,15.16,15.16,15.16,15.95,,14.92,,,4821,76505.0,27,F1,1,,,,,,2025-04-23
2025-04-23,2025-04-23,CM,BSE,STK,533540,INE040M01013,TREEHOUSE,T,,,,,TREE HOUSE EDUCATION & ACCESSO,9.49,9.49,9.02,9.25,9.25,9.19,,9.1,,,3057,28147.0,8,F1,1,,,,,,2025-04-23
2025-04-23,2025-04-23,CM,BSE,STK,533543,INE650L01011,BROOKS,T,,,,,BROOKS LABORATORIES LTD.,138.0,141.0,135.7,140.25,141.0,135.5,,140.44,,,5232,726013.0,62,F1,1,,,,,,2025-04-23
2025-04-23,2025-04-23,CM,BSE,STK,533552,INE895B01021,RUPA,B,,,,,RUPA & COMPANY LTD.,200.15,200.3,194.0,198.25,197.45,197.9,,197.08,,,4536,895486.0,237,F1,1,,,,,,2025-04-23
2025-04-23,2025-04-23,CM,BSE,STK,533553,INE419M01027,TDPOWERSYS,A,,,,,T D POWER SYSTEMS LTD.,441.95,441.95,421.7,424.25,429.0,430.15,,424.3,,,28507,12187764.0,1630,F1,1,,,,,,2025-04-23
2025-04-23,2025-04-23,CM,BSE,STK,533570,INF846K01W80,AXISGOLD,E,,,,,AXIS MUTUAL FUND - AXIS GOLD E,82.44,82.44,80.15,80.84,80.8,83.36,,80.9,,,64567,5216290.0,1580,F1,1,,,,,,2025-04-23
2025-04-23,2025-04-23,CM,BSE,STK,533573,INE901L01018,APLLTD,A,,,,,ALEMBIC PHARMACEUTICALS LTD.,854.4,907.45,851.45,883.15,880.0,855.65,,883.8,,,13315,11782830.0,1111,F1,1,,,,,,2025-04-23
2025-04-23,2025-04-23,CM,BSE,STK,533576,INE590L01019,VASWANI,B,,,,,VASWANI INDUSTRIES LTD.,50.95,51.88,47.25,47.7,47.25,46.8,,47.75,,,148304,7399058.0,3095,F1,1,,,,,,2025-04-23
2025-04-23,2025-04-23,CM,BSE,STK,533581,INE457L01029,PGEL,A,,,,,PG ELECTROPLAST LTD.,976.05,1008.0,947.5,955.8,955.8,968.45,,956.1,,,217030,211500286.0,7941,F1,1,,,,,,2025-04-23
2025-04-23,2025-04-23,CM,BSE,STK,533602,INE050L01048,LESHAIND,X,,,,,LESHA INDUSTRIES LTD.,1.35,1.37,1.29,1.3,1.3,1.31,,1.3,,,355132,469451.0,382,F1,1,,,,,,2025-04-23
2025-04-23,2025-04-23,CM,BSE,STK,533605,INE023M01027,SETUINFRA,Z,,,,,SETUBANDHAN INFRASTRUCTURE LIM,0.62,0.63,0.59,0.63,0.63,0.62,,0.63,,,3041,1891.0,18,F1,1,,,,,,2025-04-23
2025-04-23,2025-04-23,CM,BSE,STK,533608,INE123M01017,RDBRL,X,,,,,RDB RASAYANS LTD.,129.6,130.5,125.0,125.85,126.0,130.15,,125.85,,,3657,469610.0,81,F1,1,,,,,,2025-04-23
2025-04-23,2025-04-23,CM,BSE,STK,533632,INE912L01015,ONELIFECAP,T,,,,,ONELIFE CAPITAL ADVISORS LTD.,11.05,11.7,10.81,11.02,11.7,11.19,,11.04,,,9562,107712.0,27,F1,1,,,,,,2025-04-23
2025-04-23,2025-04-23,CM,BSE,STK,533638,INE060J01017,FLEXITUFF,T,,,,,FLEXITUFF VENTURES INTERNATION,35.41,35.41,33.5,34.97,34.94,33.73,,34.65,,,4939,174324.0,18,F1,1,,,,,,2025-04-23
2025-04-23,2025-04-23,CM,BSE,STK,533644,INE899L01030,UEL,T,,,,,UJAAS ENERGY LIMITED,521.65,521.65,521.65,521.65,521.65,496.85,,518.2,,,274,142932.0,28,F1,1,,,,,,2025-04-23
2025-04-23,2025-04-23,CM,BSE,STK,533655,INE152M01016,TRITURBINE,A,,,,,TRIVENI TURBINE LTD.,512.1,533.5,512.1,521.15,522.15,509.7,,521.25,,,206800,108236933.0,4050,F1,1,,,,,,2025-04-23
2025-04-23,2025-04-23,CM,BSE,STK,533676,INE337M01013,INDOTHAI,T,,,,,INDO THAI SECURITIES LTD.,1986.0,2014.95,1890.05,1983.0,1983.0,1986.0,,1984.2,,,1916,3766675.0,65,F1,1,,,,,,2025-04-23
2025-04-23,2025-04-23,CM,BSE,STK,533704,INE122M01019,ESSARSHPNG,B,,,,,ESSAR SHIPPING LTD.,36.82,36.82,33.32,33.32,33.32,35.07,,33.38,,,181370,6370453.0,639,F1,1,,,,,,2025-04-23
2025-04-23,2025-04-23,CM,BSE,STK,533719,INF397L01554,LICMFGOLD,E,,,,,IDBI MUTUAL FUND - IDBI GOLD E,8866.26,9090.0,8681.0,8790.0,8795.0,9093.59,,8790.45,,,337,2990869.0,104,F1,1,,,,,,2025-04-23
2025-04-23,2025-04-23,CM,BSE,STK,533758,INE702C01027,APLAPOLLO,A,,,,,APL APOLLO TUBES LTD.,1643.95,1643.95,1601.0,1623.1,1625.0,1620.0,,1623.8,,,7122,11549403.0,841,F1,1,,,,,,2025-04-23
2025-04-23,2025-04-23,CM,BSE,STK,533761,INE390G01014,GPTINFRA,B,,,,,GPT INFRAPROJECTS LTD.,140.05,142.0,136.0,139.35,139.35,141.55,,139.93,,,40202,5569520.0,890,F1,1,,,,,,2025-04-23
2025-04-23,2025-04-23,CM,BSE,STK,533896,INE258M01011,FERVENTSYN,XT,,,,,FERVENT SYNERGIES LTD.,23.55,24.02,23.55,24.02,24.02,23.55,,24.02,,,2454,58898.0,13,F1,1,,,,,,2025-04-23
2025-04-23,2025-04-23,CM,BSE,STK,533941,INE480M01011,THOMASCOTT,T,,,,,THOMAS SCOTT (INDIA) LIMITED,321.45,321.45,321.45,321.45,321.45,315.15,,320.75,,,194,62361.0,8,F1,1,,,,,,2025-04-23
2025-04-23,2025-04-23,CM,BSE,STK,533982,INE482B01010,TERASOFT,T,,,,,TERA SOFTWARE LTD.,224.5,224.5,224.5,224.5,224.5,229.05,,222.65,,,81,18184.0,2,F1,1,,,,,,2025-04-23
2025-04-23,2025-04-23,CM,BSE,STK,534060,INE793G01035,PMCFIN,X,,,,,PMC FINCORP LIMITED,2.51,2.55,2.46,2.48,2.48,2.51,,2.48,,,826453,2057517.0,890,F1,1,,,,,,2025-04-23
2025-04-23,2025-04-23,CM,BSE,STK,534063,INE241F01011,FUTSOL,X,,,,,FUTURISTIC SOLUTIONS LTD.,57.15,58.0,53.6,57.48,53.6,57.15,,57.48,,,371,21399.0,10,F1,1,,,,,,2025-04-23
2025-04-23,2025-04-23,CM,BSE,STK,534064,INE123D01024,AIML,XT,,,,,ALLIANCE INTEGRATED METALIKS L,4.29,4.48,4.2,4.3,4.3,4.29,,4.3,,,58076,253843.0,146,F1,1,,,,,,2025-04-23
2025-04-23,2025-04-23,CM,BSE,STK,534076,INE743M01012,RHIM,A,,,,,RHI MAGNESITA INDIA LIMITED,478.0,487.35,465.8,467.65,466.05,476.65,,467.35,,,9981,4727654.0,628,F1,1,,,,,,2025-04-23
2025-04-23,2025-04-23,CM,BSE,STK,534091,INE745G01035,MCX,A,,,,,MULTI COMMODITY EXCHANGE OF IN,6047.8,6215.05,5908.75,6136.4,6136.4,5971.85,,6138.0,,,19356,117468675.0,3485,F1,1,,,,,,2025-04-23
2025-04-23,2025-04-23,CM,BSE,STK,534139,INE839M01018,SCHNEIDER,A,,,,,SCHNEIDER ELECTRIC INFRASTRUCT,626.0,641.15,617.6,620.35,623.8,621.8,,621.0,,,62772,39338806.0,2764,F1,1,,,,,,2025-04-23
2025-04-23,2025-04-23,CM,BSE,STK,534190,INE550L01013,OLPCL,XT,,,,,OLYMPIC CARDS LTD.,3.43,3.43,3.18,3.37,3.37,3.34,,3.37,,,2965,9568.0,12,F1,1,,,,,,2025-04-23
2025-04-23,2025-04-23,CM,BSE,STK,534309,INE095N01031,NBCC,A,,,,,NBCC (India) Limited,100.63,101.6,97.59,100.8,100.8,100.2,,100.81,,,1678835,167514275.0,10805,F1,1,,,,,,2025-04-23
2025-04-23,2025-04-23,CM,BSE,STK,534312,INE472M01018,MTEDUCARE,T,,,,,MT EDUCARE LTD.,2.38,2.38,2.27,2.27,2.27,2.38,,2.13,,,388,895.0,16,F1,1,,,,,,2025-04-23
2025-04-23,2025-04-23,CM,BSE,STK,534328,INE750M01017,HEXATRADEX,B,,,,,HEXA TRADEX LTD.,215.0,215.0,199.0,199.05,207.0,210.0,,201.84,,,1033,207650.0,26,F1,1,,,,,,2025-04-23
2025-04-23,2025-04-23,CM,BSE,STK,534338,INE393F01010,MAXHEIGHTS,X,,,,,MAXHEIGHTS INFRASTRUCTURE LTD.,16.8,17.47,15.96,17.39,17.39,16.64,,17.39,,,1837,31462.0,16,F1,1,,,,,,2025-04-23
2025-04-23,2025-04-23,CM,BSE,STK,534369,INE760L01018,TBZ,B,,,,,TRIBHOVANDAS BHIMJI ZAVERI LTD,223.8,227.0,212.65,221.15,221.15,217.75,,221.03,,,56184,12370261.0,1907,F1,1,,,,,,2025-04-23
2025-04-23,2025-04-23,CM,BSE,STK,534392,INE050M01012,VSSL,B,,,,,VARDHMAN SPECIAL STEELS LTD.,207.05,249.0,207.05,249.0,249.0,207.5,,248.95,,,86560,20871815.0,936,F1,1,,,,,,2025-04-23
2025-04-23,2025-04-23,CM,BSE,STK,534422,INE204N01013,LOOKS,X,,,,,LOOKS HEALTH SERVICES LIMITED,4.96,4.96,4.65,4.8,4.8,4.96,,4.8,,,1611,7646.0,15,F1,1,,,,,,2025-04-23
2025-04-23,2025-04-23,CM,BSE,STK,534425,INE247M01014,SPECIALITY,B,,,,,SPECIALITY RESTAURANTS LTD.,145.7,146.5,141.0,142.2,142.0,144.2,,142.88,,,3050,435838.0,414,F1,1,,,,,,2025-04-23
2025-04-23,2025-04-23,CM,BSE,STK,534532,INE142K01011,LYPSAGEMS,B,,,,,LYPSA GEMS & JEWELLERY LTD,6.42,7.6,6.15,6.75,6.75,6.57,,6.65,,,67178,440725.0,126,F1,1,,,,,,2025-04-23
2025-04-23,2025-04-23,CM,BSE,STK,534597,INE834M01019,RTNINDIA,A,,,,,RATTANINDIA ENTERPRISES LIMITE,46.25,46.39,44.46,45.95,46.12,45.84,,45.95,,,207663,9467138.0,1628,F1,1,,,,,,2025-04-23
2025-04-23,2025-04-23,CM,BSE,STK,534598,INE735M01018,SAMPANN,B,,,,,Sampann Utpadan India Limited,36.68,36.68,33.9,34.99,34.8,33.35,,35.0,,,129057,4550161.0,742,F1,1,,,,,,2025-04-23
2025-04-23,2025-04-23,CM,BSE,STK,534600,INE391J01032,JTLIND,B,,,,,JTL INDUSTRIES LIMITED,72.16,74.2,71.72,72.83,72.83,73.15,,72.7,,,28965,2108184.0,664,F1,1,,,,,,2025-04-23
2025-04-23,2025-04-23,CM,BSE,STK,534612,INE436N01029,AMTL,X,,,,,ADVANCE METERING TECHNOLOGY LT,25.3,26.21,23.0,25.13,25.13,26.03,,25.13,,,11147,279948.0,137,F1,1,,,,,,2025-04-23
2025-04-23,2025-04-23,CM,BSE,STK,534615,INE553C01016,NECCLTD,B,,,,,NORTH EASTERN CARRYING CORPORA,24.56,24.71,24.0,24.1,24.0,24.3,,24.1,,,10137,244129.0,204,F1,1,,,,,,2025-04-23
2025-04-23,2025-04-23,CM,BSE,STK,534618,INE299N01021,WAAREERTL,B,,,,,WAAREE RENEWABLE TECHNOLOGIES,1120.0,1163.95,1085.5,1134.0,1134.0,1107.1,,1134.35,,,516159,581336641.0,21109,F1,1,,,,,,2025-04-23
2025-04-23,2025-04-23,CM,BSE,STK,534623,INE524N01014,JUPITERIN,X,,,,,JUPITER INFOMEDIA LTD.,67.64,67.64,65.72,67.64,67.64,64.42,,67.64,,,209298,14135178.0,516,F1,1,,,,,,2025-04-23
2025-04-23,2025-04-23,CM,BSE,STK,534639,INE581M01016,VINAYAKPOL,X,,,,,VINAYAK POLYCON INTERNATIONAL,29.69,29.7,26.9,29.7,29.7,28.29,,29.7,,,638,18107.0,6,F1,1,,,,,,2025-04-23
2025-04-23,2025-04-23,CM,BSE,STK,534674,INE741L01018,DUCON,B,,,,,Ducon Infratechnologies Ltd,6.29,6.39,6.09,6.19,6.15,6.23,,6.2,,,121637,752225.0,344,F1,1,,,,,,2025-04-23
2025-04-23,2025-04-23,CM,BSE,STK,534675,INE195N01013,PROZONER,T,,,,,PROZONE REALTY LIMITED,33.04,33.04,33.04,33.04,33.04,33.71,,33.04,,,22959,758565.0,21,F1,1,,,,,,2025-04-23
2025-04-23,2025-04-23,CM,BSE,STK,534680,INE559N01010,SRGHFL,B,,,,,SRG HOUSING FINANCE LTD.,337.0,337.0,325.0,333.15,325.0,337.0,,333.95,,,612,204600.0,105,F1,1,,,,,,2025-04-23
2025-04-23,2025-04-23,CM,BSE,STK,534691,INE456N01019,COMCL,X,,,,,COMFORT COMMOTRADE LTD.,38.8,38.8,36.07,36.97,36.98,36.28,,36.97,,,5395,198814.0,116,F1,1,,,,,,2025-04-23
2025-04-23,2025-04-23,CM,BSE,STK,534708,INE892L01019,SHANTIGURU,MT,,,,,SHANTI GURU INDUSTRIES LIMITED,7.37,7.66,7.37,7.66,7.66,7.51,,7.66,,,15000,113610.0,3,F1,3000,,,,,,2025-04-23
2025-04-23,2025-04-23,CM,BSE,STK,534732,INE176N01021,CASPIAN,X,,,,,CASPIAN CORPORATE SERVICES LIM,8.3,8.32,8.0,8.15,8.09,8.31,,8.15,,,62116,504730.0,188,F1,1,,,,,,2025-04-23
2025-04-23,2025-04-23,CM,BSE,STK,534733,INE175N01023,AERPACE,XT,,,,,Aerpace Industries Limited,24.16,24.16,24.16,24.16,24.16,23.01,,24.16,,,37479,905492.0,53,F1,1,,,,,,2025-04-23
2025-04-23,2025-04-23,CM,BSE,STK,534741,INE247C01023,VIRTUALG,XT,,,,,VIRTUAL GLOBAL EDUCATION LTD.,0.56,0.56,0.53,0.53,0.53,0.55,,0.53,,,846673,450797.0,824,F1,1,,,,,,2025-04-23
2025-04-23,2025-04-23,CM,BSE,STK,534742,INE840M01016,ZUARI,B,,,,,ZUARI AGRO CHEMICALS LTD.,238.55,238.55,226.6,228.85,229.75,236.0,,228.99,,,49465,11353707.0,1189,F1,1,,,,,,2025-04-23
2025-04-23,2025-04-23,CM,BSE,STK,534748,INE503B01021,STEELXIND,B,,,,,STEEL EXCHANGE INDIA LTD.,8.83,8.83,8.48,8.61,8.61,8.77,,8.59,,,205128,1766780.0,772,F1,1,,,,,,2025-04-23
2025-04-23,2025-04-23,CM,BSE,STK,534755,INE234G01022,TRIOMERC,X,,,,,TRIO MERCANTILE & TRADING LTD.,0.6,0.6,0.59,0.59,0.59,0.6,,0.59,,,182761,108762.0,71,F1,1,,,,,,2025-04-23
2025-04-23,2025-04-23,CM,BSE,STK,534758,INE675C01017,CIGNITITEC,A,,,,,CIGNITI TECHNOLOGIES LTD.,1283.25,1366.55,1283.25,1356.9,1357.0,1283.2,,1357.1,,,11144,14975527.0,777,F1,1,,,,,,2025-04-23
2025-04-23,2025-04-23,CM,BSE,STK,534804,INE752H01013,CARERATING,A,,,,,CARE Ratings Limited,1216.85,1229.7,1188.7,1201.75,1196.0,1216.85,,1199.9,,,5211,6299187.0,450,F1,1,,,,,,2025-04-23
2025-04-23,2025-04-23,CM,BSE,STK,534809,INE785M01021,PCJEWELLER,B,,,,,PC JEWELLER LTD.,13.79,13.81,13.35,13.52,13.52,13.7,,13.5,,,1957566,26499655.0,2715,F1,1,,,,,,2025-04-23
2025-04-23,2025-04-23,CM,BSE,STK,534816,INE121J01017,INDUSTOWER,A,,,,,INDUS TOWERS LIMITED,400.85,405.05,393.85,400.15,399.0,400.7,,400.1,,,218902,87404293.0,3532,F1,1,,,,,,2025-04-23
2025-04-23,2025-04-23,CM,BSE,STK,534976,INE665J01013,VMART,A,,,,,V-MART RETAIL LTD.,3320.0,3320.0,3251.0,3268.9,3252.9,3318.55,,3275.6,,,112,367495.0,41,F1,1,,,,,,2025-04-23
2025-04-23,2025-04-23,CM,BSE,STK,535136,INE149O01018,NIBE,B,,,,,NIBE LIMITED,1584.95,1590.0,1465.15,1513.25,1513.25,1542.25,,1513.1,,,64263,96173249.0,4724,F1,1,,,,,,2025-04-23
2025-04-23,2025-04-23,CM,BSE,STK,535204,INE160O01031,MUKTA,X,,,,,Mukta Agriculture Limited,3.65,3.77,3.65,3.69,3.69,3.77,,3.69,,,4246,15618.0,17,F1,1,,,,,,2025-04-23
2025-04-23,2025-04-23,CM,BSE,STK,535205,INE159O01033,MYSTICELE,XT,,,,,Mystic Electronics Limited,3.92,3.92,3.92,3.92,3.92,3.99,,3.92,,,1935,7585.0,18,F1,1,,,,,,2025-04-23
2025-04-23,2025-04-23,CM,BSE,STK,535267,INE274M01026,COMFINCAP,X,,,,,COMFORT FINCAP LTD.,9.2,9.2,8.85,9.03,9.03,8.94,,9.03,,,14047,126714.0,122,F1,1,,,,,,2025-04-23
2025-04-23,2025-04-23,CM,BSE,STK,535276,INF200K01VT2,SBISENSEX,A,,,,,SBI MUTUAL FUND - SBI ETF SENS,880.0,884.9,870.0,875.77,876.38,870.35,,875.77,,,8249,7207237.0,186,F1,1,,,,,,2025-04-23
2025-04-23,2025-04-23,CM,BSE,STK,535279,INE583M01012,BMAL,M,,,,,BOTHRA METALS & ALLOYS LTD.,10.13,10.13,10.13,10.13,10.13,11.25,,10.13,,,4000,40520.0,1,F1,4000,,,,,,2025-04-23
2025-04-23,2025-04-23,CM,BSE,STK,535322,INE612J01015,REPCOHOME,A,,,,,REPCO HOME FINANCE LTD.,400.05,411.8,394.25,402.1,400.0,404.1,,401.35,,,311074,124426033.0,439,F1,1,,,,,,2025-04-23
2025-04-23,2025-04-23,CM,BSE,STK,535387,INE191O01010,LAKHOTIA,XT,,,,,LAKHOTIA POLYESTERS (INDIA) LT,41.8,41.8,39.71,39.71,39.71,41.8,,39.71,,,778,30948.0,10,F1,1,,,,,,2025-04-23
2025-04-23,2025-04-23,CM,BSE,STK,535431,INE168O01026,GCMSECU,B,,,,,GCM SECURITIES LTD,0.88,0.92,0.88,0.91,0.91,0.9,,0.91,,,105122,94848.0,160,F1,1,,,,,,2025-04-23
2025-04-23,2025-04-23,CM,BSE,STK,535458,INE047O01014,NIBL,B,,,,,NRB INDUSTRIAL BEARINGS LTD.,23.74,23.85,22.31,23.5,23.5,23.74,,23.56,,,1138,26308.0,159,F1,1,,,,,,2025-04-23
2025-04-23,2025-04-23,CM,BSE,STK,535514,INE748D01010,PRIMECAPM,X,,,,,PRIME CAPITAL MARKET LTD.,7.25,7.25,7.25,7.25,7.25,7.16,,7.25,,,92,667.0,1,F1,1,,,,,,2025-04-23
2025-04-23,2025-04-23,CM,BSE,STK,535566,INE902D01013,KIFS,XT,,,,,KIFS FINANCIAL SERVICES LTD.,100.1,105.0,98.1,105.0,105.0,100.4,,105.0,,,84,8798.0,6,F1,1,,,,,,2025-04-23
2025-04-23,2025-04-23,CM,BSE,STK,535601,INE099F01013,SREEL,B,,,,,SREELEATHERS LTD.,249.95,249.95,249.95,249.95,249.95,239.1,,241.86,,,100,24995.0,1,F1,1,,,,,,2025-04-23
2025-04-23,2025-04-23,CM,BSE,STK,535602,INE597I01028,SHARDAMOTR,B,,,,,SHARDA MOTOR INDUSTRIES LTD,1632.6,1700.0,1632.6,1678.85,1685.0,1620.1,,1678.9,,,9171,15341443.0,1265,F1,1,,,,,,2025-04-23
2025-04-23,2025-04-23,CM,BSE,STK,535621,INE159L01013,SVGLOBAL,X,,,,,S V GLOBAL MILL LTD.,170.1,170.85,169.05,169.05,169.05,177.9,,169.05,,,1406,238304.0,26,F1,1,,,,,,2025-04-23
2025-04-23,2025-04-23,CM,BSE,STK,535648,INE599M01018,JUSTDIAL,A,,,,,JUST DIAL LTD.,983.35,995.55,960.15,987.0,987.0,983.8,,985.45,,,27291,26655086.0,972,F1,1,,,,,,2025-04-23
2025-04-23,2025-04-23,CM,BSE,STK,535657,INE860E01011,OONE,X,,,,,OBJECTONE INFORMATION SYSTEMS,9.7,9.7,8.52,8.81,9.04,9.67,,8.81,,,32855,292168.0,115,F1,1,,,,,,2025-04-23
2025-04-23,2025-04-23,CM,BSE,STK,535667,INE474O01010,IFINSEC,X,,,,,INDIA FINSEC LTD.,161.85,161.85,158.95,161.0,161.0,146.0,,161.0,,,101,16190.0,8,F1,1,,,,,,2025-04-23
2025-04-23,2025-04-23,CM,BSE,STK,535693,INE320I01017,BRAHMINFRA,X,,,,,BRAHMAPUTRA INFRASTRUCTURE LTD,54.54,54.54,52.07,52.82,53.5,52.85,,52.82,,,27882,1482479.0,175,F1,1,,,,,,2025-04-23
2025-04-23,2025-04-23,CM,BSE,STK,535719,INE989J01017,AMPVOLTS,XT,,,,,AMPVOLTS LIMITED,27.57,27.57,27.57,27.57,27.57,27.03,,27.57,,,29167,804134.0,21,F1,1,,,,,,2025-04-23
2025-04-23,2025-04-23,CM,BSE,STK,535730,INE731G01027,KHOOBSURAT,X,,,,,KHOOBSURAT LTD,0.66,0.66,0.6,0.66,0.66,0.63,,0.66,,,11984178,7721871.0,1899,F1,1,,,,,,2025-04-23
2025-04-23,2025-04-23,CM,BSE,STK,535754,INE876N01018,ORIENTCEM,A,,,,,ORIENT CEMENT LTD,357.0,358.5,349.2,353.45,354.75,354.75,,353.3,,,14224,5040281.0,308,F1,1,,,,,,2025-04-23
2025-04-23,2025-04-23,CM,BSE,STK,535755,INE647O01011,ABFRL,A,,,,,Aditya Birla Fashion and Retai,272.9,275.5,268.75,272.7,273.25,271.9,,272.9,,,53893,14637908.0,1567,F1,1,,,,,,2025-04-23
2025-04-23,2025-04-23,CM,BSE,STK,535789,INE148I01020,SAMMAANCAP,A,,,,,Sammaan Capital Limited,124.1,125.85,122.2,125.0,124.8,124.1,,124.97,,,547087,67910085.0,3010,F1,1,,,,,,2025-04-23
2025-04-23,2025-04-23,CM,BSE,STK,535910,INE340O01021,MMLF,T,,,,,MONEY MASTERS LEASING & FINANC,1.61,1.7,1.61,1.7,1.7,1.66,,1.7,,,90021,150674.0,128,F1,1,,,,,,2025-04-23
2025-04-23,2025-04-23,CM,BSE,STK,535916,INE030P01017,ALSL,T,,,,,ALACRITY SECURITIES LTD,83.37,83.37,83.37,83.37,83.37,85.07,,83.37,,,4117,343234.0,13,F1,1,,,,,,2025-04-23
2025-04-23,2025-04-23,CM,BSE,STK,535958,INE418N01035,ESSENTIA,B,,,,,Integra Essentia Limited,2.55,2.59,2.4,2.46,2.46,2.5,,2.46,,,973830,2403567.0,857,F1,1,,,,,,2025-04-23
2025-04-23,2025-04-23,CM,BSE,STK,536073,INE890N01027,JULIEN,X,,,,,JULIEN AGRO INFRATECH LIMITED,10.15,10.15,9.64,9.96,10.0,9.92,,9.96,,,81438,805459.0,158,F1,1,,,,,,2025-04-23
2025-04-23,2025-04-23,CM,BSE,STK,536264,INE906O01029,TIGERLOGS,X,,,,,TIGER LOGISTICS (INDIA) LTD,52.45,54.75,49.75,54.14,54.14,51.89,,54.14,,,437071,22631948.0,2180,F1,1,,,,,,2025-04-23
2025-04-23,2025-04-23,CM,BSE,STK,536493,INE690O01011,JKAGRI,X,,,,,JK AGRI GENETICS LTD,393.95,393.95,360.25,366.4,365.05,368.0,,366.4,,,309,114168.0,23,F1,1,,,,,,2025-04-23
2025-04-23,2025-04-23,CM,BSE,STK,536507,INE452O01016,FLFL,Z,,,,,FUTURE LIFESTYLE FASHIONS LTD,2.11,2.11,2.1,2.11,2.11,2.01,,2.11,,,140286,295917.0,91,F1,1,,,,,,2025-04-23
2025-04-23,2025-04-23,CM,BSE,STK,536659,INE428B01013,PVVINFRA,XT,,,,,PVV Infra Limited,5.25,5.25,5.1,5.15,5.15,5.06,,5.15,,,156320,803663.0,207,F1,1,,,,,,2025-04-23
2025-04-23,2025-04-23,CM,BSE,STK,536672,INE962O01014,VCU,X,,,,,VCU DATA MANAGEMENT LTD,5.76,5.92,5.7,5.83,5.9,5.77,,5.83,,,38908,226427.0,85,F1,1,,,,,,2025-04-23
2025-04-23,2025-04-23,CM,BSE,STK,536709,INE138O01029,INDRENEW,X,,,,,IND Renewable Energy Ltd,13.85,13.85,12.95,13.02,13.15,13.63,,13.02,,,63622,834196.0,216,F1,1,,,,,,2025-04-23
2025-04-23,2025-04-23,CM,BSE,STK,536773,INE147P01019,JPOLYINVST,B,,,,,JINDAL POLY INVESTMENT AND FIN,843.25,851.9,843.25,845.6,847.8,837.55,,845.4,,,641,543654.0,164,F1,1,,,,,,2025-04-23
2025-04-23,2025-04-23,CM,BSE,STK,536846,INE156M01017,YURANUS,XT,,,,,YURANUS INFRASTRUCTURE LTD,67.1,74.14,67.08,70.59,74.14,70.61,,70.59,,,963,70634.0,19,F1,1,,,,,,2025-04-23
2025-04-23,2025-04-23,CM,BSE,STK,536960,INF247L01023,MOM100,B,,,,,MOTILAL OSWAL MUTUAL FUND - MO,58.63,59.06,57.95,58.88,58.94,58.33,,58.9,,,141125,8268710.0,1783,F1,1,,,,,,2025-04-23
2025-04-23,2025-04-23,CM,BSE,STK,536974,INE536P01021,CPL,X,,,,,CAPTAIN POLYPLAST LTD,95.0,95.53,91.41,93.3,93.05,93.12,,93.3,,,26736,2504018.0,319,F1,1,,,,,,2025-04-23
2025-04-23,2025-04-23,CM,BSE,STK,537007,INF109K012R6,NIFTYIETF,B,,,,,ICICI Prudential Nifty ETF,270.0,270.97,268.16,270.38,269.5,268.71,,270.42,,,57821,15595831.0,424,F1,1,,,,,,2025-04-23
2025-04-23,2025-04-23,CM,BSE,STK,537008,INF109KC16V9,NIF100IETF,B,,,,,ICICI Prudential Nifty 100 ETF,27.42,27.59,27.12,27.47,27.59,27.31,,27.64,,,2341,64199.0,40,F1,1,,,,,,2025-04-23
2025-04-23,2025-04-23,CM,BSE,STK,537069,INE185K01036,ARNOLD,X,,,,,ARNOLD HOLDINGS LTD,32.7,32.7,30.01,30.76,30.22,31.26,,30.76,,,17415,534219.0,130,F1,1,,,,,,2025-04-23
2025-04-23,2025-04-23,CM,BSE,STK,537253,INE671C01016,SUNLOC,X,,,,,SUNIL HEALTHCARE LTD,69.05,74.85,69.05,70.91,70.33,69.99,,70.91,,,3397,244735.0,43,F1,1,,,,,,2025-04-23
2025-04-23,2025-04-23,CM,BSE,STK,537254,INE140B01014,RCIIND,Z,,,,,RCI INDUSTRIES & TECHNOLOGIES,5.48,5.48,5.11,5.13,5.13,5.22,,5.13,,,6348,33169.0,27,F1,1,,,,,,2025-04-23
2025-04-23,2025-04-23,CM,BSE,STK,537259,INE442P01014,SUYOG,T,,,,,SUYOG TELEMATICS LTD,971.0,991.4,971.0,980.0,980.0,972.0,,980.0,,,1504,1489555.0,26,F1,1,,,,,,2025-04-23
2025-04-23,2025-04-23,CM,BSE,STK,537291,INE448G01010,NATHBIOGEN,B,,,,,NATH BIO-GENES (INDIA) LTD,169.4,169.65,167.0,167.45,167.0,167.7,,167.66,,,1983,333928.0,99,F1,1,,,,,,2025-04-23
2025-04-23,2025-04-23,CM,BSE,STK,537292,INE449G01018,AGRITECH,B,,,,,AGRI- TECH (INDIA) LTD,185.5,185.8,168.1,171.85,173.05,172.5,,171.51,,,15431,2768935.0,626,F1,1,,,,,,2025-04-23
2025-04-23,2025-04-23,CM,BSE,STK,537326,INE212P01011,CHEMTECH,XT,,,,,CHEMTECH INDUSTRIAL VALVES LTD,138.85,141.5,135.6,138.2,138.65,138.85,,138.2,,,5255,721438.0,49,F1,1,,,,,,2025-04-23
2025-04-23,2025-04-23,CM,BSE,STK,537483,INF204K014N5,NIF100BEES,B,,,,,NIPPON INDIA ETF NIFTY 100,261.36,261.57,258.78,261.44,261.44,259.59,,261.44,,,3158,823263.0,89,F1,1,,,,,,2025-04-23
2025-04-23,2025-04-23,CM,BSE,STK,537536,INE051G01012,DENISCHEM,X,,,,,DENIS CHEM LAB LTD,104.0,106.85,102.55,105.82,105.82,103.43,,105.82,,,20490,2148453.0,206,F1,1,,,,,,2025-04-23
2025-04-23,2025-04-23,CM,BSE,STK,537573,INE826P01018,POLYMAC,M,,,,,POLYMAC THERMOFORMERS LTD,12.3,12.3,12.0,12.0,12.0,12.0,,12.0,,,2400,29040.0,3,F1,800,,,,,,2025-04-23
2025-04-23,2025-04-23,CM,BSE,STK,537707,INE546I01017,ETT,X,,,,,ETT LTD,18.5,19.15,17.26,17.53,17.53,18.62,,17.53,,,430695,7635584.0,623,F1,1,,,,,,2025-04-23
2025-04-23,2025-04-23,CM,BSE,STK,537708,INF174K014P6,NIFTY1,B,,,,,KOTAK MAHINDRA MUTUAL FUND - K,262.7,265.37,262.4,264.47,263.72,262.63,,264.61,,,3353,885048.0,76,F1,1,,,,,,2025-04-23
2025-04-23,2025-04-23,CM,BSE,STK,537709,INE101H01013,HANSUGAR,XT,,,,,SHREE HANUMAN SUGAR & INDUSTRI,5.99,6.08,5.82,5.99,6.0,5.9,,5.99,,,17240,102926.0,68,F1,1,,,,,,2025-04-23
2025-04-23,2025-04-23,CM,BSE,STK,537750,INE555P01013,KIRANVYPAR,X,,,,,KIRAN VYAPAR LTD,222.0,223.95,214.55,223.0,222.45,218.8,,223.0,,,6555,1456953.0,74,F1,1,,,,,,2025-04-23
2025-04-23,2025-04-23,CM,BSE,STK,537766,INE905P01028,BCP,XT,,,,,B.C. POWER CONTROLS LTD,2.2,2.21,2.05,2.19,2.18,2.13,,2.19,,,107416,231573.0,224,F1,1,,,,,,2025-04-23
2025-04-23,2025-04-23,CM,BSE,STK,537785,INE084Q01012,RACE,B,,,,,RACE ECO CHAIN LIMITED,278.7,280.45,270.95,278.4,279.0,288.05,,276.8,,,2273,630584.0,189,F1,1,,,,,,2025-04-23
2025-04-23,2025-04-23,CM,BSE,STK,537800,INE717C01025,MANGIND,XT,,,,,MANGALAM INDUSTRIAL FINANCE LT,1.8,1.8,1.77,1.77,1.77,1.8,,1.77,,,446876,795367.0,588,F1,1,,,,,,2025-04-23
2025-04-23,2025-04-23,CM,BSE,STK,537820,INE159N01027,VIJIFIN,B,,,,,VIJI FINANCE LTD,2.6,2.64,2.47,2.57,2.57,2.6,,2.57,,,3028,7718.0,33,F1,1,,,,,,2025-04-23
2025-04-23,2025-04-23,CM,BSE,STK,537839,INE977M01024,PHOENIXTN,X,,,,,PHOENIX TOWNSHIP LTD,252.85,252.85,235.0,244.35,244.85,247.85,,244.35,,,388,92183.0,13,F1,1,,,,,,2025-04-23
2025-04-23,2025-04-23,CM,BSE,STK,537985,INE463B01036,INFRONICS,X,,,,,INFRONICS SYSTEMS LTD,39.04,41.45,38.5,39.98,39.9,39.84,,39.98,,,970,37932.0,23,F1,1,,,,,,2025-04-23
2025-04-23,2025-04-23,CM,BSE,STK,538057,INF457M01133,CPSEETF,A,,,,,CPSE ETF,90.47,90.71,88.92,90.44,90.44,89.79,,90.44,,,235353,21195436.0,1756,F1,1,,,,,,2025-04-23
2025-04-23,2025-04-23,CM,BSE,STK,538081,INE493N01012,HARIAAPL,X,,,,,HARIA APPARELS LTD,5.56,5.86,5.56,5.86,5.86,5.56,,5.86,,,7336,41893.0,14,F1,1,,,,,,2025-04-23
2025-04-23,2025-04-23,CM,BSE,STK,538092,INE574G01013,VASUPRADA,X,,,,,SHRI VASUPRADA PLANTATIONS LIM,114.45,117.0,114.45,117.0,117.0,118.95,,117.0,,,229,26311.0,3,F1,1,,,,,,2025-04-23
2025-04-23,2025-04-23,CM,BSE,STK,538119,INE012Q01021,RNBDENIMS,X,,,,,R&B DENIMS LTD,90.9,90.9,84.0,84.56,84.0,88.26,,84.56,,,10608,913552.0,100,F1,1,,,,,,2025-04-23
2025-04-23,2025-04-23,CM,BSE,STK,538212,INE909D01026,SHARPINV,XT,,,,,SHARP INVESTMENTS LTD,0.76,0.77,0.76,0.76,0.76,0.79,,0.76,,,124031,94325.0,84,F1,1,,,,,,2025-04-23
2025-04-23,2025-04-23,CM,BSE,STK,538268,INE066O01014,WONDERLA,B,,,,,WONDERLA HOLIDAYS LTD,706.6,710.95,694.65,707.6,704.1,709.2,,707.4,,,4466,3138857.0,421,F1,1,,,,,,2025-04-23
2025-04-23,2025-04-23,CM,BSE,STK,538273,INE401B01010,RESPONSINF,X,,,,,RESPONSE INFORMATICS LTD,46.99,46.99,41.0,41.97,41.97,43.49,,41.97,,,1528,64041.0,12,F1,1,,,,,,2025-04-23
2025-04-23,2025-04-23,CM,BSE,STK,538351,INE663P01015,AFEL,XT,,,,,A.F. ENTERPRISES LTD,7.15,7.24,6.56,7.24,7.24,6.9,,7.24,,,58926,420741.0,248,F1,1,,,,,,2025-04-23
2025-04-23,2025-04-23,CM,BSE,STK,538365,INE452L01012,INCREDIBLE,B,,,,,INCREDIBLE INDUSTRIES LIMITED,40.0,40.99,40.0,40.0,40.0,40.62,,39.99,,,1625,65805.0,41,F1,1,,,,,,2025-04-23
2025-04-23,2025-04-23,CM,BSE,STK,538395,INE792G01011,NAM,X,,,,,NAM SECURITIES LTD,84.57,89.02,84.57,87.91,89.02,89.02,,87.91,,,225,19041.0,9,F1,1,,,,,,2025-04-23
2025-04-23,2025-04-23,CM,BSE,STK,538401,INE318N01011,METSL,X,,,,,MAESTROS ELECTRONICS & TELECOM,179.7,179.7,163.1,166.1,166.1,171.65,,166.1,,,8844,1468247.0,130,F1,1,,,,,,2025-04-23
2025-04-23,2025-04-23,CM,BSE,STK,538422,INE508N01025,JACKSON,X,,,,,JACKSON INVESTMENTS LTD,0.51,0.52,0.49,0.5,0.5,0.5,,0.5,,,623381,311857.0,549,F1,1,,,,,,2025-04-23
2025-04-23,2025-04-23,CM,BSE,STK,538446,INE296Q01012,MONEYBOXX,X,,,,,MONEYBOXX FINANCE LIMITED,246.0,246.0,234.5,235.85,236.95,239.85,,235.85,,,2017,477177.0,67,F1,1,,,,,,2025-04-23
2025-04-23,2025-04-23,CM,BSE,STK,538451,INE114O01020,WORTH,XT,,,,,WORTH INVESTMENT & TRADING CO,24.34,24.34,23.4,24.1,24.1,23.87,,24.1,,,111789,2696836.0,141,F1,1,,,,,,2025-04-23
2025-04-23,2025-04-23,CM,BSE,STK,538452,INE855P01041,QUASAR,XT,,,,,QUASAR INDIA LTD,0.88,0.89,0.81,0.83,0.83,0.85,,0.83,,,1191926,1000673.0,541,F1,1,,,,,,2025-04-23
2025-04-23,2025-04-23,CM,BSE,STK,538464,INE901C01017,TPROJECT,X,,,,,THIRANI PROJECTS LTD,3.75,4.2,3.7,4.2,4.2,3.89,,4.2,,,1788,6899.0,16,F1,1,,,,,,2025-04-23
2025-04-23,2025-04-23,CM,BSE,STK,538465,INE745P01010,AMARSEC,XT,,,,,AMARNATH SECURITIES LTD,17.1,17.1,16.77,16.77,16.77,16.77,,16.77,,,5763,97291.0,25,F1,1,,,,,,2025-04-23
2025-04-23,2025-04-23,CM,BSE,STK,538476,INE172D01021,CTL,X,,,,,CAPITAL TRADE LINKS LTD,19.93,20.28,18.18,18.73,18.73,19.54,,18.73,,,46263,879855.0,246,F1,1,,,,,,2025-04-23
2025-04-23,2025-04-23,CM,BSE,STK,538521,INE969E01010,YAANENT,X,,,,,YAAN ENTERPRISES LIMITED,72.0,72.0,70.3,70.3,70.3,71.0,,70.3,,,310,21893.0,18,F1,1,,,,,,2025-04-23
2025-04-23,2025-04-23,CM,BSE,STK,538537,INE378P01036,OMANSH,XT,,,,,OMANSH ENTERPRISES LTD,16.59,16.59,16.59,16.59,16.59,16.27,,16.59,,,1,16.0,1,F1,1,,,,,,2025-04-23
2025-04-23,2025-04-23,CM,BSE,STK,538539,INE075K01013,ANVRDHI,X,,,,,ANNVRRIDHHI VENTURES LIMITED,15.71,16.0,15.5,15.55,15.65,15.67,,15.55,,,17988,282638.0,118,F1,1,,,,,,2025-04-23
2025-04-23,2025-04-23,CM,BSE,STK,538540,INE516P01015,RLFL,X,,,,,RAMCHANDRA LEASING & FINANCE L,3.7,3.7,3.43,3.59,3.63,3.55,,3.59,,,59904,214680.0,126,F1,1,,,,,,2025-04-23
2025-04-23,2025-04-23,CM,BSE,STK,538542,INE634J01019,GOLDCOINHF,X,,,,,GOLD COIN HEALTH FOODS LTD,10.78,10.78,10.3,10.78,10.78,10.78,,10.78,,,642,6787.0,13,F1,1,,,,,,2025-04-23
2025-04-23,2025-04-23,CM,BSE,STK,538546,INE319Q01012,BRPL,B,,,,,BANSAL ROOFING PRODUCTS LTD,106.51,107.04,99.1,101.91,102.0,104.02,,101.91,,,6143,624831.0,136,F1,1,,,,,,2025-04-23
2025-04-23,2025-04-23,CM,BSE,STK,538556,INE510P01018,ARMAN,X,,,,,ARMAN HOLDINGS LTD,90.19,90.19,88.99,88.99,88.99,85.9,,88.99,,,2,179.0,2,F1,1,,,,,,2025-04-23
2025-04-23,2025-04-23,CM,BSE,STK,538562,INE439E01022,SKIPPER,B,,,,,SKIPPER LTD,468.5,469.5,451.0,457.25,457.25,458.6,,457.0,,,60108,27535495.0,1708,F1,1,,,,,,2025-04-23
2025-04-23,2025-04-23,CM,BSE,STK,538564,INE718P01017,JAMESWARREN,X,,,,,JAMES WARREN TEA LTD,308.8,315.0,293.05,300.5,297.55,298.85,,300.5,,,1133,344961.0,38,F1,1,,,,,,2025-04-23
2025-04-23,2025-04-23,CM,BSE,STK,538565,INE878P01019,VISTARAMAR,X,,,,,Vistar Amar Limited,129.05,129.05,120.0,124.5,124.5,129.9,,124.5,,,4768,589343.0,109,F1,1,,,,,,2025-04-23
2025-04-23,2025-04-23,CM,BSE,STK,538567,INE635Q01029,GULFOILLUB,A,,,,,GULF OIL LUBRICANTS INDIA LTD,1181.05,1235.25,1181.05,1228.65,1227.3,1208.8,,1228.8,,,2673,3274417.0,227,F1,1,,,,,,2025-04-23
2025-04-23,2025-04-23,CM,BSE,STK,538568,INE836C01015,FRUTION,X,,,,,FRUITION VENTURE LTD,34.09,34.9,34.08,34.08,34.08,35.87,,34.08,,,2700,92041.0,15,F1,1,,,,,,2025-04-23
2025-04-23,2025-04-23,CM,BSE,STK,538569,INE916P01025,TRIVENIENT,X,,,,,TRIVENI ENTERPRISES LTD,2.25,2.28,2.2,2.23,2.23,2.25,,2.23,,,20951,46971.0,80,F1,1,,,,,,2025-04-23
2025-04-23,2025-04-23,CM,BSE,STK,538596,INE222B01028,CEMAINFRA,XT,,,,,CEMANTIC INFRA-TECH LIMITED,5.17,5.17,5.17,5.17,5.17,5.17,,5.17,,,2830,14631.0,13,F1,1,,,,,,2025-04-23
2025-04-23,2025-04-23,CM,BSE,STK,538597,INE404F01031,TTIENT,X,,,,,TTI ENTERPRISE LTD,10.75,11.87,10.75,11.37,11.4,11.12,,11.37,,,4548,50712.0,38,F1,1,,,,,,2025-04-23
2025-04-23,2025-04-23,CM,BSE,STK,538598,INE755Q01025,VISHAL,X,,,,,VISHAL FABRICS LTD,27.38,27.38,26.5,26.71,26.7,26.98,,26.71,,,117682,3155619.0,407,F1,1,,,,,,2025-04-23
2025-04-23,2025-04-23,CM,BSE,STK,538607,INE457P01020,TOYAMSL,XT,,,,,TOYAM SPORTS LIMITED,1.41,1.41,1.41,1.41,1.41,1.43,,1.41,,,138382,195118.0,230,F1,1,,,,,,2025-04-23
2025-04-23,2025-04-23,CM,BSE,STK,538609,INE868G01019,GAJANANSEC,X,,,,,GAJANAN SECURITIES SERVICES LT,95.0,106.15,87.2,90.78,93.95,96.5,,90.78,,,4920,462705.0,66,F1,1,,,,,,2025-04-23
2025-04-23,2025-04-23,CM,BSE,STK,538610,INE099D01018,UNISON,X,,,,,UNISON METALS LTD,24.3,25.1,24.3,24.93,24.99,24.57,,24.93,,,12523,312126.0,92,F1,1,,,,,,2025-04-23
2025-04-23,2025-04-23,CM,BSE,STK,538611,INE840I01014,RTFL,Z,,,,,Real Touch Finance Limited,38.5,38.5,38.5,38.5,38.5,38.01,,38.5,,,5,192.0,1,F1,1,,,,,,2025-04-23
2025-04-23,2025-04-23,CM,BSE,STK,538634,INE406F01010,VRL,X,,,,,VASUNDHARA RASAYANS LTD,248.0,248.0,241.2,241.5,241.2,240.85,,241.5,,,608,147945.0,34,F1,1,,,,,,2025-04-23
2025-04-23,2025-04-23,CM,BSE,STK,538635,INE734N01019,SNOWMAN,B,,,,,SNOWMAN LOGISTICS LTD,55.0,56.27,53.91,54.37,54.69,53.62,,54.45,,,35284,1935868.0,540,F1,1,,,,,,2025-04-23
2025-04-23,2025-04-23,CM,BSE,STK,538646,INE837C01013,QGO,X,,,,,QGO FINANCE LIMITED,58.0,60.45,58.0,59.6,59.67,60.55,,59.6,,,2735,162240.0,70,F1,1,,,,,,2025-04-23
2025-04-23,2025-04-23,CM,BSE,STK,538647,INE729C01020,PURSHOTTAM,X,,,,,PURSHOTTAM INVESTOFIN LTD,45.0,46.2,45.0,46.2,46.2,44.39,,46.2,,,107,4932.0,6,F1,1,,,,,,2025-04-23
2025-04-23,2025-04-23,CM,BSE,STK,538666,INE221J01015,SHARDACROP,B,,,,,Sharda Cropchem Limited,576.4,582.2,566.15,574.6,575.2,569.3,,574.3,,,6662,3819585.0,422,F1,1,,,,,,2025-04-23
2025-04-23,2025-04-23,CM,BSE,STK,538668,INE898Q01015,MIIL,B,,,,,Meghna Infracon Infrastructure,865.05,885.0,851.0,881.95,883.95,866.25,,881.95,,,23722,20752007.0,474,F1,1,,,,,,2025-04-23
2025-04-23,2025-04-23,CM,BSE,STK,538674,INE158C01014,CITYONLINE,Z,,,,,City Online Services Limited,7.25,7.25,7.25,7.25,7.25,6.93,,7.25,,,41,297.0,3,F1,1,,,,,,2025-04-23
2025-04-23,2025-04-23,CM,BSE,STK,538683,INF204KA1UN7,SENSEXBEES,A,,,,,NIPPON INDIA ETF SENSEX,901.75,908.0,896.63,903.28,902.29,898.33,,903.28,,,6536,5894950.0,214,F1,1,,,,,,2025-04-23
2025-04-23,2025-04-23,CM,BSE,STK,538685,INE363M01019,SHEMAROO,T,,,,,SHEMAROO ENTERTAINMENT LIMITED,106.9,107.0,102.51,106.9,106.9,107.9,,104.59,,,2697,279930.0,59,F1,1,,,,,,2025-04-23
2025-04-23,2025-04-23,CM,BSE,STK,538706,INE010R01023,ULTRACAB,X,,,,,Ultracab (India) Limited,10.09,10.12,9.81,9.92,9.92,9.96,,9.92,,,274006,2733525.0,704,F1,1,,,,,,2025-04-23
2025-04-23,2025-04-23,CM,BSE,STK,538707,INE929D01016,RCCL,X,,,,,Rajasthan Cylinders & Containe,44.0,44.0,40.63,41.48,43.39,44.0,,41.48,,,1740,71927.0,44,F1,1,,,,,,2025-04-23
2025-04-23,2025-04-23,CM,BSE,STK,538708,INE937K01014,ETIL,X,,,,,Econo Trade (India) Limited,6.85,7.2,6.85,7.09,7.09,7.09,,7.09,,,7836,54365.0,53,F1,1,,,,,,2025-04-23
2025-04-23,2025-04-23,CM,BSE,STK,538713,INE011R01013,ATISHAY,X,,,,,Atishay Limited,179.0,183.9,174.55,181.5,180.1,179.15,,181.5,,,14384,2574874.0,206,F1,1,,,,,,2025-04-23
2025-04-23,2025-04-23,CM,BSE,STK,538714,INE475D01010,SANGAMFIN,X,,,,,Sangam Finserv Limited,43.02,47.7,42.79,43.17,43.2,45.09,,43.17,,,8188,354330.0,63,F1,1,,,,,,2025-04-23
2025-04-23,2025-04-23,CM,BSE,STK,538715,INE260R01016,DHABRIYA,X,,,,,Dhabriya Polywood Limited,343.0,345.8,336.0,338.4,338.0,339.65,,338.4,,,2266,768782.0,89,F1,1,,,,,,2025-04-23
2025-04-23,2025-04-23,CM,BSE,STK,538730,INE111Q01021,PDSL,B,,,,,PDS LIMITED,429.8,429.8,393.4,401.9,399.0,400.65,,402.1,,,4235,1691759.0,428,F1,1,,,,,,2025-04-23
2025-04-23,2025-04-23,CM,BSE,STK,538731,INE982Q01017,HANMAN,M,,,,,HANMAN FIT LIMITED,4.75,5.22,4.75,5.16,5.22,4.75,,5.16,,,33600,171738.0,7,F1,4200,,,,,,2025-04-23
2025-04-23,2025-04-23,CM,BSE,STK,538732,INE761Q01015,VGCL,X,,,,,Vibrant Global Capital Limited,47.89,47.89,46.06,47.0,47.0,47.1,,47.0,,,6542,306208.0,78,F1,1,,,,,,2025-04-23
2025-04-23,2025-04-23,CM,BSE,STK,538734,INE016Q01014,CEINSYSTECH,B,,,,,CEINSYS TECH LIMITED,1695.0,1720.0,1601.0,1612.45,1612.45,1684.55,,1612.45,,,40832,66873570.0,2233,F1,1,,,,,,2025-04-23
2025-04-23,2025-04-23,CM,BSE,STK,538742,INE516E01019,PANABYTE,XT,,,,,PANABYTE TECHNOLOGIES LIMITED,26.63,29.43,26.63,29.43,29.43,28.03,,29.43,,,15747,420508.0,64,F1,1,,,,,,2025-04-23
2025-04-23,2025-04-23,CM,BSE,STK,538743,INE491C01027,MUDUNURU,X,,,,,Mudunuru Limited,6.79,6.79,6.79,6.79,6.79,6.47,,6.79,,,100,679.0,1,F1,1,,,,,,2025-04-23
2025-04-23,2025-04-23,CM,BSE,STK,538770,INE176L01017,CRANEINFRA,X,,,,,Crane Infrastructure Limited,22.05,22.1,20.52,20.91,20.91,20.5,,20.91,,,14384,312088.0,57,F1,1,,,,,,2025-04-23
2025-04-23,2025-04-23,CM,BSE,STK,538772,INE480D01010,NIYOGIN,X,,,,,Niyogin Fintech Limited,55.0,55.7,53.0,55.16,55.2,54.77,,55.16,,,32894,1789808.0,234,F1,1,,,,,,2025-04-23
2025-04-23,2025-04-23,CM,BSE,STK,538778,INE149Q01021,KALYANCAP,XT,,,,,Kalyan Capitals Limited,8.75,8.83,8.27,8.61,8.61,8.54,,8.61,,,14516,126504.0,74,F1,1,,,,,,2025-04-23
2025-04-23,2025-04-23,CM,BSE,STK,538786,INE473L01018,CIL,XT,,,,,Citizen Infoline Ltd.,35.92,35.92,35.92,35.92,35.92,36.65,,35.92,,,6203,222811.0,5,F1,1,,,,,,2025-04-23
2025-04-23,2025-04-23,CM,BSE,STK,538787,INE997C01015,GBFL,X,,,,,Goenka Business & Finance Limi,12.69,12.69,11.51,12.38,12.38,11.65,,12.38,,,40175,489888.0,286,F1,1,,,,,,2025-04-23
2025-04-23,2025-04-23,CM,BSE,STK,538788,INE918C01029,GILADAFINS,X,,,,,Gilada Finance & Investments L,11.81,13.45,11.81,12.95,12.95,12.06,,12.95,,,34352,442534.0,55,F1,1,,,,,,2025-04-23
2025-04-23,2025-04-23,CM,BSE,STK,538794,INE155R01018,JETSOLAR,M,,,,,JET SOLAR LIMITED,20.16,20.97,20.16,20.97,20.97,19.98,,20.97,,,8000,164520.0,2,F1,4000,,,,,,2025-04-23
2025-04-23,2025-04-23,CM,BSE,STK,538795,INE185C01017,SAPPL,X,,,,,Shree Ajit Pulp And Paper Ltd.,195.0,199.85,188.8,194.8,194.8,191.1,,194.8,,,323,62133.0,14,F1,1,,,,,,2025-04-23
2025-04-23,2025-04-23,CM,BSE,STK,538812,INE322R01014,AANCHALISP,XT,,,,,Aanchal Ispat Limited,4.45,4.6,4.45,4.47,4.57,4.65,,4.47,,,29507,131848.0,44,F1,1,,,,,,2025-04-23
2025-04-23,2025-04-23,CM,BSE,STK,538817,INE513R01026,CAPPIPES,B,,,,,Captain Pipes Limited,16.85,16.99,16.5,16.57,16.57,16.36,,16.57,,,175486,2922255.0,651,F1,1,,,,,,2025-04-23
2025-04-23,2025-04-23,CM,BSE,STK,538833,INE891N01017,KAIZENAGRO,X,,,,,KAIZEN AGRO INFRABUILD LIMITED,16.69,16.69,15.1,15.31,15.7,16.18,,15.31,,,17384,280632.0,70,F1,1,,,,,,2025-04-23
2025-04-23,2025-04-23,CM,BSE,STK,538834,INE242Q01016,JMJFIN,X,,,,,JMJ Fintech Limited,29.0,32.4,28.0,30.04,30.04,27.22,,30.04,,,139423,4252801.0,687,F1,1,,,,,,2025-04-23
2025-04-23,2025-04-23,CM,BSE,STK,538835,INE306R01017,INTELLECT,A,,,,,INTELLECT DESIGN ARENA LIMITED,777.5,805.0,772.2,803.1,802.1,765.9,,803.35,,,39579,31349696.0,1787,F1,1,,,,,,2025-04-23
2025-04-23,2025-04-23,CM,BSE,STK,538836,INE950M01013,MONTECARLO,B,,,,,Monte Carlo Fashions Limited,587.6,622.0,576.05,614.05,614.05,585.35,,612.95,,,3261,1965194.0,428,F1,1,,,,,,2025-04-23
2025-04-23,2025-04-23,CM,BSE,STK,538837,INE237B01018,JSTL,X,,,,,Jeevan Scientific Technology L,46.99,46.99,42.95,43.04,42.95,43.77,,43.04,,,6565,289014.0,46,F1,1,,,,,,2025-04-23
2025-04-23,2025-04-23,CM,BSE,STK,538838,INE407P01017,ICL,X,,,,,Indo Cotspin Limited,29.76,30.01,29.4,29.86,29.85,29.9,,29.86,,,1047,31265.0,23,F1,1,,,,,,2025-04-23
2025-04-23,2025-04-23,CM,BSE,STK,538857,INE892C01018,SCC,X,,,,,Scintilla Commercial & Credit,6.01,6.01,6.0,6.01,6.01,5.73,,6.01,,,516,3099.0,4,F1,1,,,,,,2025-04-23
2025-04-23,2025-04-23,CM,BSE,STK,538860,INE655P01029,PANAFIC,X,,,,,PANAFIC INDUSTRIALS LTD,0.98,0.98,0.97,0.97,0.97,0.98,,0.97,,,61012,59637.0,49,F1,1,,,,,,2025-04-23
2025-04-23,2025-04-23,CM,BSE,STK,538862,INE232L01018,MYMONEY,XT,,,,,My Money Securities Ltd.,24.32,24.44,24.32,24.32,24.32,24.81,,24.32,,,1571,38216.0,13,F1,1,,,,,,2025-04-23
2025-04-23,2025-04-23,CM,BSE,STK,538868,INE183Q01020,CSL,XT,,,,,Continental Securities Limited,15.5,15.5,15.5,15.5,15.5,15.2,,15.5,,,2758,42749.0,18,F1,1,,,,,,2025-04-23
2025-04-23,2025-04-23,CM,BSE,STK,538874,INE370Q01015,NEXUSSURGL,XT,,,,,NEXUS SURGICAL AND MEDICARE LI,15.31,15.31,15.31,15.31,15.31,15.31,,15.31,,,1255,19214.0,16,F1,1,,,,,,2025-04-23
2025-04-23,2025-04-23,CM,BSE,STK,538875,INE195F01027,SELLWIN,X,,,,,SELLWIN TRADERS LIMITED,3.64,3.67,3.42,3.48,3.48,3.53,,3.48,,,358985,1258480.0,510,F1,1,,,,,,2025-04-23
2025-04-23,2025-04-23,CM,BSE,STK,538881,INE243E01010,GALADAFIN,X,,,,,Galada Finance Limited,27.0,27.0,27.0,27.0,27.0,26.02,,27.0,,,1,27.0,1,F1,1,,,,,,2025-04-23
2025-04-23,2025-04-23,CM,BSE,STK,538882,INE030Q01015,EMERALD,XT,,,,,Emerald Finance Limited,102.2,102.2,102.2,102.2,102.2,100.2,,102.2,,,9658,987047.0,43,F1,1,,,,,,2025-04-23
2025-04-23,2025-04-23,CM,BSE,STK,538890,INE227F01010,MKEXIM,X,,,,,M. K. Exim (India) Ltd.,68.3,68.87,65.0,67.9,67.9,68.28,,67.9,,,17828,1192661.0,187,F1,1,,,,,,2025-04-23
2025-04-23,2025-04-23,CM,BSE,STK,538891,INE613C01026,MCLOUD,B,,,,,MAGELLANIC CLOUD LIMITED,71.76,74.5,70.25,70.67,70.67,71.06,,71.0,,,134620,9680422.0,1842,F1,1,,,,,,2025-04-23
2025-04-23,2025-04-23,CM,BSE,STK,538894,INE513C01010,OCTAL,XT,,,,,Octal Credit Capital Ltd.,22.66,22.66,22.66,22.66,22.66,22.66,,22.66,,,10,226.0,1,F1,1,,,,,,2025-04-23
2025-04-23,2025-04-23,CM,BSE,STK,538895,INE779Q01017,MIHIKA,X,,,,,Mihika Industries Ltd.,25.48,25.48,24.02,25.41,25.41,25.48,,25.41,,,2904,71910.0,32,F1,1,,,,,,2025-04-23
2025-04-23,2025-04-23,CM,BSE,STK,538896,INE081G01019,KANCHI,X,,,,,Kanchi Karpooram Ltd.,444.0,458.1,436.3,441.45,442.0,436.7,,441.45,,,1894,838649.0,114,F1,1,,,,,,2025-04-23
2025-04-23,2025-04-23,CM,BSE,STK,538902,INE341R01014,DTIL,B,,,,,Dhunseri Tea & Industries Ltd,189.05,189.05,185.35,187.2,187.2,187.35,,186.76,,,281,52724.0,12,F1,1,,,,,,2025-04-23
2025-04-23,2025-04-23,CM,BSE,STK,538918,INE661Q01017,VANICOM,X,,,,,Vani Commercials Limited,12.2,12.4,11.41,11.41,11.41,11.66,,11.41,,,2037,23775.0,21,F1,1,,,,,,2025-04-23
2025-04-23,2025-04-23,CM,BSE,STK,538919,INE055Q01012,SKILVEN,X,,,,,SKYLINE VENTURES INDIA LIMITED,25.3,25.3,25.28,25.28,25.28,26.6,,25.28,,,8338,210789.0,8,F1,1,,,,,,2025-04-23
2025-04-23,2025-04-23,CM,BSE,STK,538920,INE498Q01014,VINCOFE,B,,,,,VINTAGE COFFEE AND BEVERAGES L,99.01,102.88,99.01,101.4,101.4,100.63,,101.38,,,65624,6620549.0,1868,F1,1,,,,,,2025-04-23
2025-04-23,2025-04-23,CM,BSE,STK,538922,INE029B01019,COSYN,XT,,,,,COSYN Limited,24.68,24.68,24.19,24.19,24.19,24.68,,24.19,,,2842,68789.0,8,F1,1,,,,,,2025-04-23
2025-04-23,2025-04-23,CM,BSE,STK,538923,INE499Q01012,SOFCOM,XT,,,,,SOFCOM SYSTEMS LIMITED,94.0,94.8,87.93,88.15,87.93,92.55,,88.15,,,3765,336341.0,45,F1,1,,,,,,2025-04-23
2025-04-23,2025-04-23,CM,BSE,STK,538926,INE223R01014,NAPL,XT,,,,,Naturite Agro Products Limited,344.95,344.95,323.0,323.85,323.0,331.55,,323.85,,,21091,6835650.0,27,F1,1,,,,,,2025-04-23
2025-04-23,2025-04-23,CM,BSE,STK,538928,INE554R01020,KARNAVATI,X,,,,,Karnavati Finance Limited,2.18,2.18,2.06,2.12,2.12,2.14,,2.12,,,3639,7626.0,33,F1,1,,,,,,2025-04-23
2025-04-23,2025-04-23,CM,BSE,STK,538942,INE689O01013,MERCANTILE,X,,,,,Mercantile Ventures Limited,24.95,24.95,23.41,23.68,24.71,24.93,,23.68,,,4771,117214.0,23,F1,1,,,,,,2025-04-23
2025-04-23,2025-04-23,CM,BSE,STK,538943,INE321M01017,SONAL,X,,,,,Sonal Mercantile Limited,100.0,103.0,100.0,103.0,102.95,101.0,,103.0,,,55,5623.0,8,F1,1,,,,,,2025-04-23
2025-04-23,2025-04-23,CM,BSE,STK,538952,INE211D01027,ALFL,X,,,,,Abhinav Leasing & Finance Limi,1.59,1.59,1.57,1.57,1.57,1.59,,1.57,,,2550,4006.0,20,F1,1,,,,,,2025-04-23
2025-04-23,2025-04-23,CM,BSE,STK,538961,INE949P01018,GENUSPAPER,B,,,,,GENUS PAPER & BOARDS LIMITED,20.0,20.0,18.77,19.13,19.04,19.0,,19.08,,,20995,404254.0,138,F1,1,,,,,,2025-04-23
2025-04-23,2025-04-23,CM,BSE,STK,538962,INE842C01021,MINDACORP,A,,,,,Minda Corporation Limited,524.95,524.95,515.15,520.35,523.5,516.65,,520.1,,,1570,815941.0,109,F1,1,,,,,,2025-04-23
2025-04-23,2025-04-23,CM,BSE,STK,538964,INE947G01011,MERCURYLAB,X,,,,,Mercury Laboratories Limited,842.0,888.0,815.9,822.85,819.0,880.1,,822.85,,,348,286818.0,38,F1,1,,,,,,2025-04-23
2025-04-23,2025-04-23,CM,BSE,STK,538965,INE858L01010,CONCORD,X,,,,,Concord Drugs Limited,31.05,31.45,30.06,31.44,31.45,31.0,,31.44,,,10437,325244.0,48,F1,1,,,,,,2025-04-23
2025-04-23,2025-04-23,CM,BSE,STK,538970,INE945P01024,WARDINMOBI,T,,,,,WARDWIZARD INNOVATIONS AND MOB,21.03,21.4,20.53,20.96,20.96,21.03,,20.96,,,511070,10716983.0,1854,F1,1,,,,,,2025-04-23
2025-04-23,2025-04-23,CM,BSE,STK,538975,INE397C01026,SHREESEC,X,,,,,Shree Securities Ltd.,0.33,0.34,0.32,0.33,0.33,0.33,,0.33,,,1493243,493000.0,516,F1,1,,,,,,2025-04-23
2025-04-23,2025-04-23,CM,BSE,STK,538979,INE544R01021,GREENLAM,B,,,,,Greenlam Industries Ltd,222.35,226.05,217.05,217.6,217.95,222.7,,217.92,,,3329,732220.0,308,F1,1,,,,,,2025-04-23
2025-04-23,2025-04-23,CM,BSE,STK,538987,INE717E01013,TALBROSENG,X,,,,,TALBROS ENGINEERING LIMITED,598.95,609.9,580.65,598.8,598.85,595.9,,598.8,,,1075,643293.0,56,F1,1,,,,,,2025-04-23
2025-04-23,2025-04-23,CM,BSE,STK,539006,INE596F01018,PTCIL,A,,,,,PTC Industries Ltd.,14364.55,14475.4,14108.0,14266.3,14185.5,14305.15,,14274.0,,,693,9880004.0,293,F1,1,,,,,,2025-04-23
2025-04-23,2025-04-23,CM,BSE,STK,539011,INE777O01016,CHENFERRO,X,,,,,CHENNAI FERROUS INDUSTRIES LIM,114.7,114.7,109.0,112.85,112.9,112.5,,112.85,,,549,61860.0,37,F1,1,,,,,,2025-04-23
2025-04-23,2025-04-23,CM,BSE,STK,539012,INE756R01013,MEGRISOFT,X,,,,,Megri Soft Limited,143.8,147.0,138.0,138.0,138.0,143.6,,138.0,,,450,63749.0,22,F1,1,,,,,,2025-04-23
2025-04-23,2025-04-23,CM,BSE,STK,539013,INE776O01018,GITARENEW,X,,,,,GITA RENEWABLE ENERGY LIMITED,132.0,132.0,124.1,126.55,125.5,126.85,,126.55,,,4792,606100.0,102,F1,1,,,,,,2025-04-23
2025-04-23,2025-04-23,CM,BSE,STK,539015,INE849L01019,ORTEL,Z,,,,,Ortel Communications Limited,1.61,1.77,1.61,1.62,1.62,1.69,,1.67,,,801,1294.0,3,F1,1,,,,,,2025-04-23
2025-04-23,2025-04-23,CM,BSE,STK,539016,INE396C01010,NEIL,X,,,,,Neil Industries Ltd.,9.87,10.03,9.83,9.84,9.83,9.87,,9.84,,,1776,17709.0,31,F1,1,,,,,,2025-04-23
2025-04-23,2025-04-23,CM,BSE,STK,539017,INE526R01028,STARHFL,X,,,,,STAR HOUSING FINANCE LIMITED,37.47,38.0,35.51,36.78,36.79,37.14,,36.78,,,108171,3977648.0,398,F1,1,,,,,,2025-04-23
2025-04-23,2025-04-23,CM,BSE,STK,539018,INE213D01015,BEEKAY,B,,,,,Beekay Steel Industries Ltd.,599.95,607.25,585.1,592.2,590.0,595.7,,592.2,,,17016,10162021.0,195,F1,1,,,,,,2025-04-23
2025-04-23,2025-04-23,CM,BSE,STK,539031,INF200KA1572,SETFBSE100,A,,,,,SBI Mutual Fund,278.4,279.19,275.67,278.15,278.15,277.39,,278.15,,,80,22228.0,18,F1,1,,,,,,2025-04-23
2025-04-23,2025-04-23,CM,BSE,STK,539032,INE184Q01010,FRASER,XT,,,,,Fraser And Company Limited,7.51,7.87,7.13,7.58,7.7,7.5,,7.58,,,129669,972712.0,34,F1,1,,,,,,2025-04-23
2025-04-23,2025-04-23,CM,BSE,STK,539040,INE812Q01016,TTIL,XT,,,,,Tirupati Tyres Ltd.,11.1,11.1,11.1,11.1,11.1,10.58,,11.1,,,20543,228027.0,101,F1,1,,,,,,2025-04-23
2025-04-23,2025-04-23,CM,BSE,STK,539041,INE369Q01017,GANVERSE,M,,,,,GANESHA ECOVERSE LIMITED,33.0,33.5,32.07,33.0,33.0,33.0,,33.0,,,23750,774262.0,19,F1,1250,,,,,,2025-04-23
2025-04-23,2025-04-23,CM,BSE,STK,539042,INE976R01025,AGIIL,B,,,,,AGI Infra Limited,829.65,858.0,788.45,792.95,792.0,808.25,,795.35,,,6633,5363353.0,671,F1,1,,,,,,2025-04-23
2025-04-23,2025-04-23,CM,BSE,STK,539044,INE824Q01011,MANAKSTEEL,B,,,,,Manaksia Steels Limited,64.6,72.51,60.95,68.25,68.25,60.43,,68.07,,,535286,37688871.0,4392,F1,1,,,,,,2025-04-23
2025-04-23,2025-04-23,CM,BSE,STK,539045,INE859Q01017,MANAKALUCO,B,,,,,Manaksia Aluminium Company Ltd,27.2,30.69,26.7,27.35,27.32,26.31,,27.06,,,38735,1114858.0,828,F1,1,,,,,,2025-04-23
2025-04-23,2025-04-23,CM,BSE,STK,539046,INE830Q01018,MANAKCOAT,T,,,,,Manaksia Coated Metals & Indus,93.43,93.43,90.7,93.0,93.0,91.63,,93.0,,,4164,382667.0,19,F1,1,,,,,,2025-04-23
2025-04-23,2025-04-23,CM,BSE,STK,539056,INE172N01012,IMAGICAA,B,,,,,IMAGICAAWORLD ENTERTAINMENT LI,70.09,70.69,67.71,68.54,68.8,69.74,,68.6,,,78435,5396204.0,702,F1,1,,,,,,2025-04-23
2025-04-23,2025-04-23,CM,BSE,STK,539083,INE066P01011,INOXWIND,A,,,,,Inox Wind Limited,169.35,176.65,168.85,174.55,174.55,169.0,,174.55,,,1093699,189410944.0,10158,F1,1,,,,,,2025-04-23
2025-04-23,2025-04-23,CM,BSE,STK,539090,INE751R01014,RAJPUTANA,X,,,,,Rajputana Investment and Finan,43.0,43.25,41.01,42.99,42.99,43.88,,42.99,,,68,2886.0,8,F1,1,,,,,,2025-04-23
2025-04-23,2025-04-23,CM,BSE,STK,539091,INE187R01029,CITL,XT,,,,,Consecutive Investments & Trad,1.99,2.0,1.83,1.83,1.83,1.92,,1.83,,,7748372,14970926.0,3236,F1,1,,,,,,2025-04-23
2025-04-23,2025-04-23,CM,BSE,STK,539096,INE197R01010,AANANDALAK,X,,,,,Aananda Lakshmi Spinning Mills,15.21,15.21,15.21,15.21,15.21,16.89,,15.21,,,1146,17430.0,4,F1,1,,,,,,2025-04-23
2025-04-23,2025-04-23,CM,BSE,STK,539097,INE904R01027,URSUGAR,T,,,,,UR SUGAR INDUSTRIES LIMITED,5.15,5.24,5.08,5.24,5.24,5.15,,5.24,,,11976,62738.0,13,F1,1,,,,,,2025-04-23
2025-04-23,2025-04-23,CM,BSE,STK,539098,INE541R01019,FILTRA,M,,,,,Filtra Consultants and Enginee,73.0,73.0,66.65,68.23,72.9,74.0,,68.23,,,18000,1275600.0,9,F1,2000,,,,,,2025-04-23
2025-04-23,2025-04-23,CM,BSE,STK,539111,INE193R01019,SHESHAINDS,X,,,,,SHESHADRI INDUSTRIES LIMITED,16.27,16.27,16.27,16.27,16.27,15.5,,16.27,,,2200,35794.0,4,F1,1,,,,,,2025-04-23
2025-04-23,2025-04-23,CM,BSE,STK,539113,INE291E01019,PML,X,,,,,Paul Merchants Ltd.,829.0,829.0,805.0,810.3,805.0,799.3,,810.3,,,965,781075.0,55,F1,1,,,,,,2025-04-23
2025-04-23,2025-04-23,CM,BSE,STK,539115,INE273F01022,ALANSCOTT,X,,,,,Alan Scott Industries Ltd.,148.05,157.0,146.0,150.95,152.9,158.0,,150.95,,,4247,632952.0,88,F1,1,,,,,,2025-04-23
2025-04-23,2025-04-23,CM,BSE,STK,539117,INE029H01016,SUJALA,X,,,,,Sujala Trading & Holding Ltd.,71.25,73.75,69.0,69.86,70.59,71.25,,69.86,,,17788,1257893.0,251,F1,1,,,,,,2025-04-23
2025-04-23,2025-04-23,CM,BSE,STK,539118,INE366I01010,VRLLOG,B,,,,,VRL Logistics Limited,490.0,490.45,479.45,481.5,483.55,489.5,,482.3,,,6279,3055792.0,652,F1,1,,,,,,2025-04-23
2025-04-23,2025-04-23,CM,BSE,STK,539121,INE239L01013,PALCO,X,,,,,Palco Metals Limited,228.0,240.0,216.0,221.25,220.9,227.85,,221.25,,,6618,1494836.0,132,F1,1,,,,,,2025-04-23
2025-04-23,2025-04-23,CM,BSE,STK,539123,INE334E01017,VBIND,XT,,,,,V B INDUSTRIES LIMITED,9.25,9.25,9.25,9.25,9.25,9.25,,9.25,,,11420,105635.0,7,F1,1,,,,,,2025-04-23
2025-04-23,2025-04-23,CM,BSE,STK,539124,INE822Q01015,SARVOTTAM,X,,,,,Survottam Finvest Ltd.,22.98,22.98,20.22,20.88,20.6,21.8,,20.88,,,4006,83467.0,30,F1,1,,,,,,2025-04-23
2025-04-23,2025-04-23,CM,BSE,STK,539126,INE776I01010,MEP,Z,,,,,MEP Infrastructure Developers,1.33,1.37,1.33,1.36,1.36,1.35,,1.36,,,95118,128855.0,55,F1,1,,,,,,2025-04-23
2025-04-23,2025-04-23,CM,BSE,STK,539132,INE761D01021,WARDWIZFBL,XT,,,,,Wardwizard Foods and Beverages,4.03,4.04,3.78,3.98,3.98,3.92,,3.98,,,42710,168451.0,167,F1,1,,,,,,2025-04-23
2025-04-23,2025-04-23,CM,BSE,STK,539141,INE527H01019,UFO,B,,,,,UFO Moviez India Limited,71.13,74.55,68.16,73.62,73.62,70.9,,73.59,,,22199,1581910.0,355,F1,1,,,,,,2025-04-23
2025-04-23,2025-04-23,CM,BSE,STK,539143,INE945O01019,PANTH,X,,,,,PANTH INFINITY LIMITED,6.7,6.87,6.7,6.76,6.79,6.77,,6.76,,,12193,82053.0,73,F1,1,,,,,,2025-04-23
2025-04-23,2025-04-23,CM,BSE,STK,539148,INE788J01021,SHIVALIK,B,,,,,Shivalik Rasayan Ltd.,615.5,620.0,592.95,610.4,600.0,607.4,,609.45,,,3650,2189672.0,303,F1,1,,,,,,2025-04-23
2025-04-23,2025-04-23,CM,BSE,STK,539149,INE682B01023,ICSL,X,,,,,Integrated Capital Services Lt,4.22,4.22,4.1,4.2,4.2,4.05,,4.2,,,1806,7580.0,10,F1,1,,,,,,2025-04-23
2025-04-23,2025-04-23,CM,BSE,STK,539150,INE195J01029,PNCINFRA,A,,,,,PNC Infratech Limited,286.4,288.0,276.35,280.75,281.5,279.05,,280.85,,,38279,10809579.0,799,F1,1,,,,,,2025-04-23
2025-04-23,2025-04-23,CM,BSE,STK,539151,INE784R01023,ARFIN,X,,,,,Arfin India Limited,28.06,29.63,27.99,28.39,28.39,28.58,,28.39,,,41402,1180450.0,199,F1,1,,,,,,2025-04-23
2025-04-23,2025-04-23,CM,BSE,STK,539167,INE347L01014,VLL,XT,,,,,Virat Leasing Limited,77.8,77.8,77.8,77.8,77.8,79.38,,77.8,,,13,1011.0,4,F1,1,,,,,,2025-04-23
2025-04-23,2025-04-23,CM,BSE,STK,539174,INE738P01015,HELPAGE,X,,,,,Helpage Finlease Ltd.,20.84,20.84,20.69,20.69,20.69,18.95,,20.69,,,288,5969.0,11,F1,1,,,,,,2025-04-23
2025-04-23,2025-04-23,CM,BSE,STK,539175,INE924N01016,INDRAIND,XT,,,,,Indra Industries Ltd.,9.48,9.6,9.01,9.07,9.48,9.48,,9.07,,,8383,76615.0,69,F1,1,,,,,,2025-04-23
2025-04-23,2025-04-23,CM,BSE,STK,539176,INE230I01018,HAWAENG,X,,,,,Hawa Engineers ltd.,126.0,133.3,125.0,133.3,133.3,121.2,,133.3,,,3299,425681.0,55,F1,1,,,,,,2025-04-23
2025-04-23,2025-04-23,CM,BSE,STK,539177,INE206F01022,AIIL,A,,,,,Authum Investment & Infrastruc,1894.2,1903.1,1825.95,1861.55,1875.0,1860.4,,1864.8,,,8616,15998994.0,1410,F1,1,,,,,,2025-04-23
2025-04-23,2025-04-23,CM,BSE,STK,539189,INE578L01014,ADHBHUTIN,X,,,,,Adhbhut Infrastructure Ltd.,17.15,17.5,16.17,17.23,17.5,16.75,,17.23,,,6700,112143.0,64,F1,1,,,,,,2025-04-23
2025-04-23,2025-04-23,CM,BSE,STK,539190,INE848N01017,DFL,XT,,,,,Decillion Finance Ltd.,46.85,46.9,44.7,46.9,46.9,44.67,,46.9,,,98,4421.0,3,F1,1,,,,,,2025-04-23
2025-04-23,2025-04-23,CM,BSE,STK,539195,INE035S01028,POEL,X,,,,,POCL ENTERPRISES LTD,252.95,252.95,242.1,249.45,249.45,247.4,,249.45,,,64709,16066385.0,469,F1,1,,,,,,2025-04-23
2025-04-23,2025-04-23,CM,BSE,STK,539196,INE829P01020,AEL,XT,,,,,Amba Enterprises Ltd.,204.45,206.9,198.0,199.05,200.0,202.4,,199.05,,,11258,2259596.0,166,F1,1,,,,,,2025-04-23
2025-04-23,2025-04-23,CM,BSE,STK,539199,INE618R01015,SGFIN,B,,,,,SG FINSERVE LIMITED,423.0,426.95,407.35,423.05,423.05,422.85,,423.05,,,131097,54882611.0,2716,F1,1,,,,,,2025-04-23
2025-04-23,2025-04-23,CM,BSE,STK,539201,INE170E01023,SATIA,B,,,,,SATIA INDUSTRIES LIMITED,75.61,76.04,74.17,75.45,75.22,75.22,,75.36,,,5150,388951.0,103,F1,1,,,,,,2025-04-23
2025-04-23,2025-04-23,CM,BSE,STK,539206,INE574D01010,GVBL,XT,,,,,GENOMIC VALLEY BIOTECH LIMITED,63.43,63.43,63.43,63.43,63.43,63.44,,63.43,,,6,380.0,2,F1,1,,,,,,2025-04-23
2025-04-23,2025-04-23,CM,BSE,STK,539216,INE653S01028,GARMNTMNTR,B,,,,,GARMENT MANTRA LIFESTYLE LIMIT,1.73,1.73,1.63,1.65,1.65,1.76,,1.65,,,937131,1568870.0,781,F1,1,,,,,,2025-04-23
2025-04-23,2025-04-23,CM,BSE,STK,539217,INE606K01049,SRESTHA,X,,,,,Srestha Finvest Limited,0.55,0.55,0.53,0.54,0.54,0.55,,0.54,,,5762467,3095590.0,1327,F1,1,,,,,,2025-04-23
2025-04-23,2025-04-23,CM,BSE,STK,539218,INE563C01015,SAUMYA,XT,,,,,Saumya Consultants Ltd.,157.5,157.5,157.4,157.5,157.5,150.0,,157.5,,,272,42839.0,8,F1,1,,,,,,2025-04-23
2025-04-23,2025-04-23,CM,BSE,STK,539219,INE150D01027,MUL,X,,,,,MAURIA UDYOG LIMITED,11.8,12.85,11.58,12.43,12.43,12.23,,12.43,,,147582,1802980.0,173,F1,1,,,,,,2025-04-23
2025-04-23,2025-04-23,CM,BSE,STK,539220,INE540S01019,MISHKA,X,,,,,Mishka Exim Limited,25.35,25.45,25.25,25.45,25.45,25.31,,25.45,,,17931,453142.0,29,F1,1,,,,,,2025-04-23
2025-04-23,2025-04-23,CM,BSE,STK,539221,INE885H01029,SPORTKING,B,,,,,Sportking India Ltd.,92.07,92.88,89.89,91.04,90.91,91.53,,91.01,,,9489,870106.0,949,F1,1,,,,,,2025-04-23
2025-04-23,2025-04-23,CM,BSE,STK,539222,INE451S01027,GROWINGTON,B,,,,,GROWINGTON VENTURES INDIA LIMI,2.9,2.9,2.6,2.75,2.81,2.8,,2.75,,,441492,1232226.0,658,F1,1,,,,,,2025-04-23
2025-04-23,2025-04-23,CM,BSE,STK,539226,INE027T01023,RUDRA,X,,,,,RUDRA GLOBAL INFRA PRODUCTS LI,32.95,32.95,31.0,31.77,31.77,32.16,,31.77,,,39429,1256635.0,228,F1,1,,,,,,2025-04-23
2025-04-23,2025-04-23,CM,BSE,STK,539227,INE876S01017,LOYAL,X,,,,,Loyal Equipments Limited,235.0,240.0,220.0,221.6,221.6,233.9,,221.6,,,9828,2241835.0,309,F1,1,,,,,,2025-04-23
2025-04-23,2025-04-23,CM,BSE,STK,539228,INE480S01026,GGPL,X,,,,,Gala Global Products Limited,3.23,3.48,3.23,3.38,3.38,3.31,,3.38,,,144473,490568.0,128,F1,1,,,,,,2025-04-23
2025-04-23,2025-04-23,CM,BSE,STK,539251,INE875R01011,BALKRISHNA,B,,,,,Balkrishna Paper Mills Ltd.,19.25,19.31,18.78,18.86,19.0,18.79,,18.99,,,1497,28646.0,42,F1,1,,,,,,2025-04-23
2025-04-23,2025-04-23,CM,BSE,STK,539252,INE979R01011,SHYAMCENT,T,,,,,Shyam Century Ferrous Limited,8.6,8.6,8.45,8.6,8.6,8.6,,8.6,,,10103,86372.0,21,F1,1,,,,,,2025-04-23
2025-04-23,2025-04-23,CM,BSE,STK,539254,INE931S01010,ADANIENSOL,A,,,,,Adani Energy Solutions Limited,930.05,942.0,901.5,938.75,938.75,929.6,,938.8,,,317441,293053560.0,9271,F1,1,,,,,,2025-04-23
2025-04-23,2025-04-23,CM,BSE,STK,539255,INE541K01014,STARDELTA,X,,,,,STAR DELTA TRANSFORMERS LIMITE,857.4,871.8,812.1,826.8,826.8,838.2,,826.8,,,13909,11748444.0,409,F1,1,,,,,,2025-04-23
2025-04-23,2025-04-23,CM,BSE,STK,539267,INE579N01018,SAMSRITA,X,,,,,SAMSRITA LABS LIMITED,17.1,17.16,15.6,17.16,17.16,16.35,,17.16,,,2574,44093.0,36,F1,1,,,,,,2025-04-23
2025-04-23,2025-04-23,CM,BSE,STK,539268,INE398R01022,SYNGENE,A,,,,,Syngene International Limited,744.75,754.0,734.0,750.05,754.0,735.45,,749.15,,,24206,18037909.0,2194,F1,1,,,,,,2025-04-23
2025-04-23,2025-04-23,CM,BSE,STK,539273,INE484S01010,PECOS,M,,,,,PECOS Hotels And Pubs Limited,304.3,304.3,304.3,304.3,304.3,289.85,,304.3,,,500,152150.0,1,F1,500,,,,,,2025-04-23
2025-04-23,2025-04-23,CM,BSE,STK,539275,INE829S01016,MSL,X,,,,,Mangalam Seeds Limited,177.35,180.45,175.0,175.55,175.55,177.35,,175.55,,,767,135226.0,40,F1,1,,,,,,2025-04-23
2025-04-23,2025-04-23,CM,BSE,STK,539276,INE587G01015,KAYA,B,,,,,Kaya Limited,279.75,281.1,262.45,270.05,270.0,277.05,,270.21,,,1028,276908.0,142,F1,1,,,,,,2025-04-23
2025-04-23,2025-04-23,CM,BSE,STK,539277,INE184S01024,ALSTONE,X,,,,,Alstone Textiles (India) Ltd,0.6,0.6,0.58,0.59,0.59,0.6,,0.59,,,3911656,2313682.0,1879,F1,1,,,,,,2025-04-23
2025-04-23,2025-04-23,CM,BSE,STK,539278,INE653R01012,SYMBIOX,X,,,,,Symbiox Investment & Trading C,3.22,3.38,3.08,3.18,3.27,3.22,,3.18,,,62404,202186.0,151,F1,1,,,,,,2025-04-23
2025-04-23,2025-04-23,CM,BSE,STK,539287,INE749B01020,ORTINGLOBE,T,,,,,ORTIN GLOBAL LIMITED,11.87,11.87,11.46,11.46,11.46,11.33,,11.5,,,205,2358.0,8,F1,1,,,,,,2025-04-23
2025-04-23,2025-04-23,CM,BSE,STK,539288,INE897N01014,AVI,XT,,,,,Avi Polymers Ltd.,14.77,15.36,14.13,14.27,14.27,14.77,,14.27,,,1584,22741.0,12,F1,1,,,,,,2025-04-23
2025-04-23,2025-04-23,CM,BSE,STK,539289,INE898S01029,AURUM,B,,,,,Aurum PropTech Limited,185.3,186.35,179.85,185.7,185.7,182.85,,185.15,,,1346,247432.0,208,F1,1,,,,,,2025-04-23
2025-04-23,2025-04-23,CM,BSE,STK,539290,INE143A01010,OSWALGREEN,B,,,,,Oswal Greentech Limited,45.95,45.95,43.74,43.99,43.97,45.05,,44.0,,,43091,1915532.0,710,F1,1,,,,,,2025-04-23
2025-04-23,2025-04-23,CM,BSE,STK,539291,INE583K01016,VASUDHAGAM,XT,,,,,Vasudhagama Enterprises Limite,6.85,6.85,6.59,6.83,6.83,6.72,,6.83,,,271042,1808729.0,54,F1,1,,,,,,2025-04-23
2025-04-23,2025-04-23,CM,BSE,STK,539300,INE671K01019,AKSPINTEX,XT,,,,,A.K. Spintex Ltd.,974.05,974.05,931.0,945.0,945.0,956.05,,945.0,,,820,772290.0,41,F1,1,,,,,,2025-04-23
2025-04-23,2025-04-23,CM,BSE,STK,539301,INE034S01021,ARVSMART,B,,,,,Arvind SmartSpaces Limited,719.85,719.85,700.1,707.05,710.05,713.5,,707.35,,,1668,1179322.0,212,F1,1,,,,,,2025-04-23
2025-04-23,2025-04-23,CM,BSE,STK,539302,INE211R01019,POWERMECH,A,,,,,Power Mech Projects Limited,2835.85,2891.95,2749.7,2765.4,2765.45,2835.85,,2767.5,,,4830,13567338.0,869,F1,1,,,,,,2025-04-23
2025-04-23,2025-04-23,CM,BSE,STK,539309,INE230R01035,RAMASTEEL,B,,,,,Rama Steel Tubes Limited,10.46,10.75,10.2,10.38,10.38,10.42,,10.36,,,2478181,25948294.0,3044,F1,1,,,,,,2025-04-23
2025-04-23,2025-04-23,CM,BSE,STK,539310,INE365S01045,THINKINK,XT,,,,,THINKINK PICTUREZ LIMITED,0.39,0.39,0.39,0.39,0.39,0.39,,0.39,,,618461,241199.0,231,F1,1,,,,,,2025-04-23
2025-04-23,2025-04-23,CM,BSE,STK,539312,INF789FB1X58,UTISENSETF,A,,,,,UTI BSE Sensex ETF,870.0,870.89,866.59,870.31,870.31,870.0,,870.64,,,91,79128.0,10,F1,1,,,,,,2025-04-23
2025-04-23,2025-04-23,CM,BSE,STK,539314,INE203T01012,UNIAUTO,T,,,,,Universal Autofoundry Limited,68.55,68.57,67.62,68.51,68.51,68.9,,68.51,,,9143,625022.0,27,F1,1,,,,,,2025-04-23
2025-04-23,2025-04-23,CM,BSE,STK,539331,INE918N01018,VETO,B,,,,,VETO SWITCHGEARS AND CABLES LI,112.3,112.3,107.25,108.15,107.65,109.55,,108.11,,,3587,389594.0,124,F1,1,,,,,,2025-04-23
2025-04-23,2025-04-23,CM,BSE,STK,539332,INE278M01019,NAVKARCORP,B,,,,,Navkar Corporation Limited,100.8,103.45,96.2,96.85,97.45,100.75,,96.77,,,101779,10119058.0,1036,F1,1,,,,,,2025-04-23
2025-04-23,2025-04-23,CM,BSE,STK,539334,INE712K01011,SHREEPUSHK,B,,,,,Shree Pushkar Chemicals & Fert,256.4,257.0,247.85,253.05,251.1,253.0,,252.4,,,5397,1360692.0,470,F1,1,,,,,,2025-04-23
2025-04-23,2025-04-23,CM,BSE,STK,539336,INE844O01030,GUJGASLTD,A,,,,,Gujarat Gas Limited,454.0,458.0,441.95,451.15,449.85,454.05,,451.35,,,11238,5043002.0,639,F1,1,,,,,,2025-04-23
2025-04-23,2025-04-23,CM,BSE,STK,539337,INE725P01012,WAAREE,MT,,,,,WAAREE TECHNOLOGIES LIMITED,326.7,326.7,326.7,326.7,326.7,320.3,,326.7,,,3325,1086277.0,15,F1,175,,,,,,2025-04-23
2025-04-23,2025-04-23,CM,BSE,STK,539346,INE764L01010,SADBHIN,B,,,,,Sadbhav Infrastructure Project,5.32,5.42,5.21,5.28,5.3,5.28,,5.24,,,5033,26581.0,67,F1,1,,,,,,2025-04-23
2025-04-23,2025-04-23,CM,BSE,STK,539353,INE724G01014,SALAUTO,X,,,,,SAL AUTOMOTIVE LIMITED,260.05,274.95,260.05,263.75,264.25,263.35,,263.75,,,993,261968.0,57,F1,1,,,,,,2025-04-23
2025-04-23,2025-04-23,CM,BSE,STK,539354,INE914G01029,POLYSPIN,X,,,,,Polyspin Exports Ltd.,38.69,38.69,37.44,37.89,37.89,37.78,,37.89,,,533,20196.0,7,F1,1,,,,,,2025-04-23
2025-04-23,2025-04-23,CM,BSE,STK,539359,INE583R01029,PRITIKAUTO,B,,,,,Pritika Auto Industries Limite,17.3,17.3,16.65,17.0,17.01,16.96,,16.99,,,23343,394842.0,428,F1,1,,,,,,2025-04-23
2025-04-23,2025-04-23,CM,BSE,STK,539378,INE848R01018,SML,X,,,,,Soni Medicare Limited,62.76,62.76,58.0,61.99,61.99,59.78,,61.99,,,1251,77042.0,32,F1,1,,,,,,2025-04-23
2025-04-23,2025-04-23,CM,BSE,STK,539383,INE019D01016,MINFY,Z,,,,,Mahaveer Infoway Limited,7.4,7.73,7.4,7.73,7.73,7.38,,7.73,,,216,1599.0,4,F1,1,,,,,,2025-04-23
2025-04-23,2025-04-23,CM,BSE,STK,539391,INE636B01011,ACME,Z,,,,,Acme Resources Limited,40.94,42.0,40.0,41.5,41.5,40.94,,41.5,,,4448,181523.0,66,F1,1,,,,,,2025-04-23
2025-04-23,2025-04-23,CM,BSE,STK,539398,INE060T01024,VISHALBL,B,,,,,Vishal Bearings Limited,87.9,90.0,85.01,88.91,90.0,83.64,,88.91,,,20232,1766324.0,178,F1,1,,,,,,2025-04-23
2025-04-23,2025-04-23,CM,BSE,STK,539399,INE344T01014,BELLACASA,X,,,,,Bella Casa Fashion & Retail Li,446.05,446.05,425.75,429.95,429.95,435.05,,429.95,,,4405,1919925.0,146,F1,1,,,,,,2025-04-23
2025-04-23,2025-04-23,CM,BSE,STK,539400,INE389C01015,MALLCOM,B,,,,,MALLCOM (INDIA) LTD.,1316.95,1316.95,1278.15,1297.2,1295.0,1314.05,,1296.0,,,637,823106.0,156,F1,1,,,,,,2025-04-23
2025-04-23,2025-04-23,CM,BSE,STK,539402,INE256S01012,NAKSH,B,,,,,Naksh Precious Metals Limited,8.31,8.31,8.0,8.24,8.24,8.19,,8.24,,,4669,38293.0,33,F1,1,,,,,,2025-04-23
2025-04-23,2025-04-23,CM,BSE,STK,539404,INE836B01017,SATIN,B,,,,,SATIN CREDITCARE NETWORK LIMIT,164.05,166.05,158.9,163.35,163.4,163.25,,163.28,,,22420,3621146.0,548,F1,1,,,,,,2025-04-23
2025-04-23,2025-04-23,CM,BSE,STK,539405,INE183R01010,DITCO,X,,,,,Decorous Investment and Tradin,12.46,12.75,12.46,12.75,12.75,12.46,,12.75,,,483,6122.0,7,F1,1,,,,,,2025-04-23
2025-04-23,2025-04-23,CM,BSE,STK,539406,INE150R01019,SWAGTAM,XT,,,,,Swagatam Trading & Services Li,65.55,65.55,65.55,65.55,65.55,69.0,,65.55,,,10,655.0,1,F1,1,,,,,,2025-04-23
2025-04-23,2025-04-23,CM,BSE,STK,539407,INE854S01022,GENCON,B,,,,,Generic Engineering Constructi,35.07,36.48,33.51,35.08,35.97,34.94,,35.22,,,15659,548445.0,512,F1,1,,,,,,2025-04-23
2025-04-23,2025-04-23,CM,BSE,STK,539408,INE594R01018,KUBERJI,X,,,,,Kuber Udyog Limited,17.05,17.05,17.05,17.05,17.05,16.24,,17.05,,,2144,36555.0,22,F1,1,,,,,,2025-04-23
2025-04-23,2025-04-23,CM,BSE,STK,539409,INE894J01019,NEERAJ,X,,,,,NEERAJ PAPER MARKETING LIMITED,17.0,18.5,16.74,18.5,18.5,17.62,,18.5,,,12,218.0,4,F1,1,,,,,,2025-04-23
2025-04-23,2025-04-23,CM,BSE,STK,539428,INE030T01027,TEJNAKSH,X,,,,,Tejnaksh Healthcare Limited,23.9,24.0,22.65,23.04,23.0,23.9,,23.04,,,7403,171188.0,49,F1,1,,,,,,2025-04-23
2025-04-23,2025-04-23,CM,BSE,STK,539435,INE201C01012,RFSL,XT,,,,,Richfield Financial Services L,34.35,34.47,34.35,34.35,34.35,34.47,,34.35,,,53,1820.0,6,F1,1,,,,,,2025-04-23
2025-04-23,2025-04-23,CM,BSE,STK,539436,INE335K01011,COFFEEDAY,T,,,,,Coffee Day Enterprises Limited,29.11,29.11,29.11,29.11,29.11,28.54,,29.11,,,156056,4542790.0,112,F1,1,,,,,,2025-04-23
2025-04-23,2025-04-23,CM,BSE,STK,539437,INE092T01019,IDFCFIRSTB,A,,,,,IDFC FIRST BANK LIMITED,67.99,69.08,67.0,68.48,68.48,67.18,,68.45,,,2164351,147059344.0,7373,F1,1,,,,,,2025-04-23
2025-04-23,2025-04-23,CM,BSE,STK,539448,INE646L01027,INDIGO,A,,,,,InterGlobe Aviation Limited,5534.8,5570.0,5482.15,5558.0,5558.0,5534.8,,5558.5,,,17866,98582028.0,4132,F1,1,,,,,,2025-04-23
2025-04-23,2025-04-23,CM,BSE,STK,539449,INE099S01016,IGCIL,XT,,,,,IGC Industries Limited,6.24,6.24,6.01,6.15,6.18,6.14,,6.15,,,64334,394201.0,199,F1,1,,,,,,2025-04-23
2025-04-23,2025-04-23,CM,BSE,STK,539450,INE500L01026,SHK,B,,,,,S H Kelkar and Company Limited,205.0,214.6,205.0,208.45,207.25,211.85,,208.43,,,43451,9131863.0,1422,F1,1,,,,,,2025-04-23
2025-04-23,2025-04-23,CM,BSE,STK,539455,INE360S01012,ARYAVAN,X,,,,,ARYAVAN ENTERPRISE LIMITED,39.3,41.2,37.52,37.84,38.3,39.3,,37.84,,,5660,215516.0,23,F1,1,,,,,,2025-04-23
2025-04-23,2025-04-23,CM,BSE,STK,539469,INE258R01028,PANORAMA,B,,,,,PANORAMA STUDIOS INTERNATIONAL,193.9,197.0,188.05,190.85,192.0,194.55,,190.85,,,63084,12187608.0,502,F1,1,,,,,,2025-04-23
2025-04-23,2025-04-23,CM,BSE,STK,539470,INE051N01026,SHREEGANES,X,,,,,Shree Ganesh Biotech (India) L,0.95,0.96,0.94,0.95,0.95,0.95,,0.95,,,687922,654059.0,524,F1,1,,,,,,2025-04-23
2025-04-23,2025-04-23,CM,BSE,STK,539479,INE910R01016,GTV,X,,,,,GTV Engineering Limited,734.75,796.4,734.75,743.95,745.0,724.0,,743.95,,,4070,3058881.0,121,F1,1,,,,,,2025-04-23
2025-04-23,2025-04-23,CM,BSE,STK,539487,INF767K01OT5,LICNETFSEN,A,,,,,LIC MF EXCHNG TRADED FUND-SENS,887.17,887.17,887.17,887.17,887.17,811.0,,887.6,,,3,2661.0,1,F1,1,,,,,,2025-04-23
2025-04-23,2025-04-23,CM,BSE,STK,539492,INE721C01019,GARBIFIN,X,,,,,Garbi Finvest Limited,10.45,10.72,10.11,10.22,10.11,10.4,,10.22,,,10024,103476.0,38,F1,1,,,,,,2025-04-23
2025-04-23,2025-04-23,CM,BSE,STK,539494,INE766D01020,SMARTFIN,X,,,,,Smart Finsec Limited,16.88,16.88,15.32,15.99,16.05,16.65,,15.99,,,50537,803233.0,493,F1,1,,,,,,2025-04-23
2025-04-23,2025-04-23,CM,BSE,STK,539495,INE176R01014,RAJKOTINV,X,,,,,Rajkot Investment Trust Limite,45.09,45.09,44.8,44.8,44.8,42.95,,44.8,,,688,30955.0,15,F1,1,,,,,,2025-04-23
2025-04-23,2025-04-23,CM,BSE,STK,539506,INE805Q01028,ADCON,X,,,,,Adcon Capital Services Limited,0.74,0.78,0.74,0.77,0.77,0.75,,0.77,,,1429214,1092450.0,460,F1,1,,,,,,2025-04-23
2025-04-23,2025-04-23,CM,BSE,STK,539515,INE641R01017,QUINT,X,,,,,Quint Digital Limited,65.65,67.0,64.0,64.6,64.6,65.67,,64.6,,,2726,176599.0,44,F1,1,,,,,,2025-04-23
2025-04-23,2025-04-23,CM,BSE,STK,539516,INF179KC1965,HDFCNIFTY,B,,,,,HDFC Mutual Fund,268.44,269.59,266.85,268.97,268.85,267.52,,269.02,,,3705,994459.0,167,F1,1,,,,,,2025-04-23
2025-04-23,2025-04-23,CM,BSE,STK,539517,INF179KC1HX2,HDFCSENSEX,A,,,,,HDFC Mutual Fund,88.95,89.5,88.5,89.18,89.3,88.62,,89.07,,,20858,1847977.0,95,F1,1,,,,,,2025-04-23
2025-04-23,2025-04-23,CM,BSE,STK,539518,INE551B01012,UDAYJEW,X,,,,,Uday Jewellery Industries Limi,148.15,155.0,147.0,154.15,155.0,148.15,,154.15,,,21224,3237092.0,162,F1,1,,,,,,2025-04-23
2025-04-23,2025-04-23,CM,BSE,STK,539519,INE280E01038,SATTVASUKU,X,,,,,SATTVA SUKUN LIFECARE LIMITED,1.42,1.42,1.33,1.34,1.34,1.37,,1.34,,,1015264,1385504.0,527,F1,1,,,,,,2025-04-23
2025-04-23,2025-04-23,CM,BSE,STK,539522,INE343C01012,GROVY,X,,,,,Grovy India Limited,47.6,51.5,47.6,50.03,50.25,50.73,,50.03,,,1253,62467.0,39,F1,1,,,,,,2025-04-23
2025-04-23,2025-04-23,CM,BSE,STK,539523,INE540L01014,ALKEM,A,,,,,Alkem Laboratories Limited,5053.95,5252.15,5029.95,5231.8,5237.0,5013.0,,5232.9,,,4123,21378831.0,731,F1,1,,,,,,2025-04-23
2025-04-23,2025-04-23,CM,BSE,STK,539524,INE600L01024,LALPATHLAB,A,,,,,Dr. Lal Pathlabs Limited,2685.7,2784.7,2685.7,2767.05,2758.45,2762.65,,2768.2,,,3551,9794950.0,466,F1,1,,,,,,2025-04-23
2025-04-23,2025-04-23,CM,BSE,STK,539526,INE452S01025,SCTL,X,,,,,Suncare Traders Limited,0.99,1.09,0.99,1.04,1.04,0.96,,1.04,,,1003187,1039508.0,462,F1,1,,,,,,2025-04-23
2025-04-23,2025-04-23,CM,BSE,STK,539527,INE146E01015,CREATIVE,X,,,,,Creative Castings Limited,606.05,626.95,606.05,624.4,609.05,620.5,,624.4,,,54,32892.0,6,F1,1,,,,,,2025-04-23
2025-04-23,2025-04-23,CM,BSE,STK,539528,INE430R01023,AAYUSH,XT,,,,,AAYUSH WELLNESS LIMITED,80.0,81.0,76.94,80.91,81.0,79.96,,80.91,,,919670,72275570.0,13068,F1,1,,,,,,2025-04-23
2025-04-23,2025-04-23,CM,BSE,STK,539533,INE669R01018,ELITECON,XT,,,,,ELITECON INTERNATIONAL LIMITED,363.95,363.95,363.95,363.95,363.95,371.35,,363.95,,,1337,486601.0,43,F1,1,,,,,,2025-04-23
2025-04-23,2025-04-23,CM,BSE,STK,539542,INE150G01020,LUXIND,B,,,,,LUX Industries Limited,1461.0,1464.25,1413.2,1434.0,1441.4,1441.7,,1432.7,,,3399,4862412.0,526,F1,1,,,,,,2025-04-23
2025-04-23,2025-04-23,CM,BSE,STK,539544,INE281P01016,ABHIINFRA,XT,,,,,Abhishek Infraventures Limited,6.48,6.66,6.35,6.66,6.66,6.35,,6.66,,,2472,16302.0,9,F1,1,,,,,,2025-04-23
2025-04-23,2025-04-23,CM,BSE,STK,539545,INE217S01014,APOORVA,X,,,,,Apoorva Leasing Finance & Inve,40.64,40.64,40.62,40.62,40.62,38.71,,40.62,,,11,446.0,2,F1,1,,,,,,2025-04-23
2025-04-23,2025-04-23,CM,BSE,STK,539546,INE679E01015,AGRIBIO,X,,,,,AGRIBIO SPIRITS LIMITED,182.0,182.0,176.0,176.85,176.65,178.9,,176.85,,,14230,2514720.0,98,F1,1,,,,,,2025-04-23
2025-04-23,2025-04-23,CM,BSE,STK,539551,INE410P01011,NH,A,,,,,Narayana Hrudayalaya Limited,1835.75,1850.3,1794.0,1799.95,1799.95,1835.6,,1800.6,,,55174,99949890.0,6039,F1,1,,,,,,2025-04-23
2025-04-23,2025-04-23,CM,BSE,STK,539552,INE108T01013,FMEC,X,,,,,F MEC INTERNATIONAL FINANCIAL,99.99,104.0,94.5,102.83,104.0,98.3,,102.83,,,19834,1941182.0,161,F1,1,,,,,,2025-04-23
2025-04-23,2025-04-23,CM,BSE,STK,539559,INE005G01026,DDIL,X,,,,,Deep Diamond India Limited,4.79,4.95,4.7,4.85,4.85,4.89,,4.85,,,139843,676365.0,489,F1,1,,,,,,2025-04-23
2025-04-23,2025-04-23,CM,BSE,STK,539561,INE549S01036,REMLIFE,XT,,,,,REMEDIUM LIFECARE LIMITED,1.73,1.73,1.73,1.73,1.73,1.7,,1.73,,,180410,312109.0,99,F1,1,,,,,,2025-04-23
2025-04-23,2025-04-23,CM,BSE,STK,539562,INE750R01016,AARNAV,X,,,,,AARNAV FASHIONS LIMITED,53.95,53.95,51.55,52.59,52.5,52.99,,52.59,,,12641,664436.0,94,F1,1,,,,,,2025-04-23
2025-04-23,2025-04-23,CM,BSE,STK,539574,INE974F01025,SCL,XT,,,,,Sunshine Capital Ltd.,0.57,0.58,0.55,0.55,0.55,0.57,,0.55,,,9695960,5356837.0,2400,F1,1,,,,,,2025-04-23
2025-04-23,2025-04-23,CM,BSE,STK,539584,INE104S01022,SIPTL,X,,,,,SHARANAM INFRAPROJECT AND TRAD,0.64,0.64,0.64,0.64,0.64,0.67,,0.64,,,3311120,2119116.0,1298,F1,1,,,,,,2025-04-23
2025-04-23,2025-04-23,CM,BSE,STK,539593,INE728Q01014,SHIVA,X,,,,,Shivansh Finserv Limited,6.56,6.56,6.2,6.2,6.2,6.58,,6.2,,,328,2051.0,7,F1,1,,,,,,2025-04-23
2025-04-23,2025-04-23,CM,BSE,STK,539594,INE094S01041,MISHTANN,T,,,,,Mishtann Foods Limited,4.9,4.9,4.86,4.86,4.86,4.9,,4.86,,,768452,3754751.0,1539,F1,1,,,,,,2025-04-23
2025-04-23,2025-04-23,CM,BSE,STK,539596,INE681Q01015,DELTA,X,,,,,Delta Industrial Resources Lim,12.62,12.62,12.57,12.62,12.62,12.02,,12.62,,,12409,156421.0,26,F1,1,,,,,,2025-04-23
2025-04-23,2025-04-23,CM,BSE,STK,539598,INE727C01024,CGFL,X,,,,,CREDENT GLOBAL FINANCE LIMITED,27.55,27.55,25.0,25.42,25.61,25.45,,25.42,,,3415,88027.0,37,F1,1,,,,,,2025-04-23
2025-04-23,2025-04-23,CM,BSE,STK,539607,INE373T01047,BLUECLOUDS,T,,,,,Blue Cloud Softech Solutions L,16.69,16.96,16.5,16.96,16.96,16.16,,16.96,,,2260545,38310292.0,1495,F1,1,,,,,,2025-04-23
2025-04-23,2025-04-23,CM,BSE,STK,539620,INE534E01020,KEIL,X,,,,,KANORIA ENERGY & INFRASTRUCTUR,26.65,26.65,25.5,25.72,25.68,25.39,,25.72,,,6054,154992.0,24,F1,1,,,,,,2025-04-23
2025-04-23,2025-04-23,CM,BSE,STK,539621,INE368E01023,BCLENTERPR,X,,,,,BCL Enterprises Limited,0.82,0.86,0.8,0.83,0.83,0.81,,0.83,,,235401,196483.0,216,F1,1,,,,,,2025-04-23
2025-04-23,2025-04-23,CM,BSE,STK,539636,INE484I01029,PRECAM,B,,,,,Precision Camshafts Limited,176.0,179.75,170.5,173.85,173.85,175.1,,175.13,,,24775,4345443.0,762,F1,1,,,,,,2025-04-23
2025-04-23,2025-04-23,CM,BSE,STK,539658,INE985S01024,TEAMLEASE,A,,,,,TeamLease Services Limited,1915.0,1931.05,1870.95,1913.65,1909.7,1910.1,,1917.7,,,1434,2734494.0,274,F1,1,,,,,,2025-04-23
2025-04-23,2025-04-23,CM,BSE,STK,539659,INE564S01019,KAMATS,T,,,,,VIKRAM KAMATS HOSPITALITY LIMI,69.9,70.5,68.6,69.6,70.49,68.51,,69.6,,,2293,161198.0,15,F1,1,,,,,,2025-04-23
2025-04-23,2025-04-23,CM,BSE,STK,539660,INE052T01013,BESTAGRO,T,,,,,BEST AGROLIFE LIMITED,343.0,345.05,328.65,345.0,345.0,328.65,,343.6,,,59062,20322322.0,572,F1,1,,,,,,2025-04-23
2025-04-23,2025-04-23,CM,BSE,STK,539661,INE023R01018,ACEMEN,X,,,,,ACE MEN ENGG WORKS LIMITED,77.01,77.01,73.25,73.62,77.0,77.01,,73.62,,,28,2064.0,5,F1,1,,,,,,2025-04-23
2025-04-23,2025-04-23,CM,BSE,STK,539662,INE948Q01018,BFLAFL,XT,,,,,BFL Asset Finvest Limited,13.47,13.47,13.47,13.47,13.47,13.74,,13.47,,,1924,25916.0,20,F1,1,,,,,,2025-04-23
2025-04-23,2025-04-23,CM,BSE,STK,539669,INE684D01025,RGF,XT,,,,,RGF Capital Markets Limited,0.75,0.75,0.75,0.75,0.75,0.76,,0.75,,,22390,16792.0,38,F1,1,,,,,,2025-04-23
2025-04-23,2025-04-23,CM,BSE,STK,539673,INE792P01020,RCL,Z,,,,,Radhagobind Commercial Limited,2.34,2.4,2.34,2.35,2.34,2.29,,2.35,,,2500,5861.0,9,F1,1,,,,,,2025-04-23
2025-04-23,2025-04-23,CM,BSE,STK,539678,INE306L01010,QUICKHEAL,B,,,,,Quick Heal Technologies Limite,291.0,299.0,286.95,291.3,293.15,285.9,,291.55,,,13026,3811548.0,471,F1,1,,,,,,2025-04-23
2025-04-23,2025-04-23,CM,BSE,STK,539679,INE332Q01023,KAPILRAJ,X,,,,,Kapil Raj Finance Ltd.,6.7,7.22,6.7,7.16,7.22,6.95,,7.16,,,6312,44374.0,68,F1,1,,,,,,2025-04-23
2025-04-23,2025-04-23,CM,BSE,STK,539682,INE622Q01019,LUCENT,T,,,,,LUCENT INDUSTRIES LIMITED,660.0,660.0,635.0,641.0,641.0,640.0,,641.0,,,1344,856756.0,11,F1,1,,,,,,2025-04-23
2025-04-23,2025-04-23,CM,BSE,STK,539686,INE127T01021,KPEL,B,,,,,K.P. Energy Limited,413.25,414.0,395.6,406.15,407.9,406.55,,405.55,,,18806,7641575.0,1006,F1,1,,,,,,2025-04-23
2025-04-23,2025-04-23,CM,BSE,STK,539692,INE064T01018,IFINSER,XT,,,,,INTERACTIVE FINANCIAL SERVICES,24.35,24.39,24.35,24.36,24.36,24.0,,24.36,,,960,23391.0,5,F1,1,,,,,,2025-04-23
2025-04-23,2025-04-23,CM,BSE,STK,539697,INE966Q01010,HILIKS,XT,,,,,HILIKS TECHNOLOGIES LIMITED,56.8,56.8,52.01,52.67,52.38,54.1,,52.67,,,19761,1080700.0,53,F1,1,,,,,,2025-04-23
2025-04-23,2025-04-23,CM,BSE,STK,539725,INE314T01025,GOKULAGRO,B,,,,,Gokul Agro Resources Ltd,263.95,266.4,253.55,256.25,255.5,257.1,,256.65,,,34283,8876246.0,905,F1,1,,,,,,2025-04-23
2025-04-23,2025-04-23,CM,BSE,STK,539730,INE194R01017,FREDUN,X,,,,,Fredun Pharmaceuticals Limited,689.0,699.95,660.0,694.65,694.65,681.75,,694.65,,,3259,2213335.0,136,F1,1,,,,,,2025-04-23
2025-04-23,2025-04-23,CM,BSE,STK,539742,INE748T01016,SIMBHALS,T,,,,,Simbhaoli Sugars Ltd,15.15,15.15,14.25,14.75,14.75,14.55,,14.29,,,1298,18679.0,11,F1,1,,,,,,2025-04-23
2025-04-23,2025-04-23,CM,BSE,STK,539760,INE773T01014,RELICAB,T,,,,,Relicab Cable Manufacturing Li,64.2,64.21,64.2,64.21,64.21,62.96,,64.21,,,3410,218945.0,22,F1,1,,,,,,2025-04-23
2025-04-23,2025-04-23,CM,BSE,STK,539761,INE427T01025,VKAL,XT,,,,,Vantage Knowledge Academy Limi,17.61,18.47,16.88,16.88,16.88,17.76,,16.88,,,121560,2096890.0,464,F1,1,,,,,,2025-04-23
2025-04-23,2025-04-23,CM,BSE,STK,539762,INE250S01015,MEAPL,XT,,,,,MODERN ENGINEERING AND PROJECT,31.81,31.81,29.01,30.15,30.15,30.3,,30.15,,,24058,729297.0,41,F1,1,,,,,,2025-04-23
2025-04-23,2025-04-23,CM,BSE,STK,539767,INE216Q01010,MNIL,X,,,,,Mega Nirman & Industries Limit,19.53,20.38,18.5,19.31,19.88,19.15,,19.31,,,11494,225285.0,24,F1,1,,,,,,2025-04-23
2025-04-23,2025-04-23,CM,BSE,STK,539770,INE830S01014,DARJEELING,XT,,,,,Darjeeling Ropeway Company Lim,33.4,33.4,33.4,33.4,33.4,34.08,,33.4,,,16,534.0,2,F1,1,,,,,,2025-04-23
2025-04-23,2025-04-23,CM,BSE,STK,539773,INE178T01024,ADVIKCA,X,,,,,Advik Capital Limited,1.88,1.93,1.78,1.8,1.81,1.9,,1.8,,,2730849,4980868.0,1571,F1,1,,,,,,2025-04-23
2025-04-23,2025-04-23,CM,BSE,STK,539785,INE865T01018,PDMJEPAPER,T,,,,,Pudumjee Paper Products Limite,123.55,123.55,121.21,121.21,121.21,123.68,,121.21,,,2507,306183.0,43,F1,1,,,,,,2025-04-23
2025-04-23,2025-04-23,CM,BSE,STK,539787,INE075I01017,HCG,B,,,,,HealthCare Global Enterprises,578.0,583.95,566.05,574.0,577.45,576.0,,575.45,,,24995,14349706.0,1337,F1,1,,,,,,2025-04-23
2025-04-23,2025-04-23,CM,BSE,STK,539788,INE030U01025,KDML,MT,,,,,Khemani Distributors & Marketi,130.2,142.0,130.2,142.0,142.0,137.05,,142.0,,,3600,482880.0,3,F1,1200,,,,,,2025-04-23
2025-04-23,2025-04-23,CM,BSE,STK,539798,INE173U01015,UMIYA,XT,,,,,Umiya Tubes Limited,21.44,21.44,21.44,21.44,21.44,22.56,,21.44,,,1463,31366.0,27,F1,1,,,,,,2025-04-23
2025-04-23,2025-04-23,CM,BSE,STK,539799,INE316L01019,BHARATWIRE,B,,,,,Bharat Wire Ropes Limited,191.85,193.95,184.95,186.7,185.75,192.65,,186.81,,,19691,3708482.0,668,F1,1,,,,,,2025-04-23
2025-04-23,2025-04-23,CM,BSE,STK,539800,INE043U01010,CHDCHEM,X,,,,,CHD Chemicals Limited,5.94,6.2,5.94,6.19,6.19,6.17,,6.19,,,7567,46609.0,19,F1,1,,,,,,2025-04-23
2025-04-23,2025-04-23,CM,BSE,STK,539807,INE483S01020,INFIBEAM,A,,,,,INFIBEAM AVENUES LIMITED,18.38,18.51,17.76,18.12,18.12,18.31,,18.12,,,1014720,18386994.0,2162,F1,1,,,,,,2025-04-23
2025-04-23,2025-04-23,CM,BSE,STK,539814,INE204S01012,LELAVOIR,XT,,,,,LE LAVOIR LIMITED,350.0,357.25,337.0,356.8,357.25,340.25,,356.8,,,1529,536691.0,63,F1,1,,,,,,2025-04-23
2025-04-23,2025-04-23,CM,BSE,STK,539834,INE119R01014,BALGOPAL,XT,,,,,Balgopal Commercial limited,141.4,141.4,135.9,135.9,135.9,138.65,,135.9,,,6860,933737.0,9,F1,1,,,,,,2025-04-23
2025-04-23,2025-04-23,CM,BSE,STK,539835,INE574R01028,SUPERIOR,X,,,,,Superior Finlease Limited,1.65,1.65,1.64,1.64,1.64,1.65,,1.64,,,404,664.0,8,F1,1,,,,,,2025-04-23
2025-04-23,2025-04-23,CM,BSE,STK,539837,INE912T01018,RPEL,B,,,,,RAGHAV PRODUCTIVITY ENHANCERS,655.0,667.0,652.85,659.15,667.0,653.85,,658.2,,,1636,1077209.0,157,F1,1,,,,,,2025-04-23
2025-04-23,2025-04-23,CM,BSE,STK,539841,INE359U01028,LANCER,T,,,,,Lancer Container Lines Limited,16.21,16.21,16.21,16.21,16.21,16.21,,16.21,,,121708,1972886.0,405,F1,1,,,,,,2025-04-23
2025-04-23,2025-04-23,CM,BSE,STK,539843,INE395U01014,NINSYS,B,,,,,NINtec Systems Limited,456.9,478.0,456.9,469.75,470.0,456.9,,470.3,,,1452,677244.0,153,F1,1,,,,,,2025-04-23
2025-04-23,2025-04-23,CM,BSE,STK,539854,INE115S01010,HALDER,X,,,,,Halder Venture Limited,605.3,623.8,605.0,612.65,612.65,611.7,,612.65,,,10453,6408673.0,164,F1,1,,,,,,2025-04-23
2025-04-23,2025-04-23,CM,BSE,STK,539871,INE594H01019,THYROCARE,B,,,,,Thyrocare Technologies Limited,819.95,819.95,765.0,768.85,769.0,794.3,,769.2,,,7275,5649693.0,893,F1,1,,,,,,2025-04-23
2025-04-23,2025-04-23,CM,BSE,STK,539872,INE411U01027,BAJAJHCARE,B,,,,,Bajaj Healthcare Limited,610.0,635.8,606.25,624.25,626.0,614.85,,624.6,,,46009,28741811.0,1739,F1,1,,,,,,2025-04-23
2025-04-23,2025-04-23,CM,BSE,STK,539875,INE616F01022,RSDFIN,X,,,,,RSD Finance Limited,137.45,137.45,124.05,125.0,127.5,125.2,,125.0,,,1481,187220.0,35,F1,1,,,,,,2025-04-23
2025-04-23,2025-04-23,CM,BSE,STK,539876,INE299U01018,CROMPTON,A,,,,,Crompton Greaves Consumer Elec,354.9,354.9,340.0,343.75,344.85,353.25,,343.8,,,144081,49462327.0,5197,F1,1,,,,,,2025-04-23
2025-04-23,2025-04-23,CM,BSE,STK,539883,INE417C01014,PILANIINVS,B,,,,,Pilani Investment And Industri,4563.0,4578.0,4441.6,4520.7,4525.0,4551.7,,4523.4,,,609,2735264.0,140,F1,1,,,,,,2025-04-23
2025-04-23,2025-04-23,CM,BSE,STK,539884,INE671T01028,DARSHANORNA,XT,,,,,Darshan Orna Limited,2.69,2.69,2.51,2.53,2.65,2.64,,2.53,,,455940,1155111.0,313,F1,1,,,,,,2025-04-23
2025-04-23,2025-04-23,CM,BSE,STK,539889,INE883N01014,PARAGMILK,B,,,,,Parag Milk Foods Limited,192.95,192.95,187.85,190.4,189.95,192.4,,190.45,,,28230,5351974.0,661,F1,1,,,,,,2025-04-23
2025-04-23,2025-04-23,CM,BSE,STK,539894,INE631R01026,MADHAVIPL,X,,,,,Madhav Infra Projects Limited,12.69,13.07,12.25,12.46,12.45,12.69,,12.46,,,379676,4807043.0,805,F1,1,,,,,,2025-04-23
2025-04-23,2025-04-23,CM,BSE,STK,539895,INE631E01024,SAGL,XT,,,,,Shalimar Agencies Limited,10.34,10.34,10.34,10.34,10.34,10.14,,10.34,,,250,2585.0,5,F1,1,,,,,,2025-04-23
2025-04-23,2025-04-23,CM,BSE,STK,539900,INE642P01019,DIDL,XT,,,,,DALMIA INDUSTRIAL DEVELOPMENT,17.44,17.44,16.61,17.17,17.4,16.61,,17.17,,,78628,1364694.0,192,F1,1,,,,,,2025-04-23
2025-04-23,2025-04-23,CM,BSE,STK,539911,INE730R01042,SNIM,X,,,,,Svarnim Trade Udyog Limited,32.0,32.0,28.96,28.96,28.96,30.48,,28.96,,,150,4651.0,3,F1,1,,,,,,2025-04-23
2025-04-23,2025-04-23,CM,BSE,STK,539917,INE454M01024,NAGAFERT,T,,,,,NAGARJUNA FERTILIZERS AND CHEM,4.9,4.9,4.85,4.85,4.85,4.93,,4.85,,,75966,369447.0,115,F1,1,,,,,,2025-04-23
2025-04-23,2025-04-23,CM,BSE,STK,539921,INE440T01028,SEIL,X,,,,,Shanti Educational Initiatives,75.87,75.87,69.0,71.72,71.89,72.55,,71.72,,,10619,762048.0,158,F1,1,,,,,,2025-04-23
2025-04-23,2025-04-23,CM,BSE,STK,539938,INE858Q01019,MIL,X,,,,,Medico Intercontinental Limite,39.97,39.97,38.0,38.4,38.4,39.18,,38.4,,,5137,197298.0,60,F1,1,,,,,,2025-04-23
2025-04-23,2025-04-23,CM,BSE,STK,539939,INE571U01010,YASHCHEM,X,,,,,Yash Chemex Limited,51.9,52.13,51.0,52.13,52.13,51.79,,52.13,,,509,26492.0,9,F1,1,,,,,,2025-04-23
2025-04-23,2025-04-23,CM,BSE,STK,539945,INF109KC11V0,NV20IETF,B,,,,,ICICI Prudential NV20 ETF,14.2,14.28,14.17,14.24,14.27,14.09,,14.25,,,97277,1383939.0,350,F1,1,,,,,,2025-04-23
2025-04-23,2025-04-23,CM,BSE,STK,539946,INE217E01014,BAZELINTER,X,,,,,Bazel International Limited,71.1,84.0,70.58,84.0,84.0,77.04,,84.0,,,1031,84376.0,26,F1,1,,,,,,2025-04-23
2025-04-23,2025-04-23,CM,BSE,STK,539947,INE919T01013,JLL,X,,,,,JINDAL LEASEFIN LIMITED,41.42,45.5,41.42,45.0,45.0,43.58,,45.0,,,262,11436.0,15,F1,1,,,,,,2025-04-23
2025-04-23,2025-04-23,CM,BSE,STK,539956,INE524T01011,TAALENT,X,,,,,TAAL Enterprises Limited,2485.0,2518.95,2425.5,2454.75,2454.75,2478.05,,2454.75,,,1056,2628392.0,102,F1,1,,,,,,2025-04-23
2025-04-23,2025-04-23,CM,BSE,STK,539957,INE002S01010,MGL,A,,,,,Mahanagar Gas Limited,1355.0,1359.45,1304.3,1323.1,1322.5,1344.3,,1323.1,,,29687,39418010.0,2982,F1,1,,,,,,2025-04-23
2025-04-23,2025-04-23,CM,BSE,STK,539963,INE819S01025,ZEAL,X,,,,,Zeal Aqua Limited,12.17,12.38,12.15,12.18,12.18,12.22,,12.18,,,58981,719266.0,237,F1,1,,,,,,2025-04-23
2025-04-23,2025-04-23,CM,BSE,STK,539978,INE615P01015,QUESS,T,,,,,Quess Corp Limited,366.55,368.7,352.4,359.05,359.05,361.35,,361.45,,,15693,5679169.0,335,F1,1,,,,,,2025-04-23
2025-04-23,2025-04-23,CM,BSE,STK,539979,INE731U01028,DIGJAMLMTD,T,,,,,DIGJAM LIMITED,40.0,40.8,40.0,40.8,40.8,40.0,,40.62,,,314,12781.0,16,F1,1,,,,,,2025-04-23
2025-04-23,2025-04-23,CM,BSE,STK,539980,INF109KC10W0,MIDSELIETF,B,,,,,ICICI Prudential BSE Midcap Se,16.7,16.7,16.49,16.7,16.7,16.51,,16.69,,,49756,827788.0,447,F1,1,,,,,,2025-04-23
2025-04-23,2025-04-23,CM,BSE,STK,539984,INE799B01017,HUIL,X,,,,,HINDUSTHAN URBAN INFRASTRUCTUR,2221.1,2221.1,2219.95,2219.95,2219.95,2175.6,,2219.95,,,24,53294.0,3,F1,1,,,,,,2025-04-23
2025-04-23,2025-04-23,CM,BSE,STK,539986,INE073V01015,COMSYN,T,,,,,Commercial Syn Bags Limited,80.1,86.89,80.1,85.43,85.0,83.74,,84.53,,,8122,661068.0,29,F1,1,,,,,,2025-04-23
2025-04-23,2025-04-23,CM,BSE,STK,539991,INE700F01024,CFEL,X,,,,,CONFIDENCE FUTURISTIC ENERGETE,88.2,92.19,88.2,88.74,89.0,92.96,,88.74,,,14746,1319553.0,122,F1,1,,,,,,2025-04-23
2025-04-23,2025-04-23,CM,BSE,STK,539992,INE093R01011,LLOYDSENGG,A,,,,,LLOYDS ENGINEERING WORKS LIMIT,67.87,71.46,66.97,69.27,69.27,66.98,,69.3,,,1801053,124709042.0,8544,F1,1,,,,,,2025-04-23
2025-04-23,2025-04-23,CM,BSE,STK,539997,INE552U01010,KPL,B,,,,,Kwality Pharmaceuticals Limite,823.95,834.0,783.9,797.1,797.1,818.3,,797.1,,,19923,16000124.0,1358,F1,1,,,,,,2025-04-23
2025-04-23,2025-04-23,CM,BSE,STK,540005,INE214T01019,LTIM,A,,,,,LTIMindtree Limited,4393.65,4565.55,4393.65,4538.5,4538.5,4320.05,,4536.7,,,27550,124138118.0,5630,F1,1,,,,,,2025-04-23
2025-04-23,2025-04-23,CM,BSE,STK,540006,INE595R01023,EASTWEST,X,,,,,EAST WEST FREIGHT CARRIERS LTD,7.43,7.43,6.75,7.09,7.09,7.18,,7.09,,,660626,4692843.0,744,F1,1,,,,,,2025-04-23
2025-04-23,2025-04-23,CM,BSE,STK,540008,INF209KB10E8,BSLSENETFG,A,,,,,Aditya Birla Sun Life BSE Sens,79.09,79.31,79.09,79.11,79.11,79.09,,79.17,,,91,7199.0,8,F1,1,,,,,,2025-04-23
2025-04-23,2025-04-23,CM,BSE,STK,540023,INE621I01042,COLORCHIPS,X,,,,,COLORCHIPS NEW MEDIA LIMITED,21.05,22.1,21.04,21.85,22.1,21.06,,21.85,,,7674,163391.0,62,F1,1,,,,,,2025-04-23
2025-04-23,2025-04-23,CM,BSE,STK,540025,INE837H01020,ADVENZYMES,A,,,,,Advanced Enzyme Technologies L,302.6,303.0,294.5,297.3,298.5,301.25,,296.65,,,11513,3428184.0,642,F1,1,,,,,,2025-04-23
2025-04-23,2025-04-23,CM,BSE,STK,540026,INE213U01019,LAHL,XT,,,,,Ladam Affortable Housing Limit,5.54,5.61,5.54,5.56,5.56,5.51,,5.56,,,209,1165.0,8,F1,1,,,,,,2025-04-23
2025-04-23,2025-04-23,CM,BSE,STK,540047,INE917M01012,DBL,A,,,,,Dilip Buildcon Limited,461.25,466.6,449.0,451.2,451.6,460.95,,451.6,,,7603,3444872.0,445,F1,1,,,,,,2025-04-23
2025-04-23,2025-04-23,CM,BSE,STK,540048,INE212I01016,SPAL,B,,,,,S.P. Apparels Limited,761.65,761.65,731.55,733.75,731.55,744.55,,734.35,,,386,287252.0,123,F1,1,,,,,,2025-04-23
2025-04-23,2025-04-23,CM,BSE,STK,540061,INE412U01025,BIGBLOC,B,,,,,Bigbloc Construction Limited,73.71,76.95,72.26,74.15,74.15,73.78,,74.25,,,26743,1992826.0,1218,F1,1,,,,,,2025-04-23
2025-04-23,2025-04-23,CM,BSE,STK,540062,INE222U01010,GOLDENCREST,XT,,,,,Golden Crest Education & Servi,538.9,538.9,538.9,538.9,538.9,528.35,,538.9,,,4,2155.0,2,F1,1,,,,,,2025-04-23
2025-04-23,2025-04-23,CM,BSE,STK,540063,INE925Q01024,ECS,X,,,,,ECS Biztech Limited,9.98,9.98,9.33,9.4,9.33,9.8,,9.4,,,2099,20187.0,45,F1,1,,,,,,2025-04-23
2025-04-23,2025-04-23,CM,BSE,STK,540065,INE976G01028,RBLBANK,A,,,,,RBL Bank Limited,192.65,192.65,186.1,191.85,191.85,190.0,,191.68,,,703188,133437607.0,5577,F1,1,,,,,,2025-04-23
2025-04-23,2025-04-23,CM,BSE,STK,540073,INE153T01027,BLS,A,,,,,BLS International Services Ltd,399.1,403.9,382.4,384.4,386.9,397.0,,384.0,,,105025,40724646.0,1696,F1,1,,,,,,2025-04-23
2025-04-23,2025-04-23,CM,BSE,STK,540078,INE317V01016,MITSU,B,,,,,Mitsu Chem Plast Limited,105.13,107.47,105.12,106.16,106.16,106.33,,106.16,,,13141,1396790.0,89,F1,1,,,,,,2025-04-23
2025-04-23,2025-04-23,CM,BSE,STK,540079,INE537U01029,SPRAYKING,B,,,,,Sprayking Limited,8.01,8.01,7.73,7.8,7.8,7.84,,7.8,,,125876,985346.0,277,F1,1,,,,,,2025-04-23
2025-04-23,2025-04-23,CM,BSE,STK,540080,INE715T01031,DHATRE,X,,,,,Dhatre Udyog Limited,8.28,8.5,8.05,8.27,8.28,8.2,,8.27,,,114788,954518.0,393,F1,1,,,,,,2025-04-23
2025-04-23,2025-04-23,CM,BSE,STK,540081,INE860T01019,SABEVENTS,T,,,,,Sab Events & Governance Now Me,5.15,5.15,5.11,5.15,5.15,5.05,,5.15,,,5242,26796.0,7,F1,1,,,,,,2025-04-23
2025-04-23,2025-04-23,CM,BSE,STK,540082,INE367U01013,RSTL,M,,,,,Riddhi Steel and Tube Limited,91.5,101.01,91.5,101.01,101.01,96.2,,101.01,,,15000,1401030.0,5,F1,1500,,,,,,2025-04-23
2025-04-23,2025-04-23,CM,BSE,STK,540083,INE871L01013,TVVISION,T,,,,,TV VISION LIMITED,6.55,6.55,6.55,6.55,6.55,6.43,,6.55,,,2323,15215.0,10,F1,1,,,,,,2025-04-23
2025-04-23,2025-04-23,CM,BSE,STK,540097,INE890S01026,GAMCO,X,,,,,GAMCO LIMITED,39.99,40.01,38.1,39.26,39.26,39.8,,39.26,,,158458,6168159.0,148,F1,1,,,,,,2025-04-23
2025-04-23,2025-04-23,CM,BSE,STK,540115,INE010V01017,LTTS,A,,,,,L&T Technology Services Limite,4489.35,4565.2,4444.0,4450.8,4452.0,4402.65,,4451.4,,,15710,70418879.0,3795,F1,1,,,,,,2025-04-23
2025-04-23,2025-04-23,CM,BSE,STK,540124,INE934S01014,GNA,B,,,,,G N A Axles Limited,349.6,351.95,339.3,343.0,342.0,348.3,,343.6,,,21523,7384893.0,822,F1,1,,,,,,2025-04-23
2025-04-23,2025-04-23,CM,BSE,STK,540125,INE583V01021,RADHIKAJWE,B,,,,,Radhika Jeweltech Limited,94.77,98.57,94.21,96.26,96.94,96.39,,96.24,,,81934,7868756.0,1316,F1,1,,,,,,2025-04-23
2025-04-23,2025-04-23,CM,BSE,STK,540132,INE400R01018,SIIL,XT,,,,,Sabrimala Industries India Lim,11.0,11.53,10.45,10.49,10.45,10.99,,10.49,,,7273,78810.0,28,F1,1,,,,,,2025-04-23
2025-04-23,2025-04-23,CM,BSE,STK,540133,INE726G01019,ICICIPRULI,A,,,,,ICICI Prudential Life Insuranc,600.05,608.9,591.0,606.95,604.95,600.1,,607.0,,,20594,12362454.0,2081,F1,1,,,,,,2025-04-23
2025-04-23,2025-04-23,CM,BSE,STK,540134,INE818R01011,IISL,XT,,,,,ISHAAN INFRASTRUCTURE AND SHEL,6.95,7.2,6.95,7.2,7.2,7.06,,7.2,,,60252,429500.0,23,F1,1,,,,,,2025-04-23
2025-04-23,2025-04-23,CM,BSE,STK,540135,INE202R01026,ARCFIN,XT,,,,,ARC Finance Limited,1.02,1.07,0.99,1.02,1.02,1.04,,1.02,,,9265499,9339176.0,3797,F1,1,,,,,,2025-04-23
2025-04-23,2025-04-23,CM,BSE,STK,540136,INE495S01016,HPL,B,,,,,HPL Electric & Power Limited,450.0,457.6,437.65,447.05,447.5,446.05,,447.2,,,30188,13442556.0,1514,F1,1,,,,,,2025-04-23
2025-04-23,2025-04-23,CM,BSE,STK,540143,INE184B01012,SAGARSOFT,X,,,,,Sagarsoft (India) Limited,159.45,159.45,152.05,152.85,155.0,155.0,,152.85,,,1359,208624.0,38,F1,1,,,,,,2025-04-23
2025-04-23,2025-04-23,CM,BSE,STK,540144,INE746V01016,DRA,MT,,,,,DRA CONSULTANTS LIMITED,23.83,23.83,23.83,23.83,23.83,22.7,,23.83,,,2500,59575.0,1,F1,2500,,,,,,2025-04-23
2025-04-23,2025-04-23,CM,BSE,STK,540145,INE565V01010,VALIANTORG,B,,,,,Valiant Organics Limited,355.0,369.9,344.95,356.1,365.0,358.25,,355.25,,,6975,2465761.0,372,F1,1,,,,,,2025-04-23
2025-04-23,2025-04-23,CM,BSE,STK,540146,INE427V01013,ACML,MT,,,,,ADITYA CONSUMER MARKETING LIMI,47.61,47.61,47.61,47.61,47.61,46.68,,47.61,,,3000,142830.0,2,F1,1000,,,,,,2025-04-23
2025-04-23,2025-04-23,CM,BSE,STK,540147,INE700V01021,SHASHIJIT,T,,,,,Shashijit Infraprojects Limite,7.65,7.7,7.65,7.7,7.7,7.55,,7.7,,,158338,1214515.0,65,F1,1,,,,,,2025-04-23
2025-04-23,2025-04-23,CM,BSE,STK,540153,INE913H01037,ENDURANCE,A,,,,,Endurance Technologies Limited,1982.0,1990.8,1945.0,1957.9,1957.9,1982.2,,1955.6,,,1818,3565412.0,442,F1,1,,,,,,2025-04-23
2025-04-23,2025-04-23,CM,BSE,STK,540159,INE905R01016,PURPLE,X,,,,,Purple Entertainment Limited,3.89,3.89,3.51,3.52,3.52,3.9,,3.52,,,312,1135.0,8,F1,1,,,,,,2025-04-23
2025-04-23,2025-04-23,CM,BSE,STK,540168,INE268T01015,SUPRAPFSL,X,,,,,Supra Pacific Financial Servic,27.5,27.5,26.11,27.1,27.2,27.05,,27.1,,,25601,676587.0,46,F1,1,,,,,,2025-04-23
2025-04-23,2025-04-23,CM,BSE,STK,540173,INE572E01012,PNBHOUSING,A,,,,,PNB Housing Finance Limited,1007.25,1010.2,987.65,999.7,1002.4,994.1,,999.75,,,25763,25680167.0,1445,F1,1,,,,,,2025-04-23
2025-04-23,2025-04-23,CM,BSE,STK,540174,INE298B01010,SOUTHERNIN,X,,,,,Southern Infosys Limited,23.75,24.5,23.0,23.75,23.75,23.75,,23.75,,,3299,77807.0,34,F1,1,,,,,,2025-04-23
2025-04-23,2025-04-23,CM,BSE,STK,540175,INE964R01013,REGENCY,X,,,,,REGENCY FINCORP LIMITED,30.27,32.24,29.35,29.41,29.41,30.89,,29.41,,,43683,1293344.0,216,F1,1,,,,,,2025-04-23
2025-04-23,2025-04-23,CM,BSE,STK,540180,INE200M01039,VBL,A,,,,,Varun Beverages Limited,554.45,557.5,545.35,548.95,548.95,549.3,,549.15,,,95607,52696246.0,2806,F1,1,,,,,,2025-04-23
2025-04-23,2025-04-23,CM,BSE,STK,540181,INE894E01028,SALEM,X,,,,,Salem Erode Investments Ltd.,45.98,45.98,45.98,45.98,45.98,45.98,,45.98,,,19,873.0,4,F1,1,,,,,,2025-04-23
2025-04-23,2025-04-23,CM,BSE,STK,540190,INE789R01022,FRANKLININD,X,,,,,Franklin Industries Limited,2.1,2.12,2.09,2.1,2.1,2.1,,2.1,,,1111196,2334493.0,1443,F1,1,,,,,,2025-04-23
2025-04-23,2025-04-23,CM,BSE,STK,540192,INE341H01023,LKPSEC,X,,,,,LKP Securities Limited,20.8,20.8,20.3,20.52,20.6,20.8,,20.52,,,13650,279927.0,128,F1,1,,,,,,2025-04-23
2025-04-23,2025-04-23,CM,BSE,STK,540198,INE186R01013,OSIAJEE,XT,,,,,OSIAJEE TEXFAB LIMITED,168.5,168.6,168.05,168.6,168.6,168.5,,168.6,,,29858,5031844.0,60,F1,1,,,,,,2025-04-23
2025-04-23,2025-04-23,CM,BSE,STK,540203,INE916U01025,SFL,A,,,,,Sheela Foam Limited,679.95,679.95,660.5,668.45,668.45,669.2,,668.15,,,15294,10209213.0,987,F1,1,,,,,,2025-04-23
2025-04-23,2025-04-23,CM,BSE,STK,540204,INE666Q01016,EIKO,X,,,,,EIKO LIFESCIENCES LIMITED,54.42,55.49,51.95,52.08,52.04,54.42,,52.08,,,12616,668886.0,119,F1,1,,,,,,2025-04-23
2025-04-23,2025-04-23,CM,BSE,STK,540205,INE679V01027,AVL,B,,,,,Aditya Vision Limited,458.0,460.0,440.55,444.35,444.25,455.3,,444.55,,,5046,2255573.0,474,F1,1,,,,,,2025-04-23
2025-04-23,2025-04-23,CM,BSE,STK,540210,INE759V01019,HEADSUP,T,,,,,Heads UP Ventures Limited,11.05,11.05,10.45,10.76,11.0,11.0,,10.76,,,32125,345881.0,80,F1,1,,,,,,2025-04-23
2025-04-23,2025-04-23,CM,BSE,STK,540212,INE586V01016,TCIEXP,B,,,,,TCI Express Limited,705.0,708.0,680.95,687.3,684.0,697.2,,686.95,,,2819,1946184.0,373,F1,1,,,,,,2025-04-23
2025-04-23,2025-04-23,CM,BSE,STK,540222,INE947Q01028,LAURUSLABS,A,,,,,Laurus Labs Limited,658.9,659.95,642.6,650.45,650.45,651.65,,650.7,,,65425,42625708.0,2102,F1,1,,,,,,2025-04-23
2025-04-23,2025-04-23,CM,BSE,STK,540252,INE607V01028,VSL,B,,,,,VEERAM SECURITIES LIMITED,9.29,9.44,9.25,9.31,9.29,9.29,,9.31,,,37485,348249.0,194,F1,1,,,,,,2025-04-23
2025-04-23,2025-04-23,CM,BSE,STK,540254,INE245H01018,MTPL,X,,,,,MARG TECHNO PROJECTS LIMITED,37.69,37.69,34.32,34.32,34.32,34.75,,34.32,,,833,28962.0,10,F1,1,,,,,,2025-04-23
2025-04-23,2025-04-23,CM,BSE,STK,540266,INE804Q01013,GLCL,Z,,,,,Globe Commercials Limited,27.35,27.35,26.57,27.34,27.35,26.05,,27.34,,,19573,533986.0,247,F1,1,,,,,,2025-04-23
2025-04-23,2025-04-23,CM,BSE,STK,540267,INE318U01016,FLORACORP,X,,,,,Flora Corporation Limited,7.44,7.44,7.43,7.43,7.43,7.45,,7.43,,,6,44.0,2,F1,1,,,,,,2025-04-23
2025-04-23,2025-04-23,CM,BSE,STK,540268,INE615R01029,TRU,T,,,,,TruCap Finance Limited,6.89,6.89,6.89,6.89,6.89,7.03,,6.89,,,65133,448766.0,83,F1,1,,,,,,2025-04-23
2025-04-23,2025-04-23,CM,BSE,STK,540293,INE726V01018,PRICOLLTD,A,,,,,Pricol Limited,455.9,465.2,451.05,459.2,456.05,452.4,,459.0,,,23114,10598787.0,983,F1,1,,,,,,2025-04-23
2025-04-23,2025-04-23,CM,BSE,STK,540310,INE181U01018,CFL,XT,,,,,Classic Filaments Limited,24.5,24.5,24.5,24.5,24.5,24.9,,24.5,,,21,514.0,2,F1,1,,,,,,2025-04-23
2025-04-23,2025-04-23,CM,BSE,STK,540311,INE863T01013,JITFINFRA,T,,,,,JITF INFRALOGISTICS LIMITED,393.65,393.65,393.65,393.65,393.65,385.95,,393.65,,,1445,568824.0,21,F1,1,,,,,,2025-04-23
2025-04-23,2025-04-23,CM,BSE,STK,540358,INE655V01019,RMC,MT,,,,,RMC SWITCHGEARS LIMITED,658.0,660.0,657.0,658.0,658.0,655.0,,658.0,,,41625,27396125.0,43,F1,125,,,,,,2025-04-23
2025-04-23,2025-04-23,CM,BSE,STK,540359,INE240T01014,PARMAX,X,,,,,Parmax Pharma Limited,45.22,47.5,43.99,45.0,45.0,45.0,,45.0,,,1235,55685.0,22,F1,1,,,,,,2025-04-23
2025-04-23,2025-04-23,CM,BSE,STK,540360,INE715Q01029,LLFICL,XT,,,,,LEADING LEASING FINANCE AND IN,6.63,6.63,6.05,6.06,6.05,6.36,,6.06,,,231566,1429181.0,219,F1,1,,,,,,2025-04-23
2025-04-23,2025-04-23,CM,BSE,STK,540361,INE575D01041,DANUBE,XT,,,,,DANUBE INDUSTRIES LIMITED,4.75,4.98,4.75,4.88,4.88,4.87,,4.88,,,18705,90844.0,68,F1,1,,,,,,2025-04-23
2025-04-23,2025-04-23,CM,BSE,STK,540366,INE919I01024,RADIOCITY,B,,,,,Music Broadcast Limited,12.35,12.35,10.44,10.49,10.45,10.63,,10.56,,,15874,170805.0,143,F1,1,,,,,,2025-04-23
2025-04-23,2025-04-23,CM,BSE,STK,540376,INE192R01011,DMART,A,,,,,Avenue Supermarts Limited,4441.85,4532.6,4433.4,4507.6,4498.95,4434.8,,4508.1,,,12472,55850943.0,3011,F1,1,,,,,,2025-04-23
2025-04-23,2025-04-23,CM,BSE,STK,540377,INE714U01024,IFL,B,,,,,IFL ENTERPRISES LIMITED,0.74,0.75,0.71,0.73,0.74,0.74,,0.73,,,2445132,1781203.0,1063,F1,1,,,,,,2025-04-23
2025-04-23,2025-04-23,CM,BSE,STK,540386,INE989S01042,ONTIC,X,,,,,Ontic Finserve Limited,0.69,0.75,0.69,0.73,0.73,0.71,,0.73,,,59878,42388.0,71,F1,1,,,,,,2025-04-23
2025-04-23,2025-04-23,CM,BSE,STK,540393,INE017W01010,SMLT,B,,,,,Sarthak Metals Limited,127.35,127.55,123.3,124.55,123.3,127.0,,124.93,,,3780,473065.0,170,F1,1,,,,,,2025-04-23
2025-04-23,2025-04-23,CM,BSE,STK,540395,INE298W01016,CHEMCRUX,T,,,,,Chemcrux Enterprises Limited,161.2,161.25,156.0,157.65,158.0,161.3,,157.65,,,3609,573155.0,140,F1,1,,,,,,2025-04-23
2025-04-23,2025-04-23,CM,BSE,STK,540396,INE784W01015,MANOMAY,B,,,,,Manomay Tex India Limited,180.0,180.0,175.0,177.9,175.0,180.0,,176.5,,,650,115901.0,31,F1,1,,,,,,2025-04-23
2025-04-23,2025-04-23,CM,BSE,STK,540401,INE544W01021,MAXIMUS,X,,,,,Maximus International Limited,11.43,11.61,11.01,11.3,11.2,11.43,,11.3,,,31447,355989.0,197,F1,1,,,,,,2025-04-23
2025-04-23,2025-04-23,CM,BSE,STK,540403,INE201M01029,CLEDUCATE,B,,,,,CL Educate Limited,95.26,95.97,93.61,95.93,95.93,95.26,,94.76,,,1978,187836.0,114,F1,1,,,,,,2025-04-23
2025-04-23,2025-04-23,CM,BSE,STK,540404,INE442V01012,PRIMEFRESH,MT,,,,,PRIME FRESH LIMITED,157.0,160.0,155.0,160.0,160.0,157.55,,160.0,,,18000,2810362.0,16,F1,750,,,,,,2025-04-23
2025-04-23,2025-04-23,CM,BSE,STK,540405,INE711V01010,OCEANIC,X,,,,,Oceanic Foods Limited,42.99,42.99,41.4,42.03,42.0,41.56,,42.03,,,322,13533.0,9,F1,1,,,,,,2025-04-23
2025-04-23,2025-04-23,CM,BSE,STK,540425,INE274V01019,SHANKARA,B,,,,,Shankara Building Products Lim,665.7,680.0,633.7,677.3,672.4,667.9,,675.3,,,23868,15804633.0,2023,F1,1,,,,,,2025-04-23
2025-04-23,2025-04-23,CM,BSE,STK,540481,INE949C01016,CLFL,X,,,,,Classic Leasing & Finance Ltd.,35.75,35.75,34.0,34.0,34.0,35.75,,34.0,,,1503,51103.0,5,F1,1,,,,,,2025-04-23
2025-04-23,2025-04-23,CM,BSE,STK,540492,INE594W01042,STARLENT,T,,,,,STARLINEPS ENTERPRISES LIMITED,6.9,6.9,6.6,6.71,6.72,6.58,,6.71,,,304379,2046159.0,588,F1,1,,,,,,2025-04-23
2025-04-23,2025-04-23,CM,BSE,STK,540497,INE807K01035,SCHAND,B,,,,,S Chand And Company Limited,217.2,219.7,210.0,210.55,210.35,214.1,,210.64,,,2576,553155.0,245,F1,1,,,,,,2025-04-23
2025-04-23,2025-04-23,CM,BSE,STK,540515,INE453S01015,KANUNGO,X,,,,,KANUNGO FINANCIERS LIMITED,9.82,9.82,8.85,8.85,8.85,9.83,,8.85,,,1711,15313.0,12,F1,1,,,,,,2025-04-23
2025-04-23,2025-04-23,CM,BSE,STK,540519,INE343X01018,MEERA,B,,,,,Meera Industries Limited,63.0,63.01,61.8,62.38,62.9,63.01,,62.38,,,11421,711339.0,88,F1,1,,,,,,2025-04-23
2025-04-23,2025-04-23,CM,BSE,STK,540526,INE183W23014,IRBINVIT,IF,,,,,IRB InvIT Fund,54.4,54.4,53.81,53.93,53.98,54.11,,53.92,,,48866,2636691.0,267,F1,1,,,,,,2025-04-23
2025-04-23,2025-04-23,CM,BSE,STK,540530,INE031A01017,HUDCO,A,,,,,Housing &Urban Development Cor,235.0,238.35,224.3,231.25,231.25,233.0,,231.44,,,530508,122128601.0,6470,F1,1,,,,,,2025-04-23
2025-04-23,2025-04-23,CM,BSE,STK,540544,INE488V01015,PSPPROJECT,B,,,,,PSP Projects Limited,639.9,643.55,637.25,640.2,643.55,636.2,,640.6,,,1389,888695.0,31,F1,1,,,,,,2025-04-23
2025-04-23,2025-04-23,CM,BSE,STK,540545,INE986W01016,BGJL,X,,,,,Bhakti Gems And Jewellery Limi,11.98,12.44,11.7,12.37,12.34,11.62,,12.37,,,17417,212405.0,75,F1,1,,,,,,2025-04-23
2025-04-23,2025-04-23,CM,BSE,STK,540565,INE219X23014,INDIGRID,IF,,,,,IndiGrid Infrastructure Trust,146.87,147.0,146.29,146.39,146.3,146.68,,146.52,,,15066,2210318.0,161,F1,1,,,,,,2025-04-23
2025-04-23,2025-04-23,CM,BSE,STK,540570,INE717F01028,VARIMAN,X,,,,,VARIMAN GLOBAL ENTERPRISES LIM,11.6,12.1,11.37,11.75,11.78,11.95,,11.75,,,116816,1368286.0,229,F1,1,,,,,,2025-04-23
2025-04-23,2025-04-23,CM,BSE,STK,540575,INE460H01021,STARCEMENT,A,,,,,Star Cement Limited,234.0,234.0,221.85,222.95,223.25,229.95,,222.92,,,29336,6570048.0,682,F1,1,,,,,,2025-04-23
2025-04-23,2025-04-23,CM,BSE,STK,540590,INE325X01015,RIDDHICORP,X,,,,,Riddhi Corporate Services Limi,67.25,68.98,65.0,65.51,66.45,67.32,,65.51,,,5338,352829.0,37,F1,1,,,,,,2025-04-23
2025-04-23,2025-04-23,CM,BSE,STK,540595,INE010J01012,TEJASNET,A,,,,,Tejas Networks Limited,892.0,903.0,865.25,887.0,887.0,891.3,,886.9,,,125285,110547111.0,4609,F1,1,,,,,,2025-04-23
2025-04-23,2025-04-23,CM,BSE,STK,540596,INE406M01024,ERIS,A,,,,,Eris Lifesciences Limited,1380.05,1490.7,1380.05,1471.45,1456.0,1398.15,,1474.2,,,24538,36071599.0,1907,F1,1,,,,,,2025-04-23
2025-04-23,2025-04-23,CM,BSE,STK,540597,INE319U01022,CONTAINER,XT,,,,,Containerway International Lim,59.59,60.79,59.59,59.59,59.59,60.8,,59.59,,,3623,215896.0,9,F1,1,,,,,,2025-04-23
2025-04-23,2025-04-23,CM,BSE,STK,540602,INE869I01013,GTPL,B,,,,,GTPL Hathway Limited,113.95,114.2,112.0,112.85,113.6,112.8,,112.61,,,2951,333171.0,198,F1,1,,,,,,2025-04-23
2025-04-23,2025-04-23,CM,BSE,STK,540611,INE949L01017,AUBANK,A,,,,,AU Small Finance Bank Limited,621.0,669.65,621.0,666.25,662.45,613.3,,665.5,,,812235,533138552.0,17234,F1,1,,,,,,2025-04-23
2025-04-23,2025-04-23,CM,BSE,STK,540612,INF109KC19U5,LOWVOLIETF,B,,,,,ICICI Prudential Nifty Low Vol,21.07,21.3,21.01,21.26,21.3,20.97,,21.28,,,44342,938587.0,147,F1,1,,,,,,2025-04-23
2025-04-23,2025-04-23,CM,BSE,STK,540613,INE721X01015,GEL,M,,,,,Gautam Exim Limited,106.0,110.0,106.0,110.0,110.0,110.0,,110.0,,,3000,324000.0,2,F1,1500,,,,,,2025-04-23
2025-04-23,2025-04-23,CM,BSE,STK,540614,INE694X01030,GGENG,T,,,,,G G Engineering Limited,0.84,0.84,0.79,0.84,0.84,0.83,,0.84,,,11483849,9353375.0,3712,F1,1,,,,,,2025-04-23
2025-04-23,2025-04-23,CM,BSE,STK,540615,INE413X01035,7NR,X,,,,,7NR Retail Limited,5.13,5.2,4.66,4.85,4.82,5.03,,4.85,,,39088,189024.0,132,F1,1,,,,,,2025-04-23
2025-04-23,2025-04-23,CM,BSE,STK,540642,INE170V01027,SALASAR,A,,,,,Salasar Techno Engineering Lim,9.52,9.59,9.1,9.44,9.44,9.43,,9.43,,,1161408,10841106.0,2068,F1,1,,,,,,2025-04-23
2025-04-23,2025-04-23,CM,BSE,STK,540647,INE335W01016,GANGESSECU,B,,,,,Ganges Securities Ltd.,154.95,161.1,153.2,160.0,160.0,155.85,,159.82,,,4210,671343.0,558,F1,1,,,,,,2025-04-23
2025-04-23,2025-04-23,CM,BSE,STK,540648,INE471W01019,PALASHSECU,B,,,,,Palash Securities Limited,134.8,135.0,130.0,132.0,132.0,132.05,,130.45,,,13,1719.0,5,F1,1,,,,,,2025-04-23
2025-04-23,2025-04-23,CM,BSE,STK,540649,INE349W01017,AVADHSUGAR,B,,,,,AVADH SUGAR & ENERGY LIMITED,560.05,569.6,543.0,562.45,565.8,556.7,,562.3,,,6692,3763769.0,428,F1,1,,,,,,2025-04-23
2025-04-23,2025-04-23,CM,BSE,STK,540650,INE347W01011,MAGADSUGAR,B,,,,,Magadh Sugar & Energy Limited,721.1,721.15,694.0,710.25,704.05,716.95,,710.6,,,1206,851442.0,226,F1,1,,,,,,2025-04-23
2025-04-23,2025-04-23,CM,BSE,STK,540652,INE931X01010,CTCL,M,,,,,Captain Technocast Limited,524.0,524.0,502.0,503.65,502.0,505.0,,503.65,,,1125,574218.0,3,F1,375,,,,,,2025-04-23
2025-04-23,2025-04-23,CM,BSE,STK,540654,INE632W01016,GSTL,XT,,,,,GlobalSpace Technologies Limit,17.39,17.8,16.9,17.3,17.11,17.39,,17.3,,,10613,183499.0,50,F1,1,,,,,,2025-04-23
2025-04-23,2025-04-23,CM,BSE,STK,540669,INF789F1AUW9,UTINEXT50,B,,,,,UTI Mutual Fund,70.4,70.49,69.39,70.2,70.16,69.83,,70.39,,,956,66724.0,38,F1,1,,,,,,2025-04-23
2025-04-23,2025-04-23,CM,BSE,STK,540673,INE285J01028,SIS,B,,,,,SIS LIMITED,336.05,341.5,335.0,336.9,336.3,338.5,,336.9,,,9768,3307784.0,618,F1,1,,,,,,2025-04-23
2025-04-23,2025-04-23,CM,BSE,STK,540678,INE704P01025,COCHINSHIP,A,,,,,Cochin Shipyard Limited,1495.0,1519.9,1456.85,1485.4,1485.4,1489.85,,1485.7,,,168042,248998660.0,8239,F1,1,,,,,,2025-04-23
2025-04-23,2025-04-23,CM,BSE,STK,540679,INE320X01016,SMSLIFE,B,,,,,SMS Lifesciences India Ltd,1602.25,1613.0,1490.05,1546.35,1548.45,1622.15,,1536.7,,,618,958086.0,162,F1,1,,,,,,2025-04-23
2025-04-23,2025-04-23,CM,BSE,STK,540680,INE880L01014,KIOCL,A,,,,,KIOCL Limited,255.95,257.15,248.35,253.65,255.0,252.3,,252.76,,,7968,2009573.0,369,F1,1,,,,,,2025-04-23
2025-04-23,2025-04-23,CM,BSE,STK,540686,INE172E01011,SMRUTHIORG,X,,,,,Smruthi Organics Limited,120.0,120.0,117.0,119.5,119.5,120.15,,119.5,,,961,113145.0,18,F1,1,,,,,,2025-04-23
2025-04-23,2025-04-23,CM,BSE,STK,540691,INE674K01013,ABCAPITAL,A,,,,,Aditya Birla Capital Ltd,204.7,208.6,200.8,208.05,207.3,203.75,,207.98,,,279935,57367577.0,2801,F1,1,,,,,,2025-04-23
2025-04-23,2025-04-23,CM,BSE,STK,540692,INE346W01013,APEX,B,,,,,Apex Frozen Foods Limited,222.0,222.0,215.65,217.5,218.2,218.55,,217.57,,,2982,649498.0,151,F1,1,,,,,,2025-04-23
2025-04-23,2025-04-23,CM,BSE,STK,540693,INE145Y01023,SHISHIND,T,,,,,Shish Industries Limited,8.29,8.4,8.29,8.4,8.4,8.45,,8.4,,,104083,866467.0,148,F1,1,,,,,,2025-04-23
2025-04-23,2025-04-23,CM,BSE,STK,540694,INE236W01016,ANG,T,,,,,ANG Lifesciences India Limited,29.0,29.0,27.21,28.47,28.47,28.0,,28.47,,,1626,45874.0,27,F1,1,,,,,,2025-04-23
2025-04-23,2025-04-23,CM,BSE,STK,540696,INE185U01035,KCDGROUP,X,,,,,KCD INDUSTRIES INDIA LIMITED,6.22,7.7,6.22,6.68,6.73,6.47,,6.68,,,46620,321200.0,151,F1,1,,,,,,2025-04-23
2025-04-23,2025-04-23,CM,BSE,STK,540699,INE935N01020,DIXON,A,,,,,Dixon Technologies (India) Lim,17000.0,17066.45,16320.0,16603.3,16603.3,16670.7,,16607.0,,,63083,1048514516.0,17354,F1,1,,,,,,2025-04-23
2025-04-23,2025-04-23,CM,BSE,STK,540700,INE727S01012,BRNL,T,,,,,Bharat Road Network Limited,27.41,27.89,27.01,27.11,27.11,27.28,,27.03,,,19730,540424.0,144,F1,1,,,,,,2025-04-23
2025-04-23,2025-04-23,CM,BSE,STK,540701,INE385W01011,DCAL,B,,,,,Dishman Carbogen Amcis Limited,214.75,216.05,208.35,208.9,208.9,212.3,,208.92,,,23998,5067400.0,641,F1,1,,,,,,2025-04-23
2025-04-23,2025-04-23,CM,BSE,STK,540702,INE670X01014,LASA,B,,,,,Lasa Supergenerics Limited,18.99,18.99,17.43,17.97,18.0,17.75,,17.92,,,120717,2168564.0,406,F1,1,,,,,,2025-04-23
2025-04-23,2025-04-23,CM,BSE,STK,540703,INE438C01010,PROCLB,XT,,,,,PRO CLB GLOBAL LIMITED,26.71,29.35,26.71,29.35,29.35,27.96,,29.35,,,4869,139727.0,15,F1,1,,,,,,2025-04-23
2025-04-23,2025-04-23,CM,BSE,STK,540704,INE866R01028,MATRIMONY,B,,,,,Matrimony.com Limited,505.3,506.85,500.0,501.65,501.65,502.55,,500.85,,,3812,1914461.0,94,F1,1,,,,,,2025-04-23
2025-04-23,2025-04-23,CM,BSE,STK,540709,INE217K01011,RHFL,B,,,,,Reliance Home Finance Limited,3.84,3.84,3.46,3.52,3.52,3.58,,3.51,,,603115,2159119.0,854,F1,1,,,,,,2025-04-23
2025-04-23,2025-04-23,CM,BSE,STK,540710,INE264T01014,CAPACITE,A,,,,,Capacit'e Infraprojects Limite,384.8,388.3,377.0,379.65,379.5,383.75,,379.25,,,19255,7352486.0,651,F1,1,,,,,,2025-04-23
2025-04-23,2025-04-23,CM,BSE,STK,540716,INE765G01017,ICICIGI,A,,,,,ICICI Lombard General Insuranc,1849.1,1881.8,1843.6,1879.45,1879.05,1844.45,,1880.0,,,5682,10607427.0,1143,F1,1,,,,,,2025-04-23
2025-04-23,2025-04-23,CM,BSE,STK,540717,INE689M01025,PQIF,B,,,,,Polo Queen Industrial and Fint,76.9,76.96,76.9,76.96,76.96,73.3,,76.96,,,33205,2555168.0,348,F1,1,,,,,,2025-04-23
2025-04-23,2025-04-23,CM,BSE,STK,540718,INE777X01017,AAYUSHBULL,M,,,,,AAYUSH ART AND BULLION LIMITED,804.0,827.0,804.0,825.0,825.0,824.0,,825.0,,,5000,4095500.0,8,F1,500,,,,,,2025-04-23
2025-04-23,2025-04-23,CM,BSE,STK,540719,INE123W01016,SBILIFE,A,,,,,SBI Life Insurance Company Lim,1637.2,1637.2,1601.65,1615.55,1618.5,1617.85,,1615.5,,,9375,15109248.0,1064,F1,1,,,,,,2025-04-23
2025-04-23,2025-04-23,CM,BSE,STK,540724,INE393P01035,DIAMONDYD,B,,,,,Prataap Snacks Limited,1230.0,1235.3,1206.0,1213.0,1226.3,1229.05,,1215.2,,,5428,6620077.0,413,F1,1,,,,,,2025-04-23
2025-04-23,2025-04-23,CM,BSE,STK,540725,INE932X01026,SHAREINDIA,B,,,,,Share India Securities Limited,161.6,162.5,156.5,159.85,159.95,160.2,,159.52,,,56103,8900659.0,1880,F1,1,,,,,,2025-04-23
2025-04-23,2025-04-23,CM,BSE,STK,540726,INE071Y01013,TTFL,T,,,,,Trident Texofab Limited,171.0,184.3,171.0,182.25,184.3,175.55,,182.25,,,78631,14100347.0,237,F1,1,,,,,,2025-04-23
2025-04-23,2025-04-23,CM,BSE,STK,540727,INE973X01012,POOJA,B,,,,,Poojawestern Metaliks Limited,28.72,34.4,28.6,30.85,30.85,28.78,,30.85,,,59798,1946958.0,214,F1,1,,,,,,2025-04-23
2025-04-23,2025-04-23,CM,BSE,STK,540728,INE327G01032,SAYAJIIND,X,,,,,Sayaji Industries Limited,313.0,314.0,313.0,314.0,314.0,310.9,,314.0,,,39,12226.0,3,F1,1,,,,,,2025-04-23
2025-04-23,2025-04-23,CM,BSE,STK,540730,INE062Y01020,MEHAI,XT,,,,,Mehai Technology  Limited,19.98,19.98,19.98,19.98,19.98,19.59,,19.98,,,141363,2824432.0,39,F1,1,,,,,,2025-04-23
2025-04-23,2025-04-23,CM,BSE,STK,540735,INE864K01010,IRIS,T,,,,,IRIS Business Services Limited,316.6,316.6,316.6,316.6,316.6,310.4,,316.6,,,7108,2250392.0,26,F1,1,,,,,,2025-04-23
2025-04-23,2025-04-23,CM,BSE,STK,540737,INE414Y01015,SGRL,B,,,,,Shree Ganesh Remedies Limited,769.85,828.0,756.4,792.75,793.4,767.5,,792.75,,,6589,5228479.0,413,F1,1,,,,,,2025-04-23
2025-04-23,2025-04-23,CM,BSE,STK,540738,INE402Y01028,STL,B,,,,,Shreeji Translogistics Limited,13.06,13.49,13.0,13.13,13.25,13.12,,13.13,,,22001,289932.0,126,F1,1,,,,,,2025-04-23
2025-04-23,2025-04-23,CM,BSE,STK,540743,INE850D01014,GODREJAGRO,A,,,,,Godrej Agrovet Limited,774.35,778.7,765.25,772.4,770.0,770.0,,772.4,,,17047,13152400.0,855,F1,1,,,,,,2025-04-23
2025-04-23,2025-04-23,CM,BSE,STK,540749,INE348L01012,MASFIN,B,,,,,MAS Financial Services Limited,275.0,280.75,274.3,276.85,276.5,279.15,,276.2,,,5103,1413954.0,513,F1,1,,,,,,2025-04-23
2025-04-23,2025-04-23,CM,BSE,STK,540750,INE022Q01020,IEX,A,,,,,Indian Energy Exchange Limited,191.0,191.9,187.1,191.25,191.3,189.65,,191.33,,,167525,31778283.0,2212,F1,1,,,,,,2025-04-23
2025-04-23,2025-04-23,CM,BSE,STK,540755,INE481Y01014,GICRE,A,,,,,General Insurance Corporation,428.1,432.9,417.3,424.45,425.2,427.2,,424.75,,,36860,15654681.0,1023,F1,1,,,,,,2025-04-23
2025-04-23,2025-04-23,CM,BSE,STK,540757,INE501Y01019,SCPL,B,,,,,SHEETAL COOL PRODUCTS LIMITED,335.6,366.65,331.0,353.05,352.9,335.5,,354.35,,,6832,2378326.0,867,F1,1,,,,,,2025-04-23
2025-04-23,2025-04-23,CM,BSE,STK,540762,INE974X01010,TIINDIA,A,,,,,Tube Investments of India Ltd,2654.25,2700.5,2639.05,2670.7,2672.25,2653.05,,2673.0,,,5663,15113308.0,1569,F1,1,,,,,,2025-04-23
2025-04-23,2025-04-23,CM,BSE,STK,540767,INE298J01013,NAM-INDIA,A,,,,,NIPPON LIFE INDIA ASSET MANAGE,654.05,677.05,651.3,670.6,670.6,662.75,,670.6,,,81248,53836310.0,2845,F1,1,,,,,,2025-04-23
2025-04-23,2025-04-23,CM,BSE,STK,540768,INE766P01016,MAHLOG,B,,,,,Mahindra Logistics Limited,319.85,320.05,308.8,312.6,312.6,316.3,,312.9,,,22833,7163934.0,963,F1,1,,,,,,2025-04-23
2025-04-23,2025-04-23,CM,BSE,STK,540769,INE470Y01017,NIACL,A,,,,,The New India Assurance Compan,172.0,175.05,169.7,174.15,173.8,171.7,,174.44,,,26146,4522660.0,464,F1,1,,,,,,2025-04-23
2025-04-23,2025-04-23,CM,BSE,STK,540774,INE133Y01011,IFGLEXPOR,B,,,,,IFGL Refractories Limited,375.0,382.0,369.65,374.5,372.4,374.35,,371.75,,,855,318605.0,69,F1,1,,,,,,2025-04-23
2025-04-23,2025-04-23,CM,BSE,STK,540775,INE834I01025,KHADIM,B,,,,,Khadim India Limited,298.4,298.4,292.25,295.05,296.55,298.0,,294.65,,,809,238271.0,71,F1,1,,,,,,2025-04-23
2025-04-23,2025-04-23,CM,BSE,STK,540776,INE618L01018,5PAISA,B,,,,,5paisa Capital Limited,393.85,404.65,384.2,388.65,388.6,393.85,,387.5,,,3747,1460993.0,327,F1,1,,,,,,2025-04-23
2025-04-23,2025-04-23,CM,BSE,STK,540777,INE795G01014,HDFCLIFE,A,,,,,HDFC LIFE INSURANCE COMPANY LI,712.9,715.0,704.55,709.1,709.1,712.55,,709.1,,,64911,46102452.0,2984,F1,1,,,,,,2025-04-23
2025-04-23,2025-04-23,CM,BSE,STK,540786,INE669Y01022,SHARIKA,B,,,,,SHARIKA ENTERPRISES LIMITED,20.19,20.19,19.2,19.69,19.69,19.48,,19.69,,,25051,492706.0,135,F1,1,,,,,,2025-04-23
2025-04-23,2025-04-23,CM,BSE,STK,540787,INF109KB15Y7,ICICIB22,A,,,,,ICICI Prudential Mutual Fund,108.08,108.19,106.38,107.46,107.46,107.4,,107.53,,,52510,5632252.0,585,F1,1,,,,,,2025-04-23
2025-04-23,2025-04-23,CM,BSE,STK,540788,INE500C01017,ASPIRA,XT,,,,,Aspira Pathlab & Diagnostics L,65.02,70.5,65.01,68.7,68.7,68.0,,68.7,,,167,11297.0,14,F1,1,,,,,,2025-04-23
2025-04-23,2025-04-23,CM,BSE,STK,540789,INE016M01021,DNAMEDIA,B,,,,,Diligent Media Corporation Lim,5.28,5.28,4.92,5.01,5.13,5.13,,5.05,,,8298,41832.0,73,F1,1,,,,,,2025-04-23
2025-04-23,2025-04-23,CM,BSE,STK,540795,INE600Y01019,DYCL,B,,,,,Dynamic Cables Limited,590.9,596.1,572.0,576.95,580.1,583.05,,576.45,,,3534,2049466.0,361,F1,1,,,,,,2025-04-23
2025-04-23,2025-04-23,CM,BSE,STK,540796,INE821Y01011,RATNABHUMI,B,,,,,Ratnabhumi Developers Limited,107.25,107.25,107.25,107.25,107.25,106.65,,107.25,,,5001,536357.0,2,F1,1,,,,,,2025-04-23
2025-04-23,2025-04-23,CM,BSE,STK,540797,INE597J01018,SHALBY,B,,,,,Shalby Limited,202.4,202.45,196.55,199.75,199.9,200.8,,198.83,,,5233,1049595.0,211,F1,1,,,,,,2025-04-23
2025-04-23,2025-04-23,CM,BSE,STK,540798,INE935Q01015,FSC,Z,,,,,Future Supply Chain Solutions,2.0,2.05,1.98,2.05,2.05,1.99,,2.06,,,76659,153527.0,57,F1,1,,,,,,2025-04-23
2025-04-23,2025-04-23,CM,BSE,STK,540809,INE333Y01017,MRCAGRO,T,,,,,MRC AGROTECH LIMITED,11.96,12.04,11.51,11.97,12.0,11.98,,11.97,,,48715,581971.0,59,F1,1,,,,,,2025-04-23
2025-04-23,2025-04-23,CM,BSE,STK,540811,INE158R01012,DML,M,,,,,Diggi Multitrade Limited,17.5,17.5,15.5,16.5,15.5,17.0,,16.5,,,10000,165000.0,2,F1,5000,,,,,,2025-04-23
2025-04-23,2025-04-23,CM,BSE,STK,540821,INE994R01028,SADHNA,XT,,,,,SADHNA BROADCAST LTD,2.71,2.71,2.66,2.7,2.71,2.71,,2.7,,,42384,114124.0,101,F1,1,,,,,,2025-04-23
2025-04-23,2025-04-23,CM,BSE,STK,540824,INE646X01014,ASTRON,T,,,,,Astron Paper & Board Mill Limi,13.55,13.78,13.5,13.78,13.78,13.15,,13.85,,,1100,14939.0,8,F1,1,,,,,,2025-04-23
2025-04-23,2025-04-23,CM,BSE,STK,540829,INE371F01016,CHANDRIMA,XT,,,,,Chandrima Mercantiles limited,42.65,43.45,41.75,43.45,43.45,42.6,,43.45,,,5851,246384.0,16,F1,1,,,,,,2025-04-23
2025-04-23,2025-04-23,CM,BSE,STK,540843,INE819Y01015,RITHWIKFMS,MT,,,,,Rithwik Facility Management Se,155.0,155.0,155.0,155.0,155.0,155.0,,155.0,,,1000,155000.0,1,F1,1000,,,,,,2025-04-23
2025-04-23,2025-04-23,CM,BSE,STK,540850,INE841Y01019,JFL,M,,,,,Jhandewalas Foods Limited,46.6,47.0,46.6,47.0,47.0,45.0,,47.0,,,3000,140400.0,3,F1,1000,,,,,,2025-04-23
2025-04-23,2025-04-23,CM,BSE,STK,540874,INE454F01010,7SEASL,X,,,,,7SEAS ENTERTAINMENT LIMITED,75.5,76.73,74.05,75.8,75.8,74.92,,75.8,,,6932,525613.0,51,F1,1,,,,,,2025-04-23
2025-04-23,2025-04-23,CM,BSE,STK,540879,INE713T01028,APOLLO,B,,,,,Apollo Micro Systems Limited,119.05,120.3,116.4,118.0,118.0,118.5,,117.89,,,212120,25109728.0,1485,F1,1,,,,,,2025-04-23
2025-04-23,2025-04-23,CM,BSE,STK,540900,INE619B01017,NEWGEN,A,,,,,Newgen Software Technologies L,955.0,1002.5,952.2,993.9,993.9,941.2,,993.25,,,122450,120352266.0,5433,F1,1,,,,,,2025-04-23
2025-04-23,2025-04-23,CM,BSE,STK,540901,INE546Y01022,PRAXIS,B,,,,,Praxis Home Retail Limited,10.0,10.25,9.7,9.87,10.0,10.0,,9.9,,,53007,528098.0,163,F1,1,,,,,,2025-04-23
2025-04-23,2025-04-23,CM,BSE,STK,540902,INE371P01015,AMBER,A,,,,,Amber Enterprises India Limite,6719.75,6767.0,6564.3,6605.75,6605.75,6633.8,,6606.0,,,10877,72388005.0,1772,F1,1,,,,,,2025-04-23
2025-04-23,2025-04-23,CM,BSE,STK,540904,INE115G01015,TIRUFOAM,X,,,,,TIRUPATI FOAM LIMITED,122.0,122.0,122.0,122.0,122.0,123.0,,122.0,,,31,3782.0,2,F1,1,,,,,,2025-04-23
2025-04-23,2025-04-23,CM,BSE,STK,540914,INE425C01017,SRUSTEELS,XT,,,,,SRU Steels Limited,4.78,4.78,4.55,4.65,4.66,4.66,,4.65,,,1414959,6632836.0,322,F1,1,,,,,,2025-04-23
2025-04-23,2025-04-23,CM,BSE,STK,540923,INE760Y01011,ASHOKAMET,B,,,,,Ashoka Metcast Limited,19.11,20.5,19.11,19.19,19.3,19.63,,19.23,,,6914,135378.0,120,F1,1,,,,,,2025-04-23
2025-04-23,2025-04-23,CM,BSE,STK,540935,INE600K01018,GALAXYSURF,A,,,,,Galaxy Surfactants Limited,2233.85,2233.9,2170.1,2202.55,2198.05,2227.3,,2200.9,,,1368,3015319.0,260,F1,1,,,,,,2025-04-23
2025-04-23,2025-04-23,CM,BSE,STK,540936,INE063Z01017,GGL,B,,,,,Gautam Gems Limited,4.1,4.38,4.06,4.22,4.25,4.19,,4.22,,,20071,84679.0,69,F1,1,,,,,,2025-04-23
2025-04-23,2025-04-23,CM,BSE,STK,540937,INE630Y01024,MEDICO,B,,,,,MEDICO REMEDIES LIMITED,58.89,58.89,57.0,57.42,57.03,58.96,,57.66,,,36149,2083290.0,411,F1,1,,,,,,2025-04-23
2025-04-23,2025-04-23,CM,BSE,STK,540952,INE740X01023,LAL,T,,,,,LORENZINI APPARELS LIMITED,12.28,12.65,11.83,12.02,12.09,12.07,,11.94,,,3965,47763.0,29,F1,1,,,,,,2025-04-23
2025-04-23,2025-04-23,CM,BSE,STK,540953,INE923Y01023,KENVI,B,,,,,Kenvi Jewels Limited,3.63,3.73,3.6,3.67,3.72,3.54,,3.67,,,174591,640639.0,412,F1,1,,,,,,2025-04-23
2025-04-23,2025-04-23,CM,BSE,STK,540954,INE586E01020,IWP,X,,,,,The Indian Wood Products Co. L,36.49,36.9,36.16,36.88,36.9,36.15,,36.88,,,6868,251538.0,77,F1,1,,,,,,2025-04-23
2025-04-23,2025-04-23,CM,BSE,STK,540955,INE773Y01014,TDSL,B,,,,,Tasty Dairy Specialities Limit,8.37,8.37,7.51,8.04,8.0,7.77,,8.04,,,77327,616505.0,138,F1,1,,,,,,2025-04-23
2025-04-23,2025-04-23,CM,BSE,STK,540956,INE341Z01025,BHATIA,B,,,,,Bhatia Communications & Retail,24.53,24.94,24.11,24.78,24.5,24.53,,24.78,,,131266,3223040.0,167,F1,1,,,,,,2025-04-23
2025-04-23,2025-04-23,CM,BSE,STK,540961,INE644Y01017,SHIVAMILLS,B,,,,,Shiva Mills Limited,94.0,94.0,77.0,77.03,77.0,79.22,,76.61,,,1578,124374.0,61,F1,1,,,,,,2025-04-23
2025-04-23,2025-04-23,CM,BSE,STK,540975,INE914M01019,ASTERDM,A,,,,,Aster DM Healthcare Limited,513.0,513.8,503.0,505.85,505.85,512.45,,505.85,,,38071,19323043.0,1298,F1,1,,,,,,2025-04-23
2025-04-23,2025-04-23,CM,BSE,STK,540980,INE868X01014,YSL,X,,,,,The Yamuna Syndicate Ltd,38925.0,39201.0,38925.0,39201.0,39201.0,38915.0,,39201.0,,,7,273717.0,7,F1,1,,,,,,2025-04-23
2025-04-23,2025-04-23,CM,BSE,STK,541005,INE398L01017,KANCOTEA,X,,,,,KANCO TEA & INDUSTRIES LIMITED,71.7,71.7,65.2,66.78,66.78,67.61,,66.78,,,4907,339568.0,65,F1,1,,,,,,2025-04-23
2025-04-23,2025-04-23,CM,BSE,STK,541006,INE339Z01011,ANGEL,MT,,,,,Angel Fibers Limited,16.23,16.23,16.23,16.23,16.23,15.92,,16.23,,,4000,64920.0,1,F1,4000,,,,,,2025-04-23
2025-04-23,2025-04-23,CM,BSE,STK,541019,INE926X01010,HGINFRA,A,,,,,H.G. Infra Engineering Limited,1159.9,1160.15,1115.0,1124.05,1129.5,1141.25,,1124.4,,,7651,8639784.0,540,F1,1,,,,,,2025-04-23
2025-04-23,2025-04-23,CM,BSE,STK,541083,INE464Z01017,INFLAME,MT,,,,,Inflame Appliances Limited,230.0,230.0,226.4,226.4,226.4,231.0,,226.4,,,500,114100.0,2,F1,250,,,,,,2025-04-23
2025-04-23,2025-04-23,CM,BSE,STK,541096,INE365Y01019,BPLPHARMA,XT,,,,,Bharat Parenterals Limited,1000.0,1000.0,975.75,988.55,999.9,999.45,,988.55,,,747,735607.0,36,F1,1,,,,,,2025-04-23
2025-04-23,2025-04-23,CM,BSE,STK,541097,INF740KA1EU7,LIQUIDETF,F,,,,,DSP BlackRock Mutual Fund,1000.0,1000.01,999.99,1000.0,1000.0,1000.0,,1000.0,,,10723,10722982.0,45,F1,1,,,,,,2025-04-23
2025-04-23,2025-04-23,CM,BSE,STK,541143,INE171Z01026,BDL,A,,,,,Bharat Dynamics Limited,1424.45,1439.0,1388.25,1427.0,1427.0,1409.15,,1427.3,,,72889,103138435.0,2899,F1,1,,,,,,2025-04-23
2025-04-23,2025-04-23,CM,BSE,STK,541144,INE380Z01015,ACTIVE,B,,,,,Active Clothing Co  Limited,107.6,108.0,105.85,107.3,106.6,108.6,,107.3,,,13495,1439005.0,131,F1,1,,,,,,2025-04-23
2025-04-23,2025-04-23,CM,BSE,STK,541152,INE705X01026,GOYALALUM,B,,,,,GOYAL ALUMINIUMS LIMITED,8.86,8.9,8.55,8.68,8.63,8.69,,8.65,,,26464,230161.0,153,F1,1,,,,,,2025-04-23
2025-04-23,2025-04-23,CM,BSE,STK,541153,INE545U01014,BANDHANBNK,A,,,,,Bandhan Bank Limited,169.4,171.65,166.2,170.5,170.5,168.5,,170.59,,,250604,42425317.0,3578,F1,1,,,,,,2025-04-23
2025-04-23,2025-04-23,CM,BSE,STK,541154,INE066F01020,HAL,A,,,,,Hindustan Aeronautics Limited,4300.45,4362.55,4258.0,4306.05,4306.05,4284.9,,4307.0,,,70688,304875196.0,6780,F1,1,,,,,,2025-04-23
2025-04-23,2025-04-23,CM,BSE,STK,541161,INE278R01034,KBCGLOBAL,T,,,,,KBC GLOBAL LIMITED,0.49,0.5,0.48,0.5,0.5,0.49,,0.49,,,2062329,1013430.0,516,F1,1,,,,,,2025-04-23
2025-04-23,2025-04-23,CM,BSE,STK,541163,INE278H01035,SANDHAR,B,,,,,Sandhar Technologies Limited,411.0,411.0,395.0,404.35,404.35,407.55,,404.35,,,11822,4745336.0,534,F1,1,,,,,,2025-04-23
2025-04-23,2025-04-23,CM,BSE,STK,541167,INE616Z01012,YASHO,B,,,,,YASHO INDUSTRIES LIMITED,1782.65,1791.75,1763.4,1778.05,1770.0,1778.0,,1779.1,,,1115,1986577.0,353,F1,1,,,,,,2025-04-23
2025-04-23,2025-04-23,CM,BSE,STK,541195,INE099Z01011,MIDHANI,A,,,,,Mishra Dhatu Nigam Limited,296.85,297.2,287.5,293.25,294.2,294.3,,293.2,,,22756,6651169.0,853,F1,1,,,,,,2025-04-23
2025-04-23,2025-04-23,CM,BSE,STK,541206,INE426Z01016,OBCL,B,,,,,Orissa Bengal Carrier Limited,54.0,58.23,53.2,55.07,58.23,53.11,,55.1,,,1628,88185.0,19,F1,1,,,,,,2025-04-23
2025-04-23,2025-04-23,CM,BSE,STK,541228,INE459Z01017,TRL,B,,,,,Taylormade Renewables Limited,364.0,364.0,351.0,362.55,362.55,330.95,,362.55,,,163317,59372779.0,1160,F1,1,,,,,,2025-04-23
2025-04-23,2025-04-23,CM,BSE,STK,541233,INE970X01018,LEMONTREE,A,,,,,Lemon Tree Hotels Limited,147.75,149.35,143.45,146.6,146.1,147.2,,146.75,,,160382,23375743.0,1291,F1,1,,,,,,2025-04-23
2025-04-23,2025-04-23,CM,BSE,STK,541269,INE783X01023,CHEMFAB,B,,,,,Chemfab Alkalis Ltd,871.85,875.0,850.0,857.8,850.0,865.05,,856.2,,,221,191206.0,45,F1,1,,,,,,2025-04-23
2025-04-23,2025-04-23,CM,BSE,STK,541276,INE626Z01029,HARDWYN,T,,,,,HARDWYN INDIA LIMITED,12.75,12.75,12.65,12.65,12.65,12.85,,12.65,,,12703,161409.0,88,F1,1,,,,,,2025-04-23
2025-04-23,2025-04-23,CM,BSE,STK,541299,INE871Z01013,DLCL,MT,,,,,DR LALCHANDANI LABS LIMITED,12.8,12.8,12.8,12.8,12.8,12.4,,12.8,,,4000,51200.0,1,F1,4000,,,,,,2025-04-23
2025-04-23,2025-04-23,CM,BSE,STK,541301,INE142Z01019,ORIENTELEC,A,,,,,Orient Electric Limited,224.9,238.3,223.0,234.95,235.0,224.9,,234.69,,,18430,4215953.0,964,F1,1,,,,,,2025-04-23
2025-04-23,2025-04-23,CM,BSE,STK,541302,INE506Z01015,DHRUV,T,,,,,Dhruv Consultancy Services Lim,71.9,71.9,68.45,69.69,69.69,70.07,,70.06,,,7404,515316.0,13,F1,1,,,,,,2025-04-23
2025-04-23,2025-04-23,CM,BSE,STK,541303,INE256Z01025,AKSHAR,T,,,,,Akshar Spintex Limited,0.62,0.64,0.6,0.63,0.63,0.61,,0.63,,,859270,534326.0,207,F1,1,,,,,,2025-04-23
2025-04-23,2025-04-23,CM,BSE,STK,541304,INE250Z01010,INDOUS,T,,,,,Indo US Bio-Tech Limited,179.8,179.8,165.55,174.8,174.8,173.5,,174.7,,,223,36982.0,8,F1,1,,,,,,2025-04-23
2025-04-23,2025-04-23,CM,BSE,STK,541313,INF109KC1V59,BSE500IETF,A,,,,,ICICI Prudential BSE 500 ETF,37.25,37.42,37.05,37.42,37.42,37.14,,37.27,,,10134,377263.0,484,F1,1,,,,,,2025-04-23
2025-04-23,2025-04-23,CM,BSE,STK,541336,INE896L01010,INDOSTAR,B,,,,,IndoStar Capital Finance Limit,320.05,324.35,310.45,316.45,316.25,320.2,,316.95,,,8102,2559422.0,665,F1,1,,,,,,2025-04-23
2025-04-23,2025-04-23,CM,BSE,STK,541337,INE424Z01011,MILEFUR,M,,,,,Milestone Furniture Limited,4.16,4.24,4.05,4.19,4.19,4.12,,4.19,,,21000,87930.0,5,F1,3000,,,,,,2025-04-23
2025-04-23,2025-04-23,CM,BSE,STK,541338,INE556Z01010,UHZAVERI,B,,,,,U. H. ZAVERI LIMITED,10.29,10.39,9.56,9.88,9.9,10.03,,9.88,,,45390,447116.0,196,F1,1,,,,,,2025-04-23
2025-04-23,2025-04-23,CM,BSE,STK,541347,INE295Z01015,PARVATI,X,,,,,Parvati Sweetners and Power Lt,8.4,8.4,7.65,8.15,8.15,8.23,,8.15,,,23225,187580.0,99,F1,1,,,,,,2025-04-23
2025-04-23,2025-04-23,CM,BSE,STK,541352,INE00EM01016,MEGASTAR,B,,,,,Megastar Foods Limited,208.0,215.25,206.3,212.0,206.3,208.45,,213.36,,,630,133389.0,35,F1,1,,,,,,2025-04-23
2025-04-23,2025-04-23,CM,BSE,STK,541353,INE870Z01015,INNOVATORS,M,,,,,Innovators Facade Systems Limi,213.25,213.25,206.1,209.7,210.0,217.25,,209.7,,,4000,844440.0,5,F1,800,,,,,,2025-04-23
2025-04-23,2025-04-23,CM,BSE,STK,541358,INE926R01012,UCIL,XT,,,,,UNIFINZ CAPITAL INDIA LIMITED,640.0,640.0,640.0,640.0,640.0,640.0,,640.0,,,2,1280.0,2,F1,1,,,,,,2025-04-23
2025-04-23,2025-04-23,CM,BSE,STK,541400,INE518E01015,ZIMLAB,B,,,,,ZIM Laboratories Limited,92.16,92.16,89.87,91.26,91.74,91.83,,91.05,,,6734,613574.0,210,F1,1,,,,,,2025-04-23
2025-04-23,2025-04-23,CM,BSE,STK,541402,INE692Z01013,AFFORDABLE,B,,,,,Affordable Robotic & Automatio,403.8,414.55,389.5,392.7,392.7,401.65,,392.85,,,3911,1543451.0,490,F1,1,,,,,,2025-04-23
2025-04-23,2025-04-23,CM,BSE,STK,541403,INE325C01035,DOLLAR,B,,,,,Dollar Industries Limited,397.6,398.15,387.05,388.9,388.3,393.9,,389.65,,,1517,593037.0,143,F1,1,,,,,,2025-04-23
2025-04-23,2025-04-23,CM,BSE,STK,541418,INE236Y01012,NGIL,B,,,,,NAKODA GROUP OF INDUSTRIES LIM,33.21,34.14,32.76,33.02,33.02,33.79,,33.07,,,2369,79461.0,58,F1,1,,,,,,2025-04-23
2025-04-23,2025-04-23,CM,BSE,STK,541444,INE838Z01012,PALMJEWELS,B,,,,,Palm Jewels Limited,29.54,29.95,29.0,29.52,29.95,29.53,,29.52,,,4110,120881.0,35,F1,1,,,,,,2025-04-23
2025-04-23,2025-04-23,CM,BSE,STK,541445,INE799N01012,WAA,MT,,,,,Waa Solar Limited,82.32,82.32,82.32,82.32,82.32,78.4,,82.32,,,16800,1382976.0,17,F1,800,,,,,,2025-04-23
2025-04-23,2025-04-23,CM,BSE,STK,541450,INE364U01010,ADANIGREEN,A,,,,,Adani Green Energy Limited,949.0,957.0,925.9,952.7,952.7,942.7,,952.5,,,199224,188033562.0,6485,F1,1,,,,,,2025-04-23
2025-04-23,2025-04-23,CM,BSE,STK,541503,INE250G01010,UNICK,X,,,,,Unick Fix-A- Form and Printers,60.71,62.0,60.71,62.0,62.0,60.71,,62.0,,,767,47379.0,10,F1,1,,,,,,2025-04-23
2025-04-23,2025-04-23,CM,BSE,STK,541540,INE624Z01016,SOLARA,B,,,,,SOLARA ACTIVE PHARMA SCIENCES,515.15,534.6,510.0,518.4,522.9,522.75,,518.5,,,10770,5593059.0,834,F1,1,,,,,,2025-04-23
2025-04-23,2025-04-23,CM,BSE,STK,541546,INE287Z01012,GAYAHWS,T,,,,,GAYATRI HIGHWAYS LTD,1.26,1.26,1.26,1.26,1.26,1.28,,1.26,,,6585,8297.0,17,F1,1,,,,,,2025-04-23
2025-04-23,2025-04-23,CM,BSE,STK,541556,INE320J01015,RITES,A,,,,,RITES Limited,241.35,243.75,236.25,241.5,241.3,240.45,,241.8,,,36723,8809280.0,701,F1,1,,,,,,2025-04-23
2025-04-23,2025-04-23,CM,BSE,STK,541557,INE686Y01026,FINEORG,A,,,,,Fine Organic Industries Limite,4277.0,4320.0,4256.1,4275.75,4266.6,4257.75,,4279.1,,,451,1935780.0,143,F1,1,,,,,,2025-04-23
2025-04-23,2025-04-23,CM,BSE,STK,541578,INE665L01035,VARROC,A,,,,,Varroc Engineering Limited,460.0,474.8,455.0,457.3,457.3,451.9,,457.1,,,29439,13686092.0,1046,F1,1,,,,,,2025-04-23
2025-04-23,2025-04-23,CM,BSE,STK,541601,INE685Z01033,RAJNISH,T,,,,,Rajnish Wellness Limited,1.01,1.03,0.95,1.01,1.03,1.0,,1.01,,,4501775,4397892.0,2175,F1,1,,,,,,2025-04-23
2025-04-23,2025-04-23,CM,BSE,STK,541627,INE173V01013,GUJWIND,XT,,,,,Gujarat Winding Systems Limite,7.12,7.12,7.12,7.12,7.12,6.99,,7.12,,,11561,82314.0,19,F1,1,,,,,,2025-04-23
2025-04-23,2025-04-23,CM,BSE,STK,541634,INE960Z01014,RAWEDGE,B,,,,,Raw Edge Industrial Solutions,26.35,26.35,26.18,26.21,26.2,25.5,,26.21,,,1004,26320.0,10,F1,1,,,,,,2025-04-23
2025-04-23,2025-04-23,CM,BSE,STK,541702,INE694W01024,ASHNI,X,,,,,Ashnisha Industries Limited,3.79,3.79,3.37,3.57,3.6,3.51,,3.57,,,145072,514782.0,318,F1,1,,,,,,2025-04-23
2025-04-23,2025-04-23,CM,BSE,STK,541729,INE127D01025,HDFCAMC,A,,,,,HDFC Asset Management Company,4500.95,4624.9,4490.5,4552.15,4552.15,4512.3,,4559.4,,,24388,111539869.0,5882,F1,1,,,,,,2025-04-23
2025-04-23,2025-04-23,CM,BSE,STK,541735,INE299W01022,VIVANTA,X,,,,,Vivanta Industries Limited,2.95,3.02,2.9,2.92,2.92,2.94,,2.92,,,122453,361456.0,444,F1,1,,,,,,2025-04-23
2025-04-23,2025-04-23,CM,BSE,STK,541741,INE401Z01019,FRATELLI,T,,,,,Fratelli Vineyards Limited,189.55,189.55,176.3,178.7,178.0,181.1,,178.7,,,6594,1199526.0,61,F1,1,,,,,,2025-04-23
2025-04-23,2025-04-23,CM,BSE,STK,541770,INE741K01010,CREDITACC,A,,,,,CreditAccess Grameen Ltd.,1147.35,1163.75,1117.7,1135.45,1135.8,1142.95,,1135.85,,,13659,15585116.0,743,F1,1,,,,,,2025-04-23
2025-04-23,2025-04-23,CM,BSE,STK,541771,INE572Z01017,AMINTAN,X,,,,,AMIN TANNERY LIMITED,2.58,2.7,2.51,2.65,2.66,2.56,,2.65,,,89814,234362.0,78,F1,1,,,,,,2025-04-23
2025-04-23,2025-04-23,CM,BSE,STK,541778,INE00IY01012,DEEP,B,,,,,Deep Polymers Limited,47.48,52.9,47.48,50.73,50.73,47.48,,50.73,,,19196,955751.0,192,F1,1,,,,,,2025-04-23
2025-04-23,2025-04-23,CM,BSE,STK,541809,INF109KC1NS5,NEXT50IETF,B,,,,,ICICI Prudential Mutual Fund,68.77,69.0,67.95,68.75,68.86,68.29,,68.75,,,34168,2340741.0,240,F1,1,,,,,,2025-04-23
2025-04-23,2025-04-23,CM,BSE,STK,541865,INE01B501018,ASRL,T,,,,,Add-Shop E-Retail Limited,10.69,10.9,10.16,10.22,10.54,10.69,,10.22,,,55416,573235.0,226,F1,1,,,,,,2025-04-23
2025-04-23,2025-04-23,CM,BSE,STK,541890,INE797Z01010,SPACEINCUBA,XT,,,,,Space Incubatrics Technologies,1.77,1.8,1.77,1.8,1.8,1.77,,1.8,,,518,927.0,7,F1,1,,,,,,2025-04-23
2025-04-23,2025-04-23,CM,BSE,STK,541929,INE00QT01015,SGIL,B,,,,,Synergy Green Industries Limit,477.25,488.0,461.95,474.9,474.4,466.8,,471.75,,,6475,3096844.0,389,F1,1,,,,,,2025-04-23
2025-04-23,2025-04-23,CM,BSE,STK,541945,INE01A501027,RANJEET,MT,,,,,Ranjeet Mechatronics Limited,11.84,11.84,11.84,11.84,11.84,12.46,,11.84,,,8000,94720.0,1,F1,8000,,,,,,2025-04-23
2025-04-23,2025-04-23,CM,BSE,STK,541946,INF109KC1KT9,LIQUIDIETF,F,,,,,ICICI Prudential BSE Liquid Ra,1000.0,1000.01,1000.0,1000.0,1000.0,1000.0,,999.99,,,196616,196616029.0,95,F1,1,,,,,,2025-04-23
2025-04-23,2025-04-23,CM,BSE,STK,541956,INE962Y01021,IRCON,A,,,,,IRCON International Ltd,164.5,167.55,159.15,165.85,165.8,162.9,,166.09,,,467851,76575452.0,3399,F1,1,,,,,,2025-04-23
2025-04-23,2025-04-23,CM,BSE,STK,541967,INE01IU01018,SKYGOLD,T,,,,,Sky Gold And Diamonds Limited,346.0,346.0,332.45,336.4,336.4,349.9,,336.95,,,112598,37838979.0,2473,F1,1,,,,,,2025-04-23
2025-04-23,2025-04-23,CM,BSE,STK,541972,INF200KA1VQ2,SETFSN50,A,,,,,SBI Mutual Fund,868.52,872.99,864.5,872.99,872.99,864.2,,872.99,,,199,172503.0,19,F1,1,,,,,,2025-04-23
2025-04-23,2025-04-23,CM,BSE,STK,541973,INE004Z01011,MACH,M,,,,,Mac Hotels Limited,75.0,77.85,75.0,77.85,77.85,78.4,,77.85,,,3000,229275.0,2,F1,1500,,,,,,2025-04-23
2025-04-23,2025-04-23,CM,BSE,STK,541974,INE00VM01036,MANORAMA,B,,,,,Manorama Industries Limited,1083.2,1191.1,1077.75,1182.45,1180.2,1077.15,,1183.0,,,5330,6005955.0,770,F1,1,,,,,,2025-04-23
2025-04-23,2025-04-23,CM,BSE,STK,541988,INE216P01012,AAVAS,A,,,,,AAVAS Financiers Limited,2238.35,2238.35,2083.3,2119.45,2133.8,2218.95,,2119.4,,,15815,33992468.0,1839,F1,1,,,,,,2025-04-23
2025-04-23,2025-04-23,CM,BSE,STK,542011,INE382Z01011,GRSE,A,,,,,Garden Reach Shipbuilders & En,1741.3,1769.0,1693.55,1739.25,1725.7,1733.9,,1734.9,,,65002,112789009.0,3021,F1,1,,,,,,2025-04-23
2025-04-23,2025-04-23,CM,BSE,STK,542012,INE911Z01017,A1L,B,,,,,A-1 LIMITED,544.95,544.95,515.0,521.65,521.65,532.3,,521.65,,,83628,43710184.0,213,F1,1,,,,,,2025-04-23
2025-04-23,2025-04-23,CM,BSE,STK,542013,INE666Y01010,DOLFIN,B,,,,,Dolfin Rubbers Limited,209.1,209.1,205.5,205.7,205.7,209.1,,205.7,,,1951,403523.0,70,F1,1,,,,,,2025-04-23
2025-04-23,2025-04-23,CM,BSE,STK,542019,INE01J501010,SHUBHAM,B,,,,,Shubham Polyspin Limited,21.17,21.23,20.5,20.83,20.83,20.75,,20.83,,,4297,88803.0,54,F1,1,,,,,,2025-04-23
2025-04-23,2025-04-23,CM,BSE,STK,542020,INE642Z01026,AKI,T,,,,,AKI India Limited,7.63,7.63,7.48,7.55,7.55,7.63,,7.55,,,7134,53865.0,16,F1,1,,,,,,2025-04-23
2025-04-23,2025-04-23,CM,BSE,STK,542025,INE206Z01020,SUNRETAIL,M,,,,,Sun Retail Limited,0.58,0.59,0.56,0.58,0.58,0.56,,0.58,,,624000,358560.0,12,F1,48000,,,,,,2025-04-23
2025-04-23,2025-04-23,CM,BSE,STK,542034,INE00Q901014,SMGOLD,B,,,,,S. M. Gold Limited,19.21,19.24,18.0,18.19,18.19,18.81,,18.19,,,23979,446785.0,192,F1,1,,,,,,2025-04-23
2025-04-23,2025-04-23,CM,BSE,STK,542046,INE647Z01025,VIVIDM,B,,,,,VIVID MERCANTILE LIMITED,7.7,7.7,6.8,7.69,7.7,7.72,,7.69,,,57163,432785.0,111,F1,1,,,,,,2025-04-23
2025-04-23,2025-04-23,CM,BSE,STK,542057,INE00SW01015,BCPL,B,,,,,BCPL Railway Infrastructure Li,70.58,72.34,70.21,71.11,71.11,70.85,,71.11,,,10077,715958.0,211,F1,1,,,,,,2025-04-23
2025-04-23,2025-04-23,CM,BSE,STK,542066,INE399L01023,ATGL,A,,,,,ADANI TOTAL GAS LIMITED,625.0,629.75,619.65,626.95,626.25,620.6,,626.55,,,49086,30711105.0,1569,F1,1,,,,,,2025-04-23
2025-04-23,2025-04-23,CM,BSE,STK,542123,INE398C01016,PHOSPHATE,X,,,,,The Phosphate Company Limited,152.0,152.0,152.0,152.0,152.0,152.0,,152.0,,,3,456.0,1,F1,1,,,,,,2025-04-23
2025-04-23,2025-04-23,CM,BSE,STK,542131,INF769K01EG9,NIFTYETF,B,,,,,Mirae Asset Mutual Fund,259.0,260.1,257.44,259.8,259.98,257.99,,259.66,,,2728,706521.0,43,F1,1,,,,,,2025-04-23
2025-04-23,2025-04-23,CM,BSE,STK,542141,INE285K01026,TECHNOE,A,,,,,Techno Electric & Engineering,1123.15,1142.0,1089.0,1136.15,1140.05,1119.45,,1135.7,,,20772,23147673.0,996,F1,1,,,,,,2025-04-23
2025-04-23,2025-04-23,CM,BSE,STK,542145,INE02AP01013,RONI,M,,,,,Roni Households Limited,47.5,47.99,47.5,47.75,47.99,46.0,,47.75,,,7200,343764.0,2,F1,3600,,,,,,2025-04-23
2025-04-23,2025-04-23,CM,BSE,STK,542146,INE951Z01013,SKIFL,M,,,,,Shree Krishna Infrastructure L,41.4,48.0,40.0,48.0,48.0,41.0,,48.0,,,240000,11359725.0,41,F1,1250,,,,,,2025-04-23
2025-04-23,2025-04-23,CM,BSE,STK,542155,INE01GR01018,DGL,MT,,,,,Diksha Greens Limited,2.93,2.94,2.7,2.94,2.94,2.8,,2.94,,,44000,128340.0,8,F1,2000,,,,,,2025-04-23
2025-04-23,2025-04-23,CM,BSE,STK,542176,INE016X01010,ARYAN,X,,,,,Aryan Share & Stock Brokers Lt,20.1,20.1,20.1,20.1,20.1,20.1,,20.1,,,10,201.0,3,F1,1,,,,,,2025-04-23
2025-04-23,2025-04-23,CM,BSE,STK,542206,INE139E01028,NIVAKA,X,,,,,NIVAKA FASHIONS LIMITED,3.67,3.74,3.55,3.68,3.68,3.67,,3.68,,,2969,10764.0,25,F1,1,,,,,,2025-04-23
2025-04-23,2025-04-23,CM,BSE,STK,542216,INE00R701025,DALBHARAT,A,,,,,DALMIA BHARAT LIMITED,1915.5,1915.5,1871.75,1893.5,1905.6,1902.45,,1889.4,,,3151,5949905.0,361,F1,1,,,,,,2025-04-23
2025-04-23,2025-04-23,CM,BSE,STK,542230,INF209KB16D7,ABSLNN50ET,B,,,,,Aditya Birla Sun Life Mutual F,67.2,68.84,67.14,68.47,68.47,68.22,,68.47,,,1330,90628.0,42,F1,1,,,,,,2025-04-23
2025-04-23,2025-04-23,CM,BSE,STK,542231,INE00S901012,NILASPACES,T,,,,,Nila Spaces Ltd,11.13,11.3,11.11,11.3,11.3,11.08,,11.3,,,239966,2676079.0,95,F1,1,,,,,,2025-04-23
2025-04-23,2025-04-23,CM,BSE,STK,542232,INE01NE01012,SRD,B,,,,,Shankar Lal Rampal Dye-Chem Li,72.5,73.58,70.15,71.94,71.5,72.53,,71.34,,,31811,2270485.0,528,F1,1,,,,,,2025-04-23
2025-04-23,2025-04-23,CM,BSE,STK,542233,INE00CA01015,TREJHARA,B,,,,,Trejhara Solutions Limited,245.55,275.8,242.0,270.65,259.95,245.9,,270.52,,,14660,3789268.0,725,F1,1,,,,,,2025-04-23
2025-04-23,2025-04-23,CM,BSE,STK,542248,INE452W01019,DECCAN,B,,,,,Deccan Health Care Limited,20.48,20.5,19.51,19.77,19.9,19.75,,19.77,,,34771,692072.0,83,F1,1,,,,,,2025-04-23
2025-04-23,2025-04-23,CM,BSE,STK,542285,INE02EZ01022,AXITA,B,,,,,Axita Cotton Limited,10.05,10.06,10.0,10.01,10.01,10.01,,10.0,,,465232,4660191.0,2924,F1,1,,,,,,2025-04-23
2025-04-23,2025-04-23,CM,BSE,STK,542323,INE542W01025,KPIGREEN,A,,,,,KPI Green Energy Limited,439.75,444.25,421.45,432.9,432.9,436.2,,433.1,,,51583,22221453.0,1159,F1,1,,,,,,2025-04-23
2025-04-23,2025-04-23,CM,BSE,STK,542333,INE425Y01011,RPSGVENT,B,,,,,RPSG VENTURES LIMITED,879.85,889.25,859.3,886.55,888.65,868.15,,885.0,,,1268,1105667.0,197,F1,1,,,,,,2025-04-23
2025-04-23,2025-04-23,CM,BSE,STK,542337,INE020801028,SPENCERS,B,,,,,Spencer's Retail Limited,70.5,70.5,67.69,69.01,69.75,68.52,,69.49,,,14689,1013651.0,345,F1,1,,,,,,2025-04-23
2025-04-23,2025-04-23,CM,BSE,STK,542351,INE350Z01018,GLOSTERLTD,B,,,,,Gloster Ltd,606.1,615.0,606.1,615.0,615.0,617.8,,614.0,,,219,133657.0,37,F1,1,,,,,,2025-04-23
2025-04-23,2025-04-23,CM,BSE,STK,542367,INE01P501012,XELPMOC,B,,,,,Xelpmoc Design and Tech Limite,119.98,120.1,113.11,113.69,113.58,121.12,,113.85,,,7177,832817.0,210,F1,1,,,,,,2025-04-23
2025-04-23,2025-04-23,CM,BSE,STK,542383,INE01EG01016,RITCO,B,,,,,Ritco Logistics Limited,294.75,306.0,286.75,299.3,295.5,292.9,,298.05,,,291740,86841694.0,2017,F1,1,,,,,,2025-04-23
2025-04-23,2025-04-23,CM,BSE,STK,542399,INE427F01016,CHALET,A,,,,,Chalet Hotels Limited,829.35,833.85,815.0,820.6,818.15,829.4,,818.85,,,6564,5390480.0,341,F1,1,,,,,,2025-04-23
2025-04-23,2025-04-23,CM,BSE,STK,542437,INE02AR01019,ANMOL,B,,,,,Anmol India Limited,17.33,17.55,17.13,17.24,17.55,17.33,,17.34,,,9309,161108.0,99,F1,1,,,,,,2025-04-23
2025-04-23,2025-04-23,CM,BSE,STK,542446,INE793Z01027,JONJUA,M,,,,,Jonjua Overseas Limited,9.4,9.4,9.4,9.4,9.4,9.43,,9.4,,,4082,38370.0,1,F1,4082,,,,,,2025-04-23
2025-04-23,2025-04-23,CM,BSE,STK,542459,INE911T01010,KRANTI,B,,,,,Kranti Industries Limited,99.01,101.5,98.0,99.85,99.85,99.55,,99.85,,,3533,350627.0,41,F1,1,,,,,,2025-04-23
2025-04-23,2025-04-23,CM,BSE,STK,542460,INE294Z01018,ANUP,B,,,,,The Anup Engineering Ltd,3236.05,3287.15,3150.0,3159.9,3159.9,3236.5,,3158.8,,,3553,11325804.0,881,F1,1,,,,,,2025-04-23
2025-04-23,2025-04-23,CM,BSE,STK,542484,INE955V01021,ARVINDFASN,A,,,,,Arvind Fashions Limited,440.55,443.4,420.25,421.35,420.5,440.55,,421.0,,,26008,11071571.0,1504,F1,1,,,,,,2025-04-23
2025-04-23,2025-04-23,CM,BSE,STK,542543,INE05KD23015,ENERGYINF,IF,,,,,Energy Infrastructure Trust,86.5,86.5,86.5,86.5,86.5,87.0,,86.5,,,25000,2162500.0,1,F1,25000,,,,,,2025-04-23
2025-04-23,2025-04-23,CM,BSE,STK,542579,INE05FR01029,AGOL,B,,,,,Ashapuri Gold Ornament Limited,7.15,7.19,6.98,7.09,7.09,7.05,,7.09,,,571852,4052728.0,1322,F1,1,,,,,,2025-04-23
2025-04-23,2025-04-23,CM,BSE,STK,542580,INE01C001026,AARTECH,B,,,,,Aartech Solonics Limited,61.65,61.86,61.04,61.86,61.86,61.93,,62.01,,,311,19056.0,16,F1,1,,,,,,2025-04-23
2025-04-23,2025-04-23,CM,BSE,STK,542597,INE255X01014,MSTCLTD,A,,,,,MSTC Limited,542.25,546.7,528.95,533.15,533.15,540.25,,533.15,,,9184,4924040.0,422,F1,1,,,,,,2025-04-23
2025-04-23,2025-04-23,CM,BSE,STK,542602,INE041025011,EMBASSY,IF,,,,,Embassy Office Parks REIT,374.5,385.0,374.5,380.8,380.8,373.67,,380.91,,,32285,12267067.0,1083,F1,1,,,,,,2025-04-23
2025-04-23,2025-04-23,CM,BSE,STK,542627,INE01GZ01011,CHANDNIMACH,X,,,,,Chandni Machines Limited,48.5,49.5,45.61,46.4,47.05,46.51,,46.4,,,1763,85201.0,35,F1,1,,,,,,2025-04-23
2025-04-23,2025-04-23,CM,BSE,STK,542628,INE01BL01012,NSL,B,,,,,Northern Spirits Limited,178.8,178.8,169.0,175.75,176.4,176.2,,175.75,,,7486,1307967.0,155,F1,1,,,,,,2025-04-23
2025-04-23,2025-04-23,CM,BSE,STK,542649,INE415G01027,RVNL,A,,,,,Rail Vikas Nigam Limited,375.55,377.55,365.45,373.85,373.85,373.6,,373.9,,,420047,156124752.0,5379,F1,1,,,,,,2025-04-23
2025-04-23,2025-04-23,CM,BSE,STK,542650,INE112L01020,METROPOLIS,A,,,,,Metropolis Healthcare Limited,1725.15,1771.85,1724.3,1751.55,1753.0,1754.25,,1749.8,,,2164,3780211.0,338,F1,1,,,,,,2025-04-23
2025-04-23,2025-04-23,CM,BSE,STK,542651,INE04I401011,KPITTECH,A,,,,,KPIT Technologies Ltd,1180.05,1238.3,1180.05,1229.1,1229.1,1165.9,,1228.9,,,251449,306015986.0,11237,F1,1,,,,,,2025-04-23
2025-04-23,2025-04-23,CM,BSE,STK,542652,INE455K01017,POLYCAB,A,,,,,Polycab India Limited,5598.95,5620.0,5460.5,5613.1,5613.1,5511.85,,5614.5,,,28515,158511844.0,5793,F1,1,,,,,,2025-04-23
2025-04-23,2025-04-23,CM,BSE,STK,542654,INE06LG01010,VRFILMS,T,,,,,V R FILMS & STUDIOS LIMITED,21.0,21.38,19.92,21.38,21.38,20.37,,21.38,,,1513,31438.0,14,F1,1,,,,,,2025-04-23
2025-04-23,2025-04-23,CM,BSE,STK,542655,INE161L01027,VIKASLIFE,B,,,,,VIKAS LIFECARE LIMITED,2.7,2.72,2.6,2.66,2.66,2.67,,2.65,,,2016510,5353355.0,3223,F1,1,,,,,,2025-04-23
2025-04-23,2025-04-23,CM,BSE,STK,542665,INE136S01016,NEOGEN,B,,,,,Neogen Chemicals Limited,1640.0,1657.55,1591.55,1607.05,1608.0,1640.65,,1606.3,,,1411,2280102.0,178,F1,1,,,,,,2025-04-23
2025-04-23,2025-04-23,CM,BSE,STK,542666,INE05QJ01015,GKP,T,,,,,G. K. P. Printing & Packaging,6.72,6.75,6.31,6.51,6.51,6.61,,6.51,,,8112,52113.0,44,F1,1,,,,,,2025-04-23
2025-04-23,2025-04-23,CM,BSE,STK,542669,INE374E01021,BMW,B,,,,,BMW INDUSTRIES LIMITED,52.18,52.55,50.0,51.06,51.0,51.55,,51.06,,,188648,9662680.0,1888,F1,1,,,,,,2025-04-23
2025-04-23,2025-04-23,CM,BSE,STK,542670,INE757T01025,AEPL,B,,,,,Artemis Electricals and Projec,21.29,21.29,19.75,20.28,20.14,20.89,,20.28,,,51454,1057721.0,399,F1,1,,,,,,2025-04-23
2025-04-23,2025-04-23,CM,BSE,STK,542678,INE05BN01019,CHCL,MT,,,,,Cian Healthcare Limited,3.09,3.1,3.03,3.05,3.05,3.09,,3.05,,,64000,195720.0,24,F1,2000,,,,,,2025-04-23
2025-04-23,2025-04-23,CM,BSE,STK,542679,INE413F01016,DEL,XT,,,,,Dhanashree Electronics Limited,165.82,165.82,165.82,165.82,165.82,157.93,,165.82,,,12744,2113210.0,77,F1,1,,,,,,2025-04-23
2025-04-23,2025-04-23,CM,BSE,STK,542682,INE01K301012,HARISH,X,,,,,Harish Textile Engineers Limit,73.95,73.95,67.0,69.97,69.99,69.0,,69.97,,,378,26439.0,16,F1,1,,,,,,2025-04-23
2025-04-23,2025-04-23,CM,BSE,STK,542684,INE050001010,PPL,B,,,,,Prakash Pipes Limited,430.0,440.0,423.9,439.7,440.0,429.0,,439.6,,,8478,3690297.0,299,F1,1,,,,,,2025-04-23
2025-04-23,2025-04-23,CM,BSE,STK,542685,INE03JI01017,DGCONTENT,B,,,,,Digicontent Limited,39.85,43.95,39.85,43.11,43.76,39.96,,43.36,,,28013,1223503.0,157,F1,1,,,,,,2025-04-23
2025-04-23,2025-04-23,CM,BSE,STK,542694,INE05MV01019,PARSHVA,B,,,,,Parshva Enterprises Limited,240.0,265.0,211.6,232.9,245.0,225.7,,232.9,,,3154,750060.0,63,F1,1,,,,,,2025-04-23
2025-04-23,2025-04-23,CM,BSE,STK,542721,INE02GA01012,ARL,T,,,,,Anand Rayons Limited,240.0,246.25,237.0,245.45,245.45,234.55,,245.45,,,52240,12722148.0,350,F1,1,,,,,,2025-04-23
2025-04-23,2025-04-23,CM,BSE,STK,542724,INE060601023,MURAE,B,,,,,Murae Organisor Limited,1.5,1.51,1.5,1.51,1.51,1.44,,1.51,,,9537040,14390204.0,2513,F1,1,,,,,,2025-04-23
2025-04-23,2025-04-23,CM,BSE,STK,542725,INE04AK01028,SBC,B,,,,,SBC EXPORTS LIMITED,14.04,14.1,13.46,13.57,13.57,13.89,,13.58,,,612914,8385650.0,831,F1,1,,,,,,2025-04-23
2025-04-23,2025-04-23,CM,BSE,STK,542726,INE933S01016,INDIAMART,A,,,,,IndiaMART InterMESH Limited,2318.2,2318.2,2248.3,2292.75,2300.0,2276.2,,2290.7,,,1788,4073195.0,223,F1,1,,,,,,2025-04-23
2025-04-23,2025-04-23,CM,BSE,STK,542727,INE056001014,CPML,M,,,,,City Pulse Multiplex Limited,1260.0,1260.0,1153.35,1219.0,1219.0,1214.3,,1219.0,,,4200,5036560.0,18,F1,200,,,,,,2025-04-23
2025-04-23,2025-04-23,CM,BSE,STK,542729,INE08KP01019,DCMNVL,B,,,,,DCM NOUVELLE LIMITED,185.0,186.0,182.55,184.5,184.5,184.5,,185.38,,,19215,3544971.0,233,F1,1,,,,,,2025-04-23
2025-04-23,2025-04-23,CM,BSE,STK,542730,INF109KC15I8,BANKIETF,B,,,,,ICICI Prudential Mutual Fund,56.75,56.8,55.63,55.97,55.82,56.47,,56.15,,,53855,3028366.0,224,F1,1,,,,,,2025-04-23
2025-04-23,2025-04-23,CM,BSE,STK,542747,INF204KB15D0,SNXT50BEES,A,,,,,NIPPON INDIA ETF SENSEX NEXT 5,84.12,86.0,83.92,84.92,84.92,84.73,,84.92,,,5812,492328.0,156,F1,1,,,,,,2025-04-23
2025-04-23,2025-04-23,CM,BSE,STK,542752,INE00WC01027,AFFLE,A,,,,,Affle (India) Limited,1591.95,1617.1,1583.05,1593.75,1591.6,1581.65,,1593.0,,,7032,11247047.0,651,F1,1,,,,,,2025-04-23
2025-04-23,2025-04-23,CM,BSE,STK,542753,INE277T01024,SEACOAST,Z,,,,,SEACOAST SHIPPING SERVICES LIM,2.99,3.0,2.9,2.95,2.95,2.94,,2.95,,,891883,2609792.0,1522,F1,1,,,,,,2025-04-23
2025-04-23,2025-04-23,CM,BSE,STK,542758,INF109KC18U7,PVTBANIETF,B,,,,,ICICI Prudential Mutual Fund,27.99,28.01,27.55,27.61,27.65,27.82,,27.63,,,69221,1922602.0,136,F1,1,,,,,,2025-04-23
2025-04-23,2025-04-23,CM,BSE,STK,542759,INE572J01011,SPANDANA,A,,,,,Spandana Sphoorty Financial Li,324.05,334.15,300.45,305.2,305.2,324.65,,305.48,,,181036,56575331.0,5702,F1,1,,,,,,2025-04-23
2025-04-23,2025-04-23,CM,BSE,STK,542760,INE00M201021,SWSOLAR,A,,,,,STERLING AND WILSON RENEWABLE,316.35,329.0,306.45,325.4,325.4,314.2,,325.2,,,369645,117546765.0,12744,F1,1,,,,,,2025-04-23
2025-04-23,2025-04-23,CM,BSE,STK,542765,INE06YD01010,TRANSPACT,TS,,,,,Transpact Enterprises Limited,225.7,225.7,204.55,225.7,225.7,215.0,,225.7,,,1500,327975.0,3,F1,500,,,,,,2025-04-23
2025-04-23,2025-04-23,CM,BSE,STK,542770,INE08E401029,ALPHALOGIC,T,,,,,Alphalogic Techsys Limited,97.0,99.9,95.0,95.57,95.11,97.0,,95.57,,,3793,365577.0,122,F1,1,,,,,,2025-04-23
2025-04-23,2025-04-23,CM,BSE,STK,542772,INE466L01038,360ONE,A,,,,,360 ONE WAM LIMITED,1021.95,1068.45,1020.0,1061.4,1060.75,1013.4,,1059.8,,,77777,81423949.0,5042,F1,1,,,,,,2025-04-23
2025-04-23,2025-04-23,CM,BSE,STK,542773,INE489L01022,IIFLCAPS,A,,,,,IIFL CAPITAL SERVICES LIMITED,240.0,249.9,240.0,247.7,249.0,243.05,,247.92,,,73062,17898759.0,2098,F1,1,,,,,,2025-04-23
2025-04-23,2025-04-23,CM,BSE,STK,542774,INE08KJ01020,MUFIN,B,,,,,MUFIN GREEN FINANCE LIMITED,67.85,68.72,66.82,67.04,67.52,67.43,,66.96,,,17548,1188545.0,552,F1,1,,,,,,2025-04-23
2025-04-23,2025-04-23,CM,BSE,STK,542802,INE906Y01028,GALACTICO,B,,,,,Galactico Corporate Services L,2.56,2.57,2.49,2.54,2.55,2.53,,2.54,,,69550,176241.0,221,F1,1,,,,,,2025-04-23
2025-04-23,2025-04-23,CM,BSE,STK,542803,INE560T01015,VEL,X,,,,,Vaxfab Enterprises Limited,13.26,13.26,12.9,12.9,12.9,13.0,,12.9,,,3069,40186.0,13,F1,1,,,,,,2025-04-23
2025-04-23,2025-04-23,CM,BSE,STK,542812,INE09N301011,FLUOROCHEM,A,,,,,Gujarat Fluorochemicals Limite,3971.55,3994.95,3913.1,3964.45,3973.6,3957.95,,3970.9,,,958,3776557.0,213,F1,1,,,,,,2025-04-23
2025-04-23,2025-04-23,CM,BSE,STK,542830,INE335Y01020,IRCTC,A,,,,,Indian Railway Catering and To,775.3,786.65,763.0,784.45,783.55,774.55,,784.95,,,68969,53408169.0,2995,F1,1,,,,,,2025-04-23
2025-04-23,2025-04-23,CM,BSE,STK,542851,INE06H201014,GENSOL,T,,,,,Gensol Engineering Limited,100.8,100.8,100.8,100.8,100.8,106.1,,99.98,,,11217,1130673.0,397,F1,1,,,,,,2025-04-23
2025-04-23,2025-04-23,CM,BSE,STK,542852,INE430N01022,VISHWARAJ,B,,,,,Vishwaraj Sugar Industries Lim,9.84,9.86,9.46,9.66,9.7,9.81,,9.69,,,132325,1277703.0,486,F1,1,,,,,,2025-04-23
2025-04-23,2025-04-23,CM,BSE,STK,542857,INE08ZM01014,GREENPANEL,B,,,,,Greenpanel Industries Limited,251.15,251.15,241.45,243.05,242.8,246.2,,243.03,,,9652,2357398.0,553,F1,1,,,,,,2025-04-23
2025-04-23,2025-04-23,CM,BSE,STK,542862,INE052001026,SHAHLON,X,,,,,Shahlon Silk Industries Limite,15.15,15.5,14.4,14.53,14.53,14.62,,14.53,,,11189,167213.0,37,F1,1,,,,,,2025-04-23
2025-04-23,2025-04-23,CM,BSE,STK,542863,INF209KB17D5,ABSLBANETF,B,,,,,Aditya Birla Sun Life Mutual F,57.47,57.47,55.87,56.24,56.28,56.34,,56.22,,,2545,143030.0,58,F1,1,,,,,,2025-04-23
2025-04-23,2025-04-23,CM,BSE,STK,542865,INE490Z01012,ANUROOP,T,,,,,Anuroop Packaging Limited,16.68,16.68,15.91,15.97,15.99,16.73,,15.97,,,13448,216369.0,79,F1,1,,,,,,2025-04-23
2025-04-23,2025-04-23,CM,BSE,STK,542866,INE317W01022,COLAB,XT,,,,,COLAB PLATFORMS LIMITED,125.1,125.1,125.1,125.1,125.1,122.65,,125.1,,,291376,36451137.0,4232,F1,1,,,,,,2025-04-23
2025-04-23,2025-04-23,CM,BSE,STK,542867,INE679A01013,CSBBANK,A,,,,,CSB Bank Limited,355.1,360.75,347.7,359.35,355.6,354.95,,359.45,,,22831,8114975.0,1008,F1,1,,,,,,2025-04-23
2025-04-23,2025-04-23,CM,BSE,STK,542904,INE551W01018,UJJIVANSFB,A,,,,,Ujjivan Small Finance Bank Lim,44.38,45.06,43.35,44.94,44.94,44.24,,44.95,,,2617752,116002859.0,5253,F1,1,,,,,,2025-04-23
2025-04-23,2025-04-23,CM,BSE,STK,542905,INE05AN01011,HINDWAREAP,B,,,,,Hindware Home Innovation Limit,204.4,204.4,198.7,199.85,199.2,202.55,,199.97,,,3274,657934.0,116,F1,1,,,,,,2025-04-23
2025-04-23,2025-04-23,CM,BSE,STK,542907,INE689W01016,PRINCEPIPE,A,,,,,Prince Pipes and Fittings Limi,266.0,266.7,259.5,263.65,262.5,265.0,,263.0,,,8798,2314466.0,325,F1,1,,,,,,2025-04-23
2025-04-23,2025-04-23,CM,BSE,STK,542909,INF754K01KO2,EBBETF0430,F,,,,,Edelweiss Mutual Fund,1497.2,1501.98,1497.2,1501.98,1501.98,1494.9,,1501.82,,,2,2999.0,2,F1,1,,,,,,2025-04-23
2025-04-23,2025-04-23,CM,BSE,STK,542910,INE08RT01016,VALENCIA,TS,,,,,Valencia Nutrition Limited,46.0,46.0,46.0,46.0,46.0,46.85,,46.0,,,3000,138000.0,1,F1,3000,,,,,,2025-04-23
2025-04-23,2025-04-23,CM,BSE,STK,542911,INE165G01010,ASSAMENT,X,,,,,Assam Entrade Limited,593.0,593.0,564.0,592.0,592.0,593.05,,592.0,,,7,4063.0,5,F1,1,,,,,,2025-04-23
2025-04-23,2025-04-23,CM,BSE,STK,542918,INE063601012,GIANLIFE,B,,,,,Gian Life Care Limited,16.5,17.13,16.01,16.09,16.01,16.61,,16.09,,,28855,469512.0,117,F1,1,,,,,,2025-04-23
2025-04-23,2025-04-23,CM,BSE,STK,542919,INE025R01021,ARTEMISMED,B,,,,,Artemis Medicare Services Limi,281.2,285.4,275.55,277.65,277.0,285.35,,278.1,,,8272,2310521.0,283,F1,1,,,,,,2025-04-23
2025-04-23,2025-04-23,CM,BSE,STK,542920,INE258G01013,SUMICHEM,A,,,,,SUMITOMO CHEMICAL INDIA LIMITE,560.0,560.65,549.05,551.55,551.55,555.55,,551.15,,,11640,6421633.0,688,F1,1,,,,,,2025-04-23
2025-04-23,2025-04-23,CM,BSE,STK,542921,INF109KC11W8,MIDCAPIETF,B,,,,,ICICI Prudential Mutual Fund,20.74,20.81,20.47,20.74,20.75,20.58,,20.77,,,80486,1661866.0,388,F1,1,,,,,,2025-04-23
2025-04-23,2025-04-23,CM,BSE,STK,542922,INF769K01FN2,NEXT50,B,,,,,Mirae Asset Mutual Fund,669.56,674.0,665.0,674.0,674.0,669.16,,673.19,,,400,268313.0,33,F1,1,,,,,,2025-04-23
2025-04-23,2025-04-23,CM,BSE,STK,542933,INE03V001013,UNIVPHOTO,B,,,,,UNIVERSUS PHOTO IMAGINGS LIMIT,202.25,204.15,198.85,204.15,204.15,198.0,,203.64,,,74,14809.0,14,F1,1,,,,,,2025-04-23
2025-04-23,2025-04-23,CM,BSE,STK,543064,INE03QK01018,SUVENPHAR,A,,,,,SUVEN PHARMACEUTICALS LIMITED,1239.65,1240.05,1197.65,1204.25,1201.15,1233.1,,1205.0,,,7032,8529311.0,558,F1,1,,,,,,2025-04-23
2025-04-23,2025-04-23,CM,BSE,STK,543065,INE0C4I01011,SMAUTO,M,,,,,SM Auto Stamping Limited,33.45,33.45,33.45,33.45,33.45,32.7,,33.45,,,2000,66900.0,1,F1,2000,,,,,,2025-04-23
2025-04-23,2025-04-23,CM,BSE,STK,543066,INE018E01016,SBICARD,A,,,,,SBI CARDS AND PAYMENT SERVICES,912.05,921.6,901.75,915.85,915.85,915.15,,915.9,,,45278,41357386.0,2668,F1,1,,,,,,2025-04-23
2025-04-23,2025-04-23,CM,BSE,STK,543071,INF204KB10R1,07AGG,F,,,,,Nippon India Mutual Fund,18.99,18.99,16.04,16.75,16.75,17.69,,16.75,,,1548,25436.0,25,F1,1,,,,,,2025-04-23
2025-04-23,2025-04-23,CM,BSE,STK,543079,INF204KB16R8,07GPG,F,,,,,Nippon India Mutual Fund,5.45,5.45,4.47,4.47,4.47,4.96,,4.47,,,7945,36580.0,26,F1,1,,,,,,2025-04-23
2025-04-23,2025-04-23,CM,BSE,STK,543087,INF204KB14O0,09AGG,F,,,,,Nippon India Mutual Fund,258.33,258.33,213.3,213.41,213.3,237.0,,213.41,,,109,23413.0,17,F1,1,,,,,,2025-04-23
2025-04-23,2025-04-23,CM,BSE,STK,543092,INF204KB19O9,09GPG,F,,,,,Nippon India Mutual Fund,8.87,8.87,7.3,7.92,7.99,8.07,,7.92,,,11033,82916.0,43,F1,1,,,,,,2025-04-23
2025-04-23,2025-04-23,CM,BSE,STK,543099,INF789F1ARF0,UTCRFS2DGR,F,,,,,UTI Mutual Fund,42.5,51.92,42.5,51.92,51.92,47.2,,51.92,,,668,32753.0,20,F1,1,,,,,,2025-04-23
2025-04-23,2025-04-23,CM,BSE,STK,543100,INF789F1ARG8,UTCRFS2DAP,F,,,,,UTI Mutual Fund,787.32,787.32,787.32,787.32,787.32,874.8,,787.32,,,1,787.0,1,F1,1,,,,,,2025-04-23
2025-04-23,2025-04-23,CM,BSE,STK,543108,INF789F1ARO2,UTCRFS2RQP,F,,,,,UTI Mutual Fund,286.0,319.99,286.0,297.33,319.99,291.62,,297.33,,,15,4459.0,2,F1,1,,,,,,2025-04-23
2025-04-23,2025-04-23,CM,BSE,STK,543110,INF789F1ARQ7,UTCRFS2RGR,F,,,,,UTI Mutual Fund,7.48,7.48,6.14,6.72,6.72,6.82,,6.72,,,3562,22099.0,17,F1,1,,,,,,2025-04-23
2025-04-23,2025-04-23,CM,BSE,STK,543144,INF204KB11T5,08MPD,B,,,,,Nippon India Mutual Fund,8.6,8.6,7.11,7.79,7.85,7.82,,7.79,,,7528,58859.0,59,F1,1,,,,,,2025-04-23
2025-04-23,2025-04-23,CM,BSE,STK,543150,INF204KB16S6,08GPG,B,,,,,Nippon India Mutual Fund,4.25,4.25,3.89,3.89,3.89,4.32,,3.89,,,89495,349590.0,161,F1,1,,,,,,2025-04-23
2025-04-23,2025-04-23,CM,BSE,STK,543153,INF204KB18R4,08AGG,B,,,,,Nippon India Mutual Fund,0.3,0.3,0.3,0.3,0.3,0.28,,0.3,,,1,0.0,1,F1,1,,,,,,2025-04-23
2025-04-23,2025-04-23,CM,BSE,STK,543161,INF204KB14P7,10AGG,F,,,,,Nippon India Mutual Fund,200.0,200.0,193.99,194.48,194.89,185.99,,194.48,,,646,125933.0,22,F1,1,,,,,,2025-04-23
2025-04-23,2025-04-23,CM,BSE,STK,543165,INF204KB17P0,10ARD,F,,,,,Nippon India Mutual Fund,168.19,168.19,167.0,167.0,167.0,152.9,,167.0,,,403,67469.0,8,F1,1,,,,,,2025-04-23
2025-04-23,2025-04-23,CM,BSE,STK,543167,INF204KB19P6,10GPG,F,,,,,Nippon India Mutual Fund,2.97,2.97,2.61,2.82,2.83,2.7,,2.82,,,8996,25185.0,36,F1,1,,,,,,2025-04-23
2025-04-23,2025-04-23,CM,BSE,STK,543171,INE0BDU01028,ROJL,B,,,,,RO Jewels Limited,2.52,2.52,2.45,2.49,2.49,2.49,,2.49,,,90221,224647.0,201,F1,1,,,,,,2025-04-23
2025-04-23,2025-04-23,CM,BSE,STK,543172,INE0CQB01010,COSPOWER,MT,,,,,Cospower Engineering Limited,722.0,795.0,722.0,794.0,794.0,760.0,,794.0,,,3000,2275000.0,5,F1,500,,,,,,2025-04-23
2025-04-23,2025-04-23,CM,BSE,STK,543173,INF204KB14U7,11DPR,B,,,,,Nippon India Mutual Fund,26.68,26.68,23.07,25.67,25.67,24.53,,25.67,,,2124,51283.0,20,F1,1,,,,,,2025-04-23
2025-04-23,2025-04-23,CM,BSE,STK,543174,INF204KB10U5,11GPG,B,,,,,Nippon India Mutual Fund,3.58,3.58,2.95,3.1,3.1,3.26,,3.1,,,48365,150030.0,97,F1,1,,,,,,2025-04-23
2025-04-23,2025-04-23,CM,BSE,STK,543175,INF204KB15U4,11MPD,B,,,,,Nippon India Mutual Fund,4.43,4.43,3.68,3.89,3.89,4.03,,3.89,,,10541,40700.0,54,F1,1,,,,,,2025-04-23
2025-04-23,2025-04-23,CM,BSE,STK,543176,INF204KB16U2,11MPR,B,,,,,Nippon India Mutual Fund,85.0,90.0,82.94,86.55,88.0,91.99,,86.55,,,448,38631.0,15,F1,1,,,,,,2025-04-23
2025-04-23,2025-04-23,CM,BSE,STK,543177,INF204KB11U3,11QPD,B,,,,,Nippon India Mutual Fund,25.24,25.24,21.5,22.08,22.08,22.95,,22.08,,,45513,1014335.0,117,F1,1,,,,,,2025-04-23
2025-04-23,2025-04-23,CM,BSE,STK,543178,INF204KB12U1,11QPR,B,,,,,Nippon India Mutual Fund,0.17,0.17,0.17,0.17,0.17,0.16,,0.17,,,1,0.0,1,F1,1,,,,,,2025-04-23
2025-04-23,2025-04-23,CM,BSE,STK,543181,INF204KB13T1,11AGG,B,,,,,Nippon India Mutual Fund,46.02,49.5,45.85,45.85,45.86,50.94,,45.85,,,8354,384607.0,72,F1,1,,,,,,2025-04-23
2025-04-23,2025-04-23,CM,BSE,STK,543182,INF204KB18T0,11AMD,B,,,,,Nippon India Mutual Fund,58.1,70.56,58.1,70.56,70.56,64.15,,70.56,,,8298,575201.0,109,F1,1,,,,,,2025-04-23
2025-04-23,2025-04-23,CM,BSE,STK,543186,INF204KB13U9,11DPD,B,,,,,Nippon India Mutual Fund,8.95,8.95,7.78,8.01,8.0,8.18,,8.01,,,4630,36894.0,56,F1,1,,,,,,2025-04-23
2025-04-23,2025-04-23,CM,BSE,STK,543187,INE07Y701011,POWERINDIA,A,,,,,HITACHI ENERGY INDIA LIMITED,13949.2,14065.75,13690.95,13909.15,13907.0,13807.4,,13910.0,,,4515,62613113.0,1181,F1,1,,,,,,2025-04-23
2025-04-23,2025-04-23,CM,BSE,STK,543193,INE0B1K01014,DJML,B,,,,,DJ Mediaprint & Logistics Limi,139.75,139.75,126.3,130.75,126.3,135.95,,129.99,,,2639,346626.0,88,F1,1,,,,,,2025-04-23
2025-04-23,2025-04-23,CM,BSE,STK,543207,INE06MM01016,NATURAL,X,,,,,Natural Biocon (India) Limited,11.5,11.5,10.97,10.97,10.97,11.54,,10.97,,,790484,8706532.0,448,F1,1,,,,,,2025-04-23
2025-04-23,2025-04-23,CM,BSE,STK,543208,INE745R01024,REGIS,XT,,,,,REGIS INDUSTRIES LIMITED,10.9,10.9,10.33,10.35,10.35,10.8,,10.35,,,11875,122852.0,86,F1,1,,,,,,2025-04-23
2025-04-23,2025-04-23,CM,BSE,STK,543209,INE0CRS01012,BILLWIN,M,,,,,Billwin Industries Limited,29.0,31.74,29.0,30.62,31.74,30.5,,30.62,,,9000,270720.0,3,F1,3000,,,,,,2025-04-23
2025-04-23,2025-04-23,CM,BSE,STK,543210,INE09EO01013,AARTISURF,B,,,,,Aarti Surfactants Limited,462.2,467.05,450.25,455.7,455.0,460.7,,456.35,,,1312,598158.0,163,F1,1,,,,,,2025-04-23
2025-04-23,2025-04-23,CM,BSE,STK,543211,INE0B9A01018,BONLON,B,,,,,BONLON INDUSTRIES LIMITED,33.8,34.79,33.8,34.37,34.37,34.39,,34.37,,,6211,213851.0,80,F1,1,,,,,,2025-04-23
2025-04-23,2025-04-23,CM,BSE,STK,543212,INE02PY01013,BOROLTD,B,,,,,Borosil Limited,341.5,343.7,335.05,339.55,339.0,341.35,,339.4,,,2541,863920.0,149,F1,1,,,,,,2025-04-23
2025-04-23,2025-04-23,CM,BSE,STK,543213,INE02A801020,ROSSARI,B,,,,,ROSSARI BIOTECH LIMITED,695.0,715.4,678.05,703.4,706.55,691.3,,703.2,,,24137,16813909.0,1605,F1,1,,,,,,2025-04-23
2025-04-23,2025-04-23,CM,BSE,STK,543214,INE07OG01012,NDRAUTO,B,,,,,NDR Auto Components Limited,685.0,696.1,684.7,691.15,693.0,687.9,,689.4,,,2270,1569938.0,265,F1,1,,,,,,2025-04-23
2025-04-23,2025-04-23,CM,BSE,STK,543217,INE0CCU25019,MINDSPACE,IF,,,,,Mindspace Business Parks REIT,380.2,380.98,376.24,380.25,380.25,379.51,,379.52,,,1373,520163.0,110,F1,1,,,,,,2025-04-23
2025-04-23,2025-04-23,CM,BSE,STK,543218,INE05ST01028,SBGLP,T,,,,,SURATWWALA BUSINESS GROUP LIMI,43.55,43.55,43.55,43.55,43.55,42.7,,43.55,,,151677,6605533.0,49,F1,1,,,,,,2025-04-23
2025-04-23,2025-04-23,CM,BSE,STK,543219,INF109KC17V7,ALPL30IETF,B,,,,,ICICI Prudential Mutual Fund,26.82,27.0,26.68,26.97,26.99,26.62,,26.97,,,2427,65186.0,107,F1,1,,,,,,2025-04-23
2025-04-23,2025-04-23,CM,BSE,STK,543220,INE027H01010,MAXHEALTH,A,,,,,Max Healthcare Institute Limit,1150.95,1150.95,1111.4,1129.8,1129.9,1128.4,,1129.6,,,31431,35566044.0,2009,F1,1,,,,,,2025-04-23
2025-04-23,2025-04-23,CM,BSE,STK,543221,INF109KC16I6,ITIETF,B,,,,,ICICI Prudential Mutual Fund,37.44,38.27,37.43,38.15,38.2,36.65,,38.17,,,60422,2284148.0,176,F1,1,,,,,,2025-04-23
2025-04-23,2025-04-23,CM,BSE,STK,543223,INE0CG601016,MAXIND,B,,,,,Max India Limited,221.0,232.2,211.25,223.55,223.55,213.95,,223.93,,,22342,4944945.0,1420,F1,1,,,,,,2025-04-23
2025-04-23,2025-04-23,CM,BSE,STK,543224,INF179KC1HY0,HDFCNIFBAN,B,,,,,HDFC Mutual Fund,56.42,57.42,56.33,56.54,56.54,56.58,,56.47,,,1591,89761.0,194,F1,1,,,,,,2025-04-23
2025-04-23,2025-04-23,CM,BSE,STK,543226,INF789F1AUV1,UTIBANKETF,B,,,,,UTI Mutual Fund,57.0,57.58,56.36,56.48,56.36,57.04,,56.54,,,10669,606513.0,141,F1,1,,,,,,2025-04-23
2025-04-23,2025-04-23,CM,BSE,STK,543227,INE419U01012,HAPPSTMNDS,A,,,,,Happiest Minds Technologies Li,600.2,605.95,593.15,595.85,595.85,585.65,,595.8,,,66767,39904375.0,3055,F1,1,,,,,,2025-04-23
2025-04-23,2025-04-23,CM,BSE,STK,543228,INE450U01017,ROUTE,A,,,,,Route Mobile Limited,1025.0,1039.95,1006.05,1009.9,1007.1,1010.8,,1009.25,,,10383,10599653.0,995,F1,1,,,,,,2025-04-23
2025-04-23,2025-04-23,CM,BSE,STK,543229,INE412J01010,SAMRATFORG,X,,,,,Samrat Forgings Limited,297.0,299.0,297.0,299.0,299.0,304.45,,299.0,,,15,4481.0,5,F1,1,,,,,,2025-04-23
2025-04-23,2025-04-23,CM,BSE,STK,543230,INE0ALI01010,ADVAIT,B,,,,,ADVAIT ENERGY TRANSITIONS LIMI,1330.2,1336.4,1292.0,1300.25,1300.0,1324.65,,1300.25,,,13371,17476918.0,1078,F1,1,,,,,,2025-04-23
2025-04-23,2025-04-23,CM,BSE,STK,543231,INE0CHO01012,ADL,B,,,,,Archidply Decor Limited,111.98,111.98,102.28,102.28,102.28,105.47,,105.23,,,722,77183.0,29,F1,1,,,,,,2025-04-23
2025-04-23,2025-04-23,CM,BSE,STK,543232,INE596I01012,CAMS,A,,,,,Computer Age Management Servic,4037.85,4117.7,3992.55,4102.15,4102.15,4002.9,,4102.0,,,14372,58291147.0,2948,F1,1,,,,,,2025-04-23
2025-04-23,2025-04-23,CM,BSE,STK,543233,INE03YM01018,CHEMCON,B,,,,,Chemcon Speciality Chemicals L,200.95,210.5,200.95,206.35,206.4,202.7,,206.78,,,6682,1374892.0,455,F1,1,,,,,,2025-04-23
2025-04-23,2025-04-23,CM,BSE,STK,543234,INE0BTM01013,SECMARK,B,,,,,Secmark Consultancy Limited,119.0,119.0,116.03,116.03,116.03,119.0,,116.08,,,1521,179971.0,26,F1,1,,,,,,2025-04-23
2025-04-23,2025-04-23,CM,BSE,STK,543235,INE732I01013,ANGELONE,A,,,,,ANGEL ONE LIMITED,2540.75,2545.0,2415.0,2505.2,2505.2,2520.5,,2507.7,,,147514,365385273.0,9853,F1,1,,,,,,2025-04-23
2025-04-23,2025-04-23,CM,BSE,STK,543236,INE09KD01013,ATAM,B,,,,,Atam Valves Limited,115.0,115.44,108.0,112.48,112.91,111.01,,112.45,,,20583,2308028.0,546,F1,1,,,,,,2025-04-23
2025-04-23,2025-04-23,CM,BSE,STK,543237,INE249Z01020,MAZDOCK,A,,,,,Mazagon Dock Shipbuilders Limi,2792.7,2829.0,2712.4,2767.25,2767.25,2755.1,,2766.0,,,128537,354941478.0,6938,F1,1,,,,,,2025-04-23
2025-04-23,2025-04-23,CM,BSE,STK,543238,INE094J01016,UTIAMC,A,,,,,UTI Asset Management Company L,1117.0,1142.0,1100.0,1134.2,1128.7,1106.75,,1135.3,,,8215,9201478.0,544,F1,1,,,,,,2025-04-23
2025-04-23,2025-04-23,CM,BSE,STK,543240,INE060901027,LIKHITHA,B,,,,,Likhitha Infrastructure Limite,286.75,290.55,280.05,281.9,282.35,284.1,,281.7,,,1366,386549.0,118,F1,1,,,,,,2025-04-23
2025-04-23,2025-04-23,CM,BSE,STK,543242,INE0AJG01018,HEMIPROP,A,,,,,Hemisphere Properties India Li,134.05,142.45,134.05,139.7,139.7,133.85,,139.41,,,159820,22297379.0,3461,F1,1,,,,,,2025-04-23
2025-04-23,2025-04-23,CM,BSE,STK,543243,INE063P01018,EQUITASBNK,A,,,,,Equitas Small Finance Bank Lim,68.99,70.55,67.59,70.33,70.15,68.25,,70.29,,,532046,36808068.0,3277,F1,1,,,,,,2025-04-23
2025-04-23,2025-04-23,CM,BSE,STK,543244,INE0BLY01023,SHINEFASH,M,,,,,Shine Fashions (India) Limited,320.0,320.0,299.0,301.25,301.5,328.05,,301.25,,,7500,2308400.0,15,F1,500,,,,,,2025-04-23
2025-04-23,2025-04-23,CM,BSE,STK,543245,INE068V01023,GLAND,A,,,,,Gland Pharma Limited,1455.25,1485.0,1450.0,1479.45,1477.0,1450.2,,1478.7,,,176912,261405970.0,519,F1,1,,,,,,2025-04-23
2025-04-23,2025-04-23,CM,BSE,STK,543246,INF769K01GS9,ESG,B,,,,,Mirae Asset Mutual Fund,40.86,41.22,40.83,41.19,41.16,40.82,,41.18,,,2048,83892.0,22,F1,1,,,,,,2025-04-23
2025-04-23,2025-04-23,CM,BSE,STK,543248,INE07T201019,RBA,A,,,,,Restaurant Brands Asia Limited,78.0,78.71,76.99,78.29,78.15,77.84,,78.01,,,159671,12415396.0,509,F1,1,,,,,,2025-04-23
2025-04-23,2025-04-23,CM,BSE,STK,543249,INE0EK901012,TARC,A,,,,,TARC LIMITED,155.95,169.75,151.75,161.8,161.8,154.35,,161.94,,,183755,30560470.0,1784,F1,1,,,,,,2025-04-23
2025-04-23,2025-04-23,CM,BSE,STK,543250,INF247L01AK4,MOGSEC,F,,,,,Motilal Oswal Mutual Fund,61.55,61.55,60.67,60.81,60.81,61.09,,61.37,,,97,5928.0,10,F1,1,,,,,,2025-04-23
2025-04-23,2025-04-23,CM,BSE,STK,543251,INE09E501017,RVHL,B,,,,,Ravinder Heights Limited,53.0,53.0,47.55,48.96,49.25,49.78,,48.61,,,546,26674.0,59,F1,1,,,,,,2025-04-23
2025-04-23,2025-04-23,CM,BSE,STK,543252,INE0DNW01011,FAIRCHEMOR,B,,,,,Fairchem Organics Limited,915.7,930.0,885.0,888.9,895.9,911.9,,888.0,,,2116,1911653.0,425,F1,1,,,,,,2025-04-23
2025-04-23,2025-04-23,CM,BSE,STK,543253,INE495P01012,BECTORFOOD,A,,,,,Mrs. Bectors Food Specialities,1641.05,1647.25,1600.6,1618.05,1618.05,1632.85,,1621.7,,,7115,11522575.0,731,F1,1,,,,,,2025-04-23
2025-04-23,2025-04-23,CM,BSE,STK,543254,INE01BK01022,AWHCL,B,,,,,Antony Waste Handling Cell Lim,524.2,524.2,510.45,512.8,512.0,515.25,,512.55,,,12591,6494793.0,913,F1,1,,,,,,2025-04-23
2025-04-23,2025-04-23,CM,BSE,STK,543255,INF732E01268,INFRABEES,B,,,,,Nippon India Mutual Fund,901.0,902.35,890.63,900.84,902.0,896.38,,903.88,,,3488,3126014.0,150,F1,1,,,,,,2025-04-23
2025-04-23,2025-04-23,CM,BSE,STK,543256,INE018S01016,RFLL,XT,,,,,RITA FINANCE AND LEASING LIMIT,24.8,26.12,24.75,26.09,26.12,24.88,,26.09,,,83469,2142853.0,84,F1,1,,,,,,2025-04-23
2025-04-23,2025-04-23,CM,BSE,STK,543257,INE053F01010,IRFC,A,,,,,Indian Railway Finance Corpora,133.35,135.1,129.25,134.5,134.5,132.25,,134.36,,,1099052,145629563.0,7269,F1,1,,,,,,2025-04-23
2025-04-23,2025-04-23,CM,BSE,STK,543258,INE09VQ01012,INDIGOPNTS,A,,,,,Indigo Paints Limited,1079.95,1079.95,1026.0,1045.4,1050.0,1042.65,,1049.35,,,22036,22864261.0,1636,F1,1,,,,,,2025-04-23
2025-04-23,2025-04-23,CM,BSE,STK,543259,INE481N01025,HOMEFIRST,A,,,,,Home First Finance Company Ind,1248.05,1315.85,1206.15,1300.85,1300.85,1230.05,,1301.1,,,13752,17307758.0,963,F1,1,,,,,,2025-04-23
2025-04-23,2025-04-23,CM,BSE,STK,543260,INE00IN01015,STOVEKRAFT,B,,,,,STOVE KRAFT LIMITED,670.05,672.65,656.95,660.2,658.45,666.7,,660.4,,,940,624852.0,60,F1,1,,,,,,2025-04-23
2025-04-23,2025-04-23,CM,BSE,STK,543261,INE0FDU25010,BIRET,IF,,,,,Brookfield India Real Estate T,290.0,291.57,288.86,290.62,290.5,293.83,,290.82,,,7896,2290973.0,379,F1,1,,,,,,2025-04-23
2025-04-23,2025-04-23,CM,BSE,STK,543262,INE0D7801012,MRP,M,,,,,MRP Agro Limited,128.05,137.0,128.05,130.0,130.0,129.95,,130.0,,,28000,3759150.0,26,F1,1000,,,,,,2025-04-23
2025-04-23,2025-04-23,CM,BSE,STK,543263,INE103C01036,SMCGLOBAL,B,,,,,SMC Global Securities Limited,115.6,115.6,112.65,114.0,114.95,114.85,,114.14,,,4907,559496.0,132,F1,1,,,,,,2025-04-23
2025-04-23,2025-04-23,CM,BSE,STK,543264,INE0DSF01015,NURECA,T,,,,,Nureca Limited,249.9,250.0,249.9,249.9,249.9,255.0,,249.9,,,1213,303135.0,15,F1,1,,,,,,2025-04-23
2025-04-23,2025-04-23,CM,BSE,STK,543265,INE0DD101019,RAILTEL,A,,,,,RailTel Corporation of India L,318.45,321.35,309.1,319.9,319.9,317.5,,319.55,,,225233,71279421.0,3978,F1,1,,,,,,2025-04-23
2025-04-23,2025-04-23,CM,BSE,STK,543266,INE694N01015,HERANBA,T,,,,,Heranba Industries Limited,284.95,284.95,284.95,284.95,284.95,290.75,,284.95,,,793,225965.0,29,F1,1,,,,,,2025-04-23
2025-04-23,2025-04-23,CM,BSE,STK,543267,INE179G01029,DAVANGERE,B,,,,,Davangere Sugar Company Limite,4.02,4.06,3.79,4.04,4.04,4.01,,4.03,,,403099,1600205.0,456,F1,1,,,,,,2025-04-23
2025-04-23,2025-04-23,CM,BSE,STK,543268,INE03RS01027,DRCSYSTEMS,B,,,,,DRC Systems India Limited,25.76,26.66,25.45,25.52,25.52,25.8,,25.67,,,9880,254903.0,85,F1,1,,,,,,2025-04-23
2025-04-23,2025-04-23,CM,BSE,STK,543270,INE864I01014,MTARTECH,A,,,,,MTAR Technologies Limited,1424.05,1452.0,1405.0,1434.65,1439.0,1429.85,,1435.9,,,15743,22517115.0,1329,F1,1,,,,,,2025-04-23
2025-04-23,2025-04-23,CM,BSE,STK,543271,INE0BY001018,JUBLINGREA,A,,,,,Jubilant Ingrevia Limited,693.05,709.9,676.05,688.5,687.0,696.45,,688.5,,,16721,11489592.0,1341,F1,1,,,,,,2025-04-23
2025-04-23,2025-04-23,CM,BSE,STK,543272,INE07O001026,EASEMYTRIP,A,,,,,Easy Trip Planners Limited,12.36,12.39,12.07,12.15,12.15,12.34,,12.14,,,2443487,29749620.0,5081,F1,1,,,,,,2025-04-23
2025-04-23,2025-04-23,CM,BSE,STK,543273,INE0CJD01011,KMEW,B,,,,,Knowledge Marine & Engineering,1514.2,1518.0,1463.3,1478.9,1474.0,1500.1,,1478.2,,,1733,2557113.0,413,F1,1,,,,,,2025-04-23
2025-04-23,2025-04-23,CM,BSE,STK,543274,INE0EMB01015,SUUMAYA,MT,,,,,SUUMAYA CORPORATION LIMITED,2.58,2.62,2.58,2.62,2.62,2.58,,2.62,,,26550,68517.0,10,F1,450,,,,,,2025-04-23
2025-04-23,2025-04-23,CM,BSE,STK,543275,INE930P01018,ANURAS,A,,,,,Anupam Rasayan India Limited,813.9,820.3,791.4,813.25,813.25,803.3,,814.85,,,13842,11217601.0,991,F1,1,,,,,,2025-04-23
2025-04-23,2025-04-23,CM,BSE,STK,543276,INE00LO01017,CRAFTSMAN,A,,,,,Craftsman Automation Limited,4829.4,4865.0,4809.05,4854.0,4825.1,4775.55,,4846.9,,,408,1976409.0,164,F1,1,,,,,,2025-04-23
2025-04-23,2025-04-23,CM,BSE,STK,543277,INE576O01020,LXCHEM,A,,,,,Laxmi Organic Industries Limit,182.9,182.9,176.9,179.5,181.5,181.05,,180.09,,,59941,10776705.0,1489,F1,1,,,,,,2025-04-23
2025-04-23,2025-04-23,CM,BSE,STK,543278,INE303R01014,KALYANKJIL,A,,,,,Kalyan Jewellers India Limited,529.35,544.75,519.1,537.0,537.0,525.15,,537.9,,,617604,327436286.0,11562,F1,1,,,,,,2025-04-23
2025-04-23,2025-04-23,CM,BSE,STK,543279,INE428Q01011,SURYODAY,B,,,,,Suryoday Small Finance Bank Li,137.05,139.65,132.15,138.35,137.9,136.95,,138.25,,,15326,2093688.0,521,F1,1,,,,,,2025-04-23
2025-04-23,2025-04-23,CM,BSE,STK,543280,INE418L01021,NAZARA,A,,,,,Nazara Technologies Limited,1005.45,1024.6,1000.5,1006.85,1006.85,1004.45,,1006.95,,,27853,28136338.0,1589,F1,1,,,,,,2025-04-23
2025-04-23,2025-04-23,CM,BSE,STK,543281,INE018401013,SUVIDHAA,T,,,,,Suvidhaa Infoserve Limited,3.94,4.05,3.77,4.01,4.01,3.89,,3.95,,,5130,20250.0,33,F1,1,,,,,,2025-04-23
2025-04-23,2025-04-23,CM,BSE,STK,543283,INE382M01027,BARBEQUE,B,,,,,BARBEQUE-NATION HOSPITALITY LI,281.2,284.6,279.0,281.75,281.25,281.85,,282.25,,,6953,1959273.0,412,F1,1,,,,,,2025-04-23
2025-04-23,2025-04-23,CM,BSE,STK,543284,INE0CPR01018,EKI,T,,,,,EKI Energy Services Limited,102.45,102.45,102.45,102.45,102.45,100.45,,102.45,,,6293,644717.0,82,F1,1,,,,,,2025-04-23
2025-04-23,2025-04-23,CM,BSE,STK,543285,INE0CQ101015,RCAN,MT,,,,,Rajeshwari Cans Limited,286.0,300.0,286.0,299.9,299.9,301.0,,299.9,,,4400,1302560.0,10,F1,400,,,,,,2025-04-23
2025-04-23,2025-04-23,CM,BSE,STK,543287,INE670K01029,LODHA,A,,,,,Macrotech Developers Limited,1334.0,1369.9,1325.65,1366.0,1366.0,1314.0,,1366.4,,,72009,97448119.0,5094,F1,1,,,,,,2025-04-23
2025-04-23,2025-04-23,CM,BSE,STK,543288,INE0FHS01024,DEEPINDS,B,,,,,Deep Industries Limited,480.75,485.55,474.5,481.1,481.45,480.75,,480.6,,,2214,1064017.0,164,F1,1,,,,,,2025-04-23
2025-04-23,2025-04-23,CM,BSE,STK,543290,INE0GGX23010,PGINVIT,IF,,,,,POWERGRID Infrastructure Inves,81.65,81.65,79.8,79.91,80.01,80.0,,79.85,,,39079,3124014.0,357,F1,1,,,,,,2025-04-23
2025-04-23,2025-04-23,CM,BSE,STK,543291,INF769K01HF4,MAFANG,B,,,,,Mirae Asset Mutual Fund,109.29,109.29,109.29,109.29,109.29,112.5,,109.29,,,29406,3213781.0,332,F1,1,,,,,,2025-04-23
2025-04-23,2025-04-23,CM,BSE,STK,543292,INF109KC1Q72,HEALTHIETF,B,,,,,ICICI Prudential Mutual Fund,142.61,143.85,142.31,143.8,143.85,141.67,,143.67,,,7829,1120235.0,72,F1,1,,,,,,2025-04-23
2025-04-23,2025-04-23,CM,BSE,STK,543297,INE0FLR01028,IWEL,B,,,,,Inox Wind Energy Limited,9900.0,10450.0,9900.0,10310.35,10285.0,10000.6,,10325.0,,,706,7251566.0,297,F1,1,,,,,,2025-04-23
2025-04-23,2025-04-23,CM,BSE,STK,543298,INE505Y01010,VINEETLAB,B,,,,,Vineet Laboratories Limited,33.75,34.7,33.51,34.5,34.54,33.75,,34.43,,,4447,151582.0,75,F1,1,,,,,,2025-04-23
2025-04-23,2025-04-23,CM,BSE,STK,543299,INE810G01011,SHYAMMETL,A,,,,,Shyam Metalics and Energy Limi,910.05,910.2,886.45,898.1,898.1,910.2,,899.1,,,16563,14870371.0,898,F1,1,,,,,,2025-04-23
2025-04-23,2025-04-23,CM,BSE,STK,543300,INE073K01018,SONACOMS,A,,,,,Sona BLW Precision Forgings Li,464.95,479.85,453.4,478.55,478.55,451.75,,478.45,,,282652,132672039.0,9650,F1,1,,,,,,2025-04-23
2025-04-23,2025-04-23,CM,BSE,STK,543306,INE021O01019,DODLA,A,,,,,Dodla Dairy Limited,1148.8,1150.35,1122.85,1130.45,1126.0,1145.95,,1129.7,,,2146,2433364.0,328,F1,1,,,,,,2025-04-23
2025-04-23,2025-04-23,CM,BSE,STK,543308,INE967H01025,KIMS,A,,,,,Krishna Institute of Medical S,694.6,700.0,686.2,691.65,692.4,683.4,,691.3,,,31512,21850178.0,1650,F1,1,,,,,,2025-04-23
2025-04-23,2025-04-23,CM,BSE,STK,543311,INE0D6701023,IPL,B,,,,,India Pesticides Limited,158.2,158.2,152.0,155.0,155.4,156.6,,155.03,,,15473,2394077.0,389,F1,1,,,,,,2025-04-23
2025-04-23,2025-04-23,CM,BSE,STK,543312,INE0DXR01010,FOCUS,MT,,,,,Focus Business Solution Limite,98.0,98.0,96.0,96.0,96.0,94.0,,96.0,,,2700,261900.0,2,F1,1350,,,,,,2025-04-23
2025-04-23,2025-04-23,CM,BSE,STK,543317,INE201P01022,GRINFRA,A,,,,,G R Infraprojects Limited,1121.25,1121.25,1093.0,1103.7,1104.3,1119.7,,1105.7,,,1552,1714830.0,186,F1,1,,,,,,2025-04-23
2025-04-23,2025-04-23,CM,BSE,STK,543318,INE227W01023,CLEAN,A,,,,,Clean Science and Technology L,1218.8,1227.9,1190.0,1216.0,1210.5,1204.6,,1216.8,,,5477,6601350.0,582,F1,1,,,,,,2025-04-23
2025-04-23,2025-04-23,CM,BSE,STK,543319,INE0C5901022,AAPLUSTRAD,M,,,,,AA Plus Tradelink Limited,0.84,1.0,0.84,1.0,1.0,0.93,,1.0,,,240000,214400.0,3,F1,80000,,,,,,2025-04-23
2025-04-23,2025-04-23,CM,BSE,STK,543320,INE758T01015,ETERNAL,A,,,,,Eternal Limited,237.75,240.5,233.0,239.2,239.2,237.45,,239.24,,,1398068,331931125.0,9399,F1,1,,,,,,2025-04-23
2025-04-23,2025-04-23,CM,BSE,STK,543321,INE0GK401011,TATVA,B,,,,,Tatva Chintan Pharma Chem Limi,740.0,756.1,732.0,741.1,746.5,742.5,,739.9,,,1660,1230890.0,302,F1,1,,,,,,2025-04-23
2025-04-23,2025-04-23,CM,BSE,STK,543322,INE03Q201024,ALIVUS,A,,,,,ALIVUS LIFE SCIENCES LIMITED,1018.0,1038.0,1018.0,1027.15,1026.9,1023.35,,1028.1,,,1717,1759410.0,187,F1,1,,,,,,2025-04-23
2025-04-23,2025-04-23,CM,BSE,STK,543323,INF769K01HI8,BFSI,B,,,,,Mirae Asset Mutual Fund,27.33,27.41,26.95,27.15,27.15,27.25,,27.12,,,9774,264720.0,162,F1,1,,,,,,2025-04-23
2025-04-23,2025-04-23,CM,BSE,STK,543324,INE199P01028,GCSL,M,,,,,Gretex Corporate Services Limi,310.0,319.95,310.0,310.0,310.0,323.0,,310.0,,,3060,960036.0,4,F1,765,,,,,,2025-04-23
2025-04-23,2025-04-23,CM,BSE,STK,543325,INE645S01016,ROLEXRINGS,A,,,,,Rolex Rings Limited,1370.05,1410.0,1364.85,1396.3,1371.5,1378.95,,1398.8,,,2475,3430574.0,432,F1,1,,,,,,2025-04-23
2025-04-23,2025-04-23,CM,BSE,STK,543326,INF109KC19V3,FMCGIETF,B,,,,,ICICI Prudential Mutual Fund,60.37,60.66,60.21,60.6,60.59,60.31,,60.61,,,214554,12966351.0,1033,F1,1,,,,,,2025-04-23
2025-04-23,2025-04-23,CM,BSE,STK,543327,INE0GFE01026,EXXARO,B,,,,,Exxaro Tiles Limited,6.76,6.89,6.51,6.66,6.73,6.75,,6.66,,,56507,378528.0,222,F1,1,,,,,,2025-04-23
2025-04-23,2025-04-23,CM,BSE,STK,543328,INE08LI01020,KRSNAA,B,,,,,Krsnaa Diagnostics Limited,808.2,808.2,768.85,772.4,772.4,787.85,,773.35,,,5060,3940816.0,512,F1,1,,,,,,2025-04-23
2025-04-23,2025-04-23,CM,BSE,STK,543329,INE0H5O01029,WINDLAS,B,,,,,Windlas Biotech Limited,1051.05,1063.9,1008.45,1024.25,1033.0,1039.5,,1024.4,,,14504,14853761.0,1225,F1,1,,,,,,2025-04-23
2025-04-23,2025-04-23,CM,BSE,STK,543330,INE872J01023,DEVYANI,A,,,,,Devyani International Limited,176.5,176.5,171.5,175.4,175.85,175.6,,175.57,,,66855,11682148.0,1579,F1,1,,,,,,2025-04-23
2025-04-23,2025-04-23,CM,BSE,STK,543331,INE0CT101020,MOL,B,,,,,Meghmani Organics Limited,74.64,75.59,72.5,73.32,73.32,74.64,,73.34,,,75622,5551806.0,822,F1,1,,,,,,2025-04-23
2025-04-23,2025-04-23,CM,BSE,STK,543332,INE071N01016,EPIGRAL,A,,,,,Epigral Limited,1960.0,1979.0,1868.9,1890.25,1887.5,1948.5,,1889.5,,,2590,4925844.0,396,F1,1,,,,,,2025-04-23
2025-04-23,2025-04-23,CM,BSE,STK,543333,INE290S01011,CARTRADE,A,,,,,CarTrade Tech Limited,1662.05,1719.65,1620.8,1656.2,1659.6,1659.15,,1658.8,,,9558,15971380.0,1123,F1,1,,,,,,2025-04-23
2025-04-23,2025-04-23,CM,BSE,STK,543334,INE118D01016,NUVOCO,A,,,,,Nuvoco Vistas Corporation Limi,333.05,337.85,324.05,328.25,328.25,333.0,,327.55,,,4048,1338163.0,261,F1,1,,,,,,2025-04-23
2025-04-23,2025-04-23,CM,BSE,STK,543335,INE852O01025,APTUS,A,,,,,Aptus Value Housing Finance In,337.15,341.2,331.9,335.9,337.9,336.85,,336.25,,,22828,7646645.0,888,F1,1,,,,,,2025-04-23
2025-04-23,2025-04-23,CM,BSE,STK,543336,INE488A01050,CHEMPLASTS,A,,,,,Chemplast Sanmar Limited,451.8,452.65,433.1,439.4,439.8,448.55,,438.7,,,6930,3044881.0,861,F1,1,,,,,,2025-04-23
2025-04-23,2025-04-23,CM,BSE,STK,543341,INE647W01014,SHARPLINE,XT,,,,,SHARPLINE BROADCAST LIMITED,11.45,11.45,10.88,10.9,10.9,11.45,,10.9,,,4512,49439.0,22,F1,1,,,,,,2025-04-23
2025-04-23,2025-04-23,CM,BSE,STK,543346,INE0EAX01014,AASHKA,M,,,,,Aashka Hospitals Limited,107.75,107.75,105.0,106.0,106.0,103.95,,106.0,,,4000,426500.0,3,F1,1000,,,,,,2025-04-23
2025-04-23,2025-04-23,CM,BSE,STK,543347,INF846K01Y96,AXISTECETF,B,,,,,Axis Mutual Fund,373.4,379.76,373.0,378.66,378.64,364.35,,378.64,,,396,149146.0,39,F1,1,,,,,,2025-04-23
2025-04-23,2025-04-23,CM,BSE,STK,543348,INF846K01Z12,AXISHCETF,B,,,,,Axis Mutual Fund,142.31,142.31,142.31,142.31,142.31,139.21,,143.19,,,1,142.0,1,F1,1,,,,,,2025-04-23
2025-04-23,2025-04-23,CM,BSE,STK,543349,INE00FF01017,AMIORG,A,,,,,Ami Organics Limited,2238.95,2238.95,2169.05,2201.5,2202.0,2191.0,,2202.5,,,4125,9069460.0,493,F1,1,,,,,,2025-04-23
2025-04-23,2025-04-23,CM,BSE,STK,543350,INE043W01024,VIJAYA,A,,,,,Vijaya Diagnostic Centre Limit,1144.2,1160.0,1114.15,1122.95,1115.95,1144.1,,1120.1,,,29900,33921243.0,1153,F1,1,,,,,,2025-04-23
2025-04-23,2025-04-23,CM,BSE,STK,543351,INE0GOA01018,NBL,MS,,,,,Naapbooks Limited,120.0,120.0,120.0,120.0,120.0,117.95,,120.0,,,2400,288000.0,1,F1,2400,,,,,,2025-04-23
2025-04-23,2025-04-23,CM,BSE,STK,543357,INF846K016C7,AXISCETF,B,,,,,Axis Mutual Fund,116.5,118.41,116.15,118.41,118.41,116.3,,117.62,,,983,114585.0,12,F1,1,,,,,,2025-04-23
2025-04-23,2025-04-23,CM,BSE,STK,543358,INE953O01021,SANSERA,A,,,,,Sansera Engineering Limited,1132.05,1155.6,1129.4,1150.95,1147.2,1138.25,,1152.7,,,3689,4198193.0,289,F1,1,,,,,,2025-04-23
2025-04-23,2025-04-23,CM,BSE,STK,543363,INE0GAO01018,PREVEST,M,,,,,Prevest Denpro Limited,530.05,530.05,512.75,517.55,512.75,531.25,,517.55,,,2000,1044360.0,10,F1,200,,,,,,2025-04-23
2025-04-23,2025-04-23,CM,BSE,STK,543364,INE0FW001016,MARKOLINES,M,,,,,Markolines Pavement Technologi,174.9,176.5,164.0,169.0,169.0,174.9,,169.0,,,124800,21560720.0,127,F1,800,,,,,,2025-04-23
2025-04-23,2025-04-23,CM,BSE,STK,543365,INF769K01HP3,MASPTOP50,B,,,,,Mirae Asset Mutual Fund,48.24,48.24,48.05,48.24,48.24,47.26,,48.24,,,5132,246770.0,21,F1,1,,,,,,2025-04-23
2025-04-23,2025-04-23,CM,BSE,STK,543367,INE045601015,PARAS,A,,,,,Paras Defence and Space Techno,1069.4,1082.35,1053.0,1073.3,1073.65,1060.7,,1072.3,,,11079,11845913.0,720,F1,1,,,,,,2025-04-23
2025-04-23,2025-04-23,CM,BSE,STK,543373,INE0HLJ01013,SVRL,M,,,,,Shri Venkatesh Refineries Limi,200.0,221.5,200.0,217.9,217.9,216.9,,217.9,,,20000,4324400.0,18,F1,1000,,,,,,2025-04-23
2025-04-23,2025-04-23,CM,BSE,STK,543374,INE404A01024,ABSLAMC,A,,,,,Aditya Birla Sun Life AMC Limi,666.65,675.7,656.85,668.7,669.65,666.65,,667.2,,,19558,13056840.0,1169,F1,1,,,,,,2025-04-23
2025-04-23,2025-04-23,CM,BSE,STK,543375,INE0I2F01015,PROMAX,MT,,,,,Promax Power Limited,34.65,34.65,31.75,32.89,31.75,33.0,,32.89,,,15000,497700.0,4,F1,2500,,,,,,2025-04-23
2025-04-23,2025-04-23,CM,BSE,STK,543376,INE0GD201014,SAMOR,B,,,,,Samor Reality Limited,72.26,73.0,69.35,70.65,73.0,73.0,,70.65,,,733,53220.0,13,F1,1,,,,,,2025-04-23
2025-04-23,2025-04-23,CM,BSE,STK,543378,INE0H8H01019,CWD,TS,,,,,CWD Limited,950.0,977.0,950.0,960.0,960.0,933.35,,960.0,,,900,864345.0,9,F1,100,,,,,,2025-04-23
2025-04-23,2025-04-23,CM,BSE,STK,543383,INF109KC1V42,CONSUMIETF,B,,,,,ICICI Prudential Mutual Fund,117.21,118.88,116.7,117.97,117.47,116.96,,118.0,,,3565,417572.0,54,F1,1,,,,,,2025-04-23
2025-04-23,2025-04-23,CM,BSE,STK,543384,INE388Y01029,NYKAA,A,,,,,FSN E-Commerce Ventures Limite,188.05,194.5,188.05,193.0,193.05,187.9,,192.95,,,173136,33373373.0,5249,F1,1,,,,,,2025-04-23
2025-04-23,2025-04-23,CM,BSE,STK,543386,INE02NC01014,FINOPB,B,,,,,Fino Payments Bank Limited,277.95,277.95,260.95,262.7,262.25,272.85,,261.94,,,25669,6770099.0,657,F1,1,,,,,,2025-04-23
2025-04-23,2025-04-23,CM,BSE,STK,543387,INE284S01014,SJS,B,,,,,S.J.S. Enterprises Limited,971.35,1019.15,955.0,1002.2,1001.0,967.85,,1002.95,,,5117,5062095.0,631,F1,1,,,,,,2025-04-23
2025-04-23,2025-04-23,CM,BSE,STK,543388,INF740KA1QK2,EQUAL50ADD,B,,,,,DSP Mutual Fund,312.3,313.15,312.0,313.15,313.15,310.15,,313.43,,,182,56817.0,11,F1,1,,,,,,2025-04-23
2025-04-23,2025-04-23,CM,BSE,STK,543389,INE0D0K01022,SIGACHI,B,,,,,Sigachi Industries Limited,44.13,45.44,43.53,44.49,44.49,44.13,,44.46,,,324271,14434025.0,2307,F1,1,,,,,,2025-04-23
2025-04-23,2025-04-23,CM,BSE,STK,543390,INE417T01026,POLICYBZR,A,,,,,PB Fintech Limited,1700.45,1705.0,1628.4,1662.05,1662.0,1695.35,,1664.7,,,49948,82872925.0,5166,F1,1,,,,,,2025-04-23
2025-04-23,2025-04-23,CM,BSE,STK,543391,INE07GA01011,SGFRL,M,,,,,Suyog Gurbaxani Funicular Rope,135.95,138.6,135.95,138.6,138.6,132.0,,138.6,,,9750,1347412.0,10,F1,750,,,,,,2025-04-23
2025-04-23,2025-04-23,CM,BSE,STK,543396,INE982J01020,PAYTM,A,,,,,One 97 Communications Limited,884.75,888.9,867.95,884.15,884.15,882.6,,884.1,,,327799,288329085.0,8201,F1,1,,,,,,2025-04-23
2025-04-23,2025-04-23,CM,BSE,STK,543397,INE806T01020,SAPPHIRE,A,,,,,Sapphire Foods India Limited,321.45,341.3,313.2,338.6,338.6,321.45,,338.75,,,71345,23605140.0,1279,F1,1,,,,,,2025-04-23
2025-04-23,2025-04-23,CM,BSE,STK,543398,INE0I7C01011,LATENTVIEW,A,,,,,Latent View Analytics Limited,396.5,431.25,396.5,418.0,415.0,392.15,,420.4,,,168161,70671806.0,4262,F1,1,,,,,,2025-04-23
2025-04-23,2025-04-23,CM,BSE,STK,543399,INE144Z01023,TARSONS,B,,,,,Tarsons Products Limited,386.3,393.7,384.25,386.7,384.65,388.85,,386.95,,,1038,405389.0,168,F1,1,,,,,,2025-04-23
2025-04-23,2025-04-23,CM,BSE,STK,543400,INE0JFE01012,OMNIPOTENT,M,,,,,Omnipotent Industries Limited,7.43,7.43,7.15,7.43,7.43,7.08,,7.43,,,24000,177720.0,11,F1,2000,,,,,,2025-04-23
2025-04-23,2025-04-23,CM,BSE,STK,543401,INE0BJS01011,GOCOLORS,A,,,,,Go Fashion (India) Limited,738.95,755.8,732.0,741.0,748.85,740.55,,742.05,,,4585,3395550.0,507,F1,1,,,,,,2025-04-23
2025-04-23,2025-04-23,CM,BSE,STK,543410,INE07L501010,DMR,M,,,,,DMR Hydroengineering & Infrast,118.0,124.0,118.0,124.0,124.0,127.0,,124.0,,,2250,270750.0,3,F1,750,,,,,,2025-04-23
2025-04-23,2025-04-23,CM,BSE,STK,543411,INE106T01025,HITECH,B,,,,,HI-TECH PIPES LIMITED,101.7,102.55,99.1,99.6,99.6,100.95,,99.6,,,80059,8001278.0,1174,F1,1,,,,,,2025-04-23
2025-04-23,2025-04-23,CM,BSE,STK,543412,INE575P01011,STARHEALTH,A,,,,,Star Health and Allied Insuran,409.75,409.75,395.65,405.85,405.85,401.55,,406.0,,,46397,18655954.0,1307,F1,1,,,,,,2025-04-23
2025-04-23,2025-04-23,CM,BSE,STK,543413,INE011K01018,TEGA,A,,,,,Tega Industries Limited,1410.95,1418.9,1377.1,1396.9,1384.0,1410.95,,1390.9,,,3929,5493329.0,560,F1,1,,,,,,2025-04-23
2025-04-23,2025-04-23,CM,BSE,STK,543414,INF769K01HS7,MAHKTECH,B,,,,,Mirae Asset Mutual Fund,21.54,21.54,21.54,21.54,21.54,21.3,,21.88,,,168526,3630050.0,167,F1,1,,,,,,2025-04-23
2025-04-23,2025-04-23,CM,BSE,STK,543415,INE463V01026,ANANDRATHI,A,,,,,Anand Rathi Wealth Limited,1767.95,1798.9,1763.0,1783.45,1783.45,1762.1,,1783.1,,,4970,8860064.0,466,F1,1,,,,,,2025-04-23
2025-04-23,2025-04-23,CM,BSE,STK,543416,INE761Y01019,ZODIAC,B,,,,,Zodiac Energy Limited,421.4,432.0,395.55,414.95,414.85,420.75,,415.05,,,9020,3733847.0,1006,F1,1,,,,,,2025-04-23
2025-04-23,2025-04-23,CM,BSE,STK,543417,INE0CLI01024,RATEGAIN,A,,,,,RateGain Travel Technologies L,489.0,489.0,462.05,464.05,466.5,476.5,,464.55,,,16429,7720096.0,1302,F1,1,,,,,,2025-04-23
2025-04-23,2025-04-23,CM,BSE,STK,543418,INF754K01OB1,BBETF0432,F,,,,,Edelweiss Mutual Fund,1262.0,1264.65,1261.16,1264.65,1264.65,1262.41,,1263.91,,,841,1061390.0,107,F1,1,,,,,,2025-04-23
2025-04-23,2025-04-23,CM,BSE,STK,543419,INE217L01019,SHRIRAMPPS,A,,,,,Shriram Properties Limited,81.99,86.1,78.93,84.9,84.9,80.27,,84.85,,,178600,14867287.0,1821,F1,1,,,,,,2025-04-23
2025-04-23,2025-04-23,CM,BSE,STK,543420,INE982V01025,JETFREIGHT,B,,,,,Jet Freight Logistics Limited,12.9,13.2,12.7,12.7,12.7,12.71,,12.74,,,3357,42952.0,64,F1,1,,,,,,2025-04-23
2025-04-23,2025-04-23,CM,BSE,STK,543425,INE0BV301023,MAPMYINDIA,A,,,,,C.E. Info Systems Limited,1823.6,1834.0,1790.0,1801.4,1801.4,1823.6,,1802.4,,,4933,8946658.0,720,F1,1,,,,,,2025-04-23
2025-04-23,2025-04-23,CM,BSE,STK,543426,INE317I01021,METROBRAND,A,,,,,Metro Brands Limited,1090.05,1112.05,1084.75,1100.7,1100.0,1102.55,,1101.1,,,3368,3680329.0,384,F1,1,,,,,,2025-04-23
2025-04-23,2025-04-23,CM,BSE,STK,543427,INE804L01022,MEDPLUS,A,,,,,Medplus Health Services Limite,818.9,820.8,811.0,818.15,814.15,808.25,,817.15,,,1895,1549440.0,270,F1,1,,,,,,2025-04-23
2025-04-23,2025-04-23,CM,BSE,STK,543428,INE0IX101010,DATAPATTNS,A,,,,,Data Patterns (India) Limited,2153.85,2189.4,2073.45,2171.85,2171.4,2129.3,,2171.4,,,97604,208143731.0,5077,F1,1,,,,,,2025-04-23
2025-04-23,2025-04-23,CM,BSE,STK,543433,INE0GSL01024,HPAL,B,,,,,HP Adhesives Limited,56.56,56.8,55.7,56.31,56.8,56.21,,56.2,,,6480,364641.0,86,F1,1,,,,,,2025-04-23
2025-04-23,2025-04-23,CM,BSE,STK,543434,INE07RO01027,SUPRIYA,B,,,,,Supriya Lifescience Limited,728.05,742.9,716.0,717.6,717.6,727.3,,718.8,,,7394,5373750.0,376,F1,1,,,,,,2025-04-23
2025-04-23,2025-04-23,CM,BSE,STK,543437,INF247L01AU3,MONQ50,B,,,,,Motilal Oswal Mutual Fund,68.5,69.24,67.82,68.11,68.88,67.71,,68.5,,,39855,2725470.0,405,F1,1,,,,,,2025-04-23
2025-04-23,2025-04-23,CM,BSE,STK,543438,INF740KA1QL0,MIDQ50ADD,B,,,,,DSP Mutual Fund,233.54,234.92,232.9,234.88,234.84,233.23,,235.04,,,873,204423.0,24,F1,1,,,,,,2025-04-23
2025-04-23,2025-04-23,CM,BSE,STK,543440,INF740KA1CL0,NIFTY50ADD,B,,,,,DSP Mutual Fund,251.41,252.6,249.19,251.57,252.06,249.89,,251.72,,,4062,1019033.0,113,F1,1,,,,,,2025-04-23
2025-04-23,2025-04-23,CM,BSE,STK,543441,INE925R01014,CMSINFO,A,,,,,CMS Info Systems Limited,468.5,481.0,468.5,477.5,477.5,466.15,,477.8,,,26411,12517291.0,1049,F1,1,,,,,,2025-04-23
2025-04-23,2025-04-23,CM,BSE,STK,543442,INE977Y01011,BCONCEPTS,B,,,,,Brand Concepts Limited,367.0,367.0,350.0,357.3,352.0,360.35,,355.25,,,1336,479334.0,128,F1,1,,,,,,2025-04-23
2025-04-23,2025-04-23,CM,BSE,STK,543449,INE02WG01024,WEL,B,,,,,WONDER ELECTRICALS LIMITED,173.65,176.75,170.5,172.95,171.15,173.85,,172.67,,,5879,1016523.0,181,F1,1,,,,,,2025-04-23
2025-04-23,2025-04-23,CM,BSE,STK,543450,INF109KC10V2,AUTOIETF,B,,,,,ICICI Prudential Mutual Fund,22.59,23.0,22.45,22.87,22.87,22.31,,22.9,,,22946,520487.0,309,F1,1,,,,,,2025-04-23
2025-04-23,2025-04-23,CM,BSE,STK,543451,INE583L01014,AGSTRA,T,,,,,AGS TRANSACT TECHNOLOGIES LIMI,5.85,5.85,5.85,5.85,5.85,6.15,,5.82,,,43205,252749.0,216,F1,1,,,,,,2025-04-23
2025-04-23,2025-04-23,CM,BSE,STK,543452,INF109KC1Y56,SILVERIETF,E,,,,,ICICI Prudential Mutual Fund,96.67,97.42,96.31,97.11,97.1,96.1,,97.08,,,96259,9343836.0,309,F1,1,,,,,,2025-04-23
2025-04-23,2025-04-23,CM,BSE,STK,543454,INF769K01IB1,MAKEINDIA,B,,,,,Mirae Asset Mutual Fund,135.31,136.89,135.1,136.52,136.45,135.1,,136.74,,,3032,412035.0,71,F1,1,,,,,,2025-04-23
2025-04-23,2025-04-23,CM,BSE,STK,543458,INE699H01024,AWL,A,,,,,AWL AGRI BUSINESS LIMITED,285.65,285.65,278.45,283.9,283.9,283.55,,283.9,,,41599,11736315.0,623,F1,1,,,,,,2025-04-23
2025-04-23,2025-04-23,CM,BSE,STK,543462,INE060X01026,DEVIT,B,,,,,DEV INFORMATION TECHNOLOGY LIM,115.35,116.75,113.5,114.4,115.25,115.15,,114.57,,,2186,251176.0,140,F1,1,,,,,,2025-04-23
2025-04-23,2025-04-23,CM,BSE,STK,543463,INE825V01034,MANYAVAR,A,,,,,Vedant Fashions Limited,806.75,822.0,795.0,809.6,809.0,805.7,,808.65,,,10722,8670234.0,839,F1,1,,,,,,2025-04-23
2025-04-23,2025-04-23,CM,BSE,STK,543464,INE0JSJ01014,SPITZE,MT,,,,,Maruti Interior Products Limit,121.0,125.0,118.0,125.0,125.0,122.1,,125.0,,,81000,10014750.0,17,F1,1000,,,,,,2025-04-23
2025-04-23,2025-04-23,CM,BSE,STK,543465,INF247L01BK2,MOMOMENTUM,B,,,,,Motilal Oswal Mutual Fund,58.95,59.5,58.58,59.44,59.49,58.57,,59.45,,,16165,956194.0,219,F1,1,,,,,,2025-04-23
2025-04-23,2025-04-23,CM,BSE,STK,543470,INE728Z01015,SOFTTECH,B,,,,,SoftTech Engineers Limited,394.4,403.7,377.05,380.5,380.5,392.3,,380.85,,,5938,2298716.0,107,F1,1,,,,,,2025-04-23
2025-04-23,2025-04-23,CM,BSE,STK,543471,INF209KB19F6,SILVER,E,,,,,Aditya Birla Sun Life Mutual F,98.64,98.64,96.3,97.33,97.33,96.23,,97.25,,,34731,3366717.0,366,F1,1,,,,,,2025-04-23
2025-04-23,2025-04-23,CM,BSE,STK,543472,INF209KB11D8,TECH,B,,,,,Aditya Birla Sun Life Mutual F,36.5,37.5,36.45,37.36,37.5,35.89,,37.5,,,14531,537118.0,159,F1,1,,,,,,2025-04-23
2025-04-23,2025-04-23,CM,BSE,STK,543473,INF209KB10C2,HEALTHY,B,,,,,Aditya Birla Sun Life Mutual F,14.52,14.52,14.25,14.41,14.45,14.25,,14.44,,,43957,629171.0,301,F1,1,,,,,,2025-04-23
2025-04-23,2025-04-23,CM,BSE,STK,543474,INF209KB19D1,BSLNIFTY,B,,,,,Aditya Birla Sun Life Mutual F,27.92,28.14,27.74,27.98,27.98,27.77,,27.96,,,11687,325677.0,465,F1,1,,,,,,2025-04-23
2025-04-23,2025-04-23,CM,BSE,STK,543480,INF109KC14A8,GSEC5IETF,F,,,,,ICICI Prudential Mutual Fund,61.83,61.83,61.83,61.83,61.83,60.7,,61.49,,,1000,61830.0,4,F1,1,,,,,,2025-04-23
2025-04-23,2025-04-23,CM,BSE,STK,543481,INF769K01IC9,MIDCAPETF,B,,,,,Mirae Asset Mutual Fund,20.35,20.51,20.19,20.47,20.49,20.3,,20.47,,,122082,2490669.0,233,F1,1,,,,,,2025-04-23
2025-04-23,2025-04-23,CM,BSE,STK,543482,INE0KCE01017,EUREKAFORB,A,,,,,Eureka Forbes Limited,511.0,515.05,501.5,506.65,505.65,512.35,,506.55,,,3615,1836662.0,334,F1,1,,,,,,2025-04-23
2025-04-23,2025-04-23,CM,BSE,STK,543489,INE079J01017,GATEWAY,A,,,,,Gateway Distriparks Limited,65.55,65.56,63.5,64.79,64.8,65.06,,64.82,,,62272,4016842.0,921,F1,1,,,,,,2025-04-23
2025-04-23,2025-04-23,CM,BSE,STK,543490,INE0CU601026,GMRP&UI,A,,,,,GMR Power and Urban Infra Limi,136.5,138.85,131.65,133.0,132.85,136.2,,132.94,,,187099,25099519.0,1226,F1,1,,,,,,2025-04-23
2025-04-23,2025-04-23,CM,BSE,STK,543497,INE0KQ001017,BCCL,MT,,,,,Bhatia Colour Chem Limited,282.45,296.0,281.6,290.65,296.0,282.25,,290.65,,,56000,16119120.0,35,F1,1600,,,,,,2025-04-23
2025-04-23,2025-04-23,CM,BSE,STK,543498,INE0FS801015,MSUMI,A,,,,,Motherson Sumi Wiring India Li,56.1,56.56,54.37,56.26,56.26,55.54,,56.28,,,554645,30799189.0,4467,F1,1,,,,,,2025-04-23
2025-04-23,2025-04-23,CM,BSE,STK,543499,INE0K1401020,ACHYUT,MT,,,,,Achyut Healthcare Limited,3.5,3.67,3.5,3.66,3.67,3.5,,3.66,,,94500,340830.0,3,F1,31500,,,,,,2025-04-23
2025-04-23,2025-04-23,CM,BSE,STK,543500,INE0JVD01011,EVOQ,MT,,,,,Evoq Remedies Limited,3.13,3.13,3.13,3.13,3.13,3.07,,3.13,,,52000,162760.0,5,F1,4000,,,,,,2025-04-23
2025-04-23,2025-04-23,CM,BSE,STK,543501,INF247L01BL0,MOLOWVOL,B,,,,,Motilal Oswal Mutual Fund,36.45,36.5,36.32,36.49,36.5,36.63,,36.65,,,784,28588.0,12,F1,1,,,,,,2025-04-23
2025-04-23,2025-04-23,CM,BSE,STK,543512,INE652Z01017,AVROIND,B,,,,,Avro India Limited,155.65,156.45,149.4,155.9,156.0,149.5,,156.56,,,478,74054.0,44,F1,1,,,,,,2025-04-23
2025-04-23,2025-04-23,CM,BSE,STK,543513,INE0GIU01018,UMAEXPORTS,B,,,,,Uma Exports Limited,85.51,90.55,77.6,78.52,78.61,84.11,,78.28,,,43830,3626980.0,1665,F1,1,,,,,,2025-04-23
2025-04-23,2025-04-23,CM,BSE,STK,543514,INE0IQ001011,VERANDA,B,,,,,Veranda Learning Solutions Lim,223.9,229.0,222.05,225.5,225.05,223.8,,226.2,,,5581,1255696.0,317,F1,1,,,,,,2025-04-23
2025-04-23,2025-04-23,CM,BSE,STK,543515,INE0KPY01017,SEML,MT,,,,,Sunrise Efficient Marketing Li,190.0,198.95,190.0,198.95,198.95,189.5,,198.95,,,45000,8766750.0,28,F1,1500,,,,,,2025-04-23
2025-04-23,2025-04-23,CM,BSE,STK,543516,INE0K5F01014,DHYAANITR,MT,,,,,DHYAANI TRADEVENTTURES LIMITED,15.25,16.18,15.1,15.73,16.18,15.55,,15.73,,,103600,1612044.0,25,F1,2800,,,,,,2025-04-23
2025-04-23,2025-04-23,CM,BSE,STK,543517,INE00EV01017,HARIOMPIPE,B,,,,,Hariom Pipe Industries Limited,405.0,406.45,386.55,398.05,398.05,399.95,,398.7,,,18495,7315311.0,873,F1,1,,,,,,2025-04-23
2025-04-23,2025-04-23,CM,BSE,STK,543518,INE0KSN01014,EIGHTY,MT,,,,,Eighty Jewellers Limited,30.83,30.83,30.83,30.83,30.83,29.37,,30.83,,,3000,92490.0,1,F1,3000,,,,,,2025-04-23
2025-04-23,2025-04-23,CM,BSE,STK,543520,INE0J2K01014,GLHRL,M,,,,,Global Longlife Hospital and R,22.98,23.0,22.98,23.0,23.0,22.32,,23.0,,,3000,68970.0,3,F1,1000,,,,,,2025-04-23
2025-04-23,2025-04-23,CM,BSE,STK,543521,INE0L3H01014,FONE4,MT,,,,,Fone4 Communications (India) L,10.48,10.48,10.48,10.48,10.48,11.03,,10.48,,,40000,419200.0,3,F1,10000,,,,,,2025-04-23
2025-04-23,2025-04-23,CM,BSE,STK,543523,INE278Y01022,CAMPUS,A,,,,,Campus Activewear Limited,249.25,252.4,244.75,248.7,249.0,248.35,,248.68,,,15442,3834827.0,611,F1,1,,,,,,2025-04-23
2025-04-23,2025-04-23,CM,BSE,STK,543524,INE961O01016,RAINBOW,A,,,,,Rainbow Children's Medicare Li,1460.0,1466.1,1432.0,1449.7,1454.8,1446.1,,1449.3,,,8182,11865502.0,911,F1,1,,,,,,2025-04-23
2025-04-23,2025-04-23,CM,BSE,STK,543525,INE625X01018,SILVERTUC,B,,,,,Silver Touch Technologies Limi,768.15,768.15,732.75,738.6,744.0,742.2,,740.1,,,1057,781892.0,107,F1,1,,,,,,2025-04-23
2025-04-23,2025-04-23,CM,BSE,STK,543526,INE0J1Y01017,LICI,A,,,,,LIFE INSURANCE CORPORATION OF,823.0,827.0,809.05,820.6,820.6,821.8,,820.65,,,101470,82965323.0,4793,F1,1,,,,,,2025-04-23
2025-04-23,2025-04-23,CM,BSE,STK,543527,INE00F201020,PRUDENT,A,,,,,Prudent Corporate Advisory Ser,2387.8,2498.0,2387.8,2479.0,2490.0,2386.1,,2473.5,,,5597,13727300.0,732,F1,1,,,,,,2025-04-23
2025-04-23,2025-04-23,CM,BSE,STK,543528,INE0JA001018,VENUSPIPES,A,,,,,Venus Pipes & Tubes Limited,1357.6,1357.6,1271.85,1277.3,1280.0,1314.8,,1277.2,,,7650,9951222.0,1058,F1,1,,,,,,2025-04-23
2025-04-23,2025-04-23,CM,BSE,STK,543529,INE148O01028,DELHIVERY,A,,,,,Delhivery Limited,295.05,304.15,292.2,302.95,302.95,294.05,,302.8,,,486933,145466113.0,7019,F1,1,,,,,,2025-04-23
2025-04-23,2025-04-23,CM,BSE,STK,543530,INE088F01024,PARADEEP,A,,,,,Paradeep Phosphates Limited,138.5,144.65,135.9,143.95,143.95,137.45,,143.79,,,228968,32272944.0,2596,F1,1,,,,,,2025-04-23
2025-04-23,2025-04-23,CM,BSE,STK,543531,INE05CY01014,TIERRA,X,,,,,Tierra Agrotech Limited,43.92,44.99,42.85,43.09,43.0,43.92,,43.09,,,3966,170912.0,47,F1,1,,,,,,2025-04-23
2025-04-23,2025-04-23,CM,BSE,STK,543532,INE04TZ01018,ETHOSLTD,A,,,,,ETHOS LIMITED,2740.0,2759.8,2680.05,2706.65,2700.0,2756.75,,2718.1,,,2061,5582565.0,563,F1,1,,,,,,2025-04-23
2025-04-23,2025-04-23,CM,BSE,STK,543533,INE01QM01018,EMUDHRA,A,,,,,eMudhra Limited,858.0,866.4,822.05,826.9,829.85,859.0,,827.3,,,11495,9654799.0,1234,F1,1,,,,,,2025-04-23
2025-04-23,2025-04-23,CM,BSE,STK,543534,INE0BWX01014,AETHER,A,,,,,Aether Industries Limited,793.25,848.0,786.3,827.3,827.3,778.25,,828.8,,,10766,8718087.0,896,F1,1,,,,,,2025-04-23
2025-04-23,2025-04-23,CM,BSE,STK,543535,INE082W01014,WEWIN,T,,,,,We Win Limited,41.99,41.99,41.5,41.5,41.5,40.16,,41.36,,,640,26854.0,4,F1,1,,,,,,2025-04-23
2025-04-23,2025-04-23,CM,BSE,STK,543538,INE0K6L01010,GOEL,MT,,,,,Goel Food Products Limited,15.0,15.0,15.0,15.0,15.0,14.71,,15.0,,,10000,150000.0,5,F1,2000,,,,,,2025-04-23
2025-04-23,2025-04-23,CM,BSE,STK,543539,INE0L0L01012,MODIS,M,,,,,MODI'S NAVNIRMAN LIMITED,240.0,240.0,238.5,238.5,238.5,237.75,,238.5,,,1200,287400.0,3,F1,400,,,,,,2025-04-23
2025-04-23,2025-04-23,CM,BSE,STK,543540,INE0GTX01019,PGCRL,MT,,,,,Pearl Green Clubs and Resorts,98.7,98.7,98.7,98.7,98.7,96.94,,98.7,,,600,59220.0,1,F1,600,,,,,,2025-04-23
2025-04-23,2025-04-23,CM,BSE,STK,543542,INE0L1C01019,KESAR,M,,,,,KESAR INDIA LIMITED,670.0,678.5,650.0,658.45,650.0,646.2,,658.45,,,14800,9971600.0,44,F1,200,,,,,,2025-04-23
2025-04-23,2025-04-23,CM,BSE,STK,543543,INE0IZQ01016,BRRL,M,,,,,B-RIGHT REALESTATE LIMITED,401.0,401.0,401.0,401.0,401.0,368.0,,401.0,,,12000,4812000.0,11,F1,800,,,,,,2025-04-23
2025-04-23,2025-04-23,CM,BSE,STK,543544,INE0KR801019,JAYANT,MT,,,,,JAYANT INFRATECH LIMITED,80.5,80.5,78.93,78.93,78.93,78.93,,78.93,,,5250,421447.0,7,F1,750,,,,,,2025-04-23
2025-04-23,2025-04-23,CM,BSE,STK,543545,INE0ID001024,VEERKRUPA,M,,,,,Veerkrupa Jewellers Limited,1.13,1.15,1.11,1.12,1.11,1.13,,1.12,,,200400,226285.0,12,F1,16700,,,,,,2025-04-23
2025-04-23,2025-04-23,CM,BSE,STK,543547,INE0HR601026,DDEVPLSTIK,B,,,,,DDEV PLASTIKS INDUSTRIES LIMIT,296.55,301.0,288.25,293.2,293.2,294.4,,294.25,,,11895,3496594.0,406,F1,1,,,,,,2025-04-23
2025-04-23,2025-04-23,CM,BSE,STK,543563,INF247L01BB1,MOHEALTH,B,,,,,Motilal Oswal Mutual Fund,42.89,43.2,42.56,43.12,43.2,42.89,,43.06,,,4375,187256.0,81,F1,1,,,,,,2025-04-23
2025-04-23,2025-04-23,CM,BSE,STK,543568,INF109KC17C7,MOM30IETF,B,,,,,ICICI Prudential Mutual Fund,29.45,29.82,29.38,29.73,29.73,29.13,,29.75,,,54632,1621193.0,519,F1,1,,,,,,2025-04-23
2025-04-23,2025-04-23,CM,BSE,STK,543569,INF179KC1HR4,HDFCNIF100,B,,,,,HDFC Mutual Fund,25.38,25.49,25.22,25.43,25.49,25.38,,25.44,,,63326,1604791.0,277,F1,1,,,,,,2025-04-23
2025-04-23,2025-04-23,CM,BSE,STK,543570,INF179KC1HS2,HDFCNEXT50,B,,,,,HDFC Mutual Fund,67.15,67.15,65.99,66.74,66.79,66.48,,66.68,,,26163,1737254.0,186,F1,1,,,,,,2025-04-23
2025-04-23,2025-04-23,CM,BSE,STK,543571,INF109KC16E5,INFRAIETF,B,,,,,ICICI Prudential Mutual Fund,88.81,89.36,88.5,89.02,89.02,88.89,,89.38,,,1312,116246.0,40,F1,1,,,,,,2025-04-23
2025-04-23,2025-04-23,CM,BSE,STK,543572,INF740KA1RE3,SILVERADD,E,,,,,DSP Mutual Fund,93.49,94.5,93.49,94.02,94.02,92.87,,94.05,,,6661,625856.0,35,F1,1,,,,,,2025-04-23
2025-04-23,2025-04-23,CM,BSE,STK,543573,INE0DYJ01015,SYRMA,A,,,,,Syrma SGS Technology Limited,522.0,525.45,502.3,520.3,520.3,517.25,,520.65,,,95800,49403744.0,2988,F1,1,,,,,,2025-04-23
2025-04-23,2025-04-23,CM,BSE,STK,543574,INF209KB15K4,NIFTYQLITY,B,,,,,Aditya Birla Sun Life Mutual F,20.31,20.5,20.27,20.49,20.5,20.2,,20.47,,,5933,121060.0,683,F1,1,,,,,,2025-04-23
2025-04-23,2025-04-23,CM,BSE,STK,543575,INF209KB14K7,MOMENTUM,B,,,,,Aditya Birla Sun Life Mutual F,29.47,29.78,29.22,29.68,29.78,29.18,,29.7,,,19765,582202.0,113,F1,1,,,,,,2025-04-23
2025-04-23,2025-04-23,CM,BSE,STK,543576,INF247L01BE5,MOVALUE,B,,,,,Motilal Oswal Mutual Fund,99.53,100.11,98.37,99.62,99.62,99.53,,99.69,,,269,26679.0,30,F1,1,,,,,,2025-04-23
2025-04-23,2025-04-23,CM,BSE,STK,543577,INF247L01BH8,MOQUALITY,B,,,,,Motilal Oswal Mutual Fund,182.0,184.98,182.0,183.92,183.92,181.91,,184.0,,,906,166577.0,18,F1,1,,,,,,2025-04-23
2025-04-23,2025-04-23,CM,BSE,STK,543578,INE0M3901015,OLATECH,MT,,,,,Olatech Solutions Limited,319.55,319.55,319.55,319.55,319.55,313.3,,319.55,,,1850,591167.0,1,F1,925,,,,,,2025-04-23
2025-04-23,2025-04-23,CM,BSE,STK,543579,INE0JNB01012,NATURO,MT,,,,,NATURO INDIABULL LIMITED,3.47,3.47,3.47,3.47,3.47,3.41,,3.47,,,16000,55520.0,4,F1,4000,,,,,,2025-04-23
2025-04-23,2025-04-23,CM,BSE,STK,543590,INE0KKN01029,RHETAN,B,,,,,Rhetan TMT Limited,19.5,19.51,18.5,18.55,18.55,19.39,,18.55,,,761737,14279417.0,1373,F1,1,,,,,,2025-04-23
2025-04-23,2025-04-23,CM,BSE,STK,543591,INE0JS101016,DREAMFOLKS,B,,,,,DREAMFOLKS SERVICES LIMITED,253.75,254.0,245.85,253.35,253.05,251.65,,253.5,,,14629,3665755.0,511,F1,1,,,,,,2025-04-23
2025-04-23,2025-04-23,CM,BSE,STK,543592,INF179KC1DI2,HDFCSILVER,E,,,,,HDFC Mutual Fund,92.66,93.99,92.62,93.86,93.84,92.51,,93.89,,,25236,2358322.0,195,F1,1,,,,,,2025-04-23
2025-04-23,2025-04-23,CM,BSE,STK,543593,INE0I3401014,DBOL,T,,,,,Dhampur Bio Organics Limited,73.79,73.79,72.9,73.74,73.74,72.35,,73.74,,,8019,589264.0,37,F1,1,,,,,,2025-04-23
2025-04-23,2025-04-23,CM,BSE,STK,543594,INE0MC401013,DPL,M,,,,,DIPNA PHARMACHEM LIMITED,17.0,18.15,16.75,18.15,18.15,17.29,,18.15,,,105000,1876860.0,33,F1,3000,,,,,,2025-04-23
2025-04-23,2025-04-23,CM,BSE,STK,543595,INE0D2I01014,EPBIO,MT,,,,,EP BIOCOMPOSITES LIMITED,125.45,125.45,125.45,125.45,125.45,123.0,,125.45,,,500,62725.0,1,F1,500,,,,,,2025-04-23
2025-04-23,2025-04-23,CM,BSE,STK,543596,INE668A01016,TMB,A,,,,,Tamilnad Mercantile Bank Limit,462.25,462.25,439.05,440.85,441.55,448.0,,440.9,,,5736,2536474.0,547,F1,1,,,,,,2025-04-23
2025-04-23,2025-04-23,CM,BSE,STK,543597,INE0I0T01010,VOEPL,MT,,,,,Virtuoso Optoelectronics Limit,558.0,575.0,556.05,562.9,559.0,555.95,,562.9,,,25500,14450550.0,44,F1,500,,,,,,2025-04-23
2025-04-23,2025-04-23,CM,BSE,STK,543599,INE0D6I01023,KSOLVES,B,,,,,Ksolves India Limited,435.25,457.1,435.25,450.4,450.1,439.2,,450.35,,,12496,5604643.0,646,F1,1,,,,,,2025-04-23
2025-04-23,2025-04-23,CM,BSE,STK,543600,INE0JUS01029,HARSHA,B,,,,,Harsha Engineers International,390.5,400.55,390.5,394.55,392.0,397.25,,393.7,,,1199,473607.0,122,F1,1,,,,,,2025-04-23
2025-04-23,2025-04-23,CM,BSE,STK,543605,INF179KC1DL6,HDFCQUAL,B,,,,,HDFC Mutual Fund,54.75,55.71,54.75,55.61,55.71,54.58,,55.42,,,2541,140034.0,36,F1,1,,,,,,2025-04-23
2025-04-23,2025-04-23,CM,BSE,STK,543606,INE0M8901010,CONTAINE,M,,,,,CONTAINE TECHNOLOGIES LIMITED,60.0,60.99,58.5,60.86,60.99,59.6,,60.86,,,6000,360690.0,6,F1,1000,,,,,,2025-04-23
2025-04-23,2025-04-23,CM,BSE,STK,543607,INF179KC1DJ0,HDFCGROWTH,B,,,,,HDFC Mutual Fund,113.07,114.73,113.0,114.52,114.7,112.82,,114.6,,,12105,1381286.0,481,F1,1,,,,,,2025-04-23
2025-04-23,2025-04-23,CM,BSE,STK,543608,INF179KC1DK8,HDFCVALUE,B,,,,,HDFC Mutual Fund,130.68,131.89,130.52,131.37,131.2,129.8,,131.52,,,654,85839.0,17,F1,1,,,,,,2025-04-23
2025-04-23,2025-04-23,CM,BSE,STK,543614,INE0LQS01015,TIPSFILMS,B,,,,,Tips Films Limited,508.8,511.95,502.05,508.5,510.0,503.55,,508.2,,,428,217569.0,29,F1,1,,,,,,2025-04-23
2025-04-23,2025-04-23,CM,BSE,STK,543615,INE0MNV01014,SRSOLTD,M,,,,,SILICON RENTAL SOLUTIONS LIMIT,225.0,229.95,223.0,226.0,226.0,235.0,,226.0,,,6400,1450480.0,8,F1,800,,,,,,2025-04-23
2025-04-23,2025-04-23,CM,BSE,STK,543616,INE0MKA01014,TLL,M,,,,,Trident Lifeline Limited,274.0,274.0,268.0,269.95,268.0,270.0,,269.95,,,2400,652740.0,4,F1,600,,,,,,2025-04-23
2025-04-23,2025-04-23,CM,BSE,STK,543618,INE0M4L01013,CARGOTRANS,M,,,,,Cargotrans Maritime Limited,86.75,86.75,83.0,83.0,83.0,88.0,,83.0,,,3000,254625.0,2,F1,1500,,,,,,2025-04-23
2025-04-23,2025-04-23,CM,BSE,STK,543619,INE0N0J01014,CNCRD,MT,,,,,Concord Control Systems Limite,1268.05,1268.05,1268.05,1268.05,1268.05,1207.7,,1268.05,,,1125,1426556.0,4,F1,125,,,,,,2025-04-23
2025-04-23,2025-04-23,CM,BSE,STK,543620,INE0LGX01024,INA,M,,,,,INSOLATION ENERGY LIMITED,276.0,280.95,264.0,276.5,276.5,268.55,,276.5,,,481500,131512450.0,550,F1,500,,,,,,2025-04-23
2025-04-23,2025-04-23,CM,BSE,STK,543622,INE0MSK01016,STML,M,,,,,STEELMAN TELECOM LIMITED,153.25,153.25,152.85,152.85,152.85,164.0,,152.85,,,2400,367320.0,2,F1,1200,,,,,,2025-04-23
2025-04-23,2025-04-23,CM,BSE,STK,543623,INE0NC801013,VEDANTASSET,MT,,,,,VEDANT ASSET LIMITED,49.86,49.87,49.86,49.86,49.86,49.86,,49.86,,,6000,299175.0,4,F1,1500,,,,,,2025-04-23
2025-04-23,2025-04-23,CM,BSE,STK,543626,INE02YR01019,EMIL,A,,,,,Electronics Mart India Limited,150.8,150.8,145.0,146.25,146.25,153.55,,146.39,,,139725,20482657.0,2219,F1,1,,,,,,2025-04-23
2025-04-23,2025-04-23,CM,BSE,STK,543627,INF179KC1HU8,HDFCLOWVOL,B,,,,,HDFC Mutual Fund,19.58,19.97,19.54,19.69,19.97,19.58,,19.76,,,2681,52634.0,40,F1,1,,,,,,2025-04-23
2025-04-23,2025-04-23,CM,BSE,STK,543628,INF179KC1HV6,HDFCMOMENT,B,,,,,HDFC Mutual Fund,29.35,29.5,29.06,29.48,29.5,29.03,,29.51,,,24664,723899.0,197,F1,1,,,,,,2025-04-23
2025-04-23,2025-04-23,CM,BSE,STK,543635,INE0DK501011,PPLPHARMA,A,,,,,PIRAMAL PHARMA LIMITED,226.5,228.45,221.1,223.65,223.65,224.55,,223.62,,,191517,42974403.0,2503,F1,1,,,,,,2025-04-23
2025-04-23,2025-04-23,CM,BSE,STK,543636,INE0A1101019,DCI,B,,,,,Dc Infotech and Communication,297.4,297.4,285.0,292.25,288.35,290.75,,293.0,,,208,60231.0,25,F1,1,,,,,,2025-04-23
2025-04-23,2025-04-23,CM,BSE,STK,543637,INE0N1L01018,PACE,MT,,,,,PACE E-COMMERCE VENTURES LIMIT,25.79,25.79,25.79,25.79,25.79,25.29,,25.79,,,3600,92844.0,3,F1,1200,,,,,,2025-04-23
2025-04-23,2025-04-23,CM,BSE,STK,543638,INE0HMF01019,TRACXN,B,,,,,Tracxn Technologies Limited,55.51,55.51,53.71,54.23,54.17,54.43,,54.33,,,25747,1399231.0,479,F1,1,,,,,,2025-04-23
2025-04-23,2025-04-23,CM,BSE,STK,543643,INE117Z01011,NARMADA,T,,,,,Narmada Agrobase Limited,17.57,17.75,17.57,17.59,17.59,17.66,,17.8,,,383,6753.0,6,F1,1,,,,,,2025-04-23
2025-04-23,2025-04-23,CM,BSE,STK,543644,INE344S01016,INFOBEAN,B,,,,,InfoBeans Technologies Limited,305.75,308.25,301.95,306.3,307.5,304.8,,304.6,,,1677,514384.0,310,F1,1,,,,,,2025-04-23
2025-04-23,2025-04-23,CM,BSE,STK,543645,INE05X901010,HPIL,B,,,,,HINDPRAKASH INDUSTRIES LIMITED,130.4,133.75,129.0,130.75,129.1,132.55,,129.81,,,1620,211071.0,112,F1,1,,,,,,2025-04-23
2025-04-23,2025-04-23,CM,BSE,STK,543650,INE0KL801015,DCXINDIA,A,,,,,DCX Systems Limited,271.2,295.6,269.45,292.75,292.4,270.65,,292.23,,,155418,44666797.0,3605,F1,1,,,,,,2025-04-23
2025-04-23,2025-04-23,CM,BSE,STK,543652,INE139R01012,FUSION,A,,,,,FUSION FINANCE LIMITED,159.05,167.75,159.05,165.4,165.55,158.5,,165.06,,,105231,17275332.0,2318,F1,1,,,,,,2025-04-23
2025-04-23,2025-04-23,CM,BSE,STK,543653,INE00E101023,BIKAJI,A,,,,,Bikaji Foods International Lim,734.8,739.6,721.05,730.55,732.4,734.75,,730.55,,,3506,2561086.0,294,F1,1,,,,,,2025-04-23
2025-04-23,2025-04-23,CM,BSE,STK,543654,INE474Q01031,MEDANTA,A,,,,,Global Health Limited,1280.0,1294.05,1241.55,1247.1,1247.1,1275.65,,1247.5,,,12251,15406630.0,1265,F1,1,,,,,,2025-04-23
2025-04-23,2025-04-23,CM,BSE,STK,543656,INE0MXP01015,TECHNOPACK,M,,,,,Technopack Polymers Limited,23.0,23.0,23.0,23.0,23.0,23.0,,23.0,,,4000,92000.0,1,F1,4000,,,,,,2025-04-23
2025-04-23,2025-04-23,CM,BSE,STK,543657,INE128X01021,ACI,A,,,,,Archean Chemical Industries Li,647.95,647.95,624.6,629.9,636.85,636.4,,629.65,,,24540,15503155.0,2382,F1,1,,,,,,2025-04-23
2025-04-23,2025-04-23,CM,BSE,STK,543663,INE128S01021,FIVESTAR,A,,,,,Five-Star Business Finance Ltd,841.4,850.45,820.1,827.6,828.45,843.65,,827.85,,,25833,21561401.0,1681,F1,1,,,,,,2025-04-23
2025-04-23,2025-04-23,CM,BSE,STK,543664,INE918Z01012,KAYNES,A,,,,,KAYNES TECHNOLOGY INDIA LIMITE,6097.8,6184.4,5834.8,5922.75,5945.0,5974.3,,5919.7,,,27991,167243162.0,3339,F1,1,,,,,,2025-04-23
2025-04-23,2025-04-23,CM,BSE,STK,543665,INF179KC1IA8,HDFCNIFIT,B,,,,,HDFC Mutual Fund,36.84,36.85,36.55,36.75,36.57,35.3,,36.81,,,1850,67922.0,22,F1,1,,,,,,2025-04-23
2025-04-23,2025-04-23,CM,BSE,STK,543666,INF179KC1HZ7,HDFCPVTBAN,B,,,,,HDFC Mutual Fund,28.1,28.21,27.67,27.93,28.21,28.1,,27.89,,,85953,2397457.0,169,F1,1,,,,,,2025-04-23
2025-04-23,2025-04-23,CM,BSE,STK,543667,INE510W01014,INOXGREEN,A,,,,,INOX GREEN ENERGY SERVICES LIM,145.2,148.65,142.2,142.7,142.7,144.35,,142.61,,,395880,57326739.0,4129,F1,1,,,,,,2025-04-23
2025-04-23,2025-04-23,CM,BSE,STK,543668,INE01EE01011,BBTCL,B,,,,,B&B Triplewall Containers Limi,166.65,181.0,164.7,176.1,179.95,165.7,,177.08,,,1053,180633.0,259,F1,1,,,,,,2025-04-23
2025-04-23,2025-04-23,CM,BSE,STK,543669,INE263M01029,RUSTOMJEE,B,,,,,Keystone Realtors Limited,532.6,536.4,519.0,526.15,526.4,532.1,,525.1,,,640,336966.0,136,F1,1,,,,,,2025-04-23
2025-04-23,2025-04-23,CM,BSE,STK,543670,INE01KI01027,VINNY,T,,,,,VINNY OVERSEAS LIMITED,1.5,1.51,1.41,1.51,1.51,1.44,,1.5,,,496556,745089.0,274,F1,1,,,,,,2025-04-23
2025-04-23,2025-04-23,CM,BSE,STK,543671,INE0D0U01013,AAATECH,B,,,,,AAA TECHNOLOGIES LIMITED,80.16,80.58,78.25,79.54,78.25,78.62,,79.17,,,1167,92957.0,199,F1,1,,,,,,2025-04-23
2025-04-23,2025-04-23,CM,BSE,STK,543677,INF109KC17L8,FINIETF,B,,,,,ICICI Prudential Mutual Fund,28.38,28.63,28.1,28.5,28.63,28.34,,28.55,,,7675,216842.0,87,F1,1,,,,,,2025-04-23
2025-04-23,2025-04-23,CM,BSE,STK,543686,INE792Z01011,SIRCA,B,,,,,Sirca Paints India Limited,302.75,311.0,298.8,300.25,298.8,300.85,,300.35,,,5170,1576936.0,337,F1,1,,,,,,2025-04-23
2025-04-23,2025-04-23,CM,BSE,STK,543687,INE00OQ01016,DHARMAJ,B,,,,,Dharmaj Crop Guard Limited,221.4,222.6,219.0,221.6,222.35,220.75,,221.73,,,4027,891766.0,311,F1,1,,,,,,2025-04-23
2025-04-23,2025-04-23,CM,BSE,STK,543688,INE324X01026,SARVESHWAR,B,,,,,Sarveshwar Foods Limited,6.98,7.11,6.93,7.02,7.03,7.03,,7.03,,,146128,1023055.0,237,F1,1,,,,,,2025-04-23
2025-04-23,2025-04-23,CM,BSE,STK,543689,INE244O01017,UNIPARTS,B,,,,,Uniparts India Limited,345.0,345.0,328.8,332.1,329.0,334.05,,331.55,,,3891,1293526.0,443,F1,1,,,,,,2025-04-23
2025-04-23,2025-04-23,CM,BSE,STK,543699,INF754K01QX0,EBBETF0433,F,,,,,Edelweiss Mutual Fund,1229.28,1231.25,1229.28,1231.22,1231.22,1227.21,,1229.95,,,201,247281.0,4,F1,1,,,,,,2025-04-23
2025-04-23,2025-04-23,CM,BSE,STK,543700,INF109KC18O0,GSEC10IETF,F,,,,,ICICI Prudential Mutual Fund,256.93,256.93,256.93,256.93,256.93,255.81,,256.51,,,50,12846.0,3,F1,1,,,,,,2025-04-23
2025-04-23,2025-04-23,CM,BSE,STK,543709,INE0NT601018,GARGI,M,,,,,PNGS GARGI FASHION JEWELLERY L,1047.0,1071.0,1014.0,1030.8,1032.0,1045.05,,1030.8,,,10250,10655250.0,75,F1,125,,,,,,2025-04-23
2025-04-23,2025-04-23,CM,BSE,STK,543710,INF109KC19O8,COMMOIETF,B,,,,,ICICI Prudential Mutual Fund,86.5,86.51,85.32,86.44,86.44,86.21,,86.65,,,1780,153251.0,21,F1,1,,,,,,2025-04-23
2025-04-23,2025-04-23,CM,BSE,STK,543711,INE142Q01026,SULA,A,,,,,Sula Vineyards Limited,301.85,301.85,287.4,292.15,292.15,294.1,,292.0,,,49820,14540374.0,1568,F1,1,,,,,,2025-04-23
2025-04-23,2025-04-23,CM,BSE,STK,543712,INE00ZE01026,AFSL,T,,,,,ABANS FINANCIAL SERVICES LIMIT,189.85,189.85,177.9,182.95,182.95,181.95,,180.44,,,1956,352099.0,49,F1,1,,,,,,2025-04-23
2025-04-23,2025-04-23,CM,BSE,STK,543713,INE0MQD01015,DRONACHRYA,MT,,,,,Droneacharya Aerial Innovation,68.9,68.9,67.09,67.09,67.09,68.45,,67.09,,,34000,2314120.0,29,F1,1000,,,,,,2025-04-23
2025-04-23,2025-04-23,CM,BSE,STK,543714,INE559R01029,LANDMARK,B,,,,,LANDMARK CARS LIMITED,428.2,430.0,421.3,426.35,430.0,424.1,,428.45,,,2615,1112251.0,224,F1,1,,,,,,2025-04-23
2025-04-23,2025-04-23,CM,BSE,STK,543715,INE059901020,IEL,B,,,,,Indiabulls Enterprises Limited,17.49,18.31,17.33,17.6,17.6,17.89,,17.54,,,85630,1530030.0,243,F1,1,,,,,,2025-04-23
2025-04-23,2025-04-23,CM,BSE,STK,543720,INE138Y01010,KFINTECH,A,,,,,KFin Technologies Limited,1306.8,1320.0,1228.0,1286.4,1286.4,1285.25,,1286.6,,,253723,321860800.0,9010,F1,1,,,,,,2025-04-23
2025-04-23,2025-04-23,CM,BSE,STK,543725,INE050401020,ELIN,B,,,,,Elin Electronics Limited,156.0,156.0,145.0,149.45,148.55,146.75,,149.39,,,20453,3028305.0,1137,F1,1,,,,,,2025-04-23
2025-04-23,2025-04-23,CM,BSE,STK,543732,INE855R01021,RADIANTCMS,B,,,,,Radiant Cash Management Servic,69.18,71.89,68.04,69.07,69.07,68.37,,68.92,,,23024,1599225.0,569,F1,1,,,,,,2025-04-23
2025-04-23,2025-04-23,CM,BSE,STK,543737,INE09BN01011,AVEER,X,,,,,Aveer Foods Limited,766.0,770.0,720.05,758.85,765.0,766.0,,758.85,,,187,142180.0,11,F1,1,,,,,,2025-04-23
2025-04-23,2025-04-23,CM,BSE,STK,543738,INF740KA1RX3,BANKETFADD,B,,,,,DSP Mutual Fund,56.3,56.37,56.11,56.15,56.15,55.96,,56.04,,,29,1628.0,7,F1,1,,,,,,2025-04-23
2025-04-23,2025-04-23,CM,BSE,STK,543743,INE035801013,SAH,B,,,,,Sah Polymers Limited,92.05,92.05,86.62,89.0,87.91,90.17,,89.03,,,2096,189173.0,76,F1,1,,,,,,2025-04-23
2025-04-23,2025-04-23,CM,BSE,STK,543745,INE0MID01012,SVS,MT,,,,,SVS VENTURES LIMITED,12.48,12.95,12.48,12.95,12.95,12.72,,12.95,,,18000,230280.0,3,F1,6000,,,,,,2025-04-23
2025-04-23,2025-04-23,CM,BSE,STK,543746,INE0BSU01018,LOGICA,M,,,,,LOGICA INFOWAY LIMITED,245.0,245.0,239.9,239.9,239.9,243.8,,239.9,,,18000,4373550.0,8,F1,600,,,,,,2025-04-23
2025-04-23,2025-04-23,CM,BSE,STK,543747,INE0BTI01037,KAMOPAINTS,T,,,,,Kamdhenu Ventures Limited,11.08,11.63,11.08,11.63,11.63,11.08,,11.64,,,23195,268694.0,96,F1,1,,,,,,2025-04-23
2025-04-23,2025-04-23,CM,BSE,STK,543748,INE0LRU01027,AARTIPHARM,A,,,,,Aarti Pharmalabs Limited,711.95,743.5,705.7,736.95,731.85,709.6,,737.0,,,12135,8795776.0,762,F1,1,,,,,,2025-04-23
2025-04-23,2025-04-23,CM,BSE,STK,543765,INE0O4V01010,EARTH,M,,,,,Earthstahl & Alloys Limited,28.5,28.5,28.5,28.5,28.5,28.5,,28.5,,,6000,171000.0,2,F1,3000,,,,,,2025-04-23
2025-04-23,2025-04-23,CM,BSE,STK,543766,INE094B01013,ASHIKA,XT,,,,,Ashika Credit Capital Ltd.,399.6,399.6,399.6,399.6,399.6,420.6,,399.6,,,5639,2253344.0,57,F1,1,,,,,,2025-04-23
2025-04-23,2025-04-23,CM,BSE,STK,543767,INE0EEJ01023,BTML,B,,,,,BODHI TREE MULTIMEDIA LIMITED,8.97,9.09,8.8,8.88,8.89,8.98,,8.88,,,30662,274526.0,116,F1,1,,,,,,2025-04-23
2025-04-23,2025-04-23,CM,BSE,STK,543768,INE0NNS01018,NSLNISP,A,,,,,NMDC Steel Limited,37.74,37.74,36.45,37.27,37.27,37.39,,37.23,,,383618,14247611.0,2454,F1,1,,,,,,2025-04-23
2025-04-23,2025-04-23,CM,BSE,STK,543774,INF179KC1EZ4,HDFCBSE500,B,,,,,HDFC Mutual Fund,35.26,35.46,35.16,35.43,35.43,35.12,,35.33,,,7514,265172.0,266,F1,1,,,,,,2025-04-23
2025-04-23,2025-04-23,CM,BSE,STK,543775,INF179KC1FB2,HDFCSML250,B,,,,,HDFC Mutual Fund,160.49,160.49,157.38,159.5,159.92,159.14,,159.7,,,41058,6530077.0,2188,F1,1,,,,,,2025-04-23
2025-04-23,2025-04-23,CM,BSE,STK,543776,INF179KC1HT0,HDFCMID150,B,,,,,HDFC Mutual Fund,20.31,20.35,20.07,20.34,20.35,20.15,,20.34,,,9837,199228.0,170,F1,1,,,,,,2025-04-23
2025-04-23,2025-04-23,CM,BSE,STK,543781,INF769K01JP9,GOLDETF,E,,,,,Mirae Asset Mutual Fund,95.03,95.04,93.73,94.16,94.47,96.64,,94.59,,,151246,14274778.0,768,F1,1,,,,,,2025-04-23
2025-04-23,2025-04-23,CM,BSE,STK,543782,INE0O4601016,SEALMATIC,M,,,,,Sealmatic India Limited,486.0,509.0,475.0,498.55,485.5,480.6,,498.55,,,27750,13780170.0,54,F1,150,,,,,,2025-04-23
2025-04-23,2025-04-23,CM,BSE,STK,543787,INE0OLH01013,ROBU,MT,,,,,Macfos Limited,818.0,818.0,815.0,815.0,815.0,819.0,,815.0,,,750,612600.0,4,F1,150,,,,,,2025-04-23
2025-04-23,2025-04-23,CM,BSE,STK,543798,INE0NPA01011,PATRON,M,,,,,Patron Exim Limited,6.75,6.75,6.5,6.5,6.5,6.75,,6.5,,,12000,79000.0,3,F1,4000,,,,,,2025-04-23
2025-04-23,2025-04-23,CM,BSE,STK,543799,INE0JZS01010,SVJ,MT,,,,,S. V. J. Enterprises Limited,188.0,204.1,188.0,203.35,203.35,194.4,,203.35,,,12000,2392575.0,13,F1,750,,,,,,2025-04-23
2025-04-23,2025-04-23,CM,BSE,STK,543804,INE0G1V01016,AMANAYA,M,,,,,AMANAYA VENTURES LIMITED,14.67,14.67,14.67,14.67,14.67,14.67,,14.67,,,6000,88020.0,1,F1,6000,,,,,,2025-04-23
2025-04-23,2025-04-23,CM,BSE,STK,543805,INE0NYN01016,RESGEN,M,,,,,RESGEN LIMITED,93.0,93.0,90.0,90.57,90.0,93.0,,90.57,,,23250,2124502.0,31,F1,750,,,,,,2025-04-23
2025-04-23,2025-04-23,CM,BSE,STK,543806,INE0O6A01019,ITCONS,MT,,,,,ITCONS E-Solutions Limited,509.0,516.95,483.0,513.35,510.7,499.95,,513.35,,,11200,5621320.0,43,F1,200,,,,,,2025-04-23
2025-04-23,2025-04-23,CM,BSE,STK,543811,INE645W01026,AIRAN,B,,,,,AIRAN LIMITED,29.35,29.41,28.32,28.88,28.98,28.87,,28.72,,,12817,369664.0,166,F1,1,,,,,,2025-04-23
2025-04-23,2025-04-23,CM,BSE,STK,543812,INE753U01022,DIVGIITTS,B,,,,,DIVGI TORQTRANSFER SYSTEMS LIM,490.8,490.8,461.05,466.2,466.2,471.2,,464.95,,,775,362581.0,137,F1,1,,,,,,2025-04-23
2025-04-23,2025-04-23,CM,BSE,STK,543814,INE0OKG01017,PCL,MT,,,,,PROSPECT CONSUMER PRODUCTS LIM,70.0,70.0,70.0,70.0,70.0,69.83,,70.0,,,11000,770000.0,2,F1,1000,,,,,,2025-04-23
2025-04-23,2025-04-23,CM,BSE,STK,543819,INF109KC10S8,PSUBNKIETF,B,,,,,ICICI Prudential Mutual Fund,67.93,67.93,66.68,67.36,67.36,67.62,,67.36,,,5934,399891.0,50,F1,1,,,,,,2025-04-23
2025-04-23,2025-04-23,CM,BSE,STK,543828,INE00TV01023,SUDARSHAN,MT,,,,,SUDARSHAN PHARMA INDUSTRIES LI,27.81,27.95,27.81,27.81,27.81,28.37,,27.81,,,212000,5896320.0,17,F1,4000,,,,,,2025-04-23
2025-04-23,2025-04-23,CM,BSE,STK,543829,INE0JSX01015,GSLSU,B,,,,,Global Surfaces Limited,126.35,126.35,121.0,121.5,121.95,124.5,,121.32,,,8772,1069275.0,92,F1,1,,,,,,2025-04-23
2025-04-23,2025-04-23,CM,BSE,STK,543830,INE0NLJ01011,LABELKRAFT,M,,,,,LABELKRAFT TECHNOLOGIES LIMITE,67.99,68.0,67.99,68.0,68.0,63.5,,68.0,,,4000,271980.0,2,F1,2000,,,,,,2025-04-23
2025-04-23,2025-04-23,CM,BSE,STK,543831,INE0OMI01019,BRIGHT,M,,,,,Bright Outdoor Media Limited,484.8,500.0,477.65,495.8,482.0,475.0,,495.8,,,25500,12618175.0,24,F1,250,,,,,,2025-04-23
2025-04-23,2025-04-23,CM,BSE,STK,543848,INE0NIJ01017,DEVLAB,M,,,,,Dev Labtech Venture Limited,68.0,69.4,68.0,69.4,69.4,69.65,,69.4,,,3000,206800.0,3,F1,1000,,,,,,2025-04-23
2025-04-23,2025-04-23,CM,BSE,STK,543860,INE825B01010,JAFINANCE,XT,,,,,J.A. Finance Limited,128.19,128.19,128.0,128.0,128.0,125.68,,128.0,,,630,80740.0,4,F1,1,,,,,,2025-04-23
2025-04-23,2025-04-23,CM,BSE,STK,543861,INE0N0Y01013,USK,B,,,,,Udayshivakumar infra limited,41.1,41.8,40.56,41.53,41.5,40.87,,41.62,,,6145,252888.0,143,F1,1,,,,,,2025-04-23
2025-04-23,2025-04-23,CM,BSE,STK,543874,INE0O1T01010,MAIDEN,M,,,,,Maiden Forgings Limited,73.0,73.0,72.5,72.5,72.5,71.83,,72.5,,,8000,581440.0,8,F1,1000,,,,,,2025-04-23
2025-04-23,2025-04-23,CM,BSE,STK,543875,INF769K01KF8,GSEC10YEAR,F,,,,,Mirae Asset Mutual Fund,29.11,29.11,29.11,29.11,29.11,28.93,,28.94,,,258,7510.0,1,F1,1,,,,,,2025-04-23
2025-04-23,2025-04-23,CM,BSE,STK,543895,INE0O8901016,EXHICON,M,,,,,Exhicon Events Media Solutions,265.0,266.0,259.0,261.5,261.5,261.3,,261.5,,,35000,9151500.0,67,F1,500,,,,,,2025-04-23
2025-04-23,2025-04-23,CM,BSE,STK,543896,INE0LCL01028,AVALON,B,,,,,Avalon Technologies Limited,919.05,927.0,875.0,894.2,894.2,913.3,,894.05,,,37710,33858929.0,2566,F1,1,,,,,,2025-04-23
2025-04-23,2025-04-23,CM,BSE,STK,543897,INE0P7001013,SANCODE,MT,,,,,Sancode Technologies Limited,43.6,43.6,43.6,43.6,43.6,43.61,,43.6,,,1500,65400.0,1,F1,1500,,,,,,2025-04-23
2025-04-23,2025-04-23,CM,BSE,STK,543898,INE0N7W01012,BLAL,B,,,,,BEML Land Assets Limited,209.05,213.45,207.45,209.2,208.75,209.15,,209.46,,,2402,503835.0,180,F1,1,,,,,,2025-04-23
2025-04-23,2025-04-23,CM,BSE,STK,543900,INF789F1AYK6,SILVERETF,E,,,,,UTI Mutual Fund,93.56,95.0,93.56,94.87,94.51,93.56,,94.68,,,15573,1467090.0,105,F1,1,,,,,,2025-04-23
2025-04-23,2025-04-23,CM,BSE,STK,543901,INE508K01013,RHL,B,,,,,ROBUST HOTELS LIMITED,218.9,224.9,215.0,221.3,221.0,219.25,,220.59,,,5054,1116220.0,57,F1,1,,,,,,2025-04-23
2025-04-23,2025-04-23,CM,BSE,STK,543902,INE0NTC01019,RETINA,MT,,,,,Retina Paints Limited,61.5,61.5,61.5,61.5,61.5,60.5,,61.5,,,2000,123000.0,1,F1,2000,,,,,,2025-04-23
2025-04-23,2025-04-23,CM,BSE,STK,543903,INF740KA1SW3,GOLDETFADD,E,,,,,DSP Mutual Fund,95.21,95.21,93.31,94.1,94.1,97.04,,94.39,,,5515,518164.0,378,F1,1,,,,,,2025-04-23
2025-04-23,2025-04-23,CM,BSE,STK,543904,INE634S01028,MANKIND,A,,,,,Mankind Pharma Limited,2583.25,2594.3,2522.95,2545.05,2561.6,2575.55,,2545.5,,,7492,19140942.0,529,F1,1,,,,,,2025-04-23
2025-04-23,2025-04-23,CM,BSE,STK,543905,INE0LDI01022,INNOKAIZ,MT,,,,,INNOKAIZ INDIA LIMITED,19.01,19.01,19.01,19.01,19.01,18.64,,19.01,,,800,15208.0,1,F1,800,,,,,,2025-04-23
2025-04-23,2025-04-23,CM,BSE,STK,543910,INE680Z01018,AVG,T,,,,,AVG Logistics Limited,245.0,245.9,245.0,245.8,245.8,241.1,,245.8,,,3581,878244.0,18,F1,1,,,,,,2025-04-23
2025-04-23,2025-04-23,CM,BSE,STK,543911,INE0ALR01029,ATALREAL,B,,,,,Atal Realtech Limited,15.79,15.9,15.55,15.7,15.7,15.78,,15.87,,,54264,850561.0,153,F1,1,,,,,,2025-04-23
2025-04-23,2025-04-23,CM,BSE,STK,543912,INE557Z01018,PIGL,T,,,,,Power & Instrumentation (Gujar,149.35,149.35,149.35,149.35,149.35,146.45,,150.24,,,709,105889.0,3,F1,1,,,,,,2025-04-23
2025-04-23,2025-04-23,CM,BSE,STK,543913,INE0NDH25011,NXST,IF,,,,,Nexus Select Trust,129.84,129.84,127.81,129.25,129.29,127.78,,129.13,,,5108,657912.0,202,F1,1,,,,,,2025-04-23
2025-04-23,2025-04-23,CM,BSE,STK,543914,INE210F01016,SWATIPRO,XT,,,,,Swati Projects Limited,23.67,23.67,23.67,23.67,23.67,23.78,,23.67,,,4804,113710.0,69,F1,1,,,,,,2025-04-23
2025-04-23,2025-04-23,CM,BSE,STK,543915,INE07S101020,PAVNAIND,B,,,,,Pavna Industries Limited,368.95,370.0,350.0,350.2,355.4,365.75,,351.7,,,3643,1308862.0,109,F1,1,,,,,,2025-04-23
2025-04-23,2025-04-23,CM,BSE,STK,543916,INE0GYI01028,HSIL,M,,,,,Hemant Surgical Industries Lim,108.7,113.99,108.5,109.0,109.0,111.0,,109.0,,,7200,797824.0,8,F1,800,,,,,,2025-04-23
2025-04-23,2025-04-23,CM,BSE,STK,543917,INE0A0S01010,SIGMA,B,,,,,SIGMA SOLVE LIMITED,279.0,333.95,279.0,333.95,333.95,278.3,,331.49,,,19724,6457337.0,564,F1,1,,,,,,2025-04-23
2025-04-23,2025-04-23,CM,BSE,STK,543918,INE0PA801013,GHCLTEXTIL,B,,,,,GHCL Textiles Limited,85.01,88.15,84.76,86.86,86.65,83.85,,86.72,,,15382,1335293.0,439,F1,1,,,,,,2025-04-23
2025-04-23,2025-04-23,CM,BSE,STK,543919,INE964W01021,MKPL,B,,,,,M.K.Proteins Limited,6.97,7.04,6.9,6.91,6.9,6.99,,6.94,,,38150,265194.0,222,F1,1,,,,,,2025-04-23
2025-04-23,2025-04-23,CM,BSE,STK,543920,INE0NJ001013,CFF,MT,,,,,CFF FLUID CONTROL LIMITED,513.5,513.5,513.5,513.5,513.5,503.45,,513.5,,,4800,2464800.0,9,F1,200,,,,,,2025-04-23
2025-04-23,2025-04-23,CM,BSE,STK,543921,INE0NXA01015,COMRADE,MT,,,,,Comrade Appliances Limited,100.9,100.9,100.9,100.9,100.9,102.9,,100.9,,,1000,100900.0,1,F1,1000,,,,,,2025-04-23
2025-04-23,2025-04-23,CM,BSE,STK,543922,INF769K01KG6,SILVRETF,E,,,,,Mirae Asset Mutual Fund,94.75,95.5,94.21,95.5,95.5,94.31,,95.35,,,4341,412302.0,41,F1,1,,,,,,2025-04-23
2025-04-23,2025-04-23,CM,BSE,STK,543923,INE0LOJ01019,IKIO,B,,,,,IKIO Lighting Limited,247.05,251.55,242.6,244.5,244.2,247.3,,244.73,,,5465,1343171.0,318,F1,1,,,,,,2025-04-23
2025-04-23,2025-04-23,CM,BSE,STK,543924,INE0N5O01013,SONALIS,MT,,,,,Sonalis Consumer Products Limi,58.73,58.73,58.73,58.73,58.73,57.59,,58.73,,,2000,117460.0,1,F1,2000,,,,,,2025-04-23
2025-04-23,2025-04-23,CM,BSE,STK,543926,INE0OJ401014,BIZOTIC,M,,,,,Bizotic Commercial Limited,116.0,120.99,116.0,120.31,120.99,116.01,,120.31,,,12800,1522928.0,16,F1,800,,,,,,2025-04-23
2025-04-23,2025-04-23,CM,BSE,STK,543927,INE04Z101016,ASIAN,X,,,,,Asian Warehousing Limited,53.43,53.43,51.0,52.2,52.2,52.38,,52.2,,,285,14779.0,12,F1,1,,,,,,2025-04-23
2025-04-23,2025-04-23,CM,BSE,STK,543928,INE0ORA01015,COSMICCRF,M,,,,,Cosmic CRF Limited,1352.55,1370.0,1324.0,1336.45,1327.65,1352.55,,1336.45,,,14200,19031845.0,91,F1,100,,,,,,2025-04-23
2025-04-23,2025-04-23,CM,BSE,STK,543929,INE0ECP01024,HMAAGRO,B,,,,,HMA Agro Industries Limited,34.08,35.23,33.36,34.92,35.0,33.15,,34.97,,,24429,845612.0,263,F1,1,,,,,,2025-04-23
2025-04-23,2025-04-23,CM,BSE,STK,543930,INE568Z01015,URAVIDEF,T,,,,,Uravi Defence and Technology L,442.0,453.6,440.0,450.9,452.0,440.95,,450.65,,,1265,565858.0,36,F1,1,,,,,,2025-04-23
2025-04-23,2025-04-23,CM,BSE,STK,543931,INE0Q0M01015,VEEFIN,MT,,,,,VEEFIN SOLUTIONS LIMITED,329.0,329.0,307.25,309.3,309.0,323.4,,309.3,,,152800,47378770.0,285,F1,200,,,,,,2025-04-23
2025-04-23,2025-04-23,CM,BSE,STK,543932,INE349Y01013,IDEAFORGE,A,,,,,IDEAFORGE TECHNOLOGY LIMITED,377.6,379.6,365.85,374.75,374.75,368.95,,374.35,,,18230,6785738.0,537,F1,1,,,,,,2025-04-23
2025-04-23,2025-04-23,CM,BSE,STK,543933,INE055S01018,CYIENTDLM,A,,,,,Cyient DLM Limited,541.0,541.0,490.65,494.9,499.0,481.85,,494.15,,,348025,177095714.0,9251,F1,1,,,,,,2025-04-23
2025-04-23,2025-04-23,CM,BSE,STK,543934,INE01BT01015,MACIND,X,,,,,Machhar Industries Limited,268.0,279.3,268.0,269.05,279.3,267.5,,269.05,,,11,2959.0,2,F1,1,,,,,,2025-04-23
2025-04-23,2025-04-23,CM,BSE,STK,543935,INF740KA1SX1,ITETFADD,B,,,,,DSP Mutual Fund,36.11,36.43,36.11,36.43,36.43,34.85,,36.4,,,333,12075.0,5,F1,1,,,,,,2025-04-23
2025-04-23,2025-04-23,CM,BSE,STK,543936,INE602W01027,SENCO,A,,,,,Senco Gold Limited,401.0,401.0,376.0,386.55,386.55,395.2,,386.4,,,92138,35480115.0,4341,F1,1,,,,,,2025-04-23
2025-04-23,2025-04-23,CM,BSE,STK,543937,INE0NZF01019,ALPHAIND,MT,,,,,ALPHALOGIC INDUSTRIES LIMITED,126.9,128.1,126.9,128.1,128.1,122.0,,128.1,,,3600,458370.0,5,F1,600,,,,,,2025-04-23
2025-04-23,2025-04-23,CM,BSE,STK,543938,INE0POP01017,ACCELERATE,MT,,,,,ACCELERATEBS INDIA LIMITED,122.55,122.55,111.7,111.7,111.7,116.75,,111.7,,,5760,698944.0,8,F1,640,,,,,,2025-04-23
2025-04-23,2025-04-23,CM,BSE,STK,543939,INE0P3N01018,KAKA,M,,,,,Kaka Industries Limited,238.5,238.5,232.0,234.0,234.0,231.85,,234.0,,,4500,1056825.0,9,F1,500,,,,,,2025-04-23
2025-04-23,2025-04-23,CM,BSE,STK,543940,INE758E01017,JIOFIN,A,,,,,Jio Financial Services Limited,251.05,258.5,251.05,258.15,258.15,250.65,,258.14,,,2662361,681049937.0,25818,F1,1,,,,,,2025-04-23
2025-04-23,2025-04-23,CM,BSE,STK,543941,INE0NEV01011,AHASOLAR,MT,,,,,AHASOLAR TECHNOLOGIES LIMITED,114.39,114.39,114.39,114.39,114.39,112.15,,114.39,,,800,91512.0,2,F1,400,,,,,,2025-04-23
2025-04-23,2025-04-23,CM,BSE,STK,543942,INE735W01017,UTKARSHBNK,B,,,,,UTKARSH SMALL FINANCE BANK LIM,26.69,26.83,25.88,26.42,26.42,26.69,,26.45,,,350414,9236100.0,1412,F1,1,,,,,,2025-04-23
2025-04-23,2025-04-23,CM,BSE,STK,543943,INE0DN001027,ASARFI,M,,,,,ASARFI HOSPITAL LIMITED,91.52,91.52,90.0,90.5,90.5,91.52,,90.5,,,3000,272020.0,3,F1,1000,,,,,,2025-04-23
2025-04-23,2025-04-23,CM,BSE,STK,543944,INF769K01KR3,BANKETF,B,,,,,Mirae Asset Mutual Fund,559.39,559.39,555.62,558.7,558.7,560.04,,557.12,,,50,27790.0,6,F1,1,,,,,,2025-04-23
2025-04-23,2025-04-23,CM,BSE,STK,543945,INE0NT901020,NETWEB,A,,,,,NETWEB TECHNOLOGIES INDIA LIMI,1524.8,1555.0,1492.0,1536.55,1540.0,1500.0,,1532.1,,,16515,25204884.0,1397,F1,1,,,,,,2025-04-23
2025-04-23,2025-04-23,CM,BSE,STK,543946,INF769K01KS1,LIQUID,F,,,,,Mirae Asset Mutual Fund,1000.0,1000.01,1000.0,1000.0,1000.0,1000.0,,999.99,,,41016,41016006.0,42,F1,1,,,,,,2025-04-23
2025-04-23,2025-04-23,CM,BSE,STK,543948,INF740KA1SY9,PSUBANKADD,B,,,,,DSP Mutual Fund,66.65,66.9,66.2,66.79,66.79,67.28,,66.93,,,1625,107890.0,9,F1,1,,,,,,2025-04-23
2025-04-23,2025-04-23,CM,BSE,STK,543949,INF740KA1TA7,PVTBANKADD,B,,,,,DSP Mutual Fund,27.92,27.92,27.7,27.72,27.72,27.92,,27.76,,,3033,84396.0,259,F1,1,,,,,,2025-04-23
2025-04-23,2025-04-23,CM,BSE,STK,543950,INE0JO301016,YATHARTH,B,,,,,YATHARTH HOSPITAL & TRAUMA CAR,511.15,522.75,502.4,509.3,509.3,514.35,,509.95,,,37063,18944847.0,1530,F1,1,,,,,,2025-04-23
2025-04-23,2025-04-23,CM,BSE,STK,543952,INE342G01023,NIITMTS,A,,,,,NIIT Learning Systems Limited,380.35,393.0,374.0,390.5,391.0,377.95,,390.4,,,3081,1188561.0,496,F1,1,,,,,,2025-04-23
2025-04-23,2025-04-23,CM,BSE,STK,543953,INE0OWC01011,KHAZANCHI,M,,,,,Khazanchi Jewellers Limited,552.0,564.0,545.5,556.85,564.0,552.45,,556.85,,,23750,13098362.0,84,F1,250,,,,,,2025-04-23
2025-04-23,2025-04-23,CM,BSE,STK,543954,INE0NN701020,ATL,B,,,,,Allcargo Terminals Limited,28.2,28.2,25.04,26.28,26.33,26.58,,26.26,,,77675,2012622.0,667,F1,1,,,,,,2025-04-23
2025-04-23,2025-04-23,CM,BSE,STK,543955,INE0O3901029,TREL,B,,,,,Transindia Real Estate Limited,37.56,37.56,36.31,36.75,36.69,36.99,,36.94,,,14619,539005.0,146,F1,1,,,,,,2025-04-23
2025-04-23,2025-04-23,CM,BSE,STK,543956,INF109KC18V5,QUAL30IETF,B,,,,,ICICI Prudential Mutual Fund,20.19,20.41,20.09,20.33,20.41,20.03,,20.3,,,25863,522947.0,334,F1,1,,,,,,2025-04-23
2025-04-23,2025-04-23,CM,BSE,STK,543957,INE0LXT01019,REDTAPE,A,,,,,REDTAPE Limited,144.0,147.65,140.65,144.7,143.7,143.85,,144.17,,,14813,2122272.0,495,F1,1,,,,,,2025-04-23
2025-04-23,2025-04-23,CM,BSE,STK,543958,INE03HW01020,VLEGOV,T,,,,,VL E-Governance & IT Solutions,44.11,44.11,44.11,44.11,44.11,43.25,,44.11,,,29526,1302391.0,45,F1,1,,,,,,2025-04-23
2025-04-23,2025-04-23,CM,BSE,STK,543959,INE423Y01016,SBFC,A,,,,,SBFC Finance Limited,105.83,109.4,102.14,108.39,108.39,104.22,,108.26,,,461232,49225712.0,5717,F1,1,,,,,,2025-04-23
2025-04-23,2025-04-23,CM,BSE,STK,543960,INE338H01029,CONCORDBIO,A,,,,,Concord Biotech Limited,1679.2,1687.95,1634.1,1646.55,1634.1,1675.6,,1648.5,,,775,1285096.0,174,F1,1,,,,,,2025-04-23
2025-04-23,2025-04-23,CM,BSE,STK,543962,INE864X01013,DPWIRES,B,,,,,D.P. WIRES LIMITED,233.95,235.5,224.95,230.35,229.05,232.3,,229.86,,,1171,269217.0,189,F1,1,,,,,,2025-04-23
2025-04-23,2025-04-23,CM,BSE,STK,543963,INE013V01011,SHELTER,M,,,,,SHELTER PHARMA LIMITED,41.99,41.99,39.8,40.5,40.5,39.12,,40.5,,,24000,974820.0,8,F1,3000,,,,,,2025-04-23
2025-04-23,2025-04-23,CM,BSE,STK,543965,INE395N01027,TVSSCS,A,,,,,TVS Supply Chain Solutions Lim,123.05,124.0,119.8,122.05,122.05,122.95,,122.15,,,38940,4743849.0,657,F1,1,,,,,,2025-04-23
2025-04-23,2025-04-23,CM,BSE,STK,543969,INE0MIS01010,PYRAMID,B,,,,,Pyramid Technoplast Limited,165.05,178.5,165.05,173.85,174.45,169.5,,173.01,,,13792,2389588.0,535,F1,1,,,,,,2025-04-23
2025-04-23,2025-04-23,CM,BSE,STK,543970,INE0OJZ01019,SHOORA,MT,,,,,Shoora Designs Limited,68.08,68.08,68.08,68.08,68.08,64.84,,68.08,,,1500,102120.0,1,F1,1500,,,,,,2025-04-23
2025-04-23,2025-04-23,CM,BSE,STK,543971,INE0Q8P01029,BONDADA,M,,,,,Bondada Engineering Limited,413.95,416.8,405.05,408.75,408.75,407.75,,408.75,,,122000,49872250.0,490,F1,200,,,,,,2025-04-23
2025-04-23,2025-04-23,CM,BSE,STK,543972,INE024001021,AEROFLEX,B,,,,,Aeroflex Industries Limited,182.0,183.4,176.95,181.35,181.35,180.25,,181.04,,,39202,7092149.0,525,F1,1,,,,,,2025-04-23
2025-04-23,2025-04-23,CM,BSE,STK,543974,INE0AE001013,VPRPL,B,,,,,VISHNU PRAKASH R PUNGLIA LIMIT,186.9,186.9,177.0,180.3,180.25,182.9,,180.32,,,51699,9371077.0,676,F1,1,,,,,,2025-04-23
2025-04-23,2025-04-23,CM,BSE,STK,543975,INF789F1AYX9,NIFMID150,B,,,,,UTI Mutual Fund,201.17,202.0,200.18,200.84,200.84,201.74,,203.0,,,152,30492.0,5,F1,1,,,,,,2025-04-23
2025-04-23,2025-04-23,CM,BSE,STK,543976,INE489B01031,SHRAAITECH,X,,,,,Shradha AI Technologies Limite,45.95,47.77,45.7,47.36,47.36,45.5,,47.36,,,105483,5012767.0,539,F1,1,,,,,,2025-04-23
2025-04-23,2025-04-23,CM,BSE,STK,543977,INE0N2P01017,RISHABH,B,,,,,Rishabh Instruments Limited,290.05,294.0,272.7,279.4,279.0,287.95,,280.08,,,17800,5000276.0,1087,F1,1,,,,,,2025-04-23
2025-04-23,2025-04-23,CM,BSE,STK,543978,INE05CZ01011,RATNAVEER,B,,,,,Ratnaveer Precision Engineerin,140.95,143.25,138.25,140.15,142.5,141.7,,140.46,,,8304,1163528.0,346,F1,1,,,,,,2025-04-23
2025-04-23,2025-04-23,CM,BSE,STK,543979,INE04T901017,KAHAN,M,,,,,Kahan Packaging Limited,72.0,81.5,72.0,80.38,81.5,71.83,,80.38,,,11200,876000.0,7,F1,1600,,,,,,2025-04-23
2025-04-23,2025-04-23,CM,BSE,STK,543980,INE682M01012,JLHL,A,,,,,Jupiter Life Line Hospitals Li,1490.0,1508.9,1480.55,1499.1,1499.95,1502.1,,1499.7,,,1079,1616082.0,268,F1,1,,,,,,2025-04-23
2025-04-23,2025-04-23,CM,BSE,STK,543981,INE777K01022,RRKABEL,A,,,,,R R KABEL LIMITED,970.05,980.6,959.85,977.15,979.5,967.5,,977.2,,,4614,4486757.0,280,F1,1,,,,,,2025-04-23
2025-04-23,2025-04-23,CM,BSE,STK,543982,INE0OYE01013,MESON,MT,,,,,Meson Valves India Limited,398.2,407.0,390.1,403.0,403.0,404.35,,403.0,,,7400,2946650.0,30,F1,200,,,,,,2025-04-23
2025-04-23,2025-04-23,CM,BSE,STK,543983,INE0OV601013,EMSLIMITED,B,,,,,EMS LIMITED,685.7,695.4,662.35,672.95,674.15,675.0,,673.0,,,11854,8032679.0,651,F1,1,,,,,,2025-04-23
2025-04-23,2025-04-23,CM,BSE,STK,543984,INE08U801020,SAMHI,A,,,,,Samhi Hotels Limited,177.85,177.85,171.45,174.05,174.1,176.3,,173.95,,,144310,25072103.0,2171,F1,1,,,,,,2025-04-23
2025-04-23,2025-04-23,CM,BSE,STK,543985,INE07K301024,ZAGGLE,B,,,,,ZAGGLE PREPAID OCEAN SERVICES,350.1,361.0,344.25,358.0,358.0,349.85,,358.15,,,114992,40454607.0,3083,F1,1,,,,,,2025-04-23
2025-04-23,2025-04-23,CM,BSE,STK,543986,INE980Y01015,SOUTHWEST,B,,,,,South West Pinnacle Exploratio,123.65,124.7,121.4,122.25,123.1,123.65,,122.66,,,2839,348444.0,236,F1,1,,,,,,2025-04-23
2025-04-23,2025-04-23,CM,BSE,STK,543988,INE531F01015,NUVAMA,A,,,,,Nuvama Wealth Management Limit,6149.1,6181.6,6012.9,6171.9,6176.0,6083.75,,6170.5,,,1173,7178244.0,359,F1,1,,,,,,2025-04-23
2025-04-23,2025-04-23,CM,BSE,STK,543989,INE438K01021,KALAMANDIR,B,,,,,Sai Silks (Kalamandir) Limited,132.65,133.5,126.4,128.1,128.1,130.0,,127.77,,,73402,9469533.0,1346,F1,1,,,,,,2025-04-23
2025-04-23,2025-04-23,CM,BSE,STK,543990,INE903U01023,SIGNATURE,A,,,,,SIGNATUREGLOBAL (INDIA) LIMITE,1179.95,1187.6,1156.05,1183.0,1183.1,1155.95,,1182.4,,,12358,14478582.0,317,F1,1,,,,,,2025-04-23
2025-04-23,2025-04-23,CM,BSE,STK,543991,INE0P4P01011,TECHKGREEN,MT,,,,,TECHKNOWGREEN SOLUTIONS LIMITE,162.15,166.1,162.15,165.0,165.0,166.5,,165.0,,,1600,263700.0,4,F1,400,,,,,,2025-04-23
2025-04-23,2025-04-23,CM,BSE,STK,543992,INE0JR601024,YATRA,B,,,,,YATRA ONLINE LIMITED,90.1,90.93,86.8,87.5,87.0,89.06,,87.77,,,11193,995150.0,629,F1,1,,,,,,2025-04-23
2025-04-23,2025-04-23,CM,BSE,STK,543993,INE372M01010,ARCL,XT,,,,,ARCL Organics Ltd,243.85,250.95,231.7,235.0,235.0,243.85,,235.0,,,2061,479346.0,63,F1,1,,,,,,2025-04-23
2025-04-23,2025-04-23,CM,BSE,STK,543994,INE880J01026,JSWINFRA,A,,,,,JSW Infrastructure Limited,308.45,308.95,294.05,294.8,294.8,303.55,,294.7,,,126696,37867047.0,2749,F1,1,,,,,,2025-04-23
2025-04-23,2025-04-23,CM,BSE,STK,543995,INE0KNT01012,MVGJL,B,,,,,MANOJ VAIBHAV GEMS 'N' JEWELLE,247.95,249.45,238.25,239.7,238.95,248.05,,239.96,,,48874,11839048.0,996,F1,1,,,,,,2025-04-23
2025-04-23,2025-04-23,CM,BSE,STK,543996,INE851I01011,UDS,B,,,,,Updater Services Limited,309.9,312.35,301.4,302.7,303.5,308.25,,302.5,,,12749,3883069.0,651,F1,1,,,,,,2025-04-23
2025-04-23,2025-04-23,CM,BSE,STK,543997,INE0MIO01019,ORGANICREC,MT,,,,,ORGANIC RECYCLING SYSTEMS LIMI,278.0,282.95,275.0,275.2,275.2,283.0,,275.2,,,5400,1492770.0,8,F1,600,,,,,,2025-04-23
2025-04-23,2025-04-23,CM,BSE,STK,543998,INE0JWS01017,VALIANTLAB,T,,,,,Valiant Laboratories Limited,109.73,109.73,101.05,108.7,109.73,104.51,,109.81,,,12050,1319198.0,52,F1,1,,,,,,2025-04-23
2025-04-23,2025-04-23,CM,BSE,STK,543999,INF769K01KT9,SENSEXETF,A,,,,,Mirae Asset Mutual Fund,81.15,81.37,80.77,81.15,81.31,80.74,,81.14,,,4294,348245.0,55,F1,1,,,,,,2025-04-23
2025-04-23,2025-04-23,CM,BSE,STK,544001,INE0Q1S01010,SUNITATOOL,M,,,,,Sunita Tools Limited,750.15,770.0,734.0,756.6,756.0,750.15,,756.6,,,16250,12186512.0,56,F1,250,,,,,,2025-04-23
2025-04-23,2025-04-23,CM,BSE,STK,544002,INE0PA601017,VIVAA,MT,,,,,Vivaa Tradecom Limited,46.5,46.5,46.0,46.5,46.5,46.5,,46.5,,,6000,278000.0,3,F1,2000,,,,,,2025-04-23
2025-04-23,2025-04-23,CM,BSE,STK,544003,INE0INJ01017,PLAZACABLE,B,,,,,Plaza Wires Limited,61.98,64.94,60.0,62.51,62.6,60.22,,62.4,,,37620,2346693.0,404,F1,1,,,,,,2025-04-23
2025-04-23,2025-04-23,CM,BSE,STK,544004,INE07U701015,IRMENERGY,B,,,,,IRM ENERGY LIMITED,302.0,312.15,295.0,298.3,298.65,300.15,,298.2,,,11828,3567038.0,843,F1,1,,,,,,2025-04-23
2025-04-23,2025-04-23,CM,BSE,STK,544006,INF769K01KV5,ITETF,B,,,,,Mirae Asset Mutual Fund,35.63,36.53,35.63,36.4,36.4,34.89,,36.31,,,78468,2851404.0,400,F1,1,,,,,,2025-04-23
2025-04-23,2025-04-23,CM,BSE,STK,544007,INF769K01KU7,ALPHAETF,B,,,,,Mirae Asset Mutual Fund,23.53,23.84,23.36,23.69,23.67,23.51,,23.69,,,16943,400272.0,1251,F1,1,,,,,,2025-04-23
2025-04-23,2025-04-23,CM,BSE,STK,544008,INE03EI01018,MAXESTATES,B,,,,,Max Estates Limited,412.05,421.4,408.5,416.3,418.95,416.7,,416.45,,,7440,3097512.0,687,F1,1,,,,,,2025-04-23
2025-04-23,2025-04-23,CM,BSE,STK,544009,INE0KBH01020,BLUEJET,B,,,,,Blue Jet Healthcare Limited,747.95,759.2,731.25,745.0,744.2,749.7,,745.2,,,14474,10767598.0,486,F1,1,,,,,,2025-04-23
2025-04-23,2025-04-23,CM,BSE,STK,544010,INF200KA13Z8,LIQUIDSBI,F,,,,,SBI Mutual Fund,1000.01,1000.01,1000.01,1000.01,1000.01,999.99,,1000.0,,,20,20000.0,1,F1,1,,,,,,2025-04-23
2025-04-23,2025-04-23,CM,BSE,STK,544012,INE0LMW01024,CELLO,A,,,,,Cello World Limited,584.8,588.55,576.0,582.4,582.5,584.7,,581.7,,,4137,2408197.0,242,F1,1,,,,,,2025-04-23
2025-04-23,2025-04-23,CM,BSE,STK,544014,INE0J5401028,HONASA,A,,,,,Honasa Consumer Limited,231.35,239.55,227.6,235.8,235.8,234.45,,235.63,,,58615,13747980.0,1341,F1,1,,,,,,2025-04-23
2025-04-23,2025-04-23,CM,BSE,STK,544015,INE0QI101019,MISHDESIGN,MT,,,,,Mish Designs Limited,85.9,85.9,85.9,85.9,85.9,84.22,,85.9,,,1000,85900.0,2,F1,500,,,,,,2025-04-23
2025-04-23,2025-04-23,CM,BSE,STK,544020,INE818W01011,ESAFSFB,B,,,,,ESAF Small Finance Bank Ltd,31.35,31.6,30.39,31.35,31.6,30.78,,31.3,,,81969,2536212.0,662,F1,1,,,,,,2025-04-23
2025-04-23,2025-04-23,CM,BSE,STK,544021,INE004A01022,PROTEAN,A,,,,,Protean eGov Technologies Limi,1458.8,1464.0,1415.45,1438.6,1438.6,1446.15,,1438.2,,,51672,74077177.0,3581,F1,1,,,,,,2025-04-23
2025-04-23,2025-04-23,CM,BSE,STK,544022,INE491J01022,ASKAUTOLTD,B,,,,,ASK Automotive Limited,440.45,440.45,426.85,435.7,436.0,440.4,,436.25,,,10939,4752901.0,344,F1,1,,,,,,2025-04-23
2025-04-23,2025-04-23,CM,BSE,STK,544023,INE0N6U01018,KALYANI,M,,,,,Kalyani Cast-Tech Limited,405.0,413.5,390.0,396.65,396.65,403.7,,396.65,,,22500,9004212.0,68,F1,250,,,,,,2025-04-23
2025-04-23,2025-04-23,CM,BSE,STK,544025,INE0PP401015,ARROWHEAD,MT,,,,,Arrowhead Seperation Engineeri,86.0,86.0,86.0,86.0,86.0,84.0,,86.0,,,600,51600.0,1,F1,600,,,,,,2025-04-23
2025-04-23,2025-04-23,CM,BSE,STK,544026,INE202E01016,IREDA,A,,,,,Indian Renewable Energy Develo,179.7,183.15,174.05,177.75,177.75,178.6,,177.73,,,1530597,272916169.0,11017,F1,1,,,,,,2025-04-23
2025-04-23,2025-04-23,CM,BSE,STK,544027,INE007N01010,FEDFINA,B,,,,,Fedbank Financial Services Lim,93.89,94.29,90.17,92.75,92.84,93.01,,92.67,,,16184,1491231.0,553,F1,1,,,,,,2025-04-23
2025-04-23,2025-04-23,CM,BSE,STK,544028,INE142M01025,TATATECH,A,,,,,Tata Technologies Limited,714.8,726.8,711.8,720.4,720.4,705.8,,720.5,,,256059,184246888.0,10474,F1,1,,,,,,2025-04-23
2025-04-23,2025-04-23,CM,BSE,STK,544029,INE717W01049,GANDHAR,B,,,,,Gandhar Oil Refinery (India) L,159.8,162.75,154.2,160.05,160.05,158.7,,159.74,,,33450,5290474.0,794,F1,1,,,,,,2025-04-23
2025-04-23,2025-04-23,CM,BSE,STK,544030,INE00Y201027,FLAIR,B,,,,,Flair Writing Industries Limit,257.35,268.75,257.35,263.95,264.0,257.25,,264.0,,,10689,2813903.0,636,F1,1,,,,,,2025-04-23
2025-04-23,2025-04-23,CM,BSE,STK,544035,INE0RDR01012,SPL,MT,,,,,Swashthik Plascon Limited,49.99,50.05,49.64,49.64,49.64,51.2,,49.64,,,8000,399008.0,5,F1,1600,,,,,,2025-04-23
2025-04-23,2025-04-23,CM,BSE,STK,544036,INE0RDM01013,DEEPAKCHEM,M,,,,,DEEPAK CHEMTEX LIMITED,127.95,129.5,122.75,126.8,125.05,125.0,,126.8,,,16000,2028320.0,10,F1,1600,,,,,,2025-04-23
2025-04-23,2025-04-23,CM,BSE,STK,544037,INE0P9J01013,AMIC,M,,,,,Amic Forging Limited,1475.75,1485.0,1425.0,1430.0,1425.0,1458.3,,1430.0,,,17400,25276215.0,123,F1,100,,,,,,2025-04-23
2025-04-23,2025-04-23,CM,BSE,STK,544042,INE0KQN01018,BAJEL,B,,,,,Bajel Projects Limited,182.0,183.45,175.8,179.65,179.3,180.4,,179.73,,,8460,1518091.0,334,F1,1,,,,,,2025-04-23
2025-04-23,2025-04-23,CM,BSE,STK,544043,INF251K01SU9,BBNPPGOLD,E,,,,,BARODA BNP PARIBAS MUTUAL FUND,96.0,96.0,93.75,94.5,94.5,86.55,,94.55,,,2671,252420.0,35,F1,1,,,,,,2025-04-23
2025-04-23,2025-04-23,CM,BSE,STK,544044,INE922K01024,INDIASHLTR,B,,,,,India Shelter Finance Corporat,878.15,886.0,854.45,869.5,864.45,878.2,,869.8,,,24462,21244979.0,1402,F1,1,,,,,,2025-04-23
2025-04-23,2025-04-23,CM,BSE,STK,544045,INE321T01012,DOMS,A,,,,,DOMS Industries Limited,3000.8,3025.3,2907.6,2921.4,2921.4,2999.9,,2925.3,,,4318,12673587.0,582,F1,1,,,,,,2025-04-23
2025-04-23,2025-04-23,CM,BSE,STK,544046,INE616N01034,INOXINDIA,A,,,,,INOX India Limited,1039.0,1050.7,1021.55,1031.05,1030.9,1039.1,,1032.4,,,4481,4647150.0,328,F1,1,,,,,,2025-04-23
2025-04-23,2025-04-23,CM,BSE,STK,544047,INE0QSK01017,SIYARAM,M,,,,,Siyaram Recycling Industries L,135.5,135.5,132.0,132.9,132.0,134.55,,132.9,,,13500,1813200.0,9,F1,1500,,,,,,2025-04-23
2025-04-23,2025-04-23,CM,BSE,STK,544052,INE0Q2Z01013,BENCHMARK,M,,,,,Benchmark Computer Solutions L,27.0,27.0,27.0,27.0,27.0,25.12,,27.0,,,2000,54000.0,1,F1,2000,,,,,,2025-04-23
2025-04-23,2025-04-23,CM,BSE,STK,544053,INE0FRK01020,MOTISONS,B,,,,,Motisons Jewellers Limited,19.3,19.31,18.52,18.79,18.85,19.05,,18.78,,,283588,5335720.0,1257,F1,1,,,,,,2025-04-23
2025-04-23,2025-04-23,CM,BSE,STK,544054,INE843S01025,SURAJEST,B,,,,,Suraj Estate Developers Limite,316.6,322.25,308.45,318.4,321.0,313.55,,319.2,,,12206,3865689.0,555,F1,1,,,,,,2025-04-23
2025-04-23,2025-04-23,CM,BSE,STK,544055,INE046W01019,MUTHOOTMF,B,,,,,Muthoot Microfin Limited,162.4,166.8,156.5,163.55,162.85,159.4,,163.04,,,63770,10311720.0,1640,F1,1,,,,,,2025-04-23
2025-04-23,2025-04-23,CM,BSE,STK,544056,INE0PSJ01011,SMARITIME,M,,,,,Sahara Maritime Limited,42.55,42.55,42.55,42.55,42.55,45.0,,42.55,,,1600,68080.0,1,F1,1600,,,,,,2025-04-23
2025-04-23,2025-04-23,CM,BSE,STK,544057,INE330T01021,HAPPYFORGE,B,,,,,Happy Forgings Limited,818.0,819.2,800.25,815.15,810.3,812.15,,811.05,,,1967,1594905.0,221,F1,1,,,,,,2025-04-23
2025-04-23,2025-04-23,CM,BSE,STK,544058,INE220Q01020,MUFTI,B,,,,,Credo Brands Marketing Limited,134.9,143.85,133.3,138.35,138.4,133.4,,138.16,,,23858,3333158.0,810,F1,1,,,,,,2025-04-23
2025-04-23,2025-04-23,CM,BSE,STK,544059,INE0QZQ01019,SHANTIDENM,M,,,,,SHANTI SPINTEX LIMITED,66.0,72.9,66.0,72.11,71.99,66.0,,72.11,,,52000,3620200.0,22,F1,2000,,,,,,2025-04-23
2025-04-23,2025-04-23,CM,BSE,STK,544060,INE0PEQ01016,RBZJEWEL,T,,,,,RBZ Jewellers Limited,141.2,141.2,141.2,141.2,141.2,144.05,,141.2,,,9816,1386019.0,67,F1,1,,,,,,2025-04-23
2025-04-23,2025-04-23,CM,BSE,STK,544061,INE02IJ01035,AZAD,A,,,,,Azad Engineering Limited,1577.85,1586.2,1531.4,1571.45,1577.0,1561.55,,1572.7,,,26276,40982393.0,2198,F1,1,,,,,,2025-04-23
2025-04-23,2025-04-23,CM,BSE,STK,544066,INE0Q3R01026,SUNCLAY,B,,,,,SUNDARAM-CLAYTON LIMITED,2200.0,2200.0,2094.05,2109.75,2096.5,2132.95,,2108.7,,,272,575059.0,75,F1,1,,,,,,2025-04-23
2025-04-23,2025-04-23,CM,BSE,STK,544067,INE0DUT01020,INNOVACAP,B,,,,,INNOVA CAPTAB LIMITED,895.05,920.1,888.8,912.5,916.9,902.7,,913.4,,,1615,1464453.0,258,F1,1,,,,,,2025-04-23
2025-04-23,2025-04-23,CM,BSE,STK,544072,INE0QFT01015,AIKPIPES,M,,,,,AIK Pipes and Polymers Limited,78.9,79.95,78.0,78.75,78.75,81.0,,78.75,,,21600,1703192.0,20,F1,800,,,,,,2025-04-23
2025-04-23,2025-04-23,CM,BSE,STK,544073,INE0A6N01026,MCPL,M,,,,,Manoj Ceramic Limited,162.05,162.05,162.05,162.05,162.05,154.35,,162.05,,,1000,162050.0,1,F1,1000,,,,,,2025-04-23
2025-04-23,2025-04-23,CM,BSE,STK,544074,INE0RNZ01014,SBVCL,MT,,,,,Shri Balaji Valve Components L,119.07,119.07,117.0,117.0,117.0,113.4,,117.0,,,6000,712446.0,10,F1,600,,,,,,2025-04-23
2025-04-23,2025-04-23,CM,BSE,STK,544079,INE0PSC01024,DIGIDRIVE,B,,,,,DIGIDRIVE DISTRIBUTORS LIMITED,34.33,34.91,33.83,34.26,34.26,34.06,,34.68,,,15412,528548.0,163,F1,1,,,,,,2025-04-23
2025-04-23,2025-04-23,CM,BSE,STK,544080,INE0MGS01014,SHILINDORE,XT,,,,,Sayaji Hotels (Indore) Limited,1283.1,1283.1,1283.1,1283.1,1283.1,1257.95,,1283.1,,,47,60305.0,5,F1,1,,,,,,2025-04-23
2025-04-23,2025-04-23,CM,BSE,STK,544081,INE980O01024,JYOTICNC,A,,,,,Jyoti CNC Automation Limited,1095.15,1118.25,1079.95,1111.9,1107.3,1090.25,,1111.2,,,13026,14346068.0,768,F1,1,,,,,,2025-04-23
2025-04-23,2025-04-23,CM,BSE,STK,544082,INE0GEN01012,SWANAGRO,M,,,,,New Swan Multitech Limited,57.0,57.0,57.0,57.0,57.0,56.0,,57.0,,,2000,114000.0,1,F1,2000,,,,,,2025-04-23
2025-04-23,2025-04-23,CM,BSE,STK,544088,INE456Z01021,MEDIASSIST,B,,,,,Medi Assist Healthcare Service,465.0,465.0,454.0,458.45,458.45,453.85,,459.3,,,7900,3629681.0,527,F1,1,,,,,,2025-04-23
2025-04-23,2025-04-23,CM,BSE,STK,544089,INF0R8F01034,LIQUIDCASE,F,,,,,Zerodha Mutual Fund,108.19,108.21,108.19,108.2,108.2,108.19,,108.2,,,1776392,192201309.0,1136,F1,1,,,,,,2025-04-23
2025-04-23,2025-04-23,CM,BSE,STK,544090,INE07G501017,SHPLPUNE,XT,,,,,Sayaji Hotels (Pune) Limited,840.0,850.0,805.0,840.0,840.0,840.0,,840.0,,,18,15095.0,7,F1,1,,,,,,2025-04-23
2025-04-23,2025-04-23,CM,BSE,STK,544091,INE0Q1R01012,QLL,M,,,,,Qualitek Labs Limited,340.0,340.0,313.2,313.75,313.75,329.65,,313.75,,,20000,6341040.0,48,F1,400,,,,,,2025-04-23
2025-04-23,2025-04-23,CM,BSE,STK,544093,INF0QA701714,BANKBETF,B,,,,,Bajaj Finserv Mutual Fund,56.02,56.04,55.6,55.6,55.6,55.78,,55.6,,,550,30602.0,29,F1,1,,,,,,2025-04-23
2025-04-23,2025-04-23,CM,BSE,STK,544094,INE0PYT01018,EUPHORIAIT,M,,,,,Euphoria Infotech (India) Limi,43.8,43.8,43.8,43.8,43.8,44.0,,43.8,,,1200,52560.0,1,F1,1200,,,,,,2025-04-23
2025-04-23,2025-04-23,CM,BSE,STK,544095,INE0G5901015,EPACK,B,,,,,EPACK Durable Limited,418.35,418.35,390.45,395.1,395.1,410.95,,395.1,,,134667,53886839.0,4356,F1,1,,,,,,2025-04-23
2025-04-23,2025-04-23,CM,BSE,STK,544100,INE02H701025,NOVAAGRI,B,,,,,Nova Agritech Limited,48.01,50.57,48.01,49.89,50.0,49.93,,49.78,,,5108,253861.0,157,F1,1,,,,,,2025-04-23
2025-04-23,2025-04-23,CM,BSE,STK,544101,INE0Q6L01014,BRISK,M,,,,,Brisk Technovision Limited,119.5,119.5,118.0,118.0,118.0,116.5,,118.0,,,1600,190000.0,2,F1,800,,,,,,2025-04-23
2025-04-23,2025-04-23,CM,BSE,STK,544104,INF789F1AZF3,NIF10GETF,F,,,,,UTI Mutual Fund,25.85,25.85,25.7,25.84,25.84,25.5,,25.79,,,259,6694.0,11,F1,1,,,,,,2025-04-23
2025-04-23,2025-04-23,CM,BSE,STK,544105,INE0OLZ01015,HARSHDEEP,M,,,,,HARSHDEEP HORTICO LIMITED,66.3,67.0,66.3,67.0,67.0,67.39,,67.0,,,3000,199950.0,2,F1,1500,,,,,,2025-04-23
2025-04-23,2025-04-23,CM,BSE,STK,544107,INE0NLT01010,BLSE,B,,,,,BLS E-Services Limited,158.0,161.4,153.2,153.9,154.85,157.4,,154.21,,,47388,7399938.0,1172,F1,1,,,,,,2025-04-23
2025-04-23,2025-04-23,CM,BSE,STK,544110,INF179KC1HW4,HDFCPSUBK,B,,,,,HDFC Mutual Fund,67.62,67.62,66.55,67.41,67.41,67.62,,67.32,,,987,66054.0,15,F1,1,,,,,,2025-04-23
2025-04-23,2025-04-23,CM,BSE,STK,544111,INE988S01028,PARKHOTELS,B,,,,,Apeejay Surrendra Park Hotels,153.25,155.95,148.5,154.5,155.0,153.25,,154.43,,,70350,10683612.0,1930,F1,1,,,,,,2025-04-23
2025-04-23,2025-04-23,CM,BSE,STK,544112,INE0QXV01014,JGTL,X,,,,,JASCH GAUGING TECHNOLOGIES LIM,563.25,578.85,563.25,564.05,564.05,563.2,,564.05,,,519,293246.0,17,F1,1,,,,,,2025-04-23
2025-04-23,2025-04-23,CM,BSE,STK,544117,INE0KGZ01021,SIGNPOST,B,,,,,Signpost India Limited,234.45,245.0,230.5,234.75,236.0,231.0,,232.52,,,5990,1408706.0,474,F1,1,,,,,,2025-04-23
2025-04-23,2025-04-23,CM,BSE,STK,544118,INE953L01027,JSFB,B,,,,,JANA SMALL FINANCE BANK LIMITE,519.85,519.85,498.55,513.45,511.3,505.1,,513.3,,,9868,5054204.0,809,F1,1,,,,,,2025-04-23
2025-04-23,2025-04-23,CM,BSE,STK,544119,INE0J1F01024,RPTECH,B,,,,,Rashi Peripherals Limited,313.5,313.85,297.75,304.6,305.5,309.05,,304.8,,,13123,3994518.0,686,F1,1,,,,,,2025-04-23
2025-04-23,2025-04-23,CM,BSE,STK,544120,INE646H01017,CAPITALSFB,B,,,,,Capital Small Finance Bank Ltd,302.15,304.75,296.05,299.4,300.95,301.85,,299.6,,,5437,1635023.0,320,F1,1,,,,,,2025-04-23
2025-04-23,2025-04-23,CM,BSE,STK,544121,INE0OYK01010,RUDRAGAS,MT,,,,,Rudra Gas Enterprise Limited,79.0,81.51,78.57,81.51,81.51,80.16,,81.51,,,6000,474790.0,6,F1,1000,,,,,,2025-04-23
2025-04-23,2025-04-23,CM,BSE,STK,544122,INE010601016,ENTERO,B,,,,,Entero Healthcare Solutions Li,1376.7,1376.7,1342.5,1349.95,1350.0,1383.1,,1351.3,,,1176,1591448.0,237,F1,1,,,,,,2025-04-23
2025-04-23,2025-04-23,CM,BSE,STK,544123,INF767K01RN1,LICNMID100,B,,,,,LIC Mutual Fund,54.79,55.41,54.66,54.66,54.66,54.99,,55.23,,,5648,310435.0,40,F1,1,,,,,,2025-04-23
2025-04-23,2025-04-23,CM,BSE,STK,544124,INE0QTF01015,VSTL,B,,,,,VIBHOR STEEL TUBES LIMITED,164.05,164.05,160.0,161.7,161.7,164.05,,161.94,,,976,158038.0,126,F1,1,,,,,,2025-04-23
2025-04-23,2025-04-23,CM,BSE,STK,544129,INE696F01016,JUNIPER,A,,,,,Juniper Hotels Limited,283.1,291.65,283.1,289.15,289.15,279.3,,289.5,,,12394,3574546.0,418,F1,1,,,,,,2025-04-23
2025-04-23,2025-04-23,CM,BSE,STK,544130,INF769K01LC3,SMALLCAP,B,,,,,Mirae Asset Mutual Fund,43.56,43.78,42.97,43.52,43.49,43.35,,43.51,,,75408,3278673.0,239,F1,1,,,,,,2025-04-23
2025-04-23,2025-04-23,CM,BSE,STK,544131,INE486R01017,GPTHEALTH,B,,,,,GPT Healthcare Limited,168.9,169.0,164.05,165.5,165.5,167.75,,164.89,,,810,134231.0,77,F1,1,,,,,,2025-04-23
2025-04-23,2025-04-23,CM,BSE,STK,544132,INF0R8F01042,GOLDCASE,E,,,,,Zerodha Mutual Fund,15.45,15.46,15.11,15.32,15.32,15.66,,15.31,,,1226542,18696869.0,2158,F1,1,,,,,,2025-04-23
2025-04-23,2025-04-23,CM,BSE,STK,544133,INE777F01014,EXICOM,B,,,,,EXICOM TELE-SYSTEMS LIMITED,176.95,179.0,171.0,174.0,174.0,175.0,,174.2,,,125193,21817826.0,1764,F1,1,,,,,,2025-04-23
2025-04-23,2025-04-23,CM,BSE,STK,544134,INE0PT501018,PLATIND,B,,,,,Platinum Industries Limited,281.0,281.8,268.75,277.15,277.15,274.8,,277.35,,,25215,6968053.0,3431,F1,1,,,,,,2025-04-23
2025-04-23,2025-04-23,CM,BSE,STK,544135,INE0CG401037,MUKKA,B,,,,,Mukka Proteins Limited,33.79,34.07,32.78,32.98,32.98,33.61,,32.97,,,204763,6825034.0,1355,F1,1,,,,,,2025-04-23
2025-04-23,2025-04-23,CM,BSE,STK,544136,INE0NQ801033,RKSWAMY,B,,,,,R K Swamy Limited,224.5,225.0,213.7,221.85,222.8,223.95,,221.75,,,4302,937959.0,236,F1,1,,,,,,2025-04-23
2025-04-23,2025-04-23,CM,BSE,STK,544137,INE0NHL23019,INDUSINVIT,IF,,,,,Indus Infra Trust,105.5,109.08,105.2,108.24,108.0,109.07,,107.92,,,2270,244299.0,179,F1,1,,,,,,2025-04-23
2025-04-23,2025-04-23,CM,BSE,STK,544138,INE0MB501011,JGCHEM,B,,,,,J.G.Chemicals Limited,349.0,358.8,347.35,352.7,352.8,353.25,,352.5,,,3590,1262900.0,390,F1,1,,,,,,2025-04-23
2025-04-23,2025-04-23,CM,BSE,STK,544140,INE0L9R01028,GOPAL,B,,,,,Gopal Snacks Limited,301.0,301.0,291.9,298.7,299.85,299.1,,299.2,,,5006,1485443.0,348,F1,1,,,,,,2025-04-23
2025-04-23,2025-04-23,CM,BSE,STK,544141,INE510U01018,PESB,M,,,,,Pune E - Stock Broking Limited,138.5,138.5,138.5,138.5,138.5,140.4,,138.5,,,800,110800.0,1,F1,800,,,,,,2025-04-23
2025-04-23,2025-04-23,CM,BSE,STK,544142,INE0PB301013,SCILAL,B,,,,,Shipping Corporation of India,50.92,51.99,50.21,50.92,51.26,50.28,,50.81,,,67864,3464557.0,715,F1,1,,,,,,2025-04-23
2025-04-23,2025-04-23,CM,BSE,STK,544143,INE0QQG01019,ROYAL,M,,,,,Royal Sense Limited,240.0,251.0,239.4,240.0,240.0,252.0,,240.0,,,9000,2169200.0,9,F1,1000,,,,,,2025-04-23
2025-04-23,2025-04-23,CM,BSE,STK,544144,INE772T01024,PVSL,B,,,,,Popular Vehicles and Services,99.8,103.7,99.1,103.19,102.5,100.06,,103.22,,,11397,1163511.0,386,F1,1,,,,,,2025-04-23
2025-04-23,2025-04-23,CM,BSE,STK,544149,INE0QN801017,KRYSTAL,B,,,,,KRYSTAL INTEGRATED SERVICES LI,535.85,549.9,515.0,544.2,540.5,528.5,,544.0,,,7141,3827234.0,653,F1,1,,,,,,2025-04-23
2025-04-23,2025-04-23,CM,BSE,STK,544150,INE0QVH01025,KPGEL,M,,,,,KP GREEN ENGINEERING LIMITED,442.0,450.0,433.0,446.0,446.0,438.2,,446.0,,,109500,48147087.0,319,F1,250,,,,,,2025-04-23
2025-04-23,2025-04-23,CM,BSE,STK,544151,INE0AH901011,CHATHA,M,,,,,CHATHA FOODS LIMITED,120.5,135.0,118.05,118.1,118.1,117.5,,118.1,,,21000,2631550.0,20,F1,1000,,,,,,2025-04-23
2025-04-23,2025-04-23,CM,BSE,STK,544157,INE0OMZ01013,VRUDDHI,MT,,,,,Vruddhi Engineering Works Limi,138.65,153.15,138.65,153.15,153.15,145.9,,153.15,,,2500,360100.0,4,F1,500,,,,,,2025-04-23
2025-04-23,2025-04-23,CM,BSE,STK,544158,INE0R6Z01013,SRM,B,,,,,SRM CONTRACTORS LIMITED,371.95,372.3,355.0,362.3,359.7,367.25,,361.5,,,6517,2352606.0,393,F1,1,,,,,,2025-04-23
2025-04-23,2025-04-23,CM,BSE,STK,544159,INF740KA1UM0,LIQUIDADD,F,,,,,DSP BSE Liquid Rate ETF,1068.78,1068.8,1068.78,1068.8,1068.8,1068.64,,1068.78,,,10027,10716786.0,36,F1,1,,,,,,2025-04-23
2025-04-23,2025-04-23,CM,BSE,STK,544160,INE0MSS01019,JAYKAILASH,M,,,,,Jay Kailash Namkeen Limited,54.67,58.0,54.0,54.18,54.0,57.52,,54.18,,,43200,2379888.0,22,F1,1600,,,,,,2025-04-23
2025-04-23,2025-04-23,CM,BSE,STK,544161,INE266Y01019,DPABHUSHAN,B,,,,,D P ABHUSHAN LIMITED,1500.05,1519.0,1485.6,1490.45,1485.6,1482.35,,1494.3,,,378,565800.0,118,F1,1,,,,,,2025-04-23
2025-04-23,2025-04-23,CM,BSE,STK,544162,INE343G01021,BHARTIHEXA,B,,,,,Bharti Hexacom Limited,1665.95,1695.45,1635.45,1645.9,1645.9,1639.75,,1646.7,,,8915,14888231.0,1035,F1,1,,,,,,2025-04-23
2025-04-23,2025-04-23,CM,BSE,STK,544163,INE0S0701019,GVL,MT,,,,,Greenhitech Ventures Limited,106.33,106.33,106.33,106.33,106.33,108.5,,106.33,,,2000,212660.0,2,F1,1000,,,,,,2025-04-23
2025-04-23,2025-04-23,CM,BSE,STK,544164,INE0Q9W01015,FAALCON,M,,,,,Faalcon Concepts Limited,48.6,48.6,48.55,48.55,48.55,48.55,,48.55,,,6000,291500.0,2,F1,2000,,,,,,2025-04-23
2025-04-23,2025-04-23,CM,BSE,STK,544166,INE0SDC01012,EMMFORCE,MT,,,,,EMMFORCE AUTOTECH LIMITED,83.0,84.64,83.0,84.64,84.64,83.0,,84.64,,,6000,505296.0,5,F1,1200,,,,,,2025-04-23
2025-04-23,2025-04-23,CM,BSE,STK,544167,INE0OAF01028,JNKINDIA,B,,,,,JNK India Limited,420.5,420.5,385.0,398.05,398.05,400.5,,398.15,,,49874,20391138.0,1762,F1,1,,,,,,2025-04-23
2025-04-23,2025-04-23,CM,BSE,STK,544168,INE0R6801013,VARYAA,MT,,,,,VARYAA CREATIONS LIMITED,71.94,71.94,71.94,71.94,71.94,73.4,,71.94,,,2000,143880.0,2,F1,1000,,,,,,2025-04-23
2025-04-23,2025-04-23,CM,BSE,STK,544170,INE0QXT01018,SAI,M,,,,,Sai Swami Metals and Alloys Li,36.0,36.0,36.0,36.0,36.0,35.8,,36.0,,,4000,144000.0,2,F1,2000,,,,,,2025-04-23
2025-04-23,2025-04-23,CM,BSE,STK,544171,INE0RGM01016,STAL,MT,,,,,Storage Technologies and Autom,101.11,105.03,100.94,105.03,105.03,103.0,,105.03,,,13600,1387160.0,14,F1,800,,,,,,2025-04-23
2025-04-23,2025-04-23,CM,BSE,STK,544172,INE065X01017,INDGN,B,,,,,Indegene Limited,580.0,586.0,569.65,577.05,577.0,574.35,,576.35,,,17154,9880960.0,600,F1,1,,,,,,2025-04-23
2025-04-23,2025-04-23,CM,BSE,STK,544173,INE0QOQ01013,FTL,MT,,,,,Finelistings Technologies Limi,38.6,39.9,38.55,38.87,39.45,38.6,,38.87,,,10000,391910.0,9,F1,1000,,,,,,2025-04-23
2025-04-23,2025-04-23,CM,BSE,STK,544174,INE673O01025,TBOTEK,B,,,,,TBO TEK LIMITED,1062.55,1086.35,1056.55,1076.75,1080.05,1075.35,,1075.3,,,6990,7510669.0,649,F1,1,,,,,,2025-04-23
2025-04-23,2025-04-23,CM,BSE,STK,544176,INE883F01010,AADHARHFC,B,,,,,Aadhar Housing Finance Limited,472.65,487.0,463.5,478.55,478.55,471.85,,479.2,,,28660,13651591.0,928,F1,1,,,,,,2025-04-23
2025-04-23,2025-04-23,CM,BSE,STK,544177,INE0SCB01016,AZTEC,M,,,,,Aztec Fluids & Machinery Limit,90.0,91.45,90.0,90.24,90.24,89.85,,90.24,,,8000,724460.0,8,F1,1000,,,,,,2025-04-23
2025-04-23,2025-04-23,CM,BSE,STK,544178,INE0R4W01015,PIOTEX,MT,,,,,PIOTEX INDUSTRIES LIMITED,40.85,40.85,40.85,40.85,40.85,40.05,,40.85,,,2400,98040.0,2,F1,1200,,,,,,2025-04-23
2025-04-23,2025-04-23,CM,BSE,STK,544179,INE03JT01014,GODIGIT,B,,,,,Go Digit General Insurance Lim,300.1,305.25,296.05,303.1,301.4,300.2,,302.5,,,27672,8323529.0,1105,F1,1,,,,,,2025-04-23
2025-04-23,2025-04-23,CM,BSE,STK,544180,INF769K01LJ8,MIDSMALL,B,,,,,Mirae Asset Mutual Fund,46.95,47.01,46.03,46.9,46.82,46.26,,46.96,,,95923,4479662.0,393,F1,1,,,,,,2025-04-23
2025-04-23,2025-04-23,CM,BSE,STK,544181,INE108V01019,AWFIS,B,,,,,Awfis Space Solutions Limited,679.0,697.0,666.0,670.2,670.2,679.25,,670.4,,,10357,7010343.0,939,F1,1,,,,,,2025-04-23
2025-04-23,2025-04-23,CM,BSE,STK,544182,INF0QA701854,LIQUIDBETF,F,,,,,Bajaj Finserv Mutual Fund,1026.98,1026.98,1026.98,1026.98,1026.98,1026.82,,1026.98,,,189,194099.0,3,F1,1,,,,,,2025-04-23
2025-04-23,2025-04-23,CM,BSE,STK,544184,INE02L001032,BOROSCI,B,,,,,Borosil Scientific Limited,138.8,142.0,136.85,140.0,140.0,136.6,,140.24,,,3219,450457.0,166,F1,1,,,,,,2025-04-23
2025-04-23,2025-04-23,CM,BSE,STK,544185,INE257C01014,ADTECH,X,,,,,ADTECH SYSTEMS LIMITED,63.99,64.9,63.0,64.72,64.8,63.66,,64.72,,,1023,65854.0,21,F1,1,,,,,,2025-04-23
2025-04-23,2025-04-23,CM,BSE,STK,544186,INE0TT901016,TOTEM,T,,,,,Forbes Precision Tools and Mac,173.0,179.0,171.4,177.2,177.5,174.85,,177.2,,,16251,2864148.0,115,F1,1,,,,,,2025-04-23
2025-04-23,2025-04-23,CM,BSE,STK,544187,INE0ATZ01017,KRONOX,B,,,,,KRONOX LAB SCIENCES LIMITED,151.25,154.6,147.55,149.6,151.2,150.6,,149.55,,,23253,3487097.0,668,F1,1,,,,,,2025-04-23
2025-04-23,2025-04-23,CM,BSE,STK,544189,INE0QUV01010,SATTRIX,MT,,,,,SATTRIX INFORMATION SECURITY L,127.85,127.85,127.85,127.85,127.85,121.8,,127.85,,,1000,127850.0,1,F1,1000,,,,,,2025-04-23
2025-04-23,2025-04-23,CM,BSE,STK,544190,INE0R7D01018,3CIT,M,,,,,3C IT Solutions and Telecoms (,24.0,25.0,24.0,25.0,25.0,25.0,,25.0,,,10000,248000.0,3,F1,2000,,,,,,2025-04-23
2025-04-23,2025-04-23,CM,BSE,STK,544191,INE0CYK01015,PURPLEFIN,X,,,,,Purple Finance Limited,50.45,50.45,44.0,45.58,45.6,46.42,,45.58,,,13084,599430.0,75,F1,1,,,,,,2025-04-23
2025-04-23,2025-04-23,CM,BSE,STK,544192,INE0HV901016,IXIGO,B,,,,,Le Travenues Technology Limite,151.0,154.4,151.0,152.65,152.85,150.25,,152.61,,,23869,3638057.0,580,F1,1,,,,,,2025-04-23
2025-04-23,2025-04-23,CM,BSE,STK,544193,INF0R8F01059,MID150CASE,B,,,,,Zerodha Mutual Fund,9.99,10.1,9.88,9.99,10.0,9.94,,9.99,,,87157,870381.0,448,F1,1,,,,,,2025-04-23
2025-04-23,2025-04-23,CM,BSE,STK,544194,INF0R8F01067,TOP100CASE,B,,,,,Zerodha Mutual Fund,10.24,10.3,10.18,10.27,10.3,10.19,,10.27,,,15327,156894.0,145,F1,1,,,,,,2025-04-23
2025-04-23,2025-04-23,CM,BSE,STK,544195,INE0S0I01011,COTFAB,M,,,,,United Cotfab Limited,30.4,32.0,30.4,30.5,30.5,31.0,,30.5,,,88000,2719220.0,32,F1,2000,,,,,,2025-04-23
2025-04-23,2025-04-23,CM,BSE,STK,544197,INE03DD01011,RETAIL,B,,,,,JHS SVENDGAARD RETAIL VENTURES,36.99,38.8,36.8,38.27,38.5,36.99,,37.71,,,6625,251689.0,39,F1,1,,,,,,2025-04-23
2025-04-23,2025-04-23,CM,BSE,STK,544198,INE841L01016,DEEDEV,B,,,,,DEE DEVELOPMENT ENGINEERS LIMI,239.9,241.2,235.65,237.8,237.8,237.75,,239.26,,,7617,1813203.0,250,F1,1,,,,,,2025-04-23
2025-04-23,2025-04-23,CM,BSE,STK,544199,INE0RUJ01013,GEMENVIRO,MT,,,,,GEM Enviro Management Limited,88.63,88.63,87.0,88.63,88.63,86.9,,88.63,,,21600,1909192.0,24,F1,800,,,,,,2025-04-23
2025-04-23,2025-04-23,CM,BSE,STK,544200,INE916Y01027,AFIL,B,,,,,Akme Fintrade (India) Limited,7.92,8.57,7.82,8.37,8.4,7.92,,8.36,,,318913,2635266.0,481,F1,1,,,,,,2025-04-23
2025-04-23,2025-04-23,CM,BSE,STK,544201,INE0S6R01027,DFPL,MT,,,,,DINDIGUL FARM PRODUCT LIMITED,29.96,29.96,29.96,29.96,29.96,29.38,,29.96,,,6000,179760.0,3,F1,2000,,,,,,2025-04-23
2025-04-23,2025-04-23,CM,BSE,STK,544202,INE01A001028,STANLEY,B,,,,,STANLEY LIFESTYLES LIMITED,329.15,330.65,322.0,327.45,330.0,327.85,,327.45,,,2167,708913.0,194,F1,1,,,,,,2025-04-23
2025-04-23,2025-04-23,CM,BSE,STK,544203,INE552Z01027,ABDL,B,,,,,Allied Blenders and Distillers,337.0,337.95,326.45,332.95,332.95,330.5,,333.1,,,28201,9333107.0,2073,F1,1,,,,,,2025-04-23
2025-04-23,2025-04-23,CM,BSE,STK,544204,INE0S2V01010,VRAJ,B,,,,,VRAJ IRON AND STEEL LIMITED,164.55,164.55,160.55,162.2,161.0,163.8,,161.89,,,810,131517.0,94,F1,1,,,,,,2025-04-23
2025-04-23,2025-04-23,CM,BSE,STK,544205,INE0PO601011,NPL,X,,,,,National Peroxide Limited,638.0,638.0,625.95,627.95,625.95,621.05,,627.95,,,437,275352.0,50,F1,1,,,,,,2025-04-23
2025-04-23,2025-04-23,CM,BSE,STK,544206,INF200KB1217,SBISILVER,E,,,,,SBI Mutual Fund,95.22,95.88,95.02,95.77,95.77,94.75,,95.87,,,14524,1384717.0,62,F1,1,,,,,,2025-04-23
2025-04-23,2025-04-23,CM,BSE,STK,544207,INE375Y01018,RELIABLE,B,,,,,Reliable Data Services Limited,74.52,75.1,73.63,74.21,74.0,74.05,,74.01,,,651,48163.0,39,F1,1,,,,,,2025-04-23
2025-04-23,2025-04-23,CM,BSE,STK,544209,INE0B9K01025,BANSALWIRE,B,,,,,Bansal Wire Industries Limited,374.6,376.8,365.95,372.4,370.55,372.95,,372.25,,,2754,1023796.0,216,F1,1,,,,,,2025-04-23
2025-04-23,2025-04-23,CM,BSE,STK,544210,INE168P01015,EMCURE,B,,,,,Emcure Pharmaceuticals Limited,1069.0,1107.0,1068.75,1099.4,1096.2,1070.85,,1100.2,,,16899,18484221.0,976,F1,1,,,,,,2025-04-23
2025-04-23,2025-04-23,CM,BSE,STK,544212,INF769K01LQ3,EVINDIA,B,,,,,Mirae Asset Mutual Fund,27.2,27.55,27.1,27.49,27.55,26.96,,27.49,,,8383,229057.0,141,F1,1,,,,,,2025-04-23
2025-04-23,2025-04-23,CM,BSE,STK,544213,INE0T3401029,ACLD,M,,,,,AELEA COMMODITIES LIMITED,195.0,195.0,186.0,192.1,192.2,191.3,,192.1,,,21000,3986100.0,35,F1,600,,,,,,2025-04-23
2025-04-23,2025-04-23,CM,BSE,STK,544214,INE0UK501010,THREEMPAPE,MT,,,,,THREE M PAPER BOARDS LIMITED,39.0,39.0,39.0,39.0,39.0,39.0,,39.0,,,2000,78000.0,1,F1,2000,,,,,,2025-04-23
2025-04-23,2025-04-23,CM,BSE,STK,544215,INF200KB1282,SBINEQWETF,B,,,,,SBI Mutual Fund,30.4,30.57,30.18,30.43,30.37,30.4,,30.47,,,3536,107519.0,42,F1,1,,,,,,2025-04-23
2025-04-23,2025-04-23,CM,BSE,STK,544216,INF109KC18W3,OILIETF,B,,,,,ICICI Prudential Mutual Fund,11.1,11.1,10.87,11.03,11.05,11.02,,11.03,,,248494,2733400.0,557,F1,1,,,,,,2025-04-23
2025-04-23,2025-04-23,CM,BSE,STK,544217,INE08NE01025,SANSTAR,B,,,,,SANSTAR LIMITED,100.0,100.0,96.43,98.43,98.43,98.06,,98.48,,,22348,2185540.0,476,F1,1,,,,,,2025-04-23
2025-04-23,2025-04-23,CM,BSE,STK,544218,INF209KB19Z4,ABSLPSE,B,,,,,Aditya Birla Sun Life Mutual F,9.84,9.92,9.78,9.92,9.92,9.86,,9.89,,,11311,111088.0,36,F1,1,,,,,,2025-04-23
2025-04-23,2025-04-23,CM,BSE,STK,544219,INE0MNP01016,VVIPIL,MT,,,,,VVIP Infratech Limited,188.1,188.1,180.8,184.0,184.0,184.45,,184.0,,,32400,5977740.0,26,F1,600,,,,,,2025-04-23
2025-04-23,2025-04-23,CM,BSE,STK,544220,INE0QMR01015,CTLLAB,MT,,,,,Clinitech Laboratory Limited,45.15,45.15,45.15,45.15,45.15,43.05,,45.15,,,1200,54180.0,1,F1,1200,,,,,,2025-04-23
2025-04-23,2025-04-23,CM,BSE,STK,544221,INE0RMR01013,KIZI,M,,,,,Kizi Apparels Limited,20.0,20.0,20.0,20.0,20.0,20.0,,20.0,,,3000,60000.0,1,F1,3000,,,,,,2025-04-23
2025-04-23,2025-04-23,CM,BSE,STK,544222,INE09XN01023,AKUMS,B,,,,,Akums Drugs and Pharmaceutical,508.2,511.9,495.0,505.75,505.0,505.85,,505.65,,,14303,7227328.0,440,F1,1,,,,,,2025-04-23
2025-04-23,2025-04-23,CM,BSE,STK,544223,INE0AG901020,CEIGALL,B,,,,,Ceigall India Limited,266.15,270.0,264.0,266.05,266.0,267.25,,266.2,,,16340,4345818.0,821,F1,1,,,,,,2025-04-23
2025-04-23,2025-04-23,CM,BSE,STK,544224,INE0OXY01013,AFCOM,M,,,,,Afcom Holdings Limited,714.1,731.75,700.2,717.8,717.8,717.0,,717.8,,,66720,47804676.0,225,F1,240,,,,,,2025-04-23
2025-04-23,2025-04-23,CM,BSE,STK,544225,INE0LXG01040,OLAELEC,B,,,,,Ola Electric Mobility Limited,53.64,53.64,50.94,52.57,52.57,53.07,,52.55,,,3187906,165731355.0,6699,F1,1,,,,,,2025-04-23
2025-04-23,2025-04-23,CM,BSE,STK,544226,INE02RE01045,FIRSTCRY,B,,,,,Brainbees Solutions Limited,365.95,368.15,358.45,364.25,363.0,366.15,,364.0,,,17232,6273808.0,599,F1,1,,,,,,2025-04-23
2025-04-23,2025-04-23,CM,BSE,STK,544227,INE00U401027,UNIECOM,B,,,,,UNICOMMERCE ESOLUTIONS LIMITED,131.1,131.1,126.9,128.7,128.45,129.4,,128.89,,,31970,4117754.0,1739,F1,1,,,,,,2025-04-23
2025-04-23,2025-04-23,CM,BSE,STK,544229,INF109KC19W1,METALIETF,B,,,,,ICICI Prudential Mutual Fund,8.66,8.77,8.61,8.74,8.75,8.69,,8.74,,,794010,6914701.0,616,F1,1,,,,,,2025-04-23
2025-04-23,2025-04-23,CM,BSE,STK,544230,INE0PQ101010,SSDL,B,,,,,SARASWATI SAREE DEPOT LIMITED,93.5,94.5,90.71,92.17,92.2,93.0,,92.32,,,5551,510352.0,171,F1,1,,,,,,2025-04-23
2025-04-23,2025-04-23,CM,BSE,STK,544232,INE00M901018,INTERARCH,B,,,,,Interarch Building Products Li,1750.8,1795.0,1698.5,1723.5,1710.1,1760.8,,1720.9,,,8113,14098967.0,704,F1,1,,,,,,2025-04-23
2025-04-23,2025-04-23,CM,BSE,STK,544233,INE0US801024,MFML,T,,,,,Mahalaxmi Fabric Mills Limited,30.2,32.36,30.2,32.28,32.36,30.82,,32.26,,,13251,426025.0,28,F1,1,,,,,,2025-04-23
2025-04-23,2025-04-23,CM,BSE,STK,544234,INE0URU01010,GLOBALE,T,,,,,Globale Tessile Limited,17.75,17.8,16.4,17.8,17.8,16.97,,17.75,,,4057,70312.0,27,F1,1,,,,,,2025-04-23
2025-04-23,2025-04-23,CM,BSE,STK,544235,INE0PPK01015,ORIENTTECH,B,,,,,Orient Technologies Limited,384.75,384.75,366.3,371.8,371.8,376.3,,371.95,,,40994,15292521.0,2031,F1,1,,,,,,2025-04-23
2025-04-23,2025-04-23,CM,BSE,STK,544236,INE0SK201011,RAL,M,,,,,Resourceful Automobile Limited,63.01,70.0,63.01,68.91,70.0,62.6,,68.91,,,30000,1965372.0,20,F1,1200,,,,,,2025-04-23
2025-04-23,2025-04-23,CM,BSE,STK,544237,INE0QA901010,RAPID,M,,,,,RAPID MULTIMODAL LOGISTICS LIM,51.95,51.95,51.95,51.95,51.95,50.0,,51.95,,,1600,83120.0,1,F1,1600,,,,,,2025-04-23
2025-04-23,2025-04-23,CM,BSE,STK,544238,INE0BS701011,PREMIERENE,B,,,,,Premier Energies Limited,1053.05,1097.25,1026.5,1068.4,1068.4,1027.1,,1068.7,,,456372,484918414.0,11067,F1,1,,,,,,2025-04-23
2025-04-23,2025-04-23,CM,BSE,STK,544239,INE06HJ01020,ECOSMOBLTY,B,,,,,ECOS (India) Mobility & Hospit,205.0,210.0,201.0,203.4,203.4,203.45,,203.42,,,7614,1554078.0,412,F1,1,,,,,,2025-04-23
2025-04-23,2025-04-23,CM,BSE,STK,544240,INE02ID01020,RAYMONDLSL,B,,,,,Raymond Lifestyle Limited,1054.9,1062.8,1036.6,1052.3,1044.85,1045.95,,1052.2,,,9137,9584487.0,601,F1,1,,,,,,2025-04-23
2025-04-23,2025-04-23,CM,BSE,STK,544241,INF769K01LX9,MULTICAP,B,,,,,Mirae Asset Mutual Fund,15.38,15.4,15.16,15.32,15.33,15.26,,15.34,,,123249,1886234.0,240,F1,1,,,,,,2025-04-23
2025-04-23,2025-04-23,CM,BSE,STK,544243,INE01FR01028,STYLEBAAZA,B,,,,,Baazar Style Retail Limited,338.05,344.4,312.1,316.1,316.1,336.05,,315.94,,,52058,16750585.0,1356,F1,1,,,,,,2025-04-23
2025-04-23,2025-04-23,CM,BSE,STK,544244,INE0RE001014,GALAPREC,B,,,,,Gala Precision Engineering Lim,923.5,939.0,897.2,917.65,917.0,906.85,,916.1,,,7926,7267455.0,663,F1,1,,,,,,2025-04-23
2025-04-23,2025-04-23,CM,BSE,STK,544245,INE0N4701016,NHL,M,,,,,Naturewings Holidays Limited,83.65,83.65,83.5,83.5,83.5,79.67,,83.5,,,3200,267440.0,2,F1,1600,,,,,,2025-04-23
2025-04-23,2025-04-23,CM,BSE,STK,544246,INE0DAB01012,RVTH,T,,,,,Revathi Equipment India Limite,875.0,903.9,870.0,875.0,875.0,881.8,,878.65,,,884,770225.0,35,F1,1,,,,,,2025-04-23
2025-04-23,2025-04-23,CM,BSE,STK,544247,INF740KA1UR9,TOP10ADD,B,,,,,DSP Mutual Fund,95.9,96.2,95.25,95.84,95.6,95.41,,95.93,,,7709,739031.0,185,F1,1,,,,,,2025-04-23
2025-04-23,2025-04-23,CM,BSE,STK,544248,INE0UYT01018,MCEL,M,,,,,MACH CONFERENCES AND EVENTS LI,200.25,204.0,194.8,201.45,201.35,198.3,,201.45,,,25200,5033460.0,41,F1,600,,,,,,2025-04-23
2025-04-23,2025-04-23,CM,BSE,STK,544249,INE0S2G01011,BALAJEE,B,,,,,SHREE TIRUPATI BALAJEE AGRO TR,46.8,47.5,46.2,47.09,46.95,46.84,,47.14,,,49704,2328483.0,944,F1,1,,,,,,2025-04-23
2025-04-23,2025-04-23,CM,BSE,STK,544250,INE0UOS01011,SANOFICONR,B,,,,,Sanofi Consumer Healthcare Ind,4937.75,4949.35,4937.1,4937.6,4937.1,4950.95,,4939.5,,,1318,6511645.0,84,F1,1,,,,,,2025-04-23
2025-04-23,2025-04-23,CM,BSE,STK,544251,INE0LY301010,SSL,M,,,,,Share Samadhan Limited,84.5,86.2,79.54,85.62,86.2,83.77,,85.62,,,57600,4833232.0,33,F1,1600,,,,,,2025-04-23
2025-04-23,2025-04-23,CM,BSE,STK,544252,INE377Y01014,BAJAJHFL,B,,,,,Bajaj Housing Finance Limited,132.0,132.5,128.3,131.85,131.85,131.2,,131.88,,,1596761,208990246.0,15405,F1,1,,,,,,2025-04-23
2025-04-23,2025-04-23,CM,BSE,STK,544253,INE0O6601022,KROSS,B,,,,,Kross Limited,176.9,177.1,170.1,172.25,171.3,173.95,,171.95,,,11603,2012895.0,392,F1,1,,,,,,2025-04-23
2025-04-23,2025-04-23,CM,BSE,STK,544254,INE0RWQ01014,TOLINS,T,,,,,Tolins Tyres Limited,127.15,135.2,124.5,133.7,133.5,130.8,,134.98,,,15695,2053378.0,272,F1,1,,,,,,2025-04-23
2025-04-23,2025-04-23,CM,BSE,STK,544256,INE953R01016,PNGJL,B,,,,,P N GADGIL JEWELLERS LIMITED,545.6,552.8,533.0,540.5,541.25,546.9,,540.25,,,8844,4798317.0,391,F1,1,,,,,,2025-04-23
2025-04-23,2025-04-23,CM,BSE,STK,544258,INE0CJF01024,WCIL,B,,,,,Western Carriers (India) Limit,81.3,83.0,78.0,79.98,79.98,80.49,,79.96,,,41270,3335999.0,736,F1,1,,,,,,2025-04-23
2025-04-23,2025-04-23,CM,BSE,STK,544259,INE0PZB01013,PFL,M,,,,,POPULAR FOUNDATIONS LIMITED,35.7,35.7,33.0,33.89,33.89,34.25,,33.89,,,18000,612750.0,6,F1,3000,,,,,,2025-04-23
2025-04-23,2025-04-23,CM,BSE,STK,544260,INE850M01015,NORTHARC,B,,,,,Northern Arc Capital Ltd.,210.85,224.3,207.15,221.9,221.9,210.85,,221.95,,,75166,16293432.0,2211,F1,1,,,,,,2025-04-23
2025-04-23,2025-04-23,CM,BSE,STK,544261,INE0QRL01017,ARKADE,B,,,,,ARKADE DEVELOPERS LIMITED,174.95,175.0,169.15,172.65,172.65,172.1,,172.52,,,69658,11983458.0,1222,F1,1,,,,,,2025-04-23
2025-04-23,2025-04-23,CM,BSE,STK,544262,INE939X01013,MANBA,B,,,,,Manba Finance Limited,140.0,140.1,136.7,137.45,137.0,138.4,,137.71,,,3943,545777.0,185,F1,1,,,,,,2025-04-23
2025-04-23,2025-04-23,CM,BSE,STK,544263,INE0Q3J01015,KRN,B,,,,,KRN HEAT EXCHANGER AND REFRIGE,825.65,852.4,817.0,822.3,822.3,816.2,,821.55,,,64082,53182429.0,1878,F1,1,,,,,,2025-04-23
2025-04-23,2025-04-23,CM,BSE,STK,544264,INE184O01015,DIFFNKG,T,,,,,Diffusion Engineers Limited,270.0,270.0,254.0,260.0,260.0,266.1,,259.2,,,7876,2026752.0,71,F1,1,,,,,,2025-04-23
2025-04-23,2025-04-23,CM,BSE,STK,544265,INE0QUL01011,NEXXUS,M,,,,,Nexxus Petro Industries Limite,123.3,123.3,123.3,123.3,123.3,118.0,,123.3,,,1200,147960.0,1,F1,1200,,,,,,2025-04-23
2025-04-23,2025-04-23,CM,BSE,STK,544266,INF769K01LZ4,BANKPSU,B,,,,,Mirae Asset Mutual Fund,67.2,67.2,66.22,66.78,66.78,67.04,,66.6,,,952,63521.0,17,F1,1,,,,,,2025-04-23
2025-04-23,2025-04-23,CM,BSE,STK,544267,INE0U6201010,SUBAM,M,,,,,SUBAM PAPERS LIMITED,104.0,104.0,99.1,100.03,101.1,103.11,,100.03,,,32800,3326368.0,39,F1,800,,,,,,2025-04-23
2025-04-23,2025-04-23,CM,BSE,STK,544268,INF769K01LY7,METAL,B,,,,,Mirae Asset Mutual Fund,8.72,8.75,8.6,8.71,8.7,8.69,,8.71,,,655205,5706357.0,184,F1,1,,,,,,2025-04-23
2025-04-23,2025-04-23,CM,BSE,STK,544269,INE471R01019,NPFL,M,,,,,NEOPOLITAN PIZZA AND FOODS LIM,17.36,17.36,16.0,16.0,16.0,15.5,,16.0,,,24000,400500.0,4,F1,6000,,,,,,2025-04-23
2025-04-23,2025-04-23,CM,BSE,STK,544271,INE0JVO01026,GARUDA,B,,,,,Garuda Construction and Engine,107.05,113.9,107.05,112.7,112.4,111.15,,112.75,,,40244,4526782.0,289,F1,1,,,,,,2025-04-23
2025-04-23,2025-04-23,CM,BSE,STK,544272,INE0YRO01015,SHIVTEXCHEM,M,,,,,SHIV TEXCHEM LIMITED,293.0,293.0,266.0,280.65,277.25,279.95,,280.65,,,20000,5574120.0,24,F1,800,,,,,,2025-04-23
2025-04-23,2025-04-23,CM,BSE,STK,544273,INE0APB01032,MGEL,B,,,,,MANGALAM GLOBAL ENTERPRISE LIM,15.31,15.31,14.69,14.81,14.81,15.01,,14.9,,,46931,701328.0,204,F1,1,,,,,,2025-04-23
2025-04-23,2025-04-23,CM,BSE,STK,544274,INE0V6F01027,HYUNDAI,A,,,,,HYUNDAI MOTOR INDIA LIMITED,1706.05,1725.35,1681.35,1720.95,1720.95,1703.8,,1721.4,,,34287,58448379.0,3389,F1,1,,,,,,2025-04-23
2025-04-23,2025-04-23,CM,BSE,STK,544275,INF109KC16X5,VAL30IETF,B,,,,,ICICI Prudential Mutual Fund,13.08,13.08,12.69,12.86,12.91,12.92,,12.92,,,33906,433202.0,81,F1,1,,,,,,2025-04-23
2025-04-23,2025-04-23,CM,BSE,STK,544276,INE0OPA01019,DBEIL,B,,,,,Deepak Builders and Engineers,150.4,150.4,146.35,146.65,146.85,148.4,,146.62,,,5426,799609.0,230,F1,1,,,,,,2025-04-23
2025-04-23,2025-04-23,CM,BSE,STK,544277,INE377N01017,WAAREEENER,B,,,,,Waaree Energies Limited,2835.0,3119.9,2740.4,3006.15,3006.15,2611.85,,3007.6,,,1428196,4187370403.0,58265,F1,1,,,,,,2025-04-23
2025-04-23,2025-04-23,CM,BSE,STK,544278,INE0PK601023,OCCLLTD,B,,,,,OCCL Limited,81.85,82.74,81.11,81.2,81.11,81.57,,81.9,,,2868,235787.0,82,F1,1,,,,,,2025-04-23
2025-04-23,2025-04-23,CM,BSE,STK,544279,INE497S01012,GODAVARIB,T,,,,,Godavari Biorefineries Limited,177.9,177.9,177.9,177.9,177.9,174.45,,177.9,,,5643,1003889.0,59,F1,1,,,,,,2025-04-23
2025-04-23,2025-04-23,CM,BSE,STK,544280,INE101I01011,AFCONS,B,,,,,Afcons Infrastructure Limited,445.8,445.8,437.0,438.0,437.75,442.15,,438.0,,,33577,14763158.0,1435,F1,1,,,,,,2025-04-23
2025-04-23,2025-04-23,CM,BSE,STK,544281,INE00YB01017,ABINFRA,B,,,,,A B INFRABUILD LIMITED,82.5,82.5,77.04,78.48,78.48,79.72,,78.38,,,5279,418505.0,379,F1,1,,,,,,2025-04-23
2025-04-23,2025-04-23,CM,BSE,STK,544282,INE0W2G01015,SAGILITY,B,,,,,Sagility India Limited,43.45,43.85,42.5,42.78,42.78,43.31,,42.75,,,484013,20767223.0,1649,F1,1,,,,,,2025-04-23
2025-04-23,2025-04-23,CM,BSE,STK,544283,INE622W01025,ACMESOLAR,B,,,,,ACME Solar Holdings Limited,219.6,224.7,212.3,222.75,222.75,216.5,,223.13,,,145411,31970174.0,2547,F1,1,,,,,,2025-04-23
2025-04-23,2025-04-23,CM,BSE,STK,544284,INF769K01MY5,LIQUIDPLUS,F,,,,,Mirae Asset Mutual Fund,1028.75,1028.75,1028.73,1028.75,1028.75,1028.58,,1028.73,,,287,295250.0,4,F1,1,,,,,,2025-04-23
2025-04-23,2025-04-23,CM,BSE,STK,544285,INE00H001014,SWIGGY,B,,,,,SWIGGY LIMITED,345.05,349.3,339.4,347.85,347.85,343.8,,348.05,,,325678,112348051.0,5157,F1,1,,,,,,2025-04-23
2025-04-23,2025-04-23,CM,BSE,STK,544286,INE995S01015,NIVABUPA,B,,,,,NIVA BUPA HEALTH INSURANCE COM,78.5,86.4,78.5,83.76,83.76,77.48,,83.77,,,1522790,127660007.0,8540,F1,1,,,,,,2025-04-23
2025-04-23,2025-04-23,CM,BSE,STK,544288,INE0UIZ01018,BLACKBUCK,B,,,,,ZINKA LOGISTICS SOLUTIONS LIMI,409.95,438.2,398.25,433.05,433.2,398.4,,432.6,,,22208,9584608.0,1034,F1,1,,,,,,2025-04-23
2025-04-23,2025-04-23,CM,BSE,STK,544289,INE0ONG01011,NTPCGREEN,B,,,,,NTPC GREEN ENERGY LIMITED,108.55,112.7,106.75,107.35,107.35,107.9,,107.26,,,705585,76869968.0,5512,F1,1,,,,,,2025-04-23
2025-04-23,2025-04-23,CM,BSE,STK,544290,INE0LLY01014,EIEL,B,,,,,ENVIRO INFRA ENGINEERS LIMITED,222.25,225.05,217.0,222.3,223.25,221.2,,221.99,,,47603,10542129.0,660,F1,1,,,,,,2025-04-23
2025-04-23,2025-04-23,CM,BSE,STK,544291,INE0VN801010,RAJESH,M,,,,,RAJESH POWER SERVICES LIMITED,1053.0,1268.6,1010.0,1259.05,1268.6,1057.2,,1259.05,,,747200,885511660.0,1579,F1,400,,,,,,2025-04-23
2025-04-23,2025-04-23,CM,BSE,STK,544292,INE013P01021,ONESOURCE,B,,,,,Onesource Specialty Pharma Lim,1554.25,1584.4,1532.05,1573.15,1584.4,1524.25,,1575.8,,,8305,12913625.0,960,F1,1,,,,,,2025-04-23
2025-04-23,2025-04-23,CM,BSE,STK,544293,INE877V01027,SURAKSHA,B,,,,,SURAKSHA DIAGNOSTIC LIMITED,316.05,316.3,304.95,311.3,313.9,312.45,,311.7,,,16862,5227623.0,1164,F1,1,,,,,,2025-04-23
2025-04-23,2025-04-23,CM,BSE,STK,544294,INE0OJW01016,ROSSTECH,T,,,,,Rossell Techsys Limited,318.1,318.2,312.0,318.0,318.0,312.0,,318.0,,,2889,913560.0,22,F1,1,,,,,,2025-04-23
2025-04-23,2025-04-23,CM,BSE,STK,544296,INE0DQN01013,NISUS,M,,,,,NISUS FINANCE SERVICES CO LIMI,389.0,389.0,350.0,365.25,365.25,372.55,,365.25,,,104000,38515240.0,121,F1,800,,,,,,2025-04-23
2025-04-23,2025-04-23,CM,BSE,STK,544301,INE054301028,ODIGMA,T,,,,,Odigma Consultancy Solutions L,41.0,41.0,40.18,40.2,40.2,41.0,,40.2,,,6425,259953.0,141,F1,1,,,,,,2025-04-23
2025-04-23,2025-04-23,CM,BSE,STK,544302,INE403Y01018,INNOVANA,B,,,,,Innovana Thinklabs Limited,344.8,350.0,340.0,341.45,340.0,341.0,,341.6,,,283,98119.0,87,F1,1,,,,,,2025-04-23
2025-04-23,2025-04-23,CM,BSE,STK,544303,INE0XAY01012,TTC,MT,,,,,TOSS THE COIN LIMITED,408.0,408.0,408.0,408.0,408.0,400.0,,408.0,,,1200,489600.0,2,F1,600,,,,,,2025-04-23
2025-04-23,2025-04-23,CM,BSE,STK,544304,INE0WCH01015,JUNGLECAMP,MT,,,,,JUNGLE CAMPS INDIA LIMITED,56.06,56.06,56.06,56.06,56.06,57.2,,56.06,,,28800,1614528.0,12,F1,1600,,,,,,2025-04-23
2025-04-23,2025-04-23,CM,BSE,STK,544305,INE0HLU01028,MOBIKWIK,B,,,,,One Mobikwik Systems Limited,280.7,285.1,273.75,279.65,279.65,278.8,,279.65,,,178556,49878046.0,3196,F1,1,,,,,,2025-04-23
2025-04-23,2025-04-23,CM,BSE,STK,544306,INE570L01029,SAILIFE,B,,,,,Sai Life Sciences Limited,710.05,720.3,705.5,711.4,713.95,706.3,,712.05,,,6138,4373002.0,474,F1,1,,,,,,2025-04-23
2025-04-23,2025-04-23,CM,BSE,STK,544307,INE01EA01019,VMM,B,,,,,Vishal Mega Mart Limited,113.1,113.25,110.0,110.5,110.5,112.65,,110.49,,,319233,35502851.0,2648,F1,1,,,,,,2025-04-23
2025-04-23,2025-04-23,CM,BSE,STK,544308,INE168C01013,HILLTONE,XT,,,,,Hilltone Software and Gases Lt,41.48,41.48,41.48,41.48,41.48,40.67,,41.48,,,250,10370.0,1,F1,1,,,,,,2025-04-23
2025-04-23,2025-04-23,CM,BSE,STK,544309,INE115Q01022,IKS,B,,,,,INVENTURUS KNOWLEDGE SOLUTIONS,1439.95,1529.05,1422.0,1518.85,1518.85,1420.2,,1518.2,,,37674,56275606.0,2821,F1,1,,,,,,2025-04-23
2025-04-23,2025-04-23,CM,BSE,STK,544310,INE00GK01023,YASHHV,MT,,,,,Yash Highvoltage Limited,195.55,195.55,195.55,195.55,195.55,191.75,,195.55,,,12000,2346600.0,12,F1,1000,,,,,,2025-04-23
2025-04-23,2025-04-23,CM,BSE,STK,544311,INE0Q9301021,IGIL,B,,,,,International Gemmological Ins,371.55,383.1,358.75,367.4,367.4,372.05,,367.65,,,177452,65561196.0,4659,F1,1,,,,,,2025-04-23
2025-04-23,2025-04-23,CM,BSE,STK,544313,INE0LB101011,NACDAC,MT,,,,,NACDAC Infrastructure Limited,45.99,45.99,44.65,45.9,45.9,47.0,,45.9,,,88000,3946560.0,22,F1,4000,,,,,,2025-04-23
2025-04-23,2025-04-23,CM,BSE,STK,544314,INE0JPD01013,SANATHAN,B,,,,,Sanathan Textiles Limited,434.0,434.0,405.8,426.3,426.65,425.45,,425.15,,,32850,13837694.0,2249,F1,1,,,,,,2025-04-23
2025-04-23,2025-04-23,CM,BSE,STK,544315,INE037Z01029,CEWATER,B,,,,,Concord Enviro Systems Limited,552.0,552.5,531.0,540.3,537.5,545.8,,540.35,,,14292,7732474.0,704,F1,1,,,,,,2025-04-23
2025-04-23,2025-04-23,CM,BSE,STK,544316,INE284H01025,DAMCAPITAL,B,,,,,DAM Capital Advisors Limited,229.5,230.0,222.0,227.9,228.3,225.55,,227.8,,,86627,19565606.0,1326,F1,1,,,,,,2025-04-23
2025-04-23,2025-04-23,CM,BSE,STK,544317,INE454P01035,TRANSRAILL,B,,,,,Transrail Lighting Limited,516.4,524.4,505.8,511.9,511.9,512.45,,511.75,,,167010,85972825.0,3034,F1,1,,,,,,2025-04-23
2025-04-23,2025-04-23,CM,BSE,STK,544318,INE0TO701015,MAMATA,B,,,,,MAMATA MACHINERY LIMITED,393.45,393.45,381.0,390.05,390.7,387.4,,390.2,,,32685,12636228.0,1295,F1,1,,,,,,2025-04-23
2025-04-23,2025-04-23,CM,BSE,STK,544319,INE0RB801010,SENORES,B,,,,,SENORES PHARMACEUTICALS LIMITE,540.0,540.0,519.5,530.6,530.15,530.7,,531.5,,,12360,6523955.0,374,F1,1,,,,,,2025-04-23
2025-04-23,2025-04-23,CM,BSE,STK,544320,INE0V7W01012,CARRARO,B,,,,,CARRARO INDIA LIMITED,321.0,329.0,317.1,323.1,324.0,323.3,,323.0,,,11710,3770880.0,740,F1,1,,,,,,2025-04-23
2025-04-23,2025-04-23,CM,BSE,STK,544321,INE781S01027,VENTIVE,B,,,,,Ventive Hospitality Limited,733.75,762.45,726.55,745.85,753.9,749.95,,745.2,,,13455,9993468.0,935,F1,1,,,,,,2025-04-23
2025-04-23,2025-04-23,CM,BSE,STK,544322,INE0U3I01011,UNIMECH,B,,,,,Unimech Aerospace and Manufact,1035.05,1045.0,1012.1,1025.05,1025.05,1033.6,,1023.75,,,6029,6193804.0,835,F1,1,,,,,,2025-04-23
2025-04-23,2025-04-23,CM,BSE,STK,544323,INF769K01NS5,CONSUMER,B,,,,,Mirae Asset Mutual Fund,11.13,11.2,11.01,11.19,11.2,11.09,,11.19,,,127843,1428552.0,54,F1,1,,,,,,2025-04-23
2025-04-23,2025-04-23,CM,BSE,STK,544325,INE379A01028,ITCHOTELS,B,,,,,ITC Hotels Limited,206.4,207.45,197.7,199.7,199.7,205.0,,199.88,,,412242,82540120.0,5907,F1,1,,,,,,2025-04-23
2025-04-23,2025-04-23,CM,BSE,STK,544326,INF754K01TX4,ECAPINSURE,B,,,,,Edelweiss Mutual Fund,20.77,20.82,20.39,20.71,20.82,20.51,,20.86,,,5507,113702.0,49,F1,1,,,,,,2025-04-23
2025-04-23,2025-04-23,CM,BSE,STK,544327,INE0ZHT01012,TECHNICHEM,MT,,,,,TECHNICHEM ORGANICS LIMITED,53.81,53.81,53.81,53.81,53.81,54.9,,53.81,,,76000,4089560.0,12,F1,2000,,,,,,2025-04-23
2025-04-23,2025-04-23,CM,BSE,STK,544328,INE622H01018,INDOFARM,T,,,,,INDO FARM EQUIPMENT LIMITED,162.25,162.25,157.0,158.8,160.75,160.75,,158.92,,,13000,2061193.0,210,F1,1,,,,,,2025-04-23
2025-04-23,2025-04-23,CM,BSE,STK,544329,INE0RH001011,VANDU,M,,,,,LEO DRYFRUITS & SPICES TRADING,56.0,56.0,56.0,56.0,56.0,56.0,,56.0,,,2000,112000.0,1,F1,2000,,,,,,2025-04-23
2025-04-23,2025-04-23,CM,BSE,STK,544330,INE0QQJ01021,PARMESHWAR,M,,,,,PARMESHWAR METAL LIMITED,62.6,66.4,62.25,64.0,64.0,66.0,,64.0,,,14000,900900.0,7,F1,2000,,,,,,2025-04-23
2025-04-23,2025-04-23,CM,BSE,STK,544331,INE0Q2L01013,DAVIN,MT,,,,,Davin Sons Retail Limited,21.8,23.15,21.8,23.15,23.15,22.05,,23.15,,,14000,319200.0,7,F1,2000,,,,,,2025-04-23
2025-04-23,2025-04-23,CM,BSE,STK,544332,INE0HSD01011,FABCLEAN,MT,,,,,FABTECH TECHNOLOGIES CLEANROOM,320.0,325.0,314.45,325.0,325.0,331.0,,325.0,,,89600,28717680.0,35,F1,1600,,,,,,2025-04-23
2025-04-23,2025-04-23,CM,BSE,STK,544333,INE0M4D01010,SGLTL,B,,,,,STANDARD GLASS LINING TECHNOLO,148.25,149.85,145.45,148.1,148.1,148.2,,148.38,,,48698,7184981.0,677,F1,1,,,,,,2025-04-23
2025-04-23,2025-04-23,CM,BSE,STK,544334,INE0FK501019,INDOBELL,MT,,,,,Indobell Insulations Limited,126.0,130.45,126.0,130.45,130.45,124.25,,130.45,,,15000,1932450.0,5,F1,3000,,,,,,2025-04-23
2025-04-23,2025-04-23,CM,BSE,STK,544335,INE00ST01011,BRGIL,M,,,,,B.R.GOYAL INFRASTRUCTURE LIMIT,128.0,128.0,119.95,123.0,123.0,122.1,,123.0,,,57000,6976300.0,49,F1,1000,,,,,,2025-04-23
2025-04-23,2025-04-23,CM,BSE,STK,544336,INE0LRY01011,QUADFUTURE,B,,,,,Quadrant Future Tek Limited,524.45,535.0,518.75,521.45,523.1,521.6,,521.5,,,199102,104719645.0,2844,F1,1,,,,,,2025-04-23
2025-04-23,2025-04-23,CM,BSE,STK,544337,INE0NQ401016,AVAX,M,,,,,Avax Apparels and Ornaments Li,145.0,145.0,145.0,145.0,145.0,143.0,,145.0,,,4000,580000.0,2,F1,2000,,,,,,2025-04-23
2025-04-23,2025-04-23,CM,BSE,STK,544338,INE0Z8Z23013,CAPINVIT,IF,,,,,Capital Infra Trust,89.47,89.47,88.5,88.64,88.51,88.75,,88.79,,,8879,787501.0,97,F1,1,,,,,,2025-04-23
2025-04-23,2025-04-23,CM,BSE,STK,544339,INE0WO601020,LAXMIDENTL,B,,,,,Laxmi Dental Limited,416.55,416.55,404.0,409.55,409.95,411.9,,409.5,,,21901,8995921.0,704,F1,1,,,,,,2025-04-23
2025-04-23,2025-04-23,CM,BSE,STK,544340,INE0CFH01028,RIKHAV,MT,,,,,Rikhav Securities Limited,79.53,79.53,74.6,75.1,75.5,77.17,,75.1,,,126400,9551248.0,44,F1,1600,,,,,,2025-04-23
2025-04-23,2025-04-23,CM,BSE,STK,544341,INE12QA01010,LICL,M,,,,,LANDMARK IMMIGRATION CONSULTAN,63.95,64.95,63.0,64.0,64.0,63.71,,64.0,,,8000,513040.0,5,F1,1600,,,,,,2025-04-23
2025-04-23,2025-04-23,CM,BSE,STK,544342,INE0RYC01010,STALLION,T,,,,,Stallion India Fluorochemicals,72.55,73.4,71.0,72.22,72.65,72.41,,72.25,,,30432,2195891.0,314,F1,1,,,,,,2025-04-23
2025-04-23,2025-04-23,CM,BSE,STK,544343,INE0WXM01011,CNINFOTECH,M,,,,,CAPITALNUMBERS INFOTECH  LIMIT,174.7,175.9,164.95,169.95,169.95,170.8,,169.95,,,376400,63489740.0,551,F1,400,,,,,,2025-04-23
2025-04-23,2025-04-23,CM,BSE,STK,544344,INE526E01018,SHRIPISTON,B,,,,,SHRIRAM PISTONS & RINGS LTD,1800.05,1942.85,1800.05,1926.55,1926.0,1904.55,,1925.6,,,4864,9311661.0,377,F1,1,,,,,,2025-04-23
2025-04-23,2025-04-23,CM,BSE,STK,544345,INE0R4L01018,DENTA,B,,,,,Denta Water and Infra Solution,325.0,332.95,316.9,326.15,326.0,325.0,,326.05,,,38771,12583173.0,1311,F1,1,,,,,,2025-04-23
2025-04-23,2025-04-23,CM,BSE,STK,544346,INE0AK901016,RRECL,T,,,,,RDB Real Estate Constructions,76.6,76.6,76.6,76.6,76.6,75.1,,76.6,,,1,76.0,1,F1,1,,,,,,2025-04-23
2025-04-23,2025-04-23,CM,BSE,STK,544347,INE0WDX01010,CLN,M,,,,,CLN ENERGY LIMITED,300.9,337.45,290.05,324.3,323.0,285.65,,324.3,,,102000,31962060.0,151,F1,600,,,,,,2025-04-23
2025-04-23,2025-04-23,CM,BSE,STK,544348,INE0RWU01016,GBLOGISTIC,MT,,,,,GB Logistics Commerce Limited,42.05,42.05,42.05,42.05,42.05,42.9,,42.05,,,8400,353220.0,7,F1,1200,,,,,,2025-04-23
2025-04-23,2025-04-23,CM,BSE,STK,544349,INE0DZD01015,HMEML,M,,,,,H.M. ELECTRO MECH LIMITED,80.7,92.99,80.7,89.22,89.0,80.6,,89.22,,,208000,18320560.0,125,F1,1600,,,,,,2025-04-23
2025-04-23,2025-04-23,CM,BSE,STK,544350,INE943P01029,AGARWALEYE,B,,,,,Dr. Agarwal's Health Care Limi,395.0,401.3,387.3,397.55,397.75,395.6,,398.1,,,27311,10763467.0,1186,F1,1,,,,,,2025-04-23
2025-04-23,2025-04-23,CM,BSE,STK,544351,INE0YON01014,MALPANI,M,,,,,MALPANI PIPES AND FITTINGS LIM,70.15,74.0,70.15,71.54,71.54,70.01,,71.54,,,44800,3233248.0,24,F1,1600,,,,,,2025-04-23
2025-04-23,2025-04-23,CM,BSE,STK,544352,INF740KA1VE5,NEXT30ADD,B,,,,,DSP Mutual Fund,37.07,37.51,36.89,37.51,37.51,36.92,,37.14,,,46,1718.0,3,F1,1,,,,,,2025-04-23
2025-04-23,2025-04-23,CM,BSE,STK,544353,INE0U2L01017,AMWILL,M,,,,,Amwill Health Care Limited,78.51,82.5,78.11,82.43,80.94,79.85,,82.43,,,152400,12533892.0,17,F1,1200,,,,,,2025-04-23
2025-04-23,2025-04-23,CM,BSE,STK,544354,INE0W0H01017,SOLARIUM,M,,,,,SOLARIUM GREEN ENERGY LIMITED,267.0,276.0,263.0,270.0,270.0,267.0,,270.0,,,57600,15440670.0,84,F1,600,,,,,,2025-04-23
2025-04-23,2025-04-23,CM,BSE,STK,544355,INE03CC01015,JUBLCPL,B,,,,,Jubilant Agri and Consumer Pro,1389.0,1400.0,1310.2,1333.25,1327.0,1335.55,,1332.8,,,549,745152.0,157,F1,1,,,,,,2025-04-23
2025-04-23,2025-04-23,CM,BSE,STK,544356,INE274Y01021,AJAXENGG,B,,,,,AJAX Engineering Limited,714.65,724.35,682.45,692.6,692.6,714.25,,692.7,,,19862,13810852.0,955,F1,1,,,,,,2025-04-23
2025-04-23,2025-04-23,CM,BSE,STK,544361,INE0R8101016,COVANCE,T,,,,,COVANCE SOFTSOL LIMITED,7.92,7.92,7.92,7.92,7.92,7.77,,7.92,,,2,15.0,2,F1,1,,,,,,2025-04-23
2025-04-23,2025-04-23,CM,BSE,STK,544362,INE093A01041,HEXT,B,,,,,Hexaware Technologies Limited,669.05,671.0,640.4,664.5,670.0,665.3,,665.25,,,804578,533550536.0,4739,F1,1,,,,,,2025-04-23
2025-04-23,2025-04-23,CM,BSE,STK,544363,INF582M01KS4,UNIONGOLD,E,,,,,UNION MUTUAL FUND,95.5,95.5,95.5,95.5,95.5,95.3,,95.55,,,1,95.0,1,F1,1,,,,,,2025-04-23
2025-04-23,2025-04-23,CM,BSE,STK,544364,INE0O9T01021,BAJAJINDEF,B,,,,,Indef Manufacturing Limited,240.7,245.3,232.0,234.3,234.3,242.35,,235.35,,,9509,2269131.0,778,F1,1,,,,,,2025-04-23
2025-04-23,2025-04-23,CM,BSE,STK,544365,INE0TD301017,SHANMUGA,M,,,,,SHANMUGA HOSPITAL LIMITED,39.5,39.5,38.27,38.3,38.3,41.0,,38.3,,,12000,466540.0,6,F1,2000,,,,,,2025-04-23
2025-04-23,2025-04-23,CM,BSE,STK,544366,INE0FFF01017,LKMEHTA,M,,,,,L.K.MEHTA POLYMERS LIMITED,51.3,51.3,50.26,50.26,50.26,52.0,,50.26,,,3200,162496.0,2,F1,1600,,,,,,2025-04-23
2025-04-23,2025-04-23,CM,BSE,STK,544367,INE0SII01026,QPOWER,B,,,,,QUALITY POWER ELECTRICAL EQUIP,372.25,374.95,354.55,371.95,370.9,371.7,,372.0,,,47144,17289961.0,2182,F1,1,,,,,,2025-04-23
2025-04-23,2025-04-23,CM,BSE,STK,544368,INE0TIR01017,SWASTH,MT,,,,,Swasth Foodtech India Limited,34.92,34.92,34.92,34.92,34.92,35.63,,34.92,,,1200,41904.0,1,F1,1200,,,,,,2025-04-23
2025-04-23,2025-04-23,CM,BSE,STK,544369,INE13VU01016,BEEZAASAN,MT,,,,,Beezaasan Explotech Limited,267.0,267.0,267.0,267.0,267.0,261.8,,267.0,,,41600,11107200.0,32,F1,800,,,,,,2025-04-23
2025-04-23,2025-04-23,CM,BSE,STK,544371,INE0NR501012,VIKRAMAR,B,,,,,VIKRAM AROMA LIMITED,101.3,101.38,94.72,98.5,98.5,92.17,,98.5,,,31411,3110736.0,264,F1,1,,,,,,2025-04-23
2025-04-23,2025-04-23,CM,BSE,STK,544372,INE0RXS01018,SHREENATH,MT,,,,,SHREENATH PAPER PRODUCTS LIMIT,16.0,17.0,15.95,16.8,16.8,16.4,,16.8,,,63000,1035990.0,20,F1,3000,,,,,,2025-04-23
2025-04-23,2025-04-23,CM,BSE,STK,544373,INE0VNH01014,NAPSGLOBAL,MT,,,,,NAPS Global India Limited,54.68,54.68,54.14,54.14,54.14,55.24,,54.14,,,3200,174112.0,2,F1,1600,,,,,,2025-04-23
2025-04-23,2025-04-23,CM,BSE,STK,544375,INF579M01BB5,GOLD360,E,,,,,360 ONE Mutual Fund,97.5,98.5,93.0,96.0,96.0,98.5,,95.5,,,1514,144281.0,53,F1,1,,,,,,2025-04-23
2025-04-23,2025-04-23,CM,BSE,STK,544376,INF769K01ON4,SELECTIPO,B,,,,,Mirae Asset Mutual Fund,44.9,45.03,44.7,45.03,45.03,44.55,,45.46,,,59,2643.0,10,F1,1,,,,,,2025-04-23
2025-04-23,2025-04-23,CM,BSE,STK,544377,INF769K01OA1,EQUAL200,B,,,,,Mirae Asset Mutual Fund,12.43,12.47,12.35,12.47,12.47,12.4,,12.47,,,8126,100780.0,10,F1,1,,,,,,2025-04-23
2025-04-23,2025-04-23,CM,BSE,STK,544379,INE0I0M01023,PRABHA,B,,,,,Prabha Energy Limited,211.05,215.05,204.9,213.65,214.95,207.4,,212.02,,,2274,476849.0,176,F1,1,,,,,,2025-04-23
2025-04-23,2025-04-23,CM,BSE,STK,544380,INF109K1A021,CASHIETF,F,,,,,ICICI Prudential Mutual Fund,1007.03,1007.03,1007.03,1007.03,1007.03,1006.87,,1007.05,,,811,816701.0,4,F1,1,,,,,,2025-04-23
2025-04-23,2025-04-23,CM,BSE,STK,544381,INE16IQ01014,SUPERIRON,MT,,,,,Super Iron Foundry Limited,38.36,40.4,38.36,39.78,39.99,40.0,,39.78,,,55200,2187528.0,27,F1,1200,,,,,,2025-04-23
2025-04-23,2025-04-23,CM,BSE,STK,544382,INF846KA1119,AXISVALUE,B,,,,,Axis Mutual Fund,27.56,27.66,27.36,27.66,27.66,27.37,,27.43,,,188,5184.0,18,F1,1,,,,,,2025-04-23
2025-04-23,2025-04-23,CM,BSE,STK,544383,INE0SMW01011,PPARIVAH,M,,,,,PARADEEP PARIVAHAN LIMITED,97.0,98.48,94.56,96.3,96.05,98.34,,96.3,,,24000,2318988.0,20,F1,1200,,,,,,2025-04-23
2025-04-23,2025-04-23,CM,BSE,STK,544384,INF0R8F01091,SILVERCASE,E,,,,,Zerodha Mutual Fund,9.85,10.0,9.8,9.94,9.94,9.81,,9.94,,,164946,1633218.0,235,F1,1,,,,,,2025-04-23
2025-04-23,2025-04-23,CM,BSE,STK,544385,INF200KB1712,SBIBPB,B,,,,,SBI Mutual Fund,38.53,39.01,38.4,39.01,39.01,39.0,,38.69,,,22,848.0,9,F1,1,,,,,,2025-04-23
2025-04-23,2025-04-23,CM,BSE,STK,544386,INE01EO01010,SPECTRUM,B,,,,,Spectrum Electrical Industries,1700.0,1759.0,1692.0,1759.0,1759.0,1709.55,,1738.2,,,33,56685.0,13,F1,1,,,,,,2025-04-23
2025-04-23,2025-04-23,CM,BSE,STK,544387,INE0TGG01014,DESCO,M,,,,,Desco Infratech Limited,224.0,225.0,200.0,213.1,215.9,217.0,,213.1,,,195000,41763550.0,161,F1,1000,,,,,,2025-04-23
2025-04-23,2025-04-23,CM,BSE,STK,544388,INE0PA401012,IDENTIXWEB,M,,,,,Identixweb Limited,67.7,68.0,64.65,65.57,68.0,67.7,,65.57,,,246000,16180180.0,109,F1,2000,,,,,,2025-04-23
2025-04-23,2025-04-23,CM,BSE,STK,544389,INF579M01BC3,SILVER360,E,,,,,360 ONE Mutual Fund,99.25,99.5,99.25,99.5,99.5,98.1,,99.35,,,42,4171.0,3,F1,1,,,,,,2025-04-23
2025-04-23,2025-04-23,CM,BSE,STK,544391,INE0KWJ01014,RETAGGIO,MT,,,,,Retaggio Industries Limited,22.61,22.99,22.11,22.11,22.11,23.1,,22.11,,,54000,1208040.0,9,F1,6000,,,,,,2025-04-23
2025-04-23,2025-04-23,CM,BSE,STK,544392,INE10XX01012,SPINAROO,MT,,,,,SPINAROO COMMERCIAL LIMITED,74.0,76.9,72.1,74.08,74.0,73.58,,74.08,,,228000,16978500.0,80,F1,2000,,,,,,2025-04-23
2025-04-23,2025-04-23,CM,BSE,STK,544393,INE12IB01015,INFONATIVE,MT,,,,,INFONATIVE SOLUTIONS LIMITED,39.87,39.87,39.87,39.87,39.87,41.96,,39.87,,,11200,446544.0,7,F1,1600,,,,,,2025-04-23
2025-04-23,2025-04-23,CM,BSE,STK,544394,INF109K1A153,EVIETF,B,,,,,ICICI Prudential Mutual Fund,27.07,27.6,26.93,27.6,27.6,26.93,,27.56,,,6165,166836.0,139,F1,1,,,,,,2025-04-23
2025-04-23,2025-04-23,CM,BSE,STK,555555,INF346A01034,SENSEXIETF,A,,,,,ICICI Prudential BSE Sensex ET,901.62,907.06,899.48,906.93,907.06,897.14,,904.96,,,124,112071.0,11,F1,1,,,,,,2025-04-23
2025-04-23,2025-04-23,CM,BSE,STK,570002,IN9623B01058,FELDVR,Z,,,,,Future Enterprises Limited,3.94,4.13,3.75,3.97,3.97,3.94,,3.9,,,570,2232.0,18,F1,1,,,,,,2025-04-23
2025-04-23,2025-04-23,CM,BSE,STK,570004,IN9175A01010,JISLDVREQS,B,,,,,JAIN IRRIGATION SYSTEMS LTD.,30.46,31.08,30.04,30.1,30.1,30.03,,30.36,,,534,16227.0,17,F1,1,,,,,,2025-04-23
2025-04-23,2025-04-23,CM,BSE,STK,570005,INE224E01036,GATECHDVR,B,,,,,GACM Technologies Limited - DV,0.98,1.02,0.94,0.99,0.99,0.98,,0.98,,,91777,87994.0,121,F1,1,,,,,,2025-04-23
2025-04-23,2025-04-23,CM,BSE,STK,590003,INE036D01028,KARURVYSYA,B,,,,,KARUR VYSYA BANK LTD.,228.25,228.25,217.95,221.55,222.55,226.1,,221.95,,,57809,12798771.0,928,F1,1,,,,,,2025-04-23
2025-04-23,2025-04-23,CM,BSE,STK,590005,INE484C01030,VEEDOL,B,,,,,VEEDOL CORPORATION LIMITED,1545.0,1545.05,1506.35,1529.15,1525.05,1529.4,,1531.5,,,747,1137001.0,180,F1,1,,,,,,2025-04-23
2025-04-23,2025-04-23,CM,BSE,STK,590006,INE098F01031,AMRUTANJAN,B,,,,,AMRUTANJAN HEALTH CARE LTD.,672.25,686.0,666.75,671.15,668.0,684.35,,670.2,,,1693,1144824.0,289,F1,1,,,,,,2025-04-23
2025-04-23,2025-04-23,CM,BSE,STK,590013,INE445C01015,XPROINDIA,B,,,,,XPRO INDIA LTD.,1148.2,1153.4,1115.0,1130.7,1139.3,1142.35,,1130.6,,,487,551767.0,101,F1,1,,,,,,2025-04-23
2025-04-23,2025-04-23,CM,BSE,STK,590018,INE598C01011,HISARMETAL,B,,,,,HISAR METAL INDUSTRIES LTD.,206.3,211.95,202.1,202.1,202.1,207.75,,202.73,,,2810,585483.0,135,F1,1,,,,,,2025-04-23
2025-04-23,2025-04-23,CM,BSE,STK,590021,INE838B01013,BHARATRAS,B,,,,,BHARAT RASAYAN LTD.,10120.0,10120.0,9896.95,9976.65,9930.35,10067.05,,9991.0,,,244,2433028.0,111,F1,1,,,,,,2025-04-23
2025-04-23,2025-04-23,CM,BSE,STK,590024,INE188A01015,FACT,B,,,,,FERTILIZERS & CHEMICALS TRAVAN,765.0,798.0,738.15,757.45,757.45,762.1,,757.6,,,89884,68462236.0,3542,F1,1,,,,,,2025-04-23
2025-04-23,2025-04-23,CM,BSE,STK,590025,INE424C01010,GINNIFILA,B,,,,,GINNI FILAMENTS LTD.,25.7,25.7,23.75,24.08,24.48,24.91,,24.13,,,8830,213066.0,480,F1,1,,,,,,2025-04-23
2025-04-23,2025-04-23,CM,BSE,STK,590030,INE147A01011,SPIC,B,,,,,SOUTHERN PETROCHEMICALS LTD.,85.2,85.23,82.75,83.37,83.4,84.17,,83.41,,,163511,13638499.0,915,F1,1,,,,,,2025-04-23
2025-04-23,2025-04-23,CM,BSE,STK,590031,INE244A01016,DENORA,B,,,,,DE NORA INDIA LTD.,856.25,866.95,829.8,837.0,836.0,856.25,,838.2,,,2426,2033922.0,280,F1,1,,,,,,2025-04-23
2025-04-23,2025-04-23,CM,BSE,STK,590041,INE641C01019,KAVVERITEL,T,,,,,KAVVERI TELECOM PRODUCTS LTD.,44.46,45.34,44.46,45.34,45.34,44.46,,45.34,,,26593,1205452.0,26,F1,1,,,,,,2025-04-23
2025-04-23,2025-04-23,CM,BSE,STK,590051,INE667G01023,SAKSOFT,B,,,,,SAKSOFT LTD.,163.9,167.8,163.15,165.95,166.45,161.95,,165.79,,,14045,2327424.0,522,F1,1,,,,,,2025-04-23
2025-04-23,2025-04-23,CM,BSE,STK,590056,INE498E01010,SALONA,B,,,,,SALONA COTSPIN LTD.,245.65,261.0,245.65,261.0,261.0,262.5,,259.51,,,91,22372.0,7,F1,1,,,,,,2025-04-23
2025-04-23,2025-04-23,CM,BSE,STK,590057,INE217G01035,EQUIPPP,T,,,,,EQUIPPP SOCIAL IMPACT TECHNOLO,20.82,21.49,20.74,21.43,21.49,21.83,,20.88,,,4662,97047.0,14,F1,1,,,,,,2025-04-23
2025-04-23,2025-04-23,CM,BSE,STK,590062,INE715B01021,ANDHRSUGAR,B,,,,,ANDHRA SUGARS LTD.,73.83,74.19,71.91,72.95,73.13,73.23,,72.94,,,3597,262265.0,111,F1,1,,,,,,2025-04-23
2025-04-23,2025-04-23,CM,BSE,STK,590065,INE547E01014,IMPAL,B,,,,,INDIA MOTOR PARTS & ACCESSORIE,1020.0,1035.35,996.1,1006.65,999.3,993.05,,1007.55,,,217,218603.0,83,F1,1,,,,,,2025-04-23
2025-04-23,2025-04-23,CM,BSE,STK,590066,INE805C01028,KCP,B,,,,,K.C.P.LTD.,214.7,219.15,210.6,217.15,217.15,213.2,,217.52,,,19123,4112636.0,625,F1,1,,,,,,2025-04-23
2025-04-23,2025-04-23,CM,BSE,STK,590068,INE731C01018,KHAITANLTD,B,,,,,KHAITAN (INDIA) LTD.,90.32,100.95,89.05,95.07,95.33,89.17,,95.36,,,23589,2165603.0,192,F1,1,,,,,,2025-04-23
2025-04-23,2025-04-23,CM,BSE,STK,590070,INE874F01027,RADAAN,T,,,,,RADAAN MEDIAWORKS (I) LTD.,3.81,3.81,3.81,3.81,3.81,3.81,,3.81,,,2479,9444.0,14,F1,1,,,,,,2025-04-23
2025-04-23,2025-04-23,CM,BSE,STK,590071,INE660A01013,SUNDARMFIN,B,,,,,SUNDARAM FINANCE LTD.,5338.7,5350.0,5102.2,5252.85,5175.0,5338.75,,5295.7,,,1235,6498462.0,278,F1,1,,,,,,2025-04-23
2025-04-23,2025-04-23,CM,BSE,STK,590072,INE073D01013,SUNDRMBRAK,B,,,,,SUNDARAM BRAKE LININGS LTD.,828.0,828.0,803.45,819.15,820.0,809.4,,812.05,,,218,177696.0,63,F1,1,,,,,,2025-04-23
2025-04-23,2025-04-23,CM,BSE,STK,590073,INE715A01015,WHEELS,B,,,,,WHEELS INDIA LTD.,708.0,708.0,684.15,695.2,692.75,704.6,,696.5,,,843,586025.0,136,F1,1,,,,,,2025-04-23
2025-04-23,2025-04-23,CM,BSE,STK,590075,INE112F01022,LAMBODHARA,B,,,,,LAMBODHARA TEXTILES LTD.,143.05,143.5,142.0,142.95,143.0,141.5,,142.63,,,1044,148861.0,42,F1,1,,,,,,2025-04-23
2025-04-23,2025-04-23,CM,BSE,STK,590078,INE683C01011,MAITHANALL,B,,,,,MAITHAN ALLOYS LTD.,986.0,1016.95,974.0,982.9,981.8,994.25,,982.3,,,6520,6458475.0,872,F1,1,,,,,,2025-04-23
2025-04-23,2025-04-23,CM,BSE,STK,590086,INE725E01024,ORISSAMINE,B,,,,,ORISSA MINERALS DEVELOPMENT CO,5758.45,5758.45,5449.7,5525.3,5525.0,5627.7,,5524.5,,,1465,8135879.0,422,F1,1,,,,,,2025-04-23
2025-04-23,2025-04-23,CM,BSE,STK,590095,INF204KB17I5,GOLDBEES,E,,,,,NIPPON INDIA ETF GOLD BEES,81.43,81.43,79.75,80.38,80.38,82.87,,80.39,,,1714293,137527956.0,10269,F1,1,,,,,,2025-04-23
2025-04-23,2025-04-23,CM,BSE,STK,590096,INF732E01037,LIQUIDBEES,F,,,,,NIPPON INDIA ETF LIQUID BEES,999.99,1000.01,999.99,1000.01,1000.01,1000.0,,999.99,,,255068,255068148.0,1159,F1,1,,,,,,2025-04-23
2025-04-23,2025-04-23,CM,BSE,STK,590097,INF174KA1HJ8,GOLD1,E,,,,,KOTAK MAHINDRA MUTUAL FUND - K,81.94,81.94,80.25,81.3,81.3,83.31,,81.13,,,64311,5199276.0,826,F1,1,,,,,,2025-04-23
2025-04-23,2025-04-23,CM,BSE,STK,590098,INF200KA16D8,SETFGOLD,E,,,,,SBI MUTUAL FUND - SBI GOLD EXC,82.95,84.25,82.06,82.82,82.82,85.22,,82.84,,,371995,30739302.0,3738,F1,1,,,,,,2025-04-23
2025-04-23,2025-04-23,CM,BSE,STK,590099,INF082J01408,QGOLDHALF,E,,,,,QUANTUM GOLD FUND - EXCHANGE T,80.88,80.88,79.51,80.18,80.12,82.5,,80.2,,,19019,1520402.0,200,F1,1,,,,,,2025-04-23
2025-04-23,2025-04-23,CM,BSE,STK,590101,INF789F1AUX7,GOLDSHARE,E,,,,,UTI MUTUAL FUND - UTI GOLD EXC,82.44,82.44,80.65,81.41,81.34,83.35,,81.5,,,116699,9481035.0,770,F1,1,,,,,,2025-04-23
2025-04-23,2025-04-23,CM,BSE,STK,590103,INF204KB14I2,NIFTYBEES,B,,,,,NIPPON INDIA ETF NIFTY BEES,271.41,272.24,269.6,271.8,271.8,270.02,,271.82,,,203569,55219287.0,1834,F1,1,,,,,,2025-04-23
2025-04-23,2025-04-23,CM,BSE,STK,590104,INF732E01045,JUNIORBEES,B,,,,,NIPPON INDIA ETF JUNIOR BEES,702.0,708.62,694.3,704.73,704.73,699.32,,704.32,,,55169,38646406.0,1221,F1,1,,,,,,2025-04-23
2025-04-23,2025-04-23,CM,BSE,STK,590106,INF204KB15I9,BANKBEES,B,,,,,NIPPON INDIA ETF BANK BEES,573.3,574.9,564.9,567.49,566.6,570.4,,567.42,,,22841,12969321.0,670,F1,1,,,,,,2025-04-23
2025-04-23,2025-04-23,CM,BSE,STK,590107,INF373I01023,PSUBANK,B,,,,,KOTAK MAHINDRA MUTUAL FUND - K,673.05,673.05,656.69,665.67,666.0,672.82,,667.72,,,2861,1896090.0,94,F1,1,,,,,,2025-04-23
2025-04-23,2025-04-23,CM,BSE,STK,590108,INF204KB16I7,PSUBNKBEES,B,,,,,NIPPON INDIA ETF PSU BANK BEES,75.34,75.34,73.33,74.4,74.74,74.71,,74.31,,,595932,43986427.0,1516,F1,1,,,,,,2025-04-23
2025-04-23,2025-04-23,CM,BSE,STK,590109,INF732E01128,SHARIABEES,B,,,,,NIPPON INDIA ETF SHARIAH BEES,500.0,505.73,498.51,505.45,505.73,497.37,,505.64,,,2405,1206534.0,102,F1,1,,,,,,2025-04-23
2025-04-23,2025-04-23,CM,BSE,STK,590110,INF082J01028,QNIFTY,B,,,,,Quantum Nifty 50 ETF,2640.0,2640.0,2615.71,2632.0,2632.0,2620.0,,2635.99,,,126,331545.0,19,F1,1,,,,,,2025-04-23
2025-04-23,2025-04-23,CM,BSE,STK,590113,INF204KB19I1,HNGSNGBEES,E,,,,,NIPPON INDIA ETF HANG SENG BEE,384.11,385.0,378.93,379.11,379.8,376.64,,379.28,,,19448,7418408.0,666,F1,1,,,,,,2025-04-23
2025-04-23,2025-04-23,CM,BSE,STK,590115,INF247L01536,MOM50,B,,,,,MOTILAL OSWAL MUTUAL FUND,249.35,250.72,247.79,249.61,249.58,249.35,,249.67,,,1212,301560.0,27,F1,1,,,,,,2025-04-23
2025-04-23,2025-04-23,CM,BSE,STK,590134,INE414A01015,MADRASFERT,B,,,,,Madras Fertilizer Limited,87.22,88.37,84.18,86.17,86.32,86.96,,86.21,,,31590,2731468.0,499,F1,1,,,,,,2025-04-23
2025-04-23,2025-04-23,CM,BSE,STK,590136,INF174K01F59,BANKNIFTY1,B,,,,,Kotak Mahindra Mutual Fund - P,574.4,574.9,565.7,567.82,567.82,571.68,,567.84,,,8658,4923734.0,304,F1,1,,,,,,2025-04-23
2025-04-23,2025-04-23,CM,BSE,STK,590137,INF200KA1580,SETFNIFBK,B,,,,,SBI Mutual Fund-Permitted,568.0,568.76,560.57,562.95,563.0,565.06,,562.09,,,2263,1271736.0,77,F1,1,,,,,,2025-04-23
2025-04-23,2025-04-23,CM,BSE,STK,590138,INF200KA1FS1,SETFNIF50,B,,,,,SBI Mutual Fund-Permitted,257.59,257.59,254.84,256.71,256.52,255.04,,256.48,,,309562,79457320.0,1100,F1,1,,,,,,2025-04-23
2025-04-23,2025-04-23,CM,BSE,STK,750965,INE958A20011,EUREKA-RE,R,,,,,Eureka Industries Ltd.,0.06,0.06,0.06,0.06,0.06,0.07,,0.06,,,297279,17836.0,65,F1,1,,,,,,2025-04-23
2025-04-23,2025-04-23,CM,BSE,STK,800161,IN0020110063,883GS2041,G,,,,,883GOI2041,119.7,119.75,119.7,119.75,119.75,124.75,,119.75,,,2,239.0,2,F1,1,,,,,,2025-04-23
2025-04-23,2025-04-23,CM,BSE,STK,800178,IN0020060086,828GS2032,G,,,,,828GOI2032,109.65,109.65,109.65,109.65,109.65,108.0,,109.65,,,1000,109650.0,1,F1,1,,,,,,2025-04-23
2025-04-23,2025-04-23,CM,BSE,STK,800268,IN0020170018,SGBMAY25,G,,,,,SOVEREIGN GOLD BOND 2017 SERIE,9617.0,9617.0,9350.0,9600.0,9600.0,9617.0,,9416.47,,,10,95084.0,6,F1,1,,,,,,2025-04-23
2025-04-23,2025-04-23,CM,BSE,STK,800273,IN0020170075,SGBOCT25V,G,,,,,SOVEREIGN GOLD BOND 2017 SERIE,9200.0,9200.0,9200.0,9200.0,9200.0,9100.0,,9156.5,,,5,46000.0,1,F1,1,,,,,,2025-04-23
2025-04-23,2025-04-23,CM,BSE,STK,800276,IN0020170109,SGBNOV258,G,,,,,SOVEREIGN GOLD BOND 2017 SERIE,9483.95,9483.95,9483.95,9483.95,9483.95,8856.0,,9391.98,,,10,94839.0,2,F1,1,,,,,,2025-04-23
2025-04-23,2025-04-23,CM,BSE,STK,800277,IN0020170117,SGBNOV25IX,G,,,,,SOVEREIGN GOLD BOND 2017 SERIE,9295.0,9295.0,9295.0,9295.0,9295.0,9295.0,,9248.0,,,1,9295.0,1,F1,1,,,,,,2025-04-23
2025-04-23,2025-04-23,CM,BSE,STK,800279,IN0020170133,SGBDEC25XI,G,,,,,SOVEREIGN GOLD BOND 2017 SERIE,9350.0,9350.0,9350.0,9350.0,9350.0,9200.0,,9350.0,,,7,65450.0,2,F1,1,,,,,,2025-04-23
2025-04-23,2025-04-23,CM,BSE,STK,800281,IN0020170158,SGBDEC2513,G,,,,,SOVEREIGN GOLD BOND 2017 SERIE,9400.0,9400.0,9390.0,9400.0,9400.0,9400.0,,9400.0,,,11,103340.0,4,F1,1,,,,,,2025-04-23
2025-04-23,2025-04-23,CM,BSE,STK,800287,IN0020180033,SGBMAY26,G,,,,,SOVEREIGN GOLD BOND 2019 SERIE,9272.08,9272.08,9272.08,9272.08,9272.08,9509.82,,9320.49,,,1,9272.0,1,F1,1,,,,,,2025-04-23
2025-04-23,2025-04-23,CM,BSE,STK,800288,IN0020180249,SGBOCT26,G,,,,,SOVEREIGN GOLD BOND 2019 SERIE,9699.0,9699.0,9699.0,9699.0,9699.0,9175.0,,9444.5,,,4,38796.0,1,F1,1,,,,,,2025-04-23
2025-04-23,2025-04-23,CM,BSE,STK,800289,IN0020180314,SGBNOV26,G,,,,,SOVEREIGN GOLD BOND 2019 SERIE,9152.0,9152.0,9152.0,9152.0,9152.0,8999.3,,9257.5,,,2,18304.0,1,F1,1,,,,,,2025-04-23
2025-04-23,2025-04-23,CM,BSE,STK,800290,IN0020180389,SGBDEC26,G,,,,,SOVEREIGN GOLD BOND 2019 SERIE,9300.0,9300.0,9300.0,9300.0,9300.0,9300.0,,9201.0,,,1,9300.0,1,F1,1,,,,,,2025-04-23
2025-04-23,2025-04-23,CM,BSE,STK,800297,IN0020190107,SGBAUG27,G,,,,,SOVEREIGN GOLD BOND 2019-20 SE,9200.0,9250.0,9134.0,9195.0,9195.0,9300.0,,9250.74,,,99,913859.0,18,F1,1,,,,,,2025-04-23
2025-04-23,2025-04-23,CM,BSE,STK,800301,IN0020190115,SGBSEP27,G,,,,,Sovereign Gold Bonds 2019-20 S,9105.0,9105.0,9000.0,9064.06,9064.06,9250.0,,9083.03,,,32,290507.0,6,F1,1,,,,,,2025-04-23
2025-04-23,2025-04-23,CM,BSE,STK,800302,IN0020190370,SGBOCT27,G,,,,,Sovereign Gold Bonds 2019 - 20,9070.0,9070.0,9070.0,9070.0,9070.0,9001.0,,9070.0,,,10,90700.0,1,F1,1,,,,,,2025-04-23
2025-04-23,2025-04-23,CM,BSE,STK,800309,IN0020190016,727GS2026,G,,,,,727GOI2026,100.35,100.35,100.35,100.35,100.35,101.4,,100.41,,,1,100.0,1,F1,1,,,,,,2025-04-23
2025-04-23,2025-04-23,CM,BSE,STK,800312,IN0020190461,SGBDC27VII,G,,,,,Sovereign Gold Bonds 2019-20 S,9300.0,9300.0,9300.0,9300.0,9300.0,9300.0,,9200.0,,,1,9300.0,1,F1,1,,,,,,2025-04-23
2025-04-23,2025-04-23,CM,BSE,STK,800314,IN0020190545,SGBFEB28IX,G,,,,,Sovereign Gold Bonds 2019-20 S,9069.01,9069.01,9051.0,9051.0,9051.0,8850.0,,9040.5,,,10,90618.0,4,F1,1,,,,,,2025-04-23
2025-04-23,2025-04-23,CM,BSE,STK,800315,IN0020190552,SGBMAR28X,G,,,,,Sovereign Gold Bonds 2019-20 S,9007.4,9007.4,9007.4,9007.4,9007.4,9250.0,,9053.2,,,2,18014.0,1,F1,1,,,,,,2025-04-23
2025-04-23,2025-04-23,CM,BSE,STK,800318,IN0020200062,SGBAPR28I,G,,,,,Sovereign Gold Bonds 2020-21 S,9212.0,9212.0,9210.0,9211.0,9211.0,9200.0,,9215.06,,,28,257906.0,6,F1,1,,,,,,2025-04-23
2025-04-23,2025-04-23,CM,BSE,STK,800320,IN0020200088,SGBMAY28,G,,,,,Sovereign Gold Bonds 2020-21 S,9110.0,9110.0,9102.0,9102.0,9102.0,9208.0,,9176.5,,,55,500810.0,3,F1,1,,,,,,2025-04-23
2025-04-23,2025-04-23,CM,BSE,STK,800322,IN0020200104,SGBJUN28,G,,,,,Sovereign Gold Bonds 2020-21 S,9225.0,9225.0,9210.0,9210.0,9210.0,9225.0,,9263.47,,,3,27645.0,2,F1,1,,,,,,2025-04-23
2025-04-23,2025-04-23,CM,BSE,STK,800324,IN0020200146,SGBJUL28IV,G,,,,,Sovereign Gold Bond 2020-21 IV,9052.0,9100.0,9040.0,9070.0,9070.0,9288.0,,9070.84,,,526,4762565.0,36,F1,1,,,,,,2025-04-23
2025-04-23,2025-04-23,CM,BSE,STK,800325,IN0020200161,SGBAUG28V,G,,,,,Sovereign Gold Bonds 2020-21 V,9299.0,9300.0,9080.0,9113.28,9113.28,9260.24,,9095.18,,,301,2753787.0,50,F1,1,,,,,,2025-04-23
2025-04-23,2025-04-23,CM,BSE,STK,800326,IN0020200187,68GS2060,G,,,,,68GOI2060,101.1,101.1,101.1,101.1,101.1,98.85,,101.55,,,80,8088.0,1,F1,1,,,,,,2025-04-23
2025-04-23,2025-04-23,CM,BSE,STK,800327,IN0020200195,SGBSEP28VI,G,,,,,Sovereign Gold Bonds 2020-21 S,9250.0,9250.0,9010.0,9030.0,9030.0,9221.08,,9050.25,,,240,2172844.0,31,F1,1,,,,,,2025-04-23
2025-04-23,2025-04-23,CM,BSE,STK,800328,IN0020200203,SGBOC28VII,G,,,,,Sovereign Gold Bonds 2020-21 S,9220.0,9220.0,9000.0,9037.5,9020.0,9220.0,,9038.08,,,77,698151.0,27,F1,1,,,,,,2025-04-23
2025-04-23,2025-04-23,CM,BSE,STK,800329,IN0020200286,SGBN28VIII,G,,,,,Sovereign Gold Bonds 2020-21 S,9102.0,9102.0,9055.0,9055.0,9055.0,9260.71,,9073.0,,,4,36361.0,3,F1,1,,,,,,2025-04-23
2025-04-23,2025-04-23,CM,BSE,STK,800330,IN0020200252,667GS2050,G,,,,,667GOI2050,100.4,100.4,100.4,100.4,100.4,98.16,,100.5,,,100,10040.0,1,F1,1,,,,,,2025-04-23
2025-04-23,2025-04-23,CM,BSE,STK,800331,IN0020200377,SGBJAN29IX,G,,,,,SGB 2020-21 Series IX,9298.0,9298.0,9045.0,9046.33,9045.0,9298.0,,9050.65,,,184,1671531.0,46,F1,1,,,,,,2025-04-23
2025-04-23,2025-04-23,CM,BSE,STK,800333,IN0020200393,SGBFEB29XI,G,,,,,SGB 2020-21 SERIES XI,9160.1,9423.99,9015.1,9015.1,9015.1,9160.1,,9060.85,,,30,273587.0,8,F1,1,,,,,,2025-04-23
2025-04-23,2025-04-23,CM,BSE,STK,800339,IN0020200427,SGBMR29XII,G,,,,,SGB 2020-21 Series XII,9021.0,9170.0,9001.1,9036.67,9050.0,9235.0,,9038.78,,,307,2780710.0,39,F1,1,,,,,,2025-04-23
2025-04-23,2025-04-23,CM,BSE,STK,800340,IN0020210053,SGBMAY29I,G,,,,,SGB 2021-22 Series I,9100.0,9100.0,9035.0,9074.93,9075.0,9234.55,,9074.94,,,175,1587392.0,35,F1,1,,,,,,2025-04-23
2025-04-23,2025-04-23,CM,BSE,STK,800341,IN0020210061,SGBJUN29II,G,,,,,SGB 2021-22 Series II,9085.0,9085.0,9085.0,9085.0,9085.0,9222.0,,9057.34,,,5,45425.0,1,F1,1,,,,,,2025-04-23
2025-04-23,2025-04-23,CM,BSE,STK,800342,IN0020210087,SGBJU29III,G,,,,,Sovereign Gold Bonds 2021-22,9027.0,9027.0,9027.0,9027.0,9027.0,9248.33,,9046.89,,,1,9027.0,1,F1,1,,,,,,2025-04-23
2025-04-23,2025-04-23,CM,BSE,STK,800367,IN0020210111,SGBJUL29IV,G,,,,,Sovereign Gold Bond Series IV,9050.0,9050.0,9050.0,9050.0,9050.0,9220.0,,9040.22,,,1,9050.0,1,F1,1,,,,,,2025-04-23
2025-04-23,2025-04-23,CM,BSE,STK,800385,IN0020210129,SGBAUG29V,G,,,,,Sovereign Gold Bonds 2021-22 S,9050.0,9125.0,9050.0,9125.0,9125.0,9222.94,,9100.18,,,3,27300.0,3,F1,1,,,,,,2025-04-23
2025-04-23,2025-04-23,CM,BSE,STK,800386,IN0020210145,SGBSEP29VI,G,,,,,Sovereign Gold Bonds 2021-22 S,9021.0,9100.0,9020.0,9020.0,9020.0,9243.58,,9079.4,,,110,994918.0,25,F1,1,,,,,,2025-04-23
2025-04-23,2025-04-23,CM,BSE,STK,800434,IN0020210178,SGBNV29VII,G,,,,,Sovereign Gold Bonds 2021-22 S,9259.0,9259.0,9035.0,9075.0,9075.0,9264.0,,9060.25,,,153,1385746.0,14,F1,1,,,,,,2025-04-23
2025-04-23,2025-04-23,CM,BSE,STK,800437,IN0020210228,SGBD29VIII,G,,,,,Sovereign Gold Bonds 2021-22 S,9024.0,9200.0,9024.0,9100.0,9100.0,9240.67,,9099.99,,,13,118117.0,11,F1,1,,,,,,2025-04-23
2025-04-23,2025-04-23,CM,BSE,STK,800438,IN0020210236,SGBJAN30IX,G,,,,,Soveriegn Gold Bonds 2021-22 S,9139.99,9139.99,9032.0,9095.25,9095.25,9225.0,,9053.58,,,22,200142.0,9,F1,1,,,,,,2025-04-23
2025-04-23,2025-04-23,CM,BSE,STK,800439,IN0020210319,SGBMAR30X,G,,,,,Sovereign Gold Bonds 2021-22 S,9055.0,9055.0,9055.0,9055.0,9055.0,9210.0,,9068.57,,,1,9055.0,1,F1,1,,,,,,2025-04-23
2025-04-23,2025-04-23,CM,BSE,STK,800440,IN0020210244,654GS2032,G,,,,,654GOI2032,100.8,100.8,100.8,100.8,100.8,102.0,,102.5,,,2,201.0,1,F1,1,,,,,,2025-04-23
2025-04-23,2025-04-23,CM,BSE,STK,800441,IN0020220029,754GS2036,G,,,,,754GOI2036,111.8,112.05,111.5,111.85,111.95,111.9,,111.69,,,333413,37289593.0,63,F1,1,,,,,,2025-04-23
2025-04-23,2025-04-23,CM,BSE,STK,800443,IN0020220045,SGBJUN30,G,,,,,Sovereign Gold Bonds 2022-23 S,9021.0,9100.0,9021.0,9067.46,9022.0,9325.0,,9075.22,,,76,688887.0,18,F1,1,,,,,,2025-04-23
2025-04-23,2025-04-23,CM,BSE,STK,800488,IN0020220078,SGBAUG30,G,,,,,Sovereign Gold Bonds 2022-23 S,9200.0,9200.0,9065.11,9091.27,9091.27,9217.26,,9113.44,,,30,274454.0,5,F1,1,,,,,,2025-04-23
2025-04-23,2025-04-23,CM,BSE,STK,800517,IN000958C024,GS19SEP2058,G,,,,,GS19SEP2058,35.48,35.48,35.48,35.48,35.48,36.39,,35.48,,,5,177.0,4,F1,1,,,,,,2025-04-23
2025-04-23,2025-04-23,CM,BSE,STK,800573,IN0020220110,SGBDE30III,G,,,,,Soverign Gold Bond 2022-23 Sr,9021.0,9150.0,8850.0,9119.0,9119.0,9258.0,,9104.97,,,27,244777.0,7,F1,1,,,,,,2025-04-23
2025-04-23,2025-04-23,CM,BSE,STK,800575,IN0020220169,SGBMAR31IV,G,,,,,Sovereign Gold Bond 2022-23 Sr,9100.0,9100.0,9100.0,9100.0,9100.0,9242.55,,9124.96,,,1,9100.0,1,F1,1,,,,,,2025-04-23
2025-04-23,2025-04-23,CM,BSE,STK,800580,IN0020230069,SGBJUN31I,G,,,,,Sovereign Gold Bonds 2023-24 S,9200.0,9200.0,9021.0,9121.26,9120.0,9316.0,,9131.75,,,579,5289392.0,107,F1,1,,,,,,2025-04-23
2025-04-23,2025-04-23,CM,BSE,STK,800583,IN0020210186,574GS2026,G,,,,,574GS2026,101.25,103.79,101.25,103.79,103.79,100.98,,102.52,,,3,306.0,2,F1,1,,,,,,2025-04-23
2025-04-23,2025-04-23,CM,BSE,STK,800584,IN0020230051,73GS2053,G,,,,,73GOI2053,108.0,108.0,108.0,108.0,108.0,107.3,,108.0,,,70316,7594128.0,2,F1,1,,,,,,2025-04-23
2025-04-23,2025-04-23,CM,BSE,STK,800596,IN0020230093,SGBSEP31II,G,,,,,Sovereign Gold Bonds 2023-24 S,9174.99,9176.0,9090.0,9109.44,9115.9,9262.73,,9098.92,,,519,4727567.0,102,F1,1,,,,,,2025-04-23
2025-04-23,2025-04-23,CM,BSE,STK,800598,IN0020230077,718GS2037,G,,,,,718GS2037,108.5,108.5,108.5,108.5,108.5,108.0,,107.65,,,1,108.0,1,F1,1,,,,,,2025-04-23
2025-04-23,2025-04-23,CM,BSE,STK,800603,IN0020230168,SGBDE31III,G,,,,,Sovereign Gold Bonds 2023-24 S,9240.0,9240.0,9100.0,9136.4,9100.0,9324.82,,9140.73,,,378,3456816.0,60,F1,1,,,,,,2025-04-23
2025-04-23,2025-04-23,CM,BSE,STK,800605,IN0020230184,SGBFEB32IV,G,,,,,Sovereign Gold Bonds 2023-24 S,9393.86,9393.86,9121.0,9277.5,9280.0,9391.14,,9263.69,,,284,2637250.0,60,F1,1,,,,,,2025-04-23
2025-04-23,2025-04-23,CM,BSE,STK,800608,IN0020240019,71GS2034,G,,,,,71GOI2034,105.0,105.2,105.0,105.2,105.2,104.5,,105.2,,,292,30698.0,6,F1,1,,,,,,2025-04-23
2025-04-23,2025-04-23,CM,BSE,STK,800618,IN0020240118,709GOI54,G,,,,,709GOI54,106.25,106.25,104.0,104.0,104.0,103.25,,105.75,,,400,42051.0,3,F1,1,,,,,,2025-04-23
2025-04-23,2025-04-23,CM,BSE,STK,800655,IN0020240027,723GS2039,G,,,,,723GS2039,106.0,106.0,106.0,106.0,106.0,105.75,,107.5,,,100,10600.0,1,F1,1,,,,,,2025-04-23
2025-04-23,2025-04-23,CM,BSE,STK,804922,IN002024Z099,364TB29525,G,,,,,364TB29525,98.5,98.5,98.0,98.0,98.0,99.0,,98.0,,,100,9801.0,3,F1,1,,,,,,2025-04-23
2025-04-23,2025-04-23,CM,BSE,STK,804952,IN002024Z198,364TB70825,G,,,,,364TB70825,97.1,97.1,97.1,97.1,97.1,97.24,,97.1,,,100,9710.0,4,F1,1,,,,,,2025-04-23
2025-04-23,2025-04-23,CM,BSE,STK,804967,IN002024Z248,364TB11925,G,,,,,364TB11925,96.5,96.5,96.5,96.5,96.5,96.5,,96.5,,,100,9650.0,8,F1,1,,,,,,2025-04-23
2025-04-23,2025-04-23,CM,BSE,STK,805021,IN002024Z420,364TB29126,G,,,,,364TB29126,94.0,94.0,94.0,94.0,94.0,94.0,,94.0,,,200,18800.0,2,F1,1,,,,,,2025-04-23
2025-04-23,2025-04-23,CM,BSE,STK,805022,IN002024X441,91TB080525,G,,,,,91TB080525,99.5,99.5,99.5,99.5,99.5,99.37,,99.47,,,22000,2189000.0,3,F1,1,,,,,,2025-04-23
2025-04-23,2025-04-23,CM,BSE,STK,805025,IN002024X458,91TB150525,G,,,,,91TB150525,99.0,99.0,99.0,99.0,99.0,99.0,,99.0,,,100,9900.0,3,F1,1,,,,,,2025-04-23
2025-04-23,2025-04-23,CM,BSE,STK,805040,IN002024X508,91TB190625,G,,,,,91TB190625,98.7,98.7,98.7,98.7,98.7,98.41,,98.85,,,200,19740.0,5,F1,1,,,,,,2025-04-23
2025-04-23,2025-04-23,CM,BSE,STK,805043,IN002024X516,91TB260625,G,,,,,91TB260625,98.0,98.85,98.0,98.85,98.85,98.85,,98.85,,,1620,159722.0,8,F1,1,,,,,,2025-04-23
2025-04-23,2025-04-23,CM,BSE,STK,805046,IN002025X018,91TB030725,G,,,,,91TB030725,98.0,98.0,98.0,98.0,98.0,98.6,,98.0,,,400,39200.0,2,F1,1,,,,,,2025-04-23
2025-04-23,2025-04-23,CM,BSE,STK,805049,IN002025X026,91TB110725,G,,,,,91TB110725,98.05,98.05,98.0,98.0,98.0,98.0,,98.16,,,300,29405.0,3,F1,1,,,,,,2025-04-23
2025-04-23,2025-04-23,CM,BSE,STK,805050,IN002025Y024,182T101025,G,,,,,182T101025,95.51,97.44,95.5,95.68,97.44,97.27,,96.48,,,110,10524.0,3,F1,1,,,,,,2025-04-23
2025-04-23,2025-04-23,CM,BSE,STK,805052,IN002025X034,91TB170725,G,,,,,91TB170725,98.05,98.5,98.05,98.5,98.5,0.0,,98.5,,,150,14730.0,3,F1,1,,,,,,2025-04-23
2025-04-23,2025-04-23,CM,BSE,STK,810978,IN1520230146,74GJ26,G,,,,,740GUJSDL26,100.0,100.0,100.0,100.0,100.0,100.5,,100.0,,,100,10000.0,1,F1,1,,,,,,2025-04-23
2025-04-23,2025-04-23,CM,BSE,STK,890157,IN9397D01014,AIRTELPP,A,,,,,Bharti Airtel  Ltd.,1399.65,1435.6,1394.8,1433.15,1434.9,1398.8,,1432.4,,,120,169848.0,31,F1,1,,,,,,2025-04-23
2025-04-23,2025-04-23,CM,BSE,STK,890197,IN9564C01011,YARNPP,XT,,,,,Yarn Syndicate Ltd.,5.55,5.55,5.04,5.28,5.28,5.3,,5.28,,,5746,29031.0,13,F1,1,,,,,,2025-04-23
2025-04-23,2025-04-23,CM,BSE,STK,890204,IN9236Y01028,NGILPP,B,,,,,NAKODA GROUP OF INDUSTRIES LIM,18.4,18.4,16.48,16.48,16.48,18.99,,16.48,,,108,1781.0,4,F1,1,,,,,,2025-04-23
2025-04-23,2025-04-23,CM,BSE,STK,890209,IN9628A01026,UPLPP,A,,,,,UPL Limited,451.0,469.0,441.0,463.6,462.0,453.55,,465.05,,,1868,862127.0,106,F1,1,,,,,,2025-04-23
2025-04-23,2025-04-23,CM,BSE,STK,890211,IN9526B01012,CALSOFTPP,T,,,,,California Software Co. Ltd.,3.74,3.74,3.4,3.66,3.66,3.57,,3.66,,,25510,88251.0,22,F1,1,,,,,,2025-04-23
2025-04-23,2025-04-23,CM,BSE,STK,935514,INE134E07588,760PFCL35,F,,,,,PFC-7.60%-3B-17-10-35-BOND,1190.0,1190.0,1190.0,1190.0,1190.0,1190.01,,1189.34,,,10,11900.0,1,F1,1,,,,,,2025-04-23
2025-04-23,2025-04-23,CM,BSE,STK,935540,INE020B07JQ2,714REC25,F,,,,,REC-7.14%-5-11-25-S-1B-NCD,1003.01,1003.01,1003.01,1003.01,1003.01,1020.01,,1003.01,,,215,215647.0,1,F1,1,,,,,,2025-04-23
2025-04-23,2025-04-23,CM,BSE,STK,935572,INE053F07827,732IRFC25,F,,,,,IRFC-7.32%-21-12-25-TAXFREENCD,1046.0,1046.0,1046.0,1046.0,1046.0,1043.0,,1046.5,,,25,26150.0,1,F1,1,,,,,,2025-04-23
2025-04-23,2025-04-23,CM,BSE,STK,935580,INE906B07EH2,739NHAI26,F,,,,,NHAI-7.39%-11-1-26-TAXFREENCD,1016.99,1017.9,1013.0,1017.71,1017.9,1016.0,,1017.71,,,314,319375.0,10,F1,1,,,,,,2025-04-23
2025-04-23,2025-04-23,CM,BSE,STK,935582,INE906B07EI0,735NHAI31,F,,,,,NHAI-7.35%-11-1-31-TAXFREENCD,1096.0,1096.0,1096.0,1096.0,1096.0,1082.01,,1100.5,,,1166,1277936.0,1,F1,1,,,,,,2025-04-23
2025-04-23,2025-04-23,CM,BSE,STK,935584,INE906B07EJ8,76NHAI31,F,,,,,NHAI-7.6%-11-1-31-TAXFREENCD,1106.99,1109.5,1106.99,1109.5,1109.5,1108.75,,1110.0,,,836,926841.0,15,F1,1,,,,,,2025-04-23
2025-04-23,2025-04-23,CM,BSE,STK,935616,INE202E07211,753IREDA26,F,,,,,IREDA-7.53%-21-1-26-TAXFEEENCD,1029.82,1029.82,1029.82,1029.82,1029.82,1020.0,,1029.82,,,5,5149.0,1,F1,1,,,,,,2025-04-23
2025-04-23,2025-04-23,CM,BSE,STK,935618,INE202E07229,774IREDA31,F,,,,,IREDA-7.74%-21-1-31-TAXFREENCD,1118.0,1118.0,1117.0,1118.0,1118.0,1113.0,,1119.5,,,163,182201.0,3,F1,1,,,,,,2025-04-23
2025-04-23,2025-04-23,CM,BSE,STK,935642,INE031A07AO5,764HUDCO31,F,,,,,HUDCO-7.64%-8-2-31-TAXFREENCD,1108.0,1108.0,1108.0,1108.0,1108.0,1107.2,,1112.45,,,300,332400.0,3,F1,1,,,,,,2025-04-23
2025-04-23,2025-04-23,CM,BSE,STK,935666,INE906B07EP5,769NHAI31,F,,,,,NHAI-7.69%-9-3-31-TAXFREENCD,1138.0,1144.9,1138.0,1144.9,1144.9,1136.0,,1147.15,,,546,622631.0,9,F1,1,,,,,,2025-04-23
2025-04-23,2025-04-23,CM,BSE,STK,935672,INE031A07AS6,729HUDCO26,F,,,,,HUDCO-7.29%-15-3-26-TAXFREENCD,1032.0,1032.0,1032.0,1032.0,1032.0,1032.0,,1032.0,,,8,8256.0,1,F1,1,,,,,,2025-04-23
2025-04-23,2025-04-23,CM,BSE,STK,935674,INE031A07AT4,769HUDCO31,F,,,,,HUDCO-7.69%-15-3-31-TAXFREENCD,1128.0,1128.0,1123.0,1123.0,1123.0,1124.0,,1123.0,,,174,196217.0,5,F1,1,,,,,,2025-04-23
2025-04-23,2025-04-23,CM,BSE,STK,935688,INE261F07024,729NABAR26,F,,,,,NABARD-7.29%-23-3-26-NCDS,1009.05,1009.05,1009.05,1009.05,1009.05,1008.1,,1009.05,,,10,10090.0,1,F1,1,,,,,,2025-04-23
2025-04-23,2025-04-23,CM,BSE,STK,935690,INE261F07032,764NABAR31,F,,,,,NABARD-7.64%-23-3-31-NCDS,1109.85,1109.85,1109.85,1109.85,1109.85,1105.33,,1109.85,,,300,332955.0,1,F1,1,,,,,,2025-04-23
2025-04-23,2025-04-23,CM,BSE,STK,935752,INE774D08MA6,9MMFSL26,F,,,,,MMFSL-9%-6-6-26-NCD,1087.0,1089.75,1085.5,1089.75,1089.75,1085.5,,1089.75,,,513,557848.0,11,F1,1,,,,,,2025-04-23
2025-04-23,2025-04-23,CM,BSE,STK,935788,INE530L07228,10NIDO26,F,,,,,NIDO-10%-19-7-26-NCD,1070.0,1070.0,1043.25,1043.25,1043.25,1061.0,,1044.38,,,22,23486.0,3,F1,1,,,,,,2025-04-23
2025-04-23,2025-04-23,CM,BSE,STK,935790,INE530L07236,NIDOZC26,F,,,,,NIDO-ZC-19-7-26-NCD,2251.0,2255.0,2251.0,2255.0,2255.0,2310.0,,2255.0,,,211,475405.0,2,F1,1,,,,,,2025-04-23
2025-04-23,2025-04-23,CM,BSE,STK,935856,INE148I07GJ7,865SCL26,F,,,,,SCL-8.65%-26-9-26-NCDS,991.0,991.0,991.0,991.0,991.0,997.0,,991.0,,,101,100091.0,2,F1,1,,,,,,2025-04-23
2025-04-23,2025-04-23,CM,BSE,STK,935858,INE148I07GK5,885SCL26,F,,,,,SCL-8.85%-26-9-26-NCDS,1002.11,1007.8,1002.11,1007.8,1007.8,993.2,,1007.8,,,112,112845.0,3,F1,1,,,,,,2025-04-23
2025-04-23,2025-04-23,CM,BSE,STK,935860,INE148I07GL3,9SCL26BA,F,,,,,SCL-9%-26-9-26-NCDS,1015.0,1015.0,1015.0,1015.0,1015.0,1011.0,,1015.0,,,5,5075.0,1,F1,1,,,,,,2025-04-23
2025-04-23,2025-04-23,CM,BSE,STK,936044,INE774D08MK5,800MMFSL27,F,,,,,MMFSL-8.00%-24-07-27-NCD,980.01,1002.8,980.01,1002.8,1002.8,993.06,,1002.8,,,60,59940.0,2,F1,1,,,,,,2025-04-23
2025-04-23,2025-04-23,CM,BSE,STK,936048,INE774D08MM1,805MMFSL32,F,,,,,MMFSL-8.05%-24-07-32-NCD,998.99,998.99,998.99,998.99,998.99,999.0,,998.99,,,166,165832.0,3,F1,1,,,,,,2025-04-23
2025-04-23,2025-04-23,CM,BSE,STK,936130,INE528S07110,888ERFL28,F,,,,,ERFL-8.88%-22-3-28-NCD,940.0,940.0,940.0,940.0,940.0,941.0,,939.5,,,33,31020.0,1,F1,1,,,,,,2025-04-23
2025-04-23,2025-04-23,CM,BSE,STK,936132,INE528S07128,925ERFL28,F,,,,,ERFL-9.25%-22-3-28-NCD,899.01,925.0,899.01,925.0,925.0,950.0,,925.0,,,2,1824.0,2,F1,1,,,,,,2025-04-23
2025-04-23,2025-04-23,CM,BSE,STK,936226,INE651J07630,934JMFCS28,F,,,,,JMFCSL-9.34%-7-6-28-NCD,1004.0,1004.0,1004.0,1004.0,1004.0,1028.7,,1004.0,,,80,80320.0,1,F1,1,,,,,,2025-04-23
2025-04-23,2025-04-23,CM,BSE,STK,936230,INE721A07NU1,903SFL28,F,,,,,SFL-9.03%-12-7-28-NCD,1026.0,1026.0,1024.0,1024.0,1024.0,1031.05,,1024.0,,,1350,1383750.0,3,F1,1,,,,,,2025-04-23
2025-04-23,2025-04-23,CM,BSE,STK,936236,INE721A07NX5,94SFL28,F,,,,,SFL-9.40%-12-7-28-NCD,1090.0,1091.5,1090.0,1091.5,1091.5,1091.3,,1091.5,,,15,16357.0,2,F1,1,,,,,,2025-04-23
2025-04-23,2025-04-23,CM,BSE,STK,936252,INE804I078Y8,943ECL28,F,,,,,EFL-9.43%-6-8-28-NCD,965.0,965.0,965.0,965.0,965.0,964.0,,962.5,,,10,9650.0,1,F1,1,,,,,,2025-04-23
2025-04-23,2025-04-23,CM,BSE,STK,936278,INE244L07168,96SFIL24A,F,,,,,SFIL-8.84%-25-9-28-NCD,998.0,998.0,918.0,918.0,918.0,918.0,,1009.0,,,90,87820.0,2,F1,1,,,,,,2025-04-23
2025-04-23,2025-04-23,CM,BSE,STK,936294,INE306N08292,910TCAP28,F,,,,,TCAP-9.10%-27-9-28-NCD,1084.0,1084.0,1083.8,1083.8,1083.8,1085.39,,1082.9,,,85,92125.0,3,F1,1,,,,,,2025-04-23
2025-04-23,2025-04-23,CM,BSE,STK,936320,INE538L07528,935AHFL28,F,,,,,AHFL-9.35%-29-9-28-NCD,1035.0,1035.0,1035.0,1035.0,1035.0,1039.0,,1035.0,,,40,41400.0,1,F1,1,,,,,,2025-04-23
2025-04-23,2025-04-23,CM,BSE,STK,936398,INE804IA7014,1015ECL29,F,,,,,EFL-10.15%-4-1-29-NCD,990.0,993.0,990.0,992.81,993.0,988.01,,992.68,,,550,546020.0,4,F1,1,,,,,,2025-04-23
2025-04-23,2025-04-23,CM,BSE,STK,936400,INE804IA7022,1060ECL29,F,,,,,EFL-10.60%-4-1-29-NCD,1000.0,1000.0,1000.0,1000.0,1000.0,966.0,,1000.0,,,5,5000.0,1,F1,1,,,,,,2025-04-23
2025-04-23,2025-04-23,CM,BSE,STK,936412,INE774D07SW9,93MMFSL27,F,,,,,MMFSL-9.3%-18-1-27-NCD,1032.0,1032.0,1032.0,1032.0,1032.0,1030.0,,1032.0,,,266,274512.0,24,F1,1,,,,,,2025-04-23
2025-04-23,2025-04-23,CM,BSE,STK,936454,INE721A07ON4,957ICCL25,F,,,,,SFL-9.38%-6-2-29-NCD,1026.5,1026.5,1025.0,1025.0,1025.0,1025.0,,1042.5,,,100,102575.0,2,F1,1,,,,,,2025-04-23
2025-04-23,2025-04-23,CM,BSE,STK,936528,INE027E07972,935LTF29,F,,,,,LTF-9.35%-13-3-29-NCD,1089.0,1089.0,1070.1,1070.1,1070.1,1069.6,,1066.0,,,73,78552.0,2,F1,1,,,,,,2025-04-23
2025-04-23,2025-04-23,CM,BSE,STK,936532,INE027E07998,898LTF29,F,,,,,LTF-8.98%-13-3-29-NCD,1069.9,1069.9,1069.9,1069.9,1069.9,1040.0,,1064.6,,,10,10699.0,1,F1,1,,,,,,2025-04-23
2025-04-23,2025-04-23,CM,BSE,STK,936622,INE403Q08167,KFLZC26A,F,,,,,KFL-ZC-5-5-26-NCD,1762.81,1762.81,1762.81,1762.81,1762.81,1757.5,,1762.81,,,10,17628.0,2,F1,1,,,,,,2025-04-23
2025-04-23,2025-04-23,CM,BSE,STK,936656,INE652X07100,MHLZC26,F,,,,,MHIL-ZC-13-11-26-NCD,1715.8,1715.8,1715.8,1715.8,1715.8,1700.42,,1715.8,,,150,257370.0,1,F1,1,,,,,,2025-04-23
2025-04-23,2025-04-23,CM,BSE,STK,936722,INE804IA7139,995ECL29A,F,,,,,EFL-9.95%-23-5-29-NCD,979.0,979.0,979.0,979.0,979.0,975.0,,979.0,,,25,24475.0,1,F1,1,,,,,,2025-04-23
2025-04-23,2025-04-23,CM,BSE,STK,936810,INE306N07LM5,865TCAPS27,F,,,,,TCAP-8.65%-26-8-27-NCD,1067.0,1067.0,1067.0,1067.0,1067.0,1067.0,,1067.0,,,20,21340.0,1,F1,1,,,,,,2025-04-23
2025-04-23,2025-04-23,CM,BSE,STK,936826,INE866I08311,IIFLZC25,F,,,,,IFL-ZC-6-6-25-NCD,1740.0,1740.0,1740.0,1740.0,1740.0,1728.17,,1739.99,,,150,261000.0,2,F1,1,,,,,,2025-04-23
2025-04-23,2025-04-23,CM,BSE,STK,936959,INE360T07082,MHFLZC26,F,,,,,MHFL-ZC-7-9-26-NCD,1734.74,1734.74,1734.74,1734.74,1734.74,1736.27,,1734.74,,,49,85002.0,1,F1,1,,,,,,2025-04-23
2025-04-23,2025-04-23,CM,BSE,STK,936975,INE804IA7246,995ECL29,F,,,,,ECL-9.95%-28-11-29-NCD,970.0,970.0,970.0,970.0,970.0,965.0,,970.0,,,123,119310.0,3,F1,1,,,,,,2025-04-23
2025-04-23,2025-04-23,CM,BSE,STK,937015,INE027E07BB0,85LTF26,F,,,,,LTF-8.50%-23-12-26-NCD,1027.5,1027.5,1027.5,1027.5,1027.5,1010.0,,1029.25,,,51,52402.0,2,F1,1,,,,,,2025-04-23
2025-04-23,2025-04-23,CM,BSE,STK,937017,INE027E07BC8,865LTF26,F,,,,,LTF-8.65%-23-12-26-NCD,1036.55,1040.0,1032.0,1034.52,1035.0,1036.55,,1034.33,,,672,694605.0,13,F1,1,,,,,,2025-04-23
2025-04-23,2025-04-23,CM,BSE,STK,937059,INE033L08270,TCHF30,F,,,,,TCH-SERIESVI-14-1-30-NCD,1069.0,1069.0,1069.0,1069.0,1069.0,1045.0,,1069.5,,,10,10690.0,1,F1,1,,,,,,2025-04-23
2025-04-23,2025-04-23,CM,BSE,STK,937071,INE721A07PN1,91SFL27,F,,,,,SFL-9.10%-28-1-27-NCD,969.2,969.2,969.1,969.1,969.1,1160.25,,1021.0,,,200,193832.0,2,F1,1,,,,,,2025-04-23
2025-04-23,2025-04-23,CM,BSE,STK,937191,INE302E08076,SFL25,F,,,,,SFL-8-7-25-NCD,1622.12,1622.12,1622.12,1622.12,1622.12,1629.95,,1622.12,,,14,22709.0,1,F1,1,,,,,,2025-04-23
2025-04-23,2025-04-23,CM,BSE,STK,937247,INE549K07683,925MFL25,F,,,,,MFL-9.25%-17-7-25-NCD,985.2,985.2,985.2,985.2,985.2,985.2,,985.2,,,800,788160.0,2,F1,1,,,,,,2025-04-23
2025-04-23,2025-04-23,CM,BSE,STK,937271,INE101Q07771,105MMFL25B,F,,,,,MMFL-10.5%-29-9-25-NCD,995.0,995.0,995.0,995.0,995.0,950.0,,995.0,,,100,99500.0,1,F1,1,,,,,,2025-04-23
2025-04-23,2025-04-23,CM,BSE,STK,937311,INE414G07FE0,MFLOPTII24,F,,,,,MFL-OII-5-11-25-NCD,976.2,976.2,976.2,976.2,976.2,988.75,,976.2,,,25,24405.0,1,F1,1,,,,,,2025-04-23
2025-04-23,2025-04-23,CM,BSE,STK,937331,INE101Q07847,105MMFL25C,F,,,,,MMFL-10.5%-21-11-25-NCD,995.0,995.0,995.0,995.0,995.0,995.0,,995.0,,,50,49750.0,1,F1,1,,,,,,2025-04-23
2025-04-23,2025-04-23,CM,BSE,STK,937343,INE532F07BO9,EFSLZC26,F,,,,,EFSL-ZC-8-1-26-NCD,1455.8,1455.8,1453.8,1453.8,1453.8,1455.8,,1453.8,,,199,289320.0,5,F1,1,,,,,,2025-04-23
2025-04-23,2025-04-23,CM,BSE,STK,937359,INE414G07FO9,MFLVI26,F,,,,,MFL-VI-11-1-26-NCD,1340.0,1340.0,1340.0,1340.0,1340.0,1335.0,,1340.0,,,128,171520.0,4,F1,1,,,,,,2025-04-23
2025-04-23,2025-04-23,CM,BSE,STK,937377,INE134E07AP6,683PFCL31,F,,,,,PFCL-6.83%-22-1-31-NCD,981.0,981.0,981.0,981.0,981.0,970.0,,981.0,,,150,147150.0,1,F1,1,,,,,,2025-04-23
2025-04-23,2025-04-23,CM,BSE,STK,937381,INE134E07AR2,697PFCL36,F,,,,,PFCL-6.97%-22-1-36-NCD,995.5,995.6,995.5,995.6,995.6,995.77,,995.6,,,217,216038.0,4,F1,1,,,,,,2025-04-23
2025-04-23,2025-04-23,CM,BSE,STK,937385,INE134E07AT8,715PFCL36,F,,,,,PFCL-7.15%-22-1-36-NCD,1010.06,1011.0,1010.06,1010.06,1010.06,1010.06,,1010.06,,,1930,1949444.0,3,F1,1,,,,,,2025-04-23
2025-04-23,2025-04-23,CM,BSE,STK,937409,INE549K08178,9MFL27,F,,,,,MFL-9%-29-1-27-NCD,965.2,980.0,965.2,970.0,970.0,975.0,,970.0,,,986,956350.0,9,F1,1,,,,,,2025-04-23
2025-04-23,2025-04-23,CM,BSE,STK,937439,INE549K07AB2,875MFL26A,F,,,,,MFL-8.75%-15-3-26-NCD,970.2,970.2,970.2,970.2,970.2,1005.0,,970.2,,,20,19404.0,1,F1,1,,,,,,2025-04-23
2025-04-23,2025-04-23,CM,BSE,STK,937453,INE530B08094,10IIFL28A,F,,,,,IFL-10%-24-6-28-NCD,980.0,980.0,980.0,980.0,980.0,962.0,,977.72,,,100,98000.0,3,F1,1,,,,,,2025-04-23
2025-04-23,2025-04-23,CM,BSE,STK,937455,INE530B08102,96IIFL28A,F,,,,,IFL-9.6%-24-6-28-NCD,950.05,955.46,950.05,955.46,955.46,950.05,,954.92,,,230,219052.0,3,F1,1,,,,,,2025-04-23
2025-04-23,2025-04-23,CM,BSE,STK,937469,INE414G07FV4,MFLVI31F,F,,,,,MFL-VI-20-4-31-NCD,950.0,950.0,950.0,950.0,950.0,965.0,,950.0,,,250,237500.0,5,F1,1,,,,,,2025-04-23
2025-04-23,2025-04-23,CM,BSE,STK,937495,INE532F07BX0,916EFSL26,F,,,,,EFSL-9.16%-29-4-26-NCD,970.0,975.52,970.0,975.52,975.52,980.0,,975.52,,,10,9727.0,2,F1,1,,,,,,2025-04-23
2025-04-23,2025-04-23,CM,BSE,STK,937549,INE549K08236,950MFCL27D,F,,,,,MFCL-9.5%-7-5-27-NCD,1000.0,1000.0,1000.0,1000.0,1000.0,993.33,,1000.0,,,862,862000.0,1,F1,1,,,,,,2025-04-23
2025-04-23,2025-04-23,CM,BSE,STK,937621,INE477L08154,96IIFL28,F,,,,,IHFL-9.60%-3-11-28-NCD,949.05,949.05,948.09,948.57,948.09,959.9,,955.69,,,20,18971.0,2,F1,1,,,,,,2025-04-23
2025-04-23,2025-04-23,CM,BSE,STK,937631,INE532F07CF5,915EFSL26,F,,,,,EFSL-9.15%-10-9-26-NCD,968.5,975.0,966.0,975.0,975.0,967.13,,975.0,,,603,584747.0,21,F1,1,,,,,,2025-04-23
2025-04-23,2025-04-23,CM,BSE,STK,937639,INE532F07CJ7,97EFSL31,F,,,,,EFSL-9.70%-10-9-31-NCD,950.2,950.2,950.2,950.2,950.2,973.8,,950.2,,,15,14253.0,1,F1,1,,,,,,2025-04-23
2025-04-23,2025-04-23,CM,BSE,STK,937703,INE403Q07CD1,KFLZC28B,F,,,,,KSFL-ZC-29-9-28-NCD,1110.0,1313.0,1110.0,1313.0,1313.0,1312.0,,1313.0,,,271,301013.0,2,F1,1,,,,,,2025-04-23
2025-04-23,2025-04-23,CM,BSE,STK,937709,INE523H07BP1,791JMFPL26,F,,,,,JMFPL-7.91%-7-10-26-NCD,973.0,975.0,973.0,975.0,975.0,970.0,,975.0,,,750,730250.0,3,F1,1,,,,,,2025-04-23
2025-04-23,2025-04-23,CM,BSE,STK,937743,INE0BUS08013,12IML26,F,,,,,IML-12%-24-11-26-NCD,1005.81,1005.81,1005.81,1005.81,1005.81,1009.45,,1005.81,,,9,9052.0,2,F1,1,,,,,,2025-04-23
2025-04-23,2025-04-23,CM,BSE,STK,937777,INE549K08293,975MFL29,F,,,,,MFL-9.75%-29-1-29-NCD,1004.0,1004.0,1004.0,1004.0,1004.0,1004.0,,1004.0,,,17,17068.0,1,F1,1,,,,,,2025-04-23
2025-04-23,2025-04-23,CM,BSE,STK,937801,INE532F07CR0,955EFSL26B,F,,,,,EFSL-9.55%-28-12-26-NCD,993.65,995.55,993.65,995.55,995.55,991.0,,995.55,,,27,26841.0,5,F1,1,,,,,,2025-04-23
2025-04-23,2025-04-23,CM,BSE,STK,937805,INE532F07CT6,93EFSL31A,F,,,,,EFSL-9.30%-28-12-31-NCD,915.5,915.5,915.0,915.0,915.0,915.5,,915.0,,,68,62253.0,5,F1,1,,,,,,2025-04-23
2025-04-23,2025-04-23,CM,BSE,STK,937825,INE477L07AN9,820IIFL27,F,,,,,IHFL-8.20%-3-1-27-NCD,964.0,964.0,964.0,964.0,964.0,958.25,,962.81,,,5,4820.0,1,F1,1,,,,,,2025-04-23
2025-04-23,2025-04-23,CM,BSE,STK,937831,INE477L07AQ2,843IHFL29,F,,,,,IHFL-8.43%-3-1-29-NCD,930.0,930.0,930.0,930.0,930.0,950.01,,930.0,,,30,27900.0,1,F1,1,,,,,,2025-04-23
2025-04-23,2025-04-23,CM,BSE,STK,937899,INE549K07BI5,MFLZC30,F,,,,,MFL-ZC-2-2-30-NCD,1269.0,1269.0,1269.0,1269.0,1269.0,1200.0,,1269.0,,,1,1269.0,1,F1,1,,,,,,2025-04-23
2025-04-23,2025-04-23,CM,BSE,STK,937921,INE01I507570,11KAFL27,F,,,,,KLM-11%-16-3-27-NCD,990.0,990.0,990.0,990.0,990.0,990.0,,990.0,,,50,49500.0,3,F1,1,,,,,,2025-04-23
2025-04-23,2025-04-23,CM,BSE,STK,937939,INE403Q07CO8,10KFIL27,F,,,,,KFIL-10-17-4-27-NCD,975.0,975.0,975.0,975.0,975.0,960.0,,975.0,,,50,48750.0,2,F1,1,,,,,,2025-04-23
2025-04-23,2025-04-23,CM,BSE,STK,938011,INE414G07GE8,MFLII27B,F,,,,,MFL-II-5-5-27-NCD,945.2,945.2,945.2,945.2,945.2,946.5,,945.2,,,100,94520.0,1,F1,1,,,,,,2025-04-23
2025-04-23,2025-04-23,CM,BSE,STK,938029,INE414G07GK5,MFLVIII27H,F,,,,,MFL-VIII-5-5-27-NCD,1215.0,1215.0,1215.0,1215.0,1215.0,1163.72,,1215.0,,,731,888165.0,2,F1,1,,,,,,2025-04-23
2025-04-23,2025-04-23,CM,BSE,STK,938051,INE101Q07AK0,MMFL25,F,,,,,MMFL-22-5-25-NCD,1275.0,1291.09,1275.0,1289.81,1289.81,1278.43,,1289.81,,,50,64121.0,3,F1,1,,,,,,2025-04-23
2025-04-23,2025-04-23,CM,BSE,STK,938073,INE414G07GP4,MFLV29,F,,,,,MFL-23-6-29-NCD,1020.0,1020.0,1020.0,1020.0,1020.0,1000.0,,1020.0,,,16,16320.0,1,F1,1,,,,,,2025-04-23
2025-04-23,2025-04-23,CM,BSE,STK,938091,INE0BUS07569,11IML27,F,,,,,IML-11%-27-7-27-NCD,1005.0,1005.0,1005.0,1005.0,1005.0,979.1,,1005.0,,,1,1005.0,1,F1,1,,,,,,2025-04-23
2025-04-23,2025-04-23,CM,BSE,STK,938099,INE523L07660,88NWIL25,F,,,,,NWIL-8.8%-15-07-25-NCD,991.0,994.0,987.66,991.0,991.0,989.55,,991.0,,,763,756189.0,12,F1,1,,,,,,2025-04-23
2025-04-23,2025-04-23,CM,BSE,STK,938103,INE523L07702,NWIL25,F,,,,,NWIL-15-7-25-NCD,1265.85,1265.85,1265.85,1265.85,1265.85,1259.0,,1265.85,,,12,15190.0,1,F1,1,,,,,,2025-04-23
2025-04-23,2025-04-23,CM,BSE,STK,938111,INE523L07744,953NWIL32,F,,,,,NWIL-9.53%-15-7-32-NCD,1000.0,1000.0,1000.0,1000.0,1000.0,970.0,,1000.0,,,1,1000.0,1,F1,1,,,,,,2025-04-23
2025-04-23,2025-04-23,CM,BSE,STK,938119,INE403Q07CS9,KFL25A,F,,,,,KFL-10-8-25-NCD,1240.0,1240.0,1235.0,1235.0,1235.0,1240.0,,1235.0,,,281,347535.0,6,F1,1,,,,,,2025-04-23
2025-04-23,2025-04-23,CM,BSE,STK,938129,INE403Q07CX9,KFL29,F,,,,,KFL-10-12-29-NCD,1214.9,1214.9,1214.9,1214.9,1214.9,1175.5,,1214.9,,,1,1214.0,1,F1,1,,,,,,2025-04-23
2025-04-23,2025-04-23,CM,BSE,STK,938135,INE549K07BN5,835MFL26,F,,,,,MFL-8.35%-6-9-26-NCD,956.2,956.2,956.2,956.2,956.2,967.0,,956.2,,,30,28686.0,1,F1,1,,,,,,2025-04-23
2025-04-23,2025-04-23,CM,BSE,STK,938214,INE532F07DC0,975EFSL27,F,,,,,EFSL-9.75%-20-10-27-NCD,997.8,997.8,997.8,997.8,997.8,994.0,,997.8,,,84,83815.0,2,F1,1,,,,,,2025-04-23
2025-04-23,2025-04-23,CM,BSE,STK,938218,INE532F07DD8,965EFSL32,F,,,,,EFSL-9.65%-20-10-32-NCD,955.0,955.0,955.0,955.0,955.0,949.0,,955.0,,,1,955.0,1,F1,1,,,,,,2025-04-23
2025-04-23,2025-04-23,CM,BSE,STK,938222,INE0H7R07017,79NHIT35,F,,,,,NHIT-25-10-35-INVIT,302.41,302.41,302.41,302.41,302.41,305.0,,306.99,,,69,20866.0,1,F1,1,,,,,,2025-04-23
2025-04-23,2025-04-23,CM,BSE,STK,938224,INE0H7R07025,79NHIT40,F,,,,,NHIT-25-10-40-INVIT,306.0,306.0,306.0,306.0,306.0,334.0,,305.75,,,69,21114.0,1,F1,1,,,,,,2025-04-23
2025-04-23,2025-04-23,CM,BSE,STK,938226,INE0H7R07033,79NHIT47,F,,,,,NHIT-7.9%-25-10-47-INVIT,412.0,414.0,408.15,408.15,408.15,410.0,,408.15,,,370,152176.0,3,F1,1,,,,,,2025-04-23
2025-04-23,2025-04-23,CM,BSE,STK,938256,INE414G07GV2,MFLTDII27,F,,,,,MFL-3-11-27-NCD,960.0,960.0,952.5,952.5,952.5,952.0,,952.5,,,72,68632.0,2,F1,1,,,,,,2025-04-23
2025-04-23,2025-04-23,CM,BSE,STK,938258,INE148I07MZ1,93SCL24A,F,,,,,SCL-9.15%-03-11-27-NCD,948.0,948.0,948.0,948.0,948.0,938.0,,948.0,,,7,6636.0,1,F1,1,,,,,,2025-04-23
2025-04-23,2025-04-23,CM,BSE,STK,938282,INE414G07HB2,735MFL25,F,,,,,MFL-7.35%-23-12-25-NCD,991.8,991.8,991.8,991.8,991.8,991.8,,991.8,,,100,99180.0,2,F1,1,,,,,,2025-04-23
2025-04-23,2025-04-23,CM,BSE,STK,938330,INE051307AB8,115CCIL28,F,,,,,CCIL-11.50%-11-1-28-NCD,1000.0,1000.0,1000.0,1000.0,1000.0,1008.0,,1000.0,,,200,200000.0,1,F1,1,,,,,,2025-04-23
2025-04-23,2025-04-23,CM,BSE,STK,938344,INE403Q07DB3,9KFL26A,F,,,,,KFL-9%-15-1-26-NCD,819.8,952.0,819.8,952.0,952.0,980.0,,952.0,,,3,2711.0,3,F1,1,,,,,,2025-04-23
2025-04-23,2025-04-23,CM,BSE,STK,938360,INE532F07DN7,960EFSL26C,F,,,,,EFSL-9.60%-20-1-26-NCD,990.2,1004.0,990.2,1004.0,1004.0,1000.0,,1004.0,,,196,195431.0,3,F1,1,,,,,,2025-04-23
2025-04-23,2025-04-23,CM,BSE,STK,938364,INE532F07DK3,967EFSL28D,F,,,,,EFSL-9.67%-20-1-28-NCD,958.0,958.0,950.0,957.95,957.95,957.5,,957.95,,,1172,1114269.0,17,F1,1,,,,,,2025-04-23
2025-04-23,2025-04-23,CM,BSE,STK,938368,INE532F07DG1,EFSLZC28,F,,,,,EFSL-Zero Coupon-20-1-28-NCD,1180.0,1180.0,1180.0,1180.0,1180.0,1190.65,,1180.0,,,41,48380.0,1,F1,1,,,,,,2025-04-23
2025-04-23,2025-04-23,CM,BSE,STK,938370,INE532F07DH9,10EFSL33B,F,,,,,EFSL-10%-20-1-33-NCD,949.0,949.0,945.0,945.0,945.0,945.0,,945.0,,,59,55855.0,2,F1,1,,,,,,2025-04-23
2025-04-23,2025-04-23,CM,BSE,STK,938426,INE549K07BS4,870MFL27,F,,,,,MFL-8.70%-2-2-27-NCD,977.0,977.0,977.0,977.0,977.0,975.0,,977.0,,,97,94769.0,2,F1,1,,,,,,2025-04-23
2025-04-23,2025-04-23,CM,BSE,STK,938428,INE549K07BW6,880MFL28,F,,,,,MFL-8.80%-2-2-28-NCD,968.0,968.0,968.0,968.0,968.0,960.96,,968.0,,,70,67760.0,1,F1,1,,,,,,2025-04-23
2025-04-23,2025-04-23,CM,BSE,STK,938434,INE414G07HL1,775MFL26,F,,,,,MFL-7.75%-10-4-26-NCD,992.2,992.2,992.0,992.0,992.0,985.0,,992.0,,,74,73408.0,4,F1,1,,,,,,2025-04-23
2025-04-23,2025-04-23,CM,BSE,STK,938442,INE414G07HQ0,81MFL28,F,,,,,MFL-8.1%-10-4-28-NCD,970.25,970.25,967.0,967.0,967.0,1000.0,,967.0,,,50,48442.0,4,F1,1,,,,,,2025-04-23
2025-04-23,2025-04-23,CM,BSE,STK,938506,INE244L07549,957SFIL28,F,,,,,SAFIL-25-4-26-NCD,1188.0,1188.0,1188.0,1188.0,1188.0,1188.0,,1188.0,,,1,1188.0,1,F1,1,,,,,,2025-04-23
2025-04-23,2025-04-23,CM,BSE,STK,938520,INE532F07DS6,960EFSL26,F,,,,,EFSL-9.60%-27-4-26-NCD,1000.55,1000.55,1000.55,1000.55,1000.55,1000.55,,1000.55,,,4,4002.0,1,F1,1,,,,,,2025-04-23
2025-04-23,2025-04-23,CM,BSE,STK,938522,INE532F07DU2,EFSL26B,F,,,,,EFSL-27-4-26-NCD,1174.6,1174.6,1174.6,1174.6,1174.6,1155.56,,1174.6,,,27,31714.0,2,F1,1,,,,,,2025-04-23
2025-04-23,2025-04-23,CM,BSE,STK,938524,INE532F07DT4,967EFSL28,F,,,,,EFSL-9.67%-27-4-28-NCD,974.5,974.5,974.5,974.5,974.5,970.0,,974.5,,,200,194900.0,3,F1,1,,,,,,2025-04-23
2025-04-23,2025-04-23,CM,BSE,STK,938530,INE532F07DX6,10EFSL33,F,,,,,EFSL-10%-27-4-33-NCD,948.8,948.8,948.8,948.8,948.8,940.0,,948.8,,,11,10436.0,1,F1,1,,,,,,2025-04-23
2025-04-23,2025-04-23,CM,BSE,STK,938552,INE414G07HZ1,785MFL2028,F,,,,,MFL-7.85%-3-6-28-NCD,998.78,998.78,998.78,998.78,998.78,965.0,,998.78,,,85,84896.0,2,F1,1,,,,,,2025-04-23
2025-04-23,2025-04-23,CM,BSE,STK,938554,INE414G07IA2,775MFL2025,F,,,,,MFL-7.75%-3-6-25-NCD,999.0,999.0,999.0,999.0,999.0,1069.0,,999.0,,,10,9990.0,1,F1,1,,,,,,2025-04-23
2025-04-23,2025-04-23,CM,BSE,STK,938558,INE414G07IC8,810MFL2028,F,,,,,MFL-8.10%-3-6-28-NCD,980.0,980.0,980.0,980.0,980.0,1041.5,,980.0,,,50,49000.0,2,F1,1,,,,,,2025-04-23
2025-04-23,2025-04-23,CM,BSE,STK,938570,INE549K07CC6,9MFL30A,F,,,,,MFL-9%-2-5-30-NCD,940.0,940.0,940.0,940.0,940.0,940.0,,940.0,,,2,1880.0,1,F1,1,,,,,,2025-04-23
2025-04-23,2025-04-23,CM,BSE,STK,938652,INE532F07EC8,92EFSL26,F,,,,,EFSL-9.20%-21-7-26-NCD,975.0,975.0,975.0,975.0,975.0,980.0,,975.0,,,17,16575.0,1,F1,1,,,,,,2025-04-23
2025-04-23,2025-04-23,CM,BSE,STK,938658,INE532F07EG9,967EFS28,F,,,,,EFSL-9.67%-21-7-28-NCD,957.5,957.5,957.5,957.5,957.5,950.0,,957.5,,,5,4787.0,1,F1,1,,,,,,2025-04-23
2025-04-23,2025-04-23,CM,BSE,STK,938664,INE532F07EI5,10EFS33,F,,,,,EFSL-10%-21-7-33-NCD,950.0,950.0,912.05,941.15,940.0,940.0,,941.15,,,199,188889.0,9,F1,1,,,,,,2025-04-23
2025-04-23,2025-04-23,CM,BSE,STK,938698,INE134E07CF3,750PFCL26,F,,,,,PFC-750%-1-8-26-NCD,1051.2,1051.8,1051.2,1051.65,1051.8,1050.6,,1051.65,,,400,420660.0,2,F1,1,,,,,,2025-04-23
2025-04-23,2025-04-23,CM,BSE,STK,938706,INE134E07CK3,755PFCL38,F,,,,,PFC-7.55%-1-8-38-NCD,1059.0,1059.63,1059.0,1059.63,1059.63,1075.8,,1059.63,,,500,529689.0,3,F1,1,,,,,,2025-04-23
2025-04-23,2025-04-23,CM,BSE,STK,938742,INE741K07579,970CAGL28,F,,,,,CAGL-9.70%-7-9-28-NCD,1013.58,1014.0,1007.0,1007.0,1007.0,1012.05,,1007.0,,,203,205810.0,3,F1,1,,,,,,2025-04-23
2025-04-23,2025-04-23,CM,BSE,STK,938796,INE549K07CL7,944MFL28A,F,,,,,MFL-9.44%-20-9-28-NCD,965.0,965.0,965.0,965.0,965.0,1000.0,,965.0,,,500,482500.0,2,F1,1,,,,,,2025-04-23
2025-04-23,2025-04-23,CM,BSE,STK,938830,INE148I07PL4,925SCL28C,F,,,,,SCL-10.15%-26-9-28-NCD,820.0,820.0,820.0,820.0,820.0,815.0,,830.82,,,115,94300.0,9,F1,1,,,,,,2025-04-23
2025-04-23,2025-04-23,CM,BSE,STK,938862,INE403Q07DV1,10KFL27,F,,,,,KFL-10%-27-9-27-NCD,995.0,995.0,995.0,995.0,995.0,965.0,,995.0,,,100,99500.0,2,F1,1,,,,,,2025-04-23
2025-04-23,2025-04-23,CM,BSE,STK,938868,INE414G07IK1,775MFLTD26,F,,,,,MFLTD-7.75%-4-10-26-NCD,965.2,970.0,965.2,970.0,970.0,986.48,,970.0,,,11,10646.0,2,F1,1,,,,,,2025-04-23
2025-04-23,2025-04-23,CM,BSE,STK,938874,INE414G07IN5,8MFLTD26,F,,,,,MFLTD-8%-4-10-26-NCD,1026.65,1035.8,1026.65,1035.8,1035.8,1026.63,,1035.8,,,144,148399.0,5,F1,1,,,,,,2025-04-23
2025-04-23,2025-04-23,CM,BSE,STK,938884,INE860H07IR8,ABCL26,F,,,,,ABCL-9-10-26-NCD,1100.0,1100.0,1100.0,1100.0,1100.0,1079.0,,1100.0,,,5,5500.0,1,F1,1,,,,,,2025-04-23
2025-04-23,2025-04-23,CM,BSE,STK,938894,INE532F07EJ3,895EFSL25A,F,,,,,EFSL-8.95%-26-10-25-NCD,1037.8,1037.8,1021.21,1021.21,1021.21,1021.21,,1021.21,,,12,12287.0,2,F1,1,,,,,,2025-04-23
2025-04-23,2025-04-23,CM,BSE,STK,938900,INE532F07EP0,960EFSLA,F,,,,,EFSL-9.60%-26-10-26-NCD,1027.6,1027.6,1003.2,1003.2,1003.2,1006.0,,1003.2,,,260,266566.0,2,F1,1,,,,,,2025-04-23
2025-04-23,2025-04-23,CM,BSE,STK,938902,INE532F07ES4,EFSLZC26C,F,,,,,EFSL-ZC-26-10-26-NCD,1109.25,1109.25,1100.0,1100.0,1100.0,1105.15,,1100.0,,,60,66092.0,3,F1,1,,,,,,2025-04-23
2025-04-23,2025-04-23,CM,BSE,STK,938910,INE532F07EL9,10EFSL33A,F,,,,,EFSL-10%-26-10-33-NCD,958.0,958.0,958.0,958.0,958.0,958.0,,958.0,,,9,8622.0,1,F1,1,,,,,,2025-04-23
2025-04-23,2025-04-23,CM,BSE,STK,939006,INE321N07335,955IFSL25,F,,,,,IFSL-9.55%-10-11-25-NCD,375.78,375.78,375.78,375.78,375.78,380.57,,375.78,,,4,1503.0,1,F1,1,,,,,,2025-04-23
2025-04-23,2025-04-23,CM,BSE,STK,939048,INE413U07228,960ISFL25,F,,,,,ISFL-9.60%-21-12-25-NCD,1003.5,1003.5,1003.5,1003.5,1003.5,1015.0,,1003.5,,,45,45157.0,1,F1,1,,,,,,2025-04-23
2025-04-23,2025-04-23,CM,BSE,STK,939054,INE413U07269,1003ISFL28,F,,,,,ISFL-10.03%-21-12-28-NCD,990.0,990.0,989.0,989.0,989.0,989.0,,989.0,,,32,31649.0,4,F1,1,,,,,,2025-04-23
2025-04-23,2025-04-23,CM,BSE,STK,939056,INE413U07251,1050ISFL28,F,,,,,ISFL-10.50%-21-12-28-NCD,936.0,1005.0,936.0,1005.0,1005.0,960.0,,1005.0,,,27,27030.0,3,F1,1,,,,,,2025-04-23
2025-04-23,2025-04-23,CM,BSE,STK,939098,INE05F407AZ7,MML30,F,,,,,MML-21-3-30-NCD,1100.0,1100.0,1100.0,1100.0,1100.0,1072.5,,1100.0,,,5,5500.0,1,F1,1,,,,,,2025-04-23
2025-04-23,2025-04-23,CM,BSE,STK,939110,INE148I07RK2,SCLZC25F,F,,,,,SCL-ZC-27-12-25-NCD,1100.0,1100.0,1100.0,1100.0,1100.0,1100.0,,1100.0,,,1,1100.0,1,F1,1,,,,,,2025-04-23
2025-04-23,2025-04-23,CM,BSE,STK,939116,INE148I07RJ4,948SCL26B,F,,,,,SCL-9.48%-27-12-26-NCD,951.31,951.31,951.31,951.31,951.31,975.7,,951.31,,,1,951.0,1,F1,1,,,,,,2025-04-23
2025-04-23,2025-04-23,CM,BSE,STK,939160,INE403Q07DY5,925FL27,F,,,,,KFL-9.25%-17-1-27-NCD,974.0,974.0,974.0,974.0,974.0,974.0,,974.0,,,100,97400.0,2,F1,1,,,,,,2025-04-23
2025-04-23,2025-04-23,CM,BSE,STK,939164,INE403Q07ED7,10KFL28,F,,,,,KFL-10%-17-1-28-NCD,999.0,999.0,985.0,985.0,985.0,999.0,,985.0,,,12,11848.0,2,F1,1,,,,,,2025-04-23
2025-04-23,2025-04-23,CM,BSE,STK,939190,INE532F07EU0,920EFSL27,F,,,,,EFSL-9.20%-29-1-27-NCD,965.0,965.0,965.0,965.0,965.0,941.5,,965.0,,,249,240285.0,1,F1,1,,,,,,2025-04-23
2025-04-23,2025-04-23,CM,BSE,STK,939212,INE414G07IV8,850MFL27A,F,,,,,MFL-8.50%-25-1-27-NCD,1014.9,1014.9,1014.9,1014.9,1014.9,1014.9,,1014.9,,,100,101490.0,1,F1,1,,,,,,2025-04-23
2025-04-23,2025-04-23,CM,BSE,STK,939280,INE302E07623,SFL270224A,F,,,,,SFL-29-3-31-NCD,1100.0,1100.0,1100.0,1100.0,1100.0,1120.0,,1100.0,,,20,22000.0,2,F1,1,,,,,,2025-04-23
2025-04-23,2025-04-23,CM,BSE,STK,939335,INE342T07460,1065NFL27,F,,,,,NFL-10.65%-13-3-27-NCD,1003.5,1003.5,1003.5,1003.5,1003.5,1003.2,,1003.46,,,341,342193.0,4,F1,1,,,,,,2025-04-23
2025-04-23,2025-04-23,CM,BSE,STK,939443,INE549K07DW2,890MFCL26,F,,,,,MFCL-8.90%-30-6-26-NCD,1022.13,1022.13,996.55,996.55,996.55,987.0,,996.55,,,677,691595.0,4,F1,1,,,,,,2025-04-23
2025-04-23,2025-04-23,CM,BSE,STK,939469,INE338I07131,885MOFSL26,F,,,,,MOFSL-8.85%-9-5-26-NCD,1076.17,1076.17,1056.2,1056.2,1056.2,1073.71,,1056.2,,,20,21223.0,2,F1,1,,,,,,2025-04-23
2025-04-23,2025-04-23,CM,BSE,STK,939473,INE338I07149,91MOFSL27,F,,,,,MOFSL-9.1%-9-5-27-NCD,1085.05,1085.05,1085.05,1085.05,1085.05,1084.0,,1085.05,,,2,2170.0,1,F1,1,,,,,,2025-04-23
2025-04-23,2025-04-23,CM,BSE,STK,939483,INE338I07123,97MOFSL34,F,,,,,MOFSL-9.7%-9-5-34-NCD,1143.95,1143.95,1143.95,1143.95,1143.95,1107.0,,1143.95,,,50,57197.0,2,F1,1,,,,,,2025-04-23
2025-04-23,2025-04-23,CM,BSE,STK,939531,INE148I07TQ5,925SCL29A,F,,,,,SCL-9.25%-31-5-29-NCD,900.0,935.0,900.0,927.68,925.01,900.0,,927.68,,,92,84035.0,6,F1,1,,,,,,2025-04-23
2025-04-23,2025-04-23,CM,BSE,STK,939541,INE148I07TP7,1075SCL34,F,,,,,SCL-10.75%-31-5-34-NCD,1028.7,1028.7,1025.19,1025.19,1025.19,1017.31,,1023.44,,,23,23625.0,3,F1,1,,,,,,2025-04-23
2025-04-23,2025-04-23,CM,BSE,STK,939545,INE148I07TN2,1025SCL34A,F,,,,,SCL-10.25%-31-05-2034-NCD,980.0,980.0,980.0,980.0,980.0,985.0,,980.0,,,1,980.0,1,F1,1,,,,,,2025-04-23
2025-04-23,2025-04-23,CM,BSE,STK,939549,INE248U07FD5,916ONE25,F,,,,,360ONEPL-9.16%-12-12-25-NCD,1040.2,1040.2,1040.2,1040.2,1040.2,1072.58,,1040.2,,,5,5201.0,1,F1,1,,,,,,2025-04-23
2025-04-23,2025-04-23,CM,BSE,STK,939553,INE248U07FJ2,935ONE26,F,,,,,360ONEPL-9.35%-12-6-26-NCD,1075.0,1075.0,1075.0,1075.0,1075.0,1075.0,,1075.0,,,107,115025.0,2,F1,1,,,,,,2025-04-23
2025-04-23,2025-04-23,CM,BSE,STK,939617,INE532F07FR3,957EFSL27,F,,,,,EFSL-9.57%-26-7-27-NCD,993.0,993.0,980.0,980.0,980.0,970.0,,980.0,,,10,9865.0,2,F1,1,,,,,,2025-04-23
2025-04-23,2025-04-23,CM,BSE,STK,939639,INE103C07025,10SMCGSL26,F,,,,,SMCGSL-10%-07-8-26-NCD,1050.0,1050.0,1040.25,1040.93,1040.25,1050.0,,1040.93,,,25,26068.0,3,F1,1,,,,,,2025-04-23
2025-04-23,2025-04-23,CM,BSE,STK,939643,INE103C07033,0SMCGSL26,F,,,,,SMCGSL-ZC-07-8-26-NCD,1025.25,1025.25,1025.2,1025.2,1025.2,1042.8,,1025.2,,,200,205040.0,3,F1,1,,,,,,2025-04-23
2025-04-23,2025-04-23,CM,BSE,STK,939655,INE103C07041,994SMCGS29,F,,,,,SMCGSL-9.94%-07-08-29-NCD,1102.22,1102.22,1005.0,1005.0,1005.0,1005.13,,1005.0,,,529,535104.0,11,F1,1,,,,,,2025-04-23
2025-04-23,2025-04-23,CM,BSE,STK,939665,INE01I507935,95KAFL25,F,,,,,KAFL-9.50%-11-9-25-NCD,960.0,960.0,960.0,960.0,960.0,960.0,,960.0,,,20,19200.0,1,F1,1,,,,,,2025-04-23
2025-04-23,2025-04-23,CM,BSE,STK,939715,INE05F407CO7,1150MML29,F,,,,,MML-11.50%-11-9-29-NCD,1040.0,1040.0,1040.0,1040.0,1040.0,1040.0,,1040.0,,,15,15600.0,2,F1,1,,,,,,2025-04-23
2025-04-23,2025-04-23,CM,BSE,STK,939721,INE423A07351,925AEL26,F,,,,,AEL-9.25%-12-9-26-NCD,1047.68,1047.68,1041.55,1041.55,1041.55,1050.0,,1041.55,,,50,52108.0,2,F1,1,,,,,,2025-04-23
2025-04-23,2025-04-23,CM,BSE,STK,939723,INE423A07369,AEL120924,F,,,,,AEL-12-9-26-NCD,1016.24,1016.24,1016.24,1016.24,1016.24,1010.0,,1016.24,,,10,10162.0,1,F1,1,,,,,,2025-04-23
2025-04-23,2025-04-23,CM,BSE,STK,939725,INE423A07310,932AEL27,F,,,,,AEL-9.32%-12-9-27-NCD,1035.0,1035.0,1035.0,1035.0,1035.0,1020.0,,1035.0,,,50,51750.0,4,F1,1,,,,,,2025-04-23
2025-04-23,2025-04-23,CM,BSE,STK,939727,INE423A07328,965AEL27,F,,,,,AEL-9.65%-12-9-27-NCD,1061.9,1064.9,1058.0,1058.28,1064.9,1058.96,,1058.04,,,1667,1765988.0,31,F1,1,,,,,,2025-04-23
2025-04-23,2025-04-23,CM,BSE,STK,939731,INE423A07336,956AEL29,F,,,,,AEL-9.56%-12-9-29-NCD,1050.0,1050.0,1050.0,1050.0,1050.0,1056.0,,1047.5,,,50,52500.0,1,F1,1,,,,,,2025-04-23
2025-04-23,2025-04-23,CM,BSE,STK,939737,INE549K07DZ5,9MFCL26,F,,,,,MFCL-9%-16-9-26-NCD,976.2,980.0,975.0,980.0,980.0,975.0,,980.0,,,240,234213.0,7,F1,1,,,,,,2025-04-23
2025-04-23,2025-04-23,CM,BSE,STK,939741,INE549K07EK5,945MFCL29,F,,,,,MFCL-9.45%-16-9-29-NCD,980.0,980.0,980.0,980.0,980.0,980.0,,980.0,,,100,98000.0,1,F1,1,,,,,,2025-04-23
2025-04-23,2025-04-23,CM,BSE,STK,939747,INE549K07EE8,965MFCL27,F,,,,,MFCL-9.65%-16-9-27-NCD,1050.0,1050.0,1050.0,1050.0,1050.0,1037.65,,1050.0,,,25,26250.0,1,F1,1,,,,,,2025-04-23
2025-04-23,2025-04-23,CM,BSE,STK,939749,INE549K07EG3,990MFCL29,F,,,,,MFCL-9.90%-16-9-29-NCD,990.0,990.0,990.0,990.0,990.0,991.0,,990.0,,,100,99000.0,3,F1,1,,,,,,2025-04-23
2025-04-23,2025-04-23,CM,BSE,STK,939803,INE896L07983,1050ICFL26,F,,,,,ICFL-10.50%-25-9-26-NCD,1060.69,1060.69,1060.69,1060.69,1060.69,1062.0,,1060.69,,,5,5303.0,1,F1,1,,,,,,2025-04-23
2025-04-23,2025-04-23,CM,BSE,STK,939807,INE896L07991,1030ICFL27,F,,,,,ICFL-10.30%-25-9-27-NCD,1035.0,1035.0,1035.0,1035.0,1035.0,1035.0,,1035.0,,,50,51750.0,1,F1,1,,,,,,2025-04-23
2025-04-23,2025-04-23,CM,BSE,STK,939829,INE530L07921,1049NHFL34,F,,,,,NHFL-10.49%-8-10-34-NCD,1010.0,1010.0,1010.0,1010.0,1010.0,960.0,,1010.0,,,4,4040.0,1,F1,1,,,,,,2025-04-23
2025-04-23,2025-04-23,CM,BSE,STK,939833,INE583D07505,1015UCL26,F,,,,,UCL-10.15%-24-4-26-NCD,975.2,975.2,975.2,975.2,975.2,990.23,,975.2,,,10,9752.0,1,F1,1,,,,,,2025-04-23
2025-04-23,2025-04-23,CM,BSE,STK,939835,INE583D07521,1025UCL26A,F,,,,,UCL-10.25%-24-10-26-NCD,992.0,992.0,992.0,992.0,992.0,981.0,,992.0,,,5,4960.0,1,F1,1,,,,,,2025-04-23
2025-04-23,2025-04-23,CM,BSE,STK,939839,INE532F07GB5,950EFSL26A,F,,,,,EFSL-9.50%-24-10-26-NCD,1015.8,1015.8,1010.05,1010.05,1010.05,1012.8,,1010.05,,,100,101493.0,3,F1,1,,,,,,2025-04-23
2025-04-23,2025-04-23,CM,BSE,STK,939843,INE532F07GD1,957EFSL27A,F,,,,,EFSL-9.57%-24-10-27-NCD,990.0,990.0,989.99,989.99,989.99,990.0,,989.99,,,20,19799.0,2,F1,1,,,,,,2025-04-23
2025-04-23,2025-04-23,CM,BSE,STK,939857,INE532F07GI0,1049EFS34A,F,,,,,EFSL-10.49%-24-10-34-NCD,990.0,990.0,990.0,990.0,990.0,995.0,,990.0,,,50,49500.0,2,F1,1,,,,,,2025-04-23
2025-04-23,2025-04-23,CM,BSE,STK,939903,INE101Q07AX3,850MMFL26,F,,,,,MMFL-8.50%-12-2-26-NCD,970.0,970.0,967.03,967.37,967.1,972.5,,967.37,,,160,154817.0,14,F1,1,,,,,,2025-04-23
2025-04-23,2025-04-23,CM,BSE,STK,939923,INE01CY078R1,1250ICLF29,F,,,,,ICLFL-12.20%-02-12-29-NCD,1000.0,1002.0,1000.0,1002.0,1002.0,1050.0,,1002.0,,,1477,1477150.0,36,F1,1,,,,,,2025-04-23
2025-04-23,2025-04-23,CM,BSE,STK,939925,INE01CY078N0,ICLFL21224,F,,,,,ICLFL-02-1-26-NCD,1007.0,1007.0,1007.0,1007.0,1007.0,1007.0,,1007.0,,,10,10070.0,1,F1,1,,,,,,2025-04-23
2025-04-23,2025-04-23,CM,BSE,STK,939957,INE403Q07FA0,KFL121224,F,,,,,KFL-11-6-26-NCD,1000.0,1000.0,1000.0,1000.0,1000.0,975.25,,1000.0,,,50,50000.0,3,F1,1,,,,,,2025-04-23
2025-04-23,2025-04-23,CM,BSE,STK,939973,INE477L07AZ3,885IHL26,F,,,,,IHFL-8.85%-26-12-26-NCD,990.0,990.0,990.0,990.0,990.0,989.51,,990.0,,,24,23760.0,2,F1,1,,,,,,2025-04-23
2025-04-23,2025-04-23,CM,BSE,STK,940031,INE148I07VI8,1025SCL34Z,F,,,,,SCL-10.25%-27-12-34-NCD,990.0,990.0,990.0,990.0,990.0,990.0,,990.0,,,10,9900.0,1,F1,1,,,,,,2025-04-23
2025-04-23,2025-04-23,CM,BSE,STK,940053,INE549K07EZ3,9MFLIII27,F,,,,,MFLIII-9%-10-1-27-NCD,963.5,963.5,963.5,963.5,963.5,975.93,,963.5,,,5,4817.0,1,F1,1,,,,,,2025-04-23
2025-04-23,2025-04-23,CM,BSE,STK,940055,INE549K07FJ4,925MFL28,F,,,,,MFLIII-9.25%-10-1-28-NCD,975.0,975.0,975.0,975.0,975.0,975.0,,975.0,,,25,24375.0,1,F1,1,,,,,,2025-04-23
2025-04-23,2025-04-23,CM,BSE,STK,940061,INE549K07FC9,940MFL27,F,,,,,MFLIII-9.40%-10-1-27-NCD,981.0,981.0,981.0,981.0,981.0,998.58,,981.0,,,5,4905.0,1,F1,1,,,,,,2025-04-23
2025-04-23,2025-04-23,CM,BSE,STK,940065,INE549K07FA3,990MFL30,F,,,,,MFLIII-9.90%-10-1-30-NCD,995.0,995.0,995.0,995.0,995.0,995.0,,995.0,,,99,98505.0,2,F1,1,,,,,,2025-04-23
2025-04-23,2025-04-23,CM,BSE,STK,940067,INE549K07FD7,1010MFL31,F,,,,,MFLIII-10.10%-10-1-31-NCD,990.0,990.0,990.0,990.0,990.0,990.0,,990.0,,,100,99000.0,1,F1,1,,,,,,2025-04-23
2025-04-23,2025-04-23,CM,BSE,STK,940069,INE549K07FE5,MFL100125,F,,,,,MFLIII-10-1-27-NCD,980.0,980.0,962.2,979.8,979.8,980.0,,979.8,,,130,127130.0,3,F1,1,,,,,,2025-04-23
2025-04-23,2025-04-23,CM,BSE,STK,940101,INE532F07GQ3,957EFSL28,F,,,,,EFSL-9.57%-24-1-28-NCD,960.0,960.0,960.0,960.0,960.0,961.61,,960.0,,,5,4800.0,1,F1,1,,,,,,2025-04-23
2025-04-23,2025-04-23,CM,BSE,STK,940105,INE532F07GY7,EFSL24125,F,,,,,EFSL-24-1-28-NCD,960.0,960.0,960.0,960.0,960.0,960.0,,960.0,,,100,96000.0,1,F1,1,,,,,,2025-04-23
2025-04-23,2025-04-23,CM,BSE,STK,940107,INE532F07GX9,1004EFSL30,F,,,,,EFSL-10.04%-24-1-30-NCD,955.0,955.0,955.0,955.0,955.0,984.0,,955.0,,,10,9550.0,1,F1,1,,,,,,2025-04-23
2025-04-23,2025-04-23,CM,BSE,STK,940127,INE01CY079B3,1250ICLF30,F,,,,,ICLFL-12.50%-27-1-30-NCD,1000.0,1000.0,1000.0,1000.0,1000.0,1050.0,,1000.0,,,500,500000.0,9,F1,1,,,,,,2025-04-23
2025-04-23,2025-04-23,CM,BSE,STK,940143,INE05F407CV2,MML290125,F,,,,,MML-5-3-26-NCD,978.0,980.0,978.0,980.0,980.0,980.0,,980.0,,,63,61684.0,6,F1,1,,,,,,2025-04-23
2025-04-23,2025-04-23,CM,BSE,STK,940159,INE549K07FM8,9MFLIV27,F,,,,,MFLIV-9%-24-2-27-NCD,980.0,980.0,980.0,980.0,980.0,970.0,,980.0,,,100,98000.0,1,F1,1,,,,,,2025-04-23
2025-04-23,2025-04-23,CM,BSE,STK,940167,INE549K07FV9,930MFLIV26,F,,,,,MFLIV-9.30%-24-8-26-NCD,995.0,995.0,993.8,995.0,995.0,987.19,,995.0,,,14,13924.0,3,F1,1,,,,,,2025-04-23
2025-04-23,2025-04-23,CM,BSE,STK,940177,INE549K07FQ9,MFLIV24225,F,,,,,MFLIV-24-8-26-NCD,980.0,980.0,980.0,980.0,980.0,987.8,,980.0,,,50,49000.0,1,F1,1,,,,,,2025-04-23
2025-04-23,2025-04-23,CM,BSE,STK,940183,INE549K07FP1,MFL24225C,F,,,,,MFLIV-24-2-30-NCD,950.0,950.0,950.0,950.0,950.0,954.5,,950.0,,,155,147250.0,3,F1,1,,,,,,2025-04-23
2025-04-23,2025-04-23,CM,BSE,STK,940227,INE0IID07553,13PCL30,F,,,,,PCL-13%-20-3-30-NCD,1030.0,1030.0,1030.0,1030.0,1030.0,1010.0,,1030.0,,,10,10300.0,1,F1,1,,,,,,2025-04-23
2025-04-23,2025-04-23,CM,BSE,STK,940263,INE403Q07FM5,KFL150425,F,,,,,KFL-14-10-26-NCD,948.0,948.0,948.0,948.0,948.0,948.0,,948.0,,,25,23700.0,1,F1,1,,,,,,2025-04-23
2025-04-23,2025-04-23,CM,BSE,STK,940279,INE05F407DC0,10MML26A,F,,,,,MML-10%-26-05-26-NCD,951.0,951.0,951.0,951.0,951.0,0.0,,951.0,,,10,9510.0,1,F1,1,,,,,,2025-04-23
2025-04-23,2025-04-23,CM,BSE,STK,956597,INE950O08147,850MRHF27B,F,,,,,MRHFL-8.50%-15-6-27-PVT,1073000.0,1073000.0,1073000.0,1073000.0,1073000.0,1000000.0,,1073000.0,,,1,1073000.0,1,F1,1,,,,,,2025-04-23
2025-04-23,2025-04-23,CM,BSE,STK,957808,INE540P07335,1015UPPC26,F,,,,,UPPCL-10.15%-20-1-26-PVT,753000.0,753000.0,753000.0,753000.0,753000.0,756575.0,,753000.0,,,11,8283000.0,1,F1,1,,,,,,2025-04-23
2025-04-23,2025-04-23,CM,BSE,STK,957809,INE540P07343,1015UPPC27,F,,,,,UPPCL-10.15%-20-1-27-PVT,1019000.0,1019000.0,1019000.0,1019000.0,1019000.0,1045000.0,,1019000.0,,,7,7133000.0,2,F1,1,,,,,,2025-04-23
2025-04-23,2025-04-23,CM,BSE,STK,957810,INE540P07350,1015UPPC28,F,,,,,UPPCL-10.15%-20-1-28-PVT,1041000.0,1041000.0,1041000.0,1041000.0,1041000.0,1040800.0,,1041000.0,,,1,1041000.0,1,F1,1,,,,,,2025-04-23
2025-04-23,2025-04-23,CM,BSE,STK,958179,INE01E708040,1032APCR27,F,,,,,APCRDA-10.32%-16-8-27-PVT,206950.0,206950.0,206950.0,206950.0,206950.0,205500.0,,206950.0,,,5,1034750.0,1,F1,5,,,,,,2025-04-23
2025-04-23,2025-04-23,CM,BSE,STK,961718,INE134E07182,PFCBT1S4,F,,,,,PFCBT1S4,15630.0,15630.0,15630.0,15630.0,15630.0,15630.0,,15630.0,,,1,15630.0,1,F1,1,,,,,,2025-04-23
2025-04-23,2025-04-23,CM,BSE,STK,961728,INE906B07CB9,830NHAI27,F,,,,,830NHAI27,1090.0,1090.5,1089.99,1090.02,1090.0,1089.0,,1090.28,,,237,258332.0,5,F1,1,,,,,,2025-04-23
2025-04-23,2025-04-23,CM,BSE,STK,961730,INE134E07208,830PFCL27,F,,,,,830PFC2027,1089.99,1089.99,1084.0,1086.94,1086.94,1089.99,,1086.94,,,766,832113.0,6,F1,1,,,,,,2025-04-23
2025-04-23,2025-04-23,CM,BSE,STK,961749,INE020B07GX4,738REC27TF,F,,,,,738REC27TF,1065.01,1065.01,1065.01,1065.01,1065.01,1073.0,,1065.5,,,100,106501.0,1,F1,1,,,,,,2025-04-23
2025-04-23,2025-04-23,CM,BSE,STK,961765,INE031A07865,751HUDCO28,F,,,,,751HUDCO28,1064.9,1069.89,1055.7,1064.95,1065.0,1059.98,,1064.93,,,70,74110.0,9,F1,1,,,,,,2025-04-23
2025-04-23,2025-04-23,CM,BSE,STK,961779,INE020B07HS2,871REC28,F,,,,,871REC28,1128.0,1128.0,1128.0,1128.0,1128.0,1125.11,,1125.86,,,10,11280.0,1,F1,1,,,,,,2025-04-23
2025-04-23,2025-04-23,CM,BSE,STK,961785,INE031A07949,876HUDCO28,F,,,,,876HUDCO28,1149.88,1149.88,1149.88,1149.88,1149.88,1145.0,,1138.0,,,250,287470.0,1,F1,1,,,,,,2025-04-23
2025-04-23,2025-04-23,CM,BSE,STK,961791,INE848E07559,879NHPC28,F,,,,,879NHPC28,1289.9,1289.9,1289.9,1289.9,1289.9,1249.0,,1289.9,,,450,580455.0,1,F1,1,,,,,,2025-04-23
2025-04-23,2025-04-23,CM,BSE,STK,961792,INE848E07567,892NHPC33,F,,,,,892NHPC33,1233.0,1233.0,1233.0,1233.0,1233.0,1233.0,,1229.0,,,1,1233.0,1,F1,1,,,,,,2025-04-23
2025-04-23,2025-04-23,CM,BSE,STK,961795,INE787H07289,838IIFCL28,F,,,,,838IIFCL28,1123.0,1123.0,1123.0,1123.0,1123.0,1102.0,,1123.0,,,120,134760.0,1,F1,1,,,,,,2025-04-23
2025-04-23,2025-04-23,CM,BSE,STK,961810,INE733E07JJ9,891NTPC33,F,,,,,891NTPC33,1265.0,1265.0,1265.0,1265.0,1265.0,1284.0,,1260.5,,,9,11385.0,1,F1,1,,,,,,2025-04-23
2025-04-23,2025-04-23,CM,BSE,STK,961815,INE031A07AA4,883HUDCO29,F,,,,,883HUDCO29,1126.0,1130.0,1126.0,1130.0,1130.0,1125.79,,1130.0,,,100,112800.0,2,F1,1,,,,,,2025-04-23
2025-04-23,2025-04-23,CM,BSE,STK,961822,INE787H07370,891IIFCL34,F,,,,,891IIFCL34,1250.0,1250.0,1247.0,1247.0,1247.0,1249.9,,1252.5,,,382,477119.0,12,F1,1,,,,,,2025-04-23
2025-04-23,2025-04-23,CM,BSE,STK,961826,INE906B07DF8,875NHAI29,F,,,,,NHAI-8.75%-5-2-29-NCD,1159.7,1159.7,1159.7,1159.7,1159.7,1146.12,,1151.98,,,400,463880.0,2,F1,1,,,,,,2025-04-23
2025-04-23,2025-04-23,CM,BSE,STK,961839,INE202E07138,880IREDA29,F,,,,,IREDA-8.80%-13-03-29-BOND,1122.9,1122.9,1122.9,1122.9,1122.9,1115.0,,1122.9,,,1,1122.0,1,F1,1,,,,,,2025-04-23
2025-04-23,2025-04-23,CM,BSE,STK,961863,INE031A07AG1,898HUDCO29,F,,,,,HUDCO-8.98%-24-3-29-TFBOND,1159.99,1160.0,1158.0,1158.3,1158.0,1160.0,,1158.3,,,1519,1761679.0,21,F1,1,,,,,,2025-04-23
2025-04-23,2025-04-23,CM,BSE,STK,961877,INE020B07IH3,886REC34,F,,,,,REC-8.86%-24-3-34-TFBOND,1288.79,1288.79,1250.11,1264.98,1250.11,1298.85,,1274.11,,,361,462870.0,5,F1,1,,,,,,2025-04-23
2025-04-23,2025-04-23,CM,BSE,STK,961885,INE053F07744,888IRFC29,F,,,,,IRFC-8.88%-19-03-2029-BOND,1123.9,1124.0,1123.9,1124.0,1124.0,1124.0,,1117.42,,,100,112395.0,2,F1,1,,,,,,2025-04-23
2025-04-23,2025-04-23,CM,BSE,STK,961895,INE787H07420,880IIFCL29,F,,,,,IIFCL-8.8%-27-3-29-TFBOND,1104.0,1115.0,1104.0,1115.0,1115.0,1115.99,,1115.0,,,146,161627.0,4,F1,1,,,,,,2025-04-23
2025-04-23,2025-04-23,CM,BSE,STK,961910,INE733E07JW2,762NTPC35F,F,,,,,NTPC-7.62%-3B-5-10-35-BOND,1190.01,1190.01,1190.01,1190.01,1190.01,1225.0,,1201.01,,,1,1190.0,1,F1,1,,,,,,2025-04-23
2025-04-23,2025-04-23,CM,BSE,STK,972657,INE039A09NL3,1075IFC26A,F,,,,,IFCI-D-10.75%-01-08-26-PVT,10865.0,10875.0,10865.0,10865.0,10865.0,10865.0,,10865.0,,,40,434750.0,4,F1,10,,,,,,2025-04-23
2025-04-23,2025-04-23,CM,BSE,STK,972716,INE039A09OH9,916IFCI27A,F,,,,,IFCI-9.16%-IV-15-2-27-D-PVT,5050.0,5050.0,5050.0,5050.0,5050.0,5022.0,,5050.0,,,4,20200.0,1,F1,1,,,,,,2025-04-23
2025-04-23,2025-04-23,CM,BSE,STK,973882,INE540P07392,97UPPCL28,F,,,,,UPPCL-9.70%-31-3-28-PVT,1035000.0,1035000.0,1035000.0,1035000.0,1035000.0,1025000.0,,1035000.0,,,1,1035000.0,1,F1,1,,,,,,2025-04-23
2025-04-23,2025-04-23,CM,BSE,STK,974634,INE468N07615,EELZC27,F,,,,,EEL-ZC-26-2-27-PVT,118700.0,119000.0,118201.0,118600.5,118201.0,118200.0,,118600.5,,,75,8923601.0,14,F1,1,,,,,,2025-04-23
2025-04-23,2025-04-23,CM,BSE,STK,974635,INE468N07623,EELZC26,F,,,,,EEL-ZC-03-4-26-PVT,119000.0,119000.0,119000.0,119000.0,119000.0,119090.0,,119000.0,,,11,1309000.0,4,F1,1,,,,,,2025-04-23
2025-04-23,2025-04-23,CM,BSE,STK,974643,INE583D07356,1050UCL26,F,,,,,UCL-10.50%-8-3-26-PVT,100000.0,100000.0,100000.0,100000.0,100000.0,100000.0,,100000.0,,,2,200000.0,2,F1,1,,,,,,2025-04-23
2025-04-23,2025-04-23,CM,BSE,STK,974749,INE760I07086,1055MECL33,F,,,,,MECL-10.55%-3-4-33-PVT,112000.0,112000.0,112000.0,112000.0,112000.0,110500.0,,112000.0,,,1,112000.0,1,F1,1,,,,,,2025-04-23
2025-04-23,2025-04-23,CM,BSE,STK,974914,INE519Q08160,1075AUSF28,F,,,,,10.75%-AUSFB-15-12-28-PVT,106765.0,106765.0,106765.0,106765.0,106765.0,104041.49,,106765.0,,,1,106765.0,1,F1,1,,,,,,2025-04-23
2025-04-23,2025-04-23,CM,BSE,STK,974946,INE219O07362,GIPLZC26,F,,,,,GIPL-ZC-30-4-26-PVT,82400.0,82400.0,82400.0,82400.0,82400.0,82400.0,,82400.0,,,12,988800.0,3,F1,1,,,,,,2025-04-23
2025-04-23,2025-04-23,CM,BSE,STK,975001,INE836K07072,EFCL28723B,F,,,,,EFCL-27-7-26-PVT,110000.0,110000.0,110000.0,110000.0,110000.0,108000.0,,110000.0,,,9,990000.0,2,F1,1,,,,,,2025-04-23
2025-04-23,2025-04-23,CM,BSE,STK,975059,INE572J07612,1075SSFL26,F,,,,,SSFL-10.75%-4-9-26-PVT,103818.97,103818.97,103818.97,103818.97,103818.97,103000.0,,103818.97,,,1,103818.0,1,F1,1,,,,,,2025-04-23
2025-04-23,2025-04-23,CM,BSE,STK,975099,INE138I08059,MSFLZC25A,F,,,,,MSFL-ZC-25-9-25-PVT,117903.0,117903.0,117903.0,117903.0,117903.0,117499.0,,117903.0,,,4,471612.0,1,F1,1,,,,,,2025-04-23
2025-04-23,2025-04-23,CM,BSE,STK,975137,INE138I08067,MSFLZC25B,F,,,,,MSFL-ZC-5-10-25-PVT,117566.0,117566.0,117566.0,117566.0,117566.0,117532.0,,117566.0,,,15,1763490.0,2,F1,1,,,,,,2025-04-23
2025-04-23,2025-04-23,CM,BSE,STK,975235,INE515Q08242,1225AFPL29,F,,,,,AFPL-12.25%-7-9-29-PVT,100000.0,103000.0,100000.0,103000.0,103000.0,103000.0,,103000.0,,,2,203000.0,2,F1,1,,,,,,2025-04-23
2025-04-23,2025-04-23,CM,BSE,STK,975251,INE420C07064,995PDL33,F,,,,,PDL-9.95%-15-12-33-PVT,101064.0,101064.0,101064.0,101064.0,101064.0,101036.0,,101064.0,,,5,505320.0,1,F1,1,,,,,,2025-04-23
2025-04-23,2025-04-23,CM,BSE,STK,975290,INE939X07101,126MFL25,F,,,,,MFL-12.6%-27-12-25-PVT,30000.0,30000.0,30000.0,30000.0,30000.0,46076.0,,30000.0,,,1,30000.0,1,F1,1,,,,,,2025-04-23
2025-04-23,2025-04-23,CM,BSE,STK,975331,INE00DJ07045,1350TCL27,F,,,,,TCL-13.50%-18-1-27-PVT,100710.1,101500.0,100710.1,101500.0,101500.0,100500.1,,101500.0,,,2,202210.0,2,F1,1,,,,,,2025-04-23
2025-04-23,2025-04-23,CM,BSE,STK,975513,INE296G07143,10MCSL27,F,,,,,MCSL-10%-19-3-27-PVT,99000.0,99000.0,99000.0,99000.0,99000.0,99000.0,,99000.0,,,1,99000.0,1,F1,1,,,,,,2025-04-23
2025-04-23,2025-04-23,CM,BSE,STK,975605,INE515Q08267,12AFPL30,F,,,,,AFPL-12%-24-01-30-PVT,101600.0,101600.0,101600.0,101600.0,101600.0,101500.0,,101600.0,,,1,101600.0,1,F1,1,,,,,,2025-04-23
2025-04-23,2025-04-23,CM,BSE,STK,975629,INE0LWH07054,1425CSAI26,F,,,,,CSAIPL-14.25%-29-04-26-PVT,95900.0,95900.0,95900.0,95900.0,95900.0,80000.0,,95900.0,,,1,95900.0,1,F1,1,,,,,,2025-04-23
2025-04-23,2025-04-23,CM,BSE,STK,975790,INE735W08053,11USFBL31,F,,,,,USFBL-11%-28-6-31-PVT,102925.0,103150.0,102925.0,103150.0,103150.0,102900.0,,103150.0,,,2,206075.0,2,F1,1,,,,,,2025-04-23
2025-04-23,2025-04-23,CM,BSE,STK,975921,INE0Q6I07017,975THFPL27,F,,,,,THFPL-9.75%-16-8-27-PVT,106138.29,106138.29,106138.29,106138.29,106138.29,106053.16,,106138.29,,,1,106138.0,1,F1,1,,,,,,2025-04-23
2025-04-23,2025-04-23,CM,BSE,STK,975926,INE08XP07241,125ACAPL26,F,,,,,ACAPL-12.5%-19-2-26-PVT,9946.0,9946.0,9900.0,9900.0,9900.0,9999.5,,9900.0,,,2,19846.0,2,F1,1,,,,,,2025-04-23
2025-04-23,2025-04-23,CM,BSE,STK,975975,INE02EP07046,105CFL26,F,,,,,CFL-10.5%-30-8-36-PVT,96527.4,96527.4,96527.4,96527.4,96527.4,95500.0,,96527.4,,,1,96527.0,1,F1,1,,,,,,2025-04-23
2025-04-23,2025-04-23,CM,BSE,STK,976009,INE0KH208019,0APL26,F,,,,,APL-ZC-13-6-26-PVT,106300.0,107050.0,105500.0,107050.0,107050.0,105300.0,,107050.0,,,127,13582850.0,9,F1,1,,,,,,2025-04-23
2025-04-23,2025-04-23,CM,BSE,STK,976020,INE0Z4807015,0CIPL28,F,,,,,CIPL-ZC-17-3-28-PVT,108148.6,108148.6,108148.6,108148.6,108148.6,109258.0,,108148.6,,,20,2162972.0,1,F1,1,,,,,,2025-04-23
2025-04-23,2025-04-23,CM,BSE,STK,976036,INE549K08509,1045MFL32,F,,,,,MFL-10.45%-24-12-32-PVT,10045.0,10150.0,10045.0,10100.0,10100.0,10050.0,,10100.0,,,32,324140.0,5,F1,1,,,,,,2025-04-23
2025-04-23,2025-04-23,CM,BSE,STK,976085,INE658F08235,949KIIFB29,F,,,,,KIIFB-9.49%-8-10-29-PVT,100539.27,100539.27,100539.27,100539.27,100539.27,100539.27,,100539.27,,,1,100539.0,1,F1,1,,,,,,2025-04-23
2025-04-23,2025-04-23,CM,BSE,STK,976088,INE658F08268,949KIIFB32,F,,,,,KIIFB-9.49%-8-10-32-PVT,100535.0,100535.0,100535.0,100535.0,100535.0,100500.0,,100535.0,,,2,201070.0,2,F1,1,,,,,,2025-04-23
2025-04-23,2025-04-23,CM,BSE,STK,976089,INE658F08250,949KIIFB33,F,,,,,KIIFB-9.49%-8-10-33-PVT,100735.0,100735.0,100735.0,100735.0,100735.0,100699.0,,100735.0,,,3,302205.0,3,F1,1,,,,,,2025-04-23
2025-04-23,2025-04-23,CM,BSE,STK,976248,INE138I08091,0MSFL026,F,,,,,MSFL-ZC-18-12-26-PVT,103600.0,103600.0,103600.0,103600.0,103600.0,103639.0,,103600.0,,,1,103600.0,1,F1,1,,,,,,2025-04-23
2025-04-23,2025-04-23,CM,BSE,STK,976274,INE01HV07510,974VCL26,F,,,,,VCL-9.74%-24-6-26-PVT,9983.7,9983.7,9983.7,9983.7,9983.7,9966.55,,9983.7,,,1,9983.0,1,F1,1,,,,,,2025-04-23
2025-04-23,2025-04-23,CM,BSE,STK,976275,INE01HV07528,1011VCL26,F,,,,,VCL-10.11%-23-12-26-PVT,9400.0,9400.0,9400.0,9400.0,9400.0,9985.7,,9400.0,,,1,9400.0,1,F1,1,,,,,,2025-04-23
2025-04-23,2025-04-23,CM,BSE,STK,976289,INE658F08359,942KIIFB29,F,,,,,KIIFB-9.42%-30-12-29-PVT,100345.21,100345.21,100345.21,100345.21,100345.21,99932.27,,100345.21,,,1,100345.0,1,F1,1,,,,,,2025-04-23
2025-04-23,2025-04-23,CM,BSE,STK,976293,INE658F08318,942KIIFB34,F,,,,,KIIFB-9.4%-30-12-34-PVT,100345.0,100345.0,100345.0,100345.0,100345.0,100164.55,,100345.0,,,11,1103795.0,2,F1,1,,,,,,2025-04-23
2025-04-23,2025-04-23,CM,BSE,STK,976319,INE0BUS07BL0,1125IML26A,F,,,,,IML-11.25%-8-7-26-PVT,98546.55,98546.55,98546.55,98546.55,98546.55,98372.55,,98546.55,,,1,98546.0,1,F1,1,,,,,,2025-04-23
2025-04-23,2025-04-23,CM,BSE,STK,976325,INE342T07544,1075NFL27,F,,,,,NFL-10.75%-31-12-27-PVT,9999.0,9999.0,9996.99,9996.99,9996.99,10000.0,,9996.99,,,108,1079678.0,21,F1,1,,,,,,2025-04-23
2025-04-23,2025-04-23,CM,BSE,STK,976339,INE939X07168,115MFL26,F,,,,,MFL-11.50%-20-7-26-PVT,10000.0,10000.0,10000.0,10000.0,10000.0,10000.0,,10000.0,,,1,10000.0,1,F1,1,,,,,,2025-04-23
2025-04-23,2025-04-23,CM,BSE,STK,976411,INE08XP07282,12ACAPL28,F,,,,,ACAPL-12%-14-8-28-PVT,94995.0,94995.0,94895.0,94895.0,94895.0,94375.0,,94895.0,,,2,189890.0,2,F1,1,,,,,,2025-04-23
2025-04-23,2025-04-23,CM,BSE,STK,976555,INE658F08417,949KIIF35,F,,,,,KIIFB-9.49%-25-03-35-PVT,100989.49,100989.49,100780.0,100780.0,100780.0,101004.0,,100780.0,,,6,605727.0,2,F1,1,,,,,,2025-04-23
