TradDt,BizDt,Sgmt,Src,FinInstrmTp,FinInstrmId,ISIN,TckrSymb,SctySrs,XpryDt,FininstrmActlXpryDt,StrkPric,OptnTp,FinInstrmNm,OpnPric,HghPric,LwPric,ClsPric,LastPric,PrvsClsgPric,UndrlygPric,SttlmPric,OpnIntrst,ChngInOpnIntrst,TtlTradgVol,TtlTrfVal,TtlNbOfTxsExctd,SsnId,NewBrdLotQty,Rmks,Rsvd1,Rsvd2,Rsvd3,Rsvd4,DATE
2025-03-27,2025-03-27,CM,BSE,STK,500002,INE117A01022,ABB,A,,,,,ABB INDIA LIMITED,5522.2,5579.35,5444.0,5544.35,5544.35,5524.95,,5540.5,,,18051,99495311.0,4644,F1,1,,,,,,2025-03-27
2025-03-27,2025-03-27,CM,BSE,STK,500003,INE208C01025,AEGISLOG,A,,,,,AEGIS LOGISTICS LTD.,787.6,943.25,766.6,903.2,903.2,786.05,,902.6,,,112580,99186882.0,5586,F1,1,,,,,,2025-03-27
2025-03-27,2025-03-27,CM,BSE,STK,500008,INE885A01032,ARE&M,A,,,,,Amara Raja Energy & Mobility L,1041.0,1054.0,1019.45,1024.25,1024.25,1040.9,,1023.4,,,117426,121645397.0,6423,F1,1,,,,,,2025-03-27
2025-03-27,2025-03-27,CM,BSE,STK,500009,INE432A01017,AMBALALSA,X,,,,,AMBALAL SARABHAI ENTERPRISES L,35.01,36.0,34.28,34.65,34.65,35.05,,34.65,,,549657,19250260.0,588,F1,1,,,,,,2025-03-27
2025-03-27,2025-03-27,CM,BSE,STK,500012,INE714B01016,ANDHRAPET,X,,,,,ANDHRA PETROCHEMICALS LTD.,49.31,51.9,49.31,50.31,50.31,50.28,,50.31,,,340249,17312547.0,1131,F1,1,,,,,,2025-03-27
2025-03-27,2025-03-27,CM,BSE,STK,500013,INE436A01026,ANSALAPI,Z,,,,,ANSAL PROPERTIES & INFRASTRUCT,3.8,3.8,3.78,3.78,3.78,3.85,,3.69,,,3974,15033.0,12,F1,1,,,,,,2025-03-27
2025-03-27,2025-03-27,CM,BSE,STK,500014,INE096A01010,UTIQUE,X,,,,,UTIQUE ENTERPRISES LIMITED,4.0,4.36,4.0,4.14,4.18,4.14,,4.14,,,45946,191385.0,137,F1,1,,,,,,2025-03-27
2025-03-27,2025-03-27,CM,BSE,STK,500016,INE957C01019,ARUNAHTEL,X,,,,,ARUNA HOTELS LTD.,10.94,10.94,8.99,9.07,9.5,10.89,,9.07,,,95374,885991.0,215,F1,1,,,,,,2025-03-27
2025-03-27,2025-03-27,CM,BSE,STK,500020,INE032A01023,BOMDYEING,A,,,,,BOMBAY DYEING & MFG.CO.LTD.,129.45,134.85,129.0,132.9,133.35,129.4,,132.95,,,129834,17201855.0,1299,F1,1,,,,,,2025-03-27
2025-03-27,2025-03-27,CM,BSE,STK,500023,INE363A01022,ASIANHOTNR,T,,,,,ASIAN HOTELS (NORTH) LIMITED,380.45,387.5,355.1,355.6,355.6,371.15,,362.3,,,631,230623.0,19,F1,1,,,,,,2025-03-27
2025-03-27,2025-03-27,CM,BSE,STK,500027,INE100A01010,ATUL,A,,,,,ATUL LTD.,5737.0,5869.1,5711.7,5783.95,5783.95,5755.4,,5797.7,,,1592,9234557.0,404,F1,1,,,,,,2025-03-27
2025-03-27,2025-03-27,CM,BSE,STK,500028,INE447A01015,ATVPR,X,,,,,ATV PROJECTS INDIA LTD.,31.6,33.95,31.6,31.98,31.98,32.76,,31.98,,,29183,944788.0,242,F1,1,,,,,,2025-03-27
2025-03-27,2025-03-27,CM,BSE,STK,500031,INE193E01025,BAJAJELEC,A,,,,,BAJAJ ELECTRICALS LTD.,579.55,579.55,538.0,548.6,548.6,579.55,,548.25,,,37970,21216354.0,1183,F1,1,,,,,,2025-03-27
2025-03-27,2025-03-27,CM,BSE,STK,500032,INE306A01021,BAJAJHIND,A,,,,,BAJAJ HINDUSTHAN SUGAR LIMITED,19.44,20.45,19.23,20.19,20.19,19.57,,20.2,,,3017212,59941653.0,6502,F1,1,,,,,,2025-03-27
2025-03-27,2025-03-27,CM,BSE,STK,500033,INE451A01017,FORCEMOT,A,,,,,FORCE MOTORS LTD.,8741.8,8890.0,8669.85,8786.15,8786.15,8762.9,,8787.95,,,4426,39047646.0,1242,F1,1,,,,,,2025-03-27
2025-03-27,2025-03-27,CM,BSE,STK,500034,INE296A01024,BAJFINANCE,A,,,,,BAJAJ FINANCE LIMITED,8864.95,9052.0,8825.05,8986.0,8986.0,8864.95,,9003.7,,,32395,290231931.0,7195,F1,1,,,,,,2025-03-27
2025-03-27,2025-03-27,CM,BSE,STK,500038,INE119A01028,BALRAMCHIN,A,,,,,BALRAMPUR CHINI MILLS LTD.,518.8,542.15,518.8,536.15,536.15,529.35,,535.7,,,16600,8866262.0,1093,F1,1,,,,,,2025-03-27
2025-03-27,2025-03-27,CM,BSE,STK,500039,INE213C01025,BANCOINDIA,B,,,,,BANCO PRODUCTS (INDIA) LTD.,344.05,348.8,341.0,345.15,345.25,345.5,,344.75,,,24352,8391212.0,1122,F1,1,,,,,,2025-03-27
2025-03-27,2025-03-27,CM,BSE,STK,500040,INE055A01016,ABREL,A,,,,,ADITYA BIRLA REAL ESTATE LIMIT,1982.95,1988.75,1863.25,1881.75,1913.0,1957.5,,1879.4,,,17635,33943833.0,2200,F1,1,,,,,,2025-03-27
2025-03-27,2025-03-27,CM,BSE,STK,500041,INE459A01010,BANARISUG,B,,,,,BANNARI AMMAN SUGARS LTD.,3825.0,3825.0,3681.0,3760.0,3760.0,3815.6,,3706.2,,,38,143128.0,13,F1,1,,,,,,2025-03-27
2025-03-27,2025-03-27,CM,BSE,STK,500042,INE373A01013,BASF,A,,,,,BASF INDIA LTD.,4321.4,4515.55,4321.4,4466.75,4417.5,4387.55,,4461.85,,,1556,6918659.0,383,F1,1,,,,,,2025-03-27
2025-03-27,2025-03-27,CM,BSE,STK,500043,INE176A01028,BATAINDIA,A,,,,,BATA INDIA LTD.,1213.2,1219.15,1200.2,1202.05,1201.0,1211.8,,1202.05,,,4091,4933782.0,463,F1,1,,,,,,2025-03-27
2025-03-27,2025-03-27,CM,BSE,STK,500048,INE258A01016,BEML,A,,,,,BEML LTD.,2754.0,3260.0,2725.25,3132.65,3132.65,2757.8,,3140.05,,,72034,217112961.0,7705,F1,1,,,,,,2025-03-27
2025-03-27,2025-03-27,CM,BSE,STK,500049,INE263A01024,BEL,A,,,,,BHARAT ELECTRONICS LTD.,297.0,302.0,296.75,300.7,300.7,299.65,,300.65,,,1428480,429228174.0,16189,F1,1,,,,,,2025-03-27
2025-03-27,2025-03-27,CM,BSE,STK,500052,INE922A01025,BEPL,B,,,,,BHANSALI ENGINEERING POLYMERS,107.75,112.6,107.75,110.05,108.5,107.95,,110.75,,,137589,15128676.0,2026,F1,1,,,,,,2025-03-27
2025-03-27,2025-03-27,CM,BSE,STK,500058,INE819C01011,BIHSPONG,X,,,,,BIHAR SPONGE IRON LTD.,12.9,13.65,12.45,12.69,12.69,13.15,,12.69,,,174506,2267007.0,231,F1,1,,,,,,2025-03-27
2025-03-27,2025-03-27,CM,BSE,STK,500059,INE071A01013,BINANIIND,B,,,,,BINANI INDUSTRIES LTD.,10.22,10.3,9.24,9.24,9.24,10.26,,9.19,,,33572,315586.0,388,F1,1,,,,,,2025-03-27
2025-03-27,2025-03-27,CM,BSE,STK,500060,INE800A01015,BIRLACABLE,B,,,,,Birla Cable Limited,139.6,142.0,135.55,138.1,139.5,140.15,,137.85,,,21920,3042265.0,1285,F1,1,,,,,,2025-03-27
2025-03-27,2025-03-27,CM,BSE,STK,500067,INE472A01039,BLUESTARCO,A,,,,,BLUE STAR LTD.,2200.05,2236.4,2165.3,2192.3,2185.25,2196.2,,2192.15,,,27470,60476237.0,1769,F1,1,,,,,,2025-03-27
2025-03-27,2025-03-27,CM,BSE,STK,500068,INE131C01011,DISAQ,B,,,,,DISA INDIA LTD.,13925.5,14277.9,13800.0,13866.05,13860.0,13978.8,,13866.05,,,100,1398213.0,29,F1,1,,,,,,2025-03-27
2025-03-27,2025-03-27,CM,BSE,STK,500069,INE418C01012,QUESTCAP,X,,,,,QUEST CAPITAL MARKETS LIMITED,345.0,360.0,345.0,353.5,352.85,368.45,,353.5,,,808,286971.0,20,F1,1,,,,,,2025-03-27
2025-03-27,2025-03-27,CM,BSE,STK,500074,INE110A01019,BPL,B,,,,,BPL LTD.,70.41,73.85,68.67,71.84,71.84,70.41,,72.02,,,92201,6521976.0,2223,F1,1,,,,,,2025-03-27
2025-03-27,2025-03-27,CM,BSE,STK,500078,INE959C01023,OAL,B,,,,,ORIENTAL AROMATICS LIMITED,286.05,289.3,278.1,282.0,283.45,282.95,,281.85,,,2506,706762.0,197,F1,1,,,,,,2025-03-27
2025-03-27,2025-03-27,CM,BSE,STK,500083,INE281A01026,CENTEXT,B,,,,,CENTURY EXTRUSIONS LTD.,17.43,17.48,16.8,16.96,17.0,17.15,,16.92,,,21259,363283.0,379,F1,1,,,,,,2025-03-27
2025-03-27,2025-03-27,CM,BSE,STK,500084,INE486A01021,CESC,A,,,,,CESC LTD.,146.5,153.9,146.5,153.0,153.0,150.25,,152.9,,,75080,11407284.0,1274,F1,1,,,,,,2025-03-27
2025-03-27,2025-03-27,CM,BSE,STK,500085,INE085A01013,CHAMBLFERT,A,,,,,CHAMBAL FERTILISERS & CHEMICAL,617.05,632.0,612.05,619.75,619.75,617.55,,619.35,,,62233,38753910.0,3396,F1,1,,,,,,2025-03-27
2025-03-27,2025-03-27,CM,BSE,STK,500086,INE302A01020,EXIDEIND,A,,,,,EXIDE INDUSTRIES LTD.,358.45,361.5,352.5,359.95,359.95,359.15,,360.05,,,293702,105275716.0,7116,F1,1,,,,,,2025-03-27
2025-03-27,2025-03-27,CM,BSE,STK,500087,INE059A01026,CIPLA,A,,,,,CIPLA LTD.,1475.3,1488.15,1465.55,1483.0,1483.0,1475.5,,1482.9,,,17088,25259809.0,1919,F1,1,,,,,,2025-03-27
2025-03-27,2025-03-27,CM,BSE,STK,500089,INE303A01010,DICIND,B,,,,,DIC INDIA LTD.,655.5,671.0,640.0,655.8,648.0,656.25,,652.35,,,148,97219.0,26,F1,1,,,,,,2025-03-27
2025-03-27,2025-03-27,CM,BSE,STK,500092,INE007A01025,CRISIL,A,,,,,CRISIL LTD.,4197.95,4207.75,4134.7,4167.7,4167.7,4168.3,,4165.8,,,1135,4729033.0,311,F1,1,,,,,,2025-03-27
2025-03-27,2025-03-27,CM,BSE,STK,500093,INE067A01029,CGPOWER,A,,,,,CG Power and Industrial Soluti,635.65,642.35,627.2,636.3,636.3,635.65,,637.15,,,120278,76395343.0,4625,F1,1,,,,,,2025-03-27
2025-03-27,2025-03-27,CM,BSE,STK,500096,INE016A01026,DABUR,A,,,,,DABUR INDIA LTD.,504.55,514.95,503.65,512.65,510.5,509.0,,512.85,,,54027,27541844.0,2747,F1,1,,,,,,2025-03-27
2025-03-27,2025-03-27,CM,BSE,STK,500097,INE495A01022,DALMIASUG,B,,,,,DALMIA BHARAT SUGAR AND INDUST,355.0,370.65,354.8,357.75,356.75,355.25,,358.1,,,13030,4691055.0,667,F1,1,,,,,,2025-03-27
2025-03-27,2025-03-27,CM,BSE,STK,500101,INE034A01011,ARVIND,A,,,,,ARVIND LTD.,321.75,326.0,318.0,323.75,323.75,321.8,,323.4,,,37931,12236332.0,1250,F1,1,,,,,,2025-03-27
2025-03-27,2025-03-27,CM,BSE,STK,500103,INE257A01026,BHEL,A,,,,,BHARAT HEAVY ELECTRICALS LTD.,210.1,216.65,208.75,214.45,214.45,210.4,,214.0,,,325040,69148071.0,3819,F1,1,,,,,,2025-03-27
2025-03-27,2025-03-27,CM,BSE,STK,500104,INE094A01015,HINDPETRO,A,,,,,HINDUSTAN PETROLEUM CORPORATIO,350.35,363.6,349.3,359.6,359.6,351.95,,359.55,,,152499,54302776.0,3977,F1,1,,,,,,2025-03-27
2025-03-27,2025-03-27,CM,BSE,STK,500106,INE039A01010,IFCI,A,,,,,IFCI LTD.,42.5,44.5,42.24,44.25,44.25,43.0,,44.23,,,1700665,74432240.0,5110,F1,1,,,,,,2025-03-27
2025-03-27,2025-03-27,CM,BSE,STK,500108,INE153A01019,MTNL,A,,,,,MAHANAGAR TELEPHONE NIGAM LTD.,42.52,44.73,42.52,44.12,44.12,43.36,,44.12,,,358048,15656514.0,1658,F1,1,,,,,,2025-03-27
2025-03-27,2025-03-27,CM,BSE,STK,500109,INE103A01014,MRPL,A,,,,,MANGALORE REFINERY & PETROCHEM,139.9,140.8,136.1,136.9,136.9,140.95,,136.9,,,373153,51442318.0,3446,F1,1,,,,,,2025-03-27
2025-03-27,2025-03-27,CM,BSE,STK,500110,INE178A01016,CHENNPETRO,A,,,,,CHENNAI PETROLEUM CORPORATION,630.55,633.5,614.15,626.4,626.4,630.8,,626.15,,,170310,106310224.0,4182,F1,1,,,,,,2025-03-27
2025-03-27,2025-03-27,CM,BSE,STK,500112,INE062A01020,SBIN,A,,,,,STATE BANK OF INDIA,762.7,775.0,760.75,772.4,772.4,763.35,,772.3,,,243074,187031220.0,8314,F1,1,,,,,,2025-03-27
2025-03-27,2025-03-27,CM,BSE,STK,500113,INE114A01011,SAIL,A,,,,,STEEL AUTHORITY OF INDIA LTD.,112.65,115.15,112.6,113.85,113.85,113.25,,113.9,,,529277,60251363.0,2304,F1,1,,,,,,2025-03-27
2025-03-27,2025-03-27,CM,BSE,STK,500114,INE280A01028,TITAN,A,,,,,TITAN COMPANY LIMITED,3072.3,3098.0,3044.1,3085.65,3085.65,3057.2,,3087.65,,,22873,70377800.0,2754,F1,1,,,,,,2025-03-27
2025-03-27,2025-03-27,CM,BSE,STK,500116,INE008A01015,IDBI,A,,,,,IDBI BANK LTD.,78.0,78.49,76.87,77.18,77.2,77.51,,77.1,,,411275,31916096.0,2403,F1,1,,,,,,2025-03-27
2025-03-27,2025-03-27,CM,BSE,STK,500117,INE500A01029,DCW,B,,,,,DCW LTD.,76.9,79.96,76.35,78.84,78.84,76.81,,78.96,,,38807,3036375.0,811,F1,1,,,,,,2025-03-27
2025-03-27,2025-03-27,CM,BSE,STK,500119,INE041A01016,DHAMPURSUG,B,,,,,DHAMPUR SUGAR MILLS LTD.,119.65,123.0,117.95,120.0,119.0,119.65,,119.75,,,69428,8325759.0,898,F1,1,,,,,,2025-03-27
2025-03-27,2025-03-27,CM,BSE,STK,500120,INE591D01014,DIAMINESQ,B,,,,,DIAMINES & CHEMICALS LTD.,319.25,321.0,305.0,310.35,310.35,322.15,,309.7,,,15576,4883159.0,1208,F1,1,,,,,,2025-03-27
2025-03-27,2025-03-27,CM,BSE,STK,500123,INE280B01018,ELANTAS,B,,,,,ELANTAS BECK INDIA LTD.,9660.05,9999.0,9452.0,9856.7,9856.7,9839.25,,9856.7,,,844,8348260.0,124,F1,1,,,,,,2025-03-27
2025-03-27,2025-03-27,CM,BSE,STK,500124,INE089A01031,DRREDDY,A,,,,,DR.REDDYS LABORATORIES LTD.,1161.0,1168.45,1143.75,1162.35,1160.1,1163.85,,1162.2,,,295502,340449927.0,12453,F1,1,,,,,,2025-03-27
2025-03-27,2025-03-27,CM,BSE,STK,500125,INE126A01031,EIDPARRY,A,,,,,E.I.D.-PARRY (INDIA) LTD.,755.85,792.65,755.85,789.15,787.05,780.75,,789.2,,,7119,5572110.0,601,F1,1,,,,,,2025-03-27
2025-03-27,2025-03-27,CM,BSE,STK,500126,INE199A01012,PGHL,A,,,,,PROCTER & GAMBLE HEALTH LIMITE,5301.7,5301.7,4916.0,4997.4,5044.9,5320.85,,5002.5,,,1630,8210728.0,587,F1,1,,,,,,2025-03-27
2025-03-27,2025-03-27,CM,BSE,STK,500128,INE086A01029,ELECTCAST,A,,,,,ELECTROSTEEL CASTINGS LTD.,95.87,101.55,95.87,100.59,99.05,95.77,,100.7,,,437384,43298388.0,4323,F1,1,,,,,,2025-03-27
2025-03-27,2025-03-27,CM,BSE,STK,500133,INE284A01012,ESABINDIA,A,,,,,ESAB INDIA LTD.,4559.1,4614.8,4512.05,4536.0,4543.0,4570.75,,4529.5,,,842,3837544.0,259,F1,1,,,,,,2025-03-27
2025-03-27,2025-03-27,CM,BSE,STK,500135,INE255A01020,EPL,A,,,,,EPL LIMITED,204.55,212.95,202.05,209.6,209.3,206.55,,209.45,,,24983,5242752.0,889,F1,1,,,,,,2025-03-27
2025-03-27,2025-03-27,CM,BSE,STK,500136,INE778B01029,ESTER,B,,,,,ESTER INDUSTRIES LTD.,121.4,124.55,121.35,122.8,122.9,122.45,,123.35,,,8314,1022617.0,251,F1,1,,,,,,2025-03-27
2025-03-27,2025-03-27,CM,BSE,STK,500142,INE512A01016,FGP,X,,,,,FGP LTD.,9.88,9.88,9.0,9.19,9.64,9.31,,9.19,,,2413,22119.0,23,F1,1,,,,,,2025-03-27
2025-03-27,2025-03-27,CM,BSE,STK,500143,INE160F01013,PHCAP,XT,,,,,PH CAPITAL LTD.,211.85,217.95,203.25,204.65,203.55,211.85,,204.65,,,1411,294021.0,67,F1,1,,,,,,2025-03-27
2025-03-27,2025-03-27,CM,BSE,STK,500144,INE235A01022,FINCABLES,A,,,,,FINOLEX CABLES LTD.,903.95,921.7,883.65,896.85,896.85,897.7,,895.0,,,83109,74896030.0,3407,F1,1,,,,,,2025-03-27
2025-03-27,2025-03-27,CM,BSE,STK,500147,INE515A01019,COCKERILL,B,,,,,JOHN COCKERILL INDIA LIMITED,3100.0,3100.0,2859.95,2919.2,2919.2,3039.05,,2919.2,,,6518,19331272.0,715,F1,1,,,,,,2025-03-27
2025-03-27,2025-03-27,CM,BSE,STK,500148,INE516A01017,UFLEX,B,,,,,UFLEX LTD.,506.05,514.0,494.45,499.15,502.1,505.9,,499.1,,,4787,2403637.0,345,F1,1,,,,,,2025-03-27
2025-03-27,2025-03-27,CM,BSE,STK,500150,INE519A01011,FOSECOIND,B,,,,,FOSECO INDIA LTD.,3286.0,3515.75,3286.0,3464.7,3478.95,3491.6,,3453.15,,,76,261691.0,39,F1,1,,,,,,2025-03-27
2025-03-27,2025-03-27,CM,BSE,STK,500151,INE973A01010,GOLDENTOBC,Z,,,,,GOLDEN TOBACCO LTD.,35.17,35.2,33.87,33.92,33.91,35.65,,33.83,,,86749,3052845.0,32,F1,1,,,,,,2025-03-27
2025-03-27,2025-03-27,CM,BSE,STK,500153,INE388A01029,GANESHBE,B,,,,,GANESH BENZOPLAST LTD.,108.4,109.45,105.55,106.55,107.5,109.0,,106.8,,,29469,3167315.0,1129,F1,1,,,,,,2025-03-27
2025-03-27,2025-03-27,CM,BSE,STK,500159,INE085D01033,METROGLOBL,X,,,,,METROGLOBAL LIMITED,128.1,130.0,128.0,128.45,128.0,128.6,,128.45,,,2984,384880.0,33,F1,1,,,,,,2025-03-27
2025-03-27,2025-03-27,CM,BSE,STK,500160,INE043A01012,GTL,B,,,,,GTL LTD.,8.4,8.5,8.09,8.13,8.13,8.4,,8.13,,,200733,1654742.0,891,F1,1,,,,,,2025-03-27
2025-03-27,2025-03-27,CM,BSE,STK,500163,INE260B01028,GODFRYPHLP,A,,,,,GODFREY PHILLIPS INDIA LTD.,6034.45,6464.5,6034.45,6464.5,6464.5,6156.7,,6465.0,,,8259,52323181.0,938,F1,1,,,,,,2025-03-27
2025-03-27,2025-03-27,CM,BSE,STK,500164,INE233A01035,GODREJIND,A,,,,,GODREJ INDUSTRIES LTD.,1146.05,1170.7,1141.45,1161.05,1162.0,1145.25,,1159.95,,,5550,6428690.0,384,F1,1,,,,,,2025-03-27
2025-03-27,2025-03-27,CM,BSE,STK,500165,INE531A01024,KANSAINER,A,,,,,KANSAI NEROLAC PAINTS LTD.,233.05,239.3,231.0,232.25,232.55,238.0,,232.55,,,37659,8848085.0,807,F1,1,,,,,,2025-03-27
2025-03-27,2025-03-27,CM,BSE,STK,500166,INE300A01016,GOODRICKE,X,,,,,GOODRICKE GROUP LTD.,168.0,172.9,165.15,167.1,167.1,169.3,,167.1,,,67959,11475037.0,507,F1,1,,,,,,2025-03-27
2025-03-27,2025-03-27,CM,BSE,STK,500168,INE533A01012,GOODYEAR,B,,,,,GOODYEAR INDIA LTD.,824.3,830.0,810.05,815.25,814.5,815.25,,815.25,,,14936,12202511.0,828,F1,1,,,,,,2025-03-27
2025-03-27,2025-03-27,CM,BSE,STK,500170,INE537A01013,GTNINDS,X,,,,,GTN INDUSTRIES LTD.,27.49,27.49,26.38,26.72,26.94,26.99,,26.72,,,2917,77796.0,37,F1,1,,,,,,2025-03-27
2025-03-27,2025-03-27,CM,BSE,STK,500171,INE539A01019,GHCL,A,,,,,GHCL LTD.,611.55,616.6,595.95,599.5,600.65,612.9,,599.75,,,13321,8026513.0,932,F1,1,,,,,,2025-03-27
2025-03-27,2025-03-27,CM,BSE,STK,500173,INE538A01037,GFLLIMITED,B,,,,,GFL LIMITED,55.0,55.04,52.0,52.42,52.5,54.17,,52.56,,,33590,1792662.0,923,F1,1,,,,,,2025-03-27
2025-03-27,2025-03-27,CM,BSE,STK,500179,INE236A01020,HCL-INSYS,B,,,,,HCL INFOSYSTEMS LTD.,12.29,12.6,12.0,12.07,12.0,12.66,,12.05,,,120345,1482205.0,669,F1,1,,,,,,2025-03-27
2025-03-27,2025-03-27,CM,BSE,STK,500180,INE040A01034,HDFCBANK,A,,,,,HDFC BANK LTD.,1799.5,1840.5,1798.7,1825.25,1825.25,1805.95,,1825.35,,,186393,340634479.0,7323,F1,1,,,,,,2025-03-27
2025-03-27,2025-03-27,CM,BSE,STK,500182,INE158A01026,HEROMOTOCO,A,,,,,HERO MOTOCORP LTD.,3642.0,3783.4,3609.65,3763.15,3763.15,3645.5,,3771.8,,,87658,328707771.0,10298,F1,1,,,,,,2025-03-27
2025-03-27,2025-03-27,CM,BSE,STK,500183,INE548A01028,HFCL,A,,,,,HFCL LIMITED,79.77,81.6,79.27,81.23,81.23,79.75,,81.25,,,762637,61530211.0,3713,F1,1,,,,,,2025-03-27
2025-03-27,2025-03-27,CM,BSE,STK,500184,INE019C01026,HSCL,A,,,,,Himadri Speciality Chemical Lt,414.6,438.15,414.6,429.65,434.0,423.6,,429.65,,,99240,42464427.0,2678,F1,1,,,,,,2025-03-27
2025-03-27,2025-03-27,CM,BSE,STK,500185,INE549A01026,HCC,A,,,,,HINDUSTAN CONSTRUCTION CO.LTD.,25.73,26.87,25.1,26.51,26.51,25.64,,26.52,,,5092954,133064831.0,7382,F1,1,,,,,,2025-03-27
2025-03-27,2025-03-27,CM,BSE,STK,500186,INE345A01011,HINDOILEXP,A,,,,,HINDUSTAN OIL EXPLORATION CO.L,168.1,176.95,168.1,174.7,174.7,170.9,,174.55,,,176930,30671155.0,2724,F1,1,,,,,,2025-03-27
2025-03-27,2025-03-27,CM,BSE,STK,500187,INE415A01038,AGI,A,,,,,AGI GREENPAC LIMITED,741.0,770.4,737.6,762.15,761.5,741.55,,762.95,,,25921,19391707.0,882,F1,1,,,,,,2025-03-27
2025-03-27,2025-03-27,CM,BSE,STK,500188,INE267A01025,HINDZINC,A,,,,,HINDUSTAN ZINC LTD.,441.15,449.9,440.05,446.55,446.55,442.15,,447.85,,,115272,51196986.0,2051,F1,1,,,,,,2025-03-27
2025-03-27,2025-03-27,CM,BSE,STK,500189,INE353A01023,NDLVENTURE,B,,,,,NDL Ventures Limited,62.99,63.0,49.69,53.22,52.9,62.11,,53.12,,,77439,4191907.0,1311,F1,1,,,,,,2025-03-27
2025-03-27,2025-03-27,CM,BSE,STK,500191,INE262A01018,HMT,Z,,,,,HMT LTD.,48.9,50.0,48.2,48.2,48.2,49.75,,47.53,,,2324,114790.0,24,F1,1,,,,,,2025-03-27
2025-03-27,2025-03-27,CM,BSE,STK,500192,INE962B01011,PRAGBOS,X,,,,,PRAG BOSIMI SYNTHETICS LTD.,2.65,2.68,2.51,2.52,2.67,2.6,,2.52,,,2839,7339.0,23,F1,1,,,,,,2025-03-27
2025-03-27,2025-03-27,CM,BSE,STK,500193,INE102A01024,HLVLTD,B,,,,,HLV LIMITED,12.16,12.35,12.01,12.07,12.07,12.25,,12.07,,,494867,6024589.0,1709,F1,1,,,,,,2025-03-27
2025-03-27,2025-03-27,CM,BSE,STK,500199,INE204A01010,IGPL,B,,,,,I G PETROCHEMICALS LTD.,418.1,435.5,417.6,428.5,433.0,419.5,,429.7,,,5703,2419389.0,389,F1,1,,,,,,2025-03-27
2025-03-27,2025-03-27,CM,BSE,STK,500201,INE560A01015,INDIAGLYCO,B,,,,,INDIA GLYCOLS LTD.,1052.05,1104.1,1052.05,1096.7,1104.1,1063.45,,1095.15,,,7055,7656358.0,692,F1,1,,,,,,2025-03-27
2025-03-27,2025-03-27,CM,BSE,STK,500202,INE333C01013,INDLEASE,X,,,,,INDIA LEASE DEVELOPMENT LTD.,10.19,10.19,8.68,9.55,9.55,9.31,,9.55,,,3495,32846.0,20,F1,1,,,,,,2025-03-27
2025-03-27,2025-03-27,CM,BSE,STK,500206,INE680B01019,MARGOFIN,XT,,,,,MARGO FINANCE LIMITED,89.0,89.0,81.46,88.54,88.54,85.59,,88.54,,,2422,209710.0,68,F1,1,,,,,,2025-03-27
2025-03-27,2025-03-27,CM,BSE,STK,500207,INE156A01020,INDORAMA,B,,,,,INDO RAMA SYNTHETICS (INDIA) L,31.2,35.89,31.2,34.27,35.0,34.24,,34.14,,,38479,1314750.0,744,F1,1,,,,,,2025-03-27
2025-03-27,2025-03-27,CM,BSE,STK,500209,INE009A01021,INFY,A,,,,,INFOSYS LTD.,1595.6,1620.0,1586.4,1603.55,1603.55,1598.15,,1603.55,,,158837,254308505.0,7952,F1,1,,,,,,2025-03-27
2025-03-27,2025-03-27,CM,BSE,STK,500210,INE177A01018,INGERRAND,A,,,,,INGERSOLL-RAND (INDIA) LTD.,3523.15,3548.25,3480.15,3506.35,3506.35,3529.4,,3498.7,,,50481,176692708.0,247,F1,1,,,,,,2025-03-27
2025-03-27,2025-03-27,CM,BSE,STK,500213,INE262B01016,ITHL,X,,,,,INTERNATIONAL TRAVEL HOUSE LTD,425.05,441.0,421.0,426.35,426.35,430.85,,426.35,,,7875,3406653.0,225,F1,1,,,,,,2025-03-27
2025-03-27,2025-03-27,CM,BSE,STK,500214,INE570A01022,IONEXCHANG,A,,,,,ION EXCHANGE (INDIA) LTD.,455.4,474.95,455.4,471.2,471.2,461.9,,472.1,,,29270,13656193.0,1173,F1,1,,,,,,2025-03-27
2025-03-27,2025-03-27,CM,BSE,STK,500215,INE209A01019,ATFL,B,,,,,AGRO TECH FOODS LTD.,787.9,795.85,771.15,784.4,777.0,776.65,,785.2,,,2676,2101725.0,258,F1,1,,,,,,2025-03-27
2025-03-27,2025-03-27,CM,BSE,STK,500219,INE175A01038,JISLJALEQS,A,,,,,JAIN IRRIGATION SYSTEMS LTD.,56.21,59.45,56.21,59.02,59.02,56.92,,59.0,,,927893,53737523.0,1968,F1,1,,,,,,2025-03-27
2025-03-27,2025-03-27,CM,BSE,STK,500220,INE711C01028,JASCH,X,,,,,JASCH INDUSTRIES LTD.,150.15,153.75,142.8,144.3,143.1,154.25,,144.3,,,23453,3455783.0,216,F1,1,,,,,,2025-03-27
2025-03-27,2025-03-27,CM,BSE,STK,500227,INE197D01010,JINDALPOLY,B,,,,,JINDAL POLY FILMS LTD.,689.6,711.7,689.6,705.75,696.0,696.3,,706.05,,,1312,914929.0,182,F1,1,,,,,,2025-03-27
2025-03-27,2025-03-27,CM,BSE,STK,500228,INE019A01038,JSWSTEEL,A,,,,,JSW STEEL LTD.,1058.05,1068.4,1050.3,1060.1,1061.45,1056.1,,1059.75,,,17970,19074636.0,1898,F1,1,,,,,,2025-03-27
2025-03-27,2025-03-27,CM,BSE,STK,500231,INE864B01027,UMANGDAIRY,B,,,,,UMANG DAIRIES LTD.,76.0,76.0,72.52,73.19,72.73,75.07,,73.15,,,6273,464552.0,204,F1,1,,,,,,2025-03-27
2025-03-27,2025-03-27,CM,BSE,STK,500233,INE217B01036,KAJARIACER,A,,,,,KAJARIA CERAMICS LTD.,889.9,893.15,876.5,878.7,876.5,889.15,,878.65,,,9583,8438807.0,750,F1,1,,,,,,2025-03-27
2025-03-27,2025-03-27,CM,BSE,STK,500234,INE437B01014,KAKATCEM,B,,,,,KAKATIYA CEMENT SUGAR & INDUST,137.3,140.45,133.9,135.35,135.35,138.05,,134.85,,,8486,1161800.0,165,F1,1,,,,,,2025-03-27
2025-03-27,2025-03-27,CM,BSE,STK,500235,INE907A01026,KSL,B,,,,,KALYANI STEELS LTD.,751.55,780.0,750.0,771.6,771.6,753.0,,774.85,,,5232,3994966.0,423,F1,1,,,,,,2025-03-27
2025-03-27,2025-03-27,CM,BSE,STK,500238,INE716A01013,WHIRLPOOL,A,,,,,WHIRLPOOL OF INDIA LTD.,965.05,995.0,959.45,987.3,987.3,966.3,,985.6,,,7080,6936627.0,588,F1,1,,,,,,2025-03-27
2025-03-27,2025-03-27,CM,BSE,STK,500239,INE104A01012,KGDENIM,X,,,,,KG DENIM LTD.,16.99,16.99,15.38,15.71,15.8,15.83,,15.71,,,143103,2255358.0,106,F1,1,,,,,,2025-03-27
2025-03-27,2025-03-27,CM,BSE,STK,500240,INE266B01017,KINETICENG,X,,,,,KINETIC ENGINEERING LTD.,172.0,175.0,167.15,168.9,168.9,174.8,,168.9,,,29997,5126360.0,258,F1,1,,,,,,2025-03-27
2025-03-27,2025-03-27,CM,BSE,STK,500241,INE732A01036,KIRLOSBROS,A,,,,,KIRLOSKAR BROTHERS LTD.,1689.95,1740.75,1683.0,1724.55,1720.0,1695.2,,1722.95,,,5338,9150944.0,713,F1,1,,,,,,2025-03-27
2025-03-27,2025-03-27,CM,BSE,STK,500243,INE250A01039,KIRLOSIND,B,,,,,KIRLOSKAR INDUSTRIES LTD,3213.15,3310.0,3111.0,3190.4,3149.05,3230.75,,3211.15,,,1370,4389950.0,412,F1,1,,,,,,2025-03-27
2025-03-27,2025-03-27,CM,BSE,STK,500245,INE884B01025,KIRLFER,A,,,,,KIRLOSKAR FERROUS INDUSTRIES L,484.3,484.3,468.0,474.65,474.65,483.6,,474.65,,,158098,75150916.0,1950,F1,1,,,,,,2025-03-27
2025-03-27,2025-03-27,CM,BSE,STK,500246,INE601C01013,ENVAIREL,X,,,,,ENVAIR ELECTRODYNE LTD.,86.01,96.81,85.5,92.75,92.75,85.41,,92.75,,,2172,188390.0,20,F1,1,,,,,,2025-03-27
2025-03-27,2025-03-27,CM,BSE,STK,500247,INE237A01028,KOTAKBANK,A,,,,,KOTAK MAHINDRA BANK LTD.,2133.25,2151.15,2118.0,2131.15,2122.95,2143.35,,2128.65,,,28787,61484888.0,2462,F1,1,,,,,,2025-03-27
2025-03-27,2025-03-27,CM,BSE,STK,500249,INE999A01023,KSB,A,,,,,KSB LIMITED,705.3,755.95,700.75,722.35,722.35,719.5,,722.8,,,44884,32427433.0,3644,F1,1,,,,,,2025-03-27
2025-03-27,2025-03-27,CM,BSE,STK,500250,INE337A01034,LGBBROSLTD,B,,,,,L.G.BALAKRISHNAN & BROS.LTD.,1208.0,1221.95,1201.95,1213.25,1218.15,1211.05,,1214.95,,,1348,1634792.0,230,F1,1,,,,,,2025-03-27
2025-03-27,2025-03-27,CM,BSE,STK,500251,INE849A01020,TRENT,A,,,,,TRENT LTD.,5350.05,5445.0,5334.6,5412.4,5412.4,5318.85,,5422.1,,,41000,221112898.0,6812,F1,1,,,,,,2025-03-27
2025-03-27,2025-03-27,CM,BSE,STK,500252,INE269B01029,LMW,A,,,,,LMW Limited,15987.4,16154.35,15627.45,15685.1,15637.45,16030.45,,15660.3,,,338,5374713.0,180,F1,1,,,,,,2025-03-27
2025-03-27,2025-03-27,CM,BSE,STK,500253,INE115A01026,LICHSGFIN,A,,,,,LIC HOUSING FINANCE LTD.,562.0,572.25,558.0,569.5,570.4,561.4,,569.5,,,65063,36850921.0,2491,F1,1,,,,,,2025-03-27
2025-03-27,2025-03-27,CM,BSE,STK,500257,INE326A01037,LUPIN,A,,,,,LUPIN LTD.,2050.0,2052.95,1993.3,2019.2,2010.0,2058.0,,2018.8,,,19292,38873098.0,2894,F1,1,,,,,,2025-03-27
2025-03-27,2025-03-27,CM,BSE,STK,500259,INE933A01014,LYKALABS,B,,,,,LYKA LABS LTD.,101.45,104.25,99.2,100.4,100.4,102.3,,99.95,,,14339,1450026.0,670,F1,1,,,,,,2025-03-27
2025-03-27,2025-03-27,CM,BSE,STK,500260,INE331A01037,RAMCOCEM,A,,,,,THE RAMCO CEMENTS LIMITED,850.15,888.2,850.15,882.7,883.25,851.85,,882.75,,,25485,22324136.0,1208,F1,1,,,,,,2025-03-27
2025-03-27,2025-03-27,CM,BSE,STK,500262,INE965B01022,HYBRIDFIN,B,,,,,HYBRID FINANCIAL SERVICES LIMI,13.07,13.07,11.86,11.86,11.86,12.48,,11.55,,,1183,14045.0,712,F1,1,,,,,,2025-03-27
2025-03-27,2025-03-27,CM,BSE,STK,500264,INE270B01035,MAFATIND,B,,,,,MAFATLAL INDUSTRIES LTD.,121.5,122.05,117.0,118.25,118.5,120.95,,118.25,,,195409,23309110.0,814,F1,1,,,,,,2025-03-27
2025-03-27,2025-03-27,CM,BSE,STK,500265,INE271B01025,MAHSEAMLES,A,,,,,MAHARASHTRA SEAMLESS LTD.,675.0,695.0,674.8,692.2,692.95,678.55,,692.15,,,8610,5905210.0,659,F1,1,,,,,,2025-03-27
2025-03-27,2025-03-27,CM,BSE,STK,500266,INE288A01013,MAHSCOOTER,A,,,,,MAHARASHTRA SCOOTERS LTD.,10242.35,12101.0,10233.65,11614.5,11185.05,10298.0,,11714.7,,,3587,40484546.0,1128,F1,1,,,,,,2025-03-27
2025-03-27,2025-03-27,CM,BSE,STK,500267,INE201B01022,MAJESAUT,X,,,,,MAJESTIC AUTO LTD.,308.9,308.9,289.0,292.35,292.35,305.35,,292.35,,,10460,3081571.0,255,F1,1,,,,,,2025-03-27
2025-03-27,2025-03-27,CM,BSE,STK,500268,INE201A01024,MANALIPETC,B,,,,,MANALI PETROCHEMICAL LTD.,58.0,59.23,56.93,57.68,57.68,58.28,,57.88,,,140235,8116261.0,1215,F1,1,,,,,,2025-03-27
2025-03-27,2025-03-27,CM,BSE,STK,500270,INE461A01024,BARODARY,X,,,,,BARODA RAYON CORPORATION LTD.,138.0,138.0,131.0,135.75,135.75,136.65,,135.75,,,1206,161903.0,53,F1,1,,,,,,2025-03-27
2025-03-27,2025-03-27,CM,BSE,STK,500271,INE180A01020,MFSL,A,,,,,Max Financial Services Limited,1115.15,1152.4,1115.15,1148.55,1146.45,1118.0,,1147.35,,,28111,32103567.0,4355,F1,1,,,,,,2025-03-27
2025-03-27,2025-03-27,CM,BSE,STK,500277,INE401C01018,MIDINDIA,X,,,,,MID INDIA INDUSTRIES LTD.,8.4,8.4,7.64,7.9,7.9,8.4,,7.9,,,163784,1324657.0,28,F1,1,,,,,,2025-03-27
2025-03-27,2025-03-27,CM,BSE,STK,500279,INE831A01028,MIRCELECTR,T,,,,,MIRC ELECTRONICS LTD.,12.0,12.25,11.68,11.68,11.68,12.29,,11.67,,,264752,3136912.0,393,F1,1,,,,,,2025-03-27
2025-03-27,2025-03-27,CM,BSE,STK,500280,INE485A01015,CENTENKA,B,,,,,CENTURY ENKA LTD.,530.0,560.0,528.15,551.0,554.6,538.7,,554.15,,,6376,3450626.0,536,F1,1,,,,,,2025-03-27
2025-03-27,2025-03-27,CM,BSE,STK,500282,INE794W01014,MODTHREAD,B,,,,,MODERN THREADS (INDIA) LTD.,36.8,36.8,34.66,35.92,35.92,35.12,,34.7,,,1481,51340.0,6,F1,1,,,,,,2025-03-27
2025-03-27,2025-03-27,CM,BSE,STK,500284,INE846D01012,LORDSCHLO,T,,,,,LORDS CHLORO ALKALI LTD.,129.2,129.2,124.2,126.0,126.0,129.2,,126.35,,,3298,421531.0,18,F1,1,,,,,,2025-03-27
2025-03-27,2025-03-27,CM,BSE,STK,500285,INE285B01017,SPICEJET,B,,,,,SPICEJET LTD.,45.0,46.31,44.84,45.18,45.18,44.93,,45.18,,,8811117,399928947.0,9857,F1,1,,,,,,2025-03-27
2025-03-27,2025-03-27,CM,BSE,STK,500288,INE083A01026,MOREPENLAB,A,,,,,MOREPEN LABORATORIES LTD.,47.72,48.85,46.59,48.54,48.54,47.47,,48.55,,,885592,42341916.0,4012,F1,1,,,,,,2025-03-27
2025-03-27,2025-03-27,CM,BSE,STK,500290,INE883A01011,MRF,A,,,,,MRF LTD.,113850.0,114179.4,112500.0,113392.05,113900.0,114259.95,,113265.55,,,259,29334474.0,210,F1,1,,,,,,2025-03-27
2025-03-27,2025-03-27,CM,BSE,STK,500292,INE578A01017,HEIDELBERG,B,,,,,HEIDELBERGCEMENT INDIA LTD.,196.5,199.55,196.0,197.0,196.9,196.25,,197.1,,,6271,1238598.0,207,F1,1,,,,,,2025-03-27
2025-03-27,2025-03-27,CM,BSE,STK,500294,INE868B01028,NCC,A,,,,,NCC LIMITED,208.65,213.4,207.65,208.6,208.6,208.4,,208.55,,,578486,121834666.0,6675,F1,1,,,,,,2025-03-27
2025-03-27,2025-03-27,CM,BSE,STK,500295,INE205A01025,VEDL,A,,,,,VEDANTA LIMITED,463.2,474.5,461.9,472.15,472.15,464.15,,472.35,,,204557,95704391.0,4506,F1,1,,,,,,2025-03-27
2025-03-27,2025-03-27,CM,BSE,STK,500296,INE290A01027,NAHARSPING,B,,,,,NAHAR SPINNING MILLS LTD.,191.2,209.6,191.2,203.45,206.9,203.65,,204.85,,,9036,1853796.0,503,F1,1,,,,,,2025-03-27
2025-03-27,2025-03-27,CM,BSE,STK,500298,INE585A01020,NAPEROL,X,,,,,Naperol Investments Limited,1090.0,1100.0,986.25,1004.45,1011.0,1101.2,,1004.45,,,5522,5628157.0,465,F1,1,,,,,,2025-03-27
2025-03-27,2025-03-27,CM,BSE,STK,500300,INE047A01021,GRASIM,A,,,,,GRASIM INDUSTRIES LTD.,2576.05,2627.35,2576.0,2617.15,2598.45,2581.35,,2618.7,,,8116,21182474.0,1724,F1,1,,,,,,2025-03-27
2025-03-27,2025-03-27,CM,BSE,STK,500302,INE140A01024,PEL,A,,,,,PIRAMAL ENTERPRISES LTD.,978.45,998.0,971.75,991.85,985.65,978.5,,993.45,,,11539,11361153.0,1273,F1,1,,,,,,2025-03-27
2025-03-27,2025-03-27,CM,BSE,STK,500304,INE161A01038,NIITLTD,B,,,,,NIIT LTD.,122.5,128.45,120.0,126.1,126.1,121.15,,126.8,,,107334,13422534.0,1405,F1,1,,,,,,2025-03-27
2025-03-27,2025-03-27,CM,BSE,STK,500306,INE903A01025,JAYKAY,B,,,,,Jaykay Enterprises Limited,127.5,129.5,121.0,122.35,122.35,125.45,,122.35,,,233715,29394783.0,868,F1,1,,,,,,2025-03-27
2025-03-27,2025-03-27,CM,BSE,STK,500307,INE910A01012,NIRLON,B,,,,,NIRLON LTD.,500.0,504.5,490.35,500.1,500.1,500.05,,500.1,,,76835,38416977.0,838,F1,1,,,,,,2025-03-27
2025-03-27,2025-03-27,CM,BSE,STK,500312,INE213A01029,ONGC,A,,,,,OIL AND NATURAL GAS CORPORATIO,239.35,243.25,238.45,242.2,242.2,239.7,,242.15,,,183272,44150229.0,2574,F1,1,,,,,,2025-03-27
2025-03-27,2025-03-27,CM,BSE,STK,500313,INE591A01010,OILCOUNTUB,B,,,,,OIL COUNTRY TUBULAR LTD.,77.5,77.5,71.5,73.22,74.6,75.25,,73.81,,,2773,203866.0,98,F1,1,,,,,,2025-03-27
2025-03-27,2025-03-27,CM,BSE,STK,500314,INE750A01020,ORIENTHOT,B,,,,,ORIENTAL HOTELS LTD.,145.0,148.0,141.5,145.8,145.8,142.75,,144.15,,,14924,2161984.0,507,F1,1,,,,,,2025-03-27
2025-03-27,2025-03-27,CM,BSE,STK,500317,INE142A01012,OSWALAGRO,B,,,,,OSWAL AGRO MILLS LTD.,67.25,73.8,65.51,70.07,70.0,70.61,,69.75,,,4994,353873.0,156,F1,1,,,,,,2025-03-27
2025-03-27,2025-03-27,CM,BSE,STK,500319,INE557C01017,INDSUCR,X,,,,,INDIAN SUCROSE LTD.,94.6,98.99,87.02,88.45,90.0,96.12,,88.45,,,33982,3116111.0,278,F1,1,,,,,,2025-03-27
2025-03-27,2025-03-27,CM,BSE,STK,500322,INE167E01037,PANCM,X,,,,,PANYAM CEMENTS & MINERAL INDUS,140.0,140.0,126.75,126.75,126.75,133.4,,126.75,,,641,86335.0,26,F1,1,,,,,,2025-03-27
2025-03-27,2025-03-27,CM,BSE,STK,500325,INE002A01018,RELIANCE,A,,,,,RELIANCE INDUSTRIES LTD.,1275.05,1285.15,1272.05,1278.4,1278.4,1272.55,,1278.2,,,278220,355997710.0,6731,F1,1,,,,,,2025-03-27
2025-03-27,2025-03-27,CM,BSE,STK,500327,INE600A01035,PILITA,B,,,,,Pil Italica Lifestyle Limited,13.24,14.19,13.24,13.92,13.95,13.51,,13.92,,,57585,803505.0,746,F1,1,,,,,,2025-03-27
2025-03-27,2025-03-27,CM,BSE,STK,500330,INE301A01014,RAYMOND,A,,,,,RAYMOND LTD.,1415.8,1447.1,1410.0,1438.85,1438.85,1428.85,,1437.7,,,47857,68406371.0,2936,F1,1,,,,,,2025-03-27
2025-03-27,2025-03-27,CM,BSE,STK,500331,INE318A01026,PIDILITIND,A,,,,,PIDILITE INDUSTRIES LTD.,2839.8,2873.95,2792.0,2864.4,2867.0,2848.2,,2866.45,,,14750,41725141.0,3660,F1,1,,,,,,2025-03-27
2025-03-27,2025-03-27,CM,BSE,STK,500333,INE751B01018,PIXTRANS,B,,,,,PIX TRANSMISSIONS LTD.,1623.35,1653.95,1590.0,1625.55,1627.0,1625.95,,1621.7,,,2492,4055133.0,480,F1,1,,,,,,2025-03-27
2025-03-27,2025-03-27,CM,BSE,STK,500335,INE340A01012,BIRLACORPN,A,,,,,BIRLA CORPORATION LTD.,1045.05,1105.95,1045.05,1084.6,1077.0,1059.25,,1077.85,,,13089,14007955.0,1596,F1,1,,,,,,2025-03-27
2025-03-27,2025-03-27,CM,BSE,STK,500336,INE335A01020,SURYAROSNI,A,,,,,SURYA ROSHNI LTD.,242.35,252.8,242.35,249.55,250.0,243.9,,249.45,,,37995,9427244.0,1570,F1,1,,,,,,2025-03-27
2025-03-27,2025-03-27,CM,BSE,STK,500337,INE032B01021,PRIMESECU,B,,,,,PRIME SECURITIES LTD.,233.2,244.45,230.65,242.9,241.0,233.4,,237.95,,,403,97038.0,56,F1,1,,,,,,2025-03-27
2025-03-27,2025-03-27,CM,BSE,STK,500338,INE010A01011,PRSMJOHNSN,A,,,,,PRISM JOHNSON LIMITED.,121.35,140.45,121.35,137.4,137.25,126.2,,137.95,,,78499,10617735.0,1274,F1,1,,,,,,2025-03-27
2025-03-27,2025-03-27,CM,BSE,STK,500339,INE855B01025,RAIN,A,,,,,RAIN INDUSTRIES LIMITED,135.0,138.2,133.4,136.65,136.7,134.5,,136.6,,,91987,12530514.0,754,F1,1,,,,,,2025-03-27
2025-03-27,2025-03-27,CM,BSE,STK,500343,INE606A01024,AMJLAND,B,,,,,AMJ LAND HOLDINGS LIMITED,47.5,49.19,45.46,45.73,45.57,47.5,,45.71,,,7482,352534.0,199,F1,1,,,,,,2025-03-27
2025-03-27,2025-03-27,CM,BSE,STK,500346,INE609A01010,PUNJCOMMU,B,,,,,PUNJAB COMMUNICATIONS LTD.,47.99,47.99,46.0,46.22,46.22,47.99,,46.22,,,8061,373443.0,44,F1,1,,,,,,2025-03-27
2025-03-27,2025-03-27,CM,BSE,STK,500350,INE611A01016,RSWM,B,,,,,RSWM LTD.,128.05,133.85,128.05,131.95,131.6,131.1,,131.65,,,44404,5880728.0,712,F1,1,,,,,,2025-03-27
2025-03-27,2025-03-27,CM,BSE,STK,500354,INE562B01019,RAJSREESUG,B,,,,,RAJSHREE SUGARS & CHEMICALS LT,40.33,40.87,38.0,38.91,39.15,39.96,,38.76,,,14742,582642.0,297,F1,1,,,,,,2025-03-27
2025-03-27,2025-03-27,CM,BSE,STK,500355,INE613A01020,RALLIS,A,,,,,RALLIS INDIA LTD.,233.1,233.1,218.5,219.1,218.5,224.4,,219.2,,,31467,6958232.0,892,F1,1,,,,,,2025-03-27
2025-03-27,2025-03-27,CM,BSE,STK,500356,INE278B01020,RAMANEWS,T,,,,,SHREE RAMA NEWSPRINT LTD.,32.56,32.56,32.56,32.56,32.56,31.93,,32.56,,,33937,1104988.0,78,F1,1,,,,,,2025-03-27
2025-03-27,2025-03-27,CM,BSE,STK,500357,INE425E01013,RAMAPPR-B,Z,,,,,RAMA PAPER MILLS LTD.,12.4,13.0,12.37,12.37,12.37,13.0,,12.37,,,1039,12891.0,13,F1,1,,,,,,2025-03-27
2025-03-27,2025-03-27,CM,BSE,STK,500360,INE350D01015,RAPICUT,X,,,,,RAPICUT CARBIDES LTD.,77.36,82.5,77.36,82.5,82.5,81.05,,82.5,,,4322,344718.0,35,F1,1,,,,,,2025-03-27
2025-03-27,2025-03-27,CM,BSE,STK,500365,INE731F01037,WELSPLSOL,B,,,,,WELSPUN SPECIALTY SOLUTIONS LI,27.09,27.58,27.09,27.09,27.09,28.51,,27.09,,,685760,18589968.0,774,F1,1,,,,,,2025-03-27
2025-03-27,2025-03-27,CM,BSE,STK,500366,INE293A01013,ROLTA,Z,,,,,ROLTA INDIA LTD.,2.23,2.32,2.12,2.13,2.13,2.23,,2.12,,,293475,650460.0,335,F1,1,,,,,,2025-03-27
2025-03-27,2025-03-27,CM,BSE,STK,500367,INE642C01025,RUBFILA,B,,,,,RUBFILA INTERNATIONAL LTD.,65.9,65.9,63.17,63.67,63.17,65.43,,63.69,,,55015,3521646.0,1525,F1,1,,,,,,2025-03-27
2025-03-27,2025-03-27,CM,BSE,STK,500368,INE619A01035,PATANJALI,A,,,,,Patanjali Foods Limited,1788.95,1794.6,1770.0,1783.2,1780.0,1790.3,,1783.7,,,50046,89105354.0,1768,F1,1,,,,,,2025-03-27
2025-03-27,2025-03-27,CM,BSE,STK,500370,INE924A01013,SALORAINTL,X,,,,,SALORA INTERNATIONAL LTD.,41.7,44.2,40.6,40.91,41.88,41.58,,40.91,,,8684,364282.0,76,F1,1,,,,,,2025-03-27
2025-03-27,2025-03-27,CM,BSE,STK,500378,INE324A01032,JINDALSAW,A,,,,,JINDAL SAW LTD.,266.75,275.3,264.35,272.65,272.65,266.7,,272.65,,,96631,26168496.0,2861,F1,1,,,,,,2025-03-27
2025-03-27,2025-03-27,CM,BSE,STK,500380,INE786A01032,JKLAKSHMI,A,,,,,JK LAKSHMI CEMENT LTD.,780.95,836.1,776.0,790.35,784.2,785.6,,791.05,,,19540,15810891.0,1267,F1,1,,,,,,2025-03-27
2025-03-27,2025-03-27,CM,BSE,STK,500387,INE070A01015,SHREECEM,A,,,,,SHREE CEMENT LTD.,30169.55,30486.65,29805.8,30131.2,30131.2,29950.5,,30146.2,,,2107,63837637.0,1295,F1,1,,,,,,2025-03-27
2025-03-27,2025-03-27,CM,BSE,STK,500388,INE970C01012,SKPMIL,X,,,,,SHREE KRISHNA PAPER MILLS & IN,44.99,44.99,44.77,44.77,44.77,45.21,,44.77,,,21,944.0,2,F1,1,,,,,,2025-03-27
2025-03-27,2025-03-27,CM,BSE,STK,500389,INE368A01021,SILVERLINE,XT,,,,,SILVERLINE TECHNOLOGIES LTD.,11.9,11.9,11.56,11.56,11.56,11.79,,11.56,,,98578,1152359.0,114,F1,1,,,,,,2025-03-27
2025-03-27,2025-03-27,CM,BSE,STK,500390,INE036A01016,RELINFRA,A,,,,,RELIANCE INFRASTRUCTURE LTD.,254.3,257.95,250.0,255.2,255.2,253.75,,255.15,,,1804192,456189865.0,4860,F1,1,,,,,,2025-03-27
2025-03-27,2025-03-27,CM,BSE,STK,500400,INE245A01021,TATAPOWER,A,,,,,TATA POWER CO.LTD.,374.9,384.7,372.1,383.55,383.55,375.8,,383.4,,,283960,107513118.0,5686,F1,1,,,,,,2025-03-27
2025-03-27,2025-03-27,CM,BSE,STK,500402,INE937A01023,SPMLINFRA,B,,,,,SPML INFRA LIMITED,154.5,159.65,150.85,157.2,155.65,153.25,,155.65,,,23885,3705200.0,420,F1,1,,,,,,2025-03-27
2025-03-27,2025-03-27,CM,BSE,STK,500403,INE387A01021,SUNDRMFAST,A,,,,,SUNDRAM FASTENERS LTD.,933.4,947.9,884.0,906.15,906.15,943.5,,906.25,,,6469,5934975.0,615,F1,1,,,,,,2025-03-27
2025-03-27,2025-03-27,CM,BSE,STK,500404,INE947A01014,SUNFLAG,A,,,,,SUNFLAG IRON & STEEL CO.LTD.,229.55,241.4,229.5,233.0,233.0,229.95,,233.3,,,31262,7396088.0,734,F1,1,,,,,,2025-03-27
2025-03-27,2025-03-27,CM,BSE,STK,500405,INE663A01033,SPLPETRO,A,,,,,SUPREME PETROCHEM LTD.,642.0,649.2,602.6,619.25,619.15,645.3,,617.3,,,12310,7700902.0,1317,F1,1,,,,,,2025-03-27
2025-03-27,2025-03-27,CM,BSE,STK,500407,INE277A01016,SWARAJENG,B,,,,,SWARAJ ENGINES LTD.,3848.85,4000.0,3810.0,3910.75,3925.0,3829.75,,3910.3,,,808,3177028.0,226,F1,1,,,,,,2025-03-27
2025-03-27,2025-03-27,CM,BSE,STK,500408,INE670A01012,TATAELXSI,A,,,,,TATA ELXSI LTD.,5531.0,5581.0,5400.0,5418.3,5418.3,5565.85,,5417.85,,,26895,147717364.0,6650,F1,1,,,,,,2025-03-27
2025-03-27,2025-03-27,CM,BSE,STK,500410,INE012A01025,ACC,A,,,,,ACC LTD.,1936.65,1967.75,1922.55,1963.85,1962.75,1934.95,,1964.1,,,24457,47560503.0,3096,F1,1,,,,,,2025-03-27
2025-03-27,2025-03-27,CM,BSE,STK,500411,INE152A01029,THERMAX,A,,,,,THERMAX LTD.,3475.0,3949.95,3435.75,3756.7,3700.0,3474.2,,3775.75,,,11462,41883310.0,2277,F1,1,,,,,,2025-03-27
2025-03-27,2025-03-27,CM,BSE,STK,500412,INE338A01024,TIRUMALCHM,A,,,,,THIRUMALAI CHEMICALS LTD.,237.65,244.65,230.45,242.4,242.4,232.95,,242.15,,,26131,6272070.0,1451,F1,1,,,,,,2025-03-27
2025-03-27,2025-03-27,CM,BSE,STK,500413,INE332A01027,THOMASCOOK,A,,,,,THOMAS COOK (INDIA) LTD.,129.5,137.5,129.5,135.65,136.0,132.3,,135.4,,,95441,12752264.0,1715,F1,1,,,,,,2025-03-27
2025-03-27,2025-03-27,CM,BSE,STK,500414,INE064A01026,TIMEX,B,,,,,TIMEX GROUP INDIA LTD.,152.85,159.9,148.65,156.2,156.2,151.9,,156.2,,,50688,7887454.0,410,F1,1,,,,,,2025-03-27
2025-03-27,2025-03-27,CM,BSE,STK,500418,INE932C01012,TOKYOPLAST,B,,,,,TOKYO PLAST INTERNATIONAL LTD.,127.0,127.05,125.0,125.45,125.7,129.5,,125.9,,,1146,143726.0,32,F1,1,,,,,,2025-03-27
2025-03-27,2025-03-27,CM,BSE,STK,500420,INE685A01028,TORNTPHARM,A,,,,,TORRENT PHARMACEUTICALS LTD.,3166.75,3253.0,3154.45,3226.15,3217.15,3219.45,,3233.15,,,2556,8200193.0,569,F1,1,,,,,,2025-03-27
2025-03-27,2025-03-27,CM,BSE,STK,500421,INE578C01021,TPINDIA,X,,,,,TPI INDIA LTD.,17.71,17.71,14.72,17.23,17.0,16.1,,17.23,,,48249,809536.0,118,F1,1,,,,,,2025-03-27
2025-03-27,2025-03-27,CM,BSE,STK,500422,INE019B01010,TRANSCHEM,X,,,,,TRANSCHEM LTD.,34.95,34.98,31.51,32.82,33.0,34.45,,32.82,,,8865,299913.0,58,F1,1,,,,,,2025-03-27
2025-03-27,2025-03-27,CM,BSE,STK,500425,INE079A01024,AMBUJACEM,A,,,,,AMBUJA CEMENTS LTD.,531.25,545.6,527.05,543.05,543.15,531.8,,542.8,,,67658,36400867.0,2886,F1,1,,,,,,2025-03-27
2025-03-27,2025-03-27,CM,BSE,STK,500426,INE184E01024,UTLINDS,X,,,,,UTL INDUSTRIES LIMITED,2.99,2.99,2.72,2.77,2.77,2.84,,2.77,,,34885,96988.0,108,F1,1,,,,,,2025-03-27
2025-03-27,2025-03-27,CM,BSE,STK,500429,INE037A01022,UNIENTER,B,,,,,UNIPHOS ENTERPRISES LTD.,153.0,156.0,153.0,154.55,154.55,149.9,,154.0,,,1472,227541.0,31,F1,1,,,,,,2025-03-27
2025-03-27,2025-03-27,CM,BSE,STK,500439,INE701A01023,VHL,B,,,,,VARDHMAN HOLDINGS LTD.,3393.8,3448.35,3350.0,3359.55,3387.6,3366.7,,3365.9,,,620,2112988.0,114,F1,1,,,,,,2025-03-27
2025-03-27,2025-03-27,CM,BSE,STK,500440,INE038A01020,HINDALCO,A,,,,,HINDALCO INDUSTRIES LTD.,690.2,697.65,688.8,693.45,692.0,691.25,,693.35,,,68264,47340037.0,2298,F1,1,,,,,,2025-03-27
2025-03-27,2025-03-27,CM,BSE,STK,500444,INE976A01021,WSTCSTPAPR,A,,,,,West Coast Paper Mills Limited,416.8,427.6,412.6,417.75,417.75,416.55,,417.4,,,39971,16744901.0,3289,F1,1,,,,,,2025-03-27
2025-03-27,2025-03-27,CM,BSE,STK,500449,INE048A01011,HOCL,B,,,,,HINDUSTAN ORGANIC CHEMICALS LT,45.0,45.0,38.25,38.91,38.91,42.38,,38.91,,,1272262,53190000.0,4132,F1,1,,,,,,2025-03-27
2025-03-27,2025-03-27,CM,BSE,STK,500450,INE844C01027,MPILCORPL,X,,,,,MPIL CORPORATION LTD.,787.35,787.35,712.5,712.5,712.5,749.95,,712.5,,,6,4349.0,2,F1,1,,,,,,2025-03-27
2025-03-27,2025-03-27,CM,BSE,STK,500456,INE818B01023,PASUPTAC,T,,,,,PASUPATI ACRYLON LTD.,50.12,50.5,48.59,48.59,48.59,51.14,,48.78,,,7935,390288.0,82,F1,1,,,,,,2025-03-27
2025-03-27,2025-03-27,CM,BSE,STK,500458,INE601A01017,KORE,XT,,,,,Kore Foods Limited,29.0,30.12,28.94,29.1,29.1,29.53,,29.1,,,7115,211962.0,22,F1,1,,,,,,2025-03-27
2025-03-27,2025-03-27,CM,BSE,STK,500459,INE179A01014,PGHH,A,,,,,PROCTER & GAMBLE HYGIENE & HEA,13974.3,13974.3,12140.15,12879.0,13474.0,13974.3,,12791.35,,,1813,23783680.0,743,F1,1,,,,,,2025-03-27
2025-03-27,2025-03-27,CM,BSE,STK,500460,INE304A01026,MUKANDLTD,B,,,,,MUKAND LTD.,92.12,93.88,90.65,91.27,91.46,92.58,,91.31,,,26008,2393065.0,640,F1,1,,,,,,2025-03-27
2025-03-27,2025-03-27,CM,BSE,STK,500463,INE676A01027,BBOX,B,,,,,BLACK BOX LIMITED,354.4,368.2,350.75,363.9,362.15,356.35,,364.85,,,63857,22947244.0,1796,F1,1,,,,,,2025-03-27
2025-03-27,2025-03-27,CM,BSE,STK,500464,INE139B01016,UCAL,B,,,,,UCAL LIMITED,133.8,133.8,128.1,129.1,129.2,127.6,,129.35,,,2090,271162.0,60,F1,1,,,,,,2025-03-27
2025-03-27,2025-03-27,CM,BSE,STK,500467,INE544A01019,HARRMALAYA,B,,,,,HARRISONS MALAYALAM LTD.,211.3,212.35,199.0,199.95,203.9,209.05,,200.05,,,10029,2023438.0,470,F1,1,,,,,,2025-03-27
2025-03-27,2025-03-27,CM,BSE,STK,500469,INE171A01029,FEDERALBNK,A,,,,,FEDERAL BANK LTD.,191.0,199.9,191.0,197.75,194.65,192.1,,197.6,,,193044,37952501.0,2565,F1,1,,,,,,2025-03-27
2025-03-27,2025-03-27,CM,BSE,STK,500470,INE081A01020,TATASTEEL,A,,,,,TATA STEEL LTD.,154.85,156.1,154.5,155.3,155.3,155.8,,155.4,,,462970,71946575.0,4362,F1,1,,,,,,2025-03-27
2025-03-27,2025-03-27,CM,BSE,STK,500472,INE640A01023,SKFINDIA,A,,,,,SKF INDIA LTD.,3771.0,3869.0,3762.0,3791.4,3821.45,3820.15,,3786.7,,,2364,9000650.0,656,F1,1,,,,,,2025-03-27
2025-03-27,2025-03-27,CM,BSE,STK,500477,INE208A01029,ASHOKLEY,A,,,,,ASHOK LEYLAND LTD.,206.0,214.8,205.05,208.65,209.0,214.95,,208.5,,,625246,131692231.0,6218,F1,1,,,,,,2025-03-27
2025-03-27,2025-03-27,CM,BSE,STK,500480,INE298A01020,CUMMINSIND,A,,,,,CUMMINS INDIA LTD.,3023.6,3056.2,2980.0,3005.2,2991.5,3004.7,,3004.35,,,7262,21913059.0,1612,F1,1,,,,,,2025-03-27
2025-03-27,2025-03-27,CM,BSE,STK,500483,INE151A01013,TATACOMM,A,,,,,TATA COMMUNICATIONS LTD.,1600.7,1612.75,1580.4,1593.35,1593.35,1605.1,,1594.55,,,15291,24376406.0,2406,F1,1,,,,,,2025-03-27
2025-03-27,2025-03-27,CM,BSE,STK,500488,INE358A01014,ABBOTINDIA,A,,,,,ABBOTT INDIA LTD.,30583.55,30752.15,30251.4,30583.25,30518.1,30583.55,,30569.45,,,404,12370301.0,198,F1,1,,,,,,2025-03-27
2025-03-27,2025-03-27,CM,BSE,STK,500490,INE118A01012,BAJAJHLDNG,A,,,,,BAJAJ HOLDINGS & INVESTMENT LT,12679.75,12695.95,12220.0,12486.55,12539.95,12596.3,,12463.25,,,2936,36459625.0,988,F1,1,,,,,,2025-03-27
2025-03-27,2025-03-27,CM,BSE,STK,500493,INE465A01025,BHARATFORG,A,,,,,BHARAT FORGE LTD.,1211.15,1211.15,1131.55,1159.6,1155.0,1182.25,,1159.15,,,147102,170933026.0,12342,F1,1,,,,,,2025-03-27
2025-03-27,2025-03-27,CM,BSE,STK,500495,INE042A01014,ESCORTS,A,,,,,Escorts Kubota Limited,3234.25,3281.0,3199.65,3254.6,3256.35,3229.65,,3254.2,,,2733,8872079.0,561,F1,1,,,,,,2025-03-27
2025-03-27,2025-03-27,CM,BSE,STK,500500,INE253A01025,HINDMOTORS,B,,,,,HINDUSTAN MOTORS LTD.,21.22,22.28,21.03,22.0,22.1,21.28,,22.01,,,378478,8230248.0,2140,F1,1,,,,,,2025-03-27
2025-03-27,2025-03-27,CM,BSE,STK,500510,INE018A01030,LT,A,,,,,LARSEN & TOUBRO LTD.,3455.05,3528.0,3452.55,3503.3,3503.3,3442.6,,3501.6,,,150171,527503334.0,9464,F1,1,,,,,,2025-03-27
2025-03-27,2025-03-27,CM,BSE,STK,500520,INE101A01026,M&M,A,,,,,MAHINDRA & MAHINDRA LTD.,2737.0,2751.2,2696.0,2733.3,2733.3,2742.9,,2733.0,,,234160,638789485.0,14166,F1,1,,,,,,2025-03-27
2025-03-27,2025-03-27,CM,BSE,STK,500530,INE323A01026,BOSCHLTD,A,,,,,BOSCH LTD.,27420.0,28448.0,27420.0,28330.55,28330.55,28075.65,,28355.35,,,756,21249230.0,468,F1,1,,,,,,2025-03-27
2025-03-27,2025-03-27,CM,BSE,STK,500540,INE342A01018,PREMIER,T,,,,,PREMIER LTD.,2.77,2.89,2.63,2.88,2.88,2.76,,2.74,,,13087,37084.0,44,F1,1,,,,,,2025-03-27
2025-03-27,2025-03-27,CM,BSE,STK,500547,INE029A01011,BPCL,A,,,,,BHARAT PETROLEUM CORPORATION L,272.8,279.0,272.25,275.95,275.95,273.1,,276.05,,,1334150,367869517.0,11070,F1,1,,,,,,2025-03-27
2025-03-27,2025-03-27,CM,BSE,STK,500550,INE003A01024,SIEMENS,A,,,,,SIEMENS LTD.,5424.95,5443.75,5300.0,5317.9,5324.95,5417.0,,5314.25,,,25611,136921548.0,5024,F1,1,,,,,,2025-03-27
2025-03-27,2025-03-27,CM,BSE,STK,500570,INE155A01022,TATAMOTORS,A,,,,,TATA MOTORS LTD.,673.95,677.05,661.35,668.6,668.6,707.95,,668.55,,,1752516,1175041776.0,35608,F1,1,,,,,,2025-03-27
2025-03-27,2025-03-27,CM,BSE,STK,500575,INE226A01021,VOLTAS,A,,,,,VOLTAS LTD.,1429.95,1435.0,1413.8,1423.4,1423.4,1427.6,,1423.4,,,17792,25318265.0,2030,F1,1,,,,,,2025-03-27
2025-03-27,2025-03-27,CM,BSE,STK,500620,INE017A01032,GESHIP,A,,,,,GREAT EASTERN SHIPPING CO.LTD.,916.6,928.0,915.65,920.1,921.8,914.65,,920.05,,,10758,9900215.0,540,F1,1,,,,,,2025-03-27
2025-03-27,2025-03-27,CM,BSE,STK,500645,INE501A01019,DEEPAKFERT,A,,,,,DEEPAK FERTILISERS & PETROCHEM,1116.05,1147.0,1111.05,1137.65,1137.65,1115.7,,1140.7,,,12625,14332441.0,948,F1,1,,,,,,2025-03-27
2025-03-27,2025-03-27,CM,BSE,STK,500650,INE369A01029,EXCELINDUS,B,,,,,EXCEL INDUSTRIES LTD.,933.05,979.15,920.15,963.6,970.45,950.9,,966.75,,,5192,4874085.0,675,F1,1,,,,,,2025-03-27
2025-03-27,2025-03-27,CM,BSE,STK,500655,INE291A01017,GRWRHITECH,A,,,,,GARWARE HI-TECH FILMS LIMITED,3917.0,4003.65,3892.85,3933.3,3906.0,3970.4,,3931.55,,,4318,16979881.0,687,F1,1,,,,,,2025-03-27
2025-03-27,2025-03-27,CM,BSE,STK,500660,INE159A01016,GLAXO,A,,,,,GLAXOSMITHKLINE PHARMACEUTICAL,2803.05,2848.9,2756.35,2836.6,2836.6,2820.4,,2836.9,,,4891,13680174.0,895,F1,1,,,,,,2025-03-27
2025-03-27,2025-03-27,CM,BSE,STK,500670,INE113A01013,GNFC,A,,,,,GUJARAT NARMADA VALLEY FERTILI,498.65,510.9,493.45,504.5,504.5,496.3,,504.8,,,75890,38117288.0,2798,F1,1,,,,,,2025-03-27
2025-03-27,2025-03-27,CM,BSE,STK,500672,INE234A01025,NOVARTIND,B,,,,,NOVARTIS INDIA LTD.,825.05,838.0,795.55,807.1,807.1,830.1,,807.1,,,28039,23022705.0,420,F1,1,,,,,,2025-03-27
2025-03-27,2025-03-27,CM,BSE,STK,500674,INE058A01010,SANOFI,A,,,,,SANOFI INDIA LTD,5935.0,6220.65,5751.0,5831.1,5831.1,5991.15,,5842.95,,,2960,17651299.0,1000,F1,1,,,,,,2025-03-27
2025-03-27,2025-03-27,CM,BSE,STK,500680,INE182A01018,PFIZER,A,,,,,PFIZER LTD.,4008.6,4030.0,3966.3,3972.3,3966.3,4008.6,,3973.05,,,1941,7742980.0,481,F1,1,,,,,,2025-03-27
2025-03-27,2025-03-27,CM,BSE,STK,500690,INE026A01025,GSFC,A,,,,,GUJARAT STATE FERTILIZERS & CH,176.6,184.65,176.55,181.9,181.9,176.55,,181.75,,,132676,24023410.0,1914,F1,1,,,,,,2025-03-27
2025-03-27,2025-03-27,CM,BSE,STK,500696,INE030A01027,HINDUNILVR,A,,,,,HINDUSTAN UNILEVER LTD.,2243.85,2260.5,2210.0,2236.75,2236.75,2243.85,,2244.55,,,72835,163000345.0,3690,F1,1,,,,,,2025-03-27
2025-03-27,2025-03-27,CM,BSE,STK,500710,INE133A01011,AKZOINDIA,A,,,,,AKZO NOBEL INDIA LIMITED,3324.65,3812.75,3311.8,3703.8,3577.1,3317.05,,3716.6,,,3294,12066042.0,870,F1,1,,,,,,2025-03-27
2025-03-27,2025-03-27,CM,BSE,STK,500730,INE163A01018,NOCIL,A,,,,,NOCIL LTD.,177.5,181.3,173.25,176.7,176.7,174.6,,176.35,,,36837,6563550.0,1026,F1,1,,,,,,2025-03-27
2025-03-27,2025-03-27,CM,BSE,STK,500770,INE092A01019,TATACHEM,A,,,,,TATA CHEMICALS LTD.,845.2,857.95,844.95,848.4,851.0,850.5,,847.8,,,122184,104022423.0,4021,F1,1,,,,,,2025-03-27
2025-03-27,2025-03-27,CM,BSE,STK,500777,INE148A01019,TNPETRO,B,,,,,TAMILNADU PETROPRODUCTS LTD.,67.05,74.62,66.41,70.2,70.21,67.74,,70.04,,,42970,3057831.0,901,F1,1,,,,,,2025-03-27
2025-03-27,2025-03-27,CM,BSE,STK,500780,INE217A01012,ZUARIIND,B,,,,,Zuari Industries Limited,240.45,241.45,234.0,235.05,235.05,241.05,,235.25,,,28690,6784029.0,800,F1,1,,,,,,2025-03-27
2025-03-27,2025-03-27,CM,BSE,STK,500790,INE239A01024,NESTLEIND,A,,,,,NESTLE INDIA LTD.,2230.4,2266.6,2226.0,2240.15,2241.85,2243.35,,2242.05,,,13755,30971290.0,2418,F1,1,,,,,,2025-03-27
2025-03-27,2025-03-27,CM,BSE,STK,500800,INE192A01025,TATACONSUM,A,,,,,TATA CONSUMER PRODUCTS LIMITED,978.3,978.55,953.6,973.2,978.35,959.3,,973.55,,,32984,31991345.0,2020,F1,1,,,,,,2025-03-27
2025-03-27,2025-03-27,CM,BSE,STK,500820,INE021A01026,ASIANPAINT,A,,,,,ASIAN PAINTS LTD.,2305.3,2348.9,2290.4,2338.2,2338.2,2326.2,,2338.1,,,105551,245534371.0,8980,F1,1,,,,,,2025-03-27
2025-03-27,2025-03-27,CM,BSE,STK,500825,INE216A01030,BRITANNIA,A,,,,,BRITANNIA INDUSTRIES LTD.,4760.4,4918.2,4760.4,4838.15,4838.15,4849.8,,4841.2,,,17317,83922943.0,4068,F1,1,,,,,,2025-03-27
2025-03-27,2025-03-27,CM,BSE,STK,500830,INE259A01022,COLPAL,A,,,,,COLGATE-PALMOLIVE (INDIA) LTD.,2393.55,2409.5,2356.0,2389.5,2409.5,2393.6,,2393.75,,,44848,106879624.0,6499,F1,1,,,,,,2025-03-27
2025-03-27,2025-03-27,CM,BSE,STK,500840,INE230A01023,EIHOTEL,A,,,,,EIH LTD.,362.35,387.15,350.4,364.9,364.9,362.25,,363.85,,,45633,16659128.0,1464,F1,1,,,,,,2025-03-27
2025-03-27,2025-03-27,CM,BSE,STK,500850,INE053A01029,INDHOTEL,A,,,,,INDIAN HOTELS CO.LTD.,800.0,816.0,786.0,791.45,791.45,809.2,,790.55,,,310514,247088451.0,7602,F1,1,,,,,,2025-03-27
2025-03-27,2025-03-27,CM,BSE,STK,500870,INE172A01027,CASTROLIND,A,,,,,CASTROL INDIA LTD.,205.05,210.6,204.6,209.05,209.05,205.65,,208.95,,,172850,36052320.0,2027,F1,1,,,,,,2025-03-27
2025-03-27,2025-03-27,CM,BSE,STK,500875,INE154A01025,ITC,A,,,,,ITC LTD.,407.55,410.5,405.7,409.4,408.8,407.05,,409.45,,,789925,323376408.0,5799,F1,1,,,,,,2025-03-27
2025-03-27,2025-03-27,CM,BSE,STK,500877,INE438A01022,APOLLOTYRE,A,,,,,APOLLO TYRES LTD.,425.25,432.1,422.7,428.4,427.7,428.75,,428.0,,,45515,19509638.0,2000,F1,1,,,,,,2025-03-27
2025-03-27,2025-03-27,CM,BSE,STK,500878,INE482A01020,CEATLTD,A,,,,,CEAT LTD.,2888.1,2899.0,2830.0,2838.3,2838.3,2888.1,,2839.45,,,4658,13315973.0,981,F1,1,,,,,,2025-03-27
2025-03-27,2025-03-27,CM,BSE,STK,500890,INE832A01018,MODIRUBBER,B,,,,,MODI RUBBER LTD.,108.0,109.0,102.11,103.53,102.32,100.01,,103.5,,,404,42575.0,32,F1,1,,,,,,2025-03-27
2025-03-27,2025-03-27,CM,BSE,STK,500940,INE183A01024,FINPIPE,A,,,,,FINOLEX INDUSTRIES LTD.,178.95,181.6,173.3,180.35,180.9,175.9,,180.1,,,138831,24648057.0,1875,F1,1,,,,,,2025-03-27
2025-03-27,2025-03-27,CM,BSE,STK,501144,INE644U01015,PEOPLIN,XT,,,,,PEOPLES INVESTMENTS LTD.,136.7,150.0,136.35,136.95,150.0,143.5,,136.95,,,1049,143794.0,26,F1,1,,,,,,2025-03-27
2025-03-27,2025-03-27,CM,BSE,STK,501150,INE660C01027,CENTRUM,B,,,,,CENTRUM CAPITAL LTD.,23.63,24.14,22.7,23.08,23.3,23.84,,23.05,,,79243,1852674.0,558,F1,1,,,,,,2025-03-27
2025-03-27,2025-03-27,CM,BSE,STK,501242,INE911B01018,TCIFINANCE,T,,,,,TCI FINANCE LTD.,12.55,12.55,11.6,11.97,12.0,12.16,,11.61,,,2837,33768.0,41,F1,1,,,,,,2025-03-27
2025-03-27,2025-03-27,CM,BSE,STK,501295,INE886A01014,IITL,B,,,,,INDUSTRIAL INVESTMENT TRUST LT,230.0,235.0,229.9,229.9,229.9,242.0,,229.75,,,35080,8066125.0,41,F1,1,,,,,,2025-03-27
2025-03-27,2025-03-27,CM,BSE,STK,501298,INE620D01011,INDPRUD,B,,,,,INDUSTRIAL & PRUDENTIAL INVEST,5555.0,5555.0,5312.0,5321.5,5350.0,5503.55,,5321.5,,,558,2969937.0,20,F1,1,,,,,,2025-03-27
2025-03-27,2025-03-27,CM,BSE,STK,501301,INE672A01018,TATAINVEST,A,,,,,TATA INVESTMENT CORPORATION LT,6291.85,6370.95,6200.05,6326.65,6345.0,6272.2,,6331.3,,,6169,38825166.0,1378,F1,1,,,,,,2025-03-27
2025-03-27,2025-03-27,CM,BSE,STK,501314,INE286N01028,PRISMX,X,,,,,PRISMX GLOBAL VENTURES LIMITED,0.68,0.7,0.63,0.66,0.67,0.68,,0.66,,,998731,660158.0,446,F1,1,,,,,,2025-03-27
2025-03-27,2025-03-27,CM,BSE,STK,501343,INE861B01023,MOTOGENFIN,B,,,,,MOTOR & GENERAL FINANCE LTD.,25.99,25.99,24.55,25.51,25.98,25.5,,25.61,,,1933,49324.0,32,F1,1,,,,,,2025-03-27
2025-03-27,2025-03-27,CM,BSE,STK,501351,INE154M01012,RAPIDIN,XT,,,,,RAPID INVESTMENTS LTD.,109.05,109.05,101.05,101.05,101.05,106.35,,101.05,,,152,15798.0,7,F1,1,,,,,,2025-03-27
2025-03-27,2025-03-27,CM,BSE,STK,501370,INE695D01021,WALCHPF,X,,,,,WALCHAND PEOPLEFIRST LTD.,125.85,126.5,122.1,122.1,122.1,126.45,,122.1,,,1464,180610.0,18,F1,1,,,,,,2025-03-27
2025-03-27,2025-03-27,CM,BSE,STK,501391,INE855A01019,WHBRADY,X,,,,,W.H.BRADY & CO.LTD.,797.95,797.95,740.0,751.9,740.2,763.65,,751.9,,,247,190132.0,25,F1,1,,,,,,2025-03-27
2025-03-27,2025-03-27,CM,BSE,STK,501421,INE314H01012,TECHNVISN,XT,,,,,TechNVision Ventures Limited,6841.0,6841.0,6480.0,6558.75,6560.0,6552.85,,6558.75,,,471,3100045.0,68,F1,1,,,,,,2025-03-27
2025-03-27,2025-03-27,CM,BSE,STK,501423,INE151G01028,SHAILY,B,,,,,SHAILY ENGINEERING PLASTICS LT,1775.1,1940.0,1758.1,1918.15,1890.35,1850.6,,1923.35,,,9897,18323804.0,1398,F1,1,,,,,,2025-03-27
2025-03-27,2025-03-27,CM,BSE,STK,501425,INE050A01025,BBTC,A,,,,,BOMBAY BURMAH TRADING CORP.LTD,1717.05,1788.4,1694.6,1771.95,1762.05,1725.7,,1771.3,,,9419,16306254.0,1287,F1,1,,,,,,2025-03-27
2025-03-27,2025-03-27,CM,BSE,STK,501430,INE691K01017,BOMBCYC,X,,,,,BOMBAY CYCLE & MOTOR AGENCY LT,1648.9,1648.9,1560.1,1590.8,1590.8,1582.1,,1590.8,,,81,128816.0,19,F1,1,,,,,,2025-03-27
2025-03-27,2025-03-27,CM,BSE,STK,501455,INE224A01026,GREAVESCOT,A,,,,,GREAVES COTTON LTD.,213.8,222.95,212.5,221.9,221.9,213.8,,221.85,,,234704,51113855.0,3217,F1,1,,,,,,2025-03-27
2025-03-27,2025-03-27,CM,BSE,STK,501477,INE003F01015,MULLER,X,,,,,MULLER & PHIPPS (INDIA) LTD.,373.8,373.8,338.2,338.2,338.2,356.0,,338.2,,,1620,589171.0,74,F1,1,,,,,,2025-03-27
2025-03-27,2025-03-27,CM,BSE,STK,501622,INE492N01022,AMALGAM,X,,,,,AMALGAMATED ELECTRICITY CO.LTD,48.99,48.99,48.99,48.99,48.99,48.99,,48.99,,,102,4996.0,4,F1,1,,,,,,2025-03-27
2025-03-27,2025-03-27,CM,BSE,STK,501700,INE131H01028,INDIANVSH,X,,,,,INDIANIVESH LTD.,12.95,12.95,11.06,12.03,12.25,11.2,,12.03,,,7705,91288.0,52,F1,1,,,,,,2025-03-27
2025-03-27,2025-03-27,CM,BSE,STK,501831,INE377E01024,COASTCORP,B,,,,,COASTAL CORPORATION LTD.,36.25,38.8,34.7,35.0,35.65,36.35,,35.05,,,79900,2834354.0,547,F1,1,,,,,,2025-03-27
2025-03-27,2025-03-27,CM,BSE,STK,501833,INE490A01015,CHOWGULSTM,X,,,,,CHOWGULE STEAMSHIPS LTD.,25.3,27.2,24.0,24.13,24.75,25.05,,24.13,,,16997,422792.0,90,F1,1,,,,,,2025-03-27
2025-03-27,2025-03-27,CM,BSE,STK,501848,INE446C01013,GLOBOFFS,X,,,,,GLOBAL OFFSHORE SERVICES LTD.,101.0,101.0,92.1,92.48,92.48,94.55,,92.48,,,6462,611855.0,86,F1,1,,,,,,2025-03-27
2025-03-27,2025-03-27,CM,BSE,STK,502015,INE443A01030,ASIIL,X,,,,,ASI INDUSTRIES LIMITED,35.8,35.8,33.01,33.15,33.15,34.31,,33.15,,,67984,2289992.0,257,F1,1,,,,,,2025-03-27
2025-03-27,2025-03-27,CM,BSE,STK,502090,INE229C01021,SAGCEM,B,,,,,SAGAR CEMENTS LTD.,178.15,183.95,177.65,181.75,181.7,180.05,,181.4,,,7543,1361179.0,335,F1,1,,,,,,2025-03-27
2025-03-27,2025-03-27,CM,BSE,STK,502133,INE07BK01011,HEMACEM,X,,,,,HEMADRI CEMENTS LTD.,69.99,69.99,66.56,68.19,68.19,69.99,,68.19,,,855,58419.0,31,F1,1,,,,,,2025-03-27
2025-03-27,2025-03-27,CM,BSE,STK,502137,INE583C01021,DECCANCE,B,,,,,DECCAN CEMENTS LTD.,854.9,854.9,754.0,802.2,784.2,781.15,,801.9,,,18506,14831965.0,112,F1,1,,,,,,2025-03-27
2025-03-27,2025-03-27,CM,BSE,STK,502157,INE347A01017,MANGLMCEM,B,,,,,MANGALAM CEMENT LTD.,764.95,782.9,761.75,775.7,771.15,758.95,,776.9,,,14829,11455162.0,546,F1,1,,,,,,2025-03-27
2025-03-27,2025-03-27,CM,BSE,STK,502168,INE732C01016,NCLIND,B,,,,,NCL INDUSTRIES LTD.,186.45,189.55,183.0,183.35,185.35,187.35,,184.1,,,10940,2032161.0,235,F1,1,,,,,,2025-03-27
2025-03-27,2025-03-27,CM,BSE,STK,502175,INE626A01014,SAURASHCEM,B,,,,,SAURASHTRA CEMENT LTD.,75.98,82.47,75.97,77.67,77.12,75.44,,77.63,,,76339,6010226.0,1541,F1,1,,,,,,2025-03-27
2025-03-27,2025-03-27,CM,BSE,STK,502180,INE232A01011,SHREDIGCEM,B,,,,,SHREE DIGVIJAY CEMENT CO.LTD.,69.44,70.99,69.08,69.49,69.5,69.44,,69.55,,,70700,4935683.0,1303,F1,1,,,,,,2025-03-27
2025-03-27,2025-03-27,CM,BSE,STK,502219,INE666D01022,BORORENEW,A,,,,,BOROSIL RENEWABLES LIMITED,499.45,501.35,484.75,491.6,491.6,495.9,,492.05,,,67829,33281252.0,2956,F1,1,,,,,,2025-03-27
2025-03-27,2025-03-27,CM,BSE,STK,502250,INE347D01011,LERTHAI,XT,,,,,LERTHAI FINANCE LIMITED,559.8,559.8,559.8,559.8,559.8,540.25,,559.8,,,5,2799.0,2,F1,1,,,,,,2025-03-27
2025-03-27,2025-03-27,CM,BSE,STK,502281,INE094C01011,TRIVENIGQ,X,,,,,TRIVENI GLASS LTD.,12.4,12.4,11.01,11.36,11.5,12.29,,11.36,,,88097,1026903.0,234,F1,1,,,,,,2025-03-27
2025-03-27,2025-03-27,CM,BSE,STK,502294,INE416N01013,NILACHAL,X,,,,,NILACHAL REFRACTORIES LTD.,40.0,40.0,40.0,40.0,40.0,40.0,,40.0,,,773,30920.0,18,F1,1,,,,,,2025-03-27
2025-03-27,2025-03-27,CM,BSE,STK,502330,INE435A01051,ANDHRAPAP,B,,,,,ANDHRA PAPER LIMITED,70.1,71.9,68.99,70.94,71.0,70.02,,71.23,,,170400,12004365.0,1657,F1,1,,,,,,2025-03-27
2025-03-27,2025-03-27,CM,BSE,STK,502355,INE787D01026,BALKRISIND,A,,,,,BALKRISHNA INDUSTRIES LTD.,2555.0,2580.0,2476.5,2550.35,2555.9,2581.35,,2550.25,,,9342,23728994.0,1555,F1,1,,,,,,2025-03-27
2025-03-27,2025-03-27,CM,BSE,STK,502420,INE592A01026,ORIENTPPR,B,,,,,ORIENT PAPER & INDUSTRIES LTD.,22.99,23.84,22.88,23.52,23.82,22.99,,23.51,,,260973,6100222.0,1288,F1,1,,,,,,2025-03-27
2025-03-27,2025-03-27,CM,BSE,STK,502445,INE906D01014,CITADEL,X,,,,,CITADEL REALTY AND DEVELOPERS,50.39,50.39,47.1,47.3,47.1,48.0,,47.3,,,798,38269.0,7,F1,1,,,,,,2025-03-27
2025-03-27,2025-03-27,CM,BSE,STK,502448,INE927A01040,ROLLT,T,,,,,ROLLATAINERS LTD.,1.3,1.36,1.3,1.34,1.33,1.35,,1.33,,,87629,117394.0,60,F1,1,,,,,,2025-03-27
2025-03-27,2025-03-27,CM,BSE,STK,502450,INE630A01024,SESHAPAPER,B,,,,,SESHASAYEE PAPER & BOARDS LTD.,268.0,269.3,261.0,262.2,261.0,265.6,,262.4,,,1330,351208.0,125,F1,1,,,,,,2025-03-27
2025-03-27,2025-03-27,CM,BSE,STK,502587,INE777A01023,NATHIND,X,,,,,NATH INDUSTRIES LIMITED,79.11,79.95,76.15,76.51,76.16,78.72,,76.51,,,5253,405923.0,49,F1,1,,,,,,2025-03-27
2025-03-27,2025-03-27,CM,BSE,STK,502820,INE498A01018,DCM,B,,,,,DCM LTD.,100.0,102.0,97.05,98.25,98.25,99.55,,99.05,,,504,50017.0,39,F1,1,,,,,,2025-03-27
2025-03-27,2025-03-27,CM,BSE,STK,502865,INE518A01013,FORBESCO,XT,,,,,FORBES & COMPANY LTD.,294.0,294.0,278.0,286.55,288.0,291.1,,286.55,,,28906,8156054.0,272,F1,1,,,,,,2025-03-27
2025-03-27,2025-03-27,CM,BSE,STK,502873,INE950C01014,HPCOTTON,X,,,,,H.P.COTTON TEXTILE MILLS LTD.,89.8,92.0,85.64,91.49,91.5,89.77,,91.49,,,3656,323318.0,46,F1,1,,,,,,2025-03-27
2025-03-27,2025-03-27,CM,BSE,STK,502893,INE706D01018,UNITEDINT,X,,,,,UNITED INTERACTIVE LTD.,87.0,87.0,77.63,82.16,85.88,86.24,,82.16,,,243,20536.0,10,F1,1,,,,,,2025-03-27
2025-03-27,2025-03-27,CM,BSE,STK,502901,INE462D01034,JAMSHRI,X,,,,,JAMSHRI REALTY LIMITED,96.9,101.95,95.0,100.6,100.15,98.85,,100.6,,,2963,296327.0,82,F1,1,,,,,,2025-03-27
2025-03-27,2025-03-27,CM,BSE,STK,502933,INE498G01015,KATRSPG,X,,,,,KATARE SPINNING MILLS LTD.,179.95,179.95,179.9,179.9,179.9,180.1,,179.9,,,2,359.0,2,F1,1,,,,,,2025-03-27
2025-03-27,2025-03-27,CM,BSE,STK,502937,INE087A01019,KESORAMIND,A,,,,,KESORAM INDUSTRIES LTD.,4.7,4.7,4.7,4.7,4.7,5.2,,4.45,,,135653,637569.0,127,F1,1,,,,,,2025-03-27
2025-03-27,2025-03-27,CM,BSE,STK,502958,INE938C01019,LAKSHMIMIL,X,,,,,LAKSHMI MILLS COMPANY LTD.,6186.0,6252.55,6186.0,6214.3,6203.0,6237.5,,6214.3,,,35,217334.0,12,F1,1,,,,,,2025-03-27
2025-03-27,2025-03-27,CM,BSE,STK,502986,INE825A01020,VTL,A,,,,,VARDHMAN TEXTILES LTD.,401.0,407.0,392.1,394.6,394.8,403.75,,394.75,,,2693,1071148.0,255,F1,1,,,,,,2025-03-27
2025-03-27,2025-03-27,CM,BSE,STK,503031,INE138A01028,PENINLAND,T,,,,,PENINSULA LAND LTD.,23.31,23.31,23.31,23.31,23.31,23.78,,23.31,,,85254,1987270.0,52,F1,1,,,,,,2025-03-27
2025-03-27,2025-03-27,CM,BSE,STK,503092,INE909B01020,PASUSPG,X,,,,,PASUPATI SPG.& WVG.MILLS LTD.,35.99,35.99,32.53,32.91,35.64,35.02,,32.91,,,5503,192407.0,35,F1,1,,,,,,2025-03-27
2025-03-27,2025-03-27,CM,BSE,STK,503100,INE211B01039,PHOENIXLTD,A,,,,,THE PHOENIX MILLS LTD,1689.6,1689.6,1609.0,1662.5,1654.7,1640.3,,1660.75,,,7583,12466734.0,1373,F1,1,,,,,,2025-03-27
2025-03-27,2025-03-27,CM,BSE,STK,503101,INE182D01020,MARATHON,B,,,,,MARATHON NEXTGEN REALTY LTD.,524.0,537.5,500.65,515.0,505.5,524.5,,516.4,,,5412,2824088.0,304,F1,1,,,,,,2025-03-27
2025-03-27,2025-03-27,CM,BSE,STK,503127,INE491N01016,RAJABAH,X,,,,,RAJA BAHADUR INTERNATIONAL LTD,4950.0,5196.35,4948.95,4949.95,4948.95,4948.95,,4949.95,,,29,144288.0,9,F1,1,,,,,,2025-03-27
2025-03-27,2025-03-27,CM,BSE,STK,503162,INE750D01016,RELCHEMQ,B,,,,,RELIANCE CHEMOTEX INDUSTRIES L,157.0,159.8,155.0,155.15,155.05,157.05,,158.25,,,650,101729.0,36,F1,1,,,,,,2025-03-27
2025-03-27,2025-03-27,CM,BSE,STK,503169,INE301D01026,RUBYMILLS,B,,,,,RUBY MILLS LTD.,186.3,190.05,186.3,187.45,187.5,186.1,,188.55,,,4318,811077.0,104,F1,1,,,,,,2025-03-27
2025-03-27,2025-03-27,CM,BSE,STK,503229,INE167H01014,SIMPLXREA,X,,,,,SIMPLEX REALTY LTD.,230.0,230.0,228.25,228.25,228.25,222.3,,228.25,,,54,12343.0,2,F1,1,,,,,,2025-03-27
2025-03-27,2025-03-27,CM,BSE,STK,503310,INE665A01038,SWANENERGY,A,,,,,SWAN ENERGY LTD.,429.45,445.0,421.1,443.0,443.0,429.5,,442.5,,,369465,160355525.0,4431,F1,1,,,,,,2025-03-27
2025-03-27,2025-03-27,CM,BSE,STK,503349,INE203D01016,VICTMILL,X,,,,,VICTORIA MILLS LTD.,6150.0,6150.0,5900.0,5950.0,5950.0,5861.0,,5950.0,,,18,108175.0,5,F1,1,,,,,,2025-03-27
2025-03-27,2025-03-27,CM,BSE,STK,503624,INE406N01014,ZSVARAJT,X,,,,,SVARAJ TRADING & AGENCIES LTD.,8.69,8.69,7.88,8.37,8.36,8.53,,8.37,,,5289,43947.0,37,F1,1,,,,,,2025-03-27
2025-03-27,2025-03-27,CM,BSE,STK,503641,INE945J01027,ZODIACVEN,X,,,,,ZODIAC VENTURES LIMITED,10.42,10.93,9.85,10.04,10.21,10.8,,10.04,,,80922,820974.0,209,F1,1,,,,,,2025-03-27
2025-03-27,2025-03-27,CM,BSE,STK,503657,INE255E01030,VEERENRGY,X,,,,,VEER ENERGY & INFRASTRUCTURE L,16.0,16.49,14.9,15.61,15.6,16.09,,15.61,,,78093,1240784.0,233,F1,1,,,,,,2025-03-27
2025-03-27,2025-03-27,CM,BSE,STK,503659,INE948K01011,SW1,XT,,,,,SW INVESTMENTS LTD,72.92,72.92,72.92,72.92,72.92,69.45,,72.92,,,50,3646.0,5,F1,1,,,,,,2025-03-27
2025-03-27,2025-03-27,CM,BSE,STK,503663,INE026L01022,TILAK,X,,,,,Tilak Ventures Limited,2.87,2.95,2.81,2.88,2.88,2.87,,2.88,,,426088,1227619.0,704,F1,1,,,,,,2025-03-27
2025-03-27,2025-03-27,CM,BSE,STK,503675,INE786K01023,WAGEND,X,,,,,WAGEND INFRA VENTURE LIMITED,1.12,1.16,1.11,1.14,1.14,1.14,,1.14,,,41741,46864.0,70,F1,1,,,,,,2025-03-27
2025-03-27,2025-03-27,CM,BSE,STK,503681,INE927X01018,ELCIDIN,B,,,,,ELCID INVESTMENTS LTD.,135000.0,137399.95,133002.0,133606.35,133606.35,135863.65,,133606.35,,,101,13601304.0,99,F1,1,,,,,,2025-03-27
2025-03-27,2025-03-27,CM,BSE,STK,503685,INE828I01019,MEDIAONE,X,,,,,MEDIAONE GLOBAL ENTERTAINMENT,31.21,35.99,31.21,34.76,34.76,34.62,,34.76,,,190525,6611651.0,703,F1,1,,,,,,2025-03-27
2025-03-27,2025-03-27,CM,BSE,STK,503722,INE629D01020,BANSWRAS,B,,,,,BANSWARA SYNTEX LTD.,124.1,125.1,118.75,121.45,121.0,124.1,,121.25,,,9505,1156069.0,573,F1,1,,,,,,2025-03-27
2025-03-27,2025-03-27,CM,BSE,STK,503772,INE380D01012,MODWOOL,X,,,,,MODELLA WOOLLENS LTD.,58.0,62.84,58.0,62.84,62.84,59.85,,62.84,,,201,11662.0,3,F1,1,,,,,,2025-03-27
2025-03-27,2025-03-27,CM,BSE,STK,503804,INE204C01024,SHRIDINE,X,,,,,SHRI DINESH MILLS LTD.,282.5,291.95,275.0,277.4,277.95,277.9,,277.4,,,43167,12363684.0,175,F1,1,,,,,,2025-03-27
2025-03-27,2025-03-27,CM,BSE,STK,503806,INE647A01010,SRF,A,,,,,SRF LTD.,2851.4,2961.9,2851.4,2940.5,2940.5,2870.45,,2946.25,,,49045,142437540.0,2152,F1,1,,,,,,2025-03-27
2025-03-27,2025-03-27,CM,BSE,STK,503811,INE076B01028,SIYSIL,B,,,,,SIYARAM SILK MILLS LTD.,638.4,674.0,638.0,665.1,670.4,644.0,,667.05,,,12359,8088452.0,1048,F1,1,,,,,,2025-03-27
2025-03-27,2025-03-27,CM,BSE,STK,503816,INE243N01029,SWADPOL,X,,,,,SWADESHI POLYTEX LTD.,56.48,56.48,50.4,51.13,51.13,55.35,,51.13,,,18169,954593.0,325,F1,1,,,,,,2025-03-27
2025-03-27,2025-03-27,CM,BSE,STK,503837,INE796C01011,SHRAJSYNQ,X,,,,,SHREE RAJASTHAN SYNTEX LTD.,13.89,14.2,13.15,13.75,13.75,13.63,,13.75,,,1627,22356.0,15,F1,1,,,,,,2025-03-27
2025-03-27,2025-03-27,CM,BSE,STK,503960,INE464A01036,BBL,A,,,,,BHARAT BIJLEE LTD.,2964.8,3004.05,2875.0,2986.6,2986.6,2931.3,,2986.55,,,8008,23699491.0,1279,F1,1,,,,,,2025-03-27
2025-03-27,2025-03-27,CM,BSE,STK,504000,INE579B01039,ELPROINTL,B,,,,,ELPRO INTERNATIONAL LTD.,72.85,73.87,70.5,70.9,71.16,73.52,,70.9,,,109876,7883221.0,649,F1,1,,,,,,2025-03-27
2025-03-27,2025-03-27,CM,BSE,STK,504028,INE064H01021,GEE,Z,,,,,GEE LTD.,121.0,121.0,119.3,119.3,119.3,125.55,,119.3,,,66110,7926769.0,65,F1,1,,,,,,2025-03-27
2025-03-27,2025-03-27,CM,BSE,STK,504036,INE835D01023,HIRECT,B,,,,,HIND RECTIFIERS LTD.,937.0,1009.65,919.05,980.65,967.15,950.6,,982.2,,,3805,3599423.0,679,F1,1,,,,,,2025-03-27
2025-03-27,2025-03-27,CM,BSE,STK,504058,INE567A01028,NIPPOBATRY,B,,,,,INDO-NATIONAL LTD.,430.35,430.35,420.05,424.85,426.5,430.35,,422.55,,,1931,822235.0,212,F1,1,,,,,,2025-03-27
2025-03-27,2025-03-27,CM,BSE,STK,504067,INE520A01027,ZENSARTECH,A,,,,,ZENSAR TECHNOLOGIES LTD.,704.1,704.1,684.05,688.15,688.15,702.45,,688.25,,,75025,51734933.0,2768,F1,1,,,,,,2025-03-27
2025-03-27,2025-03-27,CM,BSE,STK,504076,INE511D01012,JYOTI,XT,,,,,JYOTI LTD.,76.5,82.99,76.34,77.57,77.8,80.35,,77.57,,,90815,7133502.0,262,F1,1,,,,,,2025-03-27
2025-03-27,2025-03-27,CM,BSE,STK,504080,INE581L01018,JSLINDL,X,,,,,JSL INDUSTRIES LTD.,1694.0,1717.9,1556.1,1556.1,1556.1,1637.95,,1556.1,,,213,332895.0,28,F1,1,,,,,,2025-03-27
2025-03-27,2025-03-27,CM,BSE,STK,504084,INE813G01023,KAYCEEI,XT,,,,,KAYCEE INDUSTRIES LTD.,1080.0,1080.0,1080.0,1080.0,1080.0,1102.0,,1080.0,,,441,476280.0,57,F1,1,,,,,,2025-03-27
2025-03-27,2025-03-27,CM,BSE,STK,504092,INE716F01012,INDOKEM,XT,,,,,INDOKEM LTD.,184.5,184.7,184.5,184.7,184.7,181.1,,184.7,,,8458,1561782.0,45,F1,1,,,,,,2025-03-27
2025-03-27,2025-03-27,CM,BSE,STK,504093,INE795A01017,PANAENERG,X,,,,,PANASONIC ENERGY INDIA COMPANY,353.05,357.5,350.0,353.45,352.1,354.25,,353.45,,,6557,2320410.0,159,F1,1,,,,,,2025-03-27
2025-03-27,2025-03-27,CM,BSE,STK,504112,INE045B01015,NELCO,B,,,,,NELCO LTD.,871.05,926.25,871.05,912.35,912.35,898.7,,911.05,,,8427,7614887.0,773,F1,1,,,,,,2025-03-27
2025-03-27,2025-03-27,CM,BSE,STK,504132,INE418E01018,PERMAGN,X,,,,,PERMANENT MAGNETS LTD.,672.1,694.9,671.0,680.2,685.0,680.3,,680.2,,,23215,15796889.0,3149,F1,1,,,,,,2025-03-27
2025-03-27,2025-03-27,CM,BSE,STK,504176,INE783E01023,HIGHENE,X,,,,,HIGH ENERGY BATTERIES (INDIA),476.9,504.9,470.05,497.05,488.0,468.4,,497.05,,,19210,9443592.0,542,F1,1,,,,,,2025-03-27
2025-03-27,2025-03-27,CM,BSE,STK,504180,INE502C01039,STDBAT,X,,,,,STANDARD BATTERIES LTD.,68.0,71.6,67.5,68.75,68.92,70.46,,68.75,,,4353,298158.0,68,F1,1,,,,,,2025-03-27
2025-03-27,2025-03-27,CM,BSE,STK,504212,INE279A01012,UNIVCABLES,B,,,,,UNIVERSAL CABLES LTD.,476.25,514.0,475.0,508.95,508.95,476.4,,511.4,,,9847,4881485.0,1004,F1,1,,,,,,2025-03-27
2025-03-27,2025-03-27,CM,BSE,STK,504220,INE100D01014,WSI,T,,,,,W.S.INDUSTRIES (INDIA) LTD.,73.4,73.69,69.81,69.94,70.0,73.48,,69.4,,,27241,1924199.0,157,F1,1,,,,,,2025-03-27
2025-03-27,2025-03-27,CM,BSE,STK,504240,INE872E01016,DLTNCBL,XT,,,,,DELTON CABLES LTD.,685.0,685.0,642.0,646.45,642.0,671.55,,646.45,,,5959,3932138.0,255,F1,1,,,,,,2025-03-27
2025-03-27,2025-03-27,CM,BSE,STK,504258,INE284C01018,LAKSELEC,X,,,,,LAKSHMI ELECTRICAL CONTROL SYS,956.0,959.95,929.95,954.0,954.0,949.65,,954.0,,,5103,4870086.0,74,F1,1,,,,,,2025-03-27
2025-03-27,2025-03-27,CM,BSE,STK,504273,INE064R01012,MODULEX,Z,,,,,MODULEX CONSTRUCTION TECHNOLOG,27.5,27.5,25.51,25.71,26.06,26.63,,25.71,,,70261,1836805.0,95,F1,1,,,,,,2025-03-27
2025-03-27,2025-03-27,CM,BSE,STK,504340,INE180M01033,LONGSPUR,X,,,,,Longspur International Venture,5.2,5.29,5.09,5.29,5.27,5.19,,5.29,,,15371,81232.0,28,F1,1,,,,,,2025-03-27
2025-03-27,2025-03-27,CM,BSE,STK,504341,INE206N01018,RELTD,B,,,,,RAVINDRA ENERGY LIMITED,130.35,130.35,119.0,124.55,124.55,120.05,,124.75,,,20259,2477760.0,574,F1,1,,,,,,2025-03-27
2025-03-27,2025-03-27,CM,BSE,STK,504346,INE713N01013,RRP,XT,,,,,RRP SEMICONDUCTOR LIMITED,605.45,605.45,605.45,605.45,605.45,593.6,,605.45,,,2,1210.0,1,F1,1,,,,,,2025-03-27
2025-03-27,2025-03-27,CM,BSE,STK,504351,INE507F01023,EMPOWER,X,,,,,EMPOWER INDIA LTD.,1.59,1.6,1.52,1.54,1.54,1.55,,1.54,,,1976343,3088481.0,2001,F1,1,,,,,,2025-03-27
2025-03-27,2025-03-27,CM,BSE,STK,504356,INE017P01014,ZMULTIPU,X,,,,,MULTIPURPOSE TRADING & AGENCIE,10.4,10.4,10.39,10.39,10.39,10.4,,10.39,,,235,2441.0,4,F1,1,,,,,,2025-03-27
2025-03-27,2025-03-27,CM,BSE,STK,504369,INE927M01029,GRANDMA,XT,,,,,GRANDMA TRADING & AGENCIES LTD,0.55,0.55,0.54,0.54,0.54,0.55,,0.54,,,65629,35443.0,30,F1,1,,,,,,2025-03-27
2025-03-27,2025-03-27,CM,BSE,STK,504375,INE459E01012,SOFTBPO,P,,,,,SOFTBPO GLOBAL SERVICES LTD.,119.55,119.55,119.55,119.55,119.55,113.9,,119.55,,,250,29887.0,1,F1,50,,,,,,2025-03-27
2025-03-27,2025-03-27,CM,BSE,STK,504378,INE812K01027,NYSSACORP,XT,,,,,NYSSA CORPORATION LIMITED,3.87,4.24,3.87,3.99,3.91,4.07,,3.99,,,200112,797474.0,334,F1,1,,,,,,2025-03-27
2025-03-27,2025-03-27,CM,BSE,STK,504380,INE952M01019,FLOMIC,X,,,,,FLOMIC GLOBAL LOGISTICS LIMITE,52.7,56.0,52.7,54.04,53.75,54.16,,54.04,,,2328,127325.0,24,F1,1,,,,,,2025-03-27
2025-03-27,2025-03-27,CM,BSE,STK,504392,INE537L01010,KRISHNA,XT,,,,,KRISHNA VENTURES LIMITED,26.2,26.5,24.4,24.72,24.72,25.68,,24.72,,,36121,908097.0,94,F1,1,,,,,,2025-03-27
2025-03-27,2025-03-27,CM,BSE,STK,504605,INE361D01012,UNIABEXAL,X,,,,,UNI ABEX ALLOY PRODUCTS LTD.,2060.0,2114.0,2048.0,2057.4,2057.4,2080.45,,2057.4,,,3422,7080868.0,172,F1,1,,,,,,2025-03-27
2025-03-27,2025-03-27,CM,BSE,STK,504614,INE385C01021,SARDAEN,A,,,,,SARDA ENERGY & MINERALS LTD.,485.0,510.35,481.85,506.2,509.65,484.1,,506.55,,,66261,33177635.0,2058,F1,1,,,,,,2025-03-27
2025-03-27,2025-03-27,CM,BSE,STK,504646,INE106G01014,BGWTATO,X,,,,,BHAGWATI AUTOCAST LTD.,370.4,370.4,335.25,345.1,359.9,370.4,,345.1,,,1590,560533.0,78,F1,1,,,,,,2025-03-27
2025-03-27,2025-03-27,CM,BSE,STK,504648,INE089T01023,BOMBWIR,X,,,,,BOMBAY WIRE ROPES LTD.,68.0,68.0,61.66,65.13,65.13,61.03,,65.13,,,160,10179.0,15,F1,1,,,,,,2025-03-27
2025-03-27,2025-03-27,CM,BSE,STK,504731,INE566M01017,AZADIND,X,,,,,AZAD INDIA MOBILITY LIMITED,152.95,156.87,144.0,144.4,144.1,151.45,,144.4,,,23365,3482106.0,277,F1,1,,,,,,2025-03-27
2025-03-27,2025-03-27,CM,BSE,STK,504741,INE323C01030,INDIANHUME,B,,,,,INDIAN HUME PIPE CO.LTD.,361.9,376.0,358.0,361.15,360.15,362.5,,360.9,,,20757,7577610.0,1121,F1,1,,,,,,2025-03-27
2025-03-27,2025-03-27,CM,BSE,STK,504746,INE359D01024,INLCM,X,,,,,INDIAN LINK CHAIN MANUFACTURES,213.5,213.5,193.25,193.25,193.25,203.4,,193.25,,,229,44750.0,10,F1,1,,,,,,2025-03-27
2025-03-27,2025-03-27,CM,BSE,STK,504786,INE155E01016,INVPRECQ,X,,,,,INVESTMENT & PRECISION CASTING,624.75,681.0,617.95,674.4,680.0,613.85,,674.4,,,10977,7188495.0,202,F1,1,,,,,,2025-03-27
2025-03-27,2025-03-27,CM,BSE,STK,504810,INE123E01014,INFORTEC,XT,,,,,INFORMED TECHNOLOGIES INDIA LT,58.8,61.58,58.8,61.58,61.58,61.6,,61.58,,,362,21444.0,5,F1,1,,,,,,2025-03-27
2025-03-27,2025-03-27,CM,BSE,STK,504840,INE375D01012,KAIRA,X,,,,,KAIRA CAN CO.LTD.,1852.0,1852.0,1665.0,1673.05,1675.0,1751.65,,1673.05,,,570,966068.0,45,F1,1,,,,,,2025-03-27
2025-03-27,2025-03-27,CM,BSE,STK,504879,INE569C01020,ORIENTCER,B,,,,,ORIENT CERATECH LIMITED,33.17,33.4,30.87,31.1,31.25,32.61,,31.17,,,42405,1338342.0,885,F1,1,,,,,,2025-03-27
2025-03-27,2025-03-27,CM,BSE,STK,504882,INE166R01015,NATIONSTD,B,,,,,NATIONAL STANDARD (INDIA) LTD.,3740.0,3740.0,3520.0,3582.7,3549.55,3647.35,,3582.7,,,44,158960.0,17,F1,1,,,,,,2025-03-27
2025-03-27,2025-03-27,CM,BSE,STK,504903,INE336C01016,RATHIST,X,,,,,RATHI STEEL & POWER LTD.,34.28,35.0,32.07,33.94,33.94,33.44,,33.94,,,448151,14897024.0,729,F1,1,,,,,,2025-03-27
2025-03-27,2025-03-27,CM,BSE,STK,504908,INE340F01011,DUNCANENG,XT,,,,,Duncan Engineering Limited,349.65,367.5,349.65,359.3,353.05,352.05,,359.3,,,1370,487468.0,26,F1,1,,,,,,2025-03-27
2025-03-27,2025-03-27,CM,BSE,STK,504918,INE149K01016,SANDUMA,A,,,,,SANDUR MANGANESE & IRON ORES L,435.0,447.35,423.65,432.35,432.35,435.35,,432.2,,,42499,18566037.0,2063,F1,1,,,,,,2025-03-27
2025-03-27,2025-03-27,CM,BSE,STK,504959,INE755D01015,STOVACQ,X,,,,,STOVEC INDUSTRIES LTD.,2306.0,2395.0,2306.0,2368.45,2365.25,2405.15,,2368.45,,,258,606832.0,36,F1,1,,,,,,2025-03-27
2025-03-27,2025-03-27,CM,BSE,STK,504973,INE149A01033,CHOLAHLDNG,A,,,,,CHOLAMANDALAM FINANCIAL HOLDIN,1739.65,1740.1,1705.4,1722.05,1724.95,1711.4,,1721.6,,,5650,9767593.0,652,F1,1,,,,,,2025-03-27
2025-03-27,2025-03-27,CM,BSE,STK,504988,INE380G01015,ZWELCAST,X,,,,,WELCAST STEELS LTD.,1150.0,1150.0,1146.0,1150.0,1150.0,1140.0,,1150.0,,,105,120462.0,8,F1,1,,,,,,2025-03-27
2025-03-27,2025-03-27,CM,BSE,STK,505010,INE449A01011,AUTOAXLES,B,,,,,AUTOMOTIVE AXLES LTD.,1681.55,1688.35,1639.3,1644.85,1643.1,1686.35,,1643.1,,,1455,2408383.0,132,F1,1,,,,,,2025-03-27
2025-03-27,2025-03-27,CM,BSE,STK,505029,INE446A01025,ATLASCYCLE,T,,,,,ATLAS CYCLES (HARYANA) LTD.,95.5,95.5,95.5,95.5,95.5,97.4,,95.25,,,279,26644.0,10,F1,1,,,,,,2025-03-27
2025-03-27,2025-03-27,CM,BSE,STK,505036,INE451C01013,ACGL,T,,,,,AUTOMOBILE CORPORATION OF GOA,1283.0,1283.0,1269.1,1269.1,1269.1,1295.0,,1269.1,,,2017,2567039.0,42,F1,1,,,,,,2025-03-27
2025-03-27,2025-03-27,CM,BSE,STK,505075,INE878E01021,SETCO,T,,,,,SETCO AUTOMOTIVE LTD.,21.66,21.66,21.0,21.0,21.0,21.24,,20.93,,,30356,657167.0,41,F1,1,,,,,,2025-03-27
2025-03-27,2025-03-27,CM,BSE,STK,505160,INE187D01029,TALBROAUTO,B,,,,,TALBROS AUTOMOTIVE COMPONENTS,259.0,259.0,244.1,246.5,248.0,256.45,,245.55,,,10808,2698542.0,489,F1,1,,,,,,2025-03-27
2025-03-27,2025-03-27,CM,BSE,STK,505163,INE116C01012,ZFSTEERING,B,,,,,Z.F.STEERING GEAR (INDIA) LTD.,1015.7,1031.55,972.55,988.65,988.65,1015.7,,988.65,,,6314,6274723.0,525,F1,1,,,,,,2025-03-27
2025-03-27,2025-03-27,CM,BSE,STK,505192,INE294B01019,SMLISUZU,B,,,,,SML ISUZU LIMITED,1617.05,1620.0,1550.0,1554.9,1550.25,1631.5,,1556.9,,,2767,4354287.0,308,F1,1,,,,,,2025-03-27
2025-03-27,2025-03-27,CM,BSE,STK,505196,INE806C01018,TIL,B,,,,,TIL LTD.,232.1,232.1,220.5,230.75,231.15,232.1,,230.2,,,27835,6292233.0,424,F1,1,,,,,,2025-03-27
2025-03-27,2025-03-27,CM,BSE,STK,505200,INE066A01021,EICHERMOT,A,,,,,EICHER MOTORS LTD.,5301.05,5400.0,5285.45,5349.65,5347.65,5400.2,,5345.75,,,5434,29036351.0,945,F1,1,,,,,,2025-03-27
2025-03-27,2025-03-27,CM,BSE,STK,505212,INE280F01019,JAINEX,X,,,,,JAINEX AAMCOL LTD.,148.3,159.15,148.3,152.9,154.0,155.65,,152.9,,,2556,387057.0,20,F1,1,,,,,,2025-03-27
2025-03-27,2025-03-27,CM,BSE,STK,505216,INE782D01027,ALFREDHE,X,,,,,ALFRED HERBERT (INDIA) LTD.,2098.05,2100.0,2012.3,2055.0,2055.0,2079.8,,2055.0,,,72,149479.0,21,F1,1,,,,,,2025-03-27
2025-03-27,2025-03-27,CM,BSE,STK,505232,INE232E01013,VELJAN,X,,,,,VELJAN DENISON LIMITED,1017.0,1017.0,965.0,981.75,972.0,986.75,,981.75,,,576,564513.0,82,F1,1,,,,,,2025-03-27
2025-03-27,2025-03-27,CM,BSE,STK,505242,INE221B01012,DYNAMATECH,A,,,,,DYNAMATIC TECHNOLOGIES LTD.,6422.9,6477.0,6163.5,6220.75,6216.25,6449.65,,6209.75,,,638,4000108.0,155,F1,1,,,,,,2025-03-27
2025-03-27,2025-03-27,CM,BSE,STK,505250,INE631D01026,GGDPROP,X,,,,,G. G. Dandekar Properties Limi,98.6,98.6,91.25,91.63,94.0,92.07,,91.63,,,457,42499.0,19,F1,1,,,,,,2025-03-27
2025-03-27,2025-03-27,CM,BSE,STK,505255,INE541A01023,GMMPFAUDLR,A,,,,,GMM PFAUDLER LTD.,1047.4,1062.45,1043.3,1050.7,1050.7,1047.45,,1050.7,,,5067,5332075.0,415,F1,1,,,,,,2025-03-27
2025-03-27,2025-03-27,CM,BSE,STK,505283,INE811A01020,KIRLPNU,A,,,,,KIRLOSKAR PNEUMATIC CO.LTD.,1191.6,1225.1,1179.75,1202.8,1211.95,1180.05,,1202.5,,,3483,4174992.0,363,F1,1,,,,,,2025-03-27
2025-03-27,2025-03-27,CM,BSE,STK,505285,INE637D01015,TULIVE,XT,,,,,TULIVE DEVELOPERS LIMITED,728.85,730.0,728.85,730.0,730.0,743.7,,730.0,,,100,72909.0,2,F1,1,,,,,,2025-03-27
2025-03-27,2025-03-27,CM,BSE,STK,505299,INE731D01024,KPT,X,,,,,KPT INDUSTRIES LIMITED,913.3,918.9,849.5,864.85,870.0,899.25,,864.85,,,4912,4296053.0,380,F1,1,,,,,,2025-03-27
2025-03-27,2025-03-27,CM,BSE,STK,505302,INE718M01022,LAKSHMIEW,X,,,,,LAKSHMI ENGINEERING AND WAREHO,2159.8,2159.8,1965.0,1978.3,1965.0,2041.0,,1978.3,,,55,111778.0,13,F1,1,,,,,,2025-03-27
2025-03-27,2025-03-27,CM,BSE,STK,505324,INE867A01022,MANUGRAPH,B,,,,,MANUGRAPH INDIA LTD.,17.24,17.24,16.5,16.69,16.65,17.11,,16.79,,,2712,45279.0,56,F1,1,,,,,,2025-03-27
2025-03-27,2025-03-27,CM,BSE,STK,505336,INE098E01026,HARSHILAGR,XT,,,,,HARSHIL AGROTECH LIMITED,5.46,5.46,5.46,5.46,5.46,5.57,,5.46,,,35028,191252.0,147,F1,1,,,,,,2025-03-27
2025-03-27,2025-03-27,CM,BSE,STK,505343,INE811D01024,MONOT,Z,,,,,MONOTYPE INDIA LTD.,0.67,0.69,0.67,0.69,0.69,0.68,,0.69,,,1454270,989792.0,612,F1,1,,,,,,2025-03-27
2025-03-27,2025-03-27,CM,BSE,STK,505355,INE317F01035,NESCO,B,,,,,NESCO LTD.,892.4,936.65,892.4,913.5,918.75,913.8,,914.05,,,7959,7292850.0,661,F1,1,,,,,,2025-03-27
2025-03-27,2025-03-27,CM,BSE,STK,505358,INE984B01023,INTEGRAEN,X,,,,,INTEGRA ENGINEERING INDIA LTD.,214.0,218.0,205.15,207.05,207.05,212.45,,207.05,,,25406,5319303.0,402,F1,1,,,,,,2025-03-27
2025-03-27,2025-03-27,CM,BSE,STK,505368,INE617A01013,SEMAC,T,,,,,SEMAC CONSULTANTS LIMITED,290.1,290.15,290.1,290.1,290.1,296.0,,290.1,,,71,20599.0,3,F1,1,,,,,,2025-03-27
2025-03-27,2025-03-27,CM,BSE,STK,505400,INE435C01024,TEXINFRA,B,,,,,TEXMACO INFRASTRUCTURE & HOLDI,104.0,107.44,102.53,106.78,105.0,104.17,,106.52,,,28238,2978440.0,605,F1,1,,,,,,2025-03-27
2025-03-27,2025-03-27,CM,BSE,STK,505412,INE274C01019,WENDT,B,,,,,WENDT (INDIA) LTD.,9328.35,9580.0,9000.05,9131.05,9126.0,9328.35,,9143.1,,,259,2389889.0,108,F1,1,,,,,,2025-03-27
2025-03-27,2025-03-27,CM,BSE,STK,505502,INE953M01033,PSITINFRA,XT,,,,,PS IT INFRASTRUCTURE & SERVICE,2.14,2.18,2.14,2.14,2.14,2.18,,2.14,,,45922,98325.0,53,F1,1,,,,,,2025-03-27
2025-03-27,2025-03-27,CM,BSE,STK,505504,INE809Q01012,GHVINFRA,XT,,,,,GHV INFRA PROJECTS LIMITED,296.65,296.65,296.65,296.65,296.65,290.85,,296.65,,,50,14832.0,2,F1,1,,,,,,2025-03-27
2025-03-27,2025-03-27,CM,BSE,STK,505509,INE688D01026,RESPONIND,B,,,,,RESPONSIVE INDUSTRIES LTD.,204.5,204.5,183.55,184.85,184.35,188.25,,184.65,,,22635,4209677.0,743,F1,1,,,,,,2025-03-27
2025-03-27,2025-03-27,CM,BSE,STK,505520,INE721U01011,ZHEMHOLD,XT,,,,,HEM HOLDINGS & TRADING LTD.,17.47,17.47,17.47,17.47,17.47,17.13,,17.47,,,1,17.0,1,F1,1,,,,,,2025-03-27
2025-03-27,2025-03-27,CM,BSE,STK,505523,INE272E01027,MAHACORP,X,,,,,MAHARASHTRA CORPORATION LTD.,0.62,0.64,0.6,0.61,0.62,0.61,,0.61,,,846557,517459.0,688,F1,1,,,,,,2025-03-27
2025-03-27,2025-03-27,CM,BSE,STK,505526,INE966A01022,DOLATALGO,B,,,,,DOLAT ALGOTECH LIMITED,83.51,89.22,83.25,85.71,85.33,83.25,,85.73,,,177899,15194684.0,2652,F1,1,,,,,,2025-03-27
2025-03-27,2025-03-27,CM,BSE,STK,505533,INE274F01020,WESTLIFE,A,,,,,WESTLIFE FOODWORLD LIMITED,689.25,704.65,688.0,701.3,704.65,694.9,,701.55,,,2489,1731787.0,313,F1,1,,,,,,2025-03-27
2025-03-27,2025-03-27,CM,BSE,STK,505537,INE256A01028,ZEEL,A,,,,,ZEE ENTERTAINMENT ENTERPRISES,100.09,102.95,100.09,101.66,101.66,100.61,,101.65,,,2338873,237861472.0,7742,F1,1,,,,,,2025-03-27
2025-03-27,2025-03-27,CM,BSE,STK,505590,INE308E01029,SVPGLOB,T,,,,,SVP GLOBAL TEXTILES LIMITED,2.96,2.96,2.86,2.86,2.86,2.91,,2.88,,,40863,117166.0,17,F1,1,,,,,,2025-03-27
2025-03-27,2025-03-27,CM,BSE,STK,505650,INE178E01026,SKYLMILAR,X,,,,,SKYLINE MILLARS LTD.,17.6,18.47,17.12,17.23,17.3,17.59,,17.23,,,23476,407762.0,43,F1,1,,,,,,2025-03-27
2025-03-27,2025-03-27,CM,BSE,STK,505681,INE469A01019,BIMETAL,X,,,,,BIMETAL BEARINGS LTD.,588.95,588.95,560.15,570.6,579.8,576.15,,570.6,,,1135,646286.0,79,F1,1,,,,,,2025-03-27
2025-03-27,2025-03-27,CM,BSE,STK,505688,INE561C01019,BHARATGEAR,B,,,,,BHARAT GEARS LTD.,66.22,67.94,65.0,65.54,65.5,65.88,,65.67,,,24211,1611237.0,608,F1,1,,,,,,2025-03-27
2025-03-27,2025-03-27,CM,BSE,STK,505690,INE856A01017,BRADYM,X,,,,,BRADY & MORRIS ENGINEERING CO.,1250.85,1270.0,1201.0,1261.45,1261.45,1250.85,,1261.45,,,212,258193.0,39,F1,1,,,,,,2025-03-27
2025-03-27,2025-03-27,CM,BSE,STK,505693,INE501N01020,LATIMMETAL,X,,,,,La Tim Metal & Industries Limi,10.09,10.6,9.56,9.79,10.25,10.49,,9.79,,,845869,8486627.0,543,F1,1,,,,,,2025-03-27
2025-03-27,2025-03-27,CM,BSE,STK,505700,INE205B01031,ELECON,A,,,,,ELECON ENGINEERING CO.LTD.,457.45,466.0,443.95,462.15,463.3,459.2,,461.05,,,44232,20239893.0,1706,F1,1,,,,,,2025-03-27
2025-03-27,2025-03-27,CM,BSE,STK,505710,INE266D01021,GRAUWEIL,B,,,,,GRAUER & WEIL (INDIA) LTD.,84.5,86.65,82.25,85.09,85.09,84.1,,85.09,,,599469,50596456.0,2500,F1,1,,,,,,2025-03-27
2025-03-27,2025-03-27,CM,BSE,STK,505712,INE705G01021,HIMTEK,X,,,,,HIM TEKNOFORGE LIMITED,170.0,175.7,153.0,156.85,156.85,171.6,,156.85,,,21007,3377635.0,174,F1,1,,,,,,2025-03-27
2025-03-27,2025-03-27,CM,BSE,STK,505714,INE524A01029,GABRIEL,A,,,,,GABRIEL INDIA LTD.,562.4,597.55,559.6,588.25,588.25,570.35,,588.7,,,38676,22654768.0,2271,F1,1,,,,,,2025-03-27
2025-03-27,2025-03-27,CM,BSE,STK,505720,INE688E01024,HERCULES,B,,,,,HERCULES HOISTS LTD.,146.15,148.35,142.75,143.8,145.5,146.15,,144.2,,,32528,4734496.0,384,F1,1,,,,,,2025-03-27
2025-03-27,2025-03-27,CM,BSE,STK,505725,INE598D01027,AQFINTECH,X,,,,,ALGOQUANT FINTECH LIMITED,904.9,905.0,895.0,904.7,904.65,894.9,,904.7,,,40750,36750894.0,240,F1,1,,,,,,2025-03-27
2025-03-27,2025-03-27,CM,BSE,STK,505726,INE559A01017,IFBIND,B,,,,,IFB INDUSTRIES LTD.,1251.65,1288.8,1251.65,1273.95,1275.0,1256.5,,1275.4,,,3429,4360493.0,775,F1,1,,,,,,2025-03-27
2025-03-27,2025-03-27,CM,BSE,STK,505729,INE638A01035,SINGER,X,,,,,SINGER INDIA LTD.,54.9,54.9,49.5,52.98,52.98,54.17,,52.98,,,470921,24792378.0,1028,F1,1,,,,,,2025-03-27
2025-03-27,2025-03-27,CM,BSE,STK,505737,INE403C01014,INTLCOMBQ,X,,,,,INTERNATIONAL COMBUSTION (INDI,835.0,836.0,765.35,793.15,793.15,828.8,,793.15,,,10734,8642954.0,611,F1,1,,,,,,2025-03-27
2025-03-27,2025-03-27,CM,BSE,STK,505744,INE529A01010,FMGOETZE,B,,,,,FEDERAL-MOGUL GOETZE (INDIA) L,326.0,336.25,326.0,330.55,330.5,331.5,,330.75,,,6794,2257797.0,257,F1,1,,,,,,2025-03-27
2025-03-27,2025-03-27,CM,BSE,STK,505750,INE636D01041,JOSTS,X,,,,,JOSTS ENGINEERING CO.LTD.,371.0,404.0,370.0,388.0,388.0,369.35,,388.0,,,49306,19303726.0,1037,F1,1,,,,,,2025-03-27
2025-03-27,2025-03-27,CM,BSE,STK,505790,INE513A01022,SCHAEFFLER,A,,,,,Schaeffler India Limited,3511.0,3530.2,3363.95,3419.15,3419.15,3507.45,,3409.55,,,4572,15765592.0,1487,F1,1,,,,,,2025-03-27
2025-03-27,2025-03-27,CM,BSE,STK,505800,INE384A01010,RANEHOLDIN,B,,,,,RANE HOLDINGS LTD.,1265.9,1283.0,1246.9,1267.05,1267.05,1266.2,,1262.05,,,1473,1864242.0,197,F1,1,,,,,,2025-03-27
2025-03-27,2025-03-27,CM,BSE,STK,505827,INE568F01017,SNL,X,,,,,SNL BEARINGS LTD.,383.95,383.95,370.0,370.05,370.0,370.0,,370.05,,,576,215085.0,38,F1,1,,,,,,2025-03-27
2025-03-27,2025-03-27,CM,BSE,STK,505840,INE058D01030,JAIPAN,X,,,,,JAIPAN INDUSTRIES LTD.,32.45,32.45,29.0,31.46,31.5,30.0,,31.46,,,624,18239.0,10,F1,1,,,,,,2025-03-27
2025-03-27,2025-03-27,CM,BSE,STK,505850,INE545L01039,MANCREDIT,B,,,,,MANGAL CREDIT AND FINCORP LTD.,160.0,160.0,158.0,158.4,158.4,154.8,,163.5,,,903,143278.0,219,F1,1,,,,,,2025-03-27
2025-03-27,2025-03-27,CM,BSE,STK,505854,INE391D01019,TRF,B,,,,,TRF LTD.,363.4,372.0,353.95,355.25,354.6,362.95,,356.2,,,1132,408251.0,211,F1,1,,,,,,2025-03-27
2025-03-27,2025-03-27,CM,BSE,STK,505872,INE765D01022,WPIL,B,,,,,WPIL LTD.,429.0,445.0,425.0,430.3,430.3,424.8,,430.3,,,89093,38277083.0,1620,F1,1,,,,,,2025-03-27
2025-03-27,2025-03-27,CM,BSE,STK,505890,INE717A01029,KENNAMET,B,,,,,KENNAMETAL INDIA LTD.,2296.95,2325.1,2225.85,2252.15,2252.15,2313.6,,2252.15,,,2612,5948857.0,428,F1,1,,,,,,2025-03-27
2025-03-27,2025-03-27,CM,BSE,STK,505893,INE724D01011,HINDHARD,X,,,,,HINDUSTAN HARDY LIMITED,665.0,678.9,640.0,647.55,643.05,645.55,,647.55,,,1240,811399.0,65,F1,1,,,,,,2025-03-27
2025-03-27,2025-03-27,CM,BSE,STK,505978,INE440G01017,TRITONV,X,,,,,TRITON VALVES LTD.,3051.95,3055.0,2862.1,2974.0,2974.0,3051.95,,2974.0,,,5404,16226039.0,106,F1,1,,,,,,2025-03-27
2025-03-27,2025-03-27,CM,BSE,STK,506003,INE618D01015,SUDAI,X,,,,,SUDAL INDUSTRIES LTD.,41.0,41.0,39.1,39.12,39.12,41.0,,39.12,,,15352,600793.0,11,F1,1,,,,,,2025-03-27
2025-03-27,2025-03-27,CM,BSE,STK,506022,INE603A01013,PRAKASH,A,,,,,PRAKASH INDUSTRIES LTD.,154.0,160.8,153.3,156.9,157.8,155.05,,157.05,,,109437,17251401.0,1944,F1,1,,,,,,2025-03-27
2025-03-27,2025-03-27,CM,BSE,STK,506076,INE536A01023,GRINDWELL,A,,,,,GRINDWELL NORTON LTD.,1774.9,1779.95,1623.0,1668.3,1728.35,1766.1,,1663.9,,,5469,9241186.0,1194,F1,1,,,,,,2025-03-27
2025-03-27,2025-03-27,CM,BSE,STK,506079,INE651C01018,LAKPRE,Z,,,,,LAKSHMI PRECISION SCREWS LTD.,3.87,4.2,3.87,4.18,4.2,4.0,,3.93,,,783,3272.0,2,F1,1,,,,,,2025-03-27
2025-03-27,2025-03-27,CM,BSE,STK,506105,INE441L01015,STANROS,X,,,,,STANROSE MAFATLAL INVESTMENTS,64.45,64.45,60.32,60.99,61.01,64.39,,60.99,,,5357,330777.0,38,F1,1,,,,,,2025-03-27
2025-03-27,2025-03-27,CM,BSE,STK,506109,INE727B01026,GENESYS,B,,,,,GENESYS INTERNATIONAL CORPORAT,725.0,742.35,723.25,730.35,732.0,730.9,,730.65,,,52006,38047127.0,2096,F1,1,,,,,,2025-03-27
2025-03-27,2025-03-27,CM,BSE,STK,506122,INE820M01018,VOLKAI,X,,,,,Kairosoft AI Solutions Limited,258.0,259.6,235.0,258.75,259.6,247.25,,258.75,,,52554,13511963.0,184,F1,1,,,,,,2025-03-27
2025-03-27,2025-03-27,CM,BSE,STK,506128,INE383L01019,PARNAXLAB,XT,,,,,PARNAX LAB LTD.,103.46,106.0,103.46,105.0,105.0,105.57,,105.0,,,7838,822837.0,23,F1,1,,,,,,2025-03-27
2025-03-27,2025-03-27,CM,BSE,STK,506134,INE512D01028,GOURMET,X,,,,,GOURMET GATEWAY INDIA LIMITED,13.81,13.81,12.6,12.6,12.6,13.26,,12.6,,,527580,6688514.0,192,F1,1,,,,,,2025-03-27
2025-03-27,2025-03-27,CM,BSE,STK,506146,INE370E01029,VIVIDHA,B,,,,,VISAGAR POLYTEX LTD.,0.92,0.94,0.81,0.86,0.9,0.92,,0.88,,,252337,220923.0,133,F1,1,,,,,,2025-03-27
2025-03-27,2025-03-27,CM,BSE,STK,506180,INE668L01013,EMERGENT,XT,,,,,EMERGENT INDUSTRIAL SOLUTIONS,358.35,358.35,358.35,358.35,358.35,377.2,,358.35,,,10,3583.0,2,F1,1,,,,,,2025-03-27
2025-03-27,2025-03-27,CM,BSE,STK,506184,INE879E01037,KANANIIND,B,,,,,KANANI INDUSTRIES LTD.,2.1,2.1,1.95,1.98,1.98,2.05,,1.98,,,422693,844698.0,576,F1,1,,,,,,2025-03-27
2025-03-27,2025-03-27,CM,BSE,STK,506194,INE643K01018,ARIHANTSUP,B,,,,,ARIHANT SUPERSTRUCTURES LIMITE,402.7,415.45,399.75,402.95,399.75,403.2,,405.0,,,711,286622.0,61,F1,1,,,,,,2025-03-27
2025-03-27,2025-03-27,CM,BSE,STK,506197,INE416D01022,BLISSGVS,B,,,,,BLISS GVS PHARMA LTD.,120.0,121.3,118.1,119.4,120.15,121.1,,119.05,,,27530,3293466.0,401,F1,1,,,,,,2025-03-27
2025-03-27,2025-03-27,CM,BSE,STK,506222,INE189B01011,STYRENIX,B,,,,,Styrenix Performance Materials,2600.6,2739.0,2576.6,2704.15,2674.2,2637.65,,2701.05,,,1075,2844063.0,277,F1,1,,,,,,2025-03-27
2025-03-27,2025-03-27,CM,BSE,STK,506235,INE426A01027,ALEMBICLTD,B,,,,,ALEMBIC LTD.,98.58,103.03,97.22,102.07,101.02,98.71,,102.06,,,60447,5989867.0,689,F1,1,,,,,,2025-03-27
2025-03-27,2025-03-27,CM,BSE,STK,506248,INE275D01022,AMNPLST,B,,,,,AMINES & PLASTICIZERS LTD.,229.45,230.25,212.6,216.4,220.35,228.05,,215.85,,,1713,375745.0,283,F1,1,,,,,,2025-03-27
2025-03-27,2025-03-27,CM,BSE,STK,506260,INE489G01022,ANUHPHR,B,,,,,ANUH PHARMA LTD.,150.95,150.95,148.8,149.25,149.45,150.15,,149.45,,,12571,1881218.0,821,F1,1,,,,,,2025-03-27
2025-03-27,2025-03-27,CM,BSE,STK,506261,INE737D01021,MODISONLTD,B,,,,,MODISON LIMITED,129.9,129.9,119.5,121.0,121.0,127.85,,121.4,,,13492,1666698.0,642,F1,1,,,,,,2025-03-27
2025-03-27,2025-03-27,CM,BSE,STK,506285,INE462A01022,BAYERCROP,A,,,,,BAYER CROPSCIENCE LTD.,4862.0,4898.0,4663.0,4718.8,4775.4,4857.25,,4708.35,,,1823,8802138.0,524,F1,1,,,,,,2025-03-27
2025-03-27,2025-03-27,CM,BSE,STK,506365,INE320M01019,CHEMOPH,XT,,,,,CHEMO PHARMA LABORATORIES LTD.,122.17,122.17,122.17,122.17,122.17,119.78,,122.17,,,596,72813.0,6,F1,1,,,,,,2025-03-27
2025-03-27,2025-03-27,CM,BSE,STK,506390,INE492A01029,HEUBACHIND,B,,,,,Heubach Colorants India Limite,581.15,584.5,581.15,584.05,584.05,580.65,,583.05,,,595,346570.0,17,F1,1,,,,,,2025-03-27
2025-03-27,2025-03-27,CM,BSE,STK,506395,INE169A01031,COROMANDEL,A,,,,,COROMANDEL INTERNATIONAL LTD.,1940.35,2021.9,1940.35,1970.9,1970.9,1983.4,,1970.45,,,64924,127983295.0,3713,F1,1,,,,,,2025-03-27
2025-03-27,2025-03-27,CM,BSE,STK,506401,INE288B01029,DEEPAKNTR,A,,,,,DEEPAK NITRITE LTD.,2003.95,2032.5,1980.2,1989.75,1989.75,2012.9,,1991.15,,,6974,13938159.0,1241,F1,1,,,,,,2025-03-27
2025-03-27,2025-03-27,CM,BSE,STK,506405,INE505A01010,DMCC,T,,,,,DMCC SPECIALITY CHEMICALS LIMI,300.0,305.9,289.2,289.25,289.2,291.45,,290.65,,,1708,509772.0,18,F1,1,,,,,,2025-03-27
2025-03-27,2025-03-27,CM,BSE,STK,506414,INE225B01021,FERMENTA,X,,,,,FERMENTA BIOTECH LIMITED,280.0,285.0,267.55,270.0,274.0,278.9,,270.0,,,33304,9129225.0,236,F1,1,,,,,,2025-03-27
2025-03-27,2025-03-27,CM,BSE,STK,506480,INE077F01035,GOCLCORP,B,,,,,GOCL Corporation Limited,273.45,284.25,270.05,271.85,271.85,273.35,,271.45,,,20206,5572283.0,692,F1,1,,,,,,2025-03-27
2025-03-27,2025-03-27,CM,BSE,STK,506520,INE693E01016,JAYCH,X,,,,,JAYSHREE CHEMICALS LTD.,7.7,7.7,7.15,7.45,7.56,7.69,,7.45,,,34742,255706.0,98,F1,1,,,,,,2025-03-27
2025-03-27,2025-03-27,CM,BSE,STK,506525,INE138C01024,KANORICHEM,B,,,,,KANORIA CHEMICALS & INDUSTRIES,75.0,80.32,75.0,76.13,76.13,79.26,,75.91,,,7059,549412.0,330,F1,1,,,,,,2025-03-27
2025-03-27,2025-03-27,CM,BSE,STK,506528,INE881E01017,KELENRG,X,,,,,KELTECH ENERGIES LTD.,2811.05,2900.0,2811.05,2829.15,2829.15,2888.3,,2829.15,,,649,1842764.0,129,F1,1,,,,,,2025-03-27
2025-03-27,2025-03-27,CM,BSE,STK,506530,INE060E01018,KEMP,X,,,,,KEMP & COMPANY LTD.,1453.8,1453.8,1453.8,1453.8,1453.8,1453.9,,1453.8,,,14,20353.0,2,F1,1,,,,,,2025-03-27
2025-03-27,2025-03-27,CM,BSE,STK,506532,INE265B01019,NITTAGELA,X,,,,,NITTA GELATIN INDIA LTD.,667.0,690.05,645.2,650.85,650.85,667.5,,650.85,,,12909,8464684.0,479,F1,1,,,,,,2025-03-27
2025-03-27,2025-03-27,CM,BSE,STK,506543,INE468C01017,MPAGI,X,,,,,M.P.AGRO INDUSTRIES LTD.,8.61,8.8,8.61,8.8,8.8,8.61,,8.8,,,3277,28215.0,5,F1,1,,,,,,2025-03-27
2025-03-27,2025-03-27,CM,BSE,STK,506579,INE321D01016,OCCL,B,,,,,ORIENTAL CARBON & CHEMICALS LT,168.6,171.35,164.0,164.55,166.7,171.6,,164.85,,,7639,1271232.0,697,F1,1,,,,,,2025-03-27
2025-03-27,2025-03-27,CM,BSE,STK,506590,INE602A01031,PCBL,A,,,,,PCBL Chemical Limited,425.0,425.0,413.0,421.55,423.0,419.4,,421.55,,,57079,23919845.0,1300,F1,1,,,,,,2025-03-27
2025-03-27,2025-03-27,CM,BSE,STK,506597,INE841D01013,AMAL,XT,,,,,AMAL LTD.,682.75,682.75,682.75,682.75,682.75,696.65,,682.75,,,3972,2711883.0,42,F1,1,,,,,,2025-03-27
2025-03-27,2025-03-27,CM,BSE,STK,506605,INE752B01024,POLYCHEM,X,,,,,POLYCHEM LTD.,1852.0,1870.65,1825.0,1826.5,1826.0,1870.65,,1826.5,,,104,190820.0,10,F1,1,,,,,,2025-03-27
2025-03-27,2025-03-27,CM,BSE,STK,506618,INE277B01014,PUNJABCHEM,B,,,,,PUNJAB CHEMICALS AND CROP PROT,801.95,850.0,800.75,830.9,837.0,803.4,,838.45,,,9318,7581102.0,297,F1,1,,,,,,2025-03-27
2025-03-27,2025-03-27,CM,BSE,STK,506640,INE218N01021,GUJCMDS,XT,,,,,GUJCHEM DISTILLERS INDIA LTD.,285.0,285.0,279.95,279.95,279.95,285.65,,279.95,,,2012,565784.0,7,F1,1,,,,,,2025-03-27
2025-03-27,2025-03-27,CM,BSE,STK,506642,INE888C01040,SADHNANIQ,T,,,,,SADHANA NITROCHEM LTD.,18.55,19.0,17.72,17.72,17.72,18.65,,17.71,,,210225,3758868.0,443,F1,1,,,,,,2025-03-27
2025-03-27,2025-03-27,CM,BSE,STK,506655,INE659A01023,SUDARSCHEM,A,,,,,SUDARSHAN CHEMICAL INDUSTRIES,980.6,983.95,952.05,970.45,973.45,983.55,,970.7,,,308919,296609534.0,846,F1,1,,,,,,2025-03-27
2025-03-27,2025-03-27,CM,BSE,STK,506680,INE014B01011,TECILCHEM,B,,,,,TECIL CHEMICALS & HYDRO POWER,23.4,23.56,21.4,21.43,21.43,23.56,,21.96,,,139,3089.0,13,F1,1,,,,,,2025-03-27
2025-03-27,2025-03-27,CM,BSE,STK,506685,INE405A01021,ULTRAMAR,B,,,,,ULTRAMARINE & PIGMENTS LTD.,492.0,494.0,475.2,489.15,494.0,471.25,,489.15,,,23926,11599682.0,459,F1,1,,,,,,2025-03-27
2025-03-27,2025-03-27,CM,BSE,STK,506687,INE687A01016,TRANSPEK,X,,,,,TRANSPEK INDUSTRY LTD.,1308.5,1319.4,1260.0,1265.4,1265.4,1308.75,,1265.4,,,4262,5458853.0,216,F1,1,,,,,,2025-03-27
2025-03-27,2025-03-27,CM,BSE,STK,506690,INE351A01035,UNICHEMLAB,B,,,,,UNICHEM LABORATORIES LTD.,674.2,701.4,673.55,695.35,688.0,687.95,,699.55,,,2408,1665948.0,245,F1,1,,,,,,2025-03-27
2025-03-27,2025-03-27,CM,BSE,STK,506734,INE741A01011,MYSORPETRO,X,,,,,MYSORE PETRO CHEMICALS LTD.,121.1,126.4,121.1,124.1,125.55,125.6,,124.1,,,2366,292020.0,42,F1,1,,,,,,2025-03-27
2025-03-27,2025-03-27,CM,BSE,STK,506767,INE150B01039,ALKYLAMINE,A,,,,,ALKYL AMINES CHEMICALS LTD.,1670.55,1691.0,1624.0,1673.55,1674.15,1681.75,,1673.55,,,17713,29605731.0,2251,F1,1,,,,,,2025-03-27
2025-03-27,2025-03-27,CM,BSE,STK,506808,INE400A01014,TUTIALKA,B,,,,,TUTICORIN ALKALI CHEMICALS AND,82.0,83.89,78.26,79.25,79.52,82.07,,79.25,,,26207,2089183.0,441,F1,1,,,,,,2025-03-27
2025-03-27,2025-03-27,CM,BSE,STK,506820,INE203A01020,ASTRAZEN,A,,,,,ASTRAZENECA PHARMA INDIA LTD.,8250.0,8632.3,8250.0,8493.9,8490.3,8373.75,,8494.65,,,1673,14201356.0,727,F1,1,,,,,,2025-03-27
2025-03-27,2025-03-27,CM,BSE,STK,506852,INE607A01022,PRIMO,X,,,,,Primo Chemicals Limited,21.95,22.2,20.4,21.21,21.21,21.74,,21.21,,,749996,15885373.0,1017,F1,1,,,,,,2025-03-27
2025-03-27,2025-03-27,CM,BSE,STK,506854,INE639B01015,TANFACIND,B,,,,,TANFAC INDUSTRIES LTD.,2906.0,2949.95,2860.0,2930.7,2930.7,2905.45,,2930.7,,,7048,20519757.0,896,F1,1,,,,,,2025-03-27
2025-03-27,2025-03-27,CM,BSE,STK,506858,INE636P01011,GUJPETR,X,,,,,GUJARAT PETROSYNTHESE LTD.,60.0,61.0,58.57,59.0,59.0,60.0,,59.0,,,2591,154570.0,13,F1,1,,,,,,2025-03-27
2025-03-27,2025-03-27,CM,BSE,STK,506863,INE716M01034,SWADEIN,X,,,,,SWADESHI INDUSTRIES LEASING CO,5.42,5.42,5.42,5.42,5.42,5.17,,5.42,,,901,4883.0,11,F1,1,,,,,,2025-03-27
2025-03-27,2025-03-27,CM,BSE,STK,506879,INE942C01045,GUJTHEM,B,,,,,GUJARAT THEMIS BIOSYN LTD.,287.95,301.45,274.45,297.5,291.7,286.1,,296.5,,,42565,12396143.0,3338,F1,1,,,,,,2025-03-27
2025-03-27,2025-03-27,CM,BSE,STK,506906,INE467X01015,SCBL,X,,,,,Saptak Chem And Business Limit,2.81,2.97,2.81,2.93,2.93,2.7,,2.93,,,5739,16484.0,16,F1,1,,,,,,2025-03-27
2025-03-27,2025-03-27,CM,BSE,STK,506919,INE987A01010,MAKERSL,X,,,,,MAKERS LABORATORIES LTD.,134.95,141.4,129.3,129.95,136.0,138.35,,129.95,,,8170,1092988.0,129,F1,1,,,,,,2025-03-27
2025-03-27,2025-03-27,CM,BSE,STK,506943,INE572A01036,JBCHEPHARM,A,,,,,J.B.CHEMICALS & PHARMACEUTICAL,1637.0,1637.0,1576.05,1614.75,1614.75,1703.4,,1615.65,,,189614,306058559.0,6619,F1,1,,,,,,2025-03-27
2025-03-27,2025-03-27,CM,BSE,STK,506979,INE046E01025,APTPACK,X,,,,,APT PACKAGING LTD.,47.72,52.7,47.72,52.7,52.7,50.23,,52.7,,,235,11239.0,2,F1,1,,,,,,2025-03-27
2025-03-27,2025-03-27,CM,BSE,STK,506981,INE472D01017,BLUECHIPT,X,,,,,BLUE CHIP TEX INDUSTRIES LTD.,136.2,145.9,135.55,138.0,138.0,136.2,,138.0,,,657,91923.0,24,F1,1,,,,,,2025-03-27
2025-03-27,2025-03-27,CM,BSE,STK,507155,INE574A01016,JAGAJITIND,B,,,,,JAGATJIT INDUSTRIES LTD.,182.55,191.5,181.65,190.85,190.85,184.7,,190.85,,,43019,8129838.0,229,F1,1,,,,,,2025-03-27
2025-03-27,2025-03-27,CM,BSE,STK,507180,INE133B01019,KESARENT,T,,,,,KESAR ENTERPRISES LTD.,64.0,66.0,63.51,64.75,63.51,65.0,,64.75,,,3575,232490.0,22,F1,1,,,,,,2025-03-27
2025-03-27,2025-03-27,CM,BSE,STK,507205,INE133E01013,TI,A,,,,,TILAKNAGAR INDUSTRIES LTD.,237.35,241.45,234.35,237.2,237.8,237.95,,237.55,,,49932,11857456.0,985,F1,1,,,,,,2025-03-27
2025-03-27,2025-03-27,CM,BSE,STK,507265,INE044N01021,EMERALL,XT,,,,,Emerald Leisures Limited,183.6,183.6,183.5,183.5,183.5,180.75,,183.5,,,2142,393071.0,11,F1,1,,,,,,2025-03-27
2025-03-27,2025-03-27,CM,BSE,STK,507300,INE615A01025,RAVALSUGAR,X,,,,,The Ravalgaon Sugar Farm Limit,1081.4,1107.8,1081.4,1100.05,1100.05,1101.8,,1100.05,,,214,234090.0,37,F1,1,,,,,,2025-03-27
2025-03-27,2025-03-27,CM,BSE,STK,507315,INE623A01011,SAKHTISUG,B,,,,,SAKTHI SUGARS LTD.,21.8,22.0,21.27,21.42,21.34,21.69,,21.36,,,28279,610065.0,335,F1,1,,,,,,2025-03-27
2025-03-27,2025-03-27,CM,BSE,STK,507410,INE711A01022,WALCHANNAG,B,,,,,WALCHANDNAGAR INDUSTRIES LTD.,154.5,160.0,151.9,160.0,160.0,152.4,,159.95,,,121270,19368112.0,668,F1,1,,,,,,2025-03-27
2025-03-27,2025-03-27,CM,BSE,STK,507438,INE076C01018,IFBAGRO,B,,,,,IFB AGRO INDUSTRIES LTD.,463.7,498.0,461.0,469.7,470.0,471.95,,467.25,,,2376,1114721.0,116,F1,1,,,,,,2025-03-27
2025-03-27,2025-03-27,CM,BSE,STK,507474,INE991B01010,KFBL,X,,,,,KOTHARI FERMENTATION & BIOCHEM,57.45,61.0,53.3,58.54,57.5,57.13,,58.54,,,54044,3117258.0,208,F1,1,,,,,,2025-03-27
2025-03-27,2025-03-27,CM,BSE,STK,507486,INE470N01010,CAPRO,X,,,,,CAPROLACTAM CHEMICALS LTD.,46.21,46.21,46.21,46.21,46.21,46.21,,46.21,,,201,9288.0,2,F1,1,,,,,,2025-03-27
2025-03-27,2025-03-27,CM,BSE,STK,507488,INE075D01018,GMBREW,B,,,,,G.M.BREWERIES LTD.,609.95,627.15,600.95,615.75,615.0,607.85,,617.4,,,10653,6490416.0,553,F1,1,,,,,,2025-03-27
2025-03-27,2025-03-27,CM,BSE,STK,507490,INE625B01014,RANASUG,B,,,,,RANA SUGARS LTD.,13.59,13.59,12.5,12.69,12.69,13.32,,12.66,,,289965,3749742.0,1966,F1,1,,,,,,2025-03-27
2025-03-27,2025-03-27,CM,BSE,STK,507498,INE544C01023,PICCASUG,X,,,,,PICCADILY SUGAR & ALLIED INDUS,54.07,54.83,52.8,53.07,52.9,54.33,,53.07,,,6113,326332.0,114,F1,1,,,,,,2025-03-27
2025-03-27,2025-03-27,CM,BSE,STK,507514,INE480C01038,SDBL,B,,,,,SOM DISTILLERIES & BREWERIES L,123.0,125.45,122.6,125.1,125.2,125.15,,124.95,,,34958,4346832.0,532,F1,1,,,,,,2025-03-27
2025-03-27,2025-03-27,CM,BSE,STK,507515,INE557D01015,CJGEL,X,,,,,C.J.GELATINE PRODUCTS LTD.,14.51,14.51,14.17,14.17,14.17,14.91,,14.17,,,3537,50964.0,23,F1,1,,,,,,2025-03-27
2025-03-27,2025-03-27,CM,BSE,STK,507526,INE073G01016,ASALCBR,B,,,,,ASSOCIATED ALCOHOLS & BREWERIE,1319.4,1384.75,1319.4,1363.75,1354.9,1353.2,,1370.4,,,1432,1950623.0,227,F1,1,,,,,,2025-03-27
2025-03-27,2025-03-27,CM,BSE,STK,507552,INE976E01023,FOODSIN,B,,,,,FOODS & INNS LTD.,77.91,86.15,77.53,82.45,82.45,77.63,,83.02,,,108041,8857617.0,2297,F1,1,,,,,,2025-03-27
2025-03-27,2025-03-27,CM,BSE,STK,507580,INE043C01018,IVP,B,,,,,IVP LTD.,149.05,149.1,145.9,146.45,146.0,146.8,,147.05,,,2372,352951.0,50,F1,1,,,,,,2025-03-27
2025-03-27,2025-03-27,CM,BSE,STK,507598,INE014E01015,KLRFM,X,,,,,KOVILPATTI LAKSHMI ROLLER FLOU,100.9,100.9,87.0,89.3,89.3,98.09,,89.3,,,22409,2121764.0,180,F1,1,,,,,,2025-03-27
2025-03-27,2025-03-27,CM,BSE,STK,507609,INE286E01019,OLYOI,X,,,,,OLYMPIC OIL INDUSTRIES LTD.,33.0,33.0,30.05,32.99,32.99,32.85,,32.99,,,510,15649.0,8,F1,1,,,,,,2025-03-27
2025-03-27,2025-03-27,CM,BSE,STK,507621,INE588G01021,MLKFOOD,X,,,,,MILKFOOD LTD.,71.34,72.33,65.72,67.17,67.17,71.34,,67.17,,,25572,1768541.0,345,F1,1,,,,,,2025-03-27
2025-03-27,2025-03-27,CM,BSE,STK,507645,INE339F01021,POLSON,X,,,,,POLSON LTD.,11601.0,12000.0,11600.0,11850.65,11990.0,12235.3,,11850.65,,,46,543407.0,33,F1,1,,,,,,2025-03-27
2025-03-27,2025-03-27,CM,BSE,STK,507685,INE075A01022,WIPRO,A,,,,,WIPRO LTD.,270.0,273.6,269.5,272.05,272.05,267.25,,272.2,,,492612,133683781.0,7616,F1,1,,,,,,2025-03-27
2025-03-27,2025-03-27,CM,BSE,STK,507690,INE247F01018,ORIBEVER,X,,,,,ORIENT BEVERAGES LTD.,278.4,278.4,249.0,256.45,253.2,270.25,,256.45,,,5262,1348527.0,151,F1,1,,,,,,2025-03-27
2025-03-27,2025-03-27,CM,BSE,STK,507717,INE435G01025,DHANUKA,B,,,,,DHANUKA AGRITECH LTD.,1305.0,1319.7,1281.85,1296.3,1315.0,1312.1,,1293.8,,,11379,14822609.0,1764,F1,1,,,,,,2025-03-27
2025-03-27,2025-03-27,CM,BSE,STK,507747,INE910C01018,TTKHLTCARE,B,,,,,TTK HEALTHCARE LTD.,1184.55,1191.8,1160.5,1172.3,1169.05,1184.55,,1184.1,,,261,307854.0,69,F1,1,,,,,,2025-03-27
2025-03-27,2025-03-27,CM,BSE,STK,507753,INE284B01028,TGVSL,B,,,,,TGV SRAAC Limited,97.3,100.0,95.1,95.58,95.58,98.8,,95.58,,,314029,30465779.0,1236,F1,1,,,,,,2025-03-27
2025-03-27,2025-03-27,CM,BSE,STK,507759,INE891G01011,LIMECHM,X,,,,,LIME CHEMICALS LTD.,14.86,16.32,14.86,14.99,14.9,14.85,,14.99,,,5102,78808.0,50,F1,1,,,,,,2025-03-27
2025-03-27,2025-03-27,CM,BSE,STK,507779,INE694E01014,KANPRPLA,B,,,,,KANPUR PLASTIPACK LTD.,113.65,119.2,109.05,114.0,114.0,113.6,,113.3,,,13975,1563711.0,328,F1,1,,,,,,2025-03-27
2025-03-27,2025-03-27,CM,BSE,STK,507785,INE123C01018,TAINWALCHM,B,,,,,TAINWALA CHEMICALS & PLASTICS,220.15,223.15,220.15,223.05,223.0,228.45,,227.4,,,201,44831.0,4,F1,1,,,,,,2025-03-27
2025-03-27,2025-03-27,CM,BSE,STK,507789,INE048B01035,JAGSNPHARM,B,,,,,JAGSONPAL PHARMACEUTICALS LTD.,210.2,225.0,210.2,223.8,215.8,210.65,,222.5,,,4668,1012802.0,329,F1,1,,,,,,2025-03-27
2025-03-27,2025-03-27,CM,BSE,STK,507794,INE745B01028,KHAICHEM,B,,,,,KHAITAN CHEMICALS & FERTILIZER,47.67,48.74,46.07,46.5,46.33,47.67,,46.44,,,30828,1452942.0,613,F1,1,,,,,,2025-03-27
2025-03-27,2025-03-27,CM,BSE,STK,507808,INE357P01014,UNTTEMI,P,,,,,UNITED LEASING & INDUSTRIES LT,46.23,46.23,46.23,46.23,46.23,47.17,,46.23,,,6150,284314.0,5,F1,50,,,,,,2025-03-27
2025-03-27,2025-03-27,CM,BSE,STK,507813,INE296D01010,NOL,X,,,,,NATIONAL OXYGEN LTD.,109.4,109.9,102.5,104.9,104.5,109.45,,104.9,,,4506,471874.0,80,F1,1,,,,,,2025-03-27
2025-03-27,2025-03-27,CM,BSE,STK,507815,INE322A01010,GILLETTE,A,,,,,GILLETTE INDIA LTD.,7896.0,8115.75,7883.4,8052.95,8052.95,7924.75,,8033.8,,,1686,13538254.0,564,F1,1,,,,,,2025-03-27
2025-03-27,2025-03-27,CM,BSE,STK,507817,INE469D01013,WIREFABR,X,,,,,WIRES & FABRIKS (SA) LTD.,168.1,181.9,166.25,181.9,181.9,175.0,,181.9,,,1566,260780.0,11,F1,1,,,,,,2025-03-27
2025-03-27,2025-03-27,CM,BSE,STK,507828,INE880B01015,ANSALHSG,X,,,,,ANSAL HOUSING LIMITED,10.2,11.24,10.18,10.45,10.42,10.71,,10.45,,,590525,6166103.0,330,F1,1,,,,,,2025-03-27
2025-03-27,2025-03-27,CM,BSE,STK,507833,INE607B01012,COMPUPN,X,,,,,COMPUTER POINT LTD.,5.09,5.1,4.76,4.92,4.9,4.99,,4.92,,,12254,60034.0,90,F1,1,,,,,,2025-03-27
2025-03-27,2025-03-27,CM,BSE,STK,507836,INE435D01014,MCCHRLS-B,X,,,,,MAC CHARLES (INDIA) LTD.,549.4,549.4,510.0,521.2,521.0,549.4,,521.2,,,321,167733.0,34,F1,1,,,,,,2025-03-27
2025-03-27,2025-03-27,CM,BSE,STK,507852,INE757C01021,ADDIND,X,,,,,ADDI INDUSTRIES LTD.,46.69,47.9,44.5,44.51,44.5,45.55,,44.51,,,5635,260032.0,41,F1,1,,,,,,2025-03-27
2025-03-27,2025-03-27,CM,BSE,STK,507864,INE746D01014,PIONRINV,X,,,,,PIONEER INVESTCORP LTD.,61.0,65.0,57.72,63.6,59.33,63.48,,63.6,,,15924,967694.0,89,F1,1,,,,,,2025-03-27
2025-03-27,2025-03-27,CM,BSE,STK,507872,INE372I01018,ASHNOOR,X,,,,,ASHNOOR TEXTILE MILLS LTD.,48.61,48.61,46.1,46.3,46.3,48.57,,46.3,,,7776,363950.0,92,F1,1,,,,,,2025-03-27
2025-03-27,2025-03-27,CM,BSE,STK,507878,INE694A01020,UNITECH,Z,,,,,UNITECH LTD.,5.85,5.85,5.56,5.65,5.65,5.85,,5.65,,,3656230,20806371.0,2223,F1,1,,,,,,2025-03-27
2025-03-27,2025-03-27,CM,BSE,STK,507880,INE054A01027,VIPIND,A,,,,,V.I.P.INDUSTRIES LTD.,278.4,319.0,273.15,285.7,285.7,278.8,,286.15,,,285507,84700077.0,6687,F1,1,,,,,,2025-03-27
2025-03-27,2025-03-27,CM,BSE,STK,507910,INE296C01020,FIBERWEB,B,,,,,FIBERWEB (INDIA) LTD.,42.9,42.9,39.05,39.52,39.05,39.74,,39.3,,,5761,227856.0,372,F1,1,,,,,,2025-03-27
2025-03-27,2025-03-27,CM,BSE,STK,507912,INE724A01017,LKPFIN,XT,,,,,LKP FINANCE LIMITED,412.0,412.0,400.0,404.15,400.0,405.15,,404.15,,,3751,1515973.0,84,F1,1,,,,,,2025-03-27
2025-03-27,2025-03-27,CM,BSE,STK,507938,INE798E01013,MNPLFIN,P,,,,,MANIPAL FINANCE CORPORATION LT,20.13,20.13,20.13,20.13,20.13,19.74,,20.13,,,100,2013.0,1,F1,100,,,,,,2025-03-27
2025-03-27,2025-03-27,CM,BSE,STK,507944,INE704G01024,BAJAJST,B,,,,,BAJAJ STEEL INDUSTRIES LTD.,712.0,735.0,695.0,717.25,717.25,723.4,,717.25,,,19287,13884274.0,732,F1,1,,,,,,2025-03-27
2025-03-27,2025-03-27,CM,BSE,STK,507946,INE845A01028,KIDUJA,XT,,,,,KIDUJA INDIA LTD.,21.65,21.65,21.65,21.65,21.65,22.09,,21.65,,,507,10976.0,11,F1,1,,,,,,2025-03-27
2025-03-27,2025-03-27,CM,BSE,STK,507948,INE130F01016,KEYCORP,X,,,,,KEY CORP LTD.,201.9,204.4,187.15,187.75,189.9,196.95,,187.75,,,1514,292291.0,83,F1,1,,,,,,2025-03-27
2025-03-27,2025-03-27,CM,BSE,STK,507960,INE621C01011,GUJHOTE,X,,,,,GUJARAT HOTELS LTD.,257.05,268.95,257.05,259.55,268.95,263.7,,259.55,,,2292,596029.0,62,F1,1,,,,,,2025-03-27
2025-03-27,2025-03-27,CM,BSE,STK,507966,INE651D01016,RASRESOR,X,,,,,RAS RESORTS & APART HOTELS LTD,46.66,46.66,46.66,46.66,46.66,46.66,,46.66,,,31,1446.0,1,F1,1,,,,,,2025-03-27
2025-03-27,2025-03-27,CM,BSE,STK,507970,INE143I01013,PARMCOS-B,X,,,,,PARAMOUNT COSMETICS (INDIA) LT,39.69,40.6,39.69,40.56,40.56,40.5,,40.56,,,162,6571.0,7,F1,1,,,,,,2025-03-27
2025-03-27,2025-03-27,CM,BSE,STK,507981,INE726D01016,JINDHOT,X,,,,,JINDAL HOTELS LTD.,88.44,88.44,84.0,85.0,85.0,86.49,,85.0,,,3866,330205.0,52,F1,1,,,,,,2025-03-27
2025-03-27,2025-03-27,CM,BSE,STK,507998,INE657D01021,SIMMOND,X,,,,,SIMMONDS MARSHALL LTD.,111.5,113.95,109.0,110.8,112.9,111.5,,110.8,,,3365,376534.0,38,F1,1,,,,,,2025-03-27
2025-03-27,2025-03-27,CM,BSE,STK,508136,INE489D01011,BNALTD,X,,,,,B & A LTD.,472.0,472.0,470.0,471.15,470.0,478.8,,471.15,,,2484,1170313.0,8,F1,1,,,,,,2025-03-27
2025-03-27,2025-03-27,CM,BSE,STK,508486,INE979B01015,HAWKINCOOK,B,,,,,HAWKINS COOKERS LTD.,7342.8,7399.9,7204.45,7241.65,7244.05,7243.5,,7241.65,,,601,4360140.0,193,F1,1,,,,,,2025-03-27
2025-03-27,2025-03-27,CM,BSE,STK,508494,INE712A01012,WARRENTEA,X,,,,,WARREN TEA LTD.,47.3,47.3,43.21,43.77,44.8,46.35,,43.77,,,7129,316911.0,74,F1,1,,,,,,2025-03-27
2025-03-27,2025-03-27,CM,BSE,STK,508571,INE788M01017,COCHMAL,X,,,,,COCHIN MALABAR ESTATES & INDUS,160.0,160.0,150.2,150.2,150.2,160.1,,150.2,,,304,47873.0,10,F1,1,,,,,,2025-03-27
2025-03-27,2025-03-27,CM,BSE,STK,508664,INE553F01035,BESTEAST,X,,,,,BEST EASTERN HOTELS LTD.,13.01,13.07,11.51,12.8,12.8,12.95,,12.8,,,8213,101955.0,63,F1,1,,,,,,2025-03-27
2025-03-27,2025-03-27,CM,BSE,STK,508670,INE605D01012,NEAGI,X,,,,,NEELAMALAI AGRO INDUSTRIES LTD,3272.0,3272.0,3139.0,3201.0,3191.15,3231.7,,3201.0,,,71,226629.0,15,F1,1,,,,,,2025-03-27
2025-03-27,2025-03-27,CM,BSE,STK,508807,INE684B01029,ISTLTD,B,,,,,IST LTD.,785.0,843.95,785.0,803.2,804.4,781.7,,803.2,,,3248,2619917.0,122,F1,1,,,,,,2025-03-27
2025-03-27,2025-03-27,CM,BSE,STK,508814,INE757A01017,COSMOFIRST,B,,,,,Cosmo First Limited,596.05,637.35,596.05,631.15,631.05,604.75,,632.85,,,10237,6298361.0,555,F1,1,,,,,,2025-03-27
2025-03-27,2025-03-27,CM,BSE,STK,508869,INE437A01024,APOLLOHOSP,A,,,,,APOLLO HOSPITALS ENTERPRISE LT,6433.65,6559.95,6433.65,6473.2,6454.8,6518.8,,6492.0,,,3374,21915019.0,722,F1,1,,,,,,2025-03-27
2025-03-27,2025-03-27,CM,BSE,STK,508875,INE861H01020,NITINCAST,X,,,,,Nitin Castings Limited,602.0,642.0,597.0,638.8,642.0,657.0,,638.8,,,43,27392.0,10,F1,1,,,,,,2025-03-27
2025-03-27,2025-03-27,CM,BSE,STK,508905,INE641A01013,SMIFS,X,,,,,SMIFS CAPITAL MARKETS LTD.,71.5,76.0,71.01,74.32,72.52,75.71,,74.32,,,83746,6363590.0,39,F1,1,,,,,,2025-03-27
2025-03-27,2025-03-27,CM,BSE,STK,508906,INE295A01018,EVERESTIND,T,,,,,EVEREST INDUSTRIES LTD.,460.0,468.65,444.1,448.15,444.5,467.45,,449.8,,,4794,2194715.0,189,F1,1,,,,,,2025-03-27
2025-03-27,2025-03-27,CM,BSE,STK,508922,INE331L01026,MSRINDIA,XT,,,,,MSR INDIA LTD.,2.98,3.05,2.84,2.88,2.84,2.98,,2.88,,,121850,356162.0,242,F1,1,,,,,,2025-03-27
2025-03-27,2025-03-27,CM,BSE,STK,508933,INE193B01039,AYMSYNTEX,B,,,,,AYM Syntex Limited,200.85,210.4,200.85,210.4,210.4,200.4,,212.15,,,1879,389830.0,324,F1,1,,,,,,2025-03-27
2025-03-27,2025-03-27,CM,BSE,STK,508941,INE013E01017,PANCARBON,X,,,,,PANASONIC CARBON INDIA CO.LTD.,482.05,492.7,471.5,480.25,480.25,488.15,,480.25,,,16199,7805663.0,107,F1,1,,,,,,2025-03-27
2025-03-27,2025-03-27,CM,BSE,STK,508954,INE734I01027,FINKURVE,T,,,,,FINKURVE FINANCIAL SERVICES LT,109.1,109.1,105.0,106.0,106.0,105.05,,106.0,,,544299,57695969.0,50,F1,1,,,,,,2025-03-27
2025-03-27,2025-03-27,CM,BSE,STK,508956,INE549B01016,HBLEAS,X,,,,,HB LEASING & FINANCE CO.LTD.,15.3,15.3,13.51,14.07,14.0,13.6,,14.07,,,5213,72136.0,45,F1,1,,,,,,2025-03-27
2025-03-27,2025-03-27,CM,BSE,STK,508961,INE753D01010,SHRICON,XT,,,,,SHRICON INDUSTRIES LTD.,205.4,205.4,203.0,204.0,204.0,196.4,,204.0,,,29,5913.0,4,F1,1,,,,,,2025-03-27
2025-03-27,2025-03-27,CM,BSE,STK,508963,INE668Y01016,TRUSTWAVE,XT,,,,,TRUSTWAVE SECURITIES LIMITED,19.89,21.0,19.89,21.0,21.0,20.93,,21.0,,,1025,21252.0,7,F1,1,,,,,,2025-03-27
2025-03-27,2025-03-27,CM,BSE,STK,508969,INE673M01029,SULABEN,X,,,,,SULABH ENGINEERS & SERVICES LT,3.64,3.64,3.36,3.39,3.36,3.46,,3.39,,,41091,139526.0,112,F1,1,,,,,,2025-03-27
2025-03-27,2025-03-27,CM,BSE,STK,508980,INE977E01013,FRONTCAP,X,,,,,FRONTIER CAPITAL LIMITED,18.8,19.0,17.86,18.8,18.92,18.8,,18.8,,,51155,944580.0,35,F1,1,,,,,,2025-03-27
2025-03-27,2025-03-27,CM,BSE,STK,508989,INE060A01024,NAVNETEDUL,B,,,,,NAVNEET EDUCATION LIMITED,139.7,141.5,137.35,138.25,138.05,138.5,,138.3,,,7777,1089066.0,167,F1,1,,,,,,2025-03-27
2025-03-27,2025-03-27,CM,BSE,STK,509009,INE218C01016,AUSOMENT,B,,,,,AUSOM ENTERPRISE LIMITED,78.7,83.2,78.7,83.2,83.2,82.84,,79.24,,,274,21568.0,11,F1,1,,,,,,2025-03-27
2025-03-27,2025-03-27,CM,BSE,STK,509015,INE190F01028,THAKRAL,XT,,,,,THAKRAL SERVICES (INDIA) LTD.,34.68,34.68,31.38,31.38,31.38,33.03,,31.38,,,1107,34754.0,9,F1,1,,,,,,2025-03-27
2025-03-27,2025-03-27,CM,BSE,STK,509020,INE413B01023,RUCHINFRA,B,,,,,RUCHI INFRASTRUCTURE LTD.,7.75,8.92,7.66,7.93,7.93,7.47,,7.94,,,287120,2438409.0,1029,F1,1,,,,,,2025-03-27
2025-03-27,2025-03-27,CM,BSE,STK,509024,INE088E01019,GOLDLEG,XT,,,,,GOLDEN LEGAND LEASING & FINANC,7.85,7.85,7.85,7.85,7.85,8.01,,7.85,,,11639,91366.0,8,F1,1,,,,,,2025-03-27
2025-03-27,2025-03-27,CM,BSE,STK,509026,INE117F01013,VJTFEDU,X,,,,,VJTF EDUSERVICES LTD.,81.04,86.0,80.5,83.0,83.0,88.49,,83.0,,,1760,148547.0,19,F1,1,,,,,,2025-03-27
2025-03-27,2025-03-27,CM,BSE,STK,509038,INE763D01019,VOLLF,X,,,,,VOLTAIRE LEASING & FINANCE LTD,11.86,11.86,11.63,11.81,11.81,11.86,,11.81,,,410,4770.0,5,F1,1,,,,,,2025-03-27
2025-03-27,2025-03-27,CM,BSE,STK,509040,INE040F01033,NETLINK,X,,,,,NETLINK SOLUTIONS (INDIA) LTD.,110.7,113.8,109.5,110.25,113.4,114.95,,110.25,,,4435,492191.0,106,F1,1,,,,,,2025-03-27
2025-03-27,2025-03-27,CM,BSE,STK,509046,INE778N01016,TRILIANCE,XT,,,,,TRILIANCE POLYMERS LIMITED,73.11,73.11,73.0,73.0,73.0,73.11,,73.0,,,130,9504.0,4,F1,1,,,,,,2025-03-27
2025-03-27,2025-03-27,CM,BSE,STK,509048,INE572G01025,LANCORHOL,B,,,,,LANCOR HOLDINGS LTD.,23.69,23.69,21.34,21.65,22.0,23.2,,21.71,,,42506,937319.0,535,F1,1,,,,,,2025-03-27
2025-03-27,2025-03-27,CM,BSE,STK,509051,INE300B01022,INDINFO,X,,,,,INDIAN INFOTECH & SOFTWARE LTD,1.11,1.13,1.09,1.1,1.1,1.11,,1.1,,,2766892,3055185.0,1758,F1,1,,,,,,2025-03-27
2025-03-27,2025-03-27,CM,BSE,STK,509053,INE521L01030,BANASFN,X,,,,,BANAS FINANCE LTD.,7.3,7.45,6.4,7.05,7.04,7.36,,7.05,,,185606,1305716.0,343,F1,1,,,,,,2025-03-27
2025-03-27,2025-03-27,CM,BSE,STK,509055,INE392A01021,VISAKAIND,B,,,,,VISAKA INDUSTRIES LTD.,58.01,59.39,57.5,57.92,57.92,59.13,,57.89,,,125838,7345388.0,1117,F1,1,,,,,,2025-03-27
2025-03-27,2025-03-27,CM,BSE,STK,509069,INE669A01022,INFOMEDIA,B,,,,,INFOMEDIA PRESS LTD.,6.39,6.39,6.2,6.2,6.2,6.52,,6.03,,,14143,87733.0,15,F1,1,,,,,,2025-03-27
2025-03-27,2025-03-27,CM,BSE,STK,509073,INE525B01016,HATHWAYB,X,,,,,HATHWAY BHAWANI CABLETEL & DAT,16.99,16.99,15.5,16.39,16.39,16.5,,16.39,,,7873,125455.0,59,F1,1,,,,,,2025-03-27
2025-03-27,2025-03-27,CM,BSE,STK,509079,INE742B01025,GUFICBIO,B,,,,,GUFIC BIOSCIENCES LTD.,340.0,340.0,330.0,331.9,336.0,336.7,,331.65,,,8911,2966001.0,406,F1,1,,,,,,2025-03-27
2025-03-27,2025-03-27,CM,BSE,STK,509152,INE137I01015,GRPLTD,B,,,,,GRP LTD.,2667.05,2721.3,2613.35,2684.65,2691.3,2669.4,,2688.0,,,318,841554.0,77,F1,1,,,,,,2025-03-27
2025-03-27,2025-03-27,CM,BSE,STK,509162,INE802D01023,INDAG,X,,,,,INDAG RUBBER LTD.,134.0,134.0,123.0,124.3,124.3,129.25,,124.3,,,17434,2195181.0,325,F1,1,,,,,,2025-03-27
2025-03-27,2025-03-27,CM,BSE,STK,509196,INE159E01026,MMRUBBR-B,X,,,,,MM RUBBER COMPANY LTD.,72.01,72.01,69.0,69.36,69.21,71.17,,69.36,,,2899,204200.0,40,F1,1,,,,,,2025-03-27
2025-03-27,2025-03-27,CM,BSE,STK,509220,INE034D01049,PTL,B,,,,,PTL ENTERPRISES LTD.,37.8,38.04,37.26,37.65,37.61,37.76,,37.76,,,10053,378788.0,188,F1,1,,,,,,2025-03-27
2025-03-27,2025-03-27,CM,BSE,STK,509243,INE421C01016,TVSSRICHAK,B,,,,,TVS SRICHAKRA LTD.,2542.65,2575.0,2475.0,2504.3,2504.3,2550.9,,2530.95,,,2108,5328212.0,320,F1,1,,,,,,2025-03-27
2025-03-27,2025-03-27,CM,BSE,STK,509423,INE367E01033,SEL,X,,,,,SANATHNAGAR ENTERPRISES LIMITE,31.55,31.55,29.0,29.13,29.0,30.39,,29.13,,,843,26219.0,6,F1,1,,,,,,2025-03-27
2025-03-27,2025-03-27,CM,BSE,STK,509438,INE664D01019,BENARAS,B,,,,,BENARES HOTELS LTD.,11260.0,11274.95,10859.0,11086.8,11121.9,11103.85,,11086.8,,,725,7979401.0,215,F1,1,,,,,,2025-03-27
2025-03-27,2025-03-27,CM,BSE,STK,509449,INE026I01010,BHAGWOX,X,,,,,BHAGWATI OXYGEN LTD.,39.01,40.09,38.99,39.59,39.59,39.1,,39.59,,,381,14860.0,15,F1,1,,,,,,2025-03-27
2025-03-27,2025-03-27,CM,BSE,STK,509470,INE01TL01014,BOMOXY-B1,X,,,,,BOMBAY OXYGEN INVESTMENTS LIMI,21402.0,22570.0,21402.0,22000.0,22000.0,22301.0,,22000.0,,,51,1126350.0,28,F1,1,,,,,,2025-03-27
2025-03-27,2025-03-27,CM,BSE,STK,509472,INE145E01017,CRAVATEX,X,,,,,CRAVATEX LTD.,379.0,379.0,340.0,342.95,353.0,354.75,,342.95,,,1483,516744.0,57,F1,1,,,,,,2025-03-27
2025-03-27,2025-03-27,CM,BSE,STK,509480,INE463A01038,BERGEPAINT,A,,,,,BERGER PAINTS INDIA LTD.,499.05,503.7,497.0,502.3,503.7,500.8,,501.75,,,21263,10638143.0,1069,F1,1,,,,,,2025-03-27
2025-03-27,2025-03-27,CM,BSE,STK,509486,INE479A01018,CAPRIHANS,X,,,,,CAPRIHANS INDIA LTD.,141.15,144.0,131.85,133.35,133.35,141.15,,133.35,,,9919,1354111.0,87,F1,1,,,,,,2025-03-27
2025-03-27,2025-03-27,CM,BSE,STK,509488,INE371A01025,GRAPHITE,A,,,,,GRAPHITE INDIA LTD.,501.25,501.25,489.0,493.4,493.4,503.2,,493.4,,,64513,31917168.0,1306,F1,1,,,,,,2025-03-27
2025-03-27,2025-03-27,CM,BSE,STK,509496,INE686A01026,ITDCEM,A,,,,,ITD CEMENTATION INDIA LTD.,550.35,560.3,550.35,555.05,554.3,554.9,,555.0,,,15278,8517956.0,510,F1,1,,,,,,2025-03-27
2025-03-27,2025-03-27,CM,BSE,STK,509525,INE515H01014,EMPIND,X,,,,,EMPIRE INDUSTRIES LTD.,1027.95,1039.0,1015.0,1018.8,1026.0,1014.45,,1018.8,,,908,929879.0,60,F1,1,,,,,,2025-03-27
2025-03-27,2025-03-27,CM,BSE,STK,509546,INE214F01026,GRAVISSHO,X,,,,,GRAVISS HOSPITALITY LTD.,40.55,41.18,40.19,41.18,41.18,41.18,,41.18,,,991,40229.0,16,F1,1,,,,,,2025-03-27
2025-03-27,2025-03-27,CM,BSE,STK,509557,INE276A01018,GARFIBRES,A,,,,,GARWARE TECHNICAL FIBRES LIMIT,805.05,981.0,805.05,932.5,932.5,820.0,,944.4,,,18593,17186012.0,1880,F1,1,,,,,,2025-03-27
2025-03-27,2025-03-27,CM,BSE,STK,509563,INE925D01014,GARWAMAR,XT,,,,,GARWARE MARINE INDUSTRIES LTD.,28.52,28.52,28.52,28.52,28.52,29.1,,28.52,,,718,20477.0,18,F1,1,,,,,,2025-03-27
2025-03-27,2025-03-27,CM,BSE,STK,509567,INE426D01013,GOACARBON,B,,,,,GOA CARBON LTD.,474.95,481.9,461.1,468.6,465.0,476.75,,468.55,,,10932,5115301.0,684,F1,1,,,,,,2025-03-27
2025-03-27,2025-03-27,CM,BSE,STK,509597,INE722D01015,HARDCAS,X,,,,,HARDCASTLE & WAUD MFG.CO.LTD.,700.0,700.0,695.55,695.55,695.55,699.05,,695.55,,,10,6963.0,3,F1,1,,,,,,2025-03-27
2025-03-27,2025-03-27,CM,BSE,STK,509631,INE545A01024,HEG,A,,,,,HEG LTD.,489.9,496.95,481.4,488.65,484.85,499.2,,486.25,,,375462,183233483.0,7464,F1,1,,,,,,2025-03-27
2025-03-27,2025-03-27,CM,BSE,STK,509635,INE310C01029,HINDCOMPOS,B,,,,,HINDUSTAN COMPOSITES LTD.,437.0,458.4,423.1,443.5,440.05,436.55,,440.5,,,2020,891695.0,229,F1,1,,,,,,2025-03-27
2025-03-27,2025-03-27,CM,BSE,STK,509675,INE557A01011,HIL,B,,,,,HIL LTD.,1814.0,1842.6,1776.7,1789.35,1788.2,1827.9,,1790.25,,,2922,5297681.0,488,F1,1,,,,,,2025-03-27
2025-03-27,2025-03-27,CM,BSE,STK,509692,INE061A01014,INDIANCARD,B,,,,,INDIAN CARD CLOTHING CO.LTD.,246.2,246.7,231.0,234.35,236.0,249.7,,234.25,,,2071,495389.0,159,F1,1,,,,,,2025-03-27
2025-03-27,2025-03-27,CM,BSE,STK,509709,INE575C01027,INTLCONV,B,,,,,INTERNATIONAL CONVEYORS LTD.,68.4,69.0,65.71,66.15,66.15,68.34,,66.28,,,33796,2265159.0,1240,F1,1,,,,,,2025-03-27
2025-03-27,2025-03-27,CM,BSE,STK,509715,INE364A01020,JAYSREETEA,B,,,,,JAY SHREE TEA & INDUSTRIES LTD,89.15,91.75,89.15,90.46,90.21,91.51,,90.21,,,3356,305060.0,586,F1,1,,,,,,2025-03-27
2025-03-27,2025-03-27,CM,BSE,STK,509732,INE972A01020,KOTIC,XT,,,,,KOTHARI INDUSTRIAL CORPORATION,190.05,190.05,190.05,190.05,190.05,186.35,,190.05,,,2300,437115.0,22,F1,1,,,,,,2025-03-27
2025-03-27,2025-03-27,CM,BSE,STK,509760,INE370A01019,MODRNSH,X,,,,,MODERN SHARES & STOCKBROKERS L,48.0,48.0,45.0,46.0,46.0,45.9,,46.0,,,671,31842.0,16,F1,1,,,,,,2025-03-27
2025-03-27,2025-03-27,CM,BSE,STK,509820,INE275B01026,HUHTAMAKI,B,,,,,HUHTAMAKI INDIA LIMITED,176.6,185.4,176.6,183.15,183.05,179.3,,183.5,,,24287,4416360.0,515,F1,1,,,,,,2025-03-27
2025-03-27,2025-03-27,CM,BSE,STK,509835,INE940N01012,PREMSYN,X,,,,,PREMIER SYNTHETICS LTD.,18.22,18.22,16.21,16.41,17.81,17.77,,16.41,,,1774,29565.0,21,F1,1,,,,,,2025-03-27
2025-03-27,2025-03-27,CM,BSE,STK,509874,INE849C01026,SHALPAINTS,B,,,,,SHALIMAR PAINTS LTD.,100.0,103.0,98.85,99.85,98.9,99.1,,99.85,,,29151,2928473.0,658,F1,1,,,,,,2025-03-27
2025-03-27,2025-03-27,CM,BSE,STK,509895,INE832D01020,HINDMILL,X,,,,,HINDOOSTAN MILLS LTD.,176.0,182.0,175.65,178.85,182.0,180.0,,178.85,,,1338,238173.0,25,F1,1,,,,,,2025-03-27
2025-03-27,2025-03-27,CM,BSE,STK,509930,INE195A01028,SUPREMEIND,A,,,,,SUPREME INDUSTRIES LTD.,3409.95,3505.25,3371.35,3460.35,3455.0,3417.7,,3460.25,,,10057,34867299.0,1959,F1,1,,,,,,2025-03-27
2025-03-27,2025-03-27,CM,BSE,STK,509945,INE077P01034,THACKER,X,,,,,THACKER & CO.LTD.,1241.0,1250.0,1180.05,1250.0,1250.0,1286.2,,1250.0,,,20,24405.0,10,F1,1,,,,,,2025-03-27
2025-03-27,2025-03-27,CM,BSE,STK,509960,INE726E01014,UPHOT,X,,,,,U.P.HOTELS LTD.,1611.0,1660.95,1515.0,1591.3,1595.0,1525.0,,1591.3,,,272,426600.0,30,F1,1,,,,,,2025-03-27
2025-03-27,2025-03-27,CM,BSE,STK,509966,INE710A01016,VSTIND,A,,,,,VST INDUSTRIES LTD.,261.55,262.85,257.0,258.2,258.2,260.55,,258.15,,,35309,9150835.0,1510,F1,1,,,,,,2025-03-27
2025-03-27,2025-03-27,CM,BSE,STK,510245,INE804A01025,SWASTIVI,X,,,,,SWASTI VINAYAKA SYNTHETICS LTD,5.76,6.16,5.02,5.44,5.35,5.76,,5.44,,,141222,785563.0,341,F1,1,,,,,,2025-03-27
2025-03-27,2025-03-27,CM,BSE,STK,511000,INE856D01011,MADHUSE,X,,,,,MADHUSUDAN SECURITIES LTD.,22.99,22.99,21.5,22.0,22.0,22.34,,22.0,,,4756,103962.0,31,F1,1,,,,,,2025-03-27
2025-03-27,2025-03-27,CM,BSE,STK,511012,INE457N01025,YAMNINV,XT,,,,,YAMINI INVESTMENTS COMPANY LTD,1.8,1.84,1.74,1.8,1.81,1.8,,1.8,,,568512,1017265.0,953,F1,1,,,,,,2025-03-27
2025-03-27,2025-03-27,CM,BSE,STK,511018,INE679T01013,ZMILGFIN,XT,,,,,MILGREY FINANCE & INVESTMENT L,90.24,95.22,86.5,94.84,94.84,90.69,,94.84,,,68806,6379635.0,146,F1,1,,,,,,2025-03-27
2025-03-27,2025-03-27,CM,BSE,STK,511034,INE742C01031,JINDRILL,B,,,,,JINDAL DRILLING & INDUSTRIES L,855.1,892.5,853.55,866.95,866.95,857.1,,866.25,,,27402,23868689.0,1604,F1,1,,,,,,2025-03-27
2025-03-27,2025-03-27,CM,BSE,STK,511066,INE302E01014,SAKTHIFIN,X,,,,,SAKTHI FINANCE LTD.,45.0,45.99,44.5,45.08,44.5,45.2,,45.08,,,37847,1702897.0,95,F1,1,,,,,,2025-03-27
2025-03-27,2025-03-27,CM,BSE,STK,511076,INE065D01027,SATINDLTD,B,,,,,SAT INDUSTRIES LTD.,83.0,84.55,81.09,81.48,81.64,84.09,,81.38,,,152358,12497229.0,1412,F1,1,,,,,,2025-03-27
2025-03-27,2025-03-27,CM,BSE,STK,511092,INE047E01031,JMDVL,XT,,,,,JMD Ventures Limited,7.31,7.31,7.03,7.03,7.03,7.17,,7.03,,,9470,66996.0,58,F1,1,,,,,,2025-03-27
2025-03-27,2025-03-27,CM,BSE,STK,511108,INE705C01020,SHIVATEX,B,,,,,SHIVA TEXYARN LTD.,178.0,183.0,173.65,173.65,173.65,178.8,,180.55,,,372,66537.0,45,F1,1,,,,,,2025-03-27
2025-03-27,2025-03-27,CM,BSE,STK,511110,INE848D01018,VBDESAI,X,,,,,V.B.DESAI FINANCIAL SERVICES L,30.3,33.2,30.27,32.72,32.72,31.86,,32.72,,,7101,227484.0,37,F1,1,,,,,,2025-03-27
2025-03-27,2025-03-27,CM,BSE,STK,511116,INE527B01020,QUADRANT,XT,,,,,QUADRANT TELEVENTURES LIMITED,0.45,0.45,0.45,0.45,0.45,0.45,,0.45,,,3385517,1523482.0,455,F1,1,,,,,,2025-03-27
2025-03-27,2025-03-27,CM,BSE,STK,511122,INE609B01018,1STCUS,X,,,,,FIRST CUSTODIAN FUND (INDIA) L,101.4,110.0,101.35,101.45,101.4,106.65,,101.45,,,797,80799.0,35,F1,1,,,,,,2025-03-27
2025-03-27,2025-03-27,CM,BSE,STK,511131,INE344D01018,KAMANWALA,X,,,,,KAMANWALA HOUSING CONSTRUCTION,10.9,11.88,10.85,11.14,11.11,10.96,,11.14,,,78053,861410.0,60,F1,1,,,,,,2025-03-27
2025-03-27,2025-03-27,CM,BSE,STK,511147,INE549D01012,WSFX,X,,,,,WSFX Global Pay Limited,72.4,74.3,65.0,66.62,65.65,72.97,,66.62,,,16554,1117983.0,259,F1,1,,,,,,2025-03-27
2025-03-27,2025-03-27,CM,BSE,STK,511153,INE096I01021,ANJANIFOODS,X,,,,,Anjani Foods Limited,31.0,31.96,29.0,29.49,29.16,31.1,,29.49,,,6512,194362.0,64,F1,1,,,,,,2025-03-27
2025-03-27,2025-03-27,CM,BSE,STK,511169,INE552N01023,RKDAGRRTL,XT,,,,,RKD AGRI AND RETAIL LIMITED,5.54,5.54,5.54,5.54,5.54,5.44,,5.54,,,30,166.0,2,F1,1,,,,,,2025-03-27
2025-03-27,2025-03-27,CM,BSE,STK,511187,INE570N01025,MILLENNIUM,X,,,,,Millennium Online Solutions (I,2.06,2.3,2.06,2.13,2.13,2.25,,2.13,,,7749,16617.0,20,F1,1,,,,,,2025-03-27
2025-03-27,2025-03-27,CM,BSE,STK,511194,INE613B01010,ICDSLTD,B,,,,,ICDS LTD.,44.05,45.16,44.05,45.16,45.16,44.05,,45.7,,,431,19014.0,4,F1,1,,,,,,2025-03-27
2025-03-27,2025-03-27,CM,BSE,STK,511196,INE477A01020,CANFINHOME,A,,,,,CAN FIN HOMES LTD.,670.0,674.55,661.15,667.7,667.05,671.1,,667.05,,,50790,34003300.0,6015,F1,1,,,,,,2025-03-27
2025-03-27,2025-03-27,CM,BSE,STK,511208,INE050B01023,IVC,B,,,,,IL&FS INVESTMENT MANAGERS LTD.,9.25,9.33,8.88,8.96,8.96,9.18,,8.92,,,105824,954693.0,787,F1,1,,,,,,2025-03-27
2025-03-27,2025-03-27,CM,BSE,STK,511218,INE721A01047,SHRIRAMFIN,A,,,,,Shriram Finance Limited,670.0,684.4,666.5,679.15,682.0,672.15,,678.5,,,82663,55998240.0,3792,F1,1,,,,,,2025-03-27
2025-03-27,2025-03-27,CM,BSE,STK,511243,INE121A01024,CHOLAFIN,A,,,,,CHOLAMANDALAM INVESTMENT AND F,1507.4,1535.05,1507.4,1528.7,1528.0,1521.3,,1531.55,,,45012,68700351.0,2501,F1,1,,,,,,2025-03-27
2025-03-27,2025-03-27,CM,BSE,STK,511333,INE709A01018,VLSFINANCE,B,,,,,VLS FINANCE LTD.,205.0,208.55,201.85,203.75,201.85,205.55,,203.85,,,21147,4329795.0,849,F1,1,,,,,,2025-03-27
2025-03-27,2025-03-27,CM,BSE,STK,511355,INE429D01017,INDCEMCAP,XT,,,,,INDIA CEMENTS CAPITAL LTD.,14.45,15.0,14.1,14.11,14.11,14.45,,14.11,,,3584,51035.0,31,F1,1,,,,,,2025-03-27
2025-03-27,2025-03-27,CM,BSE,STK,511359,INE556D01017,ADMANUM,X,,,,,AD-MANUM FINANCE LTD.,67.0,67.0,60.0,60.37,60.21,65.65,,60.37,,,24362,1528800.0,164,F1,1,,,,,,2025-03-27
2025-03-27,2025-03-27,CM,BSE,STK,511377,INE240B01012,MEHIF,X,,,,,MEHTA INTEGRATED FINANCE LTD.,36.99,37.5,35.5,37.35,37.35,36.99,,37.35,,,23580,837116.0,10,F1,1,,,,,,2025-03-27
2025-03-27,2025-03-27,CM,BSE,STK,511391,INE661M01016,INTRGLB,X,,,,,INTER GLOBE FINANCE LTD.,66.66,69.74,66.51,69.74,69.74,69.99,,69.74,,,282,19456.0,6,F1,1,,,,,,2025-03-27
2025-03-27,2025-03-27,CM,BSE,STK,511401,INE410E01015,MCLTD,X,,,,,MUNOTH COMMUNICATION LIMITED,11.44,11.44,11.44,11.44,11.44,11.19,,11.44,,,500,5720.0,1,F1,1,,,,,,2025-03-27
2025-03-27,2025-03-27,CM,BSE,STK,511411,INE472C01027,SHRISTI,X,,,,,SHRISTI INFRASTRUCTURE DEVELOP,39.6,39.6,35.05,37.38,37.25,36.12,,37.38,,,67986,2447790.0,17,F1,1,,,,,,2025-03-27
2025-03-27,2025-03-27,CM,BSE,STK,511413,INE559D01011,CREST,B,,,,,CREST,413.95,413.95,376.5,381.7,376.5,369.1,,381.55,,,773,297473.0,52,F1,1,,,,,,2025-03-27
2025-03-27,2025-03-27,CM,BSE,STK,511431,INE051B01021,VAKRANGEE,A,,,,,VAKRANGEE LIMITED,10.42,10.45,9.9,9.9,9.9,10.42,,9.88,,,2135361,21292201.0,2938,F1,1,,,,,,2025-03-27
2025-03-27,2025-03-27,CM,BSE,STK,511441,INE034B01019,GUJCRED,XT,,,,,GUJARAT CREDIT CORPORATION LTD,33.68,33.68,33.5,33.5,33.5,33.02,,33.5,,,1688,56762.0,4,F1,1,,,,,,2025-03-27
2025-03-27,2025-03-27,CM,BSE,STK,511447,INE706F01021,SYLPH,X,,,,,SYLPH TECHNOLOGIES LTD.,1.03,1.03,0.93,1.01,1.03,0.99,,1.01,,,717071,716866.0,392,F1,1,,,,,,2025-03-27
2025-03-27,2025-03-27,CM,BSE,STK,511451,INE899D01011,DHARFIN,X,,,,,DHARANI FINANCE LTD.,9.85,10.84,9.82,10.84,10.84,10.33,,10.84,,,653,6571.0,11,F1,1,,,,,,2025-03-27
2025-03-27,2025-03-27,CM,BSE,STK,511463,INE191N01012,ALEXANDER,X,,,,,Alexander Stamps And Coin Limi,14.15,14.15,13.55,13.71,13.65,13.7,,13.71,,,10169,139054.0,68,F1,1,,,,,,2025-03-27
2025-03-27,2025-03-27,CM,BSE,STK,511473,INE841B01017,INDBANK,B,,,,,INDBANK MERCHANT BANKING SERVI,30.0,30.0,28.41,28.65,28.7,29.44,,28.63,,,22340,648681.0,614,F1,1,,,,,,2025-03-27
2025-03-27,2025-03-27,CM,BSE,STK,511493,INE488C01015,SHRYDUS,XT,,,,,SHRYDUS INDUSTRIES LIMITED,3.91,4.26,3.91,4.26,4.26,4.06,,4.26,,,293393,1241452.0,233,F1,1,,,,,,2025-03-27
2025-03-27,2025-03-27,CM,BSE,STK,511501,INE900A01013,BHARAT,X,,,,,Bharat Bhushan Finance & Commo,45.0,47.49,45.0,46.67,47.19,45.53,,46.67,,,1248,57296.0,25,F1,1,,,,,,2025-03-27
2025-03-27,2025-03-27,CM,BSE,STK,511505,INE707C01018,CAPTRUST,B,,,,,CAPITAL TRUST LTD.,93.0,94.0,87.32,89.65,92.26,92.43,,89.98,,,13673,1218619.0,236,F1,1,,,,,,2025-03-27
2025-03-27,2025-03-27,CM,BSE,STK,511507,INE697C01011,USHAKIRA,X,,,,,USHAKIRAN FINANCE LTD.,34.06,34.06,34.06,34.06,34.06,33.39,,34.06,,,22,749.0,3,F1,1,,,,,,2025-03-27
2025-03-27,2025-03-27,CM,BSE,STK,511509,INE380K01017,VIVOBIOT,X,,,,,VIVO BIO TECH LTD.,36.0,37.4,34.01,35.1,35.1,36.04,,35.1,,,80233,2848139.0,284,F1,1,,,,,,2025-03-27
2025-03-27,2025-03-27,CM,BSE,STK,511523,INE882C01035,VEERHEALTH,XT,,,,,VEERHEALTH CARE LIMITED,12.08,12.44,12.0,12.22,12.2,12.08,,12.22,,,103789,1262286.0,170,F1,1,,,,,,2025-03-27
2025-03-27,2025-03-27,CM,BSE,STK,511525,INE376A01032,PANINDIAC,X,,,,,PAN INDIA CORPORATION LTD.,2.62,2.8,2.61,2.7,2.71,2.74,,2.7,,,92762,251782.0,327,F1,1,,,,,,2025-03-27
2025-03-27,2025-03-27,CM,BSE,STK,511533,INE135C01012,SAHARAHOUS,X,,,,,SAHARA HOUSINGFINA CORPORATION,39.0,40.0,38.0,38.75,39.79,39.19,,38.75,,,5147,198739.0,38,F1,1,,,,,,2025-03-27
2025-03-27,2025-03-27,CM,BSE,STK,511535,INE026C01013,NDASEC,X,,,,,NDA SECURITIES LTD.,26.88,27.85,25.7,27.5,27.5,26.88,,27.5,,,2573,69171.0,17,F1,1,,,,,,2025-03-27
2025-03-27,2025-03-27,CM,BSE,STK,511543,INE777C01011,GSBFIN,XT,,,,,GSB FINANCE LTD.,34.19,34.19,34.19,34.19,34.19,34.19,,34.19,,,1,34.0,1,F1,1,,,,,,2025-03-27
2025-03-27,2025-03-27,CM,BSE,STK,511549,INE367A01015,MORARKFI,X,,,,,MORARKA FINANCE LTD.,108.0,108.0,95.1,97.95,97.95,104.45,,97.95,,,13891,1362119.0,131,F1,1,,,,,,2025-03-27
2025-03-27,2025-03-27,CM,BSE,STK,511551,INE903D01011,MONARCH,B,,,,,Monarch Networth Capital Limit,332.6,335.4,328.35,333.85,332.9,329.7,,333.9,,,83782,27799418.0,3588,F1,1,,,,,,2025-03-27
2025-03-27,2025-03-27,CM,BSE,STK,511557,INE732K01027,PROFINC,XT,,,,,PRO FIN CAPITAL SERVICES LTD.,4.54,4.64,4.28,4.46,4.49,4.48,,4.46,,,597800,2626131.0,194,F1,1,,,,,,2025-03-27
2025-03-27,2025-03-27,CM,BSE,STK,511559,INE289C01025,TIMESGTY,T,,,,,TIMES GUARANTY LTD.,165.0,165.0,165.0,165.0,165.0,168.0,,159.9,,,12,1980.0,1,F1,1,,,,,,2025-03-27
2025-03-27,2025-03-27,CM,BSE,STK,511571,INE754C01010,SODFC,X,,,,,SOM DATT FINANCE CORPORATION L,95.72,100.5,95.72,97.0,96.99,95.72,,97.0,,,8160,798729.0,24,F1,1,,,,,,2025-03-27
2025-03-27,2025-03-27,CM,BSE,STK,511577,INE304E01010,SAVFI,X,,,,,SAVANI FINANCIALS LTD.,14.94,14.95,14.25,14.85,14.95,14.24,,14.85,,,183288,2668921.0,32,F1,1,,,,,,2025-03-27
2025-03-27,2025-03-27,CM,BSE,STK,511585,INE425F01028,BEFOUNDMOL,X,,,,,BEFOUND MOVEMENT LIMITED,3.1,3.16,3.1,3.16,3.16,3.1,,3.16,,,20647,65243.0,4,F1,1,,,,,,2025-03-27
2025-03-27,2025-03-27,CM,BSE,STK,511589,INE323B01024,AVONMORE,T,,,,,AVONMORE CAPITAL & MANAGEMENT,17.0,17.25,16.53,16.53,16.53,17.4,,16.47,,,97793,1620390.0,320,F1,1,,,,,,2025-03-27
2025-03-27,2025-03-27,CM,BSE,STK,511593,INE212B01011,LIBORDFIN,X,,,,,LIBORD FINANCE LTD,14.89,14.89,14.5,14.89,14.89,14.89,,14.89,,,4759,70450.0,14,F1,1,,,,,,2025-03-27
2025-03-27,2025-03-27,CM,BSE,STK,511601,INE216B01012,YASHMGM,X,,,,,YASH MANAGEMENT & SATELLITE LT,11.25,11.25,10.07,11.0,11.0,10.78,,11.0,,,28043,298290.0,88,F1,1,,,,,,2025-03-27
2025-03-27,2025-03-27,CM,BSE,STK,511605,INE420B01036,ARIHANTCAP,B,,,,,ARIHANT CAPITAL MARKETS LTD.,69.15,69.54,67.66,68.66,67.93,68.48,,68.63,,,29389,2016632.0,618,F1,1,,,,,,2025-03-27
2025-03-27,2025-03-27,CM,BSE,STK,511609,INE569B01022,ISLCONSUL,X,,,,,ISL CONSULTING LTD.,26.54,26.54,25.4,25.4,25.4,25.33,,25.4,,,1510,38405.0,5,F1,1,,,,,,2025-03-27
2025-03-27,2025-03-27,CM,BSE,STK,511611,INE891B01012,DCMFINSERV,B,,,,,DCM FINANCIAL SERVICES LTD.,5.28,5.42,5.13,5.42,5.42,5.39,,5.3,,,901,4850.0,12,F1,1,,,,,,2025-03-27
2025-03-27,2025-03-27,CM,BSE,STK,511626,INE229D01011,RRFIN,X,,,,,RR FINANCIAL CONSULTANTS LTD.,15.0,15.0,13.37,14.02,14.01,14.5,,14.02,,,5003,74659.0,9,F1,1,,,,,,2025-03-27
2025-03-27,2025-03-27,CM,BSE,STK,511628,INE417D01020,FEDDERSHOL,T,,,,,FEDDERS HOLDING LIMITED,50.95,50.95,48.35,49.91,49.91,49.85,,49.91,,,85321,4258453.0,276,F1,1,,,,,,2025-03-27
2025-03-27,2025-03-27,CM,BSE,STK,511630,INE699B01027,SAMBHAAV,T,,,,,SAMBHAAV MEDIA LTD.,5.41,5.41,5.41,5.41,5.41,5.52,,5.41,,,985,5328.0,6,F1,1,,,,,,2025-03-27
2025-03-27,2025-03-27,CM,BSE,STK,511636,INE234E01027,DJSSS,XT,,,,,DJS STOCK & SHARES LTD.,2.17,2.28,2.17,2.17,2.17,2.28,,2.17,,,89505,194307.0,74,F1,1,,,,,,2025-03-27
2025-03-27,2025-03-27,CM,BSE,STK,511644,INE113B01029,OMEGAIN,XT,,,,,OMEGA INTERACTIVE TECHNOLOGIES,185.0,185.0,177.65,177.65,177.65,187.0,,177.65,,,202,36374.0,15,F1,1,,,,,,2025-03-27
2025-03-27,2025-03-27,CM,BSE,STK,511658,INE027D01019,NETTLINX,XT,,,,,NETTLINX LTD.,39.75,41.0,37.79,37.79,37.79,39.77,,37.79,,,151507,5930034.0,485,F1,1,,,,,,2025-03-27
2025-03-27,2025-03-27,CM,BSE,STK,511664,INE443D01018,BGIL,X,,,,,BGIL FILMS & TECHNOLOGIES LTD.,7.17,7.17,7.05,7.05,7.05,7.17,,7.05,,,2143,15232.0,7,F1,1,,,,,,2025-03-27
2025-03-27,2025-03-27,CM,BSE,STK,511672,INE099G01011,SCANSTL,X,,,,,Scan Steels Limited,36.4,36.65,34.0,34.11,34.11,35.47,,34.11,,,292824,10134244.0,390,F1,1,,,,,,2025-03-27
2025-03-27,2025-03-27,CM,BSE,STK,511676,INE289B01019,GICHSGFIN,B,,,,,GIC HOUSING FINANCE LTD.,167.85,175.5,166.45,172.8,172.8,167.85,,172.5,,,43782,7501948.0,1140,F1,1,,,,,,2025-03-27
2025-03-27,2025-03-27,CM,BSE,STK,511692,INE759C01019,AJCON,X,,,,,AJCON GLOBAL SERVICES LTD.,66.53,66.53,66.53,66.53,66.53,66.53,,66.53,,,6,399.0,1,F1,1,,,,,,2025-03-27
2025-03-27,2025-03-27,CM,BSE,STK,511696,INE953B01010,CHRTEDCA,X,,,,,CHARTERED CAPITAL & INVESTMENT,220.05,248.5,220.05,230.1,237.05,228.55,,230.1,,,278,65052.0,8,F1,1,,,,,,2025-03-27
2025-03-27,2025-03-27,CM,BSE,STK,511700,INE625D01028,STANCAP,XT,,,,,STANDARD CAPITAL MARKETS LTD.,0.52,0.52,0.51,0.51,0.51,0.53,,0.51,,,4601289,2347948.0,3213,F1,1,,,,,,2025-03-27
2025-03-27,2025-03-27,CM,BSE,STK,511702,INE290E01011,YOGI,XT,,,,,YOGI LIMITED,117.0,117.0,111.01,114.83,115.0,113.68,,114.83,,,2499,284221.0,39,F1,1,,,,,,2025-03-27
2025-03-27,2025-03-27,CM,BSE,STK,511710,INE717D01023,CUBIFIN,X,,,,,CUBICAL FINANCIAL SERVICES LTD,2.1,2.19,2.05,2.1,2.17,2.13,,2.1,,,26575,55596.0,138,F1,1,,,,,,2025-03-27
2025-03-27,2025-03-27,CM,BSE,STK,511712,INE452B01013,RELICTEC,XT,,,,,RELIC TECHNOLOGIES LTD.,70.2,70.2,70.2,70.2,70.2,68.83,,70.2,,,4720,331344.0,20,F1,1,,,,,,2025-03-27
2025-03-27,2025-03-27,CM,BSE,STK,511714,INE875B01015,NIMBSPROJ,XT,,,,,NIMBUS PROJECTS LTD.,264.95,264.95,259.7,259.7,259.7,264.95,,259.7,,,90,23766.0,6,F1,1,,,,,,2025-03-27
2025-03-27,2025-03-27,CM,BSE,STK,511716,INE359A01012,INVIGO,XT,,,,,Invigorated Business Consultin,5.85,5.9,5.51,5.62,5.51,5.8,,5.62,,,1620,9383.0,13,F1,1,,,,,,2025-03-27
2025-03-27,2025-03-27,CM,BSE,STK,511724,INE020D01022,BAIDFIN,B,,,,,BAID FINSERV LIMITED,9.85,9.85,9.1,9.13,9.13,9.33,,9.12,,,271914,2499562.0,1318,F1,1,,,,,,2025-03-27
2025-03-27,2025-03-27,CM,BSE,STK,511726,INE946H01037,VIPULLTD,T,,,,,VIPUL LTD.,10.36,10.36,10.36,10.36,10.36,10.57,,10.36,,,253183,2622975.0,75,F1,1,,,,,,2025-03-27
2025-03-27,2025-03-27,CM,BSE,STK,511728,INE006C01015,KZLFIN,XT,,,,,K.Z.LEASING & FINANCE LTD.,20.28,21.46,19.47,20.0,20.0,20.49,,20.0,,,1089,21706.0,8,F1,1,,,,,,2025-03-27
2025-03-27,2025-03-27,CM,BSE,STK,511734,INE527C01010,PASUFIN,XT,,,,,PASUPATI FINCAP LTD.,18.67,18.67,16.95,18.24,18.35,17.8,,18.24,,,25251,442291.0,32,F1,1,,,,,,2025-03-27
2025-03-27,2025-03-27,CM,BSE,STK,511742,INE583D01011,UGROCAP,B,,,,,UGRO CAPITAL LIMITED,169.0,172.15,166.5,169.05,168.0,169.65,,169.0,,,12922,2191216.0,367,F1,1,,,,,,2025-03-27
2025-03-27,2025-03-27,CM,BSE,STK,511754,INE861D01011,SAHLIBHFI,X,,,,,SHALIBHADRA FINANCE LTD.,531.0,545.0,502.05,508.45,504.9,526.9,,508.45,,,9984,5108209.0,93,F1,1,,,,,,2025-03-27
2025-03-27,2025-03-27,CM,BSE,STK,511756,INE195I01013,ABIRAFN,Z,,,,,ABIRAMI FINANCIAL SERVICES (IN,48.9,48.9,45.55,45.56,45.55,47.94,,45.56,,,791,36478.0,19,F1,1,,,,,,2025-03-27
2025-03-27,2025-03-27,CM,BSE,STK,511758,INE094E01017,MANSIFIN,XT,,,,,MANSI FINANCE (CHENNAI) LTD.,56.0,56.0,56.0,56.0,56.0,56.7,,56.0,,,3,168.0,2,F1,1,,,,,,2025-03-27
2025-03-27,2025-03-27,CM,BSE,STK,511760,INE518D01025,SEVENHILL,X,,,,,SEVEN HILL INDUSTRIES LIMITED,0.8,0.84,0.76,0.77,0.77,0.8,,0.77,,,334648,261643.0,370,F1,1,,,,,,2025-03-27
2025-03-27,2025-03-27,CM,BSE,STK,511764,INE819K01014,AASTAFIN,X,,,,,Aastamangalam Finance Limited,30.82,30.82,27.31,28.37,28.5,28.61,,28.37,,,38830,1103168.0,145,F1,1,,,,,,2025-03-27
2025-03-27,2025-03-27,CM,BSE,STK,511766,INE296G01013,MUTHOOTCAP,B,,,,,MUTHOOT CAPITAL SERVICES LTD.,275.0,275.0,244.95,249.85,248.1,255.45,,249.35,,,2553,640063.0,148,F1,1,,,,,,2025-03-27
2025-03-27,2025-03-27,CM,BSE,STK,511768,INE677D01037,MASTERTR,B,,,,,MASTER TRUST LTD.,133.2,133.2,121.6,123.1,125.3,130.55,,123.2,,,22218,2772013.0,1216,F1,1,,,,,,2025-03-27
2025-03-27,2025-03-27,CM,BSE,STK,512008,INE886D01026,EFCIL,B,,,,,EFC (I) LIMITED,226.75,254.0,209.0,219.45,219.45,225.15,,219.45,,,811918,177625475.0,4024,F1,1,,,,,,2025-03-27
2025-03-27,2025-03-27,CM,BSE,STK,512014,INE754D01018,SOBME,XT,,,,,SOBHAGYA MERCHANTILE LTD.,348.0,348.0,348.0,348.0,348.0,355.1,,348.0,,,1100,382800.0,28,F1,1,,,,,,2025-03-27
2025-03-27,2025-03-27,CM,BSE,STK,512018,INE135H01029,CNIRESLTD,XT,,,,,CNI RESEARCH LTD.,9.08,9.08,9.0,9.0,9.0,8.91,,9.0,,,39743,358680.0,46,F1,1,,,,,,2025-03-27
2025-03-27,2025-03-27,CM,BSE,STK,512020,INE967G01019,ZSARACOM,T,,,,,SARASWATI COMMERCIAL (INDIA) L,11965.8,11965.8,11965.8,11965.8,11965.8,12210.0,,11965.8,,,74,885469.0,36,F1,1,,,,,,2025-03-27
2025-03-27,2025-03-27,CM,BSE,STK,512025,INE767M01029,BANGANGA,X,,,,,BANGANGA PAPER INDUSTRIES LIMI,81.0,87.0,81.0,85.98,86.0,83.41,,85.98,,,73276,6235440.0,208,F1,1,,,,,,2025-03-27
2025-03-27,2025-03-27,CM,BSE,STK,512026,INE603D01017,VEGA,XT,,,,,VEGA JEWELLERS LIMITED,38.83,38.83,38.83,38.83,38.83,38.07,,38.83,,,3,116.0,1,F1,1,,,,,,2025-03-27
2025-03-27,2025-03-27,CM,BSE,STK,512036,INE393H01016,KAPILCO,XT,,,,,KAPIL COTEX LTD.,156.6,156.6,155.8,155.85,155.85,149.15,,155.85,,,117,18236.0,8,F1,1,,,,,,2025-03-27
2025-03-27,2025-03-27,CM,BSE,STK,512038,INE887D01016,TCC,B,,,,,TCC CONCEPT LIMITED,429.7,458.3,414.7,440.75,455.0,436.5,,440.75,,,38581,16269352.0,329,F1,1,,,,,,2025-03-27
2025-03-27,2025-03-27,CM,BSE,STK,512047,INE510H01015,ROYALIND,XT,,,,,ROYAL INDIA CORPORATION LIMITE,8.79,8.84,8.2,8.59,8.59,8.42,,8.59,,,395109,3393470.0,318,F1,1,,,,,,2025-03-27
2025-03-27,2025-03-27,CM,BSE,STK,512048,INE195E01020,LUHARUKA,X,,,,,Luharuka Media & Infra Limited,4.8,4.81,4.4,4.61,4.74,4.7,,4.61,,,205137,953173.0,281,F1,1,,,,,,2025-03-27
2025-03-27,2025-03-27,CM,BSE,STK,512064,INE762D01011,VISVEN,X,,,,,VISHVPRABHA VENTURES LIMITED,63.4,65.5,57.99,64.9,64.0,66.99,,64.9,,,5362,344868.0,23,F1,1,,,,,,2025-03-27
2025-03-27,2025-03-27,CM,BSE,STK,512068,INE945F01025,DECNGOLD,B,,,,,DECCAN GOLD MINES LTD.,97.6,98.6,85.3,92.45,92.45,97.65,,92.45,,,1604878,148258459.0,6538,F1,1,,,,,,2025-03-27
2025-03-27,2025-03-27,CM,BSE,STK,512070,INE628A01036,UPL,A,,,,,UPL LIMITED,653.95,663.5,651.0,656.05,655.6,652.8,,656.4,,,46793,30765706.0,2868,F1,1,,,,,,2025-03-27
2025-03-27,2025-03-27,CM,BSE,STK,512091,INE425H01016,NIBEORD,XT,,,,,Nibe Ordnance and Maritime Lim,4.02,4.02,4.02,4.02,4.02,3.83,,4.02,,,1,4.0,1,F1,1,,,,,,2025-03-27
2025-03-27,2025-03-27,CM,BSE,STK,512093,INE234B01023,CRANESSOFT,Z,,,,,CRANES SOFTWARE INTERNATIONAL,3.83,3.83,3.57,3.65,3.61,3.75,,3.65,,,86499,315931.0,100,F1,1,,,,,,2025-03-27
2025-03-27,2025-03-27,CM,BSE,STK,512097,INE092G01024,SAICOM,X,,,,,SAIANAND COMMERCIAL LIMITED,0.35,0.36,0.34,0.35,0.36,0.35,,0.35,,,2005913,703969.0,456,F1,1,,,,,,2025-03-27
2025-03-27,2025-03-27,CM,BSE,STK,512099,INE750G01019,EY,XT,,,,,EYANTRA VENTURES LIMITED,1228.0,1228.0,1112.45,1199.85,1199.85,1171.0,,1199.85,,,60,68581.0,16,F1,1,,,,,,2025-03-27
2025-03-27,2025-03-27,CM,BSE,STK,512103,INE276H01013,NIDHGRN,XT,,,,,NIDHI GRANITES LTD.,134.11,136.79,134.11,136.79,136.79,134.11,,136.79,,,1120,152620.0,22,F1,1,,,,,,2025-03-27
2025-03-27,2025-03-27,CM,BSE,STK,512115,INE649C01012,ROSEMER,XT,,,,,ROSE MERC.LTD.,48.8,48.8,44.4,45.07,45.01,46.58,,45.07,,,20784,951203.0,23,F1,1,,,,,,2025-03-27
2025-03-27,2025-03-27,CM,BSE,STK,512131,INE529F01035,SIGIND,B,,,,,SIGNET INDUSTRIES LIMITED,52.0,54.0,47.25,47.85,47.5,51.49,,48.15,,,10954,551645.0,289,F1,1,,,,,,2025-03-27
2025-03-27,2025-03-27,CM,BSE,STK,512149,INE758A01072,AVANCE,X,,,,,AVANCE TECHNOLOGIES LTD.,0.62,0.62,0.59,0.6,0.6,0.62,,0.6,,,8754722,5323537.0,3182,F1,1,,,,,,2025-03-27
2025-03-27,2025-03-27,CM,BSE,STK,512161,INE650K01021,SECURKLOUD,B,,,,,SECUREKLOUD TECHNOLOGIES LIMIT,17.31,18.0,17.23,17.23,17.23,18.13,,17.22,,,32432,561599.0,235,F1,1,,,,,,2025-03-27
2025-03-27,2025-03-27,CM,BSE,STK,512165,INE365O01028,ABANSENT,X,,,,,ABANS ENTERPRISES LTD,29.37,29.37,27.01,27.9,27.9,28.31,,27.9,,,31168,882949.0,58,F1,1,,,,,,2025-03-27
2025-03-27,2025-03-27,CM,BSE,STK,512175,INE685D01022,VAMA,X,,,,,VAMA INDUSTRIES LTD.,7.06,7.1,6.8,6.9,6.9,6.88,,6.9,,,111693,772026.0,105,F1,1,,,,,,2025-03-27
2025-03-27,2025-03-27,CM,BSE,STK,512179,INE805D01034,SUNTECK,A,,,,,SUNTECK REALTY LTD.,386.95,401.9,384.0,399.5,397.5,386.95,,399.75,,,49006,19281767.0,1491,F1,1,,,,,,2025-03-27
2025-03-27,2025-03-27,CM,BSE,STK,512197,INE798C01017,SILVERO,Z,,,,,SILVER OAK COMMERCIAL LTD.,5.59,5.59,5.59,5.59,5.59,5.59,,5.59,,,43,240.0,3,F1,1,,,,,,2025-03-27
2025-03-27,2025-03-27,CM,BSE,STK,512217,INE730E01016,PRISMMEDI,X,,,,,PRISM MEDICO AND PHARMACY LTD.,12.51,13.24,12.21,12.23,12.21,12.83,,12.23,,,21394,266956.0,48,F1,1,,,,,,2025-03-27
2025-03-27,2025-03-27,CM,BSE,STK,512229,INE379J01029,VERITAS,T,,,,,VERITAS (INDIA) LTD.,407.65,407.65,391.75,391.75,391.75,399.7,,391.75,,,247895,100583795.0,843,F1,1,,,,,,2025-03-27
2025-03-27,2025-03-27,CM,BSE,STK,512237,INE070D01027,JAICORPLTD,A,,,,,JAI CORP LTD.,90.0,94.4,88.17,90.34,90.34,90.07,,90.45,,,238666,21689177.0,3645,F1,1,,,,,,2025-03-27
2025-03-27,2025-03-27,CM,BSE,STK,512247,INE894A01026,ASHCAP,X,,,,,ASHIRWAD CAPITAL LTD.,4.36,4.41,4.21,4.24,4.24,4.41,,4.24,,,59380,254286.0,453,F1,1,,,,,,2025-03-27
2025-03-27,2025-03-27,CM,BSE,STK,512257,INE895A01023,SVARTCORP,X,,,,,SWASTI VINAYAKA ART AND HERITA,4.14,4.27,3.8,3.91,3.98,4.22,,3.91,,,70487,281442.0,252,F1,1,,,,,,2025-03-27
2025-03-27,2025-03-27,CM,BSE,STK,512267,INE200D01020,MMWL,T,,,,,MEDIA MATRIX WORLDWIDE LTD.,8.79,8.79,8.03,8.18,8.18,8.45,,8.18,,,898682,7480460.0,300,F1,1,,,,,,2025-03-27
2025-03-27,2025-03-27,CM,BSE,STK,512296,INE458B01036,BHAGYANGR,B,,,,,BHAGYANAGAR INDIA LTD.,74.25,75.2,71.43,72.34,72.36,74.01,,72.4,,,3841,280330.0,136,F1,1,,,,,,2025-03-27
2025-03-27,2025-03-27,CM,BSE,STK,512297,INE408F01016,SHANTAI,X,,,,,Shantai Industries Limited,70.63,70.63,70.63,70.63,70.63,74.34,,70.63,,,2056,145215.0,7,F1,1,,,,,,2025-03-27
2025-03-27,2025-03-27,CM,BSE,STK,512301,INE417N01011,CHMBBRW,X,,,,,CHAMBAL BREWERIES & DISTILLERI,5.99,5.99,5.99,5.99,5.99,5.71,,5.99,,,2202,13189.0,5,F1,1,,,,,,2025-03-27
2025-03-27,2025-03-27,CM,BSE,STK,512329,INE385F01024,SGMART,B,,,,,SG MART LIMITED,320.35,323.7,300.35,306.45,306.45,321.1,,306.45,,,316776,99067478.0,2104,F1,1,,,,,,2025-03-27
2025-03-27,2025-03-27,CM,BSE,STK,512344,INE068C01015,ARAVALIS,X,,,,,ARAVALI SECURITIES & FINANCE L,4.03,4.03,4.03,4.03,4.03,4.24,,4.03,,,2,8.0,2,F1,1,,,,,,2025-03-27
2025-03-27,2025-03-27,CM,BSE,STK,512345,INE745A01012,YASTF,XT,,,,,YASH TRADING & FINANCE LTD.,102.28,102.28,102.28,102.28,102.28,100.28,,102.28,,,1,102.0,1,F1,1,,,,,,2025-03-27
2025-03-27,2025-03-27,CM,BSE,STK,512361,INE108G01010,CUPIDALBV,XT,,,,,CUPID BREWERIES AND DISTILLERI,122.0,123.8,112.1,122.4,123.8,117.95,,122.4,,,6054,722874.0,104,F1,1,,,,,,2025-03-27
2025-03-27,2025-03-27,CM,BSE,STK,512379,INE716D01033,CRSL,XT,,,,,CRESSANDA RAILWAY SOLUTIONS LI,4.53,4.53,4.53,4.53,4.53,4.62,,4.53,,,236302,1070448.0,692,F1,1,,,,,,2025-03-27
2025-03-27,2025-03-27,CM,BSE,STK,512381,INE992I01013,STARTECK,B,,,,,STARTECK FINANCE LIMITED,285.0,301.0,282.1,287.1,301.0,310.35,,290.85,,,3548,1008602.0,89,F1,1,,,,,,2025-03-27
2025-03-27,2025-03-27,CM,BSE,STK,512393,INE037B01020,SHARDUL,X,,,,,SHARDUL SECURITIES LTD.,46.35,46.35,43.23,43.23,43.23,45.5,,43.23,,,15281,661008.0,102,F1,1,,,,,,2025-03-27
2025-03-27,2025-03-27,CM,BSE,STK,512399,INE017I01027,SERA,XT,,,,,SERA INVESTMENTS & FINANCE IND,45.7,49.0,45.28,46.09,46.55,47.66,,46.09,,,94979,4420894.0,295,F1,1,,,,,,2025-03-27
2025-03-27,2025-03-27,CM,BSE,STK,512415,INE319T01016,MERCTRD,XT,,,,,MERCURY TRADE LINKS LTD.,22.81,22.81,22.81,22.81,22.81,22.37,,22.81,,,33546,765184.0,41,F1,1,,,,,,2025-03-27
2025-03-27,2025-03-27,CM,BSE,STK,512425,INE242B01018,NIRAVCOM,X,,,,,NIRAV COMMERCIALS LTD.,817.6,817.6,815.0,817.6,817.6,780.0,,817.6,,,40,32691.0,6,F1,1,,,,,,2025-03-27
2025-03-27,2025-03-27,CM,BSE,STK,512437,INE412D01013,APOLLOFI,X,,,,,APOLLO FINVEST (INDIA) LTD.,646.0,648.0,582.2,583.1,582.2,646.85,,583.1,,,4337,2627201.0,244,F1,1,,,,,,2025-03-27
2025-03-27,2025-03-27,CM,BSE,STK,512443,INE162L01017,GANONPRO,X,,,,,Ganon Products Limited,6.49,6.84,6.49,6.69,6.69,6.49,,6.69,,,2649,17252.0,16,F1,1,,,,,,2025-03-27
2025-03-27,2025-03-27,CM,BSE,STK,512453,INE564J01026,SHRJAGP,X,,,,,SHRI JAGDAMBA POLYMERS LTD.,929.7,949.0,869.0,907.55,905.0,929.7,,907.55,,,3936,3604991.0,183,F1,1,,,,,,2025-03-27
2025-03-27,2025-03-27,CM,BSE,STK,512455,INE281B01032,LLOYDSME,A,,,,,LLOYDS METALS AND ENERGY LTD.,1265.65,1296.0,1253.45,1289.85,1289.85,1266.45,,1288.25,,,22087,28281425.0,1571,F1,1,,,,,,2025-03-27
2025-03-27,2025-03-27,CM,BSE,STK,512463,INE080I01025,LLOYDSENT,B,,,,,LLOYDS ENTERPRISES LIMITED,41.82,45.18,41.36,44.09,44.09,41.81,,44.18,,,536837,23181367.0,3397,F1,1,,,,,,2025-03-27
2025-03-27,2025-03-27,CM,BSE,STK,512477,INE765L01017,BETXIND,X,,,,,BETEX INDIA LTD.,453.75,453.75,405.0,406.0,405.0,412.25,,406.0,,,255,108187.0,35,F1,1,,,,,,2025-03-27
2025-03-27,2025-03-27,CM,BSE,STK,512485,INE977F01010,DHANCOT,XT,,,,,DHANLAXMI COTEX LTD.,338.55,338.55,338.55,338.55,338.55,345.45,,338.55,,,2,677.0,2,F1,1,,,,,,2025-03-27
2025-03-27,2025-03-27,CM,BSE,STK,512489,INE876A01023,OASISEC,X,,,,,OASIS SECURITIES LTD.,26.75,27.75,25.42,26.72,27.75,26.75,,26.72,,,23417,623466.0,45,F1,1,,,,,,2025-03-27
2025-03-27,2025-03-27,CM,BSE,STK,512493,INE590B01010,GARNETINT,X,,,,,GARNET INTERNATIONAL LTD.,118.95,118.95,112.05,113.5,114.0,117.9,,113.5,,,19809,2266223.0,184,F1,1,,,,,,2025-03-27
2025-03-27,2025-03-27,CM,BSE,STK,512499,INE435E01020,SHALPRO,X,,,,,SHALIMAR PRODUCTIONS LTD.,0.49,0.49,0.49,0.49,0.49,0.49,,0.49,,,217733,106689.0,366,F1,1,,,,,,2025-03-27
2025-03-27,2025-03-27,CM,BSE,STK,512519,INE668D01028,DONEAR,B,,,,,DONEAR INDUSTRIES LTD.,104.55,109.85,104.55,105.1,105.5,105.35,,105.1,,,7986,852524.0,330,F1,1,,,,,,2025-03-27
2025-03-27,2025-03-27,CM,BSE,STK,512527,INE091C01017,SUPER,X,,,,,SUPER SALES INDIA LTD.,839.95,859.95,825.4,839.05,835.15,842.4,,839.05,,,2736,2300552.0,83,F1,1,,,,,,2025-03-27
2025-03-27,2025-03-27,CM,BSE,STK,512529,INE807F01027,SEQUENT,A,,,,,SEQUENT SCIENTIFIC LTD.,133.1,136.95,131.75,132.35,132.35,133.1,,132.75,,,69288,9268194.0,2995,F1,1,,,,,,2025-03-27
2025-03-27,2025-03-27,CM,BSE,STK,512531,INE655A01013,STCINDIA,B,,,,,STATE TRADING CORPORATION OF I,118.0,139.0,117.0,135.4,131.95,118.2,,136.35,,,48167,6245393.0,1696,F1,1,,,,,,2025-03-27
2025-03-27,2025-03-27,CM,BSE,STK,512553,INE058B01018,ZENITHEXPO,B,,,,,ZENITH EXPORTS LTD.,209.0,212.95,202.75,202.9,212.95,213.4,,203.3,,,326,66150.0,13,F1,1,,,,,,2025-03-27
2025-03-27,2025-03-27,CM,BSE,STK,512559,INE080B01012,KOHINOOR,B,,,,,KOHINOOR FOODS LTD.,31.01,31.8,30.0,30.76,30.76,31.54,,30.69,,,32858,1013811.0,697,F1,1,,,,,,2025-03-27
2025-03-27,2025-03-27,CM,BSE,STK,512573,INE871C01038,AVANTIFEED,A,,,,,AVANTI FEEDS LTD.,900.0,923.3,892.1,906.05,902.0,903.8,,904.4,,,18815,17018286.0,911,F1,1,,,,,,2025-03-27
2025-03-27,2025-03-27,CM,BSE,STK,512587,INE077B01018,ZODJRDMKJ,X,,,,,ZODIAC-JRD-MKJ LTD.,49.2,54.8,49.2,51.07,51.07,52.8,,51.07,,,30196,1564699.0,168,F1,1,,,,,,2025-03-27
2025-03-27,2025-03-27,CM,BSE,STK,512589,INE579D01019,SITAENT,XT,,,,,SITA ENTERPRISES LTD.,162.55,162.55,162.55,162.55,162.55,165.85,,162.55,,,676,109883.0,5,F1,1,,,,,,2025-03-27
2025-03-27,2025-03-27,CM,BSE,STK,512591,INE183U01022,PULSRIN,XT,,,,,PULSAR INTERNATIONAL LTD.,9.24,9.24,9.24,9.24,9.24,9.72,,9.24,,,44410,410348.0,376,F1,1,,,,,,2025-03-27
2025-03-27,2025-03-27,CM,BSE,STK,512597,INE681C01015,KEYFINSERV,B,,,,,KEYNOTE FINANCIAL SERVICES LIM,305.0,320.0,286.3,313.3,318.9,298.05,,314.45,,,1616,499466.0,106,F1,1,,,,,,2025-03-27
2025-03-27,2025-03-27,CM,BSE,STK,512599,INE423A01024,ADANIENT,A,,,,,ADANI ENTERPRISES LTD.,2300.0,2375.0,2293.2,2359.8,2359.8,2312.45,,2363.3,,,43412,100738518.0,4217,F1,1,,,,,,2025-03-27
2025-03-27,2025-03-27,CM,BSE,STK,512600,INE307N01014,ASTALLTD,X,,,,,ASTAL LABORATORIES LIMITED,75.25,78.69,75.25,77.0,77.0,78.91,,77.0,,,22907,1759171.0,94,F1,1,,,,,,2025-03-27
2025-03-27,2025-03-27,CM,BSE,STK,512608,INE474E01029,BHANDARI,B,,,,,BHANDARI HOSIERY EXPORTS LTD.,4.75,4.78,4.52,4.58,4.58,4.75,,4.61,,,179264,827764.0,1036,F1,1,,,,,,2025-03-27
2025-03-27,2025-03-27,CM,BSE,STK,512618,INE629C01014,RLF,X,,,,,RLF LTD.,9.0,9.79,8.34,8.66,8.67,9.03,,8.66,,,4599,39940.0,39,F1,1,,,,,,2025-03-27
2025-03-27,2025-03-27,CM,BSE,STK,512624,INE769D01016,REGENTRP,X,,,,,Regent Enterprises Limited,6.21,6.21,5.82,5.95,6.0,6.05,,5.95,,,82604,497339.0,112,F1,1,,,,,,2025-03-27
2025-03-27,2025-03-27,CM,BSE,STK,512626,INE231G01010,ORBTEXP,B,,,,,ORBIT EXPORTS LTD.,155.6,155.6,141.0,149.4,149.4,152.6,,147.5,,,4201,637636.0,130,F1,1,,,,,,2025-03-27
2025-03-27,2025-03-27,CM,BSE,STK,512634,INE104E01014,SAVERA,X,,,,,SAVERA INDUSTRIES LTD.,129.8,131.1,129.8,130.4,130.0,130.25,,130.4,,,2600,338207.0,26,F1,1,,,,,,2025-03-27
2025-03-27,2025-03-27,CM,BSE,STK,513023,INE725A01030,NAVA,A,,,,,NAVA LIMITED,488.0,517.5,463.75,495.0,495.0,492.2,,495.35,,,116244,56244059.0,4199,F1,1,,,,,,2025-03-27
2025-03-27,2025-03-27,CM,BSE,STK,513043,INE158G01015,REMIEDEL,X,,,,,REMI EDELSTAHL TUBULARS LIMITE,80.0,82.0,75.55,77.91,75.55,78.68,,77.91,,,6984,550583.0,52,F1,1,,,,,,2025-03-27
2025-03-27,2025-03-27,CM,BSE,STK,513059,INE736H01024,GSAUTO,X,,,,,G.S.AUTO INTERNATIONAL LTD.,33.05,35.5,33.05,33.97,34.8,34.73,,33.97,,,9832,338659.0,68,F1,1,,,,,,2025-03-27
2025-03-27,2025-03-27,CM,BSE,STK,513063,INE360D01014,TRANSFRE,X,,,,,TRANS-FREIGHT CONTAINERS LTD.,38.0,38.0,35.0,35.4,35.4,36.2,,35.4,,,3507,127372.0,43,F1,1,,,,,,2025-03-27
2025-03-27,2025-03-27,CM,BSE,STK,513097,INE386D01027,SBCL,B,,,,,SHIVALIK BIMETAL CONTROLS LTD.,447.0,460.0,446.2,452.05,455.55,449.5,,451.4,,,6325,2847562.0,410,F1,1,,,,,,2025-03-27
2025-03-27,2025-03-27,CM,BSE,STK,513108,INE524B01027,GANDHITUBE,B,,,,,GANDHI SPECIAL TUBES LTD.,656.0,678.95,644.0,647.0,645.05,668.45,,647.95,,,1928,1254374.0,213,F1,1,,,,,,2025-03-27
2025-03-27,2025-03-27,CM,BSE,STK,513117,INE991A01020,AMFORG,X,,,,,AMFORGE INDUSTRIES LTD.,8.35,8.35,7.91,8.05,8.24,8.12,,8.05,,,2867,23531.0,26,F1,1,,,,,,2025-03-27
2025-03-27,2025-03-27,CM,BSE,STK,513119,INE173M01012,ONIXSOLAR,XT,,,,,ONIX SOLAR ENERGY LIMITED,305.25,317.65,305.25,317.65,317.65,311.45,,317.65,,,2564,807560.0,52,F1,1,,,,,,2025-03-27
2025-03-27,2025-03-27,CM,BSE,STK,513121,INE730A01022,ORICONENT,B,,,,,ORICON ENTERPRISES LTD.,39.6,40.76,38.01,39.67,40.01,40.12,,39.63,,,38893,1536673.0,340,F1,1,,,,,,2025-03-27
2025-03-27,2025-03-27,CM,BSE,STK,513149,INE950D01012,ACROW,X,,,,,ACROW INDIA LTD.,675.0,699.95,664.05,675.0,675.0,699.0,,675.0,,,130,87229.0,17,F1,1,,,,,,2025-03-27
2025-03-27,2025-03-27,CM,BSE,STK,513173,INE205F01016,STLSTRINF,X,,,,,STEEL STRIPS INFRASTRUCTURES L,29.99,29.99,26.3,27.05,27.6,26.7,,27.05,,,1862,51459.0,63,F1,1,,,,,,2025-03-27
2025-03-27,2025-03-27,CM,BSE,STK,513228,INE932A01024,PENIND,B,,,,,PENNAR INDUSTRIES LTD.,178.15,191.5,177.95,190.65,189.0,180.25,,190.75,,,48564,9120799.0,1043,F1,1,,,,,,2025-03-27
2025-03-27,2025-03-27,CM,BSE,STK,513250,INE197A01024,JYOTISTRUC,A,,,,,JYOTI STRUCTURES LTD.,16.5,17.15,16.35,16.87,16.87,16.5,,16.89,,,2218519,37291890.0,2234,F1,1,,,,,,2025-03-27
2025-03-27,2025-03-27,CM,BSE,STK,513252,INE289D01015,JAYUSH,X,,,,,JAY USHIN LTD.,619.9,630.0,619.9,630.0,630.0,630.0,,630.0,,,51,31625.0,2,F1,1,,,,,,2025-03-27
2025-03-27,2025-03-27,CM,BSE,STK,513262,INE802C01033,SSWL,B,,,,,STEEL STRIPS WHEELS LTD.,185.0,187.65,177.2,180.35,181.05,187.9,,180.35,,,44435,8065698.0,1436,F1,1,,,,,,2025-03-27
2025-03-27,2025-03-27,CM,BSE,STK,513269,INE993A01026,MANINDS,B,,,,,MAN INDUSTRIES (INDIA) LTD.,258.45,274.8,256.35,264.8,260.1,257.8,,264.15,,,56702,14938096.0,1517,F1,1,,,,,,2025-03-27
2025-03-27,2025-03-27,CM,BSE,STK,513295,INE611C01020,IMEC,XT,,,,,IMEC SERVICES LIMITED,66.15,66.15,61.61,61.61,61.61,64.85,,61.61,,,399,24606.0,16,F1,1,,,,,,2025-03-27
2025-03-27,2025-03-27,CM,BSE,STK,513303,INE001F01019,MDRNSTL,X,,,,,MODERN STEELS LTD.,16.6,16.65,15.25,15.71,15.9,16.27,,15.71,,,3294,52814.0,37,F1,1,,,,,,2025-03-27
2025-03-27,2025-03-27,CM,BSE,STK,513307,INE363L01029,SYNTHFO,X,,,,,SYNTHIKO FOILS LTD.,114.0,115.95,112.35,113.5,115.0,115.95,,113.5,,,231,26220.0,8,F1,1,,,,,,2025-03-27
2025-03-27,2025-03-27,CM,BSE,STK,513309,INE327C01031,GOLKONDA,X,,,,,Golkonda Aluminium Extrusions,9.8,10.2,9.2,9.8,9.92,9.73,,9.8,,,23873,235277.0,46,F1,1,,,,,,2025-03-27
2025-03-27,2025-03-27,CM,BSE,STK,513337,INE145J01032,GUJTLRM,XT,,,,,GUJARAT TOOLROOM LTD.,1.5,1.56,1.46,1.47,1.47,1.53,,1.47,,,10962551,16350955.0,6824,F1,1,,,,,,2025-03-27
2025-03-27,2025-03-27,CM,BSE,STK,513349,INE298G01027,AJMERA,B,,,,,AJMERA REALTY & INFRA INDIA LT,890.9,920.25,884.85,907.45,899.0,885.8,,914.6,,,9396,8514629.0,960,F1,1,,,,,,2025-03-27
2025-03-27,2025-03-27,CM,BSE,STK,513353,INE105D01013,COCHINM,X,,,,,COCHIN MINERALS & RUTILE LTD.,258.6,258.6,252.0,252.45,254.85,253.65,,252.45,,,8274,2104036.0,155,F1,1,,,,,,2025-03-27
2025-03-27,2025-03-27,CM,BSE,STK,513361,INE072A01029,ISWL,X,,,,,INDIA STEEL WORKS LTD.,5.15,5.48,4.93,5.08,5.1,5.26,,5.08,,,4815015,24682377.0,547,F1,1,,,,,,2025-03-27
2025-03-27,2025-03-27,CM,BSE,STK,513369,INE013J01016,KVFORGE,X,,,,,KRISHANVEER FORGE LIMITED,80.0,84.0,70.01,72.08,72.08,83.01,,72.08,,,19562,1547887.0,122,F1,1,,,,,,2025-03-27
2025-03-27,2025-03-27,CM,BSE,STK,513375,INE120A01034,CARBORUNIV,A,,,,,CARBORUNDUM UNIVERSAL LTD.,974.0,997.55,950.8,965.0,965.0,971.2,,963.75,,,36592,35614134.0,3654,F1,1,,,,,,2025-03-27
2025-03-27,2025-03-27,CM,BSE,STK,513377,INE123F01029,MMTC,A,,,,,MMTC LTD.,52.48,59.27,51.2,54.07,54.07,52.48,,54.08,,,1052288,57909331.0,6728,F1,1,,,,,,2025-03-27
2025-03-27,2025-03-27,CM,BSE,STK,513397,INE457E01016,VALLABHSQ,X,,,,,VALLABH STEELS LTD.,6.05,6.45,6.05,6.45,6.45,6.15,,6.45,,,2221,13845.0,6,F1,1,,,,,,2025-03-27
2025-03-27,2025-03-27,CM,BSE,STK,513401,INE587D01012,ASHIS,X,,,,,ASHIANA ISPAT LTD.,28.69,28.69,26.1,26.38,26.88,27.43,,26.38,,,21664,582996.0,91,F1,1,,,,,,2025-03-27
2025-03-27,2025-03-27,CM,BSE,STK,513403,INE092C01015,PMTELELIN,X,,,,,P.M.TELELINNKS LTD.,4.45,4.8,4.45,4.8,4.8,4.84,,4.8,,,26195,120955.0,13,F1,1,,,,,,2025-03-27
2025-03-27,2025-03-27,CM,BSE,STK,513418,INE728B01032,SMFIL,X,,,,,SMITHS & FOUNDERS (INDIA) LIMI,5.6,5.74,5.42,5.44,5.56,5.7,,5.44,,,27641,151505.0,63,F1,1,,,,,,2025-03-27
2025-03-27,2025-03-27,CM,BSE,STK,513422,INE373E01015,BLOIN,X,,,,,BLOOM INDUSTRIES LTD.,32.0,37.79,30.13,32.2,32.56,31.51,,32.2,,,500,16912.0,33,F1,1,,,,,,2025-03-27
2025-03-27,2025-03-27,CM,BSE,STK,513430,INE501L01024,MAITRI,XT,,,,,Maitri Enterprises Limited,26.17,26.17,26.17,26.17,26.17,27.54,,26.17,,,79,2067.0,4,F1,1,,,,,,2025-03-27
2025-03-27,2025-03-27,CM,BSE,STK,513436,INE640C01011,SHAHALLOYS,B,,,,,SHAH ALLOYS LTD.,45.25,48.0,44.82,45.85,46.78,46.55,,45.85,,,8225,375779.0,174,F1,1,,,,,,2025-03-27
2025-03-27,2025-03-27,CM,BSE,STK,513452,INE594D01018,ELANGO,X,,,,,ELANGO INDUSTRIES LTD.,9.76,9.76,9.76,9.76,9.76,9.8,,9.76,,,4,39.0,1,F1,1,,,,,,2025-03-27
2025-03-27,2025-03-27,CM,BSE,STK,513456,INE791E01018,KANSHST,X,,,,,KANISHK STEEL INDUSTRIES LTD.,30.55,31.5,30.09,31.28,31.28,31.67,,31.28,,,31437,956585.0,55,F1,1,,,,,,2025-03-27
2025-03-27,2025-03-27,CM,BSE,STK,513460,INE257F01017,MAHALXSE,Z,,,,,MAHALAXMI SEAMLESS LTD.,10.33,10.33,9.35,10.33,10.33,9.84,,10.33,,,996,10265.0,11,F1,1,,,,,,2025-03-27
2025-03-27,2025-03-27,CM,BSE,STK,513472,INE658D01011,SIMPLEXCAS,X,,,,,SIMPLEX CASTINGS LTD.,239.0,243.0,232.75,234.9,235.5,244.9,,234.9,,,8345,2004292.0,74,F1,1,,,,,,2025-03-27
2025-03-27,2025-03-27,CM,BSE,STK,513488,INE387D01025,SSWRL,X,,,,,SHREE STEEL WIRE ROPES LTD.,36.0,36.0,30.55,30.56,31.99,31.02,,30.56,,,5832,178417.0,25,F1,1,,,,,,2025-03-27
2025-03-27,2025-03-27,CM,BSE,STK,513496,INE235U01012,SIZEMASTER,X,,,,,SIZEMASTERS TECHNOLOGY LIMITED,137.0,137.0,125.3,125.5,125.5,125.0,,125.5,,,70,8898.0,5,F1,1,,,,,,2025-03-27
2025-03-27,2025-03-27,CM,BSE,STK,513498,INE308N01012,SOUTHMG,XT,,,,,SOUTHERN MAGNESIUM & CHEMICALS,136.0,137.0,128.45,133.55,131.0,135.2,,133.55,,,2361,312619.0,74,F1,1,,,,,,2025-03-27
2025-03-27,2025-03-27,CM,BSE,STK,513502,INE927K01023,BAROEXT,X,,,,,BARODA EXTRUSION LTD.,6.74,6.74,6.23,6.28,6.23,6.55,,6.28,,,272268,1727904.0,305,F1,1,,,,,,2025-03-27
2025-03-27,2025-03-27,CM,BSE,STK,513507,INE276I01011,GUJCONT,P,,,,,GUJARAT CONTAINERS LTD.,175.0,175.0,175.0,175.0,175.0,173.0,,175.0,,,100,17500.0,1,F1,100,,,,,,2025-03-27
2025-03-27,2025-03-27,CM,BSE,STK,513509,INE314G01014,KALYANIFRG,T,,,,,KALYANI FORGE LTD.,510.0,510.0,506.0,506.0,506.0,515.7,,505.6,,,246,125304.0,9,F1,1,,,,,,2025-03-27
2025-03-27,2025-03-27,CM,BSE,STK,513511,INE798F01010,PANCHMAHQ,XT,,,,,PANCHMAHAL STEEL LTD.,136.1,149.0,136.1,138.3,137.8,142.0,,138.3,,,558,79206.0,17,F1,1,,,,,,2025-03-27
2025-03-27,2025-03-27,CM,BSE,STK,513513,INE570B01012,ADITYA,X,,,,,ADITYA ISPAT LTD.,9.75,9.75,9.65,9.65,9.65,9.88,,9.65,,,1774,17232.0,13,F1,1,,,,,,2025-03-27
2025-03-27,2025-03-27,CM,BSE,STK,513517,INE124E01020,STEELCAS,B,,,,,STEELCAST LTD.,987.2,1011.0,972.8,986.0,980.0,991.7,,983.85,,,1070,1056938.0,205,F1,1,,,,,,2025-03-27
2025-03-27,2025-03-27,CM,BSE,STK,513519,INE450D01021,PITTIENG,B,,,,,PITTI ENGINEERING LIMITED,1000.6,1026.0,985.5,1012.0,1017.35,1000.6,,1014.8,,,3265,3258164.0,479,F1,1,,,,,,2025-03-27
2025-03-27,2025-03-27,CM,BSE,STK,513528,INE741B01027,GLITTEKG,XT,,,,,GLITTEK GRANITES LTD.,4.71,4.71,4.71,4.71,4.71,4.8,,4.71,,,257,1210.0,7,F1,1,,,,,,2025-03-27
2025-03-27,2025-03-27,CM,BSE,STK,513532,INE770A01010,PRADPME,X,,,,,PRADEEP METALS LTD.,228.8,236.7,222.0,236.5,236.7,225.9,,236.5,,,12947,2984752.0,137,F1,1,,,,,,2025-03-27
2025-03-27,2025-03-27,CM,BSE,STK,513536,INE207H01018,GNRL,X,,,,,GUJARAT NATURAL RESOURCES LIMI,25.2,26.15,25.03,25.79,25.79,24.91,,25.79,,,458833,11880069.0,638,F1,1,,,,,,2025-03-27
2025-03-27,2025-03-27,CM,BSE,STK,513540,INE176E01012,TNSTLTU,P,,,,,TAMILNADU STEEL TUBES LTD.,14.75,14.75,14.75,14.75,14.75,15.5,,14.75,,,200,2950.0,1,F1,100,,,,,,2025-03-27
2025-03-27,2025-03-27,CM,BSE,STK,513548,INE385M01012,SHRDAIS,X,,,,,SHARDA ISPAT LTD.,294.3,304.0,276.0,276.45,276.0,294.3,,276.45,,,979,273537.0,32,F1,1,,,,,,2025-03-27
2025-03-27,2025-03-27,CM,BSE,STK,513554,INE451L01014,MAHASTEEL,T,,,,,MAHAMAYA STEEL INDUSTRIES LTD.,258.0,268.5,257.1,263.55,268.0,261.7,,263.85,,,1800,473366.0,52,F1,1,,,,,,2025-03-27
2025-03-27,2025-03-27,CM,BSE,STK,513566,INE608C01026,NOVIS,X,,,,,NOVA IRON & STEEL LTD.,14.1,14.33,12.55,12.96,12.98,14.48,,12.96,,,29458,398081.0,149,F1,1,,,,,,2025-03-27
2025-03-27,2025-03-27,CM,BSE,STK,513575,INE067E01013,STERPOW,XT,,,,,STERLING POWERGENSYS LTD,36.5,36.68,36.5,36.68,36.68,37.24,,36.68,,,722,26461.0,8,F1,1,,,,,,2025-03-27
2025-03-27,2025-03-27,CM,BSE,STK,513599,INE531E01026,HINDCOPPER,A,,,,,HINDUSTAN COPPER LTD.,224.65,225.4,219.9,224.65,224.65,225.4,,223.5,,,581371,130085618.0,4133,F1,1,,,,,,2025-03-27
2025-03-27,2025-03-27,CM,BSE,STK,513629,INE463D01016,TULSYAN,X,,,,,TULSYAN NEC LTD.,43.85,45.99,43.85,43.85,43.85,46.15,,43.85,,,91795,4026221.0,52,F1,1,,,,,,2025-03-27
2025-03-27,2025-03-27,CM,BSE,STK,513642,INE197C01012,AXELPOLY,X,,,,,AXEL POLYMERS LTD.,34.0,37.8,28.99,36.9,37.0,33.5,,36.9,,,124720,4214054.0,175,F1,1,,,,,,2025-03-27
2025-03-27,2025-03-27,CM,BSE,STK,513683,INE589A01014,NLCINDIA,A,,,,,NLC India Limited,239.55,248.15,239.55,245.7,246.9,242.2,,245.5,,,111074,27179419.0,2124,F1,1,,,,,,2025-03-27
2025-03-27,2025-03-27,CM,BSE,STK,513687,INE848B01012,SPECTRA,Z,,,,,SPECTRA INDUSTRIES LTD.,4.14,4.14,4.12,4.12,4.12,3.95,,4.12,,,1519,6288.0,11,F1,1,,,,,,2025-03-27
2025-03-27,2025-03-27,CM,BSE,STK,513693,INE434C01027,KAJARIR,X,,,,,KIC METALIKS LTD.,31.15,32.0,30.0,30.34,30.5,31.15,,30.34,,,95074,2927063.0,240,F1,1,,,,,,2025-03-27
2025-03-27,2025-03-27,CM,BSE,STK,513699,INE584G01012,SOLIDSTON,X,,,,,SOLID STONE COMPANY LTD.,31.02,36.95,31.0,32.0,32.0,32.02,,32.0,,,76065,2435149.0,44,F1,1,,,,,,2025-03-27
2025-03-27,2025-03-27,CM,BSE,STK,513709,INE960A01017,SHILGRAVQ,X,,,,,SHILP GRAVURES LTD.,230.5,237.4,224.0,235.0,235.0,226.1,,235.0,,,17300,3991519.0,112,F1,1,,,,,,2025-03-27
2025-03-27,2025-03-27,CM,BSE,STK,513713,INE146C01019,WHITEORG,X,,,,,White Organic Agro Limited,4.4,4.85,4.15,4.19,4.26,4.48,,4.19,,,162269,697603.0,283,F1,1,,,,,,2025-03-27
2025-03-27,2025-03-27,CM,BSE,STK,513729,INE210C01013,AROGRANITE,B,,,,,ARO GRANITE INDUSTRIES LTD.,34.01,35.0,32.82,33.67,33.81,36.08,,34.69,,,3402,115317.0,75,F1,1,,,,,,2025-03-27
2025-03-27,2025-03-27,CM,BSE,STK,514010,INE723D01021,RUDRAECO,X,,,,,RUDRA ECOVATION LIMITED,41.4,41.4,40.0,40.04,40.04,40.88,,40.04,,,643020,26092688.0,389,F1,1,,,,,,2025-03-27
2025-03-27,2025-03-27,CM,BSE,STK,514030,INE272C01013,DEEPAKSP,X,,,,,DEEPAK SPINNERS LTD.,136.35,138.0,121.5,122.85,122.8,136.3,,122.85,,,32806,4203846.0,560,F1,1,,,,,,2025-03-27
2025-03-27,2025-03-27,CM,BSE,STK,514036,INE970D01010,LOYALTEX,T,,,,,LOYAL TEXTILE MILLS LTD.,220.4,232.0,220.4,225.0,225.0,232.0,,224.25,,,297,66872.0,8,F1,1,,,,,,2025-03-27
2025-03-27,2025-03-27,CM,BSE,STK,514043,INE049A01027,HIMATSEIDE,B,,,,,HIMATSINGKA SEIDE LTD.,141.35,150.3,141.35,144.35,144.35,145.05,,143.95,,,108020,15738562.0,2246,F1,1,,,,,,2025-03-27
2025-03-27,2025-03-27,CM,BSE,STK,514045,INE594B01012,BSL,T,,,,,BSL LTD.,171.0,171.0,162.75,162.8,162.8,171.1,,164.15,,,571,94323.0,23,F1,1,,,,,,2025-03-27
2025-03-27,2025-03-27,CM,BSE,STK,514060,INE229N01010,MARKOBENZ,XT,,,,,MARKOBENZ VENTURES LIMITED,9.22,9.22,9.22,9.22,9.22,9.04,,9.22,,,54719,504509.0,31,F1,1,,,,,,2025-03-27
2025-03-27,2025-03-27,CM,BSE,STK,514087,INE501F01018,PBMPOLY,X,,,,,PBM POLYTEX LTD.,66.0,66.8,62.92,64.0,64.7,66.63,,64.0,,,2952,189840.0,48,F1,1,,,,,,2025-03-27
2025-03-27,2025-03-27,CM,BSE,STK,514113,INE207C01019,ADINATH,X,,,,,ADINATH TEXTILES LTD.,23.6,23.6,21.56,22.82,22.89,23.6,,22.82,,,841,19088.0,21,F1,1,,,,,,2025-03-27
2025-03-27,2025-03-27,CM,BSE,STK,514128,INE517D01019,KONARKSY,X,,,,,KONARK SYNTHETIC LTD.,26.46,26.46,26.46,26.46,26.46,27.0,,26.46,,,1,26.0,1,F1,1,,,,,,2025-03-27
2025-03-27,2025-03-27,CM,BSE,STK,514138,INE132C01027,SURYALA,X,,,,,SURYALATA SPINNING MILLS LTD.,273.65,281.85,260.0,266.45,266.05,273.65,,266.45,,,6605,1776712.0,151,F1,1,,,,,,2025-03-27
2025-03-27,2025-03-27,CM,BSE,STK,514140,INE431C01023,SURYVANSP,X,,,,,SURYAVANSHI SPINNING MILLS LTD,24.99,24.99,22.0,24.4,24.4,23.54,,24.4,,,200,4851.0,12,F1,1,,,,,,2025-03-27
2025-03-27,2025-03-27,CM,BSE,STK,514142,INE592B01024,TTL,B,,,,,T T LTD.,14.35,14.35,13.39,13.73,13.91,13.95,,13.72,,,33719,463776.0,230,F1,1,,,,,,2025-03-27
2025-03-27,2025-03-27,CM,BSE,STK,514162,INE192B01031,WELSPUNLIV,A,,,,,WELSPUN LIVING LIMITED,128.45,138.35,128.45,135.45,135.45,135.5,,135.6,,,184727,25143834.0,1934,F1,1,,,,,,2025-03-27
2025-03-27,2025-03-27,CM,BSE,STK,514165,INE862B01013,INDIANACRY,X,,,,,INDIAN ACRYLICS LTD.,6.91,7.15,6.61,6.65,6.65,7.02,,6.65,,,414373,2805844.0,458,F1,1,,,,,,2025-03-27
2025-03-27,2025-03-27,CM,BSE,STK,514167,INE845D01014,GANECOS,B,,,,,GANESHA ECOSPHERE LTD.,1534.2,1671.15,1534.2,1631.65,1605.0,1533.65,,1635.1,,,8479,13641912.0,1546,F1,1,,,,,,2025-03-27
2025-03-27,2025-03-27,CM,BSE,STK,514171,INE760J01012,CEETAIN,X,,,,,CEETA INDUSTRIES LTD.,43.95,43.95,40.0,43.54,43.73,39.99,,43.54,,,6996,296690.0,50,F1,1,,,,,,2025-03-27
2025-03-27,2025-03-27,CM,BSE,STK,514175,INE835A01029,VARDMNPOLY,B,,,,,VARDHMAN POLYTEX LTD.,9.32,9.32,8.74,8.74,8.74,9.2,,8.69,,,143257,1298428.0,360,F1,1,,,,,,2025-03-27
2025-03-27,2025-03-27,CM,BSE,STK,514183,INE761G01016,BLACKROSE,X,,,,,BLACK ROSE INDUSTRIES LTD.,95.5,95.5,87.6,89.5,89.5,93.1,,89.5,,,84340,7732297.0,1253,F1,1,,,,,,2025-03-27
2025-03-27,2025-03-27,CM,BSE,STK,514197,INE110Q01023,STCORP,X,,,,,S&T CORPORATION LTD.,5.35,5.58,5.07,5.16,5.16,5.33,,5.16,,,14694,76481.0,90,F1,1,,,,,,2025-03-27
2025-03-27,2025-03-27,CM,BSE,STK,514223,INE410D01017,RAMGOPOLY,X,,,,,RAMGOPAL POLYTEX LTD.,5.26,5.26,5.02,5.13,5.13,5.8,,5.13,,,1901,9691.0,20,F1,1,,,,,,2025-03-27
2025-03-27,2025-03-27,CM,BSE,STK,514234,INE495C01010,SANGAMIND,B,,,,,SANGAM (INDIA) LTD.,414.0,425.7,414.0,418.0,416.3,420.55,,421.1,,,9988,4212762.0,199,F1,1,,,,,,2025-03-27
2025-03-27,2025-03-27,CM,BSE,STK,514238,INE874A01010,MKVENTURES,X,,,,,MKVENTURES CAPITAL LIMITED,1387.8,1409.8,1360.15,1379.1,1375.0,1387.8,,1379.1,,,1013,1398277.0,82,F1,1,,,,,,2025-03-27
2025-03-27,2025-03-27,CM,BSE,STK,514240,INE979D01011,KUSHIND,X,,,,,Kush Industries Limited,8.45,8.6,8.05,8.34,8.38,8.33,,8.34,,,6462,53359.0,69,F1,1,,,,,,2025-03-27
2025-03-27,2025-03-27,CM,BSE,STK,514248,INE377C01010,SRECR,P,,,,,SREECHEM RESINS LTD.,39.0,39.0,37.05,37.05,37.05,39.0,,37.05,,,400,15015.0,3,F1,100,,,,,,2025-03-27
2025-03-27,2025-03-27,CM,BSE,STK,514266,INE106C01013,ZENIFIB,X,,,,,ZENITH FIBRES LTD.,71.6,72.9,69.3,70.43,71.96,71.57,,70.43,,,2925,205486.0,42,F1,1,,,,,,2025-03-27
2025-03-27,2025-03-27,CM,BSE,STK,514272,INE436C01014,BHILSPIN,X,,,,,BHILWARA SPINNERS LTD.,141.0,144.0,138.5,138.5,138.5,140.0,,138.5,,,28956,4046344.0,41,F1,1,,,,,,2025-03-27
2025-03-27,2025-03-27,CM,BSE,STK,514274,INE273D01019,AARVEEDEN,T,,,,,AARVEE DENIMS & EXPORTS LTD.,145.0,145.0,137.0,138.75,142.0,143.65,,138.75,,,6951,963678.0,45,F1,1,,,,,,2025-03-27
2025-03-27,2025-03-27,CM,BSE,STK,514280,INE589J01015,SANTETX,X,,,,,SANRHEA TECHNICAL TEXTILES LTD,103.15,105.0,101.0,101.7,104.95,107.55,,101.7,,,1687,174849.0,34,F1,1,,,,,,2025-03-27
2025-03-27,2025-03-27,CM,BSE,STK,514286,INE440A01010,ASHIMASYN,B,,,,,ASHIMA LTD.,17.98,18.68,17.8,18.02,18.13,18.03,,17.99,,,106400,1934187.0,927,F1,1,,,,,,2025-03-27
2025-03-27,2025-03-27,CM,BSE,STK,514300,INE156C01018,PIONEEREMB,B,,,,,PIONEER EMBROIDERIES LTD.,40.0,40.24,38.25,38.52,38.5,40.09,,38.66,,,2359,92529.0,163,F1,1,,,,,,2025-03-27
2025-03-27,2025-03-27,CM,BSE,STK,514302,INE660D01017,VIPPYSP,X,,,,,VIPPY SPINPRO LTD.,173.5,173.5,163.9,166.25,169.0,170.6,,166.25,,,905,150126.0,42,F1,1,,,,,,2025-03-27
2025-03-27,2025-03-27,CM,BSE,STK,514312,INE156E01014,JAIHINDS,X,,,,,JAIHIND SYNTHETICS LTD.,55.21,57.71,55.21,57.71,57.71,54.97,,57.71,,,9202,529555.0,60,F1,1,,,,,,2025-03-27
2025-03-27,2025-03-27,CM,BSE,STK,514316,INE969C01022,RAGHUSYN,X,,,,,RAGHUVIR SYNTHETICS LTD.,123.0,123.0,117.45,118.85,122.95,123.0,,118.85,,,7966,955287.0,58,F1,1,,,,,,2025-03-27
2025-03-27,2025-03-27,CM,BSE,STK,514318,INE722N01014,JATTAINDUS,XT,,,,,JATTASHANKAR INDUSTIES LTD.,191.55,195.4,190.0,190.1,190.1,186.1,,190.1,,,569,110355.0,19,F1,1,,,,,,2025-03-27
2025-03-27,2025-03-27,CM,BSE,STK,514322,INE535C01013,KAMADGIRI,X,,,,,KAMADGIRI FASHION LTD.,82.6,82.6,82.0,82.41,82.5,81.56,,82.41,,,38,3131.0,4,F1,1,,,,,,2025-03-27
2025-03-27,2025-03-27,CM,BSE,STK,514324,INE814D01010,OMNITEX,X,,,,,OMNITEX INDUSTRIES (INDIA) LTD,301.25,307.6,286.45,304.9,304.9,301.2,,304.9,,,805,241257.0,18,F1,1,,,,,,2025-03-27
2025-03-27,2025-03-27,CM,BSE,STK,514326,INE790C01014,PATSPINLTD,X,,,,,PATSPIN INDIA LTD.,9.5,9.68,9.0,9.11,9.25,9.46,,9.11,,,27396,254076.0,95,F1,1,,,,,,2025-03-27
2025-03-27,2025-03-27,CM,BSE,STK,514330,INE670O01013,ONEGLOBAL,XT,,,,,ONE GLOBAL SERVICE PROVIDER LI,374.9,374.9,343.85,352.3,350.0,361.9,,352.3,,,15581,5575596.0,383,F1,1,,,,,,2025-03-27
2025-03-27,2025-03-27,CM,BSE,STK,514332,INE216I01017,NEOINFRA,XT,,,,,NEO INFRACON LTD.,26.0,26.0,25.99,26.0,26.0,25.0,,26.0,,,202,5251.0,3,F1,1,,,,,,2025-03-27
2025-03-27,2025-03-27,CM,BSE,STK,514348,INE784B01035,WINSOME,Z,,,,,WINSOME YARNS LTD.,1.71,1.75,1.69,1.69,1.7,1.72,,1.69,,,4617,7837.0,19,F1,1,,,,,,2025-03-27
2025-03-27,2025-03-27,CM,BSE,STK,514354,INE309M01020,PREMIERPOL,B,,,,,PREMIER POLYFILM LTD.,62.08,62.86,61.0,61.96,62.0,62.83,,61.87,,,7706,477082.0,317,F1,1,,,,,,2025-03-27
2025-03-27,2025-03-27,CM,BSE,STK,514358,INE339D01034,EVERFIN,X,,,,,EVERLON FINANCIALS LIMITED,108.05,124.7,108.0,110.7,124.0,108.05,,110.7,,,1665,191651.0,34,F1,1,,,,,,2025-03-27
2025-03-27,2025-03-27,CM,BSE,STK,514360,INE078T01026,KRRAIL,XT,,,,,K&R RAIL ENGINEERING LIMITED,164.0,172.0,161.5,167.75,167.75,170.0,,167.75,,,142273,23604454.0,1099,F1,1,,,,,,2025-03-27
2025-03-27,2025-03-27,CM,BSE,STK,514378,INE564C01013,YARNSYN,X,,,,,YARN SYNDICATE LTD.,26.03,26.03,26.03,26.03,26.03,27.4,,26.03,,,3711,96597.0,118,F1,1,,,,,,2025-03-27
2025-03-27,2025-03-27,CM,BSE,STK,514386,INE004C01028,GUJCOTEX,X,,,,,GUJARAT COTEX LTD.,13.5,13.67,12.81,13.32,13.37,13.41,,13.32,,,28643,378733.0,248,F1,1,,,,,,2025-03-27
2025-03-27,2025-03-27,CM,BSE,STK,514400,INE340D01016,GARWSYN,XT,,,,,GARWARE SYNTHETICS LTD.,27.9,27.9,27.9,27.9,27.9,27.93,,27.9,,,4,111.0,2,F1,1,,,,,,2025-03-27
2025-03-27,2025-03-27,CM,BSE,STK,514402,INE638N01012,ECOHOTELS,XT,,,,,ECO HOTELS AND RESORTS LIMITED,17.49,17.49,15.83,15.83,15.83,16.66,,15.83,,,119251,1924857.0,174,F1,1,,,,,,2025-03-27
2025-03-27,2025-03-27,CM,BSE,STK,514418,INE370D01013,MANORG,B,,,,,MANGALAM ORGANICS LIMITED,382.0,382.0,362.9,365.7,370.0,382.0,,366.15,,,1025,378648.0,159,F1,1,,,,,,2025-03-27
2025-03-27,2025-03-27,CM,BSE,STK,514428,INE074C01013,HINDADH,X,,,,,HINDUSTAN ADHESIVES LTD.,352.7,354.7,343.5,345.25,349.75,348.05,,345.25,,,1194,414899.0,46,F1,1,,,,,,2025-03-27
2025-03-27,2025-03-27,CM,BSE,STK,514442,INE009C01019,SRIKPRIND,X,,,,,SRI KPR INDUSTRIES LTD.,26.24,26.24,23.15,23.41,23.41,25.69,,23.41,,,51410,1203902.0,217,F1,1,,,,,,2025-03-27
2025-03-27,2025-03-27,CM,BSE,STK,514446,INE345D01031,LSIND,B,,,,,LS INDUSTRIES LTD.,44.07,45.48,41.16,41.16,41.16,43.32,,41.16,,,10865,451103.0,130,F1,1,,,,,,2025-03-27
2025-03-27,2025-03-27,CM,BSE,STK,514448,INE577D01013,JYOTIRES,B,,,,,JYOTI RESINS & ADHESIVES LTD.,1252.0,1258.0,1231.0,1244.3,1239.0,1262.75,,1244.3,,,15695,19498155.0,924,F1,1,,,,,,2025-03-27
2025-03-27,2025-03-27,CM,BSE,STK,514450,INE112D01035,MHLXMIRU,B,,,,,MAHALAXMI RUBTECH LTD.,224.5,224.5,207.3,213.95,213.95,217.75,,213.55,,,1268,267220.0,29,F1,1,,,,,,2025-03-27
2025-03-27,2025-03-27,CM,BSE,STK,514454,INE410M01018,SOUTLAT,XT,,,,,SOUTHERN LATEX LTD.,20.5,20.5,20.5,20.5,20.5,20.5,,20.5,,,358381,7346810.0,9,F1,1,,,,,,2025-03-27
2025-03-27,2025-03-27,CM,BSE,STK,514460,INE670H01017,OSWAYRN,XT,,,,,OSWAL YARNS LTD.,30.85,30.85,30.85,30.85,30.85,31.47,,30.85,,,10,308.0,1,F1,1,,,,,,2025-03-27
2025-03-27,2025-03-27,CM,BSE,STK,514470,INE837B01031,WINSOMTX,B,,,,,WINSOME TEXTILE INDUSTRIES LTD,89.0,96.6,89.0,89.47,89.2,93.0,,89.47,,,12927,1178681.0,150,F1,1,,,,,,2025-03-27
2025-03-27,2025-03-27,CM,BSE,STK,515008,INE219W01012,MODINSU,X,,,,,MODERN INSULATORS LTD.,100.9,101.3,97.12,99.0,99.68,100.99,,99.0,,,51360,5085322.0,328,F1,1,,,,,,2025-03-27
2025-03-27,2025-03-27,CM,BSE,STK,515018,INE277C01012,REGENCERAM,B,,,,,REGENCY CERAMICS LTD.,46.3,46.6,45.72,45.72,45.72,46.52,,45.0,,,1402,64879.0,19,F1,1,,,,,,2025-03-27
2025-03-27,2025-03-27,CM,BSE,STK,515030,INE439A01020,ASAHIINDIA,A,,,,,ASAHI INDIA GLASS LTD.,609.8,613.35,599.05,601.45,601.45,613.3,,602.05,,,117109,70475303.0,750,F1,1,,,,,,2025-03-27
2025-03-27,2025-03-27,CM,BSE,STK,515037,INE692B01014,MURUDCERA,B,,,,,MURUDESHWAR CERAMICS LTD.,33.65,33.65,31.56,31.95,31.95,33.33,,32.03,,,56791,1834617.0,402,F1,1,,,,,,2025-03-27
2025-03-27,2025-03-27,CM,BSE,STK,515043,INE068B01017,SAINTGOBAIN,B,,,,,SAINT-GOBAIN SEKURIT INDIA LTD,101.1,104.75,101.0,103.6,103.6,102.3,,103.6,,,98001,10147014.0,762,F1,1,,,,,,2025-03-27
2025-03-27,2025-03-27,CM,BSE,STK,515055,INE242C01024,ANANTRAJ,A,,,,,ANANT RAJ LIMITED,497.05,515.55,487.0,508.0,508.0,498.35,,509.75,,,234473,116545477.0,7360,F1,1,,,,,,2025-03-27
2025-03-27,2025-03-27,CM,BSE,STK,515059,INE469C01023,MADHUDIN,X,,,,,MADHUSUDAN INDUSTRIES LTD.,45.88,45.88,38.6,39.24,38.6,40.55,,39.24,,,4648,183561.0,50,F1,1,,,,,,2025-03-27
2025-03-27,2025-03-27,CM,BSE,STK,515085,INE298E01022,RESTILE,X,,,,,RESTILE CERAMICS LTD.,5.32,5.69,5.32,5.59,5.36,5.69,,5.59,,,6326,34155.0,37,F1,1,,,,,,2025-03-27
2025-03-27,2025-03-27,CM,BSE,STK,515093,INE925C01016,MADHAV,B,,,,,MADHAV MARBLES & GRANITES LTD.,43.99,43.99,40.4,40.62,41.0,41.1,,40.95,,,6566,268683.0,93,F1,1,,,,,,2025-03-27
2025-03-27,2025-03-27,CM,BSE,STK,515127,INE650D01026,RAMASIGNS,X,,,,,Ramasigns Industries Limited,2.25,2.36,2.25,2.36,2.36,2.25,,2.36,,,47142,106351.0,20,F1,1,,,,,,2025-03-27
2025-03-27,2025-03-27,CM,BSE,STK,515147,INE506D01020,HALDYNGL,X,,,,,HALDYN GLASS LTD,93.8,96.9,90.4,91.74,91.74,93.88,,91.74,,,74100,6919784.0,562,F1,1,,,,,,2025-03-27
2025-03-27,2025-03-27,CM,BSE,STK,516003,INE932D01010,DUROPLY,X,,,,,DUROPLY INDUSTRIES LIMITED,183.5,186.95,179.95,184.45,184.5,180.05,,184.45,,,20628,3799369.0,72,F1,1,,,,,,2025-03-27
2025-03-27,2025-03-27,CM,BSE,STK,516016,INE231C01019,SHREYANIND,B,,,,,SHREYANS INDUSTRIES LTD.,169.0,177.85,166.15,167.35,167.3,167.85,,167.65,,,5123,867536.0,184,F1,1,,,,,,2025-03-27
2025-03-27,2025-03-27,CM,BSE,STK,516020,INE112C01011,AGIOPAPER,X,,,,,AGIO PAPER & INDUSTRIES LTD.,4.02,4.3,3.9,4.3,4.3,4.1,,4.3,,,2795,11107.0,15,F1,1,,,,,,2025-03-27
2025-03-27,2025-03-27,CM,BSE,STK,516022,INE733A01018,STARPAPER,B,,,,,STAR PAPER MILLS LTD.,160.15,160.7,154.0,156.05,157.95,161.4,,156.4,,,6261,979740.0,219,F1,1,,,,,,2025-03-27
2025-03-27,2025-03-27,CM,BSE,STK,516030,INE551D01018,PAKKA,B,,,,,PAKKA LIMITED,169.0,176.45,165.0,168.85,168.85,171.55,,169.2,,,58882,9982962.0,1755,F1,1,,,,,,2025-03-27
2025-03-27,2025-03-27,CM,BSE,STK,516032,INE385D01029,TAHMARENT,XT,,,,,TAHMAR ENTERPRISES LIMITED,11.59,11.59,11.59,11.59,11.59,11.82,,11.59,,,1549,17952.0,11,F1,1,,,,,,2025-03-27
2025-03-27,2025-03-27,CM,BSE,STK,516062,INE497C01016,NATPLY,Z,,,,,NATIONAL PLYWOOD INDUSTRIES LT,4.9,4.9,4.9,4.9,4.9,5.15,,4.9,,,2010,9849.0,2,F1,1,,,,,,2025-03-27
2025-03-27,2025-03-27,CM,BSE,STK,516064,INE570D01018,ARROWGREEN,T,,,,,Arrow Greentech Limited,529.6,545.0,512.5,527.85,526.0,529.6,,520.8,,,2204,1157333.0,72,F1,1,,,,,,2025-03-27
2025-03-27,2025-03-27,CM,BSE,STK,516072,INE270I01022,VISHNU,B,,,,,VISHNU CHEMICALS LTD.,453.0,463.5,450.5,460.65,457.5,452.95,,461.05,,,10026,4600310.0,787,F1,1,,,,,,2025-03-27
2025-03-27,2025-03-27,CM,BSE,STK,516078,INE699D01015,JUMBO,X,,,,,JUMBO BAG LTD.,61.6,69.9,61.6,66.73,65.0,66.54,,66.73,,,6312,417669.0,66,F1,1,,,,,,2025-03-27
2025-03-27,2025-03-27,CM,BSE,STK,516082,INE740D01017,NRAIL,B,,,,,N.R.AGARWAL INDUSTRIES LTD.,222.95,232.0,215.15,225.95,219.25,220.7,,226.55,,,11559,2590758.0,383,F1,1,,,,,,2025-03-27
2025-03-27,2025-03-27,CM,BSE,STK,516092,INE105C01023,3PLAND,B,,,,,3P LAND HOLDINGS LTD.,39.45,39.45,38.57,38.57,38.57,40.6,,38.06,,,1574,60854.0,45,F1,1,,,,,,2025-03-27
2025-03-27,2025-03-27,CM,BSE,STK,516096,INE384D01022,SANPA,X,,,,,SANGAL PAPERS LTD.,183.05,183.05,171.0,182.1,182.1,183.05,,182.1,,,1154,207440.0,27,F1,1,,,,,,2025-03-27
2025-03-27,2025-03-27,CM,BSE,STK,516098,INE810C01044,VENTURA,X,,,,,VENTURA TEXTILES LTD.,13.84,13.84,13.5,13.82,13.61,13.22,,13.82,,,4808,65676.0,61,F1,1,,,,,,2025-03-27
2025-03-27,2025-03-27,CM,BSE,STK,516106,INE538D01015,SHKARTP,X,,,,,SHREE KARTHIK PAPERS LTD.,8.65,8.91,8.1,8.84,8.26,8.48,,8.84,,,5224,45255.0,48,F1,1,,,,,,2025-03-27
2025-03-27,2025-03-27,CM,BSE,STK,516108,INE088G01014,STHINPA,X,,,,,SOUTH INDIA PAPER MILLS LTD.,77.94,80.5,77.94,79.02,79.02,77.91,,79.02,,,8989,708586.0,45,F1,1,,,,,,2025-03-27
2025-03-27,2025-03-27,CM,BSE,STK,516110,INE146N01016,FAMILYCARE,X,,,,,FAMILY CARE HOSPITALS LIMITED,4.09,4.34,3.83,3.94,3.95,4.23,,3.94,,,667728,2667411.0,702,F1,1,,,,,,2025-03-27
2025-03-27,2025-03-27,CM,BSE,STK,517015,INE707A01012,VINDHYATEL,B,,,,,VINDHYA TELELINKS LTD.,1290.0,1315.0,1272.2,1301.4,1301.4,1287.4,,1301.9,,,12241,15849943.0,1261,F1,1,,,,,,2025-03-27
2025-03-27,2025-03-27,CM,BSE,STK,517035,INE302D01016,RIR,B,,,,,RIR POWER ELECTRONICS LIMITED,2200.0,2320.0,2155.05,2284.85,2284.85,2211.9,,2284.85,,,19111,43141486.0,1697,F1,1,,,,,,2025-03-27
2025-03-27,2025-03-27,CM,BSE,STK,517041,INE045A01017,ADORWELD,B,,,,,ADOR WELDING LTD.,838.05,860.9,831.75,835.9,835.9,856.7,,837.2,,,3565,3011079.0,515,F1,1,,,,,,2025-03-27
2025-03-27,2025-03-27,CM,BSE,STK,517044,INE649R01010,IDM,XT,,,,,INTERNATIONAL DATA MANAGEMENT,27.64,27.64,26.26,26.26,26.26,27.64,,26.26,,,1312,34876.0,4,F1,1,,,,,,2025-03-27
2025-03-27,2025-03-27,CM,BSE,STK,517059,INE457F01013,SALZERELEC,B,,,,,SALZER ELECTRONICS LTD.,1084.0,1095.2,1062.0,1083.05,1094.0,1079.65,,1084.75,,,7958,8598966.0,779,F1,1,,,,,,2025-03-27
2025-03-27,2025-03-27,CM,BSE,STK,517063,INE919C01019,JETKINGQ,XT,,,,,JETKING INFOTRAIN LTD.,82.53,82.53,82.53,82.53,82.53,78.6,,82.53,,,2638,217714.0,17,F1,1,,,,,,2025-03-27
2025-03-27,2025-03-27,CM,BSE,STK,517096,INE273A01015,APLAB,X,,,,,APLAB LTD.,54.18,54.18,50.11,50.86,50.52,52.02,,50.86,,,18920,977407.0,135,F1,1,,,,,,2025-03-27
2025-03-27,2025-03-27,CM,BSE,STK,517119,INE834B01012,PCS,X,,,,,PCS TECHNOLOGY LTD.,28.62,29.49,28.56,28.62,28.62,28.62,,28.62,,,987,28755.0,26,F1,1,,,,,,2025-03-27
2025-03-27,2025-03-27,CM,BSE,STK,517146,INE228A01035,USHAMART,A,,,,,USHA MARTIN LTD.,347.95,350.5,336.35,342.0,339.65,347.25,,341.35,,,47894,16458820.0,1644,F1,1,,,,,,2025-03-27
2025-03-27,2025-03-27,CM,BSE,STK,517166,INE252A01019,SPELS,X,,,,,SPEL SEMICONDUCTOR LTD.,125.8,131.0,123.15,124.1,125.35,125.55,,124.1,,,67485,8545047.0,1081,F1,1,,,,,,2025-03-27
2025-03-27,2025-03-27,CM,BSE,STK,517168,INE287B01021,SUBROS,B,,,,,SUBROS LTD.,570.95,575.4,560.1,561.55,560.1,570.9,,561.95,,,6087,3459071.0,541,F1,1,,,,,,2025-03-27
2025-03-27,2025-03-27,CM,BSE,STK,517170,INE125G01014,EDVENSWA,X,,,,,Edvenswa Enterprises Limited,49.9,49.9,46.0,46.48,46.64,46.55,,46.48,,,181297,8723211.0,302,F1,1,,,,,,2025-03-27
2025-03-27,2025-03-27,CM,BSE,STK,517174,INE671A01010,HONAUT,A,,,,,HONEYWELL AUTOMATION INDIA LTD,33999.55,34100.0,33401.05,33861.25,34000.0,33643.35,,33815.75,,,332,11193073.0,190,F1,1,,,,,,2025-03-27
2025-03-27,2025-03-27,CM,BSE,STK,517201,INE311D01017,SWITCHTE,XT,,,,,SWITCHING TECHNOLOGIES GUNTHER,64.26,64.26,58.14,61.0,61.0,61.2,,61.0,,,935,57024.0,11,F1,1,,,,,,2025-03-27
2025-03-27,2025-03-27,CM,BSE,STK,517206,INE162B01018,LUMAXIND,B,,,,,LUMAX INDUSTRIES LTD.,2481.05,2590.0,2481.05,2571.75,2590.0,2558.85,,2570.0,,,469,1195709.0,137,F1,1,,,,,,2025-03-27
2025-03-27,2025-03-27,CM,BSE,STK,517214,INE927C01020,DIGISPICE,B,,,,,DIGISPICE TECHNOLOGIES LIMITED,19.23,19.34,18.1,18.34,18.15,19.01,,18.25,,,71057,1324811.0,555,F1,1,,,,,,2025-03-27
2025-03-27,2025-03-27,CM,BSE,STK,517236,INE216C01010,CALCOM,X,,,,,CALCOM VISION LTD.,75.2,79.39,72.99,75.34,75.34,78.3,,75.34,,,50214,3730033.0,310,F1,1,,,,,,2025-03-27
2025-03-27,2025-03-27,CM,BSE,STK,517238,INE083E01010,DYNAVSN,X,,,,,DYNAVISION LTD.,264.05,264.3,263.15,263.95,263.35,277.0,,263.95,,,375,98989.0,10,F1,1,,,,,,2025-03-27
2025-03-27,2025-03-27,CM,BSE,STK,517246,INE788D01016,BCCFUBA,XT,,,,,BCC FUBA INDIA LTD.,102.9,107.9,97.85,101.6,103.4,103.0,,101.6,,,30155,3019062.0,202,F1,1,,,,,,2025-03-27
2025-03-27,2025-03-27,CM,BSE,STK,517258,INE143C01024,PRECISIO,X,,,,,PRECISION ELECTRONICS LTD.,106.5,108.49,104.51,104.79,104.51,110.01,,104.79,,,907,95414.0,18,F1,1,,,,,,2025-03-27
2025-03-27,2025-03-27,CM,BSE,STK,517271,INE292B01021,HBLENGINE,A,,,,,HBL ENGINEERING LIMITED,462.8,474.3,454.65,465.65,465.65,460.0,,465.45,,,188781,87744405.0,4304,F1,1,,,,,,2025-03-27
2025-03-27,2025-03-27,CM,BSE,STK,517273,INE902B01017,S&SPOWER,B,,,,,S&S POWER SWITCHGEAR LTD.,382.55,382.55,382.55,382.55,382.55,364.35,,394.1,,,413,157993.0,10,F1,1,,,,,,2025-03-27
2025-03-27,2025-03-27,CM,BSE,STK,517288,INE541F01022,GUJARATPOLY,X,,,,,Gujarat Poly Electronics Limit,81.0,83.8,81.0,81.82,81.45,81.0,,81.82,,,22451,1847590.0,94,F1,1,,,,,,2025-03-27
2025-03-27,2025-03-27,CM,BSE,STK,517300,INE162A01010,GIPCL,B,,,,,GUJARAT INDUSTRIES POWER CO.LT,180.6,182.35,174.0,180.8,180.8,176.25,,180.45,,,56768,10228973.0,921,F1,1,,,,,,2025-03-27
2025-03-27,2025-03-27,CM,BSE,STK,517334,INE775A01035,MOTHERSON,A,,,,,Samvardhana Motherson Internat,130.4,132.9,124.75,132.0,132.0,135.0,,131.9,,,1940131,250564923.0,17382,F1,1,,,,,,2025-03-27
2025-03-27,2025-03-27,CM,BSE,STK,517344,INE110B01017,MINDTECK,B,,,,,MINDTECK (INDIA) LTD.,169.3,176.25,168.35,173.35,173.35,169.3,,173.2,,,18585,3180915.0,1037,F1,1,,,,,,2025-03-27
2025-03-27,2025-03-27,CM,BSE,STK,517354,INE176B01034,HAVELLS,A,,,,,HAVELLS INDIA LTD.,1493.0,1525.05,1480.0,1515.6,1515.6,1493.5,,1515.35,,,37543,56531613.0,3843,F1,1,,,,,,2025-03-27
2025-03-27,2025-03-27,CM,BSE,STK,517356,INE167B01025,ACIIN,X,,,,,ACI INFOCOM LTD.,2.09,2.16,2.02,2.1,2.11,2.11,,2.1,,,87731,184996.0,188,F1,1,,,,,,2025-03-27
2025-03-27,2025-03-27,CM,BSE,STK,517360,INE689V01018,SBECSYS,XT,,,,,SBEC SYSTEMS (INDIA) LTD.,16.74,17.5,16.3,16.74,17.5,16.93,,16.74,,,1089,18186.0,46,F1,1,,,,,,2025-03-27
2025-03-27,2025-03-27,CM,BSE,STK,517370,INE437C01012,INCAP,X,,,,,INCAP LTD.,101.8,101.8,93.8,93.8,93.8,98.7,,93.8,,,656,61758.0,26,F1,1,,,,,,2025-03-27
2025-03-27,2025-03-27,CM,BSE,STK,517372,INE877E01015,GUJINTRX,X,,,,,GUJARAT INTRUX LTD.,419.0,430.0,404.05,424.7,422.85,413.35,,424.7,,,1979,837069.0,79,F1,1,,,,,,2025-03-27
2025-03-27,2025-03-27,CM,BSE,STK,517380,INE188B01013,IGARASHI,B,,,,,IGARASHI MOTORS INDIA LTD.,513.9,527.4,495.0,505.3,509.0,493.55,,502.05,,,14819,7541311.0,1025,F1,1,,,,,,2025-03-27
2025-03-27,2025-03-27,CM,BSE,STK,517385,INE225D01027,SYMPHONY,A,,,,,SYMPHONY LIMITED,1135.35,1163.0,1126.0,1150.9,1150.9,1139.1,,1154.45,,,5224,5981188.0,611,F1,1,,,,,,2025-03-27
2025-03-27,2025-03-27,CM,BSE,STK,517393,INE043B01028,VINTRON,X,,,,,VINTRON INFORMATICS LTD.,21.3,21.3,20.55,20.55,20.55,21.63,,20.55,,,223344,4598539.0,725,F1,1,,,,,,2025-03-27
2025-03-27,2025-03-27,CM,BSE,STK,517397,INE648E01010,PANELEC,XT,,,,,PAN ELECTRONICS INDIA LTD.,66.92,66.92,66.92,66.92,66.92,68.28,,66.92,,,111,7428.0,3,F1,1,,,,,,2025-03-27
2025-03-27,2025-03-27,CM,BSE,STK,517399,INE756A01019,VXLINSTR,XT,,,,,VXL INSTRUMENTS LTD.,4.24,4.41,4.24,4.41,4.41,4.2,,4.41,,,33604,148071.0,20,F1,1,,,,,,2025-03-27
2025-03-27,2025-03-27,CM,BSE,STK,517415,INE791B01014,LEENEE,X,,,,,LEE & NEE SOFTWARES (EXPORTS),9.13,9.2,7.79,8.5,8.5,8.9,,8.5,,,139001,1214005.0,191,F1,1,,,,,,2025-03-27
2025-03-27,2025-03-27,CM,BSE,STK,517417,INE082C01024,PATELSAI,X,,,,,PATELS AIRTEMP (INDIA) LTD.,496.75,504.6,475.0,483.65,483.65,496.75,,483.65,,,8847,4323094.0,252,F1,1,,,,,,2025-03-27
2025-03-27,2025-03-27,CM,BSE,STK,517421,INE295F01017,BUTTERFLY,B,,,,,BUTTERFLY GANDHIMATHI APPLIANC,594.75,596.75,587.9,592.9,592.9,591.25,,594.7,,,239,141669.0,20,F1,1,,,,,,2025-03-27
2025-03-27,2025-03-27,CM,BSE,STK,517423,INE0IPL01018,INTEGSW,X,,,,,INTEGRA SWITCHGEAR LTD.,143.1,157.5,143.1,150.0,150.05,150.0,,150.0,,,831,130040.0,31,F1,1,,,,,,2025-03-27
2025-03-27,2025-03-27,CM,BSE,STK,517429,INE576B01019,ATHENAGLO,X,,,,,Athena Global Technologies Lim,86.88,92.35,85.0,90.49,90.5,83.78,,90.49,,,14363,1271369.0,166,F1,1,,,,,,2025-03-27
2025-03-27,2025-03-27,CM,BSE,STK,517431,INE060D01010,NARMP,XT,,,,,NARMADA MACPLAST DRIP IRRIGATI,147.9,147.9,137.75,137.75,137.75,145.0,,137.75,,,28479,4059154.0,149,F1,1,,,,,,2025-03-27
2025-03-27,2025-03-27,CM,BSE,STK,517437,INE940C01015,DUTRON,X,,,,,DUTRON POLYMERS LTD.,121.0,121.0,116.45,116.6,117.0,116.4,,116.6,,,480,55991.0,6,F1,1,,,,,,2025-03-27
2025-03-27,2025-03-27,CM,BSE,STK,517447,INE165B01029,RSSOFTWARE,T,,,,,R.S.SOFTWARE INDIA LTD.,69.73,69.73,69.73,69.73,69.73,71.15,,69.73,,,3503,244264.0,28,F1,1,,,,,,2025-03-27
2025-03-27,2025-03-27,CM,BSE,STK,517449,INE437D01010,MAGNAELQ,X,,,,,MAGNA ELECTRO CASTINGS LTD.,934.0,934.0,875.0,885.5,897.0,898.2,,885.5,,,1349,1207407.0,30,F1,1,,,,,,2025-03-27
2025-03-27,2025-03-27,CM,BSE,STK,517467,INE415B01044,MARSONS,Z,,,,,MARSONS LIMITED,203.0,203.0,184.05,194.15,194.15,193.7,,194.15,,,262429,50969591.0,945,F1,1,,,,,,2025-03-27
2025-03-27,2025-03-27,CM,BSE,STK,517477,INE033C01019,ELNET,X,,,,,ELNET TECHNOLOGIES LTD.,375.0,375.0,355.05,361.6,360.55,357.85,,361.6,,,2130,771926.0,75,F1,1,,,,,,2025-03-27
2025-03-27,2025-03-27,CM,BSE,STK,517494,INE258C01038,ACCEL,X,,,,,ACCEL LIMITED,15.78,16.4,14.32,14.62,14.62,15.79,,14.62,,,66100,1002278.0,286,F1,1,,,,,,2025-03-27
2025-03-27,2025-03-27,CM,BSE,STK,517498,INE855C01015,WEBELSOLAR,B,,,,,WEBSOL ENERGY SYSTEM LTD.,1110.0,1138.4,1040.75,1138.4,1138.4,1084.2,,1137.35,,,124934,136939787.0,4855,F1,1,,,,,,2025-03-27
2025-03-27,2025-03-27,CM,BSE,STK,517500,INE535D01037,ROTO,B,,,,,ROTO PUMPS LTD.,215.0,217.5,210.0,211.35,211.7,212.05,,211.95,,,7892,1679798.0,301,F1,1,,,,,,2025-03-27
2025-03-27,2025-03-27,CM,BSE,STK,517506,INE690A01028,TTKPRESTIG,A,,,,,TTK PRESTIGE LTD.,601.4,612.15,596.9,602.0,602.0,606.35,,601.7,,,3935,2376844.0,396,F1,1,,,,,,2025-03-27
2025-03-27,2025-03-27,CM,BSE,STK,517514,INE589D01018,DHINDIA,X,,,,,D&H INDIA LTD,214.0,217.2,205.55,207.45,207.95,216.05,,207.45,,,4730,992287.0,83,F1,1,,,,,,2025-03-27
2025-03-27,2025-03-27,CM,BSE,STK,517522,INE451D01029,RAJRATAN,B,,,,,RAJRATAN GLOBAL WIRE LTD.,309.0,309.0,295.65,297.25,297.6,304.35,,296.75,,,6050,1810307.0,392,F1,1,,,,,,2025-03-27
2025-03-27,2025-03-27,CM,BSE,STK,517530,INE130B01031,SURANAT&P,B,,,,,SURANA TELECOM AND POWER LIMIT,19.37,19.6,18.98,19.11,19.11,19.37,,19.19,,,18443,353774.0,202,F1,1,,,,,,2025-03-27
2025-03-27,2025-03-27,CM,BSE,STK,517536,INE229A01017,ONWARDTEC,B,,,,,ONWARD TECHNOLOGIES LTD.,276.35,278.05,258.05,260.4,260.35,277.3,,260.0,,,18598,4927688.0,1058,F1,1,,,,,,2025-03-27
2025-03-27,2025-03-27,CM,BSE,STK,517544,INE320B01020,CENTUM,B,,,,,CENTUM ELECTRONICS LTD.,1575.4,1700.0,1575.0,1594.7,1596.0,1624.65,,1593.95,,,2294,3707654.0,289,F1,1,,,,,,2025-03-27
2025-03-27,2025-03-27,CM,BSE,STK,517546,INE209C01015,ALFATRAN,X,,,,,ALFA TRANSFORMERS LTD.,69.57,69.57,64.5,64.89,65.0,66.42,,64.89,,,29033,1906323.0,387,F1,1,,,,,,2025-03-27
2025-03-27,2025-03-27,CM,BSE,STK,517554,INE141C01036,NHCFOODS,XT,,,,,NHC FOODS LTD.,0.97,0.97,0.97,0.97,0.97,0.98,,0.97,,,296388,287496.0,232,F1,1,,,,,,2025-03-27
2025-03-27,2025-03-27,CM,BSE,STK,517556,INE362A01016,PVP,B,,,,,PVP VENTURES LTD.,20.69,23.14,20.69,22.16,22.19,22.75,,22.12,,,45615,1028881.0,513,F1,1,,,,,,2025-03-27
2025-03-27,2025-03-27,CM,BSE,STK,517562,INE948A01012,TRIGYN,B,,,,,TRIGYN TECHNOLOGIES LTD.,72.98,73.95,70.25,70.91,70.6,72.53,,70.8,,,47570,3408215.0,2122,F1,1,,,,,,2025-03-27
2025-03-27,2025-03-27,CM,BSE,STK,517569,INE878B01027,KEI,A,,,,,KEI INDUSTRIES LTD.,2822.05,2895.0,2805.9,2883.5,2883.5,2820.6,,2883.25,,,46776,134135864.0,5930,F1,1,,,,,,2025-03-27
2025-03-27,2025-03-27,CM,BSE,STK,518011,INE145L01012,KEERTHI,X,,,,,KEERTHI INDUSTRIES LTD.,71.6,72.0,67.6,72.0,72.0,71.68,,72.0,,,833,57079.0,18,F1,1,,,,,,2025-03-27
2025-03-27,2025-03-27,CM,BSE,STK,518053,INE827D01020,SRICC,XT,,,,,Sri Chakra Cement Limited,14.66,14.66,14.66,14.66,14.66,14.38,,14.66,,,250,3665.0,2,F1,1,,,,,,2025-03-27
2025-03-27,2025-03-27,CM,BSE,STK,518075,INE069E01019,SURAJ,Z,,,,,SURAJ PRODUCTS LTD.,418.55,459.95,418.55,437.0,437.0,440.5,,437.0,,,638,274940.0,53,F1,1,,,,,,2025-03-27
2025-03-27,2025-03-27,CM,BSE,STK,518091,INE071F01012,APCL,B,,,,,ANJANI PORTLAND CEMENT LTD.,101.0,104.4,99.5,102.7,102.9,99.75,,103.25,,,6312,646065.0,490,F1,1,,,,,,2025-03-27
2025-03-27,2025-03-27,CM,BSE,STK,519003,INE537F01012,MODINATUR,X,,,,,MODI NATURALS LIMITED,355.5,355.5,337.0,341.15,341.05,351.3,,341.15,,,12914,4416786.0,101,F1,1,,,,,,2025-03-27
2025-03-27,2025-03-27,CM,BSE,STK,519014,INE100E01012,PRSNTIN,XT,,,,,PRASHANT INDIA LTD.,12.92,12.92,12.92,12.92,12.92,13.59,,12.92,,,52,671.0,2,F1,1,,,,,,2025-03-27
2025-03-27,2025-03-27,CM,BSE,STK,519031,INE455D01012,SHAHFOOD,X,,,,,SHAH FOODS LTD.,112.0,123.7,112.0,123.7,123.7,117.85,,123.7,,,756,87889.0,11,F1,1,,,,,,2025-03-27
2025-03-27,2025-03-27,CM,BSE,STK,519064,INE687W01010,ZKHANDEN,X,,,,,KHANDELWAL EXTRACTION LTD.,80.0,87.85,76.1,80.3,84.5,83.77,,80.3,,,226,18088.0,7,F1,1,,,,,,2025-03-27
2025-03-27,2025-03-27,CM,BSE,STK,519091,INE488B01017,TASTYBITE,B,,,,,TASTY BITE EATABLES LTD.,8471.8,8548.65,8310.15,8345.65,8345.65,8471.8,,8334.35,,,704,5925000.0,303,F1,1,,,,,,2025-03-27
2025-03-27,2025-03-27,CM,BSE,STK,519097,INE534D01014,RITESHIN,X,,,,,RITESH INTERNATIONAL LTD.,28.62,29.24,27.21,28.04,27.57,28.57,,28.04,,,3753,103997.0,45,F1,1,,,,,,2025-03-27
2025-03-27,2025-03-27,CM,BSE,STK,519105,INE488D01021,AVTNPL,B,,,,,AVT NATURAL PRODUCTS LTD.,56.51,57.42,54.22,54.43,54.6,56.75,,54.51,,,19964,1113386.0,499,F1,1,,,,,,2025-03-27
2025-03-27,2025-03-27,CM,BSE,STK,519126,INE254N01026,HNDFDS,B,,,,,HINDUSTAN FOODS LTD.,547.25,555.0,528.6,549.4,550.0,551.75,,550.1,,,22793,12373415.0,1509,F1,1,,,,,,2025-03-27
2025-03-27,2025-03-27,CM,BSE,STK,519136,INE289A01011,NAHARINDUS,B,,,,,NAHAR INDUSTRIAL ENTERPRISES L,95.0,98.0,90.0,90.7,91.38,93.34,,90.74,,,20649,1894621.0,383,F1,1,,,,,,2025-03-27
2025-03-27,2025-03-27,CM,BSE,STK,519152,INE693D01018,VADILENT,X,,,,,VADILAL ENTERPRISES LTD.,10140.0,10250.0,9974.0,10208.9,10232.0,10140.0,,10208.9,,,834,8457953.0,15,F1,1,,,,,,2025-03-27
2025-03-27,2025-03-27,CM,BSE,STK,519156,INE694D01016,VADILALIND,B,,,,,VADILAL INDUSTRIES LTD.,4679.65,4798.85,4625.4,4652.5,4630.0,4614.8,,4641.8,,,3291,15502393.0,938,F1,1,,,,,,2025-03-27
2025-03-27,2025-03-27,CM,BSE,STK,519174,INE709D01012,ASHAI,X,,,,,ASHIANA AGRO INDUSTRIES LTD.,9.45,9.55,9.26,9.26,9.26,9.55,,9.26,,,2010,19092.0,4,F1,1,,,,,,2025-03-27
2025-03-27,2025-03-27,CM,BSE,STK,519183,INE982B01027,ADFFOODS,B,,,,,ADF FOODS LTD.,233.7,239.0,226.0,236.8,236.0,232.95,,236.8,,,41948,9784611.0,1993,F1,1,,,,,,2025-03-27
2025-03-27,2025-03-27,CM,BSE,STK,519191,INE601N01010,RGRL,X,,,,,Retro Green Revolution Limited,6.02,6.48,5.25,6.09,6.09,6.25,,6.09,,,71199,412963.0,229,F1,1,,,,,,2025-03-27
2025-03-27,2025-03-27,CM,BSE,STK,519214,INE188E01017,WILLIMFI,XT,,,,,WILLIAMSON FINANCIAL SERVICES,6.63,6.63,6.62,6.62,6.62,6.63,,6.62,,,522,3460.0,5,F1,1,,,,,,2025-03-27
2025-03-27,2025-03-27,CM,BSE,STK,519216,INE601B01023,AJANTSOY,X,,,,,AJANTA SOYA LTD.,43.64,44.7,43.64,43.86,43.86,43.64,,43.86,,,138161,6071313.0,296,F1,1,,,,,,2025-03-27
2025-03-27,2025-03-27,CM,BSE,STK,519224,INE210A01017,WILLAMAGOR,B,,,,,WILLIAMSON MAGOR & COMPANY LTD,27.5,30.34,26.8,27.9,27.9,27.57,,27.99,,,2926,84231.0,59,F1,1,,,,,,2025-03-27
2025-03-27,2025-03-27,CM,BSE,STK,519230,INE102C01020,KISAAN,XT,,,,,KISAAN PARIVAR INDUSTRIES LIMI,40.04,40.04,36.24,36.84,36.5,38.14,,36.84,,,2226,83836.0,43,F1,1,,,,,,2025-03-27
2025-03-27,2025-03-27,CM,BSE,STK,519234,INE843L01012,SIEL,X,,,,,SUPERIOR INDUSTRIAL ENTERPRISE,59.13,59.13,59.13,59.13,59.13,62.24,,59.13,,,807,47717.0,15,F1,1,,,,,,2025-03-27
2025-03-27,2025-03-27,CM,BSE,STK,519260,INE890C01046,SANWARIA,Z,,,,,SANWARIA CONSUMER LIMITED,0.49,0.49,0.49,0.49,0.49,0.49,,0.35,,,1160,568.0,19,F1,1,,,,,,2025-03-27
2025-03-27,2025-03-27,CM,BSE,STK,519262,INE297D01018,PRIMAGR,X,,,,,PRIMA AGRO LTD.,23.0,23.0,21.41,22.48,22.99,23.48,,22.48,,,48,1065.0,13,F1,1,,,,,,2025-03-27
2025-03-27,2025-03-27,CM,BSE,STK,519285,INE906C01016,TARAI,Z,,,,,TARAI FOODS LTD.,9.02,9.5,9.02,9.07,9.07,9.49,,9.07,,,2200,19961.0,20,F1,1,,,,,,2025-03-27
2025-03-27,2025-03-27,CM,BSE,STK,519287,INE617B01011,MODAIRY,X,,,,,MODERN DAIRIES LTD.,52.45,53.5,52.44,52.7,52.9,52.53,,52.7,,,23944,1265784.0,69,F1,1,,,,,,2025-03-27
2025-03-27,2025-03-27,CM,BSE,STK,519295,INE921D01013,BAMBINO,X,,,,,BAMBINO AGRO INDUSTRIES LTD.,332.0,332.0,316.15,316.5,324.45,322.05,,316.5,,,1329,428794.0,51,F1,1,,,,,,2025-03-27
2025-03-27,2025-03-27,CM,BSE,STK,519299,INE543F01028,PRIMIND,XT,,,,,PRIME INDUSTRIES LTD.,79.8,79.8,73.25,73.25,73.25,77.1,,73.25,,,434443,31908490.0,89,F1,1,,,,,,2025-03-27
2025-03-27,2025-03-27,CM,BSE,STK,519307,INE706A01022,VIKASWSP,Z,,,,,VIKAS WSP LTD.,1.38,1.39,1.33,1.33,1.33,1.39,,1.33,,,69404,92520.0,94,F1,1,,,,,,2025-03-27
2025-03-27,2025-03-27,CM,BSE,STK,519331,INE923K01014,VSFPROJ,X,,,,,VSF PROJECTS LTD.,46.96,46.96,45.0,46.73,46.78,44.02,,46.73,,,1352,61449.0,13,F1,1,,,,,,2025-03-27
2025-03-27,2025-03-27,CM,BSE,STK,519359,INE809E01018,POONADAL,X,,,,,POONA DAL & OIL INDUSTRIES LTD,63.5,63.54,63.5,63.54,63.54,64.8,,63.54,,,195,12386.0,4,F1,1,,,,,,2025-03-27
2025-03-27,2025-03-27,CM,BSE,STK,519383,INE087B01017,ANIKINDS,B,,,,,ANIK INDUSTRIES LTD.,103.89,116.84,103.89,116.76,116.74,106.22,,116.62,,,3861,445956.0,135,F1,1,,,,,,2025-03-27
2025-03-27,2025-03-27,CM,BSE,STK,519397,INE220Z01013,SHINDL,X,,,,,SHARAT INDUSTRIES LTD.,76.8,76.8,72.15,73.68,73.7,75.52,,73.68,,,19928,1466118.0,122,F1,1,,,,,,2025-03-27
2025-03-27,2025-03-27,CM,BSE,STK,519421,INE953E01014,KSE,X,,,,,KSE LTD.,1920.0,1920.0,1810.2,1907.75,1907.75,1921.75,,1907.75,,,3016,5650809.0,140,F1,1,,,,,,2025-03-27
2025-03-27,2025-03-27,CM,BSE,STK,519455,INE540C01021,NARBADA,X,,,,,NARBADA GEMS AND JEWELLERY LTD,53.0,55.0,49.79,52.3,52.3,54.9,,52.3,,,18562,935837.0,84,F1,1,,,,,,2025-03-27
2025-03-27,2025-03-27,CM,BSE,STK,519457,INE295C01014,VIRATCRA,X,,,,,VIRAT CRANE INDUSTRIES LTD.,51.9,54.19,51.4,53.71,53.8,51.9,,53.71,,,5741,299748.0,40,F1,1,,,,,,2025-03-27
2025-03-27,2025-03-27,CM,BSE,STK,519463,INE678B01021,IBINFO,X,,,,,IB INFOTECH ENTERPRISES LTD.,172.0,172.0,147.0,154.05,171.0,169.2,,154.05,,,63,9640.0,9,F1,1,,,,,,2025-03-27
2025-03-27,2025-03-27,CM,BSE,STK,519471,INE072V01017,AMBARPIL,X,,,,,Ambar Protein Industries Limit,186.0,204.75,186.0,199.35,199.35,193.4,,199.35,,,543,107025.0,19,F1,1,,,,,,2025-03-27
2025-03-27,2025-03-27,CM,BSE,STK,519475,INE975C01011,CHORDIA,X,,,,,CHORDIA FOOD PRODUCTS LTD.,75.3,80.0,74.0,75.55,74.0,80.41,,75.55,,,1221,92622.0,23,F1,1,,,,,,2025-03-27
2025-03-27,2025-03-27,CM,BSE,STK,519477,INE052V01019,CIANAGRO,XT,,,,,CIAN Agro Ind & Infra Ltd,355.0,355.0,336.3,336.8,336.3,354.0,,336.8,,,3218,1095840.0,46,F1,1,,,,,,2025-03-27
2025-03-27,2025-03-27,CM,BSE,STK,519479,INE112B01013,OMEAG,XT,,,,,OMEGA AG-SEEDS (PUNJAB) LTD.,7.27,7.63,7.2,7.63,7.63,7.27,,7.63,,,11954,90322.0,17,F1,1,,,,,,2025-03-27
2025-03-27,2025-03-27,CM,BSE,STK,519483,INE358D01018,TAIIND,X,,,,,TAI INDUSTRIES LTD.,42.69,42.69,33.1,36.21,36.18,38.12,,36.21,,,39403,1338232.0,83,F1,1,,,,,,2025-03-27
2025-03-27,2025-03-27,CM,BSE,STK,519500,INE356C01022,BKV,X,,,,,BKV INDUSTRIES LTD.,12.96,12.96,12.01,12.18,12.67,12.22,,12.18,,,3496,43044.0,36,F1,1,,,,,,2025-03-27
2025-03-27,2025-03-27,CM,BSE,STK,519506,INE630N01019,NCCBLUE,P,,,,,NCC BLUE WATER PRODUCTS LTD.,14.13,14.13,14.0,14.0,14.0,14.13,,14.0,,,200,2813.0,2,F1,100,,,,,,2025-03-27
2025-03-27,2025-03-27,CM,BSE,STK,519528,INE369C01017,NORBTEAEXP,T,,,,,NORBEN TEA & EXPORTS LTD.,34.79,34.79,34.79,34.79,34.79,36.62,,34.59,,,77,2678.0,9,F1,1,,,,,,2025-03-27
2025-03-27,2025-03-27,CM,BSE,STK,519532,INE822B01017,ASIANTNE,X,,,,,ASIAN TEA & EXPORTS LTD.,13.2,13.2,11.9,12.35,12.35,13.04,,12.35,,,30320,385455.0,120,F1,1,,,,,,2025-03-27
2025-03-27,2025-03-27,CM,BSE,STK,519552,INE978A01027,HERITGFOOD,A,,,,,HERITAGE FOODS LIMITED,390.55,399.5,387.45,397.15,398.7,392.35,,397.25,,,113895,45078923.0,2505,F1,1,,,,,,2025-03-27
2025-03-27,2025-03-27,CM,BSE,STK,519566,INE354D01017,SIMRAN,X,,,,,SIMRAN FARMS LTD.,175.35,175.35,170.55,171.7,175.0,175.35,,171.7,,,368,63776.0,12,F1,1,,,,,,2025-03-27
2025-03-27,2025-03-27,CM,BSE,STK,519574,INE092301014,HINDUST,X,,,,,HINDUSTAN AGRIGENETICS LTD.,70.0,70.0,66.5,69.31,69.31,70.0,,69.31,,,3517,242698.0,19,F1,1,,,,,,2025-03-27
2025-03-27,2025-03-27,CM,BSE,STK,519600,INE421D01022,CCL,A,,,,,CCL PRODUCTS (INDIA) LTD.,552.5,568.45,552.5,560.65,558.8,552.45,,560.55,,,6442,3602758.0,461,F1,1,,,,,,2025-03-27
2025-03-27,2025-03-27,CM,BSE,STK,519602,INE164B01022,KELLTONTEC,B,,,,,KELLTON TECH SOLUTIONS LTD.,108.85,110.85,106.25,107.2,107.25,109.3,,107.0,,,175352,19004765.0,2443,F1,1,,,,,,2025-03-27
2025-03-27,2025-03-27,CM,BSE,STK,519604,INE565E01016,SURFI,X,,,,,SURYO FOODS & INDUSTRIES LTD.,15.2,16.0,15.2,16.0,16.0,16.0,,16.0,,,249,3824.0,5,F1,1,,,,,,2025-03-27
2025-03-27,2025-03-27,CM,BSE,STK,519606,INE177M01013,INTEGFD,XT,,,,,INTEGRATED PROTEINS LTD.,38.9,38.9,37.9,37.9,37.9,39.8,,37.9,,,3,114.0,3,F1,1,,,,,,2025-03-27
2025-03-27,2025-03-27,CM,BSE,STK,519612,INE734D01010,MAHAANF,XT,,,,,MAHAAN FOODS LTD.,39.58,39.58,39.54,39.58,39.58,39.39,,39.58,,,505,19984.0,8,F1,1,,,,,,2025-03-27
2025-03-27,2025-03-27,CM,BSE,STK,520008,INE209B01025,RICOAUTO,B,,,,,RICO AUTO INDUSTRIES LTD.,61.47,62.0,60.1,60.6,60.97,60.96,,60.64,,,83137,5075101.0,842,F1,1,,,,,,2025-03-27
2025-03-27,2025-03-27,CM,BSE,STK,520021,INE090B01011,OMAXAUTO,B,,,,,OMAX AUTOS LTD.,84.85,90.0,84.85,86.94,86.0,85.02,,86.86,,,1685,144221.0,84,F1,1,,,,,,2025-03-27
2025-03-27,2025-03-27,CM,BSE,STK,520043,INE577A01027,MUNJALSHOW,B,,,,,MUNJAL SHOWA LTD.,109.5,110.3,107.45,108.75,109.85,108.85,,109.1,,,9179,999524.0,552,F1,1,,,,,,2025-03-27
2025-03-27,2025-03-27,CM,BSE,STK,520051,INE039C01032,JAMNAAUTO,A,,,,,JAMNA AUTO INDUSTRIES LTD.,75.0,79.9,75.0,77.01,77.5,76.05,,77.04,,,149121,11542632.0,1402,F1,1,,,,,,2025-03-27
2025-03-27,2025-03-27,CM,BSE,STK,520056,INE105A01035,TVSHLTD,A,,,,,TVS Holdings Limited,8880.65,9078.0,8795.25,8829.25,8857.0,8880.1,,8821.3,,,731,6509618.0,348,F1,1,,,,,,2025-03-27
2025-03-27,2025-03-27,CM,BSE,STK,520057,INE643A01035,JTEKTINDIA,B,,,,,JTEKT India Ltd,133.65,133.85,118.6,120.8,125.85,133.55,,121.5,,,11587,1463937.0,619,F1,1,,,,,,2025-03-27
2025-03-27,2025-03-27,CM,BSE,STK,520059,INE672B01032,MUNJALAU,B,,,,,MUNJAL AUTO INDUSTRIES LTD.,67.21,71.45,67.13,68.62,68.46,68.58,,68.78,,,24524,1678877.0,639,F1,1,,,,,,2025-03-27
2025-03-27,2025-03-27,CM,BSE,STK,520066,INE571B01036,JAYBARMARU,B,,,,,JAY BHARAT MARUTI LTD.,60.66,61.76,57.71,58.38,57.71,60.73,,58.62,,,30471,1813128.0,1019,F1,1,,,,,,2025-03-27
2025-03-27,2025-03-27,CM,BSE,STK,520073,INE704B01017,RACLGEAR,B,,,,,RACL Geartech Limited,751.95,775.0,749.65,750.65,750.1,751.05,,750.95,,,2331,1757021.0,255,F1,1,,,,,,2025-03-27
2025-03-27,2025-03-27,CM,BSE,STK,520075,INE706B01012,SAMKRG,X,,,,,SAMKRG PISTONS & RINGS LTD.,124.8,132.95,123.2,123.85,124.0,123.6,,123.85,,,12662,1594567.0,163,F1,1,,,,,,2025-03-27
2025-03-27,2025-03-27,CM,BSE,STK,520081,INE315F01013,ECSTSTL,P,,,,,EAST COAST STEEL LTD.,18.35,18.35,18.35,18.35,18.35,18.62,,18.35,,,400,7340.0,2,F1,100,,,,,,2025-03-27
2025-03-27,2025-03-27,CM,BSE,STK,520086,INE075B01020,SICALLOG,T,,,,,SICAL LOGISTICS LTD.,85.1,87.5,85.0,85.0,85.0,88.0,,84.87,,,7667,653716.0,27,F1,1,,,,,,2025-03-27
2025-03-27,2025-03-27,CM,BSE,STK,520111,INE703B01027,RATNAMANI,A,,,,,RATNAMANI METALS & TUBES LTD.,2688.45,2713.25,2474.45,2537.75,2617.05,2689.6,,2546.6,,,4232,10941007.0,1360,F1,1,,,,,,2025-03-27
2025-03-27,2025-03-27,CM,BSE,STK,520113,INE386A01015,VESUVIUS,A,,,,,VESUVIUS INDIA LTD.,4419.8,4434.95,4350.1,4379.45,4423.75,4419.8,,4375.7,,,1235,5425055.0,308,F1,1,,,,,,2025-03-27
2025-03-27,2025-03-27,CM,BSE,STK,520119,INE900C01027,ASAL,B,,,,,AUTOMOTIVE STAMPINGS & ASSEMBL,494.95,498.9,481.9,486.45,483.55,489.6,,488.85,,,10702,5234581.0,786,F1,1,,,,,,2025-03-27
2025-03-27,2025-03-27,CM,BSE,STK,520121,INE276D01012,ARCEEIN,X,,,,,ARCEE INDUSTRIES LTD.,5.89,6.2,5.89,6.2,6.2,5.89,,6.2,,,27,159.0,2,F1,1,,,,,,2025-03-27
2025-03-27,2025-03-27,CM,BSE,STK,520123,INE125D01011,ABCINDQ,X,,,,,ABC INDIA LTD.,89.0,92.0,87.05,88.3,88.3,87.0,,88.3,,,6503,585935.0,60,F1,1,,,,,,2025-03-27
2025-03-27,2025-03-27,CM,BSE,STK,520127,INE654B01014,BALTE,X,,,,,BALURGHAT TECHNOLOGIES LTD.,17.2,17.85,16.98,17.39,17.39,17.2,,17.39,,,38608,669651.0,78,F1,1,,,,,,2025-03-27
2025-03-27,2025-03-27,CM,BSE,STK,520131,INE229E01019,COARO,P,,,,,COASTAL ROADWAYS LTD.,30.0,30.0,29.0,29.0,29.0,30.4,,29.0,,,1300,38600.0,5,F1,100,,,,,,2025-03-27
2025-03-27,2025-03-27,CM,BSE,STK,520141,INE441C01014,SIBARAUT,X,,,,,SIBAR AUTO PARTS LTD.,10.35,10.35,9.41,10.0,10.0,9.9,,10.0,,,12612,122487.0,60,F1,1,,,,,,2025-03-27
2025-03-27,2025-03-27,CM,BSE,STK,520151,INE757B01015,TRANSWORLD,B,,,,,TRANSWORLD SHIPPING LINES LIMI,260.7,262.65,252.05,253.7,254.0,258.9,,253.2,,,15227,3918539.0,388,F1,1,,,,,,2025-03-27
2025-03-27,2025-03-27,CM,BSE,STK,520155,INE580C01019,STARLOG,X,,,,,Starlog Enterprises Limited,82.0,84.89,78.81,81.0,80.15,82.94,,81.0,,,23038,1882470.0,199,F1,1,,,,,,2025-03-27
2025-03-27,2025-03-27,CM,BSE,STK,521005,INE807M01023,TITANIN,XT,,,,,TITAN INTECH LIMITED,12.85,12.85,12.24,12.36,12.36,12.88,,12.36,,,284442,3544510.0,1060,F1,1,,,,,,2025-03-27
2025-03-27,2025-03-27,CM,BSE,STK,521014,INE022C01012,EUROTEXIND,B,,,,,EUROTEX INDUSTRIES & EXPORTS L,13.22,13.22,13.22,13.22,13.22,13.9,,12.82,,,400,5288.0,2,F1,1,,,,,,2025-03-27
2025-03-27,2025-03-27,CM,BSE,STK,521016,INE483B01026,ICIL,A,,,,,INDO COUNT INDUSTRIES LTD.,255.05,269.3,255.05,265.05,263.85,260.1,,264.9,,,18916,4993515.0,516,F1,1,,,,,,2025-03-27
2025-03-27,2025-03-27,CM,BSE,STK,521018,INE882A01013,MARALOVER,B,,,,,MARAL OVERSEAS LTD.,60.01,64.11,59.11,61.61,59.11,59.51,,61.64,,,3938,245470.0,188,F1,1,,,,,,2025-03-27
2025-03-27,2025-03-27,CM,BSE,STK,521034,INE314C01013,SOMATEX,B,,,,,SOMA TEXTILES & INDUSTRIES LTD,37.27,37.67,37.0,37.5,37.5,36.93,,37.54,,,2670,99152.0,38,F1,1,,,,,,2025-03-27
2025-03-27,2025-03-27,CM,BSE,STK,521048,INE900E01015,ADVLIFE,XT,,,,,ADVANCE LIFESTYLES LTD.,30.5,30.5,27.7,30.47,30.47,29.06,,30.47,,,802,22639.0,6,F1,1,,,,,,2025-03-27
2025-03-27,2025-03-27,CM,BSE,STK,521054,INE092E01011,KAKTEX,X,,,,,KAKATIYA TEXTILES LTD.,17.14,19.2,17.14,18.93,18.95,17.67,,18.93,,,279,4811.0,9,F1,1,,,,,,2025-03-27
2025-03-27,2025-03-27,CM,BSE,STK,521062,INE814L01013,OCTAVE,X,,,,,PERFECT-OCTAVE MEDIA PROJECTS,4.24,4.59,4.24,4.25,4.24,4.46,,4.25,,,2200,9468.0,27,F1,1,,,,,,2025-03-27
2025-03-27,2025-03-27,CM,BSE,STK,521064,INE064C01022,TRIDENT,A,,,,,TRIDENT LTD.,24.6,25.2,24.39,24.94,24.94,24.63,,24.93,,,881490,21902413.0,1918,F1,1,,,,,,2025-03-27
2025-03-27,2025-03-27,CM,BSE,STK,521070,INE270A01029,ALOKINDS,A,,,,,ALOK INDUSTRIES LTD.,15.32,15.59,15.15,15.46,15.46,15.4,,15.47,,,2424676,37353658.0,5021,F1,1,,,,,,2025-03-27
2025-03-27,2025-03-27,CM,BSE,STK,521080,INE604F01010,PASARI,X,,,,,PASARI SPINNING MILLS LTD.,7.98,7.98,6.52,6.84,7.25,7.98,,6.84,,,39128,283198.0,92,F1,1,,,,,,2025-03-27
2025-03-27,2025-03-27,CM,BSE,STK,521097,INE484D01012,AMARJOTHI,X,,,,,AMARJOTHI SPINNING MILLS LTD.,155.0,155.0,145.0,146.1,145.5,152.0,,146.1,,,27093,3988791.0,224,F1,1,,,,,,2025-03-27
2025-03-27,2025-03-27,CM,BSE,STK,521105,INE482O01021,OLYMPTX,X,,,,,OLYMPIA INDUSTRIES LTD.,43.99,43.99,37.71,39.89,39.89,41.46,,39.89,,,5892,229552.0,66,F1,1,,,,,,2025-03-27
2025-03-27,2025-03-27,CM,BSE,STK,521109,INE123B01028,NAGREEKEXP,B,,,,,NAGREEKA EXPORTS LTD.,25.55,26.01,23.62,24.55,24.55,25.19,,24.63,,,27745,685987.0,323,F1,1,,,,,,2025-03-27
2025-03-27,2025-03-27,CM,BSE,STK,521113,INE691D01012,SUDTIND-B,XT,,,,,SUDITI INDUSTRIES LTD.,36.92,36.92,36.92,36.92,36.92,37.67,,36.92,,,9755,360154.0,7,F1,1,,,,,,2025-03-27
2025-03-27,2025-03-27,CM,BSE,STK,521131,INE363D01018,SBFL,X,,,,,Shree Bhavya Fabrics Limited,24.2,26.99,22.95,25.17,25.0,24.55,,25.17,,,12360,293696.0,66,F1,1,,,,,,2025-03-27
2025-03-27,2025-03-27,CM,BSE,STK,521133,INE165F01020,GEMSPIN,P,,,,,GEM SPINNERS INDIA LTD.,5.33,5.33,5.33,5.33,5.33,5.08,,5.33,,,300,1599.0,2,F1,100,,,,,,2025-03-27
2025-03-27,2025-03-27,CM,BSE,STK,521137,INE958A01011,EUREKAI,XT,,,,,EUREKA INDUSTRIES LTD.,14.5,15.39,14.16,14.91,15.05,14.9,,14.91,,,224758,3264212.0,406,F1,1,,,,,,2025-03-27
2025-03-27,2025-03-27,CM,BSE,STK,521141,INE122D01026,ADITYASP,X,,,,,ADITYA SPINNERS LTD.,22.69,23.68,21.01,22.82,22.82,22.7,,22.82,,,17813,397703.0,174,F1,1,,,,,,2025-03-27
2025-03-27,2025-03-27,CM,BSE,STK,521149,INE419E01024,PRIMEURB,X,,,,,PRIME URBAN DEVELOPMENT INDIA,7.69,7.69,7.68,7.68,7.68,7.68,,7.68,,,87,668.0,4,F1,1,,,,,,2025-03-27
2025-03-27,2025-03-27,CM,BSE,STK,521151,INE953D01016,DHANFAB,X,,,,,DHANLAXMI FABRICS LTD.,58.0,58.0,56.72,58.0,58.0,57.82,,58.0,,,349,20159.0,10,F1,1,,,,,,2025-03-27
2025-03-27,2025-03-27,CM,BSE,STK,521161,INE456D01010,SLSTLQ,X,,,,,SRI LAKSHMI SARASWATHI TEXTILE,31.51,37.99,31.51,35.46,37.99,35.0,,35.46,,,639,21536.0,22,F1,1,,,,,,2025-03-27
2025-03-27,2025-03-27,CM,BSE,STK,521163,INE206B01013,ZODIACLOTH,B,,,,,ZODIAC CLOTHING CO.LTD.,90.38,90.38,84.35,84.51,84.35,90.0,,84.7,,,3413,294254.0,131,F1,1,,,,,,2025-03-27
2025-03-27,2025-03-27,CM,BSE,STK,521178,INE306D01017,SRMCL,X,,,,,SRI RAMAKRISHNA MILLS (COIMBAT,45.0,47.2,43.0,45.49,45.49,45.32,,45.49,,,24980,1137706.0,73,F1,1,,,,,,2025-03-27
2025-03-27,2025-03-27,CM,BSE,STK,521180,INE662A01027,SUPERSPIN,B,,,,,SUPER SPINNING MILLS LTD.,10.95,11.2,10.77,11.1,11.1,11.33,,11.0,,,7443,81598.0,68,F1,1,,,,,,2025-03-27
2025-03-27,2025-03-27,CM,BSE,STK,521194,INE923A01015,SILINV,B,,,,,SIL INVESTMENTS LTD.,576.3,595.5,571.8,584.1,586.0,570.3,,585.95,,,2233,1307280.0,326,F1,1,,,,,,2025-03-27
2025-03-27,2025-03-27,CM,BSE,STK,521200,INE713B01026,SURYALAXMI,B,,,,,SURYALAKSHMI COTTON MILLS LTD.,61.05,64.23,58.5,58.84,58.81,62.03,,58.98,,,19775,1197640.0,258,F1,1,,,,,,2025-03-27
2025-03-27,2025-03-27,CM,BSE,STK,521206,INE931D01020,SAMTEX,X,,,,,SAMTEX FASHIONS LTD.,2.51,2.57,2.26,2.44,2.44,2.51,,2.44,,,64807,157437.0,115,F1,1,,,,,,2025-03-27
2025-03-27,2025-03-27,CM,BSE,STK,521216,INE220C01012,DHANROTO,X,,,,,DHANALAXMI ROTO SPINNERS LTD.,120.75,122.0,111.05,113.95,113.95,119.95,,113.95,,,17126,1964606.0,409,F1,1,,,,,,2025-03-27
2025-03-27,2025-03-27,CM,BSE,STK,521220,INE497D01022,DAMODARIND,B,,,,,DAMODAR INDUSTRIES LTD.,29.25,31.0,28.56,29.44,28.56,29.55,,29.6,,,6312,189205.0,167,F1,1,,,,,,2025-03-27
2025-03-27,2025-03-27,CM,BSE,STK,521228,INE083G01031,TATIAGLOB,X,,,,,TATIA GLOBAL VENNTURE LTD.,2.86,2.94,2.79,2.8,2.79,2.83,,2.8,,,40654,115195.0,151,F1,1,,,,,,2025-03-27
2025-03-27,2025-03-27,CM,BSE,STK,521234,INE443E01016,SRINACHA,X,,,,,SRI NACHAMMAI COTTON MILLS LTD,35.5,37.99,32.1,36.69,36.69,37.9,,36.69,,,26730,869647.0,64,F1,1,,,,,,2025-03-27
2025-03-27,2025-03-27,CM,BSE,STK,521240,INE304D01012,SAMBANDAM,X,,,,,SAMBANDAM SPINNING MILLS LTD.,129.3,134.25,125.0,129.7,129.7,128.25,,129.7,,,11215,1418922.0,28,F1,1,,,,,,2025-03-27
2025-03-27,2025-03-27,CM,BSE,STK,521244,INE676G01024,MKPMOB,X,,,,,MKP Mobility Limited,116.85,116.85,116.85,116.85,116.85,123.0,,116.85,,,914,106800.0,1,F1,1,,,,,,2025-03-27
2025-03-27,2025-03-27,CM,BSE,STK,521246,INE162C01024,PARASPETRO,B,,,,,PARAS PETROFILS LTD.,2.66,2.73,2.54,2.72,2.72,2.6,,2.73,,,7873,20826.0,77,F1,1,,,,,,2025-03-27
2025-03-27,2025-03-27,CM,BSE,STK,521248,INE602G01020,KITEX,B,,,,,KITEX GARMENTS LTD.,180.05,183.45,176.85,179.05,179.05,180.95,,179.35,,,16421,2951519.0,453,F1,1,,,,,,2025-03-27
2025-03-27,2025-03-27,CM,BSE,STK,522001,INE608B01010,CRANEX,X,,,,,CRANEX LTD.,95.6,100.9,95.58,95.59,95.68,100.61,,95.59,,,14507,1387094.0,90,F1,1,,,,,,2025-03-27
2025-03-27,2025-03-27,CM,BSE,STK,522004,INE177C01022,BATLIBOI,X,,,,,BATLIBOI LTD.,106.5,108.0,97.0,98.89,98.89,104.25,,98.89,,,70033,7102595.0,387,F1,1,,,,,,2025-03-27
2025-03-27,2025-03-27,CM,BSE,STK,522005,INE759F01012,AUSTENG,X,,,,,AUSTIN ENGINEERING CO.LTD.,148.0,155.85,141.05,147.8,149.8,147.45,,147.8,,,6410,942893.0,67,F1,1,,,,,,2025-03-27
2025-03-27,2025-03-27,CM,BSE,STK,522014,INE961D01019,UNIDT,B,,,,,UNITED DRILLING TOOLS LTD.,217.4,220.0,207.75,210.75,207.75,217.15,,211.15,,,2206,475515.0,94,F1,1,,,,,,2025-03-27
2025-03-27,2025-03-27,CM,BSE,STK,522017,INE459C01016,FLUIDOM,XT,,,,,FLUIDOMAT LTD.,830.0,830.0,803.0,805.85,814.0,806.8,,805.85,,,963,782220.0,45,F1,1,,,,,,2025-03-27
2025-03-27,2025-03-27,CM,BSE,STK,522027,INE279D01016,EMAINDIA,XT,,,,,EMA INDIA LTD.,118.0,125.55,113.65,125.55,125.55,119.6,,125.55,,,1454,178455.0,18,F1,1,,,,,,2025-03-27
2025-03-27,2025-03-27,CM,BSE,STK,522029,INE052A01021,WINDMACHIN,B,,,,,WINDSOR MACHINES LTD.,328.5,333.7,322.6,328.7,329.95,328.55,,328.5,,,14562,4788856.0,931,F1,1,,,,,,2025-03-27
2025-03-27,2025-03-27,CM,BSE,STK,522034,INE631A01022,SHANTIGEAR,B,,,,,SHANTHI GEARS LTD.,472.5,490.95,469.0,472.55,469.0,469.05,,472.15,,,2985,1405218.0,278,F1,1,,,,,,2025-03-27
2025-03-27,2025-03-27,CM,BSE,STK,522064,INE634A01018,HONDAPOWER,B,,,,,HONDA INDIA POWER PRODUCTS LIM,2017.4,2085.0,1984.2,2064.85,2081.0,2017.4,,2058.55,,,1873,3779497.0,428,F1,1,,,,,,2025-03-27
2025-03-27,2025-03-27,CM,BSE,STK,522073,INE127B01011,HITECHGEAR,T,,,,,The Hi-Tech Gears Ltd,573.9,603.8,549.5,595.15,603.8,575.05,,598.45,,,16156,9089203.0,60,F1,1,,,,,,2025-03-27
2025-03-27,2025-03-27,CM,BSE,STK,522074,INE285A01027,ELGIEQUIP,A,,,,,ELGI EQUIPMENTS LTD.,485.0,492.0,478.4,490.3,492.0,489.25,,489.75,,,22945,11143991.0,1231,F1,1,,,,,,2025-03-27
2025-03-27,2025-03-27,CM,BSE,STK,522091,INE890G01021,UVDRHOR,X,,,,,UNITED VAN DER HORST LTD.,120.15,126.15,118.8,126.15,126.15,120.15,,126.15,,,3640,448445.0,36,F1,1,,,,,,2025-03-27
2025-03-27,2025-03-27,CM,BSE,STK,522101,INE338F01015,KLBRENG-B,B,,,,,KILBURN ENGINEERING LTD.,404.2,409.75,396.05,400.4,400.4,403.25,,400.4,,,48342,19477289.0,878,F1,1,,,,,,2025-03-27
2025-03-27,2025-03-27,CM,BSE,STK,522105,INE372E01025,BIRLAPREC,XT,,,,,BIRLA PRECISION TECHNOLOGIES L,37.59,37.79,35.75,35.8,36.0,37.63,,35.8,,,154573,5610100.0,383,F1,1,,,,,,2025-03-27
2025-03-27,2025-03-27,CM,BSE,STK,522108,INE384C01016,YUKEN,B,,,,,YUKEN INDIA LTD.,794.6,820.0,769.25,788.6,769.25,800.15,,789.05,,,2542,2032804.0,282,F1,1,,,,,,2025-03-27
2025-03-27,2025-03-27,CM,BSE,STK,522113,INE325A01013,TIMKEN,A,,,,,TIMKEN INDIA LTD.,2768.0,2792.1,2691.0,2714.7,2708.0,2773.9,,2709.65,,,7320,20047664.0,1488,F1,1,,,,,,2025-03-27
2025-03-27,2025-03-27,CM,BSE,STK,522122,INE285C01015,VOITHPAPR,X,,,,,VOITH PAPER FABRICS INDIA LTD.,1500.05,1515.0,1460.05,1488.9,1475.25,1506.45,,1488.9,,,385,574339.0,57,F1,1,,,,,,2025-03-27
2025-03-27,2025-03-27,CM,BSE,STK,522134,INE133D01023,ARTSON,XT,,,,,ARTSON LIMITED,141.55,147.95,137.15,137.2,137.2,141.5,,137.2,,,8573,1232009.0,31,F1,1,,,,,,2025-03-27
2025-03-27,2025-03-27,CM,BSE,STK,522152,INE410A01013,SOLIMAC,X,,,,,SOLITAIRE MACHINE TOOLS LTD.,158.85,160.05,148.0,158.2,157.75,154.4,,158.2,,,16684,2614243.0,140,F1,1,,,,,,2025-03-27
2025-03-27,2025-03-27,CM,BSE,STK,522163,INE989C01038,DIACABS,B,,,,,DIAMOND POWER INFRASTRUCTURE L,94.49,94.71,89.2,89.99,90.1,93.07,,89.92,,,28039,2556175.0,576,F1,1,,,,,,2025-03-27
2025-03-27,2025-03-27,CM,BSE,STK,522165,INE867D01018,INDSILHYD,X,,,,,INDSIL HYDRO POWER AND MANGANE,37.53,39.0,35.2,36.46,36.74,37.53,,36.46,,,41005,1496788.0,249,F1,1,,,,,,2025-03-27
2025-03-27,2025-03-27,CM,BSE,STK,522183,INE478D01014,ITL,X,,,,,ITL INDUSTRIES LTD.,410.0,410.0,366.0,370.35,382.9,372.05,,370.35,,,471,176221.0,26,F1,1,,,,,,2025-03-27
2025-03-27,2025-03-27,CM,BSE,STK,522195,INE572D01014,FRONTSP,X,,,,,FRONTIER SPRINGS LTD.,2000.0,2030.0,1951.0,1985.95,1996.95,2006.85,,1985.95,,,4612,9134014.0,296,F1,1,,,,,,2025-03-27
2025-03-27,2025-03-27,CM,BSE,STK,522205,INE074A01025,PRAJIND,A,,,,,PRAJ INDUSTRIES LTD.,547.5,573.85,545.85,566.0,555.05,556.2,,566.0,,,38467,21574169.0,1449,F1,1,,,,,,2025-03-27
2025-03-27,2025-03-27,CM,BSE,STK,522207,INE682D01011,RASANDIK,X,,,,,RASANDIK ENGINEERING INDUSTRIE,73.0,78.0,73.0,75.77,75.77,74.41,,75.77,,,34702,2602602.0,34,F1,1,,,,,,2025-03-27
2025-03-27,2025-03-27,CM,BSE,STK,522209,INE429B01011,YOGISUNG,X,,,,,YOGI SUNG-WON (INDIA) LTD.,8.5,8.5,7.99,8.0,8.0,8.12,,8.0,,,6204,50598.0,33,F1,1,,,,,,2025-03-27
2025-03-27,2025-03-27,CM,BSE,STK,522215,INE461D01028,HLEGLAS,B,,,,,HLE GLASCOAT LIMITED,234.75,237.85,229.9,232.55,236.55,236.25,,231.65,,,13693,3187814.0,782,F1,1,,,,,,2025-03-27
2025-03-27,2025-03-27,CM,BSE,STK,522217,INE826C01016,GUJAPOLLO,B,,,,,GUJARAT APOLLO INDUSTRIES LTD.,313.25,313.65,302.35,303.65,302.35,314.25,,303.3,,,425,131143.0,48,F1,1,,,,,,2025-03-27
2025-03-27,2025-03-27,CM,BSE,STK,522229,INE692C01020,TANAA,T,,,,,TANEJA AEROSPACE & AVIATION LT,334.0,334.0,334.0,334.0,334.0,340.8,,334.0,,,1907,636938.0,107,F1,1,,,,,,2025-03-27
2025-03-27,2025-03-27,CM,BSE,STK,522231,INE714D01020,CONART,XT,,,,,CONART ENGINEERS LTD.,72.03,72.03,72.03,72.03,72.03,73.5,,72.03,,,4578,329753.0,24,F1,1,,,,,,2025-03-27
2025-03-27,2025-03-27,CM,BSE,STK,522235,INE097E01028,MINALIND,X,,,,,MINAL INDUSTRIES LIMITED,3.9,3.9,3.32,3.49,3.49,3.85,,3.49,,,62957,223392.0,140,F1,1,,,,,,2025-03-27
2025-03-27,2025-03-27,CM,BSE,STK,522241,INE227C01017,MMFL,B,,,,,M.M.FORGINGS LTD.,332.5,339.5,329.6,330.4,330.4,336.3,,330.9,,,12103,4034150.0,699,F1,1,,,,,,2025-03-27
2025-03-27,2025-03-27,CM,BSE,STK,522245,INE079L01013,IYKOTHITE,XT,,,,,IYKOT HITECH TOOLROOM LTD.,12.1,12.1,12.1,12.1,12.1,12.73,,12.1,,,1538,18609.0,4,F1,1,,,,,,2025-03-27
2025-03-27,2025-03-27,CM,BSE,STK,522249,INE040D01038,MAYURUNIQ,B,,,,,MAYUR UNIQUOTERS LTD.,477.9,477.9,455.65,462.7,462.7,457.45,,461.7,,,26288,12268159.0,1355,F1,1,,,,,,2025-03-27
2025-03-27,2025-03-27,CM,BSE,STK,522251,INE627F01011,CENLUB,X,,,,,CENLUB INDUSTRIES LTD.,376.95,376.95,360.0,363.15,364.5,380.2,,363.15,,,8061,2965195.0,234,F1,1,,,,,,2025-03-27
2025-03-27,2025-03-27,CM,BSE,STK,522257,INE535F01024,RAJOOENG,B,,,,,RAJOO ENGINEERS LTD.,98.0,103.15,97.95,99.95,99.95,98.8,,99.95,,,1107380,111155378.0,2574,F1,1,,,,,,2025-03-27
2025-03-27,2025-03-27,CM,BSE,STK,522261,INE920A01037,DOLPHIN,T,,,,,DOLPHIN OFFSHORE ENTERPRISES (,277.55,283.0,277.55,280.0,280.0,283.2,,280.0,,,7650,2134275.0,46,F1,1,,,,,,2025-03-27
2025-03-27,2025-03-27,CM,BSE,STK,522267,INE466D01019,VJLAXMIE,X,,,,,VEEJAY LAKSHMI ENGINEERING WOR,62.0,62.42,56.54,56.55,56.54,59.45,,56.55,,,3755,226766.0,26,F1,1,,,,,,2025-03-27
2025-03-27,2025-03-27,CM,BSE,STK,522273,INE868C01018,AHMDSTE,XT,,,,,AHMEDABAD STEELCRAFT LTD.,284.35,284.35,282.95,282.95,282.95,278.8,,282.95,,,1706,484557.0,25,F1,1,,,,,,2025-03-27
2025-03-27,2025-03-27,CM,BSE,STK,522275,INE200A01026,GVTD,B,,,,,GE Vernova T&D India Limited,1539.95,1616.9,1514.1,1591.85,1605.55,1539.95,,1606.75,,,8831,13823246.0,1036,F1,1,,,,,,2025-03-27
2025-03-27,2025-03-27,CM,BSE,STK,522281,INE207E01023,RAMRAT,B,,,,,RAM RATNA WIRES LTD.,546.65,559.25,546.05,551.9,551.9,546.5,,550.95,,,2000,1106094.0,161,F1,1,,,,,,2025-03-27
2025-03-27,2025-03-27,CM,BSE,STK,522285,INE854B01010,JAYNECOIND,B,,,,,JAYASWAL NECO INDUSTRIES LTD.,31.44,32.24,30.0,30.11,30.11,30.81,,30.21,,,52046,1605962.0,373,F1,1,,,,,,2025-03-27
2025-03-27,2025-03-27,CM,BSE,STK,522287,INE220B01022,KPIL,A,,,,,KALPATARU PROJECTS INTERNATION,998.45,1078.7,893.0,985.5,983.35,1010.25,,983.1,,,80946,80078460.0,6954,F1,1,,,,,,2025-03-27
2025-03-27,2025-03-27,CM,BSE,STK,522289,INE169F01014,NMSRESRC,XT,,,,,NMS RESOURCES GLOBAL LIMITED,34.5,34.69,34.5,34.69,34.69,34.01,,34.69,,,2860,99023.0,5,F1,1,,,,,,2025-03-27
2025-03-27,2025-03-27,CM,BSE,STK,522292,INE713D01055,CANDOUR,X,,,,,CANDOUR TECHTEX LIMITED,93.0,94.8,86.5,90.34,92.48,90.82,,90.34,,,24510,2254053.0,163,F1,1,,,,,,2025-03-27
2025-03-27,2025-03-27,CM,BSE,STK,522294,INE811B01010,TIGLOB,X,,,,,T & I GLOBAL LTD.,133.9,149.0,133.9,140.2,140.6,139.65,,140.2,,,6848,972713.0,81,F1,1,,,,,,2025-03-27
2025-03-27,2025-03-27,CM,BSE,STK,522295,INE663B01015,CONTROLPR,B,,,,,CONTROL PRINT LTD.,633.6,638.35,628.25,632.7,636.0,634.95,,634.15,,,5985,3793249.0,602,F1,1,,,,,,2025-03-27
2025-03-27,2025-03-27,CM,BSE,STK,522650,INE142E01014,BEMHY,X,,,,,BEMCO HYDRAULICS LTD.,1598.0,1598.0,1595.0,1597.85,1598.0,1600.0,,1597.85,,,95,151799.0,13,F1,1,,,,,,2025-03-27
2025-03-27,2025-03-27,CM,BSE,STK,523007,INE030C01015,ANSALBU,X,,,,,ANSAL BUILDWELL LTD.,100.65,110.3,100.65,104.2,104.2,107.25,,104.2,,,4771,510828.0,69,F1,1,,,,,,2025-03-27
2025-03-27,2025-03-27,CM,BSE,STK,523011,INE080A01014,WEIZMANIND,B,,,,,WEIZMANN LTD.,111.15,111.15,106.35,107.0,107.0,110.05,,107.3,,,6878,744142.0,379,F1,1,,,,,,2025-03-27
2025-03-27,2025-03-27,CM,BSE,STK,523019,INE710D01028,BNRSEC,XT,,,,,B.N.RATHI SECURITIES LTD.,26.59,26.98,25.0,25.4,25.25,26.08,,25.4,,,133044,3437539.0,686,F1,1,,,,,,2025-03-27
2025-03-27,2025-03-27,CM,BSE,STK,523021,INE989D01010,RISHITECH,X,,,,,RISHI TECHTEX LTD.,48.4,51.65,45.4,50.95,50.95,51.7,,50.95,,,2595,125424.0,41,F1,1,,,,,,2025-03-27
2025-03-27,2025-03-27,CM,BSE,STK,523023,INE985A01022,SINCLAIR,B,,,,,SINCLAIRS HOTELS LTD.,85.46,86.7,83.88,85.13,84.5,86.0,,85.06,,,53760,4573454.0,1184,F1,1,,,,,,2025-03-27
2025-03-27,2025-03-27,CM,BSE,STK,523025,INE429E01023,SAFARI,A,,,,,SAFARI INDUSTRIES (INDIA) LTD.,1903.05,1980.5,1903.05,1941.3,1931.0,1938.3,,1939.45,,,1860,3619052.0,431,F1,1,,,,,,2025-03-27
2025-03-27,2025-03-27,CM,BSE,STK,523062,INE584C01011,JJFINCOR,X,,,,,J.J.FINANCE CORPORATION LTD.,38.98,41.25,37.34,40.72,40.72,39.3,,40.72,,,3035,114015.0,23,F1,1,,,,,,2025-03-27
2025-03-27,2025-03-27,CM,BSE,STK,523100,INE124B01018,COSMOFE,X,,,,,COSMO FERRITES LTD.,252.5,257.0,239.6,239.6,239.6,252.2,,239.6,,,6368,1538798.0,136,F1,1,,,,,,2025-03-27
2025-03-27,2025-03-27,CM,BSE,STK,523105,INE293E01031,CROPSTER,B,,,,,CROPSTER AGRO LIMITED,19.63,19.63,18.53,19.63,19.63,18.7,,19.63,,,19412,379028.0,150,F1,1,,,,,,2025-03-27
2025-03-27,2025-03-27,CM,BSE,STK,523120,INE628D01014,ADORMUL,X,,,,,ADOR MULTIPRODUCTS LTD.,64.0,64.0,64.0,64.0,64.0,60.96,,64.0,,,20434,1307776.0,55,F1,1,,,,,,2025-03-27
2025-03-27,2025-03-27,CM,BSE,STK,523127,INE276C01014,EIHAHOTELS,B,,,,,EIH ASSOCIATED HOTELS LTD.,342.1,355.2,337.55,352.1,353.0,350.75,,351.0,,,4372,1529037.0,297,F1,1,,,,,,2025-03-27
2025-03-27,2025-03-27,CM,BSE,STK,523144,INE442D01010,MEDICAPQ,X,,,,,MEDI-CAPS LTD.,43.06,45.25,41.0,42.48,41.0,43.89,,42.48,,,11664,499516.0,79,F1,1,,,,,,2025-03-27
2025-03-27,2025-03-27,CM,BSE,STK,523151,INE910B01028,OTCO,X,,,,,OTCO INTERNATIONAL LTD.,7.26,7.64,7.26,7.64,7.64,7.64,,7.64,,,165,1260.0,6,F1,1,,,,,,2025-03-27
2025-03-27,2025-03-27,CM,BSE,STK,523160,INE599F01020,MORGANITE,X,,,,,MORGANITE CRUCIBLE (INDIA) LTD,1280.0,1280.0,1240.0,1259.45,1280.0,1255.35,,1259.45,,,1137,1431300.0,114,F1,1,,,,,,2025-03-27
2025-03-27,2025-03-27,CM,BSE,STK,523186,INE00FM01013,BAPACK,X,,,,,B&A PACKAGING INDIA LIMITED,265.0,275.0,265.0,273.0,273.0,265.05,,273.0,,,164,44320.0,12,F1,1,,,,,,2025-03-27
2025-03-27,2025-03-27,CM,BSE,STK,523204,INE421A01028,ABAN,T,,,,,ABAN OFFSHORE LTD.,36.73,37.64,36.0,36.61,36.65,36.7,,36.82,,,41173,1506158.0,316,F1,1,,,,,,2025-03-27
2025-03-27,2025-03-27,CM,BSE,STK,523207,INE760A01029,KOKUYOCMLN,B,,,,,KOKUYO CAMLIN LTD.,103.1,106.0,100.5,105.1,105.1,103.3,,105.3,,,21096,2177008.0,1032,F1,1,,,,,,2025-03-27
2025-03-27,2025-03-27,CM,BSE,STK,523222,INE173J01018,SRMENERGY,XT,,,,,SRM ENERGY LTD.,5.95,5.97,5.95,5.95,5.95,6.26,,5.95,,,3201,19058.0,16,F1,1,,,,,,2025-03-27
2025-03-27,2025-03-27,CM,BSE,STK,523229,INE415D01024,BHARATSE,B,,,,,BHARAT SEATS LTD.,82.81,83.16,76.24,77.29,77.95,80.82,,77.19,,,99246,7911688.0,1302,F1,1,,,,,,2025-03-27
2025-03-27,2025-03-27,CM,BSE,STK,523232,INE369D01023,CONTPTR,X,,,,,CONTINENTAL PETROLEUMS LTD.,122.5,135.0,122.35,127.4,131.5,123.0,,127.4,,,46490,6057142.0,222,F1,1,,,,,,2025-03-27
2025-03-27,2025-03-27,CM,BSE,STK,523242,INE006F01018,NBFOOT,P,,,,,NB FOOTWEAR LTD.,11.69,11.69,10.59,10.64,10.59,11.14,,10.64,,,11700,124453.0,5,F1,100,,,,,,2025-03-27
2025-03-27,2025-03-27,CM,BSE,STK,523248,INE082B01018,MACPLASQ,X,,,,,MACHINO PLASTICS LTD.,233.0,233.0,225.1,227.6,227.5,231.65,,227.6,,,294,66812.0,14,F1,1,,,,,,2025-03-27
2025-03-27,2025-03-27,CM,BSE,STK,523260,INE844A01013,PEARLPOLY,B,,,,,PEARL POLYMERS LTD.,28.0,28.6,26.65,27.12,27.05,28.79,,27.24,,,7951,217478.0,168,F1,1,,,,,,2025-03-27
2025-03-27,2025-03-27,CM,BSE,STK,523261,INE398A01010,VENKEYS,B,,,,,VENKYS (INDIA) LTD.,1580.05,1622.0,1562.75,1579.25,1579.25,1614.75,,1587.35,,,7766,12296430.0,1099,F1,1,,,,,,2025-03-27
2025-03-27,2025-03-27,CM,BSE,STK,523269,INE199C01026,ADVANIHOTR,B,,,,,ADVANI HOTELS & RESORTS (INDIA,58.48,59.0,56.44,56.95,56.95,58.12,,57.1,,,27231,1564138.0,944,F1,1,,,,,,2025-03-27
2025-03-27,2025-03-27,CM,BSE,STK,523277,INE395B01048,GVFILM,X,,,,,GV FILMS LTD.,0.56,0.57,0.53,0.54,0.54,0.56,,0.54,,,4377099,2389059.0,764,F1,1,,,,,,2025-03-27
2025-03-27,2025-03-27,CM,BSE,STK,523283,INE712B01010,SUPERHOUSE,B,,,,,SUPERHOUSE LTD.,145.5,150.0,135.35,140.1,135.35,146.55,,140.0,,,3067,438936.0,160,F1,1,,,,,,2025-03-27
2025-03-27,2025-03-27,CM,BSE,STK,523289,INE763B01013,RAMAVISION,X,,,,,RAMA VISION LTD.,77.01,79.88,76.94,78.25,78.28,80.98,,78.25,,,9851,762566.0,77,F1,1,,,,,,2025-03-27
2025-03-27,2025-03-27,CM,BSE,STK,523301,INE822C01015,TCPLPACK,B,,,,,TCPL PACKAGING LTD.,4602.25,4612.0,4459.85,4484.8,4459.85,4675.75,,4485.6,,,1494,6744787.0,481,F1,1,,,,,,2025-03-27
2025-03-27,2025-03-27,CM,BSE,STK,523309,INE241V01018,SHRIGANG,XT,,,,,SHRI GANG INDUSTRIES AND ALLIE,124.2,129.0,124.2,125.55,125.5,125.5,,125.55,,,2040,260717.0,23,F1,1,,,,,,2025-03-27
2025-03-27,2025-03-27,CM,BSE,STK,523319,INE164A01016,BALMLAWRIE,A,,,,,BALMER LAWRIE & CO.LTD.,178.5,188.9,178.5,184.65,184.0,181.3,,184.45,,,39263,7269550.0,947,F1,1,,,,,,2025-03-27
2025-03-27,2025-03-27,CM,BSE,STK,523323,INE177F01017,KOVAI,B,,,,,KOVAI MEDICAL CENTER & HOSPITA,5120.0,5349.85,5120.0,5198.35,5180.0,5208.95,,5198.35,,,6711,35104528.0,946,F1,1,,,,,,2025-03-27
2025-03-27,2025-03-27,CM,BSE,STK,523329,INE668G01021,ELDEHSG,B,,,,,ELDECO HOUSING & INDUSTRIES LT,710.75,739.9,696.0,698.25,698.25,711.75,,700.1,,,108,75755.0,22,F1,1,,,,,,2025-03-27
2025-03-27,2025-03-27,CM,BSE,STK,523367,INE499A01024,DCMSHRIRAM,A,,,,,DCM SHRIRAM LIMITED,1030.75,1180.7,991.55,1118.9,1076.95,1043.75,,1104.3,,,11517,12394616.0,2561,F1,1,,,,,,2025-03-27
2025-03-27,2025-03-27,CM,BSE,STK,523369,INE843D01027,DCMSRIND,B,,,,,DCM SHRIRAM INDUSTRIES LTD.,167.25,169.7,158.45,159.8,159.8,167.25,,160.75,,,27319,4428032.0,570,F1,1,,,,,,2025-03-27
2025-03-27,2025-03-27,CM,BSE,STK,523371,INE636A01039,MAWANASUG,B,,,,,MAWANA SUGARS LTD.,90.01,91.37,87.26,88.09,88.35,89.97,,88.15,,,5507,488546.0,331,F1,1,,,,,,2025-03-27
2025-03-27,2025-03-27,CM,BSE,STK,523373,INE281E01010,MINID,XT,,,,,MINI DIAMONDS (INDIA) LTD.,157.55,157.55,156.8,156.8,156.8,154.5,,156.8,,,3877,610618.0,53,F1,1,,,,,,2025-03-27
2025-03-27,2025-03-27,CM,BSE,STK,523384,INE843B01013,MAHAPEXLTD,B,,,,,MAHA RASHTRA APEX CORPORATION,111.65,116.0,105.15,106.95,111.8,111.65,,107.6,,,10323,1107352.0,102,F1,1,,,,,,2025-03-27
2025-03-27,2025-03-27,CM,BSE,STK,523385,INE310A01015,NILKAMAL,B,,,,,NILKAMAL LTD.,1583.75,1593.95,1555.0,1565.1,1556.0,1592.7,,1565.75,,,199,312858.0,64,F1,1,,,,,,2025-03-27
2025-03-27,2025-03-27,CM,BSE,STK,523391,INE308A01027,NAHARPOLY,B,,,,,NAHAR POLYFILMS LTD.,192.75,195.45,191.1,194.0,191.1,192.15,,194.15,,,2702,525565.0,87,F1,1,,,,,,2025-03-27
2025-03-27,2025-03-27,CM,BSE,STK,523395,INE470A01017,3MINDIA,A,,,,,3M INDIA LTD.,27200.5,28387.65,27200.5,27898.95,27886.65,27950.5,,27892.2,,,349,9782013.0,196,F1,1,,,,,,2025-03-27
2025-03-27,2025-03-27,CM,BSE,STK,523398,INE782A01015,JCHAC,B,,,,,Johnson Controls-Hitachi Air C,1774.0,1783.9,1737.95,1753.05,1767.55,1775.3,,1746.25,,,1093,1933243.0,213,F1,1,,,,,,2025-03-27
2025-03-27,2025-03-27,CM,BSE,STK,523405,INE780C01023,JMFINANCIL,A,,,,,JM FINANCIAL LTD.,96.08,97.04,94.38,95.76,95.76,96.93,,95.82,,,191441,18348221.0,1342,F1,1,,,,,,2025-03-27
2025-03-27,2025-03-27,CM,BSE,STK,523411,INE833A01016,ADCINDIA,X,,,,,ADC INDIA COMMUNICATIONS LIMIT,1258.95,1460.0,1251.0,1366.7,1366.7,1248.25,,1366.7,,,16661,22758353.0,1228,F1,1,,,,,,2025-03-27
2025-03-27,2025-03-27,CM,BSE,STK,523419,INE141D01018,TNTELE,B,,,,,TAMILNADU TELECOMMUNICATIONS L,8.46,9.06,8.28,8.9,8.9,8.63,,8.58,,,766,6651.0,35,F1,1,,,,,,2025-03-27
2025-03-27,2025-03-27,CM,BSE,STK,523445,INE046A01015,RIIL,A,,,,,RELIANCE INDUSTRIAL INFRASTRUC,796.35,822.15,796.35,803.8,803.8,806.95,,804.55,,,7762,6258967.0,621,F1,1,,,,,,2025-03-27
2025-03-27,2025-03-27,CM,BSE,STK,523449,INE207B01011,SHARP,X,,,,,SHARP INDIA LTD.,66.0,66.0,58.99,60.13,62.19,60.0,,60.13,,,4236,262150.0,49,F1,1,,,,,,2025-03-27
2025-03-27,2025-03-27,CM,BSE,STK,523457,INE473A01011,LINDEINDIA,A,,,,,Linde India Limited,6148.3,6250.4,6070.0,6174.65,6110.0,6148.25,,6173.0,,,4528,27941271.0,1017,F1,1,,,,,,2025-03-27
2025-03-27,2025-03-27,CM,BSE,STK,523465,INE969D01012,INDBNK,B,,,,,IND BANK HOUSING LTD.,36.0,41.0,35.71,39.04,38.06,39.49,,39.04,,,2965,113899.0,53,F1,1,,,,,,2025-03-27
2025-03-27,2025-03-27,CM,BSE,STK,523467,INE250C01027,JAIMATAG,XT,,,,,JAI MATA GLASS LTD.,2.74,2.74,2.74,2.74,2.74,2.79,,2.74,,,4566,12510.0,48,F1,1,,,,,,2025-03-27
2025-03-27,2025-03-27,CM,BSE,STK,523475,INE026D01011,LOTUSCHO,T,,,,,LOTUS CHOCOLATE CO.LTD.,1065.0,1070.95,1040.0,1043.35,1043.35,1070.95,,1043.35,,,8464,8850190.0,361,F1,1,,,,,,2025-03-27
2025-03-27,2025-03-27,CM,BSE,STK,523483,INE883C01025,PACIFICI,X,,,,,PACIFIC INDUSTRIES LTD.,199.05,202.05,185.5,194.85,194.0,199.05,,194.85,,,4874,961675.0,86,F1,1,,,,,,2025-03-27
2025-03-27,2025-03-27,CM,BSE,STK,523489,INE889F01017,CMMHOSP,X,,,,,CHENNAI MEENAKSHI MULTISPECIAL,31.38,31.38,29.83,29.83,29.83,31.4,,29.83,,,2078,62155.0,22,F1,1,,,,,,2025-03-27
2025-03-27,2025-03-27,CM,BSE,STK,523519,INE951C01012,UNIOFFICE,X,,,,,UNIVERSAL OFFICE AUTOMATION LT,4.99,4.99,4.88,4.88,4.88,5.13,,4.88,,,1410,6883.0,14,F1,1,,,,,,2025-03-27
2025-03-27,2025-03-27,CM,BSE,STK,523537,INE170D01025,APMIN,X,,,,,APM INDUSTRIES LTD.,32.8,33.4,32.1,32.13,32.13,33.18,,32.13,,,108381,3518537.0,118,F1,1,,,,,,2025-03-27
2025-03-27,2025-03-27,CM,BSE,STK,523539,INE372C01037,PRECWIRE,B,,,,,PRECISION WIRES INDIA LTD.,133.2,137.3,132.25,135.0,135.3,132.9,,135.2,,,37691,5060908.0,726,F1,1,,,,,,2025-03-27
2025-03-27,2025-03-27,CM,BSE,STK,523550,INE951B01014,KRYPTONQ,XT,,,,,KRYPTON INDUSTRIES LTD.,46.93,46.93,46.9,46.9,46.9,46.01,,46.9,,,7295,342323.0,32,F1,1,,,,,,2025-03-27
2025-03-27,2025-03-27,CM,BSE,STK,523558,INE010C01025,SWISSMLTRY,X,,,,,SWISS MILITARY CONSUMER GOODS,25.99,26.25,24.65,25.16,25.16,25.74,,25.16,,,446956,11394167.0,1271,F1,1,,,,,,2025-03-27
2025-03-27,2025-03-27,CM,BSE,STK,523566,INE199D01016,MARBU,X,,,,,MARTIN BURN LTD.,69.3,69.3,69.27,69.27,69.27,66.0,,69.27,,,631,43712.0,9,F1,1,,,,,,2025-03-27
2025-03-27,2025-03-27,CM,BSE,STK,523574,INE623B01027,FEL,Z,,,,,Future Enterprises Limited,0.53,0.54,0.53,0.54,0.54,0.54,,0.52,,,331996,176147.0,119,F1,1,,,,,,2025-03-27
2025-03-27,2025-03-27,CM,BSE,STK,523586,INE826B01018,INDTONER,X,,,,,INDIAN TONERS & DEVELOPERS LTD,246.55,249.05,241.05,242.95,242.95,249.05,,242.95,,,10485,2579196.0,217,F1,1,,,,,,2025-03-27
2025-03-27,2025-03-27,CM,BSE,STK,523594,INE638D01021,KUNSTOFF,X,,,,,KUNSTSTOFFE INDUSTRIES LTD.,24.18,24.18,21.75,23.14,23.93,22.99,,23.14,,,413,9633.0,12,F1,1,,,,,,2025-03-27
2025-03-27,2025-03-27,CM,BSE,STK,523598,INE109A01011,SCI,A,,,,,SHIPPING CORPORATION OF INDIA,166.6,175.4,164.4,167.0,167.0,167.1,,167.0,,,567593,95307383.0,6343,F1,1,,,,,,2025-03-27
2025-03-27,2025-03-27,CM,BSE,STK,523606,INE438E01032,SIKA,B,,,,,SIKA INTERPLANT SYSTEMS LTD.,625.0,655.0,625.0,632.95,635.95,624.35,,632.95,,,29642,18949407.0,1222,F1,1,,,,,,2025-03-27
2025-03-27,2025-03-27,CM,BSE,STK,523610,INE248A01017,ITI,T,,,,,ITI LTD.,252.0,258.7,245.0,249.2,249.2,252.05,,249.5,,,27969,7005395.0,884,F1,1,,,,,,2025-03-27
2025-03-27,2025-03-27,CM,BSE,STK,523618,INE506A01018,DREDGECORP,B,,,,,DREDGING CORPORATION OF INDIA,537.0,569.05,536.9,552.6,552.6,537.0,,551.95,,,11449,6336569.0,917,F1,1,,,,,,2025-03-27
2025-03-27,2025-03-27,CM,BSE,STK,523630,INE870D01012,NFL,A,,,,,NATIONAL FERTILIZERS LTD.,80.88,83.84,79.7,83.1,83.1,80.49,,83.05,,,267318,22005375.0,1462,F1,1,,,,,,2025-03-27
2025-03-27,2025-03-27,CM,BSE,STK,523638,INE558A01019,IPRINGLTD,X,,,,,IP RINGS LTD.,144.0,145.0,135.5,139.2,142.0,136.55,,139.2,,,5622,790458.0,69,F1,1,,,,,,2025-03-27
2025-03-27,2025-03-27,CM,BSE,STK,523642,INE603J01030,PIIND,A,,,,,P.I.INDUSTRIES LTD.,3419.95,3508.7,3393.8,3490.05,3489.9,3428.4,,3482.75,,,9570,33185486.0,2788,F1,1,,,,,,2025-03-27
2025-03-27,2025-03-27,CM,BSE,STK,523648,INE083C01022,PLASTIBLEN,B,,,,,PLASTIBLENDS INDIA LTD.,186.25,188.7,179.95,182.1,179.95,185.95,,182.2,,,6959,1276328.0,483,F1,1,,,,,,2025-03-27
2025-03-27,2025-03-27,CM,BSE,STK,523650,INE823D01011,YASHINNO,X,,,,,YASH INNOVENTURES LIMITED,39.33,39.33,35.1,39.08,39.33,32.78,,39.08,,,386702,15061617.0,1005,F1,1,,,,,,2025-03-27
2025-03-27,2025-03-27,CM,BSE,STK,523652,INE465K01016,KKPLASTICK,XT,,,,,Kkalpana Plastick Limited,18.24,20.0,18.24,20.0,20.0,19.2,,20.0,,,211,4039.0,5,F1,1,,,,,,2025-03-27
2025-03-27,2025-03-27,CM,BSE,STK,523660,INE054C01015,WATERBASE,X,,,,,WATERBASE LTD.,49.91,50.79,48.02,48.72,48.72,50.06,,48.72,,,197415,9611039.0,735,F1,1,,,,,,2025-03-27
2025-03-27,2025-03-27,CM,BSE,STK,523672,INE954B01018,FLEXFO,XT,,,,,FLEX FOODS LTD.,44.56,44.61,44.21,44.22,44.22,46.53,,44.22,,,34822,1544353.0,107,F1,1,,,,,,2025-03-27
2025-03-27,2025-03-27,CM,BSE,STK,523676,INE798D01015,GOLKUNDIA,XT,,,,,GOLKUNDA DIAMONDS & JEWELLERY,199.3,199.3,189.25,192.25,191.0,199.2,,192.25,,,12406,2368050.0,208,F1,1,,,,,,2025-03-27
2025-03-27,2025-03-27,CM,BSE,STK,523694,INE116A01032,APCOTEXIND,B,,,,,APCOTEX INDUSTRIES LTD.,308.5,324.05,308.5,320.8,320.75,312.95,,321.15,,,5147,1645602.0,284,F1,1,,,,,,2025-03-27
2025-03-27,2025-03-27,CM,BSE,STK,523696,INE842B01015,FORTISMLR,X,,,,,FORTIS MALAR HOSPITALS LIMITED,72.6,72.6,69.4,71.56,71.56,71.59,,71.56,,,51734,3695474.0,895,F1,1,,,,,,2025-03-27
2025-03-27,2025-03-27,CM,BSE,STK,523704,INE759A01021,MASTEK,A,,,,,MASTEK LTD.,2247.6,2247.6,2155.5,2162.55,2162.55,2246.6,,2161.95,,,10807,23681920.0,1641,F1,1,,,,,,2025-03-27
2025-03-27,2025-03-27,CM,BSE,STK,523708,INE158B01016,EIMCOELECO,B,,,,,EIMCO ELECON (INDIA) LTD.,1525.0,1525.0,1418.75,1460.75,1475.65,1467.1,,1459.85,,,1269,1838020.0,376,F1,1,,,,,,2025-03-27
2025-03-27,2025-03-27,CM,BSE,STK,523710,INE318C01014,SAYAJIHOTL,X,,,,,SAYAJI HOTELS LTD.,271.5,271.5,260.0,268.55,269.95,260.1,,268.55,,,356,93274.0,18,F1,1,,,,,,2025-03-27
2025-03-27,2025-03-27,CM,BSE,STK,523712,INE745F01011,JMGCORP,P,,,,,JMG CORPORATION LTD.,5.0,5.0,5.0,5.0,5.0,5.25,,5.0,,,1000,5000.0,1,F1,100,,,,,,2025-03-27
2025-03-27,2025-03-27,CM,BSE,STK,523716,INE365D01021,ASHIANA,B,,,,,ASHIANA HOUSING LTD.,298.1,305.9,298.1,302.4,305.9,299.55,,303.3,,,4061,1220436.0,141,F1,1,,,,,,2025-03-27
2025-03-27,2025-03-27,CM,BSE,STK,523722,INE119B01018,SVAMSOF,XT,,,,,SVAM SOFTWARE LTD.,6.76,6.76,6.76,6.76,6.76,6.44,,6.76,,,4045,27344.0,15,F1,1,,,,,,2025-03-27
2025-03-27,2025-03-27,CM,BSE,STK,523732,INE866A01016,ECOBOAR,XT,,,,,ECOBOARD INDUSTRIES LTD.,23.46,24.0,23.46,23.5,24.0,24.69,,23.5,,,21723,510026.0,14,F1,1,,,,,,2025-03-27
2025-03-27,2025-03-27,CM,BSE,STK,523736,INE477B01010,DVL,B,,,,,Dhunseri Ventures Limited,329.15,332.0,321.0,321.3,321.3,327.65,,321.35,,,1194,389950.0,91,F1,1,,,,,,2025-03-27
2025-03-27,2025-03-27,CM,BSE,STK,523752,INE502D01011,TIHIL,XT,,,,,TRANS INDIA HOUSE IMPEX LIMITE,13.94,13.94,13.25,13.25,13.25,13.94,,13.25,,,11938,158418.0,33,F1,1,,,,,,2025-03-27
2025-03-27,2025-03-27,CM,BSE,STK,523754,INE215D01010,MAHEPC,B,,,,,MAHINDRA EPC IRRIGATION LIMITE,118.9,120.6,115.8,117.55,117.55,119.35,,118.1,,,4209,494632.0,99,F1,1,,,,,,2025-03-27
2025-03-27,2025-03-27,CM,BSE,STK,523782,INE844D01017,MITSHI,X,,,,,Mitshi India Limited,15.49,15.49,13.66,14.48,14.01,14.86,,14.48,,,2703,38848.0,22,F1,1,,,,,,2025-03-27
2025-03-27,2025-03-27,CM,BSE,STK,523790,INE344E01016,SHUKJEW,P,,,,,SHUKRA JEWELLERS LTD.,14.5,14.5,14.5,14.5,14.5,14.78,,14.5,,,200,2900.0,1,F1,100,,,,,,2025-03-27
2025-03-27,2025-03-27,CM,BSE,STK,523792,INE885E01042,MAZDA,T,,,,,MAZDA LTD.,250.85,250.85,250.85,250.85,250.85,255.95,,250.85,,,119,29851.0,8,F1,1,,,,,,2025-03-27
2025-03-27,2025-03-27,CM,BSE,STK,523796,INE048C01025,VHLTD,T,,,,,VICEROY HOTELS LTD.,120.0,121.5,114.55,114.55,114.55,120.55,,114.55,,,4230,504669.0,43,F1,1,,,,,,2025-03-27
2025-03-27,2025-03-27,CM,BSE,STK,523826,INE959D01013,SOVERDIA,X,,,,,SOVEREIGN DIAMONDS LTD.,38.0,38.63,36.66,37.59,37.87,38.58,,37.59,,,3331,123490.0,110,F1,1,,,,,,2025-03-27
2025-03-27,2025-03-27,CM,BSE,STK,523828,INE071D01033,MENONBE,B,,,,,MENON BEARINGS LTD.,94.7,95.25,91.82,92.54,92.44,95.21,,92.12,,,9573,902757.0,224,F1,1,,,,,,2025-03-27
2025-03-27,2025-03-27,CM,BSE,STK,523832,INE862C01029,MUKATPIP,X,,,,,MUKAT PIPES LTD.,17.61,17.61,17.59,17.6,17.6,16.04,,17.6,,,1351,23774.0,14,F1,1,,,,,,2025-03-27
2025-03-27,2025-03-27,CM,BSE,STK,523836,INE610B01024,GUJRAFFIA,T,,,,,GUJARAT RAFFIA INDUSTRIES LTD.,39.52,39.52,39.44,39.5,39.44,37.64,,38.21,,,111,4384.0,3,F1,1,,,,,,2025-03-27
2025-03-27,2025-03-27,CM,BSE,STK,523838,INE059B01024,SIMPLEXINF,T,,,,,SIMPLEX INFRASTRUCTURES LTD.,313.9,323.0,309.5,315.0,315.0,307.85,,314.05,,,11496,3609932.0,109,F1,1,,,,,,2025-03-27
2025-03-27,2025-03-27,CM,BSE,STK,523840,INE965C01038,INNOVTEC,X,,,,,INNOVATIVE TECH PACK LTD.,23.25,23.75,22.31,22.8,22.61,22.84,,22.8,,,31662,726390.0,69,F1,1,,,,,,2025-03-27
2025-03-27,2025-03-27,CM,BSE,STK,523842,INE460D01038,SUPTANERY,X,,,,,SUPER TANNERY LIMITED,8.9,9.5,8.12,8.56,8.51,9.12,,8.56,,,148720,1296250.0,293,F1,1,,,,,,2025-03-27
2025-03-27,2025-03-27,CM,BSE,STK,523844,INE537B01011,CONSTRONIC,X,,,,,CONSTRONICS INFRA LIMITED,73.79,74.0,72.99,74.0,74.0,74.16,,74.0,,,3115,229623.0,11,F1,1,,,,,,2025-03-27
2025-03-27,2025-03-27,CM,BSE,STK,523850,INE767C01012,AXTEL,X,,,,,AXTEL INDUSTRIES LTD.,460.2,474.95,450.1,465.25,465.0,463.1,,465.25,,,15926,7420610.0,198,F1,1,,,,,,2025-03-27
2025-03-27,2025-03-27,CM,BSE,STK,523862,INE926B01016,PIFL,XT,,,,,Pacheli Industrial Finance Lim,23.36,23.36,23.36,23.36,23.36,24.58,,23.36,,,308,7194.0,21,F1,1,,,,,,2025-03-27
2025-03-27,2025-03-27,CM,BSE,STK,523888,INE317D01014,VRWODAR,Z,,,,,V R WOODART LTD.,29.3,29.3,29.3,29.3,29.3,28.73,,29.3,,,75,2197.0,2,F1,1,,,,,,2025-03-27
2025-03-27,2025-03-27,CM,BSE,STK,524000,INE511C01022,POONAWALLA,A,,,,,POONAWALLA FINCORP LIMITED,336.5,348.3,335.25,338.85,338.0,341.85,,338.6,,,92926,31651097.0,2651,F1,1,,,,,,2025-03-27
2025-03-27,2025-03-27,CM,BSE,STK,524013,INE806J01013,HINFLUR,B,,,,,HINDUSTAN FLUOROCARBONS LTD.,11.37,13.38,11.37,12.24,12.25,12.7,,12.24,,,24564,299827.0,48,F1,1,,,,,,2025-03-27
2025-03-27,2025-03-27,CM,BSE,STK,524019,INE473D01015,KINGFA,B,,,,,Kingfa Science & Technology (I,2781.85,2896.25,2743.2,2870.15,2867.65,2806.6,,2885.65,,,798,2236632.0,187,F1,1,,,,,,2025-03-27
2025-03-27,2025-03-27,CM,BSE,STK,524037,INE809A01032,RAMAPHO,B,,,,,RAMA PHOSPHATES LTD.,85.29,86.0,81.1,81.47,81.7,85.29,,81.29,,,3207,268259.0,131,F1,1,,,,,,2025-03-27
2025-03-27,2025-03-27,CM,BSE,STK,524038,INE204D01022,VENLONENT,X,,,,,VENLON ENTERPRISES LTD.,5.73,5.73,5.43,5.43,5.43,5.71,,5.43,,,7,39.0,3,F1,1,,,,,,2025-03-27
2025-03-27,2025-03-27,CM,BSE,STK,524051,INE633B01018,POLYPLEX,A,,,,,POLYPLEX CORPORATION LTD.,1205.05,1229.15,1199.0,1218.05,1220.0,1190.5,,1219.65,,,14595,17708309.0,1400,F1,1,,,,,,2025-03-27
2025-03-27,2025-03-27,CM,BSE,STK,524075,INE155C01010,ALBERTDAVD,B,,,,,ALBERT DAVID LTD.,832.0,845.35,816.25,840.15,840.15,838.85,,826.55,,,1576,1301672.0,197,F1,1,,,,,,2025-03-27
2025-03-27,2025-03-27,CM,BSE,STK,524080,INE681F01018,HARLETH,X,,,,,HARYANA LEATHER CHEMICALS LTD.,68.97,70.5,64.0,68.7,68.7,68.97,,68.7,,,4101,274886.0,68,F1,1,,,,,,2025-03-27
2025-03-27,2025-03-27,CM,BSE,STK,524091,INE482D01024,CARYSIL,B,,,,,CARYSIL LIMITED,623.0,686.0,623.0,661.95,661.95,636.65,,659.85,,,42998,28297172.0,2442,F1,1,,,,,,2025-03-27
2025-03-27,2025-03-27,CM,BSE,STK,524109,INE900B01029,KABRAEXTRU,B,,,,,KABRA EXTRUSIONTECHNIK LTD.,305.0,310.3,291.4,297.05,296.35,304.4,,296.55,,,35852,10656963.0,1484,F1,1,,,,,,2025-03-27
2025-03-27,2025-03-27,CM,BSE,STK,524129,INE250B01029,VINYLINDIA,B,,,,,VINYL CHEMICALS (INDIA) LTD.,294.05,300.0,281.5,283.75,282.95,297.9,,283.95,,,5781,1665046.0,486,F1,1,,,,,,2025-03-27
2025-03-27,2025-03-27,CM,BSE,STK,524136,INE417E01010,PCCOSMA,X,,,,,PEE CEE COSMA SOPE LTD.,582.95,582.95,561.0,566.5,566.5,582.35,,566.5,,,674,384443.0,68,F1,1,,,,,,2025-03-27
2025-03-27,2025-03-27,CM,BSE,STK,524156,INE034F01010,TCMLMTD,X,,,,,TCM LTD.,39.2,40.0,37.5,37.63,37.5,38.69,,37.63,,,11922,466923.0,65,F1,1,,,,,,2025-03-27
2025-03-27,2025-03-27,CM,BSE,STK,524164,INE485C01029,IOLCP,B,,,,,IOL CHEMICALS & PHARMACEUTICAL,61.0,62.8,60.0,61.35,61.5,61.5,,61.5,,,100756,6164245.0,1185,F1,1,,,,,,2025-03-27
2025-03-27,2025-03-27,CM,BSE,STK,524174,INE133C01033,KESARPE,X,,,,,KESAR PETROPRODUCTS LTD.,23.0,24.7,22.9,24.5,24.5,23.53,,24.5,,,166026,3989762.0,284,F1,1,,,,,,2025-03-27
2025-03-27,2025-03-27,CM,BSE,STK,524200,INE410B01037,VINATIORGA,A,,,,,VINATI ORGANICS LTD.,1604.0,1632.0,1560.0,1579.95,1598.6,1602.1,,1575.4,,,3847,6152022.0,577,F1,1,,,,,,2025-03-27
2025-03-27,2025-03-27,CM,BSE,STK,524202,INE058I01013,LACTOSE,XT,,,,,LACTOSE (INDIA) LTD.,97.95,97.95,92.6,92.6,92.6,97.45,,92.6,,,16592,1554896.0,137,F1,1,,,,,,2025-03-27
2025-03-27,2025-03-27,CM,BSE,STK,524204,INE757D01011,TEEAI,X,,,,,TEESTA AGRO INDUSTRIES LTD.,115.0,116.9,103.6,110.25,111.9,114.0,,110.25,,,653,71488.0,49,F1,1,,,,,,2025-03-27
2025-03-27,2025-03-27,CM,BSE,STK,524208,INE769A01020,AARTIIND,A,,,,,AARTI INDUSTRIES LTD.,388.45,397.7,385.65,395.35,391.0,389.35,,395.5,,,51314,20097459.0,1635,F1,1,,,,,,2025-03-27
2025-03-27,2025-03-27,CM,BSE,STK,524210,INE702E01015,PNTKYOR,X,,,,,PENTOKEY ORGANY (INDIA) LTD.,33.78,33.79,30.0,32.05,32.05,32.5,,32.05,,,823,26493.0,34,F1,1,,,,,,2025-03-27
2025-03-27,2025-03-27,CM,BSE,STK,524212,INE107F01022,WANBURY,B,,,,,WANBURY LTD.,231.3,239.3,230.5,233.55,237.45,240.8,,233.8,,,8195,1933946.0,257,F1,1,,,,,,2025-03-27
2025-03-27,2025-03-27,CM,BSE,STK,524218,INE486D01017,RESONANCE,X,,,,,RESONANCE SPECIALTIES LTD.,73.99,74.88,66.2,67.77,67.77,71.19,,67.77,,,72462,4968789.0,248,F1,1,,,,,,2025-03-27
2025-03-27,2025-03-27,CM,BSE,STK,524226,INE036B01030,GAEL,A,,,,,GUJARAT AMBUJA EXPORTS LTD.,104.8,109.05,102.15,106.75,106.1,103.15,,106.65,,,248691,26363485.0,3269,F1,1,,,,,,2025-03-27
2025-03-27,2025-03-27,CM,BSE,STK,524230,INE027A01015,RCF,A,,,,,RASHTRIYA CHEMICALS & FERTILIZ,123.85,128.95,123.5,128.35,128.35,125.05,,128.35,,,167166,21217595.0,1681,F1,1,,,,,,2025-03-27
2025-03-27,2025-03-27,CM,BSE,STK,524238,INE659F01014,GUJINJEC,X,,,,,GUJARAT INJECT (KERALA) LTD.,27.5,27.8,26.8,26.8,26.8,26.9,,26.8,,,5219,142244.0,25,F1,1,,,,,,2025-03-27
2025-03-27,2025-03-27,CM,BSE,STK,524280,INE082A01010,KOPRAN,B,,,,,KOPRAN LTD.,171.55,184.95,171.55,177.25,176.5,179.5,,177.05,,,57417,10289049.0,1252,F1,1,,,,,,2025-03-27
2025-03-27,2025-03-27,CM,BSE,STK,524288,INE008B01013,AIMCOPEST,X,,,,,AIMCO PESTICIDES LTD.,85.0,86.99,77.4,80.02,80.5,84.87,,80.02,,,44281,3563570.0,236,F1,1,,,,,,2025-03-27
2025-03-27,2025-03-27,CM,BSE,STK,524314,INE499G01013,GUJTERC,X,,,,,GUJARAT TERCE LABORATORIES LTD,60.55,62.84,57.1,61.5,61.5,60.08,,61.5,,,9189,553348.0,44,F1,1,,,,,,2025-03-27
2025-03-27,2025-03-27,CM,BSE,STK,524324,INE573R01012,SEYAIND,T,,,,,SEYA INDUSTRIES LTD.,14.0,14.0,13.72,13.72,13.72,14.44,,13.71,,,6336,87251.0,38,F1,1,,,,,,2025-03-27
2025-03-27,2025-03-27,CM,BSE,STK,524330,INE785A01026,JAYAGROGN,B,,,,,JAYANT AGRO-ORGANICS LTD.,231.85,233.3,216.85,220.65,220.65,234.5,,220.5,,,4913,1111610.0,293,F1,1,,,,,,2025-03-27
2025-03-27,2025-03-27,CM,BSE,STK,524332,INE412G01024,BCLIND,B,,,,,BCL INDUSTRIES LIMITED,36.63,36.77,35.61,36.01,36.01,36.56,,36.09,,,308954,11154802.0,1980,F1,1,,,,,,2025-03-27
2025-03-27,2025-03-27,CM,BSE,STK,524336,INE065E01017,SHHARICH,X,,,,,SHREE HARI CHEMICALS EXPORT LT,155.4,155.4,145.7,147.95,147.95,155.4,,147.95,,,1541,235512.0,22,F1,1,,,,,,2025-03-27
2025-03-27,2025-03-27,CM,BSE,STK,524342,INE803D01021,INDOBORAX,B,,,,,INDO BORAX & CHEMICALS LTD.,173.5,176.0,169.9,173.75,173.7,173.9,,173.6,,,6638,1149317.0,385,F1,1,,,,,,2025-03-27
2025-03-27,2025-03-27,CM,BSE,STK,524348,INE767A01016,AARTIDRUGS,B,,,,,AARTI DRUGS LTD.,334.25,356.6,331.25,352.85,352.6,333.65,,353.1,,,58485,20095019.0,2864,F1,1,,,,,,2025-03-27
2025-03-27,2025-03-27,CM,BSE,STK,524370,INE338D01028,BODALCHEM,B,,,,,BODAL CHEMICALS LTD.,60.33,62.04,59.02,59.56,59.56,61.57,,59.67,,,111431,6707457.0,1345,F1,1,,,,,,2025-03-27
2025-03-27,2025-03-27,CM,BSE,STK,524372,INE191A01027,ORCHPHARMA,A,,,,,Orchid Pharma Limited,775.6,787.5,761.65,778.95,778.95,775.55,,777.15,,,8338,6461112.0,577,F1,1,,,,,,2025-03-27
2025-03-27,2025-03-27,CM,BSE,STK,524394,INE579C01029,VIMTALABS,B,,,,,VIMTA LABS LTD.,1020.05,1044.2,984.2,1009.5,1023.0,1044.65,,1009.45,,,12789,12916392.0,1198,F1,1,,,,,,2025-03-27
2025-03-27,2025-03-27,CM,BSE,STK,524396,INE829A01014,BIOFILCHEM,B,,,,,BIOFIL CHEMICALS & PHARMACEUTI,43.14,44.8,41.75,42.11,43.94,43.14,,42.35,,,11789,501123.0,164,F1,1,,,,,,2025-03-27
2025-03-27,2025-03-27,CM,BSE,STK,524400,INE806D01016,ISHITADR,X,,,,,ISHITA DRUGS & INDUSTRIES LTD.,76.5,79.59,73.5,74.66,77.9,81.3,,74.66,,,957,72357.0,25,F1,1,,,,,,2025-03-27
2025-03-27,2025-03-27,CM,BSE,STK,524404,INE750C01026,MARKSANS,A,,,,,MARKSANS PHARMA LTD.,215.9,225.45,215.9,224.1,223.55,219.7,,224.15,,,132995,29401190.0,2451,F1,1,,,,,,2025-03-27
2025-03-27,2025-03-27,CM,BSE,STK,524408,INE113E01015,UNIVSTAR,X,,,,,UNIVERSAL STARCH-CHEM ALLIED L,169.85,169.85,151.6,155.5,161.85,167.6,,155.5,,,2955,469435.0,87,F1,1,,,,,,2025-03-27
2025-03-27,2025-03-27,CM,BSE,STK,524412,INE198H01019,AAREYDRUGS,B,,,,,AAREY DRUGS & PHARMACEUTICALS,33.11,37.01,33.11,36.39,35.77,35.97,,36.43,,,13178,477528.0,197,F1,1,,,,,,2025-03-27
2025-03-27,2025-03-27,CM,BSE,STK,524414,INE744C01029,NORRIS,X,,,,,NORRIS MEDICINES LTD.,17.39,17.39,17.31,17.39,17.39,17.4,,17.39,,,146,2538.0,9,F1,1,,,,,,2025-03-27
2025-03-27,2025-03-27,CM,BSE,STK,524434,INE810M01019,ASINPET,XT,,,,,ASIAN PETROPRODUCTS & EXPORTS,8.61,8.68,7.99,8.02,7.99,8.39,,8.02,,,49240,416333.0,48,F1,1,,,,,,2025-03-27
2025-03-27,2025-03-27,CM,BSE,STK,524440,INE198C01010,CAMEXLTD,XT,,,,,CAMEX LTD.,36.5,36.5,34.36,34.96,34.6,36.16,,34.96,,,10607,371103.0,62,F1,1,,,,,,2025-03-27
2025-03-27,2025-03-27,CM,BSE,STK,524444,INE313M01030,EVEXIA,X,,,,,EVEXIA LIFECARE LIMITED,2.49,2.74,2.49,2.59,2.59,2.65,,2.59,,,3476429,9080501.0,1005,F1,1,,,,,,2025-03-27
2025-03-27,2025-03-27,CM,BSE,STK,524458,INE319N01019,INDOEURO,X,,,,,INDO EURO INDCHEM LTD.,9.25,9.69,8.75,9.48,9.45,9.7,,9.48,,,99609,943445.0,30,F1,1,,,,,,2025-03-27
2025-03-27,2025-03-27,CM,BSE,STK,524470,INE312C01025,SYNCOMF,B,,,,,SYNCOM FORMULATIONS (INDIA) LT,16.95,17.26,16.8,16.99,16.99,16.86,,16.96,,,275672,4668035.0,625,F1,1,,,,,,2025-03-27
2025-03-27,2025-03-27,CM,BSE,STK,524480,INE249D01019,RIDDHI,X,,,,,RIDDHI SIDDHI GLUCO BIOLS LTD.,511.8,525.0,500.0,501.4,501.4,506.05,,501.4,,,438,223499.0,55,F1,1,,,,,,2025-03-27
2025-03-27,2025-03-27,CM,BSE,STK,524488,INE038B01010,SVCIND,X,,,,,SVC INDUSTRIES LIMITED,3.65,3.68,3.51,3.55,3.54,3.65,,3.55,,,40120,144293.0,109,F1,1,,,,,,2025-03-27
2025-03-27,2025-03-27,CM,BSE,STK,524494,INE571A01038,IPCALAB,A,,,,,IPCA LABORATORIES LTD.,1403.95,1493.65,1402.3,1469.75,1457.3,1443.05,,1470.05,,,5716,8238692.0,1048,F1,1,,,,,,2025-03-27
2025-03-27,2025-03-27,CM,BSE,STK,524500,INE729D01010,KILITCH,B,,,,,KILITCH DRUGS (INDIA) LTD.,334.8,344.0,331.85,344.0,344.0,340.25,,341.75,,,1649,555816.0,70,F1,1,,,,,,2025-03-27
2025-03-27,2025-03-27,CM,BSE,STK,524506,INE683E01017,CORALAB,X,,,,,CORAL LABORATORIES LTD.,710.5,719.9,700.0,707.4,707.4,700.8,,707.4,,,1334,946544.0,75,F1,1,,,,,,2025-03-27
2025-03-27,2025-03-27,CM,BSE,STK,524516,INE711D01018,BACPHAR,XT,,,,,BACIL PHARMA LTD.,40.03,42.0,38.03,41.9,41.9,40.03,,41.9,,,77409,3199583.0,77,F1,1,,,,,,2025-03-27
2025-03-27,2025-03-27,CM,BSE,STK,524518,INE268B01013,KREBSBIO,B,,,,,KREBS BIOCHEMICALS & INDUSTRIE,72.29,73.97,70.1,70.29,70.1,72.29,,69.86,,,3326,238483.0,115,F1,1,,,,,,2025-03-27
2025-03-27,2025-03-27,CM,BSE,STK,524520,INE879K01018,KMCSHIL,B,,,,,KMC SPECIALITY HOSPITALS (INDI,62.82,63.64,61.39,61.6,61.6,63.08,,61.6,,,82680,5126021.0,1001,F1,1,,,,,,2025-03-27
2025-03-27,2025-03-27,CM,BSE,STK,524522,INE919B01011,LAFFANSQ,X,,,,,LAFFANS PETROCHEMICALS LTD.,34.96,34.96,33.22,34.0,34.0,34.96,,34.0,,,2666,90198.0,36,F1,1,,,,,,2025-03-27
2025-03-27,2025-03-27,CM,BSE,STK,524534,INE972C01018,BHASKAGR,X,,,,,BHASKAR AGROCHEMICALS LTD.,78.22,78.22,77.85,77.85,77.85,77.45,,77.85,,,24,1870.0,6,F1,1,,,,,,2025-03-27
2025-03-27,2025-03-27,CM,BSE,STK,524542,INE450E01029,SUKHJITS,B,,,,,SUKHJIT STARCH & CHEMICALS LTD,191.0,196.35,184.05,186.95,190.0,188.3,,190.9,,,5416,1005322.0,90,F1,1,,,,,,2025-03-27
2025-03-27,2025-03-27,CM,BSE,STK,524548,INE465H01012,SHARMEH,XT,,,,,SHARMA EAST INDIA HOSPITALS &,77.52,77.52,75.97,75.97,75.97,77.52,,75.97,,,282,21491.0,12,F1,1,,,,,,2025-03-27
2025-03-27,2025-03-27,CM,BSE,STK,524558,INE794A01010,NEULANDLAB,A,,,,,NEULAND LABORATORIES LTD.,11231.55,12460.2,11105.0,12021.95,12019.8,11269.2,,12067.95,,,3047,35714558.0,1174,F1,1,,,,,,2025-03-27
2025-03-27,2025-03-27,CM,BSE,STK,524564,INE052E01015,GAYATRIBI,X,,,,,GAYATRI BIOORGANICS LTD.,6.78,7.1,6.65,6.93,6.94,6.96,,6.93,,,14719,100681.0,68,F1,1,,,,,,2025-03-27
2025-03-27,2025-03-27,CM,BSE,STK,524570,INE371C01013,PODDARMENT,B,,,,,PODDAR PIGMENTS LTD.,289.95,299.25,280.0,282.0,282.0,290.2,,282.75,,,612,173490.0,134,F1,1,,,,,,2025-03-27
2025-03-27,2025-03-27,CM,BSE,STK,524572,INE117D01018,PHARMAID,X,,,,,PHARMAIDS PHARMACEUTICALS LTD.,70.0,70.0,66.0,67.17,69.0,67.82,,67.17,,,7506,513878.0,62,F1,1,,,,,,2025-03-27
2025-03-27,2025-03-27,CM,BSE,STK,524576,INE737C01023,VIVIDIND,X,,,,,VIVID GLOBAL INDUSTRIES LTD.,13.12,14.0,12.18,13.46,14.0,13.12,,13.46,,,64362,811380.0,85,F1,1,,,,,,2025-03-27
2025-03-27,2025-03-27,CM,BSE,STK,524580,INE686C01014,PRIYALT,X,,,,,PRIYA LTD.,17.97,17.97,17.3,17.97,17.97,17.12,,17.97,,,161,2890.0,8,F1,1,,,,,,2025-03-27
2025-03-27,2025-03-27,CM,BSE,STK,524582,INE314D01011,TIRUSTA,X,,,,,TIRUPATI STARCH & CHEMICALS LT,175.0,183.3,175.0,182.45,182.9,181.0,,182.45,,,763,137413.0,21,F1,1,,,,,,2025-03-27
2025-03-27,2025-03-27,CM,BSE,STK,524590,INE422G01015,HEMORGANIC,X,,,,,HEMO ORGANIC LIMITED,9.01,9.01,8.97,8.97,8.97,9.01,,8.97,,,971,8739.0,13,F1,1,,,,,,2025-03-27
2025-03-27,2025-03-27,CM,BSE,STK,524592,INE263B01022,JAYSYNTH,X,,,,,JAYSYNTH ORGOCHEM LIMITED,20.25,21.5,19.89,20.53,20.37,20.77,,20.53,,,19716,402963.0,99,F1,1,,,,,,2025-03-27
2025-03-27,2025-03-27,CM,BSE,STK,524594,INE994D01010,AEONXDIGI,XT,,,,,Aeonx Digital Technology Limit,143.7,143.7,143.7,143.7,143.7,146.6,,143.7,,,1085,155914.0,3,F1,1,,,,,,2025-03-27
2025-03-27,2025-03-27,CM,BSE,STK,524598,INE542B01011,AKSHARCHEM,B,,,,,AKSHARCHEM (INDIA) LTD.,205.1,207.85,193.0,203.4,207.75,203.05,,203.75,,,4945,1001285.0,268,F1,1,,,,,,2025-03-27
2025-03-27,2025-03-27,CM,BSE,STK,524602,INE875N01036,BANDARAM,X,,,,,BANDARAM PHARMA PACKTECH LIMIT,43.5,47.0,43.02,43.03,43.02,43.5,,43.03,,,242,10910.0,10,F1,1,,,,,,2025-03-27
2025-03-27,2025-03-27,CM,BSE,STK,524606,INE415H01017,BERLDRG,X,,,,,BERYL DRUGS LTD.,23.98,24.0,20.27,22.22,22.15,23.98,,22.22,,,11431,252098.0,71,F1,1,,,,,,2025-03-27
2025-03-27,2025-03-27,CM,BSE,STK,524614,INE056E01024,INDXTRA,XT,,,,,IEL LIMITED,4.7,4.72,4.68,4.72,4.72,4.7,,4.72,,,3745550,17670738.0,491,F1,1,,,,,,2025-03-27
2025-03-27,2025-03-27,CM,BSE,STK,524624,INE076D01016,GAGAN,X,,,,,GAGAN GASES LTD.,19.99,19.99,19.0,19.77,19.88,19.19,,19.77,,,1263,25056.0,24,F1,1,,,,,,2025-03-27
2025-03-27,2025-03-27,CM,BSE,STK,524628,INE750B01010,PARKERAC,X,,,,,PARKER AGROCHEM EXPORTS LTD.,15.11,15.65,15.11,15.65,15.65,16.73,,15.65,,,755,11523.0,9,F1,1,,,,,,2025-03-27
2025-03-27,2025-03-27,CM,BSE,STK,524632,INE551C01044,SHUKRAPHAR,XT,,,,,Shukra Pharmaceuticals Limited,22.25,22.25,22.25,22.25,22.25,22.7,,22.25,,,113458,2524440.0,171,F1,1,,,,,,2025-03-27
2025-03-27,2025-03-27,CM,BSE,STK,524634,INE058F01019,ALUFLUOR,X,,,,,ALUFLUORIDE LTD.,469.25,489.0,469.25,475.95,479.95,469.05,,475.95,,,4651,2218931.0,187,F1,1,,,,,,2025-03-27
2025-03-27,2025-03-27,CM,BSE,STK,524636,INE102E01018,OXYGENTAPH,XT,,,,,OXYGENTA PHARMACEUTICAL LIMITE,76.76,79.99,76.76,79.97,79.97,76.76,,79.97,,,364,29026.0,7,F1,1,,,,,,2025-03-27
2025-03-27,2025-03-27,CM,BSE,STK,524640,INE078I01011,ARCHITORG,X,,,,,ARCHIT ORGANOSYS LTD.,38.1,38.9,37.8,38.0,37.8,38.1,,38.0,,,24723,944321.0,85,F1,1,,,,,,2025-03-27
2025-03-27,2025-03-27,CM,BSE,STK,524642,INE528E01022,SIKOZY,X,,,,,SIKOZY REALTORS LIMITED,1.15,1.15,1.1,1.1,1.1,1.15,,1.1,,,4431,5037.0,12,F1,1,,,,,,2025-03-27
2025-03-27,2025-03-27,CM,BSE,STK,524648,INE760F01028,INDOAMIN,B,,,,,INDO AMINES LTD.,118.0,122.75,112.2,119.1,118.0,115.25,,119.75,,,45293,5309346.0,985,F1,1,,,,,,2025-03-27
2025-03-27,2025-03-27,CM,BSE,STK,524652,INE788B01028,INDSWFTLTD,T,,,,,IND-SWIFT LTD.,13.4,13.47,12.77,12.8,12.8,13.4,,12.75,,,20614,266771.0,83,F1,1,,,,,,2025-03-27
2025-03-27,2025-03-27,CM,BSE,STK,524654,INE936B01015,NATCAPSUQ,B,,,,,NATURAL CAPSULES LTD.,163.8,199.95,163.8,178.7,179.35,167.05,,179.0,,,23393,4341313.0,1178,F1,1,,,,,,2025-03-27
2025-03-27,2025-03-27,CM,BSE,STK,524661,INE331C01017,WELCURE,XT,,,,,WELCURE DRUGS & PHARMACEUTICAL,9.27,9.27,9.27,9.27,9.27,9.45,,9.27,,,12622,117005.0,34,F1,1,,,,,,2025-03-27
2025-03-27,2025-03-27,CM,BSE,STK,524663,INE994B01014,BIBCL,B,,,,,BHARAT IMMUNOLOGICALS & BIOLOG,20.61,21.3,20.2,20.48,20.53,20.71,,20.48,,,384190,7796974.0,345,F1,1,,,,,,2025-03-27
2025-03-27,2025-03-27,CM,BSE,STK,524667,INE035D01020,SOTL,B,,,,,SAVITA OIL TECHNOLOGIES LTD.,377.05,386.5,376.7,378.3,376.7,381.4,,378.7,,,5037,1921694.0,316,F1,1,,,,,,2025-03-27
2025-03-27,2025-03-27,CM,BSE,STK,524669,INE782E01017,HESTERBIO,B,,,,,HESTER BIOSCIENCES LTD.,1340.65,1374.35,1314.9,1339.7,1357.0,1354.8,,1334.5,,,2427,3265824.0,508,F1,1,,,,,,2025-03-27
2025-03-27,2025-03-27,CM,BSE,STK,524675,INE645C01010,KABSON,X,,,,,KABSONS INDUSTRIES LTD.,22.34,22.7,21.28,21.29,21.28,22.4,,21.29,,,10105,215437.0,75,F1,1,,,,,,2025-03-27
2025-03-27,2025-03-27,CM,BSE,STK,524687,INE473E01021,BASANTGL,X,,,,,BASANT AGRO TECH (INDIA) LTD.,12.79,12.79,11.0,11.61,11.7,12.29,,11.61,,,449641,5284330.0,672,F1,1,,,,,,2025-03-27
2025-03-27,2025-03-27,CM,BSE,STK,524703,INE751D01014,SANDUPHQ,X,,,,,SANDU PHARMACEUTICALS LTD.,50.8,50.8,45.15,46.23,46.23,49.19,,46.23,,,44697,2095520.0,58,F1,1,,,,,,2025-03-27
2025-03-27,2025-03-27,CM,BSE,STK,524709,INE295D01020,NACLIND,B,,,,,NACL Industries Limited,98.01,107.0,98.01,100.67,100.67,99.75,,100.86,,,84663,8666478.0,879,F1,1,,,,,,2025-03-27
2025-03-27,2025-03-27,CM,BSE,STK,524711,INE427C01021,VISTAPH,Z,,,,,VISTA PHARMACEUTICALS LTD.,10.98,11.25,10.49,11.24,11.24,10.98,,11.24,,,38519,430744.0,49,F1,1,,,,,,2025-03-27
2025-03-27,2025-03-27,CM,BSE,STK,524715,INE044A01036,SUNPHARMA,A,,,,,SUN PHARMACEUTICAL INDUSTRIES,1750.0,1750.0,1721.0,1731.2,1733.0,1757.7,,1731.45,,,64784,111902488.0,3727,F1,1,,,,,,2025-03-27
2025-03-27,2025-03-27,CM,BSE,STK,524717,INE150C01011,TITANBIO,X,,,,,TITAN BIOTECH LTD.,454.8,454.8,412.0,425.2,425.2,449.4,,425.2,,,25028,10751132.0,761,F1,1,,,,,,2025-03-27
2025-03-27,2025-03-27,CM,BSE,STK,524727,INE004E01016,SDL,XT,,,,,Span Divergent Limited,28.4,28.71,28.4,28.71,28.71,28.98,,28.71,,,653,18746.0,4,F1,1,,,,,,2025-03-27
2025-03-27,2025-03-27,CM,BSE,STK,524731,INE354A01013,JENBURPH,X,,,,,JENBURKT PHARMACEUTICALS LTD.,1015.0,1040.0,1013.0,1014.85,1013.0,1026.85,,1014.85,,,557,571163.0,37,F1,1,,,,,,2025-03-27
2025-03-27,2025-03-27,CM,BSE,STK,524735,INE475B01022,HIKAL,B,,,,,HIKAL LTD.,397.95,407.75,394.35,404.75,404.0,399.6,,405.05,,,60085,24064483.0,1480,F1,1,,,,,,2025-03-27
2025-03-27,2025-03-27,CM,BSE,STK,524742,INE475E01026,CAPLIPOINT,A,,,,,CAPLIN POINT LABORATORIES LTD.,1980.05,2028.6,1950.0,2005.6,2008.0,1987.4,,2009.55,,,5368,10686911.0,850,F1,1,,,,,,2025-03-27
2025-03-27,2025-03-27,CM,BSE,STK,524743,INE771F01025,FISCHER,B,,,,,FISCHER MEDICAL VENTURES LIMIT,810.05,845.0,799.95,835.7,845.0,820.4,,835.7,,,18805,15306299.0,275,F1,1,,,,,,2025-03-27
2025-03-27,2025-03-27,CM,BSE,STK,524748,INE302F01011,LINKPH,X,,,,,LINK PHARMA CHEM LTD.,35.0,35.0,33.5,33.57,33.5,33.87,,33.57,,,1920,64474.0,13,F1,1,,,,,,2025-03-27
2025-03-27,2025-03-27,CM,BSE,STK,524752,INE643N01012,DECIPHER,X,,,,,DECIPHER LABS LIMITED,11.3,11.9,10.13,10.59,11.19,11.4,,10.59,,,62817,677083.0,246,F1,1,,,,,,2025-03-27
2025-03-27,2025-03-27,CM,BSE,STK,524768,INE634B01016,EMMESSA,X,,,,,EMMESSAR BIOTECH & NUTRITION L,32.0,32.0,30.05,30.41,30.88,33.0,,30.41,,,4740,147314.0,26,F1,1,,,,,,2025-03-27
2025-03-27,2025-03-27,CM,BSE,STK,524774,INE887E01022,NGLFINE,T,,,,,NGL FINE-CHEM LTD.,1178.0,1178.0,1133.5,1135.1,1135.1,1156.05,,1135.1,,,493,562076.0,22,F1,1,,,,,,2025-03-27
2025-03-27,2025-03-27,CM,BSE,STK,524790,INE334C01029,EVERESTO,X,,,,,EVEREST ORGANICS LTD.,240.1,252.0,234.0,250.0,250.0,245.1,,250.0,,,926,229666.0,27,F1,1,,,,,,2025-03-27
2025-03-27,2025-03-27,CM,BSE,STK,524804,INE406A01037,AUROPHARMA,A,,,,,AUROBINDO PHARMA LTD.,1150.0,1170.0,1132.4,1166.3,1167.0,1157.1,,1164.25,,,14702,16876858.0,1955,F1,1,,,,,,2025-03-27
2025-03-27,2025-03-27,CM,BSE,STK,524808,INE037C01010,PHYTO,X,,,,,PHYTO CHEM (INDIA) LTD.,29.9,29.9,29.66,29.8,29.8,28.43,,29.8,,,30,893.0,6,F1,1,,,,,,2025-03-27
2025-03-27,2025-03-27,CM,BSE,STK,524816,INE987B01026,NATCOPHARM,A,,,,,NATCO PHARMA LTD.,821.2,825.0,807.95,822.4,820.5,821.15,,822.75,,,48425,39506138.0,1157,F1,1,,,,,,2025-03-27
2025-03-27,2025-03-27,CM,BSE,STK,524818,INE457C01010,DYNAMIND,X,,,,,DYNAMIC INDUSTRIES LTD.,78.04,85.99,78.04,81.01,83.65,83.0,,81.01,,,2214,179118.0,27,F1,1,,,,,,2025-03-27
2025-03-27,2025-03-27,CM,BSE,STK,524820,INE305C01029,PANAMAPET,B,,,,,PANAMA PETROCHEM LTD.,380.0,394.35,380.0,391.2,391.2,379.95,,391.55,,,3847,1503093.0,167,F1,1,,,,,,2025-03-27
2025-03-27,2025-03-27,CM,BSE,STK,524824,INE083D01012,BALPHARMA,B,,,,,BAL PHARMA LTD.,90.45,90.45,83.2,85.83,83.25,88.47,,84.64,,,8213,706151.0,239,F1,1,,,,,,2025-03-27
2025-03-27,2025-03-27,CM,BSE,STK,524828,INE278D01018,BDH,X,,,,,BDH INDUSTRIES LTD.,261.45,264.0,250.0,250.85,250.85,261.45,,250.85,,,2822,727570.0,120,F1,1,,,,,,2025-03-27
2025-03-27,2025-03-27,CM,BSE,STK,526001,INE593O01017,JAUSPOL,X,,,,,JAUSS POLYMERS LTD.,6.95,6.95,6.95,6.95,6.95,6.95,,6.95,,,1144,7950.0,12,F1,1,,,,,,2025-03-27
2025-03-27,2025-03-27,CM,BSE,STK,526025,INE064L01015,GLOBUSCON,X,,,,,GLOBUS CONSTRUCTORS & DEVELOPE,14.45,14.59,12.26,12.75,13.44,13.75,,12.75,,,55766,723300.0,129,F1,1,,,,,,2025-03-27
2025-03-27,2025-03-27,CM,BSE,STK,526027,INE144D01012,CUBEXTUB,B,,,,,CUBEX TUBINGS LTD.,83.74,84.14,79.89,80.37,81.16,83.27,,80.48,,,22097,1794796.0,314,F1,1,,,,,,2025-03-27
2025-03-27,2025-03-27,CM,BSE,STK,526043,INE809B01014,POLYCHMP,X,,,,,POLYMECHPLAST MACHINES LTD.,54.4,54.4,51.55,53.99,54.0,53.2,,53.99,,,677,35636.0,18,F1,1,,,,,,2025-03-27
2025-03-27,2025-03-27,CM,BSE,STK,526071,INE395F01023,STELLANT,XT,,,,,STELLANT SECURITIES (INDIA) LT,99.75,99.75,99.75,99.75,99.75,101.75,,99.75,,,50,4987.0,8,F1,1,,,,,,2025-03-27
2025-03-27,2025-03-27,CM,BSE,STK,526073,INE020S01012,GALXBRG,X,,,,,GALAXY BEARINGS LTD.,723.35,730.0,700.0,709.15,720.0,723.35,,709.15,,,2440,1735213.0,190,F1,1,,,,,,2025-03-27
2025-03-27,2025-03-27,CM,BSE,STK,526081,INE895E01017,SCAGRO,X,,,,,SC Agrotech Limited,16.82,17.2,16.82,16.86,17.2,17.24,,16.86,,,282,4756.0,12,F1,1,,,,,,2025-03-27
2025-03-27,2025-03-27,CM,BSE,STK,526113,INE602H01010,UNRYLMA,X,,,,,UNIROYAL MARINE EXPORTS LTD.,15.81,16.24,15.81,16.2,16.2,15.5,,16.2,,,93,1506.0,5,F1,1,,,,,,2025-03-27
2025-03-27,2025-03-27,CM,BSE,STK,526115,INE327D01013,KARANWO,XT,,,,,KARAN WOO-SIN LTD.,10.25,10.25,9.89,9.89,9.89,9.99,,9.89,,,195,1970.0,4,F1,1,,,,,,2025-03-27
2025-03-27,2025-03-27,CM,BSE,STK,526117,INE011D01013,SHERVANI,X,,,,,SHERVANI INDUSTRIAL SYNDICATE,353.05,376.0,352.0,352.05,352.05,356.65,,352.05,,,1582,571958.0,46,F1,1,,,,,,2025-03-27
2025-03-27,2025-03-27,CM,BSE,STK,526125,INE00HZ01011,BNHOLDINGS,X,,,,,BN HOLDINGS LIMITED,109.0,116.6,106.05,113.2,113.0,106.05,,113.2,,,18834,2077233.0,57,F1,1,,,,,,2025-03-27
2025-03-27,2025-03-27,CM,BSE,STK,526133,INE881B01054,SUPERTEX,X,,,,,SUPERTEX INDUSTRIES LTD.,7.75,7.77,6.88,7.46,7.13,7.59,,7.46,,,88032,653589.0,122,F1,1,,,,,,2025-03-27
2025-03-27,2025-03-27,CM,BSE,STK,526137,INE278C01010,SHETR,X,,,,,SHETRON LTD.,127.35,135.9,122.2,129.1,129.1,131.95,,129.1,,,7516,965295.0,168,F1,1,,,,,,2025-03-27
2025-03-27,2025-03-27,CM,BSE,STK,526139,INE773D01018,TRABI,XT,,,,,TRANSGENE BIOTEK LTD.,3.4,3.59,3.32,3.34,3.44,3.49,,3.34,,,108084,361674.0,119,F1,1,,,,,,2025-03-27
2025-03-27,2025-03-27,CM,BSE,STK,526143,INE343A01016,MPL,X,,,,,MPL PLASTICS LTD.,9.58,9.58,8.5,8.78,8.5,9.5,,8.78,,,196545,1801628.0,78,F1,1,,,,,,2025-03-27
2025-03-27,2025-03-27,CM,BSE,STK,526159,INE926C01022,NIKHILAD,X,,,,,NIKHIL ADHESIVES LTD.,90.45,93.0,88.05,90.53,90.53,89.72,,90.53,,,29988,2708369.0,183,F1,1,,,,,,2025-03-27
2025-03-27,2025-03-27,CM,BSE,STK,526161,INE175C01018,SPENTA,X,,,,,SPENTA INTERNATIONAL LTD.,150.5,150.5,145.0,147.0,147.0,140.0,,147.0,,,32,4739.0,11,F1,1,,,,,,2025-03-27
2025-03-27,2025-03-27,CM,BSE,STK,526169,INE678F01014,MULTIBASE,X,,,,,MULTIBASE INDIA LTD.,282.0,282.0,261.0,266.75,262.0,278.7,,266.75,,,14408,3895226.0,572,F1,1,,,,,,2025-03-27
2025-03-27,2025-03-27,CM,BSE,STK,526173,INE449C01025,ANDREWYU,B,,,,,ANDREW YULE & COMPANY LTD.,26.0,26.41,25.15,25.41,25.41,26.02,,25.41,,,793495,20565551.0,1243,F1,1,,,,,,2025-03-27
2025-03-27,2025-03-27,CM,BSE,STK,526179,INE983C01015,LUDLOWJUT,XT,,,,,LUDLOW JUTE & SPECIALITIES LTD,169.5,169.5,169.5,169.5,169.5,172.95,,169.5,,,807,136786.0,12,F1,1,,,,,,2025-03-27
2025-03-27,2025-03-27,CM,BSE,STK,526187,INE293C01019,ASHRAM,X,,,,,ASHRAM ONLINE.COM LTD.,5.0,5.0,5.0,5.0,5.0,4.8,,5.0,,,673,3365.0,2,F1,1,,,,,,2025-03-27
2025-03-27,2025-03-27,CM,BSE,STK,526193,INE618A01011,ROYALCU,X,,,,,ROYAL CUSHION VINYL PRODUCTS L,30.99,31.0,28.09,28.29,28.99,29.01,,28.29,,,23794,697465.0,85,F1,1,,,,,,2025-03-27
2025-03-27,2025-03-27,CM,BSE,STK,526211,INE170U01011,SURJIND,X,,,,,SURAJ INDUSTRIES LTD.,63.0,63.0,58.0,58.39,58.05,60.45,,58.39,,,33130,1948427.0,153,F1,1,,,,,,2025-03-27
2025-03-27,2025-03-27,CM,BSE,STK,526217,INE120D01012,HITECHCORP,B,,,,,Hitech Corporation Limited,195.0,195.0,181.2,183.3,183.0,189.65,,183.5,,,1841,343353.0,108,F1,1,,,,,,2025-03-27
2025-03-27,2025-03-27,CM,BSE,STK,526227,INE816B01035,FILATEX,B,,,,,FILATEX INDIA LTD.,37.09,38.8,36.63,37.61,37.61,37.08,,37.44,,,328015,12404131.0,1946,F1,1,,,,,,2025-03-27
2025-03-27,2025-03-27,CM,BSE,STK,526231,INE307D01015,STDSFAC,X,,,,,STANDARD SURFACTANTS LTD.,39.99,41.49,38.07,38.41,38.07,41.8,,38.41,,,216,8307.0,11,F1,1,,,,,,2025-03-27
2025-03-27,2025-03-27,CM,BSE,STK,526237,INE902C01015,MORGAN,XT,,,,,MORGAN VENTURES LTD.,73.94,73.95,72.6,72.6,72.6,73.95,,72.6,,,1410,103854.0,23,F1,1,,,,,,2025-03-27
2025-03-27,2025-03-27,CM,BSE,STK,526241,INE762C01021,AMRAPLIN,X,,,,,AMRAPALI INDUSTRIES LTD.,15.49,15.87,15.14,15.78,15.78,15.49,,15.78,,,5240,81257.0,25,F1,1,,,,,,2025-03-27
2025-03-27,2025-03-27,CM,BSE,STK,526247,INE863B01029,PREMEXPLN,B,,,,,PREMIER EXPLOSIVES LTD.,335.3,346.95,335.25,340.75,344.95,338.9,,340.6,,,63095,21427062.0,2286,F1,1,,,,,,2025-03-27
2025-03-27,2025-03-27,CM,BSE,STK,526251,INE033E01015,MIDEASTP,X,,,,,MID EAST PORTFOLIO MANAGEMENT,15.79,15.79,15.79,15.79,15.79,15.04,,15.79,,,26005,410618.0,7,F1,1,,,,,,2025-03-27
2025-03-27,2025-03-27,CM,BSE,STK,526263,INE835B01035,MOLDTECH,B,,,,,MOLD-TEK TECHNOLOGIES LTD.,137.5,148.5,133.75,144.9,144.9,137.5,,144.65,,,104952,14920045.0,1466,F1,1,,,,,,2025-03-27
2025-03-27,2025-03-27,CM,BSE,STK,526269,INE293N01016,CRSTCHM,XT,,,,,CRESTCHEM LTD.,210.8,210.8,210.8,210.8,210.8,215.1,,210.8,,,770,162316.0,28,F1,1,,,,,,2025-03-27
2025-03-27,2025-03-27,CM,BSE,STK,526299,INE356A01018,MPHASIS,A,,,,,MPHASIS LTD.,2491.05,2539.8,2490.05,2525.6,2500.0,2517.1,,2528.2,,,8953,22553478.0,2754,F1,1,,,,,,2025-03-27
2025-03-27,2025-03-27,CM,BSE,STK,526301,INE047C01019,MEDINOV,X,,,,,MEDINOVA DIAGNOSTIC SERVICES L,38.9,39.5,36.65,39.4,39.4,38.5,,39.4,,,22416,858145.0,66,F1,1,,,,,,2025-03-27
2025-03-27,2025-03-27,CM,BSE,STK,526315,INE410G01010,DIVSHKT,X,,,,,DIVYASHAKTI LIMITED,67.68,67.68,64.43,65.66,65.66,66.59,,65.66,,,482,31707.0,16,F1,1,,,,,,2025-03-27
2025-03-27,2025-03-27,CM,BSE,STK,526325,INE609C01024,ORIENTLTD,T,,,,,ORIENT PRESS LTD.,80.0,80.0,78.65,78.77,79.0,82.78,,77.7,,,2457,193560.0,27,F1,1,,,,,,2025-03-27
2025-03-27,2025-03-27,CM,BSE,STK,526335,INE115F01017,SHREYASI,X,,,,,SHREYAS INTERMEDIATES LTD.,8.7,9.09,8.26,8.49,8.85,8.69,,8.49,,,20878,178216.0,45,F1,1,,,,,,2025-03-27
2025-03-27,2025-03-27,CM,BSE,STK,526345,INE744D01019,PANJON,XT,,,,,PANJON LTD.,22.94,23.0,22.94,22.94,22.94,23.4,,22.94,,,1585,36380.0,14,F1,1,,,,,,2025-03-27
2025-03-27,2025-03-27,CM,BSE,STK,526355,INE138B01018,DUROPACK,X,,,,,DUROPACK LTD.,71.45,76.3,71.45,75.22,75.0,73.02,,75.22,,,511,38954.0,7,F1,1,,,,,,2025-03-27
2025-03-27,2025-03-27,CM,BSE,STK,526365,INE967A01012,SWARNSAR,X,,,,,SWARNSARITA JEWELS INDIA LIMIT,26.49,26.49,24.3,25.27,25.5,26.08,,25.27,,,56001,1424526.0,179,F1,1,,,,,,2025-03-27
2025-03-27,2025-03-27,CM,BSE,STK,526367,INE460C01014,GANESHHOUC,B,,,,,GANESH HOUSING CORPORATION LTD,1051.4,1099.0,1051.4,1079.85,1079.85,1089.65,,1079.45,,,9283,10017447.0,1054,F1,1,,,,,,2025-03-27
2025-03-27,2025-03-27,CM,BSE,STK,526371,INE584A01023,NMDC,A,,,,,NMDC LTD.,67.59,68.74,67.15,68.54,68.54,67.67,,68.55,,,422057,28758424.0,2549,F1,1,,,,,,2025-03-27
2025-03-27,2025-03-27,CM,BSE,STK,526373,INE908C01012,CINDHO,X,,,,,CINDRELLA HOTELS LTD.,56.0,56.0,56.0,56.0,56.0,55.2,,56.0,,,71,3976.0,3,F1,1,,,,,,2025-03-27
2025-03-27,2025-03-27,CM,BSE,STK,526381,INE529D01014,PATINTLOG,B,,,,,PATEL INTEGRATED LOGISTICS LTD,13.56,14.03,13.4,13.49,13.68,13.93,,13.51,,,66889,911515.0,334,F1,1,,,,,,2025-03-27
2025-03-27,2025-03-27,CM,BSE,STK,526397,INE137C01018,ALPHAGEO,T,,,,,ALPHAGEO (INDIA) LTD.,231.0,236.65,222.0,226.3,223.0,231.15,,224.15,,,6117,1413993.0,83,F1,1,,,,,,2025-03-27
2025-03-27,2025-03-27,CM,BSE,STK,526407,INE299D01022,HAMPTON,X,,,,,HAMPTON SKY REALTY LIMITED,23.44,23.49,22.5,22.65,22.65,23.32,,22.65,,,120572,2763288.0,443,F1,1,,,,,,2025-03-27
2025-03-27,2025-03-27,CM,BSE,STK,526409,INE301C01028,KKALPANAIND,X,,,,,KKALPANA INDUSTRIES (INDIA) LT,12.8,12.8,11.66,11.73,11.66,12.27,,11.73,,,121723,1438661.0,174,F1,1,,,,,,2025-03-27
2025-03-27,2025-03-27,CM,BSE,STK,526415,INE870B01024,OKPLA,X,,,,,OK PLAY INDIA LTD.,12.99,12.99,12.24,12.26,12.26,12.88,,12.26,,,765356,9461542.0,824,F1,1,,,,,,2025-03-27
2025-03-27,2025-03-27,CM,BSE,STK,526423,INE479D01038,KRITI,B,,,,,KRITI INDUSTRIES (INDIA) LTD.,105.2,105.2,99.95,100.0,99.95,105.2,,100.5,,,8042,807921.0,118,F1,1,,,,,,2025-03-27
2025-03-27,2025-03-27,CM,BSE,STK,526431,INE662D01013,WELTI,X,,,,,WELTERMAN INTERNATIONAL LTD.,16.14,16.14,15.41,15.41,15.41,16.22,,15.41,,,1594,25723.0,4,F1,1,,,,,,2025-03-27
2025-03-27,2025-03-27,CM,BSE,STK,526433,INE867C01010,ASMTEC,B,,,,,ASM TECHNOLOGIES LTD.,1303.95,1303.95,1263.1,1278.4,1272.2,1275.85,,1278.4,,,12571,16016255.0,309,F1,1,,,,,,2025-03-27
2025-03-27,2025-03-27,CM,BSE,STK,526435,INE759I01024,PERFEPA,X,,,,,PERFECTPAC LTD.,109.5,119.35,103.0,109.45,109.0,115.0,,109.45,,,12334,1301242.0,53,F1,1,,,,,,2025-03-27
2025-03-27,2025-03-27,CM,BSE,STK,526439,INE267C01013,AMBIT,X,,,,,AMBITIOUS PLASTOMAC COMPANY LT,11.6,11.6,11.05,11.05,11.05,11.6,,11.05,,,28,313.0,4,F1,1,,,,,,2025-03-27
2025-03-27,2025-03-27,CM,BSE,STK,526441,INE515B01025,VISIONCINE,XT,,,,,VISION CINEMAS LTD.,1.1,1.1,1.1,1.1,1.1,1.12,,1.1,,,10970,12067.0,22,F1,1,,,,,,2025-03-27
2025-03-27,2025-03-27,CM,BSE,STK,526443,INE072B01027,AEIM,XT,,,,,Artificial Electronics Intelli,218.0,218.0,216.5,216.5,216.5,220.9,,216.5,,,1132,246069.0,37,F1,1,,,,,,2025-03-27
2025-03-27,2025-03-27,CM,BSE,STK,526445,INE007C01021,INDRANIB,XT,,,,,INDRAYANI BIOTECH LTD.,16.3,16.3,14.81,14.82,14.81,15.58,,14.82,,,507554,7581897.0,342,F1,1,,,,,,2025-03-27
2025-03-27,2025-03-27,CM,BSE,STK,526468,INE940E01011,EUROLED,X,,,,,EURO LEDER FASHION LTD.,19.15,21.7,19.15,20.36,20.96,22.8,,20.36,,,2599,53411.0,58,F1,1,,,,,,2025-03-27
2025-03-27,2025-03-27,CM,BSE,STK,526471,INE391C01011,WINSOMBR,X,,,,,WINSOME BREWERIES LTD.,39.78,39.78,35.0,35.66,36.27,36.1,,35.66,,,16909,616954.0,219,F1,1,,,,,,2025-03-27
2025-03-27,2025-03-27,CM,BSE,STK,526473,INE152E01013,ELEFLOR,X,,,,,ELEGANT FLORICULTURE & AGROTEC,5.49,5.67,5.26,5.38,5.38,5.56,,5.38,,,36983,200321.0,95,F1,1,,,,,,2025-03-27
2025-03-27,2025-03-27,CM,BSE,STK,526479,INE765B01018,SKYIND,X,,,,,SKY INDUSTRIES LTD.,85.9,89.25,82.35,84.9,84.0,85.9,,84.9,,,23189,1965359.0,136,F1,1,,,,,,2025-03-27
2025-03-27,2025-03-27,CM,BSE,STK,526481,INE245B01011,PHOENXINTL,X,,,,,PHOENIX INTERNATIONAL LTD.,40.1,42.69,38.88,38.96,38.96,40.92,,38.96,,,20552,804780.0,67,F1,1,,,,,,2025-03-27
2025-03-27,2025-03-27,CM,BSE,STK,526488,INE432N01010,BHUDEVI,XT,,,,,BHUDEVI INFRA PROJECTS LIMITED,218.0,218.0,218.0,218.0,218.0,213.75,,218.0,,,1,218.0,1,F1,1,,,,,,2025-03-27
2025-03-27,2025-03-27,CM,BSE,STK,526490,INE206C01029,PRATIK,X,,,,,PRATIK PANELS LTD.,6.36,6.54,5.92,6.47,6.54,6.23,,6.47,,,660263,4054457.0,264,F1,1,,,,,,2025-03-27
2025-03-27,2025-03-27,CM,BSE,STK,526492,INE582D01013,RISHIROOP,XT,,,,,Rishiroop Limited,108.55,111.0,103.25,104.15,106.45,108.55,,104.15,,,13894,1469680.0,162,F1,1,,,,,,2025-03-27
2025-03-27,2025-03-27,CM,BSE,STK,526494,INE818D01011,PROMACT,X,,,,,PROMACT IMPEX LIMITED,10.5,10.5,10.4,10.4,10.4,11.5,,10.4,,,1326,13793.0,16,F1,1,,,,,,2025-03-27
2025-03-27,2025-03-27,CM,BSE,STK,526500,INE398F01019,STRGRENWO,X,,,,,STERLING GREEN WOODS LTD.,42.53,42.53,42.53,42.53,42.53,44.76,,42.53,,,5,212.0,1,F1,1,,,,,,2025-03-27
2025-03-27,2025-03-27,CM,BSE,STK,526506,INE356B01024,SYSTMTXC,B,,,,,SYSTEMATIX CORPORATE SERVICES,135.5,142.74,133.1,142.71,142.71,135.95,,142.71,,,194789,27640286.0,598,F1,1,,,,,,2025-03-27
2025-03-27,2025-03-27,CM,BSE,STK,526508,INE825D01016,SHAHISHIP,X,,,,,Shahi Shipping Limited,16.85,16.85,15.52,16.81,16.84,16.28,,16.81,,,14828,247071.0,48,F1,1,,,,,,2025-03-27
2025-03-27,2025-03-27,CM,BSE,STK,526519,INE840D01015,ALPINEHOU,X,,,,,ALPINE HOUSING DEVELOPMENT COR,111.0,116.0,110.1,111.0,112.0,113.3,,111.0,,,4575,509876.0,30,F1,1,,,,,,2025-03-27
2025-03-27,2025-03-27,CM,BSE,STK,526521,INE999B01013,SANGHIIND,B,,,,,SANGHI INDUSTRIES LTD.,55.0,60.77,55.0,59.84,59.99,59.01,,60.38,,,66780,3992845.0,574,F1,1,,,,,,2025-03-27
2025-03-27,2025-03-27,CM,BSE,STK,526525,INE550D01010,WWALUM,X,,,,,WORLDWIDE ALUMINIUM LIMITED,21.95,21.95,21.95,21.95,21.95,20.95,,21.95,,,10,219.0,4,F1,1,,,,,,2025-03-27
2025-03-27,2025-03-27,CM,BSE,STK,526530,INE670C01026,IIRM,X,,,,,IIRM HOLDINGS INDIA LIMITED,88.2,94.55,86.25,86.5,86.5,90.45,,86.5,,,3853,344445.0,25,F1,1,,,,,,2025-03-27
2025-03-27,2025-03-27,CM,BSE,STK,526532,INE716K01020,SFPIL,X,,,,,SQUARE FOUR PROJECTS INDIA LIM,9.28,9.9,9.0,9.22,9.22,9.47,,9.22,,,360,3292.0,12,F1,1,,,,,,2025-03-27
2025-03-27,2025-03-27,CM,BSE,STK,526544,INE967B01028,SGLRES,XT,,,,,SGL RESOURCES LIMITED,3.45,3.45,3.45,3.45,3.45,3.52,,3.45,,,194403,670690.0,74,F1,1,,,,,,2025-03-27
2025-03-27,2025-03-27,CM,BSE,STK,526546,INE493D01013,CHOKSILA,XT,,,,,CHOKSI LABORATORIES LTD.,127.5,128.0,122.55,122.55,122.55,126.95,,122.55,,,3576,451393.0,33,F1,1,,,,,,2025-03-27
2025-03-27,2025-03-27,CM,BSE,STK,526550,INE652F01027,CCHHL,B,,,,,COUNTRY CLUB HOSPITALITY AND H,15.03,15.77,15.03,15.42,15.18,15.34,,15.43,,,1650,25662.0,36,F1,1,,,,,,2025-03-27
2025-03-27,2025-03-27,CM,BSE,STK,526570,INE519N01014,MIDWEST,XT,,,,,MIDWEST GOLD LTD.,306.55,306.55,306.55,306.55,306.55,300.55,,306.55,,,126,38625.0,4,F1,1,,,,,,2025-03-27
2025-03-27,2025-03-27,CM,BSE,STK,526574,INE439G01019,ENTRINT,X,,,,,ENTERPRISE INTERNATIONAL LTD.,23.9,24.28,22.12,24.0,24.0,23.13,,24.0,,,759,17806.0,7,F1,1,,,,,,2025-03-27
2025-03-27,2025-03-27,CM,BSE,STK,526582,INE413G01022,TPLPLASTEH,B,,,,,TPL PLASTECH LTD.,75.01,78.89,74.39,78.32,78.89,74.87,,76.76,,,8136,611711.0,1061,F1,1,,,,,,2025-03-27
2025-03-27,2025-03-27,CM,BSE,STK,526586,INE015B01018,WIMPLAST,X,,,,,WIM PLAST LTD.,465.0,467.0,445.0,451.15,451.15,463.5,,451.15,,,26791,12242888.0,444,F1,1,,,,,,2025-03-27
2025-03-27,2025-03-27,CM,BSE,STK,526588,INE813B01016,PHOTOQUP,X,,,,,PHOTOQUIP INDIA LTD.,18.8,19.99,18.22,18.37,19.5,18.75,,18.37,,,115153,2179783.0,74,F1,1,,,,,,2025-03-27
2025-03-27,2025-03-27,CM,BSE,STK,526596,INE557B01019,LIBERTSHOE,B,,,,,LIBERTY SHOES LTD.,336.95,342.15,329.25,337.65,338.5,335.15,,336.65,,,2211,740575.0,244,F1,1,,,,,,2025-03-27
2025-03-27,2025-03-27,CM,BSE,STK,526604,INE845B01018,LIPPISYS,X,,,,,LIPPI SYSTEMS LTD.,21.18,21.18,19.5,20.25,19.5,20.06,,20.25,,,10,209.0,5,F1,1,,,,,,2025-03-27
2025-03-27,2025-03-27,CM,BSE,STK,526608,INE822G01016,ELECTHERM,T,,,,,ELECTROTHERM (INDIA) LTD.,821.95,821.95,821.95,821.95,821.95,805.85,,823.85,,,3754,3085600.0,10,F1,1,,,,,,2025-03-27
2025-03-27,2025-03-27,CM,BSE,STK,526612,INE233B01017,BLUEDART,A,,,,,BLUE DART EXPRESS LTD.,6275.05,6290.0,6178.0,6199.6,6225.95,6348.4,,6200.8,,,763,4750283.0,276,F1,1,,,,,,2025-03-27
2025-03-27,2025-03-27,CM,BSE,STK,526614,INE561D01025,EXPOGAS,X,,,,,EXPO GAS CONTAINERS LTD.,49.5,50.99,47.05,49.91,49.89,49.5,,49.91,,,14990,742155.0,110,F1,1,,,,,,2025-03-27
2025-03-27,2025-03-27,CM,BSE,STK,526616,INE233D01013,NATPLAS,X,,,,,NATIONAL PLASTIC INDUSTRIES LT,54.2,57.01,53.31,53.63,53.72,55.42,,53.63,,,9162,494877.0,79,F1,1,,,,,,2025-03-27
2025-03-27,2025-03-27,CM,BSE,STK,526622,INE244C01020,MFLINDIA,X,,,,,MFL INDIA LTD.,0.63,0.63,0.59,0.61,0.61,0.62,,0.61,,,774821,472479.0,614,F1,1,,,,,,2025-03-27
2025-03-27,2025-03-27,CM,BSE,STK,526638,INE594V01028,TEXELIN,X,,,,,TEXEL INDUSTRIES LTD.,107.99,107.99,107.99,107.99,107.99,102.85,,107.99,,,4853,524075.0,36,F1,1,,,,,,2025-03-27
2025-03-27,2025-03-27,CM,BSE,STK,526640,INE008C01011,RAYALEMA,X,,,,,ROYALE MANOR HOTELS & INDUSTRI,38.75,41.0,37.91,39.0,39.0,38.75,,39.0,,,3568,138895.0,24,F1,1,,,,,,2025-03-27
2025-03-27,2025-03-27,CM,BSE,STK,526642,INE771A01026,MIRZAINT,B,,,,,MIRZA INTERNATIONAL LTD.,28.0,28.1,27.22,27.41,27.22,28.13,,27.41,,,31557,872721.0,620,F1,1,,,,,,2025-03-27
2025-03-27,2025-03-27,CM,BSE,STK,526650,INE305A01015,TFCILTD,A,,,,,TOURISM FINANCE CORPORATION OF,165.95,172.0,160.6,167.0,166.0,167.2,,167.4,,,418661,69466616.0,5368,F1,1,,,,,,2025-03-27
2025-03-27,2025-03-27,CM,BSE,STK,526654,INE403F01017,THAKDEV,X,,,,,THAKKERS DEVELOPERS LTD.,165.0,165.0,163.0,163.0,163.0,171.05,,163.0,,,5700,929720.0,5,F1,1,,,,,,2025-03-27
2025-03-27,2025-03-27,CM,BSE,STK,526662,INE610C01014,ARENTERP,B,,,,,RAJDARSHAN INDUSTRIES LTD.,50.79,50.79,50.79,50.79,50.79,53.46,,50.94,,,170,8634.0,2,F1,1,,,,,,2025-03-27
2025-03-27,2025-03-27,CM,BSE,STK,526668,INE967C01018,KAMATHOTEL,B,,,,,KAMAT HOTELS (INDIA) LTD.,299.4,307.15,284.25,288.8,292.0,304.4,,289.6,,,25918,7661883.0,1731,F1,1,,,,,,2025-03-27
2025-03-27,2025-03-27,CM,BSE,STK,526677,INE055C01020,KEEPLEARN,B,,,,,DSJ KEEP LEARNING LIMITED,2.99,2.99,2.73,2.85,2.84,2.87,,2.84,,,16864,47956.0,38,F1,1,,,,,,2025-03-27
2025-03-27,2025-03-27,CM,BSE,STK,526703,INE423D01010,ECOPLAST,X,,,,,ECOPLAST LTD.,591.85,649.8,582.1,590.05,590.0,591.85,,590.05,,,2412,1430764.0,84,F1,1,,,,,,2025-03-27
2025-03-27,2025-03-27,CM,BSE,STK,526705,INE095B01010,ELEMARB,X,,,,,ELEGANT MARBLES & GRANI INDUST,234.95,235.0,234.95,235.0,235.0,232.0,,235.0,,,922,216669.0,5,F1,1,,,,,,2025-03-27
2025-03-27,2025-03-27,CM,BSE,STK,526709,INE839A01021,BITS,XT,,,,,BITS LTD.,13.71,13.73,13.1,13.73,13.73,13.08,,13.73,,,110479,1515955.0,557,F1,1,,,,,,2025-03-27
2025-03-27,2025-03-27,CM,BSE,STK,526711,INE627D01016,ADARSHPL,X,,,,,ADARSH PLANT PROTECT LTD.,25.76,26.38,24.11,26.21,26.38,25.25,,26.21,,,526,13210.0,16,F1,1,,,,,,2025-03-27
2025-03-27,2025-03-27,CM,BSE,STK,526717,INE136C01044,HPBL,X,,,,,HCP PLASTENE BULKPACK LIMITED,105.6,122.4,105.6,112.05,112.05,111.95,,112.05,,,16487,1887561.0,270,F1,1,,,,,,2025-03-27
2025-03-27,2025-03-27,CM,BSE,STK,526721,INE653C01022,NICCOPAR,X,,,,,NICCO PARKS & RESORTS LTD.,114.4,122.95,113.75,117.2,117.0,113.65,,117.2,,,5943,703733.0,123,F1,1,,,,,,2025-03-27
2025-03-27,2025-03-27,CM,BSE,STK,526723,INE920C01017,NTCIND,X,,,,,NTC INDUSTRIES LTD.,199.95,199.95,188.0,191.0,190.0,196.0,,191.0,,,50366,9594054.0,98,F1,1,,,,,,2025-03-27
2025-03-27,2025-03-27,CM,BSE,STK,526725,INE583B01015,SANDESH,B,,,,,SANDESH LTD.,1069.0,1109.35,1069.0,1081.4,1081.4,1085.35,,1082.75,,,1386,1505897.0,272,F1,1,,,,,,2025-03-27
2025-03-27,2025-03-27,CM,BSE,STK,526727,INE797D01017,GARNET,X,,,,,GARNET CONSTRUCTION LTD.,23.88,24.25,23.11,23.66,23.65,23.45,,23.66,,,14908,351658.0,95,F1,1,,,,,,2025-03-27
2025-03-27,2025-03-27,CM,BSE,STK,526729,INE025B01025,GOLDIAM,B,,,,,GOLDIAM INTERNATIONAL LTD.,386.35,393.7,382.3,384.75,387.3,386.35,,385.45,,,48108,18585356.0,1253,F1,1,,,,,,2025-03-27
2025-03-27,2025-03-27,CM,BSE,STK,526731,INE630D01010,BRIGHTBR,X,,,,,BRIGHT BROTHERS LTD.,285.1,293.0,282.05,287.4,287.0,283.7,,287.4,,,2960,851035.0,100,F1,1,,,,,,2025-03-27
2025-03-27,2025-03-27,CM,BSE,STK,526739,INE869A01010,SHAWGELTIN,X,,,,,NARMADA GELATINES LTD.,330.0,336.0,315.0,322.6,320.0,327.65,,322.6,,,2025,652536.0,94,F1,1,,,,,,2025-03-27
2025-03-27,2025-03-27,CM,BSE,STK,526747,INE078D01012,PGFOILQ,XT,,,,,PG FOILS LTD.,322.6,322.6,313.35,317.5,319.85,322.6,,317.5,,,14720,4670199.0,91,F1,1,,,,,,2025-03-27
2025-03-27,2025-03-27,CM,BSE,STK,526751,INE915E01013,GRATEXI,X,,,,,GRATEX INDUSTRIES LTD.,19.79,19.79,19.5,19.5,19.5,19.7,,19.5,,,16,314.0,3,F1,1,,,,,,2025-03-27
2025-03-27,2025-03-27,CM,BSE,STK,526755,INE548D01014,VELHO,X,,,,,VELAN HOTELS LTD.,5.21,5.98,5.21,5.6,5.69,5.6,,5.6,,,8829,50875.0,48,F1,1,,,,,,2025-03-27
2025-03-27,2025-03-27,CM,BSE,STK,526761,INE931B01016,HOWARHO,X,,,,,HOWARD HOTELS LTD.,22.5,23.7,22.5,23.6,23.7,23.89,,23.6,,,3262,73408.0,8,F1,1,,,,,,2025-03-27
2025-03-27,2025-03-27,CM,BSE,STK,526773,INE891E01024,PRESSURS,X,,,,,PRESSURE SENSITIVE SYSTEMS (IN,3.15,3.15,2.97,2.99,3.03,3.11,,2.99,,,888396,2683926.0,654,F1,1,,,,,,2025-03-27
2025-03-27,2025-03-27,CM,BSE,STK,526775,INE760B01019,VALIANT,X,,,,,VALIANT COMMUNICATIONS LTD.,387.0,402.0,382.0,382.2,382.1,394.9,,382.2,,,22404,8669401.0,381,F1,1,,,,,,2025-03-27
2025-03-27,2025-03-27,CM,BSE,STK,526783,INE934C01018,DRAGARWQ,B,,,,,DR.AGARWALS EYE HOSPITAL LTD.,4293.85,4293.9,4056.0,4088.2,4088.2,4252.6,,4088.2,,,2688,11111094.0,779,F1,1,,,,,,2025-03-27
2025-03-27,2025-03-27,CM,BSE,STK,526795,INE007G01014,MHSGRMS,ZP,,,,,MAHASAGAR TRAVELS LTD.,7.19,7.19,7.18,7.18,7.18,6.85,,7.18,,,1900,13652.0,8,F1,100,,,,,,2025-03-27
2025-03-27,2025-03-27,CM,BSE,STK,526797,INE461C01038,GREENPLY,B,,,,,GREENPLY INDUSTRIES LTD.,284.1,296.1,284.1,293.75,292.1,287.65,,293.0,,,10567,3078857.0,527,F1,1,,,,,,2025-03-27
2025-03-27,2025-03-27,CM,BSE,STK,526807,INE497B01018,SEAMECLTD,B,,,,,SEAMEC LTD.,965.55,968.2,933.9,941.15,944.0,978.55,,946.55,,,2734,2588872.0,338,F1,1,,,,,,2025-03-27
2025-03-27,2025-03-27,CM,BSE,STK,526813,INE753B01014,RAGHUNAT,X,,,,,RAGHUNATH INTERNATIONAL LTD.,14.0,14.0,12.0,13.65,13.65,13.0,,13.65,,,378,5126.0,10,F1,1,,,,,,2025-03-27
2025-03-27,2025-03-27,CM,BSE,STK,526817,INE974B01016,CHEVIOT,B,,,,,CHEVIOT CO.LTD.,992.05,1036.75,992.05,1016.6,1016.6,1019.2,,1013.8,,,2114,2170855.0,296,F1,1,,,,,,2025-03-27
2025-03-27,2025-03-27,CM,BSE,STK,526821,INE928C01010,DAICHI,X,,,,,DAI-ICHI KARKARIA LTD.,260.0,260.0,232.9,244.2,245.9,256.0,,244.2,,,56772,13940217.0,416,F1,1,,,,,,2025-03-27
2025-03-27,2025-03-27,CM,BSE,STK,526823,INE016C01014,RAJINFRA,Z,,,,,RAJESWARI INFRASTRUCTURE LIMIT,3.56,3.92,3.56,3.58,3.58,3.74,,3.58,,,568,2026.0,7,F1,1,,,,,,2025-03-27
2025-03-27,2025-03-27,CM,BSE,STK,526827,INE882D01017,SPICEISLIN,XT,,,,,SPICE ISLANDS INDUSTRIES LIMIT,44.5,46.87,42.41,42.54,46.85,44.64,,42.54,,,8397,366013.0,46,F1,1,,,,,,2025-03-27
2025-03-27,2025-03-27,CM,BSE,STK,526829,INE552D01024,CONFIPET,B,,,,,CONFIDENCE PETROLEUM INDIA LTD,47.79,49.67,46.9,47.87,47.87,47.74,,47.8,,,142165,6828060.0,1756,F1,1,,,,,,2025-03-27
2025-03-27,2025-03-27,CM,BSE,STK,526839,INE413C01013,SIPL,X,,,,,SHELTER INFRA PROJECTS LTD.,14.51,14.51,14.51,14.51,14.51,14.51,,14.51,,,322,4672.0,6,F1,1,,,,,,2025-03-27
2025-03-27,2025-03-27,CM,BSE,STK,526841,INE794C01016,SHAKTIPR,X,,,,,SHAKTI PRESS LTD.,25.36,27.65,25.3,27.0,27.0,25.36,,27.0,,,2672,72023.0,12,F1,1,,,,,,2025-03-27
2025-03-27,2025-03-27,CM,BSE,STK,526847,INE338C01012,ASHSI,X,,,,,ASHIRWAD STEELS & INDUSTRIES L,32.0,33.0,30.46,30.55,30.49,32.04,,30.55,,,3099,96449.0,58,F1,1,,,,,,2025-03-27
2025-03-27,2025-03-27,CM,BSE,STK,526849,INE655B01011,BANARBEADS,B,,,,,BANARAS BEADS LTD.,127.3,128.2,120.15,122.35,127.45,124.4,,122.05,,,3014,377415.0,134,F1,1,,,,,,2025-03-27
2025-03-27,2025-03-27,CM,BSE,STK,526851,INE480H01011,AREXMIS,X,,,,,AREX INDUSTRIES LTD.,140.0,151.05,140.0,151.05,151.05,151.05,,151.05,,,238,35928.0,6,F1,1,,,,,,2025-03-27
2025-03-27,2025-03-27,CM,BSE,STK,526853,INE986A01012,BI,X,,,,,BILCARE LTD.,85.45,88.13,82.01,88.13,88.13,83.94,,88.13,,,112844,9908077.0,315,F1,1,,,,,,2025-03-27
2025-03-27,2025-03-27,CM,BSE,STK,526859,INE973B01026,ISFL,XT,,,,,ISF LIMITED,1.63,1.65,1.63,1.65,1.65,1.58,,1.65,,,600687,990893.0,141,F1,1,,,,,,2025-03-27
2025-03-27,2025-03-27,CM,BSE,STK,526861,INE988D01012,RISHILASE,X,,,,,RISHI LASER LTD.,144.5,148.0,143.0,143.8,145.0,141.45,,143.8,,,3300,478001.0,91,F1,1,,,,,,2025-03-27
2025-03-27,2025-03-27,CM,BSE,STK,526865,INE966C01010,JAINCO,XT,,,,,JAINCO PROJECTS (INDIA) LTD.,12.28,12.28,12.11,12.11,12.11,11.7,,12.11,,,24404,297898.0,78,F1,1,,,,,,2025-03-27
2025-03-27,2025-03-27,CM,BSE,STK,526871,INE017E01018,INTECCAP,X,,,,,INTEC CAPITAL LTD.,15.3,17.0,14.5,16.18,16.48,16.0,,16.18,,,2244,32864.0,17,F1,1,,,,,,2025-03-27
2025-03-27,2025-03-27,CM,BSE,STK,526873,INE184D01026,RAJGASES,X,,,,,RAJASTHAN GASES LTD.,54.91,54.91,52.33,52.33,52.33,52.3,,52.33,,,2575,140538.0,64,F1,1,,,,,,2025-03-27
2025-03-27,2025-03-27,CM,BSE,STK,526877,INE797C01019,SIDDHEGA,X,,,,,SIDDHESWARI GARMENTS LTD.,15.65,15.65,15.65,15.65,15.65,15.65,,15.65,,,1,15.0,1,F1,1,,,,,,2025-03-27
2025-03-27,2025-03-27,CM,BSE,STK,526881,INE111B01023,63MOONS,B,,,,,63 Moons Technologies Limited,823.05,844.0,819.0,828.3,828.05,820.6,,830.4,,,24501,20448983.0,1741,F1,1,,,,,,2025-03-27
2025-03-27,2025-03-27,CM,BSE,STK,526885,INE453D01025,SARLAPOLY,B,,,,,SARLA PERFORMANCE FIBERS LTD.,79.05,79.78,76.0,76.3,76.3,78.9,,76.59,,,29552,2291885.0,306,F1,1,,,,,,2025-03-27
2025-03-27,2025-03-27,CM,BSE,STK,526891,INE944C01017,MKTCREAT,X,,,,,MARKET CREATORS LTD.,13.29,14.67,13.29,14.59,14.59,13.98,,14.59,,,1131,15201.0,5,F1,1,,,,,,2025-03-27
2025-03-27,2025-03-27,CM,BSE,STK,526899,INE552B01010,HFIL,X,,,,,HIMALAYA FOOD INTERNATIONAL LI,10.11,11.9,10.11,11.09,11.09,10.67,,11.09,,,308453,3440291.0,516,F1,1,,,,,,2025-03-27
2025-03-27,2025-03-27,CM,BSE,STK,526901,INE344I01017,SONALAD,X,,,,,SONAL ADHESIVES LTD.,47.99,51.0,43.5,44.56,44.68,46.84,,44.56,,,15821,724105.0,154,F1,1,,,,,,2025-03-27
2025-03-27,2025-03-27,CM,BSE,STK,526905,INE743D01011,PADMAIND,XT,,,,,Padmanabh Industries Ltd,6.26,6.26,6.26,6.26,6.26,6.58,,6.26,,,1922,12031.0,8,F1,1,,,,,,2025-03-27
2025-03-27,2025-03-27,CM,BSE,STK,526921,INE253B01015,21STCENMGM,T,,,,,TWENTYFIRST CENTURY MANAGEMENT,69.2,69.25,68.0,68.01,68.0,67.91,,68.04,,,1391,95818.0,38,F1,1,,,,,,2025-03-27
2025-03-27,2025-03-27,CM,BSE,STK,526931,INE400G01011,HRYNSHP,X,,,,,HARIYANA SHIP BREAKERS LTD.,107.5,111.5,98.72,99.82,98.72,109.68,,99.82,,,11116,1127751.0,140,F1,1,,,,,,2025-03-27
2025-03-27,2025-03-27,CM,BSE,STK,526935,INE377D01018,ARUNIS,XT,,,,,ARUNIS ABODE LIMITED,268.85,268.85,256.05,268.5,268.55,256.05,,268.5,,,13540,3634468.0,221,F1,1,,,,,,2025-03-27
2025-03-27,2025-03-27,CM,BSE,STK,526945,INE945B01016,TYROON,X,,,,,TYROON TEA CO.LTD.,105.21,105.21,97.15,101.26,100.15,105.21,,101.26,,,2669,269044.0,60,F1,1,,,,,,2025-03-27
2025-03-27,2025-03-27,CM,BSE,STK,526947,INE059D01020,LAOPALA,B,,,,,LA OPALA RG LTD.,215.0,219.25,212.75,214.1,213.5,215.55,,213.9,,,12737,2737235.0,390,F1,1,,,,,,2025-03-27
2025-03-27,2025-03-27,CM,BSE,STK,526951,INE239C01020,STYLAMIND,B,,,,,STYLAM INDUSTRIES LIMITED,1656.85,1706.45,1606.8,1695.1,1706.45,1617.45,,1696.8,,,2307,3828193.0,476,F1,1,,,,,,2025-03-27
2025-03-27,2025-03-27,CM,BSE,STK,526953,INE411B01019,VENUSREM,B,,,,,VENUS REMEDIES LTD.,280.1,299.0,277.85,290.3,290.0,280.1,,289.75,,,13250,3768866.0,611,F1,1,,,,,,2025-03-27
2025-03-27,2025-03-27,CM,BSE,STK,526961,INE404B01022,LASTMILE,B,,,,,LAST MILE ENTERPRISES LIMITED,22.3,24.0,22.3,23.35,22.9,23.45,,23.35,,,277870,6245180.0,556,F1,1,,,,,,2025-03-27
2025-03-27,2025-03-27,CM,BSE,STK,526965,INE372D01019,GUJCRAFT,XT,,,,,GUJARAT CRAFT INDUSTRIES LTD.,157.0,157.0,157.0,157.0,157.0,160.2,,157.0,,,400,62800.0,5,F1,1,,,,,,2025-03-27
2025-03-27,2025-03-27,CM,BSE,STK,526967,INE025D01013,HEERAISP,Z,,,,,HEERA ISPAT LTD.,5.49,5.53,5.07,5.53,5.53,5.27,,5.53,,,49781,273640.0,20,F1,1,,,,,,2025-03-27
2025-03-27,2025-03-27,CM,BSE,STK,526971,INE313G01016,DHOOTIN,X,,,,,DHOOT INDUSTRIAL FINANCE LTD.,266.2,273.1,265.0,270.05,270.05,273.15,,270.05,,,3252,869854.0,72,F1,1,,,,,,2025-03-27
2025-03-27,2025-03-27,CM,BSE,STK,526981,INE402H01015,SHBAJRG,X,,,,,SHRI BAJRANG ALLIANCE LIMITED,141.9,143.95,136.0,137.95,137.95,141.1,,137.95,,,27923,3872917.0,246,F1,1,,,,,,2025-03-27
2025-03-27,2025-03-27,CM,BSE,STK,526987,INE550C01020,URJA,T,,,,,URJA GLOBAL LTD.,11.69,11.69,11.68,11.68,11.68,11.91,,11.68,,,88765,1037256.0,393,F1,1,,,,,,2025-03-27
2025-03-27,2025-03-27,CM,BSE,STK,527001,INE348A01023,ASHAPURMIN,B,,,,,ASHAPURA MINECHEM LTD.,355.9,365.0,352.0,357.4,357.4,355.6,,357.4,,,26227,9398968.0,919,F1,1,,,,,,2025-03-27
2025-03-27,2025-03-27,CM,BSE,STK,527005,INE847D01010,SHREEPAC,XT,,,,,SHREE PACETRONIX LTD.,63.63,65.99,62.01,64.05,64.05,63.41,,64.05,,,2266,144658.0,27,F1,1,,,,,,2025-03-27
2025-03-27,2025-03-27,CM,BSE,STK,530001,INE186A01019,GUJALKALI,B,,,,,GUJARAT ALKALIES & CHEMICALS L,575.0,630.0,574.5,581.05,582.5,577.35,,583.3,,,51254,31023088.0,3468,F1,1,,,,,,2025-03-27
2025-03-27,2025-03-27,CM,BSE,STK,530005,INE383A01012,INDIACEM,A,,,,,INDIA CEMENTS LTD.,267.1,279.45,265.1,277.1,277.1,267.8,,277.15,,,24660,6681253.0,874,F1,1,,,,,,2025-03-27
2025-03-27,2025-03-27,CM,BSE,STK,530007,INE573A01042,JKTYRE,A,,,,,JK TYRE & INDUSTRIES LTD.,282.0,288.0,279.6,284.45,284.45,282.9,,284.45,,,75315,21440654.0,2386,F1,1,,,,,,2025-03-27
2025-03-27,2025-03-27,CM,BSE,STK,530011,INE558B01017,MANGCHEFER,B,,,,,MANGALORE CHEMICALS & FERTILIZ,152.6,153.75,148.75,153.05,153.05,152.05,,152.75,,,2852,433024.0,185,F1,1,,,,,,2025-03-27
2025-03-27,2025-03-27,CM,BSE,STK,530017,INE173A01025,SIL,B,,,,,STANDARD INDUSTRIES LTD.,20.4,20.86,19.0,19.21,19.21,20.01,,19.12,,,83395,1630630.0,817,F1,1,,,,,,2025-03-27
2025-03-27,2025-03-27,CM,BSE,STK,530019,INE700A01033,JUBLPHARMA,A,,,,,JUBILANT PHARMOVA LIMITED,862.4,898.6,851.05,891.75,896.0,859.55,,888.7,,,6826,5974932.0,981,F1,1,,,,,,2025-03-27
2025-03-27,2025-03-27,CM,BSE,STK,530023,INE924D01017,THEINVEST,B,,,,,THE INVESTMENT TRUST OF INDIA,124.5,125.0,116.0,118.1,118.05,123.1,,117.8,,,4565,550988.0,296,F1,1,,,,,,2025-03-27
2025-03-27,2025-03-27,CM,BSE,STK,530025,INE607G01011,SAMYAKINT,X,,,,,SAMYAK INTERNATIONAL LTD.,34.97,35.94,32.0,34.63,35.94,34.8,,34.63,,,14224,484766.0,104,F1,1,,,,,,2025-03-27
2025-03-27,2025-03-27,CM,BSE,STK,530027,INE563D01013,AADIIND,X,,,,,AADI INDUSTRIES LTD.,5.6,5.6,5.52,5.6,5.6,5.6,,5.6,,,1577,8751.0,11,F1,1,,,,,,2025-03-27
2025-03-27,2025-03-27,CM,BSE,STK,530037,INE618F01010,SREEJAYA,XT,,,,,SREE JAYALAKSHMI AUTOSPIN LTD.,63.42,63.42,63.42,63.42,63.42,62.18,,63.42,,,1200,76104.0,2,F1,1,,,,,,2025-03-27
2025-03-27,2025-03-27,CM,BSE,STK,530043,INE326C01017,ACKNIT,X,,,,,ACKNIT INDUSTRIES LTD.,224.95,234.0,216.25,223.8,216.25,226.05,,223.8,,,111553,25127715.0,58,F1,1,,,,,,2025-03-27
2025-03-27,2025-03-27,CM,BSE,STK,530045,INE090D01017,TITANSEC,X,,,,,TITAN SECURITIES LTD.,34.43,34.43,33.0,33.3,33.3,34.43,,33.3,,,9225,308291.0,103,F1,1,,,,,,2025-03-27
2025-03-27,2025-03-27,CM,BSE,STK,530053,INE055E01034,REALECO,X,,,,,REAL ECO-ENERGY LIMITED,5.5,5.92,5.5,5.54,5.65,5.45,,5.54,,,254792,1405257.0,129,F1,1,,,,,,2025-03-27
2025-03-27,2025-03-27,CM,BSE,STK,530057,INE984E01035,VIVANZA,XT,,,,,Vivanza Biosciences Limited,2.03,2.03,2.03,2.03,2.03,2.07,,2.03,,,17212,34940.0,50,F1,1,,,,,,2025-03-27
2025-03-27,2025-03-27,CM,BSE,STK,530063,INE095C01018,YASHRAJC,XT,,,,,YASHRAJ CONTAINEURS LTD.,8.0,8.0,8.0,8.0,8.0,8.06,,8.0,,,254,2032.0,2,F1,1,,,,,,2025-03-27
2025-03-27,2025-03-27,CM,BSE,STK,530067,INE718F01018,CSLFINANCE,B,,,,,CSL Finance Limited,266.0,269.5,254.35,254.95,255.0,265.5,,255.25,,,10249,2650968.0,407,F1,1,,,,,,2025-03-27
2025-03-27,2025-03-27,CM,BSE,STK,530073,INE989A01032,SANGHVIMOV,B,,,,,SANGHVI MOVERS LTD.,233.5,257.8,231.3,250.55,256.45,233.3,,249.75,,,75732,18547169.0,2307,F1,1,,,,,,2025-03-27
2025-03-27,2025-03-27,CM,BSE,STK,530075,INE818A01017,SELAN,B,,,,,SELAN EXPLORATION TECHNOLOGY L,583.4,588.45,553.05,560.3,560.3,573.05,,564.0,,,28444,16063707.0,1869,F1,1,,,,,,2025-03-27
2025-03-27,2025-03-27,CM,BSE,STK,530077,INE795D01011,PURETROP,X,,,,,PURETROP FRUITS LIMITED,108.3,114.95,108.3,111.3,111.3,109.95,,111.3,,,48173,5396311.0,123,F1,1,,,,,,2025-03-27
2025-03-27,2025-03-27,CM,BSE,STK,530079,INE963C01033,FAZE3Q,B,,,,,FAZE THREE LTD.,371.0,372.35,353.1,353.95,354.0,368.45,,354.45,,,1664,594804.0,152,F1,1,,,,,,2025-03-27
2025-03-27,2025-03-27,CM,BSE,STK,530095,INE656B01027,PRADHIN,XT,,,,,PRADHIN LIMITED,0.55,0.55,0.55,0.55,0.55,0.56,,0.55,,,199671,109819.0,172,F1,1,,,,,,2025-03-27
2025-03-27,2025-03-27,CM,BSE,STK,530109,INE069B01023,ANUPAM,X,,,,,ANUPAM FINSERV LIMITED,1.59,1.6,1.54,1.55,1.56,1.58,,1.55,,,232456,362667.0,244,F1,1,,,,,,2025-03-27
2025-03-27,2025-03-27,CM,BSE,STK,530111,INE639C01013,RAJPACK,X,,,,,RAJ PACKAGING INDUSTRIES LTD.,28.89,28.89,25.12,27.13,27.0,27.59,,27.13,,,52307,1319749.0,42,F1,1,,,,,,2025-03-27
2025-03-27,2025-03-27,CM,BSE,STK,530117,INE959A01019,PRIVISCL,B,,,,,PRIVI SPECIALITY CHEMICALS LIM,1498.0,1633.0,1498.0,1626.55,1625.0,1510.2,,1627.65,,,9919,15956852.0,549,F1,1,,,,,,2025-03-27
2025-03-27,2025-03-27,CM,BSE,STK,530119,INE444D01016,NATRAJPR,X,,,,,NATRAJ PROTEINS LTD.,40.75,40.75,38.0,38.0,38.0,39.94,,38.0,,,503,19133.0,5,F1,1,,,,,,2025-03-27
2025-03-27,2025-03-27,CM,BSE,STK,530125,INE103E01016,SAMRATPH,X,,,,,SAMRAT PHARMACHEM LTD.,322.0,326.0,313.05,317.5,319.95,322.6,,317.5,,,16777,5346207.0,206,F1,1,,,,,,2025-03-27
2025-03-27,2025-03-27,CM,BSE,STK,530127,INE446D01011,NPRFIN,X,,,,,NPR FINANCE LTD.,24.89,24.89,22.7,24.2,24.2,24.9,,24.2,,,868,20518.0,39,F1,1,,,,,,2025-03-27
2025-03-27,2025-03-27,CM,BSE,STK,530129,INE445D01013,NILE,X,,,,,NILE LTD.,1559.0,1569.9,1475.0,1522.85,1522.85,1559.2,,1522.85,,,6338,9732574.0,305,F1,1,,,,,,2025-03-27
2025-03-27,2025-03-27,CM,BSE,STK,530131,INE225C01029,UDAICEMENT,B,,,,,UDAIPUR CEMENT WORKS LTD.,24.7,24.75,23.93,24.08,24.08,24.74,,24.1,,,256929,6229914.0,2254,F1,1,,,,,,2025-03-27
2025-03-27,2025-03-27,CM,BSE,STK,530133,INE924B01011,AMCOIND,X,,,,,AMCO INDIA LTD.,66.81,66.81,63.0,63.01,63.01,66.48,,63.01,,,1642,106805.0,24,F1,1,,,,,,2025-03-27
2025-03-27,2025-03-27,CM,BSE,STK,530135,INE350C01017,OPTIEMUS,B,,,,,OPTIEMUS INFRACOM LTD,408.05,430.2,406.7,430.2,430.2,409.75,,431.6,,,6994,2938622.0,325,F1,1,,,,,,2025-03-27
2025-03-27,2025-03-27,CM,BSE,STK,530139,INE302C01018,KREONFIN,X,,,,,KREON FINNANCIAL SERVICES LTD.,20.06,20.97,20.06,20.5,20.5,20.06,,20.5,,,6113,125388.0,14,F1,1,,,,,,2025-03-27
2025-03-27,2025-03-27,CM,BSE,STK,530145,INE017C01012,KISAN,X,,,,,KISAN MOULDINGS LTD.,37.15,39.85,37.0,37.57,37.57,38.48,,37.57,,,305370,11517939.0,488,F1,1,,,,,,2025-03-27
2025-03-27,2025-03-27,CM,BSE,STK,530163,INE817B01025,KERALAYUR,X,,,,,KERALA AYURVEDA LTD.,363.9,363.9,345.05,352.5,352.5,355.7,,352.5,,,14393,5073169.0,76,F1,1,,,,,,2025-03-27
2025-03-27,2025-03-27,CM,BSE,STK,530167,INE153K01018,MONGIPA,X,,,,,MOONGIPA CAPITAL FINANCE LTD.,19.12,20.5,19.12,19.83,19.67,19.61,,19.83,,,12817,254223.0,14,F1,1,,,,,,2025-03-27
2025-03-27,2025-03-27,CM,BSE,STK,530169,INE388C01017,MOHITPPR,X,,,,,MOHIT PAPER MILLS LTD.,29.75,30.0,29.01,30.0,30.0,28.92,,30.0,,,2029,59976.0,18,F1,1,,,,,,2025-03-27
2025-03-27,2025-03-27,CM,BSE,STK,530171,INE108C01019,DAULAT,X,,,,,DAULAT SECURITIES LTD.,40.35,41.0,37.65,39.38,40.45,41.17,,39.38,,,3685,147502.0,52,F1,1,,,,,,2025-03-27
2025-03-27,2025-03-27,CM,BSE,STK,530175,INE213B01019,ODYSSEY,X,,,,,ODYSSEY TECHNOLOGIES LTD.,84.99,84.99,81.05,81.51,82.8,81.79,,81.51,,,13069,1070270.0,96,F1,1,,,,,,2025-03-27
2025-03-27,2025-03-27,CM,BSE,STK,530179,INE015F01019,RSCINT,X,,,,,RSC INTERNATIONAL LTD.,31.29,31.29,31.29,31.29,31.29,29.8,,31.29,,,310,9699.0,2,F1,1,,,,,,2025-03-27
2025-03-27,2025-03-27,CM,BSE,STK,530185,INE936A01025,SURATRAML,X,,,,,Surat Trade and Mercantile Lim,6.41,6.7,6.41,6.52,6.57,6.62,,6.52,,,189989,1246659.0,403,F1,1,,,,,,2025-03-27
2025-03-27,2025-03-27,CM,BSE,STK,530187,INE354E01031,ATHARVENT,XT,,,,,ATHARV ENTERPRISES LTD.,2.91,2.92,2.91,2.92,2.92,2.9,,2.92,,,1077,3139.0,8,F1,1,,,,,,2025-03-27
2025-03-27,2025-03-27,CM,BSE,STK,530197,INE365H01014,FUNDVISER,X,,,,,FUNDVISER CAPITAL (INDIA) LIMI,144.85,144.85,139.95,139.95,139.95,139.0,,139.95,,,32301,4643025.0,6,F1,1,,,,,,2025-03-27
2025-03-27,2025-03-27,CM,BSE,STK,530199,INE083B01024,THEMISMED,B,,,,,THEMIS MEDICARE LTD.,149.1,155.6,147.4,153.85,148.5,148.85,,154.0,,,32722,4956560.0,1232,F1,1,,,,,,2025-03-27
2025-03-27,2025-03-27,CM,BSE,STK,530201,INE629F01025,KALLAM,X,,,,,KALLAM TEXTILES LTD,3.75,3.75,3.5,3.68,3.68,3.75,,3.68,,,609979,2227977.0,225,F1,1,,,,,,2025-03-27
2025-03-27,2025-03-27,CM,BSE,STK,530207,INE899B01015,BRAWN,X,,,,,BRAWN BIOTECH LTD.,16.54,16.55,16.54,16.55,16.55,17.4,,16.55,,,300,4964.0,4,F1,1,,,,,,2025-03-27
2025-03-27,2025-03-27,CM,BSE,STK,530213,INE501D01013,FORINTL,X,,,,,FORTUNE INTERNATIONAL LTD.,55.37,56.5,53.9,53.91,53.91,56.5,,53.91,,,241,13062.0,12,F1,1,,,,,,2025-03-27
2025-03-27,2025-03-27,CM,BSE,STK,530215,INE050N01010,KINGSINFR,X,,,,,KINGS INFRA VENTURES LIMITED,131.5,131.5,123.0,124.85,124.85,128.1,,124.85,,,38665,4894760.0,254,F1,1,,,,,,2025-03-27
2025-03-27,2025-03-27,CM,BSE,STK,530217,INE295B01016,SWOJAS,X,,,,,SWOJAS FOODS LIMITED,15.39,15.4,14.97,15.24,15.34,15.1,,15.24,,,304611,4614749.0,118,F1,1,,,,,,2025-03-27
2025-03-27,2025-03-27,CM,BSE,STK,530231,INE690D01014,SUBSM,XT,,,,,SUBHASH SILK MILLS LTD.,80.8,82.41,80.8,82.41,82.41,80.8,,82.41,,,60,4849.0,4,F1,1,,,,,,2025-03-27
2025-03-27,2025-03-27,CM,BSE,STK,530233,INE292C01011,AUROLAB,X,,,,,AURO LABORATORIES LTD.,234.0,242.9,225.4,231.75,231.75,238.9,,231.75,,,6469,1517612.0,69,F1,1,,,,,,2025-03-27
2025-03-27,2025-03-27,CM,BSE,STK,530235,INE533C01018,KJMCFIN,X,,,,,KJMC FINANCIAL SERVICES LTD.,91.21,93.0,89.52,90.12,90.0,95.39,,90.12,,,657,59334.0,33,F1,1,,,,,,2025-03-27
2025-03-27,2025-03-27,CM,BSE,STK,530239,INE495B01038,SUVEN,B,,,,,SUVEN LIFE SCIENCES LTD.,115.6,117.05,113.8,114.85,114.65,116.1,,114.75,,,6836,787471.0,375,F1,1,,,,,,2025-03-27
2025-03-27,2025-03-27,CM,BSE,STK,530245,INE032E01017,ARYAMAN,X,,,,,ARYAMAN FINANCIAL SERVICES LTD,492.0,509.8,492.0,504.35,509.8,505.05,,504.35,,,92,45927.0,14,F1,1,,,,,,2025-03-27
2025-03-27,2025-03-27,CM,BSE,STK,530249,INE958C01025,BRIDGESE,XT,,,,,BRIDGE SECURITIES LTD.,9.75,9.99,9.49,9.89,9.89,9.8,,9.89,,,130001,1247806.0,405,F1,1,,,,,,2025-03-27
2025-03-27,2025-03-27,CM,BSE,STK,530251,INE001O01029,RISAINTL,XT,,,,,RISA INTERNATIONAL LTD.,0.96,0.96,0.96,0.96,0.96,0.97,,0.96,,,56279,54027.0,58,F1,1,,,,,,2025-03-27
2025-03-27,2025-03-27,CM,BSE,STK,530253,INE497E01012,RAJTUBE,XT,,,,,RAJASTHAN TUBE MANUFACTURING C,214.95,219.2,210.7,219.2,219.2,214.95,,219.2,,,14032,3068852.0,49,F1,1,,,,,,2025-03-27
2025-03-27,2025-03-27,CM,BSE,STK,530255,INE961B01013,KAYPOWR,X,,,,,KAY POWER AND PAPER LTD.,24.3,25.72,22.0,22.19,22.75,26.23,,22.19,,,60372,1414220.0,77,F1,1,,,,,,2025-03-27
2025-03-27,2025-03-27,CM,BSE,STK,530259,INE003B01014,INTSTOIL,X,,,,,INTER STATE OIL CARRIER LTD.,34.0,34.85,32.35,34.16,34.0,34.92,,34.16,,,2619,87629.0,34,F1,1,,,,,,2025-03-27
2025-03-27,2025-03-27,CM,BSE,STK,530263,INE062C01042,GLOBALCA,X,,,,,GLOBAL CAPITAL MARKETS LTD.,0.73,0.73,0.7,0.71,0.71,0.7,,0.71,,,400609,284625.0,338,F1,1,,,,,,2025-03-27
2025-03-27,2025-03-27,CM,BSE,STK,530265,INE584B01013,SAINIK,X,,,,,SAINIK FINANCE & INDUSTRIES LT,37.0,39.92,33.35,35.15,35.15,39.92,,35.15,,,351,12984.0,7,F1,1,,,,,,2025-03-27
2025-03-27,2025-03-27,CM,BSE,STK,530267,INE021N01011,ARIGATO,XT,,,,,ARIGATO UNIVERSE LIMITED,61.0,62.01,60.34,60.35,60.35,63.51,,60.35,,,2728,166303.0,16,F1,1,,,,,,2025-03-27
2025-03-27,2025-03-27,CM,BSE,STK,530281,INE373C01019,QUANTDIA,X,,,,,QUANTUM DIGITAL VISION (INDIA),29.12,29.12,27.67,28.98,28.98,29.12,,28.98,,,16,446.0,4,F1,1,,,,,,2025-03-27
2025-03-27,2025-03-27,CM,BSE,STK,530289,INE102F01015,SPCAPIT,X,,,,,SP CAPITAL FINANCING LTD.,49.99,55.0,42.0,45.11,45.11,50.0,,45.11,,,4221,190440.0,54,F1,1,,,,,,2025-03-27
2025-03-27,2025-03-27,CM,BSE,STK,530291,INE791C01012,PAOS,XT,,,,,PAOS INDUSTRIES LIMITED,41.8,46.2,41.8,46.2,46.2,44.0,,46.2,,,894,40799.0,14,F1,1,,,,,,2025-03-27
2025-03-27,2025-03-27,CM,BSE,STK,530295,INE418K01015,SHRAJOI,XT,,,,,SHRI RAJIVLOCHAN OIL EXTRACTIO,35.59,35.59,35.59,35.59,35.59,33.9,,35.59,,,11,391.0,2,F1,1,,,,,,2025-03-27
2025-03-27,2025-03-27,CM,BSE,STK,530299,INE823A01017,KOTHARIPRO,B,,,,,KOTHARI PRODUCTS LTD.,72.56,73.52,68.1,69.46,70.28,71.12,,70.04,,,3419,240321.0,280,F1,1,,,,,,2025-03-27
2025-03-27,2025-03-27,CM,BSE,STK,530305,INE546C01010,PICCADIL,B,,,,,PICCADILY AGRO INDUSTRIES LTD.,597.9,600.0,571.1,574.45,574.45,601.15,,574.45,,,215183,124216302.0,5978,F1,1,,,,,,2025-03-27
2025-03-27,2025-03-27,CM,BSE,STK,530307,INE419D01026,CLSEL,B,,,,,CHAMAN LAL SETIA EXPORTS LTD.,305.95,307.4,300.85,305.95,307.3,302.75,,305.9,,,4143,1265071.0,296,F1,1,,,,,,2025-03-27
2025-03-27,2025-03-27,CM,BSE,STK,530309,INE368D01025,CHANDRAP,X,,,,,CHANDRA PRABHU INTERNATIONAL L,17.3,19.6,17.3,17.9,17.76,17.85,,17.9,,,55668,1015978.0,177,F1,1,,,,,,2025-03-27
2025-03-27,2025-03-27,CM,BSE,STK,530313,INE285U01025,KIMIABL,X,,,,,KIMIA BIOSCIENCES LIMITED,44.51,44.51,43.0,43.43,43.0,44.64,,43.43,,,478,20870.0,16,F1,1,,,,,,2025-03-27
2025-03-27,2025-03-27,CM,BSE,STK,530315,INE428D01019,HINDTIN,X,,,,,HINDUSTAN TIN WORKS LTD.,151.9,151.9,143.6,145.65,145.65,149.3,,145.65,,,13052,1911540.0,190,F1,1,,,,,,2025-03-27
2025-03-27,2025-03-27,CM,BSE,STK,530317,INE362C01012,GODAVARI,X,,,,,GODAVARI DRUGS LTD.,93.0,93.0,87.61,89.64,89.64,92.98,,89.64,,,7835,701518.0,165,F1,1,,,,,,2025-03-27
2025-03-27,2025-03-27,CM,BSE,STK,530331,INE001E01012,PREMCO,X,,,,,PREMCO GLOBAL LTD.,435.0,456.95,422.0,427.05,427.05,432.5,,427.05,,,1366,588695.0,59,F1,1,,,,,,2025-03-27
2025-03-27,2025-03-27,CM,BSE,STK,530341,INE596B01017,MUKESHB,X,,,,,MUKESH BABU FINANCIAL SERVICES,130.0,130.0,129.95,129.95,129.95,121.7,,129.95,,,18,2339.0,6,F1,1,,,,,,2025-03-27
2025-03-27,2025-03-27,CM,BSE,STK,530343,INE955D01029,GENUSPOWER,A,,,,,GENUS POWER INFRASTRUCTURES LT,261.4,274.0,261.4,272.35,273.25,266.55,,272.25,,,59328,15933684.0,1313,F1,1,,,,,,2025-03-27
2025-03-27,2025-03-27,CM,BSE,STK,530355,INE276G01015,ASIANENE,B,,,,,ASIAN ENERGY SERVICES LTD,261.0,267.65,249.75,251.45,254.0,259.15,,251.5,,,19337,4938239.0,599,F1,1,,,,,,2025-03-27
2025-03-27,2025-03-27,CM,BSE,STK,530357,INE883D01023,KBSINDIA,X,,,,,KBS INDIA LIMITED,5.68,6.04,5.45,5.54,5.54,5.68,,5.54,,,189674,1080126.0,170,F1,1,,,,,,2025-03-27
2025-03-27,2025-03-27,CM,BSE,STK,530361,INE428P01013,PRABHHANS,XT,,,,,PRABHHANS INDUSTRIES LIMITED,124.0,124.0,118.5,120.3,123.9,119.05,,120.3,,,4643,565447.0,25,F1,1,,,,,,2025-03-27
2025-03-27,2025-03-27,CM,BSE,STK,530363,INE071E01023,UGARSUGAR,B,,,,,UGAR SUGAR WORKS LTD.,44.6,45.79,44.17,44.65,44.51,44.86,,44.75,,,176741,7919231.0,1322,F1,1,,,,,,2025-03-27
2025-03-27,2025-03-27,CM,BSE,STK,530365,INE607D01018,ORIENTBELL,B,,,,,ORIENT BELL LIMITED,237.15,238.8,215.2,228.45,226.1,233.75,,233.9,,,2472,559718.0,225,F1,1,,,,,,2025-03-27
2025-03-27,2025-03-27,CM,BSE,STK,530367,INE349A01021,NRBBEARING,B,,,,,NRB BEARINGS LTD.,213.05,214.65,200.0,202.8,203.95,213.6,,202.2,,,24292,4999161.0,1059,F1,1,,,,,,2025-03-27
2025-03-27,2025-03-27,CM,BSE,STK,530369,INE380C01014,VAMSHIRU,X,,,,,VAMSHI RUBBER LTD.,41.0,41.97,39.53,41.2,40.5,41.61,,41.2,,,4974,201336.0,54,F1,1,,,,,,2025-03-27
2025-03-27,2025-03-27,CM,BSE,STK,530377,INE937C01029,NILAINFRA,B,,,,,NILA INFRASTRUCTURES LTD.,9.29,9.64,8.93,8.98,8.98,9.48,,8.97,,,385209,3511255.0,1727,F1,1,,,,,,2025-03-27
2025-03-27,2025-03-27,CM,BSE,STK,530393,INE921B01025,DBSTOCKBRO,B,,,,,DB (INTERNATIONAL) STOCK BROKE,29.5,29.5,28.4,28.5,28.4,29.32,,28.24,,,38844,1111771.0,353,F1,1,,,,,,2025-03-27
2025-03-27,2025-03-27,CM,BSE,STK,530401,INE526H01011,VINYOFL,X,,,,,VINYOFLEX LTD.,65.25,66.01,63.25,64.51,65.55,65.25,,64.51,,,3482,223247.0,36,F1,1,,,,,,2025-03-27
2025-03-27,2025-03-27,CM,BSE,STK,530405,INE356F01017,JINDCAP,X,,,,,JINDAL CAPITAL LTD.,42.0,42.0,39.47,39.99,40.0,41.54,,39.99,,,7956,316216.0,68,F1,1,,,,,,2025-03-27
2025-03-27,2025-03-27,CM,BSE,STK,530407,INE932F01015,EPIC,XT,,,,,EPIC ENERGY LTD.,48.32,50.28,48.32,50.28,50.28,49.3,,50.28,,,38012,1860597.0,162,F1,1,,,,,,2025-03-27
2025-03-27,2025-03-27,CM,BSE,STK,530419,INE886B01012,SUMEDHA,XT,,,,,SUMEDHA FISCAL SERVICES LTD.,70.0,70.0,67.77,67.77,67.77,69.15,,67.77,,,1613,109877.0,12,F1,1,,,,,,2025-03-27
2025-03-27,2025-03-27,CM,BSE,STK,530421,INE430F01010,KUWERIN,X,,,,,KUWER INDUSTRIES LTD.,10.41,10.74,9.92,10.23,10.23,10.41,,10.23,,,9227,92765.0,34,F1,1,,,,,,2025-03-27
2025-03-27,2025-03-27,CM,BSE,STK,530427,INE865B01016,CHOKSI,X,,,,,CHOKSI IMAGING LTD.,68.5,68.5,66.0,66.01,66.0,68.5,,66.01,,,1362,90824.0,26,F1,1,,,,,,2025-03-27
2025-03-27,2025-03-27,CM,BSE,STK,530429,INE831C01016,ASHISHPO,X,,,,,ASHISH POLYPLAST LTD.,40.61,40.7,40.61,40.61,40.61,42.74,,40.61,,,1509,61284.0,31,F1,1,,,,,,2025-03-27
2025-03-27,2025-03-27,CM,BSE,STK,530433,INE960E01019,SHIVAAGRO,X,,,,,SHIVA GLOBAL AGRO INDUSTRIES L,41.9,41.9,36.0,36.59,37.99,36.92,,36.59,,,20193,751318.0,78,F1,1,,,,,,2025-03-27
2025-03-27,2025-03-27,CM,BSE,STK,530439,INE140C01012,SIDDHA,XT,,,,,SIDDHA VENTURES LTD.,7.55,7.92,7.5,7.89,7.89,7.55,,7.89,,,17871,136212.0,85,F1,1,,,,,,2025-03-27
2025-03-27,2025-03-27,CM,BSE,STK,530443,INE293D01017,KIRANSY-B,X,,,,,KIRAN SYNTEX LTD.,7.48,7.49,7.48,7.49,7.49,7.14,,7.49,,,1150,8607.0,5,F1,1,,,,,,2025-03-27
2025-03-27,2025-03-27,CM,BSE,STK,530445,INE764B01029,SUMERUIND,X,,,,,SUMERU INDUSTRIES LTD.,2.15,2.15,1.97,2.12,2.13,2.14,,2.12,,,13482,27093.0,50,F1,1,,,,,,2025-03-27
2025-03-27,2025-03-27,CM,BSE,STK,530449,INE347C01013,RUNGTAIR,X,,,,,RUNGTA IRRIGATION LTD.,65.01,72.0,65.01,67.6,67.6,70.0,,67.6,,,2546,169709.0,72,F1,1,,,,,,2025-03-27
2025-03-27,2025-03-27,CM,BSE,STK,530457,INE959B01017,GTTDATA,X,,,,,GTT DATA SOLUTIONS LIMITED,92.99,94.45,89.99,90.75,91.5,90.97,,90.75,,,19919,1813242.0,137,F1,1,,,,,,2025-03-27
2025-03-27,2025-03-27,CM,BSE,STK,530459,INE808A01018,VALSONQ,X,,,,,VALSON INDUSTRIES LTD.,23.75,24.75,23.5,24.3,24.3,23.45,,24.3,,,924,22425.0,18,F1,1,,,,,,2025-03-27
2025-03-27,2025-03-27,CM,BSE,STK,530461,INE440C01016,SABOOSOD,X,,,,,SABOO SODIUM CHLORO LTD.,17.21,18.47,17.05,17.26,17.26,17.32,,17.26,,,190086,3352997.0,260,F1,1,,,,,,2025-03-27
2025-03-27,2025-03-27,CM,BSE,STK,530469,INE721D01017,GSLSEC,XT,,,,,GSL SECURITIES LTD.,23.35,23.35,23.35,23.35,23.35,22.9,,23.35,,,334,7798.0,5,F1,1,,,,,,2025-03-27
2025-03-27,2025-03-27,CM,BSE,STK,530475,INE015C01016,TINNARUBR,B,,,,,TINNA RUBBER AND INFRASTRUCTUR,953.0,965.0,934.95,948.3,953.5,950.7,,948.3,,,28480,26907642.0,1448,F1,1,,,,,,2025-03-27
2025-03-27,2025-03-27,CM,BSE,STK,530477,INE337E01010,VIKRAMTH,X,,,,,VIKRAM THERMO (INDIA) LTD.,179.0,179.0,165.0,169.5,168.0,175.1,,169.5,,,32540,5580009.0,392,F1,1,,,,,,2025-03-27
2025-03-27,2025-03-27,CM,BSE,STK,530495,INE473C01025,STRATMONT,XT,,,,,STRATMONT INDUSTRIES LIMITED,68.4,68.4,67.1,67.1,67.1,68.43,,67.1,,,722,48928.0,19,F1,1,,,,,,2025-03-27
2025-03-27,2025-03-27,CM,BSE,STK,530499,INE701G01012,AKCAPIT,X,,,,,A.K.CAPITAL SERVICES LTD.,1028.0,1098.0,1020.0,1022.2,1020.0,1026.05,,1022.2,,,170,177832.0,26,F1,1,,,,,,2025-03-27
2025-03-27,2025-03-27,CM,BSE,STK,530517,INE131B01039,RELAXO,A,,,,,RELAXO FOOTWEARS LTD.,411.25,419.45,410.0,417.6,417.6,417.1,,416.75,,,19965,8278849.0,823,F1,1,,,,,,2025-03-27
2025-03-27,2025-03-27,CM,BSE,STK,530521,INE467D01017,VIRAT,XT,,,,,VIRAT INDUSTRIES LTD.,324.0,324.0,311.6,311.6,311.6,317.95,,311.6,,,3944,1233935.0,8,F1,1,,,,,,2025-03-27
2025-03-27,2025-03-27,CM,BSE,STK,530525,INE786J01033,RRETAIL,XT,,,,,RAJNISH RETAIL LIMITED,7.59,7.59,7.3,7.4,7.45,7.59,,7.4,,,158655,1176246.0,665,F1,1,,,,,,2025-03-27
2025-03-27,2025-03-27,CM,BSE,STK,530533,INE390D01011,TERAI,X,,,,,TERAI TEA CO.LTD.,149.9,149.9,149.2,149.9,149.9,142.8,,149.9,,,5471,820068.0,59,F1,1,,,,,,2025-03-27
2025-03-27,2025-03-27,CM,BSE,STK,530545,INE949B01018,COSCO,X,,,,,COSCO (INDIA) LTD.,249.7,249.7,219.2,227.45,227.45,249.6,,227.45,,,1176,269975.0,57,F1,1,,,,,,2025-03-27
2025-03-27,2025-03-27,CM,BSE,STK,530547,INE395E01018,KENFIN,X,,,,,KEN FINANCIAL SERVICES LTD.,13.91,13.91,13.91,13.91,13.91,14.64,,13.91,,,20000,278200.0,6,F1,1,,,,,,2025-03-27
2025-03-27,2025-03-27,CM,BSE,STK,530549,INE790G01031,SHILPAMED,A,,,,,SHILPA MEDICARE LTD.,665.45,687.0,664.45,683.05,687.0,668.5,,683.7,,,6180,4184699.0,499,F1,1,,,,,,2025-03-27
2025-03-27,2025-03-27,CM,BSE,STK,530555,INE074B01023,PARACABLES,B,,,,,PARAMOUNT COMMUNICATIONS LTD.,49.51,51.9,47.93,51.18,51.18,49.46,,51.12,,,313522,15744665.0,1855,F1,1,,,,,,2025-03-27
2025-03-27,2025-03-27,CM,BSE,STK,530557,INE132F01038,NCLRESE,X,,,,,NCL RESEARCH & FINANCIAL SERVI,0.65,0.67,0.64,0.65,0.65,0.64,,0.65,,,3129649,2034930.0,1667,F1,1,,,,,,2025-03-27
2025-03-27,2025-03-27,CM,BSE,STK,530565,INE149B01015,POPEES,XT,,,,,POPEES CARES LIMITED,55.12,57.36,55.12,55.12,55.12,56.24,,55.12,,,28621,1599958.0,38,F1,1,,,,,,2025-03-27
2025-03-27,2025-03-27,CM,BSE,STK,530577,INE519D01015,LADDERUP,X,,,,,LADDERUP FINANCE LTD.,45.6,45.6,45.6,45.6,45.6,48.0,,45.6,,,1644,74966.0,20,F1,1,,,,,,2025-03-27
2025-03-27,2025-03-27,CM,BSE,STK,530579,INE152C01025,UYFINCORP,B,,,,,U. Y. FINCORP LIMITED,17.15,19.0,16.81,17.19,17.19,17.23,,17.21,,,85324,1521981.0,812,F1,1,,,,,,2025-03-27
2025-03-27,2025-03-27,CM,BSE,STK,530581,INE906L01025,EKAMLEA,X,,,,,EKAM LEASING & FINANCE CO.LTD.,6.5,7.18,6.5,6.5,6.5,6.84,,6.5,,,471,3064.0,8,F1,1,,,,,,2025-03-27
2025-03-27,2025-03-27,CM,BSE,STK,530585,INE691C01022,SWASTIKA,X,,,,,SWASTIKA INVESTMART LTD.,120.0,121.55,114.05,117.05,115.65,121.65,,117.05,,,28108,3306051.0,269,F1,1,,,,,,2025-03-27
2025-03-27,2025-03-27,CM,BSE,STK,530589,INE573B01016,PRIMAPLA,X,,,,,PRIMA PLASTICS LTD.,125.0,133.65,122.25,126.5,126.5,126.6,,126.5,,,12398,1608957.0,132,F1,1,,,,,,2025-03-27
2025-03-27,2025-03-27,CM,BSE,STK,530595,INE381G01013,TELECANOR,XT,,,,,TELECANOR GLOBAL LTD.,9.45,9.48,8.58,8.58,8.58,9.03,,8.58,,,9560,82421.0,10,F1,1,,,,,,2025-03-27
2025-03-27,2025-03-27,CM,BSE,STK,530601,INE582C01015,JAGSONFI,XT,,,,,JAGSONPAL FINANCE & LEASING LT,49.29,49.29,49.29,49.29,49.29,50.29,,49.29,,,151,7442.0,3,F1,1,,,,,,2025-03-27
2025-03-27,2025-03-27,CM,BSE,STK,530615,INE194E01015,GARGFUR,X,,,,,GARG FURNACE LTD.,180.0,180.0,170.0,170.95,170.0,180.25,,170.95,,,5054,877622.0,142,F1,1,,,,,,2025-03-27
2025-03-27,2025-03-27,CM,BSE,STK,530617,INE375C01014,SAMPRE,XT,,,,,SAMPRE NUTRITIONS LTD.,21.85,23.99,21.84,21.99,21.99,22.98,,21.99,,,109901,2423520.0,119,F1,1,,,,,,2025-03-27
2025-03-27,2025-03-27,CM,BSE,STK,530621,INE864E01021,AAIL,X,,,,,Akar Auto Industries Limited,100.1,100.4,93.5,94.75,95.95,97.95,,94.75,,,18759,1785535.0,131,F1,1,,,,,,2025-03-27
2025-03-27,2025-03-27,CM,BSE,STK,530627,INE834D01018,VIPULORG,X,,,,,Vipul Organics Limited,136.9,136.9,129.1,131.8,132.0,130.3,,131.8,,,42542,5667899.0,204,F1,1,,,,,,2025-03-27
2025-03-27,2025-03-27,CM,BSE,STK,530643,INE316A01038,ECORECO,T,,,,,ECO RECYCLING LTD.,704.0,704.0,675.0,685.75,689.85,698.45,,685.75,,,13751,9458031.0,542,F1,1,,,,,,2025-03-27
2025-03-27,2025-03-27,CM,BSE,STK,530655,INE127I01024,GOODLUCK,B,,,,,Goodluck India Limited,718.05,733.25,706.1,720.7,722.0,719.05,,721.3,,,15624,11200870.0,876,F1,1,,,,,,2025-03-27
2025-03-27,2025-03-27,CM,BSE,STK,530663,INE912B01032,GOYALASS,X,,,,,GOYAL ASSOCIATES LTD.,1.46,1.46,1.38,1.42,1.43,1.45,,1.42,,,46942,66975.0,122,F1,1,,,,,,2025-03-27
2025-03-27,2025-03-27,CM,BSE,STK,530665,INE812B01026,ZENITHHE,X,,,,,ZENITH HEALTH CARE LTD.,4.87,4.87,4.28,4.34,4.34,4.72,,4.34,,,106655,472464.0,395,F1,1,,,,,,2025-03-27
2025-03-27,2025-03-27,CM,BSE,STK,530669,INE035401020,ACEENGITEC,XT,,,,,ACE ENGITECH LIMITED,194.9,195.85,194.9,195.85,195.85,195.85,,195.85,,,5,977.0,2,F1,1,,,,,,2025-03-27
2025-03-27,2025-03-27,CM,BSE,STK,530677,INE822E01011,SUPREME,B,,,,,SUPREME HOLDINGS & HOSPITALITY,89.56,90.46,87.5,89.55,89.0,91.97,,88.42,,,2957,263017.0,268,F1,1,,,,,,2025-03-27
2025-03-27,2025-03-27,CM,BSE,STK,530689,INE624M01014,LYKISLTD,X,,,,,LYKIS LIMITED,31.19,31.19,28.22,28.88,29.0,30.83,,28.88,,,65125,1890895.0,449,F1,1,,,,,,2025-03-27
2025-03-27,2025-03-27,CM,BSE,STK,530695,INE233C01023,PRIMEPRO,X,,,,,PRIME PROPERTY DEVELOPMENT COR,39.0,39.5,38.0,38.8,38.8,39.75,,38.8,,,6597,251426.0,29,F1,1,,,,,,2025-03-27
2025-03-27,2025-03-27,CM,BSE,STK,530697,INE546F01013,ZENLABS,X,,,,,Zenlabs Ethica Limited,32.67,34.8,31.2,32.1,32.1,31.06,,32.1,,,13720,431740.0,50,F1,1,,,,,,2025-03-27
2025-03-27,2025-03-27,CM,BSE,STK,530699,INE533D01032,RAJRILTD,T,,,,,RAJ RAYON INDUSTRIES LIMITED,19.92,20.3,19.7,19.76,20.3,19.91,,19.87,,,20818,415308.0,92,F1,1,,,,,,2025-03-27
2025-03-27,2025-03-27,CM,BSE,STK,530705,INE161F01011,ANIRIT,XT,,,,,ANIRIT VENTURES LIMITED,116.85,119.7,114.0,119.7,119.7,114.0,,119.7,,,466,55339.0,8,F1,1,,,,,,2025-03-27
2025-03-27,2025-03-27,CM,BSE,STK,530709,INE225G01012,GOWRALE,XT,,,,,GOWRA LEASING & FINANCE LTD.,70.0,70.0,69.0,69.1,69.1,70.0,,69.1,,,931,65010.0,8,F1,1,,,,,,2025-03-27
2025-03-27,2025-03-27,CM,BSE,STK,530711,INE144C01014,JAGANLAM,X,,,,,JAGAN LAMPS LTD.,79.8,79.8,72.01,72.87,73.0,77.9,,72.87,,,7465,549291.0,130,F1,1,,,,,,2025-03-27
2025-03-27,2025-03-27,CM,BSE,STK,530715,INE093B01015,ALPSINDUS,T,,,,,ALPS INDUSTRIES LTD.,2.2,2.2,2.01,2.05,2.05,2.11,,2.0,,,13614,28793.0,50,F1,1,,,,,,2025-03-27
2025-03-27,2025-03-27,CM,BSE,STK,530723,INE041B01014,ASITCFIN,X,,,,,ASIT C.MEHTA FINANCIAL SERVICE,101.0,105.9,99.5,102.0,101.0,101.0,,102.0,,,14910,1516696.0,56,F1,1,,,,,,2025-03-27
2025-03-27,2025-03-27,CM,BSE,STK,530733,INE900O01014,ENCODE,X,,,,,ENCODE PACKAGING INDIA LIMITED,14.19,14.26,14.19,14.26,14.26,14.93,,14.26,,,3302,46856.0,11,F1,1,,,,,,2025-03-27
2025-03-27,2025-03-27,CM,BSE,STK,530735,INE897A01011,SUPERBAK,X,,,,,SUPER BAKERS (INDIA) LTD.,30.81,30.81,30.8,30.8,30.8,32.42,,30.8,,,200,6161.0,3,F1,1,,,,,,2025-03-27
2025-03-27,2025-03-27,CM,BSE,STK,530741,INE812S01012,OVOBELE,XT,,,,,OVOBEL FOODS LTD.,61.9,61.9,60.53,60.53,60.53,61.76,,60.53,,,6137,373591.0,51,F1,1,,,,,,2025-03-27
2025-03-27,2025-03-27,CM,BSE,STK,530747,INE807A01010,CHALLANI,X,,,,,CHALLANI CAPITAL LIMITED,22.26,22.26,22.26,22.26,22.26,21.2,,22.26,,,55,1224.0,1,F1,1,,,,,,2025-03-27
2025-03-27,2025-03-27,CM,BSE,STK,530755,INE715D01019,CORNE,X,,,,,CORAL NEWSPRINTS LTD.,11.55,11.55,10.95,10.98,10.98,10.99,,10.98,,,923,10141.0,9,F1,1,,,,,,2025-03-27
2025-03-27,2025-03-27,CM,BSE,STK,530759,INE334A01023,STERTOOLS,B,,,,,STERLING TOOLS LTD.,316.95,319.9,307.45,309.15,309.15,317.4,,309.7,,,36246,11247640.0,1276,F1,1,,,,,,2025-03-27
2025-03-27,2025-03-27,CM,BSE,STK,530765,INE510B01018,AGARWAL,X,,,,,AGARWAL FORTUNE INDIA LIMITED,20.78,20.78,20.78,20.78,20.78,20.78,,20.78,,,121,2514.0,4,F1,1,,,,,,2025-03-27
2025-03-27,2025-03-27,CM,BSE,STK,530779,INE118C01018,DYNAMICP,X,,,,,DYNAMIC PORTFOLIO MANAGEMENT &,42.35,42.35,40.25,40.25,40.25,42.35,,40.25,,,11,444.0,3,F1,1,,,,,,2025-03-27
2025-03-27,2025-03-27,CM,BSE,STK,530789,INE358C01010,CEEJAY,X,,,,,CEEJAY FINANCE LTD.,182.0,182.0,165.0,166.0,166.0,169.4,,166.0,,,15,2511.0,6,F1,1,,,,,,2025-03-27
2025-03-27,2025-03-27,CM,BSE,STK,530795,INE584D01019,SUNCITYSY,XT,,,,,SUNCITY SYNTHETICS LTD.,17.1,17.1,16.3,16.3,16.3,17.1,,16.3,,,102,1663.0,3,F1,1,,,,,,2025-03-27
2025-03-27,2025-03-27,CM,BSE,STK,530797,INE400N01017,SHGANEL,X,,,,,SHREE GANESH ELASTOPLAST LTD.,21.52,21.52,21.52,21.52,21.52,20.5,,21.52,,,2,43.0,2,F1,1,,,,,,2025-03-27
2025-03-27,2025-03-27,CM,BSE,STK,530799,INE336D01014,ANNAINFRA,X,,,,,ANNA INFRASTRUCTURES LTD.,21.85,22.27,21.21,22.27,22.27,21.21,,22.27,,,119,2644.0,7,F1,1,,,,,,2025-03-27
2025-03-27,2025-03-27,CM,BSE,STK,530803,INE354C01027,BHAGERIA,B,,,,,Bhageria Industries Limited,152.3,153.65,147.5,148.5,151.65,152.3,,149.3,,,13087,1954289.0,859,F1,1,,,,,,2025-03-27
2025-03-27,2025-03-27,CM,BSE,STK,530809,INE355C01016,BNRUDY,X,,,,,BNR UDYOG LTD.,60.0,60.0,58.95,58.96,58.99,59.0,,58.96,,,54,3191.0,8,F1,1,,,,,,2025-03-27
2025-03-27,2025-03-27,CM,BSE,STK,530813,INE001B01026,KRBL,A,,,,,KRBL LTD.,272.4,280.45,272.0,274.1,272.0,275.4,,274.0,,,29754,8185464.0,975,F1,1,,,,,,2025-03-27
2025-03-27,2025-03-27,CM,BSE,STK,530821,INE838C01011,SSPDL,X,,,,,SSPDL LTD.,16.07,16.89,15.03,15.55,16.88,16.9,,15.55,,,2775,43096.0,20,F1,1,,,,,,2025-03-27
2025-03-27,2025-03-27,CM,BSE,STK,530825,INE789B01018,DAIKAFFI,XT,,,,,DAIKAFFIL CHEMICALS INDIA LTD.,198.0,198.95,186.5,190.8,190.8,195.0,,190.8,,,1616,311799.0,29,F1,1,,,,,,2025-03-27
2025-03-27,2025-03-27,CM,BSE,STK,530829,INE830A01012,CILSEC,X,,,,,CIL SECURITIES LTD.,46.5,47.35,43.35,44.06,47.35,44.16,,44.06,,,4034,183954.0,34,F1,1,,,,,,2025-03-27
2025-03-27,2025-03-27,CM,BSE,STK,530839,INE011B01017,CLIOINFO,X,,,,,CLIO INFOTECH LTD.,4.94,4.94,4.7,4.7,4.7,4.94,,4.7,,,15009,71369.0,25,F1,1,,,,,,2025-03-27
2025-03-27,2025-03-27,CM,BSE,STK,530843,INE509F01029,CUPID,B,,,,,CUPID LTD.,63.8,64.99,62.8,63.73,64.1,64.05,,63.59,,,160770,10258685.0,1510,F1,1,,,,,,2025-03-27
2025-03-27,2025-03-27,CM,BSE,STK,530845,INE199E01014,SUNSHIEL,X,,,,,SUNSHIELD CHEMICALS LTD.,732.0,748.5,685.0,689.5,700.0,732.3,,689.5,,,2989,2130115.0,128,F1,1,,,,,,2025-03-27
2025-03-27,2025-03-27,CM,BSE,STK,530853,INE963A01011,HIPOLIN,XT,,,,,HIPOLIN LTD.,91.0,91.25,87.4,90.75,90.75,92.0,,90.75,,,1629,142766.0,22,F1,1,,,,,,2025-03-27
2025-03-27,2025-03-27,CM,BSE,STK,530871,INE995D01025,CHEMBOND,B,,,,,CHEMBOND CHEMICALS LTD.,515.1,534.2,508.8,514.9,508.8,520.45,,516.9,,,1563,809272.0,138,F1,1,,,,,,2025-03-27
2025-03-27,2025-03-27,CM,BSE,STK,530879,INE345H01024,CIFL,B,,,,,CAPITAL INDIA FINANCE LIMITED,30.9,31.8,28.99,30.0,30.3,30.32,,30.0,,,413920,12580113.0,392,F1,1,,,,,,2025-03-27
2025-03-27,2025-03-27,CM,BSE,STK,530881,INE485K01022,ABVL,X,,,,,Arunjyoti Bio Ventures Limited,13.32,14.5,13.28,13.28,13.28,13.97,,13.28,,,223003,3005236.0,214,F1,1,,,,,,2025-03-27
2025-03-27,2025-03-27,CM,BSE,STK,530883,INE366G01022,SUCROSA,X,,,,,SUPER CROP SAFE LTD.,15.86,15.86,14.81,15.09,14.99,15.86,,15.09,,,101986,1553624.0,234,F1,1,,,,,,2025-03-27
2025-03-27,2025-03-27,CM,BSE,STK,530897,INE825C01018,NGIND,X,,,,,N.G.INDUSTRIES LTD.,166.0,176.95,165.0,166.5,165.0,166.0,,166.5,,,636,106684.0,22,F1,1,,,,,,2025-03-27
2025-03-27,2025-03-27,CM,BSE,STK,530899,INE784M01016,ASIAPAK,X,,,,,ASIA PACK LTD.,93.0,93.0,92.75,92.75,92.75,93.0,,92.75,,,365,33857.0,5,F1,1,,,,,,2025-03-27
2025-03-27,2025-03-27,CM,BSE,STK,530919,INE474C01023,REMSONSIND,B,,,,,REMSONS INDUSTRIES LTD.,117.9,123.8,110.0,115.3,115.65,112.65,,113.7,,,152552,17500019.0,890,F1,1,,,,,,2025-03-27
2025-03-27,2025-03-27,CM,BSE,STK,530921,INE038N01015,INTETHR,P,,,,,INTEGRATED THERMOPLASTICS LTD.,11.14,11.14,11.14,11.14,11.14,10.61,,11.14,,,100,1114.0,1,F1,100,,,,,,2025-03-27
2025-03-27,2025-03-27,CM,BSE,STK,530925,INE609D01014,RAMSONS,X,,,,,RAMSONS PROJECTS LTD.,48.55,50.5,48.55,50.5,50.5,51.1,,50.5,,,13,634.0,3,F1,1,,,,,,2025-03-27
2025-03-27,2025-03-27,CM,BSE,STK,530929,INE535P01015,EUROASIA,P,,,,,EURO ASIA EXPORTS LTD.,48.74,48.74,48.74,48.74,48.74,46.42,,48.74,,,100,4874.0,1,F1,100,,,,,,2025-03-27
2025-03-27,2025-03-27,CM,BSE,STK,530931,INE457D01018,STANPACK,XT,,,,,STANPACKS (INDIA) LTD.,16.19,16.8,16.19,16.8,16.8,16.19,,16.8,,,7,114.0,3,F1,1,,,,,,2025-03-27
2025-03-27,2025-03-27,CM,BSE,STK,530943,INE416A01044,SABTNL,T,,,,,SRI ADHIKARI BROTHERS TELEVISI,596.9,596.9,596.9,596.9,596.9,585.2,,596.9,,,611,364705.0,21,F1,1,,,,,,2025-03-27
2025-03-27,2025-03-27,CM,BSE,STK,530951,INE357B01022,RAMINFO,X,,,,,RAMINFO LIMITED,70.0,70.0,66.35,66.91,67.0,70.22,,66.91,,,32901,2208824.0,165,F1,1,,,,,,2025-03-27
2025-03-27,2025-03-27,CM,BSE,STK,530953,INE224D01012,SUNILAGR,X,,,,,SUNIL AGRO FOODS LTD.,95.7,95.75,85.05,87.05,87.05,94.1,,87.05,,,3319,302934.0,65,F1,1,,,,,,2025-03-27
2025-03-27,2025-03-27,CM,BSE,STK,530959,INE012E01035,DIANATEA,X,,,,,DIANA TEA CO.LTD.,29.88,29.88,27.2,28.65,28.8,28.69,,28.65,,,17000,485359.0,59,F1,1,,,,,,2025-03-27
2025-03-27,2025-03-27,CM,BSE,STK,530961,INE806A01020,VIKASECO,B,,,,,Vikas EcoTech Limited,2.32,2.44,2.27,2.31,2.29,2.35,,2.31,,,4545194,10782336.0,1448,F1,1,,,,,,2025-03-27
2025-03-27,2025-03-27,CM,BSE,STK,530965,INE242A01010,IOC,A,,,,,INDIAN OIL CORPORATION LTD.,128.9,130.95,128.5,130.35,130.35,129.15,,130.35,,,1529507,197727116.0,11511,F1,1,,,,,,2025-03-27
2025-03-27,2025-03-27,CM,BSE,STK,530973,INE042C01010,ALFAICA,X,,,,,ALFA ICA (INDIA) LTD.,73.64,80.0,73.64,74.0,74.0,73.64,,74.0,,,494,39451.0,6,F1,1,,,,,,2025-03-27
2025-03-27,2025-03-27,CM,BSE,STK,530977,INE260E01014,SKCIL,X,,,,,Shri Keshav Cements and Infra,141.45,141.45,132.05,135.0,135.0,140.45,,135.0,,,7971,1090369.0,110,F1,1,,,,,,2025-03-27
2025-03-27,2025-03-27,CM,BSE,STK,530979,INE274E01015,INDIAHOME,X,,,,,INDIA HOME LOAN LTD.,32.94,32.94,30.2,31.74,31.99,32.8,,31.74,,,1283,40209.0,44,F1,1,,,,,,2025-03-27
2025-03-27,2025-03-27,CM,BSE,STK,530991,INE443C01010,ROOPAIND,X,,,,,ROOPA INDUSTRIES LTD.,56.0,56.0,53.0,53.78,53.0,57.73,,53.78,,,2856,156278.0,42,F1,1,,,,,,2025-03-27
2025-03-27,2025-03-27,CM,BSE,STK,530997,INE333E01019,UNIQUEO,X,,,,,UNIQUE ORGANICS LTD.,163.9,163.9,148.6,156.0,157.95,153.9,,156.0,,,2886,452568.0,60,F1,1,,,,,,2025-03-27
2025-03-27,2025-03-27,CM,BSE,STK,530999,INE050E01027,BALAMINES,A,,,,,BALAJI AMINES LTD.,1231.3,1282.35,1216.35,1242.35,1232.0,1250.05,,1243.1,,,22048,27262684.0,2344,F1,1,,,,,,2025-03-27
2025-03-27,2025-03-27,CM,BSE,STK,531003,INE595G01018,SWRNASE,X,,,,,SWARNA SECURITIES LTD.,68.96,69.2,65.5,69.2,69.2,69.3,,69.2,,,30,2007.0,4,F1,1,,,,,,2025-03-27
2025-03-27,2025-03-27,CM,BSE,STK,531015,INE154G01022,VENMAX,XT,,,,,VENMAX DRUGS AND PHARMACEUTICA,27.97,27.97,27.97,27.97,27.97,27.43,,27.97,,,8962,250667.0,20,F1,1,,,,,,2025-03-27
2025-03-27,2025-03-27,CM,BSE,STK,531017,INE190D01015,ARISE,X,,,,,ARIHANTS SECURITIES LTD.,29.48,32.49,28.25,31.32,31.25,27.11,,31.32,,,11797,353692.0,80,F1,1,,,,,,2025-03-27
2025-03-27,2025-03-27,CM,BSE,STK,531025,INE309H01038,VISAGAR,X,,,,,VISAGAR FINANCIAL SERVICES LTD,0.54,0.56,0.52,0.53,0.54,0.55,,0.53,,,2937647,1585338.0,837,F1,1,,,,,,2025-03-27
2025-03-27,2025-03-27,CM,BSE,STK,531027,INE267E01019,LIBORD,X,,,,,LIBORD SECURITIES LTD.,19.37,19.37,19.37,19.37,19.37,19.18,,19.37,,,1,19.0,1,F1,1,,,,,,2025-03-27
2025-03-27,2025-03-27,CM,BSE,STK,531035,INE432F01032,ERAAYA,T,,,,,ERAAYA LIFESPACES LIMITED,59.9,63.0,59.9,59.9,59.9,63.05,,59.9,,,574828,34660431.0,1128,F1,1,,,,,,2025-03-27
2025-03-27,2025-03-27,CM,BSE,STK,531041,INE823B01015,COMPEAU,X,,,,,COMPETENT AUTOMOBILES CO.LTD.,405.0,414.9,400.0,403.2,401.05,405.1,,403.2,,,4679,1905471.0,79,F1,1,,,,,,2025-03-27
2025-03-27,2025-03-27,CM,BSE,STK,531049,INE741D01015,NEELKAN,Z,,,,,NEELKANTH ROCKMINERALS LTD.,12.38,12.38,12.3,12.3,12.3,12.38,,12.3,,,14,172.0,3,F1,1,,,,,,2025-03-27
2025-03-27,2025-03-27,CM,BSE,STK,531051,INE153C01015,VINTAGES,X,,,,,VINTAGE SECURITIES LTD.,12.0,14.02,12.0,13.99,14.02,12.75,,13.99,,,1552,21646.0,11,F1,1,,,,,,2025-03-27
2025-03-27,2025-03-27,CM,BSE,STK,531067,INE080G01029,CONTILI,X,,,,,CONTIL INDIA LTD.,29.56,29.56,28.1,29.2,29.56,29.56,,29.2,,,10189,297037.0,48,F1,1,,,,,,2025-03-27
2025-03-27,2025-03-27,CM,BSE,STK,531069,INE362D01010,VIJSOLX,X,,,,,VIJAY SOLVEX LTD.,925.5,950.0,900.0,910.1,905.0,945.0,,910.1,,,389,358455.0,64,F1,1,,,,,,2025-03-27
2025-03-27,2025-03-27,CM,BSE,STK,531080,INE997I01012,SHRIKRISH,X,,,,,SHRI KRISHNA DEVCON LTD.,33.02,33.02,33.02,33.02,33.02,34.0,,33.02,,,300,9906.0,2,F1,1,,,,,,2025-03-27
2025-03-27,2025-03-27,CM,BSE,STK,531082,INE914E01040,ALANKIT,B,,,,,ALANKIT,14.7,15.0,14.0,14.09,14.1,14.82,,14.06,,,303638,4347719.0,2135,F1,1,,,,,,2025-03-27
2025-03-27,2025-03-27,CM,BSE,STK,531083,INE876E01033,NIHARINF,XT,,,,,NIHAR INFO GLOBAL LTD.,4.51,4.92,4.48,4.52,4.52,4.71,,4.52,,,469,2118.0,11,F1,1,,,,,,2025-03-27
2025-03-27,2025-03-27,CM,BSE,STK,531091,INE858C01027,UNITDCR,X,,,,,UNITED CREDIT LTD.,32.9,32.9,31.8,31.91,32.0,30.99,,31.91,,,2226,71648.0,25,F1,1,,,,,,2025-03-27
2025-03-27,2025-03-27,CM,BSE,STK,531092,INE239D01028,OMINFRAL,B,,,,,OM INFRA LIMITED,114.45,119.95,114.2,116.95,117.85,118.1,,117.0,,,37569,4410380.0,967,F1,1,,,,,,2025-03-27
2025-03-27,2025-03-27,CM,BSE,STK,531099,INE396H01019,CHECKPOINT,X,,,,,Checkpoint Trends Limited,12.82,14.16,12.82,12.96,12.89,13.49,,12.96,,,48660,630942.0,29,F1,1,,,,,,2025-03-27
2025-03-27,2025-03-27,CM,BSE,STK,531109,INE561M01018,ISHANCH,B,,,,,Ishan Dyes and Chemicals Limit,39.04,39.1,37.8,38.13,38.05,38.27,,37.99,,,13574,521637.0,176,F1,1,,,,,,2025-03-27
2025-03-27,2025-03-27,CM,BSE,STK,531111,INE538G01018,GOTHIPL,P,,,,,GOTHI PLASCON (INDIA) LTD.,46.33,47.61,46.33,47.61,47.61,48.76,,47.61,,,2200,103484.0,7,F1,100,,,,,,2025-03-27
2025-03-27,2025-03-27,CM,BSE,STK,531112,INE011E01029,BALUFORGE,B,,,,,BALU FORGE INDUSTRIES LIMITED,608.3,661.05,605.4,646.45,646.45,618.7,,647.25,,,186445,118148560.0,4978,F1,1,,,,,,2025-03-27
2025-03-27,2025-03-27,CM,BSE,STK,531119,INE418D01010,CEENIK,XT,,,,,CEENIK EXPORTS (INDIA) LTD.,304.15,304.15,304.15,304.15,304.15,298.2,,304.15,,,199,60525.0,8,F1,1,,,,,,2025-03-27
2025-03-27,2025-03-27,CM,BSE,STK,531120,INE244B01030,PATELENG,A,,,,,PATEL ENGINEERING LTD.,39.07,40.9,39.05,40.17,40.17,39.62,,40.18,,,1620973,64952973.0,4468,F1,1,,,,,,2025-03-27
2025-03-27,2025-03-27,CM,BSE,STK,531126,INE237C01016,KATIPATANG,XT,,,,,KATI PATANG LIFESTYLE LIMITED,29.37,32.45,29.37,30.93,32.44,30.91,,30.93,,,343885,10381872.0,269,F1,1,,,,,,2025-03-27
2025-03-27,2025-03-27,CM,BSE,STK,531129,INE635D01027,INANI,X,,,,,INANI MARBLES & INDUSTRIES LTD,16.88,16.88,15.15,15.51,15.5,16.35,,15.51,,,33499,533441.0,48,F1,1,,,,,,2025-03-27
2025-03-27,2025-03-27,CM,BSE,STK,531137,INE503D01027,GEMSI,X,,,,,GEMSTONE INVESTMENTS LTD.,2.11,2.29,2.11,2.22,2.2,2.19,,2.22,,,117014,252938.0,271,F1,1,,,,,,2025-03-27
2025-03-27,2025-03-27,CM,BSE,STK,531144,INE158F01017,ELFORGE,XT,,,,,EL FORGE LTD.,21.1,21.1,19.43,19.6,20.24,20.45,,19.6,,,320465,6474335.0,155,F1,1,,,,,,2025-03-27
2025-03-27,2025-03-27,CM,BSE,STK,531146,INE646B01010,MEDICAMEQ,B,,,,,MEDICAMEN BIOTECH LTD.,444.45,461.9,439.0,455.9,453.4,440.3,,456.9,,,2691,1213871.0,326,F1,1,,,,,,2025-03-27
2025-03-27,2025-03-27,CM,BSE,STK,531147,INE062D01024,ALICON,B,,,,,ALICON CASTALLOY LIMITED,660.7,678.7,640.2,645.6,650.2,677.8,,646.75,,,6914,4524162.0,1041,F1,1,,,,,,2025-03-27
2025-03-27,2025-03-27,CM,BSE,STK,531153,INE650C01036,DILIGENT,XT,,,,,DILIGENT INDUSTRIES LTD.,1.65,1.7,1.61,1.61,1.62,1.69,,1.61,,,413654,675639.0,417,F1,1,,,,,,2025-03-27
2025-03-27,2025-03-27,CM,BSE,STK,531155,INE601F01016,EPSOMPRO,XT,,,,,EPSOM PROPERTIES LTD.,9.42,9.42,8.95,8.95,8.95,9.42,,8.95,,,653,5916.0,4,F1,1,,,,,,2025-03-27
2025-03-27,2025-03-27,CM,BSE,STK,531156,INE883B01027,ALFAVIO,X,,,,,ALFAVISION OVERSEAS (INDIA) LT,12.25,12.92,12.14,12.4,12.8,12.21,,12.4,,,117437,1444979.0,35,F1,1,,,,,,2025-03-27
2025-03-27,2025-03-27,CM,BSE,STK,531157,INE412E01011,ORGCOAT,XT,,,,,ORGANIC COATINGS LTD.,12.75,13.1,11.91,12.79,12.8,12.53,,12.79,,,17846,224136.0,20,F1,1,,,,,,2025-03-27
2025-03-27,2025-03-27,CM,BSE,STK,531158,INE660B01011,CATVISION,X,,,,,CATVISION  LIMITED,24.09,27.68,24.09,24.56,24.99,25.46,,24.56,,,8100,204710.0,76,F1,1,,,,,,2025-03-27
2025-03-27,2025-03-27,CM,BSE,STK,531161,INE850B01026,ABMKNO,XT,,,,,ABM KNOWLEDGEWARE LTD.,161.1,170.6,159.5,160.8,162.95,162.5,,160.8,,,10915,1774615.0,108,F1,1,,,,,,2025-03-27
2025-03-27,2025-03-27,CM,BSE,STK,531162,INE548C01032,EMAMILTD,A,,,,,EMAMI LTD.,555.15,589.9,546.8,578.5,571.0,557.8,,577.35,,,27740,15763131.0,1491,F1,1,,,,,,2025-03-27
2025-03-27,2025-03-27,CM,BSE,STK,531163,INE971L01029,KEMISTAR,X,,,,,KEMISTAR CORPORATION LIMITED,66.4,72.99,66.39,70.53,70.53,69.88,,70.53,,,1568,108320.0,35,F1,1,,,,,,2025-03-27
2025-03-27,2025-03-27,CM,BSE,STK,531168,INE771E01010,ASSOCER,XT,,,,,ASSOCIATED CERAMICS LTD.,222.8,222.8,222.8,222.8,222.8,222.8,,222.8,,,5,1114.0,2,F1,1,,,,,,2025-03-27
2025-03-27,2025-03-27,CM,BSE,STK,531169,INE709B01016,SKPSEC,XT,,,,,SKP SECURITIES LTD.,118.8,118.8,112.9,116.35,116.35,118.8,,116.35,,,2568,296059.0,54,F1,1,,,,,,2025-03-27
2025-03-27,2025-03-27,CM,BSE,STK,531173,INE121D01036,SYSCHEM,X,,,,,SYSCHEM (INDIA) LTD.,40.4,40.56,37.8,37.92,37.85,38.63,,37.92,,,86761,3344788.0,143,F1,1,,,,,,2025-03-27
2025-03-27,2025-03-27,CM,BSE,STK,531176,INE186C01023,MEFCOMCAP,X,,,,,MEFCOM CAPITAL MARKETS LTD.,13.51,15.55,13.51,15.52,15.55,15.8,,15.52,,,33083,492460.0,226,F1,1,,,,,,2025-03-27
2025-03-27,2025-03-27,CM,BSE,STK,531178,INE930A01010,HEMANG,X,,,,,HEMANG RESOURCES LIMITED,25.8,25.8,23.61,23.63,23.61,25.8,,23.63,,,1978,49047.0,13,F1,1,,,,,,2025-03-27
2025-03-27,2025-03-27,CM,BSE,STK,531179,INE109C01017,ARMANFIN,B,,,,,ARMAN FINANCIAL SERVICES LTD.,1280.05,1336.3,1244.8,1269.6,1269.6,1327.65,,1271.55,,,16024,20623985.0,1460,F1,1,,,,,,2025-03-27
2025-03-27,2025-03-27,CM,BSE,STK,531190,INE355H01015,TAVERNIER,X,,,,,TAVERNIER RESOURCES LIMI,57.45,57.51,52.05,57.22,57.51,54.78,,57.22,,,35522,1907366.0,45,F1,1,,,,,,2025-03-27
2025-03-27,2025-03-27,CM,BSE,STK,531199,INE580D01017,GLANCE,X,,,,,GLANCE FINANCE LTD.,128.0,128.0,126.35,126.35,126.35,133.0,,126.35,,,278,35290.0,15,F1,1,,,,,,2025-03-27
2025-03-27,2025-03-27,CM,BSE,STK,531201,INE024F01011,SHILCTECH,B,,,,,SHILCHAR TECHNOLOGIES LTD.,5294.0,5358.5,5098.05,5146.55,5146.55,5253.9,,5146.55,,,25702,133760812.0,3525,F1,1,,,,,,2025-03-27
2025-03-27,2025-03-27,CM,BSE,STK,531205,INE179O01031,SPRIGHT,T,,,,,SPRIGHT AGRO LIMITED,4.21,4.34,4.21,4.21,4.21,4.43,,4.21,,,816180,3436310.0,1417,F1,1,,,,,,2025-03-27
2025-03-27,2025-03-27,CM,BSE,STK,531209,INE096B01018,NUCLEUS,B,,,,,NUCLEUS SOFTWARE EXPORTS LTD.,817.95,817.95,802.25,805.1,805.1,804.95,,804.75,,,4113,3315349.0,347,F1,1,,,,,,2025-03-27
2025-03-27,2025-03-27,CM,BSE,STK,531210,INE923C01011,COLINZ,X,,,,,COLINZ LABORATORIES LTD.,76.25,76.25,76.25,76.25,76.25,80.26,,76.25,,,285,21731.0,10,F1,1,,,,,,2025-03-27
2025-03-27,2025-03-27,CM,BSE,STK,531212,INE606C01012,NLFL,X,,,,,NALIN LEASE FINANCE LTD.,68.98,68.98,63.5,63.5,63.5,65.01,,63.5,,,242,15815.0,14,F1,1,,,,,,2025-03-27
2025-03-27,2025-03-27,CM,BSE,STK,531213,INE522D01027,MANAPPURAM,A,,,,,Manappuram Finance Ltd,228.6,234.4,228.6,232.7,232.7,232.15,,232.85,,,166848,38813431.0,1990,F1,1,,,,,,2025-03-27
2025-03-27,2025-03-27,CM,BSE,STK,531215,INE005C01017,RTSPOWR,X,,,,,RTS POWER CORPORATION LTD.,156.8,160.05,149.5,150.8,152.5,156.95,,150.8,,,22672,3460350.0,281,F1,1,,,,,,2025-03-27
2025-03-27,2025-03-27,CM,BSE,STK,531216,INE819A01049,COMFINTE,X,,,,,COMFORT INTECH LTD.,9.8,10.15,9.1,9.81,9.9,9.98,,9.81,,,741000,7332113.0,1436,F1,1,,,,,,2025-03-27
2025-03-27,2025-03-27,CM,BSE,STK,531223,INE364D01032,ANJANI,X,,,,,ANJANI SYNTHETICS LTD.,47.5,47.9,45.9,47.85,47.9,47.5,,47.85,,,592,27816.0,75,F1,1,,,,,,2025-03-27
2025-03-27,2025-03-27,CM,BSE,STK,531225,INE547B01028,XTGLOBAL,B,,,,,XTGLOBAL INFOTECH LIMITED,33.97,36.36,33.0,33.99,33.99,33.97,,34.34,,,15314,527502.0,398,F1,1,,,,,,2025-03-27
2025-03-27,2025-03-27,CM,BSE,STK,531227,INE907E01010,DECOMIC,X,,,,,DECO-MICA LTD.,65.8,65.95,56.05,58.04,58.0,62.25,,58.04,,,6521,381666.0,86,F1,1,,,,,,2025-03-27
2025-03-27,2025-03-27,CM,BSE,STK,531228,INE821D01031,RANDER,X,,,,,RANDER CORPORATION LTD.,11.54,11.54,11.31,11.31,11.31,11.54,,11.31,,,130,1493.0,4,F1,1,,,,,,2025-03-27
2025-03-27,2025-03-27,CM,BSE,STK,531233,INE822D01021,RASIELEC,X,,,,,RASI ELECTRODES LTD.,17.9,18.05,17.16,17.43,17.28,17.85,,17.43,,,127223,2212387.0,264,F1,1,,,,,,2025-03-27
2025-03-27,2025-03-27,CM,BSE,STK,531234,INE962E01015,SCOOBEEDAY,XT,,,,,SCOOBEE DAY GARMENTS (INDIA) L,99.99,102.4,92.75,101.0,101.0,97.57,,101.0,,,2714,266630.0,24,F1,1,,,,,,2025-03-27
2025-03-27,2025-03-27,CM,BSE,STK,531235,INE494D01011,CITIPOR,X,,,,,CITIPORT FINANCIAL SERVICES LT,23.8,23.8,23.8,23.8,23.8,22.71,,23.8,,,4,95.0,3,F1,1,,,,,,2025-03-27
2025-03-27,2025-03-27,CM,BSE,STK,531241,INE802B01027,LINC,B,,,,,LINC LIMITED,103.2,106.15,101.15,102.25,102.35,103.9,,101.65,,,15208,1563011.0,908,F1,1,,,,,,2025-03-27
2025-03-27,2025-03-27,CM,BSE,STK,531246,INE723N01012,PRIMAIN,X,,,,,PRIMA INDUSTRIES LTD.,21.44,21.44,20.37,20.37,20.37,21.43,,20.37,,,247,5032.0,6,F1,1,,,,,,2025-03-27
2025-03-27,2025-03-27,CM,BSE,STK,531253,INE342D01012,INDGELA,X,,,,,INDIA GELATINE & CHEMICALS LTD,402.1,404.5,401.3,403.15,403.0,402.1,,403.15,,,5044,2031695.0,50,F1,1,,,,,,2025-03-27
2025-03-27,2025-03-27,CM,BSE,STK,531254,INE031G01022,OPTIFIN,XT,,,,,Optimus Finance Limited,20.15,20.15,20.15,20.15,20.15,21.2,,20.15,,,909,18316.0,20,F1,1,,,,,,2025-03-27
2025-03-27,2025-03-27,CM,BSE,STK,531255,INE015E01012,PARAGONF,X,,,,,PARAGON FINANCE LTD.,48.9,49.89,44.61,44.61,44.61,49.56,,44.61,,,4456,202938.0,42,F1,1,,,,,,2025-03-27
2025-03-27,2025-03-27,CM,BSE,STK,531257,INE530D01012,PRATIKSH,XT,,,,,PRATIKSHA CHEMICALS LTD.,18.25,18.25,17.34,17.4,17.34,18.25,,17.4,,,151713,2639786.0,20,F1,1,,,,,,2025-03-27
2025-03-27,2025-03-27,CM,BSE,STK,531259,INE328F01016,ESHAMEDIA,X,,,,,ESHA MEDIA RESEARCH LIMITED,9.9,11.0,9.9,10.69,10.69,11.0,,10.69,,,7393,73304.0,15,F1,1,,,,,,2025-03-27
2025-03-27,2025-03-27,CM,BSE,STK,531260,INE332F01018,REFEXRENEW,X,,,,,Refex Renewables & Infrastruct,647.5,647.5,611.0,623.85,620.0,621.25,,623.85,,,3426,2140008.0,89,F1,1,,,,,,2025-03-27
2025-03-27,2025-03-27,CM,BSE,STK,531262,INE060N01019,SURINDL,XT,,,,,SURYA INDUSTRIAL CORPORATION L,27.93,30.87,27.93,30.83,30.83,29.4,,30.83,,,14045,412831.0,58,F1,1,,,,,,2025-03-27
2025-03-27,2025-03-27,CM,BSE,STK,531266,INE764D01017,VSTTILLERS,B,,,,,V.S.T.TILLERS TRACTORS LTD.,3691.85,3801.2,3589.55,3768.45,3749.05,3696.5,,3716.65,,,203,744490.0,105,F1,1,,,,,,2025-03-27
2025-03-27,2025-03-27,CM,BSE,STK,531268,INE151B01011,B2BSOFT,X,,,,,B2B SOFTWARE TECHNOLOGIES LTD.,24.95,24.95,22.6,23.43,23.24,23.56,,23.43,,,74880,1736644.0,129,F1,1,,,,,,2025-03-27
2025-03-27,2025-03-27,CM,BSE,STK,531272,INE526C01012,NIKKIGL,XT,,,,,NIKKI GLOBAL FINANCE LTD.,23.13,23.13,23.13,23.13,23.13,23.13,,23.13,,,130,3006.0,3,F1,1,,,,,,2025-03-27
2025-03-27,2025-03-27,CM,BSE,STK,531273,INE986B01044,RADHEDE,X,,,,,RADHE DEVELOPERS (INDIA) LTD.,1.58,1.68,1.5,1.53,1.53,1.6,,1.53,,,2138285,3393763.0,573,F1,1,,,,,,2025-03-27
2025-03-27,2025-03-27,CM,BSE,STK,531278,INE785D01012,ELIXIR,XT,,,,,Elixir Capital Limited,137.45,137.45,137.45,137.45,137.45,140.25,,137.45,,,296,40685.0,13,F1,1,,,,,,2025-03-27
2025-03-27,2025-03-27,CM,BSE,STK,531279,INE238C01022,TRISHAKT,X,,,,,Trishakti Industries Limited,122.65,128.75,122.6,124.2,124.15,122.65,,124.2,,,18061,2243825.0,67,F1,1,,,,,,2025-03-27
2025-03-27,2025-03-27,CM,BSE,STK,531280,INE698B01011,PANKAJPO,X,,,,,PANKAJ POLYMERS LTD.,16.45,16.45,16.45,16.45,16.45,15.68,,16.45,,,1000,16450.0,2,F1,1,,,,,,2025-03-27
2025-03-27,2025-03-27,CM,BSE,STK,531281,INE807H01023,MARBLE,XT,,,,,MARBLE CITY INDIA LIMITED,135.0,137.95,135.0,137.95,137.95,137.85,,137.95,,,1350,186122.0,5,F1,1,,,,,,2025-03-27
2025-03-27,2025-03-27,CM,BSE,STK,531286,INE586D01014,ADHHATA,XT,,,,,ADHATA GLOBAL LIMITED,50.23,50.23,50.23,50.23,50.23,51.25,,50.23,,,1047,52590.0,5,F1,1,,,,,,2025-03-27
2025-03-27,2025-03-27,CM,BSE,STK,531287,INE896D01017,NATPLASTI,XT,,,,,NATIONAL PLASTIC TECHNOLOGIES,234.0,247.9,232.1,232.65,235.0,243.9,,232.65,,,5828,1367851.0,57,F1,1,,,,,,2025-03-27
2025-03-27,2025-03-27,CM,BSE,STK,531288,INE531D01010,LEADFIN,X,,,,,LEAD FINANCIAL SERVICES LTD.,24.24,24.24,24.24,24.24,24.24,25.46,,24.24,,,3,72.0,2,F1,1,,,,,,2025-03-27
2025-03-27,2025-03-27,CM,BSE,STK,531289,INE643C01015,NATFIT,X,,,,,NATIONAL FITTINGS LIMITED,117.3,125.25,115.0,115.1,116.0,117.3,,115.1,,,9189,1072678.0,54,F1,1,,,,,,2025-03-27
2025-03-27,2025-03-27,CM,BSE,STK,531297,INE885B01014,ARTEFACT,X,,,,,ARTEFACT PROJECTS LTD.,62.9,62.9,59.0,60.39,60.39,60.94,,60.39,,,47820,2876058.0,123,F1,1,,,,,,2025-03-27
2025-03-27,2025-03-27,CM,BSE,STK,531300,INE053D01015,AMITINT,Z,,,,,AMIT INTERNATIONAL LTD.,3.83,3.83,3.61,3.61,3.61,3.8,,3.61,,,1303,4706.0,14,F1,1,,,,,,2025-03-27
2025-03-27,2025-03-27,CM,BSE,STK,531301,INE319M01011,HIGHSTREE,XT,,,,,HIGH STREET FILATEX LTD.,151.7,151.7,151.7,151.7,151.7,154.75,,151.7,,,32,4854.0,4,F1,1,,,,,,2025-03-27
2025-03-27,2025-03-27,CM,BSE,STK,531304,INE960H01012,NUTECGLOB,X,,,,,NUTECH GLOBAL LTD.,19.79,19.79,19.79,19.79,19.79,18.85,,19.79,,,4000,79160.0,5,F1,1,,,,,,2025-03-27
2025-03-27,2025-03-27,CM,BSE,STK,531306,INE590D01016,DHPIND,X,,,,,DHP INDIA LTD.,505.0,519.6,502.55,508.5,508.5,505.0,,508.5,,,3910,1987513.0,72,F1,1,,,,,,2025-03-27
2025-03-27,2025-03-27,CM,BSE,STK,531307,INE951M01037,RRIL,X,,,,,RRIL LIMITED,17.01,17.9,15.75,16.95,17.01,16.87,,16.95,,,70850,1221262.0,223,F1,1,,,,,,2025-03-27
2025-03-27,2025-03-27,CM,BSE,STK,531310,INE325G01010,AVAILFC,X,,,,,AVAILABLE FINANCE LTD.,208.0,208.45,197.2,200.85,200.85,204.3,,200.85,,,9654,1948673.0,172,F1,1,,,,,,2025-03-27
2025-03-27,2025-03-27,CM,BSE,STK,531314,INE366H01012,INTCAPL,X,,,,,INTEGRA CAPITAL LIMITED,15.35,15.35,12.32,15.35,15.35,15.39,,15.35,,,42,641.0,8,F1,1,,,,,,2025-03-27
2025-03-27,2025-03-27,CM,BSE,STK,531319,INE368C01019,MARUTISE,X,,,,,MARUTI SECURITIES LTD.,20.53,20.53,20.53,20.53,20.53,19.56,,20.53,,,1775,36440.0,6,F1,1,,,,,,2025-03-27
2025-03-27,2025-03-27,CM,BSE,STK,531322,INE293B01029,HAVISHA,B,,,,,SRI HAVISHA HOSPITALITY INFRAS,1.87,2.0,1.87,1.96,1.96,1.99,,1.94,,,7460,14276.0,43,F1,1,,,,,,2025-03-27
2025-03-27,2025-03-27,CM,BSE,STK,531324,INE475C01012,ROSELABS,X,,,,,ROSELABS FINANCE LTD.,25.65,28.34,25.65,28.34,28.34,27.0,,28.34,,,4851,124605.0,9,F1,1,,,,,,2025-03-27
2025-03-27,2025-03-27,CM,BSE,STK,531328,INE128R01023,KRETTOSYS,X,,,,,KRETTO SYSCON LIMITED,1.74,1.79,1.73,1.79,1.79,1.71,,1.79,,,1354718,2394530.0,777,F1,1,,,,,,2025-03-27
2025-03-27,2025-03-27,CM,BSE,STK,531335,INE768C01010,ZYDUSWELL,A,,,,,ZYDUS WELLNESS LTD.,1613.25,1701.0,1604.75,1686.9,1684.15,1622.95,,1690.45,,,3257,5382037.0,484,F1,1,,,,,,2025-03-27
2025-03-27,2025-03-27,CM,BSE,STK,531337,INE974C01022,WINPRO,Z,,,,,WinPro Industries Limited,3.19,3.19,2.98,3.03,3.08,3.13,,3.03,,,234619,701891.0,127,F1,1,,,,,,2025-03-27
2025-03-27,2025-03-27,CM,BSE,STK,531338,INE151H01018,MILESTONE,XT,,,,,MILESTONE GLOBAL LTD.,18.84,18.84,18.84,18.84,18.84,18.84,,18.84,,,10,188.0,2,F1,1,,,,,,2025-03-27
2025-03-27,2025-03-27,CM,BSE,STK,531340,INE348I01018,BERVINL,X,,,,,BERVIN INVESTMENT & LEASING LT,57.95,60.8,52.7,52.79,53.9,58.55,,52.79,,,3804,209297.0,53,F1,1,,,,,,2025-03-27
2025-03-27,2025-03-27,CM,BSE,STK,531341,INE373D01017,GUJINV,X,,,,,GUJARAT INVESTA LTD.,17.42,17.42,16.63,16.63,16.63,17.5,,16.63,,,441,7364.0,7,F1,1,,,,,,2025-03-27
2025-03-27,2025-03-27,CM,BSE,STK,531344,INE111A01025,CONCOR,A,,,,,CONTAINER CORPORATION OF INDIA,685.0,705.65,682.85,700.3,697.0,685.65,,700.45,,,50607,35113279.0,1561,F1,1,,,,,,2025-03-27
2025-03-27,2025-03-27,CM,BSE,STK,531346,INE500D01015,EASTRED,X,,,,,EASTERN TREADS LTD.,36.0,36.0,33.5,35.97,35.97,37.9,,35.97,,,157,5454.0,15,F1,1,,,,,,2025-03-27
2025-03-27,2025-03-27,CM,BSE,STK,531349,INE922B01023,PANACEABIO,B,,,,,PANACEA BIOTEC LTD.,438.3,444.05,431.55,437.7,438.0,440.05,,439.0,,,4835,2119657.0,230,F1,1,,,,,,2025-03-27
2025-03-27,2025-03-27,CM,BSE,STK,531352,INE328D01011,PEETISEC,X,,,,,PEETI SECURITIES LTD.,19.25,20.45,19.0,19.0,19.0,19.25,,19.0,,,1401,27695.0,10,F1,1,,,,,,2025-03-27
2025-03-27,2025-03-27,CM,BSE,STK,531357,INE763M01028,MERCURYEV,B,,,,,MERCURY EV-TECH LIMITED,60.43,62.1,57.46,58.15,58.15,60.43,,58.15,,,1247880,75138683.0,2537,F1,1,,,,,,2025-03-27
2025-03-27,2025-03-27,CM,BSE,STK,531358,INE102B01014,CHOICEIN,A,,,,,CHOICE INTERNATIONAL LTD.,493.6,496.0,485.0,486.5,488.4,493.05,,487.25,,,38290,18804346.0,1260,F1,1,,,,,,2025-03-27
2025-03-27,2025-03-27,CM,BSE,STK,531359,INE777G01012,SRAMSET,X,,,,,SHRIRAM ASSET MANAGEMENT CO.LT,425.0,425.0,400.0,423.9,423.9,421.75,,423.9,,,643,268296.0,17,F1,1,,,,,,2025-03-27
2025-03-27,2025-03-27,CM,BSE,STK,531360,INE427D01011,GOLECHA,X,,,,,GOLECHHA GLOBAL FINANCE LTD.,27.69,27.69,26.31,26.45,26.45,27.69,,26.45,,,5399,147303.0,15,F1,1,,,,,,2025-03-27
2025-03-27,2025-03-27,CM,BSE,STK,531364,INE005E01013,EKANSH,X,,,,,Ekansh Concepts Limited,100.0,102.95,98.0,101.75,101.75,99.15,,101.75,,,36565,3652887.0,97,F1,1,,,,,,2025-03-27
2025-03-27,2025-03-27,CM,BSE,STK,531370,INE960B01015,SPAR,X,,,,,SPARC ELECTREX LIMITED,9.34,9.46,8.71,8.73,8.73,9.16,,8.73,,,82398,728943.0,320,F1,1,,,,,,2025-03-27
2025-03-27,2025-03-27,CM,BSE,STK,531373,INE319B01014,BYKE,B,,,,,THE BYKE HOSPITALITY LTD.,67.46,67.46,62.05,62.63,62.63,65.3,,62.89,,,126033,7909780.0,260,F1,1,,,,,,2025-03-27
2025-03-27,2025-03-27,CM,BSE,STK,531380,INE405H01018,CSURGSU,X,,,,,CENTENIAL SURGICAL SUTURE LTD.,114.95,114.95,110.0,110.0,110.0,107.0,,110.0,,,101,11114.0,2,F1,1,,,,,,2025-03-27
2025-03-27,2025-03-27,CM,BSE,STK,531381,INE413D01011,ARIHANT,XT,,,,,ARIHANT FOUNDATIONS & HOUSING,740.0,740.05,733.0,739.0,739.0,747.1,,739.0,,,280,206774.0,17,F1,1,,,,,,2025-03-27
2025-03-27,2025-03-27,CM,BSE,STK,531387,INE671D01014,HASTIFIN,X,,,,,HASTI FINANCE LTD.,6.11,6.11,5.99,5.99,5.99,6.11,,5.99,,,247,1506.0,3,F1,1,,,,,,2025-03-27
2025-03-27,2025-03-27,CM,BSE,STK,531390,INE890B01014,UPSURGE,X,,,,,UPSURGE INVESTMENT & FINANCE L,90.0,90.0,83.83,83.83,83.83,88.24,,83.83,,,16329,1381444.0,69,F1,1,,,,,,2025-03-27
2025-03-27,2025-03-27,CM,BSE,STK,531395,INE448D01017,PADAMCO,XT,,,,,PADAM COTTON YARNS LTD.,74.4,74.9,74.4,74.4,74.4,78.3,,74.4,,,43548,3242663.0,241,F1,1,,,,,,2025-03-27
2025-03-27,2025-03-27,CM,BSE,STK,531396,INE905B01010,WOMENNET,X,,,,,WOMEN NETWORKS LTD.,5.25,5.25,4.99,4.99,4.99,5.25,,4.99,,,831,4147.0,6,F1,1,,,,,,2025-03-27
2025-03-27,2025-03-27,CM,BSE,STK,531397,INE262C01014,POLYCON,X,,,,,POLYCON INTERNATIONAL LTD.,25.0,25.0,25.0,25.0,25.0,25.0,,25.0,,,1,25.0,1,F1,1,,,,,,2025-03-27
2025-03-27,2025-03-27,CM,BSE,STK,531398,INE679C01027,SOURCENTRL,X,,,,,SOURCE NATURAL FOODS & HERBAL,173.35,183.15,165.9,183.15,183.15,152.65,,183.15,,,13013,2354771.0,194,F1,1,,,,,,2025-03-27
2025-03-27,2025-03-27,CM,BSE,STK,531399,INE493B01017,GGAUTO,X,,,,,G.G.AUTOMOTIVE GEARS LTD.,170.25,187.0,170.25,182.85,182.9,175.9,,182.85,,,18501,3327261.0,250,F1,1,,,,,,2025-03-27
2025-03-27,2025-03-27,CM,BSE,STK,531400,INE326B01035,ALMONDZ,B,,,,,ALMONDZ GLOBAL SECURITIES LTD.,20.51,22.39,20.51,21.6,21.6,21.33,,21.58,,,256220,5548493.0,1003,F1,1,,,,,,2025-03-27
2025-03-27,2025-03-27,CM,BSE,STK,531402,INE281M01013,LWSKNIT,X,,,,,LWS KNITWEAR LTD.,17.01,17.98,16.28,16.92,16.92,17.13,,16.92,,,43266,745625.0,78,F1,1,,,,,,2025-03-27
2025-03-27,2025-03-27,CM,BSE,STK,531406,INE234J01018,ANSINDUS,X,,,,,ANS INDUSTRIES LTD,11.85,11.85,11.85,11.85,11.85,11.85,,11.85,,,1,11.0,1,F1,1,,,,,,2025-03-27
2025-03-27,2025-03-27,CM,BSE,STK,531411,INE560D01027,TUNITEX,X,,,,,TUNI TEXTILE MILLS LTD.,1.42,1.45,1.39,1.42,1.42,1.43,,1.42,,,211897,300331.0,212,F1,1,,,,,,2025-03-27
2025-03-27,2025-03-27,CM,BSE,STK,531412,INE576N01014,RADIXIND,XT,,,,,RADIX INDUSTRIES (INDIA) LIMIT,157.25,160.1,157.25,159.0,158.55,165.25,,159.0,,,40,6360.0,3,F1,1,,,,,,2025-03-27
2025-03-27,2025-03-27,CM,BSE,STK,531413,INE516D01011,KIRANPR,XT,,,,,KIRAN PRINT-PACK LTD.,31.3,31.9,30.78,31.9,31.9,31.3,,31.9,,,4733,147859.0,10,F1,1,,,,,,2025-03-27
2025-03-27,2025-03-27,CM,BSE,STK,531416,INE603F01012,NARPROP,X,,,,,NARENDRA PROPERTIES LTD.,39.5,39.5,35.35,35.35,35.35,37.03,,35.35,,,220,7819.0,12,F1,1,,,,,,2025-03-27
2025-03-27,2025-03-27,CM,BSE,STK,531417,INE804B01023,MEGACOR,XT,,,,,MEGA CORPORATION LTD.,1.79,1.85,1.79,1.85,1.85,1.82,,1.85,,,35161,63521.0,50,F1,1,,,,,,2025-03-27
2025-03-27,2025-03-27,CM,BSE,STK,531426,INE107A01015,TNPL,B,,,,,TAMIL NADU NEWSPRINT & PAPERS,126.5,128.1,124.95,127.75,127.75,126.1,,127.25,,,27484,3479522.0,417,F1,1,,,,,,2025-03-27
2025-03-27,2025-03-27,CM,BSE,STK,531431,INE908D01010,SHAKTIPUMP,T,,,,,SHAKTI PUMPS (INDIA) LTD.,933.7,981.2,916.6,981.2,981.2,934.5,,981.65,,,28785,27373892.0,1205,F1,1,,,,,,2025-03-27
2025-03-27,2025-03-27,CM,BSE,STK,531432,INE07P301011,SYTIXSE,X,,,,,SYSTEMATIX SECURITIES LTD.,9.07,9.07,9.07,9.07,9.07,9.19,,9.07,,,25,226.0,1,F1,1,,,,,,2025-03-27
2025-03-27,2025-03-27,CM,BSE,STK,531433,INE271D01013,SUNGOLD,XT,,,,,SUNGOLD CAPITAL LTD.,2.71,2.99,2.71,2.72,2.72,2.85,,2.72,,,2124,6320.0,5,F1,1,,,,,,2025-03-27
2025-03-27,2025-03-27,CM,BSE,STK,531436,INE474D01013,SAFFRON,X,,,,,SAFFRON INDUSTRIES LIMITED,6.36,6.36,6.05,6.05,6.05,6.36,,6.05,,,800,4852.0,3,F1,1,,,,,,2025-03-27
2025-03-27,2025-03-27,CM,BSE,STK,531437,INE523I01016,PWASML,X,,,,,Prakash Woollen & Synthetic Mi,24.45,25.94,23.84,24.69,24.69,24.95,,24.69,,,8408,204371.0,49,F1,1,,,,,,2025-03-27
2025-03-27,2025-03-27,CM,BSE,STK,531439,INE805A01014,GOLDTECH,B,,,,,AION-TECH SOLUTIONS LIMITED,54.83,55.99,51.1,53.93,54.25,56.11,,53.66,,,48219,2578031.0,703,F1,1,,,,,,2025-03-27
2025-03-27,2025-03-27,CM,BSE,STK,531441,INE100F01019,LYONSCO,XT,,,,,LYONS CORPORATE MARKET LTD.,37.06,37.06,37.06,37.06,37.06,37.81,,37.06,,,2,74.0,2,F1,1,,,,,,2025-03-27
2025-03-27,2025-03-27,CM,BSE,STK,531444,INE115C01014,VARDHMAN,X,,,,,VARDHMAN CONCRETE LIMITED,10.24,10.74,9.72,10.08,10.2,10.23,,10.08,,,2392,24781.0,25,F1,1,,,,,,2025-03-27
2025-03-27,2025-03-27,CM,BSE,STK,531449,INE192H01020,GRMOVER,B,,,,,GRM OVERSEAS LTD.,266.0,274.0,265.0,271.65,268.0,267.6,,270.7,,,9819,2665042.0,541,F1,1,,,,,,2025-03-27
2025-03-27,2025-03-27,CM,BSE,STK,531453,INE954E01012,MOHITIND,T,,,,,MOHIT INDUSTRIES LTD.,27.95,27.95,27.5,27.5,27.5,28.0,,27.5,,,230,6327.0,3,F1,1,,,,,,2025-03-27
2025-03-27,2025-03-27,CM,BSE,STK,531454,INE323D01020,POLYLINK,X,,,,,POLYLINK POLYMERS (INDIA) LTD.,30.79,31.9,30.79,31.89,31.89,30.8,,31.89,,,8505,262596.0,29,F1,1,,,,,,2025-03-27
2025-03-27,2025-03-27,CM,BSE,STK,531456,INE952C01028,MINAXI,X,,,,,MINAXI TEXTILES LTD.,1.84,1.84,1.71,1.83,1.83,1.78,,1.83,,,7637,13538.0,37,F1,1,,,,,,2025-03-27
2025-03-27,2025-03-27,CM,BSE,STK,531458,INE109B01019,BOSTONBIO,XT,,,,,BOSTON BIO SYSTEMS LTD.,17.04,17.04,17.04,17.04,17.04,17.93,,17.04,,,745,12694.0,3,F1,1,,,,,,2025-03-27
2025-03-27,2025-03-27,CM,BSE,STK,531460,INE545B01022,CONTICON,X,,,,,CONTINENTAL CONTROLS LTD.,9.12,9.12,9.12,9.12,9.12,9.54,,9.12,,,2573,23465.0,7,F1,1,,,,,,2025-03-27
2025-03-27,2025-03-27,CM,BSE,STK,531465,INE317B01042,NOUVEAU,X,,,,,NOUVEAU GLOBAL VENTURES LTD.,0.49,0.49,0.49,0.49,0.49,0.49,,0.49,,,64092,31405.0,128,F1,1,,,,,,2025-03-27
2025-03-27,2025-03-27,CM,BSE,STK,531471,INE397G01019,DUKEOFS,X,,,,,DUKE OFFSHORE LTD.,15.27,15.27,14.23,14.23,14.23,14.97,,14.23,,,2423,34615.0,37,F1,1,,,,,,2025-03-27
2025-03-27,2025-03-27,CM,BSE,STK,531472,INE183D01010,CYBELEIND,X,,,,,CYBELE INDUSTRIES LTD.,24.9,24.9,19.85,20.92,20.68,24.25,,20.92,,,30687,628151.0,75,F1,1,,,,,,2025-03-27
2025-03-27,2025-03-27,CM,BSE,STK,531486,INE600B01033,FILME,XT,,,,,FILMCITY MEDIA LTD.,2.57,2.57,2.57,2.57,2.57,2.62,,2.57,,,5536,14227.0,11,F1,1,,,,,,2025-03-27
2025-03-27,2025-03-27,CM,BSE,STK,531489,INE084D01010,CGVAK,X,,,,,CG-VAK SOFTWARE & EXPORTS LTD.,277.0,277.0,250.0,257.3,257.3,271.45,,257.3,,,23644,6218758.0,382,F1,1,,,,,,2025-03-27
2025-03-27,2025-03-27,CM,BSE,STK,531494,INE268H01036,NAVKARURB,T,,,,,NAVKAR URBANSTRUCTURE LIMITED,14.4,14.46,13.52,13.73,13.73,14.23,,13.64,,,60246,820375.0,89,F1,1,,,,,,2025-03-27
2025-03-27,2025-03-27,CM,BSE,STK,531497,INE378D01032,MADHUCON,B,,,,,MADHUCON PROJECTS LTD.,6.36,6.36,6.16,6.16,6.16,6.48,,5.92,,,4738,29547.0,55,F1,1,,,,,,2025-03-27
2025-03-27,2025-03-27,CM,BSE,STK,531499,INE080D01042,SYBLY,XT,,,,,SYBLY INDUSTRIES LTD.,7.88,7.88,7.88,7.88,7.88,7.73,,7.88,,,10742,84646.0,7,F1,1,,,,,,2025-03-27
2025-03-27,2025-03-27,CM,BSE,STK,531500,INE343B01030,RAJESHEXPO,A,,,,,RAJESH EXPORTS LTD.,189.25,208.1,183.55,195.2,195.2,191.8,,195.5,,,319505,61859659.0,6015,F1,1,,,,,,2025-03-27
2025-03-27,2025-03-27,CM,BSE,STK,531502,INE404L01039,ESARIND,XT,,,,,ESAAR (INDIA) LTD.,11.1,11.1,10.68,10.68,10.68,10.89,,10.68,,,102547,1127300.0,261,F1,1,,,,,,2025-03-27
2025-03-27,2025-03-27,CM,BSE,STK,531503,INE866D01010,MARIS,X,,,,,MARIS SPINNERS LTD.,33.76,33.76,31.0,32.56,32.67,31.27,,32.56,,,9213,297859.0,40,F1,1,,,,,,2025-03-27
2025-03-27,2025-03-27,CM,BSE,STK,531506,INE561E01015,SKRABUL,X,,,,,SHUKRA BULLIONS LTD.,26.86,28.2,25.58,27.33,25.58,26.86,,27.33,,,775,21366.0,14,F1,1,,,,,,2025-03-27
2025-03-27,2025-03-27,CM,BSE,STK,531508,INE128A01029,EVEREADY,B,,,,,EVEREADY INDUSTRIES INDIA LTD.,306.0,306.0,287.0,296.75,296.75,302.85,,296.9,,,44498,13092865.0,2615,F1,1,,,,,,2025-03-27
2025-03-27,2025-03-27,CM,BSE,STK,531509,INE623D01015,STEP2COR,X,,,,,STEP TWO CORPORATION LTD.,31.0,31.0,31.0,31.0,31.0,32.27,,31.0,,,104,3224.0,3,F1,1,,,,,,2025-03-27
2025-03-27,2025-03-27,CM,BSE,STK,531512,INE681D01039,ORIENTTR,XT,,,,,ORIENT TRADELINK LTD.,24.31,24.31,22.01,23.96,24.0,23.16,,23.96,,,162454,3709429.0,279,F1,1,,,,,,2025-03-27
2025-03-27,2025-03-27,CM,BSE,STK,531518,INE767B01022,VIKASPROP,Z,,,,,VIKAS PROPPANT & GRANITE LTD.,0.39,0.39,0.37,0.37,0.37,0.38,,0.37,,,753869,280037.0,281,F1,1,,,,,,2025-03-27
2025-03-27,2025-03-27,CM,BSE,STK,531525,INE849B01010,ACESOFT,XT,,,,,ACE SOFTWARE EXPORTS LTD.,318.9,318.9,296.05,309.0,309.0,309.75,,309.0,,,3581,1089116.0,37,F1,1,,,,,,2025-03-27
2025-03-27,2025-03-27,CM,BSE,STK,531529,INE562E01021,SOFTRAKV,X,,,,,SOFTRAK VENTURE INVESTMENT LTD,2.79,2.79,2.79,2.79,2.79,2.93,,2.79,,,10005,27913.0,84,F1,1,,,,,,2025-03-27
2025-03-27,2025-03-27,CM,BSE,STK,531531,INE473B01035,HATSUN,A,,,,,HATSUN AGRO PRODUCT LTD.,964.0,964.0,941.3,944.1,945.0,968.5,,944.35,,,1189,1128542.0,211,F1,1,,,,,,2025-03-27
2025-03-27,2025-03-27,CM,BSE,STK,531533,INE578B01015,ACCEDERE,X,,,,,ACCEDERE LIMITED,80.09,84.3,80.09,84.29,84.29,84.3,,84.29,,,75,6318.0,3,F1,1,,,,,,2025-03-27
2025-03-27,2025-03-27,CM,BSE,STK,531537,INE681K01026,JYOTHI,XT,,,,,JYOTHI INFRAVENTURES LTD.,136.25,142.35,136.25,142.35,142.35,135.6,,142.35,,,1048,148713.0,34,F1,1,,,,,,2025-03-27
2025-03-27,2025-03-27,CM,BSE,STK,531539,INE864D01015,RISHDIGA,X,,,,,RISHABH DIGHA STEEL & ALLIED P,49.77,49.77,45.04,48.7,48.7,47.41,,48.7,,,72,3306.0,11,F1,1,,,,,,2025-03-27
2025-03-27,2025-03-27,CM,BSE,STK,531540,INE392G01028,MAINFRA,XT,,,,,MARUTI INFRASTRUCTURE LTD.,12.78,13.5,12.75,12.96,13.25,13.4,,12.96,,,194551,2529589.0,383,F1,1,,,,,,2025-03-27
2025-03-27,2025-03-27,CM,BSE,STK,531541,INE881A01015,KOBO,Z,,,,,KOBO BIOTECH LIMITED,2.76,3.03,2.76,3.0,3.0,2.89,,3.0,,,12288,36375.0,34,F1,1,,,,,,2025-03-27
2025-03-27,2025-03-27,CM,BSE,STK,531543,INE247D01039,JINDWORLD,A,,,,,JINDAL WORLDWIDE LTD.,55.51,66.61,54.11,66.59,66.59,55.51,,66.45,,,877605,55937569.0,4083,F1,1,,,,,,2025-03-27
2025-03-27,2025-03-27,CM,BSE,STK,531548,INE355A01028,SOMANYCERA,B,,,,,SOMANY CERAMICS LTD.,419.2,424.7,415.35,416.15,417.25,419.2,,417.0,,,3899,1629325.0,337,F1,1,,,,,,2025-03-27
2025-03-27,2025-03-27,CM,BSE,STK,531550,INE865D01012,JHACC,X,,,,,JHAVERI CREDITS & CAPITAL LTD.,156.35,172.05,145.9,152.65,152.65,156.45,,152.65,,,28967,4780310.0,283,F1,1,,,,,,2025-03-27
2025-03-27,2025-03-27,CM,BSE,STK,531552,INE754B01012,RAGHUTOB,X,,,,,RAGHUNATH TOBACCO CO.LTD.,18.09,18.5,17.55,18.5,18.5,18.09,,18.5,,,6286,114339.0,11,F1,1,,,,,,2025-03-27
2025-03-27,2025-03-27,CM,BSE,STK,531553,INE193D01019,DRL,X,,,,,DISHA RESOURCES LIMITED,20.05,21.0,19.5,20.06,20.75,21.48,,20.06,,,6216,126444.0,20,F1,1,,,,,,2025-03-27
2025-03-27,2025-03-27,CM,BSE,STK,531556,INE558D01021,CORALFINAC,B,,,,,CORAL INDIA FINANCE & HOUSING,42.04,42.04,38.01,38.94,38.94,41.07,,38.75,,,4080,163965.0,147,F1,1,,,,,,2025-03-27
2025-03-27,2025-03-27,CM,BSE,STK,531568,INE723K01018,ASHUTPM,X,,,,,ASHUTOSH PAPER MILLS LTD.,6.85,6.88,6.58,6.8,6.8,6.92,,6.8,,,4900,33129.0,15,F1,1,,,,,,2025-03-27
2025-03-27,2025-03-27,CM,BSE,STK,531569,INE860D01013,SANJIVIN,X,,,,,SANJIVANI PARANTERAL LTD.,256.9,258.0,241.0,251.15,252.9,253.35,,251.15,,,13987,3503366.0,142,F1,1,,,,,,2025-03-27
2025-03-27,2025-03-27,CM,BSE,STK,531578,INE580H01026,KMFBLDR,XT,,,,,KMF BUILDERS & DEVELOPERS LTD.,8.99,9.43,8.99,9.43,9.43,8.99,,9.43,,,1100,9903.0,11,F1,1,,,,,,2025-03-27
2025-03-27,2025-03-27,CM,BSE,STK,531582,INE508J01015,BERYLSE,X,,,,,BERYL SECURITIES LTD.,33.69,35.0,32.2,34.88,34.88,33.69,,34.88,,,2011,67772.0,14,F1,1,,,,,,2025-03-27
2025-03-27,2025-03-27,CM,BSE,STK,531583,INE483D01014,RAP,X,,,,,RAP MEDIA LTD.,29.5,30.9,28.03,30.35,30.35,29.5,,30.35,,,660,19269.0,8,F1,1,,,,,,2025-03-27
2025-03-27,2025-03-27,CM,BSE,STK,531585,INE455C01014,DEVINE,X,,,,,DEVINE IMPEX LTD.,8.89,9.25,8.51,8.9,8.9,8.81,,8.9,,,4742,42151.0,17,F1,1,,,,,,2025-03-27
2025-03-27,2025-03-27,CM,BSE,STK,531591,INE802A01037,BAMPSL,XT,,,,,BAMPSL SECURITIES LTD.,17.98,18.6,17.97,18.28,18.33,17.98,,18.28,,,85464,1566988.0,69,F1,1,,,,,,2025-03-27
2025-03-27,2025-03-27,CM,BSE,STK,531592,INE861N01036,GENPHARMA,XT,,,,,GENPHARMASEC LIMITED,1.92,1.92,1.92,1.92,1.92,1.95,,1.92,,,353198,678140.0,321,F1,1,,,,,,2025-03-27
2025-03-27,2025-03-27,CM,BSE,STK,531594,INE507D01010,INCON,X,,,,,INCON ENGINEERS LTD.,14.44,14.44,13.11,13.11,13.11,13.79,,13.11,,,4,53.0,3,F1,1,,,,,,2025-03-27
2025-03-27,2025-03-27,CM,BSE,STK,531595,INE180C01042,CGCL,A,,,,,CAPRI GLOBAL CAPITAL LIMITED,190.6,231.7,162.2,164.75,164.75,195.2,,164.9,,,5361532,1064273737.0,55208,F1,1,,,,,,2025-03-27
2025-03-27,2025-03-27,CM,BSE,STK,531599,INE258B01022,FDC,A,,,,,FDC LTD.,392.9,398.0,383.3,394.65,398.0,387.05,,394.9,,,7080,2774512.0,479,F1,1,,,,,,2025-03-27
2025-03-27,2025-03-27,CM,BSE,STK,531600,INE832C01014,GOGIACAPGL,X,,,,,GOGIA CAPITAL GROWTH LIMITED,107.95,107.95,107.95,107.95,107.95,107.95,,107.95,,,1,107.0,1,F1,1,,,,,,2025-03-27
2025-03-27,2025-03-27,CM,BSE,STK,531609,INE902G01016,KGPETRO,X,,,,,KG PETROCHEM LTD.,261.95,261.95,239.0,239.0,239.0,239.0,,239.0,,,760,187413.0,10,F1,1,,,,,,2025-03-27
2025-03-27,2025-03-27,CM,BSE,STK,531613,INE100C01024,MAL,XT,,,,,Meyer Apparel Limited,1.33,1.33,1.31,1.31,1.31,1.33,,1.31,,,5196,6837.0,22,F1,1,,,,,,2025-03-27
2025-03-27,2025-03-27,CM,BSE,STK,531616,INE347I01010,STARCOM,X,,,,,STARCOM INFORMATION TECHNOLOGY,117.95,117.95,106.95,110.0,110.0,112.55,,110.0,,,563,60897.0,6,F1,1,,,,,,2025-03-27
2025-03-27,2025-03-27,CM,BSE,STK,531624,INE695B01025,COUNCODOS,B,,,,,COUNTRY CONDOS LTD.,6.33,6.33,5.82,6.1,6.18,6.33,,6.04,,,26201,157982.0,141,F1,1,,,,,,2025-03-27
2025-03-27,2025-03-27,CM,BSE,STK,531626,INE628B01034,OROSMITHS,X,,,,,OROSIL SMITHS INDIA LTD.,3.71,4.24,3.71,3.83,3.96,4.01,,3.83,,,41575,162669.0,50,F1,1,,,,,,2025-03-27
2025-03-27,2025-03-27,CM,BSE,STK,531628,INE173E01019,TEJASSVI,XT,,,,,TEJASSVI AAHARAM LIMITED,32.0,32.06,32.0,32.06,32.06,33.56,,32.06,,,13,416.0,2,F1,1,,,,,,2025-03-27
2025-03-27,2025-03-27,CM,BSE,STK,531633,INE405C01035,LINCOLN,B,,,,,LINCOLN PHARMACEUTICALS LTD.,550.6,563.45,546.7,547.75,547.6,547.25,,549.7,,,3933,2168021.0,289,F1,1,,,,,,2025-03-27
2025-03-27,2025-03-27,CM,BSE,STK,531635,INE870J01019,SILVOAK,XT,,,,,SILVER OAK (INDIA) LTD.,175.0,175.0,172.65,172.65,172.65,176.15,,172.65,,,496,86543.0,20,F1,1,,,,,,2025-03-27
2025-03-27,2025-03-27,CM,BSE,STK,531637,INE722B01019,PRAVEG,B,,,,,PRAVEG LIMITED,471.0,480.0,465.5,466.95,466.95,477.9,,466.95,,,176789,83312908.0,4944,F1,1,,,,,,2025-03-27
2025-03-27,2025-03-27,CM,BSE,STK,531638,INE713C01016,SURAJLTD,B,,,,,SURAJ LTD.,379.7,402.9,379.65,379.9,379.9,399.6,,380.3,,,3432,1309778.0,95,F1,1,,,,,,2025-03-27
2025-03-27,2025-03-27,CM,BSE,STK,531642,INE196A01026,MARICO,A,,,,,MARICO LTD.,643.55,651.25,636.3,649.1,649.75,639.55,,649.05,,,37317,24055683.0,2058,F1,1,,,,,,2025-03-27
2025-03-27,2025-03-27,CM,BSE,STK,531644,INE546D01018,TOKYOFIN,X,,,,,TOKYO FINANCE LTD.,36.59,39.0,33.75,34.5,34.5,36.59,,34.5,,,1761,62985.0,34,F1,1,,,,,,2025-03-27
2025-03-27,2025-03-27,CM,BSE,STK,531652,INE528C01018,THIRDFIN,XT,,,,,THIRDWAVE FINANCIAL INTERMEDIA,101.0,101.0,95.1,95.1,95.1,97.7,,95.1,,,2002,190411.0,8,F1,1,,,,,,2025-03-27
2025-03-27,2025-03-27,CM,BSE,STK,531661,INE863C01019,HITTCO,X,,,,,HITTCO TOOLS LTD.,11.6,11.6,11.6,11.6,11.6,11.5,,11.6,,,950,11020.0,6,F1,1,,,,,,2025-03-27
2025-03-27,2025-03-27,CM,BSE,STK,531663,INE139D01020,YUVRAAJHPL,XT,,,,,YUVRAAJ HYGIENE PRODUCTS LTD.,12.21,12.21,12.21,12.21,12.21,12.45,,12.21,,,307918,3759678.0,124,F1,1,,,,,,2025-03-27
2025-03-27,2025-03-27,CM,BSE,STK,531668,INE661D01015,VISIONCO,X,,,,,VISION CORPORATION LTD.,3.02,3.02,2.9,3.02,3.02,3.01,,3.02,,,8961,26982.0,17,F1,1,,,,,,2025-03-27
2025-03-27,2025-03-27,CM,BSE,STK,531672,INE224C01014,INANISEC,X,,,,,INANI SECURITIES LTD.,22.64,24.71,22.6,23.29,24.71,23.56,,23.29,,,663,15440.0,5,F1,1,,,,,,2025-03-27
2025-03-27,2025-03-27,CM,BSE,STK,531673,INE067C01025,ANKIN,X,,,,,ANKA INDIA LTD.,24.87,24.87,24.87,24.87,24.87,23.69,,24.87,,,769,19125.0,6,F1,1,,,,,,2025-03-27
2025-03-27,2025-03-27,CM,BSE,STK,531677,INE588E01026,ARISINT,XT,,,,,ARIS INTERNATIONAL LTD.,248.85,248.85,248.85,248.85,248.85,244.0,,248.85,,,5,1244.0,1,F1,1,,,,,,2025-03-27
2025-03-27,2025-03-27,CM,BSE,STK,531681,INE673C01020,AMERISE,X,,,,,AMERISE BIOSCIENCES LIMITED,0.89,0.89,0.87,0.87,0.87,0.91,,0.87,,,90981,79414.0,179,F1,1,,,,,,2025-03-27
2025-03-27,2025-03-27,CM,BSE,STK,531688,INE621B01021,PRITHVIEXCH,XT,,,,,Prithvi Exchange (India) Limit,153.9,153.9,153.9,153.9,153.9,157.0,,153.9,,,815,125428.0,33,F1,1,,,,,,2025-03-27
2025-03-27,2025-03-27,CM,BSE,STK,531692,INE593B01030,KHYATI,XT,,,,,KHYATI MULTIMEDIA-ENTERTAINMEN,3.53,3.53,3.53,3.53,3.53,3.47,,3.53,,,6025,21268.0,9,F1,1,,,,,,2025-03-27
2025-03-27,2025-03-27,CM,BSE,STK,531694,INE230F01014,RAINBOWF,XT,,,,,RAINBOW FOUNDATIONS LTD.,38.95,39.9,37.25,37.92,37.25,39.21,,37.92,,,5800,220535.0,48,F1,1,,,,,,2025-03-27
2025-03-27,2025-03-27,CM,BSE,STK,531716,INE843F01014,TRICOMFRU,XT,,,,,TRICOM FRUIT PRODUCTS LIMITED,2.08,2.17,2.0,2.17,2.17,2.07,,2.17,,,15546,33028.0,23,F1,1,,,,,,2025-03-27
2025-03-27,2025-03-27,CM,BSE,STK,531717,INE632C01026,VIDHIING,B,,,,,Vidhi Specialty Food Ingredien,425.6,436.7,412.5,421.1,426.95,427.75,,421.35,,,1280,544393.0,102,F1,1,,,,,,2025-03-27
2025-03-27,2025-03-27,CM,BSE,STK,531719,INE414D01027,BHAGCHEM,B,,,,,BHAGIRADHA CHEMICALS & INDUSTR,279.6,286.75,272.85,283.3,281.15,281.45,,283.45,,,5052,1416868.0,161,F1,1,,,,,,2025-03-27
2025-03-27,2025-03-27,CM,BSE,STK,531723,INE224E01028,GATECH,B,,,,,GACM Technologies Limited,0.61,0.61,0.59,0.59,0.59,0.62,,0.57,,,3916968,2317468.0,575,F1,1,,,,,,2025-03-27
2025-03-27,2025-03-27,CM,BSE,STK,531726,INE316G01019,PANCHSHEEL,X,,,,,PANCHSHEEL ORGANICS LTD.,143.95,144.45,134.35,135.8,136.1,141.4,,135.8,,,150917,20609035.0,354,F1,1,,,,,,2025-03-27
2025-03-27,2025-03-27,CM,BSE,STK,531727,INE650G01029,MENNPIS,X,,,,,MENON PISTONS LTD.,50.59,50.99,47.26,47.96,47.96,50.31,,47.96,,,89806,4349393.0,944,F1,1,,,,,,2025-03-27
2025-03-27,2025-03-27,CM,BSE,STK,531737,INE414C01045,GREENCREST,X,,,,,GREENCREST FINANCIAL SERVICES,0.7,0.7,0.69,0.69,0.69,0.7,,0.69,,,214816,148342.0,257,F1,1,,,,,,2025-03-27
2025-03-27,2025-03-27,CM,BSE,STK,531739,INE509C01026,GENNEX,X,,,,,GENNEX LABORATORIES LTD.,12.39,13.0,11.94,12.01,12.1,12.14,,12.01,,,3244151,40382035.0,1451,F1,1,,,,,,2025-03-27
2025-03-27,2025-03-27,CM,BSE,STK,531744,INE548B01018,GINISILK,X,,,,,GINI SILK MILLS LTD.,91.0,91.0,83.0,84.24,83.0,83.45,,84.24,,,1203,101237.0,17,F1,1,,,,,,2025-03-27
2025-03-27,2025-03-27,CM,BSE,STK,531746,INE505C01016,PRAENG,B,,,,,PRAJAY ENGINEERS SYNDICATE LTD,21.24,21.52,19.85,20.18,20.49,21.15,,20.31,,,10366,219015.0,154,F1,1,,,,,,2025-03-27
2025-03-27,2025-03-27,CM,BSE,STK,531752,INE703D01023,BIOGEN,X,,,,,BIOGEN PHARMACHEM INDUSTRIES L,0.98,0.99,0.96,0.98,0.98,0.98,,0.98,,,1163767,1139543.0,951,F1,1,,,,,,2025-03-27
2025-03-27,2025-03-27,CM,BSE,STK,531758,INE131D01019,GKCONS,XT,,,,,G.K.CONSULTANTS LTD.,18.43,18.43,18.43,18.43,18.43,18.8,,18.43,,,100,1843.0,1,F1,1,,,,,,2025-03-27
2025-03-27,2025-03-27,CM,BSE,STK,531761,INE126J01016,APOLLOPIPE,B,,,,,APOLLO PIPES LIMITED,369.65,372.55,361.0,362.15,362.35,370.95,,363.45,,,14469,5297536.0,543,F1,1,,,,,,2025-03-27
2025-03-27,2025-03-27,CM,BSE,STK,531762,INE576D01015,UNJHAFOR,X,,,,,UNJHA FORMULATIONS LTD.,21.85,23.0,20.55,22.5,22.5,22.01,,22.5,,,1368,29930.0,38,F1,1,,,,,,2025-03-27
2025-03-27,2025-03-27,CM,BSE,STK,531768,INE205C01021,POLYMED,A,,,,,POLY MEDICURE LTD.,2184.2,2239.3,2166.65,2212.8,2214.8,2205.9,,2211.4,,,6094,13422463.0,804,F1,1,,,,,,2025-03-27
2025-03-27,2025-03-27,CM,BSE,STK,531771,INE311M01018,SHRADDHA,X,,,,,SHRADDHA PRIME PROJECTS LTD,168.5,168.5,152.5,153.15,152.5,160.5,,153.15,,,116171,18611237.0,601,F1,1,,,,,,2025-03-27
2025-03-27,2025-03-27,CM,BSE,STK,531778,INE059E01010,KACHCHH,X,,,,,KACHCHH MINERALS LTD.,24.95,24.95,23.6,24.0,24.0,24.08,,24.0,,,4723,115560.0,37,F1,1,,,,,,2025-03-27
2025-03-27,2025-03-27,CM,BSE,STK,531779,INE630U01014,PADALPO,XT,,,,,PADMANABH ALLOYS & POLYMERS LT,18.18,19.0,17.5,19.0,19.0,18.18,,19.0,,,6605,116664.0,15,F1,1,,,,,,2025-03-27
2025-03-27,2025-03-27,CM,BSE,STK,531780,INE229G01022,KACL,XT,,,,,KAISER CORPORATION LIMITED,5.3,5.32,5.29,5.29,5.29,5.3,,5.29,,,326344,1729528.0,58,F1,1,,,,,,2025-03-27
2025-03-27,2025-03-27,CM,BSE,STK,531784,INE469F01026,KCLINFRA,X,,,,,KCL Infra Projects Limited,1.34,1.38,1.3,1.34,1.36,1.38,,1.34,,,415307,551960.0,247,F1,1,,,,,,2025-03-27
2025-03-27,2025-03-27,CM,BSE,STK,531795,INE951D01028,ATULAUTO,B,,,,,ATUL AUTO LTD.,448.5,457.55,440.6,441.75,442.45,445.65,,441.45,,,8367,3751334.0,470,F1,1,,,,,,2025-03-27
2025-03-27,2025-03-27,CM,BSE,STK,531797,INE393D01015,SCANPRO,XT,,,,,SCAN PROJECTS LTD.,63.4,63.4,59.4,59.4,59.4,62.5,,59.4,,,3086,183452.0,29,F1,1,,,,,,2025-03-27
2025-03-27,2025-03-27,CM,BSE,STK,531802,INE426H01014,PRERINFRA,X,,,,,PRERNA INFRABUILD LTD.,23.99,25.48,22.5,22.68,22.68,23.89,,22.68,,,84984,1966015.0,279,F1,1,,,,,,2025-03-27
2025-03-27,2025-03-27,CM,BSE,STK,531810,INE161E01014,METALCO,X,,,,,METAL COATINGS (INDIA) LTD.,69.98,69.98,63.5,64.78,65.98,67.29,,64.78,,,15730,1019475.0,186,F1,1,,,,,,2025-03-27
2025-03-27,2025-03-27,CM,BSE,STK,531812,INE266C01023,SGNTE,XT,,,,,SGN TELECOMS LTD.,0.78,0.79,0.76,0.78,0.78,0.8,,0.78,,,27207,20951.0,102,F1,1,,,,,,2025-03-27
2025-03-27,2025-03-27,CM,BSE,STK,531814,INE297J01023,TIRSARJ,X,,,,,TIRUPATI SARJAN LTD.,14.49,14.8,13.2,13.47,13.69,13.93,,13.47,,,24722,346138.0,102,F1,1,,,,,,2025-03-27
2025-03-27,2025-03-27,CM,BSE,STK,531821,INE348D01019,MUNOTHFI,X,,,,,MUNOTH FINANCIAL SERVICES LTD.,54.76,54.76,54.76,54.76,54.76,52.16,,54.76,,,66,3614.0,4,F1,1,,,,,,2025-03-27
2025-03-27,2025-03-27,CM,BSE,STK,531832,INE793H01017,NAGTECH,XT,,,,,NAGARJUNA AGRI TECH LTD.,51.49,51.49,51.49,51.49,51.49,50.49,,51.49,,,10667,549243.0,10,F1,1,,,,,,2025-03-27
2025-03-27,2025-03-27,CM,BSE,STK,531834,INE487B01019,NATHUEC,X,,,,,NATURA HUE CHEM LTD.,9.5,10.0,9.13,10.0,10.0,9.53,,10.0,,,1481,14131.0,13,F1,1,,,,,,2025-03-27
2025-03-27,2025-03-27,CM,BSE,STK,531840,INE172B01017,IECEDU,XT,,,,,IEC EDUCATION LTD.,15.79,15.79,15.79,15.79,15.79,15.49,,15.79,,,2280,36001.0,9,F1,1,,,,,,2025-03-27
2025-03-27,2025-03-27,CM,BSE,STK,531841,INE935D01013,INDUSFINL,XT,,,,,Indus Finance Limited,35.46,36.89,35.46,35.46,35.46,36.18,,35.46,,,4625,168470.0,31,F1,1,,,,,,2025-03-27
2025-03-27,2025-03-27,CM,BSE,STK,531842,INE515C01023,LAHOTIOV,X,,,,,LAHOTI OVERSEAS LTD.,31.64,35.99,31.0,31.79,31.0,31.64,,31.79,,,40917,1324890.0,116,F1,1,,,,,,2025-03-27
2025-03-27,2025-03-27,CM,BSE,STK,531845,INE318D01020,ZENITHSTL,B,,,,,ZENITH STEEL PIPES AND  INDUST,7.03,7.03,6.25,6.27,6.27,6.46,,6.25,,,43318,281303.0,205,F1,1,,,,,,2025-03-27
2025-03-27,2025-03-27,CM,BSE,STK,531846,INE884X01011,TRINITYLEA,X,,,,,TRINITY LEAGUE INDIA LTD.,12.19,12.19,11.0,12.17,12.17,12.19,,12.17,,,1077,11936.0,8,F1,1,,,,,,2025-03-27
2025-03-27,2025-03-27,CM,BSE,STK,531847,INE194D01017,ASTAR,B,,,,,ASIAN STAR CO.LTD.,732.9,732.9,732.9,732.9,732.9,732.9,,732.9,,,11,8061.0,3,F1,1,,,,,,2025-03-27
2025-03-27,2025-03-27,CM,BSE,STK,531859,INE457G01029,ORIRAIL,T,,,,,ORIENTAL RAIL INFRASTRUCTURE L,161.4,161.4,161.4,161.4,161.4,164.65,,161.4,,,159620,25762668.0,290,F1,1,,,,,,2025-03-27
2025-03-27,2025-03-27,CM,BSE,STK,531861,INE024B01010,JOINDRE,X,,,,,JOINDRE CAPITAL SERVICES LTD.,39.4,40.0,38.91,39.59,39.51,39.4,,39.59,,,12311,484477.0,66,F1,1,,,,,,2025-03-27
2025-03-27,2025-03-27,CM,BSE,STK,531862,INE842D01029,BHARATAGRI,X,,,,,BHARAT AGRI FERT & REALTY LTD.,37.75,39.9,36.6,36.81,36.6,37.52,,36.81,,,144101,5453857.0,421,F1,1,,,,,,2025-03-27
2025-03-27,2025-03-27,CM,BSE,STK,531867,INE929K01011,UNITINT,X,,,,,UNITECH INTERNATIONAL LTD.,4.32,4.9,4.32,4.9,4.9,5.09,,4.9,,,239,1149.0,9,F1,1,,,,,,2025-03-27
2025-03-27,2025-03-27,CM,BSE,STK,531869,INE433G01020,SACHEMT,X,,,,,SACHETA METALS LTD.,3.97,3.97,3.8,3.94,3.95,3.82,,3.94,,,118457,465905.0,249,F1,1,,,,,,2025-03-27
2025-03-27,2025-03-27,CM,BSE,STK,531878,INE283D01018,ANJANIFIN,X,,,,,ANJANI FINANCE LTD.,13.3,13.3,12.32,12.75,12.97,12.92,,12.75,,,539,6962.0,21,F1,1,,,,,,2025-03-27
2025-03-27,2025-03-27,CM,BSE,STK,531888,INE687C01012,REXNORD,X,,,,,REXNORD ELECTRONICS & CONTROLS,90.0,90.0,85.0,85.92,85.92,90.29,,85.92,,,11637,1013176.0,199,F1,1,,,,,,2025-03-27
2025-03-27,2025-03-27,CM,BSE,STK,531889,INE882B01037,IIL,X,,,,,INTEGRATED INDUSTRIES LIMITED,21.93,24.0,18.85,21.74,21.74,22.02,,21.74,,,1512596,31346424.0,3355,F1,1,,,,,,2025-03-27
2025-03-27,2025-03-27,CM,BSE,STK,531892,INE060B01014,KHANDSE,B,,,,,KHANDWALA SECURITIES LTD.,22.6,22.99,20.5,20.91,20.57,22.59,,20.92,,,20238,442384.0,266,F1,1,,,,,,2025-03-27
2025-03-27,2025-03-27,CM,BSE,STK,531893,INE248B01023,SAWACA,X,,,,,SAWACA ENTERPRISES LIMITED,0.54,0.56,0.5,0.51,0.53,0.54,,0.51,,,4298347,2276754.0,1486,F1,1,,,,,,2025-03-27
2025-03-27,2025-03-27,CM,BSE,STK,531900,INE778E01031,CCLINTER,X,,,,,CCL INTERNATIONAL LTD.,25.44,25.44,23.4,23.77,23.77,25.44,,23.77,,,213804,5078412.0,42,F1,1,,,,,,2025-03-27
2025-03-27,2025-03-27,CM,BSE,STK,531902,INE755J01012,GALLOPENT,X,,,,,GALLOPS ENTERPRISE LTD.,22.4,22.4,19.09,20.36,21.75,20.4,,20.36,,,1102,24207.0,26,F1,1,,,,,,2025-03-27
2025-03-27,2025-03-27,CM,BSE,STK,531909,INE587J01027,CROISSANCE,X,,,,,CROISSANCE LIMITED,2.53,2.62,2.3,2.45,2.47,2.53,,2.45,,,298481,739847.0,160,F1,1,,,,,,2025-03-27
2025-03-27,2025-03-27,CM,BSE,STK,531910,INE312M01016,MADHUVEER,X,,,,,Madhuveer Com 18 Network Limit,239.05,239.05,229.45,229.45,229.45,241.5,,229.45,,,668,153600.0,17,F1,1,,,,,,2025-03-27
2025-03-27,2025-03-27,CM,BSE,STK,531911,INE803L01016,GALAGEX,XT,,,,,GALAXY AGRICO EXPORTS LTD.,42.26,42.26,42.26,42.26,42.26,42.26,,42.26,,,11,464.0,2,F1,1,,,,,,2025-03-27
2025-03-27,2025-03-27,CM,BSE,STK,531913,INE641H01018,GOPAIST,X,,,,,GOPAL IRON & STEELS CO.(GUJARA,6.64,6.74,6.19,6.28,6.27,6.64,,6.28,,,7658,48244.0,38,F1,1,,,,,,2025-03-27
2025-03-27,2025-03-27,CM,BSE,STK,531918,INE02XD01011,HINDAPL,XT,,,,,HINDUSTAN APPLIANCES LTD.,96.05,96.05,96.05,96.05,96.05,98.0,,96.05,,,338,32464.0,13,F1,1,,,,,,2025-03-27
2025-03-27,2025-03-27,CM,BSE,STK,531921,INE204E01012,AGARIND,B,,,,,AGARWAL INDUSTRIAL CORPORATION,1000.0,1044.35,988.1,996.35,996.35,1006.85,,998.95,,,1068,1080013.0,214,F1,1,,,,,,2025-03-27
2025-03-27,2025-03-27,CM,BSE,STK,531923,INE956B01013,DHAMPURE,X,,,,,DHAMPURE SPECIALITY SUGARS LTD,106.5,106.5,100.75,101.46,100.8,106.05,,101.46,,,6171,629888.0,61,F1,1,,,,,,2025-03-27
2025-03-27,2025-03-27,CM,BSE,STK,531925,INE545N01019,SHAQUAK,X,,,,,SHANTANU SHEOREY AQUAKULT LTD.,1.5,1.5,1.5,1.5,1.5,1.59,,1.5,,,9462,14193.0,19,F1,1,,,,,,2025-03-27
2025-03-27,2025-03-27,CM,BSE,STK,531929,INE214B01017,INNOCORP,XT,,,,,INNOCORP LTD.,5.28,5.28,5.18,5.18,5.18,5.28,,5.18,,,16235,84119.0,9,F1,1,,,,,,2025-03-27
2025-03-27,2025-03-27,CM,BSE,STK,531930,INE074H01012,SARTHAKIND,X,,,,,SARTHAK INDUSTRIES LTD.,31.09,31.09,28.31,28.51,28.51,29.69,,28.51,,,259,7485.0,8,F1,1,,,,,,2025-03-27
2025-03-27,2025-03-27,CM,BSE,STK,531931,INE531X01018,SAICAPI,XT,,,,,SAI CAPITAL LTD.,214.75,215.0,210.5,210.5,210.5,214.75,,210.5,,,358,75821.0,27,F1,1,,,,,,2025-03-27
2025-03-27,2025-03-27,CM,BSE,STK,531936,INE657B01025,BLUECHIP,T,,,,,BLUE CHIP INDIA LTD.,7.37,7.49,7.27,7.4,7.4,7.37,,7.27,,,5613,41365.0,103,F1,1,,,,,,2025-03-27
2025-03-27,2025-03-27,CM,BSE,STK,531944,INE185D01015,LEXORAA,X,,,,,LEXORAA INDUSTRIES LIMITED,12.06,12.49,12.06,12.1,12.1,11.86,,12.1,,,8075,98282.0,17,F1,1,,,,,,2025-03-27
2025-03-27,2025-03-27,CM,BSE,STK,531950,INE316D01024,VERTEX,X,,,,,VERTEX SECURITIES LTD.,4.8,5.02,3.91,4.17,4.25,4.8,,4.17,,,77659,330748.0,135,F1,1,,,,,,2025-03-27
2025-03-27,2025-03-27,CM,BSE,STK,531952,INE811H01017,RIBATEX,X,,,,,RIBA TEXTILES LTD.,67.43,68.0,65.21,66.22,66.95,67.43,,66.22,,,24229,1612589.0,123,F1,1,,,,,,2025-03-27
2025-03-27,2025-03-27,CM,BSE,STK,531959,INE997D01021,NEWINFRA,XT,,,,,NEWTIME INFRASTRUCTURE LIMITED,4.05,4.05,3.68,3.68,3.68,3.87,,3.68,,,556867,2057150.0,240,F1,1,,,,,,2025-03-27
2025-03-27,2025-03-27,CM,BSE,STK,531960,INE108B01029,KASHYAP,XT,,,,,Kashyap Tele-Medicines Limited,4.57,4.57,4.57,4.57,4.57,4.49,,4.57,,,110,502.0,1,F1,1,,,,,,2025-03-27
2025-03-27,2025-03-27,CM,BSE,STK,531962,INE914B01012,SHREMETAL,X,,,,,SHREE METALLOYS LTD.,32.19,32.19,31.05,31.5,31.74,32.19,,31.5,,,98409,3105234.0,28,F1,1,,,,,,2025-03-27
2025-03-27,2025-03-27,CM,BSE,STK,531968,INE786E01018,IITLPROJ,X,,,,,IITL PROJECTS LIMITED,67.14,69.0,63.48,63.48,63.48,66.8,,63.48,,,1049,70361.0,29,F1,1,,,,,,2025-03-27
2025-03-27,2025-03-27,CM,BSE,STK,531977,INE558F01026,CHLOGIST,X,,,,,CHARTERED LOGISTICS LTD.,8.52,8.76,8.22,8.29,8.22,8.65,,8.29,,,710481,5888839.0,258,F1,1,,,,,,2025-03-27
2025-03-27,2025-03-27,CM,BSE,STK,531978,INE540G01014,AMBIKCO,B,,,,,AMBIKA COTTON MILLS LTD.,1305.05,1325.0,1302.0,1306.45,1314.75,1310.8,,1308.15,,,4422,5795792.0,392,F1,1,,,,,,2025-03-27
2025-03-27,2025-03-27,CM,BSE,STK,531979,INE227B01019,HINDALUMI,X,,,,,HIND ALUMINIUM INDUSTRIES LTD.,68.1,69.2,64.1,67.85,68.2,68.14,,67.85,,,6569,444522.0,152,F1,1,,,,,,2025-03-27
2025-03-27,2025-03-27,CM,BSE,STK,531980,INE564B01015,SENINFO,XT,,,,,SENTHIL INFOTEK LTD,12.5,12.5,12.5,12.5,12.5,13.12,,12.5,,,3,37.0,2,F1,1,,,,,,2025-03-27
2025-03-27,2025-03-27,CM,BSE,STK,531982,INE547C01018,SPECFOOD,X,,,,,SPECTRUM FOODS LTD.,25.66,26.52,25.26,26.09,26.52,25.66,,26.09,,,38215,988892.0,100,F1,1,,,,,,2025-03-27
2025-03-27,2025-03-27,CM,BSE,STK,531991,INE735C01027,AMRAAGRI,X,,,,,AMRAWORLD AGRICO LTD.,1.07,1.07,1.02,1.02,1.02,1.04,,1.02,,,110426,113864.0,235,F1,1,,,,,,2025-03-27
2025-03-27,2025-03-27,CM,BSE,STK,531996,INE839E01023,ODYCORP,XT,,,,,ODYSSEY CORPORATION LTD.,17.69,17.69,17.69,17.69,17.69,18.62,,17.69,,,3484,61631.0,17,F1,1,,,,,,2025-03-27
2025-03-27,2025-03-27,CM,BSE,STK,531997,INE164D01010,VUENOW,XT,,,,,VUENOW INFRATECH LIMITED,112.5,114.1,112.5,112.65,112.5,112.4,,112.65,,,12594,1420285.0,118,F1,1,,,,,,2025-03-27
2025-03-27,2025-03-27,CM,BSE,STK,532011,INE147C01017,POOJAENT,X,,,,,VASHU BHAGNANI INDUSTRIES LIMI,122.75,122.75,111.6,111.7,114.8,117.45,,111.7,,,3067,357504.0,52,F1,1,,,,,,2025-03-27
2025-03-27,2025-03-27,CM,BSE,STK,532015,INE995A01013,GRAVITY,XT,,,,,GRAVITY (INDIA) LTD.,4.52,4.52,4.52,4.52,4.52,4.61,,4.52,,,1202,5433.0,10,F1,1,,,,,,2025-03-27
2025-03-27,2025-03-27,CM,BSE,STK,532016,INE176O01011,ESPIRE,Z,,,,,ESPIRE HOSPITALITY LIMITED,470.6,470.6,461.2,461.2,461.2,470.6,,461.2,,,5,2324.0,2,F1,1,,,,,,2025-03-27
2025-03-27,2025-03-27,CM,BSE,STK,532019,INE938A01021,LCCINFOTEC,T,,,,,LCC INFOTECH LTD.,6.06,6.06,6.06,6.06,6.06,6.18,,6.06,,,12864,77955.0,21,F1,1,,,,,,2025-03-27
2025-03-27,2025-03-27,CM,BSE,STK,532022,INE185E01021,FILATFASH,T,,,,,FILATEX FASHIONS LTD.,0.5,0.51,0.5,0.5,0.5,0.52,,0.49,,,4300469,2151255.0,1022,F1,1,,,,,,2025-03-27
2025-03-27,2025-03-27,CM,BSE,STK,532029,INE325D01025,SINDHUTRAD,B,,,,,SINDHU TRADE LINKS LIMITED,17.5,17.94,16.2,16.22,16.2,17.99,,16.2,,,387015,6529925.0,1064,F1,1,,,,,,2025-03-27
2025-03-27,2025-03-27,CM,BSE,STK,532039,INE486F01012,ZENOTECH,X,,,,,ZENOTECH LABORATORIES LTD.,53.0,54.5,52.0,52.2,53.2,52.94,,52.2,,,36672,1933773.0,162,F1,1,,,,,,2025-03-27
2025-03-27,2025-03-27,CM,BSE,STK,532041,INE597C01021,HINDBIO,X,,,,,HINDUSTAN BIO SCIENCES LTD.,7.32,7.32,6.99,6.99,6.99,7.32,,6.99,,,3244,23035.0,25,F1,1,,,,,,2025-03-27
2025-03-27,2025-03-27,CM,BSE,STK,532042,INE092D01013,FRONTCORP,X,,,,,FRONTLINE CORPORATION LTD.,50.74,50.74,40.05,42.79,41.37,42.29,,42.79,,,2460,117023.0,29,F1,1,,,,,,2025-03-27
2025-03-27,2025-03-27,CM,BSE,STK,532051,INE409B01013,SWELECTES,T,,,,,SWELECT ENERGY SYSTEMS LIMITED,554.1,554.1,553.35,553.35,553.35,564.6,,553.35,,,240,132888.0,25,F1,1,,,,,,2025-03-27
2025-03-27,2025-03-27,CM,BSE,STK,532053,INE121B01014,WALLFORT,XT,,,,,WALLFORT FINANCIAL SERVICES LT,101.2,105.0,101.1,101.1,101.1,106.4,,101.1,,,9208,933592.0,78,F1,1,,,,,,2025-03-27
2025-03-27,2025-03-27,CM,BSE,STK,532054,INE291D01011,KDDL,B,,,,,KDDL LTD.,3164.0,3310.0,3155.6,3236.35,3230.0,3232.15,,3237.4,,,2417,7846558.0,397,F1,1,,,,,,2025-03-27
2025-03-27,2025-03-27,CM,BSE,STK,532056,INE398H01015,ADIEXRE,XT,,,,,ADINATH EXIM RESOURCES LTD.,43.5,43.55,43.5,43.55,43.55,43.5,,43.55,,,1771,77126.0,3,F1,1,,,,,,2025-03-27
2025-03-27,2025-03-27,CM,BSE,STK,532057,INE516F01016,ABHICAP,X,,,,,ABHINAV CAPITAL SERVICES LTD.,116.05,116.05,116.05,116.05,116.05,116.05,,116.05,,,50,5802.0,6,F1,1,,,,,,2025-03-27
2025-03-27,2025-03-27,CM,BSE,STK,532067,INE994E01018,3BBLACKBIO,B,,,,,3B BlackBio Dx Limited,1664.6,1697.95,1635.0,1671.85,1671.85,1664.6,,1671.85,,,4040,6741649.0,256,F1,1,,,,,,2025-03-27
2025-03-27,2025-03-27,CM,BSE,STK,532070,INE311N01016,SUMUKA,X,,,,,Sumuka Agro Industries Limited,185.0,188.85,175.05,181.25,183.0,179.95,,181.25,,,36115,6519131.0,182,F1,1,,,,,,2025-03-27
2025-03-27,2025-03-27,CM,BSE,STK,532090,INE219M01021,VANDANA,XT,,,,,VANDANA KNITWEAR LTD.,14.53,14.53,13.97,13.97,13.97,14.25,,13.97,,,387664,5597078.0,169,F1,1,,,,,,2025-03-27
2025-03-27,2025-03-27,CM,BSE,STK,532092,INE807D01030,EPUJA,X,,,,,EPUJA SPIRITECH LIMITED,3.96,3.96,3.69,3.7,3.69,3.88,,3.7,,,97821,368409.0,147,F1,1,,,,,,2025-03-27
2025-03-27,2025-03-27,CM,BSE,STK,532100,INE456B01014,INDOCITY,X,,,,,INDO-CITY INFOTECH LTD.,9.69,10.25,9.5,9.7,9.7,9.69,,9.7,,,5158,49737.0,45,F1,1,,,,,,2025-03-27
2025-03-27,2025-03-27,CM,BSE,STK,532102,INE948G01019,SBECSUG,XT,,,,,SBEC SUGAR LTD.,39.11,39.15,37.16,37.19,37.16,39.11,,37.19,,,1268,48531.0,22,F1,1,,,,,,2025-03-27
2025-03-27,2025-03-27,CM,BSE,STK,532113,INE957E01031,BRIJLEAS,X,,,,,BRIJLAXMI LEASING & FINANCE LT,8.35,8.79,8.0,8.02,8.0,8.42,,8.02,,,7038,59032.0,40,F1,1,,,,,,2025-03-27
2025-03-27,2025-03-27,CM,BSE,STK,532123,INE395A01016,BSELALGO,X,,,,,BSEL ALGO LIMITED,8.01,8.01,7.2,7.29,7.29,8.01,,7.29,,,531329,4046527.0,899,F1,1,,,,,,2025-03-27
2025-03-27,2025-03-27,CM,BSE,STK,532124,INE419H01019,RELIABVEN,X,,,,,RELIABLE VENTURES INDIA LTD.,20.9,21.9,19.61,21.4,21.4,20.9,,21.4,,,5925,127855.0,21,F1,1,,,,,,2025-03-27
2025-03-27,2025-03-27,CM,BSE,STK,532131,INE382B01012,TRIUMPIN,XT,,,,,TRIUMPH INTERNATIONAL FINANCE,11.96,11.96,11.96,11.96,11.96,11.73,,11.96,,,1125,13455.0,4,F1,1,,,,,,2025-03-27
2025-03-27,2025-03-27,CM,BSE,STK,532134,INE028A01039,BANKBARODA,A,,,,,BANK OF BARODA,219.75,231.6,218.85,230.75,230.75,220.25,,231.0,,,586306,133758077.0,6279,F1,1,,,,,,2025-03-27
2025-03-27,2025-03-27,CM,BSE,STK,532141,INE666E01020,ACL,B,,,,,ANDHRA CEMENTS LTD.,55.62,55.62,53.11,53.6,53.6,55.12,,53.53,,,29395,1588474.0,730,F1,1,,,,,,2025-03-27
2025-03-27,2025-03-27,CM,BSE,STK,532143,INE411D01015,SKMEGGPROD,B,,,,,SKM EGG PRODUCTS EXPORT (INDIA,165.8,174.8,162.75,165.4,165.1,165.8,,165.7,,,8043,1341549.0,388,F1,1,,,,,,2025-03-27
2025-03-27,2025-03-27,CM,BSE,STK,532144,INE191B01025,WELCORP,A,,,,,WELSPUN CORP LIMITED,825.05,876.3,821.45,872.05,876.3,825.35,,871.9,,,29777,25608350.0,1817,F1,1,,,,,,2025-03-27
2025-03-27,2025-03-27,CM,BSE,STK,532145,INE731B01010,HOTLSILV,X,,,,,H.S.INDIA LTD.,13.0,13.0,12.25,12.34,12.98,12.44,,12.34,,,2723,33882.0,12,F1,1,,,,,,2025-03-27
2025-03-27,2025-03-27,CM,BSE,STK,532149,INE084A01016,BANKINDIA,A,,,,,BANK OF INDIA,104.79,108.5,104.05,107.81,108.27,105.39,,107.8,,,423883,45143392.0,2953,F1,1,,,,,,2025-03-27
2025-03-27,2025-03-27,CM,BSE,STK,532150,INE681B01017,INDRAMEDCO,B,,,,,INDRAPRASTHA MEDICAL CORP.LTD.,375.4,395.0,365.0,391.6,392.15,380.45,,392.05,,,39749,15253820.0,1780,F1,1,,,,,,2025-03-27
2025-03-27,2025-03-27,CM,BSE,STK,532154,INE560F01022,JOHNPHARMA,X,,,,,JOHNSON PHARMACARE LIMITED,0.94,0.97,0.91,0.95,0.95,0.95,,0.95,,,1539217,1435616.0,1616,F1,1,,,,,,2025-03-27
2025-03-27,2025-03-27,CM,BSE,STK,532155,INE129A01019,GAIL,A,,,,,GAIL (INDIA) LTD.,172.45,182.2,172.05,181.6,181.6,174.15,,181.55,,,871172,155896276.0,11111,F1,1,,,,,,2025-03-27
2025-03-27,2025-03-27,CM,BSE,STK,532156,INE884A01027,VAIBHAVGBL,A,,,,,VAIBHAV GLOBAL LTD,222.6,226.95,220.4,223.0,223.0,223.0,,222.5,,,30063,6688832.0,1087,F1,1,,,,,,2025-03-27
2025-03-27,2025-03-27,CM,BSE,STK,532159,INE088D01011,TRESCON,X,,,,,TRESCON LIMITED,10.81,11.3,10.65,10.95,11.0,11.21,,10.95,,,244313,2652867.0,53,F1,1,,,,,,2025-03-27
2025-03-27,2025-03-27,CM,BSE,STK,532160,INE944A01011,GUJSTATFIN,B,,,,,GUJARAT STATE FINANCIAL CORPOR,16.67,16.67,14.1,15.66,15.92,16.23,,15.66,,,57548,883518.0,291,F1,1,,,,,,2025-03-27
2025-03-27,2025-03-27,CM,BSE,STK,532162,INE789E01012,JKPAPER,A,,,,,JK PAPER LTD.,315.0,319.15,308.45,309.8,310.0,319.6,,309.85,,,110391,34364200.0,1729,F1,1,,,,,,2025-03-27
2025-03-27,2025-03-27,CM,BSE,STK,532163,INE979A01025,SAREGAMA,A,,,,,SAREGAMA INDIA LTD.,500.05,521.55,500.05,509.85,509.85,506.15,,512.4,,,33065,16940891.0,684,F1,1,,,,,,2025-03-27
2025-03-27,2025-03-27,CM,BSE,STK,532164,INE514C01026,MINOLTAF,Z,,,,,MINOLTA FINANCE LTD.,1.53,1.53,1.53,1.53,1.53,1.46,,1.53,,,9900,15147.0,3,F1,1,,,,,,2025-03-27
2025-03-27,2025-03-27,CM,BSE,STK,532172,INE737B01033,ADROITINFO,B,,,,,Adroit Infotech Limited,12.19,12.19,11.33,11.58,11.58,11.85,,11.56,,,20781,244372.0,157,F1,1,,,,,,2025-03-27
2025-03-27,2025-03-27,CM,BSE,STK,532173,INE214A01019,CYBERTECH,B,,,,,CYBERTECH SYSTEMS AND SOFTWARE,147.35,152.55,144.05,147.0,146.75,145.4,,147.25,,,21328,3149647.0,804,F1,1,,,,,,2025-03-27
2025-03-27,2025-03-27,CM,BSE,STK,532174,INE090A01021,ICICIBANK,A,,,,,ICICI BANK LTD.,1332.2,1351.0,1332.2,1336.75,1336.75,1335.4,,1336.65,,,61933,83150684.0,3177,F1,1,,,,,,2025-03-27
2025-03-27,2025-03-27,CM,BSE,STK,532175,INE136B01020,CYIENT,A,,,,,CYIENT LIMITED,1278.3,1290.45,1260.0,1281.45,1285.65,1280.4,,1280.75,,,28869,36890975.0,2743,F1,1,,,,,,2025-03-27
2025-03-27,2025-03-27,CM,BSE,STK,532178,INE510A01028,ENGINERSIN,A,,,,,ENGINEERS INDIA LTD.,155.7,159.95,155.4,157.9,157.6,156.25,,157.85,,,261115,41198011.0,2313,F1,1,,,,,,2025-03-27
2025-03-27,2025-03-27,CM,BSE,STK,532180,INE680A01011,DHANBANK,B,,,,,DHANLAXMI BANK LIMITED,30.75,31.35,30.28,30.55,30.55,29.92,,30.52,,,705593,21749883.0,3269,F1,1,,,,,,2025-03-27
2025-03-27,2025-03-27,CM,BSE,STK,532181,INE131A01031,GMDCLTD,A,,,,,GUJARAT MINERAL DEVELOPMENT CO,259.0,267.95,258.85,265.6,265.85,260.7,,265.9,,,86931,22934560.0,1603,F1,1,,,,,,2025-03-27
2025-03-27,2025-03-27,CM,BSE,STK,532183,INE622E01023,GAYATRI,X,,,,,GAYATRI SUGARS LTD.,9.46,9.46,8.63,8.77,8.79,9.05,,8.77,,,89881,799660.0,381,F1,1,,,,,,2025-03-27
2025-03-27,2025-03-27,CM,BSE,STK,532187,INE095A01012,INDUSINDBK,A,,,,,INDUSIND BANK LTD.,656.25,676.3,640.55,673.6,673.6,656.05,,673.55,,,898259,593214663.0,20979,F1,1,,,,,,2025-03-27
2025-03-27,2025-03-27,CM,BSE,STK,532189,INE353K01014,ITDC,B,,,,,INDIA TOURISM DEVELOPMENT CORP,590.85,603.45,584.9,595.6,593.85,601.2,,595.9,,,6113,3638495.0,854,F1,1,,,,,,2025-03-27
2025-03-27,2025-03-27,CM,BSE,STK,532209,INE168A01041,J&KBANK,A,,,,,JAMMU & KASHMIR BANK LTD.,94.99,94.99,92.21,93.79,93.79,92.8,,93.74,,,219950,20541082.0,1644,F1,1,,,,,,2025-03-27
2025-03-27,2025-03-27,CM,BSE,STK,532210,INE491A01021,CUB,A,,,,,CITY UNION BANK LTD.,150.4,160.35,144.0,154.25,157.1,158.65,,154.1,,,212814,32940671.0,3025,F1,1,,,,,,2025-03-27
2025-03-27,2025-03-27,CM,BSE,STK,532212,INE731A01020,ARCHIES,B,,,,,ARCHIES LTD.,17.0,17.09,15.25,15.85,15.95,16.94,,15.8,,,40901,656494.0,368,F1,1,,,,,,2025-03-27
2025-03-27,2025-03-27,CM,BSE,STK,532215,INE238A01034,AXISBANK,A,,,,,AXIS BANK LTD.,1080.4,1108.4,1080.4,1098.5,1098.5,1095.6,,1098.35,,,64605,71197837.0,2963,F1,1,,,,,,2025-03-27
2025-03-27,2025-03-27,CM,BSE,STK,532216,INE550B01022,HBSL,B,,,,,HB STOCKHOLDINGS LTD.,76.55,76.55,74.26,76.13,76.14,75.75,,74.88,,,1112,83677.0,56,F1,1,,,,,,2025-03-27
2025-03-27,2025-03-27,CM,BSE,STK,532217,INE027F01014,SIELFNS,XT,,,,,SIEL FINANCIAL SERVICES LTD.,15.49,16.26,14.72,14.92,14.92,15.49,,14.92,,,137525,2128565.0,72,F1,1,,,,,,2025-03-27
2025-03-27,2025-03-27,CM,BSE,STK,532218,INE683A01023,SOUTHBANK,A,,,,,SOUTH INDIAN BANK LTD.,23.54,23.71,23.36,23.46,23.46,23.55,,23.46,,,1653284,38893436.0,6205,F1,1,,,,,,2025-03-27
2025-03-27,2025-03-27,CM,BSE,STK,532219,INE306C01019,ENERGYDEV,B,,,,,ENERGY DEVELOPMENT COMPANY LTD,17.92,18.0,17.2,17.2,17.2,18.1,,16.96,,,11924,205868.0,100,F1,1,,,,,,2025-03-27
2025-03-27,2025-03-27,CM,BSE,STK,532221,INE269A01021,SONATSOFTW,A,,,,,SONATA SOFTWARE LTD.,359.95,366.9,352.5,356.55,355.05,359.9,,356.35,,,44537,15894595.0,1211,F1,1,,,,,,2025-03-27
2025-03-27,2025-03-27,CM,BSE,STK,532230,INE665D01016,BENGALT,X,,,,,BENGAL TEA & FABRICS LTD.,170.0,170.0,146.7,150.05,150.05,152.2,,150.05,,,365,56902.0,23,F1,1,,,,,,2025-03-27
2025-03-27,2025-03-27,CM,BSE,STK,532234,INE139A01034,NATIONALUM,A,,,,,NATIONAL ALUMINIUM CO.LTD.,178.5,179.95,177.0,178.9,178.9,179.15,,178.8,,,146126,26113646.0,1723,F1,1,,,,,,2025-03-27
2025-03-27,2025-03-27,CM,BSE,STK,532240,INE092B01025,INDNIPPON,B,,,,,INDIA NIPPON ELECTRICALS LTD.,615.55,619.3,610.2,612.2,610.2,615.15,,614.8,,,2373,1461084.0,109,F1,1,,,,,,2025-03-27
2025-03-27,2025-03-27,CM,BSE,STK,532256,INE023A01030,NSIL,B,,,,,NALWA SONS INVESTMENTS LTD.,6100.0,6246.3,6032.65,6127.35,6121.0,6183.65,,6119.2,,,919,5634575.0,264,F1,1,,,,,,2025-03-27
2025-03-27,2025-03-27,CM,BSE,STK,532259,INE372A01015,APARINDS,A,,,,,APAR INDUSTRIES LTD.,5887.95,5887.95,5662.9,5703.0,5662.9,5789.45,,5707.75,,,5216,29895385.0,938,F1,1,,,,,,2025-03-27
2025-03-27,2025-03-27,CM,BSE,STK,532262,INE920B01019,TCIIND,X,,,,,TCI INDUSTRIES LTD.,1300.0,1300.0,1236.0,1253.0,1253.0,1245.05,,1253.0,,,86,107794.0,10,F1,1,,,,,,2025-03-27
2025-03-27,2025-03-27,CM,BSE,STK,532268,INE793A01012,ACCELYA,B,,,,,ACCELYA SOLUTIONS INDIA LIMITE,1297.0,1306.95,1280.05,1285.65,1282.1,1300.25,,1285.8,,,2777,3580209.0,347,F1,1,,,,,,2025-03-27
2025-03-27,2025-03-27,CM,BSE,STK,532271,INE215B01022,ORCHASP,B,,,,,ORCHASP LIMITED,2.33,2.39,2.18,2.21,2.21,2.33,,2.27,,,273763,614236.0,491,F1,1,,,,,,2025-03-27
2025-03-27,2025-03-27,CM,BSE,STK,532275,INE394C01023,LANDMARC,XT,,,,,LANDMARC LEISURE CORPORATION L,1.23,1.23,1.21,1.21,1.21,1.23,,1.21,,,12272,15054.0,38,F1,1,,,,,,2025-03-27
2025-03-27,2025-03-27,CM,BSE,STK,532281,INE860A01027,HCLTECH,A,,,,,HCL TECHNOLOGIES LTD.,1621.25,1638.2,1612.25,1626.8,1626.8,1633.3,,1630.05,,,180655,293006635.0,6163,F1,1,,,,,,2025-03-27
2025-03-27,2025-03-27,CM,BSE,STK,532284,INE389D01013,TCFCFINQ,X,,,,,TCFC FINANCE LTD.,48.16,50.5,46.46,47.28,47.15,49.01,,47.28,,,5319,254217.0,130,F1,1,,,,,,2025-03-27
2025-03-27,2025-03-27,CM,BSE,STK,532285,INE007B01023,GEOJITFSL,B,,,,,Geojit Financial Services Limi,69.51,72.59,69.46,71.85,71.15,69.89,,71.9,,,84850,6051966.0,1683,F1,1,,,,,,2025-03-27
2025-03-27,2025-03-27,CM,BSE,STK,532286,INE749A01030,JINDALSTEL,A,,,,,JINDAL STEEL & POWER LTD.,900.0,918.9,893.85,915.45,912.8,899.05,,916.05,,,20717,18739714.0,1705,F1,1,,,,,,2025-03-27
2025-03-27,2025-03-27,CM,BSE,STK,532290,INE791A01024,BLBLIMITED,B,,,,,BLB LTD.,15.15,15.57,14.04,14.28,14.68,15.09,,14.41,,,20207,302936.0,137,F1,1,,,,,,2025-03-27
2025-03-27,2025-03-27,CM,BSE,STK,532296,INE935A01035,GLENMARK,A,,,,,GLENMARK PHARMACEUTICALS LTD.,1463.6,1528.6,1450.85,1520.75,1520.75,1464.1,,1519.85,,,20054,30047082.0,3125,F1,1,,,,,,2025-03-27
2025-03-27,2025-03-27,CM,BSE,STK,532300,INE049B01025,WOCKPHARMA,A,,,,,WOCKHARDT LTD.,1402.6,1434.0,1380.0,1404.45,1404.45,1417.65,,1408.95,,,37778,53038166.0,2520,F1,1,,,,,,2025-03-27
2025-03-27,2025-03-27,CM,BSE,STK,532304,INE602C01011,KJMCCORP,X,,,,,KJMC CORPORATE ADVISORS (INDIA,82.0,82.5,77.0,79.0,79.0,80.0,,79.0,,,193,14909.0,15,F1,1,,,,,,2025-03-27
2025-03-27,2025-03-27,CM,BSE,STK,532305,INE915B01019,INDSWFTLAB,B,,,,,IND-SWIFT LABORATORIES LTD.,85.0,87.73,84.81,85.63,85.25,85.62,,85.67,,,30000,2586876.0,809,F1,1,,,,,,2025-03-27
2025-03-27,2025-03-27,CM,BSE,STK,532309,INE878A01011,GEPIL,B,,,,,GE Power India Ltd,253.5,257.3,247.85,249.95,249.95,253.5,,249.2,,,47704,12040402.0,1650,F1,1,,,,,,2025-03-27
2025-03-27,2025-03-27,CM,BSE,STK,532310,INE879A01019,SHREERAMA,T,,,,,SHREE RAMA MULTI-TECH LTD.,32.47,32.48,32.47,32.47,32.47,33.13,,32.47,,,8764,284591.0,31,F1,1,,,,,,2025-03-27
2025-03-27,2025-03-27,CM,BSE,STK,532313,INE813A01018,MAHLIFE,A,,,,,MAHINDRA LIFESPACE DEVELOPERS,308.4,365.2,290.55,317.15,315.75,313.6,,315.7,,,145684,46187623.0,3779,F1,1,,,,,,2025-03-27
2025-03-27,2025-03-27,CM,BSE,STK,532315,INE042B01012,GROARC,X,,,,,GROARC INDUSTRIES INDIA LIMITE,6.05,6.06,5.77,6.0,6.0,6.07,,6.0,,,10067,59318.0,43,F1,1,,,,,,2025-03-27
2025-03-27,2025-03-27,CM,BSE,STK,532320,INE418B01048,VAARAD,X,,,,,VAARAD VENTURES LTD,13.0,13.6,12.05,12.73,12.05,13.38,,12.73,,,2320,29358.0,37,F1,1,,,,,,2025-03-27
2025-03-27,2025-03-27,CM,BSE,STK,532321,INE010B01027,ZYDUSLIFE,A,,,,,Zydus Lifesciences Limited,905.8,905.8,882.2,891.05,894.0,907.0,,890.75,,,97264,86576622.0,4820,F1,1,,,,,,2025-03-27
2025-03-27,2025-03-27,CM,BSE,STK,532323,INE555C01029,SHIVACEM,B,,,,,SHIVA CEMENT LTD.,25.6,26.11,24.33,24.86,24.86,26.02,,24.86,,,787234,19737782.0,1598,F1,1,,,,,,2025-03-27
2025-03-27,2025-03-27,CM,BSE,STK,532324,INE039B01026,CINEVISTA,B,,,,,CINEVISTA LTD.,14.11,14.23,13.61,13.92,13.95,14.11,,13.86,,,20075,278239.0,136,F1,1,,,,,,2025-03-27
2025-03-27,2025-03-27,CM,BSE,STK,532326,INE781A01025,INTENTECH,B,,,,,INTENSE TECHNOLOGIES LTD.,97.01,97.01,86.0,91.46,91.2,97.01,,91.61,,,8118,756832.0,403,F1,1,,,,,,2025-03-27
2025-03-27,2025-03-27,CM,BSE,STK,532329,INE310B01013,DANLAW,X,,,,,DANLAW TECHNOLOGIES INDIA LTD.,868.0,871.95,800.0,812.95,812.95,847.7,,812.95,,,27319,22665565.0,942,F1,1,,,,,,2025-03-27
2025-03-27,2025-03-27,CM,BSE,STK,532331,INE031B01049,AJANTPHARM,A,,,,,AJANTA PHARMA LTD.,2724.05,2724.05,2606.05,2631.25,2642.05,2728.0,,2629.6,,,4258,11261100.0,791,F1,1,,,,,,2025-03-27
2025-03-27,2025-03-27,CM,BSE,STK,532333,INE638B01025,HBPOR,X,,,,,HB PORTFOLIO LTD.,87.11,90.5,85.3,88.98,88.98,88.38,,88.98,,,8840,769083.0,62,F1,1,,,,,,2025-03-27
2025-03-27,2025-03-27,CM,BSE,STK,532334,INE640B01021,HBESD,X,,,,,HB ESTATE DEVELOPERS LTD.,100.0,103.6,98.01,101.35,101.95,103.5,,101.35,,,1199,120372.0,23,F1,1,,,,,,2025-03-27
2025-03-27,2025-03-27,CM,BSE,STK,532335,INE792B01012,AMBICAAGAR,B,,,,,AMBICA AGARBATHIES & AROMA IND,26.52,27.65,26.0,26.87,27.44,26.9,,26.48,,,12440,335174.0,207,F1,1,,,,,,2025-03-27
2025-03-27,2025-03-27,CM,BSE,STK,532339,INE453B01029,COMPUSOFT,B,,,,,COMPUCOM SOFTWARE LTD.,18.3,18.33,17.0,17.41,17.41,18.37,,17.32,,,56370,998099.0,767,F1,1,,,,,,2025-03-27
2025-03-27,2025-03-27,CM,BSE,STK,532340,INE369B01019,OMNIAX,X,,,,,OMNI AXS SOFTWARE LTD.,2.86,3.24,2.86,2.9,2.9,3.24,,2.9,,,15354,46192.0,11,F1,1,,,,,,2025-03-27
2025-03-27,2025-03-27,CM,BSE,STK,532341,INE848A01014,IZMO,T,,,,,IZMO Limited,273.3,273.3,271.85,271.85,271.85,277.35,,271.85,,,2964,807886.0,26,F1,1,,,,,,2025-03-27
2025-03-27,2025-03-27,CM,BSE,STK,532343,INE494B01023,TVSMOTOR,A,,,,,TVS MOTOR COMPANY LTD.,2376.1,2461.85,2376.1,2454.0,2454.0,2430.7,,2455.65,,,12574,30647058.0,2827,F1,1,,,,,,2025-03-27
2025-03-27,2025-03-27,CM,BSE,STK,532344,INE002B01016,SOFTSOL,X,,,,,SOFTSOL INDIA LTD.,251.9,251.9,231.0,245.9,245.9,243.15,,245.9,,,505,119267.0,19,F1,1,,,,,,2025-03-27
2025-03-27,2025-03-27,CM,BSE,STK,532345,INE152B01027,ACLGATI,B,,,,,ALLCARGO GATI LIMITED,55.3,56.52,54.79,55.01,55.01,55.52,,54.97,,,179105,9968059.0,1688,F1,1,,,,,,2025-03-27
2025-03-27,2025-03-27,CM,BSE,STK,532348,INE754A01055,SUBEXLTD,A,,,,,SUBEX LTD.,11.71,13.1,11.69,12.84,12.84,11.85,,12.84,,,2671487,32887054.0,5367,F1,1,,,,,,2025-03-27
2025-03-27,2025-03-27,CM,BSE,STK,532349,INE688A01022,TCI,B,,,,,TRANSPORT CORPORATION OF INDIA,1071.05,1089.95,1067.15,1082.0,1086.6,1083.75,,1079.4,,,598,646189.0,102,F1,1,,,,,,2025-03-27
2025-03-27,2025-03-27,CM,BSE,STK,532350,INE243B01016,PADMALAYAT,Z,,,,,PADMALAYA TELEFILMS LTD.,4.66,4.89,4.43,4.89,4.89,4.66,,4.89,,,5262,24736.0,37,F1,1,,,,,,2025-03-27
2025-03-27,2025-03-27,CM,BSE,STK,532351,INE523B01011,AKSHOPTFBR,B,,,,,AKSH OPTIFIBRE LTD.,7.71,8.2,7.47,7.53,7.53,7.86,,7.5,,,317929,2470623.0,777,F1,1,,,,,,2025-03-27
2025-03-27,2025-03-27,CM,BSE,STK,532354,INE400B01020,VIRGOGLOB,X,,,,,Virgo Global Limited,6.22,6.22,6.0,6.0,6.0,6.22,,6.0,,,7395,45076.0,28,F1,1,,,,,,2025-03-27
2025-03-27,2025-03-27,CM,BSE,STK,532355,INE448B01029,PICTUREHS,X,,,,,PICTUREHOUSE MEDIA LTD.,6.54,6.94,6.28,6.29,6.29,6.61,,6.29,,,6409,43422.0,18,F1,1,,,,,,2025-03-27
2025-03-27,2025-03-27,CM,BSE,STK,532356,INE256C01024,TRIVENI,A,,,,,TRIVENI ENGINEERING & INDUSTRI,380.05,396.1,380.05,392.0,394.6,384.6,,392.15,,,22241,8596365.0,649,F1,1,,,,,,2025-03-27
2025-03-27,2025-03-27,CM,BSE,STK,532357,INE374B01019,MUKTAARTS,B,,,,,MUKTA ARTS LTD.,62.82,66.8,60.0,60.57,60.57,62.82,,60.93,,,8063,506773.0,256,F1,1,,,,,,2025-03-27
2025-03-27,2025-03-27,CM,BSE,STK,532362,INE099E01016,NAGPI,X,,,,,NAGPUR POWER & INDUSTRIES LTD.,103.0,106.65,101.0,101.85,101.0,101.55,,101.85,,,9127,947443.0,60,F1,1,,,,,,2025-03-27
2025-03-27,2025-03-27,CM,BSE,STK,532365,INE417B01040,DSSL,B,,,,,DYNACONS SYSTEMS & SOLUTIONS L,1096.55,1096.55,1012.6,1041.25,1050.0,1031.65,,1045.55,,,11717,12146232.0,790,F1,1,,,,,,2025-03-27
2025-03-27,2025-03-27,CM,BSE,STK,532366,INE859A01011,PNBGILTS,B,,,,,PNB GILTS LTD.,81.02,82.96,80.48,80.86,80.86,82.1,,80.95,,,64486,5244409.0,747,F1,1,,,,,,2025-03-27
2025-03-27,2025-03-27,CM,BSE,STK,532369,INE614A01028,RAMCOIND,B,,,,,RAMCO INDUSTRIES LTD.,228.0,232.0,226.0,229.5,231.35,228.5,,228.9,,,14268,3259002.0,533,F1,1,,,,,,2025-03-27
2025-03-27,2025-03-27,CM,BSE,STK,532370,INE246B01019,RAMCOSYS,B,,,,,RAMCO SYSTEMS LTD.,333.05,353.45,328.85,350.5,353.45,339.25,,351.1,,,7392,2529166.0,503,F1,1,,,,,,2025-03-27
2025-03-27,2025-03-27,CM,BSE,STK,532371,INE517B01013,TTML,A,,,,,TATA TELESERVICES (MAHARASHTRA,56.99,59.4,55.99,58.36,58.36,57.58,,58.41,,,1088403,63161549.0,5136,F1,1,,,,,,2025-03-27
2025-03-27,2025-03-27,CM,BSE,STK,532372,INE539B01017,VIRINCHI,B,,,,,Virinchi Limited,20.47,21.38,20.15,20.69,20.65,20.88,,20.69,,,231005,4809821.0,843,F1,1,,,,,,2025-03-27
2025-03-27,2025-03-27,CM,BSE,STK,532373,INE434B01029,WEPSOLN,X,,,,,WEP SOLUTIONS LTD.,32.99,32.99,28.33,28.99,28.99,31.82,,28.99,,,80894,2471098.0,268,F1,1,,,,,,2025-03-27
2025-03-27,2025-03-27,CM,BSE,STK,532374,INE089C01029,STLTECH,A,,,,,STERLITE TECHNOLOGIES LTD.,80.4,84.28,80.4,82.63,82.63,80.82,,82.62,,,476030,39335466.0,3368,F1,1,,,,,,2025-03-27
2025-03-27,2025-03-27,CM,BSE,STK,532375,INE716B01029,TIPSMUSIC,A,,,,,TIPS MUSIC LIMITED,635.0,661.5,620.0,659.1,660.1,625.55,,658.6,,,11930,7634022.0,933,F1,1,,,,,,2025-03-27
2025-03-27,2025-03-27,CM,BSE,STK,532376,INE398B01018,MRO-TEK,B,,,,,MRO-TEK Realty Limited,60.51,60.51,57.6,57.95,58.0,59.31,,58.07,,,11006,641445.0,312,F1,1,,,,,,2025-03-27
2025-03-27,2025-03-27,CM,BSE,STK,532378,INE464B01018,UNIVARTS,X,,,,,UNIVERSAL ARTS LTD.,5.15,5.17,5.13,5.13,5.13,4.93,,5.13,,,1501,7741.0,11,F1,1,,,,,,2025-03-27
2025-03-27,2025-03-27,CM,BSE,STK,532379,INE683B01047,FIRSTFIN,X,,,,,FIRST FINTEC LIMITED,7.9,8.28,7.51,8.12,8.12,7.9,,8.12,,,5418,42789.0,23,F1,1,,,,,,2025-03-27
2025-03-27,2025-03-27,CM,BSE,STK,532380,INE893A01036,BABA,X,,,,,BABA ARTS LTD.,8.38,9.27,8.38,8.64,8.64,8.95,,8.64,,,21395,186113.0,136,F1,1,,,,,,2025-03-27
2025-03-27,2025-03-27,CM,BSE,STK,532382,INE794B01026,BALAJITELE,B,,,,,BALAJI TELEFILMS LTD.,58.6,58.6,56.01,57.52,57.3,58.21,,57.55,,,32852,1873126.0,270,F1,1,,,,,,2025-03-27
2025-03-27,2025-03-27,CM,BSE,STK,532384,INE443B01012,TYCHE,X,,,,,TYCHE INDUSTRIES LTD.,140.0,141.0,136.1,136.9,136.9,140.85,,136.9,,,21234,2934047.0,166,F1,1,,,,,,2025-03-27
2025-03-27,2025-03-27,CM,BSE,STK,532386,INE526B01014,CALSOFT,T,,,,,CALIFORNIA SOFTWARE CO.LTD.,11.39,11.39,10.93,10.93,10.93,11.5,,10.91,,,20376,223282.0,56,F1,1,,,,,,2025-03-27
2025-03-27,2025-03-27,CM,BSE,STK,532387,INE392B01011,PNC,T,,,,,PRITISH NANDY COMMUNICATIONS L,25.5,25.93,25.5,25.93,25.93,24.7,,25.78,,,11284,292218.0,79,F1,1,,,,,,2025-03-27
2025-03-27,2025-03-27,CM,BSE,STK,532388,INE565A01014,IOB,A,,,,,INDIAN OVERSEAS BANK,42.51,42.75,41.55,41.74,41.74,42.47,,41.75,,,644158,27008523.0,2830,F1,1,,,,,,2025-03-27
2025-03-27,2025-03-27,CM,BSE,STK,532390,INE586B01026,TAJGVK,B,,,,,TAJGVK HOTELS & RESORTS LTD.,472.2,482.0,462.85,472.4,482.0,475.25,,472.05,,,34649,16255273.0,1341,F1,1,,,,,,2025-03-27
2025-03-27,2025-03-27,CM,BSE,STK,532392,INE230B01021,CREATIVEYE,B,,,,,CREATIVE EYE LTD.,6.04,6.18,5.76,6.06,6.05,6.04,,5.93,,,27948,169707.0,41,F1,1,,,,,,2025-03-27
2025-03-27,2025-03-27,CM,BSE,STK,532395,INE555B01013,AXISCADES,T,,,,,AXISCADES TECHNOLOGIES LIMITED,890.0,929.0,875.0,899.75,908.25,886.65,,898.1,,,4914,4459009.0,169,F1,1,,,,,,2025-03-27
2025-03-27,2025-03-27,CM,BSE,STK,532397,INE971A01014,KONNDOR,X,,,,,KONNDOR INDUSTRIES LIMITED,10.86,11.4,10.86,11.39,11.39,11.43,,11.39,,,8847,96278.0,15,F1,1,,,,,,2025-03-27
2025-03-27,2025-03-27,CM,BSE,STK,532398,INE240C01028,UMESLTD,B,,,,,USHA MARTIN EDUCATION & SOLUTI,5.16,5.24,5.04,5.12,5.12,5.29,,5.22,,,3954,20506.0,33,F1,1,,,,,,2025-03-27
2025-03-27,2025-03-27,CM,BSE,STK,532400,INE836A01035,BSOFT,A,,,,,BIRLASOFT LIMITED,392.6,397.65,387.8,395.9,392.15,393.55,,395.9,,,98710,38775225.0,2398,F1,1,,,,,,2025-03-27
2025-03-27,2025-03-27,CM,BSE,STK,532402,INE718B01017,USGTECH,XT,,,,,USG TECH SOLUTIONS LTD.,17.1,17.1,16.03,16.65,16.85,16.87,,16.65,,,8857,144804.0,90,F1,1,,,,,,2025-03-27
2025-03-27,2025-03-27,CM,BSE,STK,532404,INE856B01023,7TEC,X,,,,,SAVEN TECHNOLOGIES LTD.,47.89,47.89,43.0,43.55,43.85,46.1,,43.55,,,12614,557683.0,320,F1,1,,,,,,2025-03-27
2025-03-27,2025-03-27,CM,BSE,STK,532406,INE005B01027,AVANTEL,A,,,,,AVANTEL LTD.,111.05,113.55,110.15,111.55,111.55,111.1,,111.35,,,357258,40012460.0,3936,F1,1,,,,,,2025-03-27
2025-03-27,2025-03-27,CM,BSE,STK,532407,INE935B01025,MOSCHIP,B,,,,,MOSCHIP TECHNOLOGIES LIMITED,147.0,151.95,146.95,149.25,149.25,148.2,,149.55,,,723660,108240114.0,7883,F1,1,,,,,,2025-03-27
2025-03-27,2025-03-27,CM,BSE,STK,532408,INE933B01012,MEGASOFT,T,,,,,MEGASOFT LTD.,49.98,50.7,49.9,49.9,49.9,50.91,,49.9,,,55277,2776492.0,48,F1,1,,,,,,2025-03-27
2025-03-27,2025-03-27,CM,BSE,STK,532410,INE330E01023,TRANSCOR,X,,,,,TRANSCORP INTERNATIONAL LTD.,27.95,27.95,22.26,23.08,23.08,25.23,,23.08,,,19720,458389.0,179,F1,1,,,,,,2025-03-27
2025-03-27,2025-03-27,CM,BSE,STK,532413,INE345B01019,CEREBRAINT,Z,,,,,CEREBRA INTEGRATED TECHNOLOGIE,4.52,4.52,4.2,4.2,4.2,4.42,,4.2,,,138104,597016.0,143,F1,1,,,,,,2025-03-27
2025-03-27,2025-03-27,CM,BSE,STK,532416,INE747B01016,NEXTMEDIA,B,,,,,NEXT MEDIAWORKS LTD.,6.1,6.43,6.1,6.39,6.39,6.2,,6.05,,,25,158.0,6,F1,1,,,,,,2025-03-27
2025-03-27,2025-03-27,CM,BSE,STK,532419,INE178C01020,SMARTLINK,B,,,,,Smartlink Holdings Limited,134.0,134.95,128.35,128.7,128.5,133.0,,129.0,,,32897,4254314.0,115,F1,1,,,,,,2025-03-27
2025-03-27,2025-03-27,CM,BSE,STK,532424,INE102D01028,GODREJCP,A,,,,,GODREJ CONSUMER PRODUCTS LTD.,1132.05,1148.0,1114.85,1145.5,1136.5,1130.65,,1144.55,,,25301,28827274.0,2793,F1,1,,,,,,2025-03-27
2025-03-27,2025-03-27,CM,BSE,STK,532425,INE256D01014,GENUSPRIME,X,,,,,GENUS PRIME INFRA LIMITED,30.0,30.0,27.55,29.15,29.5,29.0,,29.15,,,836,23514.0,9,F1,1,,,,,,2025-03-27
2025-03-27,2025-03-27,CM,BSE,STK,532430,INE243D01012,BFUTILITIE,A,,,,,BF UTILITIES LTD.,640.0,768.15,635.5,765.3,765.3,640.15,,765.35,,,51646,37728454.0,3898,F1,1,,,,,,2025-03-27
2025-03-27,2025-03-27,CM,BSE,STK,532432,INE854D01024,UNITDSPR,A,,,,,UNITED SPIRITS LTD.,1365.0,1417.95,1365.0,1406.55,1412.25,1359.6,,1408.1,,,16638,23142159.0,2179,F1,1,,,,,,2025-03-27
2025-03-27,2025-03-27,CM,BSE,STK,532435,INE799C01031,SANINFRA,X,,,,,SANMIT INFRA LIMITED,8.72,8.9,8.3,8.37,8.37,8.52,,8.37,,,181286,1546044.0,584,F1,1,,,,,,2025-03-27
2025-03-27,2025-03-27,CM,BSE,STK,532439,INE260D01016,OLECTRA,A,,,,,OLECTRA GREENTECH LIMITED,1186.95,1204.65,1161.0,1168.05,1168.05,1187.25,,1167.5,,,108052,127220521.0,5513,F1,1,,,,,,2025-03-27
2025-03-27,2025-03-27,CM,BSE,STK,532440,INE943D01017,MPSLTD,B,,,,,MPS LTD.,2814.1,2925.0,2800.0,2886.9,2850.0,2779.7,,2890.5,,,2130,6105997.0,719,F1,1,,,,,,2025-03-27
2025-03-27,2025-03-27,CM,BSE,STK,532443,INE739E01017,CERA,A,,,,,CERA SANITARYWARE LTD.,5620.0,5782.95,5548.9,5712.45,5712.45,5651.15,,5724.35,,,5917,33126066.0,1507,F1,1,,,,,,2025-03-27
2025-03-27,2025-03-27,CM,BSE,STK,532444,INE541C01037,TSPIRITUAL,XT,,,,,T.SPIRITUAL WORLD LTD.,1.36,1.36,1.36,1.36,1.36,1.4,,1.36,,,440,598.0,3,F1,1,,,,,,2025-03-27
2025-03-27,2025-03-27,CM,BSE,STK,532454,INE397D01024,BHARTIARTL,A,,,,,BHARTI AIRTEL LTD.,1740.4,1746.45,1717.05,1723.35,1723.35,1737.55,,1724.7,,,59938,103931681.0,2922,F1,1,,,,,,2025-03-27
2025-03-27,2025-03-27,CM,BSE,STK,532455,INE655D01025,SHALIWIR,X,,,,,SHALIMAR WIRES INDUSTRIES LTD.,22.4,22.4,19.5,20.99,20.99,21.6,,20.99,,,3316,70656.0,41,F1,1,,,,,,2025-03-27
2025-03-27,2025-03-27,CM,BSE,STK,532456,INE070C01037,COMPINFO,Z,,,,,COMPUAGE INFOCOM LTD.,1.48,1.48,1.41,1.41,1.41,1.48,,1.41,,,14792,20859.0,24,F1,1,,,,,,2025-03-27
2025-03-27,2025-03-27,CM,BSE,STK,532457,INE255D01024,GULPOLY,B,,,,,GULSHAN POLYOLS LTD.,180.65,184.7,176.1,177.15,177.2,181.8,,177.35,,,25097,4485685.0,752,F1,1,,,,,,2025-03-27
2025-03-27,2025-03-27,CM,BSE,STK,532460,INE838E01017,PONNIERODE,B,,,,,PONNI SUGARS (ERODE) LTD.,307.8,315.7,301.95,304.0,301.95,302.35,,304.4,,,8201,2528057.0,639,F1,1,,,,,,2025-03-27
2025-03-27,2025-03-27,CM,BSE,STK,532461,INE160A01022,PNB,A,,,,,PUNJAB NATIONAL BANK,92.79,96.75,92.25,96.39,96.39,92.85,,96.41,,,851139,81067749.0,5876,F1,1,,,,,,2025-03-27
2025-03-27,2025-03-27,CM,BSE,STK,532466,INE881D01027,OFSS,A,,,,,ORACLE FINANCIAL SERVICES SOFT,7800.0,8018.6,7790.0,7855.6,7898.6,7884.8,,7866.2,,,2738,21685536.0,772,F1,1,,,,,,2025-03-27
2025-03-27,2025-03-27,CM,BSE,STK,532467,INE550F01049,HAZOOR,X,,,,,HAZOOR MULTI PROJECTS LTD.,43.79,45.2,43.19,43.69,43.69,43.25,,43.69,,,370871,16246537.0,951,F1,1,,,,,,2025-03-27
2025-03-27,2025-03-27,CM,BSE,STK,532468,INE411F01010,KAMAHOLD,A,,,,,KAMA HOLDINGS LIMITED,2616.75,2693.15,2562.15,2608.45,2608.45,2593.15,,2608.45,,,4177,10870919.0,286,F1,1,,,,,,2025-03-27
2025-03-27,2025-03-27,CM,BSE,STK,532475,INE266F01018,APTECHT,B,,,,,APTECH LTD.,116.2,124.7,115.95,123.45,123.45,116.65,,122.95,,,247935,30160821.0,1707,F1,1,,,,,,2025-03-27
2025-03-27,2025-03-27,CM,BSE,STK,532477,INE692A01016,UNIONBANK,A,,,,,UNION BANK OF INDIA,120.4,125.5,119.9,124.15,124.15,120.15,,124.2,,,418256,51509891.0,2912,F1,1,,,,,,2025-03-27
2025-03-27,2025-03-27,CM,BSE,STK,532478,INE686F01025,UBL,A,,,,,UNITED BREWERIES LTD.,1917.5,1990.4,1917.35,1975.7,1978.85,1930.4,,1975.95,,,5951,11684726.0,797,F1,1,,,,,,2025-03-27
2025-03-27,2025-03-27,CM,BSE,STK,532481,INE781B01015,NOIDATOLL,T,,,,,NOIDA TOLL BRIDGE COMPANY LTD.,3.04,3.04,2.78,2.78,2.78,2.92,,2.71,,,46540,130911.0,152,F1,1,,,,,,2025-03-27
2025-03-27,2025-03-27,CM,BSE,STK,532482,INE101D01020,GRANULES,A,,,,,GRANULES INDIA LTD.,490.05,493.1,475.5,490.55,491.85,492.5,,490.4,,,56489,27369027.0,3308,F1,1,,,,,,2025-03-27
2025-03-27,2025-03-27,CM,BSE,STK,532483,INE476A01022,CANBK,A,,,,,CANARA BANK,87.23,89.98,86.87,89.66,89.66,87.23,,89.65,,,820311,72780460.0,4965,F1,1,,,,,,2025-03-27
2025-03-27,2025-03-27,CM,BSE,STK,532485,INE525F01025,BLIL,B,,,,,BALMER LAWRIE INVESTMENTS LTD.,67.99,68.49,66.11,67.5,67.5,68.33,,67.5,,,143509,9711083.0,1148,F1,1,,,,,,2025-03-27
2025-03-27,2025-03-27,CM,BSE,STK,532486,INE637C01025,POKARNA,B,,,,,POKARNA LTD.,1220.35,1278.65,1220.35,1262.4,1262.0,1220.3,,1261.9,,,8564,10752919.0,1265,F1,1,,,,,,2025-03-27
2025-03-27,2025-03-27,CM,BSE,STK,532488,INE361B01024,DIVISLAB,A,,,,,DIVIS LABORATORIES LTD.,5860.2,5890.9,5726.15,5855.2,5855.2,5839.45,,5871.5,,,21168,123548226.0,3306,F1,1,,,,,,2025-03-27
2025-03-27,2025-03-27,CM,BSE,STK,532493,INE386C01029,ASTRAMICRO,A,,,,,ASTRA MICROWAVE PRODUCTS LTD.,662.0,695.0,660.3,672.5,677.9,671.7,,673.05,,,27518,18739609.0,1886,F1,1,,,,,,2025-03-27
2025-03-27,2025-03-27,CM,BSE,STK,532497,INE944F01028,RADICO,A,,,,,RADICO KHAITAN LTD.,2332.6,2394.75,2320.0,2378.9,2384.0,2352.3,,2375.5,,,10597,25027308.0,1515,F1,1,,,,,,2025-03-27
2025-03-27,2025-03-27,CM,BSE,STK,532500,INE585B01010,MARUTI,A,,,,,MARUTI SUZUKI INDIA LTD.,11740.05,11824.7,11640.05,11721.65,11721.65,11731.7,,11721.95,,,36575,430660048.0,4841,F1,1,,,,,,2025-03-27
2025-03-27,2025-03-27,CM,BSE,STK,532503,INE296E01026,RAJPALAYAM,X,,,,,RAJAPALAYAM MILLS LTD.,804.0,810.0,796.0,801.05,801.05,803.65,,801.05,,,12262,9843371.0,122,F1,1,,,,,,2025-03-27
2025-03-27,2025-03-27,CM,BSE,STK,532504,INE048G01026,NAVINFLUOR,A,,,,,NAVIN FLUORINE INTERNATIONAL L,4160.05,4265.75,4160.05,4216.3,4228.0,4200.45,,4215.25,,,3048,12890329.0,882,F1,1,,,,,,2025-03-27
2025-03-27,2025-03-27,CM,BSE,STK,532505,INE691A01018,UCOBANK,A,,,,,UCO BANK,35.98,36.85,35.47,36.68,36.68,35.99,,36.7,,,814445,29473564.0,3995,F1,1,,,,,,2025-03-27
2025-03-27,2025-03-27,CM,BSE,STK,532507,INE116D01028,BAGFILMS,B,,,,,B.A.G.FILMS & MEDIA LTD.,5.85,5.94,5.6,5.62,5.69,5.89,,5.6,,,188382,1069946.0,836,F1,1,,,,,,2025-03-27
2025-03-27,2025-03-27,CM,BSE,STK,532508,INE220G01021,JSL,A,,,,,JINDAL STAINLESS LTD.,599.95,599.95,576.8,582.25,582.25,594.1,,581.95,,,65280,38155580.0,2686,F1,1,,,,,,2025-03-27
2025-03-27,2025-03-27,CM,BSE,STK,532509,INE399C01030,SUPRAJIT,A,,,,,SUPRAJIT ENGINEERING LTD.,392.35,392.35,379.8,380.7,382.95,392.4,,380.85,,,11808,4528961.0,712,F1,1,,,,,,2025-03-27
2025-03-27,2025-03-27,CM,BSE,STK,532513,INE236G01019,TVSELECT,B,,,,,TVS ELECTRONICS LTD.,321.35,326.1,316.3,321.05,320.05,320.95,,320.7,,,4485,1434308.0,407,F1,1,,,,,,2025-03-27
2025-03-27,2025-03-27,CM,BSE,STK,532514,INE203G01027,IGL,A,,,,,INDRAPRASTHA GAS LTD.,194.55,199.5,193.65,195.6,195.55,195.0,,195.5,,,63042,12358210.0,1544,F1,1,,,,,,2025-03-27
2025-03-27,2025-03-27,CM,BSE,STK,532515,INE038F01029,TVTODAY,B,,,,,TV TODAY NETWORK LTD.,158.05,162.0,157.05,158.3,158.4,162.05,,158.25,,,23201,3698475.0,812,F1,1,,,,,,2025-03-27
2025-03-27,2025-03-27,CM,BSE,STK,532521,INE218G01033,PALREDTEC,T,,,,,PALRED TECHNOLOGIES LIMITED,44.21,45.31,43.05,43.5,43.5,45.31,,43.22,,,6419,280403.0,75,F1,1,,,,,,2025-03-27
2025-03-27,2025-03-27,CM,BSE,STK,532522,INE347G01014,PETRONET,A,,,,,PETRONET LNG LTD.,295.9,296.1,288.7,293.95,293.95,295.9,,294.15,,,42329,12388490.0,1411,F1,1,,,,,,2025-03-27
2025-03-27,2025-03-27,CM,BSE,STK,532523,INE376G01013,BIOCON,A,,,,,BIOCON LTD.,345.65,350.1,342.5,345.3,344.05,348.3,,345.55,,,75379,26062250.0,2028,F1,1,,,,,,2025-03-27
2025-03-27,2025-03-27,CM,BSE,STK,532524,INE877F01012,PTC,A,,,,,PTC INDIA LTD.,159.15,167.55,159.15,163.45,163.45,159.15,,163.4,,,366385,60089558.0,3625,F1,1,,,,,,2025-03-27
2025-03-27,2025-03-27,CM,BSE,STK,532525,INE457A01014,MAHABANK,A,,,,,BANK OF MAHARASHTRA,46.45,47.0,45.91,46.81,46.81,46.34,,46.81,,,886719,41225855.0,2602,F1,1,,,,,,2025-03-27
2025-03-27,2025-03-27,CM,BSE,STK,532527,INE399G01023,RKFORGE,A,,,,,RAMKRISHNA FORGINGS LTD.,783.4,795.95,770.25,781.05,783.4,786.55,,780.4,,,17838,13957434.0,1090,F1,1,,,,,,2025-03-27
2025-03-27,2025-03-27,CM,BSE,STK,532528,INE365B01017,DATAMATICS,B,,,,,DATAMATICS GLOBAL SERVICES LTD,631.65,659.0,625.0,647.8,650.0,636.05,,647.65,,,7623,4905548.0,772,F1,1,,,,,,2025-03-27
2025-03-27,2025-03-27,CM,BSE,STK,532529,INE155G01029,NDTV,B,,,,,NEW DELHI TELEVISION LTD.,114.3,115.3,111.75,113.85,113.85,114.3,,113.6,,,47891,5464948.0,921,F1,1,,,,,,2025-03-27
2025-03-27,2025-03-27,CM,BSE,STK,532531,INE939A01011,STAR,A,,,,,STRIDES PHARMA SCIENCE LIMITED,653.25,677.2,651.75,655.65,655.9,679.0,,655.2,,,11112,7387810.0,712,F1,1,,,,,,2025-03-27
2025-03-27,2025-03-27,CM,BSE,STK,532532,INE455F01025,JPASSOCIAT,T,,,,,JAIPRAKASH ASSOCIATES LTD.,3.34,3.51,3.34,3.34,3.34,3.51,,3.29,,,5862445,19587772.0,1669,F1,1,,,,,,2025-03-27
2025-03-27,2025-03-27,CM,BSE,STK,532538,INE481G01011,ULTRACEMCO,A,,,,,ULTRATECH CEMENT LTD.,11399.1,11625.0,11343.15,11588.5,11559.45,11399.35,,11599.55,,,3692,42502202.0,905,F1,1,,,,,,2025-03-27
2025-03-27,2025-03-27,CM,BSE,STK,532539,INE405E01023,UNOMINDA,A,,,,,UNO Minda Limited,928.0,937.1,888.8,915.55,920.3,934.8,,915.9,,,51844,47310952.0,4104,F1,1,,,,,,2025-03-27
2025-03-27,2025-03-27,CM,BSE,STK,532540,INE467B01029,TCS,A,,,,,TATA CONSULTANCY SERVICES LTD.,3624.65,3662.85,3610.0,3651.65,3651.65,3635.5,,3651.2,,,30955,112841071.0,3520,F1,1,,,,,,2025-03-27
2025-03-27,2025-03-27,CM,BSE,STK,532541,INE591G01017,COFORGE,A,,,,,COFORGE LIMITED,7949.95,8160.9,7949.95,8112.7,8112.7,8020.9,,8107.7,,,7652,61726394.0,2506,F1,1,,,,,,2025-03-27
2025-03-27,2025-03-27,CM,BSE,STK,532543,INE586G01017,GULFPETRO,B,,,,,GP PETROLEUMS LTD,37.55,38.98,36.92,37.94,38.23,37.79,,37.86,,,68486,2590183.0,1034,F1,1,,,,,,2025-03-27
2025-03-27,2025-03-27,CM,BSE,STK,532548,INE348B01021,CENTURYPLY,A,,,,,CENTURY PLYBOARDS (I) LTD.,703.75,707.65,689.4,697.2,698.7,705.65,,695.85,,,5214,3615393.0,426,F1,1,,,,,,2025-03-27
2025-03-27,2025-03-27,CM,BSE,STK,532553,INE625G01013,WELENT,A,,,,,WELSPUN ENTERPRISES LIMTED,501.0,511.15,498.1,506.7,505.0,501.0,,506.1,,,6685,3381322.0,450,F1,1,,,,,,2025-03-27
2025-03-27,2025-03-27,CM,BSE,STK,532555,INE733E01010,NTPC,A,,,,,NTPC LTD.,354.0,364.4,351.15,360.8,360.8,354.15,,360.65,,,378756,135569439.0,7531,F1,1,,,,,,2025-03-27
2025-03-27,2025-03-27,CM,BSE,STK,532604,INE658G01014,SALSTEEL,B,,,,,S.A.L.STEEL LTD.,18.29,18.29,17.57,17.66,18.09,18.31,,17.67,,,42928,759089.0,1293,F1,1,,,,,,2025-03-27
2025-03-27,2025-03-27,CM,BSE,STK,532605,INE927D01051,JBMA,A,,,,,JBM AUTO LTD.,622.6,623.25,601.25,605.55,605.55,618.0,,605.4,,,96302,58614199.0,3770,F1,1,,,,,,2025-03-27
2025-03-27,2025-03-27,CM,BSE,STK,532610,INE366A01041,DWARKESH,B,,,,,DWARIKESH SUGAR INDUSTRIES LTD,37.06,39.28,37.06,38.32,38.23,37.79,,38.43,,,371994,14178460.0,2787,F1,1,,,,,,2025-03-27
2025-03-27,2025-03-27,CM,BSE,STK,532612,INE873D01024,INDOCO,B,,,,,INDOCO REMEDIES LTD.,235.7,236.15,229.95,232.1,232.65,237.8,,232.3,,,10781,2512618.0,634,F1,1,,,,,,2025-03-27
2025-03-27,2025-03-27,CM,BSE,STK,532613,INE450G01024,VIPCLOTHNG,B,,,,,VIP Clothing Limited,28.75,29.56,28.2,28.6,28.8,28.75,,28.74,,,129939,3749689.0,2437,F1,1,,,,,,2025-03-27
2025-03-27,2025-03-27,CM,BSE,STK,532614,INE691G01015,IMPEXFERRO,Z,,,,,IMPEX FERRO TECH LTD.,2.05,2.05,1.94,1.94,1.94,2.04,,1.96,,,8000,15988.0,31,F1,1,,,,,,2025-03-27
2025-03-27,2025-03-27,CM,BSE,STK,532616,INE692G01013,XCHANGING,B,,,,,XCHANGING SOLUTIONS LTD.,86.68,89.91,86.1,87.58,86.56,87.45,,87.34,,,78896,6895227.0,1143,F1,1,,,,,,2025-03-27
2025-03-27,2025-03-27,CM,BSE,STK,532621,INE161G01027,MORARJEE,Z,,,,,MORARJEE TEXTILES LTD.,5.0,5.2,4.75,4.75,4.75,5.0,,4.76,,,18837,91323.0,46,F1,1,,,,,,2025-03-27
2025-03-27,2025-03-27,CM,BSE,STK,532624,INE796G01012,JINDALPHOT,B,,,,,JINDAL PHOTO LTD.,637.0,651.75,636.0,648.1,648.0,631.8,,648.5,,,569,368220.0,201,F1,1,,,,,,2025-03-27
2025-03-27,2025-03-27,CM,BSE,STK,532626,INE063E01053,POCL,B,,,,,PONDY OXIDES & CHEMICALS LTD.,651.95,652.0,624.75,632.75,632.75,639.85,,633.25,,,11789,7545095.0,901,F1,1,,,,,,2025-03-27
2025-03-27,2025-03-27,CM,BSE,STK,532627,INE351F01018,JPPOWER,A,,,,,JAIPRAKASH POWER VENTURES LIMI,14.14,14.59,14.06,14.48,14.48,14.11,,14.48,,,6427409,92057570.0,6320,F1,1,,,,,,2025-03-27
2025-03-27,2025-03-27,CM,BSE,STK,532628,INE748C01038,3IINFOLTD,B,,,,,3I INFOTECH LTD.,21.99,22.45,21.14,21.93,21.93,21.68,,21.98,,,322069,6943228.0,2268,F1,1,,,,,,2025-03-27
2025-03-27,2025-03-27,CM,BSE,STK,532630,INE887G01027,GOKEX,A,,,,,GOKALDAS EXPORTS LTD.,807.4,831.95,807.4,826.25,824.05,821.15,,822.45,,,8018,6586048.0,954,F1,1,,,,,,2025-03-27
2025-03-27,2025-03-27,CM,BSE,STK,532633,INE835G01018,ALLDIGI,B,,,,,Alldigi Tech Limited,959.75,959.75,940.6,946.3,952.5,929.8,,949.7,,,882,840390.0,143,F1,1,,,,,,2025-03-27
2025-03-27,2025-03-27,CM,BSE,STK,532636,INE530B01024,IIFL,A,,,,,IIFL FINANCE LIMITED,326.05,339.0,323.65,336.75,337.4,328.75,,336.9,,,173988,57780031.0,3630,F1,1,,,,,,2025-03-27
2025-03-27,2025-03-27,CM,BSE,STK,532637,INE584F01014,MANGALAM,B,,,,,MANGALAM DRUGS & ORGANICS LTD.,76.01,76.34,75.0,75.03,75.4,76.21,,75.08,,,19576,1480371.0,421,F1,1,,,,,,2025-03-27
2025-03-27,2025-03-27,CM,BSE,STK,532638,INE498B01024,SHOPERSTOP,A,,,,,SHOPPERS STOP LTD.,505.4,575.0,505.0,561.4,561.4,513.45,,564.65,,,23652,13038488.0,2017,F1,1,,,,,,2025-03-27
2025-03-27,2025-03-27,CM,BSE,STK,532640,INE278G01037,CYBERMEDIA,T,,,,,CYBER MEDIA (INDIA) LTD.,13.11,13.11,12.54,12.54,12.54,13.2,,12.7,,,32510,425515.0,23,F1,1,,,,,,2025-03-27
2025-03-27,2025-03-27,CM,BSE,STK,532641,INE875G01048,NDL,B,,,,,NANDAN DENIM LIMITED,3.76,3.89,3.6,3.67,3.67,3.79,,3.66,,,1723922,6405199.0,1356,F1,1,,,,,,2025-03-27
2025-03-27,2025-03-27,CM,BSE,STK,532642,INE824G01012,JSWHL,A,,,,,JSW HOLDINGS LIMITED,20511.05,22461.05,20397.45,21734.85,21734.85,21471.0,,21891.8,,,1192,25137270.0,622,F1,1,,,,,,2025-03-27
2025-03-27,2025-03-27,CM,BSE,STK,532644,INE823G01014,JKCEMENT,A,,,,,J.K.CEMENT LTD.,4710.0,4930.0,4677.0,4856.85,4856.85,4716.0,,4883.55,,,7899,38262662.0,993,F1,1,,,,,,2025-03-27
2025-03-27,2025-03-27,CM,BSE,STK,532645,INE052B01011,BEEYU,X,,,,,BEEYU OVERSEAS LTD.,3.65,3.78,3.48,3.49,3.59,3.65,,3.49,,,21320,75753.0,34,F1,1,,,,,,2025-03-27
2025-03-27,2025-03-27,CM,BSE,STK,532648,INE528G01035,YESBANK,A,,,,,YES BANK LTD.,16.84,17.49,16.78,17.18,17.18,16.96,,17.25,,,24976009,424958784.0,25707,F1,1,,,,,,2025-03-27
2025-03-27,2025-03-27,CM,BSE,STK,532649,INE023H01027,NECLIFE,B,,,,,NECTAR LIFESCIENCES LTD.,22.98,23.97,21.85,23.54,23.75,22.99,,23.61,,,716387,16672221.0,1598,F1,1,,,,,,2025-03-27
2025-03-27,2025-03-27,CM,BSE,STK,532650,INE752G01015,MSPL,B,,,,,MSP STEEL & POWER LTD.,25.24,26.43,24.6,26.31,26.43,25.18,,26.22,,,236608,5989494.0,1129,F1,1,,,,,,2025-03-27
2025-03-27,2025-03-27,CM,BSE,STK,532651,INE978G01016,SPLIL,B,,,,,SPL INDUSTRIES LTD.,35.88,35.88,33.11,33.17,33.15,35.22,,33.29,,,5596,191346.0,336,F1,1,,,,,,2025-03-27
2025-03-27,2025-03-27,CM,BSE,STK,532652,INE614B01018,KTKBANK,A,,,,,KARNATAKA BANK LTD.,179.3,179.8,175.4,178.6,178.6,177.25,,178.8,,,129112,22976034.0,1763,F1,1,,,,,,2025-03-27
2025-03-27,2025-03-27,CM,BSE,STK,532654,INE942G01012,MCLEODRUSS,B,,,,,MCLEOD RUSSEL INDIA LTD.,32.21,34.6,32.12,32.2,32.2,33.81,,32.16,,,126973,4188233.0,1211,F1,1,,,,,,2025-03-27
2025-03-27,2025-03-27,CM,BSE,STK,532656,INE828G01013,FACORALL,X,,,,,FACOR ALLOYS LTD.,3.43,3.96,3.18,3.35,3.35,3.38,,3.35,,,757863,2609358.0,931,F1,1,,,,,,2025-03-27
2025-03-27,2025-03-27,CM,BSE,STK,532661,INE050H01012,RML,B,,,,,RANE (MADRAS) LTD.,648.9,653.85,627.15,643.0,637.6,644.2,,641.7,,,1076,688628.0,186,F1,1,,,,,,2025-03-27
2025-03-27,2025-03-27,CM,BSE,STK,532662,INE501G01024,HTMEDIA,B,,,,,HT MEDIA LTD.,17.21,17.24,16.58,16.95,16.58,17.05,,16.92,,,198560,3369184.0,1066,F1,1,,,,,,2025-03-27
2025-03-27,2025-03-27,CM,BSE,STK,532663,INE231F01020,SASKEN,B,,,,,Sasken Technologies Limited,1507.7,1577.35,1490.0,1519.85,1490.0,1523.55,,1522.45,,,1090,1675246.0,253,F1,1,,,,,,2025-03-27
2025-03-27,2025-03-27,CM,BSE,STK,532666,INE512B01022,FCSSOFT,B,,,,,FCS SOFTWARE SOLUTIONS LTD.,2.51,2.59,2.47,2.49,2.49,2.55,,2.49,,,1697524,4252637.0,1167,F1,1,,,,,,2025-03-27
2025-03-27,2025-03-27,CM,BSE,STK,532667,INE040H01021,SUZLON,A,,,,,SUZLON ENERGY LTD.,56.88,57.93,56.43,57.03,57.03,57.47,,57.01,,,7595488,434348967.0,24069,F1,1,,,,,,2025-03-27
2025-03-27,2025-03-27,CM,BSE,STK,532668,INE132H01018,AURIONPRO,A,,,,,AURIONPRO SOLUTIONS LTD.,1350.05,1653.4,1350.05,1652.1,1652.1,1377.85,,1650.1,,,39276,61320035.0,3647,F1,1,,,,,,2025-03-27
2025-03-27,2025-03-27,CM,BSE,STK,532670,INE087H01022,RENUKA,A,,,,,SHREE RENUKA SUGARS LTD.,27.99,29.02,27.74,28.34,28.39,28.02,,28.35,,,602494,17032322.0,2180,F1,1,,,,,,2025-03-27
2025-03-27,2025-03-27,CM,BSE,STK,532673,INE157H01023,KMSUGAR,B,,,,,K.M.SUGAR MILLS LTD.,28.53,28.53,27.46,27.62,27.62,28.0,,27.63,,,41357,1146351.0,691,F1,1,,,,,,2025-03-27
2025-03-27,2025-03-27,CM,BSE,STK,532674,INE186H01022,BASML,B,,,,,BANNARI AMMAN SPINNING MILLS L,29.3,29.99,28.38,29.07,29.07,29.35,,28.98,,,32391,937956.0,525,F1,1,,,,,,2025-03-27
2025-03-27,2025-03-27,CM,BSE,STK,532676,INE160H01019,PBAINFRA,B,,,,,PBA INFRASTRUCTURE LTD.,8.01,8.38,8.01,8.08,8.07,8.49,,8.08,,,100259,819711.0,48,F1,1,,,,,,2025-03-27
2025-03-27,2025-03-27,CM,BSE,STK,532683,INE212H01026,AIAENG,A,,,,,AIA ENGINEERING LTD.,3252.0,3385.9,3252.0,3363.6,3354.35,3337.4,,3356.45,,,1807,6041105.0,304,F1,1,,,,,,2025-03-27
2025-03-27,2025-03-27,CM,BSE,STK,532684,INE184H01027,EKC,B,,,,,EVEREST KANTO CYLINDER LTD.,120.0,122.75,117.3,121.6,121.0,118.65,,121.35,,,38688,4652168.0,756,F1,1,,,,,,2025-03-27
2025-03-27,2025-03-27,CM,BSE,STK,532686,INE202H01019,KERNEX,B,,,,,KERNEX MICROSYSTEMS (INDIA) LT,793.0,838.9,785.25,802.8,802.8,812.65,,802.6,,,32219,26060156.0,1798,F1,1,,,,,,2025-03-27
2025-03-27,2025-03-27,CM,BSE,STK,532687,INE461B01014,REPRO,B,,,,,REPRO INDIA LTD.,429.95,429.95,396.0,400.25,400.0,405.0,,401.4,,,117249,47161341.0,255,F1,1,,,,,,2025-03-27
2025-03-27,2025-03-27,CM,BSE,STK,532689,INE191H01014,PVRINOX,A,,,,,PVR INOX LIMITED,927.1,952.4,918.0,932.55,938.95,925.8,,932.95,,,32193,29983599.0,1771,F1,1,,,,,,2025-03-27
2025-03-27,2025-03-27,CM,BSE,STK,532694,INE855F01042,ASMS,B,,,,,BARTRONICS INDIA LTD.,14.12,14.39,13.77,13.89,14.0,14.11,,13.88,,,90727,1279065.0,622,F1,1,,,,,,2025-03-27
2025-03-27,2025-03-27,CM,BSE,STK,532695,INE185H01016,CELEBRITY,B,,,,,CELEBRITY FASHIONS LTD.,10.51,11.05,10.3,10.37,10.46,10.86,,10.45,,,31658,340084.0,199,F1,1,,,,,,2025-03-27
2025-03-27,2025-03-27,CM,BSE,STK,532698,INE229H01012,NITINSPIN,B,,,,,NITIN SPINNERS LTD.,324.9,332.75,316.0,319.35,319.35,325.95,,319.9,,,27868,9000288.0,932,F1,1,,,,,,2025-03-27
2025-03-27,2025-03-27,CM,BSE,STK,532699,INE283H01019,ROHLTD,B,,,,,ROYAL ORCHID HOTELS LTD.,395.45,400.05,379.35,383.9,383.9,394.05,,384.3,,,4894,1902102.0,473,F1,1,,,,,,2025-03-27
2025-03-27,2025-03-27,CM,BSE,STK,532700,INE265F01028,ENIL,B,,,,,ENTERTAINMENT NETWORK (INDIA),120.1,138.3,120.1,129.4,129.0,125.25,,130.15,,,3065,406364.0,163,F1,1,,,,,,2025-03-27
2025-03-27,2025-03-27,CM,BSE,STK,532701,INE266H01014,CELLA,Z,,,,,CELLA SPACE LIMITED,10.45,10.45,10.0,10.0,10.0,10.45,,10.0,,,489,4953.0,8,F1,1,,,,,,2025-03-27
2025-03-27,2025-03-27,CM,BSE,STK,532702,INE246F01010,GSPL,A,,,,,GUJARAT STATE PETRONET LTD.,287.35,300.0,286.05,296.6,294.8,288.05,,297.05,,,47330,13861982.0,1717,F1,1,,,,,,2025-03-27
2025-03-27,2025-03-27,CM,BSE,STK,532705,INE199G01027,JAGRAN,B,,,,,JAGRAN PRAKASHAN LTD.,70.6,70.6,68.03,68.19,68.14,69.22,,68.24,,,13048,894544.0,228,F1,1,,,,,,2025-03-27
2025-03-27,2025-03-27,CM,BSE,STK,532707,INE256H01015,DYNPRO,B,,,,,DYNEMIC PRODUCTS LTD.,280.0,280.0,260.25,263.2,261.55,270.85,,263.1,,,5855,1569156.0,440,F1,1,,,,,,2025-03-27
2025-03-27,2025-03-27,CM,BSE,STK,532708,INE251H01024,GVKPIL,T,,,,,GVK POWER & INFRASTRUCTURE LTD,3.2,3.2,3.2,3.2,3.2,3.26,,3.18,,,149779,479292.0,360,F1,1,,,,,,2025-03-27
2025-03-27,2025-03-27,CM,BSE,STK,532710,INE226H01026,SADBHAV,T,,,,,SADBHAV ENGINEERING LTD.,11.01,11.01,11.01,11.01,11.01,11.23,,11.01,,,5427,59751.0,36,F1,1,,,,,,2025-03-27
2025-03-27,2025-03-27,CM,BSE,STK,532713,INE190H01024,SAKUMA,T,,,,,SAKUMA EXPORTS LTD.,2.42,2.42,2.42,2.42,2.42,2.46,,2.42,,,243716,589792.0,164,F1,1,,,,,,2025-03-27
2025-03-27,2025-03-27,CM,BSE,STK,532714,INE389H01022,KEC,A,,,,,KEC INTERNATIONAL LTD.,757.8,813.45,755.0,798.65,798.65,762.8,,798.1,,,87851,68699131.0,3204,F1,1,,,,,,2025-03-27
2025-03-27,2025-03-27,CM,BSE,STK,532716,INE047B01011,GILLANDERS,B,,,,,GILLANDERS ARBUTHNOT & CO.LTD.,96.0,97.55,95.0,97.55,97.55,94.75,,96.85,,,1496,143999.0,31,F1,1,,,,,,2025-03-27
2025-03-27,2025-03-27,CM,BSE,STK,532717,INE332H01014,INDOTECH,B,,,,,INDO TECH TRANSFORMERS LTD.,2190.55,2286.0,2185.4,2235.5,2266.2,2209.8,,2236.7,,,3954,8828833.0,555,F1,1,,,,,,2025-03-27
2025-03-27,2025-03-27,CM,BSE,STK,532719,INE350H01032,BLKASHYAP,B,,,,,B.L.KASHYAP AND SONS LTD.,49.23,51.04,48.48,49.48,49.48,49.23,,49.52,,,136853,6739699.0,1179,F1,1,,,,,,2025-03-27
2025-03-27,2025-03-27,CM,BSE,STK,532720,INE774D01024,M&MFIN,A,,,,,MAHINDRA & MAHINDRA FINANCIAL,281.65,291.65,281.65,290.05,290.1,286.45,,290.1,,,20307,5841333.0,946,F1,1,,,,,,2025-03-27
2025-03-27,2025-03-27,CM,BSE,STK,532721,INE286H01012,VISASTEEL,T,,,,,VISA STEEL LTD.,29.93,31.0,29.0,30.04,30.5,29.93,,31.72,,,2430,73678.0,9,F1,1,,,,,,2025-03-27
2025-03-27,2025-03-27,CM,BSE,STK,532722,INE858F01012,NITCO,B,,,,,NITCO LTD.,109.45,114.65,105.25,114.65,114.6,109.2,,114.35,,,11049,1209337.0,232,F1,1,,,,,,2025-03-27
2025-03-27,2025-03-27,CM,BSE,STK,532723,INE493H01014,MPDL,XT,,,,,MPDL LIMITED,50.96,50.96,49.98,49.98,49.98,51.0,,49.98,,,303,15146.0,2,F1,1,,,,,,2025-03-27
2025-03-27,2025-03-27,CM,BSE,STK,532725,INE343H01029,SOLARINDS,A,,,,,SOLAR INDUSTRIES INDIA LTD.,10980.6,11189.9,10850.0,10950.6,11007.45,10983.75,,10935.35,,,5136,56618117.0,1603,F1,1,,,,,,2025-03-27
2025-03-27,2025-03-27,CM,BSE,STK,532726,INE297H01019,GALLANTT,B,,,,,GALLANTT ISPAT LIMITED,371.0,382.0,343.8,353.25,355.25,371.5,,353.25,,,37234,13175687.0,706,F1,1,,,,,,2025-03-27
2025-03-27,2025-03-27,CM,BSE,STK,532728,INE383H01017,MALUPAPER,B,,,,,MALU PAPER MILLS LTD.,33.75,34.0,33.41,34.0,34.0,33.79,,33.72,,,315,10628.0,15,F1,1,,,,,,2025-03-27
2025-03-27,2025-03-27,CM,BSE,STK,532729,INE786F01031,UTTAMSUGAR,B,,,,,UTTAM SUGAR MILLS LTD.,250.8,260.75,246.75,254.4,250.55,255.9,,254.25,,,3252,819841.0,92,F1,1,,,,,,2025-03-27
2025-03-27,2025-03-27,CM,BSE,STK,532730,INE353H01010,SGL,B,,,,,STL GLOBAL LTD.,10.75,11.25,10.75,11.0,11.0,11.05,,10.99,,,10506,115283.0,78,F1,1,,,,,,2025-03-27
2025-03-27,2025-03-27,CM,BSE,STK,532732,INE401H01017,KKCL,B,,,,,KEWAL KIRAN CLOTHING LTD.,470.7,476.65,458.55,460.65,462.45,470.95,,461.05,,,5031,2360888.0,226,F1,1,,,,,,2025-03-27
2025-03-27,2025-03-27,CM,BSE,STK,532733,INE424H01027,SUNTV,A,,,,,SUN TV NETWORK LTD.,657.55,672.0,633.45,665.0,659.3,644.65,,665.45,,,13451,8771150.0,1117,F1,1,,,,,,2025-03-27
2025-03-27,2025-03-27,CM,BSE,STK,532734,INE177H01039,GPIL,B,,,,,GODAWARI POWER & ISPAT LTD.,178.75,184.0,177.35,182.05,182.05,177.45,,182.15,,,138373,24886475.0,1788,F1,1,,,,,,2025-03-27
2025-03-27,2025-03-27,CM,BSE,STK,532735,INE411H01032,RSYSTEMS,B,,,,,R SYSTEMS INTERNATIONAL LTD.,359.0,359.0,331.2,333.55,334.25,362.55,,334.4,,,18504,6278107.0,1447,F1,1,,,,,,2025-03-27
2025-03-27,2025-03-27,CM,BSE,STK,532737,INE296H01011,EMKAY,T,,,,,EMKAY GLOBAL FINANCIAL SERVICE,216.75,216.75,216.75,216.75,216.75,221.15,,216.95,,,1101,238641.0,14,F1,1,,,,,,2025-03-27
2025-03-27,2025-03-27,CM,BSE,STK,532738,INE388G01026,TICL,B,,,,,TwamevConstruction and Infrast,32.45,32.45,31.2,31.2,31.2,32.84,,30.99,,,12746,403149.0,410,F1,1,,,,,,2025-03-27
2025-03-27,2025-03-27,CM,BSE,STK,532740,INE397H01017,LOKESHMACH,T,,,,,LOKESH MACHINES LTD.,164.35,165.0,161.45,163.0,163.0,164.35,,163.0,,,10723,1756269.0,50,F1,1,,,,,,2025-03-27
2025-03-27,2025-03-27,CM,BSE,STK,532741,INE390H01020,KAMDHENU,B,,,,,Kamdhenu Limited,29.85,31.27,29.6,30.48,30.48,30.09,,30.48,,,260639,7902637.0,1613,F1,1,,,,,,2025-03-27
2025-03-27,2025-03-27,CM,BSE,STK,532742,INE111F01016,PAUSHAKLTD,B,,,,,PAUSHAK LTD.,5110.0,5110.0,4714.2,4754.9,4754.9,5000.2,,4754.9,,,4850,23726469.0,939,F1,1,,,,,,2025-03-27
2025-03-27,2025-03-27,CM,BSE,STK,532744,INE302H01017,GTNTEX,X,,,,,GTN TEXTILES LTD.,8.88,8.88,8.02,8.55,8.2,8.32,,8.55,,,15975,131931.0,48,F1,1,,,,,,2025-03-27
2025-03-27,2025-03-27,CM,BSE,STK,532745,INE347H01012,INDICAP,XT,,,,,INDITRADE CAPITAL LIMITED,5.55,5.55,5.07,5.29,5.28,5.31,,5.29,,,178859,934843.0,158,F1,1,,,,,,2025-03-27
2025-03-27,2025-03-27,CM,BSE,STK,532748,INE367G01038,PFOCUS,B,,,,,PRIME FOCUS LTD.,92.0,94.18,91.14,92.03,92.04,93.61,,92.49,,,3251,301455.0,196,F1,1,,,,,,2025-03-27
2025-03-27,2025-03-27,CM,BSE,STK,532749,INE418H01029,ALLCARGO,A,,,,,ALLCARGO LOGISTICS LTD.,29.09,30.25,28.79,29.65,29.48,29.16,,29.66,,,439741,13026470.0,2294,F1,1,,,,,,2025-03-27
2025-03-27,2025-03-27,CM,BSE,STK,532754,INE776C01039,GMRAIRPORT,A,,,,,GMR Airports Limited,75.36,76.75,75.01,75.95,75.95,76.29,,75.94,,,727814,55158770.0,5041,F1,1,,,,,,2025-03-27
2025-03-27,2025-03-27,CM,BSE,STK,532755,INE669C01036,TECHM,A,,,,,TECH MAHINDRA LTD.,1415.2,1429.95,1406.95,1423.1,1423.1,1415.6,,1423.9,,,22773,32311301.0,2303,F1,1,,,,,,2025-03-27
2025-03-27,2025-03-27,CM,BSE,STK,532756,INE536H01010,CIEINDIA,A,,,,,CIE Automotive India Limited,402.0,447.95,386.7,401.25,401.25,405.1,,405.0,,,66214,27344221.0,2499,F1,1,,,,,,2025-03-27
2025-03-27,2025-03-27,CM,BSE,STK,532757,INE540H01012,VOLTAMP,A,,,,,VOLTAMP TRANSFORMERS LTD.,7190.0,7400.0,7110.1,7224.05,7257.95,7245.55,,7218.5,,,5275,38176439.0,1569,F1,1,,,,,,2025-03-27
2025-03-27,2025-03-27,CM,BSE,STK,532759,INE285H01022,ATLANTAA,T,,,,,ATLANTAA LIMITED,28.43,28.43,28.42,28.42,28.42,28.99,,28.39,,,2805,79722.0,13,F1,1,,,,,,2025-03-27
2025-03-27,2025-03-27,CM,BSE,STK,532761,INE596H01014,HOVS,B,,,,,HOV SERVICES LTD.,45.0,46.06,44.26,46.06,46.06,43.87,,45.93,,,5659,260092.0,35,F1,1,,,,,,2025-03-27
2025-03-27,2025-03-27,CM,BSE,STK,532762,INE731H01025,ACE,A,,,,,ACTION CONSTRUCTION EQUIPMENT,1186.4,1272.0,1186.4,1257.7,1259.7,1197.9,,1258.95,,,22822,28302410.0,1504,F1,1,,,,,,2025-03-27
2025-03-27,2025-03-27,CM,BSE,STK,532764,INE916G01016,GEECEE,B,,,,,GEECEE VENTURES LIMITED,378.9,383.6,373.0,377.9,374.0,382.1,,376.95,,,1276,482958.0,146,F1,1,,,,,,2025-03-27
2025-03-27,2025-03-27,CM,BSE,STK,532766,INE516H01012,RICHAIND,Z,,,,,RICHA INDUSTRIES LTD.,1.41,1.41,1.34,1.34,1.34,1.41,,1.34,,,294,398.0,15,F1,1,,,,,,2025-03-27
2025-03-27,2025-03-27,CM,BSE,STK,532767,INE336H01023,GAYAPROJ,Z,,,,,GAYATRI PROJECTS LTD.,6.09,6.7,6.08,6.08,6.08,6.39,,6.02,,,94185,601825.0,80,F1,1,,,,,,2025-03-27
2025-03-27,2025-03-27,CM,BSE,STK,532768,INE737H01014,FIEMIND,B,,,,,FIEM INDUSTRIES LTD.,1361.4,1451.95,1361.4,1431.35,1428.2,1447.2,,1429.8,,,1344,1929316.0,229,F1,1,,,,,,2025-03-27
2025-03-27,2025-03-27,CM,BSE,STK,532771,INE544H01014,JHS,T,,,,,JHS SVENDGAARD LABORATORIES LT,12.7,12.7,11.68,11.68,11.68,12.29,,11.72,,,103888,1243744.0,118,F1,1,,,,,,2025-03-27
2025-03-27,2025-03-27,CM,BSE,STK,532772,INE503A01015,DCBBANK,A,,,,,DCB BANK LIMITED,111.3,115.1,111.3,114.45,114.5,111.25,,114.5,,,56827,6487084.0,743,F1,1,,,,,,2025-03-27
2025-03-27,2025-03-27,CM,BSE,STK,532773,INE792H01019,GLOBALVECT,B,,,,,GLOBAL VECTRA HELICORP LTD.,243.95,248.45,235.0,237.1,235.5,245.45,,235.75,,,5950,1421381.0,322,F1,1,,,,,,2025-03-27
2025-03-27,2025-03-27,CM,BSE,STK,532774,INE020G01017,INSPIRISYS,B,,,,,Inspirisys Solutions Limited,76.0,78.89,74.25,76.13,76.95,75.36,,76.35,,,1525,116214.0,90,F1,1,,,,,,2025-03-27
2025-03-27,2025-03-27,CM,BSE,STK,532775,INE221H01019,GTLINFRA,A,,,,,GTL INFRASTRUCTURE LTD.,1.45,1.46,1.4,1.42,1.42,1.44,,1.42,,,14536677,20739822.0,15583,F1,1,,,,,,2025-03-27
2025-03-27,2025-03-27,CM,BSE,STK,532776,INE637H01024,SHIVAMAUTO,B,,,,,SHIVAM AUTOTECH LTD.,23.62,27.22,23.62,26.16,26.44,26.54,,26.17,,,32269,850494.0,520,F1,1,,,,,,2025-03-27
2025-03-27,2025-03-27,CM,BSE,STK,532777,INE663F01024,NAUKRI,A,,,,,INFO EDGE (INDIA) LTD.,7029.25,7250.0,6961.15,7216.35,7223.6,7049.6,,7214.65,,,6340,45154590.0,1532,F1,1,,,,,,2025-03-27
2025-03-27,2025-03-27,CM,BSE,STK,532779,INE813H01021,TORNTPOWER,A,,,,,TORRENT POWER LTD.,1490.35,1506.45,1470.7,1502.95,1499.9,1498.6,,1501.95,,,12755,18963577.0,1856,F1,1,,,,,,2025-03-27
2025-03-27,2025-03-27,CM,BSE,STK,532780,INE561H01026,PARSVNATH,B,,,,,PARSVNATH DEVELOPERS LTD.,21.8,22.65,21.45,21.69,21.56,21.91,,21.83,,,48906,1074306.0,408,F1,1,,,,,,2025-03-27
2025-03-27,2025-03-27,CM,BSE,STK,532782,INE645H01027,SUTLEJTEX,T,,,,,SUTLEJ TEXTILES & INDUSTRIES L,35.86,36.89,34.31,34.91,34.91,36.1,,34.67,,,42037,1473743.0,157,F1,1,,,,,,2025-03-27
2025-03-27,2025-03-27,CM,BSE,STK,532783,INE818H01020,LTFOODS,A,,,,,LT FOODS LTD.,361.55,387.0,358.45,375.45,375.45,364.7,,376.7,,,39948,14785963.0,1957,F1,1,,,,,,2025-03-27
2025-03-27,2025-03-27,CM,BSE,STK,532784,INE671H01015,SOBHA,A,,,,,SOBHA,1204.05,1216.0,1199.9,1211.8,1216.0,1202.85,,1210.6,,,6776,8191749.0,621,F1,1,,,,,,2025-03-27
2025-03-27,2025-03-27,CM,BSE,STK,532785,INE803H01014,RUCHIRA,B,,,,,RUCHIRA PAPERS LTD.,117.2,117.4,115.0,115.45,115.4,115.6,,115.4,,,2276,262619.0,61,F1,1,,,,,,2025-03-27
2025-03-27,2025-03-27,CM,BSE,STK,532790,INE483C01032,TANLA,A,,,,,TANLA PLATFORMS LIMITED,481.0,485.65,474.1,478.55,478.75,481.7,,479.05,,,79444,38069758.0,2038,F1,1,,,,,,2025-03-27
2025-03-27,2025-03-27,CM,BSE,STK,532794,INE966H01019,ZEEMEDIA,B,,,,,ZEE MEDIA CORPORATION LIMITED,13.08,13.65,12.88,13.39,13.45,12.91,,13.36,,,1105083,14691052.0,2401,F1,1,,,,,,2025-03-27
2025-03-27,2025-03-27,CM,BSE,STK,532795,INE965H01011,SITINET,Z,,,,,Siti Networks Ltd.,0.51,0.51,0.51,0.51,0.51,0.52,,0.49,,,264113,134697.0,139,F1,1,,,,,,2025-03-27
2025-03-27,2025-03-27,CM,BSE,STK,532796,INE872H01027,LUMAXTECH,B,,,,,LUMAX AUTO TECHNOLOGIES LTD.,539.1,548.45,536.9,540.85,540.85,543.65,,542.8,,,5065,2748170.0,382,F1,1,,,,,,2025-03-27
2025-03-27,2025-03-27,CM,BSE,STK,532797,INE718H01014,AUTOIND,B,,,,,AUTOLINE INDUSTRIES LTD.,67.48,69.95,66.8,69.27,69.05,67.87,,69.51,,,35571,2429477.0,1414,F1,1,,,,,,2025-03-27
2025-03-27,2025-03-27,CM,BSE,STK,532798,INE870H01013,NETWORK18,A,,,,,NETWORK18 MEDIA & INVESTMENTS,44.36,45.56,43.81,44.93,44.93,44.58,,44.96,,,999815,44758008.0,3316,F1,1,,,,,,2025-03-27
2025-03-27,2025-03-27,CM,BSE,STK,532799,INE703H01016,HUBTOWN,B,,,,,HUBTOWN LTD.,187.1,194.7,182.95,194.7,194.7,185.45,,194.5,,,34886,6598021.0,964,F1,1,,,,,,2025-03-27
2025-03-27,2025-03-27,CM,BSE,STK,532801,INE627H01017,CTE,T,,,,,CAMBRIDGE TECHNOLOGY ENTERPRIS,36.12,37.8,36.05,36.05,36.05,37.94,,35.94,,,26997,984875.0,116,F1,1,,,,,,2025-03-27
2025-03-27,2025-03-27,CM,BSE,STK,532804,INE545H01011,TIIL,B,,,,,TECHNOCRAFT INDUSTRIES (INDIA),2615.95,2717.35,2611.3,2700.45,2701.0,2625.35,,2696.75,,,1746,4670242.0,442,F1,1,,,,,,2025-03-27
2025-03-27,2025-03-27,CM,BSE,STK,532805,INE891D01026,REDINGTON,A,,,,,Redington Limited,238.35,255.85,237.2,244.5,244.5,238.35,,243.65,,,343397,83683970.0,5019,F1,1,,,,,,2025-03-27
2025-03-27,2025-03-27,CM,BSE,STK,532806,INE768E01024,AICHAMP,X,,,,,AI CHAMPDANY INDUSTRIES LTD.,39.61,48.3,39.61,42.34,42.05,43.93,,42.34,,,650,30081.0,27,F1,1,,,,,,2025-03-27
2025-03-27,2025-03-27,CM,BSE,STK,532807,INE704H01022,CINELINE,B,,,,,CINELINE INDIA LIMITED,77.95,79.4,76.51,77.53,76.51,78.2,,77.42,,,7680,602297.0,231,F1,1,,,,,,2025-03-27
2025-03-27,2025-03-27,CM,BSE,STK,532808,INE940H01022,PGIL,B,,,,,PEARL GLOBAL INDUSTRIES LIMITE,1251.0,1399.0,1225.0,1363.95,1349.0,1251.0,,1375.45,,,24092,32142362.0,2678,F1,1,,,,,,2025-03-27
2025-03-27,2025-03-27,CM,BSE,STK,532809,INE684F01012,FSL,A,,,,,FIRSTSOURCE SOLUTIONS LTD.,318.4,368.55,318.4,356.15,356.15,325.2,,356.05,,,310053,106905605.0,5541,F1,1,,,,,,2025-03-27
2025-03-27,2025-03-27,CM,BSE,STK,532810,INE134E01011,PFC,A,,,,,POWER FINANCE CORPORATION LTD.,410.0,423.35,410.0,420.9,420.9,410.3,,421.0,,,213585,89513602.0,4044,F1,1,,,,,,2025-03-27
2025-03-27,2025-03-27,CM,BSE,STK,532811,INE758C01029,AHLUCONT,A,,,,,AHLUWALIA CONTRACTS (INDIA) LT,815.5,834.3,806.95,809.4,810.0,815.5,,809.7,,,8586,7015766.0,967,F1,1,,,,,,2025-03-27
2025-03-27,2025-03-27,CM,BSE,STK,532812,INE804H01012,TFL,T,,,,,TRANSWARRANTY FINANCE LTD.,14.74,14.81,14.74,14.74,14.74,14.74,,14.74,,,320,4730.0,5,F1,1,,,,,,2025-03-27
2025-03-27,2025-03-27,CM,BSE,STK,532814,INE562A01011,INDIANB,A,,,,,INDIAN BANK,540.95,557.65,537.1,553.5,550.05,542.05,,552.9,,,22378,12234114.0,1778,F1,1,,,,,,2025-03-27
2025-03-27,2025-03-27,CM,BSE,STK,532815,INE812G01025,SMSPHARMA,B,,,,,SMS PHARMACEUTICALS LTD.,212.6,214.3,205.65,209.1,209.1,211.65,,209.65,,,22566,4713562.0,782,F1,1,,,,,,2025-03-27
2025-03-27,2025-03-27,CM,BSE,STK,532817,INE998H01012,ORIENTALTL,B,,,,,ORIENTAL TRIMEX LTD.,9.33,9.69,9.13,9.2,9.2,9.27,,9.23,,,49562,463707.0,297,F1,1,,,,,,2025-03-27
2025-03-27,2025-03-27,CM,BSE,STK,532820,INE311H01018,ELAND,XT,,,,,E-Land Apparel Limited,14.5,14.7,14.02,14.7,14.7,14.01,,14.7,,,24097,346583.0,49,F1,1,,,,,,2025-03-27
2025-03-27,2025-03-27,CM,BSE,STK,532822,INE669E01016,IDEA,A,,,,,VODAFONE IDEA  LIMITED,7.0,7.06,6.87,6.93,6.93,7.04,,6.92,,,105582149,734351344.0,49408,F1,1,,,,,,2025-03-27
2025-03-27,2025-03-27,CM,BSE,STK,532825,INE702H01018,JAGJANANI,X,,,,,JAGJANANI TEXTILES LTD.,7.68,7.98,7.2,7.32,7.32,7.53,,7.32,,,25437,192511.0,123,F1,1,,,,,,2025-03-27
2025-03-27,2025-03-27,CM,BSE,STK,532826,INE952H01027,RAJTV,B,,,,,RAJ TELEVISION NETWORK LTD.,82.25,84.3,80.56,83.85,84.3,82.71,,83.82,,,2010,166916.0,88,F1,1,,,,,,2025-03-27
2025-03-27,2025-03-27,CM,BSE,STK,532827,INE761H01022,PAGEIND,A,,,,,PAGE INDUSTRIES LTD.,42478.5,44239.95,41986.95,43754.3,43215.55,42245.8,,43890.15,,,252,10837624.0,181,F1,1,,,,,,2025-03-27
2025-03-27,2025-03-27,CM,BSE,STK,532828,INE005I01014,AMDIND,B,,,,,AMD INDUSTRIES LTD.,49.5,49.5,42.54,43.17,43.17,46.92,,43.61,,,9726,439397.0,234,F1,1,,,,,,2025-03-27
2025-03-27,2025-03-27,CM,BSE,STK,532829,INE976H01018,LEHAR,X,,,,,LEHAR FOOTWEARS LIMITED,201.0,204.95,198.05,199.95,199.3,203.45,,199.95,,,11636,2319624.0,138,F1,1,,,,,,2025-03-27
2025-03-27,2025-03-27,CM,BSE,STK,532830,INE006I01046,ASTRAL,A,,,,,ASTRAL LIMITED,1278.95,1300.0,1268.25,1294.7,1294.7,1278.95,,1294.55,,,47599,61090118.0,4220,F1,1,,,,,,2025-03-27
2025-03-27,2025-03-27,CM,BSE,STK,532832,INE069I01010,EMBDL,A,,,,,EMBASSY DEVELOPMENTS LIMITED,108.5,116.95,108.3,116.0,116.0,108.9,,116.15,,,951875,107406640.0,4819,F1,1,,,,,,2025-03-27
2025-03-27,2025-03-27,CM,BSE,STK,532834,INE052I01032,CAMLINFINE,B,,,,,Camlin Fine Sciences Ltd,170.35,175.5,166.5,172.05,171.0,170.8,,171.9,,,77981,13336389.0,2036,F1,1,,,,,,2025-03-27
2025-03-27,2025-03-27,CM,BSE,STK,532835,INE725G01011,ICRA,B,,,,,ICRA LTD.,5596.25,5623.15,5469.05,5471.0,5469.05,5635.3,,5493.35,,,177,983659.0,61,F1,1,,,,,,2025-03-27
2025-03-27,2025-03-27,CM,BSE,STK,532839,INE836F01026,DISHTV,A,,,,,DISH TV INDIA LTD.,5.85,5.99,5.74,5.82,5.82,5.85,,5.83,,,3144641,18375512.0,2842,F1,1,,,,,,2025-03-27
2025-03-27,2025-03-27,CM,BSE,STK,532841,INE280H01015,SAHYADRI,B,,,,,SAHYADRI INDUSTRIES LTD.,230.25,230.25,217.25,220.3,217.25,228.8,,220.55,,,670,148880.0,100,F1,1,,,,,,2025-03-27
2025-03-27,2025-03-27,CM,BSE,STK,532842,INE917H01012,SRHHYPOLTD,B,,,,,SREE RAYALASEEMA HI-STRENGTH H,497.9,517.9,478.0,509.45,511.5,501.75,,511.9,,,8064,3970138.0,720,F1,1,,,,,,2025-03-27
2025-03-27,2025-03-27,CM,BSE,STK,532843,INE061F01013,FORTIS,A,,,,,FORTIS HEALTHCARE LTD.,643.0,677.05,630.85,670.8,669.35,645.35,,671.8,,,43727,28840915.0,1854,F1,1,,,,,,2025-03-27
2025-03-27,2025-03-27,CM,BSE,STK,532845,INE797H01018,TGBHOTELS,B,,,,,TGB BANQUETS AND HOTELS LTD.,10.0,10.5,9.83,10.19,9.94,10.09,,10.01,,,44200,445144.0,119,F1,1,,,,,,2025-03-27
2025-03-27,2025-03-27,CM,BSE,STK,532847,INE788H01017,HILTON,B,,,,,HILTON METAL FORGING LTD.,72.07,72.31,68.53,69.72,68.95,72.26,,69.59,,,45653,3203625.0,521,F1,1,,,,,,2025-03-27
2025-03-27,2025-03-27,CM,BSE,STK,532848,INE124G01033,DELTACORP,A,,,,,DELTA CORP LTD.,85.5,88.65,83.31,85.44,85.44,85.11,,85.38,,,198854,17027287.0,2143,F1,1,,,,,,2025-03-27
2025-03-27,2025-03-27,CM,BSE,STK,532850,INE287C01037,MICEL,B,,,,,MIC ELECTRONICS LTD.,54.4,56.0,53.37,54.21,54.21,54.56,,54.21,,,262353,14347462.0,4531,F1,1,,,,,,2025-03-27
2025-03-27,2025-03-27,CM,BSE,STK,532851,INE070I01018,INSECTICID,B,,,,,INSECTICIDES (INDIA) LTD.,584.25,614.6,584.25,608.15,607.0,605.55,,607.8,,,1821,1106349.0,176,F1,1,,,,,,2025-03-27
2025-03-27,2025-03-27,CM,BSE,STK,532853,INE228I01012,ASAHISONG,B,,,,,ASAHI SONGWON COLORS LTD.,328.5,339.7,325.0,333.1,333.65,330.85,,330.6,,,2878,963514.0,465,F1,1,,,,,,2025-03-27
2025-03-27,2025-03-27,CM,BSE,STK,532855,INE928H01019,HARYNACAP,XT,,,,,HARYANA CAPFIN LTD.,182.0,182.0,180.95,180.95,180.95,182.0,,180.95,,,968,175465.0,15,F1,1,,,,,,2025-03-27
2025-03-27,2025-03-27,CM,BSE,STK,532856,INE508G01029,TIMETECHNO,A,,,,,TIME TECHNOPLAST LTD.,411.0,432.55,407.55,429.2,429.2,410.15,,428.95,,,133373,56191803.0,3187,F1,1,,,,,,2025-03-27
2025-03-27,2025-03-27,CM,BSE,STK,532859,INE170I01016,HGS,B,,,,,HINDUJA GLOBAL SOLUTIONS LTD.,461.05,473.95,460.0,465.1,465.1,463.8,,464.5,,,21639,10066889.0,1969,F1,1,,,,,,2025-03-27
2025-03-27,2025-03-27,CM,BSE,STK,532864,INE189I01024,NELCAST,B,,,,,NELCAST LTD.,85.12,88.1,82.4,83.74,83.67,85.51,,83.64,,,30950,2618925.0,300,F1,1,,,,,,2025-03-27
2025-03-27,2025-03-27,CM,BSE,STK,532867,INE945H01013,V2RETAIL,T,,,,,V2 RETAIL LTD.,1697.9,1716.9,1633.0,1686.9,1671.1,1682.2,,1692.6,,,704,1178280.0,83,F1,1,,,,,,2025-03-27
2025-03-27,2025-03-27,CM,BSE,STK,532868,INE271C01023,DLF,A,,,,,DLF LTD.,681.15,692.4,672.65,688.1,688.1,680.4,,688.5,,,62592,42727761.0,2616,F1,1,,,,,,2025-03-27
2025-03-27,2025-03-27,CM,BSE,STK,532869,INE924H01018,TARMAT,B,,,,,TARMAT LTD.,52.2,52.55,49.58,50.16,49.58,52.37,,50.22,,,13174,676118.0,251,F1,1,,,,,,2025-03-27
2025-03-27,2025-03-27,CM,BSE,STK,532872,INE232I01014,SPARC,A,,,,,SUN PHARMA ADVANCED RESEARCH C,145.25,158.0,145.25,152.0,152.0,147.9,,150.85,,,335291,50459741.0,4109,F1,1,,,,,,2025-03-27
2025-03-27,2025-03-27,CM,BSE,STK,532873,INE191I01012,HDIL,Z,,,,,HOUSING DEVELOPMENT & INFRASTR,2.73,2.8,2.69,2.69,2.69,2.83,,2.68,,,289564,786889.0,320,F1,1,,,,,,2025-03-27
2025-03-27,2025-03-27,CM,BSE,STK,532875,INE102I01027,ADSL,B,,,,,ALLIED DIGITAL SERVICES LTD.,187.0,191.85,184.35,187.1,187.1,187.05,,187.0,,,29316,5493254.0,1071,F1,1,,,,,,2025-03-27
2025-03-27,2025-03-27,CM,BSE,STK,532878,INE385I01010,ALPA,B,,,,,ALPA LABORATORIES LTD.,104.84,106.33,102.0,102.81,102.62,105.17,,102.7,,,3826,395118.0,417,F1,1,,,,,,2025-03-27
2025-03-27,2025-03-27,CM,BSE,STK,532879,INE117H01019,SSLEL,X,,,,,SIR SHADI LAL ENTERPRISES LTD.,263.9,263.9,246.8,252.0,252.0,250.55,,252.0,,,36942,9317223.0,24,F1,1,,,,,,2025-03-27
2025-03-27,2025-03-27,CM,BSE,STK,532880,INE800H01010,OMAXE,B,,,,,OMAXE LTD.,73.59,79.4,73.19,78.47,78.47,74.18,,78.28,,,43376,3287547.0,901,F1,1,,,,,,2025-03-27
2025-03-27,2025-03-27,CM,BSE,STK,532884,INE056I01025,REFEX,B,,,,,REFEX INDUSTRIES LTD.,374.0,391.95,363.2,384.05,384.05,373.95,,384.6,,,92531,34776311.0,3126,F1,1,,,,,,2025-03-27
2025-03-27,2025-03-27,CM,BSE,STK,532885,INE483A01010,CENTRALBK,A,,,,,CENTRAL BANK OF INDIA,43.01,44.16,42.86,43.94,44.02,43.11,,43.96,,,352674,15363559.0,1034,F1,1,,,,,,2025-03-27
2025-03-27,2025-03-27,CM,BSE,STK,532886,INE105I01020,SELMC,B,,,,,SEL MANUFACTURING COMPANY LTD.,28.73,28.73,26.77,26.78,26.77,28.17,,26.88,,,5390,145181.0,89,F1,1,,,,,,2025-03-27
2025-03-27,2025-03-27,CM,BSE,STK,532888,INE022I01019,ASIANTILES,B,,,,,ASIAN GRANITO INDIA LTD.,43.01,44.18,42.41,43.55,43.55,42.9,,43.6,,,203282,8845606.0,781,F1,1,,,,,,2025-03-27
2025-03-27,2025-03-27,CM,BSE,STK,532889,INE930H01031,KPRMILL,A,,,,,K.P.R.MILL LIMITED,959.95,959.95,921.2,928.9,931.95,946.25,,930.8,,,4631,4337448.0,675,F1,1,,,,,,2025-03-27
2025-03-27,2025-03-27,CM,BSE,STK,532890,INE142I01023,TAKE,Z,,,,,TAKE SOLUTIONS LTD.,7.38,7.38,7.07,7.1,7.1,7.44,,7.07,,,161043,1150794.0,339,F1,1,,,,,,2025-03-27
2025-03-27,2025-03-27,CM,BSE,STK,532891,INE323I01011,PURVA,B,,,,,Puravankara Limited,246.65,257.0,238.2,244.25,250.0,248.0,,242.9,,,72896,18051007.0,1914,F1,1,,,,,,2025-03-27
2025-03-27,2025-03-27,CM,BSE,STK,532892,INE338I01027,MOTILALOFS,A,,,,,MOTILAL OSWAL FINANCIAL SERVIC,610.1,630.95,603.85,625.2,625.2,612.2,,624.8,,,167130,103737437.0,3940,F1,1,,,,,,2025-03-27
2025-03-27,2025-03-27,CM,BSE,STK,532893,INE222F01029,VTMLTD,XT,,,,,VTM LTD.,211.55,213.3,201.05,207.45,207.45,203.15,,207.45,,,20759,4350929.0,280,F1,1,,,,,,2025-03-27
2025-03-27,2025-03-27,CM,BSE,STK,532894,INE227G01018,INDOWIND,B,,,,,INDOWIND ENERGY LTD.,17.34,17.34,15.9,16.11,16.11,16.51,,16.09,,,206137,3400054.0,1354,F1,1,,,,,,2025-03-27
2025-03-27,2025-03-27,CM,BSE,STK,532895,INE245I01016,NAGREEKCAP,B,,,,,NAGREEKA CAPITAL & INFRASTRUCT,25.0,25.67,24.48,24.49,24.48,25.24,,24.5,,,3908,97678.0,13,F1,1,,,,,,2025-03-27
2025-03-27,2025-03-27,CM,BSE,STK,532896,INE387I01016,MAGNUM,B,,,,,MAGNUM VENTURES LTD.,26.0,26.0,23.35,23.93,23.93,25.86,,23.95,,,247040,6199837.0,327,F1,1,,,,,,2025-03-27
2025-03-27,2025-03-27,CM,BSE,STK,532898,INE752E01010,POWERGRID,A,,,,,POWER GRID CORPORATION OF INDI,289.9,297.1,289.6,294.9,294.9,291.35,,295.5,,,420329,123584371.0,8797,F1,1,,,,,,2025-03-27
2025-03-27,2025-03-27,CM,BSE,STK,532899,INE455I01029,KSCL,A,,,,,KAVERI SEED COMPANY LTD.,1300.85,1300.85,1215.55,1229.15,1236.6,1296.25,,1230.3,,,25266,31303136.0,2342,F1,1,,,,,,2025-03-27
2025-03-27,2025-03-27,CM,BSE,STK,532900,INE420C01059,PAISALO,A,,,,,PAISALO DIGITAL LIMITED,33.2,37.37,32.62,33.98,33.86,33.05,,33.97,,,466510,16361209.0,2974,F1,1,,,,,,2025-03-27
2025-03-27,2025-03-27,CM,BSE,STK,532902,INE429I01024,CCCL,T,,,,,CONSOLIDATED CONSTRUCTION CONS,14.0,14.0,14.0,14.0,14.0,13.73,,14.0,,,21072,295008.0,29,F1,1,,,,,,2025-03-27
2025-03-27,2025-03-27,CM,BSE,STK,532904,INE550H01011,SUPREMEINF,Z,,,,,SUPREME INFRASTRUCTURE INDIA L,104.8,104.8,104.8,104.8,104.8,106.9,,104.8,,,50,5240.0,1,F1,1,,,,,,2025-03-27
2025-03-27,2025-03-27,CM,BSE,STK,532906,INE215I01027,MAANALU,T,,,,,MAAN ALUMINIUM LTD.,82.85,82.85,79.13,79.13,79.13,83.29,,79.46,,,51227,4105247.0,369,F1,1,,,,,,2025-03-27
2025-03-27,2025-03-27,CM,BSE,STK,532907,INE369I01014,IL&FSENGG,Z,,,,,IL&FS ENGINEERING AND CONSTRUC,40.78,40.95,38.96,39.01,39.01,40.78,,39.04,,,4475,177451.0,19,F1,1,,,,,,2025-03-27
2025-03-27,2025-03-27,CM,BSE,STK,532911,INE272G01014,PARLEIND,XT,,,,,PARLE INDUSTRIES LIMITED,14.48,14.48,13.92,13.92,13.92,14.2,,13.92,,,50112,712595.0,162,F1,1,,,,,,2025-03-27
2025-03-27,2025-03-27,CM,BSE,STK,532915,INE621H01010,RELIGARE,A,,,,,RELIGARE ENTERPRISES LTD.,230.45,237.1,230.25,234.55,234.55,229.85,,234.35,,,38880,9078204.0,833,F1,1,,,,,,2025-03-27
2025-03-27,2025-03-27,CM,BSE,STK,532916,INE139I01011,BVCL,B,,,,,BARAK VALLEY CEMENTS LTD.,37.98,39.63,36.2,36.92,36.6,37.98,,36.96,,,4028,150059.0,147,F1,1,,,,,,2025-03-27
2025-03-27,2025-03-27,CM,BSE,STK,532918,INE575I01016,RATHIBAR,X,,,,,RATHI BARS LTD.,35.26,38.89,34.0,35.25,35.25,35.26,,35.25,,,54818,1976591.0,275,F1,1,,,,,,2025-03-27
2025-03-27,2025-03-27,CM,BSE,STK,532921,INE742F01042,ADANIPORTS,A,,,,,ADANI PORTS AND SPECIAL ECONOM,1175.3,1209.6,1175.3,1198.0,1198.0,1181.75,,1196.8,,,151637,180088013.0,7390,F1,1,,,,,,2025-03-27
2025-03-27,2025-03-27,CM,BSE,STK,532922,INE532F01054,EDELWEISS,A,,,,,EDELWEISS FINANCIAL SERVICES L,86.89,93.2,86.66,91.44,91.84,86.29,,91.41,,,278725,25365503.0,1837,F1,1,,,,,,2025-03-27
2025-03-27,2025-03-27,CM,BSE,STK,532923,INE722H01024,RGL,B,,,,,RENAISSANCE GLOBAL LIMITED,125.55,127.3,123.0,124.85,124.85,126.7,,125.0,,,37039,4625887.0,781,F1,1,,,,,,2025-03-27
2025-03-27,2025-03-27,CM,BSE,STK,532924,INE094I01018,KOLTEPATIL,B,,,,,KOLTE-PATIL DEVELOPERS LTD.,310.95,329.95,310.95,327.2,327.15,326.15,,326.75,,,13539,4388950.0,603,F1,1,,,,,,2025-03-27
2025-03-27,2025-03-27,CM,BSE,STK,532925,INE234I01028,KAUSHALYA,B,,,,,KAUSHALYA INFRASTRUCTURE DEVEL,889.1,900.0,889.1,900.0,900.0,912.0,,895.2,,,17,15278.0,12,F1,1,,,,,,2025-03-27
2025-03-27,2025-03-27,CM,BSE,STK,532926,INE668F01031,JYOTHYLAB,A,,,,,JYOTHY LABS LIMITED,322.3,331.1,322.3,330.0,328.5,325.05,,329.8,,,55672,18241422.0,2273,F1,1,,,,,,2025-03-27
2025-03-27,2025-03-27,CM,BSE,STK,532927,INE738I01010,ECLERX,A,,,,,ECLERX SERVICES LTD.,2748.65,2786.55,2703.95,2759.75,2786.55,2738.8,,2763.05,,,1644,4499190.0,379,F1,1,,,,,,2025-03-27
2025-03-27,2025-03-27,CM,BSE,STK,532928,INE763I01026,TARIL,B,,,,,TRANSFORMERS AND RECTIFIERS (I,478.5,516.3,474.0,514.35,514.35,491.75,,512.9,,,128784,64725122.0,4089,F1,1,,,,,,2025-03-27
2025-03-27,2025-03-27,CM,BSE,STK,532929,INE791I01019,BRIGADE,A,,,,,BRIGADE ENTERPRISES LTD.,977.95,996.45,966.05,992.95,992.0,976.2,,993.4,,,11619,11429966.0,1152,F1,1,,,,,,2025-03-27
2025-03-27,2025-03-27,CM,BSE,STK,532930,INE661I01014,BGRENERGY,T,,,,,BGR ENERGY SYSTEMS LTD.,84.03,84.03,83.76,83.76,83.76,85.46,,83.76,,,7758,650436.0,47,F1,1,,,,,,2025-03-27
2025-03-27,2025-03-27,CM,BSE,STK,532932,INE015D01022,MANAKSIA,B,,,,,MANAKSIA LTD.,66.0,66.0,58.4,59.12,59.12,59.81,,59.06,,,14868,890771.0,310,F1,1,,,,,,2025-03-27
2025-03-27,2025-03-27,CM,BSE,STK,532933,INE386I01018,PORWAL,X,,,,,PORWAL AUTO COMPONENTS LTD.,42.2,45.0,42.2,44.1,44.1,43.5,,44.1,,,16074,706474.0,58,F1,1,,,,,,2025-03-27
2025-03-27,2025-03-27,CM,BSE,STK,532934,INE095I01015,PPAP,B,,,,,PPAP,164.5,167.05,157.0,161.3,161.3,167.05,,161.35,,,5931,961522.0,126,F1,1,,,,,,2025-03-27
2025-03-27,2025-03-27,CM,BSE,STK,532935,INE298I01015,ARIES,B,,,,,ARIES AGRO LTD.,262.1,266.8,253.05,255.55,253.05,256.0,,255.55,,,3476,894107.0,130,F1,1,,,,,,2025-03-27
2025-03-27,2025-03-27,CM,BSE,STK,532937,INE529I01021,KUANTUM,B,,,,,KUANTUM PAPERS LTD.,107.75,109.35,101.5,102.8,104.7,109.5,,103.0,,,35281,3699058.0,807,F1,1,,,,,,2025-03-27
2025-03-27,2025-03-27,CM,BSE,STK,532939,INE614G01033,RPOWER,A,,,,,RELIANCE POWER LTD.,39.44,43.6,38.72,42.88,42.88,39.48,,42.96,,,10999275,451342198.0,24750,F1,1,,,,,,2025-03-27
2025-03-27,2025-03-27,CM,BSE,STK,532940,INE576I01022,JKIL,A,,,,,J.KUMAR INFRAPROJECTS LTD.,643.4,665.45,642.0,646.9,642.0,653.95,,645.9,,,19989,13011095.0,1199,F1,1,,,,,,2025-03-27
2025-03-27,2025-03-27,CM,BSE,STK,532941,INE792I01017,CORDSCABLE,B,,,,,CORDS CABLE INDUSTRIES LTD.,168.2,169.7,158.8,159.5,160.45,167.7,,159.65,,,20500,3303194.0,942,F1,1,,,,,,2025-03-27
2025-03-27,2025-03-27,CM,BSE,STK,532942,INE634I01029,KNRCON,A,,,,,KNR CONSTRUCTIONS LTD.,230.2,230.2,222.8,226.45,226.45,231.15,,226.55,,,224606,50805032.0,3720,F1,1,,,,,,2025-03-27
2025-03-27,2025-03-27,CM,BSE,STK,532944,INE809I01019,ONMOBILE,B,,,,,ONMOBILE,45.01,46.44,44.5,45.54,45.54,45.41,,45.62,,,122042,5534197.0,849,F1,1,,,,,,2025-03-27
2025-03-27,2025-03-27,CM,BSE,STK,532945,INE964H01014,SEPC,A,,,,,SEPC LIMITED,14.11,14.55,14.02,14.29,14.29,14.15,,14.32,,,3417050,48892766.0,4733,F1,1,,,,,,2025-03-27
2025-03-27,2025-03-27,CM,BSE,STK,532946,INE863I01016,BANG,B,,,,,BANG OVERSEAS LTD.,46.75,49.0,46.7,48.02,48.02,47.59,,47.81,,,3972,188656.0,56,F1,1,,,,,,2025-03-27
2025-03-27,2025-03-27,CM,BSE,STK,532947,INE821I01022,IRB,A,,,,,IRB INFRASTRUCTURE DEVELOPERS,44.97,46.31,44.56,46.02,46.02,45.23,,46.04,,,2505756,114294547.0,8822,F1,1,,,,,,2025-03-27
2025-03-27,2025-03-27,CM,BSE,STK,532951,INE871H01011,GSS,B,,,,,GSS INFOTECH LTD.,34.15,35.07,33.2,33.53,33.2,34.15,,33.38,,,10196,347500.0,88,F1,1,,,,,,2025-03-27
2025-03-27,2025-03-27,CM,BSE,STK,532952,INE049I01012,NAHARCAP,B,,,,,NAHAR CAPITAL & FINANCIAL SERV,229.05,230.95,223.85,226.05,225.0,229.05,,226.35,,,828,187930.0,84,F1,1,,,,,,2025-03-27
2025-03-27,2025-03-27,CM,BSE,STK,532953,INE951I01027,VGUARD,A,,,,,V-GUARD INDUSTRIES LTD.,350.45,354.0,348.7,349.75,349.5,352.55,,350.45,,,6009,2108650.0,277,F1,1,,,,,,2025-03-27
2025-03-27,2025-03-27,CM,BSE,STK,532955,INE020B01018,RECLTD,A,,,,,REC LIMITED,425.9,439.85,423.9,433.0,431.0,425.4,,433.4,,,298114,128760512.0,4718,F1,1,,,,,,2025-03-27
2025-03-27,2025-03-27,CM,BSE,STK,532957,INE642I01014,GOKAKTEX,XT,,,,,GOKAK TEXTILES LTD.,86.49,86.5,86.49,86.5,86.5,86.49,,86.5,,,2301,199032.0,20,F1,1,,,,,,2025-03-27
2025-03-27,2025-03-27,CM,BSE,STK,532960,INE274G01010,DHANI,A,,,,,Dhani Services Limited,56.5,58.8,55.8,58.15,58.2,56.2,,58.2,,,253795,14546409.0,1450,F1,1,,,,,,2025-03-27
2025-03-27,2025-03-27,CM,BSE,STK,532966,INE615H01020,TITAGARH,A,,,,,TITAGARH RAIL SYSTEMS LIMITED,801.85,820.55,789.25,815.65,815.65,802.7,,815.2,,,88935,71527472.0,4194,F1,1,,,,,,2025-03-27
2025-03-27,2025-03-27,CM,BSE,STK,532967,INE415I01015,KIRIINDUS,B,,,,,KIRI INDUSTRIES LTD.,629.0,635.0,620.6,628.95,628.95,629.25,,629.3,,,23844,14957686.0,1232,F1,1,,,,,,2025-03-27
2025-03-27,2025-03-27,CM,BSE,STK,532974,INE865C01022,BIRLAMONEY,T,,,,,ADITYA BIRLA MONEY LTD.,167.05,167.05,167.05,167.05,167.05,170.45,,167.05,,,1162,194112.0,27,F1,1,,,,,,2025-03-27
2025-03-27,2025-03-27,CM,BSE,STK,532975,INE778I01024,TELOGICA,Z,,,,,TELOGICA LIMITED,10.45,10.45,10.45,10.45,10.45,10.66,,10.45,,,10750,112337.0,8,F1,1,,,,,,2025-03-27
2025-03-27,2025-03-27,CM,BSE,STK,532976,INE091G01026,JAIBALAJI,A,,,,,JAI BALAJI INDUSTRIES LTD.,140.0,140.0,134.9,138.0,139.15,137.9,,137.85,,,84172,11510216.0,710,F1,1,,,,,,2025-03-27
2025-03-27,2025-03-27,CM,BSE,STK,532977,INE917I01010,BAJAJ-AUTO,A,,,,,BAJAJ AUTO LTD.,7919.95,8015.0,7855.0,7975.65,7975.65,7973.7,,7974.3,,,8678,69126229.0,1903,F1,1,,,,,,2025-03-27
2025-03-27,2025-03-27,CM,BSE,STK,532978,INE918I01026,BAJAJFINSV,A,,,,,BAJAJ FINSERV LTD.,1930.4,2010.95,1930.4,2005.4,2005.4,1942.7,,2005.75,,,72585,143903077.0,10342,F1,1,,,,,,2025-03-27
2025-03-27,2025-03-27,CM,BSE,STK,532980,INE020J01029,GOKUL,B,,,,,GOKUL REFOILS & SOLVENT LTD.,46.09,46.39,44.18,45.24,45.24,46.09,,44.75,,,16769,753496.0,530,F1,1,,,,,,2025-03-27
2025-03-27,2025-03-27,CM,BSE,STK,532983,INE105J01010,RPGLIFE,B,,,,,RPG LIFE SCIENCES LTD.,2312.6,2312.6,2220.0,2244.15,2241.55,2279.15,,2243.25,,,811,1815075.0,246,F1,1,,,,,,2025-03-27
2025-03-27,2025-03-27,CM,BSE,STK,532985,INF174KA1JD7,SENSEX1,A,,,,,KOTAK MAHINDRA MUTUAL FUND,83.75,85.25,83.37,84.05,84.02,83.81,,84.05,,,2707,228414.0,82,F1,1,,,,,,2025-03-27
2025-03-27,2025-03-27,CM,BSE,STK,532986,INE368I01016,NIRAJ,B,,,,,NIRAJ CEMENT STRUCTURALS LTD.,52.37,59.9,52.37,54.47,54.31,52.67,,55.43,,,9608,549821.0,461,F1,1,,,,,,2025-03-27
2025-03-27,2025-03-27,CM,BSE,STK,532987,INE244J01017,RBL,B,,,,,RANE BRAKE LINING LTD.,696.95,706.05,687.35,693.85,693.0,705.0,,694.2,,,1231,855756.0,175,F1,1,,,,,,2025-03-27
2025-03-27,2025-03-27,CM,BSE,STK,532988,INE222J01013,RANEENGINE,B,,,,,RANE ENGINE VALVE LTD.,280.0,280.0,266.6,267.05,266.6,276.1,,268.65,,,1197,322076.0,90,F1,1,,,,,,2025-03-27
2025-03-27,2025-03-27,CM,BSE,STK,532989,INE878I01022,BAFNAPH,T,,,,,BAFNA PHARMACEUTICALS LTD.,76.74,76.74,75.06,76.0,76.0,77.0,,76.04,,,31,2357.0,3,F1,1,,,,,,2025-03-27
2025-03-27,2025-03-27,CM,BSE,STK,532992,INE790D01020,CHLLTD,X,,,,,CHL LTD.,35.96,36.5,35.96,35.96,35.96,37.85,,35.96,,,1805,64968.0,25,F1,1,,,,,,2025-03-27
2025-03-27,2025-03-27,CM,BSE,STK,532993,INE955I01044,SEJALLTD,B,,,,,SEJAL GLASS LIMITED,362.7,362.7,335.0,335.0,335.0,345.45,,360.4,,,1015,340554.0,15,F1,1,,,,,,2025-03-27
2025-03-27,2025-03-27,CM,BSE,STK,532994,INE877I01016,ARCHIDPLY,B,,,,,ARCHIDPLY INDUSTRIES LTD.,84.05,85.5,80.24,85.5,85.5,82.01,,86.69,,,6632,546762.0,123,F1,1,,,,,,2025-03-27
2025-03-27,2025-03-27,CM,BSE,STK,532998,INE947I01017,LOTUSEYE,B,,,,,Lotus Eye Hospital And Institu,64.01,68.73,63.99,68.06,68.3,64.61,,68.14,,,3178,212859.0,200,F1,1,,,,,,2025-03-27
2025-03-27,2025-03-27,CM,BSE,STK,533001,INE323J01019,SOMICONVEY,B,,,,,SOMI CONVEYOR BELTINGS LTD.,180.0,182.0,176.15,181.25,182.0,179.65,,180.4,,,2875,513353.0,172,F1,1,,,,,,2025-03-27
2025-03-27,2025-03-27,CM,BSE,STK,533007,INE201J01017,LGBFORGE,XT,,,,,LGB FORGE LTD.,9.22,9.22,9.22,9.22,9.22,9.4,,9.22,,,86017,793076.0,131,F1,1,,,,,,2025-03-27
2025-03-27,2025-03-27,CM,BSE,STK,533012,INE197J01017,LPDC,B,,,,,LANDMARK PROPERTY DEVELOPMENT,7.88,8.26,7.6,7.69,7.6,7.88,,7.53,,,3299,26033.0,54,F1,1,,,,,,2025-03-27
2025-03-27,2025-03-27,CM,BSE,STK,533014,INE176J01011,SICAGEN,X,,,,,SICAGEN INDIA LTD.,63.53,64.4,61.06,61.61,61.06,63.53,,61.61,,,36969,2320820.0,135,F1,1,,,,,,2025-03-27
2025-03-27,2025-03-27,CM,BSE,STK,533019,INE456H01029,SIMPLXPAP,X,,,,,SIMPLEX PAPERS LTD.,1925.0,2105.0,1925.0,2104.0,2105.0,2008.0,,2104.0,,,30,58644.0,4,F1,1,,,,,,2025-03-27
2025-03-27,2025-03-27,CM,BSE,STK,533022,INE144J01027,20MICRONS,B,,,,,20 MICRONS LTD.,190.0,196.25,190.0,192.4,192.35,194.65,,192.4,,,5895,1140784.0,226,F1,1,,,,,,2025-03-27
2025-03-27,2025-03-27,CM,BSE,STK,533023,INE342J01019,ZFCVINDIA,A,,,,,ZF Commercial Vehicle Control,12899.45,12899.45,12375.0,12655.95,12655.95,12681.05,,12654.95,,,629,7962743.0,346,F1,1,,,,,,2025-03-27
2025-03-27,2025-03-27,CM,BSE,STK,533029,INE773I01017,ALKALI,B,,,,,ALKALI METALS LTD.,82.7,82.7,78.0,79.02,78.0,82.16,,78.63,,,5298,426862.0,195,F1,1,,,,,,2025-03-27
2025-03-27,2025-03-27,CM,BSE,STK,533033,INE858B01029,ISGEC,A,,,,,ISGEC HEAVY ENGINEERING LTD.,1023.05,1070.0,1023.05,1051.65,1061.0,1047.05,,1049.25,,,8188,8579922.0,637,F1,1,,,,,,2025-03-27
2025-03-27,2025-03-27,CM,BSE,STK,533047,INE919H01018,IMFA,B,,,,,INDIAN METALS & FERRO ALLOYS L,620.45,624.6,611.7,619.5,620.65,621.15,,621.0,,,3971,2453086.0,403,F1,1,,,,,,2025-03-27
2025-03-27,2025-03-27,CM,BSE,STK,533048,INE065J01024,TPHQ,T,,,,,Teamo Productions HQ Limited,1.21,1.28,1.17,1.19,1.19,1.23,,1.16,,,641555,779307.0,529,F1,1,,,,,,2025-03-27
2025-03-27,2025-03-27,CM,BSE,STK,533056,INE359B01010,VEDAVAAG,X,,,,,VEDAVAAG SYSTEMS LTD.,42.7,44.7,40.75,41.65,42.5,43.11,,41.65,,,175589,7358073.0,636,F1,1,,,,,,2025-03-27
2025-03-27,2025-03-27,CM,BSE,STK,533080,INE893J01029,MOLDTKPAC,B,,,,,MOLD-TEK PACKAGING LIMITED,421.0,434.45,420.35,423.35,423.35,421.0,,423.95,,,9408,4006436.0,580,F1,1,,,,,,2025-03-27
2025-03-27,2025-03-27,CM,BSE,STK,533088,INE998I01010,MHRIL,A,,,,,MAHINDRA HOLIDAYS & RESORTS IN,302.5,305.1,291.3,292.75,292.75,308.1,,292.7,,,49993,14811606.0,2567,F1,1,,,,,,2025-03-27
2025-03-27,2025-03-27,CM,BSE,STK,533090,INE688J01023,EXCEL,T,,,,,EXCEL REALTY N INFRA LTD.,0.76,0.76,0.72,0.73,0.73,0.74,,0.73,,,833374,609531.0,818,F1,1,,,,,,2025-03-27
2025-03-27,2025-03-27,CM,BSE,STK,533093,INE294G01026,ROML,B,,,,,RAJ OIL MILLS LTD.,43.0,43.3,41.25,42.66,43.05,43.5,,42.61,,,1454,61316.0,61,F1,1,,,,,,2025-03-27
2025-03-27,2025-03-27,CM,BSE,STK,533095,INE083K01017,BENGALASM,B,,,,,BENGAL & ASSAM COMPANY LTD.,7200.05,7349.75,7160.0,7201.05,7201.0,7200.05,,7201.05,,,662,4773058.0,67,F1,1,,,,,,2025-03-27
2025-03-27,2025-03-27,CM,BSE,STK,533096,INE814H01011,ADANIPOWER,A,,,,,ADANI POWER LTD.,495.95,523.9,493.0,519.65,519.65,497.8,,519.9,,,620613,315894179.0,10726,F1,1,,,,,,2025-03-27
2025-03-27,2025-03-27,CM,BSE,STK,533098,INE848E01016,NHPC,A,,,,,NHPC LTD.,80.86,82.2,80.02,81.24,81.24,80.9,,81.28,,,844488,68329316.0,5920,F1,1,,,,,,2025-03-27
2025-03-27,2025-03-27,CM,BSE,STK,533100,INE429K01012,PEIL,XT,,,,,PREMIER ENERGY AND INFRASTRUCT,3.38,3.72,3.38,3.72,3.72,3.55,,3.72,,,244876,854253.0,107,F1,1,,,,,,2025-03-27
2025-03-27,2025-03-27,CM,BSE,STK,533101,INE360J01011,SURYAAMBA,X,,,,,SURYAAMBA SPINNING MILLS LTD.,141.0,142.0,140.0,140.1,140.0,141.0,,140.1,,,396,55575.0,11,F1,1,,,,,,2025-03-27
2025-03-27,2025-03-27,CM,BSE,STK,533104,INE615I01010,GLOBUSSPR,B,,,,,GLOBUS SPIRITS LTD.,1041.0,1081.25,1040.0,1070.15,1057.0,1049.4,,1068.1,,,4795,5113871.0,333,F1,1,,,,,,2025-03-27
2025-03-27,2025-03-27,CM,BSE,STK,533106,INE274J01014,OIL,A,,,,,OIL INDIA LTD.,380.75,391.7,380.75,386.15,386.15,380.75,,386.05,,,109072,42233472.0,3888,F1,1,,,,,,2025-03-27
2025-03-27,2025-03-27,CM,BSE,STK,533108,INE274K01012,BTTL,X,,,,,BHILWARA TECHNICAL TEXTILES LT,41.01,42.49,39.9,40.64,40.64,42.08,,40.64,,,27458,1126540.0,99,F1,1,,,,,,2025-03-27
2025-03-27,2025-03-27,CM,BSE,STK,533110,INE318K01025,SPSL,X,,,,,SHREE PRECOATED STEELS LTD.,13.7,14.17,13.7,14.16,14.16,14.18,,14.16,,,20,278.0,5,F1,1,,,,,,2025-03-27
2025-03-27,2025-03-27,CM,BSE,STK,533121,INE201K01015,EXPLEOSOL,B,,,,,EXPLEO SOLUTIONS LIMITED,860.0,860.0,815.0,823.25,823.25,843.85,,823.2,,,4918,4088995.0,527,F1,1,,,,,,2025-03-27
2025-03-27,2025-03-27,CM,BSE,STK,533122,INE399K01017,RTNPOWER,A,,,,,RATTANINDIA POWER LTD.,9.63,10.31,9.56,10.18,10.18,9.67,,10.17,,,6663876,66248920.0,7146,F1,1,,,,,,2025-03-27
2025-03-27,2025-03-27,CM,BSE,STK,533137,INE947J01015,DEN,B,,,,,DEN NETWORKS LTD,31.01,32.17,30.77,31.72,31.68,31.19,,31.8,,,292622,9201316.0,1917,F1,1,,,,,,2025-03-27
2025-03-27,2025-03-27,CM,BSE,STK,533138,INE563J01010,ASTEC,B,,,,,ASTEC LIFESCIENCES LIMITED,691.2,699.9,676.5,689.25,682.75,690.55,,690.15,,,8070,5558371.0,983,F1,1,,,,,,2025-03-27
2025-03-27,2025-03-27,CM,BSE,STK,533146,INE250K01012,DLINKINDIA,B,,,,,D-LINK (INDIA) LTD,406.0,420.8,405.0,418.2,418.2,410.8,,418.4,,,19075,7877689.0,849,F1,1,,,,,,2025-03-27
2025-03-27,2025-03-27,CM,BSE,STK,533148,INE121E01018,JSWENERGY,A,,,,,JSW ENERGY LTD,547.1,554.4,543.35,548.95,548.95,553.6,,548.35,,,178012,97610141.0,6043,F1,1,,,,,,2025-03-27
2025-03-27,2025-03-27,CM,BSE,STK,533149,INE143K01019,YUNIKM,X,,,,,Yunik Managing Advisors Limite,11.0,11.38,10.69,10.69,10.69,10.84,,10.69,,,41188,440403.0,18,F1,1,,,,,,2025-03-27
2025-03-27,2025-03-27,CM,BSE,STK,533150,INE484J01027,GODREJPROP,A,,,,,GODREJ PROPERTIES LTD,2137.6,2140.5,2106.95,2126.8,2122.2,2129.55,,2126.2,,,12673,26883193.0,1727,F1,1,,,,,,2025-03-27
2025-03-27,2025-03-27,CM,BSE,STK,533151,INE950I01011,DBCORP,B,,,,,D B CORP LTD,220.4,238.75,220.4,236.3,232.6,226.65,,236.3,,,25668,5927622.0,935,F1,1,,,,,,2025-03-27
2025-03-27,2025-03-27,CM,BSE,STK,533152,INE912H01013,MBLINFRA,B,,,,,MBL Infrastructure Ltd,35.56,41.83,34.49,41.83,41.83,34.86,,41.71,,,57747,2365435.0,308,F1,1,,,,,,2025-03-27
2025-03-27,2025-03-27,CM,BSE,STK,533155,INE797F01020,JUBLFOOD,A,,,,,JUBILANT FOODWORKS LTD,669.75,677.55,657.85,672.95,676.0,660.2,,674.6,,,136369,90451275.0,6841,F1,1,,,,,,2025-03-27
2025-03-27,2025-03-27,CM,BSE,STK,533156,INE893I01013,VASCONEQ,B,,,,,VASCON ENGINEERS LTD,36.41,37.57,35.84,36.79,36.79,36.77,,36.85,,,117410,4297356.0,933,F1,1,,,,,,2025-03-27
2025-03-27,2025-03-27,CM,BSE,STK,533158,INE085J01014,THANGAMAYL,B,,,,,THANGAMAYIL JEWELLERY LTD,1848.1,2095.0,1848.1,2019.25,2010.0,1844.7,,2040.4,,,22322,44592480.0,3186,F1,1,,,,,,2025-03-27
2025-03-27,2025-03-27,CM,BSE,STK,533160,INE879I01012,DBREALTY,A,,,,,VALOR ESTATE LIMITED,143.65,156.95,143.65,154.4,153.95,143.5,,154.45,,,215804,32146885.0,2079,F1,1,,,,,,2025-03-27
2025-03-27,2025-03-27,CM,BSE,STK,533161,INE753K01015,EMMBI,B,,,,,EMMBI INDUSTRIES LTD,91.88,94.99,86.35,89.13,88.1,91.88,,89.04,,,16693,1522676.0,506,F1,1,,,,,,2025-03-27
2025-03-27,2025-03-27,CM,BSE,STK,533162,INE982F01036,HATHWAY,B,,,,,HATHWAY CABLE & DATACOM LTD,12.96,13.47,12.9,13.09,13.09,13.01,,13.08,,,806500,10611817.0,1099,F1,1,,,,,,2025-03-27
2025-03-27,2025-03-27,CM,BSE,STK,533164,INE141K01013,TEXMOPIPES,B,,,,,TEXMO PIPES & PRODUCTS LTD.,51.65,51.65,49.5,49.95,49.92,51.65,,50.08,,,27128,1369845.0,529,F1,1,,,,,,2025-03-27
2025-03-27,2025-03-27,CM,BSE,STK,533166,INE108E01023,SUNDARAM,B,,,,,SUNDARAM MULTI PAP LTD.,2.04,2.04,1.97,1.98,1.98,2.03,,1.99,,,244213,488677.0,210,F1,1,,,,,,2025-03-27
2025-03-27,2025-03-27,CM,BSE,STK,533168,INE847C01020,ROSSELLIND,T,,,,,ROSSELL INDIA LTD.,57.1,57.1,53.51,55.44,55.44,56.25,,55.84,,,8949,490412.0,57,F1,1,,,,,,2025-03-27
2025-03-27,2025-03-27,CM,BSE,STK,533169,INE949H01023,MANINFRA,A,,,,,MAN INFRACONSTRUCTION LTD.,145.95,152.85,145.65,150.8,150.8,146.2,,151.0,,,157984,23636859.0,2294,F1,1,,,,,,2025-03-27
2025-03-27,2025-03-27,CM,BSE,STK,533170,INE864J01012,TAMBOLIIN,X,,,,,TAMBOLI INDUSTRIES LIMITED,144.65,145.55,140.05,144.05,143.6,144.65,,144.05,,,14887,2159711.0,55,F1,1,,,,,,2025-03-27
2025-03-27,2025-03-27,CM,BSE,STK,533177,INE975G01012,IL&FSTRANS,Z,,,,,IL&FS TRANSPORTATION NETWORKS,3.04,3.04,2.89,2.94,2.99,3.04,,2.94,,,176882,522668.0,123,F1,1,,,,,,2025-03-27
2025-03-27,2025-03-27,CM,BSE,STK,533179,INE262H01021,PERSISTENT,A,,,,,PERSISTENT SYSTEMS LTD.,5475.0,5667.95,5436.4,5640.35,5644.05,5510.3,,5641.45,,,13452,75169076.0,4311,F1,1,,,,,,2025-03-27
2025-03-27,2025-03-27,CM,BSE,STK,533181,INE566K01011,ISFT,B,,,,,INTRASOFT TECHNOLOGIES LTD.,98.25,102.9,97.85,99.05,99.25,100.05,,98.7,,,3556,358175.0,146,F1,1,,,,,,2025-03-27
2025-03-27,2025-03-27,CM,BSE,STK,533189,INE516K01024,GOENKA,Z,,,,,GOENKA DIAMOND & JEWELS LTD.,0.89,0.94,0.89,0.89,0.89,0.93,,0.87,,,26085,23235.0,67,F1,1,,,,,,2025-03-27
2025-03-27,2025-03-27,CM,BSE,STK,533192,INE790B01024,KCPSUGIND,B,,,,,KCP SUGAR & INDUSTRIES CORPORA,36.27,36.27,34.2,34.55,34.4,35.56,,34.38,,,28854,1006200.0,543,F1,1,,,,,,2025-03-27
2025-03-27,2025-03-27,CM,BSE,STK,533193,INE134B01017,KECL,B,,,,,KIRLOSKAR ELECTRIC COMPANY LTD,132.85,132.85,127.85,128.35,128.6,129.65,,128.25,,,42503,5477987.0,705,F1,1,,,,,,2025-03-27
2025-03-27,2025-03-27,CM,BSE,STK,533202,INE639K01016,SATCH,X,,,,,SATCHMO HOLDINGS LIMITED,3.55,3.66,3.26,3.29,3.28,3.55,,3.29,,,133103,446865.0,134,F1,1,,,,,,2025-03-27
2025-03-27,2025-03-27,CM,BSE,STK,533203,INE747K01017,TARAPUR,T,,,,,TARAPUR TRANSFORMERS LTD,34.8,34.8,34.55,34.55,34.55,34.84,,34.55,,,3622,125406.0,18,F1,1,,,,,,2025-03-27
2025-03-27,2025-03-27,CM,BSE,STK,533206,INE002L01015,SJVN,A,,,,,SJVN LTD,91.07,92.75,90.86,92.42,92.42,91.52,,92.38,,,602320,55339729.0,4057,F1,1,,,,,,2025-03-27
2025-03-27,2025-03-27,CM,BSE,STK,533208,INE830C01026,EMAMIPAP,B,,,,,EMAMI PAPER MILLS LTD.,94.75,94.75,84.29,84.91,84.91,87.16,,84.78,,,12571,1079406.0,527,F1,1,,,,,,2025-03-27
2025-03-27,2025-03-27,CM,BSE,STK,533210,INE798K01010,KRITINUT,B,,,,,KRITI NUTRIENTS LTD,99.56,109.75,99.56,100.44,100.05,98.93,,102.87,,,957,100709.0,20,F1,1,,,,,,2025-03-27
2025-03-27,2025-03-27,CM,BSE,STK,533212,INE265D01015,GKB,X,,,,,GKB OPHTHALMICS LTD.,68.15,71.99,62.1,67.17,67.17,70.36,,67.17,,,33677,2178384.0,109,F1,1,,,,,,2025-03-27
2025-03-27,2025-03-27,CM,BSE,STK,533217,INE871K01015,HMVL,B,,,,,HINDUSTAN MEDIA VENTURES LTD.,82.75,86.0,77.55,82.84,86.0,78.82,,84.35,,,27287,2222297.0,589,F1,1,,,,,,2025-03-27
2025-03-27,2025-03-27,CM,BSE,STK,533218,INE778K01012,EMAMIREAL,B,,,,,EMAMI REALTY LIMITED,124.35,124.84,116.0,117.09,117.09,121.59,,117.11,,,11497,1390422.0,458,F1,1,,,,,,2025-03-27
2025-03-27,2025-03-27,CM,BSE,STK,533227,INE926K01017,AHLEAST,B,,,,,ASIAN HOTELS (EAST) LTD.,134.4,149.75,133.6,143.25,145.0,135.0,,143.85,,,7612,1070666.0,563,F1,1,,,,,,2025-03-27
2025-03-27,2025-03-27,CM,BSE,STK,533229,INE933K01021,BAJAJCON,A,,,,,BAJAJ CONSUMER CARE LIMITED,160.8,162.75,156.0,158.9,160.25,159.15,,158.85,,,108466,17279340.0,2202,F1,1,,,,,,2025-03-27
2025-03-27,2025-03-27,CM,BSE,STK,533230,INF179KC1981,HDFCGOLD,E,,,,,HDFC MUTUAL FUND - HDFC GOLD E,75.55,76.23,75.55,76.11,76.06,75.48,,76.16,,,54617,4147365.0,495,F1,1,,,,,,2025-03-27
2025-03-27,2025-03-27,CM,BSE,STK,533239,INE696K01024,PRAKASHSTL,B,,,,,PRAKASH STEELAGE LTD.,6.68,6.73,6.3,6.42,6.55,6.68,,6.44,,,153334,993796.0,994,F1,1,,,,,,2025-03-27
2025-03-27,2025-03-27,CM,BSE,STK,533244,INF109KC1NT3,GOLDIETF,E,,,,,ICICI Prudential Gold ETF,75.8,76.3,75.73,76.16,76.16,75.59,,76.16,,,40943,3113405.0,468,F1,1,,,,,,2025-03-27
2025-03-27,2025-03-27,CM,BSE,STK,533248,INE517F01014,GPPL,A,,,,,GUJARAT PIPAVAV PORT LTD.,134.05,146.8,134.05,141.8,142.55,134.4,,142.1,,,521259,74746902.0,7378,F1,1,,,,,,2025-03-27
2025-03-27,2025-03-27,CM,BSE,STK,533252,INE389K01018,WELINV,B,,,,,WELSPUN INVESTMENTS AND COMMER,805.4,820.0,805.4,805.45,805.45,805.4,,805.15,,,83,66930.0,13,F1,1,,,,,,2025-03-27
2025-03-27,2025-03-27,CM,BSE,STK,533259,INE019J01013,SASTASUNDR,B,,,,,Sastasundar Ventures Limited,234.45,239.5,234.45,236.1,237.15,236.0,,235.65,,,2216,522433.0,132,F1,1,,,,,,2025-03-27
2025-03-27,2025-03-27,CM,BSE,STK,533260,INE521J01018,CPCAP,B,,,,,CP CAPITAL LIMITED,396.65,408.0,392.15,402.7,397.75,396.9,,403.65,,,2630,1046964.0,170,F1,1,,,,,,2025-03-27
2025-03-27,2025-03-27,CM,BSE,STK,533262,INE874I01013,RAMKY,B,,,,,RAMKY INFRASTRUCTURE LTD.,466.0,470.0,444.0,451.75,450.65,464.6,,451.2,,,8241,3742795.0,620,F1,1,,,,,,2025-03-27
2025-03-27,2025-03-27,CM,BSE,STK,533263,INE999K01014,GREENPOWER,A,,,,,ORIENT GREEN POWER COMPANY LTD,12.18,12.33,11.73,11.81,11.9,12.07,,11.82,,,1646863,19646122.0,2696,F1,1,,,,,,2025-03-27
2025-03-27,2025-03-27,CM,BSE,STK,533267,INE068L01024,CANTABIL,B,,,,,CANTABIL RETAIL INDIA LTD.,266.35,274.25,264.0,270.1,269.0,265.05,,270.45,,,13552,3664170.0,526,F1,1,,,,,,2025-03-27
2025-03-27,2025-03-27,CM,BSE,STK,533268,INE351L01016,SEATV,X,,,,,SEA TV NETWORK LTD.,7.99,7.99,7.0,7.31,7.31,7.51,,7.31,,,1441,10482.0,81,F1,1,,,,,,2025-03-27
2025-03-27,2025-03-27,CM,BSE,STK,533269,INE956G01038,WABAG,A,,,,,VA TECH WABAG LTD.,1485.6,1485.6,1406.1,1474.7,1474.0,1465.3,,1472.75,,,23836,34564177.0,1736,F1,1,,,,,,2025-03-27
2025-03-27,2025-03-27,CM,BSE,STK,533270,INE844K01012,BEDMUTHA,B,,,,,BEDMUTHA INDUSTRIES LTD.,167.65,171.9,158.8,161.95,161.95,169.0,,161.95,,,6635,1108265.0,295,F1,1,,,,,,2025-03-27
2025-03-27,2025-03-27,CM,BSE,STK,533271,INE442H01029,ASHOKA,A,,,,,ASHOKA BUILDCON LTD.,190.05,203.1,187.4,200.8,200.8,190.85,,201.2,,,396524,78103229.0,4124,F1,1,,,,,,2025-03-27
2025-03-27,2025-03-27,CM,BSE,STK,533272,INE209L01016,JWL,A,,,,,JUPITER WAGONS LIMITED,371.55,376.6,360.6,371.65,371.65,370.3,,371.65,,,525589,194477047.0,7481,F1,1,,,,,,2025-03-27
2025-03-27,2025-03-27,CM,BSE,STK,533273,INE093I01010,OBEROIRLTY,A,,,,,OBEROI REALTY LTD.,1614.05,1652.8,1608.35,1642.75,1640.0,1616.2,,1643.05,,,3670,5959605.0,1157,F1,1,,,,,,2025-03-27
2025-03-27,2025-03-27,CM,BSE,STK,533274,INE811K01011,PRESTIGE,A,,,,,PRESTIGE ESTATES PROJECTS LTD.,1190.15,1215.65,1186.65,1205.85,1215.65,1196.25,,1206.05,,,11401,13687160.0,1474,F1,1,,,,,,2025-03-27
2025-03-27,2025-03-27,CM,BSE,STK,533275,INE482J01021,SHAH,B,,,,,SHAH METACORP LIMITED,2.99,3.08,2.81,2.88,2.94,3.0,,2.86,,,610691,1757350.0,1148,F1,1,,,,,,2025-03-27
2025-03-27,2025-03-27,CM,BSE,STK,533278,INE522F01014,COALINDIA,A,,,,,COAL INDIA LTD.,393.0,399.65,392.05,396.75,396.75,394.5,,396.85,,,152705,60665271.0,3659,F1,1,,,,,,2025-03-27
2025-03-27,2025-03-27,CM,BSE,STK,533282,INE024L01027,GRAVITA,A,,,,,GRAVITA INDIA LTD.,1774.75,1886.9,1774.75,1871.85,1880.85,1774.75,,1873.85,,,44376,81378458.0,4281,F1,1,,,,,,2025-03-27
2025-03-27,2025-03-27,CM,BSE,STK,533284,INE324L01013,RPPINFRA,T,,,,,RPP INFRA PROJECTS LTD.,145.25,148.95,140.1,142.65,142.65,147.45,,141.45,,,41002,5833685.0,453,F1,1,,,,,,2025-03-27
2025-03-27,2025-03-27,CM,BSE,STK,533285,INE245L01028,RDBIPL,X,,,,,RDB INFRASTRUCTURE AND POWER L,59.55,60.53,57.15,57.91,57.91,57.65,,57.91,,,236187,13780508.0,519,F1,1,,,,,,2025-03-27
2025-03-27,2025-03-27,CM,BSE,STK,533286,INE490G01020,MOIL,A,,,,,MOIL LTD.,322.0,330.0,316.5,328.25,327.05,319.1,,328.4,,,101520,32963200.0,2092,F1,1,,,,,,2025-03-27
2025-03-27,2025-03-27,CM,BSE,STK,533287,INE565L01011,ZEELEARN,B,,,,,ZEE LEARN LTD.,5.82,5.95,5.59,5.81,5.81,5.71,,5.8,,,401271,2290668.0,1024,F1,1,,,,,,2025-03-27
2025-03-27,2025-03-27,CM,BSE,STK,533289,INE096L01025,KTIL,B,,,,,KESAR TERMINALS & INFRASTRUCTU,68.0,71.99,68.0,68.07,68.04,70.22,,68.07,,,5229,364808.0,49,F1,1,,,,,,2025-03-27
2025-03-27,2025-03-27,CM,BSE,STK,533292,INE619I01012,A2ZINFRA,B,,,,,A2Z INFRA ENGINEERING LIMITED,14.84,15.1,14.14,14.18,14.18,14.88,,14.1,,,219479,3135496.0,564,F1,1,,,,,,2025-03-27
2025-03-27,2025-03-27,CM,BSE,STK,533293,INE146L01010,KIRLOSENG,A,,,,,KIRLOSKAR OIL ENGINES LTD.,711.4,738.75,711.4,735.95,738.55,722.4,,736.2,,,34149,24997543.0,1802,F1,1,,,,,,2025-03-27
2025-03-27,2025-03-27,CM,BSE,STK,533294,INE722J01012,RKDL,B,,,,,RAVI KUMAR DISTILLERIES LTD.,24.58,25.69,23.85,23.88,23.85,25.0,,24.05,,,2470,60156.0,84,F1,1,,,,,,2025-03-27
2025-03-27,2025-03-27,CM,BSE,STK,533295,INE608A01012,PSB,B,,,,,PUNJAB & SIND BANK,44.52,45.19,43.56,44.76,45.0,44.61,,44.67,,,157317,6977657.0,1397,F1,1,,,,,,2025-03-27
2025-03-27,2025-03-27,CM,BSE,STK,533296,INE360L01017,FMNL,T,,,,,FUTURE MARKET NETWORKS LTD.,15.98,16.47,15.1,15.99,16.4,15.89,,16.07,,,17553,272557.0,86,F1,1,,,,,,2025-03-27
2025-03-27,2025-03-27,CM,BSE,STK,533298,INE272L01022,SURANASOL,B,,,,,SURANA SOLAR LTD.,33.34,33.47,32.3,32.43,32.51,33.05,,32.55,,,27062,886170.0,679,F1,1,,,,,,2025-03-27
2025-03-27,2025-03-27,CM,BSE,STK,533301,INE268L01046,SHEKHAWATI,T,,,,,SHEKHAWATI INDUSTRIES LIMITED,23.98,23.99,22.97,22.97,23.72,24.17,,22.67,,,38141,878907.0,37,F1,1,,,,,,2025-03-27
2025-03-27,2025-03-27,CM,BSE,STK,533302,INE029L01018,KICL,B,,,,,KALYANI INVESTMENT COMPANY LTD,4140.75,4345.6,4125.3,4304.05,4251.05,4140.8,,4297.55,,,1002,4238742.0,353,F1,1,,,,,,2025-03-27
2025-03-27,2025-03-27,CM,BSE,STK,533303,INE878K01010,BFINVEST,B,,,,,BF INVESTMENT LTD.,470.45,511.0,467.75,487.0,487.0,467.9,,486.45,,,12665,6248583.0,1013,F1,1,,,,,,2025-03-27
2025-03-27,2025-03-27,CM,BSE,STK,533306,INE519C01017,SUMMITSEC,B,,,,,SUMMIT SECURITIES LTD.,2097.95,2097.95,1880.85,1891.5,1896.5,1913.75,,1888.4,,,2488,4745167.0,482,F1,1,,,,,,2025-03-27
2025-03-27,2025-03-27,CM,BSE,STK,533315,INE690J01011,INOVSYNTH,X,,,,,INNOVASSYNTH INVESTMENTS LTD.,76.7,80.7,76.5,78.33,77.41,76.9,,78.33,,,13879,1088787.0,50,F1,1,,,,,,2025-03-27
2025-03-27,2025-03-27,CM,BSE,STK,533316,INE577L01016,STEL,T,,,,,STEL HOLDINGS LIMITED,399.95,410.55,386.85,390.3,387.1,400.5,,385.5,,,304,119532.0,14,F1,1,,,,,,2025-03-27
2025-03-27,2025-03-27,CM,BSE,STK,533317,INE474L01016,OMKARCHEM,Z,,,,,OMKAR SPECIALITY CHEMICALS LTD,5.88,5.88,5.88,5.88,5.88,6.18,,5.74,,,6776,39842.0,10,F1,1,,,,,,2025-03-27
2025-03-27,2025-03-27,CM,BSE,STK,533326,INE621L01012,TEXRAIL,A,,,,,TEXMACO RAIL & ENGINEERING LTD,133.05,140.4,133.05,138.55,138.55,135.45,,138.75,,,251025,34387515.0,2179,F1,1,,,,,,2025-03-27
2025-03-27,2025-03-27,CM,BSE,STK,533329,INE611L01021,INDTERRAIN,B,,,,,INDIAN TERRAIN FASHIONS LTD.,35.0,35.0,30.52,30.96,31.1,32.45,,30.79,,,32102,1003011.0,419,F1,1,,,,,,2025-03-27
2025-03-27,2025-03-27,CM,BSE,STK,533333,INE045J01026,FCL,A,,,,,FINEOTEX CHEMICAL LTD.,223.4,242.7,221.65,238.75,236.35,225.4,,239.05,,,78717,18307980.0,2274,F1,1,,,,,,2025-03-27
2025-03-27,2025-03-27,CM,BSE,STK,533336,INE320L01011,DHUNINV,B,,,,,DHUNSERI INVESTMENTS LTD.,1472.0,1513.0,1430.0,1432.7,1430.25,1480.25,,1437.4,,,468,687853.0,119,F1,1,,,,,,2025-03-27
2025-03-27,2025-03-27,CM,BSE,STK,533339,INE251B01027,ZENTEC,A,,,,,ZEN TECHNOLOGIES LTD.,1421.05,1481.7,1418.05,1466.15,1466.15,1443.55,,1458.2,,,118411,171879455.0,7134,F1,1,,,,,,2025-03-27
2025-03-27,2025-03-27,CM,BSE,STK,533343,INE597L01014,LOVABLE,B,,,,,LOVABLE LINGERIE LTD.,79.7,80.99,78.12,78.83,78.75,80.14,,78.59,,,10010,793415.0,402,F1,1,,,,,,2025-03-27
2025-03-27,2025-03-27,CM,BSE,STK,533344,INE560K01014,PFS,B,,,,,PTC INDIA FINANCIAL SERVICES L,31.2,32.25,31.1,31.77,32.12,31.26,,31.85,,,137742,4339615.0,951,F1,1,,,,,,2025-03-27
2025-03-27,2025-03-27,CM,BSE,STK,533385,INF247L01AP3,MON100,E,,,,,MOTILAL OSWAL MOST SHARES NASD,186.09,186.09,180.93,183.37,183.37,184.81,,183.42,,,154079,28139173.0,3864,F1,1,,,,,,2025-03-27
2025-03-27,2025-03-27,CM,BSE,STK,533398,INE414G01012,MUTHOOTFIN,A,,,,,MUTHOOT FINANCE LTD.,2344.95,2353.4,2298.7,2317.4,2347.95,2313.2,,2337.7,,,9713,22490761.0,1365,F1,1,,,,,,2025-03-27
2025-03-27,2025-03-27,CM,BSE,STK,533407,INE672K01025,TRUEGREEN,X,,,,,TRUE GREEN BIO ENERGY LIMITED,79.8,80.0,77.75,77.97,78.0,81.84,,77.97,,,1680,132545.0,47,F1,1,,,,,,2025-03-27
2025-03-27,2025-03-27,CM,BSE,STK,533408,INF209KB18D3,BSLGOLDETF,E,,,,,Aditya Birla Sun Life Mutual F,78.5,78.54,77.76,78.25,78.25,77.88,,78.41,,,15521,1216687.0,106,F1,1,,,,,,2025-03-27
2025-03-27,2025-03-27,CM,BSE,STK,533427,INE932K01015,VMS,X,,,,,VMS INDUSTRIES LTD.,26.0,26.45,25.6,25.67,25.8,26.94,,25.67,,,189707,4911488.0,817,F1,1,,,,,,2025-03-27
2025-03-27,2025-03-27,CM,BSE,STK,533451,INE725L01011,KARMAENG,B,,,,,KARMA ENERGY LTD.,51.55,52.5,51.55,52.2,52.05,53.14,,52.39,,,5020,261032.0,7,F1,1,,,,,,2025-03-27
2025-03-27,2025-03-27,CM,BSE,STK,533452,INE726L01019,DELPHIFX,T,,,,,DELPHI WORLD MONEY LIMITED,119.0,119.0,113.05,113.65,114.0,118.95,,114.2,,,26238,3001218.0,50,F1,1,,,,,,2025-03-27
2025-03-27,2025-03-27,CM,BSE,STK,533470,INE573K01025,RUSHIL,B,,,,,RUSHIL DECOR LTD.,21.8,22.29,20.74,21.03,21.06,21.97,,21.03,,,284678,6073090.0,2333,F1,1,,,,,,2025-03-27
2025-03-27,2025-03-27,CM,BSE,STK,533477,INE130L01014,ENKEIWHEL,B,,,,,ENKEI WHEELS (INDIA) LTD.,508.0,519.85,492.0,507.55,505.0,495.9,,507.55,,,4874,2490437.0,131,F1,1,,,,,,2025-03-27
2025-03-27,2025-03-27,CM,BSE,STK,533482,INE524L01026,KRIDHANINF,B,,,,,KRIDHAN INFRA LIMITED,3.44,3.49,3.37,3.37,3.37,3.54,,3.34,,,34408,116248.0,39,F1,1,,,,,,2025-03-27
2025-03-27,2025-03-27,CM,BSE,STK,533506,INE878H01024,INVENTURE,B,,,,,INVENTURE GROWTH & SECURITIES,1.48,1.48,1.36,1.38,1.38,1.42,,1.37,,,1527501,2148309.0,670,F1,1,,,,,,2025-03-27
2025-03-27,2025-03-27,CM,BSE,STK,533519,INE498L01015,LTF,A,,,,,L&T Finance Limited,152.65,156.9,151.5,155.6,155.6,152.8,,155.55,,,102300,15768218.0,1603,F1,1,,,,,,2025-03-27
2025-03-27,2025-03-27,CM,BSE,STK,533520,INE126M01010,YAARI,B,,,,,Yaari Digital Integrated Servi,14.01,14.56,13.94,14.26,14.26,14.67,,14.15,,,61978,872118.0,175,F1,1,,,,,,2025-03-27
2025-03-27,2025-03-27,CM,BSE,STK,533540,INE040M01013,TREEHOUSE,B,,,,,TREE HOUSE EDUCATION & ACCESSO,9.79,9.79,9.31,9.31,9.31,9.8,,9.23,,,1745,16356.0,43,F1,1,,,,,,2025-03-27
2025-03-27,2025-03-27,CM,BSE,STK,533543,INE650L01011,BROOKS,B,,,,,BROOKS LABORATORIES LTD.,107.3,112.0,107.3,110.67,112.0,111.83,,111.15,,,13429,1468461.0,397,F1,1,,,,,,2025-03-27
2025-03-27,2025-03-27,CM,BSE,STK,533552,INE895B01021,RUPA,B,,,,,RUPA & COMPANY LTD.,180.1,183.5,178.8,180.7,179.45,180.6,,180.65,,,47215,8524517.0,1354,F1,1,,,,,,2025-03-27
2025-03-27,2025-03-27,CM,BSE,STK,533553,INE419M01027,TDPOWERSYS,A,,,,,T D POWER SYSTEMS LTD.,410.6,418.5,400.75,409.9,410.8,410.35,,408.9,,,22817,9365202.0,1163,F1,1,,,,,,2025-03-27
2025-03-27,2025-03-27,CM,BSE,STK,533570,INF846K01W80,AXISGOLD,E,,,,,AXIS MUTUAL FUND - AXIS GOLD E,74.08,74.59,73.86,74.23,74.16,74.51,,74.27,,,32253,2394018.0,450,F1,1,,,,,,2025-03-27
2025-03-27,2025-03-27,CM,BSE,STK,533573,INE901L01018,APLLTD,A,,,,,ALEMBIC PHARMACEUTICALS LTD.,903.75,942.4,894.85,930.9,933.45,904.75,,931.25,,,4004,3628597.0,478,F1,1,,,,,,2025-03-27
2025-03-27,2025-03-27,CM,BSE,STK,533576,INE590L01019,VASWANI,B,,,,,VASWANI INDUSTRIES LTD.,36.41,36.7,33.5,34.46,34.46,36.52,,34.45,,,52648,1828596.0,196,F1,1,,,,,,2025-03-27
2025-03-27,2025-03-27,CM,BSE,STK,533581,INE457L01029,PGEL,A,,,,,PG ELECTROPLAST LTD.,853.2,990.0,853.2,931.35,931.35,870.25,,927.25,,,226690,204759899.0,7857,F1,1,,,,,,2025-03-27
2025-03-27,2025-03-27,CM,BSE,STK,533602,INE050L01048,LESHAIND,X,,,,,LESHA INDUSTRIES LTD.,1.14,1.14,1.05,1.08,1.08,1.14,,1.08,,,1211802,1312188.0,675,F1,1,,,,,,2025-03-27
2025-03-27,2025-03-27,CM,BSE,STK,533605,INE023M01027,SETUINFRA,Z,,,,,SETUBANDHAN INFRASTRUCTURE LIM,0.51,0.51,0.51,0.51,0.51,0.53,,0.49,,,17689,9021.0,24,F1,1,,,,,,2025-03-27
2025-03-27,2025-03-27,CM,BSE,STK,533608,INE123M01017,RDBRL,X,,,,,RDB RASAYANS LTD.,118.0,125.0,116.15,121.7,120.5,116.5,,121.7,,,34555,4144723.0,234,F1,1,,,,,,2025-03-27
2025-03-27,2025-03-27,CM,BSE,STK,533629,INE440L01017,TIJARIA,T,,,,,TIJARIA POLYPIPES LTD.,5.42,5.45,5.42,5.42,5.42,5.7,,5.39,,,37977,205839.0,43,F1,1,,,,,,2025-03-27
2025-03-27,2025-03-27,CM,BSE,STK,533632,INE912L01015,ONELIFECAP,T,,,,,ONELIFE CAPITAL ADVISORS LTD.,10.8,10.8,9.88,9.88,9.88,10.39,,9.76,,,1926,19114.0,17,F1,1,,,,,,2025-03-27
2025-03-27,2025-03-27,CM,BSE,STK,533638,INE060J01017,FLEXITUFF,T,,,,,FLEXITUFF VENTURES INTERNATION,29.54,29.54,29.54,29.54,29.54,30.14,,29.58,,,145,4283.0,2,F1,1,,,,,,2025-03-27
2025-03-27,2025-03-27,CM,BSE,STK,533655,INE152M01016,TRITURBINE,A,,,,,TRIVENI TURBINE LTD.,556.0,615.9,515.55,562.55,562.55,563.0,,560.7,,,180296,101003605.0,5939,F1,1,,,,,,2025-03-27
2025-03-27,2025-03-27,CM,BSE,STK,533676,INE337M01013,INDOTHAI,T,,,,,INDO THAI SECURITIES LTD.,1984.0,1984.0,1900.0,1900.0,1900.0,1894.4,,1903.8,,,207,393572.0,19,F1,1,,,,,,2025-03-27
2025-03-27,2025-03-27,CM,BSE,STK,533704,INE122M01019,ESSARSHPNG,T,,,,,ESSAR SHIPPING LTD.,22.8,23.38,22.0,22.08,22.08,22.89,,22.07,,,124773,2848147.0,280,F1,1,,,,,,2025-03-27
2025-03-27,2025-03-27,CM,BSE,STK,533719,INF397L01554,LICMFGOLD,E,,,,,IDBI MUTUAL FUND - IDBI GOLD E,8123.65,8168.0,7986.16,8058.57,8059.0,8022.03,,8054.48,,,235,1894613.0,65,F1,1,,,,,,2025-03-27
2025-03-27,2025-03-27,CM,BSE,STK,533758,INE702C01027,APLAPOLLO,A,,,,,APL APOLLO TUBES LTD.,1490.55,1539.4,1485.6,1528.55,1518.4,1496.45,,1531.05,,,7130,10788174.0,1432,F1,1,,,,,,2025-03-27
2025-03-27,2025-03-27,CM,BSE,STK,533761,INE390G01014,GPTINFRA,B,,,,,GPT INFRAPROJECTS LTD.,107.21,125.27,104.49,119.9,118.65,106.99,,119.64,,,78522,9349831.0,3167,F1,1,,,,,,2025-03-27
2025-03-27,2025-03-27,CM,BSE,STK,533896,INE258M01011,FERVENTSYN,XT,,,,,FERVENT SYNERGIES LTD.,22.15,23.0,22.15,22.16,22.16,22.6,,22.16,,,1812,41385.0,18,F1,1,,,,,,2025-03-27
2025-03-27,2025-03-27,CM,BSE,STK,533941,INE480M01011,THOMASCOTT,T,,,,,THOMAS SCOTT (INDIA) LIMITED,327.25,344.0,326.6,339.25,342.0,343.75,,333.45,,,6107,2031211.0,83,F1,1,,,,,,2025-03-27
2025-03-27,2025-03-27,CM,BSE,STK,533982,INE482B01010,TERASOFT,T,,,,,TERA SOFTWARE LTD.,192.0,195.0,188.2,188.2,188.2,192.0,,188.2,,,356,68387.0,19,F1,1,,,,,,2025-03-27
2025-03-27,2025-03-27,CM,BSE,STK,534060,INE793G01035,PMCFIN,X,,,,,PMC FINCORP LIMITED,2.33,2.36,2.21,2.31,2.31,2.33,,2.31,,,2208415,5106490.0,1009,F1,1,,,,,,2025-03-27
2025-03-27,2025-03-27,CM,BSE,STK,534063,INE241F01011,FUTSOL,X,,,,,FUTURISTIC SOLUTIONS LTD.,52.6,60.2,52.6,56.55,54.1,56.14,,56.55,,,121,6691.0,10,F1,1,,,,,,2025-03-27
2025-03-27,2025-03-27,CM,BSE,STK,534064,INE123D01024,AIML,XT,,,,,ALLIANCE INTEGRATED METALIKS L,4.29,4.29,3.94,4.02,4.02,4.14,,4.02,,,1322427,5422566.0,418,F1,1,,,,,,2025-03-27
2025-03-27,2025-03-27,CM,BSE,STK,534076,INE743M01012,RHIM,A,,,,,RHI MAGNESITA INDIA LIMITED,460.65,527.25,460.65,514.15,514.15,464.85,,514.65,,,713766,364246875.0,16364,F1,1,,,,,,2025-03-27
2025-03-27,2025-03-27,CM,BSE,STK,534091,INE745G01035,MCX,A,,,,,MULTI COMMODITY EXCHANGE OF IN,5096.9,5280.0,5096.9,5252.3,5252.3,5142.5,,5246.1,,,17172,89342000.0,4276,F1,1,,,,,,2025-03-27
2025-03-27,2025-03-27,CM,BSE,STK,534139,INE839M01018,SCHNEIDER,A,,,,,SCHNEIDER ELECTRIC INFRASTRUCT,665.95,678.0,658.0,664.8,662.5,662.35,,664.65,,,44093,29369727.0,2256,F1,1,,,,,,2025-03-27
2025-03-27,2025-03-27,CM,BSE,STK,534190,INE550L01013,OLPCL,X,,,,,OLYMPIC CARDS LTD.,3.35,4.0,3.35,3.9,3.9,3.9,,3.9,,,5329,19304.0,24,F1,1,,,,,,2025-03-27
2025-03-27,2025-03-27,CM,BSE,STK,534309,INE095N01031,NBCC,A,,,,,NBCC (India) Limited,82.61,84.69,82.05,82.81,82.81,81.06,,82.71,,,1780948,148122971.0,9834,F1,1,,,,,,2025-03-27
2025-03-27,2025-03-27,CM,BSE,STK,534312,INE472M01018,MTEDUCARE,T,,,,,MT EDUCARE LTD.,2.18,2.18,1.98,2.01,2.1,2.08,,2.02,,,19443,39307.0,21,F1,1,,,,,,2025-03-27
2025-03-27,2025-03-27,CM,BSE,STK,534328,INE750M01017,HEXATRADEX,B,,,,,HEXA TRADEX LTD.,185.65,194.9,185.1,193.85,193.0,186.0,,192.85,,,1254,237082.0,125,F1,1,,,,,,2025-03-27
2025-03-27,2025-03-27,CM,BSE,STK,534338,INE393F01010,MAXHEIGHTS,XT,,,,,MAXHEIGHTS INFRASTRUCTURE LTD.,17.05,17.84,16.2,16.55,16.55,17.05,,16.55,,,32111,531299.0,16,F1,1,,,,,,2025-03-27
2025-03-27,2025-03-27,CM,BSE,STK,534369,INE760L01018,TBZ,B,,,,,TRIBHOVANDAS BHIMJI ZAVERI LTD,174.55,181.75,173.6,180.9,180.9,173.1,,180.75,,,16689,2973696.0,980,F1,1,,,,,,2025-03-27
2025-03-27,2025-03-27,CM,BSE,STK,534392,INE050M01012,VSSL,B,,,,,VARDHMAN SPECIAL STEELS LTD.,196.95,204.45,196.2,202.8,200.85,197.3,,203.25,,,5176,1039460.0,235,F1,1,,,,,,2025-03-27
2025-03-27,2025-03-27,CM,BSE,STK,534422,INE204N01013,LOOKS,X,,,,,LOOKS HEALTH SERVICES LIMITED,5.0,5.0,4.63,4.63,4.63,5.33,,4.63,,,7847,37392.0,15,F1,1,,,,,,2025-03-27
2025-03-27,2025-03-27,CM,BSE,STK,534425,INE247M01014,SPECIALITY,B,,,,,SPECIALITY RESTAURANTS LTD.,141.95,146.6,132.6,134.7,134.75,141.9,,134.65,,,13161,1811302.0,691,F1,1,,,,,,2025-03-27
2025-03-27,2025-03-27,CM,BSE,STK,534532,INE142K01011,LYPSAGEMS,B,,,,,LYPSA GEMS & JEWELLERY LTD,6.36,6.9,6.36,6.61,6.61,6.77,,6.56,,,21114,138222.0,69,F1,1,,,,,,2025-03-27
2025-03-27,2025-03-27,CM,BSE,STK,534597,INE834M01019,RTNINDIA,A,,,,,RATTANINDIA ENTERPRISES LIMITE,40.47,43.42,40.23,42.28,42.28,41.3,,42.31,,,873211,36634644.0,4923,F1,1,,,,,,2025-03-27
2025-03-27,2025-03-27,CM,BSE,STK,534598,INE735M01018,SAMPANN,T,,,,,Sampann Utpadan India Limited,25.68,27.99,25.68,26.61,26.61,27.03,,27.01,,,3693,100280.0,17,F1,1,,,,,,2025-03-27
2025-03-27,2025-03-27,CM,BSE,STK,534600,INE391J01032,JTLIND,B,,,,,JTL INDUSTRIES LIMITED,76.8,80.06,76.23,78.18,78.18,76.8,,78.34,,,215121,16760253.0,2319,F1,1,,,,,,2025-03-27
2025-03-27,2025-03-27,CM,BSE,STK,534612,INE436N01029,AMTL,X,,,,,ADVANCE METERING TECHNOLOGY LT,27.88,27.88,24.86,25.05,25.05,26.86,,25.05,,,31256,809775.0,165,F1,1,,,,,,2025-03-27
2025-03-27,2025-03-27,CM,BSE,STK,534615,INE553C01016,NECCLTD,B,,,,,NORTH EASTERN CARRYING CORPORA,20.51,22.45,20.51,20.76,20.76,21.02,,20.78,,,92730,1939901.0,688,F1,1,,,,,,2025-03-27
2025-03-27,2025-03-27,CM,BSE,STK,534618,INE299N01021,WAAREERTL,B,,,,,WAAREE RENEWABLE TECHNOLOGIES,917.0,943.0,890.0,898.8,898.8,920.1,,898.8,,,400537,368541833.0,14323,F1,1,,,,,,2025-03-27
2025-03-27,2025-03-27,CM,BSE,STK,534623,INE524N01014,JUPITERIN,X,,,,,JUPITER INFOMEDIA LTD.,43.27,43.27,41.0,41.75,41.5,43.06,,41.75,,,1964,81617.0,38,F1,1,,,,,,2025-03-27
2025-03-27,2025-03-27,CM,BSE,STK,534639,INE581M01016,VINAYAKPOL,X,,,,,VINAYAK POLYCON INTERNATIONAL,27.39,27.39,27.0,27.39,27.39,26.1,,27.39,,,173,4699.0,7,F1,1,,,,,,2025-03-27
2025-03-27,2025-03-27,CM,BSE,STK,534674,INE741L01018,DUCON,B,,,,,Ducon Infratechnologies Ltd,5.27,5.27,4.85,4.87,4.87,5.17,,4.87,,,325366,1630172.0,563,F1,1,,,,,,2025-03-27
2025-03-27,2025-03-27,CM,BSE,STK,534675,INE195N01013,PROZONER,T,,,,,PROZONE REALTY LIMITED,28.86,30.0,27.43,28.0,28.85,28.87,,28.18,,,76692,2190444.0,129,F1,1,,,,,,2025-03-27
2025-03-27,2025-03-27,CM,BSE,STK,534680,INE559N01010,SRGHFL,B,,,,,SRG HOUSING FINANCE LTD.,323.0,330.0,308.05,330.0,330.0,318.3,,330.05,,,626,195471.0,19,F1,1,,,,,,2025-03-27
2025-03-27,2025-03-27,CM,BSE,STK,534691,INE456N01019,COMCL,X,,,,,COMFORT COMMOTRADE LTD.,33.14,34.84,33.1,33.78,33.7,33.82,,33.78,,,12889,437650.0,95,F1,1,,,,,,2025-03-27
2025-03-27,2025-03-27,CM,BSE,STK,534708,INE892L01019,SHANTIGURU,MT,,,,,SHANTI GURU INDUSTRIES LIMITED,6.28,6.59,6.1,6.46,6.58,6.28,,6.46,,,126000,821700.0,36,F1,3000,,,,,,2025-03-27
2025-03-27,2025-03-27,CM,BSE,STK,534732,INE176N01021,CASPIAN,X,,,,,CASPIAN CORPORATE SERVICES LIM,6.5,6.54,5.7,6.01,6.22,6.28,,6.01,,,295877,1814185.0,536,F1,1,,,,,,2025-03-27
2025-03-27,2025-03-27,CM,BSE,STK,534733,INE175N01023,AERPACE,XT,,,,,Aerpace Industries Limited,24.56,24.56,24.56,24.56,24.56,25.06,,24.56,,,49910,1225789.0,122,F1,1,,,,,,2025-03-27
2025-03-27,2025-03-27,CM,BSE,STK,534741,INE247C01023,VIRTUALG,X,,,,,VIRTUAL GLOBAL EDUCATION LTD.,0.43,0.45,0.42,0.43,0.44,0.44,,0.43,,,1808667,783410.0,472,F1,1,,,,,,2025-03-27
2025-03-27,2025-03-27,CM,BSE,STK,534742,INE840M01016,ZUARI,B,,,,,ZUARI AGRO CHEMICALS LTD.,175.0,185.5,175.0,184.75,185.35,182.75,,184.9,,,30493,5570964.0,721,F1,1,,,,,,2025-03-27
2025-03-27,2025-03-27,CM,BSE,STK,534748,INE503B01021,STEELXIND,B,,,,,STEEL EXCHANGE INDIA LTD.,8.08,8.19,7.69,7.76,7.76,8.17,,7.77,,,877666,6962218.0,732,F1,1,,,,,,2025-03-27
2025-03-27,2025-03-27,CM,BSE,STK,534755,INE234G01022,TRIOMERC,X,,,,,TRIO MERCANTILE & TRADING LTD.,0.9,0.94,0.9,0.9,0.9,0.9,,0.9,,,16580,14982.0,27,F1,1,,,,,,2025-03-27
2025-03-27,2025-03-27,CM,BSE,STK,534758,INE675C01017,CIGNITITEC,A,,,,,CIGNITI TECHNOLOGIES LTD.,1444.1,1478.2,1435.5,1469.2,1476.55,1451.55,,1469.25,,,2492,3642285.0,427,F1,1,,,,,,2025-03-27
2025-03-27,2025-03-27,CM,BSE,STK,534796,INE198N01017,CDG,X,,,,,CDG PETCHEM LIMITED,37.4,37.4,37.4,37.4,37.4,35.62,,37.4,,,113,4226.0,4,F1,1,,,,,,2025-03-27
2025-03-27,2025-03-27,CM,BSE,STK,534804,INE752H01013,CARERATING,A,,,,,CARE Ratings Limited,1125.0,1127.9,1088.45,1098.6,1105.65,1108.25,,1098.5,,,1483,1636611.0,176,F1,1,,,,,,2025-03-27
2025-03-27,2025-03-27,CM,BSE,STK,534809,INE785M01021,PCJEWELLER,B,,,,,PC JEWELLER LTD.,12.45,13.8,12.38,13.73,13.73,12.61,,13.72,,,4314580,56816354.0,4643,F1,1,,,,,,2025-03-27
2025-03-27,2025-03-27,CM,BSE,STK,534816,INE121J01017,INDUSTOWER,A,,,,,INDUS TOWERS LIMITED,338.9,341.25,334.95,338.55,338.55,339.25,,338.4,,,148597,50264054.0,3539,F1,1,,,,,,2025-03-27
2025-03-27,2025-03-27,CM,BSE,STK,534976,INE665J01013,VMART,A,,,,,V-MART RETAIL LTD.,2895.0,2933.55,2821.1,2904.55,2890.0,2889.3,,2899.45,,,1411,4079746.0,504,F1,1,,,,,,2025-03-27
2025-03-27,2025-03-27,CM,BSE,STK,535136,INE149O01018,NIBE,B,,,,,NIBE LIMITED,1080.25,1080.25,977.45,995.65,995.65,1028.85,,992.3,,,41364,41975376.0,2181,F1,1,,,,,,2025-03-27
2025-03-27,2025-03-27,CM,BSE,STK,535204,INE160O01031,MUKTA,X,,,,,Mukta Agriculture Limited,3.72,3.82,3.64,3.81,3.81,3.64,,3.81,,,85922,325427.0,76,F1,1,,,,,,2025-03-27
2025-03-27,2025-03-27,CM,BSE,STK,535205,INE159O01033,MYSTICELE,XT,,,,,Mystic Electronics Limited,2.79,2.85,2.6,2.74,2.74,2.72,,2.74,,,62851,172947.0,70,F1,1,,,,,,2025-03-27
2025-03-27,2025-03-27,CM,BSE,STK,535267,INE274M01026,COMFINCAP,X,,,,,COMFORT FINCAP LTD.,8.95,8.95,8.25,8.52,8.6,8.66,,8.52,,,24388,208097.0,116,F1,1,,,,,,2025-03-27
2025-03-27,2025-03-27,CM,BSE,STK,535276,INF200K01VT2,SBISENSEX,A,,,,,SBI MUTUAL FUND - SBI ETF SENS,849.11,852.98,838.02,848.42,849.0,845.41,,848.42,,,2075,1759244.0,139,F1,1,,,,,,2025-03-27
2025-03-27,2025-03-27,CM,BSE,STK,535279,INE583M01012,BMAL,M,,,,,BOTHRA METALS & ALLOYS LTD.,11.55,11.55,11.55,11.55,11.55,12.15,,11.55,,,4000,46200.0,1,F1,4000,,,,,,2025-03-27
2025-03-27,2025-03-27,CM,BSE,STK,535322,INE612J01015,REPCOHOME,A,,,,,REPCO HOME FINANCE LTD.,329.0,341.85,327.55,335.05,335.05,334.8,,335.55,,,16432,5487055.0,711,F1,1,,,,,,2025-03-27
2025-03-27,2025-03-27,CM,BSE,STK,535387,INE191O01010,LAKHOTIA,XT,,,,,LAKHOTIA POLYESTERS (INDIA) LT,42.0,42.0,41.99,41.99,41.99,42.0,,41.99,,,2,83.0,2,F1,1,,,,,,2025-03-27
2025-03-27,2025-03-27,CM,BSE,STK,535431,INE168O01026,GCMSECU,B,,,,,GCM SECURITIES LTD,0.87,0.9,0.73,0.85,0.86,0.86,,0.85,,,443545,372408.0,311,F1,1,,,,,,2025-03-27
2025-03-27,2025-03-27,CM,BSE,STK,535458,INE047O01014,NIBL,B,,,,,NRB INDUSTRIAL BEARINGS LTD.,23.97,23.97,21.5,21.73,21.73,22.71,,21.52,,,5295,117049.0,87,F1,1,,,,,,2025-03-27
2025-03-27,2025-03-27,CM,BSE,STK,535514,INE748D01010,PRIMECAPM,X,,,,,PRIME CAPITAL MARKET LTD.,7.53,7.53,7.53,7.53,7.53,7.5,,7.53,,,10,75.0,2,F1,1,,,,,,2025-03-27
2025-03-27,2025-03-27,CM,BSE,STK,535566,INE902D01013,KIFS,XT,,,,,KIFS FINANCIAL SERVICES LTD.,113.75,113.75,103.3,104.1,104.1,108.4,,104.1,,,93,9690.0,12,F1,1,,,,,,2025-03-27
2025-03-27,2025-03-27,CM,BSE,STK,535601,INE099F01013,SREEL,B,,,,,SREELEATHERS LTD.,224.9,260.0,213.95,227.5,224.0,224.9,,224.05,,,1946,431949.0,116,F1,1,,,,,,2025-03-27
2025-03-27,2025-03-27,CM,BSE,STK,535602,INE597I01028,SHARDAMOTR,B,,,,,SHARDA MOTOR INDUSTRIES LTD,1601.0,1645.9,1541.75,1578.9,1583.25,1614.15,,1580.3,,,5318,8477947.0,883,F1,1,,,,,,2025-03-27
2025-03-27,2025-03-27,CM,BSE,STK,535621,INE159L01013,SVGLOBAL,X,,,,,S V GLOBAL MILL LTD.,130.0,130.0,119.0,129.85,130.0,124.35,,129.85,,,2505,324491.0,14,F1,1,,,,,,2025-03-27
2025-03-27,2025-03-27,CM,BSE,STK,535647,INE807O01011,SDC,M,,,,,SDC TECHMEDIA LIMITED,5.41,6.0,5.41,6.0,6.0,6.0,,6.0,,,40000,222300.0,2,F1,10000,,,,,,2025-03-27
2025-03-27,2025-03-27,CM,BSE,STK,535648,INE599M01018,JUSTDIAL,A,,,,,JUST DIAL LTD.,830.85,854.25,826.5,845.1,842.0,830.95,,843.75,,,14648,12310730.0,984,F1,1,,,,,,2025-03-27
2025-03-27,2025-03-27,CM,BSE,STK,535657,INE860E01011,OONE,X,,,,,OBJECTONE INFORMATION SYSTEMS,8.85,8.99,8.55,8.91,8.92,8.88,,8.91,,,8181,72086.0,31,F1,1,,,,,,2025-03-27
2025-03-27,2025-03-27,CM,BSE,STK,535693,INE320I01017,BRAHMINFRA,X,,,,,BRAHMAPUTRA INFRASTRUCTURE LTD,42.8,42.8,37.04,38.4,38.4,42.36,,38.4,,,110719,4390060.0,330,F1,1,,,,,,2025-03-27
2025-03-27,2025-03-27,CM,BSE,STK,535719,INE989J01017,AMPVOLTS,XT,,,,,AMPVOLTS LIMITED,27.69,27.69,27.69,27.69,27.69,28.25,,27.69,,,2163,59893.0,10,F1,1,,,,,,2025-03-27
2025-03-27,2025-03-27,CM,BSE,STK,535730,INE731G01027,KHOOBSURAT,X,,,,,KHOOBSURAT LTD,0.47,0.47,0.43,0.44,0.44,0.47,,0.44,,,4407598,1944686.0,1388,F1,1,,,,,,2025-03-27
2025-03-27,2025-03-27,CM,BSE,STK,535754,INE876N01018,ORIENTCEM,A,,,,,ORIENT CEMENT LTD,338.75,340.55,336.3,337.95,337.65,336.75,,338.2,,,20788,7020270.0,310,F1,1,,,,,,2025-03-27
2025-03-27,2025-03-27,CM,BSE,STK,535755,INE647O01011,ABFRL,A,,,,,Aditya Birla Fashion and Retai,255.05,259.5,253.35,256.35,257.65,257.3,,256.25,,,104318,26716952.0,1372,F1,1,,,,,,2025-03-27
2025-03-27,2025-03-27,CM,BSE,STK,535789,INE148I01020,SAMMAANCAP,A,,,,,Sammaan Capital Limited,110.3,111.25,108.85,109.95,109.95,110.2,,110.0,,,1732755,190263464.0,2856,F1,1,,,,,,2025-03-27
2025-03-27,2025-03-27,CM,BSE,STK,535910,INE340O01021,MMLF,T,,,,,MONEY MASTERS LEASING & FINANC,2.22,2.22,2.06,2.06,2.06,2.16,,2.06,,,149977,309299.0,138,F1,1,,,,,,2025-03-27
2025-03-27,2025-03-27,CM,BSE,STK,535916,INE030P01017,ALSL,T,,,,,ALACRITY SECURITIES LTD,67.0,69.0,64.5,64.99,64.99,66.91,,64.99,,,65095,4318071.0,104,F1,1,,,,,,2025-03-27
2025-03-27,2025-03-27,CM,BSE,STK,535917,INE200P01016,GCMCOMM,M,,,,,GCM COMMODITY & DERIVATIVES LT,5.7,5.7,5.42,5.42,5.42,5.7,,5.42,,,18000,100920.0,3,F1,6000,,,,,,2025-03-27
2025-03-27,2025-03-27,CM,BSE,STK,535958,INE418N01035,ESSENTIA,B,,,,,Integra Essentia Limited,2.28,2.3,2.15,2.17,2.17,2.27,,2.16,,,2510807,5555828.0,1831,F1,1,,,,,,2025-03-27
2025-03-27,2025-03-27,CM,BSE,STK,536073,INE890N01027,JULIEN,X,,,,,JULIEN AGRO INFRATECH LIMITED,8.13,8.48,7.34,7.66,7.66,8.3,,7.66,,,433622,3261295.0,754,F1,1,,,,,,2025-03-27
2025-03-27,2025-03-27,CM,BSE,STK,536264,INE906O01029,TIGERLOGS,X,,,,,TIGER LOGISTICS (INDIA) LTD,47.0,51.0,47.0,50.03,50.03,46.97,,50.03,,,434506,21277690.0,807,F1,1,,,,,,2025-03-27
2025-03-27,2025-03-27,CM,BSE,STK,536493,INE690O01011,JK AGRI,X,,,,,JK AGRI GENETICS LTD,353.0,360.0,331.25,336.1,339.0,353.1,,336.1,,,4633,1583491.0,101,F1,1,,,,,,2025-03-27
2025-03-27,2025-03-27,CM,BSE,STK,536507,INE452O01016,FLFL,Z,,,,,FUTURE LIFESTYLE FASHIONS LTD,1.33,1.35,1.27,1.3,1.29,1.33,,1.3,,,57321,74262.0,70,F1,1,,,,,,2025-03-27
2025-03-27,2025-03-27,CM,BSE,STK,536659,INE428B01013,PVVINFRA,X,,,,,PVV Infra Limited,4.64,4.78,4.41,4.43,4.43,4.64,,4.43,,,519293,2391963.0,555,F1,1,,,,,,2025-03-27
2025-03-27,2025-03-27,CM,BSE,STK,536672,INE962O01014,VCU,X,,,,,VCU DATA MANAGEMENT LTD,5.84,6.03,5.81,5.82,5.82,5.84,,5.82,,,21082,123602.0,84,F1,1,,,,,,2025-03-27
2025-03-27,2025-03-27,CM,BSE,STK,536709,INE138O01029,INDRENEW,X,,,,,IND Renewable Energy Ltd,10.65,11.09,10.2,10.4,10.56,10.65,,10.4,,,45291,484115.0,148,F1,1,,,,,,2025-03-27
2025-03-27,2025-03-27,CM,BSE,STK,536710,INE326P01019,SRGSFL,M,,,,,S R G SECURITIES FINANCE LTD,26.6,29.4,26.6,29.4,29.4,28.0,,29.4,,,210000,6149400.0,26,F1,3000,,,,,,2025-03-27
2025-03-27,2025-03-27,CM,BSE,STK,536773,INE147P01019,JPOLYINVST,B,,,,,JINDAL POLY INVESTMENT AND FIN,678.7,699.95,674.45,693.2,699.95,685.05,,689.0,,,651,446003.0,83,F1,1,,,,,,2025-03-27
2025-03-27,2025-03-27,CM,BSE,STK,536846,INE156M01017,YURANUS,XT,,,,,YURANUS INFRASTRUCTURE LTD,68.8,75.6,68.75,75.6,75.6,72.36,,75.6,,,830,57432.0,11,F1,1,,,,,,2025-03-27
2025-03-27,2025-03-27,CM,BSE,STK,536960,INF247L01023,MOM100,B,,,,,MOTILAL OSWAL MUTUAL FUND - MO,55.45,56.0,54.93,55.73,56.0,55.36,,55.62,,,4975,276475.0,250,F1,1,,,,,,2025-03-27
2025-03-27,2025-03-27,CM,BSE,STK,536974,INE536P01021,CPL,XT,,,,,CAPTAIN POLYPLAST LTD,86.43,86.43,82.04,82.04,82.04,86.35,,82.04,,,49018,4051183.0,367,F1,1,,,,,,2025-03-27
2025-03-27,2025-03-27,CM,BSE,STK,537007,INF109K012R6,NIFTYIETF,B,,,,,ICICI Prudential Nifty ETF,262.0,262.97,261.67,262.32,262.75,261.75,,262.4,,,7207,1891684.0,152,F1,1,,,,,,2025-03-27
2025-03-27,2025-03-27,CM,BSE,STK,537008,INF109KC16V9,NIF100IETF,B,,,,,ICICI Prudential Nifty 100 ETF,25.96,26.99,25.96,26.74,26.99,26.52,,26.58,,,2195,58585.0,58,F1,1,,,,,,2025-03-27
2025-03-27,2025-03-27,CM,BSE,STK,537069,INE185K01036,ARNOLD,X,,,,,ARNOLD HOLDINGS LTD,31.9,32.1,29.28,31.71,31.97,30.82,,31.71,,,162665,4860735.0,159,F1,1,,,,,,2025-03-27
2025-03-27,2025-03-27,CM,BSE,STK,537253,INE671C01016,SUNLOC,X,,,,,SUNIL HEALTHCARE LTD,68.6,70.0,65.0,68.43,65.3,70.0,,68.43,,,3028,207220.0,14,F1,1,,,,,,2025-03-27
2025-03-27,2025-03-27,CM,BSE,STK,537259,INE442P01014,SUYOG,T,,,,,SUYOG TELEMATICS LTD,842.7,864.0,820.0,831.1,831.1,842.7,,832.95,,,13028,10930273.0,349,F1,1,,,,,,2025-03-27
2025-03-27,2025-03-27,CM,BSE,STK,537291,INE448G01010,NATHBIOGEN,B,,,,,NATH BIO-GENES (INDIA) LTD,145.35,151.45,144.35,147.55,147.5,148.7,,147.65,,,7232,1072158.0,357,F1,1,,,,,,2025-03-27
2025-03-27,2025-03-27,CM,BSE,STK,537292,INE449G01018,AGRITECH,B,,,,,AGRI- TECH (INDIA) LTD,140.0,140.0,135.45,135.5,135.45,137.1,,135.5,,,965,133056.0,152,F1,1,,,,,,2025-03-27
2025-03-27,2025-03-27,CM,BSE,STK,537326,INE212P01011,CHEMTECH,X,,,,,CHEMTECH INDUSTRIAL VALVES LTD,117.8,118.0,110.9,112.95,112.95,116.7,,112.95,,,41141,4672832.0,341,F1,1,,,,,,2025-03-27
2025-03-27,2025-03-27,CM,BSE,STK,537483,INF204K014N5,NIF100BEES,B,,,,,NIPPON INDIA ETF NIFTY 100,252.47,254.52,250.44,253.32,254.1,252.6,,253.23,,,2008,508325.0,152,F1,1,,,,,,2025-03-27
2025-03-27,2025-03-27,CM,BSE,STK,537536,INE051G01012,DENISCHEM,X,,,,,DENIS CHEM LAB LTD,96.85,96.85,91.2,92.25,92.45,95.75,,92.25,,,19864,1848523.0,295,F1,1,,,,,,2025-03-27
2025-03-27,2025-03-27,CM,BSE,STK,537573,INE826P01018,POLYMAC,M,,,,,POLYMAC THERMOFORMERS LTD,12.0,12.0,12.0,12.0,12.0,12.41,,12.0,,,800,9600.0,1,F1,800,,,,,,2025-03-27
2025-03-27,2025-03-27,CM,BSE,STK,537582,INE210P01015,UNISHIRE,M,,,,,UNISHIRE URBAN INFRA LTD,2.3,2.45,2.18,2.23,2.23,2.39,,2.23,,,160000,363600.0,11,F1,10000,,,,,,2025-03-27
2025-03-27,2025-03-27,CM,BSE,STK,537707,INE546I01017,ETT,X,,,,,ETT LTD,12.59,13.49,12.59,13.12,13.12,13.0,,13.12,,,437982,5650618.0,203,F1,1,,,,,,2025-03-27
2025-03-27,2025-03-27,CM,BSE,STK,537708,INF174K014P6,NIFTY1,B,,,,,KOTAK MAHINDRA MUTUAL FUND - K,256.89,257.98,254.8,256.95,257.98,256.59,,256.89,,,6798,1745653.0,151,F1,1,,,,,,2025-03-27
2025-03-27,2025-03-27,CM,BSE,STK,537709,INE101H01013,HANSUGAR,XT,,,,,SHREE HANUMAN SUGAR & INDUSTRI,5.48,5.5,5.25,5.45,5.45,5.48,,5.45,,,15720,84188.0,90,F1,1,,,,,,2025-03-27
2025-03-27,2025-03-27,CM,BSE,STK,537750,INE555P01013,KIRANVYPAR,X,,,,,KIRAN VYAPAR LTD,202.5,202.5,182.0,182.85,182.85,195.6,,182.85,,,17282,3292865.0,205,F1,1,,,,,,2025-03-27
2025-03-27,2025-03-27,CM,BSE,STK,537766,INE905P01028,BCP,XT,,,,,B.C. POWER CONTROLS LTD,1.81,1.87,1.72,1.75,1.75,1.81,,1.75,,,448146,794823.0,471,F1,1,,,,,,2025-03-27
2025-03-27,2025-03-27,CM,BSE,STK,537785,INE084Q01012,RACE,B,,,,,RACE ECO CHAIN LIMITED,247.6,260.0,241.0,252.9,250.0,249.5,,251.05,,,6527,1635873.0,448,F1,1,,,,,,2025-03-27
2025-03-27,2025-03-27,CM,BSE,STK,537800,INE717C01025,MANGIND,XT,,,,,MANGALAM INDUSTRIAL FINANCE LT,1.77,1.79,1.69,1.69,1.69,1.77,,1.69,,,2422018,4116738.0,1666,F1,1,,,,,,2025-03-27
2025-03-27,2025-03-27,CM,BSE,STK,537820,INE159N01027,VIJIFIN,B,,,,,VIJI FINANCE LTD,2.35,2.35,2.21,2.21,2.21,2.32,,2.21,,,13516,30158.0,80,F1,1,,,,,,2025-03-27
2025-03-27,2025-03-27,CM,BSE,STK,537839,INE977M01024,PHOENIXTN,X,,,,,PHOENIX TOWNSHIP LTD,240.05,248.0,239.0,247.9,248.0,246.2,,247.9,,,1551,380182.0,25,F1,1,,,,,,2025-03-27
2025-03-27,2025-03-27,CM,BSE,STK,537985,INE463B01036,INFRONICS,X,,,,,INFRONICS SYSTEMS LTD,39.0,39.0,36.0,37.3,37.3,38.48,,37.3,,,25894,965881.0,104,F1,1,,,,,,2025-03-27
2025-03-27,2025-03-27,CM,BSE,STK,538057,INF457M01133,CPSEETF,A,,,,,CPSE ETF,87.35,87.4,85.86,87.25,87.38,86.39,,87.27,,,343584,29861781.0,1525,F1,1,,,,,,2025-03-27
2025-03-27,2025-03-27,CM,BSE,STK,538081,INE493N01012,HARIAAPL,X,,,,,HARIA APPARELS LTD,5.38,5.5,5.38,5.5,5.5,5.38,,5.5,,,21226,115513.0,19,F1,1,,,,,,2025-03-27
2025-03-27,2025-03-27,CM,BSE,STK,538092,INE574G01013,VASUPRADA,X,,,,,SHRI VASUPRADA PLANTATIONS LIM,116.05,119.0,110.4,114.95,114.95,116.05,,114.95,,,333,38081.0,13,F1,1,,,,,,2025-03-27
2025-03-27,2025-03-27,CM,BSE,STK,538119,INE012Q01021,RNBDENIMS,X,,,,,R&B DENIMS LTD,87.1,89.71,84.0,88.48,89.25,87.15,,88.48,,,11539,1018488.0,116,F1,1,,,,,,2025-03-27
2025-03-27,2025-03-27,CM,BSE,STK,538212,INE909D01026,SHARPINV,X,,,,,SHARP INVESTMENTS LTD,0.75,0.82,0.7,0.79,0.79,0.69,,0.79,,,2378751,1803908.0,647,F1,1,,,,,,2025-03-27
2025-03-27,2025-03-27,CM,BSE,STK,538268,INE066O01014,WONDERLA,B,,,,,WONDERLA HOLIDAYS LTD,658.85,666.5,653.15,663.45,663.65,661.15,,662.1,,,2249,1484808.0,269,F1,1,,,,,,2025-03-27
2025-03-27,2025-03-27,CM,BSE,STK,538273,INE401B01010,RESPONSINF,X,,,,,RESPONSE INFORMATICS LTD,39.0,39.99,37.05,38.89,39.99,39.0,,38.89,,,5526,208523.0,23,F1,1,,,,,,2025-03-27
2025-03-27,2025-03-27,CM,BSE,STK,538319,INE191P01017,GCMCAPI,M,,,,,GCM CAPITAL ADVISORS LTD,4.05,4.29,4.05,4.29,4.29,4.3,,4.29,,,21000,85290.0,2,F1,1000,,,,,,2025-03-27
2025-03-27,2025-03-27,CM,BSE,STK,538351,INE663P01015,AFEL,X,,,,,A.F. ENTERPRISES LTD,7.03,7.75,7.03,7.05,7.05,7.39,,7.05,,,126529,891207.0,261,F1,1,,,,,,2025-03-27
2025-03-27,2025-03-27,CM,BSE,STK,538365,INE452L01012,INCREDIBLE,B,,,,,INCREDIBLE INDUSTRIES LIMITED,38.5,38.5,35.4,35.4,35.4,34.51,,34.9,,,325,11899.0,7,F1,1,,,,,,2025-03-27
2025-03-27,2025-03-27,CM,BSE,STK,538382,INE266P01017,WESTLEIRES,X,,,,,WEST LEISURE RESORTS LTD,169.0,169.0,168.95,168.95,168.95,161.65,,168.95,,,3,506.0,3,F1,1,,,,,,2025-03-27
2025-03-27,2025-03-27,CM,BSE,STK,538401,INE318N01011,METSL,XT,,,,,MAESTROS ELECTRONICS & TELECOM,151.95,151.95,138.4,138.75,138.75,145.65,,138.75,,,31173,4368674.0,147,F1,1,,,,,,2025-03-27
2025-03-27,2025-03-27,CM,BSE,STK,538422,INE508N01025,JACKSON,X,,,,,JACKSON INVESTMENTS LTD,0.66,0.66,0.62,0.63,0.65,0.66,,0.63,,,352515,220438.0,549,F1,1,,,,,,2025-03-27
2025-03-27,2025-03-27,CM,BSE,STK,538446,INE296Q01012,MONEYBOXX,X,,,,,MONEYBOXX FINANCE LIMITED,225.85,226.0,215.05,219.55,219.55,220.25,,219.55,,,31069,6840944.0,148,F1,1,,,,,,2025-03-27
2025-03-27,2025-03-27,CM,BSE,STK,538451,INE114O01020,WORTH,XT,,,,,WORTH INVESTMENT & TRADING CO,18.0,18.5,18.0,18.5,18.5,18.2,,18.5,,,19074,347757.0,49,F1,1,,,,,,2025-03-27
2025-03-27,2025-03-27,CM,BSE,STK,538452,INE855P01041,QUASAR,XT,,,,,QUASAR INDIA LTD,0.89,0.89,0.89,0.89,0.89,0.9,,0.89,,,119292,106169.0,117,F1,1,,,,,,2025-03-27
2025-03-27,2025-03-27,CM,BSE,STK,538464,INE901C01017,TPROJECT,X,,,,,THIRANI PROJECTS LTD,3.71,3.99,3.65,3.99,3.99,3.71,,3.99,,,6393,24765.0,17,F1,1,,,,,,2025-03-27
2025-03-27,2025-03-27,CM,BSE,STK,538465,INE745P01010,AMARSEC,XT,,,,,AMARNATH SECURITIES LTD,13.55,13.55,13.51,13.51,13.51,13.55,,13.51,,,9234,125085.0,15,F1,1,,,,,,2025-03-27
2025-03-27,2025-03-27,CM,BSE,STK,538476,INE172D01021,CTL,X,,,,,CAPITAL TRADE LINKS LTD,44.4,44.5,43.5,44.18,44.0,43.62,,44.18,,,80813,3540868.0,577,F1,1,,,,,,2025-03-27
2025-03-27,2025-03-27,CM,BSE,STK,538521,INE969E01010,YAANENT,X,,,,,YAAN ENTERPRISES LIMITED,68.5,70.19,67.02,68.24,67.02,70.54,,68.24,,,652,45158.0,19,F1,1,,,,,,2025-03-27
2025-03-27,2025-03-27,CM,BSE,STK,538537,INE378P01036,OMANSH,XT,,,,,OMANSH ENTERPRISES LTD,12.64,12.64,12.64,12.64,12.64,12.4,,12.64,,,1,12.0,1,F1,1,,,,,,2025-03-27
2025-03-27,2025-03-27,CM,BSE,STK,538539,INE075K01013,ANVRDHI,X,,,,,ANNVRRIDHHI VENTURES LIMITED,17.0,17.0,15.1,15.96,16.0,16.58,,15.96,,,71141,1142817.0,275,F1,1,,,,,,2025-03-27
2025-03-27,2025-03-27,CM,BSE,STK,538540,INE516P01015,RLFL,X,,,,,RAMCHANDRA LEASING & FINANCE L,3.86,4.06,3.86,3.86,3.86,4.06,,3.86,,,128007,495016.0,172,F1,1,,,,,,2025-03-27
2025-03-27,2025-03-27,CM,BSE,STK,538542,INE634J01019,GOLDCOINHF,X,,,,,GOLD COIN HEALTH FOODS LTD,9.32,9.75,9.32,9.33,9.33,9.32,,9.33,,,2165,20717.0,24,F1,1,,,,,,2025-03-27
2025-03-27,2025-03-27,CM,BSE,STK,538546,INE319Q01012,BRPL,B,,,,,BANSAL ROOFING PRODUCTS LTD,99.97,102.85,97.0,100.05,101.15,98.5,,100.05,,,19388,1923354.0,163,F1,1,,,,,,2025-03-27
2025-03-27,2025-03-27,CM,BSE,STK,538562,INE439E01022,SKIPPER,B,,,,,SKIPPER LTD,452.0,458.9,444.2,449.05,449.0,455.0,,449.35,,,60801,27401737.0,2509,F1,1,,,,,,2025-03-27
2025-03-27,2025-03-27,CM,BSE,STK,538564,INE718P01017,JAMESWARREN,X,,,,,JAMES WARREN TEA LTD,265.15,265.15,255.55,257.2,256.0,265.15,,257.2,,,2696,700296.0,69,F1,1,,,,,,2025-03-27
2025-03-27,2025-03-27,CM,BSE,STK,538565,INE878P01019,VISTARAMAR,X,,,,,Vistar Amar Limited,118.25,123.8,118.25,118.25,118.25,118.25,,118.25,,,4337,515182.0,33,F1,1,,,,,,2025-03-27
2025-03-27,2025-03-27,CM,BSE,STK,538567,INE635Q01029,GULFOILLUB,A,,,,,GULF OIL LUBRICANTS INDIA LTD,1169.1,1195.15,1160.0,1170.45,1169.05,1171.6,,1171.5,,,8966,10531191.0,1429,F1,1,,,,,,2025-03-27
2025-03-27,2025-03-27,CM,BSE,STK,538568,INE836C01015,FRUTION,X,,,,,FRUITION VENTURE LTD,44.48,44.48,44.48,44.48,44.48,46.82,,44.48,,,129,5737.0,2,F1,1,,,,,,2025-03-27
2025-03-27,2025-03-27,CM,BSE,STK,538569,INE916P01025,TRIVENIENT,X,,,,,TRIVENI ENTERPRISES LTD,2.21,2.28,2.06,2.21,2.21,2.2,,2.21,,,57780,126927.0,196,F1,1,,,,,,2025-03-27
2025-03-27,2025-03-27,CM,BSE,STK,538596,INE222B01028,CEMAINFRA,XT,,,,,CEMANTIC INFRA-TECH LIMITED,5.25,5.51,4.99,4.99,5.2,5.25,,4.99,,,3930,19995.0,26,F1,1,,,,,,2025-03-27
2025-03-27,2025-03-27,CM,BSE,STK,538597,INE404F01031,TTIENT,X,,,,,TTI ENTERPRISE LTD,10.05,10.2,9.61,9.76,9.7,10.05,,9.76,,,16201,159412.0,46,F1,1,,,,,,2025-03-27
2025-03-27,2025-03-27,CM,BSE,STK,538598,INE755Q01025,VISHAL,X,,,,,VISHAL FABRICS LTD,29.69,29.69,28.02,28.39,28.39,28.55,,28.39,,,205209,5871728.0,495,F1,1,,,,,,2025-03-27
2025-03-27,2025-03-27,CM,BSE,STK,538607,INE457P01020,TOYAMSL,XT,,,,,TOYAM SPORTS LIMITED,1.15,1.15,1.13,1.13,1.13,1.18,,1.13,,,2139299,2426752.0,995,F1,1,,,,,,2025-03-27
2025-03-27,2025-03-27,CM,BSE,STK,538609,INE868G01019,GAJANANSEC,X,,,,,GAJANAN SECURITIES SERVICES LT,94.73,94.73,85.71,88.12,88.0,90.22,,88.12,,,287,25404.0,10,F1,1,,,,,,2025-03-27
2025-03-27,2025-03-27,CM,BSE,STK,538610,INE099D01018,UNISON,X,,,,,UNISON METALS LTD,22.75,22.75,22.06,22.06,22.06,22.8,,22.06,,,16275,360432.0,68,F1,1,,,,,,2025-03-27
2025-03-27,2025-03-27,CM,BSE,STK,538611,INE840I01014,RTFL,Z,,,,,Real Touch Finance Limited,39.4,40.0,39.05,39.37,39.4,41.1,,39.37,,,3525,138795.0,10,F1,1,,,,,,2025-03-27
2025-03-27,2025-03-27,CM,BSE,STK,538634,INE406F01010,VRL,X,,,,,VASUNDHARA RASAYANS LTD,241.85,258.0,229.0,232.2,229.0,241.85,,232.2,,,6160,1481156.0,207,F1,1,,,,,,2025-03-27
2025-03-27,2025-03-27,CM,BSE,STK,538635,INE734N01019,SNOWMAN,B,,,,,SNOWMAN LOGISTICS LTD,45.5,46.34,44.75,45.38,45.1,45.03,,45.37,,,125323,5689469.0,1497,F1,1,,,,,,2025-03-27
2025-03-27,2025-03-27,CM,BSE,STK,538646,INE837C01013,QGO,X,,,,,QGO FINANCE LIMITED,61.99,62.99,61.0,61.27,61.5,62.16,,61.27,,,7689,475400.0,65,F1,1,,,,,,2025-03-27
2025-03-27,2025-03-27,CM,BSE,STK,538647,INE729C01020,PURSHOTTAM,XT,,,,,PURSHOTTAM INVESTOFIN LTD,39.37,39.37,39.37,39.37,39.37,41.38,,39.37,,,350,13779.0,2,F1,1,,,,,,2025-03-27
2025-03-27,2025-03-27,CM,BSE,STK,538666,INE221J01015,SHARDACROP,B,,,,,Sharda Cropchem Limited,562.3,610.0,562.05,604.7,601.55,562.25,,605.5,,,23038,13548298.0,1249,F1,1,,,,,,2025-03-27
2025-03-27,2025-03-27,CM,BSE,STK,538668,INE898Q01015,MIIL,B,,,,,Meghna Infracon Infrastructure,820.45,834.95,811.15,832.35,833.95,831.75,,832.35,,,19191,15764892.0,179,F1,1,,,,,,2025-03-27
2025-03-27,2025-03-27,CM,BSE,STK,538674,INE158C01014,CITYONLINE,Z,,,,,City Online Services Limited,6.14,6.14,6.14,6.14,6.14,5.85,,6.14,,,159,976.0,10,F1,1,,,,,,2025-03-27
2025-03-27,2025-03-27,CM,BSE,STK,538683,INF204KA1UN7,SENSEXBEES,A,,,,,NIPPON INDIA ETF SENSEX,872.18,880.66,872.18,878.81,878.42,873.74,,878.81,,,2566,2253660.0,112,F1,1,,,,,,2025-03-27
2025-03-27,2025-03-27,CM,BSE,STK,538685,INE363M01019,SHEMAROO,T,,,,,SHEMAROO ENTERTAINMENT LIMITED,95.6,101.0,94.35,94.35,94.35,99.3,,94.55,,,16195,1546042.0,143,F1,1,,,,,,2025-03-27
2025-03-27,2025-03-27,CM,BSE,STK,538706,INE010R01023,ULTRACAB,X,,,,,Ultracab (India) Limited,11.23,11.23,9.95,10.02,10.02,10.49,,10.02,,,3486896,35509647.0,3700,F1,1,,,,,,2025-03-27
2025-03-27,2025-03-27,CM,BSE,STK,538707,INE929D01016,RCCL,X,,,,,Rajasthan Cylinders & Containe,36.33,37.8,33.35,35.65,35.65,35.57,,35.65,,,1796,61196.0,27,F1,1,,,,,,2025-03-27
2025-03-27,2025-03-27,CM,BSE,STK,538708,INE937K01014,ETIL,X,,,,,Econo Trade (India) Limited,6.33,6.33,6.05,6.3,6.3,6.33,,6.3,,,27234,169731.0,57,F1,1,,,,,,2025-03-27
2025-03-27,2025-03-27,CM,BSE,STK,538713,INE011R01013,ATISHAY,X,,,,,Atishay Limited,196.05,197.45,188.0,196.65,197.45,188.05,,196.65,,,50894,9895639.0,315,F1,1,,,,,,2025-03-27
2025-03-27,2025-03-27,CM,BSE,STK,538714,INE475D01010,SANGAMFIN,XT,,,,,Sangam Finserv Limited,37.33,41.25,37.33,39.04,39.7,39.29,,39.04,,,23589,935651.0,131,F1,1,,,,,,2025-03-27
2025-03-27,2025-03-27,CM,BSE,STK,538715,INE260R01016,DHABRIYA,X,,,,,Dhabriya Polywood Limited,369.0,369.0,340.3,344.75,344.75,362.2,,344.75,,,22734,7905490.0,219,F1,1,,,,,,2025-03-27
2025-03-27,2025-03-27,CM,BSE,STK,538730,INE111Q01021,PDSL,B,,,,,PDS LIMITED,437.3,443.95,431.0,434.7,433.55,441.1,,435.8,,,2489,1090701.0,160,F1,1,,,,,,2025-03-27
2025-03-27,2025-03-27,CM,BSE,STK,538731,INE982Q01017,HANMAN,M,,,,,HANMAN FIT LIMITED,3.3,3.35,3.3,3.35,3.35,3.05,,3.35,,,12600,41790.0,3,F1,4200,,,,,,2025-03-27
2025-03-27,2025-03-27,CM,BSE,STK,538732,INE761Q01015,VGCL,X,,,,,Vibrant Global Capital Limited,38.99,39.47,37.0,39.01,39.0,38.21,,39.01,,,143866,5510935.0,242,F1,1,,,,,,2025-03-27
2025-03-27,2025-03-27,CM,BSE,STK,538734,INE016Q01014,CEINSYSTECH,B,,,,,CEINSYS TECH LIMITED,1490.0,1491.0,1390.3,1405.4,1405.4,1452.85,,1405.4,,,49241,70185454.0,1795,F1,1,,,,,,2025-03-27
2025-03-27,2025-03-27,CM,BSE,STK,538743,INE491C01027,MUDUNURU,X,,,,,Mudunuru Limited,7.39,7.39,6.69,7.21,7.21,7.04,,7.21,,,5794,42471.0,9,F1,1,,,,,,2025-03-27
2025-03-27,2025-03-27,CM,BSE,STK,538765,INE401Q01018,JSHL,MT,,,,,JLA Infraville Shoppers Limite,5.7,5.7,5.7,5.7,5.7,5.78,,5.7,,,15000,85500.0,1,F1,5000,,,,,,2025-03-27
2025-03-27,2025-03-27,CM,BSE,STK,538770,INE176L01017,CRANEINFRA,X,,,,,Crane Infrastructure Limited,19.99,21.49,19.35,19.35,19.35,19.99,,19.35,,,3583,70399.0,26,F1,1,,,,,,2025-03-27
2025-03-27,2025-03-27,CM,BSE,STK,538772,INE480D01010,NIYOGIN,X,,,,,Niyogin Fintech Limited,47.93,47.93,44.98,45.02,45.02,47.34,,45.02,,,210555,9589958.0,455,F1,1,,,,,,2025-03-27
2025-03-27,2025-03-27,CM,BSE,STK,538778,INE149Q01021,KALYANCAP,X,,,,,Kalyan Capitals Limited,9.04,9.04,7.55,7.93,7.93,8.81,,7.93,,,134228,1121084.0,347,F1,1,,,,,,2025-03-27
2025-03-27,2025-03-27,CM,BSE,STK,538786,INE473L01018,CIL,XT,,,,,Citizen Infoline Ltd.,37.5,37.5,37.5,37.5,37.5,36.0,,37.5,,,1,37.0,1,F1,1,,,,,,2025-03-27
2025-03-27,2025-03-27,CM,BSE,STK,538787,INE997C01015,GBFL,X,,,,,Goenka Business & Finance Limi,10.7,11.2,10.17,10.17,10.17,10.7,,10.17,,,60130,628891.0,173,F1,1,,,,,,2025-03-27
2025-03-27,2025-03-27,CM,BSE,STK,538788,INE918C01029,GILADAFINS,X,,,,,Gilada Finance & Investments L,11.95,12.4,11.03,11.9,12.4,11.95,,11.9,,,11172,131956.0,61,F1,1,,,,,,2025-03-27
2025-03-27,2025-03-27,CM,BSE,STK,538794,INE155R01018,JETSOLAR,MT,,,,,JET SOLAR LIMITED,21.66,21.66,21.66,21.66,21.66,22.8,,21.66,,,4000,86640.0,1,F1,4000,,,,,,2025-03-27
2025-03-27,2025-03-27,CM,BSE,STK,538795,INE185C01017,SAPPL,X,,,,,Shree Ajit Pulp And Paper Ltd.,195.0,195.0,183.0,190.0,190.0,195.0,,190.0,,,201,38199.0,9,F1,1,,,,,,2025-03-27
2025-03-27,2025-03-27,CM,BSE,STK,538812,INE322R01014,AANCHALISP,XT,,,,,Aanchal Ispat Limited,3.5,3.6,3.43,3.43,3.43,3.61,,3.43,,,84917,292910.0,79,F1,1,,,,,,2025-03-27
2025-03-27,2025-03-27,CM,BSE,STK,538817,INE513R01026,CAPPIPES,B,,,,,Captain Pipes Limited,14.4,17.2,13.01,15.06,15.06,14.34,,15.06,,,2348505,34015202.0,2040,F1,1,,,,,,2025-03-27
2025-03-27,2025-03-27,CM,BSE,STK,538833,INE891N01017,KAIZENAGRO,X,,,,,KAIZEN AGRO INFRABUILD LIMITED,14.54,14.54,13.9,14.34,14.38,14.25,,14.34,,,498,7107.0,27,F1,1,,,,,,2025-03-27
2025-03-27,2025-03-27,CM,BSE,STK,538834,INE242Q01016,JMJFIN,X,,,,,JMJ Fintech Limited,24.15,25.0,23.9,24.01,24.6,24.75,,24.01,,,117824,2832776.0,51,F1,1,,,,,,2025-03-27
2025-03-27,2025-03-27,CM,BSE,STK,538835,INE306R01017,INTELLECT,A,,,,,INTELLECT DESIGN ARENA LIMITED,719.95,735.9,706.35,725.2,734.9,723.0,,726.6,,,18140,12973091.0,1158,F1,1,,,,,,2025-03-27
2025-03-27,2025-03-27,CM,BSE,STK,538836,INE950M01013,MONTECARLO,B,,,,,Monte Carlo Fashions Limited,548.55,551.75,527.55,530.25,533.0,541.4,,530.65,,,7687,4105454.0,745,F1,1,,,,,,2025-03-27
2025-03-27,2025-03-27,CM,BSE,STK,538837,INE237B01018,JSTL,X,,,,,Jeevan Scientific Technology L,40.01,41.8,40.01,40.15,40.67,41.38,,40.15,,,23411,943818.0,95,F1,1,,,,,,2025-03-27
2025-03-27,2025-03-27,CM,BSE,STK,538838,INE407P01017,ICL,X,,,,,Indo Cotspin Limited,27.85,29.19,27.73,29.0,29.0,29.18,,29.0,,,3584,99777.0,30,F1,1,,,,,,2025-03-27
2025-03-27,2025-03-27,CM,BSE,STK,538857,INE892C01018,SCC,X,,,,,Scintilla Commercial & Credit,5.0,5.0,5.0,5.0,5.0,5.22,,5.0,,,4000,20000.0,5,F1,1,,,,,,2025-03-27
2025-03-27,2025-03-27,CM,BSE,STK,538860,INE655P01029,PANAFIC,X,,,,,PANAFIC INDUSTRIALS LTD,0.93,1.02,0.93,0.97,0.97,1.0,,0.97,,,176257,172831.0,191,F1,1,,,,,,2025-03-27
2025-03-27,2025-03-27,CM,BSE,STK,538862,INE232L01018,MYMONEY,XT,,,,,My Money Securities Ltd.,26.59,26.59,26.59,26.59,26.59,26.6,,26.59,,,445,11832.0,3,F1,1,,,,,,2025-03-27
2025-03-27,2025-03-27,CM,BSE,STK,538868,INE183Q01020,CSL,XT,,,,,Continental Securities Limited,16.0,16.0,15.7,15.7,15.7,16.02,,15.7,,,6205,98564.0,54,F1,1,,,,,,2025-03-27
2025-03-27,2025-03-27,CM,BSE,STK,538874,INE370Q01015,NEXUSSURGL,XT,,,,,NEXUS SURGICAL AND MEDICARE LI,17.18,17.18,16.52,16.52,16.52,16.85,,16.52,,,592,9782.0,10,F1,1,,,,,,2025-03-27
2025-03-27,2025-03-27,CM,BSE,STK,538875,INE195F01027,SELLWIN,X,,,,,SELLWIN TRADERS LIMITED,3.18,3.2,2.98,3.1,3.07,3.12,,3.1,,,168956,516209.0,233,F1,1,,,,,,2025-03-27
2025-03-27,2025-03-27,CM,BSE,STK,538881,INE243E01010,GALADAFIN,X,,,,,Galada Finance Limited,17.29,19.11,17.29,19.11,19.11,18.2,,19.11,,,29,521.0,4,F1,1,,,,,,2025-03-27
2025-03-27,2025-03-27,CM,BSE,STK,538882,INE030Q01015,EMERALD,XT,,,,,Emerald Finance Limited,99.65,103.6,99.65,103.6,103.6,101.6,,103.6,,,15483,1600594.0,88,F1,1,,,,,,2025-03-27
2025-03-27,2025-03-27,CM,BSE,STK,538890,INE227F01010,MKEXIM,X,,,,,M. K. Exim (India) Ltd.,76.83,77.95,71.98,73.15,73.5,77.4,,73.15,,,81338,6029870.0,256,F1,1,,,,,,2025-03-27
2025-03-27,2025-03-27,CM,BSE,STK,538891,INE613C01026,MCLOUD,B,,,,,MAGELLANIC CLOUD LIMITED,64.16,68.88,63.28,64.17,63.9,62.61,,64.23,,,180438,11822107.0,2122,F1,1,,,,,,2025-03-27
2025-03-27,2025-03-27,CM,BSE,STK,538894,INE513C01010,OCTAL,XT,,,,,Octal Credit Capital Ltd.,22.9,22.9,22.5,22.5,22.5,22.0,,22.5,,,75,1708.0,12,F1,1,,,,,,2025-03-27
2025-03-27,2025-03-27,CM,BSE,STK,538895,INE779Q01017,MIHIKA,X,,,,,Mihika Industries Ltd.,20.6,20.6,19.76,20.19,20.19,21.94,,20.19,,,37975,764469.0,45,F1,1,,,,,,2025-03-27
2025-03-27,2025-03-27,CM,BSE,STK,538896,INE081G01019,KANCHI,X,,,,,Kanchi Karpooram Ltd.,394.0,394.9,376.5,380.5,380.0,390.1,,380.5,,,10887,4186632.0,245,F1,1,,,,,,2025-03-27
2025-03-27,2025-03-27,CM,BSE,STK,538902,INE341R01014,DTIL,B,,,,,Dhunseri Tea & Industries Ltd,177.0,177.0,168.1,170.6,171.0,175.0,,170.55,,,1243,213385.0,89,F1,1,,,,,,2025-03-27
2025-03-27,2025-03-27,CM,BSE,STK,538918,INE661Q01017,VANICOM,X,,,,,Vani Commercials Limited,10.45,11.0,10.19,10.76,10.9,10.88,,10.76,,,918,9611.0,15,F1,1,,,,,,2025-03-27
2025-03-27,2025-03-27,CM,BSE,STK,538919,INE055Q01012,SKILVEN,X,,,,,SKYLINE VENTURES INDIA LIMITED,30.0,30.0,30.0,30.0,30.0,30.52,,30.0,,,10,300.0,4,F1,1,,,,,,2025-03-27
2025-03-27,2025-03-27,CM,BSE,STK,538920,INE498Q01014,VINCOFE,B,,,,,VINTAGE COFFEE AND BEVERAGES L,88.06,92.46,87.88,89.87,89.75,88.06,,90.2,,,54669,4912990.0,1577,F1,1,,,,,,2025-03-27
2025-03-27,2025-03-27,CM,BSE,STK,538921,INE865P01016,RAFL,M,,,,,Raghuvansh Agrofarms Limited,75.25,75.35,75.25,75.3,75.35,75.5,,75.3,,,189375,14257718.0,44,F1,625,,,,,,2025-03-27
2025-03-27,2025-03-27,CM,BSE,STK,538922,INE029B01019,COSYN,XT,,,,,COSYN Limited,22.05,23.28,21.66,21.73,21.73,22.8,,21.73,,,21469,476936.0,54,F1,1,,,,,,2025-03-27
2025-03-27,2025-03-27,CM,BSE,STK,538923,INE499Q01012,SOFCOM,X,,,,,SOFCOM SYSTEMS LIMITED,69.99,69.99,60.05,66.35,67.0,66.72,,66.35,,,29976,1886076.0,190,F1,1,,,,,,2025-03-27
2025-03-27,2025-03-27,CM,BSE,STK,538928,INE554R01020,KARNAVATI,X,,,,,Karnavati Finance Limited,2.14,2.14,1.94,1.98,1.94,2.08,,1.98,,,21320,44156.0,39,F1,1,,,,,,2025-03-27
2025-03-27,2025-03-27,CM,BSE,STK,538935,INE723C01015,ABHIFIN,X,,,,,Abhishek Finlease limited,59.16,59.16,59.16,59.16,59.16,59.16,,59.16,,,2,118.0,1,F1,1,,,,,,2025-03-27
2025-03-27,2025-03-27,CM,BSE,STK,538942,INE689O01013,MERCANTILE,X,,,,,Mercantile Ventures Limited,20.4,20.4,19.51,20.38,20.38,20.0,,20.38,,,1538,31016.0,12,F1,1,,,,,,2025-03-27
2025-03-27,2025-03-27,CM,BSE,STK,538943,INE321M01017,SONAL,X,,,,,Sonal Mercantile Limited,103.95,103.95,93.6,101.81,103.65,99.9,,101.81,,,1566,155562.0,41,F1,1,,,,,,2025-03-27
2025-03-27,2025-03-27,CM,BSE,STK,538952,INE211D01027,ALFL,X,,,,,Abhinav Leasing & Finance Limi,1.6,1.67,1.6,1.6,1.6,1.5,,1.6,,,6805,11041.0,19,F1,1,,,,,,2025-03-27
2025-03-27,2025-03-27,CM,BSE,STK,538961,INE949P01018,GENUSPAPER,B,,,,,GENUS PAPER & BOARDS LIMITED,20.9,21.46,18.97,19.0,19.08,19.96,,19.03,,,151751,3068746.0,742,F1,1,,,,,,2025-03-27
2025-03-27,2025-03-27,CM,BSE,STK,538962,INE842C01021,MINDACORP,A,,,,,Minda Corporation Limited,530.0,544.9,523.0,537.05,542.05,534.5,,538.15,,,14050,7467216.0,909,F1,1,,,,,,2025-03-27
2025-03-27,2025-03-27,CM,BSE,STK,538964,INE947G01011,MERCURYLAB,X,,,,,Mercury Laboratories Limited,802.3,858.05,802.3,829.3,829.3,827.05,,829.3,,,216,178433.0,25,F1,1,,,,,,2025-03-27
2025-03-27,2025-03-27,CM,BSE,STK,538965,INE858L01010,CONCORD,X,,,,,Concord Drugs Limited,31.0,31.0,30.14,30.76,30.89,30.86,,30.76,,,8034,244961.0,33,F1,1,,,,,,2025-03-27
2025-03-27,2025-03-27,CM,BSE,STK,538970,INE945P01024,WARDINMOBI,B,,,,,WARDWIZARD INNOVATIONS AND MOB,20.19,21.1,17.3,17.59,17.59,20.11,,17.59,,,9350715,170999804.0,18772,F1,1,,,,,,2025-03-27
2025-03-27,2025-03-27,CM,BSE,STK,538975,INE397C01026,SHREESEC,X,,,,,Shree Securities Ltd.,0.29,0.3,0.28,0.29,0.29,0.29,,0.29,,,9509698,2775175.0,807,F1,1,,,,,,2025-03-27
2025-03-27,2025-03-27,CM,BSE,STK,538979,INE544R01021,GREENLAM,B,,,,,Greenlam Industries Ltd,238.95,246.9,225.85,241.15,243.45,236.25,,241.3,,,11212,2645976.0,769,F1,1,,,,,,2025-03-27
2025-03-27,2025-03-27,CM,BSE,STK,538987,INE717E01013,TALBROSENG,X,,,,,TALBROS ENGINEERING LIMITED,528.0,538.55,512.2,522.85,522.85,526.1,,522.85,,,5710,2980100.0,76,F1,1,,,,,,2025-03-27
2025-03-27,2025-03-27,CM,BSE,STK,539005,INE246D01015,JAYATMA,X,,,,,JAYATMA ENTERPRISES LIMITED,14.05,14.05,14.05,14.05,14.05,14.73,,14.05,,,5,70.0,1,F1,1,,,,,,2025-03-27
2025-03-27,2025-03-27,CM,BSE,STK,539006,INE596F01018,PTCIL,A,,,,,PTC Industries Ltd.,14800.05,15090.0,14663.2,14995.75,14711.0,14913.3,,14941.95,,,1409,20952885.0,672,F1,1,,,,,,2025-03-27
2025-03-27,2025-03-27,CM,BSE,STK,539011,INE777O01016,CHENFERRO,X,,,,,CHENNAI FERROUS INDUSTRIES LIM,107.0,109.05,101.0,101.25,101.0,104.0,,101.25,,,3840,398140.0,71,F1,1,,,,,,2025-03-27
2025-03-27,2025-03-27,CM,BSE,STK,539012,INE756R01013,MEGRISOFT,X,,,,,Megri Soft Limited,138.25,144.0,137.0,143.95,143.95,137.6,,143.95,,,73,10059.0,5,F1,1,,,,,,2025-03-27
2025-03-27,2025-03-27,CM,BSE,STK,539013,INE776O01018,GITARENEW,X,,,,,GITA RENEWABLE ENERGY LIMITED,119.0,119.0,113.1,114.2,114.8,117.85,,114.2,,,4706,537956.0,114,F1,1,,,,,,2025-03-27
2025-03-27,2025-03-27,CM,BSE,STK,539016,INE396C01010,NEIL,X,,,,,Neil Industries Ltd.,10.69,10.69,8.6,9.07,9.07,10.22,,9.07,,,338588,3236820.0,108,F1,1,,,,,,2025-03-27
2025-03-27,2025-03-27,CM,BSE,STK,539017,INE526R01028,STARHFL,X,,,,,STAR HOUSING FINANCE LIMITED,28.98,28.98,27.0,27.27,27.27,28.36,,27.27,,,1108594,30558466.0,583,F1,1,,,,,,2025-03-27
2025-03-27,2025-03-27,CM,BSE,STK,539018,INE213D01015,BEEKAY,B,,,,,Beekay Steel Industries Ltd.,463.25,478.75,449.1,452.55,452.55,466.95,,452.55,,,32888,15190046.0,393,F1,1,,,,,,2025-03-27
2025-03-27,2025-03-27,CM,BSE,STK,539031,INF200KA1572,SETFBSE100,A,,,,,SBI Mutual Fund,270.05,270.4,269.73,270.2,270.4,268.7,,270.2,,,134,36167.0,15,F1,1,,,,,,2025-03-27
2025-03-27,2025-03-27,CM,BSE,STK,539032,INE184Q01010,FRASER,XT,,,,,Fraser And Company Limited,9.62,10.28,9.4,9.4,9.4,9.82,,9.4,,,53556,503667.0,32,F1,1,,,,,,2025-03-27
2025-03-27,2025-03-27,CM,BSE,STK,539040,INE812Q01016,TTIL,XT,,,,,Tirupati Tyres Ltd.,8.65,8.65,8.53,8.53,8.53,8.7,,8.53,,,82007,701574.0,229,F1,1,,,,,,2025-03-27
2025-03-27,2025-03-27,CM,BSE,STK,539041,INE369Q01017,GANVERSE,M,,,,,GANESHA ECOVERSE LIMITED,28.1,29.0,25.11,26.39,26.99,28.14,,26.39,,,737500,19644225.0,219,F1,1250,,,,,,2025-03-27
2025-03-27,2025-03-27,CM,BSE,STK,539042,INE976R01025,AGIIL,B,,,,,AGI Infra Limited,901.8,920.8,838.15,857.25,864.0,907.15,,852.7,,,11280,9975712.0,1291,F1,1,,,,,,2025-03-27
2025-03-27,2025-03-27,CM,BSE,STK,539044,INE824Q01011,MANAKSTEEL,B,,,,,Manaksia Steels Limited,55.0,55.0,43.1,44.08,43.1,47.95,,43.87,,,14158,657634.0,529,F1,1,,,,,,2025-03-27
2025-03-27,2025-03-27,CM,BSE,STK,539045,INE859Q01017,MANAKALUCO,B,,,,,Manaksia Aluminium Company Ltd,20.7,20.82,19.23,19.46,19.46,20.76,,19.54,,,24737,493269.0,247,F1,1,,,,,,2025-03-27
2025-03-27,2025-03-27,CM,BSE,STK,539046,INE830Q01018,MANAKCOAT,T,,,,,Manaksia Coated Metals & Indus,74.03,79.08,74.03,78.07,78.07,75.33,,78.11,,,812,63246.0,18,F1,1,,,,,,2025-03-27
2025-03-27,2025-03-27,CM,BSE,STK,539056,INE172N01012,IMAGICAA,B,,,,,IMAGICAAWORLD ENTERTAINMENT LI,67.0,67.0,62.22,64.25,64.25,64.65,,64.69,,,264351,16911704.0,2020,F1,1,,,,,,2025-03-27
2025-03-27,2025-03-27,CM,BSE,STK,539083,INE066P01011,INOXWIND,A,,,,,Inox Wind Limited,159.4,161.3,155.75,158.65,158.65,159.5,,158.4,,,381751,60360116.0,2680,F1,1,,,,,,2025-03-27
2025-03-27,2025-03-27,CM,BSE,STK,539090,INE751R01014,RAJPUTANA,X,,,,,Rajputana Investment and Finan,36.4,38.0,36.4,37.1,37.06,36.43,,37.1,,,5239,191003.0,15,F1,1,,,,,,2025-03-27
2025-03-27,2025-03-27,CM,BSE,STK,539091,INE187R01029,CITL,XT,,,,,Consecutive Investments & Trad,1.87,1.87,1.87,1.87,1.87,1.9,,1.87,,,66989,125269.0,126,F1,1,,,,,,2025-03-27
2025-03-27,2025-03-27,CM,BSE,STK,539096,INE197R01010,AANANDALAK,X,,,,,Aananda Lakshmi Spinning Mills,15.86,16.3,15.05,16.18,16.29,15.79,,16.18,,,244,3828.0,14,F1,1,,,,,,2025-03-27
2025-03-27,2025-03-27,CM,BSE,STK,539097,INE904R01027,URSUGAR,T,,,,,UR SUGAR INDUSTRIES LIMITED,4.55,4.55,4.33,4.33,4.33,4.55,,4.33,,,104322,454604.0,104,F1,1,,,,,,2025-03-27
2025-03-27,2025-03-27,CM,BSE,STK,539098,INE541R01019,FILTRA,M,,,,,Filtra Consultants and Enginee,64.61,65.95,62.0,64.0,64.0,67.07,,64.0,,,14000,900820.0,7,F1,2000,,,,,,2025-03-27
2025-03-27,2025-03-27,CM,BSE,STK,539111,INE193R01019,SHESHAINDS,X,,,,,SHESHADRI INDUSTRIES LIMITED,15.9,15.9,14.45,15.7,15.7,15.21,,15.7,,,11141,176913.0,15,F1,1,,,,,,2025-03-27
2025-03-27,2025-03-27,CM,BSE,STK,539112,INE137M01017,SAB,X,,,,,SAB INDUSTRIES LIMITED,143.0,152.0,143.0,152.0,152.0,150.0,,152.0,,,170,25455.0,8,F1,1,,,,,,2025-03-27
2025-03-27,2025-03-27,CM,BSE,STK,539113,INE291E01019,PML,X,,,,,Paul Merchants Ltd.,751.0,767.95,711.05,743.8,750.0,751.15,,743.8,,,3104,2293890.0,186,F1,1,,,,,,2025-03-27
2025-03-27,2025-03-27,CM,BSE,STK,539115,INE273F01022,ALAN SCOTT,X,,,,,Alan Scott Industries Ltd.,170.95,170.95,163.25,170.6,170.8,163.25,,170.6,,,267,45305.0,22,F1,1,,,,,,2025-03-27
2025-03-27,2025-03-27,CM,BSE,STK,539117,INE029H01016,SUJALA,X,,,,,Sujala Trading & Holding Ltd.,71.0,71.95,67.0,70.51,70.51,70.2,,70.51,,,47301,3307265.0,323,F1,1,,,,,,2025-03-27
2025-03-27,2025-03-27,CM,BSE,STK,539118,INE366I01010,VRLLOG,B,,,,,VRL Logistics Limited,472.05,478.95,460.95,473.3,473.1,475.2,,474.55,,,9171,4285969.0,807,F1,1,,,,,,2025-03-27
2025-03-27,2025-03-27,CM,BSE,STK,539121,INE239L01013,PALCO,X,,,,,Palco Metals Limited,222.05,233.0,216.0,228.65,229.35,223.95,,228.65,,,2420,551772.0,100,F1,1,,,,,,2025-03-27
2025-03-27,2025-03-27,CM,BSE,STK,539123,INE334E01017,VBIND,XT,,,,,V B INDUSTRIES LIMITED,8.85,9.18,8.85,9.02,9.02,9.02,,9.02,,,4020,36184.0,13,F1,1,,,,,,2025-03-27
2025-03-27,2025-03-27,CM,BSE,STK,539124,INE822Q01015,SARVOTTAM,X,,,,,Survottam Finvest Ltd.,20.29,20.29,19.7,19.7,20.29,19.7,,19.7,,,1843,36507.0,15,F1,1,,,,,,2025-03-27
2025-03-27,2025-03-27,CM,BSE,STK,539126,INE776I01010,MEP,Z,,,,,MEP Infrastructure Developers,1.42,1.42,1.42,1.42,1.42,1.44,,1.42,,,62526,88786.0,23,F1,1,,,,,,2025-03-27
2025-03-27,2025-03-27,CM,BSE,STK,539132,INE761D01021,WARDWIZFBL,XT,,,,,Wardwizard Foods and Beverages,3.93,3.99,3.66,3.71,3.83,3.85,,3.71,,,581566,2165862.0,438,F1,1,,,,,,2025-03-27
2025-03-27,2025-03-27,CM,BSE,STK,539141,INE527H01019,UFO,B,,,,,UFO Moviez India Limited,67.36,68.36,66.85,67.31,67.05,68.73,,67.35,,,8924,602326.0,252,F1,1,,,,,,2025-03-27
2025-03-27,2025-03-27,CM,BSE,STK,539143,INE945O01019,PANTH,X,,,,,PANTH INFINITY LIMITED,6.9,6.96,6.7,6.74,6.8,6.76,,6.74,,,34748,236026.0,131,F1,1,,,,,,2025-03-27
2025-03-27,2025-03-27,CM,BSE,STK,539148,INE788J01021,SHIVALIK,B,,,,,Shivalik Rasayan Ltd.,634.3,639.0,618.45,635.85,631.25,630.6,,634.8,,,3776,2379018.0,345,F1,1,,,,,,2025-03-27
2025-03-27,2025-03-27,CM,BSE,STK,539149,INE682B01023,ICSL,X,,,,,Integrated Capital Services Lt,4.25,4.25,4.11,4.12,4.11,4.23,,4.12,,,1216,5011.0,11,F1,1,,,,,,2025-03-27
2025-03-27,2025-03-27,CM,BSE,STK,539150,INE195J01029,PNCINFRA,A,,,,,PNC Infratech Limited,261.05,265.0,257.3,259.9,260.1,261.0,,259.9,,,45054,11779015.0,967,F1,1,,,,,,2025-03-27
2025-03-27,2025-03-27,CM,BSE,STK,539151,INE784R01023,ARFIN,X,,,,,Arfin India Limited,27.56,28.66,26.8,27.01,27.01,27.88,,27.01,,,105618,2884065.0,323,F1,1,,,,,,2025-03-27
2025-03-27,2025-03-27,CM,BSE,STK,539167,INE347L01014,VLL,XT,,,,,Virat Leasing Limited,86.0,86.0,84.28,84.28,84.28,86.0,,84.28,,,21,1784.0,3,F1,1,,,,,,2025-03-27
2025-03-27,2025-03-27,CM,BSE,STK,539174,INE738P01015,HELPAGE,X,,,,,Helpage Finlease Ltd.,13.77,13.77,13.77,13.77,13.77,13.7,,13.77,,,10,137.0,2,F1,1,,,,,,2025-03-27
2025-03-27,2025-03-27,CM,BSE,STK,539175,INE924N01016,INDRAIND,X,,,,,Indra Industries Ltd.,5.73,6.28,5.73,6.18,6.28,5.99,,6.18,,,49118,301579.0,96,F1,1,,,,,,2025-03-27
2025-03-27,2025-03-27,CM,BSE,STK,539176,INE230I01018,HAWAENG,X,,,,,Hawa Engineers ltd.,107.0,113.8,105.1,106.9,110.0,109.9,,106.9,,,711,76603.0,24,F1,1,,,,,,2025-03-27
2025-03-27,2025-03-27,CM,BSE,STK,539177,INE206F01022,AIIL,A,,,,,Authum Investment & Infrastruc,1543.95,1659.95,1537.05,1647.6,1649.0,1534.4,,1651.45,,,11467,18585042.0,1538,F1,1,,,,,,2025-03-27
2025-03-27,2025-03-27,CM,BSE,STK,539189,INE578L01014,ADHBHUTIN,X,,,,,Adhbhut Infrastructure Ltd.,15.81,16.37,15.64,15.93,15.64,16.17,,15.93,,,3763,59758.0,21,F1,1,,,,,,2025-03-27
2025-03-27,2025-03-27,CM,BSE,STK,539190,INE848N01017,DFL,XT,,,,,Decillion Finance Ltd.,44.41,44.41,40.2,44.4,44.4,42.3,,44.4,,,1091,46924.0,9,F1,1,,,,,,2025-03-27
2025-03-27,2025-03-27,CM,BSE,STK,539195,INE035S01028,POEL,X,,,,,POCL ENTERPRISES LTD,215.0,222.0,212.75,218.85,219.0,212.75,,218.85,,,111113,24245075.0,723,F1,1,,,,,,2025-03-27
2025-03-27,2025-03-27,CM,BSE,STK,539196,INE829P01020,AEL,X,,,,,Amba Enterprises Ltd.,165.0,166.9,160.0,163.9,163.9,163.0,,163.9,,,22151,3619222.0,236,F1,1,,,,,,2025-03-27
2025-03-27,2025-03-27,CM,BSE,STK,539199,INE618R01015,SGFIN,B,,,,,SG FINSERVE LIMITED,400.0,412.0,397.15,401.6,401.6,405.95,,401.6,,,236324,95505884.0,2762,F1,1,,,,,,2025-03-27
2025-03-27,2025-03-27,CM,BSE,STK,539201,INE170E01023,SATIA,B,,,,,SATIA INDUSTRIES LIMITED,72.0,72.0,67.57,67.9,67.9,68.35,,67.85,,,33287,2276565.0,438,F1,1,,,,,,2025-03-27
2025-03-27,2025-03-27,CM,BSE,STK,539206,INE574D01010,GVBL,XT,,,,,GENOMIC VALLEY BIOTECH LIMITED,64.0,64.0,61.67,61.67,61.67,64.91,,61.67,,,38,2390.0,6,F1,1,,,,,,2025-03-27
2025-03-27,2025-03-27,CM,BSE,STK,539216,INE653S01028,GARMNTMNTR,B,,,,,GARMENT MANTRA LIFESTYLE LIMIT,1.65,1.67,1.56,1.57,1.57,1.68,,1.57,,,694452,1109039.0,489,F1,1,,,,,,2025-03-27
2025-03-27,2025-03-27,CM,BSE,STK,539217,INE606K01049,SRESTHA,X,,,,,Srestha Finvest Limited,0.51,0.51,0.49,0.5,0.5,0.51,,0.5,,,16769541,8405744.0,2483,F1,1,,,,,,2025-03-27
2025-03-27,2025-03-27,CM,BSE,STK,539219,INE150D01027,MUL,X,,,,,MAURIA UDYOG LIMITED,13.11,14.32,13.11,14.02,14.02,13.64,,14.02,,,58340,805540.0,98,F1,1,,,,,,2025-03-27
2025-03-27,2025-03-27,CM,BSE,STK,539220,INE540S01019,MISHKA,X,,,,,Mishka Exim Limited,25.3,25.3,25.3,25.3,25.3,25.25,,25.3,,,16000,404800.0,13,F1,1,,,,,,2025-03-27
2025-03-27,2025-03-27,CM,BSE,STK,539221,INE885H01029,SPORTKING,B,,,,,Sportking India Ltd.,78.79,79.37,76.3,76.92,76.92,79.22,,76.95,,,56049,4333795.0,1144,F1,1,,,,,,2025-03-27
2025-03-27,2025-03-27,CM,BSE,STK,539222,INE451S01027,GROWINGTON,B,,,,,GROWINGTON VENTURES INDIA LIMI,2.55,2.73,2.3,2.35,2.35,2.62,,2.35,,,1326100,3318018.0,1147,F1,1,,,,,,2025-03-27
2025-03-27,2025-03-27,CM,BSE,STK,539226,INE027T01023,RUDRA,X,,,,,RUDRA GLOBAL INFRA PRODUCTS LI,30.26,30.82,28.5,28.94,28.94,30.26,,28.94,,,202050,5926326.0,622,F1,1,,,,,,2025-03-27
2025-03-27,2025-03-27,CM,BSE,STK,539227,INE876S01017,LOYAL,X,,,,,Loyal Equipments Limited,222.0,222.0,212.1,217.15,218.8,213.7,,217.15,,,4421,956514.0,110,F1,1,,,,,,2025-03-27
2025-03-27,2025-03-27,CM,BSE,STK,539228,INE480S01026,GGPL,X,,,,,Gala Global Products Limited,3.62,3.67,3.42,3.53,3.53,3.58,,3.53,,,558216,1974947.0,321,F1,1,,,,,,2025-03-27
2025-03-27,2025-03-27,CM,BSE,STK,539251,INE875R01011,BALKRISHNA,B,,,,,Balkrishna Paper Mills Ltd.,17.29,17.5,16.27,16.54,16.54,17.12,,16.53,,,30477,505861.0,185,F1,1,,,,,,2025-03-27
2025-03-27,2025-03-27,CM,BSE,STK,539252,INE979R01011,SHYAMCENT,T,,,,,Shyam Century Ferrous Limited,7.6,7.6,7.08,7.21,7.21,7.45,,7.17,,,90977,654674.0,174,F1,1,,,,,,2025-03-27
2025-03-27,2025-03-27,CM,BSE,STK,539254,INE931S01010,ADANIENSOL,A,,,,,Adani Energy Solutions Limited,796.6,881.4,795.2,873.85,873.85,802.9,,872.9,,,551379,469952884.0,15506,F1,1,,,,,,2025-03-27
2025-03-27,2025-03-27,CM,BSE,STK,539255,INE541K01014,STARDELTA,X,,,,,STAR DELTA TRANSFORMERS LIMITE,604.0,607.9,567.45,572.3,572.8,597.3,,572.3,,,13042,7534287.0,622,F1,1,,,,,,2025-03-27
2025-03-27,2025-03-27,CM,BSE,STK,539267,INE579N01018,SAMSRITA,X,,,,,SAMSRITA LABS LIMITED,14.73,14.73,14.73,14.73,14.73,15.5,,14.73,,,3465,51039.0,18,F1,1,,,,,,2025-03-27
2025-03-27,2025-03-27,CM,BSE,STK,539268,INE398R01022,SYNGENE,A,,,,,Syngene International Limited,710.05,724.6,710.0,721.2,716.0,720.7,,719.65,,,15126,10844362.0,1317,F1,1,,,,,,2025-03-27
2025-03-27,2025-03-27,CM,BSE,STK,539273,INE484S01010,PECOS,M,,,,,PECOS Hotels And Pubs Limited,261.25,261.25,261.25,261.25,261.25,275.0,,261.25,,,500,130625.0,1,F1,500,,,,,,2025-03-27
2025-03-27,2025-03-27,CM,BSE,STK,539275,INE829S01016,MSL,X,,,,,Mangalam Seeds Limited,172.0,172.45,160.5,166.45,166.0,168.9,,166.45,,,10501,1751924.0,109,F1,1,,,,,,2025-03-27
2025-03-27,2025-03-27,CM,BSE,STK,539276,INE587G01015,KAYA,B,,,,,Kaya Limited,243.35,254.8,240.45,245.2,245.2,245.95,,244.75,,,4421,1082851.0,333,F1,1,,,,,,2025-03-27
2025-03-27,2025-03-27,CM,BSE,STK,539277,INE184S01024,ALSTONE,X,,,,,Alstone Textiles (India) Ltd,0.59,0.6,0.57,0.59,0.59,0.59,,0.59,,,6760067,3947149.0,2612,F1,1,,,,,,2025-03-27
2025-03-27,2025-03-27,CM,BSE,STK,539278,INE653R01012,SYMBIOX,XT,,,,,Symbiox Investment & Trading C,3.48,3.48,3.2,3.25,3.25,3.36,,3.25,,,1090074,3524037.0,87,F1,1,,,,,,2025-03-27
2025-03-27,2025-03-27,CM,BSE,STK,539287,INE749B01020,ORTINGLOBE,B,,,,,ORTIN GLOBAL LIMITED,10.68,10.89,9.57,10.0,10.0,10.61,,9.79,,,11976,126175.0,66,F1,1,,,,,,2025-03-27
2025-03-27,2025-03-27,CM,BSE,STK,539288,INE897N01014,AVI,XT,,,,,Avi Polymers Ltd.,14.25,14.25,13.56,13.9,13.9,14.25,,13.9,,,4115,58049.0,19,F1,1,,,,,,2025-03-27
2025-03-27,2025-03-27,CM,BSE,STK,539289,INE898S01029,AURUM,B,,,,,Aurum PropTech Limited,166.4,167.1,162.6,162.95,162.65,166.6,,163.15,,,7437,1222405.0,414,F1,1,,,,,,2025-03-27
2025-03-27,2025-03-27,CM,BSE,STK,539290,INE143A01010,OSWALGREEN,B,,,,,Oswal Greentech Limited,35.8,37.78,34.76,36.75,36.9,35.42,,36.82,,,69728,2506114.0,1046,F1,1,,,,,,2025-03-27
2025-03-27,2025-03-27,CM,BSE,STK,539291,INE583K01016,VASUDHAGAM,XT,,,,,Vasudhagama Enterprises Limite,7.71,7.71,7.71,7.71,7.71,7.86,,7.71,,,7051,54363.0,19,F1,1,,,,,,2025-03-27
2025-03-27,2025-03-27,CM,BSE,STK,539300,INE671K01019,AKSPINTEX,XT,,,,,A.K. Spintex Ltd.,962.5,962.5,952.0,952.0,952.0,943.75,,952.0,,,726,693913.0,24,F1,1,,,,,,2025-03-27
2025-03-27,2025-03-27,CM,BSE,STK,539301,INE034S01021,ARVSMART,B,,,,,Arvind SmartSpaces Limited,702.0,718.0,691.55,709.85,709.0,703.45,,711.2,,,4408,3106516.0,360,F1,1,,,,,,2025-03-27
2025-03-27,2025-03-27,CM,BSE,STK,539302,INE211R01019,POWERMECH,A,,,,,Power Mech Projects Limited,2530.05,2565.6,2415.0,2434.9,2449.4,2557.4,,2435.3,,,10963,27082929.0,2119,F1,1,,,,,,2025-03-27
2025-03-27,2025-03-27,CM,BSE,STK,539309,INE230R01035,RAMASTEEL,B,,,,,Rama Steel Tubes Limited,9.58,9.75,9.51,9.53,9.53,9.66,,9.52,,,1805393,17312137.0,2745,F1,1,,,,,,2025-03-27
2025-03-27,2025-03-27,CM,BSE,STK,539310,INE365S01045,THINKINK,XT,,,,,THINKINK PICTUREZ LIMITED,0.39,0.39,0.39,0.39,0.39,0.39,,0.39,,,445155,173610.0,352,F1,1,,,,,,2025-03-27
2025-03-27,2025-03-27,CM,BSE,STK,539312,INF789FB1X58,UTISENSETF,A,,,,,UTI BSE Sensex ETF,845.0,854.76,843.34,854.76,854.76,846.35,,845.99,,,73,62144.0,5,F1,1,,,,,,2025-03-27
2025-03-27,2025-03-27,CM,BSE,STK,539313,INF789F1AZC0,UTINIFTETF,B,,,,,UTI Mutual Fund,256.15,257.75,256.15,257.72,257.72,255.91,,257.45,,,1056,271272.0,17,F1,1,,,,,,2025-03-27
2025-03-27,2025-03-27,CM,BSE,STK,539314,INE203T01012,UNIAUTO,T,,,,,Universal Autofoundry Limited,67.65,67.65,67.62,67.62,67.62,69.0,,67.62,,,46717,3159060.0,61,F1,1,,,,,,2025-03-27
2025-03-27,2025-03-27,CM,BSE,STK,539331,INE918N01018,VETO,B,,,,,VETO SWITCHGEARS AND CABLES LI,100.49,101.99,97.59,99.44,100.56,97.73,,99.44,,,13077,1296675.0,481,F1,1,,,,,,2025-03-27
2025-03-27,2025-03-27,CM,BSE,STK,539332,INE278M01019,NAVKARCORP,B,,,,,Navkar Corporation Limited,98.63,105.72,97.58,105.0,105.02,98.2,,105.14,,,60470,6149083.0,772,F1,1,,,,,,2025-03-27
2025-03-27,2025-03-27,CM,BSE,STK,539334,INE712K01011,SHREEPUSHK,B,,,,,Shree Pushkar Chemicals & Fert,278.0,283.95,254.85,258.2,261.05,280.8,,258.45,,,21947,5836463.0,1376,F1,1,,,,,,2025-03-27
2025-03-27,2025-03-27,CM,BSE,STK,539336,INE844O01030,GUJGASLTD,A,,,,,Gujarat Gas Limited,404.55,413.1,399.8,410.65,410.65,404.6,,410.4,,,26164,10646543.0,897,F1,1,,,,,,2025-03-27
2025-03-27,2025-03-27,CM,BSE,STK,539337,INE725P01012,WAAREE,MT,,,,,WAAREE TECHNOLOGIES LIMITED,308.75,308.75,308.75,308.75,308.75,315.05,,308.75,,,6300,1945125.0,22,F1,175,,,,,,2025-03-27
2025-03-27,2025-03-27,CM,BSE,STK,539346,INE764L01010,SADBHIN,B,,,,,Sadbhav Infrastructure Project,4.52,4.65,4.18,4.28,4.3,4.59,,4.28,,,100099,434909.0,346,F1,1,,,,,,2025-03-27
2025-03-27,2025-03-27,CM,BSE,STK,539353,INE724G01014,SALAUTO,X,,,,,SAL AUTOMOTIVE LIMITED,628.1,647.95,610.0,630.15,630.15,628.1,,630.15,,,249,155946.0,56,F1,1,,,,,,2025-03-27
2025-03-27,2025-03-27,CM,BSE,STK,539354,INE914G01029,POLYSPIN,X,,,,,Polyspin Exports Ltd.,38.45,38.45,34.56,34.62,34.56,36.13,,34.62,,,22027,763474.0,18,F1,1,,,,,,2025-03-27
2025-03-27,2025-03-27,CM,BSE,STK,539359,INE583R01029,PRITIKAUTO,B,,,,,Pritika Auto Industries Limite,16.25,16.59,15.39,15.53,15.53,16.47,,15.55,,,112982,1799203.0,1208,F1,1,,,,,,2025-03-27
2025-03-27,2025-03-27,CM,BSE,STK,539378,INE848R01018,SML,X,,,,,Soni Medicare Limited,51.8,54.39,50.13,50.13,50.13,52.76,,50.13,,,2709,139002.0,58,F1,1,,,,,,2025-03-27
2025-03-27,2025-03-27,CM,BSE,STK,539383,INE019D01016,MINFY,Z,,,,,Mahaveer Infoway Limited,7.1,7.38,6.68,7.38,7.38,7.03,,7.38,,,5590,40159.0,18,F1,1,,,,,,2025-03-27
2025-03-27,2025-03-27,CM,BSE,STK,539384,INE897B01019,KRISHNACAP,X,,,,,Krishna Capital And Securities,32.5,32.5,32.5,32.5,32.5,30.96,,32.5,,,689,22392.0,6,F1,1,,,,,,2025-03-27
2025-03-27,2025-03-27,CM,BSE,STK,539391,INE636B01011,ACME,Z,,,,,Acme Resources Limited,38.69,38.69,38.69,38.69,38.69,38.69,,38.69,,,800,30952.0,10,F1,1,,,,,,2025-03-27
2025-03-27,2025-03-27,CM,BSE,STK,539398,INE060T01024,VISHALBL,B,,,,,Vishal Bearings Limited,86.47,89.32,83.8,85.27,85.75,86.47,,85.27,,,2503,214419.0,87,F1,1,,,,,,2025-03-27
2025-03-27,2025-03-27,CM,BSE,STK,539399,INE344T01014,BELLACASA,X,,,,,Bella Casa Fashion & Retail Li,404.0,425.0,395.15,404.0,404.0,414.65,,404.0,,,6731,2765504.0,177,F1,1,,,,,,2025-03-27
2025-03-27,2025-03-27,CM,BSE,STK,539400,INE389C01015,MALLCOM,B,,,,,MALLCOM (INDIA) LTD.,1205.55,1270.0,1205.0,1269.45,1269.45,1245.5,,1264.8,,,355,445398.0,88,F1,1,,,,,,2025-03-27
2025-03-27,2025-03-27,CM,BSE,STK,539401,INE473T01011,PJL,M,,,,,Patdiam Jewellery Limited,272.0,272.0,272.0,272.0,272.0,238.0,,272.0,,,750,204000.0,1,F1,750,,,,,,2025-03-27
2025-03-27,2025-03-27,CM,BSE,STK,539402,INE256S01012,NAKSH,B,,,,,Naksh Precious Metals Limited,7.77,8.1,7.39,7.5,7.53,7.77,,7.5,,,44349,333102.0,151,F1,1,,,,,,2025-03-27
2025-03-27,2025-03-27,CM,BSE,STK,539404,INE836B01017,SATIN,B,,,,,SATIN CREDITCARE NETWORK LIMIT,155.6,155.6,138.8,147.0,146.15,139.45,,147.25,,,33847,4839431.0,1006,F1,1,,,,,,2025-03-27
2025-03-27,2025-03-27,CM,BSE,STK,539405,INE183R01010,DITCO,X,,,,,Decorous Investment and Tradin,11.77,11.77,11.39,11.39,11.39,10.76,,11.39,,,5050,59395.0,12,F1,1,,,,,,2025-03-27
2025-03-27,2025-03-27,CM,BSE,STK,539406,INE150R01019,SWAGTAM,X,,,,,Swagatam Trading & Services Li,72.97,72.97,72.97,72.97,72.97,69.5,,72.97,,,141,10288.0,5,F1,1,,,,,,2025-03-27
2025-03-27,2025-03-27,CM,BSE,STK,539407,INE854S01022,GENCON,B,,,,,Generic Engineering Constructi,27.23,27.87,22.24,24.01,24.01,27.79,,23.95,,,136299,3368120.0,1585,F1,1,,,,,,2025-03-27
2025-03-27,2025-03-27,CM,BSE,STK,539408,INE594R01018,KUBERJI,XT,,,,,Kuber Udyog Limited,13.0,13.0,12.74,12.74,12.74,13.0,,12.74,,,938,12096.0,9,F1,1,,,,,,2025-03-27
2025-03-27,2025-03-27,CM,BSE,STK,539409,INE894J01019,NEERAJ,X,,,,,NEERAJ PAPER MARKETING LIMITED,18.82,20.8,18.82,20.8,20.8,19.81,,20.8,,,253,4845.0,9,F1,1,,,,,,2025-03-27
2025-03-27,2025-03-27,CM,BSE,STK,539428,INE030T01027,TEJNAKSH,X,,,,,Tejnaksh Healthcare Limited,21.78,22.0,20.71,21.03,21.11,21.79,,21.03,,,33639,708871.0,104,F1,1,,,,,,2025-03-27
2025-03-27,2025-03-27,CM,BSE,STK,539435,INE201C01012,RFSL,XT,,,,,Richfield Financial Services L,39.34,39.34,39.33,39.33,39.33,39.34,,39.33,,,520,20454.0,6,F1,1,,,,,,2025-03-27
2025-03-27,2025-03-27,CM,BSE,STK,539436,INE335K01011,COFFEEDAY,T,,,,,Coffee Day Enterprises Limited,28.35,28.85,28.35,28.35,28.35,28.92,,28.35,,,296910,8429481.0,162,F1,1,,,,,,2025-03-27
2025-03-27,2025-03-27,CM,BSE,STK,539437,INE092T01019,IDFCFIRSTB,A,,,,,IDFC FIRST BANK LIMITED,56.7,57.34,56.1,56.96,56.96,57.0,,56.94,,,41346048,2339876800.0,17189,F1,1,,,,,,2025-03-27
2025-03-27,2025-03-27,CM,BSE,STK,539448,INE646L01027,INDIGO,A,,,,,InterGlobe Aviation Limited,4855.5,5146.85,4855.5,5129.6,5144.95,5024.3,,5127.8,,,20122,102568948.0,7425,F1,1,,,,,,2025-03-27
2025-03-27,2025-03-27,CM,BSE,STK,539449,INE099S01016,IGCIL,XT,,,,,IGC Industries Limited,6.54,6.72,6.22,6.33,6.33,6.54,,6.33,,,539601,3430184.0,435,F1,1,,,,,,2025-03-27
2025-03-27,2025-03-27,CM,BSE,STK,539450,INE500L01026,SHK,B,,,,,S H Kelkar and Company Limited,179.0,183.15,176.1,179.95,179.45,177.25,,180.55,,,10394,1863435.0,324,F1,1,,,,,,2025-03-27
2025-03-27,2025-03-27,CM,BSE,STK,539455,INE360S01012,ARYAVAN,X,,,,,ARYAVAN ENTERPRISE LIMITED,40.0,41.8,40.0,41.76,41.77,40.56,,41.76,,,12016,501613.0,16,F1,1,,,,,,2025-03-27
2025-03-27,2025-03-27,CM,BSE,STK,539469,INE258R01028,PANORAMA,B,,,,,PANORAMA STUDIOS INTERNATIONAL,211.85,211.85,199.6,199.6,199.6,210.1,,199.6,,,120988,24386667.0,345,F1,1,,,,,,2025-03-27
2025-03-27,2025-03-27,CM,BSE,STK,539470,INE051N01026,SHREEGANES,X,,,,,Shree Ganesh Biotech (India) L,0.96,0.96,0.91,0.91,0.93,0.95,,0.91,,,1297625,1209171.0,902,F1,1,,,,,,2025-03-27
2025-03-27,2025-03-27,CM,BSE,STK,539479,INE910R01016,GTV,X,,,,,GTV Engineering Limited,727.9,727.9,710.1,721.45,721.7,718.8,,721.45,,,4493,3230112.0,80,F1,1,,,,,,2025-03-27
2025-03-27,2025-03-27,CM,BSE,STK,539492,INE721C01019,GARBIFIN,X,,,,,Garbi Finvest Limited,10.77,10.77,10.05,10.5,10.5,10.29,,10.5,,,14313,147965.0,84,F1,1,,,,,,2025-03-27
2025-03-27,2025-03-27,CM,BSE,STK,539494,INE766D01020,SMARTFIN,X,,,,,Smart Finsec Limited,11.79,12.09,11.44,11.87,11.93,11.64,,11.87,,,13333,157659.0,126,F1,1,,,,,,2025-03-27
2025-03-27,2025-03-27,CM,BSE,STK,539495,INE176R01014,RAJKOTINV,X,,,,,Rajkot Investment Trust Limite,38.19,40.09,36.3,36.48,36.3,38.19,,36.48,,,133,5022.0,9,F1,1,,,,,,2025-03-27
2025-03-27,2025-03-27,CM,BSE,STK,539506,INE805Q01028,ADCON,X,,,,,Adcon Capital Services Limited,0.8,0.8,0.74,0.75,0.75,0.79,,0.75,,,1485241,1123284.0,757,F1,1,,,,,,2025-03-27
2025-03-27,2025-03-27,CM,BSE,STK,539515,INE641R01017,QUINT,X,,,,,Quint Digital Limited,66.56,68.7,62.2,66.16,66.0,66.78,,66.16,,,154538,10284002.0,144,F1,1,,,,,,2025-03-27
2025-03-27,2025-03-27,CM,BSE,STK,539516,INF179KC1965,HDFCNIFTY,B,,,,,HDFC Mutual Fund,260.06,261.95,260.06,260.42,261.92,259.83,,260.85,,,1258,328275.0,52,F1,1,,,,,,2025-03-27
2025-03-27,2025-03-27,CM,BSE,STK,539517,INF179KC1HX2,HDFCSENSEX,A,,,,,HDFC Mutual Fund,86.57,86.82,86.42,86.49,86.47,86.0,,86.54,,,2720,235385.0,35,F1,1,,,,,,2025-03-27
2025-03-27,2025-03-27,CM,BSE,STK,539518,INE551B01012,UDAYJEW,X,,,,,Uday Jewellery Industries Limi,151.45,152.35,146.2,146.9,148.6,146.2,,146.9,,,3890,575989.0,48,F1,1,,,,,,2025-03-27
2025-03-27,2025-03-27,CM,BSE,STK,539519,INE280E01038,SATTVASUKU,X,,,,,SATTVA SUKUN LIFECARE LIMITED,1.06,1.14,0.99,1.06,1.05,1.0,,1.06,,,3195169,3294120.0,418,F1,1,,,,,,2025-03-27
2025-03-27,2025-03-27,CM,BSE,STK,539521,INE364T01012,NAVIGANT,MT,,,,,Navigant Corporate Advisors Li,54.0,54.0,54.0,54.0,54.0,55.3,,54.0,,,5000,270000.0,1,F1,2500,,,,,,2025-03-27
2025-03-27,2025-03-27,CM,BSE,STK,539522,INE343C01012,GROVY,X,,,,,Grovy India Limited,47.5,48.88,46.82,47.24,46.82,48.42,,47.24,,,4487,213584.0,34,F1,1,,,,,,2025-03-27
2025-03-27,2025-03-27,CM,BSE,STK,539523,INE540L01014,ALKEM,A,,,,,Alkem Laboratories Limited,4976.05,4998.0,4905.0,4961.65,4940.0,4998.2,,4960.15,,,1916,9464471.0,369,F1,1,,,,,,2025-03-27
2025-03-27,2025-03-27,CM,BSE,STK,539524,INE600L01024,LALPATHLAB,A,,,,,Dr. Lal Pathlabs Limited,2440.0,2542.25,2419.05,2499.45,2504.0,2445.5,,2488.15,,,4004,9871551.0,843,F1,1,,,,,,2025-03-27
2025-03-27,2025-03-27,CM,BSE,STK,539526,INE452S01025,SCTL,X,,,,,Suncare Traders Limited,0.88,0.9,0.83,0.85,0.86,0.88,,0.85,,,186213,161869.0,263,F1,1,,,,,,2025-03-27
2025-03-27,2025-03-27,CM,BSE,STK,539527,INE146E01015,CREATIVE,X,,,,,Creative Castings Limited,588.0,588.0,550.0,552.85,552.75,550.0,,552.85,,,196,108955.0,19,F1,1,,,,,,2025-03-27
2025-03-27,2025-03-27,CM,BSE,STK,539528,INE430R01023,AAYUSH,XT,,,,,AAYUSH WELLNESS LIMITED,55.0,55.0,55.0,55.0,55.0,53.93,,55.0,,,346269,19044795.0,522,F1,1,,,,,,2025-03-27
2025-03-27,2025-03-27,CM,BSE,STK,539533,INE669R01018,ELITECON,XT,,,,,ELITECON INTERNATIONAL LIMITED,317.5,317.5,317.5,317.5,317.5,311.3,,317.5,,,9700,3079750.0,182,F1,1,,,,,,2025-03-27
2025-03-27,2025-03-27,CM,BSE,STK,539542,INE150G01020,LUXIND,B,,,,,LUX Industries Limited,1328.3,1408.95,1328.3,1396.85,1388.25,1333.2,,1399.9,,,10486,14419737.0,1121,F1,1,,,,,,2025-03-27
2025-03-27,2025-03-27,CM,BSE,STK,539544,INE281P01016,ABHIINFRA,XT,,,,,Abhishek Infraventures Limited,7.11,7.11,7.11,7.11,7.11,7.25,,7.11,,,412,2929.0,7,F1,1,,,,,,2025-03-27
2025-03-27,2025-03-27,CM,BSE,STK,539545,INE217S01014,APOORVA,X,,,,,Apoorva Leasing Finance & Inve,34.02,35.72,32.35,32.69,32.43,34.02,,32.69,,,665,21547.0,10,F1,1,,,,,,2025-03-27
2025-03-27,2025-03-27,CM,BSE,STK,539546,INE679E01015,AGRIBIO,X,,,,,AGRIBIO SPIRITS LIMITED,164.7,164.7,160.05,162.15,162.4,161.45,,162.15,,,3550,576331.0,57,F1,1,,,,,,2025-03-27
2025-03-27,2025-03-27,CM,BSE,STK,539551,INE410P01011,NH,A,,,,,Narayana Hrudayalaya Limited,1628.2,1709.95,1590.0,1676.35,1693.0,1630.35,,1673.55,,,60414,101382296.0,3759,F1,1,,,,,,2025-03-27
2025-03-27,2025-03-27,CM,BSE,STK,539552,INE108T01013,FMEC,X,,,,,F MEC INTERNATIONAL FINANCIAL,95.0,95.0,88.05,91.16,93.0,90.5,,91.16,,,26061,2332007.0,193,F1,1,,,,,,2025-03-27
2025-03-27,2025-03-27,CM,BSE,STK,539559,INE005G01026,DDIL,X,,,,,Deep Diamond India Limited,4.52,4.99,4.46,4.52,4.52,4.54,,4.52,,,261474,1221649.0,576,F1,1,,,,,,2025-03-27
2025-03-27,2025-03-27,CM,BSE,STK,539561,INE549S01036,REMLIFE,XT,,,,,REMEDIUM LIFECARE LIMITED,2.02,2.02,1.91,1.91,1.91,2.01,,1.91,,,1720874,3295404.0,2495,F1,1,,,,,,2025-03-27
2025-03-27,2025-03-27,CM,BSE,STK,539562,INE750R01016,AARNAV,X,,,,,AARNAV FASHIONS LIMITED,51.25,52.0,50.05,50.11,50.49,51.42,,50.11,,,42745,2164264.0,263,F1,1,,,,,,2025-03-27
2025-03-27,2025-03-27,CM,BSE,STK,539574,INE974F01025,SCL,XT,,,,,Sunshine Capital Ltd.,0.61,0.61,0.59,0.59,0.59,0.62,,0.59,,,3146706,1865968.0,2136,F1,1,,,,,,2025-03-27
2025-03-27,2025-03-27,CM,BSE,STK,539584,INE104S01022,SIPTL,X,,,,,SHARANAM INFRAPROJECT AND TRAD,0.7,0.7,0.7,0.7,0.7,0.73,,0.7,,,1915139,1340597.0,643,F1,1,,,,,,2025-03-27
2025-03-27,2025-03-27,CM,BSE,STK,539593,INE728Q01014,SHIVA,X,,,,,Shivansh Finserv Limited,5.76,5.76,5.15,5.16,5.16,5.76,,5.16,,,28380,146491.0,14,F1,1,,,,,,2025-03-27
2025-03-27,2025-03-27,CM,BSE,STK,539594,INE094S01041,MISHTANN,T,,,,,Mishtann Foods Limited,4.81,4.87,4.57,4.57,4.57,4.81,,4.57,,,5133133,23815493.0,9348,F1,1,,,,,,2025-03-27
2025-03-27,2025-03-27,CM,BSE,STK,539596,INE681Q01015,DELTA,X,,,,,Delta Industrial Resources Lim,11.4,11.4,10.5,10.5,10.5,11.05,,10.5,,,13114,139110.0,51,F1,1,,,,,,2025-03-27
2025-03-27,2025-03-27,CM,BSE,STK,539598,INE727C01024,CGFL,XT,,,,,CREDENT GLOBAL FINANCE LIMITED,29.0,29.0,27.55,28.0,28.0,29.0,,28.0,,,33652,942854.0,57,F1,1,,,,,,2025-03-27
2025-03-27,2025-03-27,CM,BSE,STK,539607,INE373T01047,BLUECLOUDS,T,,,,,Blue Cloud Softech Solutions L,17.85,17.98,17.0,17.62,17.62,17.14,,17.62,,,744891,13201845.0,1365,F1,1,,,,,,2025-03-27
2025-03-27,2025-03-27,CM,BSE,STK,539620,INE534E01020,KEIL,X,,,,,KANORIA ENERGY & INFRASTRUCTUR,25.26,25.48,23.7,24.3,24.02,25.26,,24.3,,,21109,516997.0,75,F1,1,,,,,,2025-03-27
2025-03-27,2025-03-27,CM,BSE,STK,539621,INE368E01023,BCLENTERPR,X,,,,,BCL Enterprises Limited,0.77,0.79,0.72,0.74,0.74,0.78,,0.74,,,271912,204272.0,268,F1,1,,,,,,2025-03-27
2025-03-27,2025-03-27,CM,BSE,STK,539636,INE484I01029,PRECAM,B,,,,,Precision Camshafts Limited,172.85,181.85,169.0,175.1,174.8,171.3,,175.35,,,10402,1819857.0,576,F1,1,,,,,,2025-03-27
2025-03-27,2025-03-27,CM,BSE,STK,539658,INE985S01024,TEAMLEASE,A,,,,,TeamLease Services Limited,1871.8,1871.8,1824.95,1835.85,1835.85,1872.7,,1833.9,,,2370,4356406.0,405,F1,1,,,,,,2025-03-27
2025-03-27,2025-03-27,CM,BSE,STK,539659,INE564S01019,KAMATS,T,,,,,VIKRAM KAMATS HOSPITALITY LIMI,67.0,69.0,66.97,66.97,66.97,67.0,,66.97,,,1007,67441.0,6,F1,1,,,,,,2025-03-27
2025-03-27,2025-03-27,CM,BSE,STK,539660,INE052T01013,BESTAGRO,T,,,,,BEST AGROLIFE LIMITED,259.5,259.5,257.0,257.0,257.0,254.45,,257.0,,,16525,4279450.0,134,F1,1,,,,,,2025-03-27
2025-03-27,2025-03-27,CM,BSE,STK,539661,INE023R01018,ACEMEN,X,,,,,ACE MEN ENGG WORKS LIMITED,79.0,84.79,79.0,80.75,80.0,87.0,,80.75,,,2521,199171.0,11,F1,1,,,,,,2025-03-27
2025-03-27,2025-03-27,CM,BSE,STK,539662,INE948Q01018,BFLAFL,XT,,,,,BFL Asset Finvest Limited,11.8,12.18,11.15,11.18,11.15,11.73,,11.18,,,36821,416009.0,129,F1,1,,,,,,2025-03-27
2025-03-27,2025-03-27,CM,BSE,STK,539669,INE684D01025,RGF,XT,,,,,RGF Capital Markets Limited,0.78,0.78,0.78,0.78,0.78,0.77,,0.78,,,281240,219367.0,26,F1,1,,,,,,2025-03-27
2025-03-27,2025-03-27,CM,BSE,STK,539673,INE792P01020,RCL,Z,,,,,Radhagobind Commercial Limited,2.23,2.3,2.22,2.23,2.22,2.23,,2.23,,,101304,225743.0,12,F1,1,,,,,,2025-03-27
2025-03-27,2025-03-27,CM,BSE,STK,539678,INE306L01010,QUICKHEAL,B,,,,,Quick Heal Technologies Limite,299.8,299.8,286.6,294.4,292.0,288.1,,294.7,,,10384,3040601.0,665,F1,1,,,,,,2025-03-27
2025-03-27,2025-03-27,CM,BSE,STK,539679,INE332Q01015,KAPILRAJ,X,,,,,Kapil Raj Finance Ltd.,73.36,73.36,73.36,73.36,73.36,73.0,,73.36,,,50,3668.0,1,F1,1,,,,,,2025-03-27
2025-03-27,2025-03-27,CM,BSE,STK,539682,INE622Q01019,LUCENT,T,,,,,LUCENT INDUSTRIES LIMITED,624.0,624.0,624.0,624.0,624.0,624.0,,624.0,,,50,31200.0,6,F1,1,,,,,,2025-03-27
2025-03-27,2025-03-27,CM,BSE,STK,539686,INE127T01021,KPEL,B,,,,,K.P. Energy Limited,362.25,382.35,362.2,379.65,380.0,367.2,,379.8,,,87645,32674424.0,2986,F1,1,,,,,,2025-03-27
2025-03-27,2025-03-27,CM,BSE,STK,539692,INE064T01018,IFINSER,X,,,,,INTERACTIVE FINANCIAL SERVICES,24.25,26.0,24.24,25.51,25.75,25.25,,25.51,,,61001,1563230.0,17,F1,1,,,,,,2025-03-27
2025-03-27,2025-03-27,CM,BSE,STK,539697,INE966Q01010,HILIKS,X,,,,,HILIKS TECHNOLOGIES LIMITED,62.31,66.75,60.71,60.72,64.0,63.9,,60.72,,,26733,1638619.0,63,F1,1,,,,,,2025-03-27
2025-03-27,2025-03-27,CM,BSE,STK,539725,INE314T01025,GOKULAGRO,B,,,,,Gokul Agro Resources Ltd,230.0,241.25,225.0,236.4,236.4,233.1,,237.15,,,49087,11555342.0,1740,F1,1,,,,,,2025-03-27
2025-03-27,2025-03-27,CM,BSE,STK,539730,INE194R01017,FREDUN,X,,,,,Fredun Pharmaceuticals Limited,708.0,708.0,680.2,682.35,683.0,692.75,,682.35,,,19140,13153600.0,189,F1,1,,,,,,2025-03-27
2025-03-27,2025-03-27,CM,BSE,STK,539742,INE748T01016,SIMBHALS,T,,,,,Simbhaoli Sugars Ltd,13.5,13.5,13.0,13.0,13.0,13.68,,12.66,,,7224,94162.0,29,F1,1,,,,,,2025-03-27
2025-03-27,2025-03-27,CM,BSE,STK,539760,INE773T01014,RELICAB,T,,,,,Relicab Cable Manufacturing Li,48.3,48.8,46.47,46.84,47.0,48.91,,46.84,,,53187,2501742.0,115,F1,1,,,,,,2025-03-27
2025-03-27,2025-03-27,CM,BSE,STK,539761,INE427T01025,VKAL,XT,,,,,Vantage Knowledge Academy Limi,22.0,22.0,22.0,22.0,22.0,23.15,,22.0,,,11757,258654.0,144,F1,1,,,,,,2025-03-27
2025-03-27,2025-03-27,CM,BSE,STK,539762,INE250S01015,MEAPL,X,,,,,MODERN ENGINEERING AND PROJECT,26.7,26.75,24.41,24.41,24.41,25.69,,24.41,,,136837,3374694.0,246,F1,1,,,,,,2025-03-27
2025-03-27,2025-03-27,CM,BSE,STK,539767,INE216Q01010,MNIL,X,,,,,Mega Nirman & Industries Limit,17.88,17.94,17.54,17.66,17.66,16.31,,17.66,,,3617,63981.0,13,F1,1,,,,,,2025-03-27
2025-03-27,2025-03-27,CM,BSE,STK,539770,INE830S01014,DARJEELING,XT,,,,,Darjeeling Ropeway Company Lim,30.0,30.0,27.55,29.96,30.0,29.0,,29.96,,,6604,190537.0,40,F1,1,,,,,,2025-03-27
2025-03-27,2025-03-27,CM,BSE,STK,539773,INE178T01024,ADVIKCA,X,,,,,Advik Capital Limited,1.66,1.76,1.45,1.53,1.53,1.63,,1.53,,,5460608,8465933.0,2402,F1,1,,,,,,2025-03-27
2025-03-27,2025-03-27,CM,BSE,STK,539784,INF767K01PC8,LICNFNHGP,B,,,,,LIC MF EXHNGE TRADED FUND NIFT,263.2,263.2,263.2,263.2,263.2,260.01,,263.49,,,68,17897.0,8,F1,1,,,,,,2025-03-27
2025-03-27,2025-03-27,CM,BSE,STK,539785,INE865T01018,PDMJEPAPER,T,,,,,Pudumjee Paper Products Limite,96.3,98.25,94.1,95.75,97.0,98.25,,95.95,,,28059,2698398.0,430,F1,1,,,,,,2025-03-27
2025-03-27,2025-03-27,CM,BSE,STK,539787,INE075I01017,HCG,B,,,,,HealthCare Global Enterprises,518.4,531.25,511.1,526.95,528.95,516.9,,527.7,,,8560,4479516.0,494,F1,1,,,,,,2025-03-27
2025-03-27,2025-03-27,CM,BSE,STK,539788,INE030U01025,KDML,MT,,,,,Khemani Distributors & Marketi,143.2,144.0,143.2,144.0,144.0,150.0,,144.0,,,2400,344640.0,2,F1,1200,,,,,,2025-03-27
2025-03-27,2025-03-27,CM,BSE,STK,539798,INE173U01015,UMIYA,XT,,,,,Umiya Tubes Limited,28.37,28.37,28.36,28.36,28.36,28.93,,28.36,,,16651,472293.0,13,F1,1,,,,,,2025-03-27
2025-03-27,2025-03-27,CM,BSE,STK,539799,INE316L01019,BHARATWIRE,B,,,,,Bharat Wire Ropes Limited,174.6,182.3,167.95,180.4,180.6,174.6,,180.85,,,40633,7189979.0,774,F1,1,,,,,,2025-03-27
2025-03-27,2025-03-27,CM,BSE,STK,539800,INE043U01010,CHDCHEM,X,,,,,CHD Chemicals Limited,5.89,5.89,5.51,5.54,5.54,5.89,,5.54,,,10573,59006.0,26,F1,1,,,,,,2025-03-27
2025-03-27,2025-03-27,CM,BSE,STK,539807,INE483S01020,INFIBEAM,A,,,,,INFIBEAM AVENUES LIMITED,16.89,17.54,16.75,17.1,17.1,17.04,,17.06,,,3492462,59759029.0,5273,F1,1,,,,,,2025-03-27
2025-03-27,2025-03-27,CM,BSE,STK,539814,INE204S01012,LELAVOIR,X,,,,,LE LAVOIR LIMITED,278.0,278.05,256.1,269.75,260.0,264.85,,269.75,,,6709,1857495.0,98,F1,1,,,,,,2025-03-27
2025-03-27,2025-03-27,CM,BSE,STK,539834,INE119R01014,BALGOPAL,XT,,,,,Balgopal Commercial limited,158.5,160.0,158.5,160.0,160.0,161.7,,160.0,,,97686,15513231.0,17,F1,1,,,,,,2025-03-27
2025-03-27,2025-03-27,CM,BSE,STK,539835,INE574R01028,SUPERIOR,X,,,,,Superior Finlease Limited,1.82,1.82,1.66,1.66,1.66,1.83,,1.66,,,5719,9626.0,15,F1,1,,,,,,2025-03-27
2025-03-27,2025-03-27,CM,BSE,STK,539837,INE912T01018,RPEL,B,,,,,RAGHAV PRODUCTIVITY ENHANCERS,533.6,538.4,511.0,524.05,517.65,534.7,,522.95,,,6811,3545241.0,672,F1,1,,,,,,2025-03-27
2025-03-27,2025-03-27,CM,BSE,STK,539841,INE359U01028,LANCER,T,,,,,Lancer Container Lines Limited,14.04,14.75,14.04,14.04,14.04,14.77,,14.04,,,946058,13284366.0,2492,F1,1,,,,,,2025-03-27
2025-03-27,2025-03-27,CM,BSE,STK,539843,INE395U01014,NINSYS,B,,,,,NINtec Systems Limited,458.95,462.7,450.7,455.7,455.0,459.3,,453.8,,,701,320006.0,102,F1,1,,,,,,2025-03-27
2025-03-27,2025-03-27,CM,BSE,STK,539854,INE115S01010,HALDER,X,,,,,Halder Venture Limited,629.95,641.0,575.5,604.4,602.0,614.8,,604.4,,,13275,8155321.0,318,F1,1,,,,,,2025-03-27
2025-03-27,2025-03-27,CM,BSE,STK,539871,INE594H01019,THYROCARE,B,,,,,Thyrocare Technologies Limited,713.45,718.45,698.25,700.75,701.4,716.8,,700.65,,,2306,1634439.0,270,F1,1,,,,,,2025-03-27
2025-03-27,2025-03-27,CM,BSE,STK,539872,INE411U01027,BAJAJHCARE,B,,,,,Bajaj Healthcare Limited,713.65,720.0,697.6,708.2,710.45,702.55,,708.45,,,19704,13963623.0,1038,F1,1,,,,,,2025-03-27
2025-03-27,2025-03-27,CM,BSE,STK,539875,INE616F01022,RSDFIN,X,,,,,RSD Finance Limited,129.9,129.9,119.0,119.25,122.8,124.1,,119.25,,,766,91819.0,20,F1,1,,,,,,2025-03-27
2025-03-27,2025-03-27,CM,BSE,STK,539876,INE299U01018,CROMPTON,A,,,,,Crompton Greaves Consumer Elec,360.0,360.2,350.0,355.1,355.5,360.0,,354.75,,,42554,15053819.0,2275,F1,1,,,,,,2025-03-27
2025-03-27,2025-03-27,CM,BSE,STK,539883,INE417C01014,PILANIINVS,B,,,,,Pilani Investment And Industri,4007.7,4035.0,3946.4,3972.0,3978.0,4014.0,,3971.25,,,1275,5080193.0,277,F1,1,,,,,,2025-03-27
2025-03-27,2025-03-27,CM,BSE,STK,539884,INE671T01028,DARSHANORNA,XT,,,,,Darshan Orna Limited,2.33,2.48,2.26,2.39,2.43,2.37,,2.39,,,308099,730993.0,276,F1,1,,,,,,2025-03-27
2025-03-27,2025-03-27,CM,BSE,STK,539889,INE883N01014,PARAGMILK,B,,,,,Parag Milk Foods Limited,153.3,158.7,153.25,156.35,156.35,153.3,,156.55,,,94989,14873727.0,1470,F1,1,,,,,,2025-03-27
2025-03-27,2025-03-27,CM,BSE,STK,539894,INE631R01026,MADHAVIPL,X,,,,,Madhav Infra Projects Limited,10.99,11.46,10.9,11.03,11.13,10.99,,11.03,,,223302,2476706.0,599,F1,1,,,,,,2025-03-27
2025-03-27,2025-03-27,CM,BSE,STK,539895,INE631E01024,SAGL,XT,,,,,Shalimar Agencies Limited,11.65,11.65,11.45,11.45,11.45,11.65,,11.45,,,43138,494453.0,32,F1,1,,,,,,2025-03-27
2025-03-27,2025-03-27,CM,BSE,STK,539911,INE730R01042,SNIM,X,,,,,Svarnim Trade Udyog Limited,27.9,27.9,27.9,27.9,27.9,26.6,,27.9,,,1,27.0,1,F1,1,,,,,,2025-03-27
2025-03-27,2025-03-27,CM,BSE,STK,539917,INE454M01024,NAGAFERT,B,,,,,NAGARJUNA FERTILIZERS AND CHEM,4.68,4.72,4.34,4.39,4.39,4.82,,4.37,,,1952302,8852034.0,1518,F1,1,,,,,,2025-03-27
2025-03-27,2025-03-27,CM,BSE,STK,539921,INE440T01028,SEIL,X,,,,,Shanti Educational Initiatives,87.0,90.5,83.05,83.53,84.78,85.99,,83.53,,,107608,9262977.0,146,F1,1,,,,,,2025-03-27
2025-03-27,2025-03-27,CM,BSE,STK,539927,INE920T01011,LIKHAMI,XT,,,,,LIKHAMI CONSULTING LIMITED,497.75,497.75,470.0,497.75,497.75,474.05,,497.75,,,617,307056.0,19,F1,1,,,,,,2025-03-27
2025-03-27,2025-03-27,CM,BSE,STK,539938,INE858Q01019,MIL,X,,,,,Medico Intercontinental Limite,39.3,39.3,37.0,37.64,37.0,39.24,,37.64,,,12851,488389.0,75,F1,1,,,,,,2025-03-27
2025-03-27,2025-03-27,CM,BSE,STK,539939,INE571U01010,YASHCHEM,X,,,,,Yash Chemex Limited,49.85,50.8,46.76,49.73,48.0,47.22,,49.73,,,31869,1578471.0,83,F1,1,,,,,,2025-03-27
2025-03-27,2025-03-27,CM,BSE,STK,539945,INF109KC11V0,NV20IETF,B,,,,,ICICI Prudential NV20 ETF,13.89,14.23,13.89,14.16,14.23,14.21,,14.15,,,196286,2773854.0,385,F1,1,,,,,,2025-03-27
2025-03-27,2025-03-27,CM,BSE,STK,539946,INE217E01014,BAZELINTER,X,,,,,Bazel International Limited,67.0,67.0,63.76,63.76,63.76,67.0,,63.76,,,180,11647.0,12,F1,1,,,,,,2025-03-27
2025-03-27,2025-03-27,CM,BSE,STK,539947,INE919T01013,JLL,X,,,,,JINDAL LEASEFIN LIMITED,40.0,43.0,39.6,42.97,42.97,41.51,,42.97,,,62,2502.0,5,F1,1,,,,,,2025-03-27
2025-03-27,2025-03-27,CM,BSE,STK,539956,INE524T01011,TAALENT,X,,,,,TAAL Enterprises Limited,2565.0,2660.0,2474.0,2498.1,2498.1,2512.0,,2498.1,,,1616,4119224.0,243,F1,1,,,,,,2025-03-27
2025-03-27,2025-03-27,CM,BSE,STK,539957,INE002S01010,MGL,A,,,,,Mahanagar Gas Limited,1338.05,1379.05,1333.05,1368.05,1368.05,1349.1,,1367.35,,,12572,17088570.0,1583,F1,1,,,,,,2025-03-27
2025-03-27,2025-03-27,CM,BSE,STK,539963,INE819S01025,ZEAL,X,,,,,Zeal Aqua Limited,11.85,12.18,11.65,11.88,11.88,11.8,,11.88,,,124777,1473149.0,354,F1,1,,,,,,2025-03-27
2025-03-27,2025-03-27,CM,BSE,STK,539978,INE615P01015,QUESS,A,,,,,Quess Corp Limited,656.4,664.5,650.0,662.05,659.6,661.05,,660.2,,,6501,4276197.0,470,F1,1,,,,,,2025-03-27
2025-03-27,2025-03-27,CM,BSE,STK,539979,INE731U01028,DIGJAMLMTD,T,,,,,DIGJAM LIMITED,38.77,38.99,36.1,36.48,36.1,37.98,,36.34,,,17195,629765.0,37,F1,1,,,,,,2025-03-27
2025-03-27,2025-03-27,CM,BSE,STK,539980,INF109KC10W0,MIDSELIETF,B,,,,,ICICI Prudential BSE Midcap Se,16.02,16.16,16.02,16.11,16.11,16.04,,16.13,,,25145,404102.0,419,F1,1,,,,,,2025-03-27
2025-03-27,2025-03-27,CM,BSE,STK,539984,INE799B01017,HUIL,X,,,,,HINDUSTHAN URBAN INFRASTRUCTUR,2146.05,2150.0,2069.95,2106.5,2088.4,2145.45,,2106.5,,,514,1074381.0,56,F1,1,,,,,,2025-03-27
2025-03-27,2025-03-27,CM,BSE,STK,539986,INE073V01015,COMSYN,T,,,,,Commercial Syn Bags Limited,80.86,80.86,80.86,80.86,80.86,82.51,,77.42,,,200,16172.0,2,F1,1,,,,,,2025-03-27
2025-03-27,2025-03-27,CM,BSE,STK,539991,INE700F01024,CFEL,XT,,,,,CONFIDENCE FUTURISTIC ENERGETE,76.0,77.99,73.86,73.99,75.0,77.74,,73.99,,,54898,4107940.0,124,F1,1,,,,,,2025-03-27
2025-03-27,2025-03-27,CM,BSE,STK,539992,INE093R01011,LLOYDSENGG,A,,,,,LLOYDS ENGINEERING WORKS LIMIT,57.2,59.18,56.6,58.84,58.84,57.0,,58.86,,,403381,23279366.0,1692,F1,1,,,,,,2025-03-27
2025-03-27,2025-03-27,CM,BSE,STK,539997,INE552U01010,KPL,B,,,,,Kwality Pharmaceuticals Limite,840.0,892.0,805.0,873.5,873.5,806.7,,873.5,,,40306,34333924.0,1319,F1,1,,,,,,2025-03-27
2025-03-27,2025-03-27,CM,BSE,STK,540005,INE214T01019,LTIM,A,,,,,LTIMindtree Limited,4607.95,4671.0,4552.05,4658.8,4650.55,4617.4,,4655.95,,,8343,38637308.0,1696,F1,1,,,,,,2025-03-27
2025-03-27,2025-03-27,CM,BSE,STK,540006,INE595R01023,EASTWEST,X,,,,,EAST WEST FREIGHT CARRIERS LTD,5.4,5.9,5.3,5.77,5.77,5.39,,5.77,,,804859,4565401.0,562,F1,1,,,,,,2025-03-27
2025-03-27,2025-03-27,CM,BSE,STK,540008,INF209KB10E8,BSLSENETFG,A,,,,,Aditya Birla Sun Life BSE Sens,78.7,78.7,76.65,76.65,76.65,77.35,,76.66,,,203,15568.0,10,F1,1,,,,,,2025-03-27
2025-03-27,2025-03-27,CM,BSE,STK,540023,INE621I01042,COLORCHIPS,XT,,,,,COLORCHIPS NEW MEDIA LIMITED,24.0,24.7,23.83,23.95,23.85,25.08,,23.95,,,2949,70534.0,56,F1,1,,,,,,2025-03-27
2025-03-27,2025-03-27,CM,BSE,STK,540025,INE837H01020,ADVENZYMES,A,,,,,Advanced Enzyme Technologies L,280.0,280.75,275.7,276.6,276.15,278.25,,277.05,,,13861,3856868.0,419,F1,1,,,,,,2025-03-27
2025-03-27,2025-03-27,CM,BSE,STK,540026,INE213U01019,LAHL,XT,,,,,Ladam Affortable Housing Limit,5.91,5.91,5.91,5.91,5.91,6.2,,5.91,,,2591,15312.0,2,F1,1,,,,,,2025-03-27
2025-03-27,2025-03-27,CM,BSE,STK,540047,INE917M01012,DBL,A,,,,,Dilip Buildcon Limited,448.0,481.2,448.0,478.2,478.2,454.6,,477.65,,,30082,14235629.0,1239,F1,1,,,,,,2025-03-27
2025-03-27,2025-03-27,CM,BSE,STK,540048,INE212I01016,SPAL,B,,,,,S.P. Apparels Limited,610.05,697.05,610.05,692.5,684.15,632.3,,692.7,,,3657,2467330.0,630,F1,1,,,,,,2025-03-27
2025-03-27,2025-03-27,CM,BSE,STK,540061,INE412U01025,BIGBLOC,B,,,,,Bigbloc Construction Limited,65.0,65.01,62.18,63.51,63.0,63.43,,63.71,,,69259,4406461.0,1594,F1,1,,,,,,2025-03-27
2025-03-27,2025-03-27,CM,BSE,STK,540062,INE222U01010,GOLDENCREST,XT,,,,,Golden Crest Education & Servi,464.0,464.0,464.0,464.0,464.0,441.95,,464.0,,,427,198128.0,9,F1,1,,,,,,2025-03-27
2025-03-27,2025-03-27,CM,BSE,STK,540063,INE925Q01024,ECS,X,,,,,ECS Biztech Limited,9.49,10.25,8.55,8.91,8.91,9.49,,8.91,,,19888,186223.0,63,F1,1,,,,,,2025-03-27
2025-03-27,2025-03-27,CM,BSE,STK,540065,INE976G01028,RBLBANK,A,,,,,RBL Bank Limited,177.5,180.15,175.4,177.05,176.4,179.1,,176.9,,,662667,117520463.0,5791,F1,1,,,,,,2025-03-27
2025-03-27,2025-03-27,CM,BSE,STK,540072,INE191V01015,SHIVAEXPO,M,,,,,Shiva Granito Export Limited,15.35,15.35,15.35,15.35,15.35,16.15,,15.35,,,10000,153500.0,1,F1,10000,,,,,,2025-03-27
2025-03-27,2025-03-27,CM,BSE,STK,540073,INE153T01027,BLS,A,,,,,BLS International Services Ltd,395.0,403.15,389.75,399.25,399.25,396.65,,398.7,,,85996,34047790.0,2049,F1,1,,,,,,2025-03-27
2025-03-27,2025-03-27,CM,BSE,STK,540078,INE317V01016,MITSU,B,,,,,Mitsu Chem Plast Limited,86.5,89.0,85.55,86.16,86.16,86.98,,86.16,,,62070,5381593.0,438,F1,1,,,,,,2025-03-27
2025-03-27,2025-03-27,CM,BSE,STK,540079,INE537U01029,SPRAYKING,B,,,,,Sprayking Limited,6.86,7.09,5.8,6.57,6.57,6.86,,6.57,,,526230,3455371.0,753,F1,1,,,,,,2025-03-27
2025-03-27,2025-03-27,CM,BSE,STK,540080,INE715T01031,DHATRE,X,,,,,Dhatre Udyog Limited,7.89,8.14,7.41,7.49,7.5,7.86,,7.49,,,366846,2779068.0,722,F1,1,,,,,,2025-03-27
2025-03-27,2025-03-27,CM,BSE,STK,540081,INE860T01019,SABEVENTS,T,,,,,Sab Events & Governance Now Me,4.05,4.05,4.05,4.05,4.05,4.13,,3.98,,,1025,4151.0,5,F1,1,,,,,,2025-03-27
2025-03-27,2025-03-27,CM,BSE,STK,540083,INE871L01013,TVVISION,T,,,,,TV VISION LIMITED,4.35,4.45,4.35,4.45,4.45,4.37,,4.45,,,16839,74514.0,21,F1,1,,,,,,2025-03-27
2025-03-27,2025-03-27,CM,BSE,STK,540097,INE890S01026,GAMCO,X,,,,,GAMCO LIMITED,46.45,46.45,43.38,44.54,44.65,46.35,,44.54,,,51905,2351609.0,328,F1,1,,,,,,2025-03-27
2025-03-27,2025-03-27,CM,BSE,STK,540108,INE864T01011,TIAANC,Z,,,,,TIAAN CONSUMER LIMITED,7.84,8.24,7.46,7.83,7.83,7.85,,7.83,,,1251,9457.0,10,F1,1,,,,,,2025-03-27
2025-03-27,2025-03-27,CM,BSE,STK,540115,INE010V01017,LTTS,A,,,,,L&T Technology Services Limite,4514.95,4562.0,4420.7,4455.15,4455.15,4514.7,,4447.9,,,9056,40480685.0,1608,F1,1,,,,,,2025-03-27
2025-03-27,2025-03-27,CM,BSE,STK,540124,INE934S01014,GNA,B,,,,,G N A Axles Limited,319.75,333.0,319.6,330.1,320.0,324.55,,330.1,,,16120,5296690.0,646,F1,1,,,,,,2025-03-27
2025-03-27,2025-03-27,CM,BSE,STK,540125,INE583V01021,RADHIKAJWE,B,,,,,Radhika Jeweltech Limited,80.01,83.42,79.74,80.99,80.99,82.03,,80.87,,,29444,2402217.0,720,F1,1,,,,,,2025-03-27
2025-03-27,2025-03-27,CM,BSE,STK,540132,INE400R01018,SIIL,XT,,,,,Sabrimala Industries India Lim,10.3,10.32,9.81,10.32,10.32,10.32,,10.32,,,1102,10818.0,13,F1,1,,,,,,2025-03-27
2025-03-27,2025-03-27,CM,BSE,STK,540133,INE726G01019,ICICIPRULI,A,,,,,ICICI Prudential Life Insuranc,601.95,601.95,580.25,590.75,591.85,588.5,,591.4,,,9986,5874608.0,1036,F1,1,,,,,,2025-03-27
2025-03-27,2025-03-27,CM,BSE,STK,540134,INE818R01011,IISL,X,,,,,ISHAAN INFRASTRUCTURE AND SHEL,6.45,6.45,5.1,5.1,5.1,6.37,,5.1,,,143006,740661.0,93,F1,1,,,,,,2025-03-27
2025-03-27,2025-03-27,CM,BSE,STK,540135,INE202R01026,ARCFIN,XT,,,,,ARC Finance Limited,1.1,1.1,1.06,1.06,1.06,1.11,,1.06,,,1844369,1959844.0,1821,F1,1,,,,,,2025-03-27
2025-03-27,2025-03-27,CM,BSE,STK,540136,INE495S01016,HPL,B,,,,,HPL Electric & Power Limited,417.0,429.15,416.85,419.25,421.0,424.1,,419.0,,,32902,13867393.0,1719,F1,1,,,,,,2025-03-27
2025-03-27,2025-03-27,CM,BSE,STK,540143,INE184B01012,SAGARSOFT,X,,,,,Sagarsoft (India) Limited,142.15,156.85,142.15,143.3,143.05,150.5,,143.3,,,2099,302906.0,20,F1,1,,,,,,2025-03-27
2025-03-27,2025-03-27,CM,BSE,STK,540145,INE565V01010,VALIANTORG,B,,,,,Valiant Organics Limited,265.0,270.35,260.5,263.9,263.9,265.8,,264.15,,,23284,6137720.0,1186,F1,1,,,,,,2025-03-27
2025-03-27,2025-03-27,CM,BSE,STK,540146,INE427V01013,ACML,MT,,,,,ADITYA CONSUMER MARKETING LIMI,33.0,34.2,32.0,32.8,32.8,32.62,,32.8,,,23000,745210.0,19,F1,1000,,,,,,2025-03-27
2025-03-27,2025-03-27,CM,BSE,STK,540147,INE700V01021,SHASHIJIT,T,,,,,Shashijit Infraprojects Limite,6.85,6.85,6.85,6.85,6.85,6.98,,6.85,,,582695,3991460.0,183,F1,1,,,,,,2025-03-27
2025-03-27,2025-03-27,CM,BSE,STK,540151,INE942P01013,DIKSAT,M,,,,,Diksat Transworld Limited,145.0,145.0,140.0,140.0,140.0,140.0,,140.0,,,1500,213750.0,2,F1,750,,,,,,2025-03-27
2025-03-27,2025-03-27,CM,BSE,STK,540153,INE913H01037,ENDURANCE,A,,,,,Endurance Technologies Limited,1991.75,2010.0,1948.7,1965.9,1960.45,1993.3,,1972.3,,,3077,6091532.0,883,F1,1,,,,,,2025-03-27
2025-03-27,2025-03-27,CM,BSE,STK,540159,INE905R01016,PURPLE,X,,,,,Purple Entertainment Limited,3.97,3.97,3.71,3.71,3.71,3.97,,3.71,,,9100,33763.0,10,F1,1,,,,,,2025-03-27
2025-03-27,2025-03-27,CM,BSE,STK,540168,INE268T01015,SUPRAPFSL,X,,,,,Supra Pacific Financial Servic,30.3,30.5,29.04,29.93,29.5,29.92,,29.93,,,14160,426739.0,47,F1,1,,,,,,2025-03-27
2025-03-27,2025-03-27,CM,BSE,STK,540173,INE572E01012,PNBHOUSING,A,,,,,PNB Housing Finance Limited,853.05,877.9,850.85,871.8,865.05,851.9,,871.05,,,22013,19037733.0,1181,F1,1,,,,,,2025-03-27
2025-03-27,2025-03-27,CM,BSE,STK,540174,INE298B01010,SOUTHERNIN,X,,,,,Southern Infosys Limited,25.64,25.64,24.36,24.42,24.42,25.64,,24.42,,,591,14543.0,20,F1,1,,,,,,2025-03-27
2025-03-27,2025-03-27,CM,BSE,STK,540175,INE964R01013,REGENCY,XT,,,,,REGENCY FINCORP LIMITED,28.77,28.77,28.77,28.77,28.77,29.35,,28.77,,,4856,139707.0,12,F1,1,,,,,,2025-03-27
2025-03-27,2025-03-27,CM,BSE,STK,540180,INE200M01039,VBL,A,,,,,Varun Beverages Limited,528.45,539.4,524.85,536.75,536.75,527.95,,536.3,,,382049,204090004.0,11617,F1,1,,,,,,2025-03-27
2025-03-27,2025-03-27,CM,BSE,STK,540181,INE894E01028,SALEM,X,,,,,Salem Erode Investments Ltd.,44.78,44.94,42.5,42.5,42.5,45.0,,42.5,,,300,12985.0,5,F1,1,,,,,,2025-03-27
2025-03-27,2025-03-27,CM,BSE,STK,540190,INE789R01022,FRANKLININD,X,,,,,Franklin Industries Limited,2.15,2.17,2.06,2.08,2.08,2.15,,2.08,,,2244408,4705903.0,1869,F1,1,,,,,,2025-03-27
2025-03-27,2025-03-27,CM,BSE,STK,540192,INE341H01023,LKPSEC,X,,,,,LKP Securities Limited,20.79,20.79,18.6,19.29,19.29,20.41,,19.29,,,153953,3004599.0,417,F1,1,,,,,,2025-03-27
2025-03-27,2025-03-27,CM,BSE,STK,540198,INE186R01013,OSIAJEE,XT,,,,,OSIAJEE TEXFAB LIMITED,150.0,150.0,149.95,150.0,150.0,153.0,,150.0,,,66393,9958756.0,147,F1,1,,,,,,2025-03-27
2025-03-27,2025-03-27,CM,BSE,STK,540199,INE850R01014,CMBL,XT,,,,,Corporate Merchant Bankers Lim,35.33,35.33,35.33,35.33,35.33,33.65,,35.33,,,3,105.0,1,F1,1,,,,,,2025-03-27
2025-03-27,2025-03-27,CM,BSE,STK,540203,INE916U01025,SFL,A,,,,,Sheela Foam Limited,718.45,729.35,713.1,721.15,715.45,724.5,,720.8,,,14550,10493839.0,1498,F1,1,,,,,,2025-03-27
2025-03-27,2025-03-27,CM,BSE,STK,540204,INE666Q01016,EIKO,X,,,,,EIKO LIFESCIENCES LIMITED,54.29,54.9,51.0,51.75,51.75,53.15,,51.75,,,155519,8047036.0,163,F1,1,,,,,,2025-03-27
2025-03-27,2025-03-27,CM,BSE,STK,540205,INE679V01027,AVL,B,,,,,Aditya Vision Limited,435.0,466.2,433.9,459.1,442.0,435.2,,460.3,,,9454,4249154.0,730,F1,1,,,,,,2025-03-27
2025-03-27,2025-03-27,CM,BSE,STK,540210,INE759V01019,HEADSUP,T,,,,,Heads UP Ventures Limited,10.97,11.76,10.8,10.82,10.87,11.25,,10.74,,,7140,79307.0,48,F1,1,,,,,,2025-03-27
2025-03-27,2025-03-27,CM,BSE,STK,540212,INE586V01016,TCIEXP,B,,,,,TCI Express Limited,640.05,650.0,610.0,619.8,621.85,649.15,,619.5,,,17643,11077983.0,1644,F1,1,,,,,,2025-03-27
2025-03-27,2025-03-27,CM,BSE,STK,540222,INE947Q01028,LAURUSLABS,A,,,,,Laurus Labs Limited,618.95,620.4,606.4,617.9,619.05,614.7,,617.7,,,31751,19472134.0,1311,F1,1,,,,,,2025-03-27
2025-03-27,2025-03-27,CM,BSE,STK,540252,INE607V01028,VSL,B,,,,,VEERAM SECURITIES LIMITED,9.39,10.0,9.39,9.67,9.67,9.58,,9.67,,,96067,931317.0,407,F1,1,,,,,,2025-03-27
2025-03-27,2025-03-27,CM,BSE,STK,540254,INE245H01018,MTPL,X,,,,,MARG TECHNO PROJECTS LIMITED,29.51,32.37,29.51,32.37,32.37,32.54,,32.37,,,16,493.0,6,F1,1,,,,,,2025-03-27
2025-03-27,2025-03-27,CM,BSE,STK,540259,INE118R01032,SHANGAR,X,,,,,SHANGAR DECOR LIMITED,1.0,1.06,1.0,1.06,1.06,1.01,,1.06,,,7115577,7538109.0,905,F1,1,,,,,,2025-03-27
2025-03-27,2025-03-27,CM,BSE,STK,540266,INE804Q01013,GLCL,Z,,,,,Globe Commercials Limited,23.35,25.55,23.33,23.33,23.33,24.55,,23.33,,,9015,213785.0,120,F1,1,,,,,,2025-03-27
2025-03-27,2025-03-27,CM,BSE,STK,540267,INE318U01016,FLORACORP,X,,,,,Flora Corporation Limited,7.57,7.57,7.57,7.57,7.57,7.58,,7.57,,,41,310.0,1,F1,1,,,,,,2025-03-27
2025-03-27,2025-03-27,CM,BSE,STK,540268,INE615R01029,TRU,T,,,,,TruCap Finance Limited,7.86,7.88,7.47,7.47,7.47,7.86,,7.4,,,92215,701585.0,182,F1,1,,,,,,2025-03-27
2025-03-27,2025-03-27,CM,BSE,STK,540293,INE726V01018,PRICOLLTD,A,,,,,Pricol Limited,450.7,459.45,448.7,454.05,454.1,452.05,,453.95,,,13862,6296835.0,1004,F1,1,,,,,,2025-03-27
2025-03-27,2025-03-27,CM,BSE,STK,540310,INE181U01018,CFL,X,,,,,Classic Filaments Limited,24.0,25.8,21.11,24.64,24.58,25.8,,24.64,,,6474,146283.0,40,F1,1,,,,,,2025-03-27
2025-03-27,2025-03-27,CM,BSE,STK,540311,INE863T01013,JITFINFRA,T,,,,,JITF INFRALOGISTICS LIMITED,390.65,390.65,390.65,390.65,390.65,398.6,,390.65,,,20760,8109894.0,33,F1,1,,,,,,2025-03-27
2025-03-27,2025-03-27,CM,BSE,STK,540358,INE655V01019,RMC,MT,,,,,RMC SWITCHGEARS LIMITED,710.0,712.7,700.0,712.7,712.7,698.75,,712.7,,,24500,17375825.0,65,F1,125,,,,,,2025-03-27
2025-03-27,2025-03-27,CM,BSE,STK,540359,INE240T01014,PARMAX,X,,,,,Parmax Pharma Limited,41.41,41.41,41.41,41.41,41.41,40.6,,41.41,,,407,16853.0,8,F1,1,,,,,,2025-03-27
2025-03-27,2025-03-27,CM,BSE,STK,540360,INE715Q01029,LLFICL,XT,,,,,LEADING LEASING FINANCE AND IN,5.4,5.4,4.98,4.98,4.98,5.24,,4.98,,,160267,813482.0,245,F1,1,,,,,,2025-03-27
2025-03-27,2025-03-27,CM,BSE,STK,540361,INE575D01041,DANUBE,X,,,,,DANUBE INDUSTRIES LIMITED,3.44,3.59,3.05,3.22,3.24,3.45,,3.22,,,193140,639339.0,295,F1,1,,,,,,2025-03-27
2025-03-27,2025-03-27,CM,BSE,STK,540366,INE919I01024,RADIOCITY,B,,,,,Music Broadcast Limited,9.49,9.52,9.06,9.2,9.2,9.42,,9.18,,,1782727,16663605.0,552,F1,1,,,,,,2025-03-27
2025-03-27,2025-03-27,CM,BSE,STK,540376,INE192R01011,DMART,A,,,,,Avenue Supermarts Limited,3944.0,4083.95,3931.3,4064.85,4064.85,3944.0,,4065.0,,,12654,50890983.0,3319,F1,1,,,,,,2025-03-27
2025-03-27,2025-03-27,CM,BSE,STK,540377,INE714U01024,IFL,B,,,,,IFL ENTERPRISES LIMITED,0.7,0.71,0.63,0.65,0.65,0.7,,0.65,,,8823825,5824689.0,2436,F1,1,,,,,,2025-03-27
2025-03-27,2025-03-27,CM,BSE,STK,540386,INE989S01042,ONTIC,X,,,,,Ontic Finserve Limited,0.77,0.77,0.65,0.68,0.68,0.72,,0.68,,,165760,114716.0,115,F1,1,,,,,,2025-03-27
2025-03-27,2025-03-27,CM,BSE,STK,540393,INE017W01010,SMLT,B,,,,,Sarthak Metals Limited,110.6,112.1,97.15,99.75,100.0,110.55,,99.2,,,27680,2828967.0,706,F1,1,,,,,,2025-03-27
2025-03-27,2025-03-27,CM,BSE,STK,540395,INE298W01016,CHEMCRUX,B,,,,,Chemcrux Enterprises Limited,103.0,106.95,101.0,103.05,104.45,104.05,,103.05,,,17152,1773120.0,435,F1,1,,,,,,2025-03-27
2025-03-27,2025-03-27,CM,BSE,STK,540396,INE784W01015,MANOMAY,B,,,,,Manomay Tex India Limited,161.0,169.95,155.0,169.9,169.85,162.15,,165.3,,,1228,199397.0,54,F1,1,,,,,,2025-03-27
2025-03-27,2025-03-27,CM,BSE,STK,540401,INE544W01021,MAXIMUS,XT,,,,,Maximus International Limited,10.05,10.69,9.76,9.87,10.35,10.25,,9.87,,,336657,3338593.0,457,F1,1,,,,,,2025-03-27
2025-03-27,2025-03-27,CM,BSE,STK,540403,INE201M01029,CLEDUCATE,B,,,,,CL Educate Limited,71.67,78.08,70.45,78.08,78.08,70.99,,78.2,,,17535,1317030.0,177,F1,1,,,,,,2025-03-27
2025-03-27,2025-03-27,CM,BSE,STK,540404,INE442V01012,PRIMEFRESH,MT,,,,,PRIME FRESH LIMITED,119.0,119.0,116.15,116.2,116.2,122.25,,116.2,,,112500,13091625.0,88,F1,750,,,,,,2025-03-27
2025-03-27,2025-03-27,CM,BSE,STK,540405,INE711V01010,OCEANIC,X,,,,,Oceanic Foods Limited,41.0,42.99,40.25,41.46,41.0,41.99,,41.46,,,1084,44309.0,13,F1,1,,,,,,2025-03-27
2025-03-27,2025-03-27,CM,BSE,STK,540416,INE208U01019,OCTAWARE,MT,,,,,Octaware Technologies Limited,23.25,23.25,23.25,23.25,23.25,24.47,,23.25,,,1600,37200.0,1,F1,1600,,,,,,2025-03-27
2025-03-27,2025-03-27,CM,BSE,STK,540425,INE274V01019,SHANKARA,B,,,,,Shankara Building Products Lim,580.0,587.95,544.35,548.1,547.1,581.85,,547.9,,,11093,6263360.0,719,F1,1,,,,,,2025-03-27
2025-03-27,2025-03-27,CM,BSE,STK,540481,INE949C01016,CLFL,X,,,,,Classic Leasing & Finance Ltd.,30.88,34.12,30.88,33.0,33.0,32.5,,33.0,,,18,576.0,6,F1,1,,,,,,2025-03-27
2025-03-27,2025-03-27,CM,BSE,STK,540492,INE594W01042,STARLENT,T,,,,,STARLINEPS ENTERPRISES LIMITED,5.6,5.6,5.6,5.6,5.6,5.71,,5.6,,,47503,266016.0,156,F1,1,,,,,,2025-03-27
2025-03-27,2025-03-27,CM,BSE,STK,540497,INE807K01035,SCHAND,B,,,,,S Chand And Company Limited,170.75,172.45,169.7,170.65,169.7,170.4,,171.05,,,2660,455621.0,130,F1,1,,,,,,2025-03-27
2025-03-27,2025-03-27,CM,BSE,STK,540515,INE453S01015,KANUNGO,X,,,,,KANUNGO FINANCIERS LIMITED,8.66,8.66,7.85,7.85,7.85,8.25,,7.85,,,10060,79219.0,13,F1,1,,,,,,2025-03-27
2025-03-27,2025-03-27,CM,BSE,STK,540519,INE343X01018,MEERA,T,,,,,Meera Industries Limited,58.75,60.0,56.26,58.29,59.0,59.22,,58.29,,,116906,6683997.0,207,F1,1,,,,,,2025-03-27
2025-03-27,2025-03-27,CM,BSE,STK,540526,INE183W23014,IRBINVIT,IF,,,,,IRB InvIT Fund,51.91,52.2,51.25,51.54,51.39,51.95,,51.43,,,70804,3660576.0,409,F1,1,,,,,,2025-03-27
2025-03-27,2025-03-27,CM,BSE,STK,540530,INE031A01017,HUDCO,A,,,,,Housing &Urban Development Cor,196.05,203.5,196.0,200.35,200.35,196.65,,200.2,,,404884,81561594.0,5473,F1,1,,,,,,2025-03-27
2025-03-27,2025-03-27,CM,BSE,STK,540544,INE488V01015,PSPPROJECT,B,,,,,PSP Projects Limited,633.0,637.0,630.6,633.8,634.0,629.35,,633.2,,,6514,4116337.0,163,F1,1,,,,,,2025-03-27
2025-03-27,2025-03-27,CM,BSE,STK,540545,INE986W01016,BGJL,X,,,,,Bhakti Gems And Jewellery Limi,12.0,12.01,10.6,11.33,11.49,12.02,,11.33,,,22233,251129.0,147,F1,1,,,,,,2025-03-27
2025-03-27,2025-03-27,CM,BSE,STK,540550,INE796W01019,YUG,M,,,,,Yug Decor Limited,34.99,35.0,34.99,35.0,35.0,35.0,,35.0,,,6900,241465.0,2,F1,3450,,,,,,2025-03-27
2025-03-27,2025-03-27,CM,BSE,STK,540565,INE219X23014,INDIGRID,IF,,,,,IndiGrid Infrastructure Trust,141.85,142.5,140.25,142.21,142.49,141.28,,142.25,,,22496,3175045.0,150,F1,1,,,,,,2025-03-27
2025-03-27,2025-03-27,CM,BSE,STK,540570,INE717F01028,VARIMAN,X,,,,,VARIMAN GLOBAL ENTERPRISES LIM,9.38,9.5,8.9,9.01,9.01,9.29,,9.01,,,1714262,15523378.0,269,F1,1,,,,,,2025-03-27
2025-03-27,2025-03-27,CM,BSE,STK,540575,INE460H01021,STARCEMENT,A,,,,,Star Cement Limited,212.9,218.3,209.75,217.3,217.8,212.9,,217.5,,,38504,8323780.0,995,F1,1,,,,,,2025-03-27
2025-03-27,2025-03-27,CM,BSE,STK,540590,INE325X01015,RIDDHICORP,X,,,,,Riddhi Corporate Services Limi,61.48,63.3,59.3,60.37,60.37,61.48,,60.37,,,7366,447639.0,37,F1,1,,,,,,2025-03-27
2025-03-27,2025-03-27,CM,BSE,STK,540595,INE010J01012,TEJASNET,A,,,,,Tejas Networks Limited,749.5,787.0,741.65,776.7,776.7,748.9,,776.45,,,328502,254103389.0,7691,F1,1,,,,,,2025-03-27
2025-03-27,2025-03-27,CM,BSE,STK,540596,INE406M01024,ERIS,A,,,,,Eris Lifesciences Limited,1298.75,1430.0,1275.0,1407.8,1374.4,1312.2,,1405.5,,,7587,10360765.0,860,F1,1,,,,,,2025-03-27
2025-03-27,2025-03-27,CM,BSE,STK,540597,INE319U01022,CONTAINER,XT,,,,,Containerway International Lim,47.25,47.25,42.75,47.0,47.0,45.0,,47.0,,,4044,183842.0,28,F1,1,,,,,,2025-03-27
2025-03-27,2025-03-27,CM,BSE,STK,540602,INE869I01013,GTPL,B,,,,,GTPL Hathway Limited,106.25,110.25,106.25,108.3,107.35,108.2,,107.8,,,4037,438701.0,769,F1,1,,,,,,2025-03-27
2025-03-27,2025-03-27,CM,BSE,STK,540611,INE949L01017,AUBANK,A,,,,,AU Small Finance Bank Limited,572.8,573.1,544.7,555.15,555.15,573.1,,554.4,,,100357,55727795.0,4625,F1,1,,,,,,2025-03-27
2025-03-27,2025-03-27,CM,BSE,STK,540612,INF109KC19U5,LOWVOLIETF,B,,,,,ICICI Prudential Nifty Low Vol,20.52,20.68,20.45,20.62,20.59,20.52,,20.62,,,61526,1264070.0,390,F1,1,,,,,,2025-03-27
2025-03-27,2025-03-27,CM,BSE,STK,540614,INE694X01030,GGENG,B,,,,,G G Engineering Limited,0.91,0.91,0.82,0.83,0.83,0.9,,0.83,,,21859777,18598932.0,5928,F1,1,,,,,,2025-03-27
2025-03-27,2025-03-27,CM,BSE,STK,540615,INE413X01035,7NR,X,,,,,7NR Retail Limited,3.94,4.05,3.9,3.92,3.93,3.97,,3.92,,,44518,175968.0,144,F1,1,,,,,,2025-03-27
2025-03-27,2025-03-27,CM,BSE,STK,540642,INE170V01027,SALASAR,A,,,,,Salasar Techno Engineering Lim,9.64,9.87,8.94,9.02,9.05,9.56,,9.02,,,3824752,35382775.0,5126,F1,1,,,,,,2025-03-27
2025-03-27,2025-03-27,CM,BSE,STK,540647,INE335W01016,GANGESSECU,B,,,,,Ganges Securities Ltd.,142.0,144.3,138.45,139.8,139.8,140.95,,140.65,,,2256,315677.0,112,F1,1,,,,,,2025-03-27
2025-03-27,2025-03-27,CM,BSE,STK,540648,INE471W01019,PALASHSECU,B,,,,,Palash Securities Limited,132.9,138.5,121.4,124.25,124.25,126.0,,122.8,,,5926,780698.0,353,F1,1,,,,,,2025-03-27
2025-03-27,2025-03-27,CM,BSE,STK,540649,INE349W01017,AVADHSUGAR,B,,,,,AVADH SUGAR & ENERGY LIMITED,437.3,456.6,435.5,451.05,448.15,438.75,,451.75,,,4516,2018652.0,328,F1,1,,,,,,2025-03-27
2025-03-27,2025-03-27,CM,BSE,STK,540650,INE347W01011,MAGADSUGAR,B,,,,,Magadh Sugar & Energy Limited,621.2,621.2,602.0,604.1,602.0,612.4,,609.15,,,104,64296.0,14,F1,1,,,,,,2025-03-27
2025-03-27,2025-03-27,CM,BSE,STK,540654,INE632W01016,GSTL,XT,,,,,GlobalSpace Technologies Limit,18.0,18.88,17.89,18.0,18.0,18.34,,18.0,,,56685,1026210.0,73,F1,1,,,,,,2025-03-27
2025-03-27,2025-03-27,CM,BSE,STK,540669,INF789F1AUW9,UTINEXT50,B,,,,,UTI Mutual Fund,66.5,67.89,66.5,67.59,67.56,66.43,,67.64,,,6610,441626.0,37,F1,1,,,,,,2025-03-27
2025-03-27,2025-03-27,CM,BSE,STK,540673,INE285J01028,SIS,B,,,,,SIS LIMITED,327.3,332.0,325.0,327.3,327.0,330.8,,327.15,,,20822,6813822.0,819,F1,1,,,,,,2025-03-27
2025-03-27,2025-03-27,CM,BSE,STK,540678,INE704P01025,COCHINSHIP,A,,,,,Cochin Shipyard Limited,1449.55,1474.75,1419.35,1425.95,1425.95,1451.35,,1424.95,,,55144,80017908.0,2564,F1,1,,,,,,2025-03-27
2025-03-27,2025-03-27,CM,BSE,STK,540679,INE320X01016,SMSLIFE,B,,,,,SMS Lifesciences India Ltd,1127.25,1143.1,1121.2,1135.3,1135.3,1114.0,,1140.45,,,50,56734.0,47,F1,1,,,,,,2025-03-27
2025-03-27,2025-03-27,CM,BSE,STK,540680,INE880L01014,KIOCL,A,,,,,KIOCL Limited,239.0,246.2,235.35,242.9,244.2,237.75,,243.2,,,18793,4528122.0,1131,F1,1,,,,,,2025-03-27
2025-03-27,2025-03-27,CM,BSE,STK,540686,INE172E01011,SMRUTHIORG,X,,,,,Smruthi Organics Limited,110.7,116.15,110.0,110.9,110.6,115.0,,110.9,,,35278,3944873.0,140,F1,1,,,,,,2025-03-27
2025-03-27,2025-03-27,CM,BSE,STK,540691,INE674K01013,ABCAPITAL,A,,,,,Aditya Birla Capital Ltd,181.15,186.45,178.0,185.25,185.25,181.45,,185.2,,,323889,59460359.0,3302,F1,1,,,,,,2025-03-27
2025-03-27,2025-03-27,CM,BSE,STK,540692,INE346W01013,APEX,B,,,,,Apex Frozen Foods Limited,223.45,227.6,211.7,213.2,220.0,222.6,,213.05,,,9510,2070679.0,844,F1,1,,,,,,2025-03-27
2025-03-27,2025-03-27,CM,BSE,STK,540693,INE145Y01023,SHISHIND,T,,,,,Shish Industries Limited,9.43,9.43,9.43,9.43,9.43,9.62,,9.43,,,31732,299232.0,142,F1,1,,,,,,2025-03-27
2025-03-27,2025-03-27,CM,BSE,STK,540694,INE236W01016,ANG,B,,,,,ANG Lifesciences India Limited,23.79,23.79,21.64,21.64,21.64,22.77,,21.64,,,48863,1083031.0,261,F1,1,,,,,,2025-03-27
2025-03-27,2025-03-27,CM,BSE,STK,540696,INE185U01035,KCDGROUP,X,,,,,KCD INDUSTRIES INDIA LIMITED,6.08,6.4,5.8,5.86,5.86,6.07,,5.86,,,176537,1049971.0,185,F1,1,,,,,,2025-03-27
2025-03-27,2025-03-27,CM,BSE,STK,540699,INE935N01020,DIXON,A,,,,,Dixon Technologies (India) Lim,13261.05,13669.25,13255.0,13526.65,13526.65,13252.1,,13511.1,,,22865,308153049.0,7268,F1,1,,,,,,2025-03-27
2025-03-27,2025-03-27,CM,BSE,STK,540700,INE727S01012,BRNL,B,,,,,Bharat Road Network Limited,33.97,33.97,30.05,30.58,30.78,31.47,,30.46,,,33500,1037018.0,537,F1,1,,,,,,2025-03-27
2025-03-27,2025-03-27,CM,BSE,STK,540701,INE385W01011,DCAL,B,,,,,Dishman Carbogen Amcis Limited,221.95,226.7,219.9,224.4,226.0,222.45,,224.25,,,18235,4076160.0,882,F1,1,,,,,,2025-03-27
2025-03-27,2025-03-27,CM,BSE,STK,540702,INE670X01014,LASA,B,,,,,Lasa Supergenerics Limited,18.48,18.48,16.65,16.99,17.07,18.48,,17.16,,,69248,1209638.0,466,F1,1,,,,,,2025-03-27
2025-03-27,2025-03-27,CM,BSE,STK,540703,INE438C01010,PROCLB,XT,,,,,PRO CLB GLOBAL LIMITED,37.16,37.16,36.6,36.6,36.6,37.34,,36.6,,,383,14171.0,12,F1,1,,,,,,2025-03-27
2025-03-27,2025-03-27,CM,BSE,STK,540704,INE866R01028,MATRIMONY,B,,,,,Matrimony.com Limited,536.0,536.0,530.0,531.7,530.0,533.7,,531.55,,,1038,553022.0,212,F1,1,,,,,,2025-03-27
2025-03-27,2025-03-27,CM,BSE,STK,540709,INE217K01011,RHFL,B,,,,,Reliance Home Finance Limited,3.36,3.39,3.19,3.22,3.22,3.35,,3.21,,,470884,1529346.0,1651,F1,1,,,,,,2025-03-27
2025-03-27,2025-03-27,CM,BSE,STK,540710,INE264T01014,CAPACITE,A,,,,,Capacit'e Infraprojects Limite,350.0,361.4,347.25,358.95,355.3,351.5,,359.2,,,35362,12564060.0,1424,F1,1,,,,,,2025-03-27
2025-03-27,2025-03-27,CM,BSE,STK,540716,INE765G01017,ICICIGI,A,,,,,ICICI Lombard General Insuranc,1768.0,1798.0,1764.7,1794.05,1770.0,1771.65,,1794.25,,,3046,5427166.0,1071,F1,1,,,,,,2025-03-27
2025-03-27,2025-03-27,CM,BSE,STK,540717,INE689M01025,PQIF,B,,,,,Polo Queen Industrial and Fint,57.8,57.8,57.8,57.8,57.8,60.8,,57.8,,,16212,937053.0,271,F1,1,,,,,,2025-03-27
2025-03-27,2025-03-27,CM,BSE,STK,540718,INE777X01017,AAYUSHBULL,M,,,,,AAYUSH ART AND BULLION LIMITED,803.0,803.0,744.0,790.1,790.1,771.8,,790.1,,,40000,30848650.0,45,F1,500,,,,,,2025-03-27
2025-03-27,2025-03-27,CM,BSE,STK,540719,INE123W01016,SBILIFE,A,,,,,SBI Life Insurance Company Lim,1520.4,1552.2,1520.4,1545.05,1545.05,1542.7,,1544.9,,,16445,25352710.0,2232,F1,1,,,,,,2025-03-27
2025-03-27,2025-03-27,CM,BSE,STK,540724,INE393P01035,DIAMONDYD,B,,,,,Prataap Snacks Limited,1019.6,1078.25,1018.55,1074.35,1062.75,1027.6,,1073.65,,,2597,2723068.0,375,F1,1,,,,,,2025-03-27
2025-03-27,2025-03-27,CM,BSE,STK,540725,INE932X01026,SHAREINDIA,B,,,,,Share India Securities Limited,163.85,172.9,160.9,170.15,170.15,162.55,,170.25,,,106466,17876395.0,2634,F1,1,,,,,,2025-03-27
2025-03-27,2025-03-27,CM,BSE,STK,540726,INE071Y01013,TTFL,T,,,,,Trident Texofab Limited,171.35,177.0,167.1,172.15,172.1,174.85,,172.15,,,51563,8886701.0,143,F1,1,,,,,,2025-03-27
2025-03-27,2025-03-27,CM,BSE,STK,540727,INE973X01012,POOJA,B,,,,,Poojawestern Metaliks Limited,31.0,31.0,27.6,27.88,27.8,29.22,,27.88,,,40162,1131113.0,129,F1,1,,,,,,2025-03-27
2025-03-27,2025-03-27,CM,BSE,STK,540728,INE327G01032,SAYAJIIND,X,,,,,Sayaji Industries Limited,285.0,285.0,285.0,285.0,285.0,285.0,,285.0,,,632,180120.0,5,F1,1,,,,,,2025-03-27
2025-03-27,2025-03-27,CM,BSE,STK,540729,INE695X01011,VANTABIO,M,,,,,Vanta Bioscience Limited,22.75,24.39,22.53,23.12,24.32,23.7,,23.12,,,38250,878077.0,21,F1,750,,,,,,2025-03-27
2025-03-27,2025-03-27,CM,BSE,STK,540730,INE062Y01020,MEHAI,XT,,,,,Mehai Technology  Limited,15.0,15.0,14.95,14.95,14.95,14.75,,14.95,,,940305,14098340.0,329,F1,1,,,,,,2025-03-27
2025-03-27,2025-03-27,CM,BSE,STK,540735,INE864K01010,IRIS,T,,,,,IRIS Business Services Limited,395.25,395.25,395.25,395.25,395.25,403.3,,389.75,,,129,50987.0,9,F1,1,,,,,,2025-03-27
2025-03-27,2025-03-27,CM,BSE,STK,540737,INE414Y01015,SGRL,B,,,,,Shree Ganesh Remedies Limited,699.1,712.55,695.0,698.2,701.8,695.05,,698.2,,,7130,5011681.0,431,F1,1,,,,,,2025-03-27
2025-03-27,2025-03-27,CM,BSE,STK,540738,INE402Y01028,STL,B,,,,,Shreeji Translogistics Limited,10.0,10.16,9.11,9.22,9.22,10.02,,9.22,,,258481,2451924.0,1141,F1,1,,,,,,2025-03-27
2025-03-27,2025-03-27,CM,BSE,STK,540743,INE850D01014,GODREJAGRO,A,,,,,Godrej Agrovet Limited,767.55,777.95,742.0,759.75,759.0,766.35,,758.85,,,18189,13802515.0,962,F1,1,,,,,,2025-03-27
2025-03-27,2025-03-27,CM,BSE,STK,540749,INE348L01012,MASFIN,B,,,,,MAS Financial Services Limited,251.65,257.35,249.75,255.0,255.0,255.95,,255.1,,,33147,8416877.0,1909,F1,1,,,,,,2025-03-27
2025-03-27,2025-03-27,CM,BSE,STK,540750,INE022Q01020,IEX,A,,,,,Indian Energy Exchange Limited,177.55,180.5,175.15,178.5,178.15,177.05,,178.45,,,169127,30177917.0,2075,F1,1,,,,,,2025-03-27
2025-03-27,2025-03-27,CM,BSE,STK,540755,INE481Y01014,GICRE,A,,,,,General Insurance Corporation,415.05,421.15,414.6,417.15,416.5,419.55,,416.85,,,18096,7545911.0,642,F1,1,,,,,,2025-03-27
2025-03-27,2025-03-27,CM,BSE,STK,540757,INE501Y01019,SCPL,B,,,,,SHEETAL COOL PRODUCTS LIMITED,320.65,322.1,310.35,313.7,311.0,316.85,,312.8,,,6160,1944074.0,297,F1,1,,,,,,2025-03-27
2025-03-27,2025-03-27,CM,BSE,STK,540762,INE974X01010,TIINDIA,A,,,,,Tube Investments of India Ltd,2691.05,2785.1,2680.0,2760.5,2768.45,2709.85,,2761.9,,,7626,20806351.0,2175,F1,1,,,,,,2025-03-27
2025-03-27,2025-03-27,CM,BSE,STK,540767,INE298J01013,NAM-INDIA,A,,,,,NIPPON LIFE INDIA ASSET MANAGE,585.0,594.2,574.0,590.5,591.5,588.5,,589.75,,,25703,15106254.0,1204,F1,1,,,,,,2025-03-27
2025-03-27,2025-03-27,CM,BSE,STK,540768,INE766P01016,MAHLOG,B,,,,,Mahindra Logistics Limited,262.05,273.2,261.5,264.55,264.55,265.1,,265.7,,,32314,8616809.0,1017,F1,1,,,,,,2025-03-27
2025-03-27,2025-03-27,CM,BSE,STK,540769,INE470Y01017,NIACL,A,,,,,The New India Assurance Compan,161.0,161.4,157.05,158.55,158.55,158.45,,158.25,,,138549,22015122.0,1557,F1,1,,,,,,2025-03-27
2025-03-27,2025-03-27,CM,BSE,STK,540774,INE133Y01011,IFGLEXPOR,B,,,,,IFGL Refractories Limited,357.05,371.0,350.05,355.7,350.05,357.1,,355.4,,,4723,1692919.0,309,F1,1,,,,,,2025-03-27
2025-03-27,2025-03-27,CM,BSE,STK,540775,INE834I01025,KHADIM,B,,,,,Khadim India Limited,296.15,299.9,291.0,295.15,291.0,295.75,,294.65,,,2761,813447.0,376,F1,1,,,,,,2025-03-27
2025-03-27,2025-03-27,CM,BSE,STK,540776,INE618L01018,5PAISA,B,,,,,5paisa Capital Limited,365.7,378.75,353.65,371.0,373.0,365.7,,373.55,,,12484,4494621.0,627,F1,1,,,,,,2025-03-27
2025-03-27,2025-03-27,CM,BSE,STK,540777,INE795G01014,HDFCLIFE,A,,,,,HDFC LIFE INSURANCE COMPANY LI,662.35,684.55,662.35,682.15,682.15,668.5,,681.9,,,66911,45504624.0,3977,F1,1,,,,,,2025-03-27
2025-03-27,2025-03-27,CM,BSE,STK,540782,INE204Y01010,SBRANDS,M,,,,,Sanghvi Brands Limited,10.83,10.83,10.82,10.82,10.82,11.38,,10.82,,,10000,108210.0,6,F1,1000,,,,,,2025-03-27
2025-03-27,2025-03-27,CM,BSE,STK,540786,INE669Y01022,SHARIKA,B,,,,,SHARIKA ENTERPRISES LIMITED,22.24,22.24,20.92,21.24,21.28,21.69,,21.24,,,80380,1706431.0,392,F1,1,,,,,,2025-03-27
2025-03-27,2025-03-27,CM,BSE,STK,540787,INF109KB15Y7,ICICIB22,A,,,,,ICICI Prudential Mutual Fund,103.52,105.0,103.42,104.53,104.53,103.5,,104.6,,,66636,6957436.0,480,F1,1,,,,,,2025-03-27
2025-03-27,2025-03-27,CM,BSE,STK,540788,INE500C01017,ASPIRA,XT,,,,,Aspira Pathlab & Diagnostics L,89.71,89.71,89.71,89.71,89.71,94.43,,89.71,,,1949,174844.0,27,F1,1,,,,,,2025-03-27
2025-03-27,2025-03-27,CM,BSE,STK,540789,INE016M01021,DNAMEDIA,B,,,,,Diligent Media Corporation Lim,5.02,5.12,4.85,4.95,5.06,5.05,,4.97,,,14341,71350.0,162,F1,1,,,,,,2025-03-27
2025-03-27,2025-03-27,CM,BSE,STK,540795,INE600Y01019,DYCL,B,,,,,Dynamic Cables Limited,543.05,575.0,534.1,555.9,551.25,541.7,,557.65,,,18356,10190335.0,1561,F1,1,,,,,,2025-03-27
2025-03-27,2025-03-27,CM,BSE,STK,540796,INE821Y01011,RATNABHUMI,B,,,,,Ratnabhumi Developers Limited,109.8,109.8,103.3,103.3,103.3,102.8,,103.3,,,24517,2691872.0,6,F1,1,,,,,,2025-03-27
2025-03-27,2025-03-27,CM,BSE,STK,540797,INE597J01018,SHALBY,B,,,,,Shalby Limited,190.45,198.75,190.45,195.75,195.7,193.95,,196.25,,,17424,3418687.0,537,F1,1,,,,,,2025-03-27
2025-03-27,2025-03-27,CM,BSE,STK,540798,INE935Q01015,FSC,Z,,,,,Future Supply Chain Solutions,1.65,1.69,1.59,1.6,1.67,1.65,,1.61,,,56690,93058.0,84,F1,1,,,,,,2025-03-27
2025-03-27,2025-03-27,CM,BSE,STK,540809,INE333Y01017,MRCAGRO,T,,,,,MRC AGROTECH LIMITED,11.73,12.23,11.38,12.15,12.15,11.97,,12.15,,,213081,2531687.0,117,F1,1,,,,,,2025-03-27
2025-03-27,2025-03-27,CM,BSE,STK,540811,INE158R01012,DML,M,,,,,Diggi Multitrade Limited,13.9,13.9,13.0,13.0,13.0,13.23,,13.0,,,15000,199500.0,3,F1,5000,,,,,,2025-03-27
2025-03-27,2025-03-27,CM,BSE,STK,540821,INE994R01028,SADHNA,XT,,,,,SADHNA BROADCAST LTD,2.72,2.84,2.69,2.7,2.7,2.83,,2.7,,,78029,212822.0,160,F1,1,,,,,,2025-03-27
2025-03-27,2025-03-27,CM,BSE,STK,540824,INE646X01014,ASTRON,B,,,,,Astron Paper & Board Mill Limi,11.29,11.5,10.97,10.97,10.97,11.54,,10.98,,,29211,322690.0,81,F1,1,,,,,,2025-03-27
2025-03-27,2025-03-27,CM,BSE,STK,540829,INE371F01016,CHANDRIMA,XT,,,,,Chandrima Mercantiles limited,43.86,45.6,43.86,45.37,45.37,44.75,,45.37,,,65165,2863365.0,18,F1,1,,,,,,2025-03-27
2025-03-27,2025-03-27,CM,BSE,STK,540850,INE841Y01019,JFL,M,,,,,Jhandewalas Foods Limited,50.8,50.8,48.36,48.38,48.38,50.9,,48.38,,,9000,442600.0,7,F1,1000,,,,,,2025-03-27
2025-03-27,2025-03-27,CM,BSE,STK,540874,INE454F01010,7SEASL,X,,,,,7SEAS ENTERTAINMENT LIMITED,66.52,72.9,66.52,72.35,72.35,71.94,,72.35,,,48435,3461283.0,106,F1,1,,,,,,2025-03-27
2025-03-27,2025-03-27,CM,BSE,STK,540879,INE713T01028,APOLLO,B,,,,,Apollo Micro Systems Limited,122.0,125.5,120.55,123.85,123.85,123.05,,123.95,,,644603,79695064.0,4565,F1,1,,,,,,2025-03-27
2025-03-27,2025-03-27,CM,BSE,STK,540900,INE619B01017,NEWGEN,A,,,,,Newgen Software Technologies L,957.4,1038.0,957.4,1009.9,1009.9,969.8,,1009.9,,,101673,103016258.0,6949,F1,1,,,,,,2025-03-27
2025-03-27,2025-03-27,CM,BSE,STK,540901,INE546Y01022,PRAXIS,B,,,,,Praxis Home Retail Limited,9.74,9.74,9.31,9.31,9.31,9.79,,9.29,,,149721,1425293.0,93,F1,1,,,,,,2025-03-27
2025-03-27,2025-03-27,CM,BSE,STK,540902,INE371P01015,AMBER,A,,,,,Amber Enterprises India Limite,6888.3,7200.9,6731.2,7115.95,7111.1,6856.15,,7130.85,,,16359,114112443.0,2474,F1,1,,,,,,2025-03-27
2025-03-27,2025-03-27,CM,BSE,STK,540903,INE422M01013,CRPRISK,M,,,,,CRP Risk Management Limited,5.88,6.18,5.88,5.9,5.9,6.18,,5.9,,,140000,837640.0,32,F1,2000,,,,,,2025-03-27
2025-03-27,2025-03-27,CM,BSE,STK,540904,INE115G01015,TIRUFOAM,X,,,,,TIRUPATI FOAM LIMITED,113.99,113.99,108.5,113.98,113.98,108.82,,113.98,,,124,13552.0,8,F1,1,,,,,,2025-03-27
2025-03-27,2025-03-27,CM,BSE,STK,540914,INE425C01017,SRUSTEELS,X,,,,,SRU Steels Limited,5.7,5.76,5.5,5.76,5.76,5.49,,5.76,,,2799969,15953055.0,588,F1,1,,,,,,2025-03-27
2025-03-27,2025-03-27,CM,BSE,STK,540923,INE760Y01011,ASHOKAMET,B,,,,,Ashoka Metcast Limited,17.01,17.01,16.27,16.41,16.41,16.76,,16.34,,,10643,174947.0,212,F1,1,,,,,,2025-03-27
2025-03-27,2025-03-27,CM,BSE,STK,540935,INE600K01018,GALAXYSURF,A,,,,,Galaxy Surfactants Limited,2107.5,2127.3,2028.2,2057.75,2051.0,2107.5,,2052.55,,,180105,378894412.0,1349,F1,1,,,,,,2025-03-27
2025-03-27,2025-03-27,CM,BSE,STK,540936,INE063Z01017,GGL,B,,,,,Gautam Gems Limited,4.03,4.03,3.73,3.73,3.73,3.92,,3.73,,,385419,1440636.0,168,F1,1,,,,,,2025-03-27
2025-03-27,2025-03-27,CM,BSE,STK,540937,INE630Y01024,MEDICO,B,,,,,MEDICO REMEDIES LIMITED,44.13,47.57,44.13,45.56,45.45,45.03,,45.62,,,150918,6955815.0,1906,F1,1,,,,,,2025-03-27
2025-03-27,2025-03-27,CM,BSE,STK,540938,INE578V01013,GUJHYSPIN,M,,,,,Gujarat Hy-Spin Limited,20.22,20.68,20.2,20.68,20.68,20.53,,20.68,,,40000,813100.0,4,F1,10000,,,,,,2025-03-27
2025-03-27,2025-03-27,CM,BSE,STK,540952,INE740X01023,LAL,T,,,,,LORENZINI APPARELS LIMITED,11.99,11.99,11.77,11.77,11.77,12.01,,11.77,,,4395,51883.0,12,F1,1,,,,,,2025-03-27
2025-03-27,2025-03-27,CM,BSE,STK,540953,INE923Y01023,KENVI,B,,,,,Kenvi Jewels Limited,2.83,3.2,2.75,2.92,2.92,3.17,,2.92,,,705974,2055277.0,840,F1,1,,,,,,2025-03-27
2025-03-27,2025-03-27,CM,BSE,STK,540954,INE586E01020,IWP,X,,,,,The Indian Wood Products Co. L,30.8,32.49,30.61,31.56,31.6,32.07,,31.56,,,113515,3567320.0,234,F1,1,,,,,,2025-03-27
2025-03-27,2025-03-27,CM,BSE,STK,540955,INE773Y01014,TDSL,B,,,,,Tasty Dairy Specialities Limit,7.79,7.79,6.28,6.48,6.48,7.23,,6.48,,,126719,840246.0,235,F1,1,,,,,,2025-03-27
2025-03-27,2025-03-27,CM,BSE,STK,540956,INE341Z01025,BHATIA,B,,,,,Bhatia Communications & Retail,24.41,25.8,23.49,23.88,23.88,24.9,,23.88,,,235365,5745174.0,503,F1,1,,,,,,2025-03-27
2025-03-27,2025-03-27,CM,BSE,STK,540961,INE644Y01017,SHIVAMILLS,B,,,,,Shiva Mills Limited,74.99,74.99,69.0,69.08,70.03,70.45,,68.54,,,2262,159075.0,162,F1,1,,,,,,2025-03-27
2025-03-27,2025-03-27,CM,BSE,STK,540975,INE914M01019,ASTERDM,A,,,,,Aster DM Healthcare Limited,431.3,460.0,431.3,453.25,455.0,439.5,,453.35,,,24618,10964177.0,1108,F1,1,,,,,,2025-03-27
2025-03-27,2025-03-27,CM,BSE,STK,540980,INE868X01014,YSL,X,,,,,The Yamuna Syndicate Ltd,36660.0,36660.0,36660.0,36660.0,36660.0,36530.0,,36660.0,,,5,183300.0,5,F1,1,,,,,,2025-03-27
2025-03-27,2025-03-27,CM,BSE,STK,541005,INE398L01017,KANCOTEA,X,,,,,KANCO TEA & INDUSTRIES LIMITED,67.65,67.65,61.6,62.44,62.44,67.7,,62.44,,,27094,1757653.0,96,F1,1,,,,,,2025-03-27
2025-03-27,2025-03-27,CM,BSE,STK,541019,INE926X01010,HGINFRA,A,,,,,H.G. Infra Engineering Limited,1035.2,1108.85,1031.0,1087.85,1070.75,1054.7,,1087.35,,,24856,26958906.0,2280,F1,1,,,,,,2025-03-27
2025-03-27,2025-03-27,CM,BSE,STK,541083,INE464Z01017,INFLAME,MT,,,,,Inflame Appliances Limited,187.5,188.95,179.5,179.65,180.0,188.9,,179.65,,,91500,16698112.0,102,F1,250,,,,,,2025-03-27
2025-03-27,2025-03-27,CM,BSE,STK,541096,INE365Y01019,BPLPHARMA,XT,,,,,Bharat Parenterals Limited,1012.0,1015.0,980.0,995.2,999.0,992.4,,995.2,,,22087,21810801.0,84,F1,1,,,,,,2025-03-27
2025-03-27,2025-03-27,CM,BSE,STK,541097,INF740KA1EU7,LIQUIDETF,F,,,,,DSP BlackRock Mutual Fund,999.99,1000.01,999.99,999.99,999.99,999.99,,999.99,,,6216,6215978.0,44,F1,1,,,,,,2025-03-27
2025-03-27,2025-03-27,CM,BSE,STK,541112,INE452Z01012,SHREESHAY,MT,,,,,Shreeshay Engineers Limited,27.67,27.67,27.67,27.67,27.67,27.13,,27.67,,,2000,55340.0,1,F1,2000,,,,,,2025-03-27
2025-03-27,2025-03-27,CM,BSE,STK,541143,INE171Z01026,BDL,A,,,,,Bharat Dynamics Limited,1327.35,1339.05,1275.7,1282.8,1289.0,1326.65,,1281.7,,,77132,101513021.0,3657,F1,1,,,,,,2025-03-27
2025-03-27,2025-03-27,CM,BSE,STK,541144,INE380Z01015,ACTIVE,B,,,,,Active Clothing Co  Limited,103.95,107.75,102.9,104.4,104.95,105.3,,104.4,,,9519,1004283.0,223,F1,1,,,,,,2025-03-27
2025-03-27,2025-03-27,CM,BSE,STK,541152,INE705X01026,GOYALALUM,B,,,,,GOYAL ALUMINIUMS LIMITED,8.42,8.43,8.18,8.22,8.22,8.39,,8.22,,,34528,285587.0,400,F1,1,,,,,,2025-03-27
2025-03-27,2025-03-27,CM,BSE,STK,541153,INE545U01014,BANDHANBNK,A,,,,,Bandhan Bank Limited,147.0,149.35,146.3,147.9,147.9,148.7,,148.0,,,772814,114227274.0,6243,F1,1,,,,,,2025-03-27
2025-03-27,2025-03-27,CM,BSE,STK,541154,INE066F01020,HAL,A,,,,,Hindustan Aeronautics Limited,4150.0,4209.2,4120.25,4161.6,4161.6,4127.9,,4160.95,,,99817,416517166.0,10471,F1,1,,,,,,2025-03-27
2025-03-27,2025-03-27,CM,BSE,STK,541161,INE278R01034,KBCGLOBAL,T,,,,,KBC GLOBAL LIMITED,1.01,1.02,1.01,1.01,1.01,1.03,,1.01,,,2383033,2412406.0,381,F1,1,,,,,,2025-03-27
2025-03-27,2025-03-27,CM,BSE,STK,541163,INE278H01035,SANDHAR,B,,,,,Sandhar Technologies Limited,370.35,393.4,370.35,382.15,382.9,385.5,,383.1,,,30671,11799147.0,1084,F1,1,,,,,,2025-03-27
2025-03-27,2025-03-27,CM,BSE,STK,541167,INE616Z01012,YASHO,B,,,,,YASHO INDUSTRIES LIMITED,1733.95,1766.8,1724.85,1743.4,1761.0,1733.95,,1742.15,,,492,862474.0,140,F1,1,,,,,,2025-03-27
2025-03-27,2025-03-27,CM,BSE,STK,541195,INE099Z01011,MIDHANI,A,,,,,Mishra Dhatu Nigam Limited,285.0,285.65,279.4,280.7,280.3,280.4,,281.05,,,27204,7667569.0,801,F1,1,,,,,,2025-03-27
2025-03-27,2025-03-27,CM,BSE,STK,541206,INE426Z01016,OBCL,B,,,,,Orissa Bengal Carrier Limited,53.0,53.12,51.16,51.83,51.16,51.54,,51.41,,,5321,275588.0,39,F1,1,,,,,,2025-03-27
2025-03-27,2025-03-27,CM,BSE,STK,541228,INE459Z01017,TRL,T,,,,,Taylormade Renewables Limited,197.0,197.0,195.35,195.35,195.35,199.3,,195.35,,,29878,5850682.0,153,F1,1,,,,,,2025-03-27
2025-03-27,2025-03-27,CM,BSE,STK,541233,INE970X01018,LEMONTREE,A,,,,,Lemon Tree Hotels Limited,131.95,133.2,128.7,130.5,130.5,131.95,,130.6,,,258959,34004045.0,2769,F1,1,,,,,,2025-03-27
2025-03-27,2025-03-27,CM,BSE,STK,541269,INE783X01023,CHEMFAB,B,,,,,Chemfab Alkalis Ltd,723.45,731.4,719.4,724.85,728.95,727.25,,722.65,,,1665,1203032.0,156,F1,1,,,,,,2025-03-27
2025-03-27,2025-03-27,CM,BSE,STK,541276,INE626Z01029,HARDWYN,T,,,,,HARDWYN INDIA LIMITED,11.78,11.86,11.0,11.41,11.41,11.3,,11.31,,,52636,603236.0,166,F1,1,,,,,,2025-03-27
2025-03-27,2025-03-27,CM,BSE,STK,541299,INE871Z01013,DLCL,M,,,,,DR LALCHANDANI LABS LIMITED,13.2,13.2,11.16,11.16,11.16,13.2,,11.16,,,20000,248720.0,5,F1,4000,,,,,,2025-03-27
2025-03-27,2025-03-27,CM,BSE,STK,541301,INE142Z01019,ORIENTELEC,A,,,,,Orient Electric Limited,214.9,218.45,209.4,211.05,210.15,217.7,,211.3,,,20805,4470257.0,1146,F1,1,,,,,,2025-03-27
2025-03-27,2025-03-27,CM,BSE,STK,541302,INE506Z01015,DHRUV,T,,,,,Dhruv Consultancy Services Lim,71.25,75.49,71.25,73.11,71.5,75.0,,71.59,,,75999,5507219.0,86,F1,1,,,,,,2025-03-27
2025-03-27,2025-03-27,CM,BSE,STK,541303,INE256Z01025,AKSHAR,T,,,,,Akshar Spintex Limited,0.54,0.54,0.52,0.52,0.52,0.54,,0.51,,,838694,437676.0,416,F1,1,,,,,,2025-03-27
2025-03-27,2025-03-27,CM,BSE,STK,541304,INE250Z01010,INDOUS,T,,,,,Indo US Bio-Tech Limited,159.0,163.6,155.0,155.0,155.0,162.65,,156.7,,,9307,1491432.0,34,F1,1,,,,,,2025-03-27
2025-03-27,2025-03-27,CM,BSE,STK,541313,INF109KC1V59,BSE500IETF,A,,,,,ICICI Prudential BSE 500 ETF,35.85,36.2,35.71,35.96,35.79,35.84,,35.88,,,5058,181937.0,54,F1,1,,,,,,2025-03-27
2025-03-27,2025-03-27,CM,BSE,STK,541336,INE896L01010,INDOSTAR,B,,,,,IndoStar Capital Finance Limit,308.7,323.15,301.9,314.05,315.25,302.55,,315.15,,,10023,3124337.0,747,F1,1,,,,,,2025-03-27
2025-03-27,2025-03-27,CM,BSE,STK,541337,INE424Z01011,MILEFUR,M,,,,,Milestone Furniture Limited,4.6,4.6,4.54,4.54,4.54,4.77,,4.54,,,96000,436500.0,9,F1,3000,,,,,,2025-03-27
2025-03-27,2025-03-27,CM,BSE,STK,541338,INE556Z01010,UHZAVERI,B,,,,,U. H. ZAVERI LIMITED,10.75,10.75,9.25,9.3,9.3,10.27,,9.3,,,154269,1462126.0,434,F1,1,,,,,,2025-03-27
2025-03-27,2025-03-27,CM,BSE,STK,541347,INE295Z01015,PARVATI,X,,,,,Parvati Sweetners and Power Lt,7.19,7.19,6.75,6.81,6.81,7.06,,6.81,,,29875,204880.0,111,F1,1,,,,,,2025-03-27
2025-03-27,2025-03-27,CM,BSE,STK,541352,INE00EM01016,MEGASTAR,B,,,,,Megastar Foods Limited,192.3,203.15,189.9,192.3,190.0,204.55,,192.15,,,6841,1327275.0,260,F1,1,,,,,,2025-03-27
2025-03-27,2025-03-27,CM,BSE,STK,541353,INE870Z01015,INNOVATORS,M,,,,,Innovators Facade Systems Limi,201.65,207.95,200.0,204.0,204.0,205.7,,204.0,,,19200,3889360.0,21,F1,800,,,,,,2025-03-27
2025-03-27,2025-03-27,CM,BSE,STK,541358,INE926R01012,UCIL,XT,,,,,UNIFINZ CAPITAL INDIA LIMITED,628.9,628.9,580.0,589.0,589.0,599.85,,589.0,,,3170,1849169.0,27,F1,1,,,,,,2025-03-27
2025-03-27,2025-03-27,CM,BSE,STK,541400,INE518E01015,ZIMLAB,B,,,,,ZIM Laboratories Limited,85.21,85.21,80.5,81.24,81.2,83.86,,81.85,,,17689,1452462.0,208,F1,1,,,,,,2025-03-27
2025-03-27,2025-03-27,CM,BSE,STK,541402,INE692Z01013,AFFORDABLE,B,,,,,Affordable Robotic & Automatio,394.0,395.7,376.3,386.6,392.0,394.0,,386.6,,,12629,4853720.0,1229,F1,1,,,,,,2025-03-27
2025-03-27,2025-03-27,CM,BSE,STK,541403,INE325C01035,DOLLAR,B,,,,,Dollar Industries Limited,375.05,397.0,375.05,381.3,379.6,384.05,,383.5,,,11674,4513049.0,784,F1,1,,,,,,2025-03-27
2025-03-27,2025-03-27,CM,BSE,STK,541418,INE236Y01012,NGIL,B,,,,,NAKODA GROUP OF INDUSTRIES LIM,34.7,34.7,32.22,33.06,33.75,34.07,,33.44,,,12400,419724.0,66,F1,1,,,,,,2025-03-27
2025-03-27,2025-03-27,CM,BSE,STK,541444,INE838Z01012,PALMJEWELS,B,,,,,Palm Jewels Limited,30.94,31.87,30.01,30.02,30.01,31.58,,30.02,,,14372,433859.0,150,F1,1,,,,,,2025-03-27
2025-03-27,2025-03-27,CM,BSE,STK,541445,INE799N01012,WAA,MT,,,,,Waa Solar Limited,65.77,65.77,65.77,65.77,65.77,67.11,,65.77,,,3200,210464.0,4,F1,800,,,,,,2025-03-27
2025-03-27,2025-03-27,CM,BSE,STK,541450,INE364U01010,ADANIGREEN,A,,,,,Adani Green Energy Limited,910.0,966.0,905.0,959.6,959.6,911.75,,959.9,,,504357,474913830.0,13477,F1,1,,,,,,2025-03-27
2025-03-27,2025-03-27,CM,BSE,STK,541540,INE624Z01016,SOLARA,B,,,,,SOLARA ACTIVE PHARMA SCIENCES,509.75,523.4,500.0,509.25,509.25,512.45,,510.4,,,18873,9661817.0,1016,F1,1,,,,,,2025-03-27
2025-03-27,2025-03-27,CM,BSE,STK,541546,INE287Z01012,GAYAHWS,T,,,,,GAYATRI HIGHWAYS LTD,1.23,1.23,1.23,1.23,1.23,1.21,,1.26,,,1784,2194.0,3,F1,1,,,,,,2025-03-27
2025-03-27,2025-03-27,CM,BSE,STK,541556,INE320J01015,RITES,A,,,,,RITES Limited,239.95,239.95,230.1,230.95,230.95,234.45,,230.65,,,110951,25815716.0,1534,F1,1,,,,,,2025-03-27
2025-03-27,2025-03-27,CM,BSE,STK,541557,INE686Y01026,FINEORG,A,,,,,Fine Organic Industries Limite,4014.3,4274.0,3917.65,4069.3,4027.0,4014.35,,4042.7,,,7110,28626493.0,1940,F1,1,,,,,,2025-03-27
2025-03-27,2025-03-27,CM,BSE,STK,541578,INE665L01035,VARROC,A,,,,,Varroc Engineering Limited,440.0,469.0,430.95,443.15,443.15,441.85,,442.3,,,35794,15909732.0,1820,F1,1,,,,,,2025-03-27
2025-03-27,2025-03-27,CM,BSE,STK,541601,INE685Z01033,RAJNISH,T,,,,,Rajnish Wellness Limited,0.93,0.93,0.93,0.93,0.93,0.94,,0.93,,,487201,453096.0,628,F1,1,,,,,,2025-03-27
2025-03-27,2025-03-27,CM,BSE,STK,541627,INE173V01013,GUJWIND,XT,,,,,Gujarat Winding Systems Limite,7.79,7.79,7.79,7.79,7.79,7.94,,7.79,,,2121,16522.0,8,F1,1,,,,,,2025-03-27
2025-03-27,2025-03-27,CM,BSE,STK,541634,INE960Z01014,RAWEDGE,B,,,,,Raw Edge Industrial Solutions,26.85,27.0,26.0,26.09,26.09,26.6,,26.09,,,6124,161918.0,27,F1,1,,,,,,2025-03-27
2025-03-27,2025-03-27,CM,BSE,STK,541702,INE694W01024,ASHNI,X,,,,,Ashnisha Industries Limited,3.4,3.5,3.2,3.24,3.24,3.43,,3.24,,,504048,1671047.0,600,F1,1,,,,,,2025-03-27
2025-03-27,2025-03-27,CM,BSE,STK,541703,INE00WY01013,RACONTEUR,MT,,,,,RACONTEUR GLOBAL RESOURCES LIM,11.9,11.9,11.5,11.5,11.5,11.73,,11.5,,,4800,56480.0,3,F1,1600,,,,,,2025-03-27
2025-03-27,2025-03-27,CM,BSE,STK,541729,INE127D01025,HDFCAMC,A,,,,,HDFC Asset Management Company,4123.5,4140.0,4061.0,4076.5,4076.5,4072.9,,4073.4,,,13796,56389633.0,3263,F1,1,,,,,,2025-03-27
2025-03-27,2025-03-27,CM,BSE,STK,541735,INE299W01022,VIVANTA,X,,,,,Vivanta Industries Limited,2.93,2.93,2.56,2.58,2.58,2.74,,2.58,,,458490,1230370.0,745,F1,1,,,,,,2025-03-27
2025-03-27,2025-03-27,CM,BSE,STK,541741,INE401Z01019,FRATELLI,T,,,,,Fratelli Vineyards Limited,188.9,188.9,175.55,182.0,182.0,181.45,,182.0,,,7625,1386498.0,63,F1,1,,,,,,2025-03-27
2025-03-27,2025-03-27,CM,BSE,STK,541770,INE741K01010,CREDITACC,A,,,,,CreditAccess Grameen Ltd.,916.05,1009.0,916.05,986.55,986.55,921.55,,985.75,,,83120,79618055.0,3756,F1,1,,,,,,2025-03-27
2025-03-27,2025-03-27,CM,BSE,STK,541771,INE572Z01017,AMINTAN,X,,,,,AMIN TANNERY LIMITED,2.25,2.26,2.04,2.1,2.09,2.21,,2.1,,,61335,129383.0,99,F1,1,,,,,,2025-03-27
2025-03-27,2025-03-27,CM,BSE,STK,541778,INE00IY01012,DEEP,B,,,,,Deep Polymers Limited,41.51,42.6,39.11,39.99,39.99,42.13,,39.99,,,125473,5145222.0,565,F1,1,,,,,,2025-03-27
2025-03-27,2025-03-27,CM,BSE,STK,541809,INF109KC1NS5,NEXT50IETF,B,,,,,ICICI Prudential Mutual Fund,64.76,66.21,64.69,65.86,65.73,65.18,,65.95,,,130318,8532883.0,728,F1,1,,,,,,2025-03-27
2025-03-27,2025-03-27,CM,BSE,STK,541865,INE01B501018,ASRL,B,,,,,Add-Shop E-Retail Limited,8.7,8.79,7.9,7.97,7.93,8.54,,7.97,,,152771,1248702.0,563,F1,1,,,,,,2025-03-27
2025-03-27,2025-03-27,CM,BSE,STK,541890,INE797Z01010,SPACEINCUBA,XT,,,,,Space Incubatrics Technologies,1.68,1.68,1.65,1.65,1.65,1.68,,1.65,,,7277,12179.0,33,F1,1,,,,,,2025-03-27
2025-03-27,2025-03-27,CM,BSE,STK,541929,INE00QT01015,SGIL,B,,,,,Synergy Green Industries Limit,396.85,396.85,383.0,385.0,385.0,395.2,,390.65,,,436,169566.0,65,F1,1,,,,,,2025-03-27
2025-03-27,2025-03-27,CM,BSE,STK,541945,INE01A501019,RANJEET,MT,,,,,Ranjeet Mechatronics Limited,47.0,47.46,47.0,47.46,47.46,45.2,,47.46,,,46000,2182240.0,23,F1,2000,,,,,,2025-03-27
2025-03-27,2025-03-27,CM,BSE,STK,541946,INF109KC1KT9,LIQUIDIETF,F,,,,,ICICI Prudential BSE Liquid Ra,1000.0,1000.01,1000.0,1000.0,1000.0,1000.0,,999.99,,,350213,350213081.0,68,F1,1,,,,,,2025-03-27
2025-03-27,2025-03-27,CM,BSE,STK,541956,INE962Y01021,IRCON,A,,,,,IRCON International Ltd,156.15,161.7,155.45,159.75,159.75,158.1,,159.8,,,407013,64762928.0,2926,F1,1,,,,,,2025-03-27
2025-03-27,2025-03-27,CM,BSE,STK,541967,INE01IU01018,SKYGOLD,T,,,,,SKY GOLD LIMITED,319.4,323.95,311.0,314.05,314.05,315.5,,312.3,,,26578,8436941.0,548,F1,1,,,,,,2025-03-27
2025-03-27,2025-03-27,CM,BSE,STK,541972,INF200KA1VQ2,SETFSN50,A,,,,,SBI Mutual Fund,819.84,838.09,819.84,837.19,838.09,828.13,,837.19,,,429,357966.0,15,F1,1,,,,,,2025-03-27
2025-03-27,2025-03-27,CM,BSE,STK,541974,INE00VM01036,MANORAMA,B,,,,,Manorama Industries Limited,1038.95,1084.3,1038.95,1080.95,1084.3,1058.2,,1080.6,,,9820,10435457.0,1385,F1,1,,,,,,2025-03-27
2025-03-27,2025-03-27,CM,BSE,STK,541988,INE216P01012,AAVAS,A,,,,,AAVAS Financiers Limited,2009.55,2100.8,1974.25,2090.25,2090.25,2010.05,,2087.35,,,11461,23521912.0,1298,F1,1,,,,,,2025-03-27
2025-03-27,2025-03-27,CM,BSE,STK,542011,INE382Z01011,GRSE,A,,,,,Garden Reach Shipbuilders & En,1700.0,1729.05,1675.1,1696.75,1696.0,1701.05,,1695.95,,,46519,79314534.0,2426,F1,1,,,,,,2025-03-27
2025-03-27,2025-03-27,CM,BSE,STK,542012,INE911Z01017,A1L,B,,,,,A-1 LIMITED,485.05,533.0,450.1,458.55,458.55,498.95,,458.55,,,264640,128584772.0,933,F1,1,,,,,,2025-03-27
2025-03-27,2025-03-27,CM,BSE,STK,542013,INE666Y01010,DOLFIN,B,,,,,Dolfin Rubbers Limited,202.0,202.05,202.0,202.0,202.0,200.15,,202.0,,,2566,518367.0,20,F1,1,,,,,,2025-03-27
2025-03-27,2025-03-27,CM,BSE,STK,542019,INE01J501010,SHUBHAM,B,,,,,Shubham Polyspin Limited,18.71,18.99,18.51,18.7,18.8,18.76,,18.7,,,19187,357914.0,80,F1,1,,,,,,2025-03-27
2025-03-27,2025-03-27,CM,BSE,STK,542020,INE642Z01026,AKI,T,,,,,AKI India Limited,8.3,8.4,8.25,8.25,8.25,8.41,,8.25,,,18999,156926.0,27,F1,1,,,,,,2025-03-27
2025-03-27,2025-03-27,CM,BSE,STK,542025,INE206Z01020,SUNRETAIL,M,,,,,Sun Retail Limited,0.6,0.6,0.51,0.55,0.55,0.6,,0.55,,,1248000,696000.0,24,F1,48000,,,,,,2025-03-27
2025-03-27,2025-03-27,CM,BSE,STK,542034,INE00Q901014,SMGOLD,B,,,,,S. M. Gold Limited,16.08,16.08,15.26,15.68,15.72,15.71,,15.68,,,15433,240914.0,129,F1,1,,,,,,2025-03-27
2025-03-27,2025-03-27,CM,BSE,STK,542046,INE647Z01025,VIVIDM,B,,,,,VIVID MERCANTILE LIMITED,7.47,7.7,6.9,7.04,7.04,7.21,,7.04,,,164782,1184043.0,365,F1,1,,,,,,2025-03-27
2025-03-27,2025-03-27,CM,BSE,STK,542057,INE00SW01015,BCPL,B,,,,,BCPL Railway Infrastructure Li,65.16,68.7,63.1,64.03,64.03,66.78,,64.03,,,53288,3462083.0,622,F1,1,,,,,,2025-03-27
2025-03-27,2025-03-27,CM,BSE,STK,542066,INE399L01023,ATGL,A,,,,,ADANI TOTAL GAS LIMITED,597.9,617.0,595.35,611.95,611.95,598.05,,611.9,,,229178,139235408.0,7017,F1,1,,,,,,2025-03-27
2025-03-27,2025-03-27,CM,BSE,STK,542123,INE398C01016,PHOSPHATE,X,,,,,The Phosphate Company Limited,154.5,154.5,154.5,154.5,154.5,148.95,,154.5,,,1,154.0,1,F1,1,,,,,,2025-03-27
2025-03-27,2025-03-27,CM,BSE,STK,542131,INF769K01EG9,NIFTYETF,B,,,,,Mirae Asset Mutual Fund,250.48,252.65,249.84,252.31,252.65,250.7,,252.35,,,2580,650068.0,37,F1,1,,,,,,2025-03-27
2025-03-27,2025-03-27,CM,BSE,STK,542141,INE285K01026,TECHNOE,A,,,,,Techno Electric & Engineering,1000.3,1031.9,991.7,1015.3,1015.3,1005.85,,1015.95,,,12460,12594296.0,985,F1,1,,,,,,2025-03-27
2025-03-27,2025-03-27,CM,BSE,STK,542145,INE02AP01013,RONI,M,,,,,Roni Households Limited,32.99,32.99,32.99,32.99,32.99,31.42,,32.99,,,14400,475056.0,4,F1,3600,,,,,,2025-03-27
2025-03-27,2025-03-27,CM,BSE,STK,542155,INE01GR01018,DGL,MT,,,,,Diksha Greens Limited,2.7,2.7,2.7,2.7,2.7,2.7,,2.7,,,2000,5400.0,1,F1,2000,,,,,,2025-03-27
2025-03-27,2025-03-27,CM,BSE,STK,542176,INE016X01010,ARYAN,X,,,,,Aryan Share & Stock Brokers Lt,20.5,20.5,20.0,20.0,20.0,20.5,,20.0,,,42,844.0,4,F1,1,,,,,,2025-03-27
2025-03-27,2025-03-27,CM,BSE,STK,542206,INE139E01028,NIVAKA,X,,,,,NIVAKA FASHIONS LIMITED,3.71,4.15,3.18,3.72,3.72,3.72,,3.72,,,43727,161164.0,72,F1,1,,,,,,2025-03-27
2025-03-27,2025-03-27,CM,BSE,STK,542216,INE00R701025,DALBHARAT,A,,,,,DALMIA BHARAT LIMITED,1750.6,1820.0,1744.35,1812.2,1806.65,1762.05,,1813.5,,,9664,17235823.0,1141,F1,1,,,,,,2025-03-27
2025-03-27,2025-03-27,CM,BSE,STK,542230,INF209KB16D7,ABSLNN50ET,B,,,,,Aditya Birla Sun Life Mutual F,65.01,66.2,64.9,66.18,66.16,65.01,,65.49,,,3436,223808.0,31,F1,1,,,,,,2025-03-27
2025-03-27,2025-03-27,CM,BSE,STK,542231,INE00S901012,NILASPACES,T,,,,,Nila Spaces Ltd,12.44,12.44,12.44,12.44,12.44,12.69,,12.44,,,3306,41126.0,15,F1,1,,,,,,2025-03-27
2025-03-27,2025-03-27,CM,BSE,STK,542232,INE01NE01012,SRD,B,,,,,Shankar Lal Rampal Dye-Chem Li,53.73,57.0,52.03,54.02,54.02,54.2,,53.94,,,77461,4141774.0,627,F1,1,,,,,,2025-03-27
2025-03-27,2025-03-27,CM,BSE,STK,542233,INE00CA01015,TREJHARA,B,,,,,Trejhara Solutions Limited,173.0,193.95,170.95,192.0,192.0,176.35,,192.55,,,1529,283603.0,335,F1,1,,,,,,2025-03-27
2025-03-27,2025-03-27,CM,BSE,STK,542248,INE452W01019,DECCAN,B,,,,,Deccan Health Care Limited,18.39,19.5,17.3,18.07,18.07,19.01,,18.07,,,208206,3798373.0,254,F1,1,,,,,,2025-03-27
2025-03-27,2025-03-27,CM,BSE,STK,542285,INE02EZ01022,AXITA,B,,,,,Axita Cotton Limited,10.05,10.05,10.0,10.0,10.0,10.01,,10.0,,,671145,6718921.0,1456,F1,1,,,,,,2025-03-27
2025-03-27,2025-03-27,CM,BSE,STK,542323,INE542W01025,KPIGREEN,A,,,,,KPI Green Energy Limited,406.5,421.0,403.25,416.6,416.6,408.05,,417.1,,,168533,69300575.0,6134,F1,1,,,,,,2025-03-27
2025-03-27,2025-03-27,CM,BSE,STK,542333,INE425Y01011,RPSGVENT,B,,,,,RPSG VENTURES LIMITED,790.4,856.85,790.4,846.65,853.0,811.25,,848.0,,,4463,3713305.0,427,F1,1,,,,,,2025-03-27
2025-03-27,2025-03-27,CM,BSE,STK,542337,INE020801028,SPENCERS,B,,,,,Spencer's Retail Limited,65.45,66.42,64.0,64.84,65.13,64.44,,64.51,,,10327,670485.0,144,F1,1,,,,,,2025-03-27
2025-03-27,2025-03-27,CM,BSE,STK,542351,INE350Z01018,GLOSTERLTD,B,,,,,Gloster Ltd,570.0,589.0,545.95,555.9,560.0,577.0,,564.25,,,1378,793051.0,69,F1,1,,,,,,2025-03-27
2025-03-27,2025-03-27,CM,BSE,STK,542367,INE01P501012,XELPMOC,B,,,,,Xelpmoc Design and Tech Limite,92.0,92.56,84.15,84.15,84.15,93.5,,83.56,,,36269,3185105.0,815,F1,1,,,,,,2025-03-27
2025-03-27,2025-03-27,CM,BSE,STK,542376,INE726X01014,SPACAPS,XT,,,,,SPA Capital Services Limited,157.95,157.95,157.95,157.95,157.95,166.25,,157.95,,,112,17690.0,3,F1,1,,,,,,2025-03-27
2025-03-27,2025-03-27,CM,BSE,STK,542383,INE01EG01016,RITCO,B,,,,,Ritco Logistics Limited,248.0,261.45,242.35,256.55,261.45,248.2,,256.6,,,15092,3738016.0,416,F1,1,,,,,,2025-03-27
2025-03-27,2025-03-27,CM,BSE,STK,542399,INE427F01016,CHALET,A,,,,,Chalet Hotels Limited,843.85,876.1,835.65,839.45,841.7,843.8,,839.6,,,12015,10342561.0,966,F1,1,,,,,,2025-03-27
2025-03-27,2025-03-27,CM,BSE,STK,542437,INE02AR01019,ANMOL,B,,,,,Anmol India Limited,15.53,15.63,14.54,14.73,14.79,15.62,,14.66,,,56673,848301.0,509,F1,1,,,,,,2025-03-27
2025-03-27,2025-03-27,CM,BSE,STK,542446,INE793Z01027,JONJUA,M,,,,,Jonjua Overseas Limited,9.99,9.99,8.1,8.47,8.45,9.19,,8.47,,,69394,596910.0,15,F1,4082,,,,,,2025-03-27
2025-03-27,2025-03-27,CM,BSE,STK,542459,INE911T01010,KRANTI,B,,,,,Kranti Industries Limited,102.99,102.99,99.0,99.75,99.75,98.97,,99.75,,,5020,502783.0,21,F1,1,,,,,,2025-03-27
2025-03-27,2025-03-27,CM,BSE,STK,542460,INE294Z01018,ANUP,B,,,,,The Anup Engineering Ltd,3363.9,3601.5,3363.4,3543.55,3543.55,3363.8,,3546.3,,,9330,32606714.0,1892,F1,1,,,,,,2025-03-27
2025-03-27,2025-03-27,CM,BSE,STK,542484,INE955V01021,ARVINDFASN,A,,,,,Arvind Fashions Limited,398.6,399.45,383.9,386.55,387.5,398.6,,385.85,,,36699,14375242.0,1067,F1,1,,,,,,2025-03-27
2025-03-27,2025-03-27,CM,BSE,STK,542513,INF789F1AUU3,UTISXN50,A,,,,,UTI BSE  Sensex Next 50 ETF,83.1,83.5,83.1,83.37,83.37,83.5,,84.24,,,108,9007.0,7,F1,1,,,,,,2025-03-27
2025-03-27,2025-03-27,CM,BSE,STK,542579,INE05FR01029,AGOL,B,,,,,Ashapuri Gold Ornament Limited,6.54,6.7,6.15,6.21,6.21,6.51,,6.21,,,2446063,15616548.0,4066,F1,1,,,,,,2025-03-27
2025-03-27,2025-03-27,CM,BSE,STK,542580,INE01C001026,AARTECH,T,,,,,Aartech Solonics Limited,54.11,55.49,53.2,53.28,53.2,54.54,,53.8,,,4482,240847.0,30,F1,1,,,,,,2025-03-27
2025-03-27,2025-03-27,CM,BSE,STK,542597,INE255X01014,MSTCLTD,A,,,,,MSTC Limited,514.75,524.75,506.1,510.3,510.3,514.45,,510.85,,,44558,23023996.0,1293,F1,1,,,,,,2025-03-27
2025-03-27,2025-03-27,CM,BSE,STK,542599,INE03WT01017,ROOPSHRI,MT,,,,,Roopshri Resorts Limited,40.0,40.0,40.0,40.0,40.0,40.0,,40.0,,,12000,480000.0,1,F1,3000,,,,,,2025-03-27
2025-03-27,2025-03-27,CM,BSE,STK,542602,INE041025011,EMBASSY,IF,,,,,Embassy Office Parks REIT,363.0,371.0,363.0,369.15,371.0,363.86,,369.48,,,12048,4430985.0,410,F1,1,,,,,,2025-03-27
2025-03-27,2025-03-27,CM,BSE,STK,542627,INE01GZ01011,CHANDNIMACH,X,,,,,Chandni Machines Limited,43.28,46.9,41.55,42.72,42.04,44.38,,42.72,,,9711,416226.0,65,F1,1,,,,,,2025-03-27
2025-03-27,2025-03-27,CM,BSE,STK,542628,INE01BL01012,NSL,B,,,,,Northern Spirits Limited,156.25,161.85,147.0,149.25,149.25,156.05,,149.25,,,86166,13178664.0,643,F1,1,,,,,,2025-03-27
2025-03-27,2025-03-27,CM,BSE,STK,542649,INE415G01027,RVNL,A,,,,,Rail Vikas Nigam Limited,353.5,362.45,352.8,355.3,355.3,362.05,,354.7,,,532314,189948910.0,8715,F1,1,,,,,,2025-03-27
2025-03-27,2025-03-27,CM,BSE,STK,542650,INE112L01020,METROPOLIS,A,,,,,Metropolis Healthcare Limited,1574.05,1593.25,1561.0,1586.6,1582.0,1576.1,,1584.55,,,1212,1909903.0,253,F1,1,,,,,,2025-03-27
2025-03-27,2025-03-27,CM,BSE,STK,542651,INE04I401011,KPITTECH,A,,,,,KPIT Technologies Ltd,1361.95,1361.95,1311.05,1333.65,1333.65,1366.7,,1334.1,,,117658,156532916.0,9636,F1,1,,,,,,2025-03-27
2025-03-27,2025-03-27,CM,BSE,STK,542652,INE455K01017,POLYCAB,A,,,,,Polycab India Limited,5149.95,5252.5,5050.0,5208.65,5208.65,5151.45,,5216.1,,,42574,221773367.0,7334,F1,1,,,,,,2025-03-27
2025-03-27,2025-03-27,CM,BSE,STK,542654,INE06LG01010,VRFILMS,B,,,,,V R FILMS & STUDIOS LIMITED,16.26,16.3,15.03,15.79,16.05,15.82,,15.79,,,31249,502433.0,62,F1,1,,,,,,2025-03-27
2025-03-27,2025-03-27,CM,BSE,STK,542655,INE161L01027,VIKASLIFE,B,,,,,VIKAS LIFECARE LIMITED,2.73,2.79,2.67,2.69,2.69,2.79,,2.68,,,4211901,11435392.0,5728,F1,1,,,,,,2025-03-27
2025-03-27,2025-03-27,CM,BSE,STK,542665,INE136S01016,NEOGEN,B,,,,,Neogen Chemicals Limited,1620.0,1645.0,1581.55,1618.6,1618.55,1616.95,,1618.45,,,4086,6567022.0,847,F1,1,,,,,,2025-03-27
2025-03-27,2025-03-27,CM,BSE,STK,542666,INE05QJ01015,GKP,B,,,,,G. K. P. Printing & Packaging,5.6,5.6,5.05,5.2,5.28,5.47,,5.2,,,54829,287816.0,150,F1,1,,,,,,2025-03-27
2025-03-27,2025-03-27,CM,BSE,STK,542668,INE06TD01010,EVANS,MT,,,,,EVANS ELECTRIC LIMITED,134.0,135.0,134.0,135.0,135.0,134.6,,135.0,,,2000,269000.0,2,F1,1000,,,,,,2025-03-27
2025-03-27,2025-03-27,CM,BSE,STK,542669,INE374E01021,BMW,B,,,,,BMW INDUSTRIES LIMITED,49.94,51.95,48.0,48.38,48.38,48.94,,48.38,,,889245,43820987.0,3114,F1,1,,,,,,2025-03-27
2025-03-27,2025-03-27,CM,BSE,STK,542670,INE757T01025,AEPL,B,,,,,Artemis Electricals and Projec,19.5,19.5,18.51,18.63,18.63,19.29,,18.63,,,297282,5549489.0,316,F1,1,,,,,,2025-03-27
2025-03-27,2025-03-27,CM,BSE,STK,542678,INE05BN01019,CHCL,MT,,,,,Cian Healthcare Limited,3.63,3.63,3.52,3.52,3.52,3.59,,3.52,,,52000,184060.0,12,F1,2000,,,,,,2025-03-27
2025-03-27,2025-03-27,CM,BSE,STK,542679,INE413F01016,DEL,X,,,,,Dhanashree Electronics Limited,61.0,61.0,57.0,57.0,57.0,61.5,,57.0,,,1352,77206.0,6,F1,1,,,,,,2025-03-27
2025-03-27,2025-03-27,CM,BSE,STK,542682,INE01K301012,HARISH,X,,,,,Harish Textile Engineers Limit,78.99,78.99,70.55,74.44,74.45,71.55,,74.44,,,4383,324570.0,52,F1,1,,,,,,2025-03-27
2025-03-27,2025-03-27,CM,BSE,STK,542684,INE050001010,PPL,B,,,,,Prakash Pipes Limited,408.6,415.0,402.25,411.05,414.5,410.0,,411.45,,,10040,4096503.0,711,F1,1,,,,,,2025-03-27
2025-03-27,2025-03-27,CM,BSE,STK,542685,INE03JI01017,DGCONTENT,T,,,,,Digicontent Limited,41.75,41.75,40.92,40.92,40.92,41.75,,40.92,,,529,21848.0,7,F1,1,,,,,,2025-03-27
2025-03-27,2025-03-27,CM,BSE,STK,542721,INE02GA01012,ARL,T,,,,,Anand Rayons Limited,198.0,200.0,194.3,198.1,200.0,197.8,,198.1,,,26833,5314860.0,96,F1,1,,,,,,2025-03-27
2025-03-27,2025-03-27,CM,BSE,STK,542725,INE04AK01028,SBC,B,,,,,SBC EXPORTS LIMITED,12.44,12.58,12.2,12.41,12.41,12.45,,12.41,,,5378676,66745160.0,2814,F1,1,,,,,,2025-03-27
2025-03-27,2025-03-27,CM,BSE,STK,542726,INE933S01016,INDIAMART,A,,,,,IndiaMART InterMESH Limited,2061.4,2096.8,2056.85,2068.6,2070.0,2069.2,,2070.05,,,2948,6106352.0,427,F1,1,,,,,,2025-03-27
2025-03-27,2025-03-27,CM,BSE,STK,542727,INE056001014,CPML,M,,,,,City Pulse Multiplex Limited,1230.7,1245.0,1205.0,1239.1,1239.1,1230.5,,1239.1,,,11600,14210320.0,29,F1,200,,,,,,2025-03-27
2025-03-27,2025-03-27,CM,BSE,STK,542729,INE08KP01019,DCMNVL,B,,,,,DCM NOUVELLE LIMITED,157.85,157.85,151.0,154.3,154.3,157.85,,156.4,,,3745,578034.0,151,F1,1,,,,,,2025-03-27
2025-03-27,2025-03-27,CM,BSE,STK,542730,INF109KC15I8,BANKIETF,B,,,,,ICICI Prudential Mutual Fund,51.96,52.64,51.96,52.56,52.56,52.15,,52.47,,,166506,8732176.0,387,F1,1,,,,,,2025-03-27
2025-03-27,2025-03-27,CM,BSE,STK,542747,INF204KB15D0,SNXT50BEES,A,,,,,NIPPON INDIA ETF SENSEX NEXT 5,81.62,82.44,81.06,82.33,82.44,81.22,,82.33,,,4808,392811.0,127,F1,1,,,,,,2025-03-27
2025-03-27,2025-03-27,CM,BSE,STK,542752,INE00WC01027,AFFLE,A,,,,,Affle (India) Limited,1620.0,1734.7,1586.75,1645.45,1645.45,1599.6,,1655.25,,,15646,25475473.0,1435,F1,1,,,,,,2025-03-27
2025-03-27,2025-03-27,CM,BSE,STK,542753,INE277T01024,SEACOAST,Z,,,,,SEACOAST SHIPPING SERVICES LIM,2.58,2.58,2.47,2.47,2.47,2.59,,2.47,,,4294659,10836597.0,3076,F1,1,,,,,,2025-03-27
2025-03-27,2025-03-27,CM,BSE,STK,542758,INF109KC18U7,PVTBANIETF,B,,,,,ICICI Prudential Mutual Fund,25.65,25.95,25.65,25.85,25.87,25.73,,25.83,,,82397,2133931.0,123,F1,1,,,,,,2025-03-27
2025-03-27,2025-03-27,CM,BSE,STK,542759,INE572J01011,SPANDANA,A,,,,,Spandana Sphoorty Financial Li,242.4,243.0,230.45,240.9,240.55,240.8,,241.5,,,63803,15183293.0,1500,F1,1,,,,,,2025-03-27
2025-03-27,2025-03-27,CM,BSE,STK,542760,INE00M201021,SWSOLAR,A,,,,,STERLING AND WILSON RENEWABLE,249.65,254.7,244.5,251.05,254.7,249.35,,251.15,,,220718,55105424.0,3197,F1,1,,,,,,2025-03-27
2025-03-27,2025-03-27,CM,BSE,STK,542765,INE06YD01010,TRANSPACT,TS,,,,,Transpact Enterprises Limited,187.15,187.15,187.15,187.15,187.15,187.15,,187.15,,,3500,655025.0,1,F1,500,,,,,,2025-03-27
2025-03-27,2025-03-27,CM,BSE,STK,542770,INE08E401029,ALPHALOGIC,B,,,,,Alphalogic Techsys Limited,93.99,102.0,88.65,92.87,92.87,98.36,,92.87,,,17141,1612631.0,325,F1,1,,,,,,2025-03-27
2025-03-27,2025-03-27,CM,BSE,STK,542772,INE466L01038,360ONE,A,,,,,360 ONE WAM LIMITED,949.95,985.7,940.85,972.6,966.65,957.25,,971.4,,,18106,17443101.0,1353,F1,1,,,,,,2025-03-27
2025-03-27,2025-03-27,CM,BSE,STK,542773,INE489L01022,IIFLCAPS,A,,,,,IIFL CAPITAL SERVICES LIMITED,222.05,228.5,217.0,220.2,217.0,221.85,,221.45,,,26657,5916966.0,587,F1,1,,,,,,2025-03-27
2025-03-27,2025-03-27,CM,BSE,STK,542774,INE08KJ01020,MUFIN,B,,,,,MUFIN GREEN FINANCE LIMITED,69.5,70.68,66.3,67.57,70.68,69.39,,67.37,,,49385,3380582.0,735,F1,1,,,,,,2025-03-27
2025-03-27,2025-03-27,CM,BSE,STK,542802,INE906Y01028,GALACTICO,B,,,,,Galactico Corporate Services L,2.49,2.59,2.3,2.38,2.39,2.44,,2.38,,,421970,1031352.0,414,F1,1,,,,,,2025-03-27
2025-03-27,2025-03-27,CM,BSE,STK,542803,INE560T01015,VEL,X,,,,,Vaxfab Enterprises Limited,11.55,12.42,11.4,11.53,12.0,12.0,,11.53,,,94442,1092172.0,59,F1,1,,,,,,2025-03-27
2025-03-27,2025-03-27,CM,BSE,STK,542812,INE09N301011,FLUOROCHEM,A,,,,,Gujarat Fluorochemicals Limite,3949.85,4032.1,3937.55,4005.8,4005.8,3967.45,,4005.75,,,3582,14266490.0,662,F1,1,,,,,,2025-03-27
2025-03-27,2025-03-27,CM,BSE,STK,542830,INE335Y01020,IRCTC,A,,,,,Indian Railway Catering and To,704.9,725.15,701.15,718.55,718.55,704.25,,718.05,,,75377,53488286.0,3215,F1,1,,,,,,2025-03-27
2025-03-27,2025-03-27,CM,BSE,STK,542850,INE492Z01018,GOBLIN,M,,,,,GOBLIN INDIA LIMITED,21.45,21.45,20.0,20.09,20.09,20.56,,20.09,,,92000,1865520.0,22,F1,2000,,,,,,2025-03-27
2025-03-27,2025-03-27,CM,BSE,STK,542851,INE06H201014,GENSOL,T,,,,,Gensol Engineering Limited,193.9,193.9,193.9,193.9,193.9,204.1,,194.1,,,17505,3394219.0,844,F1,1,,,,,,2025-03-27
2025-03-27,2025-03-27,CM,BSE,STK,542852,INE430N01022,VISHWARAJ,B,,,,,Vishwaraj Sugar Industries Lim,8.68,8.68,8.09,8.15,8.15,8.34,,8.15,,,1513892,12481277.0,922,F1,1,,,,,,2025-03-27
2025-03-27,2025-03-27,CM,BSE,STK,542857,INE08ZM01014,GREENPANEL,B,,,,,Greenpanel Industries Limited,233.6,235.3,230.7,232.05,232.05,236.0,,232.2,,,45816,10660239.0,1290,F1,1,,,,,,2025-03-27
2025-03-27,2025-03-27,CM,BSE,STK,542862,INE052001026,SHAHLON,X,,,,,Shahlon Silk Industries Limite,15.5,15.5,14.36,14.75,14.41,15.68,,14.75,,,12796,188742.0,30,F1,1,,,,,,2025-03-27
2025-03-27,2025-03-27,CM,BSE,STK,542863,INF209KB17D5,ABSLBANETF,B,,,,,Aditya Birla Sun Life Mutual F,52.38,52.54,51.0,52.26,52.22,52.1,,52.44,,,3536,184981.0,48,F1,1,,,,,,2025-03-27
2025-03-27,2025-03-27,CM,BSE,STK,542865,INE490Z01012,ANUROOP,B,,,,,Anuroop Packaging Limited,16.31,16.49,14.05,14.35,14.1,15.92,,14.35,,,114727,1728607.0,344,F1,1,,,,,,2025-03-27
2025-03-27,2025-03-27,CM,BSE,STK,542866,INE317W01022,COLAB,XT,,,,,COLAB PLATFORMS LIMITED,93.01,93.01,93.01,93.01,93.01,91.19,,93.01,,,254731,23692530.0,1661,F1,1,,,,,,2025-03-27
2025-03-27,2025-03-27,CM,BSE,STK,542867,INE679A01013,CSBBANK,A,,,,,CSB Bank Limited,296.5,301.9,295.35,296.3,296.7,298.35,,296.55,,,12856,3827107.0,622,F1,1,,,,,,2025-03-27
2025-03-27,2025-03-27,CM,BSE,STK,542904,INE551W01018,UJJIVANSFB,A,,,,,Ujjivan Small Finance Bank Lim,34.68,35.92,34.01,34.58,34.58,34.73,,34.68,,,2790767,97004538.0,6509,F1,1,,,,,,2025-03-27
2025-03-27,2025-03-27,CM,BSE,STK,542905,INE05AN01011,HINDWAREAP,B,,,,,Hindware Home Innovation Limit,192.85,198.0,190.0,193.8,196.0,191.8,,194.4,,,39064,7532348.0,1366,F1,1,,,,,,2025-03-27
2025-03-27,2025-03-27,CM,BSE,STK,542907,INE689W01016,PRINCEPIPE,A,,,,,Prince Pipes and Fittings Limi,241.25,255.0,240.5,253.6,253.6,244.35,,253.45,,,39018,9646030.0,1349,F1,1,,,,,,2025-03-27
2025-03-27,2025-03-27,CM,BSE,STK,542909,INF754K01KO2,EBBETF0430,F,,,,,Edelweiss Mutual Fund,1469.95,1472.07,1468.31,1469.95,1468.31,1468.0,,1469.51,,,419,615997.0,37,F1,1,,,,,,2025-03-27
2025-03-27,2025-03-27,CM,BSE,STK,542910,INE08RT01016,VALENCIA,MS,,,,,Valencia Nutrition Limited,43.23,43.23,43.23,43.23,43.23,45.5,,43.23,,,3000,129690.0,1,F1,3000,,,,,,2025-03-27
2025-03-27,2025-03-27,CM,BSE,STK,542911,INE165G01010,ASSAMENT,X,,,,,Assam Entrade Limited,564.0,564.0,564.0,564.0,564.0,563.9,,564.0,,,3,1692.0,1,F1,1,,,,,,2025-03-27
2025-03-27,2025-03-27,CM,BSE,STK,542918,INE063601012,GIANLIFE,B,,,,,Gian Life Care Limited,19.0,19.0,17.5,17.61,17.9,18.82,,17.61,,,36059,659111.0,92,F1,1,,,,,,2025-03-27
2025-03-27,2025-03-27,CM,BSE,STK,542919,INE025R01021,ARTEMISMED,B,,,,,Artemis Medicare Services Limi,260.05,268.95,257.0,260.95,261.5,263.3,,261.7,,,19342,5069406.0,1574,F1,1,,,,,,2025-03-27
2025-03-27,2025-03-27,CM,BSE,STK,542920,INE258G01013,SUMICHEM,A,,,,,SUMITOMO CHEMICAL INDIA LIMITE,527.05,535.05,527.05,529.3,529.3,533.4,,530.3,,,7066,3756387.0,455,F1,1,,,,,,2025-03-27
2025-03-27,2025-03-27,CM,BSE,STK,542921,INF109KC11W8,MIDCAPIETF,B,,,,,ICICI Prudential Mutual Fund,19.67,19.8,19.41,19.61,19.7,19.69,,19.61,,,103922,2039321.0,526,F1,1,,,,,,2025-03-27
2025-03-27,2025-03-27,CM,BSE,STK,542922,INF769K01FN2,NEXT50,B,,,,,Mirae Asset Mutual Fund,638.4,649.96,637.75,643.38,648.31,637.34,,644.07,,,8211,5256481.0,116,F1,1,,,,,,2025-03-27
2025-03-27,2025-03-27,CM,BSE,STK,542923,INE0BIW01023,TRANWAY21,MS,,,,,TRANWAY21 TECHNOLOGIES LIMITED,5.78,5.78,5.78,5.78,5.78,6.08,,5.78,,,20000,115600.0,2,F1,10000,,,,,,2025-03-27
2025-03-27,2025-03-27,CM,BSE,STK,542924,INE04OV01018,JANUSCORP,MT,,,,,Janus Corporation Limited,4.77,4.77,4.74,4.74,4.74,4.98,,4.74,,,49000,232645.0,7,F1,3500,,,,,,2025-03-27
2025-03-27,2025-03-27,CM,BSE,STK,542933,INE03V001013,UNIVPHOTO,T,,,,,UNIVERSUS PHOTO IMAGINGS LIMIT,188.0,188.8,182.0,182.95,183.1,189.6,,182.95,,,7744,1433919.0,43,F1,1,,,,,,2025-03-27
2025-03-27,2025-03-27,CM,BSE,STK,542934,INE07QQ01016,CBPL,M,,,,,Chandra Bhagat Pharma Limited,50.53,53.0,50.53,53.0,53.0,58.1,,53.0,,,2000,103530.0,2,F1,1000,,,,,,2025-03-27
2025-03-27,2025-03-27,CM,BSE,STK,543064,INE03QK01018,SUVENPHAR,A,,,,,SUVEN PHARMACEUTICALS LIMITED,1133.75,1133.75,1079.6,1109.3,1112.0,1113.4,,1110.2,,,10495,11536599.0,1285,F1,1,,,,,,2025-03-27
2025-03-27,2025-03-27,CM,BSE,STK,543066,INE018E01016,SBICARD,A,,,,,SBI CARDS AND PAYMENT SERVICES,868.5,875.0,864.0,870.1,870.1,868.45,,870.45,,,64187,55780572.0,7504,F1,1,,,,,,2025-03-27
2025-03-27,2025-03-27,CM,BSE,STK,543071,INF204KB10R1,07AGG,F,,,,,Nippon India Mutual Fund,17.1,18.78,15.43,15.68,17.84,17.1,,15.68,,,1012,17715.0,13,F1,1,,,,,,2025-03-27
2025-03-27,2025-03-27,CM,BSE,STK,543076,INF204KB15Q2,07ABB,F,,,,,Nippon India Mutual Fund,0.1,0.1,0.1,0.1,0.1,0.09,,0.1,,,1,0.0,1,F1,1,,,,,,2025-03-27
2025-03-27,2025-03-27,CM,BSE,STK,543079,INF204KB16R8,07GPG,F,,,,,Nippon India Mutual Fund,6.42,6.42,5.26,5.58,5.58,5.84,,5.58,,,9701,51044.0,53,F1,1,,,,,,2025-03-27
2025-03-27,2025-03-27,CM,BSE,STK,543087,INF204KB14O0,09AGG,F,,,,,Nippon India Mutual Fund,184.37,184.37,166.03,184.0,184.0,184.37,,184.0,,,6,1073.0,4,F1,1,,,,,,2025-03-27
2025-03-27,2025-03-27,CM,BSE,STK,543092,INF204KB19O9,09GPG,F,,,,,Nippon India Mutual Fund,9.42,9.42,7.75,8.42,8.5,8.57,,8.42,,,1265,10271.0,35,F1,1,,,,,,2025-03-27
2025-03-27,2025-03-27,CM,BSE,STK,543099,INF789F1ARF0,UTCRFS2DGR,F,,,,,UTI Mutual Fund,36.98,36.98,36.98,36.98,36.98,34.05,,36.98,,,1,36.0,1,F1,1,,,,,,2025-03-27
2025-03-27,2025-03-27,CM,BSE,STK,543100,INF789F1ARG8,UTCRFS2DAP,F,,,,,UTI Mutual Fund,437.94,437.94,437.94,437.94,437.94,398.13,,437.94,,,1,437.0,1,F1,1,,,,,,2025-03-27
2025-03-27,2025-03-27,CM,BSE,STK,543108,INF789F1ARO2,UTCRFS2RQP,F,,,,,UTI Mutual Fund,327.88,327.88,327.88,327.88,327.88,298.09,,327.88,,,1,327.0,1,F1,1,,,,,,2025-03-27
2025-03-27,2025-03-27,CM,BSE,STK,543110,INF789F1ARQ7,UTCRFS2RGR,F,,,,,UTI Mutual Fund,8.44,8.44,6.93,7.87,7.87,7.69,,7.87,,,198,1602.0,7,F1,1,,,,,,2025-03-27
2025-03-27,2025-03-27,CM,BSE,STK,543144,INF204KB11T5,08MPD,B,,,,,Nippon India Mutual Fund,8.61,8.61,7.05,7.13,7.43,7.83,,7.13,,,11296,84103.0,77,F1,1,,,,,,2025-03-27
2025-03-27,2025-03-27,CM,BSE,STK,543150,INF204KB16S6,08GPG,B,,,,,Nippon India Mutual Fund,4.18,4.18,3.42,3.52,3.56,3.8,,3.52,,,97924,338235.0,209,F1,1,,,,,,2025-03-27
2025-03-27,2025-03-27,CM,BSE,STK,543154,INF204KB18S2,08QPR,B,,,,,Nippon India Mutual Fund,5213.35,5213.35,5213.35,5213.35,5213.35,4739.45,,5213.35,,,14,72986.0,6,F1,1,,,,,,2025-03-27
2025-03-27,2025-03-27,CM,BSE,STK,543161,INF204KB14P7,10AGG,F,,,,,Nippon India Mutual Fund,203.4,203.4,170.0,176.83,201.5,185.0,,176.83,,,509,95618.0,16,F1,1,,,,,,2025-03-27
2025-03-27,2025-03-27,CM,BSE,STK,543165,INF204KB17P0,10ARD,F,,,,,Nippon India Mutual Fund,164.99,181.22,164.99,173.05,179.96,164.99,,173.05,,,113,19857.0,15,F1,1,,,,,,2025-03-27
2025-03-27,2025-03-27,CM,BSE,STK,543167,INF204KB19P6,10GPG,F,,,,,Nippon India Mutual Fund,3.54,3.54,2.98,3.11,3.11,3.22,,3.11,,,43300,131408.0,123,F1,1,,,,,,2025-03-27
2025-03-27,2025-03-27,CM,BSE,STK,543171,INE0BDU01028,ROJL,B,,,,,RO Jewels Limited,2.36,2.4,2.2,2.28,2.28,2.31,,2.28,,,147813,339715.0,346,F1,1,,,,,,2025-03-27
2025-03-27,2025-03-27,CM,BSE,STK,543173,INF204KB14U7,11DPR,B,,,,,Nippon India Mutual Fund,27.97,30.68,25.37,29.97,29.97,27.97,,29.97,,,885,25935.0,41,F1,1,,,,,,2025-03-27
2025-03-27,2025-03-27,CM,BSE,STK,543174,INF204KB10U5,11GPG,B,,,,,Nippon India Mutual Fund,3.82,3.82,3.44,3.45,3.44,3.82,,3.45,,,47542,164813.0,122,F1,1,,,,,,2025-03-27
2025-03-27,2025-03-27,CM,BSE,STK,543175,INF204KB15U4,11MPD,B,,,,,Nippon India Mutual Fund,4.66,4.66,3.82,4.01,4.06,4.24,,4.01,,,29164,114484.0,97,F1,1,,,,,,2025-03-27
2025-03-27,2025-03-27,CM,BSE,STK,543176,INF204KB16U2,11MPR,B,,,,,Nippon India Mutual Fund,92.0,92.0,86.01,90.49,90.49,92.44,,90.49,,,645,56405.0,27,F1,1,,,,,,2025-03-27
2025-03-27,2025-03-27,CM,BSE,STK,543177,INF204KB11U3,11QPD,B,,,,,Nippon India Mutual Fund,20.25,22.4,20.25,20.25,20.25,22.49,,20.25,,,19377,392387.0,128,F1,1,,,,,,2025-03-27
2025-03-27,2025-03-27,CM,BSE,STK,543181,INF204KB13T1,11AGG,B,,,,,Nippon India Mutual Fund,50.0,56.99,50.0,55.76,56.97,51.95,,55.76,,,1125,57964.0,28,F1,1,,,,,,2025-03-27
2025-03-27,2025-03-27,CM,BSE,STK,543182,INF204KB18T0,11AMD,B,,,,,Nippon India Mutual Fund,41.08,45.18,37.0,43.25,45.18,41.08,,43.25,,,4385,192927.0,79,F1,1,,,,,,2025-03-27
2025-03-27,2025-03-27,CM,BSE,STK,543186,INF204KB13U9,11DPD,B,,,,,Nippon India Mutual Fund,8.95,8.95,7.4,7.61,7.66,8.22,,7.61,,,11951,89587.0,123,F1,1,,,,,,2025-03-27
2025-03-27,2025-03-27,CM,BSE,STK,543187,INE07Y701011,POWERINDIA,A,,,,,HITACHI ENERGY INDIA LIMITED,12175.0,13267.45,11957.2,12932.1,12680.0,12172.05,,12947.45,,,7100,89380551.0,1737,F1,1,,,,,,2025-03-27
2025-03-27,2025-03-27,CM,BSE,STK,543193,INE0B1K01014,DJML,T,,,,,DJ Mediaprint & Logistics Limi,122.6,122.6,122.5,122.5,122.5,120.2,,122.4,,,275,33710.0,6,F1,1,,,,,,2025-03-27
2025-03-27,2025-03-27,CM,BSE,STK,543207,INE06MM01016,NATURAL,X,,,,,Natural Biocon (India) Limited,15.3,15.65,14.58,14.75,14.75,15.21,,14.75,,,72646,1110578.0,127,F1,1,,,,,,2025-03-27
2025-03-27,2025-03-27,CM,BSE,STK,543208,INE745R01024,REGIS,XT,,,,,REGIS INDUSTRIES LIMITED,10.06,10.5,10.06,10.4,10.4,10.06,,10.4,,,10387,104550.0,15,F1,1,,,,,,2025-03-27
2025-03-27,2025-03-27,CM,BSE,STK,543209,INE0CRS01012,BILLWIN,M,,,,,Billwin Industries Limited,29.0,29.0,29.0,29.0,29.0,32.1,,29.0,,,3000,87000.0,1,F1,3000,,,,,,2025-03-27
2025-03-27,2025-03-27,CM,BSE,STK,543210,INE09EO01013,AARTISURF,B,,,,,Aarti Surfactants Limited,408.25,411.7,400.0,402.3,402.0,408.6,,402.45,,,3111,1257506.0,331,F1,1,,,,,,2025-03-27
2025-03-27,2025-03-27,CM,BSE,STK,543211,INE0B9A01018,BONLON,B,,,,,BONLON INDUSTRIES LIMITED,27.71,28.5,26.06,26.58,26.66,27.71,,26.58,,,219642,6112157.0,294,F1,1,,,,,,2025-03-27
2025-03-27,2025-03-27,CM,BSE,STK,543212,INE02PY01013,BOROLTD,B,,,,,Borosil Limited,336.35,338.8,329.25,330.8,330.8,339.9,,332.75,,,18723,6225041.0,784,F1,1,,,,,,2025-03-27
2025-03-27,2025-03-27,CM,BSE,STK,543213,INE02A801020,ROSSARI,B,,,,,ROSSARI BIOTECH LIMITED,618.0,618.0,592.55,603.2,612.9,609.9,,606.7,,,11523,6927250.0,1142,F1,1,,,,,,2025-03-27
2025-03-27,2025-03-27,CM,BSE,STK,543214,INE07OG01012,NDRAUTO,B,,,,,NDR Auto Components Limited,691.45,705.0,674.0,685.7,681.0,701.35,,688.0,,,5884,4020312.0,602,F1,1,,,,,,2025-03-27
2025-03-27,2025-03-27,CM,BSE,STK,543216,INF754K01LE1,EBBETF0431,F,,,,,Edelweiss Mutual Fund,1313.47,1316.0,1313.0,1313.5,1313.5,1312.87,,1314.16,,,1035,1360530.0,30,F1,1,,,,,,2025-03-27
2025-03-27,2025-03-27,CM,BSE,STK,543217,INE0CCU25019,MINDSPACE,IF,,,,,Mindspace Business Parks REIT,360.1,368.99,360.1,365.53,365.53,362.33,,361.99,,,976,355492.0,137,F1,1,,,,,,2025-03-27
2025-03-27,2025-03-27,CM,BSE,STK,543218,INE05ST01028,SBGLP,T,,,,,SURATWWALA BUSINESS GROUP LIMI,35.15,35.15,35.15,35.15,35.15,35.86,,35.15,,,1023061,35960594.0,146,F1,1,,,,,,2025-03-27
2025-03-27,2025-03-27,CM,BSE,STK,543219,INF109KC17V7,ALPL30IETF,B,,,,,ICICI Prudential Mutual Fund,25.73,26.09,25.67,25.91,25.75,25.89,,25.83,,,70495,1820035.0,475,F1,1,,,,,,2025-03-27
2025-03-27,2025-03-27,CM,BSE,STK,543220,INE027H01010,MAXHEALTH,A,,,,,Max Healthcare Institute Limit,1122.2,1139.0,1110.0,1128.15,1128.15,1122.6,,1129.4,,,31381,35328078.0,2632,F1,1,,,,,,2025-03-27
2025-03-27,2025-03-27,CM,BSE,STK,543221,INF109KC16I6,ITIETF,B,,,,,ICICI Prudential Mutual Fund,40.3,40.63,40.26,40.6,40.55,40.3,,40.48,,,514,20817.0,95,F1,1,,,,,,2025-03-27
2025-03-27,2025-03-27,CM,BSE,STK,543223,INE0CG601016,MAXIND,B,,,,,Max India Limited,177.3,185.0,177.3,181.95,181.95,181.2,,181.55,,,19634,3571530.0,852,F1,1,,,,,,2025-03-27
2025-03-27,2025-03-27,CM,BSE,STK,543224,INF179KC1HY0,HDFCNIFBAN,B,,,,,HDFC Mutual Fund,52.3,52.74,52.3,52.6,52.74,52.24,,52.69,,,1586,83366.0,71,F1,1,,,,,,2025-03-27
2025-03-27,2025-03-27,CM,BSE,STK,543225,INE0BWS23018,ALTIUSINVIT,IF,,,,,Altius Telecom Infrastructure,145.0,145.0,145.0,145.0,145.0,142.5,,145.0,,,100000,14500000.0,1,F1,25000,,,,,,2025-03-27
2025-03-27,2025-03-27,CM,BSE,STK,543226,INF789F1AUV1,UTIBANKETF,B,,,,,UTI Mutual Fund,53.42,53.42,51.73,52.1,51.93,52.43,,52.69,,,11750,614789.0,69,F1,1,,,,,,2025-03-27
2025-03-27,2025-03-27,CM,BSE,STK,543227,INE419U01012,HAPPSTMNDS,A,,,,,Happiest Minds Technologies Li,625.6,630.0,609.0,610.55,610.55,624.1,,610.6,,,159859,98363720.0,6623,F1,1,,,,,,2025-03-27
2025-03-27,2025-03-27,CM,BSE,STK,543228,INE450U01017,ROUTE,A,,,,,Route Mobile Limited,975.0,975.0,940.0,949.55,949.55,951.2,,950.3,,,13911,13246236.0,1022,F1,1,,,,,,2025-03-27
2025-03-27,2025-03-27,CM,BSE,STK,543229,INE412J01010,SAMRATFORG,X,,,,,Samrat Forgings Limited,297.05,307.0,297.05,305.9,305.9,297.0,,305.9,,,150,45839.0,10,F1,1,,,,,,2025-03-27
2025-03-27,2025-03-27,CM,BSE,STK,543230,INE0ALI01010,ADVAIT,B,,,,,ADVAIT ENERGY TRANSITIONS LIMI,1180.0,1190.8,1100.0,1129.95,1129.95,1190.8,,1129.95,,,39094,44376976.0,2588,F1,1,,,,,,2025-03-27
2025-03-27,2025-03-27,CM,BSE,STK,543232,INE596I01012,CAMS,A,,,,,Computer Age Management Servic,3679.85,3742.85,3651.45,3684.15,3684.15,3683.05,,3687.85,,,13826,51058533.0,3167,F1,1,,,,,,2025-03-27
2025-03-27,2025-03-27,CM,BSE,STK,543233,INE03YM01018,CHEMCON,B,,,,,Chemcon Speciality Chemicals L,171.95,173.05,166.75,167.55,168.0,170.4,,167.85,,,22171,3751893.0,1096,F1,1,,,,,,2025-03-27
2025-03-27,2025-03-27,CM,BSE,STK,543234,INE0BTM01013,SECMARK,B,,,,,Secmark Consultancy Limited,85.0,85.0,85.0,85.0,85.0,85.82,,85.2,,,453,38505.0,61,F1,1,,,,,,2025-03-27
2025-03-27,2025-03-27,CM,BSE,STK,543235,INE732I01013,ANGELONE,A,,,,,ANGEL ONE LIMITED,2319.8,2350.0,2296.35,2319.1,2319.1,2325.6,,2318.3,,,86536,200979057.0,6893,F1,1,,,,,,2025-03-27
2025-03-27,2025-03-27,CM,BSE,STK,543236,INE09KD01013,ATAM,B,,,,,Atam Valves Limited,79.85,81.47,77.0,77.59,77.59,79.66,,78.78,,,16756,1311457.0,428,F1,1,,,,,,2025-03-27
2025-03-27,2025-03-27,CM,BSE,STK,543237,INE249Z01020,MAZDOCK,A,,,,,Mazagon Dock Shipbuilders Limi,2643.15,2717.0,2624.05,2697.25,2697.25,2643.3,,2695.5,,,418456,1125360847.0,22281,F1,1,,,,,,2025-03-27
2025-03-27,2025-03-27,CM,BSE,STK,543238,INE094J01016,UTIAMC,A,,,,,UTI Asset Management Company L,1063.9,1073.55,1032.8,1062.0,1062.0,1039.7,,1060.75,,,9920,10457562.0,1320,F1,1,,,,,,2025-03-27
2025-03-27,2025-03-27,CM,BSE,STK,543239,INE0E2801015,GMPL,M,,,,,G M Polyplast Limited,91.25,91.25,80.5,83.5,83.9,92.55,,83.5,,,49000,4042500.0,29,F1,700,,,,,,2025-03-27
2025-03-27,2025-03-27,CM,BSE,STK,543240,INE060901027,LIKHITHA,B,,,,,Likhitha Infrastructure Limite,270.3,287.0,270.3,276.1,278.0,270.2,,276.55,,,22488,6241151.0,1104,F1,1,,,,,,2025-03-27
2025-03-27,2025-03-27,CM,BSE,STK,543242,INE0AJG01018,HEMIPROP,A,,,,,Hemisphere Properties India Li,124.5,126.75,122.05,125.3,125.3,124.7,,125.3,,,145840,18117026.0,1634,F1,1,,,,,,2025-03-27
2025-03-27,2025-03-27,CM,BSE,STK,543243,INE063P01018,EQUITASBNK,A,,,,,Equitas Small Finance Bank Lim,54.58,57.39,54.41,56.06,56.06,54.94,,56.07,,,927260,51749509.0,5360,F1,1,,,,,,2025-03-27
2025-03-27,2025-03-27,CM,BSE,STK,543244,INE0BLY01023,SHINEFASH,M,,,,,Shine Fashions (India) Limited,359.95,359.95,335.0,340.2,340.2,350.0,,340.2,,,4000,1356250.0,8,F1,500,,,,,,2025-03-27
2025-03-27,2025-03-27,CM,BSE,STK,543245,INE068V01023,GLAND,A,,,,,Gland Pharma Limited,1600.3,1631.95,1596.0,1607.2,1607.2,1618.95,,1604.95,,,3975,6408362.0,523,F1,1,,,,,,2025-03-27
2025-03-27,2025-03-27,CM,BSE,STK,543246,INF769K01GS9,ESG,B,,,,,Mirae Asset Mutual Fund,39.73,39.85,39.71,39.83,39.83,39.73,,39.85,,,1220,48614.0,7,F1,1,,,,,,2025-03-27
2025-03-27,2025-03-27,CM,BSE,STK,543248,INE07T201019,RBA,A,,,,,Restaurant Brands Asia Limited,61.7,65.0,61.64,63.55,63.55,62.33,,63.62,,,381370,24099920.0,1971,F1,1,,,,,,2025-03-27
2025-03-27,2025-03-27,CM,BSE,STK,543249,INE0EK901012,TARC,A,,,,,TARC LIMITED,123.0,127.55,120.95,125.85,127.0,123.6,,125.9,,,115440,14377020.0,1849,F1,1,,,,,,2025-03-27
2025-03-27,2025-03-27,CM,BSE,STK,543251,INE09E501017,RVHL,B,,,,,Ravinder Heights Limited,44.5,46.45,44.5,46.43,46.45,46.84,,44.0,,,2252,100548.0,48,F1,1,,,,,,2025-03-27
2025-03-27,2025-03-27,CM,BSE,STK,543252,INE0DNW01011,FAIRCHEMOR,B,,,,,Fairchem Organics Limited,905.95,918.65,857.65,862.55,858.75,895.2,,862.1,,,3848,3398169.0,508,F1,1,,,,,,2025-03-27
2025-03-27,2025-03-27,CM,BSE,STK,543253,INE495P01012,BECTORFOOD,A,,,,,Mrs. Bectors Food Specialities,1475.75,1486.1,1451.15,1468.05,1465.0,1476.1,,1468.9,,,7370,10833406.0,1213,F1,1,,,,,,2025-03-27
2025-03-27,2025-03-27,CM,BSE,STK,543254,INE01BK01022,AWHCL,B,,,,,Antony Waste Handling Cell Lim,500.05,529.55,500.0,524.15,523.4,499.45,,523.95,,,7020,3643904.0,556,F1,1,,,,,,2025-03-27
2025-03-27,2025-03-27,CM,BSE,STK,543255,INF732E01268,INFRABEES,B,,,,,Nippon India Mutual Fund,868.0,874.25,868.0,872.55,872.55,869.02,,872.85,,,344,300355.0,21,F1,1,,,,,,2025-03-27
2025-03-27,2025-03-27,CM,BSE,STK,543256,INE018S01016,RFLL,X,,,,,RITA FINANCE AND LEASING LIMIT,19.93,19.93,18.65,19.37,19.01,19.0,,19.37,,,181118,3441731.0,75,F1,1,,,,,,2025-03-27
2025-03-27,2025-03-27,CM,BSE,STK,543257,INE053F01010,IRFC,A,,,,,Indian Railway Finance Corpora,127.55,129.2,123.7,124.4,124.4,128.4,,124.35,,,2759850,348673130.0,23229,F1,1,,,,,,2025-03-27
2025-03-27,2025-03-27,CM,BSE,STK,543258,INE09VQ01012,INDIGOPNTS,A,,,,,Indigo Paints Limited,967.7,967.75,942.0,943.8,943.8,967.65,,944.3,,,32867,31252384.0,3076,F1,1,,,,,,2025-03-27
2025-03-27,2025-03-27,CM,BSE,STK,543259,INE481N01025,HOMEFIRST,A,,,,,Home First Finance Company Ind,1024.6,1063.55,1012.2,1046.6,1063.55,1016.05,,1049.45,,,6221,6440443.0,885,F1,1,,,,,,2025-03-27
2025-03-27,2025-03-27,CM,BSE,STK,543260,INE00IN01015,STOVEKRAFT,B,,,,,STOVE KRAFT LIMITED,734.0,743.7,725.0,728.85,725.0,738.45,,729.0,,,4829,3529039.0,511,F1,1,,,,,,2025-03-27
2025-03-27,2025-03-27,CM,BSE,STK,543261,INE0FDU25010,BIRET,IF,,,,,Brookfield India Real Estate T,289.76,290.0,287.51,289.99,289.1,289.76,,289.95,,,3678,1065139.0,103,F1,1,,,,,,2025-03-27
2025-03-27,2025-03-27,CM,BSE,STK,543262,INE0D7801012,MRP,M,,,,,MRP Agro Limited,121.05,132.0,121.05,128.0,128.0,127.0,,128.0,,,38000,4836050.0,32,F1,1000,,,,,,2025-03-27
2025-03-27,2025-03-27,CM,BSE,STK,543263,INE103C01036,SMCGLOBAL,B,,,,,SMC Global Securities Limited,105.05,109.0,105.05,105.95,105.6,106.2,,106.15,,,21830,2333490.0,353,F1,1,,,,,,2025-03-27
2025-03-27,2025-03-27,CM,BSE,STK,543264,INE0DSF01015,NURECA,B,,,,,Nureca Limited,211.2,222.75,208.05,212.9,212.4,212.25,,213.3,,,10742,2318960.0,488,F1,1,,,,,,2025-03-27
2025-03-27,2025-03-27,CM,BSE,STK,543265,INE0DD101019,RAILTEL,A,,,,,RailTel Corporation of India L,307.0,313.75,303.05,307.95,307.95,308.1,,308.1,,,310166,95579187.0,4508,F1,1,,,,,,2025-03-27
2025-03-27,2025-03-27,CM,BSE,STK,543266,INE694N01015,HERANBA,T,,,,,Heranba Industries Limited,218.4,221.95,209.0,210.75,210.75,214.55,,211.75,,,11253,2407377.0,194,F1,1,,,,,,2025-03-27
2025-03-27,2025-03-27,CM,BSE,STK,543267,INE179G01029,DAVANGERE,B,,,,,Davangere Sugar Company Limite,3.85,3.99,3.7,3.83,3.83,3.94,,3.82,,,1384084,5360041.0,1081,F1,1,,,,,,2025-03-27
2025-03-27,2025-03-27,CM,BSE,STK,543268,INE03RS01027,DRCSYSTEMS,B,,,,,DRC Systems India Limited,22.5,27.0,21.58,25.43,25.51,22.79,,25.86,,,69352,1656355.0,892,F1,1,,,,,,2025-03-27
2025-03-27,2025-03-27,CM,BSE,STK,543270,INE864I01014,MTARTECH,A,,,,,MTAR Technologies Limited,1303.4,1343.95,1292.75,1302.9,1302.9,1316.0,,1303.2,,,59146,77434522.0,4596,F1,1,,,,,,2025-03-27
2025-03-27,2025-03-27,CM,BSE,STK,543271,INE0BY001018,JUBLINGREA,A,,,,,Jubilant Ingrevia Limited,640.25,687.2,640.25,660.1,646.5,675.05,,661.55,,,29617,19805173.0,1572,F1,1,,,,,,2025-03-27
2025-03-27,2025-03-27,CM,BSE,STK,543272,INE07O001026,EASEMYTRIP,A,,,,,Easy Trip Planners Limited,12.26,12.58,12.13,12.23,12.23,12.32,,12.22,,,3775408,46502706.0,3529,F1,1,,,,,,2025-03-27
2025-03-27,2025-03-27,CM,BSE,STK,543273,INE0CJD01011,KMEW,B,,,,,Knowledge Marine & Engineering,1480.0,1504.85,1446.0,1456.4,1450.0,1472.8,,1455.3,,,3710,5398220.0,524,F1,1,,,,,,2025-03-27
2025-03-27,2025-03-27,CM,BSE,STK,543274,INE0EMB01015,SUUMAYA,MT,,,,,SUUMAYA CORPORATION LIMITED,2.62,2.62,2.62,2.62,2.62,2.67,,2.62,,,4050,10611.0,6,F1,450,,,,,,2025-03-27
2025-03-27,2025-03-27,CM,BSE,STK,543275,INE930P01018,ANURAS,A,,,,,Anupam Rasayan India Limited,771.0,771.0,729.9,746.65,747.05,771.8,,747.45,,,14892,11125828.0,872,F1,1,,,,,,2025-03-27
2025-03-27,2025-03-27,CM,BSE,STK,543276,INE00LO01017,CRAFTSMAN,A,,,,,Craftsman Automation Limited,4843.9,4845.9,4750.0,4793.55,4805.75,4881.0,,4794.55,,,1384,6628852.0,483,F1,1,,,,,,2025-03-27
2025-03-27,2025-03-27,CM,BSE,STK,543277,INE576O01020,LXCHEM,A,,,,,Laxmi Organic Industries Limit,175.05,181.9,174.0,179.4,179.8,175.4,,179.5,,,174800,31142449.0,3303,F1,1,,,,,,2025-03-27
2025-03-27,2025-03-27,CM,BSE,STK,543278,INE303R01014,KALYANKJIL,A,,,,,Kalyan Jewellers India Limited,473.9,475.15,464.7,468.9,468.9,474.15,,469.05,,,253228,118949488.0,5607,F1,1,,,,,,2025-03-27
2025-03-27,2025-03-27,CM,BSE,STK,543279,INE428Q01011,SURYODAY,B,,,,,Suryoday Small Finance Bank Li,101.35,104.0,100.25,103.05,101.8,101.45,,103.05,,,44242,4510470.0,751,F1,1,,,,,,2025-03-27
2025-03-27,2025-03-27,CM,BSE,STK,543280,INE418L01021,NAZARA,A,,,,,Nazara Technologies Limited,951.1,952.95,935.2,950.75,950.75,949.95,,949.45,,,2251,2125166.0,302,F1,1,,,,,,2025-03-27
2025-03-27,2025-03-27,CM,BSE,STK,543281,INE018401013,SUVIDHAA,B,,,,,Suvidhaa Infoserve Limited,4.56,4.56,4.06,4.12,4.11,4.47,,4.09,,,182760,762842.0,598,F1,1,,,,,,2025-03-27
2025-03-27,2025-03-27,CM,BSE,STK,543283,INE382M01027,BARBEQUE,B,,,,,BARBEQUE-NATION HOSPITALITY LI,266.0,274.95,263.55,272.25,266.7,266.8,,271.8,,,35895,9679077.0,1213,F1,1,,,,,,2025-03-27
2025-03-27,2025-03-27,CM,BSE,STK,543284,INE0CPR01018,EKI,T,,,,,EKI Energy Services Limited,98.1,98.1,98.1,98.1,98.1,100.1,,98.1,,,37724,3700724.0,707,F1,1,,,,,,2025-03-27
2025-03-27,2025-03-27,CM,BSE,STK,543286,INE0D9X01018,JETMALL,M,,,,,Jetmall Spices and Masala Limi,8.0,8.0,8.0,8.0,8.0,9.35,,8.0,,,36000,288000.0,3,F1,6000,,,,,,2025-03-27
2025-03-27,2025-03-27,CM,BSE,STK,543287,INE670K01029,LODHA,A,,,,,Macrotech Developers Limited,1196.5,1254.4,1189.4,1236.45,1236.45,1195.7,,1241.25,,,19702,24072741.0,1939,F1,1,,,,,,2025-03-27
2025-03-27,2025-03-27,CM,BSE,STK,543288,INE0FHS01024,DEEPINDS,B,,,,,Deep Industries Limited,480.15,504.0,480.15,498.9,504.0,488.6,,498.2,,,16595,8170503.0,888,F1,1,,,,,,2025-03-27
2025-03-27,2025-03-27,CM,BSE,STK,543290,INE0GGX23010,PGINVIT,IF,,,,,POWERGRID Infrastructure Inves,75.9,76.07,75.9,75.98,75.99,75.97,,75.99,,,92263,7010774.0,360,F1,1,,,,,,2025-03-27
2025-03-27,2025-03-27,CM,BSE,STK,543291,INF769K01HF4,MAFANG,B,,,,,Mirae Asset Mutual Fund,121.16,121.16,118.66,120.51,120.7,121.77,,120.54,,,147671,17705562.0,2416,F1,1,,,,,,2025-03-27
2025-03-27,2025-03-27,CM,BSE,STK,543292,INF109KC1Q72,HEALTHIETF,B,,,,,ICICI Prudential Mutual Fund,139.1,141.16,139.0,141.16,141.16,140.7,,140.12,,,695,97044.0,38,F1,1,,,,,,2025-03-27
2025-03-27,2025-03-27,CM,BSE,STK,543297,INE0FLR01028,IWEL,B,,,,,Inox Wind Energy Limited,9050.05,9557.55,8906.55,9420.0,9357.95,9007.0,,9354.05,,,557,5116442.0,224,F1,1,,,,,,2025-03-27
2025-03-27,2025-03-27,CM,BSE,STK,543298,INE505Y01010,VINEETLAB,B,,,,,Vineet Laboratories Limited,32.2,32.75,31.02,31.54,31.02,31.57,,31.49,,,6186,196047.0,117,F1,1,,,,,,2025-03-27
2025-03-27,2025-03-27,CM,BSE,STK,543299,INE810G01011,SHYAMMETL,A,,,,,Shyam Metalics and Energy Limi,854.6,857.45,840.6,853.3,852.65,854.6,,853.95,,,9976,8455606.0,591,F1,1,,,,,,2025-03-27
2025-03-27,2025-03-27,CM,BSE,STK,543300,INE073K01018,SONACOMS,A,,,,,Sona BLW Precision Forgings Li,472.95,480.75,462.0,467.15,467.15,496.4,,467.35,,,238257,112048327.0,10310,F1,1,,,,,,2025-03-27
2025-03-27,2025-03-27,CM,BSE,STK,543305,INE0DB001013,NAVODAYENT,MT,,,,,Navoday Enterprises Limited,4.94,5.14,4.94,5.14,5.14,5.19,,5.14,,,36000,180240.0,3,F1,12000,,,,,,2025-03-27
2025-03-27,2025-03-27,CM,BSE,STK,543306,INE021O01019,DODLA,A,,,,,Dodla Dairy Limited,1144.0,1144.0,1123.35,1131.15,1139.3,1147.0,,1132.05,,,1422,1609217.0,267,F1,1,,,,,,2025-03-27
2025-03-27,2025-03-27,CM,BSE,STK,543308,INE967H01025,KIMS,A,,,,,Krishna Institute of Medical S,625.6,637.65,604.55,620.45,625.8,613.5,,622.15,,,59861,37318246.0,3178,F1,1,,,,,,2025-03-27
2025-03-27,2025-03-27,CM,BSE,STK,543309,INE0H8J01015,ADESHWAR,M,,,,,Adeshwar Meditex Limited,19.0,19.0,16.8,16.8,16.8,17.0,,16.8,,,12000,214800.0,2,F1,6000,,,,,,2025-03-27
2025-03-27,2025-03-27,CM,BSE,STK,543311,INE0D6701023,IPL,B,,,,,India Pesticides Limited,137.05,142.95,136.4,140.5,142.1,139.6,,141.3,,,106965,14867382.0,1644,F1,1,,,,,,2025-03-27
2025-03-27,2025-03-27,CM,BSE,STK,543317,INE201P01022,GRINFRA,A,,,,,G R Infraprojects Limited,1030.0,1088.45,1010.0,1047.15,1039.4,1032.55,,1043.25,,,6598,6884992.0,988,F1,1,,,,,,2025-03-27
2025-03-27,2025-03-27,CM,BSE,STK,543318,INE227W01023,CLEAN,A,,,,,Clean Science and Technology L,1195.05,1209.65,1185.0,1193.85,1192.0,1199.95,,1194.75,,,13188,15761264.0,881,F1,1,,,,,,2025-03-27
2025-03-27,2025-03-27,CM,BSE,STK,543320,INE758T01015,ZOMATO,A,,,,,Zomato Limited,204.25,208.75,200.5,205.75,205.75,203.3,,206.3,,,5692219,1165251010.0,41362,F1,1,,,,,,2025-03-27
2025-03-27,2025-03-27,CM,BSE,STK,543321,INE0GK401011,TATVA,B,,,,,Tatva Chintan Pharma Chem Limi,709.95,717.05,687.05,694.35,703.75,706.7,,697.25,,,4320,3044078.0,378,F1,1,,,,,,2025-03-27
2025-03-27,2025-03-27,CM,BSE,STK,543322,INE03Q201024,ALIVUS,A,,,,,ALIVUS LIFE SCIENCES LIMITED,990.0,1095.0,981.0,1066.8,1066.8,1005.0,,1061.8,,,14187,14822821.0,1307,F1,1,,,,,,2025-03-27
2025-03-27,2025-03-27,CM,BSE,STK,543323,INF769K01HI8,BFSI,B,,,,,Mirae Asset Mutual Fund,25.51,25.79,25.46,25.7,25.71,25.44,,25.63,,,5159,132426.0,67,F1,1,,,,,,2025-03-27
2025-03-27,2025-03-27,CM,BSE,STK,543324,INE199P01028,GCSL,MT,,,,,Gretex Corporate Services Limi,494.05,533.5,491.1,533.5,533.5,516.6,,533.5,,,4050,2032188.0,9,F1,405,,,,,,2025-03-27
2025-03-27,2025-03-27,CM,BSE,STK,543325,INE645S01016,ROLEXRINGS,A,,,,,Rolex Rings Limited,1348.05,1370.0,1242.0,1266.8,1299.0,1346.7,,1266.75,,,2970,3824855.0,652,F1,1,,,,,,2025-03-27
2025-03-27,2025-03-27,CM,BSE,STK,543326,INF109KC19V3,FMCGIETF,B,,,,,ICICI Prudential Mutual Fund,56.48,56.48,55.33,56.15,56.22,55.86,,56.25,,,8946,501823.0,232,F1,1,,,,,,2025-03-27
2025-03-27,2025-03-27,CM,BSE,STK,543327,INE0GFE01026,EXXARO,B,,,,,Exxaro Tiles Limited,5.78,5.87,5.3,5.66,5.66,5.7,,5.63,,,560653,3141546.0,841,F1,1,,,,,,2025-03-27
2025-03-27,2025-03-27,CM,BSE,STK,543328,INE08LI01020,KRSNAA,B,,,,,Krsnaa Diagnostics Limited,770.7,827.55,767.0,810.05,810.05,777.3,,812.55,,,3593,2860531.0,509,F1,1,,,,,,2025-03-27
2025-03-27,2025-03-27,CM,BSE,STK,543329,INE0H5O01029,WINDLAS,B,,,,,Windlas Biotech Limited,1020.15,1077.8,1020.15,1044.55,1044.65,1029.3,,1044.6,,,16441,17283726.0,1430,F1,1,,,,,,2025-03-27
2025-03-27,2025-03-27,CM,BSE,STK,543330,INE872J01023,DEVYANI,A,,,,,Devyani International Limited,149.9,150.4,146.6,149.8,149.8,148.55,,149.85,,,653891,98010101.0,1165,F1,1,,,,,,2025-03-27
2025-03-27,2025-03-27,CM,BSE,STK,543331,INE0CT101020,MOL,B,,,,,Meghmani Organics Limited,64.9,64.9,61.22,61.87,61.87,62.8,,61.78,,,153260,9509262.0,765,F1,1,,,,,,2025-03-27
2025-03-27,2025-03-27,CM,BSE,STK,543332,INE071N01016,EPIGRAL,A,,,,,Epigral Limited,1827.05,1944.0,1827.05,1906.55,1906.15,1894.7,,1909.95,,,5524,10525942.0,1085,F1,1,,,,,,2025-03-27
2025-03-27,2025-03-27,CM,BSE,STK,543333,INE290S01011,CARTRADE,A,,,,,CarTrade Tech Limited,1653.95,1713.2,1616.05,1664.3,1664.3,1654.15,,1680.45,,,7656,12785868.0,1059,F1,1,,,,,,2025-03-27
2025-03-27,2025-03-27,CM,BSE,STK,543334,INE118D01016,NUVOCO,A,,,,,Nuvoco Vistas Corporation Limi,315.0,326.05,306.1,309.15,306.15,314.95,,310.35,,,20801,6467216.0,780,F1,1,,,,,,2025-03-27
2025-03-27,2025-03-27,CM,BSE,STK,543335,INE852O01025,APTUS,A,,,,,Aptus Value Housing Finance In,299.0,300.65,296.45,298.6,298.6,299.5,,298.85,,,58022,17368420.0,1065,F1,1,,,,,,2025-03-27
2025-03-27,2025-03-27,CM,BSE,STK,543336,INE488A01050,CHEMPLASTS,A,,,,,Chemplast Sanmar Limited,440.0,485.0,415.45,434.55,428.45,442.4,,434.9,,,28749,13164070.0,2667,F1,1,,,,,,2025-03-27
2025-03-27,2025-03-27,CM,BSE,STK,543341,INE647W01014,SHARPLINE,XT,,,,,SHARPLINE BROADCAST LIMITED,12.18,12.78,11.58,11.59,11.6,12.18,,11.59,,,9417,112892.0,42,F1,1,,,,,,2025-03-27
2025-03-27,2025-03-27,CM,BSE,STK,543346,INE0EAX01014,AASHKA,M,,,,,Aashka Hospitals Limited,110.0,110.0,101.0,103.0,103.0,103.0,,103.0,,,20000,2090500.0,6,F1,1000,,,,,,2025-03-27
2025-03-27,2025-03-27,CM,BSE,STK,543347,INF846K01Y96,AXISTECETF,B,,,,,Axis Mutual Fund,402.0,402.72,399.6,399.6,399.6,399.83,,401.08,,,266,106829.0,9,F1,1,,,,,,2025-03-27
2025-03-27,2025-03-27,CM,BSE,STK,543348,INF846K01Z12,AXISHCETF,B,,,,,Axis Mutual Fund,139.32,139.32,137.83,138.0,138.0,140.96,,139.42,,,669,92926.0,23,F1,1,,,,,,2025-03-27
2025-03-27,2025-03-27,CM,BSE,STK,543349,INE00FF01017,AMIORG,A,,,,,Ami Organics Limited,2381.55,2447.15,2358.6,2397.25,2388.25,2381.6,,2398.25,,,9386,22580697.0,1438,F1,1,,,,,,2025-03-27
2025-03-27,2025-03-27,CM,BSE,STK,543350,INE043W01024,VIJAYA,A,,,,,Vijaya Diagnostic Centre Limit,1003.5,1016.4,989.0,1000.8,1011.0,1005.2,,1002.05,,,36926,36848722.0,1720,F1,1,,,,,,2025-03-27
2025-03-27,2025-03-27,CM,BSE,STK,543352,INE0DTJ01015,POBS,M,,,,,PlatinumOne Business Services,129.5,129.5,129.5,129.5,129.5,130.0,,129.5,,,600,77700.0,1,F1,600,,,,,,2025-03-27
2025-03-27,2025-03-27,CM,BSE,STK,543357,INF846K016C7,AXISCETF,B,,,,,Axis Mutual Fund,110.05,110.09,109.58,109.96,109.96,109.82,,110.33,,,709,77981.0,8,F1,1,,,,,,2025-03-27
2025-03-27,2025-03-27,CM,BSE,STK,543358,INE953O01021,SANSERA,A,,,,,Sansera Engineering Limited,1213.05,1232.05,1199.4,1208.2,1208.5,1214.1,,1209.55,,,6154,7483112.0,786,F1,1,,,,,,2025-03-27
2025-03-27,2025-03-27,CM,BSE,STK,543363,INE0GAO01018,PREVEST,M,,,,,Prevest Denpro Limited,454.0,454.0,426.0,428.3,429.0,456.65,,428.3,,,26000,11522970.0,75,F1,200,,,,,,2025-03-27
2025-03-27,2025-03-27,CM,BSE,STK,543364,INE0FW001016,MARKOLINES,M,,,,,Markolines Pavement Technologi,123.95,136.9,123.95,131.9,136.9,124.3,,131.9,,,185600,24095080.0,137,F1,800,,,,,,2025-03-27
2025-03-27,2025-03-27,CM,BSE,STK,543365,INF769K01HP3,MASPTOP50,B,,,,,Mirae Asset Mutual Fund,53.0,53.74,51.62,52.13,52.2,52.96,,52.1,,,10824,562557.0,373,F1,1,,,,,,2025-03-27
2025-03-27,2025-03-27,CM,BSE,STK,543367,INE045601015,PARAS,A,,,,,Paras Defence and Space Techno,974.45,1001.0,970.35,974.5,974.5,979.35,,974.05,,,17884,17609522.0,985,F1,1,,,,,,2025-03-27
2025-03-27,2025-03-27,CM,BSE,STK,543374,INE404A01024,ABSLAMC,A,,,,,Aditya Birla Sun Life AMC Limi,624.95,647.4,624.95,642.6,642.55,630.0,,643.6,,,5650,3592910.0,608,F1,1,,,,,,2025-03-27
2025-03-27,2025-03-27,CM,BSE,STK,543375,INE0I2F01015,PROMAX,MT,,,,,Promax Power Limited,31.6,31.6,31.6,31.6,31.6,32.24,,31.6,,,10000,316000.0,1,F1,2500,,,,,,2025-03-27
2025-03-27,2025-03-27,CM,BSE,STK,543376,INE0GD201014,SAMOR,B,,,,,Samor Reality Limited,76.45,76.45,72.63,72.77,74.75,76.45,,72.77,,,466,34067.0,28,F1,1,,,,,,2025-03-27
2025-03-27,2025-03-27,CM,BSE,STK,543378,INE0H8H01019,CWD,TS,,,,,CWD Limited,945.0,945.0,920.0,920.0,920.0,910.0,,920.0,,,900,833005.0,8,F1,100,,,,,,2025-03-27
2025-03-27,2025-03-27,CM,BSE,STK,543383,INF109KC1V42,CONSUMIETF,B,,,,,ICICI Prudential Mutual Fund,109.93,110.52,109.92,110.12,110.11,109.74,,110.28,,,2942,323942.0,67,F1,1,,,,,,2025-03-27
2025-03-27,2025-03-27,CM,BSE,STK,543384,INE388Y01029,NYKAA,A,,,,,FSN E-Commerce Ventures Limite,171.45,176.5,169.9,174.95,174.95,172.0,,174.55,,,140912,24336725.0,2193,F1,1,,,,,,2025-03-27
2025-03-27,2025-03-27,CM,BSE,STK,543385,INE0H7R23014,NHIT,IF,,,,,National Highways Infra Trust,133.45,133.45,133.45,133.45,133.45,133.68,,133.23,,,100000,13345000.0,1,F1,25000,,,,,,2025-03-27
2025-03-27,2025-03-27,CM,BSE,STK,543386,INE02NC01014,FINOPB,B,,,,,Fino Payments Bank Limited,220.25,226.9,215.45,225.4,226.75,220.25,,225.75,,,20267,4421137.0,597,F1,1,,,,,,2025-03-27
2025-03-27,2025-03-27,CM,BSE,STK,543387,INE284S01014,SJS,B,,,,,S.J.S. Enterprises Limited,891.0,891.0,869.5,885.15,889.0,879.0,,885.85,,,88162,77101661.0,851,F1,1,,,,,,2025-03-27
2025-03-27,2025-03-27,CM,BSE,STK,543388,INF740KA1QK2,EQUAL50ADD,B,,,,,DSP Mutual Fund,302.44,305.9,300.39,303.85,303.87,302.44,,303.8,,,1122,338863.0,25,F1,1,,,,,,2025-03-27
2025-03-27,2025-03-27,CM,BSE,STK,543389,INE0D0K01022,SIGACHI,B,,,,,Sigachi Industries Limited,36.4,36.4,35.0,35.39,35.39,36.01,,35.5,,,323251,11563290.0,2307,F1,1,,,,,,2025-03-27
2025-03-27,2025-03-27,CM,BSE,STK,543390,INE417T01026,POLICYBZR,A,,,,,PB Fintech Limited,1619.95,1665.5,1618.6,1647.45,1650.95,1609.05,,1647.15,,,23532,38742640.0,1588,F1,1,,,,,,2025-03-27
2025-03-27,2025-03-27,CM,BSE,STK,543391,INE07GA01011,SGFRL,M,,,,,Suyog Gurbaxani Funicular Rope,132.2,138.0,130.8,136.0,136.0,137.65,,136.0,,,56250,7471875.0,32,F1,750,,,,,,2025-03-27
2025-03-27,2025-03-27,CM,BSE,STK,543396,INE982J01020,PAYTM,A,,,,,One 97 Communications Limited,774.75,813.95,771.8,809.55,809.55,776.1,,810.1,,,239062,189818846.0,7440,F1,1,,,,,,2025-03-27
2025-03-27,2025-03-27,CM,BSE,STK,543397,INE806T01020,SAPPHIRE,A,,,,,Sapphire Foods India Limited,294.0,307.0,288.6,298.75,300.2,290.15,,299.0,,,44894,13443222.0,1583,F1,1,,,,,,2025-03-27
2025-03-27,2025-03-27,CM,BSE,STK,543398,INE0I7C01011,LATENTVIEW,A,,,,,Latent View Analytics Limited,355.1,366.0,355.1,364.3,364.3,360.1,,364.0,,,71111,25799161.0,2311,F1,1,,,,,,2025-03-27
2025-03-27,2025-03-27,CM,BSE,STK,543399,INE144Z01023,TARSONS,B,,,,,Tarsons Products Limited,309.2,318.85,307.2,314.15,311.0,310.7,,314.85,,,16419,5136506.0,1497,F1,1,,,,,,2025-03-27
2025-03-27,2025-03-27,CM,BSE,STK,543400,INE0JFE01012,OMNIPOTENT,M,,,,,Omnipotent Industries Limited,7.5,7.5,7.47,7.47,7.47,7.86,,7.47,,,20000,149500.0,7,F1,2000,,,,,,2025-03-27
2025-03-27,2025-03-27,CM,BSE,STK,543401,INE0BJS01011,GOCOLORS,A,,,,,Go Fashion (India) Limited,685.05,691.95,667.15,675.4,672.05,685.15,,676.45,,,18420,12497961.0,1656,F1,1,,,,,,2025-03-27
2025-03-27,2025-03-27,CM,BSE,STK,543410,INE07L501010,DMR,M,,,,,DMR Hydroengineering & Infrast,132.1,132.7,132.1,132.7,132.7,132.1,,132.7,,,3000,396750.0,2,F1,750,,,,,,2025-03-27
2025-03-27,2025-03-27,CM,BSE,STK,543411,INE106T01025,HITECH,B,,,,,HI-TECH PIPES LIMITED,104.6,107.85,103.05,105.45,105.2,104.3,,105.4,,,195352,20660755.0,2264,F1,1,,,,,,2025-03-27
2025-03-27,2025-03-27,CM,BSE,STK,543412,INE575P01011,STARHEALTH,A,,,,,Star Health and Allied Insuran,350.3,360.15,349.45,358.4,358.4,352.9,,358.3,,,48490,17212445.0,1010,F1,1,,,,,,2025-03-27
2025-03-27,2025-03-27,CM,BSE,STK,543413,INE011K01018,TEGA,A,,,,,Tega Industries Limited,1464.1,1474.3,1445.0,1454.15,1470.0,1464.1,,1455.45,,,4130,6026812.0,707,F1,1,,,,,,2025-03-27
2025-03-27,2025-03-27,CM,BSE,STK,543414,INF769K01HS7,MAHKTECH,B,,,,,Mirae Asset Mutual Fund,23.64,24.09,23.35,23.59,23.85,23.31,,23.63,,,292897,6961174.0,1445,F1,1,,,,,,2025-03-27
2025-03-27,2025-03-27,CM,BSE,STK,543415,INE463V01026,ANANDRATHI,A,,,,,Anand Rathi Wealth Limited,1849.95,1895.0,1809.8,1868.7,1855.6,1835.1,,1871.7,,,18589,34358589.0,796,F1,1,,,,,,2025-03-27
2025-03-27,2025-03-27,CM,BSE,STK,543416,INE761Y01019,ZODIAC,B,,,,,Zodiac Energy Limited,404.1,406.8,390.55,392.05,394.95,402.6,,392.6,,,7905,3131977.0,630,F1,1,,,,,,2025-03-27
2025-03-27,2025-03-27,CM,BSE,STK,543417,INE0CLI01024,RATEGAIN,A,,,,,RateGain Travel Technologies L,420.7,441.7,420.2,438.8,438.8,423.4,,437.35,,,77156,33238506.0,2669,F1,1,,,,,,2025-03-27
2025-03-27,2025-03-27,CM,BSE,STK,543419,INE217L01019,SHRIRAMPPS,A,,,,,Shriram Properties Limited,71.5,76.0,70.97,75.09,75.09,70.86,,75.06,,,365717,27079356.0,2955,F1,1,,,,,,2025-03-27
2025-03-27,2025-03-27,CM,BSE,STK,543420,INE982V01025,JETFREIGHT,B,,,,,Jet Freight Logistics Limited,11.85,12.2,11.7,11.98,12.1,12.09,,11.94,,,15324,184635.0,58,F1,1,,,,,,2025-03-27
2025-03-27,2025-03-27,CM,BSE,STK,543425,INE0BV301023,MAPMYINDIA,A,,,,,C.E. Info Systems Limited,1605.0,1674.8,1579.9,1654.45,1674.0,1611.55,,1653.6,,,18856,30898502.0,2060,F1,1,,,,,,2025-03-27
2025-03-27,2025-03-27,CM,BSE,STK,543426,INE317I01021,METROBRAND,A,,,,,Metro Brands Limited,890.3,1062.8,890.3,1014.5,1041.9,1056.5,,1011.35,,,24890,25518969.0,2263,F1,1,,,,,,2025-03-27
2025-03-27,2025-03-27,CM,BSE,STK,543427,INE804L01022,MEDPLUS,A,,,,,Medplus Health Services Limite,725.0,754.5,725.0,743.7,739.0,735.1,,742.7,,,2854,2119068.0,427,F1,1,,,,,,2025-03-27
2025-03-27,2025-03-27,CM,BSE,STK,543428,INE0IX101010,DATAPATTNS,A,,,,,Data Patterns (India) Limited,1682.5,1715.45,1658.5,1689.2,1699.0,1692.45,,1688.25,,,41840,70780996.0,2574,F1,1,,,,,,2025-03-27
2025-03-27,2025-03-27,CM,BSE,STK,543433,INE0GSL01024,HPAL,B,,,,,HP Adhesives Limited,49.87,50.67,48.02,48.29,48.22,49.75,,48.38,,,32264,1584618.0,532,F1,1,,,,,,2025-03-27
2025-03-27,2025-03-27,CM,BSE,STK,543434,INE07RO01027,SUPRIYA,B,,,,,Supriya Lifescience Limited,739.9,742.45,714.25,734.6,737.5,739.55,,734.35,,,15138,11017018.0,1186,F1,1,,,,,,2025-03-27
2025-03-27,2025-03-27,CM,BSE,STK,543435,INE0JJS01014,CLARA,M,,,,,CLARA INDUSTRIES LIMITED,21.49,21.5,19.8,19.94,20.0,21.5,,19.94,,,236550,4874050.0,32,F1,4150,,,,,,2025-03-27
2025-03-27,2025-03-27,CM,BSE,STK,543437,INF247L01AU3,MONQ50,B,,,,,Motilal Oswal Mutual Fund,81.52,81.52,80.07,80.87,80.94,81.16,,80.53,,,1390,112258.0,112,F1,1,,,,,,2025-03-27
2025-03-27,2025-03-27,CM,BSE,STK,543438,INF740KA1QL0,MIDQ50ADD,B,,,,,DSP Mutual Fund,226.32,226.32,223.3,224.48,224.48,224.08,,224.79,,,105,23478.0,9,F1,1,,,,,,2025-03-27
2025-03-27,2025-03-27,CM,BSE,STK,543439,INE0ILD01014,BRANDBUCKT,MT,,,,,Brandbucket Media & Technology,5.12,5.12,5.12,5.12,5.12,5.22,,5.12,,,34000,174080.0,7,F1,2000,,,,,,2025-03-27
2025-03-27,2025-03-27,CM,BSE,STK,543440,INF740KA1CL0,NIFTY50ADD,B,,,,,DSP Mutual Fund,243.25,245.14,242.8,244.32,245.14,244.13,,243.89,,,2088,509754.0,84,F1,1,,,,,,2025-03-27
2025-03-27,2025-03-27,CM,BSE,STK,543441,INE925R01014,CMSINFO,A,,,,,CMS Info Systems Limited,457.05,471.45,457.05,460.35,460.35,462.9,,459.9,,,21491,9948858.0,919,F1,1,,,,,,2025-03-27
2025-03-27,2025-03-27,CM,BSE,STK,543442,INE977Y01011,BCONCEPTS,B,,,,,Brand Concepts Limited,318.0,318.0,300.6,304.05,304.05,320.0,,304.4,,,10951,3379172.0,1296,F1,1,,,,,,2025-03-27
2025-03-27,2025-03-27,CM,BSE,STK,543444,INE0DRT01018,FABINO,M,,,,,FABINO ENTERPRISES LIMITED,27.5,27.5,27.5,27.5,27.5,27.5,,27.5,,,3000,82500.0,1,F1,3000,,,,,,2025-03-27
2025-03-27,2025-03-27,CM,BSE,STK,543449,INE02WG01024,WEL,B,,,,,WONDER ELECTRICALS LIMITED,168.55,174.95,167.2,170.85,169.0,169.0,,171.7,,,18115,3073046.0,399,F1,1,,,,,,2025-03-27
2025-03-27,2025-03-27,CM,BSE,STK,543450,INF109KC10V2,AUTOIETF,B,,,,,ICICI Prudential Mutual Fund,21.95,22.06,21.7,21.99,21.96,22.23,,21.98,,,87082,1907149.0,1384,F1,1,,,,,,2025-03-27
2025-03-27,2025-03-27,CM,BSE,STK,543451,INE583L01014,AGSTRA,T,,,,,AGS TRANSACT TECHNOLOGIES LIMI,8.86,8.86,8.86,8.86,8.86,9.32,,8.7,,,25818,228747.0,154,F1,1,,,,,,2025-03-27
2025-03-27,2025-03-27,CM,BSE,STK,543452,INF109KC1Y56,SILVERIETF,E,,,,,ICICI Prudential Mutual Fund,99.7,99.92,98.91,99.63,99.68,99.39,,99.68,,,63042,6276679.0,561,F1,1,,,,,,2025-03-27
2025-03-27,2025-03-27,CM,BSE,STK,543453,INE0KA601012,ALKOSIGN,MT,,,,,ALKOSIGN LIMITED,97.99,97.99,94.15,94.2,94.2,96.07,,94.2,,,27000,2640007.0,13,F1,750,,,,,,2025-03-27
2025-03-27,2025-03-27,CM,BSE,STK,543454,INF769K01IB1,MAKEINDIA,B,,,,,Mirae Asset Mutual Fund,132.65,133.83,132.65,133.82,133.83,133.45,,133.86,,,15456,2068170.0,45,F1,1,,,,,,2025-03-27
2025-03-27,2025-03-27,CM,BSE,STK,543458,INE699H01024,AWL,A,,,,,Adani Wilmar Limited,250.85,258.0,248.05,255.5,255.5,250.85,,255.95,,,473695,119450158.0,6450,F1,1,,,,,,2025-03-27
2025-03-27,2025-03-27,CM,BSE,STK,543461,INE0JNA01014,SSTL,MT,,,,,Safa Systems & Technologies Li,28.48,28.48,28.48,28.48,28.48,27.93,,28.48,,,30000,854400.0,3,F1,10000,,,,,,2025-03-27
2025-03-27,2025-03-27,CM,BSE,STK,543462,INE060X01026,DEVIT,B,,,,,DEV INFORMATION TECHNOLOGY LIM,112.65,117.15,108.0,111.8,112.3,112.0,,113.2,,,29566,3376189.0,676,F1,1,,,,,,2025-03-27
2025-03-27,2025-03-27,CM,BSE,STK,543463,INE825V01034,MANYAVAR,A,,,,,Vedant Fashions Limited,757.3,788.05,747.25,782.3,780.0,753.85,,781.85,,,9844,7579469.0,1026,F1,1,,,,,,2025-03-27
2025-03-27,2025-03-27,CM,BSE,STK,543464,INE0JSJ01014,SPITZE,MT,,,,,Maruti Interior Products Limit,114.2,114.2,105.05,105.95,105.05,108.8,,105.95,,,12000,1303800.0,12,F1,1000,,,,,,2025-03-27
2025-03-27,2025-03-27,CM,BSE,STK,543465,INF247L01BK2,MOMOMENTUM,B,,,,,Motilal Oswal Mutual Fund,57.04,57.5,56.77,57.33,57.33,57.13,,57.46,,,66731,3811763.0,227,F1,1,,,,,,2025-03-27
2025-03-27,2025-03-27,CM,BSE,STK,543470,INE728Z01015,SOFTTECH,T,,,,,SoftTech Engineers Limited,369.5,369.5,369.4,369.4,369.4,362.3,,369.4,,,724,267477.0,15,F1,1,,,,,,2025-03-27
2025-03-27,2025-03-27,CM,BSE,STK,543471,INF209KB19F6,SILVER,E,,,,,Aditya Birla Sun Life Mutual F,101.1,101.1,99.12,99.6,99.85,99.57,,99.73,,,138533,13767630.0,350,F1,1,,,,,,2025-03-27
2025-03-27,2025-03-27,CM,BSE,STK,543472,INF209KB11D8,TECH,B,,,,,Aditya Birla Sun Life Mutual F,39.54,39.7,39.54,39.7,39.7,39.35,,39.35,,,11,436.0,2,F1,1,,,,,,2025-03-27
2025-03-27,2025-03-27,CM,BSE,STK,543473,INF209KB10C2,HEALTHY,B,,,,,Aditya Birla Sun Life Mutual F,14.14,14.35,13.87,14.08,14.08,14.04,,14.04,,,1467,20590.0,58,F1,1,,,,,,2025-03-27
2025-03-27,2025-03-27,CM,BSE,STK,543474,INF209KB19D1,BSLNIFTY,B,,,,,Aditya Birla Sun Life Mutual F,27.12,27.24,26.89,26.95,26.89,27.0,,27.12,,,9464,255837.0,329,F1,1,,,,,,2025-03-27
2025-03-27,2025-03-27,CM,BSE,STK,543475,INE0KCM01010,EKENNIS,M,,,,,Ekennis Software Service Limit,51.0,56.4,50.0,56.4,56.4,52.0,,56.4,,,4000,207520.0,5,F1,800,,,,,,2025-03-27
2025-03-27,2025-03-27,CM,BSE,STK,543481,INF769K01IC9,MIDCAPETF,B,,,,,Mirae Asset Mutual Fund,19.35,19.49,19.22,19.39,19.48,19.39,,19.4,,,394867,7652605.0,913,F1,1,,,,,,2025-03-27
2025-03-27,2025-03-27,CM,BSE,STK,543482,INE0KCE01017,EUREKAFORB,A,,,,,Eureka Forbes Limited,523.0,555.75,516.15,549.0,549.0,525.55,,552.15,,,5305,2856777.0,417,F1,1,,,,,,2025-03-27
2025-03-27,2025-03-27,CM,BSE,STK,543489,INE079J01017,GATEWAY,A,,,,,Gateway Distriparks Limited,60.0,62.8,59.6,61.97,61.97,60.36,,62.05,,,220812,13598435.0,2582,F1,1,,,,,,2025-03-27
2025-03-27,2025-03-27,CM,BSE,STK,543490,INE0CU601026,GMRP&UI,A,,,,,GMR Power and Urban Infra Limi,106.75,117.55,105.92,114.89,114.89,107.91,,115.05,,,537342,60209914.0,4950,F1,1,,,,,,2025-03-27
2025-03-27,2025-03-27,CM,BSE,STK,543497,INE0KQ001017,BCCL,MT,,,,,Bhatia Colour Chem Limited,252.5,267.0,252.4,267.0,267.0,265.65,,267.0,,,11200,2894320.0,7,F1,1600,,,,,,2025-03-27
2025-03-27,2025-03-27,CM,BSE,STK,543498,INE0FS801015,MSUMI,A,,,,,Motherson Sumi Wiring India Li,54.92,54.92,52.5,53.2,53.2,53.53,,53.02,,,493592,26251447.0,4692,F1,1,,,,,,2025-03-27
2025-03-27,2025-03-27,CM,BSE,STK,543499,INE0K1401020,ACHYUT,MT,,,,,Achyut Healthcare Limited,3.2,3.26,3.11,3.26,3.26,3.2,,3.26,,,3465000,10917270.0,71,F1,31500,,,,,,2025-03-27
2025-03-27,2025-03-27,CM,BSE,STK,543500,INE0JVD01011,EVOQ,MT,,,,,Evoq Remedies Limited,2.57,2.62,2.57,2.61,2.61,2.62,,2.61,,,288000,743920.0,37,F1,4000,,,,,,2025-03-27
2025-03-27,2025-03-27,CM,BSE,STK,543501,INF247L01BL0,MOLOWVOL,B,,,,,Motilal Oswal Mutual Fund,35.04,35.27,35.04,35.25,35.25,35.04,,35.24,,,256,9014.0,7,F1,1,,,,,,2025-03-27
2025-03-27,2025-03-27,CM,BSE,STK,543512,INE652Z01017,AVROIND,B,,,,,Avro India Limited,136.65,150.0,136.65,145.0,145.0,143.8,,146.45,,,714,102999.0,78,F1,1,,,,,,2025-03-27
2025-03-27,2025-03-27,CM,BSE,STK,543513,INE0GIU01018,UMAEXPORTS,B,,,,,Uma Exports Limited,85.0,85.0,79.52,82.34,84.8,82.37,,81.9,,,18002,1478627.0,1006,F1,1,,,,,,2025-03-27
2025-03-27,2025-03-27,CM,BSE,STK,543514,INE0IQ001011,VERANDA,B,,,,,Veranda Learning Solutions Lim,195.95,198.0,189.65,191.0,191.0,193.15,,191.3,,,22488,4338873.0,603,F1,1,,,,,,2025-03-27
2025-03-27,2025-03-27,CM,BSE,STK,543515,INE0KPY01017,SEML,MT,,,,,Sunrise Efficient Marketing Li,162.3,167.0,160.0,166.95,167.0,162.3,,166.95,,,28500,4678575.0,19,F1,1500,,,,,,2025-03-27
2025-03-27,2025-03-27,CM,BSE,STK,543516,INE0K5F01014,DHYAANITR,MT,,,,,DHYAANI TRADEVENTTURES LIMITED,9.85,10.19,9.85,10.09,9.95,10.36,,10.09,,,190400,1915536.0,25,F1,2800,,,,,,2025-03-27
2025-03-27,2025-03-27,CM,BSE,STK,543517,INE00EV01017,HARIOMPIPE,B,,,,,Hariom Pipe Industries Limited,353.9,353.9,331.55,336.6,336.6,340.4,,336.75,,,47051,15871305.0,2099,F1,1,,,,,,2025-03-27
2025-03-27,2025-03-27,CM,BSE,STK,543518,INE0KSN01014,EIGHTY,M,,,,,Eighty Jewellers Limited,29.0,29.0,24.1,28.4,28.4,28.35,,28.4,,,63000,1763430.0,20,F1,3000,,,,,,2025-03-27
2025-03-27,2025-03-27,CM,BSE,STK,543519,INE0JMN01019,SFSL,MT,,,,,Shashwat Furnishing Solutions,43.7,43.7,43.7,43.7,43.7,43.7,,43.7,,,3000,131100.0,1,F1,3000,,,,,,2025-03-27
2025-03-27,2025-03-27,CM,BSE,STK,543520,INE0J2K01014,GLHRL,M,,,,,Global Longlife Hospital and R,22.0,22.8,21.5,21.55,21.55,22.0,,21.55,,,161000,3550680.0,64,F1,1000,,,,,,2025-03-27
2025-03-27,2025-03-27,CM,BSE,STK,543523,INE278Y01022,CAMPUS,A,,,,,Campus Activewear Limited,227.05,230.0,224.65,228.25,228.25,227.0,,227.8,,,114455,26026931.0,2695,F1,1,,,,,,2025-03-27
2025-03-27,2025-03-27,CM,BSE,STK,543524,INE961O01016,RAINBOW,A,,,,,Rainbow Children's Medicare Li,1337.8,1391.0,1326.35,1376.0,1391.0,1331.9,,1378.4,,,11361,15337914.0,1467,F1,1,,,,,,2025-03-27
2025-03-27,2025-03-27,CM,BSE,STK,543525,INE625X01018,SILVERTUC,B,,,,,Silver Touch Technologies Limi,651.35,658.75,646.65,654.05,657.5,649.0,,650.2,,,3150,2070383.0,118,F1,1,,,,,,2025-03-27
2025-03-27,2025-03-27,CM,BSE,STK,543526,INE0J1Y01017,LICI,A,,,,,LIFE INSURANCE CORPORATION OF,781.0,805.8,781.0,800.65,800.65,786.55,,801.15,,,81104,64338466.0,3468,F1,1,,,,,,2025-03-27
2025-03-27,2025-03-27,CM,BSE,STK,543527,INE00F201020,PRUDENT,A,,,,,Prudent Corporate Advisory Ser,2250.05,2388.35,2176.0,2331.35,2331.35,2252.7,,2325.9,,,66824,153776892.0,974,F1,1,,,,,,2025-03-27
2025-03-27,2025-03-27,CM,BSE,STK,543528,INE0JA001018,VENUSPIPES,A,,,,,Venus Pipes & Tubes Limited,1231.05,1250.0,1212.35,1226.15,1237.0,1233.45,,1228.0,,,22276,27445278.0,2182,F1,1,,,,,,2025-03-27
2025-03-27,2025-03-27,CM,BSE,STK,543529,INE148O01028,DELHIVERY,A,,,,,Delhivery Limited,254.65,256.2,249.8,253.8,254.15,253.95,,252.9,,,60342,15240981.0,1803,F1,1,,,,,,2025-03-27
2025-03-27,2025-03-27,CM,BSE,STK,543530,INE088F01024,PARADEEP,A,,,,,Paradeep Phosphates Limited,100.31,104.93,100.0,101.6,101.6,101.95,,101.62,,,922149,94393864.0,8973,F1,1,,,,,,2025-03-27
2025-03-27,2025-03-27,CM,BSE,STK,543531,INE05CY01014,TIERRA,X,,,,,Tierra Agrotech Limited,42.0,46.01,42.0,44.11,44.11,41.88,,44.11,,,14687,651785.0,110,F1,1,,,,,,2025-03-27
2025-03-27,2025-03-27,CM,BSE,STK,543532,INE04TZ01018,ETHOSLTD,A,,,,,ETHOS LIMITED,2538.85,2538.85,2433.0,2451.4,2451.4,2460.85,,2448.05,,,915,2242111.0,259,F1,1,,,,,,2025-03-27
2025-03-27,2025-03-27,CM,BSE,STK,543533,INE01QM01018,EMUDHRA,A,,,,,eMudhra Limited,858.8,872.05,845.2,852.65,845.2,864.1,,853.05,,,5384,4629808.0,505,F1,1,,,,,,2025-03-27
2025-03-27,2025-03-27,CM,BSE,STK,543534,INE0BWX01014,AETHER,A,,,,,Aether Industries Limited,837.65,860.8,830.0,836.05,837.0,845.0,,834.85,,,1455,1221340.0,277,F1,1,,,,,,2025-03-27
2025-03-27,2025-03-27,CM,BSE,STK,543538,INE0K6L01010,GOEL,MT,,,,,Goel Food Products Limited,15.23,15.45,14.93,14.93,14.93,15.23,,14.93,,,18000,273140.0,8,F1,2000,,,,,,2025-03-27
2025-03-27,2025-03-27,CM,BSE,STK,543539,INE0L0L01012,MODIS,M,,,,,MODI'S NAVNIRMAN LIMITED,275.0,280.0,270.0,277.5,280.0,265.0,,277.5,,,3200,876400.0,8,F1,400,,,,,,2025-03-27
2025-03-27,2025-03-27,CM,BSE,STK,543540,INE0GTX01019,PGCRL,M,,,,,Pearl Green Clubs and Resorts,88.0,88.0,83.8,83.8,83.8,88.2,,83.8,,,1200,103080.0,2,F1,600,,,,,,2025-03-27
2025-03-27,2025-03-27,CM,BSE,STK,543541,INE0KHQ01010,SAILANI,M,,,,,SAILANI TOURS N TRAVELS LIMITE,19.28,19.36,19.25,19.36,19.36,18.46,,19.36,,,4800,92624.0,3,F1,1600,,,,,,2025-03-27
2025-03-27,2025-03-27,CM,BSE,STK,543542,INE0L1C01019,KESAR,M,,,,,KESAR INDIA LIMITED,674.0,689.1,626.0,630.4,630.0,656.4,,630.4,,,31800,20230350.0,54,F1,200,,,,,,2025-03-27
2025-03-27,2025-03-27,CM,BSE,STK,543543,INE0IZQ01016,BRRL,M,,,,,B-RIGHT REALESTATE LIMITED,350.0,350.0,350.0,350.0,350.0,355.7,,350.0,,,2400,840000.0,2,F1,800,,,,,,2025-03-27
2025-03-27,2025-03-27,CM,BSE,STK,543544,INE0KR801019,JAYANT,MT,,,,,JAYANT INFRATECH LIMITED,66.0,69.8,63.3,63.51,63.31,66.63,,63.51,,,39750,2610675.0,37,F1,750,,,,,,2025-03-27
2025-03-27,2025-03-27,CM,BSE,STK,543545,INE0ID001024,VEERKRUPA,M,,,,,Veerkrupa Jewellers Limited,1.0,1.11,0.86,1.04,1.02,0.97,,1.04,,,1686700,1586834.0,87,F1,16700,,,,,,2025-03-27
2025-03-27,2025-03-27,CM,BSE,STK,543546,INE0L3501015,HEALTHYLIFE,MT,,,,,HEALTHY LIFE AGRITEC LIMITED,58.26,58.5,57.48,58.5,58.5,60.5,,58.5,,,18000,1042380.0,8,F1,2000,,,,,,2025-03-27
2025-03-27,2025-03-27,CM,BSE,STK,543547,INE0HR601026,DDEVPLSTIK,B,,,,,DDEV PLASTIKS INDUSTRIES LIMIT,256.15,263.2,252.75,256.15,256.15,260.2,,256.4,,,251290,64423822.0,2526,F1,1,,,,,,2025-03-27
2025-03-27,2025-03-27,CM,BSE,STK,543563,INF247L01BB1,MOHEALTH,B,,,,,Motilal Oswal Mutual Fund,41.65,42.06,41.35,41.99,41.75,42.04,,41.88,,,1804,74879.0,48,F1,1,,,,,,2025-03-27
2025-03-27,2025-03-27,CM,BSE,STK,543568,INF109KC17C7,MOM30IETF,B,,,,,ICICI Prudential Mutual Fund,28.55,28.79,28.49,28.7,28.73,28.66,,28.71,,,148626,4259450.0,531,F1,1,,,,,,2025-03-27
2025-03-27,2025-03-27,CM,BSE,STK,543569,INF179KC1HR4,HDFCNIF100,B,,,,,HDFC Mutual Fund,24.41,25.28,24.41,24.55,24.51,24.55,,24.58,,,76158,1908137.0,59,F1,1,,,,,,2025-03-27
2025-03-27,2025-03-27,CM,BSE,STK,543570,INF179KC1HS2,HDFCNEXT50,B,,,,,HDFC Mutual Fund,62.98,64.9,62.76,64.08,64.9,63.26,,64.15,,,7700,489149.0,158,F1,1,,,,,,2025-03-27
2025-03-27,2025-03-27,CM,BSE,STK,543571,INF109KC16E5,INFRAIETF,B,,,,,ICICI Prudential Mutual Fund,86.28,86.76,86.11,86.59,86.55,86.27,,86.57,,,15792,1364153.0,166,F1,1,,,,,,2025-03-27
2025-03-27,2025-03-27,CM,BSE,STK,543572,INF740KA1RE3,SILVERADD,E,,,,,DSP Mutual Fund,96.26,96.55,96.0,96.54,96.54,96.26,,96.15,,,20136,1941762.0,29,F1,1,,,,,,2025-03-27
2025-03-27,2025-03-27,CM,BSE,STK,543573,INE0DYJ01015,SYRMA,A,,,,,Syrma SGS Technology Limited,470.0,480.75,461.25,472.05,471.9,469.75,,474.3,,,49753,23480395.0,1488,F1,1,,,,,,2025-03-27
2025-03-27,2025-03-27,CM,BSE,STK,543574,INF209KB15K4,NIFTYQLITY,B,,,,,Aditya Birla Sun Life Mutual F,19.71,19.81,19.51,19.8,19.8,19.76,,19.82,,,17404,342840.0,155,F1,1,,,,,,2025-03-27
2025-03-27,2025-03-27,CM,BSE,STK,543575,INF209KB14K7,MOMENTUM,B,,,,,Aditya Birla Sun Life Mutual F,28.64,28.78,28.38,28.52,28.75,28.56,,28.57,,,50313,1433044.0,162,F1,1,,,,,,2025-03-27
2025-03-27,2025-03-27,CM,BSE,STK,543576,INF247L01BE5,MOVALUE,B,,,,,Motilal Oswal Mutual Fund,93.73,95.53,93.17,94.8,94.18,94.26,,94.89,,,36192,3400962.0,139,F1,1,,,,,,2025-03-27
2025-03-27,2025-03-27,CM,BSE,STK,543578,INE0M3901015,OLATECH,MT,,,,,Olatech Solutions Limited,249.8,250.0,249.8,250.0,250.0,262.9,,250.0,,,7400,1849260.0,8,F1,925,,,,,,2025-03-27
2025-03-27,2025-03-27,CM,BSE,STK,543579,INE0JNB01012,NATURO,MT,,,,,NATURO INDIABULL LIMITED,3.28,3.28,3.18,3.18,3.18,3.24,,3.18,,,44000,142040.0,11,F1,4000,,,,,,2025-03-27
2025-03-27,2025-03-27,CM,BSE,STK,543590,INE0KKN01029,RHETAN,B,,,,,Rhetan TMT Limited,16.98,16.98,16.2,16.23,16.26,16.53,,16.23,,,957997,15708372.0,979,F1,1,,,,,,2025-03-27
2025-03-27,2025-03-27,CM,BSE,STK,543591,INE0JS101016,DREAMFOLKS,B,,,,,DREAMFOLKS SERVICES LIMITED,217.95,227.0,214.85,224.8,225.45,217.9,,224.7,,,187643,41349950.0,4835,F1,1,,,,,,2025-03-27
2025-03-27,2025-03-27,CM,BSE,STK,543592,INF179KC1DI2,HDFCSILVER,E,,,,,HDFC Mutual Fund,96.11,96.3,95.91,96.25,96.25,95.99,,96.23,,,34006,3268864.0,198,F1,1,,,,,,2025-03-27
2025-03-27,2025-03-27,CM,BSE,STK,543593,INE0I3401014,DBOL,T,,,,,Dhampur Bio Organics Limited,67.99,67.99,67.7,67.7,67.7,69.08,,67.7,,,1598,108245.0,27,F1,1,,,,,,2025-03-27
2025-03-27,2025-03-27,CM,BSE,STK,543594,INE0MC401013,DPL,MT,,,,,DIPNA PHARMACHEM LIMITED,13.75,14.25,13.42,13.82,13.75,13.84,,13.82,,,57000,792510.0,14,F1,3000,,,,,,2025-03-27
2025-03-27,2025-03-27,CM,BSE,STK,543595,INE0D2I01014,EPBIO,MT,,,,,EP BIOCOMPOSITES LIMITED,121.5,125.9,121.5,125.9,125.9,123.45,,125.9,,,1500,186650.0,3,F1,500,,,,,,2025-03-27
2025-03-27,2025-03-27,CM,BSE,STK,543596,INE668A01016,TMB,A,,,,,Tamilnad Mercantile Bank Limit,412.0,417.55,412.0,414.4,415.25,415.35,,414.85,,,7890,3276067.0,646,F1,1,,,,,,2025-03-27
2025-03-27,2025-03-27,CM,BSE,STK,543597,INE0I0T01010,VOEPL,MT,,,,,Virtuoso Optoelectronics Limit,575.0,580.0,558.1,563.35,566.0,578.6,,563.35,,,18500,10471100.0,37,F1,500,,,,,,2025-03-27
2025-03-27,2025-03-27,CM,BSE,STK,543599,INE0D6I01023,KSOLVES,B,,,,,Ksolves India Limited,444.95,444.95,425.05,432.25,432.25,445.35,,430.9,,,11659,5069869.0,933,F1,1,,,,,,2025-03-27
2025-03-27,2025-03-27,CM,BSE,STK,543600,INE0JUS01029,HARSHA,B,,,,,Harsha Engineers International,392.95,393.85,367.8,372.95,377.1,389.5,,374.0,,,11616,4397684.0,721,F1,1,,,,,,2025-03-27
2025-03-27,2025-03-27,CM,BSE,STK,543605,INF179KC1DL6,HDFCQUAL,B,,,,,HDFC Mutual Fund,54.03,54.03,53.93,53.93,53.93,53.6,,53.82,,,93,5015.0,2,F1,1,,,,,,2025-03-27
2025-03-27,2025-03-27,CM,BSE,STK,543606,INE0M8901010,CONTAINE,M,,,,,CONTAINE TECHNOLOGIES LIMITED,61.14,61.77,60.0,60.39,60.0,61.15,,60.39,,,57000,3476310.0,24,F1,1000,,,,,,2025-03-27
2025-03-27,2025-03-27,CM,BSE,STK,543607,INF179KC1DJ0,HDFCGROWTH,B,,,,,HDFC Mutual Fund,114.07,114.07,110.95,112.21,111.71,112.62,,112.6,,,2394,267674.0,68,F1,1,,,,,,2025-03-27
2025-03-27,2025-03-27,CM,BSE,STK,543608,INF179KC1DK8,HDFCVALUE,B,,,,,HDFC Mutual Fund,131.11,131.21,130.19,130.48,130.48,131.08,,130.59,,,115,15039.0,6,F1,1,,,,,,2025-03-27
2025-03-27,2025-03-27,CM,BSE,STK,543613,INE0KQQ01011,MAFIA,MT,,,,,MAFIA TRENDS LIMITED,14.62,14.62,14.62,14.62,14.62,15.38,,14.62,,,8000,116960.0,2,F1,4000,,,,,,2025-03-27
2025-03-27,2025-03-27,CM,BSE,STK,543614,INE0LQS01015,TIPSFILMS,B,,,,,Tips Films Limited,470.15,500.7,453.55,494.5,500.7,476.95,,494.45,,,2146,1009037.0,137,F1,1,,,,,,2025-03-27
2025-03-27,2025-03-27,CM,BSE,STK,543615,INE0MNV01014,SRSOLTD,M,,,,,SILICON RENTAL SOLUTIONS LIMIT,204.05,204.05,195.35,204.0,204.0,209.5,,204.0,,,12000,2413600.0,15,F1,800,,,,,,2025-03-27
2025-03-27,2025-03-27,CM,BSE,STK,543616,INE0MKA01014,TLL,M,,,,,Trident Lifeline Limited,251.0,269.5,251.0,257.0,257.0,259.7,,257.0,,,20400,5282100.0,10,F1,600,,,,,,2025-03-27
2025-03-27,2025-03-27,CM,BSE,STK,543617,INE0MKO01015,REETECH,M,,,,,REETECH INTERNATIONAL CARGO AN,25.6,25.6,25.6,25.6,25.6,25.6,,25.6,,,3600,92160.0,3,F1,1200,,,,,,2025-03-27
2025-03-27,2025-03-27,CM,BSE,STK,543619,INE0N0J01014,CNCRD,MT,,,,,Concord Control Systems Limite,1146.3,1170.0,1120.0,1160.45,1132.05,1139.75,,1160.45,,,12125,13975887.0,47,F1,125,,,,,,2025-03-27
2025-03-27,2025-03-27,CM,BSE,STK,543620,INE0LGX01024,INA,M,,,,,INSOLATION ENERGY LIMITED,259.9,259.9,250.05,252.8,255.8,257.95,,252.8,,,297000,75146200.0,369,F1,500,,,,,,2025-03-27
2025-03-27,2025-03-27,CM,BSE,STK,543621,INE0KZM01011,CARGOSOL,M,,,,,Cargosol Logistics Limited,15.15,15.25,13.37,13.95,13.95,15.99,,13.95,,,60000,860640.0,15,F1,4000,,,,,,2025-03-27
2025-03-27,2025-03-27,CM,BSE,STK,543622,INE0MSK01016,STML,M,,,,,STEELMAN TELECOM LIMITED,174.9,180.0,172.25,174.0,175.0,169.0,,174.0,,,26400,4628160.0,19,F1,1200,,,,,,2025-03-27
2025-03-27,2025-03-27,CM,BSE,STK,543623,INE0NC801013,VEDANTASSET,MT,,,,,VEDANT ASSET LIMITED,54.64,54.64,54.64,54.64,54.64,55.75,,54.64,,,1500,81960.0,1,F1,1500,,,,,,2025-03-27
2025-03-27,2025-03-27,CM,BSE,STK,543626,INE02YR01019,EMIL,A,,,,,Electronics Mart India Limited,118.05,128.85,118.05,127.3,127.95,121.0,,127.45,,,126857,15780775.0,2294,F1,1,,,,,,2025-03-27
2025-03-27,2025-03-27,CM,BSE,STK,543627,INF179KC1HU8,HDFCLOWVOL,B,,,,,HDFC Mutual Fund,18.99,19.14,18.83,19.05,19.05,19.15,,19.06,,,9199,174060.0,23,F1,1,,,,,,2025-03-27
2025-03-27,2025-03-27,CM,BSE,STK,543628,INF179KC1HV6,HDFCMOMENT,B,,,,,HDFC Mutual Fund,28.51,28.55,28.26,28.44,28.53,28.38,,28.42,,,42935,1219294.0,123,F1,1,,,,,,2025-03-27
2025-03-27,2025-03-27,CM,BSE,STK,543635,INE0DK501011,PPLPHARMA,A,,,,,PIRAMAL PHARMA LIMITED,217.5,220.85,216.0,218.75,219.8,218.9,,218.8,,,175547,38316720.0,2322,F1,1,,,,,,2025-03-27
2025-03-27,2025-03-27,CM,BSE,STK,543636,INE0A1101019,DCI,B,,,,,Dc Infotech and Communication,270.45,272.0,252.0,256.35,257.0,262.3,,255.25,,,2572,670984.0,191,F1,1,,,,,,2025-03-27
2025-03-27,2025-03-27,CM,BSE,STK,543637,INE0N1L01018,PACE,MT,,,,,PACE E-COMMERCE VENTURES LIMIT,25.99,25.99,25.04,25.04,25.04,25.55,,25.04,,,18000,464436.0,8,F1,1200,,,,,,2025-03-27
2025-03-27,2025-03-27,CM,BSE,STK,543638,INE0HMF01019,TRACXN,B,,,,,Tracxn Technologies Limited,54.01,56.81,53.58,55.51,55.01,54.44,,55.4,,,81988,4542747.0,1294,F1,1,,,,,,2025-03-27
2025-03-27,2025-03-27,CM,BSE,STK,543643,INE117Z01011,NARMADA,T,,,,,Narmada Agrobase Limited,16.65,17.4,16.61,16.61,16.61,17.4,,16.99,,,22711,377396.0,10,F1,1,,,,,,2025-03-27
2025-03-27,2025-03-27,CM,BSE,STK,543644,INE344S01016,INFOBEAN,B,,,,,InfoBeans Technologies Limited,301.1,309.0,290.0,299.05,299.05,304.5,,300.3,,,12641,3786405.0,712,F1,1,,,,,,2025-03-27
2025-03-27,2025-03-27,CM,BSE,STK,543645,INE05X901010,HPIL,B,,,,,HINDPRAKASH INDUSTRIES LIMITED,126.0,126.9,118.3,121.0,121.0,125.2,,121.7,,,205,25958.0,35,F1,1,,,,,,2025-03-27
2025-03-27,2025-03-27,CM,BSE,STK,543650,INE0KL801015,DCXINDIA,A,,,,,DCX Systems Limited,236.85,236.85,227.45,228.55,229.85,230.05,,228.75,,,57089,13161540.0,1351,F1,1,,,,,,2025-03-27
2025-03-27,2025-03-27,CM,BSE,STK,543652,INE139R01012,FUSION,A,,,,,FUSION FINANCE LIMITED,138.7,152.4,130.4,146.7,146.7,136.7,,145.65,,,102695,14513011.0,2783,F1,1,,,,,,2025-03-27
2025-03-27,2025-03-27,CM,BSE,STK,543653,INE00E101023,BIKAJI,A,,,,,Bikaji Foods International Lim,653.05,668.0,653.05,656.55,655.05,659.35,,657.0,,,28023,18497701.0,1670,F1,1,,,,,,2025-03-27
2025-03-27,2025-03-27,CM,BSE,STK,543654,INE474Q01031,MEDANTA,A,,,,,Global Health Limited,1221.6,1237.85,1202.95,1214.4,1220.25,1221.6,,1213.85,,,8388,10227625.0,1034,F1,1,,,,,,2025-03-27
2025-03-27,2025-03-27,CM,BSE,STK,543655,INE0MIZ23019,ANZEN,IF,,,,,Anzen India Energy Yield Plus,106.0,106.0,106.0,106.0,106.0,106.0,,106.0,,,343400,36400400.0,6,F1,25000,,,,,,2025-03-27
2025-03-27,2025-03-27,CM,BSE,STK,543656,INE0MXP01015,TECHNOPACK,M,,,,,Technopack Polymers Limited,21.7,22.45,20.71,21.2,21.15,21.68,,21.2,,,44000,943400.0,11,F1,4000,,,,,,2025-03-27
2025-03-27,2025-03-27,CM,BSE,STK,543657,INE128X01021,ACI,A,,,,,Archean Chemical Industries Li,501.0,549.3,498.9,527.65,527.65,503.15,,523.7,,,49810,25837580.0,2137,F1,1,,,,,,2025-03-27
2025-03-27,2025-03-27,CM,BSE,STK,543663,INE128S01021,FIVESTAR,A,,,,,Five-Star Business Finance Ltd,705.0,736.5,693.05,726.05,730.1,700.95,,724.6,,,17674,12488947.0,1072,F1,1,,,,,,2025-03-27
2025-03-27,2025-03-27,CM,BSE,STK,543664,INE918Z01012,KAYNES,A,,,,,KAYNES TECHNOLOGY INDIA LIMITE,4837.8,4938.95,4770.2,4802.85,4802.85,4874.2,,4803.6,,,47923,232582029.0,5631,F1,1,,,,,,2025-03-27
2025-03-27,2025-03-27,CM,BSE,STK,543665,INF179KC1IA8,HDFCNIFIT,B,,,,,HDFC Mutual Fund,38.98,39.04,38.68,38.68,38.68,38.68,,38.88,,,10541,410565.0,33,F1,1,,,,,,2025-03-27
2025-03-27,2025-03-27,CM,BSE,STK,543666,INF179KC1HZ7,HDFCPVTBAN,B,,,,,HDFC Mutual Fund,26.0,26.11,25.97,26.02,25.97,25.94,,26.03,,,270,7027.0,7,F1,1,,,,,,2025-03-27
2025-03-27,2025-03-27,CM,BSE,STK,543667,INE510W01014,INOXGREEN,A,,,,,INOX GREEN ENERGY SERVICES LIM,117.6,123.0,117.25,121.85,122.05,118.9,,121.8,,,361642,43759282.0,2971,F1,1,,,,,,2025-03-27
2025-03-27,2025-03-27,CM,BSE,STK,543668,INE01EE01011,BBTCL,B,,,,,B&B Triplewall Containers Limi,126.0,138.95,119.55,130.0,137.65,131.0,,131.3,,,4880,612810.0,518,F1,1,,,,,,2025-03-27
2025-03-27,2025-03-27,CM,BSE,STK,543669,INE263M01029,RUSTOMJEE,B,,,,,Keystone Realtors Limited,535.05,542.6,528.35,532.85,534.3,535.5,,532.25,,,3237,1727535.0,95,F1,1,,,,,,2025-03-27
2025-03-27,2025-03-27,CM,BSE,STK,543670,INE01KI01027,VINNY,T,,,,,VINNY OVERSEAS LIMITED,1.27,1.27,1.27,1.27,1.27,1.29,,1.27,,,12439,15797.0,31,F1,1,,,,,,2025-03-27
2025-03-27,2025-03-27,CM,BSE,STK,543671,INE0D0U01013,AAATECH,B,,,,,AAA TECHNOLOGIES LIMITED,77.71,79.5,70.2,73.26,73.0,76.27,,72.7,,,9206,680018.0,264,F1,1,,,,,,2025-03-27
2025-03-27,2025-03-27,CM,BSE,STK,543677,INF109KC17L8,FINIETF,B,,,,,ICICI Prudential Mutual Fund,26.5,26.9,26.48,26.65,26.87,26.48,,26.82,,,13600,363017.0,283,F1,1,,,,,,2025-03-27
2025-03-27,2025-03-27,CM,BSE,STK,543686,INE792Z01011,SIRCA,B,,,,,Sirca Paints India Limited,244.5,247.05,240.0,240.75,240.95,244.4,,241.1,,,16818,4069653.0,434,F1,1,,,,,,2025-03-27
2025-03-27,2025-03-27,CM,BSE,STK,543687,INE00OQ01016,DHARMAJ,B,,,,,Dharmaj Crop Guard Limited,186.85,194.9,181.85,182.9,182.9,183.4,,182.75,,,16247,3029872.0,900,F1,1,,,,,,2025-03-27
2025-03-27,2025-03-27,CM,BSE,STK,543688,INE324X01026,SARVESHWAR,B,,,,,Sarveshwar Foods Limited,6.55,6.75,6.35,6.38,6.38,6.56,,6.38,,,853728,5548700.0,1399,F1,1,,,,,,2025-03-27
2025-03-27,2025-03-27,CM,BSE,STK,543689,INE244O01017,UNIPARTS,B,,,,,Uniparts India Limited,316.0,317.85,309.8,311.1,310.3,314.9,,311.4,,,8382,2617618.0,489,F1,1,,,,,,2025-03-27
2025-03-27,2025-03-27,CM,BSE,STK,543709,INE0NT601018,GARGI,M,,,,,PNGS GARGI FASHION JEWELLERY L,1010.0,1011.0,970.0,974.15,975.0,995.7,,974.15,,,11500,11339768.0,81,F1,125,,,,,,2025-03-27
2025-03-27,2025-03-27,CM,BSE,STK,543710,INF109KC19O8,COMMOIETF,B,,,,,ICICI Prudential Mutual Fund,84.74,85.42,84.7,85.42,85.42,84.54,,85.8,,,123,10438.0,7,F1,1,,,,,,2025-03-27
2025-03-27,2025-03-27,CM,BSE,STK,543711,INE142Q01026,SULA,A,,,,,Sula Vineyards Limited,271.0,276.0,263.8,269.8,270.3,268.4,,269.75,,,53005,14294085.0,1303,F1,1,,,,,,2025-03-27
2025-03-27,2025-03-27,CM,BSE,STK,543712,INE00ZE01026,AHL,T,,,,,Abans Holdings Limited,180.0,180.0,174.45,174.45,174.45,178.0,,174.45,,,929,163183.0,19,F1,1,,,,,,2025-03-27
2025-03-27,2025-03-27,CM,BSE,STK,543713,INE0MQD01015,DRONACHRYA,MT,,,,,Droneacharya Aerial Innovation,65.33,65.33,65.33,65.33,65.33,66.66,,65.33,,,27000,1763910.0,25,F1,1000,,,,,,2025-03-27
2025-03-27,2025-03-27,CM,BSE,STK,543714,INE559R01029,LANDMARK,B,,,,,LANDMARK CARS LIMITED,383.95,385.7,370.0,376.55,385.7,383.5,,376.5,,,22183,8373902.0,1172,F1,1,,,,,,2025-03-27
2025-03-27,2025-03-27,CM,BSE,STK,543715,INE059901020,IEL,T,,,,,Indiabulls Enterprises Limited,15.56,15.56,15.56,15.56,15.56,15.87,,15.56,,,20041,311837.0,33,F1,1,,,,,,2025-03-27
2025-03-27,2025-03-27,CM,BSE,STK,543720,INE138Y01010,KFINTECH,A,,,,,KFin Technologies Limited,1023.4,1056.5,1017.0,1043.1,1043.1,1041.95,,1041.15,,,38456,39831252.0,2071,F1,1,,,,,,2025-03-27
2025-03-27,2025-03-27,CM,BSE,STK,543725,INE050401020,ELIN,B,,,,,Elin Electronics Limited,117.5,120.0,117.5,118.45,120.0,117.7,,118.8,,,11079,1316308.0,306,F1,1,,,,,,2025-03-27
2025-03-27,2025-03-27,CM,BSE,STK,543732,INE855R01021,RADIANTCMS,B,,,,,Radiant Cash Management Servic,54.0,55.89,53.0,53.57,53.57,54.89,,53.64,,,52940,2891394.0,819,F1,1,,,,,,2025-03-27
2025-03-27,2025-03-27,CM,BSE,STK,543737,INE09BN01011,AVEER,X,,,,,Aveer Foods Limited,828.6,828.6,749.7,749.7,749.7,789.15,,749.7,,,760,603093.0,69,F1,1,,,,,,2025-03-27
2025-03-27,2025-03-27,CM,BSE,STK,543743,INE035801013,SAH,B,,,,,Sah Polymers Limited,85.48,85.48,83.0,83.22,83.15,86.41,,83.51,,,1002,84291.0,56,F1,1,,,,,,2025-03-27
2025-03-27,2025-03-27,CM,BSE,STK,543746,INE0BSU01018,LOGICA,M,,,,,LOGICA INFOWAY LIMITED,235.0,242.5,216.05,224.9,224.0,231.0,,224.9,,,26400,5982270.0,21,F1,600,,,,,,2025-03-27
2025-03-27,2025-03-27,CM,BSE,STK,543747,INE0BTI01037,KAMOPAINTS,T,,,,,Kamdhenu Ventures Limited,9.36,9.36,9.36,9.36,9.36,9.55,,9.36,,,23992,224565.0,60,F1,1,,,,,,2025-03-27
2025-03-27,2025-03-27,CM,BSE,STK,543748,INE0LRU01027,AARTIPHARM,A,,,,,Aarti Pharmalabs Limited,730.35,748.0,715.2,745.0,748.0,732.5,,745.95,,,26507,19435026.0,1049,F1,1,,,,,,2025-03-27
2025-03-27,2025-03-27,CM,BSE,STK,543765,INE0O4V01010,EARTH,M,,,,,Earthstahl & Alloys Limited,32.0,32.95,26.5,28.57,29.0,31.5,,28.57,,,120000,3416490.0,25,F1,3000,,,,,,2025-03-27
2025-03-27,2025-03-27,CM,BSE,STK,543766,INE094B01013,ASHIKA,XT,,,,,Ashika Credit Capital Ltd.,601.65,601.65,571.6,573.55,577.65,601.65,,573.55,,,9053,5214846.0,111,F1,1,,,,,,2025-03-27
2025-03-27,2025-03-27,CM,BSE,STK,543767,INE0EEJ01023,BTML,B,,,,,BODHI TREE MULTIMEDIA LIMITED,8.42,8.52,7.83,7.94,7.94,8.24,,7.95,,,412033,3311870.0,580,F1,1,,,,,,2025-03-27
2025-03-27,2025-03-27,CM,BSE,STK,543768,INE0NNS01018,NSLNISP,A,,,,,NMDC Steel Limited,34.09,34.26,33.28,33.53,33.53,34.08,,33.66,,,1202274,40563161.0,4391,F1,1,,,,,,2025-03-27
2025-03-27,2025-03-27,CM,BSE,STK,543769,INE0KN201016,INDONG,M,,,,,INDONG TEA COMPANY LIMITED,18.8,18.8,18.31,18.31,18.31,20.16,,18.31,,,40000,738320.0,5,F1,4000,,,,,,2025-03-27
2025-03-27,2025-03-27,CM,BSE,STK,543774,INF179KC1EZ4,HDFCBSE500,B,,,,,HDFC Mutual Fund,34.12,34.49,34.05,34.34,34.34,34.21,,34.27,,,191,6564.0,15,F1,1,,,,,,2025-03-27
2025-03-27,2025-03-27,CM,BSE,STK,543775,INF179KC1FB2,HDFCSML250,B,,,,,HDFC Mutual Fund,150.16,153.0,149.32,152.15,153.0,150.8,,152.27,,,268833,40573187.0,2924,F1,1,,,,,,2025-03-27
2025-03-27,2025-03-27,CM,BSE,STK,543776,INF179KC1HT0,HDFCMID150,B,,,,,HDFC Mutual Fund,19.55,19.55,19.1,19.36,19.48,19.3,,19.34,,,13486,260602.0,263,F1,1,,,,,,2025-03-27
2025-03-27,2025-03-27,CM,BSE,STK,543781,INF769K01JP9,GOLDETF,E,,,,,Mirae Asset Mutual Fund,86.34,86.75,86.19,86.53,86.75,86.02,,86.56,,,9069,783844.0,727,F1,1,,,,,,2025-03-27
2025-03-27,2025-03-27,CM,BSE,STK,543782,INE0O4601016,SEALMATIC,M,,,,,Sealmatic India Limited,385.0,388.0,382.3,384.4,383.5,385.0,,384.4,,,26850,10361572.0,122,F1,150,,,,,,2025-03-27
2025-03-27,2025-03-27,CM,BSE,STK,543787,INE0OLH01013,ROBU,MT,,,,,Macfos Limited,773.15,775.4,773.15,773.15,773.15,788.9,,773.15,,,3900,3018322.0,18,F1,150,,,,,,2025-03-27
2025-03-27,2025-03-27,CM,BSE,STK,543798,INE0NPA01011,PATRON,M,,,,,Patron Exim Limited,6.06,6.06,6.06,6.06,6.06,6.02,,6.06,,,8000,48480.0,2,F1,4000,,,,,,2025-03-27
2025-03-27,2025-03-27,CM,BSE,STK,543799,INE0JZS01010,SVJ,MT,,,,,S. V. J. Enterprises Limited,200.0,207.9,200.0,207.9,207.9,200.0,,207.9,,,3000,605925.0,3,F1,750,,,,,,2025-03-27
2025-03-27,2025-03-27,CM,BSE,STK,543804,INE0G1V01016,AMANAYA,M,,,,,AMANAYA VENTURES LIMITED,14.9,14.9,14.9,14.9,14.9,15.68,,14.9,,,6000,89400.0,1,F1,6000,,,,,,2025-03-27
2025-03-27,2025-03-27,CM,BSE,STK,543805,INE0NYN01016,RESGEN,M,,,,,RESGEN LIMITED,84.67,88.85,80.53,82.26,82.26,84.67,,82.26,,,108000,9136095.0,85,F1,750,,,,,,2025-03-27
2025-03-27,2025-03-27,CM,BSE,STK,543806,INE0O6A01019,ITCONS,MT,,,,,ITCONS E-Solutions Limited,507.4,510.0,481.0,509.55,510.0,505.95,,509.55,,,18200,9194100.0,34,F1,200,,,,,,2025-03-27
2025-03-27,2025-03-27,CM,BSE,STK,543811,INE645W01026,AIRAN,B,,,,,AIRAN LIMITED,26.9,27.38,26.73,27.27,27.27,26.68,,27.17,,,13279,358394.0,211,F1,1,,,,,,2025-03-27
2025-03-27,2025-03-27,CM,BSE,STK,543812,INE753U01022,DIVGIITTS,B,,,,,DIVGI TORQTRANSFER SYSTEMS LIM,456.0,464.25,427.0,436.05,436.05,459.95,,444.4,,,11933,5300057.0,674,F1,1,,,,,,2025-03-27
2025-03-27,2025-03-27,CM,BSE,STK,543813,INF209KB18T9,ABSLLIQUID,F,,,,,Aditya Birla Sun Life Mutual F,1000.01,1000.01,1000.01,1000.01,1000.01,1000.0,,1000.0,,,271,271002.0,2,F1,1,,,,,,2025-03-27
2025-03-27,2025-03-27,CM,BSE,STK,543814,INE0OKG01017,PCL,MT,,,,,PROSPECT CONSUMER PRODUCTS LIM,79.97,79.97,72.37,75.9,76.7,76.17,,75.9,,,13000,981870.0,11,F1,1000,,,,,,2025-03-27
2025-03-27,2025-03-27,CM,BSE,STK,543819,INF109KC10S8,PSUBNKIETF,B,,,,,ICICI Prudential Mutual Fund,61.84,63.51,61.8,63.21,63.33,62.0,,63.39,,,24875,1563349.0,159,F1,1,,,,,,2025-03-27
2025-03-27,2025-03-27,CM,BSE,STK,543828,INE00TV01023,SUDARSHAN,MT,,,,,SUDARSHAN PHARMA INDUSTRIES LI,31.2,31.2,31.16,31.16,31.16,31.79,,31.16,,,92000,2867680.0,13,F1,4000,,,,,,2025-03-27
2025-03-27,2025-03-27,CM,BSE,STK,543829,INE0JSX01015,GSLSU,B,,,,,Global Surfaces Limited,115.6,119.4,107.0,107.7,107.0,115.7,,108.25,,,19488,2143787.0,412,F1,1,,,,,,2025-03-27
2025-03-27,2025-03-27,CM,BSE,STK,543831,INE0OMI01019,BRIGHT,M,,,,,Bright Outdoor Media Limited,480.0,494.0,480.0,493.15,490.0,487.85,,493.15,,,17000,8383937.0,8,F1,250,,,,,,2025-03-27
2025-03-27,2025-03-27,CM,BSE,STK,543843,INE0LKQ01012,COMMAND,MT,,,,,Command Polymers Limited,39.71,39.71,39.71,39.71,39.71,41.8,,39.71,,,112000,4447520.0,8,F1,4000,,,,,,2025-03-27
2025-03-27,2025-03-27,CM,BSE,STK,543848,INE0NIJ01017,DEVLAB,M,,,,,Dev Labtech Venture Limited,59.1,60.0,58.0,59.35,59.8,61.48,,59.35,,,9000,531950.0,8,F1,1000,,,,,,2025-03-27
2025-03-27,2025-03-27,CM,BSE,STK,543858,INF769K01JU9,LOWVOL,B,,,,,Mirae Asset Mutual Fund,191.65,191.65,191.65,191.65,191.65,191.19,,191.63,,,500,95825.0,1,F1,1,,,,,,2025-03-27
2025-03-27,2025-03-27,CM,BSE,STK,543860,INE825B01010,JAFINANCE,XT,,,,,J.A. Finance Limited,96.73,96.73,95.31,95.31,95.31,94.84,,95.31,,,810,78224.0,6,F1,1,,,,,,2025-03-27
2025-03-27,2025-03-27,CM,BSE,STK,543861,INE0N0Y01013,USK,B,,,,,Udayshivakumar infra limited,38.0,38.0,36.5,36.69,36.5,37.71,,36.8,,,28850,1070154.0,325,F1,1,,,,,,2025-03-27
2025-03-27,2025-03-27,CM,BSE,STK,543874,INE0O1T01010,MAIDEN,M,,,,,Maiden Forgings Limited,64.0,65.3,63.5,63.72,63.5,67.63,,63.72,,,35000,2246560.0,32,F1,1000,,,,,,2025-03-27
2025-03-27,2025-03-27,CM,BSE,STK,543875,INF769K01KF8,GSEC10YEAR,F,,,,,Mirae Asset Mutual Fund,28.49,28.5,28.49,28.5,28.5,28.48,,28.5,,,92,2621.0,5,F1,1,,,,,,2025-03-27
2025-03-27,2025-03-27,CM,BSE,STK,543895,INE0O8901016,EXHICON,M,,,,,Exhicon Events Media Solutions,239.1,260.0,237.1,242.05,240.0,242.05,,242.05,,,130500,32632400.0,106,F1,500,,,,,,2025-03-27
2025-03-27,2025-03-27,CM,BSE,STK,543896,INE0LCL01028,AVALON,B,,,,,Avalon Technologies Limited,787.4,794.3,750.0,754.05,760.0,783.5,,755.25,,,35008,27033729.0,1559,F1,1,,,,,,2025-03-27
2025-03-27,2025-03-27,CM,BSE,STK,543897,INE0P7001013,SANCODE,M,,,,,Sancode Technologies Limited,42.0,42.0,36.55,36.55,36.55,40.9,,36.55,,,12000,475950.0,8,F1,1500,,,,,,2025-03-27
2025-03-27,2025-03-27,CM,BSE,STK,543898,INE0N7W01012,BLAL,B,,,,,BEML Land Assets Limited,203.0,213.6,200.45,202.95,202.95,202.9,,203.65,,,8427,1730667.0,501,F1,1,,,,,,2025-03-27
2025-03-27,2025-03-27,CM,BSE,STK,543900,INF789F1AYK6,SILVERETF,E,,,,,UTI Mutual Fund,97.15,97.31,96.92,97.15,97.15,96.75,,97.02,,,7448,722715.0,51,F1,1,,,,,,2025-03-27
2025-03-27,2025-03-27,CM,BSE,STK,543901,INE508K01013,RHL,B,,,,,ROBUST HOTELS LIMITED,244.2,244.2,244.2,244.2,244.2,232.6,,245.05,,,1,244.0,1,F1,1,,,,,,2025-03-27
2025-03-27,2025-03-27,CM,BSE,STK,543902,INE0NTC01019,RETINA,M,,,,,Retina Paints Limited,42.8,42.8,40.5,40.5,40.5,45.0,,40.5,,,12000,492220.0,6,F1,2000,,,,,,2025-03-27
2025-03-27,2025-03-27,CM,BSE,STK,543903,INF740KA1SW3,GOLDETFADD,E,,,,,DSP Mutual Fund,86.5,86.55,86.5,86.53,86.53,85.75,,86.5,,,10100,873653.0,16,F1,1,,,,,,2025-03-27
2025-03-27,2025-03-27,CM,BSE,STK,543904,INE634S01028,MANKIND,A,,,,,Mankind Pharma Limited,2401.25,2490.0,2372.0,2463.1,2465.0,2407.6,,2452.6,,,25938,63129712.0,3315,F1,1,,,,,,2025-03-27
2025-03-27,2025-03-27,CM,BSE,STK,543905,INE0LDI01022,INNOKAIZ,MT,,,,,INNOKAIZ INDIA LIMITED,12.83,12.83,12.83,12.83,12.83,13.5,,12.83,,,24000,307920.0,24,F1,800,,,,,,2025-03-27
2025-03-27,2025-03-27,CM,BSE,STK,543910,INE680Z01018,AVG,T,,,,,AVG Logistics Limited,250.5,250.5,250.5,250.5,250.5,255.6,,250.5,,,2476,620238.0,11,F1,1,,,,,,2025-03-27
2025-03-27,2025-03-27,CM,BSE,STK,543911,INE0ALR01029,ATALREAL,B,,,,,Atal Realtech Limited,13.26,13.65,12.35,13.48,13.45,13.0,,13.62,,,72778,934790.0,197,F1,1,,,,,,2025-03-27
2025-03-27,2025-03-27,CM,BSE,STK,543912,INE557Z01018,PIGL,T,,,,,Power & Instrumentation (Gujar,158.95,159.4,150.1,159.4,159.4,151.85,,162.8,,,2067,324432.0,42,F1,1,,,,,,2025-03-27
2025-03-27,2025-03-27,CM,BSE,STK,543913,INE0NDH25011,NXST,IF,,,,,Nexus Select Trust,127.9,130.9,125.92,130.2,130.63,127.82,,130.02,,,16587,2143487.0,401,F1,1,,,,,,2025-03-27
2025-03-27,2025-03-27,CM,BSE,STK,543914,INE210F01016,SWATIPRO,XT,,,,,Swati Projects Limited,21.11,21.11,20.06,20.26,20.43,21.11,,20.26,,,61613,1244326.0,360,F1,1,,,,,,2025-03-27
2025-03-27,2025-03-27,CM,BSE,STK,543915,INE07S101020,PAVNAIND,B,,,,,Pavna Industries Limited,350.6,391.3,348.75,380.55,380.55,356.45,,380.85,,,6001,2262529.0,518,F1,1,,,,,,2025-03-27
2025-03-27,2025-03-27,CM,BSE,STK,543916,INE0GYI01028,HSIL,M,,,,,Hemant Surgical Industries Lim,109.5,109.5,97.0,100.8,100.8,110.0,,100.8,,,70400,7164600.0,50,F1,800,,,,,,2025-03-27
2025-03-27,2025-03-27,CM,BSE,STK,543917,INE0A0S01010,SIGMA,B,,,,,SIGMA SOLVE LIMITED,253.95,257.6,240.6,242.6,241.0,251.3,,242.8,,,2236,548478.0,345,F1,1,,,,,,2025-03-27
2025-03-27,2025-03-27,CM,BSE,STK,543918,INE0PA801013,GHCLTEXTIL,B,,,,,GHCL Textiles Limited,73.1,74.7,72.0,72.35,72.35,73.78,,72.32,,,54813,4004368.0,1186,F1,1,,,,,,2025-03-27
2025-03-27,2025-03-27,CM,BSE,STK,543919,INE964W01021,MKPL,B,,,,,M.K.Proteins Limited,6.45,6.57,6.17,6.2,6.23,6.34,,6.2,,,102746,651524.0,545,F1,1,,,,,,2025-03-27
2025-03-27,2025-03-27,CM,BSE,STK,543920,INE0NJ001013,CFF,MT,,,,,CFF FLUID CONTROL LIMITED,445.0,445.0,438.95,438.95,438.95,447.9,,438.95,,,10400,4577400.0,27,F1,200,,,,,,2025-03-27
2025-03-27,2025-03-27,CM,BSE,STK,543921,INE0NXA01015,COMRADE,M,,,,,Comrade Appliances Limited,93.0,93.0,92.15,92.15,92.15,97.0,,92.15,,,3000,278150.0,3,F1,1000,,,,,,2025-03-27
2025-03-27,2025-03-27,CM,BSE,STK,543922,INF769K01KG6,SILVRETF,E,,,,,Mirae Asset Mutual Fund,97.5,98.11,97.5,97.5,97.5,96.0,,97.67,,,758,74149.0,15,F1,1,,,,,,2025-03-27
2025-03-27,2025-03-27,CM,BSE,STK,543923,INE0LOJ01019,IKIO,B,,,,,IKIO Lighting Limited,243.55,251.55,240.4,245.15,245.15,248.05,,244.9,,,20081,4934393.0,622,F1,1,,,,,,2025-03-27
2025-03-27,2025-03-27,CM,BSE,STK,543924,INE0N5O01013,SONALIS,MT,,,,,Sonalis Consumer Products Limi,56.3,56.3,56.3,56.3,56.3,53.62,,56.3,,,20000,1126000.0,6,F1,2000,,,,,,2025-03-27
2025-03-27,2025-03-27,CM,BSE,STK,543926,INE0OJ401014,BIZOTIC,M,,,,,Bizotic Commercial Limited,82.5,82.5,79.4,80.2,79.4,83.5,,80.2,,,10400,833120.0,10,F1,800,,,,,,2025-03-27
2025-03-27,2025-03-27,CM,BSE,STK,543927,INE04Z101016,ASIAN,X,,,,,Asian Warehousing Limited,47.99,48.0,46.5,47.0,47.0,46.2,,47.0,,,393,18633.0,17,F1,1,,,,,,2025-03-27
2025-03-27,2025-03-27,CM,BSE,STK,543928,INE0ORA01015,COSMICCRF,M,,,,,Cosmic CRF Limited,1400.0,1400.0,1323.0,1346.4,1374.0,1380.05,,1346.4,,,23500,31884845.0,181,F1,100,,,,,,2025-03-27
2025-03-27,2025-03-27,CM,BSE,STK,543929,INE0ECP01024,HMAAGRO,B,,,,,HMA Agro Industries Limited,29.5,30.34,29.05,29.36,29.25,30.04,,29.18,,,27379,803814.0,262,F1,1,,,,,,2025-03-27
2025-03-27,2025-03-27,CM,BSE,STK,543930,INE568Z01015,URAVIDEF,B,,,,,Uravi Defence and Technology L,389.95,389.95,350.0,367.8,367.0,363.25,,363.3,,,7567,2781291.0,59,F1,1,,,,,,2025-03-27
2025-03-27,2025-03-27,CM,BSE,STK,543931,INE0Q0M01015,VEEFIN,MT,,,,,VEEFIN SOLUTIONS LIMITED,282.0,292.0,281.6,281.6,282.0,296.4,,281.6,,,180400,51001010.0,439,F1,200,,,,,,2025-03-27
2025-03-27,2025-03-27,CM,BSE,STK,543932,INE349Y01013,IDEAFORGE,A,,,,,IDEAFORGE TECHNOLOGY LIMITED,369.45,381.0,339.0,344.25,344.25,362.35,,343.85,,,70501,25219626.0,3160,F1,1,,,,,,2025-03-27
2025-03-27,2025-03-27,CM,BSE,STK,543933,INE055S01018,CYIENTDLM,A,,,,,Cyient DLM Limited,387.0,464.75,382.0,448.5,448.5,387.3,,446.05,,,83432,34969802.0,3097,F1,1,,,,,,2025-03-27
2025-03-27,2025-03-27,CM,BSE,STK,543934,INE01BT01015,MACIND,X,,,,,Machhar Industries Limited,250.0,250.25,249.0,250.25,250.25,238.35,,250.25,,,36,9005.0,9,F1,1,,,,,,2025-03-27
2025-03-27,2025-03-27,CM,BSE,STK,543935,INF740KA1SX1,ITETFADD,B,,,,,DSP Mutual Fund,37.77,38.66,37.77,38.59,38.59,38.5,,38.57,,,271,10444.0,7,F1,1,,,,,,2025-03-27
2025-03-27,2025-03-27,CM,BSE,STK,543936,INE602W01027,SENCO,A,,,,,Senco Gold Limited,277.4,289.9,277.0,279.0,279.0,277.3,,279.2,,,150982,42419392.0,5085,F1,1,,,,,,2025-03-27
2025-03-27,2025-03-27,CM,BSE,STK,543937,INE0NZF01019,ALPHAIND,MT,,,,,ALPHALOGIC INDUSTRIES LIMITED,127.9,127.9,122.1,122.1,122.1,128.5,,122.1,,,1200,150000.0,2,F1,600,,,,,,2025-03-27
2025-03-27,2025-03-27,CM,BSE,STK,543938,INE0POP01017,ACCELERATE,MT,,,,,ACCELERATEBS INDIA LIMITED,126.2,126.2,126.2,126.2,126.2,128.75,,126.2,,,1280,161536.0,1,F1,640,,,,,,2025-03-27
2025-03-27,2025-03-27,CM,BSE,STK,543939,INE0P3N01018,KAKA,M,,,,,Kaka Industries Limited,227.0,230.5,219.0,221.3,221.0,236.45,,221.3,,,48500,10957250.0,95,F1,500,,,,,,2025-03-27
2025-03-27,2025-03-27,CM,BSE,STK,543940,INE758E01017,JIOFIN,A,,,,,Jio Financial Services Limited,222.2,227.85,221.3,225.9,225.9,222.4,,225.8,,,2010981,451529257.0,15527,F1,1,,,,,,2025-03-27
2025-03-27,2025-03-27,CM,BSE,STK,543941,INE0NEV01011,AHASOLAR,MT,,,,,AHASOLAR TECHNOLOGIES LIMITED,99.8,99.8,94.85,94.85,94.85,99.8,,94.85,,,12800,1223000.0,29,F1,400,,,,,,2025-03-27
2025-03-27,2025-03-27,CM,BSE,STK,543942,INE735W01017,UTKARSHBNK,B,,,,,UTKARSH SMALL FINANCE BANK LIM,22.65,24.5,22.3,22.89,22.85,22.35,,22.81,,,361523,8266515.0,1078,F1,1,,,,,,2025-03-27
2025-03-27,2025-03-27,CM,BSE,STK,543943,INE0DN001027,ASARFI,M,,,,,ASARFI HOSPITAL LIMITED,83.0,83.0,77.51,80.2,80.2,84.67,,80.2,,,51000,4072350.0,45,F1,1000,,,,,,2025-03-27
2025-03-27,2025-03-27,CM,BSE,STK,543944,INF769K01KR3,BANKETF,B,,,,,Mirae Asset Mutual Fund,519.45,531.48,519.17,519.67,531.48,519.91,,522.48,,,5060,2629529.0,195,F1,1,,,,,,2025-03-27
2025-03-27,2025-03-27,CM,BSE,STK,543945,INE0NT901020,NETWEB,A,,,,,NETWEB TECHNOLOGIES INDIA LIMI,1569.5,1569.5,1522.0,1527.3,1523.0,1548.05,,1525.6,,,13703,21056307.0,1081,F1,1,,,,,,2025-03-27
2025-03-27,2025-03-27,CM,BSE,STK,543946,INF769K01KS1,LIQUID,F,,,,,Mirae Asset Mutual Fund,1000.0,1000.01,1000.0,1000.0,1000.01,1000.0,,999.99,,,38104,38104051.0,37,F1,1,,,,,,2025-03-27
2025-03-27,2025-03-27,CM,BSE,STK,543948,INF740KA1SY9,PSUBANKADD,B,,,,,DSP Mutual Fund,62.66,62.66,62.66,62.66,62.66,61.34,,62.96,,,100,6266.0,1,F1,1,,,,,,2025-03-27
2025-03-27,2025-03-27,CM,BSE,STK,543950,INE0JO301016,YATHARTH,B,,,,,YATHARTH HOSPITAL & TRAUMA CAR,417.4,425.3,412.35,422.3,424.95,415.95,,422.35,,,18232,7641499.0,858,F1,1,,,,,,2025-03-27
2025-03-27,2025-03-27,CM,BSE,STK,543951,INE0LYO01018,INNOVATUS,M,,,,,Innovatus Entertainment Networ,12.55,12.55,12.55,12.55,12.55,13.21,,12.55,,,12000,150600.0,4,F1,3000,,,,,,2025-03-27
2025-03-27,2025-03-27,CM,BSE,STK,543952,INE342G01023,NIITMTS,A,,,,,NIIT Learning Systems Limited,429.95,433.95,383.95,394.1,406.8,432.4,,395.2,,,3345,1338837.0,407,F1,1,,,,,,2025-03-27
2025-03-27,2025-03-27,CM,BSE,STK,543953,INE0OWC01011,KHAZANCHI,M,,,,,Khazanchi Jewellers Limited,575.7,606.0,575.7,586.3,589.4,571.25,,586.3,,,41500,24325987.0,72,F1,250,,,,,,2025-03-27
2025-03-27,2025-03-27,CM,BSE,STK,543954,INE0NN701020,ATL,B,,,,,Allcargo Terminals Limited,23.04,23.65,22.32,22.5,22.42,23.15,,22.48,,,69904,1606549.0,595,F1,1,,,,,,2025-03-27
2025-03-27,2025-03-27,CM,BSE,STK,543955,INE0O3901029,TREL,B,,,,,Transindia Real Estate Limited,32.31,34.85,32.31,34.31,33.82,33.62,,34.31,,,114555,3863281.0,967,F1,1,,,,,,2025-03-27
2025-03-27,2025-03-27,CM,BSE,STK,543956,INF109KC18V5,QUAL30IETF,B,,,,,ICICI Prudential Mutual Fund,19.57,19.65,19.57,19.62,19.62,19.55,,19.6,,,3759,73797.0,21,F1,1,,,,,,2025-03-27
2025-03-27,2025-03-27,CM,BSE,STK,543957,INE0LXT01019,REDTAPE,A,,,,,REDTAPE Limited,151.1,154.15,147.0,148.2,149.0,154.3,,148.05,,,67173,10086397.0,2168,F1,1,,,,,,2025-03-27
2025-03-27,2025-03-27,CM,BSE,STK,543958,INE03HW01020,VLEGOV,T,,,,,VL E-Governance & IT Solutions,35.84,35.84,35.84,35.84,35.84,36.57,,35.84,,,575079,20610831.0,95,F1,1,,,,,,2025-03-27
2025-03-27,2025-03-27,CM,BSE,STK,543959,INE423Y01016,SBFC,A,,,,,SBFC Finance Limited,80.61,89.99,80.61,89.22,89.3,88.37,,89.25,,,31878,2847610.0,673,F1,1,,,,,,2025-03-27
2025-03-27,2025-03-27,CM,BSE,STK,543960,INE338H01029,CONCORDBIO,A,,,,,Concord Biotech Limited,1670.0,1734.05,1643.45,1719.35,1719.35,1657.85,,1720.55,,,5866,9929539.0,884,F1,1,,,,,,2025-03-27
2025-03-27,2025-03-27,CM,BSE,STK,543962,INE864X01013,DPWIRES,B,,,,,D.P. WIRES LIMITED,199.65,211.95,197.0,197.65,197.1,201.55,,198.05,,,7737,1562295.0,805,F1,1,,,,,,2025-03-27
2025-03-27,2025-03-27,CM,BSE,STK,543963,INE013V01011,SHELTER,M,,,,,SHELTER PHARMA LIMITED,36.5,37.99,35.7,36.06,36.2,37.91,,36.06,,,108000,3957300.0,35,F1,3000,,,,,,2025-03-27
2025-03-27,2025-03-27,CM,BSE,STK,543965,INE395N01027,TVSSCS,A,,,,,TVS Supply Chain Solutions Lim,130.3,137.2,127.4,129.95,129.95,130.75,,130.25,,,259973,34213688.0,3290,F1,1,,,,,,2025-03-27
2025-03-27,2025-03-27,CM,BSE,STK,543969,INE0MIS01010,PYRAMID,B,,,,,Pyramid Technoplast Limited,143.75,143.75,135.75,138.55,138.55,139.3,,138.2,,,28189,3891186.0,1213,F1,1,,,,,,2025-03-27
2025-03-27,2025-03-27,CM,BSE,STK,543970,INE0OJZ01019,SHOORA,MT,,,,,Shoora Designs Limited,48.4,48.4,48.4,48.4,48.4,46.1,,48.4,,,1500,72600.0,1,F1,1500,,,,,,2025-03-27
2025-03-27,2025-03-27,CM,BSE,STK,543971,INE0Q8P01029,BONDADA,M,,,,,Bondada Engineering Limited,387.0,393.0,371.65,371.65,371.65,391.2,,371.65,,,259800,98542560.0,796,F1,200,,,,,,2025-03-27
2025-03-27,2025-03-27,CM,BSE,STK,543972,INE024001021,AEROFLEX,B,,,,,Aeroflex Industries Limited,170.95,176.6,168.45,175.2,174.75,171.55,,174.9,,,47538,8248801.0,985,F1,1,,,,,,2025-03-27
2025-03-27,2025-03-27,CM,BSE,STK,543974,INE0AE001013,VPRPL,B,,,,,VISHNU PRAKASH R PUNGLIA LIMIT,158.35,163.5,157.8,160.6,160.95,159.55,,160.8,,,210029,33822819.0,3187,F1,1,,,,,,2025-03-27
2025-03-27,2025-03-27,CM,BSE,STK,543976,INE489B01031,SHRAAITECH,XT,,,,,Shradha AI Technologies Limite,37.48,37.48,37.48,37.48,37.48,38.24,,37.48,,,10226,383270.0,127,F1,1,,,,,,2025-03-27
2025-03-27,2025-03-27,CM,BSE,STK,543977,INE0N2P01017,RISHABH,B,,,,,Rishabh Instruments Limited,222.2,225.75,213.55,216.4,214.25,224.65,,216.9,,,24740,5433050.0,1284,F1,1,,,,,,2025-03-27
2025-03-27,2025-03-27,CM,BSE,STK,543978,INE05CZ01011,RATNAVEER,B,,,,,Ratnaveer Precision Engineerin,134.35,136.0,132.9,134.45,134.6,134.35,,134.1,,,29690,3991959.0,771,F1,1,,,,,,2025-03-27
2025-03-27,2025-03-27,CM,BSE,STK,543979,INE04T901017,KAHAN,M,,,,,Kahan Packaging Limited,51.1,51.9,51.0,51.0,51.0,54.6,,51.0,,,8000,411040.0,4,F1,1600,,,,,,2025-03-27
2025-03-27,2025-03-27,CM,BSE,STK,543980,INE682M01012,JLHL,A,,,,,Jupiter Life Line Hospitals Li,1748.95,1748.95,1500.0,1536.4,1555.75,1696.05,,1536.85,,,11446,18089508.0,2562,F1,1,,,,,,2025-03-27
2025-03-27,2025-03-27,CM,BSE,STK,543981,INE777K01022,RRKABEL,A,,,,,R R KABEL LIMITED,900.2,919.0,897.7,914.2,911.0,900.35,,914.65,,,16540,14983668.0,1161,F1,1,,,,,,2025-03-27
2025-03-27,2025-03-27,CM,BSE,STK,543982,INE0OYE01013,MESON,M,,,,,Meson Valves India Limited,435.0,450.75,425.0,450.75,450.75,429.3,,450.75,,,71000,31374100.0,207,F1,200,,,,,,2025-03-27
2025-03-27,2025-03-27,CM,BSE,STK,543983,INE0OV601013,EMSLIMITED,B,,,,,EMS LIMITED,625.0,646.8,618.4,640.6,645.0,627.8,,641.25,,,30871,19501112.0,1361,F1,1,,,,,,2025-03-27
2025-03-27,2025-03-27,CM,BSE,STK,543984,INE08U801020,SAMHI,A,,,,,Samhi Hotels Limited,148.35,149.0,143.7,148.2,146.4,145.4,,148.2,,,154227,22491399.0,1436,F1,1,,,,,,2025-03-27
2025-03-27,2025-03-27,CM,BSE,STK,543985,INE07K301024,ZAGGLE,B,,,,,ZAGGLE PREPAID OCEAN SERVICES,328.05,344.65,325.55,344.65,344.65,328.25,,344.65,,,128874,43149870.0,3069,F1,1,,,,,,2025-03-27
2025-03-27,2025-03-27,CM,BSE,STK,543986,INE980Y01015,SOUTHWEST,B,,,,,South West Pinnacle Exploratio,104.05,106.2,102.05,103.65,102.55,102.55,,102.95,,,9126,951117.0,378,F1,1,,,,,,2025-03-27
2025-03-27,2025-03-27,CM,BSE,STK,543988,INE531F01015,NUVAMA,A,,,,,Nuvama Wealth Management Limit,6156.5,6196.85,5977.0,6093.4,6109.05,6150.65,,6072.0,,,2600,15804142.0,767,F1,1,,,,,,2025-03-27
2025-03-27,2025-03-27,CM,BSE,STK,543989,INE438K01021,KALAMANDIR,B,,,,,Sai Silks (Kalamandir) Limited,139.15,140.5,131.15,133.7,135.05,136.9,,133.6,,,45283,6089385.0,735,F1,1,,,,,,2025-03-27
2025-03-27,2025-03-27,CM,BSE,STK,543990,INE903U01023,SIGNATURE,A,,,,,SIGNATUREGLOBAL (INDIA) LIMITE,1102.05,1143.75,1102.05,1135.95,1138.2,1140.35,,1136.25,,,25817,29404927.0,558,F1,1,,,,,,2025-03-27
2025-03-27,2025-03-27,CM,BSE,STK,543991,INE0P4P01011,TECHKGREEN,M,,,,,TECHKNOWGREEN SOLUTIONS LIMITE,139.5,140.0,132.2,132.2,132.2,139.15,,132.2,,,24800,3316740.0,52,F1,400,,,,,,2025-03-27
2025-03-27,2025-03-27,CM,BSE,STK,543992,INE0JR601024,YATRA,B,,,,,YATRA ONLINE LIMITED,82.11,85.57,82.0,84.21,82.0,85.3,,84.49,,,41584,3488418.0,1041,F1,1,,,,,,2025-03-27
2025-03-27,2025-03-27,CM,BSE,STK,543993,INE372M01010,ARCL,XT,,,,,ARCL Organics Ltd,232.5,233.65,232.5,233.65,233.65,237.2,,233.65,,,475,110788.0,14,F1,1,,,,,,2025-03-27
2025-03-27,2025-03-27,CM,BSE,STK,543994,INE880J01026,JSWINFRA,A,,,,,JSW Infrastructure Limited,316.0,327.55,313.3,322.85,322.85,316.05,,322.9,,,369365,119478536.0,6139,F1,1,,,,,,2025-03-27
2025-03-27,2025-03-27,CM,BSE,STK,543995,INE0KNT01012,MVGJL,B,,,,,MANOJ VAIBHAV GEMS 'N' JEWELLE,200.55,202.1,195.3,198.5,198.5,200.55,,197.9,,,14077,2802629.0,614,F1,1,,,,,,2025-03-27
2025-03-27,2025-03-27,CM,BSE,STK,543996,INE851I01011,UDS,B,,,,,Updater Services Limited,285.0,285.0,275.85,280.45,275.85,277.85,,280.75,,,20565,5780203.0,736,F1,1,,,,,,2025-03-27
2025-03-27,2025-03-27,CM,BSE,STK,543997,INE0MIO01019,ORGANICREC,MT,,,,,ORGANIC RECYCLING SYSTEMS LIMI,265.0,265.0,253.65,253.65,253.65,267.0,,253.65,,,6600,1697070.0,11,F1,600,,,,,,2025-03-27
2025-03-27,2025-03-27,CM,BSE,STK,543998,INE0JWS01017,VALIANTLAB,B,,,,,Valiant Laboratories Limited,79.3,80.88,76.84,77.5,77.9,79.54,,77.5,,,13778,1084894.0,867,F1,1,,,,,,2025-03-27
2025-03-27,2025-03-27,CM,BSE,STK,543999,INF769K01KT9,SENSEXETF,A,,,,,Mirae Asset Mutual Fund,80.5,80.5,78.39,78.8,78.8,78.68,,78.81,,,1217,95822.0,40,F1,1,,,,,,2025-03-27
2025-03-27,2025-03-27,CM,BSE,STK,544000,INE0M7501019,CCAL,M,,,,,CITY CROPS AGRO LIMITED,24.0,24.0,21.5,23.0,23.0,23.99,,23.0,,,60000,1373880.0,10,F1,6000,,,,,,2025-03-27
2025-03-27,2025-03-27,CM,BSE,STK,544001,INE0Q1S01010,SUNITATOOL,M,,,,,Sunita Tools Limited,955.0,970.0,917.2,949.1,955.0,940.8,,949.1,,,4500,4241675.0,18,F1,250,,,,,,2025-03-27
2025-03-27,2025-03-27,CM,BSE,STK,544003,INE0INJ01017,PLAZACABLE,B,,,,,Plaza Wires Limited,52.0,52.0,49.0,50.27,50.27,51.68,,50.28,,,8760,443500.0,205,F1,1,,,,,,2025-03-27
2025-03-27,2025-03-27,CM,BSE,STK,544004,INE07U701015,IRMENERGY,B,,,,,IRM ENERGY LIMITED,265.85,303.0,265.85,275.95,275.95,265.85,,276.25,,,227915,64991872.0,6092,F1,1,,,,,,2025-03-27
2025-03-27,2025-03-27,CM,BSE,STK,544006,INF769K01KV5,ITETF,B,,,,,Mirae Asset Mutual Fund,38.37,38.67,38.35,38.6,38.67,38.37,,38.52,,,5009,192786.0,229,F1,1,,,,,,2025-03-27
2025-03-27,2025-03-27,CM,BSE,STK,544007,INF769K01KU7,ALPHAETF,B,,,,,Mirae Asset Mutual Fund,22.39,22.55,22.37,22.46,22.46,22.39,,22.47,,,154995,3478500.0,340,F1,1,,,,,,2025-03-27
2025-03-27,2025-03-27,CM,BSE,STK,544008,INE03EI01018,MAXESTATES,B,,,,,Max Estates Limited,379.0,417.35,370.0,410.95,405.85,372.75,,410.0,,,34185,13288838.0,1474,F1,1,,,,,,2025-03-27
2025-03-27,2025-03-27,CM,BSE,STK,544009,INE0KBH01020,BLUEJET,B,,,,,Blue Jet Healthcare Limited,845.15,890.0,845.15,887.4,889.75,853.75,,884.2,,,12476,10938057.0,732,F1,1,,,,,,2025-03-27
2025-03-27,2025-03-27,CM,BSE,STK,544010,INF200KA13Z8,LIQUIDSBI,F,,,,,SBI Mutual Fund,999.99,999.99,999.99,999.99,999.99,999.99,,1000.01,,,600,599994.0,1,F1,1,,,,,,2025-03-27
2025-03-27,2025-03-27,CM,BSE,STK,544011,INE0Q6901013,VPL,M,,,,,Vrundavan Plantation Limited,55.5,55.5,54.05,55.14,54.05,54.6,,55.14,,,4800,264660.0,2,F1,1200,,,,,,2025-03-27
2025-03-27,2025-03-27,CM,BSE,STK,544012,INE0LMW01024,CELLO,A,,,,,Cello World Limited,549.35,578.85,548.0,564.85,564.85,557.55,,562.95,,,30058,16809369.0,1442,F1,1,,,,,,2025-03-27
2025-03-27,2025-03-27,CM,BSE,STK,544013,INE0OH401016,KKSHL,M,,,,,KK Shah Hospitals Limited,41.4,41.4,41.25,41.25,41.25,44.0,,41.25,,,6000,247950.0,2,F1,3000,,,,,,2025-03-27
2025-03-27,2025-03-27,CM,BSE,STK,544014,INE0J5401028,HONASA,A,,,,,Honasa Consumer Limited,237.9,237.9,229.05,234.5,234.5,235.45,,234.9,,,38589,8960280.0,1327,F1,1,,,,,,2025-03-27
2025-03-27,2025-03-27,CM,BSE,STK,544015,INE0QI101019,MISHDESIGN,MT,,,,,Mish Designs Limited,71.05,72.0,70.5,70.5,70.5,74.21,,70.5,,,12500,886625.0,16,F1,500,,,,,,2025-03-27
2025-03-27,2025-03-27,CM,BSE,STK,544020,INE818W01011,ESAFSFB,B,,,,,ESAF Small Finance Bank Ltd,25.69,25.69,24.35,24.77,24.77,25.7,,24.8,,,462081,11439652.0,2639,F1,1,,,,,,2025-03-27
2025-03-27,2025-03-27,CM,BSE,STK,544021,INE004A01022,PROTEAN,A,,,,,Protean eGov Technologies Limi,1355.0,1386.95,1341.1,1377.2,1377.2,1355.85,,1377.55,,,162969,222558802.0,7726,F1,1,,,,,,2025-03-27
2025-03-27,2025-03-27,CM,BSE,STK,544022,INE491J01022,ASKAUTOLTD,B,,,,,ASK Automotive Limited,449.4,449.45,438.7,440.45,441.55,449.8,,440.75,,,13221,5878093.0,771,F1,1,,,,,,2025-03-27
2025-03-27,2025-03-27,CM,BSE,STK,544023,INE0N6U01018,KALYANI,M,,,,,Kalyani Cast-Tech Limited,381.0,395.0,372.6,380.0,380.0,381.0,,380.0,,,24000,9133475.0,69,F1,250,,,,,,2025-03-27
2025-03-27,2025-03-27,CM,BSE,STK,544025,INE0PP401015,ARROWHEAD,M,,,,,Arrowhead Seperation Engineeri,79.0,79.0,74.6,74.7,74.7,79.5,,74.7,,,4200,322560.0,7,F1,600,,,,,,2025-03-27
2025-03-27,2025-03-27,CM,BSE,STK,544026,INE202E01016,IREDA,A,,,,,Indian Renewable Energy Develo,161.7,167.45,160.65,161.9,161.9,162.85,,161.65,,,1377225,225582137.0,9467,F1,1,,,,,,2025-03-27
2025-03-27,2025-03-27,CM,BSE,STK,544027,INE007N01010,FEDFINA,B,,,,,Fedbank Financial Services Lim,85.63,87.24,83.72,84.2,84.2,87.24,,84.26,,,160124,13588924.0,2221,F1,1,,,,,,2025-03-27
2025-03-27,2025-03-27,CM,BSE,STK,544028,INE142M01025,TATATECH,A,,,,,Tata Technologies Limited,689.65,694.8,680.7,687.25,687.25,699.9,,687.15,,,182829,125684398.0,5661,F1,1,,,,,,2025-03-27
2025-03-27,2025-03-27,CM,BSE,STK,544029,INE717W01049,GANDHAR,B,,,,,Gandhar Oil Refinery (India) L,151.2,151.2,144.25,146.1,146.1,149.4,,146.2,,,40861,6020070.0,748,F1,1,,,,,,2025-03-27
2025-03-27,2025-03-27,CM,BSE,STK,544030,INE00Y201027,FLAIR,B,,,,,Flair Writing Industries Limit,227.45,231.45,224.35,225.4,225.0,225.3,,225.35,,,12417,2826821.0,651,F1,1,,,,,,2025-03-27
2025-03-27,2025-03-27,CM,BSE,STK,544035,INE0RDR01012,SPL,MT,,,,,Swashthik Plascon Limited,49.97,50.95,47.8,49.3,49.05,48.8,,49.3,,,54400,2680640.0,32,F1,1600,,,,,,2025-03-27
2025-03-27,2025-03-27,CM,BSE,STK,544036,INE0RDM01013,DEEPAKCHEM,MT,,,,,DEEPAK CHEMTEX LIMITED,106.55,109.15,103.9,106.4,109.15,109.3,,106.4,,,22400,2389440.0,11,F1,1600,,,,,,2025-03-27
2025-03-27,2025-03-27,CM,BSE,STK,544037,INE0P9J01013,AMIC,M,,,,,Amic Forging Limited,1050.0,1097.0,1025.0,1041.85,1030.0,1050.9,,1041.85,,,27200,28912475.0,134,F1,100,,,,,,2025-03-27
2025-03-27,2025-03-27,CM,BSE,STK,544042,INE0KQN01018,BAJEL,B,,,,,Bajel Projects Limited,163.0,169.5,162.45,167.45,168.0,163.0,,167.2,,,34982,5818054.0,1510,F1,1,,,,,,2025-03-27
2025-03-27,2025-03-27,CM,BSE,STK,544044,INE922K01024,INDIASHLTR,B,,,,,India Shelter Finance Corporat,818.8,830.5,788.05,823.5,819.2,818.8,,822.8,,,18404,14832433.0,1034,F1,1,,,,,,2025-03-27
2025-03-27,2025-03-27,CM,BSE,STK,544045,INE321T01012,DOMS,A,,,,,DOMS Industries Limited,2779.95,2833.5,2750.0,2806.6,2811.8,2802.45,,2811.45,,,11894,33239427.0,2342,F1,1,,,,,,2025-03-27
2025-03-27,2025-03-27,CM,BSE,STK,544046,INE616N01034,INOXINDIA,A,,,,,INOX India Limited,1024.6,1029.5,1002.3,1013.05,1013.05,1025.0,,1013.3,,,16524,16760754.0,1623,F1,1,,,,,,2025-03-27
2025-03-27,2025-03-27,CM,BSE,STK,544047,INE0QSK01017,SIYARAM,M,,,,,Siyaram Recycling Industries L,127.0,129.9,120.55,123.05,121.9,126.5,,123.05,,,45000,5602575.0,26,F1,1500,,,,,,2025-03-27
2025-03-27,2025-03-27,CM,BSE,STK,544052,INE0Q2Z01013,BENCHMARK,M,,,,,Benchmark Computer Solutions L,24.05,25.15,24.05,24.4,24.4,27.35,,24.4,,,32000,793700.0,16,F1,2000,,,,,,2025-03-27
2025-03-27,2025-03-27,CM,BSE,STK,544053,INE0FRK01020,MOTISONS,B,,,,,Motisons Jewellers Limited,16.58,17.71,16.58,17.13,17.13,17.32,,17.2,,,694199,12029799.0,2282,F1,1,,,,,,2025-03-27
2025-03-27,2025-03-27,CM,BSE,STK,544054,INE843S01025,SURAJEST,B,,,,,Suraj Estate Developers Limite,312.0,316.05,305.65,309.05,313.6,313.7,,308.8,,,20864,6470227.0,1011,F1,1,,,,,,2025-03-27
2025-03-27,2025-03-27,CM,BSE,STK,544055,INE046W01019,MUTHOOTMF,B,,,,,Muthoot Microfin Limited,130.9,130.9,125.2,126.2,126.2,132.05,,126.45,,,71240,9070104.0,2200,F1,1,,,,,,2025-03-27
2025-03-27,2025-03-27,CM,BSE,STK,544057,INE330T01021,HAPPYFORGE,B,,,,,Happy Forgings Limited,804.95,807.1,773.75,783.35,783.35,807.1,,782.65,,,6958,5463762.0,821,F1,1,,,,,,2025-03-27
2025-03-27,2025-03-27,CM,BSE,STK,544058,INE220Q01020,MUFTI,B,,,,,Credo Brands Marketing Limited,129.1,129.1,124.0,125.45,125.5,128.1,,125.2,,,20621,2591851.0,467,F1,1,,,,,,2025-03-27
2025-03-27,2025-03-27,CM,BSE,STK,544059,INE0QZQ01019,SHANTIDENM,M,,,,,SHANTI SPINTEX LIMITED,52.5,55.64,52.5,54.66,55.49,52.49,,54.66,,,30000,1628840.0,15,F1,2000,,,,,,2025-03-27
2025-03-27,2025-03-27,CM,BSE,STK,544060,INE0PEQ01016,RBZJEWEL,T,,,,,RBZ Jewellers Limited,137.1,140.75,135.2,136.5,136.5,138.15,,136.45,,,8292,1143760.0,96,F1,1,,,,,,2025-03-27
2025-03-27,2025-03-27,CM,BSE,STK,544061,INE02IJ01035,AZAD,A,,,,,Azad Engineering Limited,1325.05,1398.0,1325.05,1383.35,1383.35,1367.2,,1384.5,,,30571,42140452.0,2132,F1,1,,,,,,2025-03-27
2025-03-27,2025-03-27,CM,BSE,STK,544066,INE0Q3R01026,SUNCLAY,B,,,,,SUNDARAM-CLAYTON LIMITED,2116.0,2230.1,2116.0,2174.95,2230.1,2127.8,,2187.65,,,1485,3221555.0,332,F1,1,,,,,,2025-03-27
2025-03-27,2025-03-27,CM,BSE,STK,544067,INE0DUT01020,INNOVACAP,B,,,,,INNOVA CAPTAB LIMITED,868.7,908.6,868.7,884.3,880.0,886.0,,882.65,,,3669,3262699.0,481,F1,1,,,,,,2025-03-27
2025-03-27,2025-03-27,CM,BSE,STK,544072,INE0QFT01015,AIKPIPES,M,,,,,AIK Pipes and Polymers Limited,83.0,83.0,79.97,79.99,80.0,83.5,,79.99,,,8800,711776.0,11,F1,800,,,,,,2025-03-27
2025-03-27,2025-03-27,CM,BSE,STK,544073,INE0A6N01026,MCPL,M,,,,,Manoj Ceramic Limited,146.5,150.9,142.45,146.85,147.2,149.9,,146.85,,,309000,45355450.0,17,F1,1000,,,,,,2025-03-27
2025-03-27,2025-03-27,CM,BSE,STK,544074,INE0RNZ01014,SBVCL,MT,,,,,Shri Balaji Valve Components L,96.05,96.05,96.05,96.05,96.05,98.0,,96.05,,,7800,749190.0,5,F1,600,,,,,,2025-03-27
2025-03-27,2025-03-27,CM,BSE,STK,544079,INE0PSC01024,DIGIDRIVE,B,,,,,DIGIDRIVE DISTRIBUTORS LIMITED,27.15,27.31,26.75,27.06,26.9,27.6,,26.99,,,8382,226180.0,147,F1,1,,,,,,2025-03-27
2025-03-27,2025-03-27,CM,BSE,STK,544080,INE0MGS01014,SHILINDORE,XT,,,,,Sayaji Hotels (Indore) Limited,1012.0,1032.2,1012.0,1032.2,1032.2,1012.0,,1032.2,,,389,401479.0,8,F1,1,,,,,,2025-03-27
2025-03-27,2025-03-27,CM,BSE,STK,544081,INE980O01024,JYOTICNC,A,,,,,Jyoti CNC Automation Limited,1032.5,1073.0,1030.25,1064.25,1062.0,1041.25,,1063.15,,,26680,28117920.0,1899,F1,1,,,,,,2025-03-27
2025-03-27,2025-03-27,CM,BSE,STK,544082,INE0GEN01012,SWANAGRO,M,,,,,New Swan Multitech Limited,52.98,52.98,49.1,49.52,49.1,50.1,,49.52,,,46000,2301640.0,23,F1,2000,,,,,,2025-03-27
2025-03-27,2025-03-27,CM,BSE,STK,544083,INE0QIS01011,SHREE,MT,,,,,Shree Marutinandan Tubes Limit,80.0,80.0,79.35,79.4,79.35,83.5,,79.4,,,23500,1866700.0,37,F1,500,,,,,,2025-03-27
2025-03-27,2025-03-27,CM,BSE,STK,544088,INE456Z01021,MEDIASSIST,B,,,,,Medi Assist Healthcare Service,448.0,470.0,440.25,460.7,463.0,448.55,,460.55,,,26406,11840376.0,1393,F1,1,,,,,,2025-03-27
2025-03-27,2025-03-27,CM,BSE,STK,544089,INF0R8F01034,LIQUIDCASE,F,,,,,Zerodha Mutual Fund,107.73,107.75,107.73,107.74,107.74,107.72,,107.74,,,1921306,206996106.0,971,F1,1,,,,,,2025-03-27
2025-03-27,2025-03-27,CM,BSE,STK,544090,INE07G501017,SHPLPUNE,XT,,,,,Sayaji Hotels (Pune) Limited,760.8,760.8,760.75,760.75,760.75,760.8,,760.75,,,18,13693.0,3,F1,1,,,,,,2025-03-27
2025-03-27,2025-03-27,CM,BSE,STK,544091,INE0Q1R01012,QLL,M,,,,,Qualitek Labs Limited,231.0,239.95,227.0,236.45,236.45,229.95,,236.45,,,8400,1937180.0,20,F1,400,,,,,,2025-03-27
2025-03-27,2025-03-27,CM,BSE,STK,544093,INF0QA701714,BANKBETF,B,,,,,Bajaj Finserv Mutual Fund,51.86,51.86,51.86,51.86,51.86,51.41,,51.94,,,30,1555.0,1,F1,1,,,,,,2025-03-27
2025-03-27,2025-03-27,CM,BSE,STK,544094,INE0PYT01018,EUPHORIAIT,M,,,,,Euphoria Infotech (India) Limi,43.8,43.8,43.68,43.68,43.68,45.97,,43.68,,,3600,157428.0,3,F1,1200,,,,,,2025-03-27
2025-03-27,2025-03-27,CM,BSE,STK,544095,INE0G5901015,EPACK,B,,,,,EPACK Durable Limited,341.15,350.7,332.6,350.7,350.7,334.0,,351.2,,,55486,19242700.0,899,F1,1,,,,,,2025-03-27
2025-03-27,2025-03-27,CM,BSE,STK,544100,INE02H701025,NOVAAGRI,B,,,,,Nova Agritech Limited,44.99,45.43,42.97,43.25,43.29,45.11,,43.32,,,188491,8310490.0,2031,F1,1,,,,,,2025-03-27
2025-03-27,2025-03-27,CM,BSE,STK,544101,INE0Q6L01014,BRISK,M,,,,,Brisk Technovision Limited,103.0,103.0,100.0,101.0,101.0,105.0,,101.0,,,3200,323240.0,4,F1,800,,,,,,2025-03-27
2025-03-27,2025-03-27,CM,BSE,STK,544102,INF789F1AZD8,NIFITETF,B,,,,,UTI Mutual Fund,381.95,383.8,381.95,382.66,383.8,385.67,,381.15,,,40,15308.0,8,F1,1,,,,,,2025-03-27
2025-03-27,2025-03-27,CM,BSE,STK,544105,INE0OLZ01015,HARSHDEEP,M,,,,,HARSHDEEP HORTICO LIMITED,62.5,66.9,62.5,65.11,65.0,61.3,,65.11,,,46500,3039495.0,29,F1,1500,,,,,,2025-03-27
2025-03-27,2025-03-27,CM,BSE,STK,544106,INE0R5Z01015,MCFL,M,,,,,Mayank Cattle Food Limited,215.0,217.5,211.15,213.9,211.25,224.6,,213.9,,,15600,3301320.0,8,F1,600,,,,,,2025-03-27
2025-03-27,2025-03-27,CM,BSE,STK,544107,INE0NLT01010,BLSE,B,,,,,BLS E-Services Limited,153.95,155.4,150.0,150.45,150.45,155.0,,150.5,,,29742,4518901.0,976,F1,1,,,,,,2025-03-27
2025-03-27,2025-03-27,CM,BSE,STK,544108,INE0QZF01012,GPSL,MT,,,,,Gabriel Pet Straps Limited,180.0,185.5,180.0,181.0,181.0,178.35,,181.0,,,6000,1098540.0,5,F1,1200,,,,,,2025-03-27
2025-03-27,2025-03-27,CM,BSE,STK,544109,INF740KA1UF4,HEALTHADD,B,,,,,DSP Mutual Fund,136.89,136.89,136.89,136.89,136.89,139.98,,138.0,,,11,1505.0,1,F1,1,,,,,,2025-03-27
2025-03-27,2025-03-27,CM,BSE,STK,544110,INF179KC1HW4,HDFCPSUBK,B,,,,,HDFC Mutual Fund,62.05,62.92,62.05,62.92,62.92,61.63,,63.37,,,6908,431204.0,47,F1,1,,,,,,2025-03-27
2025-03-27,2025-03-27,CM,BSE,STK,544111,INE988S01028,PARKHOTELS,B,,,,,Apeejay Surrendra Park Hotels,147.1,155.9,143.05,152.15,150.5,146.45,,152.5,,,97668,14449721.0,2205,F1,1,,,,,,2025-03-27
2025-03-27,2025-03-27,CM,BSE,STK,544112,INE0QXV01014,JGTL,X,,,,,JASCH GAUGING TECHNOLOGIES LIM,540.05,565.0,540.0,544.85,553.95,568.1,,544.85,,,4270,2349135.0,47,F1,1,,,,,,2025-03-27
2025-03-27,2025-03-27,CM,BSE,STK,544117,INE0KGZ01021,SIGNPOST,B,,,,,Signpost India Limited,255.25,255.8,245.1,245.4,245.1,258.0,,246.5,,,2693,669707.0,150,F1,1,,,,,,2025-03-27
2025-03-27,2025-03-27,CM,BSE,STK,544118,INE953L01027,JSFB,B,,,,,JANA SMALL FINANCE BANK LIMITE,407.95,411.7,393.2,402.55,399.75,406.1,,403.5,,,10850,4354969.0,658,F1,1,,,,,,2025-03-27
2025-03-27,2025-03-27,CM,BSE,STK,544119,INE0J1F01024,RPTECH,B,,,,,Rashi Peripherals Limited,291.7,297.5,287.05,289.5,289.0,289.0,,288.65,,,17902,5216827.0,374,F1,1,,,,,,2025-03-27
2025-03-27,2025-03-27,CM,BSE,STK,544120,INE646H01017,CAPITALSFB,B,,,,,Capital Small Finance Bank Ltd,276.85,276.85,262.3,266.1,266.65,277.3,,266.35,,,8901,2391102.0,538,F1,1,,,,,,2025-03-27
2025-03-27,2025-03-27,CM,BSE,STK,544121,INE0OYK01010,RUDRAGAS,MT,,,,,Rudra Gas Enterprise Limited,81.55,82.73,81.0,81.0,81.0,81.11,,81.0,,,103000,8467550.0,57,F1,1000,,,,,,2025-03-27
2025-03-27,2025-03-27,CM,BSE,STK,544122,INE010601016,ENTERO,B,,,,,Entero Healthcare Solutions Li,1106.05,1143.2,1106.05,1135.25,1140.5,1127.45,,1136.55,,,7779,8808204.0,390,F1,1,,,,,,2025-03-27
2025-03-27,2025-03-27,CM,BSE,STK,544123,INF767K01RN1,LICNMID100,B,,,,,LIC Mutual Fund,51.02,52.52,51.02,51.74,51.68,52.11,,51.98,,,1577,81867.0,25,F1,1,,,,,,2025-03-27
2025-03-27,2025-03-27,CM,BSE,STK,544124,INE0QTF01015,VSTL,B,,,,,VIBHOR STEEL TUBES LIMITED,159.15,162.1,152.35,157.05,155.8,157.6,,156.6,,,13682,2157866.0,1303,F1,1,,,,,,2025-03-27
2025-03-27,2025-03-27,CM,BSE,STK,544129,INE696F01016,JUNIPER,A,,,,,Juniper Hotels Limited,258.7,258.8,242.9,250.7,247.65,257.75,,250.15,,,33029,8213093.0,1080,F1,1,,,,,,2025-03-27
2025-03-27,2025-03-27,CM,BSE,STK,544130,INF769K01LC3,SMALLCAP,B,,,,,Mirae Asset Mutual Fund,41.8,42.44,41.35,42.09,42.44,41.62,,42.08,,,1048904,44065894.0,1306,F1,1,,,,,,2025-03-27
2025-03-27,2025-03-27,CM,BSE,STK,544131,INE486R01017,GPTHEALTH,B,,,,,GPT Healthcare Limited,135.0,142.5,134.15,138.75,138.75,135.8,,138.65,,,36009,4989842.0,983,F1,1,,,,,,2025-03-27
2025-03-27,2025-03-27,CM,BSE,STK,544132,INF0R8F01042,GOLDCASE,E,,,,,Zerodha Mutual Fund,13.94,14.04,13.92,14.0,14.0,13.94,,14.02,,,608957,8504010.0,823,F1,1,,,,,,2025-03-27
2025-03-27,2025-03-27,CM,BSE,STK,544133,INE777F01014,EXICOM,B,,,,,EXICOM TELE-SYSTEMS LIMITED,148.95,158.2,146.0,154.5,154.5,153.1,,153.95,,,110887,16760404.0,3123,F1,1,,,,,,2025-03-27
2025-03-27,2025-03-27,CM,BSE,STK,544134,INE0PT501018,PLATIND,B,,,,,Platinum Industries Limited,274.4,283.2,272.5,275.2,273.25,273.0,,274.9,,,10036,2768759.0,382,F1,1,,,,,,2025-03-27
2025-03-27,2025-03-27,CM,BSE,STK,544135,INE0CG401037,MUKKA,B,,,,,Mukka Proteins Limited,33.49,33.49,32.66,32.89,32.8,32.83,,32.87,,,44001,1447964.0,358,F1,1,,,,,,2025-03-27
2025-03-27,2025-03-27,CM,BSE,STK,544136,INE0NQ801033,RKSWAMY,B,,,,,R K Swamy Limited,229.25,229.25,220.0,222.05,222.05,230.4,,222.7,,,15684,3486649.0,688,F1,1,,,,,,2025-03-27
2025-03-27,2025-03-27,CM,BSE,STK,544137,INE0NHL23019,INDUSINVIT,IF,,,,,Indus Infra Trust,109.47,111.53,108.45,110.33,110.49,109.47,,110.01,,,1036,113701.0,43,F1,1,,,,,,2025-03-27
2025-03-27,2025-03-27,CM,BSE,STK,544138,INE0MB501011,JGCHEM,B,,,,,J.G.Chemicals Limited,309.15,314.55,306.05,308.05,308.0,311.4,,308.5,,,15340,4758782.0,718,F1,1,,,,,,2025-03-27
2025-03-27,2025-03-27,CM,BSE,STK,544139,INE0M8R01011,KOURA,M,,,,,KOURA FINE DIAMOND JEWELRY LIM,25.09,25.25,25.09,25.23,25.2,28.8,,25.23,,,12000,302160.0,6,F1,2000,,,,,,2025-03-27
2025-03-27,2025-03-27,CM,BSE,STK,544140,INE0L9R01028,GOPAL,B,,,,,Gopal Snacks Limited,260.6,264.9,259.1,260.2,260.3,263.35,,260.15,,,20648,5400398.0,1018,F1,1,,,,,,2025-03-27
2025-03-27,2025-03-27,CM,BSE,STK,544141,INE510U01018,PESB,M,,,,,Pune E - Stock Broking Limited,128.0,131.0,122.0,123.15,123.0,124.9,,123.15,,,16800,2104520.0,18,F1,800,,,,,,2025-03-27
2025-03-27,2025-03-27,CM,BSE,STK,544142,INE0PB301013,SCILAL,B,,,,,Shipping Corporation of India,47.83,48.56,46.51,46.78,46.78,47.81,,46.78,,,189554,8960050.0,1477,F1,1,,,,,,2025-03-27
2025-03-27,2025-03-27,CM,BSE,STK,544143,INE0QQG01019,ROYAL,MT,,,,,Royal Sense Limited,190.0,198.0,190.0,198.0,198.0,199.5,,198.0,,,13000,2487900.0,7,F1,1000,,,,,,2025-03-27
2025-03-27,2025-03-27,CM,BSE,STK,544144,INE772T01024,PVSL,B,,,,,Popular Vehicles and Services,95.65,101.9,94.1,95.2,96.0,97.5,,95.3,,,29217,2868575.0,943,F1,1,,,,,,2025-03-27
2025-03-27,2025-03-27,CM,BSE,STK,544149,INE0QN801017,KRYSTAL,B,,,,,KRYSTAL INTEGRATED SERVICES LI,444.0,458.35,441.55,455.9,454.25,446.35,,456.55,,,9707,4396024.0,389,F1,1,,,,,,2025-03-27
2025-03-27,2025-03-27,CM,BSE,STK,544150,INE0QVH01025,KPGEL,M,,,,,KP GREEN ENGINEERING LIMITED,368.8,372.8,361.0,362.15,362.15,371.55,,362.15,,,273500,100327125.0,800,F1,250,,,,,,2025-03-27
2025-03-27,2025-03-27,CM,BSE,STK,544151,INE0AH901011,CHATHA,M,,,,,CHATHA FOODS LIMITED,114.5,114.5,110.0,111.3,112.5,114.5,,111.3,,,14000,1566350.0,14,F1,1000,,,,,,2025-03-27
2025-03-27,2025-03-27,CM,BSE,STK,544156,INE0QHY01011,GCONNECT,MT,,,,,Gconnect Logitech and Supply C,18.6,18.9,18.6,18.9,18.9,18.0,,18.9,,,3000,56250.0,2,F1,1500,,,,,,2025-03-27
2025-03-27,2025-03-27,CM,BSE,STK,544158,INE0R6Z01013,SRM,T,,,,,SRM CONTRACTORS LIMITED,331.75,331.75,318.25,322.75,323.95,335.0,,315.45,,,1265,406308.0,45,F1,1,,,,,,2025-03-27
2025-03-27,2025-03-27,CM,BSE,STK,544159,INF740KA1UM0,LIQUIDADD,F,,,,,DSP BSE Liquid Rate ETF,1064.29,1064.31,1064.29,1064.31,1064.31,1064.12,,1064.29,,,38385,40853528.0,33,F1,1,,,,,,2025-03-27
2025-03-27,2025-03-27,CM,BSE,STK,544160,INE0MSS01019,JAYKAILASH,M,,,,,Jay Kailash Namkeen Limited,49.16,51.5,47.2,48.0,48.0,52.0,,48.0,,,44800,2192112.0,25,F1,1600,,,,,,2025-03-27
2025-03-27,2025-03-27,CM,BSE,STK,544161,INE266Y01019,DPABHUSHAN,B,,,,,D P ABHUSHAN LIMITED,1339.75,1361.85,1311.1,1346.6,1359.4,1305.3,,1349.2,,,1282,1721659.0,391,F1,1,,,,,,2025-03-27
2025-03-27,2025-03-27,CM,BSE,STK,544162,INE343G01021,BHARTIHEXA,B,,,,,Bharti Hexacom Limited,1444.05,1478.6,1444.0,1451.0,1445.1,1474.05,,1452.15,,,6581,9625413.0,820,F1,1,,,,,,2025-03-27
2025-03-27,2025-03-27,CM,BSE,STK,544163,INE0S0701019,GVL,MT,,,,,Greenhitech Ventures Limited,88.5,88.5,86.0,86.0,86.0,85.2,,86.0,,,6000,528400.0,5,F1,1000,,,,,,2025-03-27
2025-03-27,2025-03-27,CM,BSE,STK,544164,INE0Q9W01015,FAALCON,M,,,,,Faalcon Concepts Limited,40.6,40.65,38.6,39.3,38.6,41.35,,39.3,,,34000,1358720.0,17,F1,2000,,,,,,2025-03-27
2025-03-27,2025-03-27,CM,BSE,STK,544165,INE0SGR01013,SHIVAM,M,,,,,SHIVAM CHEMICALS LIMITED,66.98,67.5,63.0,65.25,67.5,62.0,,65.25,,,24000,1573440.0,8,F1,3000,,,,,,2025-03-27
2025-03-27,2025-03-27,CM,BSE,STK,544166,INE0SDC01012,EMMFORCE,MT,,,,,EMMFORCE AUTOTECH LIMITED,76.25,76.25,72.62,72.62,72.62,76.44,,72.62,,,79200,5833920.0,55,F1,1200,,,,,,2025-03-27
2025-03-27,2025-03-27,CM,BSE,STK,544167,INE0OAF01028,JNKINDIA,B,,,,,JNK India Limited,339.35,346.95,339.35,339.65,339.35,357.2,,340.15,,,11833,4032857.0,336,F1,1,,,,,,2025-03-27
2025-03-27,2025-03-27,CM,BSE,STK,544168,INE0R6801013,VARYAA,MT,,,,,VARYAA CREATIONS LIMITED,50.21,51.5,50.21,50.61,50.31,52.64,,50.61,,,14000,710780.0,11,F1,1000,,,,,,2025-03-27
2025-03-27,2025-03-27,CM,BSE,STK,544169,INE0QSB01016,AMKAY,M,,,,,Amkay Products Limited,40.6,42.4,36.0,40.53,40.15,41.27,,40.53,,,112000,4359380.0,26,F1,2000,,,,,,2025-03-27
2025-03-27,2025-03-27,CM,BSE,STK,544170,INE0QXT01018,SAI,M,,,,,Sai Swami Metals and Alloys Li,34.0,35.55,32.95,33.04,32.95,33.79,,33.04,,,68000,2296280.0,29,F1,2000,,,,,,2025-03-27
2025-03-27,2025-03-27,CM,BSE,STK,544171,INE0RGM01016,STAL,MT,,,,,Storage Technologies and Autom,84.76,88.0,80.6,82.34,80.6,84.76,,82.34,,,96800,8208200.0,57,F1,800,,,,,,2025-03-27
2025-03-27,2025-03-27,CM,BSE,STK,544172,INE065X01017,INDGN,B,,,,,Indegene Limited,529.35,572.35,529.35,567.25,560.1,538.45,,566.85,,,22337,12263095.0,1195,F1,1,,,,,,2025-03-27
2025-03-27,2025-03-27,CM,BSE,STK,544173,INE0QOQ01013,FTL,M,,,,,Finelistings Technologies Limi,26.01,26.01,24.71,24.71,24.71,26.01,,24.71,,,23000,573600.0,21,F1,1000,,,,,,2025-03-27
2025-03-27,2025-03-27,CM,BSE,STK,544174,INE673O01025,TBOTEK,B,,,,,TBO TEK LIMITED,1180.05,1233.0,1172.0,1222.5,1215.35,1197.15,,1223.6,,,11508,13798802.0,1540,F1,1,,,,,,2025-03-27
2025-03-27,2025-03-27,CM,BSE,STK,544175,INE0SMU01015,TGIF,M,,,,,TGIF AGRIBUSINESS LIMITED,90.0,96.0,90.0,93.0,93.0,89.65,,93.0,,,6000,557520.0,5,F1,1200,,,,,,2025-03-27
2025-03-27,2025-03-27,CM,BSE,STK,544176,INE883F01010,AADHARHFC,B,,,,,Aadhar Housing Finance Limited,402.05,427.75,402.05,424.4,424.3,403.05,,423.55,,,88280,36764421.0,2503,F1,1,,,,,,2025-03-27
2025-03-27,2025-03-27,CM,BSE,STK,544177,INE0SCB01016,AZTEC,M,,,,,Aztec Fluids & Machinery Limit,90.89,97.75,81.0,83.17,83.48,88.25,,83.17,,,90000,8278860.0,85,F1,1000,,,,,,2025-03-27
2025-03-27,2025-03-27,CM,BSE,STK,544178,INE0R4W01015,PIOTEX,MT,,,,,PIOTEX INDUSTRIES LIMITED,39.04,39.04,39.04,39.04,39.04,39.83,,39.04,,,1200,46848.0,1,F1,1200,,,,,,2025-03-27
2025-03-27,2025-03-27,CM,BSE,STK,544179,INE03JT01014,GODIGIT,B,,,,,Go Digit General Insurance Lim,295.6,295.6,288.4,291.0,290.5,290.65,,290.8,,,16588,4814697.0,597,F1,1,,,,,,2025-03-27
2025-03-27,2025-03-27,CM,BSE,STK,544180,INF769K01LJ8,MIDSMALL,B,,,,,Mirae Asset Mutual Fund,43.66,44.21,43.62,44.04,44.2,43.61,,44.04,,,82878,3635294.0,187,F1,1,,,,,,2025-03-27
2025-03-27,2025-03-27,CM,BSE,STK,544181,INE108V01019,AWFIS,B,,,,,Awfis Space Solutions Limited,631.35,665.55,627.3,652.75,627.3,635.4,,651.9,,,173376,111888660.0,1565,F1,1,,,,,,2025-03-27
2025-03-27,2025-03-27,CM,BSE,STK,544183,INE0RIQ01013,ASSOCIATED,MT,,,,,Associated Coaters Limited,101.05,101.05,100.95,101.05,101.05,103.0,,101.05,,,2000,202000.0,4,F1,500,,,,,,2025-03-27
2025-03-27,2025-03-27,CM,BSE,STK,544184,INE02L001032,BOROSCI,B,,,,,Borosil Scientific Limited,122.0,123.0,116.5,117.3,116.5,120.7,,117.0,,,29329,3458209.0,597,F1,1,,,,,,2025-03-27
2025-03-27,2025-03-27,CM,BSE,STK,544185,INE257C01014,ADTECH,X,,,,,ADTECH SYSTEMS LIMITED,66.0,66.0,61.02,61.26,62.0,66.52,,61.26,,,6002,380724.0,73,F1,1,,,,,,2025-03-27
2025-03-27,2025-03-27,CM,BSE,STK,544186,INE0TT901016,TOTEM,T,,,,,Forbes Precision Tools and Mac,156.65,159.85,149.0,149.3,149.0,156.75,,149.3,,,72703,10964208.0,374,F1,1,,,,,,2025-03-27
2025-03-27,2025-03-27,CM,BSE,STK,544187,INE0ATZ01017,KRONOX,B,,,,,KRONOX LAB SCIENCES LIMITED,143.05,156.0,140.05,152.15,147.55,141.35,,151.8,,,19174,2794281.0,694,F1,1,,,,,,2025-03-27
2025-03-27,2025-03-27,CM,BSE,STK,544188,INE0QZ901011,MAGENTA,M,,,,,Magenta Lifecare Limited,15.5,15.99,14.02,14.8,14.8,16.25,,14.8,,,48000,724920.0,12,F1,4000,,,,,,2025-03-27
2025-03-27,2025-03-27,CM,BSE,STK,544189,INE0QUV01010,SATTRIX,MT,,,,,SATTRIX INFORMATION SECURITY L,108.75,110.0,108.75,109.65,108.75,109.0,,109.65,,,13000,1425350.0,12,F1,1000,,,,,,2025-03-27
2025-03-27,2025-03-27,CM,BSE,STK,544190,INE0R7D01018,3CIT,M,,,,,3C IT Solutions and Telecoms (,23.6,23.6,22.5,22.51,22.51,22.23,,22.51,,,6000,137220.0,3,F1,2000,,,,,,2025-03-27
2025-03-27,2025-03-27,CM,BSE,STK,544191,INE0CYK01015,PURPLEFIN,X,,,,,Purple Finance Limited,40.0,42.65,40.0,40.71,40.71,40.96,,40.71,,,33842,1392386.0,102,F1,1,,,,,,2025-03-27
2025-03-27,2025-03-27,CM,BSE,STK,544192,INE0HV901016,IXIGO,B,,,,,Le Travenues Technology Limite,139.95,143.7,139.95,142.3,141.6,140.1,,142.65,,,29666,4204839.0,606,F1,1,,,,,,2025-03-27
2025-03-27,2025-03-27,CM,BSE,STK,544193,INF0R8F01059,MID150CASE,B,,,,,Zerodha Mutual Fund,9.58,9.67,9.38,9.44,9.5,9.48,,9.46,,,309430,2933423.0,1150,F1,1,,,,,,2025-03-27
2025-03-27,2025-03-27,CM,BSE,STK,544194,INF0R8F01067,TOP100CASE,B,,,,,Zerodha Mutual Fund,9.81,10.03,9.8,9.96,9.95,9.95,,9.96,,,148405,1476549.0,376,F1,1,,,,,,2025-03-27
2025-03-27,2025-03-27,CM,BSE,STK,544195,INE0S0I01011,COTFAB,M,,,,,United Cotfab Limited,29.95,30.0,28.01,28.55,28.2,29.19,,28.55,,,70000,2035040.0,33,F1,2000,,,,,,2025-03-27
2025-03-27,2025-03-27,CM,BSE,STK,544197,INE03DD01011,RETAIL,B,,,,,JHS SVENDGAARD RETAIL VENTURES,34.18,35.29,34.18,35.21,35.21,37.5,,36.0,,,104,3558.0,5,F1,1,,,,,,2025-03-27
2025-03-27,2025-03-27,CM,BSE,STK,544198,INE841L01016,DEEDEV,B,,,,,DEE DEVELOPMENT ENGINEERS LIMI,241.65,251.65,236.65,242.9,249.95,241.85,,241.7,,,6579,1584642.0,313,F1,1,,,,,,2025-03-27
2025-03-27,2025-03-27,CM,BSE,STK,544199,INE0RUJ01013,GEMENVIRO,MT,,,,,GEM Enviro Management Limited,82.67,82.67,82.67,82.67,82.67,84.35,,82.67,,,4000,330680.0,4,F1,800,,,,,,2025-03-27
2025-03-27,2025-03-27,CM,BSE,STK,544200,INE916Y01019,AFIL,B,,,,,Akme Fintrade (India) Limited,66.99,68.0,64.37,65.81,66.35,66.4,,66.0,,,64768,4273374.0,667,F1,1,,,,,,2025-03-27
2025-03-27,2025-03-27,CM,BSE,STK,544201,INE0S6R01027,DFPL,MT,,,,,DINDIGUL FARM PRODUCT LIMITED,24.15,24.15,24.15,24.15,24.15,24.64,,24.15,,,40000,966000.0,17,F1,2000,,,,,,2025-03-27
2025-03-27,2025-03-27,CM,BSE,STK,544202,INE01A001028,STANLEY,B,,,,,STANLEY LIFESTYLES LIMITED,327.0,335.0,311.9,319.65,319.65,329.95,,321.95,,,12366,4026146.0,650,F1,1,,,,,,2025-03-27
2025-03-27,2025-03-27,CM,BSE,STK,544203,INE552Z01027,ABDL,B,,,,,Allied Blenders and Distillers,311.0,320.7,311.0,319.2,319.4,315.2,,318.85,,,29312,9312817.0,823,F1,1,,,,,,2025-03-27
2025-03-27,2025-03-27,CM,BSE,STK,544204,INE0S2V01010,VRAJ,B,,,,,VRAJ IRON AND STEEL LIMITED,160.3,164.15,154.35,156.8,155.6,159.7,,157.2,,,21767,3465464.0,855,F1,1,,,,,,2025-03-27
2025-03-27,2025-03-27,CM,BSE,STK,544205,INE0PO601011,NPL,X,,,,,National Peroxide Limited,600.6,600.6,565.0,568.55,568.55,588.15,,568.55,,,8315,4828160.0,402,F1,1,,,,,,2025-03-27
2025-03-27,2025-03-27,CM,BSE,STK,544206,INF200KB1217,SBISILVER,E,,,,,SBI Mutual Fund,98.0,98.71,97.68,98.18,98.18,98.0,,98.27,,,3404,333585.0,40,F1,1,,,,,,2025-03-27
2025-03-27,2025-03-27,CM,BSE,STK,544207,INE375Y01018,RELIABLE,B,,,,,Reliable Data Services Limited,74.0,74.13,66.97,68.23,68.47,75.47,,68.09,,,4585,318436.0,340,F1,1,,,,,,2025-03-27
2025-03-27,2025-03-27,CM,BSE,STK,544209,INE0B9K01025,BANSALWIRE,B,,,,,Bansal Wire Industries Limited,363.15,395.0,350.0,382.35,372.0,363.9,,380.9,,,9401,3522603.0,612,F1,1,,,,,,2025-03-27
2025-03-27,2025-03-27,CM,BSE,STK,544210,INE168P01015,EMCURE,B,,,,,Emcure Pharmaceuticals Limited,1025.5,1054.35,1008.05,1046.15,1046.15,1024.65,,1049.2,,,5480,5601410.0,454,F1,1,,,,,,2025-03-27
2025-03-27,2025-03-27,CM,BSE,STK,544212,INF769K01LQ3,EVINDIA,B,,,,,Mirae Asset Mutual Fund,27.45,27.45,26.62,26.87,26.9,27.23,,26.9,,,201975,5426561.0,3323,F1,1,,,,,,2025-03-27
2025-03-27,2025-03-27,CM,BSE,STK,544213,INE0T3401029,ACLD,MT,,,,,AELEA COMMODITIES LIMITED,180.0,180.0,166.0,169.75,166.15,174.6,,169.75,,,81600,13889970.0,104,F1,600,,,,,,2025-03-27
2025-03-27,2025-03-27,CM,BSE,STK,544214,INE0UK501010,THREEMPAPE,M,,,,,THREE M PAPER BOARDS LIMITED,33.5,35.79,30.11,32.96,34.0,36.05,,32.96,,,90000,3103360.0,36,F1,2000,,,,,,2025-03-27
2025-03-27,2025-03-27,CM,BSE,STK,544215,INF200KB1282,SBINEQWETF,B,,,,,SBI Mutual Fund,29.38,29.6,29.21,29.6,29.6,29.33,,29.48,,,572,16828.0,43,F1,1,,,,,,2025-03-27
2025-03-27,2025-03-27,CM,BSE,STK,544216,INF109KC18W3,OILIETF,B,,,,,ICICI Prudential Mutual Fund,10.45,10.65,10.45,10.62,10.61,10.49,,10.64,,,51196,541171.0,151,F1,1,,,,,,2025-03-27
2025-03-27,2025-03-27,CM,BSE,STK,544217,INE08NE01025,SANSTAR,B,,,,,SANSTAR LIMITED,90.0,90.68,87.29,88.17,88.25,89.24,,88.02,,,94924,8401364.0,854,F1,1,,,,,,2025-03-27
2025-03-27,2025-03-27,CM,BSE,STK,544218,INF209KB19Z4,ABSLPSE,B,,,,,Aditya Birla Sun Life Mutual F,9.25,9.57,9.25,9.49,9.31,9.43,,9.51,,,54600,518378.0,255,F1,1,,,,,,2025-03-27
2025-03-27,2025-03-27,CM,BSE,STK,544219,INE0MNP01016,VVIPIL,MT,,,,,VVIP Infratech Limited,145.0,148.95,142.0,143.1,143.1,146.3,,143.1,,,100200,14589060.0,94,F1,600,,,,,,2025-03-27
2025-03-27,2025-03-27,CM,BSE,STK,544220,INE0QMR01015,CTLLAB,MT,,,,,Clinitech Laboratory Limited,42.35,42.35,42.35,42.35,42.35,44.0,,42.35,,,1200,50820.0,1,F1,1200,,,,,,2025-03-27
2025-03-27,2025-03-27,CM,BSE,STK,544221,INE0RMR01013,KIZI,M,,,,,Kizi Apparels Limited,16.5,16.5,15.5,15.5,15.5,15.65,,15.5,,,18000,283800.0,5,F1,3000,,,,,,2025-03-27
2025-03-27,2025-03-27,CM,BSE,STK,544222,INE09XN01023,AKUMS,B,,,,,Akums Drugs and Pharmaceutical,451.1,471.8,445.6,459.85,459.85,456.75,,460.25,,,42963,19748573.0,1765,F1,1,,,,,,2025-03-27
2025-03-27,2025-03-27,CM,BSE,STK,544223,INE0AG901020,CEIGALL,B,,,,,Ceigall India Limited,255.55,262.15,251.6,257.65,255.75,257.55,,258.85,,,30465,7796074.0,1197,F1,1,,,,,,2025-03-27
2025-03-27,2025-03-27,CM,BSE,STK,544224,INE0OXY01013,AFCOM,M,,,,,Afcom Holdings Limited,690.0,742.5,682.1,707.25,707.25,707.85,,707.25,,,106560,76367532.0,276,F1,240,,,,,,2025-03-27
2025-03-27,2025-03-27,CM,BSE,STK,544225,INE0LXG01040,OLAELEC,B,,,,,Ola Electric Mobility Limited,51.81,56.0,51.54,55.07,55.07,51.76,,55.1,,,8910345,480138179.0,22839,F1,1,,,,,,2025-03-27
2025-03-27,2025-03-27,CM,BSE,STK,544226,INE02RE01045,FIRSTCRY,B,,,,,Brainbees Solutions Limited,356.7,400.0,348.6,388.65,388.65,351.65,,388.55,,,84999,31262583.0,2363,F1,1,,,,,,2025-03-27
2025-03-27,2025-03-27,CM,BSE,STK,544227,INE00U401027,UNIECOM,B,,,,,UNICOMMERCE ESOLUTIONS LIMITED,124.3,125.75,121.5,122.45,123.0,123.85,,122.45,,,37204,4586288.0,641,F1,1,,,,,,2025-03-27
2025-03-27,2025-03-27,CM,BSE,STK,544229,INF109KC19W1,METALIETF,B,,,,,ICICI Prudential Mutual Fund,9.01,9.19,9.0,9.17,9.19,9.1,,9.16,,,234280,2140796.0,332,F1,1,,,,,,2025-03-27
2025-03-27,2025-03-27,CM,BSE,STK,544230,INE0PQ101010,SSDL,B,,,,,SARASWATI SAREE DEPOT LIMITED,85.15,85.92,82.84,83.16,83.25,86.52,,83.17,,,45610,3826327.0,1792,F1,1,,,,,,2025-03-27
2025-03-27,2025-03-27,CM,BSE,STK,544231,INE0SFZ01018,BROACH,M,,,,,BROACH LIFECARE HOSPITAL LIMIT,17.9,18.05,16.01,16.01,16.01,18.0,,16.01,,,42000,709680.0,7,F1,6000,,,,,,2025-03-27
2025-03-27,2025-03-27,CM,BSE,STK,544232,INE00M901018,INTERARCH,B,,,,,Interarch Building Products Li,1471.1,1522.0,1460.0,1505.45,1492.65,1471.95,,1504.2,,,3744,5570341.0,504,F1,1,,,,,,2025-03-27
2025-03-27,2025-03-27,CM,BSE,STK,544233,INE0US801024,MFML,T,,,,,Mahalaxmi Fabric Mills Limited,29.0,29.0,29.0,29.0,29.0,30.52,,26.57,,,38,1102.0,3,F1,1,,,,,,2025-03-27
2025-03-27,2025-03-27,CM,BSE,STK,544234,INE0URU01010,GLOBALE,T,,,,,Globale Tessile Limited,18.45,18.45,18.1,18.1,18.1,18.45,,17.99,,,200,3637.0,3,F1,1,,,,,,2025-03-27
2025-03-27,2025-03-27,CM,BSE,STK,544235,INE0PPK01015,ORIENTTECH,B,,,,,Orient Technologies Limited,346.3,363.5,345.0,363.5,363.5,346.2,,363.6,,,19386,6875005.0,794,F1,1,,,,,,2025-03-27
2025-03-27,2025-03-27,CM,BSE,STK,544236,INE0SK201011,RAL,MT,,,,,Resourceful Automobile Limited,55.89,55.89,51.05,51.5,51.5,53.25,,51.5,,,6000,314928.0,5,F1,1200,,,,,,2025-03-27
2025-03-27,2025-03-27,CM,BSE,STK,544237,INE0QA901010,RAPID,M,,,,,RAPID MULTIMODAL LOGISTICS LIM,48.5,50.89,48.5,49.35,49.35,49.9,,49.35,,,8000,394880.0,5,F1,1600,,,,,,2025-03-27
2025-03-27,2025-03-27,CM,BSE,STK,544238,INE0BS701011,PREMIERENE,B,,,,,Premier Energies Limited,898.05,963.45,884.0,947.3,947.3,897.7,,948.55,,,135805,124991441.0,2705,F1,1,,,,,,2025-03-27
2025-03-27,2025-03-27,CM,BSE,STK,544239,INE06HJ01020,ECOSMOBLTY,B,,,,,ECOS (India) Mobility & Hospit,192.5,193.15,188.0,191.95,191.95,194.1,,191.9,,,34564,6584082.0,1074,F1,1,,,,,,2025-03-27
2025-03-27,2025-03-27,CM,BSE,STK,544240,INE02ID01020,RAYMONDLSL,B,,,,,Raymond Lifestyle Limited,1031.5,1042.0,1011.0,1038.9,1030.0,1033.5,,1040.3,,,26264,27000901.0,2035,F1,1,,,,,,2025-03-27
2025-03-27,2025-03-27,CM,BSE,STK,544241,INF769K01LX9,MULTICAP,B,,,,,Mirae Asset Mutual Fund,14.43,14.75,14.37,14.71,14.75,14.64,,14.75,,,18642,273419.0,71,F1,1,,,,,,2025-03-27
2025-03-27,2025-03-27,CM,BSE,STK,544242,INE0SG001011,TRAVELS,MT,,,,,Travels & rentals Limited,56.68,56.68,56.67,56.67,56.67,57.82,,56.67,,,18000,1020090.0,6,F1,3000,,,,,,2025-03-27
2025-03-27,2025-03-27,CM,BSE,STK,544243,INE01FR01028,STYLEBAAZA,B,,,,,Baazar Style Retail Limited,226.4,229.0,220.7,226.5,225.85,225.8,,227.2,,,53160,11990887.0,1584,F1,1,,,,,,2025-03-27
2025-03-27,2025-03-27,CM,BSE,STK,544244,INE0RE001014,GALAPREC,B,,,,,Gala Precision Engineering Lim,840.0,864.95,814.75,817.2,817.0,847.95,,817.3,,,13762,11502924.0,1344,F1,1,,,,,,2025-03-27
2025-03-27,2025-03-27,CM,BSE,STK,544245,INE0N4701016,NHL,M,,,,,Naturewings Holidays Limited,77.91,77.91,74.02,74.02,74.02,77.91,,74.02,,,3200,243088.0,2,F1,1600,,,,,,2025-03-27
2025-03-27,2025-03-27,CM,BSE,STK,544246,INE0DAB01012,RVTH,T,,,,,Revathi Equipment India Limite,960.0,982.9,960.0,961.5,961.1,1003.8,,956.55,,,230,220945.0,17,F1,1,,,,,,2025-03-27
2025-03-27,2025-03-27,CM,BSE,STK,544247,INF740KA1UR9,TOP10ADD,B,,,,,DSP Mutual Fund,93.8,94.42,93.39,93.64,94.0,93.42,,93.67,,,5725,537636.0,136,F1,1,,,,,,2025-03-27
2025-03-27,2025-03-27,CM,BSE,STK,544248,INE0UYT01018,MCEL,M,,,,,MACH CONFERENCES AND EVENTS LI,172.95,175.0,167.5,168.75,167.6,173.55,,168.75,,,120600,20462130.0,88,F1,600,,,,,,2025-03-27
2025-03-27,2025-03-27,CM,BSE,STK,544249,INE0S2G01011,BALAJEE,B,,,,,SHREE TIRUPATI BALAJEE AGRO TR,46.22,48.25,37.85,41.83,41.83,46.06,,41.65,,,377732,15929533.0,985,F1,1,,,,,,2025-03-27
2025-03-27,2025-03-27,CM,BSE,STK,544250,INE0UOS01011,SANOFICONR,B,,,,,Sanofi Consumer Healthcare Ind,4802.95,4831.8,4711.15,4801.0,4810.0,4751.25,,4810.25,,,396,1885203.0,140,F1,1,,,,,,2025-03-27
2025-03-27,2025-03-27,CM,BSE,STK,544251,INE0LY301010,SSL,M,,,,,Share Samadhan Limited,75.05,76.1,75.0,75.56,76.1,77.97,,75.56,,,9600,723760.0,6,F1,1600,,,,,,2025-03-27
2025-03-27,2025-03-27,CM,BSE,STK,544252,INE377Y01014,BAJAJHFL,B,,,,,Bajaj Housing Finance Limited,115.65,127.6,115.2,125.55,125.55,116.0,,125.5,,,3685793,449434868.0,46215,F1,1,,,,,,2025-03-27
2025-03-27,2025-03-27,CM,BSE,STK,544253,INE0O6601022,KROSS,B,,,,,Kross Limited,171.9,172.5,167.05,169.4,169.4,172.4,,169.65,,,69241,11708961.0,2258,F1,1,,,,,,2025-03-27
2025-03-27,2025-03-27,CM,BSE,STK,544254,INE0RWQ01014,TOLINS,T,,,,,Tolins Tyres Limited,115.0,116.95,112.55,115.1,116.0,115.1,,115.65,,,135057,15627865.0,305,F1,1,,,,,,2025-03-27
2025-03-27,2025-03-27,CM,BSE,STK,544256,INE953R01016,PNGJL,B,,,,,P N GADGIL JEWELLERS LIMITED,509.05,523.0,503.65,518.05,516.0,509.65,,518.9,,,101173,52133619.0,3062,F1,1,,,,,,2025-03-27
2025-03-27,2025-03-27,CM,BSE,STK,544257,INE0Q3401017,SAFE,MT,,,,,Sodhani Academy of Fintech Ena,215.0,220.0,214.0,215.5,215.5,220.0,,215.5,,,36000,7780950.0,9,F1,3000,,,,,,2025-03-27
2025-03-27,2025-03-27,CM,BSE,STK,544258,INE0CJF01024,WCIL,B,,,,,Western Carriers (India) Limit,79.2,79.7,78.1,78.82,78.7,79.29,,78.87,,,85407,6715273.0,1201,F1,1,,,,,,2025-03-27
2025-03-27,2025-03-27,CM,BSE,STK,544259,INE0PZB01013,PFL,M,,,,,POPULAR FOUNDATIONS LIMITED,24.52,26.1,23.2,23.83,24.0,26.0,,23.83,,,45000,1103430.0,15,F1,3000,,,,,,2025-03-27
2025-03-27,2025-03-27,CM,BSE,STK,544260,INE850M01015,NORTHARC,B,,,,,Northern Arc Capital Ltd.,169.2,169.95,166.75,168.05,168.05,167.7,,168.15,,,41263,6949576.0,949,F1,1,,,,,,2025-03-27
2025-03-27,2025-03-27,CM,BSE,STK,544261,INE0QRL01017,ARKADE,B,,,,,ARKADE DEVELOPERS LIMITED,150.3,155.55,150.0,152.85,152.85,151.45,,153.15,,,76870,11770907.0,1085,F1,1,,,,,,2025-03-27
2025-03-27,2025-03-27,CM,BSE,STK,544262,INE939X01013,MANBA,B,,,,,Manba Finance Limited,131.7,136.95,131.7,134.9,133.85,132.5,,134.35,,,26540,3553112.0,539,F1,1,,,,,,2025-03-27
2025-03-27,2025-03-27,CM,BSE,STK,544263,INE0Q3J01015,KRN,B,,,,,KRN HEAT EXCHANGER AND REFRIGE,877.65,896.65,861.0,886.85,892.0,881.65,,884.5,,,64075,56276332.0,2024,F1,1,,,,,,2025-03-27
2025-03-27,2025-03-27,CM,BSE,STK,544264,INE184O01015,DIFFNKG,T,,,,,Diffusion Engineers Limited,266.65,266.65,266.65,266.65,266.65,272.05,,266.65,,,10629,2834222.0,40,F1,1,,,,,,2025-03-27
2025-03-27,2025-03-27,CM,BSE,STK,544265,INE0QUL01011,NEXXUS,M,,,,,Nexxus Petro Industries Limite,106.0,106.0,104.45,105.55,105.55,106.0,,105.55,,,12000,1261320.0,6,F1,1200,,,,,,2025-03-27
2025-03-27,2025-03-27,CM,BSE,STK,544266,INF769K01LZ4,BANKPSU,B,,,,,Mirae Asset Mutual Fund,61.9,62.92,61.88,62.91,62.85,61.29,,62.92,,,8926,556945.0,15,F1,1,,,,,,2025-03-27
2025-03-27,2025-03-27,CM,BSE,STK,544267,INE0U6201010,SUBAM,M,,,,,SUBAM PAPERS LIMITED,93.1,94.9,91.3,92.7,93.85,97.2,,92.7,,,49600,4607480.0,61,F1,800,,,,,,2025-03-27
2025-03-27,2025-03-27,CM,BSE,STK,544268,INF769K01LY7,METAL,B,,,,,Mirae Asset Mutual Fund,9.13,9.2,9.12,9.19,9.2,9.1,,9.13,,,60836,555697.0,25,F1,1,,,,,,2025-03-27
2025-03-27,2025-03-27,CM,BSE,STK,544269,INE471R01019,NPFL,M,,,,,NEOPOLITAN PIZZA AND FOODS LIM,14.44,14.44,14.0,14.0,14.0,14.51,,14.0,,,36000,506640.0,3,F1,6000,,,,,,2025-03-27
2025-03-27,2025-03-27,CM,BSE,STK,544270,INE0S9501014,KGVL,M,,,,,Khyati Global Ventures Limited,56.0,56.0,52.5,52.75,52.75,55.0,,52.75,,,20400,1092120.0,15,F1,1200,,,,,,2025-03-27
2025-03-27,2025-03-27,CM,BSE,STK,544271,INE0JVO01026,GARUDA,B,,,,,Garuda Construction and Engine,105.3,106.9,103.4,105.85,106.9,104.4,,105.9,,,40082,4210583.0,634,F1,1,,,,,,2025-03-27
2025-03-27,2025-03-27,CM,BSE,STK,544272,INE0YRO01015,SHIVTEXCHEM,MT,,,,,SHIV TEXCHEM LIMITED,243.55,250.5,243.55,248.0,248.0,248.5,,248.0,,,23200,5752640.0,23,F1,800,,,,,,2025-03-27
2025-03-27,2025-03-27,CM,BSE,STK,544273,INE0APB01032,MGEL,B,,,,,MANGALAM GLOBAL ENTERPRISE LIM,12.38,14.09,12.38,13.8,13.8,13.39,,13.76,,,40502,551103.0,292,F1,1,,,,,,2025-03-27
2025-03-27,2025-03-27,CM,BSE,STK,544274,INE0V6F01027,HYUNDAI,A,,,,,HYUNDAI MOTOR INDIA LIMITED,1680.25,1814.0,1680.25,1762.85,1762.85,1709.35,,1758.3,,,103975,181322698.0,7203,F1,1,,,,,,2025-03-27
2025-03-27,2025-03-27,CM,BSE,STK,544275,INF109KC16X5,VAL30IETF,B,,,,,ICICI Prudential Mutual Fund,12.58,12.58,12.4,12.5,12.58,12.49,,12.51,,,16173,201764.0,129,F1,1,,,,,,2025-03-27
2025-03-27,2025-03-27,CM,BSE,STK,544276,INE0OPA01019,DBEIL,B,,,,,Deepak Builders and Engineers,147.0,153.35,147.0,148.3,147.9,148.2,,148.3,,,24737,3686780.0,835,F1,1,,,,,,2025-03-27
2025-03-27,2025-03-27,CM,BSE,STK,544277,INE377N01017,WAAREEENER,B,,,,,Waaree Energies Limited,2425.85,2450.0,2370.05,2434.6,2434.6,2426.25,,2435.8,,,45708,109991200.0,3564,F1,1,,,,,,2025-03-27
2025-03-27,2025-03-27,CM,BSE,STK,544278,INE0PK601023,OCCLLTD,B,,,,,OCCL Limited,84.85,85.27,80.01,81.0,80.75,85.45,,80.73,,,9269,757688.0,263,F1,1,,,,,,2025-03-27
2025-03-27,2025-03-27,CM,BSE,STK,544279,INE497S01012,GODAVARIB,T,,,,,Godavari Biorefineries Limited,154.9,155.0,145.55,147.95,147.95,152.8,,149.05,,,260081,39850428.0,188,F1,1,,,,,,2025-03-27
2025-03-27,2025-03-27,CM,BSE,STK,544280,INE101I01011,AFCONS,B,,,,,Afcons Infrastructure Limited,472.0,480.7,461.0,477.45,477.45,467.95,,477.95,,,38900,18234326.0,1324,F1,1,,,,,,2025-03-27
2025-03-27,2025-03-27,CM,BSE,STK,544281,INE00YB01017,ABINFRA,B,,,,,A B INFRABUILD LIMITED,99.0,104.0,99.0,102.28,102.28,99.73,,102.96,,,245784,25041943.0,957,F1,1,,,,,,2025-03-27
2025-03-27,2025-03-27,CM,BSE,STK,544282,INE0W2G01015,SAGILITY,B,,,,,Sagility India Limited,41.67,43.0,41.41,42.55,42.55,41.89,,42.72,,,873684,36712232.0,7156,F1,1,,,,,,2025-03-27
2025-03-27,2025-03-27,CM,BSE,STK,544283,INE622W01025,ACMESOLAR,B,,,,,ACME Solar Holdings Limited,190.25,197.6,188.9,194.5,194.5,190.2,,195.25,,,71693,13775812.0,899,F1,1,,,,,,2025-03-27
2025-03-27,2025-03-27,CM,BSE,STK,544285,INE00H001014,SWIGGY,B,,,,,SWIGGY LIMITED,324.7,340.75,312.8,334.95,334.95,323.75,,335.75,,,651412,211618523.0,8200,F1,1,,,,,,2025-03-27
2025-03-27,2025-03-27,CM,BSE,STK,544286,INE995S01015,NIVABUPA,B,,,,,NIVA BUPA HEALTH INSURANCE COM,71.01,77.77,71.01,76.56,76.56,71.6,,76.65,,,161062,12092165.0,2392,F1,1,,,,,,2025-03-27
2025-03-27,2025-03-27,CM,BSE,STK,544287,INE0RU901015,MANGALCOMP,M,,,,,Mangal Compusolution Limited,37.0,37.55,36.11,36.8,37.0,38.7,,36.8,,,39000,1439100.0,8,F1,3000,,,,,,2025-03-27
2025-03-27,2025-03-27,CM,BSE,STK,544288,INE0UIZ01018,BLACKBUCK,B,,,,,ZINKA LOGISTICS SOLUTIONS LIMI,418.85,436.0,408.6,426.65,421.5,418.25,,430.7,,,4564,1945015.0,414,F1,1,,,,,,2025-03-27
2025-03-27,2025-03-27,CM,BSE,STK,544289,INE0ONG01011,NTPCGREEN,B,,,,,NTPC GREEN ENERGY LIMITED,99.92,103.69,97.52,103.0,103.0,99.83,,103.1,,,573729,57303391.0,4739,F1,1,,,,,,2025-03-27
2025-03-27,2025-03-27,CM,BSE,STK,544290,INE0LLY01014,EIEL,B,,,,,ENVIRO INFRA ENGINEERS LIMITED,213.1,228.0,212.7,225.95,225.95,216.05,,225.75,,,336828,74124920.0,5157,F1,1,,,,,,2025-03-27
2025-03-27,2025-03-27,CM,BSE,STK,544291,INE0VN801010,RAJESH,M,,,,,RAJESH POWER SERVICES LIMITED,930.0,999.95,930.0,977.95,982.0,935.0,,977.95,,,127600,124231100.0,292,F1,400,,,,,,2025-03-27
2025-03-27,2025-03-27,CM,BSE,STK,544292,INE013P01021,ONESOURCE,B,,,,,Onesource Specialty Pharma Lim,1714.95,1774.3,1646.0,1703.8,1715.0,1719.65,,1717.3,,,26979,47159763.0,1023,F1,1,,,,,,2025-03-27
2025-03-27,2025-03-27,CM,BSE,STK,544293,INE877V01027,SURAKSHA,B,,,,,SURAKSHA DIAGNOSTIC LIMITED,265.3,270.45,260.1,261.65,261.65,265.3,,261.05,,,16000,4198091.0,476,F1,1,,,,,,2025-03-27
2025-03-27,2025-03-27,CM,BSE,STK,544294,INE0OJW01016,ROSSTECH,T,,,,,Rossell Techsys Limited,291.1,291.7,286.05,289.0,289.0,291.6,,289.0,,,1049,301656.0,10,F1,1,,,,,,2025-03-27
2025-03-27,2025-03-27,CM,BSE,STK,544295,INE19RO25013,PSPLATINA,IF,,,,,Property Share Investment Trus,1013000.0,1013000.0,1013000.0,1013000.0,1013000.0,1020000.0,,1013000.0,,,1,1013000.0,1,F1,1,,,,,,2025-03-27
2025-03-27,2025-03-27,CM,BSE,STK,544296,INE0DQN01013,NISUS,MT,,,,,NISUS FINANCE SERVICES CO LIMI,352.85,352.85,352.85,352.85,352.85,360.05,,352.85,,,34400,12138040.0,28,F1,800,,,,,,2025-03-27
2025-03-27,2025-03-27,CM,BSE,STK,544301,INE054301028,ODIGMA,T,,,,,Odigma Consultancy Solutions L,35.2,37.0,35.2,36.31,36.31,35.43,,36.15,,,26467,958208.0,338,F1,1,,,,,,2025-03-27
2025-03-27,2025-03-27,CM,BSE,STK,544302,INE403Y01018,INNOVANA,B,,,,,Innovana Thinklabs Limited,294.25,295.05,271.1,273.5,289.8,298.3,,274.85,,,5393,1558409.0,238,F1,1,,,,,,2025-03-27
2025-03-27,2025-03-27,CM,BSE,STK,544304,INE0WCH01015,JUNGLECAMP,MT,,,,,JUNGLE CAMPS INDIA LIMITED,49.9,49.9,45.67,46.71,46.05,48.07,,46.71,,,70400,3346288.0,42,F1,1600,,,,,,2025-03-27
2025-03-27,2025-03-27,CM,BSE,STK,544305,INE0HLU01028,MOBIKWIK,B,,,,,One Mobikwik Systems Limited,304.0,312.55,296.75,310.2,312.4,303.8,,310.25,,,408175,124604650.0,4685,F1,1,,,,,,2025-03-27
2025-03-27,2025-03-27,CM,BSE,STK,544306,INE570L01029,SAILIFE,B,,,,,Sai Life Sciences Limited,733.45,759.9,727.4,753.8,750.4,738.95,,755.55,,,7780,5782086.0,695,F1,1,,,,,,2025-03-27
2025-03-27,2025-03-27,CM,BSE,STK,544307,INE01EA01019,VMM,B,,,,,Vishal Mega Mart Limited,101.75,106.4,100.65,104.8,104.8,101.85,,104.8,,,662051,68676737.0,3921,F1,1,,,,,,2025-03-27
2025-03-27,2025-03-27,CM,BSE,STK,544308,INE168C01013,HILLTONE,XT,,,,,Hilltone Software and Gases Lt,29.9,31.11,29.89,31.11,31.11,30.5,,31.11,,,38778,1190223.0,12,F1,1,,,,,,2025-03-27
2025-03-27,2025-03-27,CM,BSE,STK,544309,INE115Q01022,IKS,B,,,,,INVENTURUS KNOWLEDGE SOLUTIONS,1490.55,1569.0,1481.7,1551.9,1554.4,1482.9,,1554.85,,,19140,29270005.0,2212,F1,1,,,,,,2025-03-27
2025-03-27,2025-03-27,CM,BSE,STK,544310,INE00GK01023,YASHHV,MT,,,,,Yash Highvoltage Limited,151.5,158.5,151.5,153.2,153.0,151.3,,153.2,,,114000,17630650.0,76,F1,1000,,,,,,2025-03-27
2025-03-27,2025-03-27,CM,BSE,STK,544311,INE0Q9301021,IGIL,B,,,,,International Gemmological Ins,362.3,380.3,350.9,372.45,372.45,365.6,,372.45,,,172084,63069082.0,3762,F1,1,,,,,,2025-03-27
2025-03-27,2025-03-27,CM,BSE,STK,544312,INE0QBD01018,HAMPS,MT,,,,,HAMPS BIO LIMITED,45.15,45.15,45.0,45.0,45.0,45.5,,45.0,,,4000,180300.0,2,F1,2000,,,,,,2025-03-27
2025-03-27,2025-03-27,CM,BSE,STK,544313,INE0LB101011,NACDAC,MT,,,,,NACDAC Infrastructure Limited,43.15,43.15,43.15,43.15,43.15,44.03,,43.15,,,8000,345200.0,2,F1,4000,,,,,,2025-03-27
2025-03-27,2025-03-27,CM,BSE,STK,544314,INE0JPD01013,SANATHAN,B,,,,,Sanathan Textiles Limited,369.75,373.0,361.1,371.05,372.55,365.75,,371.35,,,24039,8868627.0,1592,F1,1,,,,,,2025-03-27
2025-03-27,2025-03-27,CM,BSE,STK,544315,INE037Z01029,CEWATER,B,,,,,Concord Enviro Systems Limited,487.05,528.0,487.05,507.7,507.7,504.85,,507.3,,,9743,5012032.0,782,F1,1,,,,,,2025-03-27
2025-03-27,2025-03-27,CM,BSE,STK,544316,INE284H01025,DAMCAPITAL,B,,,,,DAM Capital Advisors Limited,225.55,238.0,224.3,235.85,235.85,228.1,,235.7,,,116241,26801547.0,1558,F1,1,,,,,,2025-03-27
2025-03-27,2025-03-27,CM,BSE,STK,544317,INE454P01035,TRANSRAILL,B,,,,,Transrail Lighting Limited,492.65,495.0,475.9,481.55,481.55,493.55,,481.35,,,151156,72954695.0,4200,F1,1,,,,,,2025-03-27
2025-03-27,2025-03-27,CM,BSE,STK,544318,INE0TO701015,MAMATA,B,,,,,MAMATA MACHINERY LIMITED,355.45,373.45,346.9,369.8,367.1,351.9,,369.35,,,95065,34431808.0,3016,F1,1,,,,,,2025-03-27
2025-03-27,2025-03-27,CM,BSE,STK,544319,INE0RB801010,SENORES,B,,,,,SENORES PHARMACEUTICALS LIMITE,576.65,591.35,570.1,587.1,587.1,578.8,,587.4,,,52870,30726331.0,1650,F1,1,,,,,,2025-03-27
2025-03-27,2025-03-27,CM,BSE,STK,544320,INE0V7W01012,CARRARO,B,,,,,CARRARO INDIA LIMITED,313.95,320.0,310.95,311.65,311.65,312.9,,311.75,,,11719,3680286.0,693,F1,1,,,,,,2025-03-27
2025-03-27,2025-03-27,CM,BSE,STK,544321,INE781S01027,VENTIVE,B,,,,,Ventive Hospitality Limited,701.15,740.0,685.5,730.0,730.0,707.55,,730.45,,,13222,9337146.0,979,F1,1,,,,,,2025-03-27
2025-03-27,2025-03-27,CM,BSE,STK,544322,INE0U3I01011,UNIMECH,B,,,,,Unimech Aerospace and Manufact,982.3,1000.0,954.3,989.0,989.15,1008.75,,985.55,,,10183,9952912.0,1301,F1,1,,,,,,2025-03-27
2025-03-27,2025-03-27,CM,BSE,STK,544323,INF769K01NS5,CONSUMER,B,,,,,Mirae Asset Mutual Fund,10.53,10.58,10.47,10.57,10.57,10.53,,10.58,,,34710,366568.0,170,F1,1,,,,,,2025-03-27
2025-03-27,2025-03-27,CM,BSE,STK,544324,INE0A8401016,CITICHEM,MT,,,,,Citichem India Limited,26.6,26.63,26.6,26.6,26.6,28.0,,26.6,,,18000,479120.0,9,F1,2000,,,,,,2025-03-27
2025-03-27,2025-03-27,CM,BSE,STK,544325,INE379A01028,ITCHOTELS,B,,,,,ITC Hotels Limited,190.6,197.8,190.6,194.6,194.6,191.0,,194.6,,,389025,75639273.0,4828,F1,1,,,,,,2025-03-27
2025-03-27,2025-03-27,CM,BSE,STK,544326,INF754K01TX4,ECAPINSURE,B,,,,,Edelweiss Mutual Fund,19.13,19.37,18.96,19.37,19.37,19.05,,19.27,,,862,16511.0,25,F1,1,,,,,,2025-03-27
2025-03-27,2025-03-27,CM,BSE,STK,544327,INE0ZHT01012,TECHNICHEM,M,,,,,TECHNICHEM ORGANICS LIMITED,42.5,43.0,39.0,39.51,39.05,43.5,,39.51,,,102000,4085140.0,41,F1,2000,,,,,,2025-03-27
2025-03-27,2025-03-27,CM,BSE,STK,544328,INE622H01018,INDOFARM,B,,,,,INDO FARM EQUIPMENT LIMITED,155.0,158.55,155.0,156.2,155.95,157.15,,156.0,,,20691,3235051.0,561,F1,1,,,,,,2025-03-27
2025-03-27,2025-03-27,CM,BSE,STK,544329,INE0RH001011,VANDU,M,,,,,LEO DRYFRUITS & SPICES TRADING,55.76,56.9,55.3,55.3,55.3,55.76,,55.3,,,28000,1563320.0,12,F1,2000,,,,,,2025-03-27
2025-03-27,2025-03-27,CM,BSE,STK,544330,INE0QQJ01021,PARMESHWAR,M,,,,,PARMESHWAR METAL LIMITED,57.0,58.0,53.0,57.12,58.0,57.02,,57.12,,,64000,3600700.0,24,F1,2000,,,,,,2025-03-27
2025-03-27,2025-03-27,CM,BSE,STK,544331,INE0Q2L01013,DAVIN,MT,,,,,Davin Sons Retail Limited,21.0,21.48,20.43,20.43,20.43,21.5,,20.43,,,28000,578780.0,14,F1,2000,,,,,,2025-03-27
2025-03-27,2025-03-27,CM,BSE,STK,544332,INE0HSD01011,FABCLEAN,MT,,,,,FABTECH TECHNOLOGIES CLEANROOM,308.0,325.5,308.0,325.5,325.5,310.0,,325.5,,,46400,14988960.0,24,F1,1600,,,,,,2025-03-27
2025-03-27,2025-03-27,CM,BSE,STK,544333,INE0M4D01010,SGLTL,B,,,,,STANDARD GLASS LINING TECHNOLO,143.1,151.1,142.15,150.35,150.4,143.55,,150.1,,,71814,10633805.0,858,F1,1,,,,,,2025-03-27
2025-03-27,2025-03-27,CM,BSE,STK,544335,INE00ST01011,BRGIL,M,,,,,B.R.GOYAL INFRASTRUCTURE LIMIT,108.25,114.5,108.25,111.75,110.6,108.25,,111.75,,,50000,5617650.0,30,F1,1000,,,,,,2025-03-27
2025-03-27,2025-03-27,CM,BSE,STK,544336,INE0LRY01011,QUADFUTURE,B,,,,,Quadrant Future Tek Limited,521.6,543.0,503.1,537.25,537.25,517.55,,536.35,,,305613,160224481.0,7423,F1,1,,,,,,2025-03-27
2025-03-27,2025-03-27,CM,BSE,STK,544338,INE0Z8Z23013,CAPINVIT,IF,,,,,Capital Infra Trust,89.86,89.86,88.06,88.75,88.17,88.83,,88.67,,,14022,1244507.0,131,F1,1,,,,,,2025-03-27
2025-03-27,2025-03-27,CM,BSE,STK,544339,INE0WO601020,LAXMIDENTL,B,,,,,Laxmi Dental Limited,428.0,455.0,420.85,449.85,443.0,428.7,,449.35,,,44730,19856429.0,2046,F1,1,,,,,,2025-03-27
2025-03-27,2025-03-27,CM,BSE,STK,544340,INE0CFH01028,RIKHAV,MT,,,,,Rikhav Securities Limited,67.64,68.0,67.64,67.64,67.64,69.02,,67.64,,,115200,7817472.0,54,F1,1600,,,,,,2025-03-27
2025-03-27,2025-03-27,CM,BSE,STK,544341,INE12QA01010,LICL,M,,,,,LANDMARK IMMIGRATION CONSULTAN,53.3,53.3,48.3,49.21,49.21,51.45,,49.21,,,115200,5855584.0,63,F1,1600,,,,,,2025-03-27
2025-03-27,2025-03-27,CM,BSE,STK,544342,INE0RYC01010,STALLION,B,,,,,Stallion India Fluorochemicals,71.1,72.42,69.71,70.33,70.24,71.1,,70.6,,,50951,3634367.0,638,F1,1,,,,,,2025-03-27
2025-03-27,2025-03-27,CM,BSE,STK,544343,INE0WXM01011,CNINFOTECH,M,,,,,CAPITALNUMBERS INFOTECH  LIMIT,163.0,164.0,159.6,160.3,161.1,162.55,,160.3,,,60000,9678100.0,138,F1,400,,,,,,2025-03-27
2025-03-27,2025-03-27,CM,BSE,STK,544344,INE526E01018,SHRIPISTON,B,,,,,SHRIRAM PISTONS & RINGS LTD,1814.35,1881.0,1812.35,1867.25,1870.3,1820.45,,1866.35,,,3812,7082982.0,669,F1,1,,,,,,2025-03-27
2025-03-27,2025-03-27,CM,BSE,STK,544345,INE0R4L01018,DENTA,B,,,,,Denta Water and Infra Solution,285.85,290.35,280.95,287.9,288.85,285.75,,288.05,,,34389,9854793.0,888,F1,1,,,,,,2025-03-27
2025-03-27,2025-03-27,CM,BSE,STK,544346,INE0AK901016,RRECL,T,,,,,RDB Real Estate Constructions,54.76,56.98,54.76,56.98,56.98,55.87,,56.98,,,74810,4249784.0,64,F1,1,,,,,,2025-03-27
2025-03-27,2025-03-27,CM,BSE,STK,544347,INE0WDX01010,CLN,M,,,,,CLN ENERGY LIMITED,257.9,257.9,254.0,254.0,254.0,257.9,,254.0,,,7800,1995120.0,12,F1,600,,,,,,2025-03-27
2025-03-27,2025-03-27,CM,BSE,STK,544348,INE0RWU01016,GBLOGISTIC,MT,,,,,GB Logistics Commerce Limited,36.0,37.6,35.92,35.92,35.92,37.81,,35.92,,,54000,1963752.0,41,F1,1200,,,,,,2025-03-27
2025-03-27,2025-03-27,CM,BSE,STK,544349,INE0DZD01015,HMEML,M,,,,,H.M. ELECTRO MECH LIMITED,63.0,63.0,61.02,62.97,62.98,63.69,,62.97,,,40000,2493040.0,17,F1,1600,,,,,,2025-03-27
2025-03-27,2025-03-27,CM,BSE,STK,544350,INE943P01029,AGARWALEYE,B,,,,,Dr. Agarwal's Health Care Limi,427.1,444.6,427.1,442.4,442.0,432.4,,442.8,,,21755,9469135.0,1052,F1,1,,,,,,2025-03-27
2025-03-27,2025-03-27,CM,BSE,STK,544351,INE0YON01014,MALPANI,M,,,,,MALPANI PIPES AND FITTINGS LIM,60.4,65.0,60.4,63.49,63.99,63.54,,63.49,,,51200,3193280.0,14,F1,1600,,,,,,2025-03-27
2025-03-27,2025-03-27,CM,BSE,STK,544352,INF740KA1VE5,NEXT30ADD,B,,,,,DSP Mutual Fund,36.0,36.0,36.0,36.0,36.0,36.0,,36.01,,,30,1080.0,1,F1,1,,,,,,2025-03-27
2025-03-27,2025-03-27,CM,BSE,STK,544353,INE0U2L01017,AMWILL,M,,,,,Amwill Health Care Limited,72.0,72.0,68.5,69.4,69.4,71.93,,69.4,,,37200,2606208.0,30,F1,1200,,,,,,2025-03-27
2025-03-27,2025-03-27,CM,BSE,STK,544354,INE0W0H01017,SOLARIUM,M,,,,,SOLARIUM GREEN ENERGY LIMITED,235.5,245.35,230.0,234.75,236.0,235.0,,234.75,,,24000,5701680.0,39,F1,600,,,,,,2025-03-27
2025-03-27,2025-03-27,CM,BSE,STK,544355,INE03CC01015,JUBLCPL,B,,,,,Jubilant Agri and Consumer Pro,1263.9,1286.0,1239.95,1267.8,1271.0,1264.45,,1268.1,,,446,562865.0,98,F1,1,,,,,,2025-03-27
2025-03-27,2025-03-27,CM,BSE,STK,544356,INE274Y01021,AJAXENGG,B,,,,,AJAX Engineering Limited,608.55,613.95,594.0,596.8,595.6,609.3,,596.95,,,16519,9909443.0,714,F1,1,,,,,,2025-03-27
2025-03-27,2025-03-27,CM,BSE,STK,544361,INE0R8101016,COVANCE,T,,,,,COVANCE SOFTSOL LIMITED,6.54,6.54,6.54,6.54,6.54,6.42,,6.54,,,151,987.0,3,F1,1,,,,,,2025-03-27
2025-03-27,2025-03-27,CM,BSE,STK,544362,INE093A01041,HEXT,B,,,,,Hexaware Technologies Limited,721.0,724.7,710.0,710.8,710.4,721.0,,711.5,,,10964,7860760.0,642,F1,1,,,,,,2025-03-27
2025-03-27,2025-03-27,CM,BSE,STK,544363,INF582M01KS4,UNIONGOLD,E,,,,,UNION MUTUAL FUND,86.21,87.75,86.21,87.75,87.75,87.5,,87.05,,,3,260.0,2,F1,1,,,,,,2025-03-27
2025-03-27,2025-03-27,CM,BSE,STK,544364,INE0O9T01021,BAJAJINDEF,B,,,,,Indef Manufacturing Limited,274.4,274.4,256.0,260.0,263.0,270.05,,258.75,,,7655,2013619.0,429,F1,1,,,,,,2025-03-27
2025-03-27,2025-03-27,CM,BSE,STK,544365,INE0TD301017,SHANMUGA,M,,,,,SHANMUGA HOSPITAL LIMITED,35.11,35.11,33.0,33.25,33.0,33.11,,33.25,,,42000,1409560.0,21,F1,2000,,,,,,2025-03-27
2025-03-27,2025-03-27,CM,BSE,STK,544366,INE0FFF01017,LKMEHTA,M,,,,,L.K.MEHTA POLYMERS LIMITED,50.0,52.0,50.0,50.5,50.5,50.8,,50.5,,,11200,568800.0,6,F1,1600,,,,,,2025-03-27
2025-03-27,2025-03-27,CM,BSE,STK,544367,INE0SII01026,QPOWER,B,,,,,QUALITY POWER ELECTRICAL EQUIP,320.2,328.25,314.05,321.4,321.4,320.2,,321.9,,,33914,10877565.0,1191,F1,1,,,,,,2025-03-27
2025-03-27,2025-03-27,CM,BSE,STK,544368,INE0TIR01017,SWASTH,MT,,,,,Swasth Foodtech India Limited,33.97,33.97,33.97,33.97,33.97,35.75,,33.97,,,3600,122292.0,3,F1,1200,,,,,,2025-03-27
2025-03-27,2025-03-27,CM,BSE,STK,544369,INE13VU01016,BEEZAASAN,M,,,,,Beezaasan Explotech Limited,166.0,166.95,160.0,162.9,163.0,168.35,,162.9,,,45600,7437760.0,47,F1,800,,,,,,2025-03-27
2025-03-27,2025-03-27,CM,BSE,STK,544370,INE0VYX01018,NUKLEUS,M,,,,,NUKLEUS OFFICE SOLUTIONS LIMIT,160.0,191.0,159.0,188.45,191.0,160.0,,188.45,,,5400,948540.0,9,F1,600,,,,,,2025-03-27
2025-03-27,2025-03-27,CM,BSE,STK,544371,INE0NR501012,VIKRAMAR,B,,,,,VIKRAM AROMA LIMITED,81.0,85.95,78.0,81.0,81.15,85.2,,81.0,,,14872,1190833.0,187,F1,1,,,,,,2025-03-27
2025-03-27,2025-03-27,CM,BSE,STK,544372,INE0RXS01018,SHREENATH,MT,,,,,SHREENATH PAPER PRODUCTS LIMIT,17.9,17.99,16.91,16.92,16.92,17.8,,16.92,,,84000,1448610.0,28,F1,3000,,,,,,2025-03-27
2025-03-27,2025-03-27,CM,BSE,STK,544373,INE0VNH01014,NAPSGLOBAL,M,,,,,NAPS Global India Limited,55.0,55.0,50.83,50.83,50.83,63.53,,50.83,,,59200,3071232.0,36,F1,1600,,,,,,2025-03-27
2025-03-27,2025-03-27,CM,BSE,STK,544378,INE0ABU01016,PSPL,MT,,,,,PDP Shipping & Projects Limite,75.8,75.8,75.8,75.8,75.8,79.75,,75.8,,,1000,75800.0,1,F1,1000,,,,,,2025-03-27
2025-03-27,2025-03-27,CM,BSE,STK,544379,INE0I0M01023,PRABHA,T,,,,,Prabha Energy Limited,163.9,169.0,154.4,169.0,169.0,161.8,,171.35,,,12450,1968299.0,43,F1,1,,,,,,2025-03-27
2025-03-27,2025-03-27,CM,BSE,STK,544380,INF109K1A021,CASHIETF,F,,,,,ICICI Prudential Mutual Fund,1002.8,1002.8,1002.8,1002.8,1002.8,1002.46,,1002.79,,,490,491372.0,1,F1,1,,,,,,2025-03-27
2025-03-27,2025-03-27,CM,BSE,STK,544381,INE16IQ01014,SUPERIRON,MT,,,,,Super Iron Foundry Limited,79.5,79.5,79.5,79.5,79.5,83.65,,79.5,,,1200,95400.0,1,F1,1200,,,,,,2025-03-27
2025-03-27,2025-03-27,CM,BSE,STK,544382,INF846KA1119,AXISVALUE,B,,,,,Axis Mutual Fund,26.95,27.06,26.95,27.06,27.06,26.98,,26.95,,,12,323.0,2,F1,1,,,,,,2025-03-27
2025-03-27,2025-03-27,CM,BSE,STK,544383,INE0SMW01011,PPARIVAH,MT,,,,,PARADEEP PARIVAHAN LIMITED,78.01,86.0,78.01,83.61,86.0,82.11,,83.61,,,88800,7105380.0,67,F1,1200,,,,,,2025-03-27
2025-03-27,2025-03-27,CM,BSE,STK,544384,INF0R8F01091,SILVERCASE,E,,,,,Zerodha Mutual Fund,10.46,10.46,10.16,10.2,10.2,10.25,,10.18,,,42911,437690.0,146,F1,1,,,,,,2025-03-27
2025-03-27,2025-03-27,CM,BSE,STK,544385,INF200KB1712,SBIBPB,B,,,,,SBI Mutual Fund,36.64,36.7,35.79,36.7,36.7,0.0,,36.08,,,11310,412836.0,20,F1,1,,,,,,2025-03-27
2025-03-27,2025-03-27,CM,BSE,STK,555555,INF346A01034,SENSEXIETF,A,,,,,ICICI Prudential BSE Sensex ET,875.64,878.7,874.5,875.17,875.0,875.64,,875.23,,,1043,912991.0,45,F1,1,,,,,,2025-03-27
2025-03-27,2025-03-27,CM,BSE,STK,570004,IN9175A01010,JISLDVREQS,B,,,,,JAIN IRRIGATION SYSTEMS LTD.,28.0,28.4,27.2,28.11,28.11,28.03,,28.16,,,30629,845367.0,283,F1,1,,,,,,2025-03-27
2025-03-27,2025-03-27,CM,BSE,STK,570005,INE224E01036,GATECHDVR,B,,,,,GACM Technologies Limited - DV,0.85,0.85,0.79,0.81,0.82,0.83,,0.81,,,444404,355800.0,299,F1,1,,,,,,2025-03-27
2025-03-27,2025-03-27,CM,BSE,STK,590003,INE036D01028,KARURVYSYA,B,,,,,KARUR VYSYA BANK LTD.,209.0,212.05,205.45,209.15,209.15,209.85,,209.15,,,84066,17620597.0,1362,F1,1,,,,,,2025-03-27
2025-03-27,2025-03-27,CM,BSE,STK,590005,INE484C01030,VEEDOL,B,,,,,VEEDOL CORPORATION LIMITED,1405.35,1409.65,1351.8,1368.4,1382.0,1405.35,,1367.95,,,7176,9912164.0,941,F1,1,,,,,,2025-03-27
2025-03-27,2025-03-27,CM,BSE,STK,590006,INE098F01031,AMRUTANJAN,B,,,,,AMRUTANJAN HEALTH CARE LTD.,611.15,634.25,606.85,627.6,632.0,612.4,,631.25,,,3156,1971617.0,344,F1,1,,,,,,2025-03-27
2025-03-27,2025-03-27,CM,BSE,STK,590013,INE445C01015,XPROINDIA,B,,,,,XPRO INDIA LTD.,1168.45,1194.8,1166.85,1186.65,1173.3,1171.25,,1184.95,,,322,380353.0,138,F1,1,,,,,,2025-03-27
2025-03-27,2025-03-27,CM,BSE,STK,590018,INE598C01011,HISARMETAL,B,,,,,HISAR METAL INDUSTRIES LTD.,188.25,204.25,188.25,200.0,200.0,198.8,,201.9,,,550,110367.0,59,F1,1,,,,,,2025-03-27
2025-03-27,2025-03-27,CM,BSE,STK,590021,INE838B01013,BHARATRAS,B,,,,,BHARAT RASAYAN LTD.,10783.2,10931.85,10527.15,10616.75,10586.45,10926.8,,10629.95,,,240,2560095.0,149,F1,1,,,,,,2025-03-27
2025-03-27,2025-03-27,CM,BSE,STK,590024,INE188A01015,FACT,B,,,,,FERTILIZERS & CHEMICALS TRAVAN,638.2,660.35,632.95,648.95,648.95,640.85,,648.25,,,24224,15694774.0,1820,F1,1,,,,,,2025-03-27
2025-03-27,2025-03-27,CM,BSE,STK,590025,INE424C01010,GINNIFILA,B,,,,,GINNI FILAMENTS LTD.,20.16,20.44,19.55,19.65,19.61,20.05,,19.73,,,91987,1822256.0,122,F1,1,,,,,,2025-03-27
2025-03-27,2025-03-27,CM,BSE,STK,590030,INE147A01011,SPIC,B,,,,,SOUTHERN PETROCHEMICALS LTD.,79.4,83.5,79.4,83.02,83.31,81.01,,82.96,,,42659,3508593.0,523,F1,1,,,,,,2025-03-27
2025-03-27,2025-03-27,CM,BSE,STK,590031,INE244A01016,DENORA,B,,,,,DE NORA INDIA LTD.,725.0,735.5,707.0,716.6,709.35,723.7,,719.35,,,2265,1629248.0,313,F1,1,,,,,,2025-03-27
2025-03-27,2025-03-27,CM,BSE,STK,590041,INE641C01019,KAVVERITEL,T,,,,,KAVVERI TELECOM PRODUCTS LTD.,42.9,45.66,42.9,45.66,45.66,43.49,,45.66,,,15977,728102.0,41,F1,1,,,,,,2025-03-27
2025-03-27,2025-03-27,CM,BSE,STK,590051,INE667G01023,SAKSOFT,B,,,,,SAKSOFT LTD.,151.0,153.1,150.3,151.25,151.2,151.15,,151.35,,,43838,6636489.0,1660,F1,1,,,,,,2025-03-27
2025-03-27,2025-03-27,CM,BSE,STK,590056,INE498E01010,SALONA,B,,,,,SALONA COTSPIN LTD.,230.8,231.0,230.0,230.9,230.9,246.5,,231.2,,,400,92356.0,21,F1,1,,,,,,2025-03-27
2025-03-27,2025-03-27,CM,BSE,STK,590057,INE217G01035,EQUIPPP,T,,,,,EQUIPPP SOCIAL IMPACT TECHNOLO,20.3,20.3,19.59,19.74,19.7,20.62,,19.79,,,39589,777849.0,47,F1,1,,,,,,2025-03-27
2025-03-27,2025-03-27,CM,BSE,STK,590062,INE715B01021,ANDHRSUGAR,B,,,,,ANDHRA SUGARS LTD.,69.0,69.5,67.63,68.06,67.68,69.44,,68.1,,,46690,3196599.0,848,F1,1,,,,,,2025-03-27
2025-03-27,2025-03-27,CM,BSE,STK,590065,INE547E01014,IMPAL,B,,,,,INDIA MOTOR PARTS & ACCESSORIE,960.5,1000.0,946.95,1000.0,1000.0,965.0,,1002.4,,,180,179484.0,55,F1,1,,,,,,2025-03-27
2025-03-27,2025-03-27,CM,BSE,STK,590066,INE805C01028,KCP,B,,,,,K.C.P.LTD.,199.7,199.7,195.0,198.0,198.0,196.9,,197.85,,,23358,4624184.0,867,F1,1,,,,,,2025-03-27
2025-03-27,2025-03-27,CM,BSE,STK,590068,INE731C01018,KHAITANLTD,B,,,,,KHAITAN (INDIA) LTD.,86.21,88.25,81.99,82.93,83.61,86.86,,82.8,,,2787,238135.0,310,F1,1,,,,,,2025-03-27
2025-03-27,2025-03-27,CM,BSE,STK,590070,INE874F01027,RADAAN,T,,,,,RADAAN MEDIAWORKS (I) LTD.,3.85,3.85,3.52,3.55,3.52,3.7,,3.55,,,6197,22074.0,51,F1,1,,,,,,2025-03-27
2025-03-27,2025-03-27,CM,BSE,STK,590071,INE660A01013,SUNDARMFIN,B,,,,,SUNDARAM FINANCE LTD.,4775.0,4845.45,4470.85,4516.65,4605.85,4832.75,,4511.15,,,106391,480830231.0,1321,F1,1,,,,,,2025-03-27
2025-03-27,2025-03-27,CM,BSE,STK,590072,INE073D01013,SUNDRMBRAK,B,,,,,SUNDARAM BRAKE LININGS LTD.,763.45,772.35,751.6,765.65,772.35,781.5,,762.05,,,209,158913.0,24,F1,1,,,,,,2025-03-27
2025-03-27,2025-03-27,CM,BSE,STK,590073,INE715A01015,WHEELS,B,,,,,WHEELS INDIA LTD.,576.9,593.0,572.35,578.8,580.0,576.9,,578.85,,,7968,4660910.0,578,F1,1,,,,,,2025-03-27
2025-03-27,2025-03-27,CM,BSE,STK,590075,INE112F01022,LAMBODHARA,B,,,,,LAMBODHARA TEXTILES LTD.,134.2,138.5,125.0,129.25,129.25,133.6,,129.9,,,5685,750288.0,270,F1,1,,,,,,2025-03-27
2025-03-27,2025-03-27,CM,BSE,STK,590078,INE683C01011,MAITHANALL,B,,,,,MAITHAN ALLOYS LTD.,894.9,903.95,876.0,888.8,888.8,901.25,,888.2,,,12534,11193026.0,896,F1,1,,,,,,2025-03-27
2025-03-27,2025-03-27,CM,BSE,STK,590086,INE725E01024,ORISSAMINE,B,,,,,ORISSA MINERALS DEVELOPMENT CO,4911.05,5135.7,4911.0,5075.55,5062.0,5050.95,,5074.7,,,1579,7948021.0,477,F1,1,,,,,,2025-03-27
2025-03-27,2025-03-27,CM,BSE,STK,590095,INF204KB17I5,GOLDBEES,E,,,,,NIPPON INDIA ETF GOLD BEES,73.69,73.89,73.42,73.8,73.8,73.26,,73.8,,,1389216,102367943.0,7894,F1,1,,,,,,2025-03-27
2025-03-27,2025-03-27,CM,BSE,STK,590096,INF732E01037,LIQUIDBEES,F,,,,,NIPPON INDIA ETF LIQUID BEES,1000.0,1000.01,999.99,1000.0,1000.0,1000.0,,999.99,,,276165,276164417.0,1270,F1,1,,,,,,2025-03-27
2025-03-27,2025-03-27,CM,BSE,STK,590097,INF174KA1HJ8,GOLD1,E,,,,,KOTAK MAHINDRA MUTUAL FUND - K,73.87,74.49,73.86,74.14,74.25,73.75,,74.2,,,60892,4515508.0,645,F1,1,,,,,,2025-03-27
2025-03-27,2025-03-27,CM,BSE,STK,590098,INF200KA16D8,SETFGOLD,E,,,,,SBI MUTUAL FUND - SBI GOLD EXC,75.98,76.15,75.71,76.08,76.15,75.53,,76.08,,,102952,7820047.0,786,F1,1,,,,,,2025-03-27
2025-03-27,2025-03-27,CM,BSE,STK,590099,INF082J01408,QGOLDHALF,E,,,,,QUANTUM GOLD FUND - EXCHANGE T,74.0,74.0,73.36,73.71,73.74,73.15,,73.74,,,6513,479262.0,95,F1,1,,,,,,2025-03-27
2025-03-27,2025-03-27,CM,BSE,STK,590101,INF789F1AUX7,GOLDSHARE,E,,,,,UTI MUTUAL FUND - UTI GOLD EXC,74.35,74.9,73.95,74.59,74.59,74.06,,74.51,,,30230,2253230.0,222,F1,1,,,,,,2025-03-27
2025-03-27,2025-03-27,CM,BSE,STK,590103,INF204KB14I2,NIFTYBEES,B,,,,,NIPPON INDIA ETF NIFTY BEES,262.85,264.21,262.01,263.81,263.81,262.85,,263.73,,,120384,31713414.0,1566,F1,1,,,,,,2025-03-27
2025-03-27,2025-03-27,CM,BSE,STK,590104,INF732E01045,JUNIORBEES,B,,,,,NIPPON INDIA ETF JUNIOR BEES,668.03,678.0,664.6,675.57,675.57,668.03,,676.13,,,51783,34758057.0,1097,F1,1,,,,,,2025-03-27
2025-03-27,2025-03-27,CM,BSE,STK,590106,INF204KB15I9,BANKBEES,B,,,,,NIPPON INDIA ETF BANK BEES,524.01,530.2,523.0,528.65,528.65,524.68,,528.68,,,135078,71398595.0,2017,F1,1,,,,,,2025-03-27
2025-03-27,2025-03-27,CM,BSE,STK,590107,INF373I01023,PSUBANK,B,,,,,KOTAK MAHINDRA MUTUAL FUND - K,612.55,626.35,611.66,625.76,626.35,613.03,,625.73,,,489,303006.0,32,F1,1,,,,,,2025-03-27
2025-03-27,2025-03-27,CM,BSE,STK,590108,INF204KB16I7,PSUBNKBEES,B,,,,,NIPPON INDIA ETF PSU BANK BEES,68.25,69.95,68.0,69.92,69.92,68.1,,69.86,,,66779,4642319.0,223,F1,1,,,,,,2025-03-27
2025-03-27,2025-03-27,CM,BSE,STK,590109,INF732E01128,SHARIABEES,B,,,,,NIPPON INDIA ETF SHARIAH BEES,496.58,498.56,493.79,497.99,498.56,495.55,,497.47,,,859,426367.0,50,F1,1,,,,,,2025-03-27
2025-03-27,2025-03-27,CM,BSE,STK,590110,INF082J01028,QNIFTY,B,,,,,Quantum Nifty 50 ETF,2540.0,2558.0,2540.0,2558.0,2558.0,2546.0,,2558.44,,,33,84175.0,15,F1,1,,,,,,2025-03-27
2025-03-27,2025-03-27,CM,BSE,STK,590113,INF204KB19I1,HNGSNGBEES,E,,,,,NIPPON INDIA ETF HANG SENG BEE,406.0,414.95,401.63,405.65,405.65,405.57,,404.96,,,56857,23339861.0,1609,F1,1,,,,,,2025-03-27
2025-03-27,2025-03-27,CM,BSE,STK,590115,INF247L01536,MOM50,B,,,,,MOTILAL OSWAL MUTUAL FUND,242.46,243.88,241.67,242.26,242.26,242.5,,242.62,,,325,78746.0,20,F1,1,,,,,,2025-03-27
2025-03-27,2025-03-27,CM,BSE,STK,590134,INE414A01015,MADRASFERT,B,,,,,Madras Fertilizer Limited,71.3,74.6,71.14,72.78,72.96,72.93,,73.07,,,85697,6244219.0,983,F1,1,,,,,,2025-03-27
2025-03-27,2025-03-27,CM,BSE,STK,590136,INF174K01F59,BANKNIFTY1,B,,,,,Kotak Mahindra Mutual Fund - P,526.82,534.29,526.82,530.59,534.29,527.15,,531.94,,,3248,1724637.0,131,F1,1,,,,,,2025-03-27
2025-03-27,2025-03-27,CM,BSE,STK,590137,INF200KA1580,SETFNIFBK,B,,,,,SBI Mutual Fund-Permitted,519.81,527.27,519.81,524.11,524.97,520.62,,524.83,,,19178,10058004.0,244,F1,1,,,,,,2025-03-27
2025-03-27,2025-03-27,CM,BSE,STK,590138,INF200KA1FS1,SETFNIF50,B,,,,,SBI Mutual Fund-Permitted,248.57,249.91,247.23,249.39,249.29,248.79,,249.33,,,52880,13176160.0,565,F1,1,,,,,,2025-03-27
2025-03-27,2025-03-27,CM,BSE,STK,717504,INE919I04010,MBLNCRPS,F,,,,,MBL-0.1%-19-1-26-NCRPS,108.01,108.01,106.01,107.01,107.01,108.01,,107.04,,,277,29490.0,3,F1,1,,,,,,2025-03-27
2025-03-27,2025-03-27,CM,BSE,STK,750960,INE201F20015,SHRINI-RE,R,,,,,Shri Niwas Leasing and Finance,0.6,0.6,0.54,0.54,0.54,0.6,,0.54,,,35690,19272.0,12,F1,1,,,,,,2025-03-27
2025-03-27,2025-03-27,CM,BSE,STK,750962,INE214D20013,BISIL-RE,R,,,,,Bisil Plast Limited,0.08,0.08,0.08,0.08,0.08,0.08,,0.08,,,788820,63105.0,178,F1,1,,,,,,2025-03-27
2025-03-27,2025-03-27,CM,BSE,STK,800164,IN0020060078,824GS2027,G,,,,,824GOI2027,103.95,103.95,103.95,103.95,103.95,101.8,,104.0,,,1,103.0,1,F1,1,,,,,,2025-03-27
2025-03-27,2025-03-27,CM,BSE,STK,800291,IN0020180462,SGBJAN27,G,,,,,SOVEREIGN GOLD BOND 2019 SERIE,8451.0,8700.0,8451.0,8700.0,8700.0,8823.12,,8630.01,,,20,170365.0,3,F1,1,,,,,,2025-03-27
2025-03-27,2025-03-27,CM,BSE,STK,800296,IN0020190081,SGBJUL27,G,,,,,SOVEREIGN GOLD BOND 2019-20 SE,8502.1,8714.66,8502.1,8714.66,8714.66,8660.0,,8626.01,,,2,17216.0,2,F1,1,,,,,,2025-03-27
2025-03-27,2025-03-27,CM,BSE,STK,800297,IN0020190107,SGBAUG27,G,,,,,SOVEREIGN GOLD BOND 2019-20 SE,8643.0,8643.0,8602.07,8613.76,8602.07,8675.0,,8621.24,,,7,60296.0,2,F1,1,,,,,,2025-03-27
2025-03-27,2025-03-27,CM,BSE,STK,800299,IN0020190032,772GS2049,G,,,,,772GOI2049,106.8,108.0,106.8,108.0,108.0,106.8,,108.0,,,2,214.0,2,F1,1,,,,,,2025-03-27
2025-03-27,2025-03-27,CM,BSE,STK,800312,IN0020190461,SGBDC27VII,G,,,,,Sovereign Gold Bonds 2019-20 S,8700.0,8700.0,8700.0,8700.0,8700.0,8750.0,,8700.0,,,19,165300.0,1,F1,1,,,,,,2025-03-27
2025-03-27,2025-03-27,CM,BSE,STK,800318,IN0020200062,SGBAPR28I,G,,,,,Sovereign Gold Bonds 2020-21 S,8789.0,8789.0,8789.0,8789.0,8789.0,8790.0,,8703.44,,,1,8789.0,1,F1,1,,,,,,2025-03-27
2025-03-27,2025-03-27,CM,BSE,STK,800324,IN0020200146,SGBJUL28IV,G,,,,,Sovereign Gold Bond 2020-21 IV,8600.0,8680.0,8600.0,8680.0,8680.0,8840.0,,8660.18,,,535,4616950.0,29,F1,1,,,,,,2025-03-27
2025-03-27,2025-03-27,CM,BSE,STK,800325,IN0020200161,SGBAUG28V,G,,,,,Sovereign Gold Bonds 2020-21 V,8699.99,8699.99,8699.99,8699.99,8699.99,8640.38,,8721.84,,,5,43499.0,1,F1,1,,,,,,2025-03-27
2025-03-27,2025-03-27,CM,BSE,STK,800326,IN0020200187,68GS2060,G,,,,,68GOI2060,100.0,100.0,100.0,100.0,100.0,98.45,,99.2,,,1,100.0,1,F1,1,,,,,,2025-03-27
2025-03-27,2025-03-27,CM,BSE,STK,800328,IN0020200203,SGBOC28VII,G,,,,,Sovereign Gold Bonds 2020-21 S,8680.0,8680.0,8680.0,8680.0,8680.0,8760.0,,8685.01,,,1,8680.0,1,F1,1,,,,,,2025-03-27
2025-03-27,2025-03-27,CM,BSE,STK,800329,IN0020200286,SGBN28VIII,G,,,,,Sovereign Gold Bonds 2020-21 S,8631.0,8680.0,8631.0,8680.0,8680.0,8699.0,,8643.13,,,5,43204.0,2,F1,1,,,,,,2025-03-27
2025-03-27,2025-03-27,CM,BSE,STK,800330,IN0020200252,667GS2050,G,,,,,667GOI2050,98.68,98.68,98.68,98.68,98.68,97.3,,97.89,,,1,98.0,1,F1,1,,,,,,2025-03-27
2025-03-27,2025-03-27,CM,BSE,STK,800331,IN0020200377,SGBJAN29IX,G,,,,,SGB 2020-21 Series IX,8611.0,8611.0,8610.0,8610.0,8610.0,8600.0,,8634.8,,,6,51665.0,2,F1,1,,,,,,2025-03-27
2025-03-27,2025-03-27,CM,BSE,STK,800332,IN0020200385,SGBJAN29X,G,,,,,Sovereign Gold Bonds 2021-21 S,8660.0,8660.0,8660.0,8660.0,8660.0,8670.0,,8660.0,,,5,43300.0,1,F1,1,,,,,,2025-03-27
2025-03-27,2025-03-27,CM,BSE,STK,800333,IN0020200393,SGBFEB29XI,G,,,,,SGB 2020-21 SERIES XI,8700.0,8700.0,8680.0,8680.0,8680.0,8700.0,,8671.43,,,19,164960.0,4,F1,1,,,,,,2025-03-27
2025-03-27,2025-03-27,CM,BSE,STK,800334,IN0020200401,676GS2061,G,,,,,676GOI2061,98.05,102.0,98.05,102.0,102.0,98.05,,99.4,,,102,10009.0,2,F1,1,,,,,,2025-03-27
2025-03-27,2025-03-27,CM,BSE,STK,800339,IN0020200427,SGBMR29XII,G,,,,,SGB 2020-21 Series XII,8580.0,8660.0,8580.0,8604.0,8604.0,8655.0,,8612.74,,,101,871484.0,20,F1,1,,,,,,2025-03-27
2025-03-27,2025-03-27,CM,BSE,STK,800340,IN0020210053,SGBMAY29I,G,,,,,SGB 2021-22 Series I,8630.0,8631.0,8629.0,8630.0,8630.0,8625.0,,8632.2,,,26,224373.0,6,F1,1,,,,,,2025-03-27
2025-03-27,2025-03-27,CM,BSE,STK,800367,IN0020210111,SGBJUL29IV,G,,,,,Sovereign Gold Bond Series IV,8660.0,8660.0,8650.0,8650.0,8650.0,8675.0,,8617.29,,,18,155740.0,4,F1,1,,,,,,2025-03-27
2025-03-27,2025-03-27,CM,BSE,STK,800386,IN0020210145,SGBSEP29VI,G,,,,,Sovereign Gold Bonds 2021-22 S,8620.0,8620.0,8331.0,8331.0,8331.0,8621.11,,8616.58,,,51,425170.0,2,F1,1,,,,,,2025-03-27
2025-03-27,2025-03-27,CM,BSE,STK,800434,IN0020210178,SGBNV29VII,G,,,,,Sovereign Gold Bonds 2021-22 S,8628.0,8628.0,8623.0,8623.0,8623.0,8628.15,,8654.08,,,32,276036.0,6,F1,1,,,,,,2025-03-27
2025-03-27,2025-03-27,CM,BSE,STK,800437,IN0020210228,SGBD29VIII,G,,,,,Sovereign Gold Bonds 2021-22 S,8606.1,8670.0,8606.1,8669.0,8669.0,8650.0,,8662.99,,,16,138076.0,4,F1,1,,,,,,2025-03-27
2025-03-27,2025-03-27,CM,BSE,STK,800441,IN0020220029,754GS2036,G,,,,,754GOI2036,108.5,109.1,108.5,108.8,108.9,108.5,,108.9,,,57604,6263964.0,18,F1,1,,,,,,2025-03-27
2025-03-27,2025-03-27,CM,BSE,STK,800442,IN0020220037,738GS2027,G,,,,,738GOI2027,103.7,103.75,103.7,103.75,103.75,103.75,,103.65,,,11286,1170553.0,8,F1,1,,,,,,2025-03-27
2025-03-27,2025-03-27,CM,BSE,STK,800444,IN0020220011,710GS2029,G,,,,,71GOI2029,105.2,105.2,105.2,105.2,105.2,105.5,,104.95,,,1,105.0,1,F1,1,,,,,,2025-03-27
2025-03-27,2025-03-27,CM,BSE,STK,800446,IN001230C076,GS16DEC2030,G,,,,,GS16DEC2030C,73.0,73.0,73.0,73.0,73.0,66.5,,73.0,,,1,73.0,1,F1,1,,,,,,2025-03-27
2025-03-27,2025-03-27,CM,BSE,STK,800488,IN0020220078,SGBAUG30,G,,,,,Sovereign Gold Bonds 2022-23 S,8670.0,8739.99,8575.0,8622.9,8575.0,8627.12,,8635.54,,,88,759237.0,22,F1,1,,,,,,2025-03-27
2025-03-27,2025-03-27,CM,BSE,STK,800517,IN000958C024,GS19SEP2058,G,,,,,GS19SEP2058,41.35,41.35,41.35,41.35,41.35,41.35,,41.35,,,2,82.0,1,F1,1,,,,,,2025-03-27
2025-03-27,2025-03-27,CM,BSE,STK,800573,IN0020220110,SGBDE30III,G,,,,,Soverign Gold Bond 2022-23 Sr,8725.0,8725.01,8725.0,8725.0,8725.0,8690.0,,8749.68,,,13,113425.0,4,F1,1,,,,,,2025-03-27
2025-03-27,2025-03-27,CM,BSE,STK,800575,IN0020220169,SGBMAR31IV,G,,,,,Sovereign Gold Bond 2022-23 Sr,8681.01,8726.0,8681.01,8706.0,8706.0,8694.09,,8725.47,,,15,130815.0,5,F1,1,,,,,,2025-03-27
2025-03-27,2025-03-27,CM,BSE,STK,800580,IN0020230069,SGBJUN31I,G,,,,,Sovereign Gold Bonds 2023-24 S,8785.0,8820.0,8785.0,8795.3,8795.0,8759.17,,8789.19,,,87,764850.0,12,F1,1,,,,,,2025-03-27
2025-03-27,2025-03-27,CM,BSE,STK,800596,IN0020230093,SGBSEP31II,G,,,,,Sovereign Gold Bonds 2023-24 S,8730.0,8789.89,8701.0,8780.0,8780.0,8730.0,,8777.41,,,536,4705098.0,29,F1,1,,,,,,2025-03-27
2025-03-27,2025-03-27,CM,BSE,STK,800603,IN0020230168,SGBDE31III,G,,,,,Sovereign Gold Bonds 2023-24 S,8815.0,8870.0,8800.01,8834.58,8822.0,8825.0,,8840.37,,,471,4161459.0,87,F1,1,,,,,,2025-03-27
2025-03-27,2025-03-27,CM,BSE,STK,800604,IN0020230119,733GS2026,G,,,,,733GS26J24,103.25,103.25,103.25,103.25,103.25,103.25,,103.25,,,100,10325.0,1,F1,1,,,,,,2025-03-27
2025-03-27,2025-03-27,CM,BSE,STK,800605,IN0020230184,SGBFEB32IV,G,,,,,Sovereign Gold Bonds 2023-24 S,8925.0,9090.0,8925.0,8999.68,9000.0,8925.0,,9005.24,,,775,6955085.0,85,F1,1,,,,,,2025-03-27
2025-03-27,2025-03-27,CM,BSE,STK,800608,IN0020240019,71GS2034,G,,,,,71GOI2034,105.0,105.0,105.0,105.0,105.0,104.8,,105.0,,,200,21000.0,1,F1,1,,,,,,2025-03-27
2025-03-27,2025-03-27,CM,BSE,STK,800618,IN0020240118,709GOI54,G,,,,,709GOI54,101.5,102.9,101.5,102.0,102.9,101.5,,102.0,,,10121,1029294.0,13,F1,1,,,,,,2025-03-27
2025-03-27,2025-03-27,CM,BSE,STK,800655,IN0020240027,723GS2039,G,,,,,723GS2039,106.0,106.0,106.0,106.0,106.0,106.0,,106.0,,,100,10600.0,1,F1,1,,,,,,2025-03-27
2025-03-27,2025-03-27,CM,BSE,STK,804978,IN002024Y282,182TB240425,G,,,,,182TB240425,99.27,99.27,99.0,99.0,99.0,98.13,,99.0,,,200,19800.0,3,F1,1,,,,,,2025-03-27
2025-03-27,2025-03-27,CM,BSE,STK,804999,IN002024Y357,182TB12625,G,,,,,182TB12625,98.23,98.23,97.0,97.0,97.0,97.0,,97.0,,,100,9703.0,4,F1,1,,,,,,2025-03-27
2025-03-27,2025-03-27,CM,BSE,STK,805013,IN002024X417,91TB170425,G,,,,,91TB170425,99.5,99.5,99.5,99.5,99.5,99.5,,99.5,,,100,9950.0,1,F1,1,,,,,,2025-03-27
2025-03-27,2025-03-27,CM,BSE,STK,805016,IN002024X425,91TB240425,G,,,,,91TB240425,99.09,99.09,99.09,99.09,99.09,99.03,,99.09,,,100,9909.0,1,F1,1,,,,,,2025-03-27
2025-03-27,2025-03-27,CM,BSE,STK,805022,IN002024X441,91TB080525,G,,,,,91TB080525,99.0,99.1,99.0,99.1,99.1,99.0,,99.1,,,1288,127531.0,6,F1,1,,,,,,2025-03-27
2025-03-27,2025-03-27,CM,BSE,STK,805023,IN002024Y431,182TB70825,G,,,,,182TB70825,97.0,97.0,97.0,97.0,97.0,97.33,,97.0,,,100,9700.0,1,F1,1,,,,,,2025-03-27
2025-03-27,2025-03-27,CM,BSE,STK,805031,IN002024X474,91TB300525,G,,,,,91TB300525,98.23,98.87,98.23,98.87,98.87,98.23,,98.87,,,1503,147641.0,3,F1,1,,,,,,2025-03-27
2025-03-27,2025-03-27,CM,BSE,STK,805034,IN002024X482,91TB050625,G,,,,,91TB050625,98.11,98.11,98.11,98.11,98.11,98.11,,98.56,,,391,38361.0,5,F1,1,,,,,,2025-03-27
2025-03-27,2025-03-27,CM,BSE,STK,805035,IN002024Y472,182TB40925,G,,,,,182TB40925,95.1,95.1,95.1,95.1,95.1,97.0,,95.1,,,100,9510.0,1,F1,1,,,,,,2025-03-27
2025-03-27,2025-03-27,CM,BSE,STK,805037,IN002024X490,91TB120625,G,,,,,91TB120625,98.42,98.42,98.35,98.42,98.42,97.95,,98.42,,,585,57568.0,4,F1,1,,,,,,2025-03-27
2025-03-27,2025-03-27,CM,BSE,STK,805041,IN002024Y498,182TB18925,G,,,,,182TB18925,96.0,96.0,96.0,96.0,96.0,97.0,,96.0,,,85,8160.0,1,F1,1,,,,,,2025-03-27
2025-03-27,2025-03-27,CM,BSE,STK,810970,IN3120230310,765TN30,G,,,,,765TNSDL30,90.1,90.1,90.1,90.1,90.1,100.0,,90.1,,,100,9010.0,4,F1,1,,,,,,2025-03-27
2025-03-27,2025-03-27,CM,BSE,STK,810997,IN1920230332,737KA38A,G,,,,,737KARSDL38,92.65,92.65,92.65,92.65,92.65,102.8,,92.65,,,5,463.0,1,F1,1,,,,,,2025-03-27
2025-03-27,2025-03-27,CM,BSE,STK,890157,IN9397D01014,AIRTELPP,A,,,,,Bharti Airtel  Ltd.,1306.1,1306.1,1272.2,1277.4,1283.0,1284.8,,1283.9,,,311,398855.0,67,F1,1,,,,,,2025-03-27
2025-03-27,2025-03-27,CM,BSE,STK,890197,IN9564C01011,YARNPP,X,,,,,Yarn Syndicate Ltd.,5.98,5.98,5.69,5.69,5.69,5.98,,5.69,,,5506,31463.0,24,F1,1,,,,,,2025-03-27
2025-03-27,2025-03-27,CM,BSE,STK,890202,IN9624Z01014,SOLARAPP,B,,,,,SOLARA ACTIVE PHARMA SCIENCES,270.0,275.95,269.5,269.5,269.5,283.65,,255.5,,,151,40754.0,29,F1,1,,,,,,2025-03-27
2025-03-27,2025-03-27,CM,BSE,STK,890204,IN9236Y01028,NGILPP,B,,,,,NAKODA GROUP OF INDUSTRIES LIM,15.14,19.0,15.08,17.82,17.82,18.4,,17.96,,,6549,104200.0,75,F1,1,,,,,,2025-03-27
2025-03-27,2025-03-27,CM,BSE,STK,890209,IN9628A01026,UPLPP,A,,,,,UPL Limited,440.6,455.0,437.65,451.55,448.1,444.3,,448.75,,,6289,2808809.0,351,F1,1,,,,,,2025-03-27
2025-03-27,2025-03-27,CM,BSE,STK,890211,IN9526B01012,CALSOFTPP,T,,,,,California Software Co. Ltd.,3.89,3.89,3.89,3.89,3.89,3.9,,3.68,,,21,81.0,1,F1,1,,,,,,2025-03-27
2025-03-27,2025-03-27,CM,BSE,STK,890212,IN9959B01015,GTTDATAPP,X,,,,,GTT DATA SOLUTIONS LIMITED,73.54,73.54,66.83,67.06,67.06,70.04,,67.06,,,5954,402130.0,42,F1,1,,,,,,2025-03-27
2025-03-27,2025-03-27,CM,BSE,STK,935548,INE020B07JU4,743REC35,F,,,,,REC-7.43%-5-11-35-S-3B-NCD,1180.0,1180.0,1180.0,1180.0,1180.0,1150.0,,1198.0,,,5,5900.0,1,F1,1,,,,,,2025-03-27
2025-03-27,2025-03-27,CM,BSE,STK,935576,INE053F07843,750IRFC35,F,,,,,IRFC-7.50%-21-12-35-TAXFREENCD,1159.1,1159.1,1159.1,1159.1,1159.1,1180.0,,1159.1,,,319,369752.0,1,F1,1,,,,,,2025-03-27
2025-03-27,2025-03-27,CM,BSE,STK,935584,INE906B07EJ8,76NHAI31,F,,,,,NHAI-7.6%-11-1-31-TAXFREENCD,1085.0,1092.0,1085.0,1092.0,1092.0,1090.0,,1091.28,,,529,576743.0,14,F1,1,,,,,,2025-03-27
2025-03-27,2025-03-27,CM,BSE,STK,935616,INE202E07211,753IREDA26,F,,,,,IREDA-7.53%-21-1-26-TAXFEEENCD,1025.0,1025.0,1025.0,1025.0,1025.0,1025.0,,1025.0,,,503,515575.0,3,F1,1,,,,,,2025-03-27
2025-03-27,2025-03-27,CM,BSE,STK,935640,INE031A07AN7,727HUDCO26,F,,,,,HUDCO-7.27%-8-2-26-TAXFREENCD,1018.45,1018.45,1018.45,1018.45,1018.45,1018.3,,1018.45,,,5,5092.0,1,F1,1,,,,,,2025-03-27
2025-03-27,2025-03-27,CM,BSE,STK,935642,INE031A07AO5,764HUDCO31,F,,,,,HUDCO-7.64%-8-2-31-TAXFREENCD,1103.98,1103.98,1103.98,1103.98,1103.98,1103.99,,1103.94,,,10,11039.0,1,F1,1,,,,,,2025-03-27
2025-03-27,2025-03-27,CM,BSE,STK,935666,INE906B07EP5,769NHAI31,F,,,,,NHAI-7.69%-9-3-31-TAXFREENCD,1132.0,1132.0,1132.0,1132.0,1132.0,1132.0,,1132.0,,,23,26036.0,2,F1,1,,,,,,2025-03-27
2025-03-27,2025-03-27,CM,BSE,STK,935672,INE031A07AS6,729HUDCO26,F,,,,,HUDCO-7.29%-15-3-26-TAXFREENCD,1015.0,1015.0,1015.0,1015.0,1015.0,1023.0,,1015.0,,,270,274050.0,3,F1,1,,,,,,2025-03-27
2025-03-27,2025-03-27,CM,BSE,STK,935674,INE031A07AT4,769HUDCO31,F,,,,,HUDCO-7.69%-15-3-31-TAXFREENCD,1108.2,1108.2,1108.2,1108.2,1108.2,1110.0,,1107.75,,,157,173987.0,2,F1,1,,,,,,2025-03-27
2025-03-27,2025-03-27,CM,BSE,STK,935688,INE261F07024,729NABAR26,F,,,,,NABARD-7.29%-23-3-26-NCDS,1010.0,1010.0,1009.0,1009.66,1009.0,1008.0,,1009.66,,,563,568530.0,10,F1,1,,,,,,2025-03-27
2025-03-27,2025-03-27,CM,BSE,STK,935690,INE261F07032,764NABAR31,F,,,,,NABARD-7.64%-23-3-31-NCDS,1093.4,1095.0,1093.4,1094.86,1095.0,1093.31,,1094.07,,,219,239774.0,2,F1,1,,,,,,2025-03-27
2025-03-27,2025-03-27,CM,BSE,STK,935752,INE774D08MA6,9MMFSL26,F,,,,,MMFSL-9%-6-6-26-NCD,1075.55,1077.0,1073.5,1074.0,1074.0,1075.76,,1074.88,,,270,290554.0,8,F1,1,,,,,,2025-03-27
2025-03-27,2025-03-27,CM,BSE,STK,935788,INE530L07228,10NIDO26,F,,,,,NIDO-10%-19-7-26-NCD,1044.0,1044.45,1044.0,1044.45,1044.45,1032.21,,1047.23,,,75,78311.0,2,F1,1,,,,,,2025-03-27
2025-03-27,2025-03-27,CM,BSE,STK,935868,INE148I08256,915SCL26,F,,,,,SCL-9.15%-26-9-26-NCDS,1000.0,1000.0,995.1,995.1,995.1,1000.0,,995.1,,,526,523471.0,3,F1,1,,,,,,2025-03-27
2025-03-27,2025-03-27,CM,BSE,STK,936044,INE774D08MK5,800MMFSL27,F,,,,,MMFSL-8.00%-24-07-27-NCD,981.01,981.01,981.01,981.01,981.01,1002.0,,981.01,,,400,392404.0,17,F1,1,,,,,,2025-03-27
2025-03-27,2025-03-27,CM,BSE,STK,936048,INE774D08MM1,805MMFSL32,F,,,,,MMFSL-8.05%-24-07-32-NCD,995.5,995.5,992.0,992.0,992.0,995.46,,992.0,,,32,31822.0,5,F1,1,,,,,,2025-03-27
2025-03-27,2025-03-27,CM,BSE,STK,936130,INE528S07110,888ERFL28,F,,,,,ERFL-8.88%-22-3-28-NCD,944.5,944.5,941.0,942.62,944.5,944.8,,942.62,,,167,157389.0,34,F1,1,,,,,,2025-03-27
2025-03-27,2025-03-27,CM,BSE,STK,936252,INE804I078Y8,943ECL28,F,,,,,EFL-9.43%-6-8-28-NCD,948.5,948.5,948.5,948.5,948.5,947.0,,951.0,,,50,47425.0,2,F1,1,,,,,,2025-03-27
2025-03-27,2025-03-27,CM,BSE,STK,936254,INE804I079Y6,985ECL28,F,,,,,EFL-9.85%-6-8-28-NCD,992.0,992.0,985.0,986.99,986.0,993.0,,986.02,,,2694,2659413.0,32,F1,1,,,,,,2025-03-27
2025-03-27,2025-03-27,CM,BSE,STK,936278,INE244L07168,96SFIL24A,F,,,,,SFIL-8.84%-25-9-28-NCD,998.99,998.99,997.0,997.0,997.0,998.0,,997.0,,,41,40878.0,2,F1,1,,,,,,2025-03-27
2025-03-27,2025-03-27,CM,BSE,STK,936282,INE244L07184,92SFIL28,F,,,,,SFIL-9.20%-25-9-28-NCD,963.0,963.0,963.0,963.0,963.0,973.25,,962.5,,,1,963.0,1,F1,1,,,,,,2025-03-27
2025-03-27,2025-03-27,CM,BSE,STK,936294,INE306N08292,910TCAP28,F,,,,,TCAP-9.10%-27-9-28-NCD,1080.0,1080.0,1073.25,1073.25,1073.25,1070.5,,1075.66,,,26,28073.0,2,F1,1,,,,,,2025-03-27
2025-03-27,2025-03-27,CM,BSE,STK,936374,INE522D07AP4,MFL25,F,,,,,MFL-29-11-25-NCD,1872.0,1874.0,1870.0,1872.22,1874.0,1863.0,,1872.22,,,169,316332.0,6,F1,1,,,,,,2025-03-27
2025-03-27,2025-03-27,CM,BSE,STK,936384,INE651J07689,1025JFCS28,F,,,,,JMFCSL-10.25%-13-12-28-NCD,1020.01,1020.1,1020.01,1020.1,1020.1,1025.01,,1020.1,,,210,214214.0,8,F1,1,,,,,,2025-03-27
2025-03-27,2025-03-27,CM,BSE,STK,936398,INE804IA7014,1015ECL29,F,,,,,EFL-10.15%-4-1-29-NCD,996.0,996.0,993.0,993.0,993.0,993.0,,993.0,,,189,187796.0,6,F1,1,,,,,,2025-03-27
2025-03-27,2025-03-27,CM,BSE,STK,936412,INE774D07SW9,93MMFSL27,F,,,,,MMFSL-9.3%-18-1-27-NCD,1016.61,1016.61,1015.6,1016.28,1015.6,1020.0,,1016.28,,,40,40651.0,5,F1,1,,,,,,2025-03-27
2025-03-27,2025-03-27,CM,BSE,STK,936416,INE774D08MP4,95MMFSL29,F,,,,,MMFSL-9.5%-18-1-29-NCD,1036.51,1036.55,1035.18,1036.01,1036.0,1038.76,,1036.01,,,275,284843.0,17,F1,1,,,,,,2025-03-27
2025-03-27,2025-03-27,CM,BSE,STK,936460,INE721A07OQ7,97SFL29,F,,,,,SFL-9.7%-6-2-29-NCD,1038.0,1038.0,1038.0,1038.0,1038.0,1047.12,,1038.0,,,20,20760.0,1,F1,1,,,,,,2025-03-27
2025-03-27,2025-03-27,CM,BSE,STK,936492,INE522D07BA4,MFLZC26,F,,,,,MFL-ZC-5-5-26-NCD,1775.0,1775.0,1775.0,1775.0,1775.0,1817.95,,1775.0,,,60,106500.0,2,F1,1,,,,,,2025-03-27
2025-03-27,2025-03-27,CM,BSE,STK,936528,INE027E07972,935LTF29,F,,,,,LTF-9.35%-13-3-29-NCD,1050.0,1050.0,1050.0,1050.0,1050.0,1045.3,,1051.5,,,50,52500.0,2,F1,1,,,,,,2025-03-27
2025-03-27,2025-03-27,CM,BSE,STK,936532,INE027E07998,898LTF29,F,,,,,LTF-8.98%-13-3-29-NCD,1049.0,1050.0,1045.0,1050.0,1050.0,1050.0,,1046.82,,,90,94230.0,9,F1,1,,,,,,2025-03-27
2025-03-27,2025-03-27,CM,BSE,STK,936578,INE027E07AN7,87LTF27,F,,,,,LTF-8.7%-15-4-27-NCD,1015.0,1015.0,1015.0,1015.0,1015.0,1039.0,,1015.03,,,187,189805.0,3,F1,1,,,,,,2025-03-27
2025-03-27,2025-03-27,CM,BSE,STK,936722,INE804IA7139,995ECL29A,F,,,,,EFL-9.95%-23-5-29-NCD,967.0,967.0,961.0,967.0,967.0,968.0,,967.0,,,141,136261.0,28,F1,1,,,,,,2025-03-27
2025-03-27,2025-03-27,CM,BSE,STK,936744,INE414G07DQ9,MFLZC26A,F,,,,,MFL-ZC-14-12-26-NCD,1674.0,1674.0,1674.0,1674.0,1674.0,1670.0,,1674.0,,,15,25110.0,1,F1,1,,,,,,2025-03-27
2025-03-27,2025-03-27,CM,BSE,STK,936798,INE721A07PH3,SFLZC26A,F,,,,,SFL-ZC-22-8-26-NCD,1650.0,1650.0,1650.0,1650.0,1650.0,1691.0,,1650.0,,,30,49500.0,1,F1,1,,,,,,2025-03-27
2025-03-27,2025-03-27,CM,BSE,STK,936814,INE306N08342,885TCAPS29,F,,,,,TCAP-8.85%-26-8-29-NCD,1076.05,1076.05,1076.05,1076.05,1076.05,1174.0,,1076.05,,,100,107605.0,1,F1,1,,,,,,2025-03-27
2025-03-27,2025-03-27,CM,BSE,STK,936824,INE866I08303,985IIFL22,F,,,,,IFL-9.85%-6-12-22-NCD,980.0,980.0,980.0,980.0,980.0,992.0,,990.25,,,130,127400.0,6,F1,1,,,,,,2025-03-27
2025-03-27,2025-03-27,CM,BSE,STK,936959,INE360T07082,MHFLZC26,F,,,,,MHFL-ZC-7-9-26-NCD,1725.0,1729.0,1725.0,1729.0,1729.0,1720.0,,1729.0,,,130,224570.0,4,F1,1,,,,,,2025-03-27
2025-03-27,2025-03-27,CM,BSE,STK,936975,INE804IA7246,995ECL29,F,,,,,ECL-9.95%-28-11-29-NCD,944.0,950.0,944.0,946.25,950.0,943.26,,946.25,,,80,75700.0,2,F1,1,,,,,,2025-03-27
2025-03-27,2025-03-27,CM,BSE,STK,936977,INE804IA7253,104ECL29,F,,,,,ECL-10.4%-28-11-29-NCD,963.0,963.0,963.0,963.0,963.0,964.04,,963.0,,,10,9630.0,1,F1,1,,,,,,2025-03-27
2025-03-27,2025-03-27,CM,BSE,STK,937017,INE027E07BC8,865LTF26,F,,,,,LTF-8.65%-23-12-26-NCD,1031.0,1031.0,1026.0,1026.0,1026.0,1034.0,,1026.0,,,300,308350.0,5,F1,1,,,,,,2025-03-27
2025-03-27,2025-03-27,CM,BSE,STK,937059,INE033L08270,TCHF30,F,,,,,TCH-SERIESVI-14-1-30-NCD,1050.0,1050.0,1050.0,1050.0,1050.0,1030.01,,1049.87,,,10,10500.0,1,F1,1,,,,,,2025-03-27
2025-03-27,2025-03-27,CM,BSE,STK,937071,INE721A07PN1,91SFL27,F,,,,,SFL-9.10%-28-1-27-NCD,1160.25,1160.25,1160.25,1160.25,1160.25,967.0,,1160.25,,,2,2320.0,1,F1,1,,,,,,2025-03-27
2025-03-27,2025-03-27,CM,BSE,STK,937091,INE918K07FU8,98NWFL30,F,,,,,NWFL-9.80%-5-2-30-NCD,965.0,966.0,965.0,966.0,966.0,998.0,,966.0,,,35,33784.0,2,F1,1,,,,,,2025-03-27
2025-03-27,2025-03-27,CM,BSE,STK,937093,INE918K07FV6,1025NWFL30,F,,,,,NWFL-10.25%-5-2-30-NCD,1000.0,1000.0,1000.0,1000.0,1000.0,970.0,,1000.0,,,200,200000.0,1,F1,1,,,,,,2025-03-27
2025-03-27,2025-03-27,CM,BSE,STK,937355,INE414G07FM3,MFLIV26,F,,,,,MFL-IV-11-1-26-NCD,995.0,995.0,995.0,995.0,995.0,997.0,,995.0,,,44,43780.0,1,F1,1,,,,,,2025-03-27
2025-03-27,2025-03-27,CM,BSE,STK,937359,INE414G07FO9,MFLVI26,F,,,,,MFL-VI-11-1-26-NCD,1325.0,1325.0,1325.0,1325.0,1325.0,1321.22,,1325.0,,,2,2650.0,1,F1,1,,,,,,2025-03-27
2025-03-27,2025-03-27,CM,BSE,STK,937373,INE134E07AN1,7PFCL31,F,,,,,PFCL-7%-22-1-31-NCD,983.0,983.0,983.0,983.0,983.0,950.01,,983.0,,,193,189719.0,2,F1,1,,,,,,2025-03-27
2025-03-27,2025-03-27,CM,BSE,STK,937385,INE134E07AT8,715PFCL36,F,,,,,PFCL-7.15%-22-1-36-NCD,996.5,996.5,996.5,996.5,996.5,996.5,,996.5,,,14,13951.0,1,F1,1,,,,,,2025-03-27
2025-03-27,2025-03-27,CM,BSE,STK,937407,INE549K07949,875MFL26,F,,,,,MFL-8.75%-29-1-26-NCD,995.0,995.0,990.0,990.0,990.0,980.0,,990.0,,,100,99200.0,2,F1,1,,,,,,2025-03-27
2025-03-27,2025-03-27,CM,BSE,STK,937409,INE549K08178,9MFL27,F,,,,,MFL-9%-29-1-27-NCD,966.0,966.0,966.0,966.0,966.0,975.0,,966.0,,,50,48300.0,1,F1,1,,,,,,2025-03-27
2025-03-27,2025-03-27,CM,BSE,STK,937431,INE101Q08118,1025MMFL26,F,,,,,MMFL-10.25%-13-3-26-NCD,952.14,1000.82,925.0,1000.82,1000.82,1150.0,,1000.82,,,494,457052.0,3,F1,1,,,,,,2025-03-27
2025-03-27,2025-03-27,CM,BSE,STK,937453,INE530B08094,10IIFL28A,F,,,,,IFL-10%-24-6-28-NCD,958.0,958.0,955.0,955.01,955.01,953.9,,955.01,,,1100,1050941.0,9,F1,1,,,,,,2025-03-27
2025-03-27,2025-03-27,CM,BSE,STK,937461,INE414G07FR2,MFLII26B,F,,,,,MFL-II-20-4-26-NCD,972.75,976.38,972.75,976.38,976.38,972.75,,976.38,,,494,481435.0,2,F1,1,,,,,,2025-03-27
2025-03-27,2025-03-27,CM,BSE,STK,937467,INE414G07FU6,MFLV26E,F,,,,,MFL-V-20-4-26-NCD,1048.0,1048.0,1048.0,1048.0,1048.0,1047.8,,1048.0,,,212,222176.0,1,F1,1,,,,,,2025-03-27
2025-03-27,2025-03-27,CM,BSE,STK,937469,INE414G07FV4,MFLVI31F,F,,,,,MFL-VI-20-4-31-NCD,1005.0,1005.0,1000.0,1000.0,1000.0,1010.0,,1000.0,,,30,30075.0,3,F1,1,,,,,,2025-03-27
2025-03-27,2025-03-27,CM,BSE,STK,937495,INE532F07BX0,916EFSL26,F,,,,,EFSL-9.16%-29-4-26-NCD,968.0,968.0,968.0,968.0,968.0,975.0,,968.0,,,103,99704.0,1,F1,1,,,,,,2025-03-27
2025-03-27,2025-03-27,CM,BSE,STK,937497,INE532F07BY8,955EFSL26,F,,,,,EFSL-9.55%-29-4-26-NCD,1037.35,1037.35,1037.35,1037.35,1037.35,1069.23,,1037.35,,,20,20747.0,1,F1,1,,,,,,2025-03-27
2025-03-27,2025-03-27,CM,BSE,STK,937501,INE532F07CA6,930EFSL31,F,,,,,EFSL-9.30%-29-4-31-NCD,945.0,945.0,900.0,900.0,900.0,945.0,,900.0,,,5,4680.0,2,F1,1,,,,,,2025-03-27
2025-03-27,2025-03-27,CM,BSE,STK,937515,INE101Q08134,1025MMF26A,F,,,,,MMFL-10.25%-2-6-26-NCD,900.0,900.0,900.0,900.0,900.0,865.0,,900.0,,,84,75600.0,1,F1,1,,,,,,2025-03-27
2025-03-27,2025-03-27,CM,BSE,STK,937517,INE101Q08142,MMFLZC28A,F,,,,,MMFL-ZC-2-5-28-NCD,1367.0,1367.0,1367.0,1367.0,1367.0,1365.0,,1367.0,,,20,27340.0,1,F1,1,,,,,,2025-03-27
2025-03-27,2025-03-27,CM,BSE,STK,937537,INE219X07264,82IGT31,F,,,,,IGT-8.2%-6-5-31-INVIT-NCD,1072.21,1072.21,1072.12,1072.13,1072.12,1072.21,,1072.13,,,50,53606.0,2,F1,1,,,,,,2025-03-27
2025-03-27,2025-03-27,CM,BSE,STK,937549,INE549K08236,950MFCL27D,F,,,,,MFCL-9.5%-7-5-27-NCD,980.01,985.0,980.01,985.0,985.0,981.35,,985.0,,,150,147500.0,2,F1,1,,,,,,2025-03-27
2025-03-27,2025-03-27,CM,BSE,STK,937557,INE549K07AO5,MFLZC26D,F,,,,,MFCL-ZC-7-5-26-NCD,1321.2,1349.8,1321.2,1349.8,1349.8,1321.2,,1349.8,,,40,53420.0,2,F1,1,,,,,,2025-03-27
2025-03-27,2025-03-27,CM,BSE,STK,937619,INE477L08147,10IIFL28,F,,,,,IHFL-10%-3-11-28-NCD,1006.8,1007.1,1006.8,1007.1,1007.1,1006.8,,1010.0,,,102,102723.0,3,F1,1,,,,,,2025-03-27
2025-03-27,2025-03-27,CM,BSE,STK,937635,INE532F07CH1,EFSL26,F,,,,,EFSL-10-9-26-NCD,1327.0,1327.0,1327.0,1327.0,1327.0,1327.0,,1327.0,,,35,46445.0,1,F1,1,,,,,,2025-03-27
2025-03-27,2025-03-27,CM,BSE,STK,937637,INE532F07CI9,93EFSL31,F,,,,,EFSL-9.30%-10-9-31-NCD,915.5,919.8,900.0,902.46,914.97,900.0,,902.46,,,3285,2965151.0,34,F1,1,,,,,,2025-03-27
2025-03-27,2025-03-27,CM,BSE,STK,937723,INE530B07179,875IIFL26,F,,,,,IIFL-8.75%-14-10-26-NCD,1000.0,1000.0,998.01,998.01,998.01,1007.34,,995.0,,,310,309601.0,6,F1,1,,,,,,2025-03-27
2025-03-27,2025-03-27,CM,BSE,STK,937799,INE532F07CQ2,915EFSL26A,F,,,,,EFSL-9.15%-28-12-26-NCD,960.0,960.0,957.0,957.0,957.0,961.5,,957.0,,,150,143766.0,4,F1,1,,,,,,2025-03-27
2025-03-27,2025-03-27,CM,BSE,STK,937825,INE477L07AN9,820IIFL27,F,,,,,IHFL-8.20%-3-1-27-NCD,963.8,963.8,963.8,963.8,963.8,960.0,,963.8,,,170,163846.0,2,F1,1,,,,,,2025-03-27
2025-03-27,2025-03-27,CM,BSE,STK,937887,INE549K07BC8,875MFL28,F,,,,,MFL-8.75%-2-2-28-NCD,970.0,970.0,970.0,970.0,970.0,970.0,,970.0,,,25,24250.0,1,F1,1,,,,,,2025-03-27
2025-03-27,2025-03-27,CM,BSE,STK,937931,INE403Q07CK6,KFLZC25D,F,,,,,KFIL-ZC-17-4-25-NCD,1289.8,1289.8,1289.8,1289.8,1289.8,1242.93,,1289.8,,,4,5159.0,1,F1,1,,,,,,2025-03-27
2025-03-27,2025-03-27,CM,BSE,STK,937959,INE148I07LP4,SCLZC25,F,,,,,SCL-ZC-28-4-25-NCD,1215.3,1299.0,1215.0,1299.0,1299.0,1270.0,,1299.0,,,121,151888.0,6,F1,1,,,,,,2025-03-27
2025-03-27,2025-03-27,CM,BSE,STK,937993,INE530L07442,870NIDO25,F,,,,,NIDO-8.70%-29-4-25-NCD,995.0,995.0,993.0,993.0,993.0,993.76,,993.0,,,1100,1092500.0,3,F1,1,,,,,,2025-03-27
2025-03-27,2025-03-27,CM,BSE,STK,937999,INE530L07475,915NIDO27,F,,,,,NIDO-9.15%-29-4-27-NCD,952.8,952.8,952.8,952.8,952.8,940.01,,952.8,,,49,46687.0,1,F1,1,,,,,,2025-03-27
2025-03-27,2025-03-27,CM,BSE,STK,938005,INE530L07509,930NIDO32,F,,,,,NIDO-9.30%-29-4-32-NCD,905.0,905.0,900.0,900.0,900.0,905.0,,900.0,,,500,450115.0,15,F1,1,,,,,,2025-03-27
2025-03-27,2025-03-27,CM,BSE,STK,938009,INE414G07GD0,MFLI25A,F,,,,,MFL-I-5-5-25-NCD,993.2,997.27,993.2,997.27,997.27,993.6,,997.27,,,125,124557.0,3,F1,1,,,,,,2025-03-27
2025-03-27,2025-03-27,CM,BSE,STK,938011,INE414G07GE8,MFLII27B,F,,,,,MFL-II-5-5-27-NCD,948.0,950.2,941.0,949.8,949.8,968.0,,949.8,,,655,618873.0,10,F1,1,,,,,,2025-03-27
2025-03-27,2025-03-27,CM,BSE,STK,938013,INE414G07GF5,MFLIII25C,F,,,,,MFL-III-5-5-25-NCD,1050.2,1050.2,1047.25,1047.25,1047.25,1057.68,,1047.25,,,300,314735.0,2,F1,1,,,,,,2025-03-27
2025-03-27,2025-03-27,CM,BSE,STK,938041,INE614X07431,DLSL25A,F,,,,,DLSL-16-05-25-NCD,1320.55,1320.55,1320.55,1320.55,1320.55,1199.99,,1321.55,,,60,79233.0,8,F1,1,,,,,,2025-03-27
2025-03-27,2025-03-27,CM,BSE,STK,938073,INE414G07GP4,MFLV29,F,,,,,MFL-23-6-29-NCD,1035.0,1035.0,1035.0,1035.0,1035.0,1040.0,,1035.0,,,123,127305.0,1,F1,1,,,,,,2025-03-27
2025-03-27,2025-03-27,CM,BSE,STK,938101,INE523L07694,915NWIL25,F,,,,,NWIL-9.15%-15-7-25-NCD,1050.0,1050.0,1050.0,1050.0,1050.0,1050.0,,1050.0,,,5,5250.0,1,F1,1,,,,,,2025-03-27
2025-03-27,2025-03-27,CM,BSE,STK,938135,INE549K07BN5,835MFL26,F,,,,,MFL-8.35%-6-9-26-NCD,968.8,968.8,968.8,968.8,968.8,968.8,,968.8,,,470,455336.0,2,F1,1,,,,,,2025-03-27
2025-03-27,2025-03-27,CM,BSE,STK,938206,INE532F07CX8,89EFSL25,F,,,,,EFSL-8.9%-20-10-25-NCD,982.2,982.2,982.2,982.2,982.2,987.79,,982.2,,,98,96255.0,1,F1,1,,,,,,2025-03-27
2025-03-27,2025-03-27,CM,BSE,STK,938210,INE532F07CZ3,EFSL25,F,,,,,EFSL-20-10-25-NCD,1201.25,1201.25,1200.0,1200.0,1200.0,1210.0,,1200.0,,,400,480454.0,3,F1,1,,,,,,2025-03-27
2025-03-27,2025-03-27,CM,BSE,STK,938212,INE532F07DB2,935EFSL27,F,,,,,EFSL-9.35%-20-10-27-NCD,955.0,955.0,950.0,950.0,950.0,959.0,,950.0,,,40,38100.0,2,F1,1,,,,,,2025-03-27
2025-03-27,2025-03-27,CM,BSE,STK,938216,INE532F07DA4,EFSL27,F,,,,,EFSL-20-10-27-NCD,1150.0,1158.56,1150.0,1151.92,1153.32,1159.78,,1151.92,,,300,345576.0,4,F1,1,,,,,,2025-03-27
2025-03-27,2025-03-27,CM,BSE,STK,938222,INE0H7R07017,79NHIT35,F,,,,,NHIT-25-10-35-INVIT,311.0,326.0,311.0,313.5,313.5,312.0,,313.0,,,1388,433343.0,6,F1,1,,,,,,2025-03-27
2025-03-27,2025-03-27,CM,BSE,STK,938224,INE0H7R07025,79NHIT40,F,,,,,NHIT-25-10-40-INVIT,312.0,313.5,312.0,313.5,313.5,309.0,,313.5,,,743,231891.0,2,F1,1,,,,,,2025-03-27
2025-03-27,2025-03-27,CM,BSE,STK,938226,INE0H7R07033,79NHIT47,F,,,,,NHIT-7.9%-25-10-47-INVIT,413.57,413.57,413.56,413.56,413.56,412.0,,416.9,,,201,83126.0,12,F1,1,,,,,,2025-03-27
2025-03-27,2025-03-27,CM,BSE,STK,938264,INE414G07GY6,MFLV27,F,,,,,MFL-3-11-27-NCD,990.8,990.8,990.8,990.8,990.8,971.2,,990.8,,,1,990.0,1,F1,1,,,,,,2025-03-27
2025-03-27,2025-03-27,CM,BSE,STK,938268,INE414G07GZ3,MFLTDVII27,F,,,,,MFL-3-11-27-NCD,1139.0,1139.0,1124.05,1124.05,1124.05,1140.0,,1124.05,,,190,214018.0,2,F1,1,,,,,,2025-03-27
2025-03-27,2025-03-27,CM,BSE,STK,938276,INE741K07488,CAGL25A,F,,,,,CAGL-23-11-25-NCD,1227.2,1227.2,1227.2,1227.2,1227.2,1252.3,,1227.2,,,50,61360.0,1,F1,1,,,,,,2025-03-27
2025-03-27,2025-03-27,CM,BSE,STK,938278,INE741K07496,10CAGL27,F,,,,,CAGL-10%-23-11-27-NCD,1001.1,1001.1,1001.1,1001.1,1001.1,1012.1,,1004.76,,,11,11012.0,1,F1,1,,,,,,2025-03-27
2025-03-27,2025-03-27,CM,BSE,STK,938282,INE414G07HB2,735MFL25,F,,,,,MFL-7.35%-23-12-25-NCD,978.2,978.2,978.2,978.2,978.2,981.1,,978.2,,,50,48910.0,1,F1,1,,,,,,2025-03-27
2025-03-27,2025-03-27,CM,BSE,STK,938314,INE148I07NL9,98SCL27,F,,,,,SCL-28-12-25-NCD,1130.2,1197.0,1130.0,1197.0,1197.0,1163.81,,1197.0,,,100,116030.0,5,F1,1,,,,,,2025-03-27
2025-03-27,2025-03-27,CM,BSE,STK,938342,INE403Q07DA5,KFL25B,F,,,,,KFL-15-7-25-NCD,1145.0,1145.0,1145.0,1145.0,1145.0,1127.0,,1145.0,,,200,229000.0,1,F1,1,,,,,,2025-03-27
2025-03-27,2025-03-27,CM,BSE,STK,938360,INE532F07DN7,960EFSL26C,F,,,,,EFSL-9.60%-20-1-26-NCD,996.0,996.0,995.0,995.0,995.0,995.8,,995.0,,,5,4977.0,3,F1,1,,,,,,2025-03-27
2025-03-27,2025-03-27,CM,BSE,STK,938364,INE532F07DK3,967EFSL28D,F,,,,,EFSL-9.67%-20-1-28-NCD,948.99,948.99,944.0,944.0,944.0,950.0,,944.0,,,64,60685.0,3,F1,1,,,,,,2025-03-27
2025-03-27,2025-03-27,CM,BSE,STK,938366,INE532F07DJ5,1010EFS28A,F,,,,,EFSL-10.10%-20-1-28-NCD,940.2,958.8,940.2,958.8,958.8,960.0,,958.8,,,129,121825.0,2,F1,1,,,,,,2025-03-27
2025-03-27,2025-03-27,CM,BSE,STK,938370,INE532F07DH9,10EFSL33B,F,,,,,EFSL-10%-20-1-33-NCD,931.0,935.0,910.0,930.0,930.0,922.95,,930.0,,,874,805620.0,20,F1,1,,,,,,2025-03-27
2025-03-27,2025-03-27,CM,BSE,STK,938380,INE530B07286,IIFLZC26A,F,,,,,IIFL-ZERO COUPON-24-1-26-NCD,1150.2,1179.5,1150.2,1169.8,1169.8,1131.44,,1169.8,,,330,383385.0,7,F1,1,,,,,,2025-03-27
2025-03-27,2025-03-27,CM,BSE,STK,938382,INE530B07310,865IIFL28,F,,,,,IIFL-8.65%-25-1-28-NCD,942.0,942.0,942.0,942.0,942.0,947.0,,939.68,,,25,23550.0,1,F1,1,,,,,,2025-03-27
2025-03-27,2025-03-27,CM,BSE,STK,938440,INE414G07HR8,8MFL26,F,,,,,MFL-8%-10-4-26-NCD,988.0,988.0,985.24,985.61,985.24,988.0,,985.61,,,200,197339.0,9,F1,1,,,,,,2025-03-27
2025-03-27,2025-03-27,CM,BSE,STK,938444,INE414G07HP2,MFL23,F,,,,,MFL-10-4-26-NCD,1135.2,1157.8,1135.2,1157.8,1157.8,1160.0,,1157.8,,,100,114650.0,2,F1,1,,,,,,2025-03-27
2025-03-27,2025-03-27,CM,BSE,STK,938484,INE148I07NW6,965SCL28,F,,,,,SCL-9.65%-23-3-28-NCD,571.53,571.53,571.53,571.53,571.53,566.0,,571.53,,,6,3429.0,1,F1,1,,,,,,2025-03-27
2025-03-27,2025-03-27,CM,BSE,STK,938508,INE244L07556,1003SFIL28,F,,,,,SFIL-10.50%-25-4-28-NCD,840.05,855.08,840.05,851.07,851.07,835.1,,840.54,,,544,461858.0,16,F1,1,,,,,,2025-03-27
2025-03-27,2025-03-27,CM,BSE,STK,938518,INE532F07DP2,920EFSL26,F,,,,,EFSL-9.20%-27-4-26-NCD,975.44,975.44,966.94,967.01,967.0,961.2,,967.01,,,594,575279.0,14,F1,1,,,,,,2025-03-27
2025-03-27,2025-03-27,CM,BSE,STK,938524,INE532F07DT4,967EFSL28,F,,,,,EFSL-9.67%-27-4-28-NCD,940.02,940.02,916.15,935.64,935.98,944.6,,935.64,,,2318,2160683.0,63,F1,1,,,,,,2025-03-27
2025-03-27,2025-03-27,CM,BSE,STK,938530,INE532F07DX6,10EFSL33,F,,,,,EFSL-10%-27-4-33-NCD,948.0,948.0,905.0,919.7,921.0,946.0,,919.7,,,1382,1264067.0,26,F1,1,,,,,,2025-03-27
2025-03-27,2025-03-27,CM,BSE,STK,938552,INE414G07HZ1,785MFL2028,F,,,,,MFL-7.85%-3-6-28-NCD,970.0,970.0,970.0,970.0,970.0,980.0,,970.0,,,175,169750.0,4,F1,1,,,,,,2025-03-27
2025-03-27,2025-03-27,CM,BSE,STK,938554,INE414G07IA2,775MFL2025,F,,,,,MFL-7.75%-3-6-25-NCD,1057.5,1057.5,1057.5,1057.5,1057.5,1057.5,,1057.5,,,100,105750.0,1,F1,1,,,,,,2025-03-27
2025-03-27,2025-03-27,CM,BSE,STK,938564,INE549K07CF9,84MFL25,F,,,,,MFL-8.40%-2-8-25-NCD,993.8,993.8,993.8,993.8,993.8,983.8,,993.8,,,4,3975.0,1,F1,1,,,,,,2025-03-27
2025-03-27,2025-03-27,CM,BSE,STK,938566,INE549K07CE2,865MFL26A,F,,,,,MFL-8.65%-2-11-26-NCD,971.8,971.8,971.8,971.8,971.8,956.8,,971.8,,,100,97180.0,2,F1,1,,,,,,2025-03-27
2025-03-27,2025-03-27,CM,BSE,STK,938618,INE0BUS07940,1150IML28,F,,,,,IML-11.50%-23-7-28-NCD,1000.0,1000.0,1000.0,1000.0,1000.0,1000.0,,1000.0,,,182,182000.0,5,F1,1,,,,,,2025-03-27
2025-03-27,2025-03-27,CM,BSE,STK,938628,INE530B07344,85IFL26,F,,,,,IFL-8.5%-28-6-26-NCD,1049.0,1049.0,1049.0,1049.0,1049.0,1032.5,,1049.0,,,30,31470.0,2,F1,1,,,,,,2025-03-27
2025-03-27,2025-03-27,CM,BSE,STK,938644,INE342T07387,1050NFL26,F,,,,,NFL-10.50%-18-7-26-NCD,1009.0,1009.0,1009.0,1009.0,1009.0,998.0,,1009.0,,,1,1009.0,1,F1,1,,,,,,2025-03-27
2025-03-27,2025-03-27,CM,BSE,STK,938652,INE532F07EC8,92EFSL26,F,,,,,EFSL-9.20%-21-7-26-NCD,970.0,970.0,970.0,970.0,970.0,955.55,,970.0,,,20,19400.0,3,F1,1,,,,,,2025-03-27
2025-03-27,2025-03-27,CM,BSE,STK,938698,INE134E07CF3,750PFCL26,F,,,,,PFC-750%-1-8-26-NCD,1039.85,1039.85,1013.0,1013.0,1013.0,1039.63,,1013.0,,,50,50802.0,3,F1,1,,,,,,2025-03-27
2025-03-27,2025-03-27,CM,BSE,STK,938708,INE121A07RH2,925IHFL25D,F,,,,,CIFCL-8.25%-09-06-25-NCD,1050.0,1050.0,1050.0,1050.0,1050.0,1031.36,,1049.6,,,6,6300.0,2,F1,1,,,,,,2025-03-27
2025-03-27,2025-03-27,CM,BSE,STK,938714,INE121A07RD1,CIFC26A,F,,,,,CIFCL-9-9-26-NCD,1065.11,1065.11,1065.11,1065.11,1065.11,1085.0,,1065.11,,,50,53255.0,1,F1,1,,,,,,2025-03-27
2025-03-27,2025-03-27,CM,BSE,STK,938728,INE01HV07445,1050VCL25,F,,,,,VCL-10.50%-06-09-25-NCD,1032.2,1034.85,1032.2,1034.85,1034.85,1043.8,,1034.85,,,26,26866.0,2,F1,1,,,,,,2025-03-27
2025-03-27,2025-03-27,CM,BSE,STK,938766,INE530L07590,895NHFL25,F,,,,,NHFL-8.95%-15-9-25-NCD,1018.2,1018.2,1018.2,1018.2,1018.2,1015.25,,1018.2,,,4,4072.0,1,F1,1,,,,,,2025-03-27
2025-03-27,2025-03-27,CM,BSE,STK,938774,INE530L07558,NIDO26,F,,,,,NHFL-15-9-26-NCD,1079.0,1100.0,1079.0,1100.0,1100.0,1150.0,,1100.0,,,1039,1121921.0,4,F1,1,,,,,,2025-03-27
2025-03-27,2025-03-27,CM,BSE,STK,938786,INE549K07CI3,865MFL25A,F,,,,,MFL-8.65%-20-9-25-NCD,990.0,990.0,990.0,990.0,990.0,981.2,,990.0,,,40,39600.0,1,F1,1,,,,,,2025-03-27
2025-03-27,2025-03-27,CM,BSE,STK,938788,INE549K07CQ6,890MFL26A,F,,,,,MFL-8.90%-20-9-26-NCD,962.5,962.5,962.5,962.5,962.5,982.0,,962.5,,,50,48125.0,1,F1,1,,,,,,2025-03-27
2025-03-27,2025-03-27,CM,BSE,STK,938854,INE403Q07DT5,875KFL2025,F,,,,,KFL-8.75%-27-9-25-NCD,955.5,980.0,955.5,980.0,980.0,980.0,,980.0,,,100,96775.0,8,F1,1,,,,,,2025-03-27
2025-03-27,2025-03-27,CM,BSE,STK,938910,INE532F07EL9,10EFSL33A,F,,,,,EFSL-10%-26-10-33-NCD,960.0,960.0,960.0,960.0,960.0,949.99,,960.0,,,59,56640.0,1,F1,1,,,,,,2025-03-27
2025-03-27,2025-03-27,CM,BSE,STK,938914,INE549K07CR4,865MF25,F,,,,,MFL-8.65%-1-11-25-NCD,977.2,977.2,977.2,977.2,977.2,994.0,,977.2,,,250,244300.0,3,F1,1,,,,,,2025-03-27
2025-03-27,2025-03-27,CM,BSE,STK,938920,INE549K07CU8,9MFL25,F,,,,,MFL-9%-1-11-25-NCD,1011.5,1011.5,1011.5,1011.5,1011.5,1010.2,,1011.5,,,75,75862.0,1,F1,1,,,,,,2025-03-27
2025-03-27,2025-03-27,CM,BSE,STK,938962,INE148I07QN8,965SCL25A,F,,,,,SCL-9.65%-09-11-25-NCD,970.0,980.0,970.0,980.0,980.0,975.87,,980.0,,,180,175155.0,3,F1,1,,,,,,2025-03-27
2025-03-27,2025-03-27,CM,BSE,STK,939004,INE321N07343,948IFSL25B,F,,,,,IFSL-9.48%-10-5-25-NCD,986.2,986.2,986.2,986.2,986.2,1000.0,,986.2,,,10,9862.0,1,F1,1,,,,,,2025-03-27
2025-03-27,2025-03-27,CM,BSE,STK,939010,INE321N07368,1030IFSL26,F,,,,,IFSL-10.30%-10-11-26-NCD,661.0,692.0,661.0,675.0,675.0,691.32,,675.0,,,450,299831.0,12,F1,1,,,,,,2025-03-27
2025-03-27,2025-03-27,CM,BSE,STK,939032,INE01CY077E1,125ICLFL28,F,,,,,ICLFL-12.5%-14-12-28-NCD,1050.0,1050.0,1050.0,1050.0,1050.0,1050.0,,1050.0,,,40,42000.0,1,F1,1,,,,,,2025-03-27
2025-03-27,2025-03-27,CM,BSE,STK,939110,INE148I07RK2,SCLZC25F,F,,,,,SCL-ZC-27-12-25-NCD,1070.0,1070.0,1070.0,1070.0,1070.0,1080.0,,1077.71,,,10,10700.0,1,F1,1,,,,,,2025-03-27
2025-03-27,2025-03-27,CM,BSE,STK,939162,INE403Q07EB1,KFLZC27A,F,,,,,KFL-ZC-17-4-27-NCD,1200.0,1200.0,1200.0,1200.0,1200.0,1005.0,,1200.0,,,150,180000.0,1,F1,1,,,,,,2025-03-27
2025-03-27,2025-03-27,CM,BSE,STK,939164,INE403Q07ED7,10KFL28,F,,,,,KFL-10%-17-1-28-NCD,999.0,999.0,999.0,999.0,999.0,998.0,,999.0,,,10,9990.0,1,F1,1,,,,,,2025-03-27
2025-03-27,2025-03-27,CM,BSE,STK,939166,INE403Q07EC9,KFLZC28C,F,,,,,KFL-ZC-17-7-28-NCD,820.25,820.25,820.25,820.25,820.25,985.0,,820.25,,,150,123037.0,1,F1,1,,,,,,2025-03-27
2025-03-27,2025-03-27,CM,BSE,STK,939168,INE403Q07EA3,KFLZC31,F,,,,,KFL-ZC-17-5-31-NCD,835.2,835.2,835.2,835.2,835.2,0.0,,835.2,,,25,20880.0,1,F1,1,,,,,,2025-03-27
2025-03-27,2025-03-27,CM,BSE,STK,939194,INE532F07EX4,EFSL27A,F,,,,,EFSL-29-1-27-NCD,1048.3,1048.3,1048.3,1048.3,1048.3,1048.3,,1048.3,,,50,52415.0,1,F1,1,,,,,,2025-03-27
2025-03-27,2025-03-27,CM,BSE,STK,939196,INE532F07EY2,967EFSL29,F,,,,,EFSL-9.67%-29-1-29-NCD,923.0,934.9,915.0,927.04,930.0,935.0,,927.04,,,4129,3802780.0,66,F1,1,,,,,,2025-03-27
2025-03-27,2025-03-27,CM,BSE,STK,939202,INE532F07FB7,10EFSL34,F,,,,,EFSL-10%-29-1-34-NCD,906.1,950.0,906.1,931.0,931.0,921.01,,931.0,,,379,346241.0,10,F1,1,,,,,,2025-03-27
2025-03-27,2025-03-27,CM,BSE,STK,939206,INE414G07IW6,825MFL27,F,,,,,MFL-8.25%-25-1-27-NCD,985.0,985.0,985.0,985.0,985.0,981.83,,985.0,,,500,492500.0,1,F1,1,,,,,,2025-03-27
2025-03-27,2025-03-27,CM,BSE,STK,939216,INE414G07IY2,MFL27,F,,,,,MFL-25-1-27-NCD,1086.88,1086.88,1086.88,1086.88,1086.88,1086.88,,1086.88,,,500,543440.0,1,F1,1,,,,,,2025-03-27
2025-03-27,2025-03-27,CM,BSE,STK,939242,INE549K07DF7,975MFL29A,F,,,,,MFL-9.75%-31-1-29-NCD,1032.0,1032.0,966.33,966.33,966.33,860.0,,966.33,,,11,10760.0,2,F1,1,,,,,,2025-03-27
2025-03-27,2025-03-27,CM,BSE,STK,939266,INE0BUS07AV1,IML1622024,F,,,,,IML-15-2-30-NCD,1055.94,1093.84,1055.94,1093.84,1093.84,1055.94,,1093.84,,,30,32436.0,4,F1,1,,,,,,2025-03-27
2025-03-27,2025-03-27,CM,BSE,STK,939299,INE530L07715,10NIDO27,F,,,,,NIDO-10%-1-3-27-NCD,960.0,960.0,960.0,960.0,960.0,969.8,,960.0,,,10,9600.0,1,F1,1,,,,,,2025-03-27
2025-03-27,2025-03-27,CM,BSE,STK,939329,INE342T07478,10NFL25,F,,,,,NFL-10%-13-9-25-NCD,999.0,999.0,999.0,999.0,999.0,995.0,,997.0,,,5,4995.0,1,F1,1,,,,,,2025-03-27
2025-03-27,2025-03-27,CM,BSE,STK,939337,INE342T07445,1119NFL27,F,,,,,NFL-11.19%-13-3-27-NCD,951.1,951.1,951.1,951.1,951.1,1040.0,,978.55,,,116,110327.0,1,F1,1,,,,,,2025-03-27
2025-03-27,2025-03-27,CM,BSE,STK,939381,INE148I07SQ7,1025SCL34,F,,,,,SCL-10.25%-26-3-34-NCD,1010.0,1010.0,931.0,931.0,931.0,902.6,,931.0,,,35,34560.0,2,F1,1,,,,,,2025-03-27
2025-03-27,2025-03-27,CM,BSE,STK,939387,INE01CY077R3,12IFL27,F,,,,,IFL-12%-19-4-27-NCD,921.0,921.0,921.0,921.0,921.0,922.0,,921.0,,,501,461421.0,1,F1,1,,,,,,2025-03-27
2025-03-27,2025-03-27,CM,BSE,STK,939451,INE549K07DO9,925MFCL26,F,,,,,MFCL-9.25%-30-6-26-NCD,1045.2,1057.8,1045.2,1057.8,1057.8,1037.5,,1057.8,,,326,342789.0,2,F1,1,,,,,,2025-03-27
2025-03-27,2025-03-27,CM,BSE,STK,939473,INE338I07149,91MOFSL27,F,,,,,MOFSL-9.1%-9-5-27-NCD,1071.83,1071.83,1071.83,1071.83,1071.83,1071.0,,1071.83,,,5,5359.0,1,F1,1,,,,,,2025-03-27
2025-03-27,2025-03-27,CM,BSE,STK,939481,INE338I07115,93MOFSL34,F,,,,,MOFSL-9.3%-9-5-34-NCD,1023.0,1027.0,1023.0,1025.1,1025.1,1022.0,,1025.1,,,232,237586.0,14,F1,1,,,,,,2025-03-27
2025-03-27,2025-03-27,CM,BSE,STK,939545,INE148I07TN2,1025SCL34A,F,,,,,SCL-10.25%-31-05-2034-NCD,990.0,990.0,985.0,985.0,985.0,990.0,,985.0,,,85,84055.0,4,F1,1,,,,,,2025-03-27
2025-03-27,2025-03-27,CM,BSE,STK,939553,INE248U07FJ2,935ONE26,F,,,,,360ONEPL-9.35%-12-6-26-NCD,1066.22,1066.22,1051.77,1051.77,1051.77,1062.68,,1051.77,,,7,7434.0,2,F1,1,,,,,,2025-03-27
2025-03-27,2025-03-27,CM,BSE,STK,939579,INE530L07749,950NHFL26,F,,,,,NHFL-9.50%-03-7-26-NCD,1020.2,1020.2,1020.2,1020.2,1020.2,1020.2,,1020.2,,,99,100999.0,1,F1,1,,,,,,2025-03-27
2025-03-27,2025-03-27,CM,BSE,STK,939643,INE103C07033,0SMCGSL26,F,,,,,SMCGSL-ZC-07-8-26-NCD,1030.2,1043.0,1030.2,1043.0,1043.0,1030.2,,1043.0,,,195,200953.0,3,F1,1,,,,,,2025-03-27
2025-03-27,2025-03-27,CM,BSE,STK,939657,INE103C07066,104SMCGS29,F,,,,,SMCGSL-10.40%-07-08-29-NCD,1067.7,1067.7,1067.7,1067.7,1067.7,1068.19,,1067.7,,,1,1067.0,1,F1,1,,,,,,2025-03-27
2025-03-27,2025-03-27,CM,BSE,STK,939715,INE05F407CO7,1150MML29,F,,,,,MML-11.50%-11-9-29-NCD,1050.0,1050.0,1050.0,1050.0,1050.0,980.2,,1050.0,,,10,10500.0,2,F1,1,,,,,,2025-03-27
2025-03-27,2025-03-27,CM,BSE,STK,939725,INE423A07310,932AEL27,F,,,,,AEL-9.32%-12-9-27-NCD,1002.0,1002.0,1002.0,1002.0,1002.0,1015.0,,1001.0,,,14,14028.0,1,F1,1,,,,,,2025-03-27
2025-03-27,2025-03-27,CM,BSE,STK,939737,INE549K07DZ5,9MFCL26,F,,,,,MFCL-9%-16-9-26-NCD,970.0,985.0,970.0,985.0,985.0,975.0,,985.0,,,160,156550.0,4,F1,1,,,,,,2025-03-27
2025-03-27,2025-03-27,CM,BSE,STK,939743,INE549K07EI9,965MFCL30,F,,,,,MFCL-9.65%-16-9-30-NCD,992.5,998.0,992.5,998.0,998.0,992.5,,998.0,,,28,27806.0,2,F1,1,,,,,,2025-03-27
2025-03-27,2025-03-27,CM,BSE,STK,939755,INE549K07EA6,MFCL16924,F,,,,,MFCL-16-9-27-NCD,1000.8,1000.8,1000.8,1000.8,1000.8,1000.8,,1000.8,,,50,50040.0,1,F1,1,,,,,,2025-03-27
2025-03-27,2025-03-27,CM,BSE,STK,939797,INE148I07UW1,1075SCL34C,F,,,,,SCL-10.75%-25-9-34-NCD,1005.0,1005.0,1005.0,1005.0,1005.0,1150.0,,1005.0,,,10,10050.0,1,F1,1,,,,,,2025-03-27
2025-03-27,2025-03-27,CM,BSE,STK,939803,INE896L07983,1050ICFL26,F,,,,,ICFL-10.50%-25-9-26-NCD,1052.95,1052.95,1052.95,1052.95,1052.95,1052.39,,1052.95,,,5,5264.0,1,F1,1,,,,,,2025-03-27
2025-03-27,2025-03-27,CM,BSE,STK,939829,INE530L07921,1049NHFL34,F,,,,,NHFL-10.49%-8-10-34-NCD,950.0,1000.0,950.0,1000.0,1000.0,1000.0,,1000.0,,,99,96550.0,4,F1,1,,,,,,2025-03-27
2025-03-27,2025-03-27,CM,BSE,STK,939843,INE532F07GD1,957EFSL27A,F,,,,,EFSL-9.57%-24-10-27-NCD,960.0,960.0,960.0,960.0,960.0,985.0,,960.0,,,10,9600.0,1,F1,1,,,,,,2025-03-27
2025-03-27,2025-03-27,CM,BSE,STK,939857,INE532F07GI0,1049EFS34A,F,,,,,EFSL-10.49%-24-10-34-NCD,990.0,990.0,990.0,990.0,990.0,990.0,,990.0,,,875,866250.0,9,F1,1,,,,,,2025-03-27
2025-03-27,2025-03-27,CM,BSE,STK,939863,INE549K07EU4,9MFCL2026,F,,,,,MFCL-9%-30-10-26-NCD,967.01,967.01,967.01,967.01,967.01,975.8,,967.01,,,150,145051.0,3,F1,1,,,,,,2025-03-27
2025-03-27,2025-03-27,CM,BSE,STK,939899,INE0BUS07BE5,12IML29,F,,,,,IML-12%-7-11-29-NCD,1040.0,1040.0,953.1,953.1,953.1,1000.0,,953.1,,,33,32194.0,3,F1,1,,,,,,2025-03-27
2025-03-27,2025-03-27,CM,BSE,STK,939903,INE101Q07AX3,850MMFL26,F,,,,,MMFL-8.50%-12-2-26-NCD,972.0,972.0,972.0,972.0,972.0,970.0,,972.0,,,10,9720.0,1,F1,1,,,,,,2025-03-27
2025-03-27,2025-03-27,CM,BSE,STK,939907,INE101Q07AR5,MMFL191124,F,,,,,MMFL-18-1-27-NCD,945.0,945.0,945.0,945.0,945.0,945.0,,945.0,,,20,18900.0,1,F1,1,,,,,,2025-03-27
2025-03-27,2025-03-27,CM,BSE,STK,939923,INE01CY078R1,1250ICLF29,F,,,,,ICLFL-12.20%-02-12-29-NCD,1050.0,1050.0,1050.0,1050.0,1050.0,1010.0,,1050.0,,,35,36750.0,1,F1,1,,,,,,2025-03-27
2025-03-27,2025-03-27,CM,BSE,STK,939973,INE477L07AZ3,885IHL26,F,,,,,IHFL-8.85%-26-12-26-NCD,985.8,985.8,985.8,985.8,985.8,985.8,,985.8,,,10,9858.0,2,F1,1,,,,,,2025-03-27
2025-03-27,2025-03-27,CM,BSE,STK,940001,INE148I07VN8,SCL271224A,F,,,,,SCL-27-12-26-NCD,968.45,999.0,968.45,999.0,999.0,988.0,,952.1,,,56,54922.0,4,F1,1,,,,,,2025-03-27
2025-03-27,2025-03-27,CM,BSE,STK,940031,INE148I07VI8,1025SCL34Z,F,,,,,SCL-10.25%-27-12-34-NCD,981.1,981.1,981.1,981.1,981.1,999.0,,981.1,,,1,981.0,1,F1,1,,,,,,2025-03-27
2025-03-27,2025-03-27,CM,BSE,STK,940053,INE549K07EZ3,9MFLIII27,F,,,,,MFLIII-9%-10-1-27-NCD,976.36,976.36,967.0,967.0,967.0,970.0,,967.0,,,155,149931.0,7,F1,1,,,,,,2025-03-27
2025-03-27,2025-03-27,CM,BSE,STK,940069,INE549K07FE5,MFL100125,F,,,,,MFLIII-10-1-27-NCD,957.8,974.8,957.8,974.8,974.8,975.0,,974.8,,,50,48315.0,2,F1,1,,,,,,2025-03-27
2025-03-27,2025-03-27,CM,BSE,STK,940079,INE051307BH3,95CCIL26,F,,,,,CCIL-9.5%-19-1-26-NCD,970.0,970.0,970.0,970.0,970.0,970.0,,970.0,,,50,48500.0,1,F1,1,,,,,,2025-03-27
2025-03-27,2025-03-27,CM,BSE,STK,940099,INE532F07GP5,EFSL240125,F,,,,,EFSL-24-1-27-NCD,975.0,975.0,975.0,975.0,975.0,975.0,,975.0,,,10,9750.0,1,F1,1,,,,,,2025-03-27
2025-03-27,2025-03-27,CM,BSE,STK,940129,INE01CY079E7,ICLFL27125,F,,,,,ICLFL-27-2-26-NCD,995.0,995.0,995.0,995.0,995.0,974.0,,995.0,,,50,49750.0,2,F1,1,,,,,,2025-03-27
2025-03-27,2025-03-27,CM,BSE,STK,940159,INE549K07FM8,9MFLIV27,F,,,,,MFLIV-9%-24-2-27-NCD,970.0,980.0,970.0,980.0,980.0,980.0,,980.0,,,300,291500.0,4,F1,1,,,,,,2025-03-27
2025-03-27,2025-03-27,CM,BSE,STK,940167,INE549K07FV9,930MFLIV26,F,,,,,MFLIV-9.30%-24-8-26-NCD,960.2,960.2,960.2,960.2,960.2,969.8,,960.2,,,50,48010.0,1,F1,1,,,,,,2025-03-27
2025-03-27,2025-03-27,CM,BSE,STK,940169,INE549K07FY3,940MFLIV27,F,,,,,MFLIV-9.40%-24-2-27-NCD,974.0,974.0,974.0,974.0,974.0,956.52,,974.0,,,73,71102.0,2,F1,1,,,,,,2025-03-27
2025-03-27,2025-03-27,CM,BSE,STK,940171,INE549K07FZ0,965MFLIV28,F,,,,,MFLIV-9.65%-24-2-28-NCD,960.0,960.0,960.0,960.0,960.0,956.0,,960.0,,,10,9600.0,1,F1,1,,,,,,2025-03-27
2025-03-27,2025-03-27,CM,BSE,STK,940177,INE549K07FQ9,MFLIV24225,F,,,,,MFLIV-24-8-26-NCD,980.0,980.0,940.02,940.02,940.02,980.0,,940.02,,,60,56801.0,2,F1,1,,,,,,2025-03-27
2025-03-27,2025-03-27,CM,BSE,STK,940179,INE549K07FO4,MFL24225A,F,,,,,MFLIV-24-2-27-NCD,935.0,950.0,935.0,950.0,950.0,950.61,,950.0,,,160,151923.0,6,F1,1,,,,,,2025-03-27
2025-03-27,2025-03-27,CM,BSE,STK,940189,INE148I07WE5,965SCL27,F,,,,,SCL-9.65%-19-03-27-NCD,950.0,950.0,950.0,950.0,950.0,950.0,,950.0,,,20,19000.0,1,F1,1,,,,,,2025-03-27
2025-03-27,2025-03-27,CM,BSE,STK,956276,INE804I08726,975ECL27,F,,,,,ECL-9.75%-E7E701A-30-4-27-PVT,109000.0,109000.0,87300.0,107900.0,107900.0,107700.0,,107900.0,,,40,3946500.0,4,F1,10,,,,,,2025-03-27
2025-03-27,2025-03-27,CM,BSE,STK,957808,INE540P07335,1015UPPC26,F,,,,,UPPCL-10.15%-20-1-26-PVT,1019000.0,1019100.0,1019000.0,1019100.0,1019100.0,1019000.0,,1019100.0,,,2,2038100.0,2,F1,1,,,,,,2025-03-27
2025-03-27,2025-03-27,CM,BSE,STK,957810,INE540P07350,1015UPPC28,F,,,,,UPPCL-10.15%-20-1-28-PVT,1046666.0,1046666.0,1046666.0,1046666.0,1046666.0,1046666.11,,1046666.0,,,1,1046666.0,1,F1,1,,,,,,2025-03-27
2025-03-27,2025-03-27,CM,BSE,STK,959800,INE028A08224,85BOBPERP,F,,,,,BOB-8.5%-PERPETUAL-PVT,1050757.0,1050757.0,1050757.0,1050757.0,1050757.0,1048046.0,,1050757.0,,,1,1050757.0,1,F1,1,,,,,,2025-03-27
2025-03-27,2025-03-27,CM,BSE,STK,961708,INE787H07040,IIFCLBDIS4,F,,,,,IIFCLBDIS4,3005.0,3005.0,3005.0,3005.0,3005.0,3002.0,,3005.0,,,1,3005.0,1,F1,1,,,,,,2025-03-27
2025-03-27,2025-03-27,CM,BSE,STK,961718,INE134E07182,PFCBT1S4,F,,,,,PFCBT1S4,15230.0,15230.0,15230.0,15230.0,15230.0,15250.0,,15230.0,,,4,60920.0,2,F1,1,,,,,,2025-03-27
2025-03-27,2025-03-27,CM,BSE,STK,961728,INE906B07CB9,830NHAI27,F,,,,,830NHAI27,1081.74,1086.12,1081.74,1086.12,1086.12,1081.11,,1086.38,,,17,18412.0,4,F1,1,,,,,,2025-03-27
2025-03-27,2025-03-27,CM,BSE,STK,961734,INE031A07840,82HUDCO27,F,,,,,HUDCO050327,1048.0,1048.0,1045.5,1045.5,1045.5,1045.1,,1046.75,,,839,879122.0,4,F1,1,,,,,,2025-03-27
2025-03-27,2025-03-27,CM,BSE,STK,961744,INE020B07GH7,812REC27,F,,,,,812REC27,1098.0,1104.0,1098.0,1104.0,1104.0,1095.0,,1104.0,,,540,593160.0,2,F1,1,,,,,,2025-03-27
2025-03-27,2025-03-27,CM,BSE,STK,961749,INE020B07GX4,738REC27TF,F,,,,,738REC27TF,1064.99,1064.99,1064.99,1064.99,1064.99,1060.0,,1064.99,,,1000,1064990.0,1,F1,1,,,,,,2025-03-27
2025-03-27,2025-03-27,CM,BSE,STK,961767,INE031A07881,719HUDCO28,F,,,,,719HUDCO28,1035.78,1036.0,1032.2,1036.0,1036.0,1034.26,,1036.0,,,800,827012.0,10,F1,1,,,,,,2025-03-27
2025-03-27,2025-03-27,CM,BSE,STK,961776,INE020B07HP8,846REC28,F,,,,,846REC28,1105.0,1105.0,1105.0,1105.0,1105.0,1099.12,,1105.0,,,50,55250.0,1,F1,1,,,,,,2025-03-27
2025-03-27,2025-03-27,CM,BSE,STK,961779,INE020B07HS2,871REC28,F,,,,,871REC28,1113.13,1113.13,1113.13,1113.13,1113.13,1113.7,,1113.18,,,14,15583.0,1,F1,1,,,,,,2025-03-27
2025-03-27,2025-03-27,CM,BSE,STK,961785,INE031A07949,876HUDCO28,F,,,,,876HUDCO28,1125.45,1126.0,1125.45,1126.0,1126.0,1126.0,,1126.0,,,475,534620.0,8,F1,1,,,,,,2025-03-27
2025-03-27,2025-03-27,CM,BSE,STK,961786,INE031A07956,874HUDCO33,F,,,,,874HUDCO33,1212.1,1259.49,1212.1,1233.23,1220.04,1258.75,,1233.23,,,1793,2191977.0,14,F1,1,,,,,,2025-03-27
2025-03-27,2025-03-27,CM,BSE,STK,961791,INE848E07559,879NHPC28,F,,,,,879NHPC28,1086.51,1086.51,1086.51,1086.51,1086.51,1080.28,,1086.51,,,50,54325.0,1,F1,1,,,,,,2025-03-27
2025-03-27,2025-03-27,CM,BSE,STK,961792,INE848E07567,892NHPC33,F,,,,,892NHPC33,1245.0,1245.0,1245.0,1245.0,1245.0,1245.0,,1234.0,,,25,31125.0,1,F1,1,,,,,,2025-03-27
2025-03-27,2025-03-27,CM,BSE,STK,961796,INE787H07297,863IIFCL28,F,,,,,863IIFCL28,1120.0,1120.0,1115.0,1120.0,1120.0,1110.0,,1120.0,,,170,190250.0,4,F1,1,,,,,,2025-03-27
2025-03-27,2025-03-27,CM,BSE,STK,961798,INE787H07313,875IIFCL33,F,,,,,875IIFCL33,1215.3,1234.45,1215.3,1234.36,1234.45,1234.28,,1234.36,,,2050,2512547.0,10,F1,1,,,,,,2025-03-27
2025-03-27,2025-03-27,CM,BSE,STK,961803,INE134E07448,879PFCL28,F,,,,,879PFC28,1126.0,1129.0,1126.0,1127.99,1127.99,1122.0,,1127.99,,,150,169149.0,3,F1,1,,,,,,2025-03-27
2025-03-27,2025-03-27,CM,BSE,STK,961804,INE134E07463,892PFCL33,F,,,,,892PFC33,1262.0,1262.0,1255.0,1262.0,1262.0,1270.0,,1262.0,,,1127,1419765.0,20,F1,1,,,,,,2025-03-27
2025-03-27,2025-03-27,CM,BSE,STK,961810,INE733E07JJ9,891NTPC33,F,,,,,891NTPC33,1253.32,1258.99,1253.31,1255.0,1255.0,1254.05,,1255.0,,,351,440472.0,7,F1,1,,,,,,2025-03-27
2025-03-27,2025-03-27,CM,BSE,STK,961815,INE031A07AA4,883HUDCO29,F,,,,,883HUDCO29,1115.0,1115.0,1115.0,1115.0,1115.0,1115.0,,1115.0,,,53,59095.0,2,F1,1,,,,,,2025-03-27
2025-03-27,2025-03-27,CM,BSE,STK,961839,INE202E07138,880IREDA29,F,,,,,IREDA-8.80%-13-03-29-BOND,1091.13,1091.13,1091.13,1091.13,1091.13,1122.99,,1093.47,,,500,545565.0,1,F1,1,,,,,,2025-03-27
2025-03-27,2025-03-27,CM,BSE,STK,961863,INE031A07AG1,898HUDCO29,F,,,,,HUDCO-8.98%-24-3-29-TFBOND,1160.0,1160.0,1160.0,1160.0,1160.0,1131.95,,1160.0,,,30,34800.0,3,F1,1,,,,,,2025-03-27
2025-03-27,2025-03-27,CM,BSE,STK,961881,INE053F07728,863IRFC29,F,,,,,IRFC-8.63%-19-03-29-BOND,1119.84,1172.5,1119.84,1172.5,1172.5,1399.8,,1172.5,,,1587,1782452.0,4,F1,1,,,,,,2025-03-27
2025-03-27,2025-03-27,CM,BSE,STK,961895,INE787H07420,880IIFCL29,F,,,,,IIFCL-8.8%-27-3-29-TFBOND,1094.1,1104.0,1094.0,1103.57,1103.0,1095.34,,1103.57,,,7826,8595451.0,39,F1,1,,,,,,2025-03-27
2025-03-27,2025-03-27,CM,BSE,STK,961897,INE787H07438,880IIFCL34,F,,,,,IIFCL-8.8%-27-3-24-TFBOND,1188.1,1221.0,1188.1,1221.0,1221.0,1231.98,,1221.0,,,514,611308.0,2,F1,1,,,,,,2025-03-27
2025-03-27,2025-03-27,CM,BSE,STK,972562,INE039A09LL7,97IFCI30,F,,,,,IFCI-SR50-9.70%-04-05-30-PVT,1075000.0,1075000.0,1075000.0,1075000.0,1075000.0,1073000.0,,1075000.0,,,1,1075000.0,1,F1,1,,,,,,2025-03-27
2025-03-27,2025-03-27,CM,BSE,STK,972655,INE039A09NM1,1075IFCI26,F,,,,,IFCI-SR-I-10.75%-1-8-26-PVT,39900.0,39900.0,39900.0,39900.0,39900.0,40200.0,,39900.0,,,10,399000.0,1,F1,10,,,,,,2025-03-27
2025-03-27,2025-03-27,CM,BSE,STK,972706,INE039A09NZ3,875IFCI26A,F,,,,,IFCI-III-8.75%-12-12-26-C-PVT,14100.0,14875.0,14100.0,14875.0,14875.0,14900.0,,14875.0,,,8,115900.0,6,F1,1,,,,,,2025-03-27
2025-03-27,2025-03-27,CM,BSE,STK,972715,INE039A09OG1,916IFCI27,F,,,,,IFCI-9.16%-IV-15-2-27-C-PVT,15600.0,15600.0,15600.0,15600.0,15600.0,15600.0,,15600.0,,,2,31200.0,2,F1,1,,,,,,2025-03-27
2025-03-27,2025-03-27,CM,BSE,STK,973118,INE516Q08331,119AML26,F,,,,,AML-11.9%-26-6-26-PVT,77000.0,77000.0,77000.0,77000.0,77000.0,90000.0,,77000.0,,,10,770000.0,1,F1,10,,,,,,2025-03-27
2025-03-27,2025-03-27,CM,BSE,STK,973491,INE516Y07444,675PCHFL31,F,,,,,PCFHL-6.75%-26-9-31-PVT,741.2,744.0,741.1,742.8,744.0,741.86,,742.8,,,4192,3106752.0,5,F1,1,,,,,,2025-03-27
2025-03-27,2025-03-27,CM,BSE,STK,973878,INE540P07418,970UPPC30,F,,,,,UPPC-9.70%-29-3-30-PVT,1045998.0,1045998.0,1045998.0,1045998.0,1045998.0,1028000.0,,1045998.0,,,1,1045998.0,1,F1,1,,,,,,2025-03-27
2025-03-27,2025-03-27,CM,BSE,STK,974284,INE540P07475,995UPPCL28,F,,,,,UPPCL-9.95%-31-3-28-PVT,1031368.0,1031368.0,1031368.0,1031368.0,1031368.0,1007666.0,,1031368.0,,,1,1031368.0,1,F1,1,,,,,,2025-03-27
2025-03-27,2025-03-27,CM,BSE,STK,974548,INE918K07JE4,NWFNIFT26A,F,,,,,NWFL-NIFTY50INDEX-20-7-26-PVT,78100.0,107890.0,78100.0,107890.0,107890.0,97200.0,,107890.0,,,22,2046800.0,8,F1,1,,,,,,2025-03-27
2025-03-27,2025-03-27,CM,BSE,STK,974946,INE219O07362,GIPLZC26,F,,,,,GIPL-ZC-30-4-26-PVT,80500.0,80500.0,80500.0,80500.0,80500.0,80500.0,,80500.0,,,20,1610000.0,2,F1,1,,,,,,2025-03-27
2025-03-27,2025-03-27,CM,BSE,STK,975033,INE549K08434,1005MFL29A,F,,,,,MFL-10.05%-18-8-29-PVT,97000.0,97000.0,96700.0,96700.0,96700.0,97000.0,,96700.0,,,7,678400.0,2,F1,1,,,,,,2025-03-27
2025-03-27,2025-03-27,CM,BSE,STK,975057,INE818W08099,1125ESFB29,F,,,,,ESAFSFBL-11.25%-4-5-29-PVT,102500.0,102500.0,102500.0,102500.0,102500.0,102500.0,,102500.0,,,1,102500.0,1,F1,1,,,,,,2025-03-27
2025-03-27,2025-03-27,CM,BSE,STK,975059,INE572J07612,1075SSFL26,F,,,,,SSFL-10.75%-4-9-26-PVT,103600.0,103700.0,103600.0,103700.0,103700.0,100000.0,,103700.0,,,2,207300.0,2,F1,1,,,,,,2025-03-27
2025-03-27,2025-03-27,CM,BSE,STK,975272,INE658F08136,895KIIFB33,F,,,,,KIIFB-8.95%-22-12-33-PVT,99000.0,99000.0,99000.0,99000.0,99000.0,99000.0,,99000.0,,,2,198000.0,1,F1,1,,,,,,2025-03-27
2025-03-27,2025-03-27,CM,BSE,STK,975280,INE612U08041,13EFL29,F,,,,,EFL-13%-28-6-29-PVT,104000.0,104000.0,104000.0,104000.0,104000.0,100500.0,,104000.0,,,2,208000.0,2,F1,1,,,,,,2025-03-27
2025-03-27,2025-03-27,CM,BSE,STK,975331,INE00DJ07045,1350TCL27,F,,,,,TCL-13.50%-18-1-27-PVT,100301.0,100301.0,100301.0,100301.0,100301.0,100301.0,,100301.0,,,1,100301.0,1,F1,1,,,,,,2025-03-27
2025-03-27,2025-03-27,CM,BSE,STK,975375,INE982X08109,1385SML29,F,,,,,SML-13.85%-12-7-29-PVT,99999.0,99999.0,99999.0,99999.0,99999.0,99699.0,,99999.0,,,2,199998.0,2,F1,1,,,,,,2025-03-27
2025-03-27,2025-03-27,CM,BSE,STK,975439,INE101Q07AP9,10MMFL26,F,,,,,MMFL-10%-27-2-26-PVT,98000.0,98000.0,98000.0,98000.0,98000.0,98000.0,,98000.0,,,1,98000.0,1,F1,1,,,,,,2025-03-27
2025-03-27,2025-03-27,CM,BSE,STK,975453,INE549K08475,1005MFL29B,F,,,,,MFL-10.05%-31-12-29-PVT,98000.0,98000.0,98000.0,98000.0,98000.0,96000.0,,98000.0,,,3,294000.0,2,F1,1,,,,,,2025-03-27
2025-03-27,2025-03-27,CM,BSE,STK,975469,INE03K307025,1085SFL25,F,,,,,SFL-10.85%-4-9-25-PVT,98035.65,98035.65,98035.65,98035.65,98035.65,98035.65,,98035.65,,,1,98035.0,1,F1,1,,,,,,2025-03-27
2025-03-27,2025-03-27,CM,BSE,STK,975562,INE572J07703,981SSFL26,F,,,,,SSFL-9.81%-2-4-26-PVT,97235.8,97235.8,97235.8,97235.8,97235.8,99000.0,,97235.8,,,1,97235.0,1,F1,1,,,,,,2025-03-27
2025-03-27,2025-03-27,CM,BSE,STK,975755,INE501X07604,1025AFL26,F,,,,,AFL-10.25%-20-3-26-PVT,99377.65,99377.65,99210.0,99210.0,99210.0,0.0,,99210.0,,,2,198587.0,2,F1,1,,,,,,2025-03-27
2025-03-27,2025-03-27,CM,BSE,STK,975766,INE08XP07233,1001ACAP25,F,,,,,ACAPL-10.01%-21-12-25-PVT,96109.71,96109.71,96109.71,96109.71,96109.71,96109.71,,96109.71,,,3,288329.0,1,F1,1,,,,,,2025-03-27
2025-03-27,2025-03-27,CM,BSE,STK,975852,INE501X07612,1060AFL26,F,,,,,AFL-10.60%-25-1-26-PVT,99576.0,99576.0,99576.0,99576.0,99576.0,100016.24,,99576.0,,,2,199152.0,1,F1,1,,,,,,2025-03-27
2025-03-27,2025-03-27,CM,BSE,STK,975853,INE859C07170,995IKFL26,F,,,,,IKFL-9.95%-25-7-26-PVT,101373.74,101373.74,101373.74,101373.74,101373.74,100220.11,,101373.74,,,1,101373.0,1,F1,1,,,,,,2025-03-27
2025-03-27,2025-03-27,CM,BSE,STK,975921,INE0Q6I07017,975THFPL27,F,,,,,THFPL-9.75%-16-8-27-PVT,105073.46,105073.46,105073.46,105073.46,105073.46,104988.32,,105073.46,,,2,210146.0,1,F1,1,,,,,,2025-03-27
2025-03-27,2025-03-27,CM,BSE,STK,975986,INE338I07172,925MOFSL32,F,,,,,MOFSL-9.25%-3-9-32-PVT,104944.0,104944.0,104901.0,104901.0,104901.0,104919.0,,104901.0,,,122,12802222.0,3,F1,1,,,,,,2025-03-27
2025-03-27,2025-03-27,CM,BSE,STK,976036,INE549K08509,1045MFL32,F,,,,,MFL-10.45%-24-12-32-PVT,10050.0,10050.0,10000.0,10000.0,10000.0,10000.0,,10000.0,,,16,160500.0,4,F1,1,,,,,,2025-03-27
2025-03-27,2025-03-27,CM,BSE,STK,976089,INE658F08250,949KIIFB33,F,,,,,KIIFB-9.49%-8-10-33-PVT,100299.98,100299.98,100299.98,100299.98,100299.98,100489.0,,100299.98,,,4,401199.0,4,F1,1,,,,,,2025-03-27
2025-03-27,2025-03-27,CM,BSE,STK,976167,INE04VS07354,945OFSL26,F,,,,,OFSL-9.45%-11-11-26-PVT,101797.78,101797.78,101797.78,101797.78,101797.78,100774.98,,101797.78,,,1,101797.0,1,F1,1,,,,,,2025-03-27
2025-03-27,2025-03-27,CM,BSE,STK,976248,INE138I08091,0MSFL026,F,,,,,MSFL-ZC-18-12-26-PVT,103000.0,103000.0,103000.0,103000.0,103000.0,102845.0,,103000.0,,,2,206000.0,1,F1,1,,,,,,2025-03-27
2025-03-27,2025-03-27,CM,BSE,STK,976261,INE348L07241,96MFSL26,F,,,,,MASFSL-9.60%-23-12-26-PVT,9900.0,9900.0,9900.0,9900.0,9900.0,9963.6,,9900.0,,,1,9900.0,1,F1,1,,,,,,2025-03-27
2025-03-27,2025-03-27,CM,BSE,STK,976274,INE01HV07510,974VCL26,F,,,,,VCL-9.74%-24-6-26-PVT,9888.42,9888.42,9888.42,9888.42,9888.42,0.0,,9888.42,,,1,9888.0,1,F1,1,,,,,,2025-03-27
2025-03-27,2025-03-27,CM,BSE,STK,976275,INE01HV07528,1011VCL26,F,,,,,VCL-10.11%-23-12-26-PVT,9300.0,9300.0,9300.0,9300.0,9300.0,9300.0,,9300.0,,,3,27900.0,1,F1,1,,,,,,2025-03-27
2025-03-27,2025-03-27,CM,BSE,STK,976293,INE658F08318,942KIIFB34,F,,,,,KIIFB-9.4%-30-12-34-PVT,99760.0,99760.0,99748.4,99748.4,99748.4,99722.6,,99748.4,,,3,299256.0,2,F1,1,,,,,,2025-03-27
2025-03-27,2025-03-27,CM,BSE,STK,976350,INE01ZK08612,11HFL30,F,,,,,HFL-11%-24-1-30-PVT,100512.0,100512.0,100512.0,100512.0,100512.0,100347.0,,100512.0,,,15,1507680.0,3,F1,1,,,,,,2025-03-27
2025-03-27,2025-03-27,CM,BSE,STK,976411,INE08XP07282,12ACAPL28,F,,,,,ACAPL-12%-14-8-28-PVT,94995.0,95000.0,94899.99,94899.99,94899.99,95000.0,,94899.99,,,26,2469569.0,8,F1,1,,,,,,2025-03-27
2025-03-27,2025-03-27,CM,BSE,STK,976427,INE882Z08023,1115MHF30,F,,,,,MHFCL-11.15%-20-8-30-PVT,100244.38,100244.38,100244.38,100244.38,100244.38,100213.84,,100244.38,,,11,1102688.0,2,F1,1,,,,,,2025-03-27
