TradDt,BizDt,Sgmt,Src,FinInstrmTp,FinInstrmId,ISIN,TckrSymb,SctySrs,XpryDt,FininstrmActlXpryDt,StrkPric,OptnTp,FinInstrmNm,OpnPric,HghPric,LwPric,ClsPric,LastPric,PrvsClsgPric,UndrlygPric,SttlmPric,OpnIntrst,ChngInOpnIntrst,TtlTradgVol,TtlTrfVal,TtlNbOfTxsExctd,SsnId,NewBrdLotQty,Rmks,Rsvd1,Rsvd2,Rsvd3,Rsvd4,DATE
2025-05-14,2025-05-14,CM,BSE,STK,500002,INE117A01022,ABB,A,,,,,ABB INDIA LIMITED,5633.8,5743.0,5593.3,5635.55,5640.0,5633.8,,5635.0,,,8098,45804389.0,1567,F1,1,,,,,,2025-05-14
2025-05-14,2025-05-14,CM,BSE,STK,500003,INE208C01025,AEGISLOG,A,,,,,AEGIS LOGISTICS LTD.,810.6,831.0,805.6,812.8,812.8,812.65,,813.9,,,204909,166667445.0,1481,F1,1,,,,,,2025-05-14
2025-05-14,2025-05-14,CM,BSE,STK,500008,INE885A01032,ARE&M,A,,,,,Amara Raja Energy & Mobility L,1013.85,1026.65,1005.6,1013.4,1013.4,1013.35,,1012.35,,,33295,33783782.0,1656,F1,1,,,,,,2025-05-14
2025-05-14,2025-05-14,CM,BSE,STK,500009,INE432A01017,AMBALALSA,X,,,,,AMBALAL SARABHAI ENTERPRISES L,37.58,37.94,37.0,37.43,37.43,37.02,,37.43,,,74683,2791703.0,411,F1,1,,,,,,2025-05-14
2025-05-14,2025-05-14,CM,BSE,STK,500012,INE714B01016,ANDHRAPET,X,,,,,ANDHRA PETROCHEMICALS LTD.,56.4,57.48,55.21,56.51,56.51,55.88,,56.51,,,75639,4248394.0,537,F1,1,,,,,,2025-05-14
2025-05-14,2025-05-14,CM,BSE,STK,500013,INE436A01026,ANSALAPI,Z,,,,,ANSAL PROPERTIES & INFRASTRUCT,4.44,4.48,4.36,4.36,4.36,4.44,,4.34,,,25053,111011.0,53,F1,1,,,,,,2025-05-14
2025-05-14,2025-05-14,CM,BSE,STK,500014,INE096A01010,UTIQUE,X,,,,,UTIQUE ENTERPRISES LIMITED,4.59,4.63,4.41,4.59,4.57,4.5,,4.59,,,40050,179232.0,110,F1,1,,,,,,2025-05-14
2025-05-14,2025-05-14,CM,BSE,STK,500016,INE957C01019,ARUNAHTEL,X,,,,,ARUNA HOTELS LTD.,11.57,12.2,11.11,11.5,11.5,11.62,,11.5,,,26444,309087.0,53,F1,1,,,,,,2025-05-14
2025-05-14,2025-05-14,CM,BSE,STK,500020,INE032A01023,BOMDYEING,A,,,,,BOMBAY DYEING & MFG.CO.LTD.,136.05,138.2,135.7,137.2,137.3,135.7,,137.41,,,75459,10347856.0,1309,F1,1,,,,,,2025-05-14
2025-05-14,2025-05-14,CM,BSE,STK,500023,INE363A01022,ASIANHOTNR,T,,,,,ASIAN HOTELS (NORTH) LIMITED,364.75,369.95,364.75,369.95,369.95,366.35,,360.25,,,100,36683.0,3,F1,1,,,,,,2025-05-14
2025-05-14,2025-05-14,CM,BSE,STK,500027,INE100A01010,ATUL,A,,,,,ATUL LTD.,6869.4,6950.0,6757.2,6796.6,6795.0,6857.45,,6797.5,,,1874,12818621.0,458,F1,1,,,,,,2025-05-14
2025-05-14,2025-05-14,CM,BSE,STK,500028,INE447A01015,ATVPR,X,,,,,ATV PROJECTS INDIA LTD.,33.03,33.8,32.06,32.55,32.55,32.83,,32.55,,,23742,783393.0,184,F1,1,,,,,,2025-05-14
2025-05-14,2025-05-14,CM,BSE,STK,500031,INE193E01025,BAJAJELEC,A,,,,,BAJAJ ELECTRICALS LTD.,617.95,648.2,606.5,636.3,636.0,611.75,,636.25,,,48970,30960295.0,2221,F1,1,,,,,,2025-05-14
2025-05-14,2025-05-14,CM,BSE,STK,500032,INE306A01021,BAJAJHIND,A,,,,,BAJAJ HINDUSTHAN SUGAR LIMITED,21.02,21.76,20.9,21.55,21.55,20.79,,21.55,,,1968411,42067112.0,5111,F1,1,,,,,,2025-05-14
2025-05-14,2025-05-14,CM,BSE,STK,500033,INE451A01017,FORCEMOT,A,,,,,FORCE MOTORS LTD.,10679.8,10934.75,10364.6,10413.3,10410.0,10550.95,,10417.0,,,13915,147818335.0,3558,F1,1,,,,,,2025-05-14
2025-05-14,2025-05-14,CM,BSE,STK,500034,INE296A01024,BAJFINANCE,A,,,,,BAJAJ FINANCE LIMITED,9042.55,9108.0,9018.0,9080.85,9084.4,9042.55,,9081.0,,,21452,194532935.0,4616,F1,1,,,,,,2025-05-14
2025-05-14,2025-05-14,CM,BSE,STK,500038,INE119A01028,BALRAMCHIN,A,,,,,BALRAMPUR CHINI MILLS LTD.,554.0,565.05,554.0,558.8,558.8,553.7,,559.0,,,11011,6160299.0,711,F1,1,,,,,,2025-05-14
2025-05-14,2025-05-14,CM,BSE,STK,500039,INE213C01025,BANCOINDIA,B,,,,,BANCO PRODUCTS (INDIA) LTD.,391.8,401.05,391.8,398.0,399.35,395.0,,398.05,,,27380,10886376.0,1542,F1,1,,,,,,2025-05-14
2025-05-14,2025-05-14,CM,BSE,STK,500040,INE055A01016,ABREL,A,,,,,ADITYA BIRLA REAL ESTATE LIMIT,1935.95,2047.5,1935.95,2026.1,2042.0,1935.95,,2027.1,,,29522,58873828.0,3299,F1,1,,,,,,2025-05-14
2025-05-14,2025-05-14,CM,BSE,STK,500041,INE459A01010,BANARISUG,B,,,,,BANNARI AMMAN SUGARS LTD.,4048.05,4134.0,4020.0,4032.5,4020.0,4018.9,,4016.3,,,53,214591.0,39,F1,1,,,,,,2025-05-14
2025-05-14,2025-05-14,CM,BSE,STK,500042,INE373A01013,BASF,A,,,,,BASF INDIA LTD.,4619.45,4655.65,4370.1,4482.45,4528.0,4568.2,,4476.2,,,6285,28249151.0,1501,F1,1,,,,,,2025-05-14
2025-05-14,2025-05-14,CM,BSE,STK,500043,INE176A01028,BATAINDIA,A,,,,,BATA INDIA LTD.,1214.35,1218.0,1202.45,1211.85,1213.0,1203.45,,1210.4,,,8951,10838378.0,1308,F1,1,,,,,,2025-05-14
2025-05-14,2025-05-14,CM,BSE,STK,500048,INE258A01016,BEML,A,,,,,BEML LTD.,3342.6,3482.6,3322.6,3391.85,3391.85,3326.6,,3389.9,,,48359,164399388.0,3403,F1,1,,,,,,2025-05-14
2025-05-14,2025-05-14,CM,BSE,STK,500049,INE263A01024,BEL,A,,,,,BHARAT ELECTRONICS LTD.,339.0,345.9,334.45,344.35,344.35,335.75,,344.35,,,3360893,1149204081.0,43647,F1,1,,,,,,2025-05-14
2025-05-14,2025-05-14,CM,BSE,STK,500052,INE922A01025,BEPL,B,,,,,BHANSALI ENGINEERING POLYMERS,110.75,111.0,109.6,110.95,111.0,109.85,,110.97,,,59645,6603338.0,919,F1,1,,,,,,2025-05-14
2025-05-14,2025-05-14,CM,BSE,STK,500058,INE819C01011,BIHSPONG,X,,,,,BIHAR SPONGE IRON LTD.,12.7,12.7,12.05,12.29,12.29,12.31,,12.29,,,12245,150955.0,80,F1,1,,,,,,2025-05-14
2025-05-14,2025-05-14,CM,BSE,STK,500059,INE071A01013,BINANIIND,T,,,,,BINANI INDUSTRIES LTD.,15.11,16.55,15.11,16.49,16.55,15.77,,16.47,,,10434,170544.0,70,F1,1,,,,,,2025-05-14
2025-05-14,2025-05-14,CM,BSE,STK,500060,INE800A01015,BIRLACABLE,B,,,,,Birla Cable Limited,155.05,158.25,154.95,155.7,157.2,152.9,,156.2,,,4034,630577.0,157,F1,1,,,,,,2025-05-14
2025-05-14,2025-05-14,CM,BSE,STK,500067,INE472A01039,BLUESTARCO,A,,,,,BLUE STAR LTD.,1582.6,1592.75,1550.0,1559.05,1562.0,1580.15,,1558.9,,,17949,28153393.0,1537,F1,1,,,,,,2025-05-14
2025-05-14,2025-05-14,CM,BSE,STK,500068,INE131C01011,DISAQ,B,,,,,DISA INDIA LTD.,13901.0,14575.0,13901.0,14344.0,14344.0,14000.0,,14344.0,,,31,441919.0,13,F1,1,,,,,,2025-05-14
2025-05-14,2025-05-14,CM,BSE,STK,500069,INE418C01012,QUESTCAP,X,,,,,QUEST CAPITAL MARKETS LIMITED,415.0,415.0,380.0,381.85,390.0,395.35,,381.85,,,1142,447732.0,71,F1,1,,,,,,2025-05-14
2025-05-14,2025-05-14,CM,BSE,STK,500074,INE110A01019,BPL,B,,,,,BPL LTD.,71.0,75.64,71.0,75.54,75.49,73.96,,75.42,,,8808,661587.0,460,F1,1,,,,,,2025-05-14
2025-05-14,2025-05-14,CM,BSE,STK,500078,INE959C01023,OAL,B,,,,,ORIENTAL AROMATICS LIMITED,339.0,385.0,339.0,382.9,381.5,379.05,,383.7,,,1338,507662.0,158,F1,1,,,,,,2025-05-14
2025-05-14,2025-05-14,CM,BSE,STK,500083,INE281A01026,CENTEXT,B,,,,,CENTURY EXTRUSIONS LTD.,18.19,18.38,17.9,18.05,17.9,18.18,,17.95,,,10192,185395.0,137,F1,1,,,,,,2025-05-14
2025-05-14,2025-05-14,CM,BSE,STK,500084,INE486A01021,CESC,A,,,,,CESC LTD.,164.55,169.0,161.75,167.8,168.0,163.9,,167.81,,,296686,49184531.0,5341,F1,1,,,,,,2025-05-14
2025-05-14,2025-05-14,CM,BSE,STK,500085,INE085A01013,CHAMBLFERT,A,,,,,CHAMBAL FERTILISERS & CHEMICAL,659.0,665.5,644.75,648.1,648.45,657.2,,647.95,,,76929,50118812.0,2012,F1,1,,,,,,2025-05-14
2025-05-14,2025-05-14,CM,BSE,STK,500086,INE302A01020,EXIDEIND,A,,,,,EXIDE INDUSTRIES LTD.,377.25,383.9,374.85,382.8,382.8,375.0,,382.85,,,99501,37889776.0,2519,F1,1,,,,,,2025-05-14
2025-05-14,2025-05-14,CM,BSE,STK,500087,INE059A01026,CIPLA,A,,,,,CIPLA LTD.,1502.45,1505.3,1474.1,1495.4,1498.25,1519.45,,1494.8,,,179806,269347892.0,6981,F1,1,,,,,,2025-05-14
2025-05-14,2025-05-14,CM,BSE,STK,500089,INE303A01010,DICIND,B,,,,,DIC INDIA LTD.,641.65,653.9,641.6,649.8,649.15,650.1,,648.9,,,218,140842.0,32,F1,1,,,,,,2025-05-14
2025-05-14,2025-05-14,CM,BSE,STK,500092,INE007A01025,CRISIL,A,,,,,CRISIL LTD.,5115.0,5181.8,5057.25,5069.25,5064.95,5113.35,,5068.9,,,1331,6800316.0,365,F1,1,,,,,,2025-05-14
2025-05-14,2025-05-14,CM,BSE,STK,500093,INE067A01029,CGPOWER,A,,,,,CG Power and Industrial Soluti,652.0,675.75,647.9,672.5,672.5,651.35,,673.0,,,108513,72595350.0,3677,F1,1,,,,,,2025-05-14
2025-05-14,2025-05-14,CM,BSE,STK,500096,INE016A01026,DABUR,A,,,,,DABUR INDIA LTD.,473.35,475.0,466.8,469.1,469.1,473.35,,468.95,,,35931,16859511.0,1758,F1,1,,,,,,2025-05-14
2025-05-14,2025-05-14,CM,BSE,STK,500097,INE495A01022,DALMIASUG,B,,,,,DALMIA BHARAT SUGAR AND INDUST,445.05,464.0,442.0,449.45,447.9,413.65,,450.6,,,131699,59526181.0,4901,F1,1,,,,,,2025-05-14
2025-05-14,2025-05-14,CM,BSE,STK,500101,INE034A01011,ARVIND,A,,,,,ARVIND LTD.,393.4,401.2,388.45,398.7,398.95,392.8,,399.0,,,38917,15436620.0,1185,F1,1,,,,,,2025-05-14
2025-05-14,2025-05-14,CM,BSE,STK,500103,INE257A01026,BHEL,A,,,,,BHARAT HEAVY ELECTRICALS LTD.,239.5,240.85,234.4,239.75,239.75,238.85,,239.39,,,1408178,334949142.0,14361,F1,1,,,,,,2025-05-14
2025-05-14,2025-05-14,CM,BSE,STK,500104,INE094A01015,HINDPETRO,A,,,,,HINDUSTAN PETROLEUM CORPORATIO,392.5,398.0,392.5,396.5,396.5,389.0,,396.6,,,174432,69047694.0,4104,F1,1,,,,,,2025-05-14
2025-05-14,2025-05-14,CM,BSE,STK,500106,INE039A01010,IFCI,A,,,,,IFCI LTD.,43.72,45.11,43.23,44.28,44.28,43.41,,44.29,,,1075953,47653287.0,3934,F1,1,,,,,,2025-05-14
2025-05-14,2025-05-14,CM,BSE,STK,500108,INE153A01019,MTNL,A,,,,,MAHANAGAR TELEPHONE NIGAM LTD.,41.9,43.2,41.31,42.3,42.3,41.52,,42.26,,,705618,29825983.0,3827,F1,1,,,,,,2025-05-14
2025-05-14,2025-05-14,CM,BSE,STK,500109,INE103A01014,MRPL,A,,,,,MANGALORE REFINERY & PETROCHEM,131.0,134.4,131.0,134.25,134.2,131.95,,134.23,,,55442,7392736.0,543,F1,1,,,,,,2025-05-14
2025-05-14,2025-05-14,CM,BSE,STK,500110,INE178A01016,CHENNPETRO,A,,,,,CHENNAI PETROLEUM CORPORATION,622.0,629.5,622.0,626.5,626.5,621.05,,626.85,,,13410,8382958.0,643,F1,1,,,,,,2025-05-14
2025-05-14,2025-05-14,CM,BSE,STK,500112,INE062A01020,SBIN,A,,,,,STATE BANK OF INDIA,805.25,807.45,796.5,800.35,800.35,801.9,,800.65,,,1139114,912764941.0,24980,F1,1,,,,,,2025-05-14
2025-05-14,2025-05-14,CM,BSE,STK,500113,INE114A01011,SAIL,A,,,,,STEEL AUTHORITY OF INDIA LTD.,116.85,123.0,116.7,122.7,122.7,116.05,,122.68,,,2990694,360791919.0,19090,F1,1,,,,,,2025-05-14
2025-05-14,2025-05-14,CM,BSE,STK,500114,INE280A01028,TITAN,A,,,,,TITAN COMPANY LIMITED,3540.3,3609.9,3540.3,3589.4,3587.0,3563.8,,3587.6,,,30041,107727157.0,4297,F1,1,,,,,,2025-05-14
2025-05-14,2025-05-14,CM,BSE,STK,500116,INE008A01015,IDBI,A,,,,,IDBI BANK LTD.,82.09,86.67,82.09,85.54,85.54,81.78,,85.61,,,831831,70555709.0,3396,F1,1,,,,,,2025-05-14
2025-05-14,2025-05-14,CM,BSE,STK,500117,INE500A01029,DCW,B,,,,,DCW LTD.,76.76,78.49,76.75,77.22,77.38,76.61,,77.17,,,88778,6877023.0,1029,F1,1,,,,,,2025-05-14
2025-05-14,2025-05-14,CM,BSE,STK,500119,INE041A01016,DHAMPURSUG,B,,,,,DHAMPUR SUGAR MILLS LTD.,135.95,139.6,134.6,138.9,138.9,132.5,,138.7,,,33622,4630981.0,1025,F1,1,,,,,,2025-05-14
2025-05-14,2025-05-14,CM,BSE,STK,500120,INE591D01014,DIAMINESQ,B,,,,,DIAMINES & CHEMICALS LTD.,380.3,385.7,372.05,383.8,385.0,375.95,,383.1,,,313,119341.0,55,F1,1,,,,,,2025-05-14
2025-05-14,2025-05-14,CM,BSE,STK,500123,INE280B01018,ELANTAS,B,,,,,ELANTAS BECK INDIA LTD.,9205.0,9280.0,9150.0,9223.95,9245.0,9277.55,,9223.95,,,277,2554993.0,102,F1,1,,,,,,2025-05-14
2025-05-14,2025-05-14,CM,BSE,STK,500124,INE089A01031,DRREDDY,A,,,,,DR.REDDYS LABORATORIES LTD.,1208.0,1222.45,1194.0,1219.85,1219.1,1206.8,,1220.0,,,18265,22152772.0,1465,F1,1,,,,,,2025-05-14
2025-05-14,2025-05-14,CM,BSE,STK,500125,INE126A01031,EIDPARRY,A,,,,,E.I.D.-PARRY (INDIA) LTD.,899.35,924.0,896.0,922.1,919.4,897.5,,922.15,,,22931,20957239.0,1693,F1,1,,,,,,2025-05-14
2025-05-14,2025-05-14,CM,BSE,STK,500126,INE199A01012,PGHL,A,,,,,PROCTER & GAMBLE HEALTH LIMITE,5122.0,5250.0,5092.75,5235.35,5234.5,5088.9,,5232.0,,,666,3450801.0,225,F1,1,,,,,,2025-05-14
2025-05-14,2025-05-14,CM,BSE,STK,500128,INE086A01029,ELECTCAST,A,,,,,ELECTROSTEEL CASTINGS LTD.,98.8,102.73,98.02,101.27,101.27,98.02,,101.0,,,123874,12506888.0,1725,F1,1,,,,,,2025-05-14
2025-05-14,2025-05-14,CM,BSE,STK,500133,INE284A01012,ESABINDIA,A,,,,,ESAB INDIA LTD.,4936.9,5084.1,4936.9,5026.45,5037.6,4872.45,,5012.1,,,258,1292376.0,98,F1,1,,,,,,2025-05-14
2025-05-14,2025-05-14,CM,BSE,STK,500135,INE255A01020,EPL,A,,,,,EPL LIMITED,228.05,233.4,224.0,228.2,228.85,232.4,,228.25,,,120763,27527541.0,2697,F1,1,,,,,,2025-05-14
2025-05-14,2025-05-14,CM,BSE,STK,500136,INE778B01029,ESTER,B,,,,,ESTER INDUSTRIES LTD.,122.0,126.35,115.8,116.55,118.0,123.0,,116.71,,,21824,2615753.0,754,F1,1,,,,,,2025-05-14
2025-05-14,2025-05-14,CM,BSE,STK,500142,INE512A01016,FGP,X,,,,,FGP LTD.,10.29,10.43,9.76,10.4,10.4,9.49,,10.4,,,22207,229568.0,70,F1,1,,,,,,2025-05-14
2025-05-14,2025-05-14,CM,BSE,STK,500143,INE160F01013,PHCAP,X,,,,,PH CAPITAL LTD.,198.95,198.95,191.0,193.85,193.0,192.75,,193.85,,,776,150172.0,48,F1,1,,,,,,2025-05-14
2025-05-14,2025-05-14,CM,BSE,STK,500144,INE235A01022,FINCABLES,A,,,,,FINOLEX CABLES LTD.,924.95,934.5,914.2,929.0,929.0,919.6,,928.95,,,25715,23808103.0,1650,F1,1,,,,,,2025-05-14
2025-05-14,2025-05-14,CM,BSE,STK,500147,INE515A01019,COCKERILL,B,,,,,JOHN COCKERILL INDIA LIMITED,2850.0,2859.6,2801.25,2817.65,2820.0,2874.0,,2817.65,,,2306,6512048.0,272,F1,1,,,,,,2025-05-14
2025-05-14,2025-05-14,CM,BSE,STK,500148,INE516A01017,UFLEX,B,,,,,UFLEX LTD.,569.95,587.55,568.85,585.05,583.5,568.0,,584.85,,,8357,4848737.0,1192,F1,1,,,,,,2025-05-14
2025-05-14,2025-05-14,CM,BSE,STK,500150,INE519A01011,FOSECOIND,B,,,,,FOSECO INDIA LTD.,4061.65,4150.0,3925.0,3989.75,4040.0,3987.3,,4076.6,,,263,1077610.0,74,F1,1,,,,,,2025-05-14
2025-05-14,2025-05-14,CM,BSE,STK,500151,INE973A01010,GOLDENTOBC,Z,,,,,GOLDEN TOBACCO LTD.,34.19,36.98,33.99,36.98,36.98,35.77,,36.31,,,787,26989.0,14,F1,1,,,,,,2025-05-14
2025-05-14,2025-05-14,CM,BSE,STK,500153,INE388A01029,GANESHBE,B,,,,,GANESH BENZOPLAST LTD.,118.0,123.9,118.0,121.4,122.15,120.05,,121.49,,,21491,2588112.0,1036,F1,1,,,,,,2025-05-14
2025-05-14,2025-05-14,CM,BSE,STK,500159,INE085D01033,METROGLOBL,X,,,,,METROGLOBAL LIMITED,128.45,135.0,128.45,131.6,132.0,128.45,,131.6,,,2932,387033.0,55,F1,1,,,,,,2025-05-14
2025-05-14,2025-05-14,CM,BSE,STK,500160,INE043A01012,GTL,B,,,,,GTL LTD.,8.44,8.5,8.31,8.49,8.5,8.25,,8.49,,,89350,751969.0,228,F1,1,,,,,,2025-05-14
2025-05-14,2025-05-14,CM,BSE,STK,500163,INE260B01028,GODFRYPHLP,A,,,,,GODFREY PHILLIPS INDIA LTD.,9147.7,9147.7,8700.0,8962.1,8930.5,9007.15,,8966.5,,,11534,102239249.0,2760,F1,1,,,,,,2025-05-14
2025-05-14,2025-05-14,CM,BSE,STK,500164,INE233A01035,GODREJIND,A,,,,,GODREJ INDUSTRIES LTD.,1117.05,1180.45,1117.05,1169.55,1175.75,1141.6,,1172.5,,,3634,4232040.0,403,F1,1,,,,,,2025-05-14
2025-05-14,2025-05-14,CM,BSE,STK,500165,INE531A01024,KANSAINER,A,,,,,KANSAI NEROLAC PAINTS LTD.,264.35,264.35,258.35,259.95,259.95,261.1,,260.15,,,22562,5862856.0,734,F1,1,,,,,,2025-05-14
2025-05-14,2025-05-14,CM,BSE,STK,500166,INE300A01016,GOODRICKE,X,,,,,GOODRICKE GROUP LTD.,186.55,192.9,185.0,190.25,191.0,184.6,,190.25,,,16571,3144261.0,183,F1,1,,,,,,2025-05-14
2025-05-14,2025-05-14,CM,BSE,STK,500168,INE533A01012,GOODYEAR,B,,,,,GOODYEAR INDIA LTD.,940.0,945.0,928.1,937.0,937.0,945.35,,937.0,,,4329,4057781.0,438,F1,1,,,,,,2025-05-14
2025-05-14,2025-05-14,CM,BSE,STK,500170,INE537A01013,GTNINDS,X,,,,,GTN INDUSTRIES LTD.,26.0,28.65,26.0,27.75,27.99,26.05,,27.75,,,9004,246513.0,40,F1,1,,,,,,2025-05-14
2025-05-14,2025-05-14,CM,BSE,STK,500171,INE539A01019,GHCL,A,,,,,GHCL LTD.,612.0,615.0,600.0,613.55,615.0,607.25,,613.3,,,5538,3371932.0,329,F1,1,,,,,,2025-05-14
2025-05-14,2025-05-14,CM,BSE,STK,500173,INE538A01037,GFLLIMITED,B,,,,,GFL LIMITED,54.37,54.75,52.86,53.47,53.9,53.92,,53.36,,,28066,1506008.0,1157,F1,1,,,,,,2025-05-14
2025-05-14,2025-05-14,CM,BSE,STK,500179,INE236A01020,HCL-INSYS,B,,,,,HCL INFOSYSTEMS LTD.,13.43,15.97,13.36,15.68,15.68,13.31,,15.59,,,786504,12112454.0,1525,F1,1,,,,,,2025-05-14
2025-05-14,2025-05-14,CM,BSE,STK,500180,INE040A01034,HDFCBANK,A,,,,,HDFC BANK LTD.,1923.95,1930.2,1903.15,1910.8,1910.8,1923.1,,1910.6,,,165682,317200525.0,9572,F1,1,,,,,,2025-05-14
2025-05-14,2025-05-14,CM,BSE,STK,500182,INE158A01026,HEROMOTOCO,A,,,,,HERO MOTOCORP LTD.,4085.4,4108.3,3935.0,4066.9,4066.9,4062.9,,4067.2,,,33335,134416460.0,5904,F1,1,,,,,,2025-05-14
2025-05-14,2025-05-14,CM,BSE,STK,500183,INE548A01028,HFCL,A,,,,,HFCL LIMITED,83.48,86.4,82.52,85.62,85.62,82.7,,85.65,,,1284445,108911311.0,4819,F1,1,,,,,,2025-05-14
2025-05-14,2025-05-14,CM,BSE,STK,500184,INE019C01026,HSCL,A,,,,,Himadri Speciality Chemical Lt,446.8,454.25,443.15,446.55,447.9,445.2,,446.55,,,60941,27331934.0,1341,F1,1,,,,,,2025-05-14
2025-05-14,2025-05-14,CM,BSE,STK,500185,INE549A01026,HCC,A,,,,,HINDUSTAN CONSTRUCTION CO.LTD.,27.72,28.45,27.3,27.75,27.75,27.54,,27.74,,,3184052,88922037.0,5087,F1,1,,,,,,2025-05-14
2025-05-14,2025-05-14,CM,BSE,STK,500186,INE345A01011,HINDOILEXP,A,,,,,HINDUSTAN OIL EXPLORATION CO.L,184.85,189.6,184.85,186.25,186.05,184.8,,186.23,,,29238,5469836.0,643,F1,1,,,,,,2025-05-14
2025-05-14,2025-05-14,CM,BSE,STK,500187,INE415A01038,AGI,A,,,,,AGI GREENPAC LIMITED,846.65,860.0,810.0,844.35,845.75,845.9,,838.5,,,12979,10902064.0,853,F1,1,,,,,,2025-05-14
2025-05-14,2025-05-14,CM,BSE,STK,500188,INE267A01025,HINDZINC,A,,,,,HINDUSTAN ZINC LTD.,429.65,440.5,429.65,439.0,439.5,428.55,,438.95,,,112149,49088485.0,2397,F1,1,,,,,,2025-05-14
2025-05-14,2025-05-14,CM,BSE,STK,500189,INE353A01023,NDLVENTURE,T,,,,,NDL Ventures Limited,57.25,59.25,57.25,57.92,57.9,59.89,,58.0,,,3080,178781.0,25,F1,1,,,,,,2025-05-14
2025-05-14,2025-05-14,CM,BSE,STK,500191,INE262A01018,HMT,Z,,,,,HMT LTD.,51.5,51.5,49.5,50.1,50.1,50.79,,50.05,,,2803,140511.0,76,F1,1,,,,,,2025-05-14
2025-05-14,2025-05-14,CM,BSE,STK,500192,INE962B01011,PRAGBOS,X,,,,,PRAG BOSIMI SYNTHETICS LTD.,2.39,2.53,2.31,2.44,2.46,2.38,,2.44,,,6326,15215.0,56,F1,1,,,,,,2025-05-14
2025-05-14,2025-05-14,CM,BSE,STK,500193,INE102A01024,HLVLTD,B,,,,,HLV LIMITED,13.26,13.3,12.97,13.23,13.3,13.0,,13.19,,,179868,2358329.0,763,F1,1,,,,,,2025-05-14
2025-05-14,2025-05-14,CM,BSE,STK,500199,INE204A01010,IGPL,B,,,,,I G PETROCHEMICALS LTD.,435.0,443.0,428.05,430.15,430.25,434.0,,429.85,,,1960,847859.0,207,F1,1,,,,,,2025-05-14
2025-05-14,2025-05-14,CM,BSE,STK,500201,INE560A01015,INDIAGLYCO,B,,,,,INDIA GLYCOLS LTD.,1649.95,1730.0,1630.9,1715.95,1725.0,1641.55,,1713.9,,,25956,43862433.0,2496,F1,1,,,,,,2025-05-14
2025-05-14,2025-05-14,CM,BSE,STK,500202,INE333C01013,INDLEASE,X,,,,,INDIA LEASE DEVELOPMENT LTD.,9.5,10.1,9.46,10.1,10.1,9.5,,10.1,,,707,6987.0,9,F1,1,,,,,,2025-05-14
2025-05-14,2025-05-14,CM,BSE,STK,500206,INE680B01019,MARGOFIN,X,,,,,MARGO FINANCE LIMITED,81.73,83.71,76.0,83.0,83.18,79.73,,83.0,,,5242,431669.0,128,F1,1,,,,,,2025-05-14
2025-05-14,2025-05-14,CM,BSE,STK,500207,INE156A01020,INDORAMA,B,,,,,INDO RAMA SYNTHETICS (INDIA) L,46.35,46.35,45.33,46.35,46.35,38.63,,46.45,,,104640,4850061.0,110,F1,1,,,,,,2025-05-14
2025-05-14,2025-05-14,CM,BSE,STK,500209,INE009A01021,INFY,A,,,,,INFOSYS LTD.,1575.0,1594.15,1570.0,1592.6,1592.6,1569.1,,1592.4,,,196636,312403575.0,9233,F1,1,,,,,,2025-05-14
2025-05-14,2025-05-14,CM,BSE,STK,500210,INE177A01018,INGERRAND,A,,,,,INGERSOLL-RAND (INDIA) LTD.,3869.0,3917.25,3829.55,3862.95,3870.25,3825.0,,3852.1,,,1061,4112226.0,213,F1,1,,,,,,2025-05-14
2025-05-14,2025-05-14,CM,BSE,STK,500213,INE262B01016,ITHL,X,,,,,INTERNATIONAL TRAVEL HOUSE LTD,522.85,522.85,500.4,513.75,513.75,512.85,,513.75,,,2259,1154097.0,126,F1,1,,,,,,2025-05-14
2025-05-14,2025-05-14,CM,BSE,STK,500214,INE570A01022,IONEXCHANG,A,,,,,ION EXCHANGE (INDIA) LTD.,546.05,560.9,543.05,554.4,554.4,548.45,,554.9,,,23957,13284225.0,1507,F1,1,,,,,,2025-05-14
2025-05-14,2025-05-14,CM,BSE,STK,500215,INE209A01019,SUNDROP,B,,,,,SUNDROP BRANDS LIMITED,817.9,833.4,806.1,816.35,816.35,818.1,,814.05,,,2064,1688854.0,254,F1,1,,,,,,2025-05-14
2025-05-14,2025-05-14,CM,BSE,STK,500219,INE175A01038,JISLJALEQS,A,,,,,JAIN IRRIGATION SYSTEMS LTD.,56.94,59.73,56.08,56.3,56.3,56.78,,56.33,,,593814,34083484.0,3119,F1,1,,,,,,2025-05-14
2025-05-14,2025-05-14,CM,BSE,STK,500220,INE711C01028,JASCH,X,,,,,JASCH INDUSTRIES LTD.,173.0,185.0,173.0,178.45,180.0,181.1,,178.45,,,3497,633052.0,43,F1,1,,,,,,2025-05-14
2025-05-14,2025-05-14,CM,BSE,STK,500227,INE197D01010,JINDALPOLY,B,,,,,JINDAL POLY FILMS LTD.,670.3,679.55,668.6,678.55,677.6,664.25,,677.15,,,2183,1471130.0,243,F1,1,,,,,,2025-05-14
2025-05-14,2025-05-14,CM,BSE,STK,500228,INE019A01038,JSWSTEEL,A,,,,,JSW STEEL LTD.,994.95,1011.0,988.0,989.25,988.95,989.95,,989.3,,,111850,111233583.0,3655,F1,1,,,,,,2025-05-14
2025-05-14,2025-05-14,CM,BSE,STK,500231,INE864B01027,UMANGDAIRY,B,,,,,UMANG DAIRIES LTD.,77.79,78.5,76.26,77.01,76.5,77.1,,76.94,,,1504,115676.0,67,F1,1,,,,,,2025-05-14
2025-05-14,2025-05-14,CM,BSE,STK,500233,INE217B01036,KAJARIACER,A,,,,,KAJARIA CERAMICS LTD.,839.25,892.0,839.25,865.9,866.05,849.45,,866.1,,,66226,58128994.0,4315,F1,1,,,,,,2025-05-14
2025-05-14,2025-05-14,CM,BSE,STK,500234,INE437B01014,KAKATCEM,B,,,,,KAKATIYA CEMENT SUGAR & INDUST,153.4,170.95,153.0,157.65,157.75,147.55,,158.38,,,308,49007.0,48,F1,1,,,,,,2025-05-14
2025-05-14,2025-05-14,CM,BSE,STK,500235,INE907A01026,KSL,B,,,,,KALYANI STEELS LTD.,809.8,809.8,785.8,801.85,800.0,783.4,,802.05,,,3439,2750826.0,385,F1,1,,,,,,2025-05-14
2025-05-14,2025-05-14,CM,BSE,STK,500238,INE716A01013,WHIRLPOOL,A,,,,,WHIRLPOOL OF INDIA LTD.,1266.1,1290.0,1254.15,1269.8,1271.05,1265.9,,1268.8,,,13477,17245631.0,886,F1,1,,,,,,2025-05-14
2025-05-14,2025-05-14,CM,BSE,STK,500239,INE104A01012,KGDENIM,X,,,,,KG DENIM LTD.,16.47,16.47,15.66,16.32,16.32,16.0,,16.32,,,15166,246164.0,44,F1,1,,,,,,2025-05-14
2025-05-14,2025-05-14,CM,BSE,STK,500240,INE266B01017,KINETICENG,X,,,,,KINETIC ENGINEERING LTD.,183.9,183.9,177.1,180.25,180.75,183.65,,180.25,,,15720,2840668.0,157,F1,1,,,,,,2025-05-14
2025-05-14,2025-05-14,CM,BSE,STK,500241,INE732A01036,KIRLOSBROS,A,,,,,KIRLOSKAR BROTHERS LTD.,1929.95,1935.45,1872.0,1884.15,1884.15,1904.25,,1882.3,,,16931,32355003.0,1687,F1,1,,,,,,2025-05-14
2025-05-14,2025-05-14,CM,BSE,STK,500243,INE250A01039,KIRLOSIND,B,,,,,KIRLOSKAR INDUSTRIES LTD,3061.4,3419.95,3020.15,3167.95,3173.95,2986.7,,3164.9,,,4759,15186177.0,837,F1,1,,,,,,2025-05-14
2025-05-14,2025-05-14,CM,BSE,STK,500245,INE884B01025,KIRLFER,A,,,,,KIRLOSKAR FERROUS INDUSTRIES L,515.05,566.4,515.05,547.0,547.0,515.0,,547.0,,,222297,121559291.0,3640,F1,1,,,,,,2025-05-14
2025-05-14,2025-05-14,CM,BSE,STK,500246,INE601C01013,ENVAIREL,X,,,,,ENVAIR ELECTRODYNE LTD.,99.0,116.0,90.22,103.1,116.0,97.25,,103.1,,,1985,189068.0,42,F1,1,,,,,,2025-05-14
2025-05-14,2025-05-14,CM,BSE,STK,500247,INE237A01028,KOTAKBANK,A,,,,,KOTAK MAHINDRA BANK LTD.,2113.95,2121.1,2084.25,2092.4,2092.4,2115.85,,2092.4,,,95365,200721112.0,4285,F1,1,,,,,,2025-05-14
2025-05-14,2025-05-14,CM,BSE,STK,500248,INE073A01019,KRIFILIND,XT,,,,,KRISHNA FILAMENT INDUSTRIES LI,6.51,6.77,6.51,6.77,6.77,6.45,,6.77,,,1018,6891.0,8,F1,1,,,,,,2025-05-14
2025-05-14,2025-05-14,CM,BSE,STK,500249,INE999A01023,KSB,A,,,,,KSB LIMITED,805.0,813.55,799.4,806.1,811.0,801.1,,806.4,,,2890,2331411.0,484,F1,1,,,,,,2025-05-14
2025-05-14,2025-05-14,CM,BSE,STK,500250,INE337A01034,LGBBROSLTD,B,,,,,L.G.BALAKRISHNAN & BROS.LTD.,1239.9,1284.0,1235.0,1260.35,1265.65,1239.85,,1258.2,,,4370,5489678.0,579,F1,1,,,,,,2025-05-14
2025-05-14,2025-05-14,CM,BSE,STK,500251,INE849A01020,TRENT,A,,,,,TRENT LTD.,5349.95,5411.0,5291.15,5361.25,5356.25,5325.6,,5362.0,,,17601,94406276.0,2939,F1,1,,,,,,2025-05-14
2025-05-14,2025-05-14,CM,BSE,STK,500252,INE269B01029,LMW,A,,,,,LMW Limited,17477.0,18190.0,17364.65,17971.85,18108.0,17466.6,,17998.0,,,285,5056023.0,189,F1,1,,,,,,2025-05-14
2025-05-14,2025-05-14,CM,BSE,STK,500253,INE115A01026,LICHSGFIN,A,,,,,LIC HOUSING FINANCE LTD.,596.75,619.0,595.0,616.8,615.5,602.95,,616.5,,,62483,38174858.0,2385,F1,1,,,,,,2025-05-14
2025-05-14,2025-05-14,CM,BSE,STK,500257,INE326A01037,LUPIN,A,,,,,LUPIN LTD.,2075.0,2085.2,2037.9,2072.0,2072.0,2063.0,,2071.4,,,21048,43285102.0,1921,F1,1,,,,,,2025-05-14
2025-05-14,2025-05-14,CM,BSE,STK,500259,INE933A01014,LYKALABS,B,,,,,LYKA LABS LTD.,111.1,112.0,110.75,110.9,110.9,111.05,,111.21,,,2554,284021.0,188,F1,1,,,,,,2025-05-14
2025-05-14,2025-05-14,CM,BSE,STK,500260,INE331A01037,RAMCOCEM,A,,,,,THE RAMCO CEMENTS LIMITED,977.0,997.8,972.8,993.65,993.5,976.25,,994.3,,,14443,14268121.0,1671,F1,1,,,,,,2025-05-14
2025-05-14,2025-05-14,CM,BSE,STK,500262,INE965B01022,HYBRIDFIN,B,,,,,HYBRID FINANCIAL SERVICES LIMI,11.23,11.4,10.82,11.2,11.2,11.15,,11.19,,,2510,28144.0,25,F1,1,,,,,,2025-05-14
2025-05-14,2025-05-14,CM,BSE,STK,500264,INE270B01035,MAFATIND,B,,,,,MAFATLAL INDUSTRIES LTD.,129.9,130.75,127.0,129.35,129.35,137.85,,129.35,,,265899,34217927.0,1840,F1,1,,,,,,2025-05-14
2025-05-14,2025-05-14,CM,BSE,STK,500265,INE271B01025,MAHSEAMLES,A,,,,,MAHARASHTRA SEAMLESS LTD.,671.0,689.0,664.5,686.45,686.45,670.7,,686.2,,,12955,8803170.0,773,F1,1,,,,,,2025-05-14
2025-05-14,2025-05-14,CM,BSE,STK,500266,INE288A01013,MAHSCOOTER,A,,,,,MAHARASHTRA SCOOTERS LTD.,11500.0,11699.0,11472.0,11649.3,11699.0,11525.45,,11706.0,,,189,2189105.0,119,F1,1,,,,,,2025-05-14
2025-05-14,2025-05-14,CM,BSE,STK,500267,INE201B01022,MAJESAUT,X,,,,,MAJESTIC AUTO LTD.,310.0,314.45,297.0,302.1,306.0,307.1,,302.1,,,3607,1095957.0,101,F1,1,,,,,,2025-05-14
2025-05-14,2025-05-14,CM,BSE,STK,500268,INE201A01024,MANALIPETC,B,,,,,MANALI PETROCHEMICAL LTD.,56.62,60.4,56.0,56.6,56.6,53.55,,56.51,,,239308,13787472.0,4054,F1,1,,,,,,2025-05-14
2025-05-14,2025-05-14,CM,BSE,STK,500270,INE461A01024,BARODARY,X,,,,,BARODA RAYON CORPORATION LTD.,134.0,136.85,131.65,136.4,136.6,131.2,,136.4,,,1146,154625.0,46,F1,1,,,,,,2025-05-14
2025-05-14,2025-05-14,CM,BSE,STK,500271,INE180A01020,MFSL,A,,,,,Max Financial Services Limited,1321.65,1350.0,1317.2,1340.5,1342.85,1289.4,,1338.2,,,32926,43978689.0,3599,F1,1,,,,,,2025-05-14
2025-05-14,2025-05-14,CM,BSE,STK,500277,INE401C01018,MIDINDIA,X,,,,,MID INDIA INDUSTRIES LTD.,9.9,9.9,8.52,8.67,8.53,8.99,,8.67,,,8428,76675.0,44,F1,1,,,,,,2025-05-14
2025-05-14,2025-05-14,CM,BSE,STK,500279,INE831A01028,MIRCELECTR,T,,,,,MIRC ELECTRONICS LTD.,13.4,13.41,13.3,13.3,13.3,13.39,,13.3,,,17441,233526.0,46,F1,1,,,,,,2025-05-14
2025-05-14,2025-05-14,CM,BSE,STK,500280,INE485A01015,CENTENKA,B,,,,,CENTURY ENKA LTD.,424.2,434.75,422.75,430.9,430.9,421.45,,430.5,,,7747,3329352.0,628,F1,1,,,,,,2025-05-14
2025-05-14,2025-05-14,CM,BSE,STK,500282,INE794W01014,MODTHREAD,B,,,,,MODERN THREADS (INDIA) LTD.,42.97,45.14,42.97,44.97,44.99,41.05,,43.55,,,9,398.0,7,F1,1,,,,,,2025-05-14
2025-05-14,2025-05-14,CM,BSE,STK,500284,INE846D01012,LORDSCHLO,T,,,,,LORDS CHLORO ALKALI LTD.,143.0,154.0,141.0,152.95,152.95,147.0,,150.5,,,2148,323471.0,41,F1,1,,,,,,2025-05-14
2025-05-14,2025-05-14,CM,BSE,STK,500285,INE285B01017,SPICEJET,B,,,,,SPICEJET LTD.,46.0,47.37,44.76,45.09,45.09,45.76,,45.09,,,10401783,479119659.0,13631,F1,1,,,,,,2025-05-14
2025-05-14,2025-05-14,CM,BSE,STK,500288,INE083A01026,MOREPENLAB,A,,,,,MOREPEN LABORATORIES LTD.,61.04,61.29,59.8,60.09,60.15,60.17,,60.08,,,597972,36167451.0,3133,F1,1,,,,,,2025-05-14
2025-05-14,2025-05-14,CM,BSE,STK,500290,INE883A01011,MRF,A,,,,,MRF LTD.,140850.0,141375.0,140438.1,141036.3,141036.3,140437.75,,141070.0,,,511,72018357.0,352,F1,1,,,,,,2025-05-14
2025-05-14,2025-05-14,CM,BSE,STK,500292,INE578A01017,HEIDELBERG,B,,,,,HEIDELBERGCEMENT INDIA LTD.,196.1,199.15,194.9,198.35,199.15,194.95,,198.45,,,2841,559917.0,148,F1,1,,,,,,2025-05-14
2025-05-14,2025-05-14,CM,BSE,STK,500294,INE868B01028,NCC,A,,,,,NCC LIMITED,221.75,227.25,220.3,226.25,226.25,219.9,,226.12,,,226623,50976102.0,2110,F1,1,,,,,,2025-05-14
2025-05-14,2025-05-14,CM,BSE,STK,500295,INE205A01025,VEDL,A,,,,,VEDANTA LIMITED,438.8,447.1,436.0,442.85,442.85,435.35,,442.7,,,606464,268448682.0,11781,F1,1,,,,,,2025-05-14
2025-05-14,2025-05-14,CM,BSE,STK,500296,INE290A01027,NAHARSPING,B,,,,,NAHAR SPINNING MILLS LTD.,260.0,266.7,260.0,265.6,264.25,258.45,,266.03,,,1343,355678.0,210,F1,1,,,,,,2025-05-14
2025-05-14,2025-05-14,CM,BSE,STK,500298,INE585A01020,NAPEROL,X,,,,,Naperol Investments Limited,964.5,984.9,943.4,966.6,966.6,958.85,,966.6,,,2659,2561664.0,206,F1,1,,,,,,2025-05-14
2025-05-14,2025-05-14,CM,BSE,STK,500300,INE047A01021,GRASIM,A,,,,,GRASIM INDUSTRIES LTD.,2710.05,2741.25,2707.4,2736.5,2732.6,2707.85,,2737.2,,,7169,19509336.0,893,F1,1,,,,,,2025-05-14
2025-05-14,2025-05-14,CM,BSE,STK,500302,INE140A01024,PEL,A,,,,,PIRAMAL ENTERPRISES LTD.,1074.55,1081.45,1066.3,1072.85,1074.85,1075.05,,1072.55,,,10182,10943528.0,962,F1,1,,,,,,2025-05-14
2025-05-14,2025-05-14,CM,BSE,STK,500304,INE161A01038,NIITLTD,B,,,,,NIIT LTD.,137.55,138.9,135.5,136.85,136.85,137.05,,136.99,,,126089,17265685.0,1498,F1,1,,,,,,2025-05-14
2025-05-14,2025-05-14,CM,BSE,STK,500306,INE903A01025,JAYKAY,B,,,,,Jaykay Enterprises Limited,171.75,178.0,170.0,171.85,171.85,169.0,,171.85,,,356202,61991759.0,2257,F1,1,,,,,,2025-05-14
2025-05-14,2025-05-14,CM,BSE,STK,500307,INE910A01012,NIRLON,B,,,,,NIRLON LTD.,529.55,538.9,525.0,532.7,534.9,530.35,,532.7,,,5717,3037157.0,168,F1,1,,,,,,2025-05-14
2025-05-14,2025-05-14,CM,BSE,STK,500312,INE213A01029,ONGC,A,,,,,OIL AND NATURAL GAS CORPORATIO,241.9,246.9,241.5,246.05,246.05,241.1,,246.01,,,173242,42420616.0,2808,F1,1,,,,,,2025-05-14
2025-05-14,2025-05-14,CM,BSE,STK,500313,INE591A01010,OILCOUNTUB,B,,,,,OIL COUNTRY TUBULAR LTD.,66.05,67.75,64.97,67.72,67.75,64.97,,66.03,,,4741,313278.0,107,F1,1,,,,,,2025-05-14
2025-05-14,2025-05-14,CM,BSE,STK,500314,INE750A01020,ORIENTHOT,B,,,,,ORIENTAL HOTELS LTD.,135.9,136.75,135.0,136.05,136.0,135.9,,136.03,,,10976,1490149.0,375,F1,1,,,,,,2025-05-14
2025-05-14,2025-05-14,CM,BSE,STK,500317,INE142A01012,OSWALAGRO,B,,,,,OSWAL AGRO MILLS LTD.,80.01,82.99,80.01,81.57,81.5,81.03,,81.65,,,9854,809729.0,215,F1,1,,,,,,2025-05-14
2025-05-14,2025-05-14,CM,BSE,STK,500319,INE557C01017,INDSUCR,X,,,,,INDIAN SUCROSE LTD.,92.5,96.0,92.5,95.76,95.02,91.91,,95.76,,,5572,528954.0,75,F1,1,,,,,,2025-05-14
2025-05-14,2025-05-14,CM,BSE,STK,500322,INE167E01037,PANCM,X,,,,,PANYAM CEMENTS & MINERAL INDUS,126.0,126.0,125.75,126.0,126.0,120.0,,126.0,,,824,103798.0,20,F1,1,,,,,,2025-05-14
2025-05-14,2025-05-14,CM,BSE,STK,500325,INE002A01018,RELIANCE,A,,,,,RELIANCE INDUSTRIES LTD.,1418.1,1429.8,1415.5,1424.25,1424.25,1416.2,,1424.4,,,320533,456354254.0,11597,F1,1,,,,,,2025-05-14
2025-05-14,2025-05-14,CM,BSE,STK,500327,INE600A01035,PILITA,B,,,,,Pil Italica Lifestyle Limited,16.05,16.13,15.73,15.75,15.75,15.74,,15.82,,,13047,207361.0,137,F1,1,,,,,,2025-05-14
2025-05-14,2025-05-14,CM,BSE,STK,500330,INE301A01014,RAYMOND,T,,,,,RAYMOND LTD.,530.0,556.45,530.0,556.45,556.45,1561.3,,551.2,,,86305,47821922.0,1747,F1,1,,,,,,2025-05-14
2025-05-14,2025-05-14,CM,BSE,STK,500331,INE318A01026,PIDILITIND,A,,,,,PIDILITE INDUSTRIES LTD.,3102.5,3119.8,3092.0,3108.5,3112.0,3101.9,,3108.6,,,9347,29042166.0,1495,F1,1,,,,,,2025-05-14
2025-05-14,2025-05-14,CM,BSE,STK,500333,INE751B01018,PIXTRANS,B,,,,,PIX TRANSMISSIONS LTD.,1670.1,1689.95,1650.0,1658.8,1660.0,1668.4,,1660.9,,,1196,1989271.0,201,F1,1,,,,,,2025-05-14
2025-05-14,2025-05-14,CM,BSE,STK,500335,INE340A01012,BIRLACORPN,A,,,,,BIRLA CORPORATION LTD.,1329.95,1389.6,1295.0,1377.15,1377.15,1336.15,,1378.3,,,32856,44345938.0,3479,F1,1,,,,,,2025-05-14
2025-05-14,2025-05-14,CM,BSE,STK,500336,INE335A01020,SURYAROSNI,A,,,,,SURYA ROSHNI LTD.,286.9,302.55,285.0,291.3,291.6,283.55,,291.3,,,167508,49438642.0,5606,F1,1,,,,,,2025-05-14
2025-05-14,2025-05-14,CM,BSE,STK,500337,INE032B01021,PRIMESECU,B,,,,,PRIME SECURITIES LTD.,240.1,248.45,236.05,239.7,242.8,241.45,,242.46,,,1189,289979.0,56,F1,1,,,,,,2025-05-14
2025-05-14,2025-05-14,CM,BSE,STK,500338,INE010A01011,PRSMJOHNSN,A,,,,,PRISM JOHNSON LIMITED.,129.4,134.15,128.6,133.45,134.15,128.15,,133.33,,,12705,1679382.0,219,F1,1,,,,,,2025-05-14
2025-05-14,2025-05-14,CM,BSE,STK,500339,INE855B01025,RAIN,A,,,,,RAIN INDUSTRIES LIMITED,145.75,147.45,145.3,146.95,146.95,145.1,,147.06,,,36853,5401437.0,626,F1,1,,,,,,2025-05-14
2025-05-14,2025-05-14,CM,BSE,STK,500342,INE024D01016,PRUDMOULI,T,,,,,PRUDENTIAL SUGAR CORPORATION L,43.9,43.9,43.9,43.9,43.9,42.3,,39.87,,,1,43.0,1,F1,1,,,,,,2025-05-14
2025-05-14,2025-05-14,CM,BSE,STK,500343,INE606A01024,AMJLAND,B,,,,,AMJ LAND HOLDINGS LIMITED,48.17,57.6,48.1,57.6,57.6,48.0,,57.43,,,87828,5004167.0,307,F1,1,,,,,,2025-05-14
2025-05-14,2025-05-14,CM,BSE,STK,500346,INE609A01010,PUNJCOMMU,B,,,,,PUNJAB COMMUNICATIONS LTD.,50.99,51.0,50.01,50.99,50.99,50.84,,50.99,,,327,16606.0,24,F1,1,,,,,,2025-05-14
2025-05-14,2025-05-14,CM,BSE,STK,500350,INE611A01016,RSWM,B,,,,,RSWM LTD.,154.4,157.25,153.3,156.3,156.3,151.95,,156.23,,,7216,1122847.0,327,F1,1,,,,,,2025-05-14
2025-05-14,2025-05-14,CM,BSE,STK,500354,INE562B01019,RAJSREESUG,B,,,,,RAJSHREE SUGARS & CHEMICALS LT,46.25,49.0,46.25,48.58,48.71,45.71,,48.61,,,17796,846796.0,282,F1,1,,,,,,2025-05-14
2025-05-14,2025-05-14,CM,BSE,STK,500355,INE613A01020,RALLIS,A,,,,,RALLIS INDIA LTD.,260.05,309.4,259.65,292.55,292.55,259.8,,292.28,,,165745,46386210.0,4671,F1,1,,,,,,2025-05-14
2025-05-14,2025-05-14,CM,BSE,STK,500356,INE278B01020,RAMANEWS,T,,,,,SHREE RAMA NEWSPRINT LTD.,38.99,38.99,36.0,37.43,37.43,37.14,,37.74,,,283881,11041640.0,124,F1,1,,,,,,2025-05-14
2025-05-14,2025-05-14,CM,BSE,STK,500360,INE350D01015,RAPICUT,X,,,,,RAPICUT CARBIDES LTD.,73.99,76.75,72.98,75.89,75.89,72.98,,75.89,,,947,71277.0,18,F1,1,,,,,,2025-05-14
2025-05-14,2025-05-14,CM,BSE,STK,500365,INE731F01037,WELSPLSOL,B,,,,,WELSPUN SPECIALTY SOLUTIONS LI,31.79,33.0,31.69,32.06,32.06,32.03,,32.06,,,522205,16783542.0,889,F1,1,,,,,,2025-05-14
2025-05-14,2025-05-14,CM,BSE,STK,500366,INE293A01013,ROLTA,Z,,,,,ROLTA INDIA LTD.,2.29,2.35,2.29,2.35,2.35,2.24,,2.36,,,26202,61414.0,15,F1,1,,,,,,2025-05-14
2025-05-14,2025-05-14,CM,BSE,STK,500367,INE642C01025,RUBFILA,B,,,,,RUBFILA INTERNATIONAL LTD.,72.9,76.79,70.86,74.27,74.12,71.7,,74.53,,,11404,852821.0,282,F1,1,,,,,,2025-05-14
2025-05-14,2025-05-14,CM,BSE,STK,500368,INE619A01035,PATANJALI,A,,,,,Patanjali Foods Limited,1830.0,1834.75,1776.45,1786.15,1787.0,1816.55,,1783.4,,,8542,15357831.0,1017,F1,1,,,,,,2025-05-14
2025-05-14,2025-05-14,CM,BSE,STK,500370,INE924A01013,SALORAINTL,X,,,,,SALORA INTERNATIONAL LTD.,45.97,45.97,45.75,45.77,45.79,45.06,,45.77,,,354,16227.0,8,F1,1,,,,,,2025-05-14
2025-05-14,2025-05-14,CM,BSE,STK,500378,INE324A01032,JINDALSAW,A,,,,,JINDAL SAW LTD.,214.0,219.95,212.3,219.5,219.5,213.0,,219.37,,,72005,15629139.0,1456,F1,1,,,,,,2025-05-14
2025-05-14,2025-05-14,CM,BSE,STK,500380,INE786A01032,JKLAKSHMI,A,,,,,JK LAKSHMI CEMENT LTD.,814.9,867.95,808.15,861.9,867.0,814.9,,861.95,,,17637,14854651.0,2241,F1,1,,,,,,2025-05-14
2025-05-14,2025-05-14,CM,BSE,STK,500387,INE070A01015,SHREECEM,A,,,,,SHREE CEMENT LTD.,30220.45,30900.0,30183.65,30631.9,30866.1,30200.75,,30620.0,,,1860,56998381.0,761,F1,1,,,,,,2025-05-14
2025-05-14,2025-05-14,CM,BSE,STK,500388,INE970C01012,SKPMIL,X,,,,,SHREE KRISHNA PAPER MILLS & IN,39.71,41.0,39.71,41.0,41.0,41.8,,41.0,,,209,8325.0,6,F1,1,,,,,,2025-05-14
2025-05-14,2025-05-14,CM,BSE,STK,500389,INE368A01021,SILVERLINE,XT,,,,,SILVERLINE TECHNOLOGIES LTD.,11.15,11.72,10.7,11.72,11.72,11.17,,11.72,,,80123,929500.0,261,F1,1,,,,,,2025-05-14
2025-05-14,2025-05-14,CM,BSE,STK,500390,INE036A01016,RELINFRA,A,,,,,RELIANCE INFRASTRUCTURE LTD.,267.95,273.55,265.0,272.0,272.0,265.65,,271.7,,,341119,91994519.0,4696,F1,1,,,,,,2025-05-14
2025-05-14,2025-05-14,CM,BSE,STK,500400,INE245A01021,TATAPOWER,A,,,,,TATA POWER CO.LTD.,390.05,398.7,390.05,397.0,397.0,389.15,,396.95,,,438493,172690234.0,6824,F1,1,,,,,,2025-05-14
2025-05-14,2025-05-14,CM,BSE,STK,500402,INE937A01023,SPMLINFRA,B,,,,,SPML INFRA LIMITED,192.0,195.5,185.95,186.9,186.05,187.05,,187.16,,,20229,3885079.0,431,F1,1,,,,,,2025-05-14
2025-05-14,2025-05-14,CM,BSE,STK,500403,INE387A01021,SUNDRMFAST,A,,,,,SUNDRAM FASTENERS LTD.,960.0,987.0,958.35,985.75,985.95,955.0,,983.7,,,5725,5619993.0,452,F1,1,,,,,,2025-05-14
2025-05-14,2025-05-14,CM,BSE,STK,500404,INE947A01014,SUNFLAG,A,,,,,SUNFLAG IRON & STEEL CO.LTD.,247.4,257.1,244.45,254.0,255.05,242.45,,253.94,,,32132,8148922.0,1207,F1,1,,,,,,2025-05-14
2025-05-14,2025-05-14,CM,BSE,STK,500405,INE663A01033,SPLPETRO,A,,,,,SUPREME PETROCHEM LTD.,689.25,712.0,686.35,707.55,707.15,687.05,,708.85,,,7064,4965530.0,684,F1,1,,,,,,2025-05-14
2025-05-14,2025-05-14,CM,BSE,STK,500407,INE277A01016,SWARAJENG,B,,,,,SWARAJ ENGINES LTD.,4168.0,4218.7,4074.15,4147.8,4177.0,4165.95,,4152.5,,,2333,9679153.0,508,F1,1,,,,,,2025-05-14
2025-05-14,2025-05-14,CM,BSE,STK,500408,INE670A01012,TATAELXSI,A,,,,,TATA ELXSI LTD.,6046.95,6134.85,5983.3,6096.5,6100.0,5984.05,,6100.5,,,13632,82898357.0,3518,F1,1,,,,,,2025-05-14
2025-05-14,2025-05-14,CM,BSE,STK,500410,INE012A01025,ACC,A,,,,,ACC LTD.,1863.95,1879.0,1856.75,1862.75,1862.75,1851.65,,1861.0,,,47873,89542926.0,1982,F1,1,,,,,,2025-05-14
2025-05-14,2025-05-14,CM,BSE,STK,500411,INE152A01029,THERMAX,A,,,,,THERMAX LTD.,3330.0,3422.9,3330.0,3404.75,3402.2,3321.15,,3405.1,,,15638,53090309.0,2544,F1,1,,,,,,2025-05-14
2025-05-14,2025-05-14,CM,BSE,STK,500412,INE338A01024,TIRUMALCHM,A,,,,,THIRUMALAI CHEMICALS LTD.,256.2,264.85,254.15,262.2,264.2,256.15,,262.49,,,23595,6127383.0,752,F1,1,,,,,,2025-05-14
2025-05-14,2025-05-14,CM,BSE,STK,500413,INE332A01027,THOMASCOOK,A,,,,,THOMAS COOK (INDIA) LTD.,142.45,145.75,140.5,143.55,143.55,140.1,,143.62,,,81439,11630794.0,1699,F1,1,,,,,,2025-05-14
2025-05-14,2025-05-14,CM,BSE,STK,500414,INE064A01026,TIMEX,B,,,,,TIMEX GROUP INDIA LTD.,221.95,230.0,221.25,222.55,222.55,220.35,,222.55,,,64936,14652861.0,966,F1,1,,,,,,2025-05-14
2025-05-14,2025-05-14,CM,BSE,STK,500418,INE932C01012,TOKYOPLAST,B,,,,,TOKYO PLAST INTERNATIONAL LTD.,131.8,133.0,127.9,131.0,130.35,131.8,,131.45,,,1293,168713.0,40,F1,1,,,,,,2025-05-14
2025-05-14,2025-05-14,CM,BSE,STK,500420,INE685A01028,TORNTPHARM,A,,,,,TORRENT PHARMACEUTICALS LTD.,3208.5,3256.75,3208.5,3243.0,3235.4,3232.2,,3244.9,,,1216,3932082.0,355,F1,1,,,,,,2025-05-14
2025-05-14,2025-05-14,CM,BSE,STK,500421,INE578C01021,TPINDIA,X,,,,,TPI INDIA LTD.,16.34,16.76,13.0,16.42,16.42,16.02,,16.42,,,4062,66460.0,26,F1,1,,,,,,2025-05-14
2025-05-14,2025-05-14,CM,BSE,STK,500422,INE019B01010,TRANSCHEM,X,,,,,TRANSCHEM LTD.,44.7,44.7,43.5,44.36,44.25,43.8,,44.36,,,6521,288288.0,21,F1,1,,,,,,2025-05-14
2025-05-14,2025-05-14,CM,BSE,STK,500425,INE079A01024,AMBUJACEM,A,,,,,AMBUJA CEMENTS LTD.,541.8,544.85,536.1,543.9,543.9,537.1,,543.6,,,56000,30303042.0,2440,F1,1,,,,,,2025-05-14
2025-05-14,2025-05-14,CM,BSE,STK,500426,INE184E01024,UTLINDS,X,,,,,UTL INDUSTRIES LIMITED,2.86,2.98,2.55,2.79,2.79,2.83,,2.79,,,169403,470990.0,202,F1,1,,,,,,2025-05-14
2025-05-14,2025-05-14,CM,BSE,STK,500429,INE037A01022,UNIENTER,B,,,,,UNIPHOS ENTERPRISES LTD.,158.55,160.0,156.2,160.0,160.0,158.55,,158.93,,,866,137702.0,30,F1,1,,,,,,2025-05-14
2025-05-14,2025-05-14,CM,BSE,STK,500439,INE701A01023,VHL,B,,,,,VARDHMAN HOLDINGS LTD.,3683.95,3747.9,3683.95,3739.95,3746.55,3606.8,,3724.7,,,62,231433.0,28,F1,1,,,,,,2025-05-14
2025-05-14,2025-05-14,CM,BSE,STK,500440,INE038A01020,HINDALCO,A,,,,,HINDALCO INDUSTRIES LTD.,635.0,652.7,634.0,650.65,650.65,634.75,,650.55,,,177577,115010280.0,5200,F1,1,,,,,,2025-05-14
2025-05-14,2025-05-14,CM,BSE,STK,500444,INE976A01021,WSTCSTPAPR,A,,,,,West Coast Paper Mills Limited,449.8,470.0,449.8,460.6,459.95,449.85,,460.65,,,13710,6304032.0,888,F1,1,,,,,,2025-05-14
2025-05-14,2025-05-14,CM,BSE,STK,500449,INE048A01011,HOCL,T,,,,,HINDUSTAN ORGANIC CHEMICALS LT,35.0,36.5,34.8,35.29,36.0,35.08,,35.29,,,95989,3418405.0,380,F1,1,,,,,,2025-05-14
2025-05-14,2025-05-14,CM,BSE,STK,500450,INE844C01027,MPILCORPL,X,,,,,MPIL CORPORATION LTD.,617.5,617.5,617.5,617.5,617.5,649.95,,617.5,,,25,15437.0,6,F1,1,,,,,,2025-05-14
2025-05-14,2025-05-14,CM,BSE,STK,500456,INE818B01023,PASUPTAC,T,,,,,PASUPATI ACRYLON LTD.,47.7,48.59,47.06,48.59,48.59,46.28,,48.8,,,2891,138694.0,22,F1,1,,,,,,2025-05-14
2025-05-14,2025-05-14,CM,BSE,STK,500458,INE601A01017,KORE,XT,,,,,Kore Foods Limited,28.47,28.47,27.15,28.19,28.19,28.2,,28.19,,,1781,50241.0,19,F1,1,,,,,,2025-05-14
2025-05-14,2025-05-14,CM,BSE,STK,500459,INE179A01014,PGHH,A,,,,,PROCTER & GAMBLE HYGIENE & HEA,13980.0,14019.1,13915.0,13943.25,13922.0,13995.9,,13953.0,,,178,2487306.0,86,F1,1,,,,,,2025-05-14
2025-05-14,2025-05-14,CM,BSE,STK,500460,INE304A01026,MUKANDLTD,B,,,,,MUKAND LTD.,108.0,114.0,107.9,112.7,113.95,107.8,,112.83,,,11430,1262538.0,562,F1,1,,,,,,2025-05-14
2025-05-14,2025-05-14,CM,BSE,STK,500463,INE676A01027,BBOX,B,,,,,BLACK BOX LIMITED,431.95,433.9,423.7,431.35,432.5,424.7,,431.5,,,38688,16599212.0,1427,F1,1,,,,,,2025-05-14
2025-05-14,2025-05-14,CM,BSE,STK,500464,INE139B01016,UCAL,B,,,,,UCAL LIMITED,152.15,159.7,151.9,159.65,159.65,153.1,,158.56,,,3734,578942.0,236,F1,1,,,,,,2025-05-14
2025-05-14,2025-05-14,CM,BSE,STK,500467,INE544A01019,HARRMALAYA,B,,,,,HARRISONS MALAYALAM LTD.,203.95,206.95,203.55,205.9,204.8,201.25,,205.45,,,974,200183.0,78,F1,1,,,,,,2025-05-14
2025-05-14,2025-05-14,CM,BSE,STK,500469,INE171A01029,FEDERALBNK,A,,,,,FEDERAL BANK LTD.,199.65,199.85,196.75,198.35,198.6,198.0,,198.23,,,64121,12715130.0,1773,F1,1,,,,,,2025-05-14
2025-05-14,2025-05-14,CM,BSE,STK,500470,INE081A01020,TATASTEEL,A,,,,,TATA STEEL LTD.,151.2,157.15,151.0,155.3,155.3,149.5,,155.31,,,4546411,706897829.0,34112,F1,1,,,,,,2025-05-14
2025-05-14,2025-05-14,CM,BSE,STK,500472,INE640A01023,SKFINDIA,A,,,,,SKF INDIA LTD.,4340.0,4340.0,4195.25,4252.75,4255.0,4202.9,,4255.1,,,964,4105204.0,257,F1,1,,,,,,2025-05-14
2025-05-14,2025-05-14,CM,BSE,STK,500477,INE208A01029,ASHOKLEY,A,,,,,ASHOK LEYLAND LTD.,231.4,235.8,230.15,234.45,234.65,230.25,,234.53,,,249680,58473094.0,3201,F1,1,,,,,,2025-05-14
2025-05-14,2025-05-14,CM,BSE,STK,500480,INE298A01020,CUMMINSIND,A,,,,,CUMMINS INDIA LTD.,2879.9,2919.6,2858.0,2874.3,2874.5,2879.6,,2872.0,,,3834,11059253.0,681,F1,1,,,,,,2025-05-14
2025-05-14,2025-05-14,CM,BSE,STK,500483,INE151A01013,TATACOMM,A,,,,,TATA COMMUNICATIONS LTD.,1560.1,1620.3,1559.05,1604.9,1602.6,1567.0,,1603.8,,,21904,35050805.0,2839,F1,1,,,,,,2025-05-14
2025-05-14,2025-05-14,CM,BSE,STK,500488,INE358A01014,ABBOTINDIA,A,,,,,ABBOTT INDIA LTD.,30424.0,30595.0,30235.0,30348.45,30348.45,30424.0,,30325.0,,,195,5923798.0,124,F1,1,,,,,,2025-05-14
2025-05-14,2025-05-14,CM,BSE,STK,500490,INE118A01012,BAJAJHLDNG,A,,,,,BAJAJ HOLDINGS & INVESTMENT LT,11919.65,12092.85,11792.05,12028.1,12045.0,11925.95,,12020.0,,,1991,23807376.0,642,F1,1,,,,,,2025-05-14
2025-05-14,2025-05-14,CM,BSE,STK,500493,INE465A01025,BHARATFORG,A,,,,,BHARAT FORGE LTD.,1211.95,1263.6,1205.55,1246.05,1246.05,1204.1,,1246.2,,,107677,133686432.0,6673,F1,1,,,,,,2025-05-14
2025-05-14,2025-05-14,CM,BSE,STK,500495,INE042A01014,ESCORTS,A,,,,,Escorts Kubota Limited,3524.95,3569.2,3486.2,3524.15,3516.85,3501.0,,3525.3,,,5784,20413150.0,885,F1,1,,,,,,2025-05-14
2025-05-14,2025-05-14,CM,BSE,STK,500500,INE253A01025,HINDMOTORS,B,,,,,HINDUSTAN MOTORS LTD.,25.62,26.8,25.62,26.58,26.58,25.87,,26.6,,,331722,8699833.0,2025,F1,1,,,,,,2025-05-14
2025-05-14,2025-05-14,CM,BSE,STK,500510,INE018A01030,LT,A,,,,,LARSEN & TOUBRO LTD.,3585.0,3617.0,3567.95,3574.3,3574.3,3567.75,,3573.1,,,64576,231810635.0,6304,F1,1,,,,,,2025-05-14
2025-05-14,2025-05-14,CM,BSE,STK,500520,INE101A01026,M&M,A,,,,,MAHINDRA & MAHINDRA LTD.,3048.95,3110.0,3020.0,3101.65,3101.65,3053.9,,3101.8,,,534008,1652858000.0,4889,F1,1,,,,,,2025-05-14
2025-05-14,2025-05-14,CM,BSE,STK,500530,INE323A01026,BOSCHLTD,A,,,,,BOSCH LTD.,31051.6,31720.0,31051.6,31433.35,31433.35,31154.85,,31420.0,,,6056,190782702.0,428,F1,1,,,,,,2025-05-14
2025-05-14,2025-05-14,CM,BSE,STK,500540,INE342A01018,PREMIER,T,,,,,PREMIER LTD.,3.32,3.32,3.13,3.14,3.3,3.29,,3.08,,,3420,10912.0,11,F1,1,,,,,,2025-05-14
2025-05-14,2025-05-14,CM,BSE,STK,500547,INE029A01011,BPCL,A,,,,,BHARAT PETROLEUM CORPORATION L,309.4,313.5,308.5,312.6,312.6,306.9,,312.5,,,248858,77399582.0,4432,F1,1,,,,,,2025-05-14
2025-05-14,2025-05-14,CM,BSE,STK,500550,INE003A01024,SIEMENS,A,,,,,SIEMENS LTD.,2900.0,3040.15,2899.95,3006.5,3006.5,2917.25,,3006.8,,,129404,388119399.0,12066,F1,1,,,,,,2025-05-14
2025-05-14,2025-05-14,CM,BSE,STK,500570,INE155A01022,TATAMOTORS,A,,,,,TATA MOTORS LTD.,699.75,708.0,686.0,699.0,699.0,707.9,,698.95,,,2377093,1656028870.0,51381,F1,1,,,,,,2025-05-14
2025-05-14,2025-05-14,CM,BSE,STK,500575,INE226A01021,VOLTAS,A,,,,,VOLTAS LTD.,1267.8,1267.8,1237.85,1248.55,1248.55,1257.0,,1248.5,,,75296,94189410.0,2597,F1,1,,,,,,2025-05-14
2025-05-14,2025-05-14,CM,BSE,STK,500620,INE017A01032,GESHIP,A,,,,,GREAT EASTERN SHIPPING CO.LTD.,904.75,932.7,895.8,921.35,921.35,895.8,,921.5,,,64963,59331633.0,3812,F1,1,,,,,,2025-05-14
2025-05-14,2025-05-14,CM,BSE,STK,500645,INE501A01019,DEEPAKFERT,A,,,,,DEEPAK FERTILISERS & PETROCHEM,1309.15,1342.0,1289.5,1336.15,1336.15,1290.95,,1336.0,,,48495,64073454.0,2983,F1,1,,,,,,2025-05-14
2025-05-14,2025-05-14,CM,BSE,STK,500650,INE369A01029,EXCELINDUS,B,,,,,EXCEL INDUSTRIES LTD.,1085.05,1179.0,1085.05,1153.55,1159.7,1134.35,,1156.6,,,6129,6961119.0,771,F1,1,,,,,,2025-05-14
2025-05-14,2025-05-14,CM,BSE,STK,500655,INE291A01017,GRWRHITECH,A,,,,,GARWARE HI-TECH FILMS LIMITED,3540.05,3689.95,3481.0,3646.45,3646.45,3525.65,,3641.3,,,9627,34488886.0,1275,F1,1,,,,,,2025-05-14
2025-05-14,2025-05-14,CM,BSE,STK,500660,INE159A01016,GLAXO,A,,,,,GLAXOSMITHKLINE PHARMACEUTICAL,2907.4,3026.2,2860.0,2877.1,2877.1,2790.15,,2878.8,,,33901,99878874.0,3331,F1,1,,,,,,2025-05-14
2025-05-14,2025-05-14,CM,BSE,STK,500670,INE113A01013,GNFC,A,,,,,GUJARAT NARMADA VALLEY FERTILI,484.1,501.0,484.1,497.45,499.2,484.05,,498.05,,,17467,8581166.0,862,F1,1,,,,,,2025-05-14
2025-05-14,2025-05-14,CM,BSE,STK,500672,INE234A01025,NOVARTIND,B,,,,,NOVARTIS INDIA LTD.,861.7,861.7,847.05,858.6,858.6,850.8,,858.6,,,12598,10789095.0,538,F1,1,,,,,,2025-05-14
2025-05-14,2025-05-14,CM,BSE,STK,500674,INE058A01010,SANOFI,A,,,,,SANOFI INDIA LTD,5978.0,6070.0,5950.05,6042.35,6066.55,5928.6,,6046.5,,,325,1956131.0,84,F1,1,,,,,,2025-05-14
2025-05-14,2025-05-14,CM,BSE,STK,500680,INE182A01018,PFIZER,A,,,,,PFIZER LTD.,4312.1,4409.55,4306.0,4400.8,4406.5,4319.55,,4404.8,,,801,3516167.0,146,F1,1,,,,,,2025-05-14
2025-05-14,2025-05-14,CM,BSE,STK,500690,INE026A01025,GSFC,A,,,,,GUJARAT STATE FERTILIZERS & CH,195.95,202.95,195.55,201.25,201.25,196.0,,201.35,,,151943,30175031.0,2016,F1,1,,,,,,2025-05-14
2025-05-14,2025-05-14,CM,BSE,STK,500696,INE030A01027,HINDUNILVR,A,,,,,HINDUSTAN UNILEVER LTD.,2362.15,2368.9,2338.85,2351.15,2351.15,2360.5,,2350.5,,,64530,151674764.0,5335,F1,1,,,,,,2025-05-14
2025-05-14,2025-05-14,CM,BSE,STK,500710,INE133A01011,AKZOINDIA,A,,,,,AKZO NOBEL INDIA LIMITED,3496.65,3583.4,3496.65,3519.2,3531.4,3475.4,,3513.6,,,212,750606.0,55,F1,1,,,,,,2025-05-14
2025-05-14,2025-05-14,CM,BSE,STK,500730,INE163A01018,NOCIL,A,,,,,NOCIL LTD.,191.25,195.2,191.25,194.25,195.2,190.95,,194.52,,,22251,4302898.0,243,F1,1,,,,,,2025-05-14
2025-05-14,2025-05-14,CM,BSE,STK,500770,INE092A01019,TATACHEM,A,,,,,TATA CHEMICALS LTD.,842.8,842.8,835.0,838.4,842.0,837.25,,838.6,,,31115,26098526.0,1963,F1,1,,,,,,2025-05-14
2025-05-14,2025-05-14,CM,BSE,STK,500777,INE148A01019,TNPETRO,B,,,,,TAMILNADU PETROPRODUCTS LTD.,78.63,81.26,78.63,80.07,80.5,78.64,,80.1,,,20588,1650349.0,388,F1,1,,,,,,2025-05-14
2025-05-14,2025-05-14,CM,BSE,STK,500780,INE217A01012,ZUARIIND,B,,,,,Zuari Industries Limited,295.2,302.2,294.15,298.55,297.9,293.7,,297.3,,,9554,2857258.0,679,F1,1,,,,,,2025-05-14
2025-05-14,2025-05-14,CM,BSE,STK,500790,INE239A01024,NESTLEIND,A,,,,,NESTLE INDIA LTD.,2372.05,2375.0,2354.75,2371.05,2370.0,2370.05,,2370.4,,,54251,128307416.0,3080,F1,1,,,,,,2025-05-14
2025-05-14,2025-05-14,CM,BSE,STK,500800,INE192A01025,TATACONSUM,A,,,,,TATA CONSUMER PRODUCTS LIMITED,1118.7,1129.2,1116.0,1120.05,1120.0,1118.45,,1120.4,,,172308,193067030.0,6018,F1,1,,,,,,2025-05-14
2025-05-14,2025-05-14,CM,BSE,STK,500820,INE021A01026,ASIANPAINT,A,,,,,ASIAN PAINTS LTD.,2320.05,2320.05,2278.0,2283.65,2283.65,2325.1,,2282.4,,,97719,223668954.0,11678,F1,1,,,,,,2025-05-14
2025-05-14,2025-05-14,CM,BSE,STK,500825,INE216A01030,BRITANNIA,A,,,,,BRITANNIA INDUSTRIES LTD.,5499.0,5581.0,5441.3,5483.45,5488.95,5481.2,,5484.0,,,9079,49903520.0,1198,F1,1,,,,,,2025-05-14
2025-05-14,2025-05-14,CM,BSE,STK,500830,INE259A01022,COLPAL,A,,,,,COLGATE-PALMOLIVE (INDIA) LTD.,2606.65,2612.6,2571.0,2606.3,2606.3,2598.1,,2607.8,,,7894,20438228.0,1330,F1,1,,,,,,2025-05-14
2025-05-14,2025-05-14,CM,BSE,STK,500840,INE230A01023,EIHOTEL,A,,,,,EIH LTD.,361.5,372.3,361.5,366.2,365.45,366.55,,365.8,,,11301,4155393.0,732,F1,1,,,,,,2025-05-14
2025-05-14,2025-05-14,CM,BSE,STK,500850,INE053A01029,INDHOTEL,A,,,,,INDIAN HOTELS CO.LTD.,761.9,777.5,761.3,769.85,769.85,761.25,,770.2,,,180626,139185576.0,5122,F1,1,,,,,,2025-05-14
2025-05-14,2025-05-14,CM,BSE,STK,500870,INE172A01027,CASTROLIND,A,,,,,CASTROL INDIA LTD.,205.5,207.8,205.5,206.2,206.5,205.15,,206.29,,,160202,33069420.0,2420,F1,1,,,,,,2025-05-14
2025-05-14,2025-05-14,CM,BSE,STK,500875,INE154A01025,ITC,A,,,,,ITC LTD.,428.0,431.25,426.0,429.3,429.3,428.05,,429.1,,,291325,124947176.0,8886,F1,1,,,,,,2025-05-14
2025-05-14,2025-05-14,CM,BSE,STK,500877,INE438A01022,APOLLOTYRE,A,,,,,APOLLO TYRES LTD.,473.3,478.55,470.0,475.25,475.45,472.7,,475.35,,,67744,32187237.0,2389,F1,1,,,,,,2025-05-14
2025-05-14,2025-05-14,CM,BSE,STK,500878,INE482A01020,CEATLTD,A,,,,,CEAT LTD.,3797.5,3963.15,3755.55,3897.0,3886.1,3775.75,,3895.8,,,27580,107436285.0,3685,F1,1,,,,,,2025-05-14
2025-05-14,2025-05-14,CM,BSE,STK,500890,INE832A01018,MODIRUBBER,B,,,,,MODI RUBBER LTD.,120.0,120.0,120.0,120.0,120.0,122.2,,125.06,,,1,120.0,1,F1,1,,,,,,2025-05-14
2025-05-14,2025-05-14,CM,BSE,STK,500940,INE183A01024,FINPIPE,A,,,,,FINOLEX INDUSTRIES LTD.,183.65,190.15,182.9,188.3,188.3,183.25,,188.66,,,78010,14541205.0,925,F1,1,,,,,,2025-05-14
2025-05-14,2025-05-14,CM,BSE,STK,501148,INE422D01012,DSINVEST,XT,,,,,DALAL STREET INVESTMENTS LTD.,396.9,396.9,389.0,395.0,395.0,396.9,,395.0,,,63,24897.0,11,F1,1,,,,,,2025-05-14
2025-05-14,2025-05-14,CM,BSE,STK,501150,INE660C01027,CENTRUM,B,,,,,CENTRUM CAPITAL LTD.,27.73,29.0,26.7,26.83,26.76,27.72,,26.8,,,125566,3479070.0,790,F1,1,,,,,,2025-05-14
2025-05-14,2025-05-14,CM,BSE,STK,501242,INE911B01018,TCIFINANCE,B,,,,,TCI FINANCE LTD.,11.55,11.63,11.52,11.56,11.52,11.11,,11.81,,,1395,16122.0,13,F1,1,,,,,,2025-05-14
2025-05-14,2025-05-14,CM,BSE,STK,501295,INE886A01014,IITL,B,,,,,INDUSTRIAL INVESTMENT TRUST LT,174.0,176.0,170.0,173.8,173.8,177.0,,173.87,,,2930,512928.0,139,F1,1,,,,,,2025-05-14
2025-05-14,2025-05-14,CM,BSE,STK,501298,INE620D01011,INDPRUD,B,,,,,INDUSTRIAL & PRUDENTIAL INVEST,5911.4,5911.45,5800.0,5800.0,5800.0,5810.0,,5800.0,,,71,414524.0,17,F1,1,,,,,,2025-05-14
2025-05-14,2025-05-14,CM,BSE,STK,501301,INE672A01018,TATAINVEST,A,,,,,TATA INVESTMENT CORPORATION LT,6080.55,6143.0,6070.0,6127.6,6134.4,6074.2,,6128.5,,,2109,12899245.0,448,F1,1,,,,,,2025-05-14
2025-05-14,2025-05-14,CM,BSE,STK,501311,INE998D01011,JAYBHCR,XT,,,,,JAYABHARAT CREDIT LTD.,14.89,15.2,14.44,14.44,14.44,15.2,,14.44,,,2174,31938.0,10,F1,1,,,,,,2025-05-14
2025-05-14,2025-05-14,CM,BSE,STK,501314,INE286N01028,PRISMX,X,,,,,PRISMX GLOBAL VENTURES LIMITED,0.78,0.78,0.75,0.78,0.78,0.76,,0.78,,,369136,281731.0,319,F1,1,,,,,,2025-05-14
2025-05-14,2025-05-14,CM,BSE,STK,501343,INE861B01023,MOTOGENFIN,B,,,,,MOTOR & GENERAL FINANCE LTD.,24.96,25.99,24.5,24.64,24.95,25.39,,24.57,,,15975,403867.0,81,F1,1,,,,,,2025-05-14
2025-05-14,2025-05-14,CM,BSE,STK,501351,INE154M01012,RAPIDIN,XT,,,,,RAPID INVESTMENTS LTD.,99.0,99.0,90.05,90.05,90.05,94.4,,90.05,,,477,44290.0,19,F1,1,,,,,,2025-05-14
2025-05-14,2025-05-14,CM,BSE,STK,501370,INE695D01021,WALCHPF,X,,,,,WALCHAND PEOPLEFIRST LTD.,129.95,132.0,124.05,125.85,126.15,127.3,,125.85,,,1121,145885.0,35,F1,1,,,,,,2025-05-14
2025-05-14,2025-05-14,CM,BSE,STK,501391,INE855A01019,WHBRADY,X,,,,,W.H.BRADY & CO.LTD.,739.0,760.0,730.0,731.6,739.5,748.6,,731.6,,,1090,802049.0,48,F1,1,,,,,,2025-05-14
2025-05-14,2025-05-14,CM,BSE,STK,501421,INE314H01012,TECHNVISN,XT,,,,,TechNVision Ventures Limited,5282.7,5282.7,5282.0,5282.5,5282.0,5031.15,,5282.5,,,506,2673015.0,76,F1,1,,,,,,2025-05-14
2025-05-14,2025-05-14,CM,BSE,STK,501423,INE151G01028,SHAILY,B,,,,,SHAILY ENGINEERING PLASTICS LT,1792.05,1792.1,1677.65,1708.15,1708.15,1775.15,,1708.0,,,21039,36047531.0,2564,F1,1,,,,,,2025-05-14
2025-05-14,2025-05-14,CM,BSE,STK,501425,INE050A01025,BBTC,A,,,,,BOMBAY BURMAH TRADING CORP.LTD,1802.0,1858.0,1795.0,1831.85,1831.85,1798.65,,1831.6,,,6482,11890027.0,626,F1,1,,,,,,2025-05-14
2025-05-14,2025-05-14,CM,BSE,STK,501430,INE691K01017,BOMBCYC,X,,,,,BOMBAY CYCLE & MOTOR AGENCY LT,1699.9,1708.9,1675.0,1702.45,1700.0,1670.15,,1702.45,,,88,149536.0,12,F1,1,,,,,,2025-05-14
2025-05-14,2025-05-14,CM,BSE,STK,501455,INE224A01026,GREAVESCOT,A,,,,,GREAVES COTTON LTD.,205.0,212.05,203.7,208.5,208.5,202.7,,208.16,,,288795,60146253.0,4031,F1,1,,,,,,2025-05-14
2025-05-14,2025-05-14,CM,BSE,STK,501477,INE003F01015,MULLER,X,,,,,MULLER & PHIPPS (INDIA) LTD.,242.8,244.7,241.0,242.9,242.9,237.7,,242.9,,,20,4854.0,6,F1,1,,,,,,2025-05-14
2025-05-14,2025-05-14,CM,BSE,STK,501700,INE131H01028,INDIANVSH,X,,,,,INDIANIVESH LTD.,11.78,11.78,11.4,11.4,11.4,11.4,,11.4,,,5015,58037.0,49,F1,1,,,,,,2025-05-14
2025-05-14,2025-05-14,CM,BSE,STK,501831,INE377E01024,COASTCORP,B,,,,,COASTAL CORPORATION LTD.,40.89,40.89,38.48,39.98,39.98,39.33,,39.77,,,4404,177783.0,156,F1,1,,,,,,2025-05-14
2025-05-14,2025-05-14,CM,BSE,STK,501833,INE490A01015,CHOWGULSTM,X,,,,,CHOWGULE STEAMSHIPS LTD.,24.4,24.84,24.1,24.54,24.54,24.22,,24.54,,,3036,73827.0,52,F1,1,,,,,,2025-05-14
2025-05-14,2025-05-14,CM,BSE,STK,501848,INE446C01013,GLOBOFFS,X,,,,,GLOBAL OFFSHORE SERVICES LTD.,83.45,85.44,76.0,79.26,79.8,82.55,,79.26,,,99739,7896386.0,304,F1,1,,,,,,2025-05-14
2025-05-14,2025-05-14,CM,BSE,STK,502015,INE443A01030,ASIIL,X,,,,,ASI INDUSTRIES LIMITED,38.0,38.0,36.62,37.45,37.45,36.79,,37.45,,,49993,1871083.0,159,F1,1,,,,,,2025-05-14
2025-05-14,2025-05-14,CM,BSE,STK,502090,INE229C01021,SAGCEM,B,,,,,SAGAR CEMENTS LTD.,221.45,228.6,220.8,227.05,225.8,221.0,,226.54,,,9014,2038816.0,346,F1,1,,,,,,2025-05-14
2025-05-14,2025-05-14,CM,BSE,STK,502133,INE07BK01011,HEMACEM,X,,,,,HEMADRI CEMENTS LTD.,71.95,72.0,69.06,69.47,70.71,71.79,,69.47,,,1468,104628.0,26,F1,1,,,,,,2025-05-14
2025-05-14,2025-05-14,CM,BSE,STK,502137,INE583C01021,DECCANCE,B,,,,,DECCAN CEMENTS LTD.,773.3,794.45,773.3,793.0,793.45,771.35,,787.7,,,211,166358.0,28,F1,1,,,,,,2025-05-14
2025-05-14,2025-05-14,CM,BSE,STK,502157,INE347A01017,MANGLMCEM,B,,,,,MANGALAM CEMENT LTD.,742.05,757.5,740.0,754.8,754.95,745.05,,753.6,,,997,746774.0,188,F1,1,,,,,,2025-05-14
2025-05-14,2025-05-14,CM,BSE,STK,502168,INE732C01016,NCLIND,B,,,,,NCL INDUSTRIES LTD.,213.85,215.0,211.3,214.15,214.0,211.45,,213.97,,,5687,1213459.0,222,F1,1,,,,,,2025-05-14
2025-05-14,2025-05-14,CM,BSE,STK,502175,INE626A01014,SAURASHCEM,B,,,,,SAURASHTRA CEMENT LTD.,93.6,95.14,92.65,94.03,94.22,93.7,,93.31,,,16966,1588461.0,410,F1,1,,,,,,2025-05-14
2025-05-14,2025-05-14,CM,BSE,STK,502180,INE232A01011,SHREDIGCEM,B,,,,,SHREE DIGVIJAY CEMENT CO.LTD.,78.24,79.01,78.02,78.61,78.65,77.95,,78.71,,,14583,1144369.0,330,F1,1,,,,,,2025-05-14
2025-05-14,2025-05-14,CM,BSE,STK,502219,INE666D01022,BORORENEW,A,,,,,BOROSIL RENEWABLES LIMITED,527.0,554.0,525.9,548.75,548.75,524.35,,548.9,,,72939,39519732.0,3798,F1,1,,,,,,2025-05-14
2025-05-14,2025-05-14,CM,BSE,STK,502281,INE094C01011,TRIVENIGQ,X,,,,,TRIVENI GLASS LTD.,14.45,16.27,13.36,14.84,16.0,14.0,,14.84,,,15479,225175.0,138,F1,1,,,,,,2025-05-14
2025-05-14,2025-05-14,CM,BSE,STK,502294,INE416N01013,NILACHAL,X,,,,,NILACHAL REFRACTORIES LTD.,41.82,44.8,41.05,44.71,43.0,41.0,,44.71,,,596,25378.0,17,F1,1,,,,,,2025-05-14
2025-05-14,2025-05-14,CM,BSE,STK,502330,INE435A01051,ANDHRAPAP,B,,,,,ANDHRA PAPER LIMITED,74.28,77.96,74.28,76.0,75.99,73.89,,76.24,,,7078,536119.0,274,F1,1,,,,,,2025-05-14
2025-05-14,2025-05-14,CM,BSE,STK,502355,INE787D01026,BALKRISIND,A,,,,,BALKRISHNA INDUSTRIES LTD.,2721.85,2746.6,2699.45,2735.35,2733.0,2697.75,,2737.2,,,3896,10640143.0,1053,F1,1,,,,,,2025-05-14
2025-05-14,2025-05-14,CM,BSE,STK,502420,INE592A01026,ORIENTPPR,B,,,,,ORIENT PAPER & INDUSTRIES LTD.,24.98,29.19,24.8,27.21,27.21,24.64,,27.13,,,186474,4999322.0,1694,F1,1,,,,,,2025-05-14
2025-05-14,2025-05-14,CM,BSE,STK,502445,INE906D01014,CITADEL,X,,,,,CITADEL REALTY AND DEVELOPERS,48.02,48.66,46.0,46.99,46.0,48.02,,46.99,,,663,31640.0,12,F1,1,,,,,,2025-05-14
2025-05-14,2025-05-14,CM,BSE,STK,502448,INE927A01040,ROLLT,B,,,,,ROLLATAINERS LTD.,1.5,1.5,1.4,1.5,1.5,1.46,,1.47,,,33609,49039.0,60,F1,1,,,,,,2025-05-14
2025-05-14,2025-05-14,CM,BSE,STK,502450,INE630A01024,SESHAPAPER,B,,,,,SESHASAYEE PAPER & BOARDS LTD.,270.2,280.0,270.2,279.95,279.95,272.2,,278.7,,,698,193586.0,112,F1,1,,,,,,2025-05-14
2025-05-14,2025-05-14,CM,BSE,STK,502587,INE777A01023,NATHIND,X,,,,,NATH INDUSTRIES LIMITED,79.45,79.45,76.51,79.31,79.3,78.21,,79.31,,,2046,159751.0,25,F1,1,,,,,,2025-05-14
2025-05-14,2025-05-14,CM,BSE,STK,502589,INE464D01014,VAPIENTER,X,,,,,VAPI ENTERPRISE LIMITED,128.25,134.0,128.25,134.0,134.0,135.0,,134.0,,,253,32464.0,4,F1,1,,,,,,2025-05-14
2025-05-14,2025-05-14,CM,BSE,STK,502820,INE498A01018,DCM,B,,,,,DCM LTD.,104.0,107.0,102.01,104.84,105.27,103.23,,104.63,,,1490,155695.0,91,F1,1,,,,,,2025-05-14
2025-05-14,2025-05-14,CM,BSE,STK,502865,INE518A01013,FORBESCO,XT,,,,,FORBES & COMPANY LTD.,364.9,366.5,364.9,366.5,366.5,359.35,,366.5,,,397,145275.0,17,F1,1,,,,,,2025-05-14
2025-05-14,2025-05-14,CM,BSE,STK,502873,INE950C01014,HPCOTTON,X,,,,,H.P.COTTON TEXTILE MILLS LTD.,91.68,95.0,91.68,95.0,95.0,92.14,,95.0,,,1967,186042.0,26,F1,1,,,,,,2025-05-14
2025-05-14,2025-05-14,CM,BSE,STK,502893,INE706D01018,UNITEDINT,X,,,,,UNITED INTERACTIVE LTD.,82.0,90.9,82.0,90.05,90.9,85.0,,90.05,,,724,64996.0,15,F1,1,,,,,,2025-05-14
2025-05-14,2025-05-14,CM,BSE,STK,502901,INE462D01034,JAMSHRI,X,,,,,JAMSHRI REALTY LIMITED,101.95,101.95,89.0,90.07,90.07,95.91,,90.07,,,28926,2670787.0,422,F1,1,,,,,,2025-05-14
2025-05-14,2025-05-14,CM,BSE,STK,502933,INE498G01015,KATRSPG,X,,,,,KATARE SPINNING MILLS LTD.,167.0,167.0,166.2,167.0,167.0,167.0,,167.0,,,681,113722.0,18,F1,1,,,,,,2025-05-14
2025-05-14,2025-05-14,CM,BSE,STK,502937,INE087A01019,KESORAMIND,T,,,,,KESORAM INDUSTRIES LTD.,4.56,4.56,4.56,4.56,4.56,4.48,,4.56,,,2034,9275.0,10,F1,1,,,,,,2025-05-14
2025-05-14,2025-05-14,CM,BSE,STK,502958,INE938C01019,LAKSHMIMIL,X,,,,,LAKSHMI MILLS COMPANY LTD.,5904.1,5995.65,5800.0,5909.55,5909.55,5904.1,,5909.55,,,189,1105868.0,23,F1,1,,,,,,2025-05-14
2025-05-14,2025-05-14,CM,BSE,STK,502986,INE825A01020,VTL,A,,,,,VARDHMAN TEXTILES LTD.,477.95,484.5,472.9,476.25,476.25,476.85,,476.55,,,8756,4193381.0,477,F1,1,,,,,,2025-05-14
2025-05-14,2025-05-14,CM,BSE,STK,503031,INE138A01028,PENINLAND,T,,,,,PENINSULA LAND LTD.,28.88,29.78,27.78,29.78,29.78,28.37,,29.58,,,34902,1026752.0,127,F1,1,,,,,,2025-05-14
2025-05-14,2025-05-14,CM,BSE,STK,503092,INE909B01020,PASUSPG,X,,,,,PASUPATI SPG.& WVG.MILLS LTD.,37.6,37.6,37.6,37.6,37.6,35.6,,37.6,,,1,37.0,1,F1,1,,,,,,2025-05-14
2025-05-14,2025-05-14,CM,BSE,STK,503100,INE211B01039,PHOENIXLTD,A,,,,,THE PHOENIX MILLS LTD,1545.05,1557.5,1527.95,1540.95,1537.25,1539.1,,1540.5,,,14536,22460052.0,1556,F1,1,,,,,,2025-05-14
2025-05-14,2025-05-14,CM,BSE,STK,503101,INE182D01020,MARATHON,B,,,,,MARATHON NEXTGEN REALTY LTD.,518.5,537.95,517.55,526.4,529.3,515.0,,525.05,,,2005,1065925.0,273,F1,1,,,,,,2025-05-14
2025-05-14,2025-05-14,CM,BSE,STK,503127,INE491N01016,RAJABAH,X,,,,,RAJA BAHADUR INTERNATIONAL LTD,5180.6,5180.6,5179.0,5180.6,5180.6,4933.95,,5180.6,,,34,176122.0,15,F1,1,,,,,,2025-05-14
2025-05-14,2025-05-14,CM,BSE,STK,503162,INE750D01016,RELCHEMQ,B,,,,,RELIANCE CHEMOTEX INDUSTRIES L,174.4,183.0,172.4,174.95,176.0,175.05,,175.98,,,4450,795191.0,131,F1,1,,,,,,2025-05-14
2025-05-14,2025-05-14,CM,BSE,STK,503169,INE301D01026,RUBYMILLS,B,,,,,RUBY MILLS LTD.,202.0,205.0,200.95,204.15,202.0,201.0,,203.26,,,3190,648075.0,342,F1,1,,,,,,2025-05-14
2025-05-14,2025-05-14,CM,BSE,STK,503229,INE167H01014,SIMPLXREA,X,,,,,SIMPLEX REALTY LTD.,203.0,222.0,195.6,200.1,200.0,203.0,,200.1,,,449,90106.0,14,F1,1,,,,,,2025-05-14
2025-05-14,2025-05-14,CM,BSE,STK,503310,INE665A01038,SWANENERGY,A,,,,,SWAN ENERGY LTD.,440.0,442.1,431.75,433.9,433.9,436.8,,433.85,,,40214,17501615.0,829,F1,1,,,,,,2025-05-14
2025-05-14,2025-05-14,CM,BSE,STK,503349,INE203D01016,VICTMILL,X,,,,,VICTORIA MILLS LTD.,7110.0,7110.0,6885.2,6885.2,6885.2,6900.0,,6885.2,,,18,125311.0,5,F1,1,,,,,,2025-05-14
2025-05-14,2025-05-14,CM,BSE,STK,503624,INE406N01014,ZSVARAJT,X,,,,,SVARAJ TRADING & AGENCIES LTD.,8.88,8.88,8.36,8.44,8.44,8.45,,8.44,,,1660,14061.0,28,F1,1,,,,,,2025-05-14
2025-05-14,2025-05-14,CM,BSE,STK,503641,INE945J01027,ZODIACVEN,X,,,,,ZODIAC VENTURES LIMITED,10.78,10.98,10.69,10.89,10.9,10.58,,10.89,,,20840,225101.0,109,F1,1,,,,,,2025-05-14
2025-05-14,2025-05-14,CM,BSE,STK,503657,INE255E01030,VEERENRGY,X,,,,,VEER ENERGY & INFRASTRUCTURE L,17.3,18.25,17.3,17.93,17.97,17.67,,17.93,,,15438,274978.0,92,F1,1,,,,,,2025-05-14
2025-05-14,2025-05-14,CM,BSE,STK,503663,INE026L01022,TILAK,X,,,,,Tilak Ventures Limited,3.04,3.11,2.98,3.03,3.03,3.03,,3.03,,,271239,826432.0,544,F1,1,,,,,,2025-05-14
2025-05-14,2025-05-14,CM,BSE,STK,503675,INE786K01023,WAGEND,X,,,,,WAGEND INFRA VENTURE LIMITED,1.05,1.13,1.05,1.07,1.07,1.05,,1.07,,,39422,42389.0,74,F1,1,,,,,,2025-05-14
2025-05-14,2025-05-14,CM,BSE,STK,503681,INE927X01018,ELCIDIN,B,,,,,ELCID INVESTMENTS LTD.,131684.75,132299.95,131131.0,132049.65,132198.0,130654.65,,132049.65,,,41,5408177.0,39,F1,1,,,,,,2025-05-14
2025-05-14,2025-05-14,CM,BSE,STK,503685,INE828I01019,MEDIAONE,X,,,,,MEDIAONE GLOBAL ENTERTAINMENT,24.48,24.48,23.85,24.28,24.28,23.64,,24.28,,,654,15895.0,36,F1,1,,,,,,2025-05-14
2025-05-14,2025-05-14,CM,BSE,STK,503722,INE629D01020,BANSWRAS,B,,,,,BANSWARA SYNTEX LTD.,147.35,153.0,147.0,149.6,148.7,150.1,,149.31,,,8081,1210301.0,335,F1,1,,,,,,2025-05-14
2025-05-14,2025-05-14,CM,BSE,STK,503772,INE380D01012,MODWOOL,X,,,,,MODELLA WOOLLENS LTD.,64.95,64.95,62.99,62.99,62.99,62.0,,62.99,,,126,8132.0,9,F1,1,,,,,,2025-05-14
2025-05-14,2025-05-14,CM,BSE,STK,503776,INE170C01019,MODIPON,X,,,,,MODIPON LTD.,48.47,49.89,48.47,49.88,49.88,47.52,,49.88,,,263,12975.0,8,F1,1,,,,,,2025-05-14
2025-05-14,2025-05-14,CM,BSE,STK,503804,INE204C01024,SHRIDINE,X,,,,,SHRI DINESH MILLS LTD.,320.0,324.9,302.0,316.6,316.6,325.0,,316.6,,,2506,788536.0,141,F1,1,,,,,,2025-05-14
2025-05-14,2025-05-14,CM,BSE,STK,503806,INE647A01010,SRF,A,,,,,SRF LTD.,2933.7,2946.15,2862.0,2881.95,2880.3,2924.85,,2882.6,,,14803,42717357.0,1569,F1,1,,,,,,2025-05-14
2025-05-14,2025-05-14,CM,BSE,STK,503811,INE076B01028,SIYSIL,B,,,,,SIYARAM SILK MILLS LTD.,712.85,737.0,709.65,734.3,735.4,709.25,,734.1,,,13978,10176816.0,1359,F1,1,,,,,,2025-05-14
2025-05-14,2025-05-14,CM,BSE,STK,503816,INE243N01029,SWADPOL,XT,,,,,SWADESHI POLYTEX LTD.,54.52,54.52,54.52,54.52,54.52,53.46,,54.52,,,3442,187657.0,26,F1,1,,,,,,2025-05-14
2025-05-14,2025-05-14,CM,BSE,STK,503837,INE796C01011,SHRAJSYNQ,X,,,,,SHREE RAJASTHAN SYNTEX LTD.,15.3,15.3,14.27,14.47,14.34,15.0,,14.47,,,151,2215.0,6,F1,1,,,,,,2025-05-14
2025-05-14,2025-05-14,CM,BSE,STK,503863,INE632A01012,SHRMFGC,X,,,,,SHREE MANUFACTURING CO.LTD.,10.25,10.25,10.25,10.25,10.25,10.25,,10.25,,,5,51.0,1,F1,1,,,,,,2025-05-14
2025-05-14,2025-05-14,CM,BSE,STK,503960,INE464A01036,BBL,A,,,,,BHARAT BIJLEE LTD.,3255.05,3359.0,3240.0,3283.7,3293.15,3248.25,,3283.7,,,4402,14472902.0,942,F1,1,,,,,,2025-05-14
2025-05-14,2025-05-14,CM,BSE,STK,504000,INE579B01039,ELPROINTL,B,,,,,ELPRO INTERNATIONAL LTD.,83.79,85.6,82.41,84.77,84.87,82.1,,84.77,,,28997,2447832.0,301,F1,1,,,,,,2025-05-14
2025-05-14,2025-05-14,CM,BSE,STK,504028,INE064H01021,GEE,Z,,,,,GEE LTD.,133.9,133.9,122.0,123.4,129.0,128.25,,123.4,,,25578,3228242.0,83,F1,1,,,,,,2025-05-14
2025-05-14,2025-05-14,CM,BSE,STK,504036,INE835D01023,HIRECT,B,,,,,HIND RECTIFIERS LTD.,1037.65,1041.05,984.5,1002.3,1002.05,1029.8,,1003.2,,,13002,13047249.0,1308,F1,1,,,,,,2025-05-14
2025-05-14,2025-05-14,CM,BSE,STK,504058,INE567A01028,NIPPOBATRY,B,,,,,INDO-NATIONAL LTD.,507.55,518.15,507.55,518.15,518.15,506.5,,515.7,,,162,83584.0,33,F1,1,,,,,,2025-05-14
2025-05-14,2025-05-14,CM,BSE,STK,504067,INE520A01027,ZENSARTECH,A,,,,,ZENSAR TECHNOLOGIES LTD.,770.6,806.7,759.65,783.35,783.35,765.75,,783.6,,,61381,48057799.0,2486,F1,1,,,,,,2025-05-14
2025-05-14,2025-05-14,CM,BSE,STK,504076,INE511D01012,JYOTI,X,,,,,JYOTI LTD.,83.7,85.6,82.31,84.55,84.55,84.03,,84.55,,,8876,748655.0,173,F1,1,,,,,,2025-05-14
2025-05-14,2025-05-14,CM,BSE,STK,504080,INE581L01018,JSLINDL,X,,,,,JSL INDUSTRIES LTD.,1550.0,1550.0,1547.95,1548.8,1548.9,1474.95,,1548.8,,,15,23238.0,3,F1,1,,,,,,2025-05-14
2025-05-14,2025-05-14,CM,BSE,STK,504084,INE813G01023,KAYCEEI,XT,,,,,KAYCEE INDUSTRIES LTD.,1565.3,1565.3,1565.3,1565.3,1565.3,1597.2,,1565.3,,,559,875002.0,83,F1,1,,,,,,2025-05-14
2025-05-14,2025-05-14,CM,BSE,STK,504092,INE716F01012,INDOKEM,X,,,,,INDOKEM LTD.,189.5,193.65,179.95,192.55,192.55,176.05,,192.55,,,45134,8664750.0,471,F1,1,,,,,,2025-05-14
2025-05-14,2025-05-14,CM,BSE,STK,504093,INE795A01017,PANAENERG,X,,,,,PANASONIC ENERGY INDIA COMPANY,377.0,394.8,377.0,391.45,391.1,383.8,,391.45,,,3004,1175291.0,102,F1,1,,,,,,2025-05-14
2025-05-14,2025-05-14,CM,BSE,STK,504112,INE045B01015,NELCO,B,,,,,NELCO LTD.,895.0,899.6,872.4,883.65,883.65,883.75,,883.75,,,14770,13079125.0,1107,F1,1,,,,,,2025-05-14
2025-05-14,2025-05-14,CM,BSE,STK,504132,INE418E01018,PERMAGN,X,,,,,PERMANENT MAGNETS LTD.,785.0,798.0,771.1,787.0,787.0,772.4,,787.0,,,1885,1480150.0,135,F1,1,,,,,,2025-05-14
2025-05-14,2025-05-14,CM,BSE,STK,504176,INE783E01023,HIGHENE,X,,,,,HIGH ENERGY BATTERIES (INDIA),668.95,685.0,660.0,667.15,667.15,659.4,,667.15,,,61116,41287012.0,2108,F1,1,,,,,,2025-05-14
2025-05-14,2025-05-14,CM,BSE,STK,504180,INE502C01039,STDBAT,X,,,,,STANDARD BATTERIES LTD.,61.0,68.0,61.0,67.5,67.5,66.95,,67.5,,,4345,279414.0,88,F1,1,,,,,,2025-05-14
2025-05-14,2025-05-14,CM,BSE,STK,504212,INE279A01012,UNIVCABLES,B,,,,,UNIVERSAL CABLES LTD.,520.3,555.45,520.3,553.05,553.05,529.3,,552.9,,,15943,8664347.0,920,F1,1,,,,,,2025-05-14
2025-05-14,2025-05-14,CM,BSE,STK,504220,INE100D01014,WSI,T,,,,,W.S.INDUSTRIES (INDIA) LTD.,67.0,68.25,66.9,68.25,68.25,67.0,,68.1,,,3487,234803.0,41,F1,1,,,,,,2025-05-14
2025-05-14,2025-05-14,CM,BSE,STK,504240,INE872E01016,DLTNCBL,XT,,,,,DELTON CABLES LTD.,595.65,595.65,595.65,595.65,595.65,584.0,,595.65,,,1220,726693.0,23,F1,1,,,,,,2025-05-14
2025-05-14,2025-05-14,CM,BSE,STK,504258,INE284C01018,LAKSELEC,X,,,,,LAKSHMI ELECTRICAL CONTROL SYS,990.8,999.85,974.05,993.0,997.85,990.8,,993.0,,,702,689216.0,49,F1,1,,,,,,2025-05-14
2025-05-14,2025-05-14,CM,BSE,STK,504273,INE064R01012,MODULEX,Z,,,,,MODULEX CONSTRUCTION TECHNOLOG,24.7,25.43,24.2,24.85,24.85,24.22,,24.85,,,38688,959597.0,74,F1,1,,,,,,2025-05-14
2025-05-14,2025-05-14,CM,BSE,STK,504286,INE393A01011,DELTAMAGNT,T,,,,,DELTA MANUFACTURING LIMITED,62.9,62.9,62.9,62.9,62.9,61.0,,61.0,,,75,4717.0,1,F1,1,,,,,,2025-05-14
2025-05-14,2025-05-14,CM,BSE,STK,504340,INE180M01033,LONGSPUR,X,,,,,Longspur International Venture,6.05,6.05,6.04,6.04,6.04,6.16,,6.04,,,2006,12134.0,10,F1,1,,,,,,2025-05-14
2025-05-14,2025-05-14,CM,BSE,STK,504341,INE206N01018,RELTD,B,,,,,RAVINDRA ENERGY LIMITED,104.65,109.7,103.95,108.35,108.4,104.65,,108.09,,,27656,2961806.0,817,F1,1,,,,,,2025-05-14
2025-05-14,2025-05-14,CM,BSE,STK,504346,INE713N01013,RRP,XT,,,,,RRP SEMICONDUCTOR LIMITED,1053.3,1053.3,1053.3,1053.3,1053.3,1032.65,,1053.3,,,100,105330.0,1,F1,1,,,,,,2025-05-14
2025-05-14,2025-05-14,CM,BSE,STK,504351,INE507F01023,EMPOWER,X,,,,,EMPOWER INDIA LTD.,1.61,1.61,1.58,1.6,1.61,1.57,,1.6,,,1272602,2036003.0,1782,F1,1,,,,,,2025-05-14
2025-05-14,2025-05-14,CM,BSE,STK,504356,INE017P01014,ZMULTIPU,X,,,,,MULTIPURPOSE TRADING & AGENCIE,9.81,9.81,9.81,9.81,9.81,10.32,,9.81,,,202,1981.0,4,F1,1,,,,,,2025-05-14
2025-05-14,2025-05-14,CM,BSE,STK,504369,INE927M01029,GRANDMA,XT,,,,,GRANDMA TRADING & AGENCIES LTD,0.51,0.52,0.51,0.52,0.52,0.51,,0.52,,,20223,10514.0,35,F1,1,,,,,,2025-05-14
2025-05-14,2025-05-14,CM,BSE,STK,504378,INE812K01027,NYSSACORP,XT,,,,,NYSSA CORPORATION LIMITED,4.11,4.12,3.96,4.04,4.06,4.1,,4.04,,,65174,262377.0,180,F1,1,,,,,,2025-05-14
2025-05-14,2025-05-14,CM,BSE,STK,504380,INE952M01019,FLOMIC,X,,,,,FLOMIC GLOBAL LOGISTICS LIMITE,72.0,75.0,71.0,74.08,74.28,72.0,,74.08,,,8620,630126.0,48,F1,1,,,,,,2025-05-14
2025-05-14,2025-05-14,CM,BSE,STK,504392,INE537L01010,KRISHNA,XT,,,,,KRISHNA VENTURES LIMITED,29.77,29.77,29.18,29.18,29.18,29.77,,29.18,,,1896,55504.0,18,F1,1,,,,,,2025-05-14
2025-05-14,2025-05-14,CM,BSE,STK,504605,INE361D01012,UNIABEXAL,X,,,,,UNI ABEX ALLOY PRODUCTS LTD.,2818.0,2819.25,2682.0,2813.9,2819.25,2819.25,,2813.9,,,717,1978446.0,101,F1,1,,,,,,2025-05-14
2025-05-14,2025-05-14,CM,BSE,STK,504614,INE385C01021,SARDAEN,A,,,,,SARDA ENERGY & MINERALS LTD.,448.0,455.0,444.2,452.4,452.4,448.1,,451.95,,,36326,16376242.0,1086,F1,1,,,,,,2025-05-14
2025-05-14,2025-05-14,CM,BSE,STK,504646,INE106G01014,BGWTATO,X,,,,,BHAGWATI AUTOCAST LTD.,339.5,343.95,327.05,339.55,338.9,339.5,,339.55,,,1464,496592.0,41,F1,1,,,,,,2025-05-14
2025-05-14,2025-05-14,CM,BSE,STK,504648,INE089T01023,BOMBWIR,X,,,,,BOMBAY WIRE ROPES LTD.,65.99,65.99,62.9,64.72,64.99,62.01,,64.72,,,861,55563.0,16,F1,1,,,,,,2025-05-14
2025-05-14,2025-05-14,CM,BSE,STK,504731,INE566M01017,AZADIND,X,,,,,AZAD INDIA MOBILITY LIMITED,138.5,140.45,136.55,139.6,140.45,133.8,,139.6,,,7577,1059717.0,91,F1,1,,,,,,2025-05-14
2025-05-14,2025-05-14,CM,BSE,STK,504741,INE323C01030,INDIANHUME,B,,,,,INDIAN HUME PIPE CO.LTD.,408.25,413.0,402.7,406.9,410.0,404.9,,407.05,,,11935,4866273.0,575,F1,1,,,,,,2025-05-14
2025-05-14,2025-05-14,CM,BSE,STK,504746,INE359D01024,INLCM,XT,,,,,INDIAN LINK CHAIN MANUFACTURES,423.2,423.2,423.2,423.2,423.2,403.05,,423.2,,,182,77022.0,8,F1,1,,,,,,2025-05-14
2025-05-14,2025-05-14,CM,BSE,STK,504786,INE155E01016,INVPRECQ,X,,,,,INVESTMENT & PRECISION CASTING,861.05,865.0,845.0,864.0,864.0,845.0,,864.0,,,6664,5729807.0,177,F1,1,,,,,,2025-05-14
2025-05-14,2025-05-14,CM,BSE,STK,504810,INE123E01014,INFORTEC,XT,,,,,INFORMED TECHNOLOGIES INDIA LT,59.0,62.44,59.0,62.13,62.13,61.29,,62.13,,,413,25473.0,17,F1,1,,,,,,2025-05-14
2025-05-14,2025-05-14,CM,BSE,STK,504840,INE375D01012,KAIRA,X,,,,,KAIRA CAN CO.LTD.,1799.8,1799.8,1795.0,1795.0,1795.0,1788.95,,1795.0,,,3,5394.0,2,F1,1,,,,,,2025-05-14
2025-05-14,2025-05-14,CM,BSE,STK,504879,INE569C01020,ORIENTCER,B,,,,,ORIENT CERATECH LIMITED,35.8,36.0,35.5,35.5,35.5,35.35,,35.74,,,990,35352.0,53,F1,1,,,,,,2025-05-14
2025-05-14,2025-05-14,CM,BSE,STK,504882,INE166R01015,NATIONSTD,B,,,,,NATIONAL STANDARD (INDIA) LTD.,3275.0,3400.0,3215.5,3275.5,3222.15,3150.4,,3275.5,,,225,747835.0,79,F1,1,,,,,,2025-05-14
2025-05-14,2025-05-14,CM,BSE,STK,504903,INE336C01016,RATHIST,X,,,,,RATHI STEEL & POWER LTD.,30.9,31.75,30.4,31.68,31.7,30.46,,31.68,,,167518,5205138.0,603,F1,1,,,,,,2025-05-14
2025-05-14,2025-05-14,CM,BSE,STK,504908,INE340F01011,DUNCANENG,XT,,,,,Duncan Engineering Limited,428.0,439.95,428.0,439.95,439.95,427.0,,439.95,,,31,13301.0,3,F1,1,,,,,,2025-05-14
2025-05-14,2025-05-14,CM,BSE,STK,504918,INE149K01016,SANDUMA,A,,,,,SANDUR MANGANESE & IRON ORES L,532.1,539.7,523.0,527.45,527.45,532.1,,527.0,,,42057,22374179.0,2039,F1,1,,,,,,2025-05-14
2025-05-14,2025-05-14,CM,BSE,STK,504959,INE755D01015,STOVACQ,X,,,,,STOVEC INDUSTRIES LTD.,2389.95,2423.8,2389.0,2407.5,2391.05,2389.95,,2407.5,,,65,156002.0,20,F1,1,,,,,,2025-05-14
2025-05-14,2025-05-14,CM,BSE,STK,504973,INE149A01033,CHOLAHLDNG,A,,,,,CHOLAMANDALAM FINANCIAL HOLDIN,1755.15,1865.0,1755.15,1852.25,1845.25,1783.65,,1847.0,,,8082,14822788.0,714,F1,1,,,,,,2025-05-14
2025-05-14,2025-05-14,CM,BSE,STK,504988,INE380G01015,ZWELCAST,X,,,,,WELCAST STEELS LTD.,1054.0,1054.0,1045.0,1052.0,1052.0,1054.0,,1052.0,,,73,76458.0,11,F1,1,,,,,,2025-05-14
2025-05-14,2025-05-14,CM,BSE,STK,505010,INE449A01011,AUTOAXLES,B,,,,,AUTOMOTIVE AXLES LTD.,1651.05,1747.4,1651.05,1718.05,1709.0,1711.4,,1716.3,,,1196,2058302.0,234,F1,1,,,,,,2025-05-14
2025-05-14,2025-05-14,CM,BSE,STK,505029,INE446A01025,ATLASCYCLE,T,,,,,ATLAS CYCLES (HARYANA) LTD.,84.66,89.0,84.66,87.83,88.0,88.92,,87.07,,,1597,137349.0,30,F1,1,,,,,,2025-05-14
2025-05-14,2025-05-14,CM,BSE,STK,505036,INE451C01013,ACGL,T,,,,,AUTOMOBILE CORPORATION OF GOA,1732.8,1732.8,1732.8,1732.8,1732.8,1650.3,,1732.8,,,2126,3683932.0,132,F1,1,,,,,,2025-05-14
2025-05-14,2025-05-14,CM,BSE,STK,505075,INE878E01021,SETCO,T,,,,,SETCO AUTOMOTIVE LTD.,18.1,19.67,18.1,19.66,19.67,18.74,,19.54,,,79478,1554076.0,81,F1,1,,,,,,2025-05-14
2025-05-14,2025-05-14,CM,BSE,STK,505160,INE187D01029,TALBROAUTO,B,,,,,TALBROS AUTOMOTIVE COMPONENTS,272.6,274.45,267.95,270.55,270.55,271.45,,270.8,,,20226,5488094.0,970,F1,1,,,,,,2025-05-14
2025-05-14,2025-05-14,CM,BSE,STK,505163,INE116C01012,ZFSTEERING,B,,,,,Z.F.STEERING GEAR (INDIA) LTD.,1078.95,1099.9,926.3,1045.5,1045.5,1048.35,,1045.5,,,10806,11173118.0,1087,F1,1,,,,,,2025-05-14
2025-05-14,2025-05-14,CM,BSE,STK,505192,INE294B01019,SMLISUZU,B,,,,,SML ISUZU LIMITED,1580.0,1585.0,1556.85,1572.4,1570.0,1565.75,,1571.4,,,2437,3813736.0,239,F1,1,,,,,,2025-05-14
2025-05-14,2025-05-14,CM,BSE,STK,505196,INE806C01018,TIL,B,,,,,TIL LTD.,234.05,239.55,234.05,239.55,239.55,228.15,,239.55,,,3482,831491.0,58,F1,1,,,,,,2025-05-14
2025-05-14,2025-05-14,CM,BSE,STK,505200,INE066A01021,EICHERMOT,A,,,,,EICHER MOTORS LTD.,5453.25,5475.0,5363.05,5446.9,5451.0,5420.65,,5446.5,,,14593,79276757.0,3762,F1,1,,,,,,2025-05-14
2025-05-14,2025-05-14,CM,BSE,STK,505212,INE280F01019,JAINEX,X,,,,,JAINEX AAMCOL LTD.,163.95,171.95,160.0,170.0,170.0,173.75,,170.0,,,233,39382.0,13,F1,1,,,,,,2025-05-14
2025-05-14,2025-05-14,CM,BSE,STK,505216,INE782D01027,ALFREDHE,X,,,,,ALFRED HERBERT (INDIA) LTD.,2400.0,2801.9,2400.0,2646.1,2605.0,2334.95,,2646.1,,,2395,6440606.0,256,F1,1,,,,,,2025-05-14
2025-05-14,2025-05-14,CM,BSE,STK,505232,INE232E01013,VELJAN,X,,,,,VELJAN DENISON LIMITED,1111.0,1111.0,1030.0,1081.8,1080.0,1064.95,,1081.8,,,869,933501.0,108,F1,1,,,,,,2025-05-14
2025-05-14,2025-05-14,CM,BSE,STK,505242,INE221B01012,DYNAMATECH,A,,,,,DYNAMATIC TECHNOLOGIES LTD.,6917.5,7199.95,6917.5,7027.1,7027.1,6870.7,,7024.5,,,874,6199507.0,377,F1,1,,,,,,2025-05-14
2025-05-14,2025-05-14,CM,BSE,STK,505250,INE631D01026,GGDPROP,X,,,,,G. G. Dandekar Properties Limi,95.0,95.0,84.99,85.0,84.99,85.92,,85.0,,,436,37966.0,26,F1,1,,,,,,2025-05-14
2025-05-14,2025-05-14,CM,BSE,STK,505255,INE541A01023,GMMPFAUDLR,A,,,,,GMM PFAUDLER LTD.,1094.25,1099.8,1073.75,1092.05,1099.8,1076.4,,1094.5,,,2179,2371839.0,262,F1,1,,,,,,2025-05-14
2025-05-14,2025-05-14,CM,BSE,STK,505283,INE811A01020,KIRLPNU,A,,,,,KIRLOSKAR PNEUMATIC CO.LTD.,1172.5,1217.65,1151.0,1200.75,1200.75,1169.25,,1201.7,,,11132,13307528.0,1452,F1,1,,,,,,2025-05-14
2025-05-14,2025-05-14,CM,BSE,STK,505285,INE637D01015,TULIVE,XT,,,,,TULIVE DEVELOPERS LIMITED,949.1,949.1,949.1,949.1,949.1,930.5,,949.1,,,10,9491.0,6,F1,1,,,,,,2025-05-14
2025-05-14,2025-05-14,CM,BSE,STK,505299,INE731D01024,KPT,X,,,,,KPT INDUSTRIES LIMITED,801.05,808.95,780.2,798.1,804.9,795.8,,798.1,,,1984,1580797.0,147,F1,1,,,,,,2025-05-14
2025-05-14,2025-05-14,CM,BSE,STK,505302,INE718M01022,LAKSHMIEW,X,,,,,LAKSHMI ENGINEERING AND WAREHO,2022.0,2035.0,2000.0,2030.0,2030.0,2050.0,,2030.0,,,32,64580.0,12,F1,1,,,,,,2025-05-14
2025-05-14,2025-05-14,CM,BSE,STK,505324,INE867A01022,MANUGRAPH,B,,,,,MANUGRAPH INDIA LTD.,17.08,17.69,17.05,17.3,17.3,16.65,,17.09,,,2664,45454.0,19,F1,1,,,,,,2025-05-14
2025-05-14,2025-05-14,CM,BSE,STK,505336,INE098E01026,HARSHILAGR,XT,,,,,HARSHIL AGROTECH LIMITED,2.2,2.21,2.14,2.16,2.16,2.11,,2.16,,,32112949,70539840.0,10633,F1,1,,,,,,2025-05-14
2025-05-14,2025-05-14,CM,BSE,STK,505343,INE811D01024,MONOT,XT,,,,,MONOTYPE INDIA LTD.,0.76,0.77,0.75,0.77,0.77,0.74,,0.77,,,1118477,860501.0,835,F1,1,,,,,,2025-05-14
2025-05-14,2025-05-14,CM,BSE,STK,505355,INE317F01035,NESCO,B,,,,,NESCO LTD.,930.05,957.0,930.05,943.25,943.2,936.0,,943.4,,,1007,956193.0,189,F1,1,,,,,,2025-05-14
2025-05-14,2025-05-14,CM,BSE,STK,505358,INE984B01023,INTEGRAEN,X,,,,,INTEGRA ENGINEERING INDIA LTD.,223.45,227.7,215.0,222.85,222.85,219.0,,222.85,,,27702,6183739.0,255,F1,1,,,,,,2025-05-14
2025-05-14,2025-05-14,CM,BSE,STK,505400,INE435C01024,TEXINFRA,B,,,,,TEXMACO INFRASTRUCTURE & HOLDI,99.71,101.96,97.77,101.9,101.6,97.56,,101.69,,,12467,1248908.0,391,F1,1,,,,,,2025-05-14
2025-05-14,2025-05-14,CM,BSE,STK,505412,INE274C01019,WENDT,B,,,,,WENDT (INDIA) LTD.,10493.5,10587.0,10351.0,10467.65,10494.0,10350.9,,10460.5,,,47,491951.0,21,F1,1,,,,,,2025-05-14
2025-05-14,2025-05-14,CM,BSE,STK,505502,INE953M01033,PSITINFRA,XT,,,,,PS IT INFRASTRUCTURE & SERVICE,1.39,1.39,1.39,1.39,1.39,1.41,,1.39,,,22348,31063.0,60,F1,1,,,,,,2025-05-14
2025-05-14,2025-05-14,CM,BSE,STK,505504,INE809Q01012,GHVINFRA,XT,,,,,GHV INFRA PROJECTS LIMITED,525.85,525.85,525.85,525.85,525.85,515.55,,525.85,,,50,26292.0,2,F1,1,,,,,,2025-05-14
2025-05-14,2025-05-14,CM,BSE,STK,505509,INE688D01026,RESPONIND,B,,,,,RESPONSIVE INDUSTRIES LTD.,185.7,192.4,184.25,187.6,188.05,184.0,,187.07,,,5111,962126.0,231,F1,1,,,,,,2025-05-14
2025-05-14,2025-05-14,CM,BSE,STK,505515,INE203N01015,SHYMINV,XT,,,,,SHYAMKAMAL INVESTMENTS LTD.,12.0,12.2,11.82,11.91,11.91,12.24,,11.91,,,32811,393628.0,23,F1,1,,,,,,2025-05-14
2025-05-14,2025-05-14,CM,BSE,STK,505523,INE272E01027,MAHACORP,XT,,,,,MAHARASHTRA CORPORATION LTD.,0.47,0.48,0.44,0.47,0.48,0.46,,0.47,,,6380485,3010449.0,1099,F1,1,,,,,,2025-05-14
2025-05-14,2025-05-14,CM,BSE,STK,505526,INE966A01022,DOLATALGO,B,,,,,DOLAT ALGOTECH LIMITED,86.99,91.18,85.97,90.51,91.18,85.97,,90.38,,,24609,2175122.0,446,F1,1,,,,,,2025-05-14
2025-05-14,2025-05-14,CM,BSE,STK,505533,INE274F01020,WESTLIFE,A,,,,,WESTLIFE FOODWORLD LIMITED,706.7,708.25,687.45,697.4,697.4,698.9,,696.6,,,6649,4644526.0,514,F1,1,,,,,,2025-05-14
2025-05-14,2025-05-14,CM,BSE,STK,505537,INE256A01028,ZEEL,A,,,,,ZEE ENTERTAINMENT ENTERPRISES,125.0,125.6,123.05,123.85,123.85,123.15,,123.9,,,1451101,180443913.0,9832,F1,1,,,,,,2025-05-14
2025-05-14,2025-05-14,CM,BSE,STK,505590,INE308E01029,SVPGLOB,T,,,,,SVP GLOBAL TEXTILES LIMITED,3.07,3.18,3.07,3.16,3.16,3.03,,3.13,,,3002,9409.0,13,F1,1,,,,,,2025-05-14
2025-05-14,2025-05-14,CM,BSE,STK,505650,INE178E01026,SKYLMILAR,X,,,,,SKYLINE MILLARS LTD.,23.72,24.99,22.5,23.49,23.02,23.72,,23.49,,,29095,693707.0,165,F1,1,,,,,,2025-05-14
2025-05-14,2025-05-14,CM,BSE,STK,505681,INE469A01019,BIMETAL,X,,,,,BIMETAL BEARINGS LTD.,598.9,606.0,577.0,595.45,602.8,585.0,,595.45,,,1536,910220.0,48,F1,1,,,,,,2025-05-14
2025-05-14,2025-05-14,CM,BSE,STK,505688,INE561C01019,BHARATGEAR,B,,,,,BHARAT GEARS LTD.,77.72,77.84,77.3,77.31,77.3,76.98,,77.51,,,424,32825.0,20,F1,1,,,,,,2025-05-14
2025-05-14,2025-05-14,CM,BSE,STK,505690,INE856A01017,BRADYM,X,,,,,BRADY & MORRIS ENGINEERING CO.,1270.0,1289.85,1222.0,1239.5,1253.5,1263.5,,1239.5,,,579,719628.0,71,F1,1,,,,,,2025-05-14
2025-05-14,2025-05-14,CM,BSE,STK,505693,INE501N01020,LATIMMETAL,X,,,,,La Tim Metal & Industries Limi,9.88,9.88,9.12,9.39,9.55,9.51,,9.39,,,221339,2103923.0,108,F1,1,,,,,,2025-05-14
2025-05-14,2025-05-14,CM,BSE,STK,505700,INE205B01031,ELECON,A,,,,,ELECON ENGINEERING CO.LTD.,669.0,670.5,643.5,654.0,656.85,668.7,,655.15,,,31330,20454923.0,1233,F1,1,,,,,,2025-05-14
2025-05-14,2025-05-14,CM,BSE,STK,505710,INE266D01021,GRAUWEIL,B,,,,,GRAUER & WEIL (INDIA) LTD.,82.17,86.0,82.17,85.03,85.03,81.93,,85.03,,,281175,23792003.0,1465,F1,1,,,,,,2025-05-14
2025-05-14,2025-05-14,CM,BSE,STK,505712,INE705G01021,HIMTEK,X,,,,,HIM TEKNOFORGE LIMITED,174.0,184.0,170.25,180.6,180.6,171.3,,180.6,,,12840,2297843.0,209,F1,1,,,,,,2025-05-14
2025-05-14,2025-05-14,CM,BSE,STK,505714,INE524A01029,GABRIEL,A,,,,,GABRIEL INDIA LTD.,623.05,650.4,623.05,638.75,640.55,623.7,,638.65,,,25211,16161576.0,1429,F1,1,,,,,,2025-05-14
2025-05-14,2025-05-14,CM,BSE,STK,505720,INE688E01024,HERCULES,B,,,,,HERCULES HOISTS LTD.,166.8,167.6,159.15,162.5,162.5,159.75,,164.27,,,5656,929468.0,392,F1,1,,,,,,2025-05-14
2025-05-14,2025-05-14,CM,BSE,STK,505725,INE598D01027,AQFINTECH,X,,,,,ALGOQUANT FINTECH LIMITED,904.0,955.0,890.0,952.95,950.0,894.35,,952.95,,,31011,28436906.0,255,F1,1,,,,,,2025-05-14
2025-05-14,2025-05-14,CM,BSE,STK,505726,INE559A01017,IFBIND,B,,,,,IFB INDUSTRIES LTD.,1354.85,1355.7,1321.0,1331.15,1338.7,1342.7,,1336.8,,,1610,2148377.0,316,F1,1,,,,,,2025-05-14
2025-05-14,2025-05-14,CM,BSE,STK,505729,INE638A01035,SINGER,X,,,,,SINGER INDIA LTD.,61.96,63.3,61.71,62.68,62.0,61.96,,62.68,,,13034,816345.0,217,F1,1,,,,,,2025-05-14
2025-05-14,2025-05-14,CM,BSE,STK,505737,INE403C01014,INTLCOMBQ,X,,,,,INTERNATIONAL COMBUSTION (INDI,917.95,917.95,883.0,906.55,910.0,899.55,,906.55,,,1131,1022036.0,110,F1,1,,,,,,2025-05-14
2025-05-14,2025-05-14,CM,BSE,STK,505744,INE529A01010,FMGOETZE,B,,,,,FEDERAL-MOGUL GOETZE (INDIA) L,337.6,349.2,337.6,343.4,345.0,342.7,,342.1,,,654,225617.0,66,F1,1,,,,,,2025-05-14
2025-05-14,2025-05-14,CM,BSE,STK,505750,INE636D01041,JOSTS,X,,,,,JOSTS ENGINEERING CO.LTD.,480.0,487.0,478.5,483.8,483.9,478.95,,483.8,,,11490,5540775.0,277,F1,1,,,,,,2025-05-14
2025-05-14,2025-05-14,CM,BSE,STK,505790,INE513A01022,SCHAEFFLER,A,,,,,Schaeffler India Limited,3998.95,4035.45,3911.3,3925.85,3928.0,3951.35,,3929.7,,,2587,10266100.0,487,F1,1,,,,,,2025-05-14
2025-05-14,2025-05-14,CM,BSE,STK,505800,INE384A01010,RANEHOLDIN,B,,,,,RANE HOLDINGS LTD.,1379.05,1401.6,1362.35,1389.25,1386.45,1375.35,,1391.3,,,772,1071603.0,183,F1,1,,,,,,2025-05-14
2025-05-14,2025-05-14,CM,BSE,STK,505827,INE568F01017,SNL,X,,,,,SNL BEARINGS LTD.,381.05,384.95,380.05,382.65,383.8,379.95,,382.65,,,851,324965.0,30,F1,1,,,,,,2025-05-14
2025-05-14,2025-05-14,CM,BSE,STK,505840,INE058D01030,JAIPAN,X,,,,,JAIPAN INDUSTRIES LTD.,34.62,34.62,33.12,33.9,33.9,34.79,,33.9,,,599,20106.0,8,F1,1,,,,,,2025-05-14
2025-05-14,2025-05-14,CM,BSE,STK,505850,INE545L01039,MANCREDIT,B,,,,,MANGAL CREDIT AND FINCORP LTD.,158.95,161.95,156.85,158.3,158.3,159.9,,157.53,,,39,6225.0,23,F1,1,,,,,,2025-05-14
2025-05-14,2025-05-14,CM,BSE,STK,505854,INE391D01019,TRF,B,,,,,TRF LTD.,385.05,393.05,382.55,389.55,390.3,383.3,,389.45,,,2784,1085371.0,433,F1,1,,,,,,2025-05-14
2025-05-14,2025-05-14,CM,BSE,STK,505872,INE765D01022,WPIL,B,,,,,WPIL LTD.,427.95,457.0,421.25,445.15,445.15,424.1,,445.15,,,95893,42396460.0,1974,F1,1,,,,,,2025-05-14
2025-05-14,2025-05-14,CM,BSE,STK,505890,INE717A01029,KENNAMET,B,,,,,KENNAMETAL INDIA LTD.,2160.8,2235.0,2155.7,2191.6,2190.0,2149.2,,2191.6,,,4121,9021424.0,479,F1,1,,,,,,2025-05-14
2025-05-14,2025-05-14,CM,BSE,STK,505893,INE724D01011,HINDHARD,X,,,,,HINDUSTAN HARDY LIMITED,817.0,817.0,758.1,776.05,776.05,798.5,,776.05,,,1656,1295539.0,80,F1,1,,,,,,2025-05-14
2025-05-14,2025-05-14,CM,BSE,STK,505978,INE440G01017,TRITONV,X,,,,,TRITON VALVES LTD.,3099.0,3187.95,3089.95,3120.0,3120.0,3069.15,,3120.0,,,434,1351904.0,36,F1,1,,,,,,2025-05-14
2025-05-14,2025-05-14,CM,BSE,STK,506003,INE618D01015,SUDAI,X,,,,,SUDAL INDUSTRIES LTD.,34.91,36.4,34.91,35.01,35.01,34.91,,35.01,,,1618,56873.0,15,F1,1,,,,,,2025-05-14
2025-05-14,2025-05-14,CM,BSE,STK,506022,INE603A01013,PRAKASH,A,,,,,PRAKASH INDUSTRIES LTD.,179.05,181.75,177.6,181.1,181.4,179.9,,181.0,,,76930,13786313.0,1081,F1,1,,,,,,2025-05-14
2025-05-14,2025-05-14,CM,BSE,STK,506074,INE968D01022,ARSHIYA,Z,,,,,ARSHIYA LIMITED,2.67,2.8,2.67,2.79,2.79,2.67,,2.79,,,20350,56901.0,23,F1,1,,,,,,2025-05-14
2025-05-14,2025-05-14,CM,BSE,STK,506076,INE536A01023,GRINDWELL,A,,,,,GRINDWELL NORTON LTD.,1659.0,1708.75,1653.7,1683.25,1685.0,1667.65,,1682.6,,,2269,3824608.0,410,F1,1,,,,,,2025-05-14
2025-05-14,2025-05-14,CM,BSE,STK,506079,INE651C01018,LAKPRE,Z,,,,,LAKSHMI PRECISION SCREWS LTD.,5.15,5.22,5.15,5.22,5.22,5.01,,5.08,,,369,1901.0,2,F1,1,,,,,,2025-05-14
2025-05-14,2025-05-14,CM,BSE,STK,506105,INE441L01015,STANROS,X,,,,,STANROSE MAFATLAL INVESTMENTS,78.0,78.0,76.2,76.2,76.2,78.06,,76.2,,,22,1686.0,4,F1,1,,,,,,2025-05-14
2025-05-14,2025-05-14,CM,BSE,STK,506109,INE727B01026,GENESYS,B,,,,,GENESYS INTERNATIONAL CORPORAT,714.0,739.85,701.45,723.05,723.05,706.55,,726.5,,,23657,17145479.0,1677,F1,1,,,,,,2025-05-14
2025-05-14,2025-05-14,CM,BSE,STK,506128,INE383L01019,PARNAXLAB,XT,,,,,PARNAX LAB LTD.,99.0,99.0,96.0,98.75,99.0,96.14,,98.75,,,5042,496539.0,53,F1,1,,,,,,2025-05-14
2025-05-14,2025-05-14,CM,BSE,STK,506134,INE512D01028,GOURMET,XT,,,,,GOURMET GATEWAY INDIA LIMITED,15.97,16.34,15.97,16.14,16.12,15.6,,16.14,,,48222,779112.0,84,F1,1,,,,,,2025-05-14
2025-05-14,2025-05-14,CM,BSE,STK,506146,INE370E01029,VIVIDHA,B,,,,,VISAGAR POLYTEX LTD.,0.98,0.98,0.88,0.91,0.9,0.94,,0.9,,,425171,390983.0,269,F1,1,,,,,,2025-05-14
2025-05-14,2025-05-14,CM,BSE,STK,506180,INE668L01013,EMERGENT,XT,,,,,EMERGENT INDUSTRIAL SOLUTIONS,370.0,370.0,362.65,370.0,370.0,370.05,,370.0,,,9,3300.0,5,F1,1,,,,,,2025-05-14
2025-05-14,2025-05-14,CM,BSE,STK,506184,INE879E01037,KANANIIND,T,,,,,KANANI INDUSTRIES LTD.,2.09,2.27,2.09,2.21,2.21,2.18,,2.21,,,90245,202429.0,63,F1,1,,,,,,2025-05-14
2025-05-14,2025-05-14,CM,BSE,STK,506186,INE403B01016,GCKL,XT,,,,,GALAXY CLOUD KITCHENS LIMITED,31.02,31.02,31.02,31.02,31.02,29.55,,31.02,,,7106,220428.0,4,F1,1,,,,,,2025-05-14
2025-05-14,2025-05-14,CM,BSE,STK,506194,INE643K01018,ARIHANTSUP,B,,,,,ARIHANT SUPERSTRUCTURES LIMITE,360.0,363.55,354.55,362.6,363.55,357.6,,362.05,,,2839,1019233.0,124,F1,1,,,,,,2025-05-14
2025-05-14,2025-05-14,CM,BSE,STK,506197,INE416D01022,BLISSGVS,B,,,,,BLISS GVS PHARMA LTD.,119.4,120.15,117.35,118.85,118.85,118.7,,118.93,,,26872,3193863.0,431,F1,1,,,,,,2025-05-14
2025-05-14,2025-05-14,CM,BSE,STK,506222,INE189B01011,STYRENIX,B,,,,,Styrenix Performance Materials,2816.4,2816.4,2755.9,2767.5,2765.0,2815.15,,2769.4,,,2103,5848558.0,531,F1,1,,,,,,2025-05-14
2025-05-14,2025-05-14,CM,BSE,STK,506235,INE426A01027,ALEMBICLTD,B,,,,,ALEMBIC LTD.,107.0,108.5,106.01,107.35,107.43,104.63,,107.3,,,82068,8782307.0,906,F1,1,,,,,,2025-05-14
2025-05-14,2025-05-14,CM,BSE,STK,506248,INE275D01022,AMNPLST,B,,,,,AMINES & PLASTICIZERS LTD.,200.95,208.3,200.95,207.7,208.3,198.25,,207.48,,,1663,343143.0,114,F1,1,,,,,,2025-05-14
2025-05-14,2025-05-14,CM,BSE,STK,506260,INE489G01022,ANUHPHR,B,,,,,ANUH PHARMA LTD.,175.4,181.6,174.0,180.65,180.65,173.65,,180.34,,,6178,1109509.0,205,F1,1,,,,,,2025-05-14
2025-05-14,2025-05-14,CM,BSE,STK,506261,INE737D01021,MODISONLTD,B,,,,,MODISON LIMITED,128.55,130.2,127.1,128.65,127.1,126.25,,128.82,,,2818,363397.0,298,F1,1,,,,,,2025-05-14
2025-05-14,2025-05-14,CM,BSE,STK,506285,INE462A01022,BAYERCROP,A,,,,,BAYER CROPSCIENCE LTD.,4785.0,4899.0,4785.0,4888.05,4875.0,4758.2,,4884.7,,,1100,5333460.0,295,F1,1,,,,,,2025-05-14
2025-05-14,2025-05-14,CM,BSE,STK,506365,INE320M01019,CHEMOPH,XT,,,,,CHEMO PHARMA LABORATORIES LTD.,119.7,128.0,118.3,126.0,126.0,124.45,,126.0,,,1756,215780.0,31,F1,1,,,,,,2025-05-14
2025-05-14,2025-05-14,CM,BSE,STK,506390,INE492A01029,HEUBACHIND,B,,,,,Heubach Colorants India Limite,588.05,589.3,584.35,587.0,587.0,588.8,,587.45,,,1150,674266.0,63,F1,1,,,,,,2025-05-14
2025-05-14,2025-05-14,CM,BSE,STK,506395,INE169A01031,COROMANDEL,A,,,,,COROMANDEL INTERNATIONAL LTD.,2477.35,2477.35,2321.05,2402.9,2402.9,2433.0,,2403.3,,,19665,46570540.0,2162,F1,1,,,,,,2025-05-14
2025-05-14,2025-05-14,CM,BSE,STK,506401,INE288B01029,DEEPAKNTR,A,,,,,DEEPAK NITRITE LTD.,1950.45,1984.0,1950.45,1979.7,1980.0,1950.4,,1980.1,,,16437,32439581.0,2325,F1,1,,,,,,2025-05-14
2025-05-14,2025-05-14,CM,BSE,STK,506405,INE505A01010,DMCC,B,,,,,DMCC SPECIALITY CHEMICALS LIMI,253.95,262.85,249.1,250.55,250.55,249.6,,250.2,,,25044,6342321.0,1638,F1,1,,,,,,2025-05-14
2025-05-14,2025-05-14,CM,BSE,STK,506414,INE225B01021,FERMENTA,XT,,,,,FERMENTA BIOTECH LIMITED,265.1,275.0,262.1,275.0,275.0,266.4,,275.0,,,7264,1973859.0,96,F1,1,,,,,,2025-05-14
2025-05-14,2025-05-14,CM,BSE,STK,506480,INE077F01035,GOCLCORP,B,,,,,GOCL Corporation Limited,289.6,293.0,287.45,289.65,289.65,287.7,,288.3,,,2899,843300.0,226,F1,1,,,,,,2025-05-14
2025-05-14,2025-05-14,CM,BSE,STK,506520,INE693E01016,JAYCH,X,,,,,JAYSHREE CHEMICALS LTD.,8.38,8.69,8.15,8.41,8.44,8.38,,8.41,,,17365,145148.0,67,F1,1,,,,,,2025-05-14
2025-05-14,2025-05-14,CM,BSE,STK,506525,INE138C01024,KANORICHEM,B,,,,,KANORIA CHEMICALS & INDUSTRIES,92.0,94.9,89.0,91.22,93.79,90.0,,91.4,,,2288,208192.0,56,F1,1,,,,,,2025-05-14
2025-05-14,2025-05-14,CM,BSE,STK,506528,INE881E01017,KELENRG,X,,,,,KELTECH ENERGIES LTD.,3340.0,3419.0,3340.0,3355.0,3355.0,3312.4,,3355.0,,,955,3236983.0,93,F1,1,,,,,,2025-05-14
2025-05-14,2025-05-14,CM,BSE,STK,506532,INE265B01019,NITTAGELA,X,,,,,NITTA GELATIN INDIA LTD.,779.0,779.0,762.15,770.85,771.15,762.65,,770.85,,,1439,1103013.0,111,F1,1,,,,,,2025-05-14
2025-05-14,2025-05-14,CM,BSE,STK,506579,INE321D01016,OCCL,B,,,,,ORIENTAL CARBON & CHEMICALS LT,181.05,187.35,180.5,184.05,187.1,180.45,,183.99,,,3815,704791.0,331,F1,1,,,,,,2025-05-14
2025-05-14,2025-05-14,CM,BSE,STK,506590,INE602A01031,PCBL,A,,,,,PCBL Chemical Limited,375.0,383.0,372.0,382.1,382.1,373.95,,382.0,,,100105,37959766.0,1992,F1,1,,,,,,2025-05-14
2025-05-14,2025-05-14,CM,BSE,STK,506597,INE841D01013,AMAL,XT,,,,,AMAL LTD.,558.8,558.8,537.0,539.05,539.05,551.9,,539.05,,,14719,8034263.0,317,F1,1,,,,,,2025-05-14
2025-05-14,2025-05-14,CM,BSE,STK,506605,INE752B01024,POLYCHEM,X,,,,,POLYCHEM LTD.,2020.0,2089.0,1950.2,2016.5,2016.5,1999.1,,2016.5,,,207,420258.0,52,F1,1,,,,,,2025-05-14
2025-05-14,2025-05-14,CM,BSE,STK,506618,INE277B01014,PUNJABCHEM,B,,,,,PUNJAB CHEMICALS AND CROP PROT,1122.7,1132.65,1107.65,1120.2,1125.0,1131.05,,1117.4,,,1237,1383226.0,232,F1,1,,,,,,2025-05-14
2025-05-14,2025-05-14,CM,BSE,STK,506640,INE218N01021,ZR2,XT,,,,,ZR2 BIOENERGY LIMITED,380.0,380.0,372.85,372.85,372.85,372.85,,372.85,,,341,127163.0,8,F1,1,,,,,,2025-05-14
2025-05-14,2025-05-14,CM,BSE,STK,506642,INE888C01040,SADHNANIQ,T,,,,,SADHANA NITROCHEM LTD.,19.8,20.18,19.8,20.05,20.05,19.79,,20.05,,,25989,522047.0,75,F1,1,,,,,,2025-05-14
2025-05-14,2025-05-14,CM,BSE,STK,506655,INE659A01023,SUDARSCHEM,A,,,,,SUDARSHAN CHEMICAL INDUSTRIES,1068.8,1081.0,1063.95,1071.9,1069.0,1068.8,,1072.7,,,3815,4091835.0,344,F1,1,,,,,,2025-05-14
2025-05-14,2025-05-14,CM,BSE,STK,506685,INE405A01021,ULTRAMAR,B,,,,,ULTRAMARINE & PIGMENTS LTD.,456.8,484.4,451.15,474.35,474.35,451.25,,474.35,,,20254,9488703.0,515,F1,1,,,,,,2025-05-14
2025-05-14,2025-05-14,CM,BSE,STK,506687,INE687A01016,TRANSPEK,X,,,,,TRANSPEK INDUSTRY LTD.,1560.0,1590.0,1539.0,1545.05,1548.0,1569.3,,1545.05,,,7233,11259713.0,169,F1,1,,,,,,2025-05-14
2025-05-14,2025-05-14,CM,BSE,STK,506690,INE351A01035,UNICHEMLAB,B,,,,,UNICHEM LABORATORIES LTD.,584.5,590.0,565.25,572.65,574.5,575.85,,573.05,,,5835,3343544.0,629,F1,1,,,,,,2025-05-14
2025-05-14,2025-05-14,CM,BSE,STK,506734,INE741A01011,MYSORPETRO,X,,,,,MYSORE PETRO CHEMICALS LTD.,124.95,126.35,124.0,125.0,125.0,124.75,,125.0,,,4662,582608.0,67,F1,1,,,,,,2025-05-14
2025-05-14,2025-05-14,CM,BSE,STK,506767,INE150B01039,ALKYLAMINE,A,,,,,ALKYL AMINES CHEMICALS LTD.,1709.95,1731.7,1686.0,1725.9,1731.7,1697.8,,1725.8,,,1883,3206525.0,246,F1,1,,,,,,2025-05-14
2025-05-14,2025-05-14,CM,BSE,STK,506808,INE400A01014,TUTIALKA,B,,,,,TUTICORIN ALKALI CHEMICALS AND,78.5,78.5,77.0,77.49,77.6,77.08,,77.49,,,12912,1003015.0,190,F1,1,,,,,,2025-05-14
2025-05-14,2025-05-14,CM,BSE,STK,506820,INE203A01020,ASTRAZEN,A,,,,,ASTRAZENECA PHARMA INDIA LTD.,8193.35,8284.05,8020.3,8039.75,8040.1,8183.35,,8036.5,,,579,4706526.0,253,F1,1,,,,,,2025-05-14
2025-05-14,2025-05-14,CM,BSE,STK,506852,INE607A01022,PRIMO,B,,,,,Primo Chemicals Limited,25.5,26.1,25.0,25.83,25.83,25.64,,25.8,,,65580,1677688.0,1069,F1,1,,,,,,2025-05-14
2025-05-14,2025-05-14,CM,BSE,STK,506854,INE639B01015,TANFACIND,B,,,,,TANFAC INDUSTRIES LTD.,3155.5,3325.0,3155.5,3271.65,3284.95,3172.8,,3271.65,,,12516,40834089.0,1274,F1,1,,,,,,2025-05-14
2025-05-14,2025-05-14,CM,BSE,STK,506858,INE636P01011,GUJPETR,X,,,,,GUJARAT PETROSYNTHESE LTD.,59.49,59.5,57.25,59.26,59.5,59.9,,59.26,,,111,6500.0,16,F1,1,,,,,,2025-05-14
2025-05-14,2025-05-14,CM,BSE,STK,506863,INE716M01034,SWADEIN,XT,,,,,SWADESHI INDUSTRIES LEASING CO,12.3,12.3,12.25,12.3,12.3,12.06,,12.3,,,760,9323.0,5,F1,1,,,,,,2025-05-14
2025-05-14,2025-05-14,CM,BSE,STK,506879,INE942C01045,GUJTHEM,B,,,,,GUJARAT THEMIS BIOSYN LTD.,306.5,320.0,305.65,314.45,314.45,306.75,,315.1,,,27088,8479922.0,1349,F1,1,,,,,,2025-05-14
2025-05-14,2025-05-14,CM,BSE,STK,506906,INE467X01015,SCBL,X,,,,,Saptak Chem And Business Limit,3.69,3.69,3.25,3.65,3.65,3.69,,3.65,,,782,2843.0,10,F1,1,,,,,,2025-05-14
2025-05-14,2025-05-14,CM,BSE,STK,506919,INE987A01010,MAKERSL,X,,,,,MAKERS LABORATORIES LTD.,139.95,140.0,139.95,140.0,140.0,140.9,,140.0,,,143,20019.0,6,F1,1,,,,,,2025-05-14
2025-05-14,2025-05-14,CM,BSE,STK,506935,INE423K01015,CONTCHM,X,,,,,CONTINENTAL CHEMICALS LTD.,71.89,71.89,67.66,71.32,71.32,69.0,,71.32,,,303,20582.0,7,F1,1,,,,,,2025-05-14
2025-05-14,2025-05-14,CM,BSE,STK,506943,INE572A01036,JBCHEPHARM,A,,,,,J.B.CHEMICALS & PHARMACEUTICAL,1581.05,1617.95,1564.0,1610.5,1610.5,1579.85,,1612.7,,,1582,2536470.0,265,F1,1,,,,,,2025-05-14
2025-05-14,2025-05-14,CM,BSE,STK,506979,INE046E01025,APTPACK,XT,,,,,APT PACKAGING LTD.,62.26,62.88,62.26,62.88,62.88,62.26,,62.88,,,238,14895.0,4,F1,1,,,,,,2025-05-14
2025-05-14,2025-05-14,CM,BSE,STK,506981,INE472D01017,BLUECHIPT,X,,,,,BLUE CHIP TEX INDUSTRIES LTD.,149.0,152.0,145.0,151.95,152.0,144.25,,151.95,,,749,112588.0,32,F1,1,,,,,,2025-05-14
2025-05-14,2025-05-14,CM,BSE,STK,507155,INE574A01016,JAGAJITIND,B,,,,,JAGATJIT INDUSTRIES LTD.,188.75,191.0,185.0,190.1,190.1,185.05,,190.1,,,7280,1374092.0,157,F1,1,,,,,,2025-05-14
2025-05-14,2025-05-14,CM,BSE,STK,507180,INE133B01019,KESARENT,XT,,,,,KESAR ENTERPRISES LTD.,73.01,76.69,73.01,76.69,76.69,74.45,,76.69,,,3472,262540.0,43,F1,1,,,,,,2025-05-14
2025-05-14,2025-05-14,CM,BSE,STK,507205,INE133E01013,TI,A,,,,,TILAKNAGAR INDUSTRIES LTD.,304.45,304.45,294.8,302.65,303.5,299.5,,302.7,,,115794,34757923.0,3051,F1,1,,,,,,2025-05-14
2025-05-14,2025-05-14,CM,BSE,STK,507265,INE044N01021,EMERALL,XT,,,,,Emerald Leisures Limited,176.95,178.9,161.9,178.9,178.9,170.4,,178.9,,,8806,1484600.0,77,F1,1,,,,,,2025-05-14
2025-05-14,2025-05-14,CM,BSE,STK,507300,INE615A01025,RAVALSUGAR,X,,,,,The Ravalgaon Sugar Farm Limit,1092.0,1096.7,1080.05,1081.0,1081.0,1072.05,,1081.0,,,178,193602.0,14,F1,1,,,,,,2025-05-14
2025-05-14,2025-05-14,CM,BSE,STK,507315,INE623A01011,SAKHTISUG,B,,,,,SAKTHI SUGARS LTD.,24.0,25.0,24.0,24.31,24.19,23.92,,24.4,,,8615,210201.0,108,F1,1,,,,,,2025-05-14
2025-05-14,2025-05-14,CM,BSE,STK,507410,INE711A01022,WALCHANNAG,B,,,,,WALCHANDNAGAR INDUSTRIES LTD.,195.0,212.6,192.95,212.6,212.6,193.3,,212.68,,,229887,48258131.0,1580,F1,1,,,,,,2025-05-14
2025-05-14,2025-05-14,CM,BSE,STK,507474,INE991B01010,KFBL,X,,,,,KOTHARI FERMENTATION & BIOCHEM,82.45,82.5,79.0,80.06,80.0,81.0,,80.06,,,4678,375808.0,85,F1,1,,,,,,2025-05-14
2025-05-14,2025-05-14,CM,BSE,STK,507486,INE470N01010,CAPRO,X,,,,,CAPROLACTAM CHEMICALS LTD.,44.2,44.2,44.2,44.2,44.2,44.5,,44.2,,,72,3182.0,3,F1,1,,,,,,2025-05-14
2025-05-14,2025-05-14,CM,BSE,STK,507488,INE075D01018,GMBREW,B,,,,,G.M.BREWERIES LTD.,714.6,714.6,695.45,703.75,704.75,692.65,,702.3,,,2740,1923204.0,173,F1,1,,,,,,2025-05-14
2025-05-14,2025-05-14,CM,BSE,STK,507490,INE625B01014,RANASUG,B,,,,,RANA SUGARS LTD.,14.2,14.7,14.16,14.51,14.59,14.0,,14.41,,,42552,614085.0,455,F1,1,,,,,,2025-05-14
2025-05-14,2025-05-14,CM,BSE,STK,507498,INE544C01023,PICCASUG,X,,,,,PICCADILY SUGAR & ALLIED INDUS,53.51,56.0,53.51,55.51,56.0,53.51,,55.51,,,27300,1506470.0,171,F1,1,,,,,,2025-05-14
2025-05-14,2025-05-14,CM,BSE,STK,507514,INE480C01038,SDBL,B,,,,,SOM DISTILLERIES & BREWERIES L,135.35,137.0,133.5,135.65,135.95,134.7,,135.75,,,180789,24379954.0,2000,F1,1,,,,,,2025-05-14
2025-05-14,2025-05-14,CM,BSE,STK,507515,INE557D01015,CJGEL,XT,,,,,C.J.GELATINE PRODUCTS LTD.,17.0,17.0,16.45,16.45,16.45,17.3,,16.45,,,105,1730.0,2,F1,1,,,,,,2025-05-14
2025-05-14,2025-05-14,CM,BSE,STK,507526,INE073G01016,ASALCBR,B,,,,,ASSOCIATED ALCOHOLS & BREWERIE,1143.15,1143.15,1105.0,1127.5,1128.0,1121.35,,1127.6,,,3429,3826992.0,345,F1,1,,,,,,2025-05-14
2025-05-14,2025-05-14,CM,BSE,STK,507552,INE976E01023,FOODSIN,B,,,,,FOODS & INNS LTD.,97.9,97.9,90.0,91.5,93.52,94.44,,91.42,,,38910,3590671.0,637,F1,1,,,,,,2025-05-14
2025-05-14,2025-05-14,CM,BSE,STK,507580,INE043C01018,IVP,B,,,,,IVP LTD.,168.9,200.4,166.3,198.55,198.55,167.0,,196.21,,,31621,6285245.0,553,F1,1,,,,,,2025-05-14
2025-05-14,2025-05-14,CM,BSE,STK,507598,INE014E01015,KLRFM,X,,,,,KOVILPATTI LAKSHMI ROLLER FLOU,103.4,111.7,100.82,107.88,108.79,103.9,,107.88,,,5638,602159.0,107,F1,1,,,,,,2025-05-14
2025-05-14,2025-05-14,CM,BSE,STK,507609,INE286E01019,OLYOI,XT,,,,,OLYMPIC OIL INDUSTRIES LTD.,47.42,48.39,45.98,48.0,48.0,48.39,,48.0,,,28,1330.0,9,F1,1,,,,,,2025-05-14
2025-05-14,2025-05-14,CM,BSE,STK,507621,INE588G01021,MLKFOOD,X,,,,,MILKFOOD LTD.,80.65,85.49,80.65,83.44,85.48,84.15,,83.44,,,7473,617752.0,140,F1,1,,,,,,2025-05-14
2025-05-14,2025-05-14,CM,BSE,STK,507645,INE339F01021,POLSON,X,,,,,POLSON LTD.,12743.5,13000.0,12743.5,12866.5,12985.0,12363.65,,12866.5,,,49,631004.0,33,F1,1,,,,,,2025-05-14
2025-05-14,2025-05-14,CM,BSE,STK,507685,INE075A01022,WIPRO,A,,,,,WIPRO LTD.,251.25,253.55,250.7,253.0,253.0,251.65,,252.94,,,331590,83667597.0,6836,F1,1,,,,,,2025-05-14
2025-05-14,2025-05-14,CM,BSE,STK,507690,INE247F01018,ORIBEVER,X,,,,,ORIENT BEVERAGES LTD.,246.7,253.9,243.25,250.0,250.0,246.7,,250.0,,,609,151409.0,29,F1,1,,,,,,2025-05-14
2025-05-14,2025-05-14,CM,BSE,STK,507717,INE435G01025,DHANUKA,B,,,,,DHANUKA AGRITECH LTD.,1350.0,1431.3,1350.0,1422.6,1425.9,1375.3,,1427.4,,,2176,3063350.0,328,F1,1,,,,,,2025-05-14
2025-05-14,2025-05-14,CM,BSE,STK,507747,INE910C01018,TTKHLTCARE,B,,,,,TTK HEALTHCARE LTD.,1274.95,1274.95,1167.9,1167.9,1167.9,1169.1,,1205.2,,,267,319263.0,63,F1,1,,,,,,2025-05-14
2025-05-14,2025-05-14,CM,BSE,STK,507753,INE284B01028,TGVSL,B,,,,,TGV SRAAC Limited,102.35,102.35,100.89,101.29,101.29,101.1,,101.29,,,105358,10677936.0,566,F1,1,,,,,,2025-05-14
2025-05-14,2025-05-14,CM,BSE,STK,507759,INE891G01011,LIMECHM,X,,,,,LIME CHEMICALS LTD.,16.73,17.25,16.1,16.99,16.99,16.72,,16.99,,,1376,22784.0,21,F1,1,,,,,,2025-05-14
2025-05-14,2025-05-14,CM,BSE,STK,507779,INE694E01014,KANPRPLA,B,,,,,KANPUR PLASTIPACK LTD.,147.45,175.05,147.45,175.05,175.05,145.9,,175.15,,,70178,11988507.0,1957,F1,1,,,,,,2025-05-14
2025-05-14,2025-05-14,CM,BSE,STK,507785,INE123C01018,TAINWALCHM,B,,,,,TAINWALA CHEMICALS & PLASTICS,202.0,202.1,202.0,202.0,202.0,200.95,,201.74,,,133,26866.0,25,F1,1,,,,,,2025-05-14
2025-05-14,2025-05-14,CM,BSE,STK,507789,INE048B01035,JAGSNPHARM,B,,,,,JAGSONPAL PHARMACEUTICALS LTD.,221.45,223.8,218.0,219.55,219.55,219.1,,218.19,,,4777,1050706.0,206,F1,1,,,,,,2025-05-14
2025-05-14,2025-05-14,CM,BSE,STK,507794,INE745B01028,KHAICHEM,B,,,,,KHAITAN CHEMICALS & FERTILIZER,55.01,59.5,55.01,59.02,59.02,56.13,,59.03,,,14642,848412.0,499,F1,1,,,,,,2025-05-14
2025-05-14,2025-05-14,CM,BSE,STK,507808,INE357P01014,UNTTEMI,P,,,,,UNITED LEASING & INDUSTRIES LT,51.0,51.0,49.5,49.5,49.5,52.0,,49.5,,,400,19875.0,6,F1,50,,,,,,2025-05-14
2025-05-14,2025-05-14,CM,BSE,STK,507813,INE296D01010,NOL,X,,,,,NATIONAL OXYGEN LTD.,100.0,102.0,99.95,100.95,101.0,100.0,,100.95,,,2799,280933.0,65,F1,1,,,,,,2025-05-14
2025-05-14,2025-05-14,CM,BSE,STK,507815,INE322A01010,GILLETTE,A,,,,,GILLETTE INDIA LTD.,8036.0,8246.1,7990.0,8205.2,8181.1,7973.75,,8212.5,,,1577,12842349.0,608,F1,1,,,,,,2025-05-14
2025-05-14,2025-05-14,CM,BSE,STK,507817,INE469D01013,WIREFABR,X,,,,,WIRES & FABRIKS (SA) LTD.,190.0,196.0,190.0,196.0,196.0,187.0,,196.0,,,233,44948.0,7,F1,1,,,,,,2025-05-14
2025-05-14,2025-05-14,CM,BSE,STK,507828,INE880B01015,ANSALHSG,X,,,,,ANSAL HOUSING LIMITED,10.07,10.89,10.07,10.63,10.5,10.28,,10.63,,,130269,1391191.0,208,F1,1,,,,,,2025-05-14
2025-05-14,2025-05-14,CM,BSE,STK,507833,INE607B01012,COMPUPN,X,,,,,COMPUTER POINT LTD.,5.5,5.5,4.7,5.04,5.0,5.06,,5.04,,,41527,207515.0,123,F1,1,,,,,,2025-05-14
2025-05-14,2025-05-14,CM,BSE,STK,507836,INE435D01014,MCCHRLS-B,X,,,,,MAC CHARLES (INDIA) LTD.,591.0,599.0,571.1,572.6,584.0,590.0,,572.6,,,325,186602.0,29,F1,1,,,,,,2025-05-14
2025-05-14,2025-05-14,CM,BSE,STK,507852,INE757C01021,ADDIND,X,,,,,ADDI INDUSTRIES LTD.,52.0,57.0,52.0,53.79,53.13,56.49,,53.79,,,3995,219319.0,58,F1,1,,,,,,2025-05-14
2025-05-14,2025-05-14,CM,BSE,STK,507864,INE746D01014,PIONRINV,X,,,,,PIONEER INVESTCORP LTD.,69.54,69.54,66.89,66.89,66.89,64.84,,66.89,,,765,51271.0,8,F1,1,,,,,,2025-05-14
2025-05-14,2025-05-14,CM,BSE,STK,507872,INE372I01018,ASHNOOR,X,,,,,ASHNOOR TEXTILE MILLS LTD.,51.61,53.8,51.01,52.1,52.1,51.61,,52.1,,,6955,363788.0,41,F1,1,,,,,,2025-05-14
2025-05-14,2025-05-14,CM,BSE,STK,507878,INE694A01020,UNITECH,Z,,,,,UNITECH LTD.,6.09,6.3,6.01,6.21,6.21,6.09,,6.22,,,1626821,10158091.0,820,F1,1,,,,,,2025-05-14
2025-05-14,2025-05-14,CM,BSE,STK,507880,INE054A01027,VIPIND,A,,,,,V.I.P.INDUSTRIES LTD.,339.95,347.4,327.35,337.9,338.55,347.35,,337.8,,,123804,41661437.0,3779,F1,1,,,,,,2025-05-14
2025-05-14,2025-05-14,CM,BSE,STK,507910,INE296C01020,FIBERWEB,B,,,,,FIBERWEB (INDIA) LTD.,39.97,41.8,39.97,40.23,40.23,39.01,,40.51,,,4914,200792.0,113,F1,1,,,,,,2025-05-14
2025-05-14,2025-05-14,CM,BSE,STK,507912,INE724A01017,LKPFIN,XT,,,,,LKP FINANCE LIMITED,441.0,443.0,420.0,420.2,420.0,428.85,,420.2,,,9090,3927751.0,108,F1,1,,,,,,2025-05-14
2025-05-14,2025-05-14,CM,BSE,STK,507917,INE706N01017,EASTBUILD,XT,,,,,EAST BUILDTECH LTD.,95.45,95.45,95.35,95.35,95.35,97.25,,95.35,,,377,35962.0,6,F1,1,,,,,,2025-05-14
2025-05-14,2025-05-14,CM,BSE,STK,507944,INE704G01024,BAJAJST,B,,,,,BAJAJ STEEL INDUSTRIES LTD.,701.15,719.7,699.95,705.65,705.65,700.15,,705.65,,,14989,10594251.0,532,F1,1,,,,,,2025-05-14
2025-05-14,2025-05-14,CM,BSE,STK,507946,INE845A01028,KIDUJA,XT,,,,,KIDUJA INDIA LTD.,17.9,17.9,16.5,17.9,17.9,17.05,,17.9,,,4501,80538.0,27,F1,1,,,,,,2025-05-14
2025-05-14,2025-05-14,CM,BSE,STK,507948,INE130F01016,KEYCORP,X,,,,,KEY CORP LTD.,190.1,192.4,182.7,183.35,184.6,192.7,,183.35,,,8008,1499901.0,206,F1,1,,,,,,2025-05-14
2025-05-14,2025-05-14,CM,BSE,STK,507960,INE621C01011,GUJHOTE,X,,,,,GUJARAT HOTELS LTD.,288.0,289.5,282.0,286.45,283.0,285.7,,286.45,,,424,121064.0,37,F1,1,,,,,,2025-05-14
2025-05-14,2025-05-14,CM,BSE,STK,507966,INE651D01016,RASRESOR,X,,,,,RAS RESORTS & APART HOTELS LTD,44.45,44.45,40.53,44.4,44.4,44.97,,44.4,,,1217,53916.0,17,F1,1,,,,,,2025-05-14
2025-05-14,2025-05-14,CM,BSE,STK,507970,INE143I01013,PARMCOS-B,X,,,,,PARAMOUNT COSMETICS (INDIA) LT,37.99,38.0,37.51,37.71,37.55,37.99,,37.71,,,249,9434.0,11,F1,1,,,,,,2025-05-14
2025-05-14,2025-05-14,CM,BSE,STK,507981,INE726D01016,JINDHOT,X,,,,,JINDAL HOTELS LTD.,98.35,109.0,96.5,99.15,99.99,98.35,,99.15,,,7788,799819.0,150,F1,1,,,,,,2025-05-14
2025-05-14,2025-05-14,CM,BSE,STK,507984,INE358F01013,SERIND,XT,,,,,SER INDUSTRIES LTD.,81.37,81.37,81.37,81.37,81.37,77.5,,81.37,,,100,8137.0,1,F1,1,,,,,,2025-05-14
2025-05-14,2025-05-14,CM,BSE,STK,507998,INE657D01021,SIMMOND,X,,,,,SIMMONDS MARSHALL LTD.,99.44,110.0,98.25,103.94,105.35,98.95,,103.94,,,17682,1895607.0,152,F1,1,,,,,,2025-05-14
2025-05-14,2025-05-14,CM,BSE,STK,508136,INE489D01011,BNALTD,X,,,,,B & A LTD.,558.95,558.95,522.0,524.7,522.0,558.95,,524.7,,,530,286233.0,32,F1,1,,,,,,2025-05-14
2025-05-14,2025-05-14,CM,BSE,STK,508486,INE979B01015,HAWKINCOOK,B,,,,,HAWKINS COOKERS LTD.,7999.95,8020.0,7825.05,7990.7,8007.0,8036.3,,7990.7,,,940,7476086.0,568,F1,1,,,,,,2025-05-14
2025-05-14,2025-05-14,CM,BSE,STK,508494,INE712A01012,WARRENTEA,X,,,,,WARREN TEA LTD.,47.16,47.74,45.01,46.93,46.93,46.24,,46.93,,,1196,55398.0,29,F1,1,,,,,,2025-05-14
2025-05-14,2025-05-14,CM,BSE,STK,508571,INE788M01017,COCHMAL,X,,,,,COCHIN MALABAR ESTATES & INDUS,184.3,184.3,168.8,170.0,170.0,178.95,,170.0,,,303,51556.0,25,F1,1,,,,,,2025-05-14
2025-05-14,2025-05-14,CM,BSE,STK,508664,INE553F01035,BESTEAST,X,,,,,BEST EASTERN HOTELS LTD.,13.25,14.37,12.69,13.93,13.94,13.22,,13.93,,,7793,106277.0,54,F1,1,,,,,,2025-05-14
2025-05-14,2025-05-14,CM,BSE,STK,508670,INE605D01012,NEAGI,X,,,,,NEELAMALAI AGRO INDUSTRIES LTD,3500.05,3784.5,3500.05,3666.5,3666.5,3675.1,,3666.5,,,33,120817.0,4,F1,1,,,,,,2025-05-14
2025-05-14,2025-05-14,CM,BSE,STK,508807,INE684B01029,ISTLTD,B,,,,,IST LTD.,862.0,862.0,821.0,845.1,850.0,841.55,,845.1,,,589,495458.0,89,F1,1,,,,,,2025-05-14
2025-05-14,2025-05-14,CM,BSE,STK,508814,INE757A01017,COSMOFIRST,B,,,,,Cosmo First Limited,611.5,632.85,610.0,629.95,625.6,609.75,,629.7,,,6891,4318546.0,506,F1,1,,,,,,2025-05-14
2025-05-14,2025-05-14,CM,BSE,STK,508869,INE437A01024,APOLLOHOSP,A,,,,,APOLLO HOSPITALS ENTERPRISE LT,6910.65,6990.0,6862.85,6917.0,6920.95,6920.8,,6916.5,,,4769,33036693.0,889,F1,1,,,,,,2025-05-14
2025-05-14,2025-05-14,CM,BSE,STK,508875,INE861H01020,NITINCAST,X,,,,,Nitin Castings Limited,629.0,660.0,629.0,660.0,660.0,629.0,,660.0,,,143,89988.0,10,F1,1,,,,,,2025-05-14
2025-05-14,2025-05-14,CM,BSE,STK,508905,INE641A01013,NEXOME,X,,,,,NEXOME CAPITAL MARKETS LIMITED,76.1,89.86,76.1,84.29,87.98,81.63,,84.29,,,764,64541.0,36,F1,1,,,,,,2025-05-14
2025-05-14,2025-05-14,CM,BSE,STK,508906,INE295A01018,EVERESTIND,T,,,,,EVEREST INDUSTRIES LTD.,457.1,457.1,457.1,457.1,457.1,448.15,,457.1,,,126,57594.0,2,F1,1,,,,,,2025-05-14
2025-05-14,2025-05-14,CM,BSE,STK,508922,INE331L01026,MSRINDIA,XT,,,,,MSR INDIA LTD.,3.85,4.01,3.68,4.0,4.01,3.82,,4.0,,,56964,226143.0,193,F1,1,,,,,,2025-05-14
2025-05-14,2025-05-14,CM,BSE,STK,508933,INE193B01039,AYMSYNTEX,B,,,,,AYM Syntex Limited,215.6,218.25,212.25,215.5,215.5,215.45,,215.43,,,6832,1484173.0,132,F1,1,,,,,,2025-05-14
2025-05-14,2025-05-14,CM,BSE,STK,508941,INE013E01017,PANCARBON,X,,,,,PANASONIC CARBON INDIA CO.LTD.,486.0,504.5,486.0,502.8,502.8,486.0,,502.8,,,10924,5453250.0,217,F1,1,,,,,,2025-05-14
2025-05-14,2025-05-14,CM,BSE,STK,508954,INE734I01027,FINKURVE,T,,,,,FINKURVE FINANCIAL SERVICES LT,134.45,137.25,128.45,134.95,136.7,132.0,,134.95,,,45753,6188613.0,69,F1,1,,,,,,2025-05-14
2025-05-14,2025-05-14,CM,BSE,STK,508956,INE549B01016,HBLEAS,X,,,,,HB LEASING & FINANCE CO.LTD.,14.0,15.5,14.0,14.4,14.3,14.63,,14.4,,,3162,46318.0,34,F1,1,,,,,,2025-05-14
2025-05-14,2025-05-14,CM,BSE,STK,508963,INE668Y01016,TRUSTWAVE,XT,,,,,TRUSTWAVE SECURITIES LIMITED,20.5,20.91,20.5,20.91,20.91,20.5,,20.91,,,209,4288.0,2,F1,1,,,,,,2025-05-14
2025-05-14,2025-05-14,CM,BSE,STK,508969,INE673M01029,SULABEN,X,,,,,SULABH ENGINEERS & SERVICES LT,3.93,3.93,3.41,3.66,3.61,3.71,,3.66,,,58702,213266.0,133,F1,1,,,,,,2025-05-14
2025-05-14,2025-05-14,CM,BSE,STK,508980,INE977E01013,FRONTCAP,X,,,,,FRONTIER CAPITAL LIMITED,20.5,20.5,19.9,20.4,20.4,20.5,,20.4,,,5777,117201.0,35,F1,1,,,,,,2025-05-14
2025-05-14,2025-05-14,CM,BSE,STK,508989,INE060A01024,NAVNETEDUL,B,,,,,NAVNEET EDUCATION LIMITED,143.45,148.55,143.35,145.9,145.75,144.6,,145.94,,,15939,2333931.0,549,F1,1,,,,,,2025-05-14
2025-05-14,2025-05-14,CM,BSE,STK,509009,INE218C01016,AUSOMENT,B,,,,,AUSOM ENTERPRISE LIMITED,81.3,92.7,81.3,86.35,86.65,86.0,,86.17,,,1150,95427.0,174,F1,1,,,,,,2025-05-14
2025-05-14,2025-05-14,CM,BSE,STK,509015,INE190F01028,THAKRAL,XT,,,,,THAKRAL SERVICES (INDIA) LTD.,10.51,10.51,9.74,9.74,9.74,10.25,,9.74,,,114447,1122633.0,67,F1,1,,,,,,2025-05-14
2025-05-14,2025-05-14,CM,BSE,STK,509020,INE413B01023,RUCHINFRA,B,,,,,RUCHI INFRASTRUCTURE LTD.,7.79,7.94,7.64,7.8,7.8,7.83,,7.76,,,6189,48166.0,68,F1,1,,,,,,2025-05-14
2025-05-14,2025-05-14,CM,BSE,STK,509024,INE088E01019,GOLDLEG,XT,,,,,GOLDEN LEGAND LEASING & FINANC,8.2,8.2,7.6,8.19,8.19,8.0,,8.19,,,9686,73660.0,24,F1,1,,,,,,2025-05-14
2025-05-14,2025-05-14,CM,BSE,STK,509026,INE117F01013,VJTFEDU,X,,,,,VJTF EDUSERVICES LTD.,66.65,86.0,66.65,86.0,86.0,82.5,,86.0,,,730,58945.0,24,F1,1,,,,,,2025-05-14
2025-05-14,2025-05-14,CM,BSE,STK,509038,INE763D01019,VOLLF,X,,,,,VOLTAIRE LEASING & FINANCE LTD,13.05,13.05,12.74,12.99,12.99,12.99,,12.99,,,3,38.0,3,F1,1,,,,,,2025-05-14
2025-05-14,2025-05-14,CM,BSE,STK,509040,INE040F01033,NETLINK,X,,,,,NETLINK SOLUTIONS (INDIA) LTD.,169.7,171.65,163.5,167.5,168.45,170.2,,167.5,,,14873,2481425.0,217,F1,1,,,,,,2025-05-14
2025-05-14,2025-05-14,CM,BSE,STK,509046,INE778N01016,TRILIANCE,XT,,,,,TRILIANCE POLYMERS LIMITED,71.0,71.0,71.0,71.0,71.0,71.5,,71.0,,,13,923.0,1,F1,1,,,,,,2025-05-14
2025-05-14,2025-05-14,CM,BSE,STK,509048,INE572G01025,LANCORHOL,B,,,,,LANCOR HOLDINGS LTD.,22.0,22.8,21.15,22.27,22.52,21.96,,22.33,,,7678,168518.0,112,F1,1,,,,,,2025-05-14
2025-05-14,2025-05-14,CM,BSE,STK,509051,INE300B01022,INDINFO,X,,,,,INDIAN INFOTECH & SOFTWARE LTD,1.02,1.05,1.01,1.05,1.05,1.01,,1.05,,,1889787,1957787.0,1493,F1,1,,,,,,2025-05-14
2025-05-14,2025-05-14,CM,BSE,STK,509053,INE521L01030,BANASFN,X,,,,,BANAS FINANCE LTD.,8.28,8.38,8.12,8.35,8.35,8.15,,8.35,,,26877,221362.0,138,F1,1,,,,,,2025-05-14
2025-05-14,2025-05-14,CM,BSE,STK,509055,INE392A01021,VISAKAIND,B,,,,,VISAKA INDUSTRIES LTD.,63.55,63.55,61.91,63.44,63.19,62.0,,63.42,,,7406,468306.0,153,F1,1,,,,,,2025-05-14
2025-05-14,2025-05-14,CM,BSE,STK,509069,INE669A01022,INFOMEDIA,B,,,,,INFOMEDIA PRESS LTD.,6.77,6.77,6.28,6.5,6.5,6.61,,6.53,,,8807,55911.0,37,F1,1,,,,,,2025-05-14
2025-05-14,2025-05-14,CM,BSE,STK,509073,INE525B01016,HATHWAYB,X,,,,,HATHWAY BHAWANI CABLETEL & DAT,17.39,17.39,16.53,16.95,16.95,16.67,,16.95,,,700,11921.0,20,F1,1,,,,,,2025-05-14
2025-05-14,2025-05-14,CM,BSE,STK,509079,INE742B01025,GUFICBIO,B,,,,,GUFIC BIOSCIENCES LTD.,372.1,383.15,372.1,376.85,378.8,371.45,,377.4,,,4689,1780524.0,186,F1,1,,,,,,2025-05-14
2025-05-14,2025-05-14,CM,BSE,STK,509084,INE107J01016,PHOTON,X,,,,,PHOTON CAPITAL ADVISORS LTD.,97.95,98.0,97.95,98.0,98.0,96.0,,98.0,,,755,73988.0,2,F1,1,,,,,,2025-05-14
2025-05-14,2025-05-14,CM,BSE,STK,509152,INE137I01015,GRPLTD,B,,,,,GRP LTD.,2771.85,2850.0,2750.0,2775.3,2770.0,2765.1,,2785.6,,,6920,19171104.0,93,F1,1,,,,,,2025-05-14
2025-05-14,2025-05-14,CM,BSE,STK,509162,INE802D01023,INDAG,X,,,,,INDAG RUBBER LTD.,130.15,133.65,128.1,129.55,129.55,130.1,,129.55,,,7940,1044010.0,157,F1,1,,,,,,2025-05-14
2025-05-14,2025-05-14,CM,BSE,STK,509196,INE159E01026,MMRUBBR-B,X,,,,,MM RUBBER COMPANY LTD.,77.53,80.74,77.53,80.74,80.74,77.53,,80.74,,,1401,110530.0,18,F1,1,,,,,,2025-05-14
2025-05-14,2025-05-14,CM,BSE,STK,509220,INE034D01049,PTL,B,,,,,PTL ENTERPRISES LTD.,41.87,42.78,41.71,42.7,42.7,41.23,,42.35,,,8291,352057.0,137,F1,1,,,,,,2025-05-14
2025-05-14,2025-05-14,CM,BSE,STK,509243,INE421C01016,TVSSRICHAK,B,,,,,TVS SRICHAKRA LTD.,2987.8,3016.95,2965.35,2984.45,2991.9,2971.9,,2995.7,,,260,776945.0,111,F1,1,,,,,,2025-05-14
2025-05-14,2025-05-14,CM,BSE,STK,509423,INE367E01033,SEL,XT,,,,,SANATHNAGAR ENTERPRISES LIMITE,35.0,36.69,33.28,36.67,36.67,35.0,,36.67,,,653,22591.0,9,F1,1,,,,,,2025-05-14
2025-05-14,2025-05-14,CM,BSE,STK,509438,INE664D01019,BENARAS,B,,,,,BENARES HOTELS LTD.,10013.95,10139.85,9950.1,10011.75,10019.0,10013.9,,10011.75,,,276,2766219.0,119,F1,1,,,,,,2025-05-14
2025-05-14,2025-05-14,CM,BSE,STK,509449,INE026I01010,BHAGWOX,X,,,,,BHAGWATI OXYGEN LTD.,39.99,39.99,39.5,39.99,39.99,39.99,,39.99,,,736,29417.0,11,F1,1,,,,,,2025-05-14
2025-05-14,2025-05-14,CM,BSE,STK,509470,INE01TL01014,BOMOXY-B1,X,,,,,BOMBAY OXYGEN INVESTMENTS LIMI,22502.0,24924.0,22502.0,24356.15,24356.15,22797.8,,24356.15,,,97,2298065.0,73,F1,1,,,,,,2025-05-14
2025-05-14,2025-05-14,CM,BSE,STK,509472,INE145E01017,CRAVATEX,X,,,,,CRAVATEX LTD.,395.25,418.95,395.25,414.25,418.95,412.0,,414.25,,,236,96265.0,14,F1,1,,,,,,2025-05-14
2025-05-14,2025-05-14,CM,BSE,STK,509480,INE463A01038,BERGEPAINT,A,,,,,BERGER PAINTS INDIA LTD.,542.35,564.8,536.2,553.8,553.8,542.85,,553.0,,,42243,23290446.0,2246,F1,1,,,,,,2025-05-14
2025-05-14,2025-05-14,CM,BSE,STK,509486,INE479A01018,CAPRIHANS,X,,,,,CAPRIHANS INDIA LTD.,128.0,137.9,125.5,128.55,130.0,125.75,,128.55,,,2120,271325.0,48,F1,1,,,,,,2025-05-14
2025-05-14,2025-05-14,CM,BSE,STK,509488,INE371A01025,GRAPHITE,A,,,,,GRAPHITE INDIA LTD.,465.7,497.0,465.7,485.25,485.25,462.95,,485.4,,,137947,66829793.0,4692,F1,1,,,,,,2025-05-14
2025-05-14,2025-05-14,CM,BSE,STK,509496,INE686A01026,ITDCEM,A,,,,,ITD CEMENTATION INDIA LTD.,580.0,644.95,575.3,627.8,627.8,565.35,,627.95,,,578421,358202560.0,16214,F1,1,,,,,,2025-05-14
2025-05-14,2025-05-14,CM,BSE,STK,509525,INE515H01014,EMPIND,X,,,,,EMPIRE INDUSTRIES LTD.,1060.0,1083.9,1060.0,1064.2,1064.2,1060.0,,1064.2,,,510,543364.0,40,F1,1,,,,,,2025-05-14
2025-05-14,2025-05-14,CM,BSE,STK,509546,INE214F01026,GRAVISSHO,X,,,,,GRAVISS HOSPITALITY LTD.,44.95,44.95,42.9,44.44,44.84,42.06,,44.44,,,1507,67316.0,14,F1,1,,,,,,2025-05-14
2025-05-14,2025-05-14,CM,BSE,STK,509557,INE276A01018,GARFIBRES,A,,,,,GARWARE TECHNICAL FIBRES LIMIT,925.0,931.55,910.0,925.55,931.55,913.3,,926.25,,,3182,2919311.0,315,F1,1,,,,,,2025-05-14
2025-05-14,2025-05-14,CM,BSE,STK,509563,INE925D01014,GARWAMAR,XT,,,,,GARWARE MARINE INDUSTRIES LTD.,24.0,25.25,23.01,25.14,25.25,24.11,,25.14,,,18182,448559.0,193,F1,1,,,,,,2025-05-14
2025-05-14,2025-05-14,CM,BSE,STK,509567,INE426D01013,GOACARBON,B,,,,,GOA CARBON LTD.,462.0,480.95,462.0,480.4,480.1,457.65,,479.2,,,2145,1016793.0,213,F1,1,,,,,,2025-05-14
2025-05-14,2025-05-14,CM,BSE,STK,509597,INE722D01015,HARDCAS,X,,,,,HARDCASTLE & WAUD MFG.CO.LTD.,828.0,828.0,820.0,820.0,820.0,811.45,,820.0,,,5,4108.0,3,F1,1,,,,,,2025-05-14
2025-05-14,2025-05-14,CM,BSE,STK,509631,INE545A01024,HEG,A,,,,,HEG LTD.,462.7,492.0,462.7,488.2,488.2,461.65,,488.2,,,149594,72059714.0,4826,F1,1,,,,,,2025-05-14
2025-05-14,2025-05-14,CM,BSE,STK,509635,INE310C01029,HINDCOMPOS,B,,,,,HINDUSTAN COMPOSITES LTD.,442.0,446.65,438.0,442.6,438.0,440.9,,444.55,,,790,349418.0,149,F1,1,,,,,,2025-05-14
2025-05-14,2025-05-14,CM,BSE,STK,509675,INE557A01011,BIRLANU,B,,,,,BIRLANU LIMITED,2207.85,2321.85,2200.1,2310.0,2307.65,2203.0,,2308.8,,,722,1641484.0,179,F1,1,,,,,,2025-05-14
2025-05-14,2025-05-14,CM,BSE,STK,509692,INE061A01014,INDIANCARD,B,,,,,INDIAN CARD CLOTHING CO.LTD.,318.3,325.0,310.2,323.0,325.0,319.0,,323.6,,,1671,536167.0,161,F1,1,,,,,,2025-05-14
2025-05-14,2025-05-14,CM,BSE,STK,509709,INE575C01027,INTLCONV,B,,,,,INTERNATIONAL CONVEYORS LTD.,74.01,77.28,74.01,76.45,77.28,74.73,,76.64,,,13318,1014016.0,535,F1,1,,,,,,2025-05-14
2025-05-14,2025-05-14,CM,BSE,STK,509715,INE364A01020,JAYSREETEA,B,,,,,JAY SHREE TEA & INDUSTRIES LTD,96.81,98.62,96.81,98.43,98.5,96.53,,98.18,,,17312,1690231.0,437,F1,1,,,,,,2025-05-14
2025-05-14,2025-05-14,CM,BSE,STK,509732,INE972A01020,KOTIC,XT,,,,,KOTHARI INDUSTRIAL CORPORATION,336.75,336.75,336.75,336.75,336.75,330.15,,336.75,,,3256,1096458.0,35,F1,1,,,,,,2025-05-14
2025-05-14,2025-05-14,CM,BSE,STK,509760,INE370A01019,MODRNSH,X,,,,,MODERN SHARES & STOCKBROKERS L,48.2,48.2,46.0,46.0,46.0,44.0,,46.0,,,126,5803.0,11,F1,1,,,,,,2025-05-14
2025-05-14,2025-05-14,CM,BSE,STK,509820,INE275B01026,HUHTAMAKI,B,,,,,HUHTAMAKI INDIA LIMITED,195.45,199.15,195.4,198.05,198.2,195.7,,197.58,,,2632,519171.0,251,F1,1,,,,,,2025-05-14
2025-05-14,2025-05-14,CM,BSE,STK,509835,INE940N01012,PREMSYN,X,,,,,PREMIER SYNTHETICS LTD.,18.41,18.41,18.35,18.39,18.39,17.96,,18.39,,,359,6600.0,11,F1,1,,,,,,2025-05-14
2025-05-14,2025-05-14,CM,BSE,STK,509874,INE849C01026,SHALPAINTS,B,,,,,SHALIMAR PAINTS LTD.,105.75,105.75,100.05,101.1,101.85,104.8,,100.96,,,13646,1401407.0,733,F1,1,,,,,,2025-05-14
2025-05-14,2025-05-14,CM,BSE,STK,509887,INE896E01023,SINNAR,XT,,,,,SINNAR BIDI UDYOG LTD.,871.0,871.0,871.0,871.0,871.0,829.55,,871.0,,,56,48776.0,11,F1,1,,,,,,2025-05-14
2025-05-14,2025-05-14,CM,BSE,STK,509895,INE832D01020,HINDMILL,X,,,,,HINDOOSTAN MILLS LTD.,186.0,189.0,182.0,184.8,187.5,185.0,,184.8,,,1193,219087.0,20,F1,1,,,,,,2025-05-14
2025-05-14,2025-05-14,CM,BSE,STK,509930,INE195A01028,SUPREMEIND,A,,,,,SUPREME INDUSTRIES LTD.,3590.8,3590.8,3536.35,3573.75,3579.0,3588.15,,3569.6,,,3509,12499709.0,525,F1,1,,,,,,2025-05-14
2025-05-14,2025-05-14,CM,BSE,STK,509945,INE077P01034,THACKER,X,,,,,THACKER & CO.LTD.,1350.0,1399.5,1300.0,1386.0,1385.0,1337.4,,1386.0,,,119,157417.0,21,F1,1,,,,,,2025-05-14
2025-05-14,2025-05-14,CM,BSE,STK,509960,INE726E01014,UPHOT,X,,,,,U.P.HOTELS LTD.,1698.35,1698.35,1685.0,1685.0,1685.0,1698.35,,1685.0,,,21,35518.0,3,F1,1,,,,,,2025-05-14
2025-05-14,2025-05-14,CM,BSE,STK,509966,INE710A01016,VSTIND,A,,,,,VST INDUSTRIES LTD.,288.85,290.0,285.7,287.9,288.5,285.85,,287.7,,,32523,9375300.0,1468,F1,1,,,,,,2025-05-14
2025-05-14,2025-05-14,CM,BSE,STK,510245,INE804A01025,SWASTIVI,X,,,,,SWASTI VINAYAKA SYNTHETICS LTD,5.6,6.3,5.47,6.12,6.06,5.55,,6.12,,,247010,1465684.0,496,F1,1,,,,,,2025-05-14
2025-05-14,2025-05-14,CM,BSE,STK,511000,INE856D01011,MADHUSE,X,,,,,MADHUSUDAN SECURITIES LTD.,22.95,22.95,22.0,22.05,22.03,22.95,,22.05,,,3155,69863.0,31,F1,1,,,,,,2025-05-14
2025-05-14,2025-05-14,CM,BSE,STK,511012,INE457N01025,YAMNINV,XT,,,,,YAMINI INVESTMENTS COMPANY LTD,1.54,1.57,1.53,1.57,1.57,1.5,,1.57,,,732818,1145860.0,889,F1,1,,,,,,2025-05-14
2025-05-14,2025-05-14,CM,BSE,STK,511018,INE679T01013,ZMILGFIN,X,,,,,MILGREY FINANCE & INVESTMENT L,87.45,90.0,83.08,86.76,87.8,87.45,,86.76,,,60649,5124571.0,187,F1,1,,,,,,2025-05-14
2025-05-14,2025-05-14,CM,BSE,STK,511034,INE742C01031,JINDRILL,B,,,,,JINDAL DRILLING & INDUSTRIES L,637.0,647.8,622.7,626.95,626.6,631.65,,625.75,,,12301,7749916.0,609,F1,1,,,,,,2025-05-14
2025-05-14,2025-05-14,CM,BSE,STK,511066,INE302E01014,SAKTHIFIN,X,,,,,SAKTHI FINANCE LTD.,49.9,51.9,49.55,50.2,50.2,49.9,,50.2,,,7620,383976.0,71,F1,1,,,,,,2025-05-14
2025-05-14,2025-05-14,CM,BSE,STK,511076,INE065D01027,SATINDLTD,B,,,,,SAT INDUSTRIES LTD.,84.13,85.86,83.0,83.42,83.45,82.48,,83.4,,,21183,1793943.0,208,F1,1,,,,,,2025-05-14
2025-05-14,2025-05-14,CM,BSE,STK,511092,INE047E01031,JMDVL,XT,,,,,JMD Ventures Limited,6.02,6.12,5.88,6.02,6.02,6.0,,6.02,,,16689,100442.0,107,F1,1,,,,,,2025-05-14
2025-05-14,2025-05-14,CM,BSE,STK,511108,INE705C01020,SHIVATEX,B,,,,,SHIVA TEXYARN LTD.,192.05,194.2,190.6,193.25,193.2,191.1,,196.3,,,156,30046.0,20,F1,1,,,,,,2025-05-14
2025-05-14,2025-05-14,CM,BSE,STK,511110,INE848D01018,VBDESAI,X,,,,,V.B.DESAI FINANCIAL SERVICES L,34.95,36.59,34.63,35.91,36.59,34.95,,35.91,,,3119,109236.0,49,F1,1,,,,,,2025-05-14
2025-05-14,2025-05-14,CM,BSE,STK,511116,INE527B01020,QUADRANT,XT,,,,,QUADRANT TELEVENTURES LIMITED,0.33,0.34,0.32,0.34,0.34,0.33,,0.34,,,3617534,1219032.0,535,F1,1,,,,,,2025-05-14
2025-05-14,2025-05-14,CM,BSE,STK,511122,INE609B01018,1STCUS,X,,,,,FIRST CUSTODIAN FUND (INDIA) L,117.8,121.95,117.8,118.15,121.95,124.0,,118.15,,,56,6617.0,3,F1,1,,,,,,2025-05-14
2025-05-14,2025-05-14,CM,BSE,STK,511131,INE344D01018,KAMANWALA,XT,,,,,KAMANWALA HOUSING CONSTRUCTION,12.77,13.54,12.75,13.41,13.54,12.91,,13.41,,,1872,24872.0,12,F1,1,,,,,,2025-05-14
2025-05-14,2025-05-14,CM,BSE,STK,511147,INE549D01012,WSFX,X,,,,,WSFX Global Pay Limited,75.0,75.0,70.0,73.44,73.44,71.69,,73.44,,,1704,122917.0,38,F1,1,,,,,,2025-05-14
2025-05-14,2025-05-14,CM,BSE,STK,511153,INE096I01021,ANJANIFOODS,X,,,,,Anjani Foods Limited,30.85,30.85,29.05,29.94,30.0,30.0,,29.94,,,6263,186981.0,42,F1,1,,,,,,2025-05-14
2025-05-14,2025-05-14,CM,BSE,STK,511169,INE552N01023,RKDAGRRTL,XT,,,,,RKD AGRI AND RETAIL LIMITED,6.55,6.55,6.43,6.55,6.55,6.55,,6.55,,,626,4040.0,5,F1,1,,,,,,2025-05-14
2025-05-14,2025-05-14,CM,BSE,STK,511176,INE635I01018,PARSHWANA,X,,,,,PARSHWANATH CORPORATION LTD.,143.45,143.45,143.45,143.45,143.45,150.95,,143.45,,,40,5738.0,3,F1,1,,,,,,2025-05-14
2025-05-14,2025-05-14,CM,BSE,STK,511187,INE570N01025,MILLENNIUM,X,,,,,Millennium Online Solutions (I,2.09,2.31,2.09,2.25,2.25,2.13,,2.25,,,29900,67001.0,28,F1,1,,,,,,2025-05-14
2025-05-14,2025-05-14,CM,BSE,STK,511194,INE613B01010,ICDSLTD,B,,,,,ICDS LTD.,44.0,44.31,40.01,40.01,40.01,40.29,,43.81,,,1127,49133.0,20,F1,1,,,,,,2025-05-14
2025-05-14,2025-05-14,CM,BSE,STK,511196,INE477A01020,CANFINHOME,A,,,,,CAN FIN HOMES LTD.,728.0,743.0,722.25,740.95,740.95,720.85,,741.3,,,19309,14206779.0,1416,F1,1,,,,,,2025-05-14
2025-05-14,2025-05-14,CM,BSE,STK,511208,INE050B01023,IVC,B,,,,,IL&FS INVESTMENT MANAGERS LTD.,9.45,9.5,9.31,9.46,9.49,9.25,,9.45,,,45847,432842.0,478,F1,1,,,,,,2025-05-14
2025-05-14,2025-05-14,CM,BSE,STK,511218,INE721A01047,SHRIRAMFIN,A,,,,,Shriram Finance Limited,639.0,655.0,638.95,651.95,650.25,633.3,,651.95,,,116473,75635133.0,3149,F1,1,,,,,,2025-05-14
2025-05-14,2025-05-14,CM,BSE,STK,511243,INE121A01024,CHOLAFIN,A,,,,,CHOLAMANDALAM INVESTMENT AND F,1550.0,1606.8,1550.0,1596.15,1596.15,1578.6,,1596.6,,,20108,32116486.0,1692,F1,1,,,,,,2025-05-14
2025-05-14,2025-05-14,CM,BSE,STK,511333,INE709A01018,VLSFINANCE,B,,,,,VLS FINANCE LTD.,250.5,259.6,247.1,255.15,258.2,248.5,,254.99,,,2418,613898.0,225,F1,1,,,,,,2025-05-14
2025-05-14,2025-05-14,CM,BSE,STK,511355,INE429D01017,INDCEMCAP,XT,,,,,INDIA CEMENTS CAPITAL LTD.,14.99,15.52,14.8,15.0,15.0,14.79,,15.0,,,3419,51890.0,46,F1,1,,,,,,2025-05-14
2025-05-14,2025-05-14,CM,BSE,STK,511359,INE556D01017,ADMANUM,X,,,,,AD-MANUM FINANCE LTD.,74.59,74.59,70.03,72.75,73.4,70.76,,72.75,,,2736,199288.0,37,F1,1,,,,,,2025-05-14
2025-05-14,2025-05-14,CM,BSE,STK,511377,INE240B01012,MEHIF,X,,,,,MEHTA INTEGRATED FINANCE LTD.,33.12,33.12,33.12,33.12,33.12,33.12,,33.12,,,9,298.0,1,F1,1,,,,,,2025-05-14
2025-05-14,2025-05-14,CM,BSE,STK,511391,INE661M01016,INTRGLB,X,,,,,INTER GLOBE FINANCE LTD.,68.5,68.5,68.5,68.5,68.5,68.0,,68.5,,,102,6987.0,3,F1,1,,,,,,2025-05-14
2025-05-14,2025-05-14,CM,BSE,STK,511411,INE472C01027,SHRISTI,X,,,,,SHRISTI INFRASTRUCTURE DEVELOP,34.3,36.0,34.3,36.0,36.0,38.0,,36.0,,,2550,91745.0,16,F1,1,,,,,,2025-05-14
2025-05-14,2025-05-14,CM,BSE,STK,511413,INE559D01011,CREST,B,,,,,CREST,393.8,396.5,386.05,394.9,394.9,393.8,,389.4,,,281,109910.0,36,F1,1,,,,,,2025-05-14
2025-05-14,2025-05-14,CM,BSE,STK,511431,INE051B01021,VAKRANGEE,T,,,,,VAKRANGEE LIMITED,9.98,10.2,9.9,10.03,10.03,9.75,,10.06,,,1044799,10490126.0,1960,F1,1,,,,,,2025-05-14
2025-05-14,2025-05-14,CM,BSE,STK,511441,INE034B01019,GUJCRED,XT,,,,,GUJARAT CREDIT CORPORATION LTD,35.65,35.65,35.11,35.11,35.11,35.82,,35.11,,,67,2379.0,6,F1,1,,,,,,2025-05-14
2025-05-14,2025-05-14,CM,BSE,STK,511447,INE706F01021,SYLPH,X,,,,,SYLPH TECHNOLOGIES LTD.,0.86,0.89,0.83,0.88,0.88,0.86,,0.88,,,537401,465073.0,316,F1,1,,,,,,2025-05-14
2025-05-14,2025-05-14,CM,BSE,STK,511451,INE899D01011,DHARFIN,X,,,,,DHARANI FINANCE LTD.,12.06,12.78,12.06,12.78,12.78,12.19,,12.78,,,143,1789.0,5,F1,1,,,,,,2025-05-14
2025-05-14,2025-05-14,CM,BSE,STK,511463,INE191N01012,ALEXANDER,X,,,,,Alexander Stamps And Coin Limi,15.85,16.15,15.11,15.99,16.04,15.54,,15.99,,,69273,1101017.0,147,F1,1,,,,,,2025-05-14
2025-05-14,2025-05-14,CM,BSE,STK,511473,INE841B01017,INDBANK,B,,,,,INDBANK MERCHANT BANKING SERVI,34.0,34.0,32.65,32.8,32.78,33.54,,32.7,,,11505,382260.0,363,F1,1,,,,,,2025-05-14
2025-05-14,2025-05-14,CM,BSE,STK,511493,INE488C01015,SHRYDUS,XT,,,,,SHRYDUS INDUSTRIES LIMITED,4.69,4.69,4.69,4.69,4.69,4.47,,4.69,,,7218,33852.0,20,F1,1,,,,,,2025-05-14
2025-05-14,2025-05-14,CM,BSE,STK,511501,INE900A01013,BHARAT,X,,,,,Bharat Bhushan Finance & Commo,62.63,63.48,60.2,61.49,61.23,57.71,,61.49,,,6500,401323.0,128,F1,1,,,,,,2025-05-14
2025-05-14,2025-05-14,CM,BSE,STK,511505,INE707C01018,CAPTRUST,B,,,,,CAPITAL TRUST LTD.,94.3,95.0,84.1,84.12,84.1,84.5,,84.14,,,1114,99638.0,96,F1,1,,,,,,2025-05-14
2025-05-14,2025-05-14,CM,BSE,STK,511507,INE697C01011,USHAKIRA,X,,,,,USHAKIRAN FINANCE LTD.,39.13,39.13,39.13,39.13,39.13,38.36,,39.13,,,101,3952.0,1,F1,1,,,,,,2025-05-14
2025-05-14,2025-05-14,CM,BSE,STK,511509,INE380K01017,VIVOBIOT,X,,,,,VIVO BIO TECH LTD.,40.52,42.99,39.55,40.88,41.0,40.52,,40.88,,,399088,16493706.0,881,F1,1,,,,,,2025-05-14
2025-05-14,2025-05-14,CM,BSE,STK,511523,INE882C01035,VEERHEALTH,XT,,,,,VEERHEALTH CARE LIMITED,12.0,12.21,12.0,12.21,12.21,11.98,,12.21,,,2788,34030.0,16,F1,1,,,,,,2025-05-14
2025-05-14,2025-05-14,CM,BSE,STK,511525,INE376A01032,PANINDIAC,X,,,,,PAN INDIA CORPORATION LTD.,2.75,2.75,2.62,2.67,2.71,2.69,,2.67,,,79684,214379.0,287,F1,1,,,,,,2025-05-14
2025-05-14,2025-05-14,CM,BSE,STK,511533,INE135C01012,SAHARAHOUS,X,,,,,SAHARA HOUSINGFINA CORPORATION,45.84,45.84,41.01,41.59,41.59,41.29,,41.59,,,3602,150183.0,37,F1,1,,,,,,2025-05-14
2025-05-14,2025-05-14,CM,BSE,STK,511535,INE026C01013,NDASEC,X,,,,,NDA SECURITIES LTD.,60.45,65.99,59.1,61.42,62.0,57.56,,61.42,,,40050,2456547.0,338,F1,1,,,,,,2025-05-14
2025-05-14,2025-05-14,CM,BSE,STK,511543,INE777C01011,GSBFIN,XT,,,,,GSB FINANCE LTD.,27.31,27.31,27.31,27.31,27.31,28.74,,27.31,,,1380,37687.0,15,F1,1,,,,,,2025-05-14
2025-05-14,2025-05-14,CM,BSE,STK,511549,INE367A01015,MORARKFI,X,,,,,MORARKA FINANCE LTD.,113.5,116.45,112.0,115.15,115.65,115.0,,115.15,,,1866,213493.0,40,F1,1,,,,,,2025-05-14
2025-05-14,2025-05-14,CM,BSE,STK,511551,INE903D01011,MONARCH,B,,,,,Monarch Networth Capital Limit,310.7,316.75,307.65,313.25,312.9,309.3,,313.4,,,4296,1347015.0,249,F1,1,,,,,,2025-05-14
2025-05-14,2025-05-14,CM,BSE,STK,511557,INE732K01027,PROFINC,XT,,,,,PRO FIN CAPITAL SERVICES LTD.,4.02,4.25,4.02,4.19,4.19,4.23,,4.19,,,748777,3094546.0,240,F1,1,,,,,,2025-05-14
2025-05-14,2025-05-14,CM,BSE,STK,511559,INE289C01025,TIMESGTY,B,,,,,TIMES GUARANTY LTD.,175.35,181.4,174.75,178.0,178.0,178.55,,178.8,,,470,84205.0,37,F1,1,,,,,,2025-05-14
2025-05-14,2025-05-14,CM,BSE,STK,511571,INE754C01010,SODFC,X,,,,,SOM DATT FINANCE CORPORATION L,96.1,99.95,96.1,99.95,99.95,99.95,,99.95,,,2011,200227.0,18,F1,1,,,,,,2025-05-14
2025-05-14,2025-05-14,CM,BSE,STK,511577,INE304E01010,SAVFI,X,,,,,SAVANI FINANCIALS LTD.,16.32,16.32,16.25,16.25,16.25,16.33,,16.25,,,7655,124394.0,8,F1,1,,,,,,2025-05-14
2025-05-14,2025-05-14,CM,BSE,STK,511585,INE425F01028,BEFOUNDMOL,X,,,,,BEFOUND MOVEMENT LIMITED,3.42,3.42,3.42,3.42,3.42,3.42,,3.42,,,110,376.0,2,F1,1,,,,,,2025-05-14
2025-05-14,2025-05-14,CM,BSE,STK,511589,INE323B01024,AVONMORE,T,,,,,AVONMORE CAPITAL & MANAGEMENT,21.01,22.01,21.0,22.0,22.0,20.97,,22.02,,,21604,464447.0,65,F1,1,,,,,,2025-05-14
2025-05-14,2025-05-14,CM,BSE,STK,511593,INE212B01011,LIBORDFIN,X,,,,,LIBORD FINANCE LTD,22.28,22.29,21.03,22.0,22.0,21.23,,22.0,,,1373,30485.0,20,F1,1,,,,,,2025-05-14
2025-05-14,2025-05-14,CM,BSE,STK,511601,INE216B01012,YASHMGM,X,,,,,YASH MANAGEMENT & SATELLITE LT,11.0,11.45,10.8,10.87,10.8,10.8,,10.87,,,6154,68542.0,58,F1,1,,,,,,2025-05-14
2025-05-14,2025-05-14,CM,BSE,STK,511605,INE420B01036,ARIHANTCAP,B,,,,,ARIHANT CAPITAL MARKETS LTD.,70.77,71.5,69.27,69.93,70.15,70.1,,69.91,,,29711,2090057.0,424,F1,1,,,,,,2025-05-14
2025-05-14,2025-05-14,CM,BSE,STK,511609,INE569B01022,ISLCONSUL,X,,,,,ISL CONSULTING LTD.,29.6,29.6,25.1,25.7,25.7,24.88,,25.7,,,2505,67635.0,23,F1,1,,,,,,2025-05-14
2025-05-14,2025-05-14,CM,BSE,STK,511611,INE891B01012,DCMFINSERV,B,,,,,DCM FINANCIAL SERVICES LTD.,6.19,6.2,5.98,6.2,6.2,5.64,,6.28,,,1434,8808.0,15,F1,1,,,,,,2025-05-14
2025-05-14,2025-05-14,CM,BSE,STK,511626,INE229D01011,RRFIN,XT,,,,,RR FINANCIAL CONSULTANTS LTD.,16.0,16.0,16.0,16.0,16.0,15.5,,16.0,,,130,2080.0,4,F1,1,,,,,,2025-05-14
2025-05-14,2025-05-14,CM,BSE,STK,511628,INE417D01020,FEDDERSHOL,T,,,,,FEDDERS HOLDING LIMITED,45.99,45.99,43.2,45.28,45.38,45.41,,45.28,,,19780,886223.0,154,F1,1,,,,,,2025-05-14
2025-05-14,2025-05-14,CM,BSE,STK,511630,INE699B01027,SAMBHAAV,T,,,,,SAMBHAAV MEDIA LTD.,6.74,6.78,6.55,6.78,6.78,6.53,,6.78,,,5218,34207.0,15,F1,1,,,,,,2025-05-14
2025-05-14,2025-05-14,CM,BSE,STK,511634,INE919M01026,DUGARHOU,X,,,,,DUGAR HOUSING DEVELOPMENTS LTD,23.04,23.04,23.04,23.04,23.04,21.95,,23.04,,,10,230.0,1,F1,1,,,,,,2025-05-14
2025-05-14,2025-05-14,CM,BSE,STK,511636,INE234E01027,DJSSS,XT,,,,,DJS STOCK & SHARES LTD.,1.91,1.92,1.91,1.92,1.92,1.91,,1.92,,,24703,47273.0,23,F1,1,,,,,,2025-05-14
2025-05-14,2025-05-14,CM,BSE,STK,511644,INE113B01029,OMEGAIN,XT,,,,,OMEGA INTERACTIVE TECHNOLOGIES,205.0,205.0,205.0,205.0,205.0,205.0,,205.0,,,55,11275.0,4,F1,1,,,,,,2025-05-14
2025-05-14,2025-05-14,CM,BSE,STK,511654,INE309D01011,SUGALDAM,X,,,,,SUGAL & DAMANI SHARE BROKERS L,74.0,75.85,74.0,75.8,75.8,72.45,,75.8,,,222,16503.0,9,F1,1,,,,,,2025-05-14
2025-05-14,2025-05-14,CM,BSE,STK,511658,INE027D01019,NETTLINX,XT,,,,,NETTLINX LTD.,31.87,31.87,30.75,31.15,31.2,31.35,,31.15,,,15175,473828.0,86,F1,1,,,,,,2025-05-14
2025-05-14,2025-05-14,CM,BSE,STK,511664,INE443D01018,BGIL,X,,,,,BGIL FILMS & TECHNOLOGIES LTD.,7.51,7.51,7.51,7.51,7.51,7.51,,7.51,,,6015,45172.0,10,F1,1,,,,,,2025-05-14
2025-05-14,2025-05-14,CM,BSE,STK,511672,INE099G01011,SCANSTL,X,,,,,Scan Steels Limited,35.25,37.79,35.1,37.33,37.69,34.68,,37.33,,,59143,2177544.0,235,F1,1,,,,,,2025-05-14
2025-05-14,2025-05-14,CM,BSE,STK,511676,INE289B01019,GICHSGFIN,B,,,,,GIC HOUSING FINANCE LTD.,189.0,189.0,183.6,185.1,185.65,184.15,,185.13,,,6296,1165743.0,239,F1,1,,,,,,2025-05-14
2025-05-14,2025-05-14,CM,BSE,STK,511692,INE759C01019,AJCON,X,,,,,AJCON GLOBAL SERVICES LTD.,75.3,75.3,71.1,71.87,72.64,77.6,,71.87,,,94,6826.0,16,F1,1,,,,,,2025-05-14
2025-05-14,2025-05-14,CM,BSE,STK,511696,INE953B01010,CHRTEDCA,X,,,,,CHARTERED CAPITAL & INVESTMENT,235.0,269.5,228.1,228.1,228.1,240.0,,228.1,,,192,48888.0,11,F1,1,,,,,,2025-05-14
2025-05-14,2025-05-14,CM,BSE,STK,511700,INE625D01028,STANCAP,X,,,,,STANDARD CAPITAL MARKETS LTD.,0.41,0.43,0.38,0.39,0.39,0.41,,0.39,,,61713587,24829035.0,6633,F1,1,,,,,,2025-05-14
2025-05-14,2025-05-14,CM,BSE,STK,511702,INE290E01011,YOGI,X,,,,,YOGI LIMITED,140.4,144.0,138.0,142.45,144.0,140.4,,142.45,,,11330,1595204.0,133,F1,1,,,,,,2025-05-14
2025-05-14,2025-05-14,CM,BSE,STK,511710,INE717D01023,CUBIFIN,X,,,,,CUBICAL FINANCIAL SERVICES LTD,2.37,2.37,2.11,2.21,2.21,2.23,,2.21,,,50492,110895.0,128,F1,1,,,,,,2025-05-14
2025-05-14,2025-05-14,CM,BSE,STK,511712,INE452B01013,RELICTEC,XT,,,,,RELIC TECHNOLOGIES LTD.,81.0,81.11,73.5,73.97,73.97,77.25,,73.97,,,2599,202319.0,68,F1,1,,,,,,2025-05-14
2025-05-14,2025-05-14,CM,BSE,STK,511714,INE875B01015,NIMBSPROJ,XT,,,,,NIMBUS PROJECTS LTD.,243.25,249.75,231.55,244.25,231.55,243.25,,244.25,,,859,209821.0,12,F1,1,,,,,,2025-05-14
2025-05-14,2025-05-14,CM,BSE,STK,511716,INE359A01012,INVIGO,XT,,,,,Invigorated Business Consultin,8.26,8.26,7.66,7.72,7.7,8.05,,7.72,,,2421,18650.0,9,F1,1,,,,,,2025-05-14
2025-05-14,2025-05-14,CM,BSE,STK,511724,INE020D01022,BAIDFIN,B,,,,,BAID FINSERV LIMITED,10.19,10.19,9.83,10.03,10.03,10.0,,9.97,,,30776,307101.0,219,F1,1,,,,,,2025-05-14
2025-05-14,2025-05-14,CM,BSE,STK,511726,INE946H01037,VIPULLTD,T,,,,,VIPUL LTD.,11.57,11.89,11.2,11.78,11.78,11.57,,11.76,,,25727,299310.0,171,F1,1,,,,,,2025-05-14
2025-05-14,2025-05-14,CM,BSE,STK,511728,INE006C01015,KZLFIN,XT,,,,,K.Z.LEASING & FINANCE LTD.,25.39,25.39,25.39,25.39,25.39,24.9,,25.39,,,305,7743.0,5,F1,1,,,,,,2025-05-14
2025-05-14,2025-05-14,CM,BSE,STK,511734,INE527C01010,PASUFIN,XT,,,,,PASUPATI FINCAP LTD.,13.35,14.73,13.33,13.35,13.35,14.03,,13.35,,,9185,128952.0,30,F1,1,,,,,,2025-05-14
2025-05-14,2025-05-14,CM,BSE,STK,511740,INE239B01014,RFL,X,,,,,RUPAREL FOOD PRODUCTS LIMITED,154.2,154.2,154.2,154.2,154.2,162.3,,154.2,,,663,102234.0,7,F1,1,,,,,,2025-05-14
2025-05-14,2025-05-14,CM,BSE,STK,511742,INE583D01011,UGROCAP,B,,,,,UGRO CAPITAL LIMITED,185.05,187.65,182.7,185.9,187.0,184.35,,185.5,,,24443,4510043.0,584,F1,1,,,,,,2025-05-14
2025-05-14,2025-05-14,CM,BSE,STK,511754,INE861D01011,SAHLIBHFI,X,,,,,SHALIBHADRA FINANCE LTD.,540.0,547.4,530.0,536.1,535.0,540.0,,536.1,,,5070,2752263.0,74,F1,1,,,,,,2025-05-14
2025-05-14,2025-05-14,CM,BSE,STK,511756,INE195I01013,ABIRAFN,Z,,,,,ABIRAMI FINANCIAL SERVICES (IN,43.0,43.0,43.0,43.0,43.0,43.0,,43.0,,,14,602.0,7,F1,1,,,,,,2025-05-14
2025-05-14,2025-05-14,CM,BSE,STK,511758,INE094E01017,MANSIFIN,X,,,,,MANSI FINANCE (CHENNAI) LTD.,58.51,58.51,58.51,58.51,58.51,58.91,,58.51,,,2,117.0,2,F1,1,,,,,,2025-05-14
2025-05-14,2025-05-14,CM,BSE,STK,511760,INE518D01025,SEVENHILL,Z,,,,,SEVEN HILL INDUSTRIES LIMITED,0.74,0.8,0.74,0.78,0.78,0.77,,0.78,,,68937,53901.0,158,F1,1,,,,,,2025-05-14
2025-05-14,2025-05-14,CM,BSE,STK,511764,INE819K01014,AASTAFIN,X,,,,,Aastamangalam Finance Limited,29.06,30.6,27.99,30.4,30.55,29.11,,30.4,,,18096,525107.0,103,F1,1,,,,,,2025-05-14
2025-05-14,2025-05-14,CM,BSE,STK,511766,INE296G01013,MUTHOOTCAP,B,,,,,MUTHOOT CAPITAL SERVICES LTD.,294.55,295.5,290.35,293.4,293.9,290.55,,291.4,,,466,135967.0,54,F1,1,,,,,,2025-05-14
2025-05-14,2025-05-14,CM,BSE,STK,511768,INE677D01037,MASTERTR,B,,,,,MASTER TRUST LTD.,157.85,159.65,153.0,158.2,156.25,156.65,,159.2,,,11377,1774897.0,484,F1,1,,,,,,2025-05-14
2025-05-14,2025-05-14,CM,BSE,STK,512008,INE886D01026,EFCIL,B,,,,,EFC (I) LIMITED,278.0,286.0,271.0,283.95,283.95,276.2,,283.95,,,493575,138470687.0,3130,F1,1,,,,,,2025-05-14
2025-05-14,2025-05-14,CM,BSE,STK,512014,INE754D01018,SOBME,XT,,,,,SOBHAGYA MERCHANTILE LTD.,367.9,367.9,367.85,367.85,367.85,387.2,,367.85,,,630,231746.0,47,F1,1,,,,,,2025-05-14
2025-05-14,2025-05-14,CM,BSE,STK,512018,INE135H01029,CNIRESLTD,XT,,,,,CNI RESEARCH LTD.,10.44,10.44,9.63,9.93,10.33,10.13,,9.93,,,96602,959667.0,149,F1,1,,,,,,2025-05-14
2025-05-14,2025-05-14,CM,BSE,STK,512020,INE967G01019,ZSARACOM,T,,,,,SARASWATI COMMERCIAL (INDIA) L,16595.0,17080.0,15570.0,16975.75,17079.0,16269.0,,16975.75,,,167,2772834.0,89,F1,1,,,,,,2025-05-14
2025-05-14,2025-05-14,CM,BSE,STK,512025,INE767M01029,BANGANGA,XT,,,,,BANGANGA PAPER INDUSTRIES LIMI,79.13,80.0,78.94,79.5,79.4,79.52,,79.5,,,20506,1632592.0,38,F1,1,,,,,,2025-05-14
2025-05-14,2025-05-14,CM,BSE,STK,512026,INE603D01017,VEGA,XT,,,,,VEGA JEWELLERS LIMITED,62.31,62.31,62.31,62.31,62.31,61.09,,62.31,,,5,311.0,1,F1,1,,,,,,2025-05-14
2025-05-14,2025-05-14,CM,BSE,STK,512036,INE393H01016,KAPILCO,XT,,,,,KAPIL COTEX LTD.,171.15,189.15,171.15,189.15,189.15,180.15,,189.15,,,235,41126.0,18,F1,1,,,,,,2025-05-14
2025-05-14,2025-05-14,CM,BSE,STK,512038,INE887D01016,TCC,B,,,,,TCC CONCEPT LIMITED,430.0,462.95,430.0,440.25,443.0,440.2,,440.25,,,7369,3247031.0,70,F1,1,,,,,,2025-05-14
2025-05-14,2025-05-14,CM,BSE,STK,512047,INE510H01015,ROYALIND,XT,,,,,ROYAL INDIA CORPORATION LIMITE,8.42,8.6,7.82,8.24,8.25,8.22,,8.24,,,56604,470700.0,171,F1,1,,,,,,2025-05-14
2025-05-14,2025-05-14,CM,BSE,STK,512048,INE195E01020,LUHARUKA,X,,,,,Luharuka Media & Infra Limited,4.78,4.78,4.6,4.64,4.66,4.69,,4.64,,,59040,274885.0,125,F1,1,,,,,,2025-05-14
2025-05-14,2025-05-14,CM,BSE,STK,512064,INE762D01011,VISVEN,X,,,,,VISHVPRABHA VENTURES LIMITED,69.9,70.24,69.9,69.9,69.9,66.02,,69.9,,,277,19375.0,7,F1,1,,,,,,2025-05-14
2025-05-14,2025-05-14,CM,BSE,STK,512068,INE945F01025,DECNGOLD,B,,,,,DECCAN GOLD MINES LTD.,123.0,125.0,122.0,122.7,122.7,122.1,,122.7,,,227572,28105072.0,1856,F1,1,,,,,,2025-05-14
2025-05-14,2025-05-14,CM,BSE,STK,512070,INE628A01036,UPL,A,,,,,UPL LIMITED,645.0,645.0,634.0,637.0,637.0,643.45,,636.9,,,136016,86775788.0,4291,F1,1,,,,,,2025-05-14
2025-05-14,2025-05-14,CM,BSE,STK,512093,INE234B01023,CRANESSOFT,Z,,,,,CRANES SOFTWARE INTERNATIONAL,3.8,4.0,3.8,3.98,3.99,3.95,,3.98,,,33039,131015.0,70,F1,1,,,,,,2025-05-14
2025-05-14,2025-05-14,CM,BSE,STK,512097,INE092G01024,SAICOM,X,,,,,SAIANAND COMMERCIAL LIMITED,0.34,0.36,0.34,0.35,0.36,0.35,,0.35,,,637672,225093.0,311,F1,1,,,,,,2025-05-14
2025-05-14,2025-05-14,CM,BSE,STK,512099,INE750G01019,EY,XT,,,,,EYANTRA VENTURES LIMITED,951.0,973.95,949.9,973.85,973.85,928.7,,973.85,,,276,265297.0,19,F1,1,,,,,,2025-05-14
2025-05-14,2025-05-14,CM,BSE,STK,512103,INE276H01013,NIDHGRN,XT,,,,,NIDHI GRANITES LTD.,171.0,171.0,171.0,171.0,171.0,167.65,,171.0,,,20,3420.0,4,F1,1,,,,,,2025-05-14
2025-05-14,2025-05-14,CM,BSE,STK,512115,INE649C01012,ROSEMER,XT,,,,,ROSE MERC.LTD.,48.91,49.66,48.91,49.66,49.66,49.9,,49.66,,,1192,58557.0,8,F1,1,,,,,,2025-05-14
2025-05-14,2025-05-14,CM,BSE,STK,512131,INE529F01035,SIGIND,B,,,,,SIGNET INDUSTRIES LIMITED,58.0,58.0,53.05,54.12,54.58,54.35,,54.29,,,822,44323.0,46,F1,1,,,,,,2025-05-14
2025-05-14,2025-05-14,CM,BSE,STK,512149,INE758A01072,AVANCE,X,,,,,AVANCE TECHNOLOGIES LTD.,0.65,0.67,0.64,0.66,0.66,0.64,,0.66,,,5602377,3650423.0,2558,F1,1,,,,,,2025-05-14
2025-05-14,2025-05-14,CM,BSE,STK,512161,INE650K01021,SECURKLOUD,T,,,,,SECUREKLOUD TECHNOLOGIES LIMIT,23.53,23.53,23.53,23.53,23.53,24.01,,23.53,,,3574,84096.0,32,F1,1,,,,,,2025-05-14
2025-05-14,2025-05-14,CM,BSE,STK,512165,INE365O01028,ABANSENT,X,,,,,ABANS ENTERPRISES LTD,29.0,30.3,29.0,29.93,30.05,27.88,,29.93,,,206800,6124457.0,69,F1,1,,,,,,2025-05-14
2025-05-14,2025-05-14,CM,BSE,STK,512175,INE685D01022,VAMA,X,,,,,VAMA INDUSTRIES LTD.,6.5,6.79,6.41,6.65,6.74,6.65,,6.65,,,43825,292674.0,82,F1,1,,,,,,2025-05-14
2025-05-14,2025-05-14,CM,BSE,STK,512179,INE805D01034,SUNTECK,A,,,,,SUNTECK REALTY LTD.,405.25,410.75,403.25,404.85,406.0,406.25,,404.85,,,11932,4857265.0,681,F1,1,,,,,,2025-05-14
2025-05-14,2025-05-14,CM,BSE,STK,512197,INE798C01017,SILVERO,Z,,,,,SILVER OAK COMMERCIAL LTD.,7.0,7.0,6.37,6.37,6.37,6.68,,6.37,,,430,2752.0,6,F1,1,,,,,,2025-05-14
2025-05-14,2025-05-14,CM,BSE,STK,512217,INE730E01016,PRISMMEDI,XT,,,,,PRISM MEDICO AND PHARMACY LTD.,13.71,13.71,13.71,13.71,13.71,13.45,,13.71,,,776,10638.0,19,F1,1,,,,,,2025-05-14
2025-05-14,2025-05-14,CM,BSE,STK,512229,INE379J01029,VERITAS,T,,,,,VERITAS (INDIA) LTD.,393.05,393.05,382.0,393.0,393.0,385.35,,393.0,,,12855,5040215.0,174,F1,1,,,,,,2025-05-14
2025-05-14,2025-05-14,CM,BSE,STK,512237,INE070D01027,JAICORPLTD,A,,,,,JAI CORP LTD.,92.88,96.22,91.9,96.22,96.22,91.64,,96.17,,,134153,12802501.0,1524,F1,1,,,,,,2025-05-14
2025-05-14,2025-05-14,CM,BSE,STK,512247,INE894A01026,ASHCAP,X,,,,,ASHIRWAD CAPITAL LTD.,4.1,4.12,4.07,4.09,4.08,4.06,,4.09,,,79288,324157.0,370,F1,1,,,,,,2025-05-14
2025-05-14,2025-05-14,CM,BSE,STK,512257,INE895A01023,SVARTCORP,X,,,,,SWASTI VINAYAKA ART AND HERITA,3.9,3.97,3.8,3.9,3.9,3.89,,3.9,,,35186,136715.0,187,F1,1,,,,,,2025-05-14
2025-05-14,2025-05-14,CM,BSE,STK,512267,INE200D01020,MMWL,T,,,,,MEDIA MATRIX WORLDWIDE LTD.,8.96,8.96,8.96,8.96,8.96,8.79,,8.96,,,6871,61564.0,24,F1,1,,,,,,2025-05-14
2025-05-14,2025-05-14,CM,BSE,STK,512277,INE340U01010,AUTOINT,XT,,,,,AUTORIDERS INTERNATIONAL LTD.,404.9,404.9,404.9,404.9,404.9,385.65,,404.9,,,1,404.0,1,F1,1,,,,,,2025-05-14
2025-05-14,2025-05-14,CM,BSE,STK,512296,INE458B01036,BHAGYANGR,B,,,,,BHAGYANAGAR INDIA LTD.,74.9,75.5,73.93,73.93,73.93,73.34,,74.25,,,2727,204389.0,55,F1,1,,,,,,2025-05-14
2025-05-14,2025-05-14,CM,BSE,STK,512297,INE408F01024,SHANTAI,X,,,,,Shantai Industries Limited,16.13,16.13,15.55,16.13,16.13,15.37,,16.13,,,29095,468882.0,133,F1,1,,,,,,2025-05-14
2025-05-14,2025-05-14,CM,BSE,STK,512301,INE417N01011,CHMBBRW,XT,,,,,CHAMBAL BREWERIES & DISTILLERI,4.66,4.66,4.66,4.66,4.66,4.9,,4.66,,,461,2148.0,4,F1,1,,,,,,2025-05-14
2025-05-14,2025-05-14,CM,BSE,STK,512329,INE385F01024,SGMART,B,,,,,SG MART LIMITED,355.0,367.9,355.0,360.2,359.0,354.45,,360.2,,,212808,77199589.0,1195,F1,1,,,,,,2025-05-14
2025-05-14,2025-05-14,CM,BSE,STK,512344,INE068C01015,ARAVALIS,X,,,,,ARAVALI SECURITIES & FINANCE L,4.48,4.48,4.4,4.4,4.4,4.27,,4.4,,,222,988.0,4,F1,1,,,,,,2025-05-14
2025-05-14,2025-05-14,CM,BSE,STK,512345,INE745A01012,YASTF,XT,,,,,YASH TRADING & FINANCE LTD.,170.2,170.2,170.2,170.2,170.2,166.9,,170.2,,,95,16169.0,1,F1,1,,,,,,2025-05-14
2025-05-14,2025-05-14,CM,BSE,STK,512361,INE108G01010,CUPIDALBV,XT,,,,,CUPID BREWERIES AND DISTILLERI,87.65,90.15,86.0,90.15,90.15,85.9,,90.15,,,5383,483135.0,49,F1,1,,,,,,2025-05-14
2025-05-14,2025-05-14,CM,BSE,STK,512379,INE716D01033,CRSL,XT,,,,,CRESSANDA RAILWAY SOLUTIONS LI,4.93,5.05,4.67,4.87,4.87,4.89,,4.87,,,1537272,7518775.0,2443,F1,1,,,,,,2025-05-14
2025-05-14,2025-05-14,CM,BSE,STK,512381,INE992I01013,STARTECK,B,,,,,STARTECK FINANCE LIMITED,300.0,300.0,291.0,292.85,291.0,295.45,,293.6,,,3205,955419.0,89,F1,1,,,,,,2025-05-14
2025-05-14,2025-05-14,CM,BSE,STK,512393,INE037B01020,SHARDUL,XT,,,,,SHARDUL SECURITIES LTD.,43.5,45.0,43.5,44.71,45.0,42.98,,44.71,,,9880,437390.0,63,F1,1,,,,,,2025-05-14
2025-05-14,2025-05-14,CM,BSE,STK,512399,INE017I01027,SERA,XT,,,,,SERA INVESTMENTS & FINANCE IND,34.79,36.14,34.79,34.91,34.9,34.79,,34.91,,,6853,239376.0,50,F1,1,,,,,,2025-05-14
2025-05-14,2025-05-14,CM,BSE,STK,512415,INE319T01016,MERCTRD,XT,,,,,MERCURY TRADE LINKS LTD.,20.35,20.35,20.35,20.35,20.35,19.96,,20.35,,,6373,129690.0,45,F1,1,,,,,,2025-05-14
2025-05-14,2025-05-14,CM,BSE,STK,512437,INE412D01013,APOLLOFI,X,,,,,APOLLO FINVEST (INDIA) LTD.,597.05,604.0,572.6,590.65,591.0,596.5,,590.65,,,332,198099.0,45,F1,1,,,,,,2025-05-14
2025-05-14,2025-05-14,CM,BSE,STK,512441,INE993I01029,ENBETRD,X,,,,,Enbee Trade &amp; Finance Ltd,0.71,0.73,0.7,0.71,0.71,0.73,,0.71,,,3134321,2216493.0,811,F1,1,,,,,,2025-05-14
2025-05-14,2025-05-14,CM,BSE,STK,512443,INE162L01017,GANONPRO,X,,,,,Ganon Products Limited,6.59,6.78,6.0,6.56,6.58,6.59,,6.56,,,5097,31830.0,34,F1,1,,,,,,2025-05-14
2025-05-14,2025-05-14,CM,BSE,STK,512453,INE564J01026,SHRJAGP,X,,,,,SHRI JAGDAMBA POLYMERS LTD.,1006.25,1032.8,1000.25,1010.45,1010.45,1009.5,,1010.45,,,848,857028.0,103,F1,1,,,,,,2025-05-14
2025-05-14,2025-05-14,CM,BSE,STK,512455,INE281B01032,LLOYDSME,A,,,,,LLOYDS METALS AND ENERGY LTD.,1269.95,1333.9,1264.0,1330.85,1328.7,1266.35,,1330.8,,,36929,48618641.0,2590,F1,1,,,,,,2025-05-14
2025-05-14,2025-05-14,CM,BSE,STK,512463,INE080I01025,LLOYDSENT,B,,,,,LLOYDS ENTERPRISES LIMITED,50.37,54.5,50.37,53.14,53.14,51.66,,53.2,,,225618,12004729.0,1845,F1,1,,,,,,2025-05-14
2025-05-14,2025-05-14,CM,BSE,STK,512477,INE765L01017,BETXIND,X,,,,,BETEX INDIA LTD.,416.0,446.0,416.0,440.0,440.0,446.0,,440.0,,,66,28528.0,12,F1,1,,,,,,2025-05-14
2025-05-14,2025-05-14,CM,BSE,STK,512485,INE977F01010,DHANCOT,XT,,,,,DHANLAXMI COTEX LTD.,148.45,164.05,148.45,164.05,164.05,156.25,,164.05,,,1298,199741.0,75,F1,1,,,,,,2025-05-14
2025-05-14,2025-05-14,CM,BSE,STK,512489,INE876A01023,OASISEC,X,,,,,OASIS SECURITIES LTD.,28.8,29.86,27.5,29.11,29.39,29.87,,29.11,,,16910,479767.0,68,F1,1,,,,,,2025-05-14
2025-05-14,2025-05-14,CM,BSE,STK,512493,INE590B01010,GARNETINT,X,,,,,GARNET INTERNATIONAL LTD.,126.0,128.0,122.0,124.8,125.0,124.55,,124.8,,,16973,2116932.0,117,F1,1,,,,,,2025-05-14
2025-05-14,2025-05-14,CM,BSE,STK,512499,INE435E01020,SHALPRO,X,,,,,SHALIMAR PRODUCTIONS LTD.,0.49,0.49,0.49,0.49,0.49,0.49,,0.49,,,558243,273539.0,384,F1,1,,,,,,2025-05-14
2025-05-14,2025-05-14,CM,BSE,STK,512519,INE668D01028,DONEAR,B,,,,,DONEAR INDUSTRIES LTD.,111.7,115.2,111.7,114.1,114.1,110.5,,114.39,,,11891,1354029.0,689,F1,1,,,,,,2025-05-14
2025-05-14,2025-05-14,CM,BSE,STK,512527,INE091C01017,SUPER,X,,,,,SUPER SALES INDIA LTD.,883.0,942.9,883.0,904.05,900.5,910.65,,904.05,,,1661,1522139.0,64,F1,1,,,,,,2025-05-14
2025-05-14,2025-05-14,CM,BSE,STK,512529,INE807F01027,SEQUENT,A,,,,,SEQUENT SCIENTIFIC LTD.,166.4,175.65,166.35,174.35,174.35,167.85,,174.34,,,123507,21408489.0,2573,F1,1,,,,,,2025-05-14
2025-05-14,2025-05-14,CM,BSE,STK,512531,INE655A01013,STCINDIA,B,,,,,STATE TRADING CORPORATION OF I,124.85,132.0,124.4,130.3,130.1,124.1,,129.95,,,21523,2783257.0,503,F1,1,,,,,,2025-05-14
2025-05-14,2025-05-14,CM,BSE,STK,512553,INE058B01018,ZENITHEXPO,T,,,,,ZENITH EXPORTS LTD.,261.9,262.15,256.05,262.15,262.15,249.7,,260.4,,,70,18268.0,10,F1,1,,,,,,2025-05-14
2025-05-14,2025-05-14,CM,BSE,STK,512559,INE080B01012,KOHINOOR,B,,,,,KOHINOOR FOODS LTD.,37.0,37.0,36.3,36.67,36.7,36.59,,36.6,,,18741,685693.0,572,F1,1,,,,,,2025-05-14
2025-05-14,2025-05-14,CM,BSE,STK,512565,INE581D01015,NEELKANTH,X,,,,,NEELKANTH LIMITED,42.34,44.45,42.34,43.99,43.99,42.34,,43.99,,,396,17134.0,6,F1,1,,,,,,2025-05-14
2025-05-14,2025-05-14,CM,BSE,STK,512573,INE871C01038,AVANTIFEED,A,,,,,AVANTI FEEDS LTD.,896.15,896.15,865.0,866.7,866.7,893.15,,866.4,,,26190,22848220.0,1354,F1,1,,,,,,2025-05-14
2025-05-14,2025-05-14,CM,BSE,STK,512587,INE077B01018,ZODJRDMKJ,X,,,,,ZODIAC-JRD-MKJ LTD.,60.3,65.29,60.3,64.99,64.5,61.28,,64.99,,,2816,180043.0,41,F1,1,,,,,,2025-05-14
2025-05-14,2025-05-14,CM,BSE,STK,512589,INE579D01019,SITAENT,XT,,,,,SITA ENTERPRISES LTD.,164.0,164.0,157.0,157.0,157.0,156.6,,157.0,,,399,63406.0,14,F1,1,,,,,,2025-05-14
2025-05-14,2025-05-14,CM,BSE,STK,512591,INE183U01022,PULSRIN,XT,,,,,PULSAR INTERNATIONAL LTD.,8.1,8.34,8.0,8.29,8.34,7.96,,8.29,,,390978,3221889.0,1074,F1,1,,,,,,2025-05-14
2025-05-14,2025-05-14,CM,BSE,STK,512595,INE348N01034,MANBRO,XT,,,,,Manbro Industries Limited,616.3,679.0,615.55,625.5,625.5,647.9,,625.5,,,23,14328.0,5,F1,1,,,,,,2025-05-14
2025-05-14,2025-05-14,CM,BSE,STK,512597,INE681C01015,KEYFINSERV,T,,,,,KEYNOTE FINANCIAL SERVICES LIM,339.4,339.4,339.4,339.4,339.4,323.25,,340.05,,,28,9503.0,3,F1,1,,,,,,2025-05-14
2025-05-14,2025-05-14,CM,BSE,STK,512599,INE423A01024,ADANIENT,A,,,,,ADANI ENTERPRISES LTD.,2441.6,2480.95,2433.0,2461.15,2461.15,2440.9,,2461.9,,,32633,80436386.0,3246,F1,1,,,,,,2025-05-14
2025-05-14,2025-05-14,CM,BSE,STK,512600,INE307N01014,ASTALLTD,X,,,,,ASTAL LABORATORIES LIMITED,82.9,84.98,79.3,83.85,83.85,77.26,,83.85,,,19426,1629777.0,84,F1,1,,,,,,2025-05-14
2025-05-14,2025-05-14,CM,BSE,STK,512608,INE474E01029,BHANDARI,B,,,,,BHANDARI HOSIERY EXPORTS LTD.,4.96,5.03,4.89,4.95,4.99,4.98,,4.96,,,62941,313748.0,265,F1,1,,,,,,2025-05-14
2025-05-14,2025-05-14,CM,BSE,STK,512618,INE629C01014,RLF,X,,,,,RLF LTD.,8.01,9.46,8.01,8.75,9.2,8.6,,8.75,,,3439,30885.0,26,F1,1,,,,,,2025-05-14
2025-05-14,2025-05-14,CM,BSE,STK,512624,INE769D01016,REGENTRP,X,,,,,Regent Enterprises Limited,5.77,6.2,5.77,5.81,5.87,5.97,,5.81,,,58032,338596.0,93,F1,1,,,,,,2025-05-14
2025-05-14,2025-05-14,CM,BSE,STK,512626,INE231G01010,ORBTEXP,B,,,,,ORBIT EXPORTS LTD.,168.65,171.55,167.0,171.0,171.0,167.0,,170.99,,,1646,280687.0,136,F1,1,,,,,,2025-05-14
2025-05-14,2025-05-14,CM,BSE,STK,512634,INE104E01014,SAVERA,X,,,,,SAVERA INDUSTRIES LTD.,133.0,136.0,132.0,133.5,132.35,132.25,,133.5,,,3444,465781.0,42,F1,1,,,,,,2025-05-14
2025-05-14,2025-05-14,CM,BSE,STK,513005,INE114E01013,CHROME,X,,,,,Chrome Silicon Limited,46.92,47.9,43.0,46.88,47.0,46.0,,46.88,,,2720,124829.0,25,F1,1,,,,,,2025-05-14
2025-05-14,2025-05-14,CM,BSE,STK,513023,INE725A01030,NAVA,A,,,,,NAVA LIMITED,479.65,479.65,463.0,464.8,464.8,472.0,,464.95,,,34196,16017886.0,1171,F1,1,,,,,,2025-05-14
2025-05-14,2025-05-14,CM,BSE,STK,513043,INE158G01015,REMIEDEL,X,,,,,REMI EDELSTAHL TUBULARS LIMITE,81.0,83.99,81.0,81.41,82.85,79.76,,81.41,,,4534,370271.0,77,F1,1,,,,,,2025-05-14
2025-05-14,2025-05-14,CM,BSE,STK,513059,INE736H01024,GSAUTO,X,,,,,G.S.AUTO INTERNATIONAL LTD.,39.5,39.5,37.1,38.68,38.9,38.13,,38.68,,,5019,192537.0,34,F1,1,,,,,,2025-05-14
2025-05-14,2025-05-14,CM,BSE,STK,513063,INE360D01014,TRANSFRE,X,,,,,TRANS-FREIGHT CONTAINERS LTD.,33.3,34.3,32.33,33.58,32.34,32.56,,33.58,,,13333,445628.0,26,F1,1,,,,,,2025-05-14
2025-05-14,2025-05-14,CM,BSE,STK,513097,INE386D01027,SBCL,B,,,,,SHIVALIK BIMETAL CONTROLS LTD.,454.3,469.0,452.05,465.95,465.55,452.45,,467.15,,,2563,1184498.0,263,F1,1,,,,,,2025-05-14
2025-05-14,2025-05-14,CM,BSE,STK,513108,INE524B01027,GANDHITUBE,B,,,,,GANDHI SPECIAL TUBES LTD.,666.0,674.0,666.0,670.1,669.0,666.15,,669.8,,,247,165982.0,61,F1,1,,,,,,2025-05-14
2025-05-14,2025-05-14,CM,BSE,STK,513117,INE991A01020,AMFORG,X,,,,,AMFORGE INDUSTRIES LTD.,8.64,8.98,8.32,8.83,8.85,8.68,,8.83,,,3874,33842.0,24,F1,1,,,,,,2025-05-14
2025-05-14,2025-05-14,CM,BSE,STK,513119,INE173M01012,ONIXSOLAR,XT,,,,,ONIX SOLAR ENERGY LIMITED,185.0,185.65,174.4,185.65,185.65,176.85,,185.65,,,12466,2309438.0,132,F1,1,,,,,,2025-05-14
2025-05-14,2025-05-14,CM,BSE,STK,513121,INE730A01022,ORICONENT,B,,,,,ORICON ENTERPRISES LTD.,40.24,40.29,40.0,40.0,40.0,39.96,,40.03,,,6317,253011.0,45,F1,1,,,,,,2025-05-14
2025-05-14,2025-05-14,CM,BSE,STK,513149,INE950D01012,ACROW,X,,,,,ACROW INDIA LTD.,724.0,724.45,703.0,703.15,703.15,690.0,,703.15,,,529,383070.0,17,F1,1,,,,,,2025-05-14
2025-05-14,2025-05-14,CM,BSE,STK,513173,INE205F01016,STLSTRINF,X,,,,,STEEL STRIPS INFRASTRUCTURES L,28.19,28.19,27.26,27.7,27.84,27.3,,27.7,,,1373,38003.0,50,F1,1,,,,,,2025-05-14
2025-05-14,2025-05-14,CM,BSE,STK,513228,INE932A01024,PENIND,B,,,,,PENNAR INDUSTRIES LTD.,191.9,198.0,189.95,195.4,196.0,191.45,,195.42,,,27209,5288125.0,787,F1,1,,,,,,2025-05-14
2025-05-14,2025-05-14,CM,BSE,STK,513250,INE197A01024,JYOTISTRUC,A,,,,,JYOTI STRUCTURES LTD.,19.76,20.56,19.51,20.26,20.26,19.64,,20.25,,,2603768,52352771.0,3465,F1,1,,,,,,2025-05-14
2025-05-14,2025-05-14,CM,BSE,STK,513252,INE289D01015,JAYUSH,X,,,,,JAY USHIN LTD.,602.0,604.0,595.75,601.15,600.05,611.0,,601.15,,,170,101986.0,12,F1,1,,,,,,2025-05-14
2025-05-14,2025-05-14,CM,BSE,STK,513262,INE802C01033,SSWL,B,,,,,STEEL STRIPS WHEELS LTD.,231.4,243.75,231.3,240.9,242.45,229.95,,241.06,,,54483,13018792.0,1595,F1,1,,,,,,2025-05-14
2025-05-14,2025-05-14,CM,BSE,STK,513269,INE993A01026,MANINDS,B,,,,,MAN INDUSTRIES (INDIA) LTD.,325.95,331.2,315.2,320.3,322.6,334.75,,320.85,,,133484,42964447.0,3535,F1,1,,,,,,2025-05-14
2025-05-14,2025-05-14,CM,BSE,STK,513295,INE611C01020,IMEC,XT,,,,,IMEC SERVICES LIMITED,59.23,59.23,57.1,57.33,57.1,59.23,,57.33,,,161,9413.0,14,F1,1,,,,,,2025-05-14
2025-05-14,2025-05-14,CM,BSE,STK,513303,INE001F01019,MDRNSTL,X,,,,,MODERN STEELS LTD.,16.41,16.41,15.75,16.02,16.3,15.95,,16.02,,,1788,28338.0,34,F1,1,,,,,,2025-05-14
2025-05-14,2025-05-14,CM,BSE,STK,513309,INE327C01031,GOLKONDA,X,,,,,Golkonda Aluminium Extrusions,9.6,9.92,9.12,9.45,9.33,9.62,,9.45,,,4447,41763.0,43,F1,1,,,,,,2025-05-14
2025-05-14,2025-05-14,CM,BSE,STK,513337,INE145J01032,GUJTLRM,XT,,,,,GUJARAT TOOLROOM LTD.,1.39,1.39,1.35,1.38,1.38,1.38,,1.38,,,4156530,5724514.0,3290,F1,1,,,,,,2025-05-14
2025-05-14,2025-05-14,CM,BSE,STK,513349,INE298G01027,AJMERA,B,,,,,AJMERA REALTY & INFRA INDIA LT,858.95,858.95,790.55,814.45,805.45,813.1,,813.85,,,8516,6890181.0,1084,F1,1,,,,,,2025-05-14
2025-05-14,2025-05-14,CM,BSE,STK,513353,INE105D01013,COCHINM,X,,,,,COCHIN MINERALS & RUTILE LTD.,268.05,283.9,268.05,282.95,283.6,277.25,,282.95,,,5131,1444507.0,110,F1,1,,,,,,2025-05-14
2025-05-14,2025-05-14,CM,BSE,STK,513361,INE072A01029,ISWL,XT,,,,,INDIA STEEL WORKS LTD.,5.74,5.78,5.44,5.6,5.6,5.71,,5.6,,,98601,557931.0,321,F1,1,,,,,,2025-05-14
2025-05-14,2025-05-14,CM,BSE,STK,513369,INE013J01016,KVFORGE,X,,,,,KRISHANVEER FORGE LIMITED,75.05,83.98,75.05,80.87,83.5,79.94,,80.87,,,5197,420979.0,64,F1,1,,,,,,2025-05-14
2025-05-14,2025-05-14,CM,BSE,STK,513375,INE120A01034,CARBORUNIV,A,,,,,CARBORUNDUM UNIVERSAL LTD.,977.05,987.95,958.0,961.4,960.0,986.55,,962.5,,,16318,15775589.0,1246,F1,1,,,,,,2025-05-14
2025-05-14,2025-05-14,CM,BSE,STK,513377,INE123F01029,MMTC,A,,,,,MMTC LTD.,57.5,60.74,57.14,59.4,59.4,56.94,,59.42,,,777600,46104250.0,4468,F1,1,,,,,,2025-05-14
2025-05-14,2025-05-14,CM,BSE,STK,513397,INE457E01016,VALLABHSQ,X,,,,,VALLABH STEELS LTD.,6.68,6.68,6.68,6.68,6.68,6.68,,6.68,,,250,1670.0,1,F1,1,,,,,,2025-05-14
2025-05-14,2025-05-14,CM,BSE,STK,513401,INE587D01012,ASHIS,XT,,,,,ASHIANA ISPAT LTD.,20.7,20.7,20.7,20.7,20.7,20.3,,20.7,,,146,3022.0,2,F1,1,,,,,,2025-05-14
2025-05-14,2025-05-14,CM,BSE,STK,513403,INE092C01015,PMTELELIN,X,,,,,P.M.TELELINNKS LTD.,5.05,5.46,5.05,5.46,5.46,5.46,,5.46,,,354,1809.0,6,F1,1,,,,,,2025-05-14
2025-05-14,2025-05-14,CM,BSE,STK,513418,INE728B01032,SMFIL,X,,,,,SMITHS & FOUNDERS (INDIA) LIMI,6.09,6.39,5.9,6.24,6.24,6.09,,6.24,,,22021,134196.0,63,F1,1,,,,,,2025-05-14
2025-05-14,2025-05-14,CM,BSE,STK,513422,INE373E01015,BLOIN,X,,,,,BLOOM INDUSTRIES LTD.,36.0,38.47,33.41,36.1,37.5,34.6,,36.1,,,1309,46182.0,81,F1,1,,,,,,2025-05-14
2025-05-14,2025-05-14,CM,BSE,STK,513436,INE640C01011,SHAHALLOYS,T,,,,,SHAH ALLOYS LTD.,60.5,61.0,60.0,60.46,61.0,60.5,,60.17,,,1074,64932.0,19,F1,1,,,,,,2025-05-14
2025-05-14,2025-05-14,CM,BSE,STK,513452,INE594D01018,ELANGO,X,,,,,ELANGO INDUSTRIES LTD.,11.91,12.9,11.91,12.9,12.9,12.53,,12.9,,,2416,28798.0,7,F1,1,,,,,,2025-05-14
2025-05-14,2025-05-14,CM,BSE,STK,513456,INE791E01018,KANSHST,X,,,,,KANISHK STEEL INDUSTRIES LTD.,34.85,36.28,34.85,36.28,36.28,34.56,,36.28,,,9508,342452.0,34,F1,1,,,,,,2025-05-14
2025-05-14,2025-05-14,CM,BSE,STK,513460,INE257F01017,MAHALXSE,Z,,,,,MAHALAXMI SEAMLESS LTD.,7.59,8.36,7.59,8.36,8.36,7.97,,8.36,,,1094,9143.0,7,F1,1,,,,,,2025-05-14
2025-05-14,2025-05-14,CM,BSE,STK,513472,INE658D01011,SIMPLEXCAS,X,,,,,SIMPLEX CASTINGS LTD.,235.0,246.0,235.0,245.0,245.0,239.7,,245.0,,,9393,2262734.0,48,F1,1,,,,,,2025-05-14
2025-05-14,2025-05-14,CM,BSE,STK,513488,INE387D01025,SSWRL,X,,,,,SHREE STEEL WIRE ROPES LTD.,31.0,33.99,31.0,31.99,32.0,32.79,,31.99,,,1677,52255.0,30,F1,1,,,,,,2025-05-14
2025-05-14,2025-05-14,CM,BSE,STK,513498,INE308N01012,SOUTHMG,XT,,,,,SOUTHERN MAGNESIUM & CHEMICALS,129.65,136.1,128.1,129.05,136.1,129.65,,129.05,,,3675,481593.0,99,F1,1,,,,,,2025-05-14
2025-05-14,2025-05-14,CM,BSE,STK,513502,INE927K01023,BAROEXT,XT,,,,,BARODA EXTRUSION LTD.,8.95,9.3,8.87,9.25,9.26,9.05,,9.25,,,168756,1535786.0,158,F1,1,,,,,,2025-05-14
2025-05-14,2025-05-14,CM,BSE,STK,513507,INE276I01011,GUJCONT,P,,,,,GUJARAT CONTAINERS LTD.,184.0,184.0,184.0,184.0,184.0,175.35,,184.0,,,200,36800.0,2,F1,100,,,,,,2025-05-14
2025-05-14,2025-05-14,CM,BSE,STK,513509,INE314G01014,KALYANIFRG,B,,,,,KALYANI FORGE LTD.,781.95,781.95,732.9,748.2,755.0,753.8,,751.1,,,1083,820710.0,157,F1,1,,,,,,2025-05-14
2025-05-14,2025-05-14,CM,BSE,STK,513511,INE798F01010,PANCHMAHQ,XT,,,,,PANCHMAHAL STEEL LTD.,160.3,160.3,155.85,155.85,155.85,159.0,,155.85,,,94,14956.0,5,F1,1,,,,,,2025-05-14
2025-05-14,2025-05-14,CM,BSE,STK,513513,INE570B01012,ADITYA,X,,,,,ADITYA ISPAT LTD.,8.68,9.98,8.68,9.74,9.74,8.68,,9.74,,,1690,15860.0,16,F1,1,,,,,,2025-05-14
2025-05-14,2025-05-14,CM,BSE,STK,513517,INE124E01020,STEELCAS,B,,,,,STEELCAST LTD.,947.0,947.0,905.8,919.45,907.2,946.35,,910.65,,,905,831276.0,178,F1,1,,,,,,2025-05-14
2025-05-14,2025-05-14,CM,BSE,STK,513519,INE450D01021,PITTIENG,B,,,,,PITTI ENGINEERING LIMITED,958.0,968.95,958.0,965.8,964.55,959.2,,966.0,,,848,818790.0,106,F1,1,,,,,,2025-05-14
2025-05-14,2025-05-14,CM,BSE,STK,513528,INE741B01027,GLITTEKG,XT,,,,,GLITTEK GRANITES LTD.,5.35,5.77,5.35,5.74,5.74,5.53,,5.74,,,4574,25743.0,24,F1,1,,,,,,2025-05-14
2025-05-14,2025-05-14,CM,BSE,STK,513532,INE770A01010,PRADPME,X,,,,,PRADEEP METALS LTD.,239.5,246.0,231.6,232.65,231.6,235.7,,232.65,,,6140,1458525.0,144,F1,1,,,,,,2025-05-14
2025-05-14,2025-05-14,CM,BSE,STK,513536,INE207H01018,GNRL,XT,,,,,GUJARAT NATURAL RESOURCES LIMI,47.99,47.99,47.99,47.99,47.99,47.05,,47.99,,,461697,22156839.0,229,F1,1,,,,,,2025-05-14
2025-05-14,2025-05-14,CM,BSE,STK,513548,INE385M01012,SHRDAIS,X,,,,,SHARDA ISPAT LTD.,288.0,288.0,280.0,283.0,283.0,289.0,,283.0,,,111,31295.0,7,F1,1,,,,,,2025-05-14
2025-05-14,2025-05-14,CM,BSE,STK,513554,INE451L01014,MAHASTEEL,T,,,,,MAHAMAYA STEEL INDUSTRIES LTD.,258.0,258.0,244.4,245.95,250.45,256.55,,244.75,,,1189,300091.0,28,F1,1,,,,,,2025-05-14
2025-05-14,2025-05-14,CM,BSE,STK,513566,INE608C01026,NOVIS,X,,,,,NOVA IRON & STEEL LTD.,13.82,13.82,13.57,13.8,13.8,13.56,,13.8,,,2368,32478.0,30,F1,1,,,,,,2025-05-14
2025-05-14,2025-05-14,CM,BSE,STK,513575,INE067E01013,STERPOW,XT,,,,,STERLING POWERGENSYS LTD,39.2,40.22,39.0,40.01,39.1,38.46,,40.01,,,9548,379974.0,74,F1,1,,,,,,2025-05-14
2025-05-14,2025-05-14,CM,BSE,STK,513579,INE617C01027,FFPL,Z,,,,,FOUNDRY FUEL PRODUCTS LTD.,6.3,6.3,6.3,6.3,6.3,6.0,,6.3,,,1459,9191.0,5,F1,1,,,,,,2025-05-14
2025-05-14,2025-05-14,CM,BSE,STK,513599,INE531E01026,HINDCOPPER,A,,,,,HINDUSTAN COPPER LTD.,223.7,232.8,222.45,231.95,231.95,221.85,,231.81,,,860247,197420432.0,8992,F1,1,,,,,,2025-05-14
2025-05-14,2025-05-14,CM,BSE,STK,513629,INE463D01016,TULSYAN,X,,,,,TULSYAN NEC LTD.,46.07,47.92,46.07,47.0,47.0,46.07,,47.0,,,187,8788.0,3,F1,1,,,,,,2025-05-14
2025-05-14,2025-05-14,CM,BSE,STK,513642,INE197C01012,AXELPOLY,XT,,,,,AXEL POLYMERS LTD.,35.4,35.4,34.75,34.75,34.75,35.4,,34.75,,,1625,57135.0,6,F1,1,,,,,,2025-05-14
2025-05-14,2025-05-14,CM,BSE,STK,513683,INE589A01014,NLCINDIA,A,,,,,NLC India Limited,234.2,234.2,230.35,231.05,231.2,229.45,,230.95,,,48538,11262969.0,1014,F1,1,,,,,,2025-05-14
2025-05-14,2025-05-14,CM,BSE,STK,513687,INE848B01012,SPECTRA,Z,,,,,SPECTRA INDUSTRIES LTD.,4.75,4.94,4.75,4.92,4.92,4.71,,4.92,,,114,559.0,6,F1,1,,,,,,2025-05-14
2025-05-14,2025-05-14,CM,BSE,STK,513693,INE434C01027,KAJARIR,X,,,,,KIC METALIKS LTD.,32.09,34.24,32.09,34.06,34.06,31.51,,34.06,,,9906,330772.0,100,F1,1,,,,,,2025-05-14
2025-05-14,2025-05-14,CM,BSE,STK,513699,INE584G01012,SOLIDSTON,X,,,,,SOLID STONE COMPANY LTD.,34.2,34.2,32.25,32.25,32.25,33.03,,32.25,,,100,3322.0,5,F1,1,,,,,,2025-05-14
2025-05-14,2025-05-14,CM,BSE,STK,513709,INE960A01017,SHILGRAVQ,X,,,,,SHILP GRAVURES LTD.,293.0,299.65,288.0,293.0,293.0,286.5,,293.0,,,3498,1021833.0,59,F1,1,,,,,,2025-05-14
2025-05-14,2025-05-14,CM,BSE,STK,513713,INE146C01019,WHITEORG,X,,,,,White Organic Agro Limited,4.93,5.0,4.52,4.89,4.89,4.93,,4.89,,,37296,179294.0,123,F1,1,,,,,,2025-05-14
2025-05-14,2025-05-14,CM,BSE,STK,513721,INE614F01019,MFSINTRCRP,Z,,,,,MFS INTERCORP LTD.,16.95,17.0,16.15,16.86,17.0,17.0,,16.86,,,1162,19516.0,10,F1,1,,,,,,2025-05-14
2025-05-14,2025-05-14,CM,BSE,STK,513729,INE210C01013,AROGRANITE,B,,,,,ARO GRANITE INDUSTRIES LTD.,34.57,37.39,34.57,36.65,36.65,35.41,,37.01,,,34,1244.0,10,F1,1,,,,,,2025-05-14
2025-05-14,2025-05-14,CM,BSE,STK,514010,INE723D01021,RUDRAECO,X,,,,,RUDRA ECOVATION LIMITED,47.01,51.4,46.5,50.53,50.53,46.74,,50.53,,,479047,23824155.0,784,F1,1,,,,,,2025-05-14
2025-05-14,2025-05-14,CM,BSE,STK,514028,INE376L01013,RAJKSYN,X,,,,,RAJKAMAL SYNTHETICS LTD.,38.12,42.08,38.12,42.05,42.05,40.08,,42.05,,,7527,316332.0,36,F1,1,,,,,,2025-05-14
2025-05-14,2025-05-14,CM,BSE,STK,514030,INE272C01013,DEEPAKSP,X,,,,,DEEPAK SPINNERS LTD.,152.55,153.5,148.0,149.95,149.95,148.8,,149.95,,,588,88380.0,35,F1,1,,,,,,2025-05-14
2025-05-14,2025-05-14,CM,BSE,STK,514036,INE970D01010,LOYALTEX,T,,,,,LOYAL TEXTILE MILLS LTD.,275.0,275.0,275.0,275.0,275.0,285.0,,283.6,,,1,275.0,1,F1,1,,,,,,2025-05-14
2025-05-14,2025-05-14,CM,BSE,STK,514043,INE049A01027,HIMATSEIDE,B,,,,,HIMATSINGKA SEIDE LTD.,157.0,161.0,156.4,158.5,158.15,156.5,,158.46,,,67244,10691645.0,1073,F1,1,,,,,,2025-05-14
2025-05-14,2025-05-14,CM,BSE,STK,514045,INE594B01012,BSL,T,,,,,BSL LTD.,143.3,149.5,143.3,149.5,149.5,145.2,,148.02,,,220,31957.0,6,F1,1,,,,,,2025-05-14
2025-05-14,2025-05-14,CM,BSE,STK,514060,INE229N01010,MARKOBENZ,XT,,,,,MARKOBENZ VENTURES LIMITED,10.2,10.2,10.2,10.2,10.2,10.4,,10.2,,,20473,208824.0,38,F1,1,,,,,,2025-05-14
2025-05-14,2025-05-14,CM,BSE,STK,514087,INE501F01018,PBMPOLY,X,,,,,PBM POLYTEX LTD.,85.29,85.29,80.03,80.98,80.99,81.19,,80.98,,,884,73272.0,23,F1,1,,,,,,2025-05-14
2025-05-14,2025-05-14,CM,BSE,STK,514113,INE207C01019,ADINATH,X,,,,,ADINATH TEXTILES LTD.,23.68,23.98,23.21,23.79,23.87,23.36,,23.79,,,370,8761.0,20,F1,1,,,,,,2025-05-14
2025-05-14,2025-05-14,CM,BSE,STK,514128,INE517D01019,KONARKSY,X,,,,,KONARK SYNTHETIC LTD.,31.63,33.05,31.63,33.0,33.0,31.48,,33.0,,,464,14810.0,16,F1,1,,,,,,2025-05-14
2025-05-14,2025-05-14,CM,BSE,STK,514138,INE132C01027,SURYALA,X,,,,,SURYALATA SPINNING MILLS LTD.,302.0,302.0,294.65,299.0,296.0,299.2,,299.0,,,256,76085.0,16,F1,1,,,,,,2025-05-14
2025-05-14,2025-05-14,CM,BSE,STK,514140,INE431C01023,SURYVANSP,X,,,,,SURYAVANSHI SPINNING MILLS LTD,26.0,26.0,23.16,23.46,25.65,25.52,,23.46,,,60,1448.0,20,F1,1,,,,,,2025-05-14
2025-05-14,2025-05-14,CM,BSE,STK,514142,INE592B01024,TTL,B,,,,,T T LTD.,13.69,14.09,13.2,13.61,13.51,13.69,,13.69,,,45672,627209.0,129,F1,1,,,,,,2025-05-14
2025-05-14,2025-05-14,CM,BSE,STK,514162,INE192B01031,WELSPUNLIV,A,,,,,WELSPUN LIVING LIMITED,145.2,146.55,143.0,144.05,144.05,144.6,,143.95,,,403465,58200536.0,3434,F1,1,,,,,,2025-05-14
2025-05-14,2025-05-14,CM,BSE,STK,514165,INE862B01013,INDIANACRY,X,,,,,INDIAN ACRYLICS LTD.,8.19,8.39,7.91,8.36,8.36,8.13,,8.36,,,107060,888108.0,189,F1,1,,,,,,2025-05-14
2025-05-14,2025-05-14,CM,BSE,STK,514167,INE845D01014,GANECOS,B,,,,,GANESHA ECOSPHERE LTD.,1541.05,1600.0,1541.05,1565.1,1581.4,1570.35,,1566.1,,,1541,2423037.0,326,F1,1,,,,,,2025-05-14
2025-05-14,2025-05-14,CM,BSE,STK,514171,INE760J01012,CEETAIN,X,,,,,CEETA INDUSTRIES LTD.,39.88,46.96,39.88,43.0,43.0,39.96,,43.0,,,399,17986.0,17,F1,1,,,,,,2025-05-14
2025-05-14,2025-05-14,CM,BSE,STK,514175,INE835A01029,VARDMNPOLY,B,,,,,VARDHMAN POLYTEX LTD.,11.73,11.82,11.52,11.79,11.79,11.26,,11.81,,,45825,539617.0,53,F1,1,,,,,,2025-05-14
2025-05-14,2025-05-14,CM,BSE,STK,514183,INE761G01016,BLACKROSE,X,,,,,BLACK ROSE INDUSTRIES LTD.,98.47,102.55,98.0,102.13,102.5,98.42,,102.13,,,21537,2176447.0,398,F1,1,,,,,,2025-05-14
2025-05-14,2025-05-14,CM,BSE,STK,514197,INE110Q01023,STCORP,X,,,,,S&T CORPORATION LTD.,6.45,6.85,6.25,6.69,6.69,6.49,,6.69,,,14504,96843.0,62,F1,1,,,,,,2025-05-14
2025-05-14,2025-05-14,CM,BSE,STK,514223,INE410D01017,RAMGOPOLY,X,,,,,RAMGOPAL POLYTEX LTD.,5.4,5.4,5.4,5.4,5.4,5.21,,5.4,,,100,540.0,1,F1,1,,,,,,2025-05-14
2025-05-14,2025-05-14,CM,BSE,STK,514234,INE495C01010,SANGAMIND,B,,,,,SANGAM (INDIA) LTD.,425.3,426.55,418.65,420.75,420.75,421.8,,421.95,,,203,85618.0,76,F1,1,,,,,,2025-05-14
2025-05-14,2025-05-14,CM,BSE,STK,514238,INE874A01010,MKVENTURES,X,,,,,MKVENTURES CAPITAL LIMITED,1597.0,1650.0,1584.5,1644.4,1650.0,1595.65,,1644.4,,,1370,2235901.0,94,F1,1,,,,,,2025-05-14
2025-05-14,2025-05-14,CM,BSE,STK,514240,INE979D01011,KUSHIND,X,,,,,Kush Industries Limited,9.04,9.04,8.66,8.99,8.99,9.04,,8.99,,,8620,76341.0,73,F1,1,,,,,,2025-05-14
2025-05-14,2025-05-14,CM,BSE,STK,514248,INE377C01010,SRECR,P,,,,,SREECHEM RESINS LTD.,44.0,44.0,44.0,44.0,44.0,42.0,,44.0,,,300,13200.0,1,F1,100,,,,,,2025-05-14
2025-05-14,2025-05-14,CM,BSE,STK,514264,INE707B01010,SEASONST,X,,,,,SEASONS TEXTILES LTD.,20.67,20.67,19.1,19.15,19.25,20.67,,19.15,,,3325,68456.0,17,F1,1,,,,,,2025-05-14
2025-05-14,2025-05-14,CM,BSE,STK,514266,INE106C01013,ZENIFIB,X,,,,,ZENITH FIBRES LTD.,76.45,76.45,72.0,73.86,74.0,74.99,,73.86,,,6154,457109.0,92,F1,1,,,,,,2025-05-14
2025-05-14,2025-05-14,CM,BSE,STK,514272,INE436C01014,BHILSPIN,X,,,,,BHILWARA SPINNERS LTD.,135.0,139.95,135.0,136.25,136.5,136.95,,136.25,,,1127,155178.0,27,F1,1,,,,,,2025-05-14
2025-05-14,2025-05-14,CM,BSE,STK,514274,INE273D01019,AARVEEDEN,T,,,,,AARVEE DENIMS & EXPORTS LTD.,145.3,145.3,141.0,144.3,144.3,138.5,,143.5,,,383,55597.0,6,F1,1,,,,,,2025-05-14
2025-05-14,2025-05-14,CM,BSE,STK,514280,INE589J01015,SANTETX,X,,,,,SANRHEA TECHNICAL TEXTILES LTD,155.0,155.0,144.15,153.25,153.2,150.6,,153.25,,,622,91041.0,21,F1,1,,,,,,2025-05-14
2025-05-14,2025-05-14,CM,BSE,STK,514286,INE440A01010,ASHIMASYN,T,,,,,ASHIMA LTD.,32.85,33.7,32.25,32.65,32.62,32.11,,32.7,,,26629,878996.0,96,F1,1,,,,,,2025-05-14
2025-05-14,2025-05-14,CM,BSE,STK,514300,INE156C01018,PIONEEREMB,B,,,,,PIONEER EMBROIDERIES LTD.,45.47,45.47,42.41,43.39,43.0,42.33,,43.07,,,1500,66317.0,34,F1,1,,,,,,2025-05-14
2025-05-14,2025-05-14,CM,BSE,STK,514302,INE660D01017,VIPPYSP,X,,,,,VIPPY SPINPRO LTD.,178.4,180.0,172.2,178.9,175.1,173.85,,178.9,,,3254,574579.0,46,F1,1,,,,,,2025-05-14
2025-05-14,2025-05-14,CM,BSE,STK,514312,INE156E01014,JAIHINDS,XT,,,,,JAIHIND SYNTHETICS LTD.,60.99,60.99,56.1,58.0,58.0,58.13,,58.0,,,653,37319.0,12,F1,1,,,,,,2025-05-14
2025-05-14,2025-05-14,CM,BSE,STK,514316,INE969C01022,RAGHUSYN,X,,,,,RAGHUVIR SYNTHETICS LTD.,129.5,130.0,127.0,129.0,129.0,129.95,,129.0,,,1917,247849.0,31,F1,1,,,,,,2025-05-14
2025-05-14,2025-05-14,CM,BSE,STK,514318,INE722N01014,JATTAINDUS,XT,,,,,JATTASHANKAR INDUSTIES LTD.,210.0,210.0,208.0,210.0,210.0,210.0,,210.0,,,48,10028.0,8,F1,1,,,,,,2025-05-14
2025-05-14,2025-05-14,CM,BSE,STK,514322,INE535C01013,KAMADGIRI,X,,,,,KAMADGIRI FASHION LTD.,108.9,118.0,93.1,114.68,114.95,99.07,,114.68,,,7357,795343.0,151,F1,1,,,,,,2025-05-14
2025-05-14,2025-05-14,CM,BSE,STK,514324,INE814D01010,OMNITEX,X,,,,,OMNITEX INDUSTRIES (INDIA) LTD,274.0,287.8,272.7,278.3,279.6,283.5,,278.3,,,821,227103.0,26,F1,1,,,,,,2025-05-14
2025-05-14,2025-05-14,CM,BSE,STK,514326,INE790C01014,PATSPINLTD,X,,,,,PATSPIN INDIA LTD.,10.4,10.59,10.16,10.59,10.59,10.39,,10.59,,,5792,60135.0,21,F1,1,,,,,,2025-05-14
2025-05-14,2025-05-14,CM,BSE,STK,514330,INE670O01013,ONEGLOBAL,XT,,,,,ONE GLOBAL SERVICE PROVIDER LI,228.95,228.95,228.95,228.95,228.95,241.0,,228.95,,,1635,374333.0,83,F1,1,,,,,,2025-05-14
2025-05-14,2025-05-14,CM,BSE,STK,514348,INE784B01035,WINSOME,Z,,,,,WINSOME YARNS LTD.,1.8,1.8,1.75,1.8,1.8,1.78,,1.77,,,3986,7110.0,18,F1,1,,,,,,2025-05-14
2025-05-14,2025-05-14,CM,BSE,STK,514354,INE309M01020,PREMIERPOL,B,,,,,PREMIER POLYFILM LTD.,58.6,61.9,58.2,60.56,60.35,58.56,,60.65,,,27291,1658697.0,1082,F1,1,,,,,,2025-05-14
2025-05-14,2025-05-14,CM,BSE,STK,514358,INE339D01034,EVERFIN,X,,,,,EVERLON FINANCIALS LIMITED,104.0,108.9,104.0,104.55,104.5,108.75,,104.55,,,1661,174296.0,20,F1,1,,,,,,2025-05-14
2025-05-14,2025-05-14,CM,BSE,STK,514360,INE078T01026,KRRAIL,XT,,,,,K&R RAIL ENGINEERING LIMITED,75.0,77.0,73.45,73.45,73.45,77.3,,73.45,,,146454,10923268.0,2311,F1,1,,,,,,2025-05-14
2025-05-14,2025-05-14,CM,BSE,STK,514378,INE564C01013,YARNSYN,XT,,,,,YARN SYNDICATE LTD.,15.92,16.23,15.92,16.23,16.23,15.92,,16.23,,,2901,46367.0,17,F1,1,,,,,,2025-05-14
2025-05-14,2025-05-14,CM,BSE,STK,514386,INE004C01028,GUJCOTEX,X,,,,,GUJARAT COTEX LTD.,11.7,11.89,11.01,11.4,11.45,11.42,,11.4,,,110536,1271376.0,461,F1,1,,,,,,2025-05-14
2025-05-14,2025-05-14,CM,BSE,STK,514400,INE340D01016,GARWSYN,X,,,,,GARWARE SYNTHETICS LTD.,24.48,24.48,24.48,24.48,24.48,24.5,,24.48,,,1,24.0,1,F1,1,,,,,,2025-05-14
2025-05-14,2025-05-14,CM,BSE,STK,514402,INE638N01012,ECOHOTELS,XT,,,,,ECO HOTELS AND RESORTS LIMITED,15.65,15.65,15.4,15.4,15.4,15.38,,15.4,,,11708,181349.0,25,F1,1,,,,,,2025-05-14
2025-05-14,2025-05-14,CM,BSE,STK,514412,INE305D01019,SARUPINDUS,XT,,,,,SARUP INDUSTRIES LTD.,97.2,106.0,97.2,103.05,106.0,101.95,,103.05,,,31,3125.0,5,F1,1,,,,,,2025-05-14
2025-05-14,2025-05-14,CM,BSE,STK,514418,INE370D01013,MANORG,B,,,,,MANGALAM ORGANICS LIMITED,468.95,496.45,461.0,496.45,496.45,451.35,,495.7,,,11782,5807996.0,243,F1,1,,,,,,2025-05-14
2025-05-14,2025-05-14,CM,BSE,STK,514428,INE074C01013,HINDADH,X,,,,,HINDUSTAN ADHESIVES LTD.,329.0,354.0,321.0,339.75,338.0,326.4,,339.75,,,3135,1044431.0,92,F1,1,,,,,,2025-05-14
2025-05-14,2025-05-14,CM,BSE,STK,514440,INE439N01031,BPAGRI,XT,,,,,Blue Pearl Agriventures Limite,32.37,32.37,32.37,32.37,32.37,31.74,,32.37,,,18592,601823.0,51,F1,1,,,,,,2025-05-14
2025-05-14,2025-05-14,CM,BSE,STK,514442,INE009C01019,SRIKPRIND,X,,,,,SRI KPR INDUSTRIES LTD.,25.03,25.3,24.0,24.49,24.11,25.03,,24.49,,,3551,88549.0,44,F1,1,,,,,,2025-05-14
2025-05-14,2025-05-14,CM,BSE,STK,514446,INE345D01031,LSIND,B,,,,,LS INDUSTRIES LTD.,44.0,44.0,42.1,43.8,43.8,42.08,,43.8,,,5006,217393.0,72,F1,1,,,,,,2025-05-14
2025-05-14,2025-05-14,CM,BSE,STK,514448,INE577D01013,JYOTIRES,B,,,,,JYOTI RESINS & ADHESIVES LTD.,1261.45,1290.0,1259.0,1285.75,1290.0,1261.45,,1285.75,,,10228,13015033.0,810,F1,1,,,,,,2025-05-14
2025-05-14,2025-05-14,CM,BSE,STK,514450,INE112D01035,MHLXMIRU,B,,,,,MAHALAXMI RUBTECH LTD.,249.0,249.0,227.05,230.05,227.05,226.8,,229.88,,,2880,662865.0,71,F1,1,,,,,,2025-05-14
2025-05-14,2025-05-14,CM,BSE,STK,514454,INE410M01018,SOUTLAT,XT,,,,,SOUTHERN LATEX LTD.,27.76,27.76,27.76,27.76,27.76,27.76,,27.76,,,7,194.0,3,F1,1,,,,,,2025-05-14
2025-05-14,2025-05-14,CM,BSE,STK,514460,INE670H01017,OSWAYRN,XT,,,,,OSWAL YARNS LTD.,41.95,41.95,40.45,40.45,40.45,40.0,,40.45,,,1418,59075.0,28,F1,1,,,,,,2025-05-14
2025-05-14,2025-05-14,CM,BSE,STK,514470,INE837B01031,WINSOMTX,B,,,,,WINSOME TEXTILE INDUSTRIES LTD,91.28,94.85,91.28,94.11,92.8,93.38,,94.11,,,19564,1813074.0,304,F1,1,,,,,,2025-05-14
2025-05-14,2025-05-14,CM,BSE,STK,515008,INE219W01012,MODINSU,X,,,,,MODERN INSULATORS LTD.,106.0,106.0,102.0,103.46,104.35,102.78,,103.46,,,22204,2297849.0,153,F1,1,,,,,,2025-05-14
2025-05-14,2025-05-14,CM,BSE,STK,515018,INE277C01012,REGENCERAM,B,,,,,REGENCY CERAMICS LTD.,41.1,44.19,41.1,44.19,44.19,43.19,,43.89,,,756,31422.0,19,F1,1,,,,,,2025-05-14
2025-05-14,2025-05-14,CM,BSE,STK,515030,INE439A01020,ASAHIINDIA,A,,,,,ASAHI INDIA GLASS LTD.,748.1,780.0,745.6,771.65,776.8,750.3,,770.75,,,21212,16238667.0,1631,F1,1,,,,,,2025-05-14
2025-05-14,2025-05-14,CM,BSE,STK,515037,INE692B01014,MURUDCERA,B,,,,,MURUDESHWAR CERAMICS LTD.,34.77,35.42,34.22,34.53,34.63,34.24,,34.43,,,1494,52511.0,24,F1,1,,,,,,2025-05-14
2025-05-14,2025-05-14,CM,BSE,STK,515043,INE068B01017,SAINTGOBAIN,B,,,,,SAINT-GOBAIN SEKURIT INDIA LTD,115.45,115.45,110.0,112.0,112.0,112.9,,112.0,,,105180,11857942.0,913,F1,1,,,,,,2025-05-14
2025-05-14,2025-05-14,CM,BSE,STK,515055,INE242C01024,ANANTRAJ,A,,,,,ANANT RAJ LIMITED,463.95,464.85,455.8,459.6,459.6,460.35,,459.4,,,163626,75183756.0,4735,F1,1,,,,,,2025-05-14
2025-05-14,2025-05-14,CM,BSE,STK,515059,INE469C01023,MADHUDIN,X,,,,,MADHUSUDAN INDUSTRIES LTD.,42.89,46.0,42.11,44.59,44.59,42.51,,44.59,,,291,12503.0,14,F1,1,,,,,,2025-05-14
2025-05-14,2025-05-14,CM,BSE,STK,515085,INE298E01022,RESTILE,X,,,,,RESTILE CERAMICS LTD.,5.77,5.77,5.44,5.58,5.69,5.78,,5.58,,,9983,56038.0,55,F1,1,,,,,,2025-05-14
2025-05-14,2025-05-14,CM,BSE,STK,515093,INE925C01016,MADHAV,B,,,,,MADHAV MARBLES & GRANITES LTD.,43.15,43.98,42.0,42.81,42.0,42.66,,42.68,,,4877,208572.0,184,F1,1,,,,,,2025-05-14
2025-05-14,2025-05-14,CM,BSE,STK,515127,INE650D01026,RAMASIGNS,X,,,,,Ramasigns Industries Limited,2.18,2.27,2.09,2.26,2.26,2.18,,2.26,,,8036,17311.0,23,F1,1,,,,,,2025-05-14
2025-05-14,2025-05-14,CM,BSE,STK,515145,INE952A01022,HINDNATGLS,T,,,,,HINDUSTHAN NATIONAL GLASS & IN,16.95,17.66,16.95,17.48,17.48,16.91,,17.48,,,845,14511.0,8,F1,1,,,,,,2025-05-14
2025-05-14,2025-05-14,CM,BSE,STK,515147,INE506D01020,HALDYNGL,X,,,,,HALDYN GLASS LTD,104.0,109.0,102.6,103.45,103.45,105.0,,103.45,,,48180,5076033.0,358,F1,1,,,,,,2025-05-14
2025-05-14,2025-05-14,CM,BSE,STK,516003,INE932D01010,DUROPLY,X,,,,,DUROPLY INDUSTRIES LIMITED,214.0,221.0,203.0,207.2,207.2,188.45,,207.2,,,65680,13815533.0,669,F1,1,,,,,,2025-05-14
2025-05-14,2025-05-14,CM,BSE,STK,516016,INE231C01019,SHREYANIND,B,,,,,SHREYANS INDUSTRIES LTD.,185.0,194.0,178.0,182.65,182.65,183.6,,182.72,,,1977,361822.0,89,F1,1,,,,,,2025-05-14
2025-05-14,2025-05-14,CM,BSE,STK,516020,INE112C01011,AGIOPAPER,X,,,,,AGIO PAPER & INDUSTRIES LTD.,5.81,5.81,5.81,5.81,5.81,5.7,,5.81,,,433,2515.0,7,F1,1,,,,,,2025-05-14
2025-05-14,2025-05-14,CM,BSE,STK,516022,INE733A01018,STARPAPER,B,,,,,STAR PAPER MILLS LTD.,178.0,178.0,167.8,170.15,170.0,166.9,,169.42,,,325,54973.0,50,F1,1,,,,,,2025-05-14
2025-05-14,2025-05-14,CM,BSE,STK,516030,INE551D01018,PAKKA,B,,,,,PAKKA LIMITED,169.2,174.0,168.9,172.45,172.45,169.25,,172.27,,,15530,2670127.0,711,F1,1,,,,,,2025-05-14
2025-05-14,2025-05-14,CM,BSE,STK,516032,INE385D01029,TAHMARENT,XT,,,,,TAHMAR ENTERPRISES LIMITED,13.38,13.92,13.38,13.92,13.92,13.65,,13.92,,,9294,124380.0,16,F1,1,,,,,,2025-05-14
2025-05-14,2025-05-14,CM,BSE,STK,516064,INE570D01018,ARROWGREEN,T,,,,,Arrow Greentech Limited,575.35,575.35,575.35,575.35,575.35,564.1,,578.85,,,53,30493.0,2,F1,1,,,,,,2025-05-14
2025-05-14,2025-05-14,CM,BSE,STK,516072,INE270I01022,VISHNU,B,,,,,VISHNU CHEMICALS LTD.,445.1,458.95,442.9,454.1,454.1,442.7,,454.35,,,7641,3447750.0,373,F1,1,,,,,,2025-05-14
2025-05-14,2025-05-14,CM,BSE,STK,516078,INE699D01015,JUMBO,X,,,,,JUMBO BAG LTD.,55.14,56.45,54.01,56.39,56.39,54.85,,56.39,,,741,40978.0,35,F1,1,,,,,,2025-05-14
2025-05-14,2025-05-14,CM,BSE,STK,516082,INE740D01017,NRAIL,B,,,,,N.R.AGARWAL INDUSTRIES LTD.,240.3,253.1,240.3,243.2,243.2,240.3,,244.29,,,318,78822.0,19,F1,1,,,,,,2025-05-14
2025-05-14,2025-05-14,CM,BSE,STK,516092,INE105C01023,3PLAND,B,,,,,3P LAND HOLDINGS LTD.,43.34,47.67,42.97,47.67,47.67,43.34,,46.59,,,11479,528982.0,151,F1,1,,,,,,2025-05-14
2025-05-14,2025-05-14,CM,BSE,STK,516096,INE384D01022,SANPA,X,,,,,SANGAL PAPERS LTD.,188.8,198.0,187.95,198.0,198.0,200.0,,198.0,,,7,1332.0,7,F1,1,,,,,,2025-05-14
2025-05-14,2025-05-14,CM,BSE,STK,516098,INE810C01044,VENTURA,X,,,,,VENTURA TEXTILES LTD.,10.99,10.99,10.51,10.92,10.92,10.81,,10.92,,,2313,25032.0,52,F1,1,,,,,,2025-05-14
2025-05-14,2025-05-14,CM,BSE,STK,516106,INE538D01015,SHKARTP,X,,,,,SHREE KARTHIK PAPERS LTD.,9.5,10.25,8.8,9.71,9.74,9.48,,9.71,,,2737,26388.0,52,F1,1,,,,,,2025-05-14
2025-05-14,2025-05-14,CM,BSE,STK,516108,INE088G01014,STHINPA,X,,,,,SOUTH INDIA PAPER MILLS LTD.,79.0,83.79,79.0,83.68,83.68,81.4,,83.68,,,1792,146825.0,28,F1,1,,,,,,2025-05-14
2025-05-14,2025-05-14,CM,BSE,STK,516110,INE146N01016,FAMILYCARE,XT,,,,,FAMILY CARE HOSPITALS LIMITED,4.16,4.55,4.16,4.53,4.53,4.36,,4.53,,,73506,323597.0,186,F1,1,,,,,,2025-05-14
2025-05-14,2025-05-14,CM,BSE,STK,517015,INE707A01012,VINDHYATEL,B,,,,,VINDHYA TELELINKS LTD.,1498.95,1524.15,1481.35,1520.35,1518.9,1475.2,,1518.8,,,1245,1871517.0,240,F1,1,,,,,,2025-05-14
2025-05-14,2025-05-14,CM,BSE,STK,517035,INE302D01016,RIR,B,,,,,RIR POWER ELECTRONICS LIMITED,2069.95,2070.0,1935.1,1942.55,1942.55,2036.9,,1942.55,,,32179,63302028.0,2404,F1,1,,,,,,2025-05-14
2025-05-14,2025-05-14,CM,BSE,STK,517041,INE045A01017,ADOR,B,,,,,ADOR WELDING LTD.,928.4,943.35,928.4,935.15,935.15,926.9,,940.65,,,434,406134.0,175,F1,1,,,,,,2025-05-14
2025-05-14,2025-05-14,CM,BSE,STK,517044,INE649R01010,IDM,X,,,,,INTERNATIONAL DATA MANAGEMENT,24.0,24.0,24.0,24.0,24.0,23.1,,24.0,,,26,624.0,2,F1,1,,,,,,2025-05-14
2025-05-14,2025-05-14,CM,BSE,STK,517059,INE457F01013,SALZERELEC,B,,,,,SALZER ELECTRONICS LTD.,1059.75,1075.0,1044.75,1054.95,1058.0,1037.15,,1055.1,,,20639,21866419.0,1621,F1,1,,,,,,2025-05-14
2025-05-14,2025-05-14,CM,BSE,STK,517063,INE919C01019,JETKINGQ,XT,,,,,JETKING INFOTRAIN LTD.,143.1,143.1,143.1,143.1,143.1,140.3,,143.1,,,574,82139.0,15,F1,1,,,,,,2025-05-14
2025-05-14,2025-05-14,CM,BSE,STK,517077,INE115E01010,INDAGIV,XT,,,,,IND-AGIV COMMERCE LTD.,90.3,92.1,90.3,92.1,92.1,92.1,,92.1,,,103,9365.0,4,F1,1,,,,,,2025-05-14
2025-05-14,2025-05-14,CM,BSE,STK,517096,INE273A01015,APLAB,X,,,,,APLAB LTD.,62.0,62.0,55.22,56.74,56.74,59.7,,56.74,,,10149,587339.0,164,F1,1,,,,,,2025-05-14
2025-05-14,2025-05-14,CM,BSE,STK,517119,INE834B01012,PCS,X,,,,,PCS TECHNOLOGY LTD.,26.28,27.49,26.0,27.13,27.32,26.28,,27.13,,,5556,149304.0,57,F1,1,,,,,,2025-05-14
2025-05-14,2025-05-14,CM,BSE,STK,517146,INE228A01035,USHAMART,A,,,,,USHA MARTIN LTD.,315.0,315.0,307.95,311.6,311.6,308.65,,311.65,,,22195,6917404.0,840,F1,1,,,,,,2025-05-14
2025-05-14,2025-05-14,CM,BSE,STK,517166,INE252A01019,SPELS,X,,,,,SPEL SEMICONDUCTOR LTD.,123.75,131.85,120.5,130.15,130.15,120.4,,130.15,,,236463,30011663.0,2173,F1,1,,,,,,2025-05-14
2025-05-14,2025-05-14,CM,BSE,STK,517168,INE287B01021,SUBROS,B,,,,,SUBROS LTD.,627.55,650.0,627.5,646.3,650.0,626.25,,646.55,,,4012,2576290.0,611,F1,1,,,,,,2025-05-14
2025-05-14,2025-05-14,CM,BSE,STK,517170,INE125G01014,EDVENSWA,X,,,,,Edvenswa Enterprises Limited,45.01,45.78,43.76,44.65,44.65,45.01,,44.65,,,19258,860649.0,127,F1,1,,,,,,2025-05-14
2025-05-14,2025-05-14,CM,BSE,STK,517174,INE671A01010,HONAUT,A,,,,,HONEYWELL AUTOMATION INDIA LTD,36100.0,36590.0,35022.05,36033.7,36150.0,35826.4,,36080.0,,,452,16281509.0,307,F1,1,,,,,,2025-05-14
2025-05-14,2025-05-14,CM,BSE,STK,517201,INE311D01017,SWITCHTE,XT,,,,,SWITCHING TECHNOLOGIES GUNTHER,80.85,80.85,80.5,80.5,80.5,77.0,,80.5,,,581,46969.0,12,F1,1,,,,,,2025-05-14
2025-05-14,2025-05-14,CM,BSE,STK,517206,INE162B01018,LUMAXIND,B,,,,,LUMAX INDUSTRIES LTD.,2619.95,2642.95,2569.05,2590.45,2569.05,2576.3,,2592.8,,,148,386825.0,73,F1,1,,,,,,2025-05-14
2025-05-14,2025-05-14,CM,BSE,STK,517214,INE927C01020,DIGISPICE,B,,,,,DIGISPICE TECHNOLOGIES LIMITED,20.22,20.5,20.1,20.4,20.4,19.81,,20.33,,,5937,120231.0,58,F1,1,,,,,,2025-05-14
2025-05-14,2025-05-14,CM,BSE,STK,517236,INE216C01010,CALCOM,X,,,,,CALCOM VISION LTD.,91.0,94.58,91.0,91.84,91.84,89.99,,91.84,,,5300,486937.0,50,F1,1,,,,,,2025-05-14
2025-05-14,2025-05-14,CM,BSE,STK,517246,INE788D01016,BCCFUBA,X,,,,,BCC FUBA INDIA LTD.,124.2,125.2,121.5,125.2,125.2,119.25,,125.2,,,10041,1245411.0,153,F1,1,,,,,,2025-05-14
2025-05-14,2025-05-14,CM,BSE,STK,517258,INE143C01024,PRECISIO,X,,,,,PRECISION ELECTRONICS LTD.,134.85,134.85,126.7,130.0,130.0,125.05,,130.0,,,3508,456477.0,66,F1,1,,,,,,2025-05-14
2025-05-14,2025-05-14,CM,BSE,STK,517271,INE292B01021,HBLENGINE,A,,,,,HBL ENGINEERING LIMITED,506.45,576.0,506.45,569.35,569.35,506.45,,569.05,,,1285847,719807734.0,20382,F1,1,,,,,,2025-05-14
2025-05-14,2025-05-14,CM,BSE,STK,517273,INE902B01017,S&SPOWER,T,,,,,S&S POWER SWITCHGEAR LTD.,350.5,360.95,350.3,360.95,360.95,361.9,,360.1,,,316,111268.0,14,F1,1,,,,,,2025-05-14
2025-05-14,2025-05-14,CM,BSE,STK,517288,INE541F01022,GUJARATPOLY,X,,,,,Gujarat Poly Electronics Limit,95.99,95.99,92.07,93.98,92.52,93.43,,93.98,,,1476,138501.0,31,F1,1,,,,,,2025-05-14
2025-05-14,2025-05-14,CM,BSE,STK,517300,INE162A01010,GIPCL,B,,,,,GUJARAT INDUSTRIES POWER CO.LT,194.9,194.9,187.5,191.3,190.7,188.8,,191.25,,,6298,1198948.0,251,F1,1,,,,,,2025-05-14
2025-05-14,2025-05-14,CM,BSE,STK,517334,INE775A01035,MOTHERSON,A,,,,,Samvardhana Motherson Internat,143.35,143.8,139.8,141.2,141.2,142.4,,141.09,,,296352,42086043.0,2822,F1,1,,,,,,2025-05-14
2025-05-14,2025-05-14,CM,BSE,STK,517344,INE110B01017,MINDTECK,B,,,,,MINDTECK (INDIA) LTD.,222.1,242.0,222.1,240.35,240.35,224.2,,240.27,,,23967,5644839.0,1271,F1,1,,,,,,2025-05-14
2025-05-14,2025-05-14,CM,BSE,STK,517354,INE176B01034,HAVELLS,A,,,,,HAVELLS INDIA LTD.,1600.0,1603.95,1588.0,1598.9,1598.9,1591.85,,1598.2,,,63430,101364895.0,3311,F1,1,,,,,,2025-05-14
2025-05-14,2025-05-14,CM,BSE,STK,517356,INE167B01025,ACIIN,X,,,,,ACI INFOCOM LTD.,2.06,2.13,1.97,2.12,2.12,2.08,,2.12,,,154365,321693.0,296,F1,1,,,,,,2025-05-14
2025-05-14,2025-05-14,CM,BSE,STK,517360,INE689V01018,SBECSYS,XT,,,,,SBEC SYSTEMS (INDIA) LTD.,16.9,16.9,16.9,16.9,16.9,16.9,,16.9,,,603,10190.0,4,F1,1,,,,,,2025-05-14
2025-05-14,2025-05-14,CM,BSE,STK,517370,INE437C01012,INCAP,X,,,,,INCAP LTD.,88.53,88.53,83.02,84.51,85.49,86.79,,84.51,,,1754,149695.0,50,F1,1,,,,,,2025-05-14
2025-05-14,2025-05-14,CM,BSE,STK,517372,INE877E01015,GUJINTRX,X,,,,,GUJARAT INTRUX LTD.,481.95,481.95,456.05,471.9,471.9,462.0,,471.9,,,1831,862018.0,115,F1,1,,,,,,2025-05-14
2025-05-14,2025-05-14,CM,BSE,STK,517380,INE188B01013,IGARASHI,B,,,,,IGARASHI MOTORS INDIA LTD.,481.3,498.0,481.3,491.85,494.0,481.3,,492.5,,,4367,2144433.0,525,F1,1,,,,,,2025-05-14
2025-05-14,2025-05-14,CM,BSE,STK,517385,INE225D01027,SYMPHONY,A,,,,,SYMPHONY LIMITED,1338.2,1338.2,1290.85,1295.15,1295.15,1320.7,,1296.7,,,4179,5465822.0,470,F1,1,,,,,,2025-05-14
2025-05-14,2025-05-14,CM,BSE,STK,517393,INE043B01028,VINTRON,XT,,,,,VINTRON INFORMATICS LTD.,23.02,23.02,23.02,23.02,23.02,22.57,,23.02,,,5745,132249.0,32,F1,1,,,,,,2025-05-14
2025-05-14,2025-05-14,CM,BSE,STK,517411,INE635A01023,SHYAMTEL,B,,,,,SHYAM TELECOM LTD.,11.7,12.47,11.7,12.45,12.45,11.88,,12.4,,,810,9681.0,10,F1,1,,,,,,2025-05-14
2025-05-14,2025-05-14,CM,BSE,STK,517415,INE791B01014,LEENEE,X,,,,,LEE & NEE SOFTWARES (EXPORTS),9.75,9.75,8.95,9.52,9.53,9.24,,9.52,,,7085,66875.0,82,F1,1,,,,,,2025-05-14
2025-05-14,2025-05-14,CM,BSE,STK,517417,INE082C01024,PATELSAI,X,,,,,PATELS AIRTEMP (INDIA) LTD.,509.9,527.7,509.9,523.1,523.1,504.5,,523.1,,,4528,2344670.0,166,F1,1,,,,,,2025-05-14
2025-05-14,2025-05-14,CM,BSE,STK,517421,INE295F01017,BUTTERFLY,B,,,,,BUTTERFLY GANDHIMATHI APPLIANC,755.25,804.2,755.25,766.4,765.0,736.65,,765.55,,,8064,6252635.0,916,F1,1,,,,,,2025-05-14
2025-05-14,2025-05-14,CM,BSE,STK,517423,INE0IPL01018,INTEGSW,XT,,,,,INTEGRA SWITCHGEAR LTD.,77.4,77.4,73.7,73.7,73.7,77.5,,73.7,,,42,3132.0,6,F1,1,,,,,,2025-05-14
2025-05-14,2025-05-14,CM,BSE,STK,517429,INE576B01019,ATHENAGLO,X,,,,,Athena Global Technologies Lim,88.09,92.99,87.83,91.46,91.67,87.04,,91.46,,,9991,904761.0,162,F1,1,,,,,,2025-05-14
2025-05-14,2025-05-14,CM,BSE,STK,517431,INE060D01010,NARMP,XT,,,,,NARMADA MACPLAST DRIP IRRIGATI,181.65,181.65,173.0,173.5,173.4,173.0,,173.5,,,11042,1919929.0,156,F1,1,,,,,,2025-05-14
2025-05-14,2025-05-14,CM,BSE,STK,517437,INE940C01015,DUTRON,X,,,,,DUTRON POLYMERS LTD.,141.5,143.85,135.75,138.05,138.05,141.7,,138.05,,,773,110407.0,12,F1,1,,,,,,2025-05-14
2025-05-14,2025-05-14,CM,BSE,STK,517447,INE165B01029,RSSOFTWARE,T,,,,,R.S.SOFTWARE INDIA LTD.,54.94,55.08,54.94,55.08,55.08,52.46,,55.45,,,1302,71564.0,7,F1,1,,,,,,2025-05-14
2025-05-14,2025-05-14,CM,BSE,STK,517449,INE437D01010,MAGNAELQ,X,,,,,MAGNA ELECTRO CASTINGS LTD.,911.0,911.0,901.0,909.75,901.0,908.0,,909.75,,,1973,1795471.0,47,F1,1,,,,,,2025-05-14
2025-05-14,2025-05-14,CM,BSE,STK,517467,INE415B01044,MARSONS,XT,,,,,MARSONS LIMITED,185.0,195.7,179.5,193.8,193.8,186.4,,193.8,,,291655,54691692.0,747,F1,1,,,,,,2025-05-14
2025-05-14,2025-05-14,CM,BSE,STK,517477,INE033C01019,ELNET,X,,,,,ELNET TECHNOLOGIES LTD.,354.85,354.85,347.05,348.1,348.05,348.9,,348.1,,,1919,673263.0,45,F1,1,,,,,,2025-05-14
2025-05-14,2025-05-14,CM,BSE,STK,517494,INE258C01038,ACCEL,X,,,,,ACCEL LIMITED,17.89,17.89,17.2,17.58,17.58,17.49,,17.58,,,2694,46967.0,46,F1,1,,,,,,2025-05-14
2025-05-14,2025-05-14,CM,BSE,STK,517498,INE855C01015,WEBELSOLAR,B,,,,,WEBSOL ENERGY SYSTEM LTD.,1421.25,1421.25,1402.6,1421.25,1421.25,1353.6,,1421.5,,,50626,71916993.0,381,F1,1,,,,,,2025-05-14
2025-05-14,2025-05-14,CM,BSE,STK,517500,INE535D01037,ROTO,B,,,,,ROTO PUMPS LTD.,247.25,261.5,247.25,258.2,261.5,246.7,,257.22,,,28546,7313932.0,1501,F1,1,,,,,,2025-05-14
2025-05-14,2025-05-14,CM,BSE,STK,517506,INE690A01028,TTKPRESTIG,A,,,,,TTK PRESTIGE LTD.,637.0,643.95,615.0,634.85,638.35,632.35,,634.0,,,22330,13992243.0,2399,F1,1,,,,,,2025-05-14
2025-05-14,2025-05-14,CM,BSE,STK,517514,INE589D01018,DHINDIA,X,,,,,D&H INDIA LTD,207.0,211.3,205.5,209.5,208.95,206.5,,209.5,,,2099,439419.0,51,F1,1,,,,,,2025-05-14
2025-05-14,2025-05-14,CM,BSE,STK,517522,INE451D01029,RAJRATAN,B,,,,,RAJRATAN GLOBAL WIRE LTD.,424.95,424.95,410.05,413.55,415.7,418.25,,413.85,,,1226,508954.0,107,F1,1,,,,,,2025-05-14
2025-05-14,2025-05-14,CM,BSE,STK,517530,INE130B01031,SURANAT&P,B,,,,,SURANA TELECOM AND POWER LIMIT,19.0,19.15,18.48,18.89,18.85,18.42,,18.86,,,11336,214284.0,352,F1,1,,,,,,2025-05-14
2025-05-14,2025-05-14,CM,BSE,STK,517536,INE229A01017,ONWARDTEC,B,,,,,ONWARD TECHNOLOGIES LTD.,254.5,257.5,252.85,255.95,254.5,253.35,,255.55,,,634,161608.0,68,F1,1,,,,,,2025-05-14
2025-05-14,2025-05-14,CM,BSE,STK,517544,INE320B01020,CENTUM,B,,,,,CENTUM ELECTRONICS LTD.,2059.4,2076.4,1949.05,1972.65,1974.45,2015.75,,1977.6,,,10251,20389290.0,1386,F1,1,,,,,,2025-05-14
2025-05-14,2025-05-14,CM,BSE,STK,517546,INE209C01015,ALFATRAN,XT,,,,,ALFA TRANSFORMERS LTD.,75.15,78.95,75.15,76.38,78.1,76.56,,76.38,,,19893,1528949.0,249,F1,1,,,,,,2025-05-14
2025-05-14,2025-05-14,CM,BSE,STK,517554,INE141C01036,NHCFOODS,XT,,,,,NHC FOODS LTD.,0.98,0.98,0.94,0.95,0.95,0.98,,0.95,,,1392834,1314032.0,728,F1,1,,,,,,2025-05-14
2025-05-14,2025-05-14,CM,BSE,STK,517556,INE362A01016,PVP,B,,,,,PVP VENTURES LTD.,24.14,24.53,23.96,24.14,24.14,23.92,,24.21,,,13584,328147.0,182,F1,1,,,,,,2025-05-14
2025-05-14,2025-05-14,CM,BSE,STK,517562,INE948A01012,TRIGYN,B,,,,,TRIGYN TECHNOLOGIES LTD.,77.85,80.4,77.68,80.16,79.4,77.58,,79.71,,,2902,229049.0,90,F1,1,,,,,,2025-05-14
2025-05-14,2025-05-14,CM,BSE,STK,517569,INE878B01027,KEI,A,,,,,KEI INDUSTRIES LTD.,3440.6,3451.25,3360.75,3398.65,3402.0,3426.3,,3398.4,,,12830,43588619.0,2336,F1,1,,,,,,2025-05-14
2025-05-14,2025-05-14,CM,BSE,STK,518053,INE827D01020,SRICC,XT,,,,,Sri Chakra Cement Limited,20.43,20.43,20.43,20.43,20.43,20.03,,20.43,,,1950,39838.0,4,F1,1,,,,,,2025-05-14
2025-05-14,2025-05-14,CM,BSE,STK,518075,INE069E01019,SURAJ,Z,,,,,SURAJ PRODUCTS LTD.,378.0,384.55,369.0,380.7,384.55,366.25,,380.7,,,5312,2034992.0,139,F1,1,,,,,,2025-05-14
2025-05-14,2025-05-14,CM,BSE,STK,518091,INE071F01012,APCL,B,,,,,ANJANI PORTLAND CEMENT LTD.,133.0,133.0,130.0,131.45,131.5,133.65,,130.84,,,94,12350.0,12,F1,1,,,,,,2025-05-14
2025-05-14,2025-05-14,CM,BSE,STK,519003,INE537F01012,MODINATUR,X,,,,,MODI NATURALS LIMITED,422.0,428.95,411.7,414.95,414.6,422.1,,414.95,,,1771,740350.0,56,F1,1,,,,,,2025-05-14
2025-05-14,2025-05-14,CM,BSE,STK,519014,INE100E01012,PRSNTIN,XT,,,,,PRASHANT INDIA LTD.,12.35,12.35,12.35,12.35,12.35,12.35,,12.35,,,7,86.0,1,F1,1,,,,,,2025-05-14
2025-05-14,2025-05-14,CM,BSE,STK,519064,INE687W01010,ZKHANDEN,X,,,,,KHANDELWAL EXTRACTION LTD.,90.0,90.0,85.0,87.71,87.32,77.02,,87.71,,,157,13706.0,19,F1,1,,,,,,2025-05-14
2025-05-14,2025-05-14,CM,BSE,STK,519091,INE488B01017,TASTYBITE,B,,,,,TASTY BITE EATABLES LTD.,9600.0,9900.0,9589.55,9809.7,9862.45,9565.7,,9814.5,,,293,2880166.0,119,F1,1,,,,,,2025-05-14
2025-05-14,2025-05-14,CM,BSE,STK,519097,INE534D01014,RITESHIN,X,,,,,RITESH INTERNATIONAL LTD.,34.89,38.95,34.89,38.1,38.36,35.78,,38.1,,,23415,878313.0,148,F1,1,,,,,,2025-05-14
2025-05-14,2025-05-14,CM,BSE,STK,519105,INE488D01021,AVTNPL,B,,,,,AVT NATURAL PRODUCTS LTD.,65.02,66.82,64.0,64.37,64.3,65.02,,64.38,,,5610,367232.0,188,F1,1,,,,,,2025-05-14
2025-05-14,2025-05-14,CM,BSE,STK,519126,INE254N01026,HNDFDS,B,,,,,HINDUSTAN FOODS LTD.,510.05,525.95,510.05,523.6,525.95,515.2,,523.55,,,8390,4359603.0,591,F1,1,,,,,,2025-05-14
2025-05-14,2025-05-14,CM,BSE,STK,519136,INE289A01011,NAHARINDUS,B,,,,,NAHAR INDUSTRIAL ENTERPRISES L,116.97,125.0,115.66,122.69,124.99,117.23,,122.85,,,16384,2008491.0,871,F1,1,,,,,,2025-05-14
2025-05-14,2025-05-14,CM,BSE,STK,519152,INE693D01018,VADILENT,XT,,,,,VADILAL ENTERPRISES LTD.,13261.3,13924.35,13065.0,13924.35,13924.35,13261.3,,13924.35,,,342,4745375.0,30,F1,1,,,,,,2025-05-14
2025-05-14,2025-05-14,CM,BSE,STK,519156,INE694D01016,VADILALIND,B,,,,,VADILAL INDUSTRIES LTD.,6726.6,7398.95,6701.6,7342.65,7282.5,6792.3,,7346.0,,,11835,84440594.0,3225,F1,1,,,,,,2025-05-14
2025-05-14,2025-05-14,CM,BSE,STK,519174,INE709D01012,ASHAI,XT,,,,,ASHIANA AGRO INDUSTRIES LTD.,10.68,10.68,10.68,10.68,10.68,10.68,,10.68,,,90,961.0,2,F1,1,,,,,,2025-05-14
2025-05-14,2025-05-14,CM,BSE,STK,519183,INE982B01027,ADFFOODS,B,,,,,ADF FOODS LTD.,233.95,240.0,231.8,234.65,232.0,231.95,,233.35,,,15869,3733570.0,795,F1,1,,,,,,2025-05-14
2025-05-14,2025-05-14,CM,BSE,STK,519191,INE601N01010,RGRL,X,,,,,Retro Green Revolution Limited,6.34,6.34,5.78,6.11,6.11,5.81,,6.11,,,42875,257805.0,108,F1,1,,,,,,2025-05-14
2025-05-14,2025-05-14,CM,BSE,STK,519214,INE188E01017,WILLIMFI,XT,,,,,WILLIAMSON FINANCIAL SERVICES,8.67,8.67,8.67,8.67,8.67,8.67,,8.67,,,20,173.0,6,F1,1,,,,,,2025-05-14
2025-05-14,2025-05-14,CM,BSE,STK,519216,INE601B01023,AJANTSOY,X,,,,,AJANTA SOYA LTD.,43.2,44.5,43.02,44.16,44.27,43.7,,44.16,,,63271,2778608.0,325,F1,1,,,,,,2025-05-14
2025-05-14,2025-05-14,CM,BSE,STK,519224,INE210A01017,WILLAMAGOR,B,,,,,WILLIAMSON MAGOR & COMPANY LTD,29.08,30.4,28.15,29.08,29.99,29.03,,28.98,,,1334,39189.0,31,F1,1,,,,,,2025-05-14
2025-05-14,2025-05-14,CM,BSE,STK,519230,INE102C01020,KISAAN,XT,,,,,KISAAN PARIVAR INDUSTRIES LIMI,30.98,31.15,29.5,31.12,31.12,30.98,,31.12,,,5244,159200.0,55,F1,1,,,,,,2025-05-14
2025-05-14,2025-05-14,CM,BSE,STK,519238,INE233P01017,SPTRSHI,XT,,,,,SAPTARISHI AGRO INDUSTRIES LTD,29.89,30.5,29.89,30.5,30.5,30.5,,30.5,,,304,9150.0,5,F1,1,,,,,,2025-05-14
2025-05-14,2025-05-14,CM,BSE,STK,519260,INE890C01046,SANWARIA,Z,,,,,SANWARIA CONSUMER LIMITED,0.49,0.49,0.49,0.49,0.49,0.49,,0.37,,,9082,4450.0,28,F1,1,,,,,,2025-05-14
2025-05-14,2025-05-14,CM,BSE,STK,519262,INE297D01018,PRIMAGR,X,,,,,PRIMA AGRO LTD.,25.45,25.45,24.0,24.0,24.0,23.17,,24.0,,,57,1418.0,5,F1,1,,,,,,2025-05-14
2025-05-14,2025-05-14,CM,BSE,STK,519285,INE906C01016,TARAI,Z,,,,,TARAI FOODS LTD.,8.55,8.97,8.21,8.95,8.95,8.55,,8.95,,,1241,11097.0,12,F1,1,,,,,,2025-05-14
2025-05-14,2025-05-14,CM,BSE,STK,519287,INE617B01011,MODAIRY,X,,,,,MODERN DAIRIES LTD.,54.8,54.8,53.51,53.83,53.7,54.34,,53.83,,,6273,338597.0,65,F1,1,,,,,,2025-05-14
2025-05-14,2025-05-14,CM,BSE,STK,519295,INE921D01013,BAMBINO,X,,,,,BAMBINO AGRO INDUSTRIES LTD.,323.15,327.0,320.25,321.65,325.5,323.15,,321.65,,,473,153589.0,20,F1,1,,,,,,2025-05-14
2025-05-14,2025-05-14,CM,BSE,STK,519299,INE543F01028,PRIMIND,XT,,,,,PRIME INDUSTRIES LTD.,75.74,75.74,68.54,71.94,72.0,72.14,,71.94,,,9746,699726.0,77,F1,1,,,,,,2025-05-14
2025-05-14,2025-05-14,CM,BSE,STK,519307,INE706A01022,VIKASWSP,Z,,,,,VIKAS WSP LTD.,1.5,1.56,1.49,1.52,1.55,1.51,,1.52,,,80841,123646.0,83,F1,1,,,,,,2025-05-14
2025-05-14,2025-05-14,CM,BSE,STK,519331,INE923K01014,VSFPROJ,X,,,,,VSF PROJECTS LTD.,54.99,54.99,50.5,53.27,53.43,51.94,,53.27,,,8883,465436.0,35,F1,1,,,,,,2025-05-14
2025-05-14,2025-05-14,CM,BSE,STK,519359,INE809E01018,POONADAL,X,,,,,POONA DAL & OIL INDUSTRIES LTD,65.0,66.0,65.0,66.0,66.0,64.5,,66.0,,,673,44294.0,8,F1,1,,,,,,2025-05-14
2025-05-14,2025-05-14,CM,BSE,STK,519383,INE087B01017,ANIKINDS,T,,,,,ANIK INDUSTRIES LTD.,104.65,110.4,104.65,110.4,110.4,110.1,,109.89,,,2135,226434.0,20,F1,1,,,,,,2025-05-14
2025-05-14,2025-05-14,CM,BSE,STK,519397,INE220Z01013,SHINDL,X,,,,,SHARAT INDUSTRIES LTD.,91.5,94.0,91.5,93.65,93.89,92.39,,93.65,,,149722,13970994.0,196,F1,1,,,,,,2025-05-14
2025-05-14,2025-05-14,CM,BSE,STK,519421,INE953E01014,KSE,X,,,,,KSE LTD.,1900.0,1930.0,1900.0,1924.5,1924.5,1897.15,,1924.5,,,140,268347.0,22,F1,1,,,,,,2025-05-14
2025-05-14,2025-05-14,CM,BSE,STK,519455,INE540C01021,NARBADA,X,,,,,NARBADA GEMS AND JEWELLERY LTD,57.0,57.0,54.55,56.99,57.0,54.99,,56.99,,,1144,64959.0,28,F1,1,,,,,,2025-05-14
2025-05-14,2025-05-14,CM,BSE,STK,519457,INE295C01014,VIRATCRA,X,,,,,VIRAT CRANE INDUSTRIES LTD.,54.39,54.4,52.13,52.74,52.74,52.42,,52.74,,,973,51800.0,22,F1,1,,,,,,2025-05-14
2025-05-14,2025-05-14,CM,BSE,STK,519463,INE678B01021,IBINFO,X,,,,,IB INFOTECH ENTERPRISES LTD.,164.55,175.95,161.0,165.6,163.85,177.0,,165.6,,,208,33818.0,11,F1,1,,,,,,2025-05-14
2025-05-14,2025-05-14,CM,BSE,STK,519471,INE072V01017,AMBARPIL,X,,,,,Ambar Protein Industries Limit,187.5,195.8,175.0,182.35,182.35,186.75,,182.35,,,2135,396448.0,66,F1,1,,,,,,2025-05-14
2025-05-14,2025-05-14,CM,BSE,STK,519475,INE975C01011,CHORDIA,X,,,,,CHORDIA FOOD PRODUCTS LTD.,77.0,77.0,72.7,74.11,74.11,77.0,,74.11,,,188,14383.0,13,F1,1,,,,,,2025-05-14
2025-05-14,2025-05-14,CM,BSE,STK,519477,INE052V01019,CIANAGRO,XT,,,,,CIAN Agro Ind & Infra Ltd,400.0,407.55,387.15,396.85,407.55,394.75,,396.85,,,4156,1649677.0,52,F1,1,,,,,,2025-05-14
2025-05-14,2025-05-14,CM,BSE,STK,519479,INE112B01013,OMEAG,XT,,,,,OMEGA AG-SEEDS (PUNJAB) LTD.,7.7,8.35,7.7,8.03,8.01,8.05,,8.03,,,3211,25200.0,21,F1,1,,,,,,2025-05-14
2025-05-14,2025-05-14,CM,BSE,STK,519483,INE358D01018,TAIIND,X,,,,,TAI INDUSTRIES LTD.,39.88,39.88,37.2,37.21,38.84,37.44,,37.21,,,714,27615.0,11,F1,1,,,,,,2025-05-14
2025-05-14,2025-05-14,CM,BSE,STK,519500,INE356C01022,BKV,X,,,,,BKV INDUSTRIES LTD.,12.48,12.48,11.68,12.25,12.25,11.68,,12.25,,,970,11745.0,22,F1,1,,,,,,2025-05-14
2025-05-14,2025-05-14,CM,BSE,STK,519528,INE369C01017,NORBTEAEXP,T,,,,,NORBEN TEA & EXPORTS LTD.,41.99,41.99,39.32,40.99,40.99,41.38,,40.51,,,865,34264.0,31,F1,1,,,,,,2025-05-14
2025-05-14,2025-05-14,CM,BSE,STK,519532,INE822B01017,ASIANTNE,X,,,,,ASIAN TEA & EXPORTS LTD.,11.4,11.45,10.62,10.96,11.1,11.18,,10.96,,,12137,135098.0,75,F1,1,,,,,,2025-05-14
2025-05-14,2025-05-14,CM,BSE,STK,519552,INE978A01027,HERITGFOOD,A,,,,,HERITAGE FOODS LIMITED,406.6,417.15,405.8,413.3,413.3,406.3,,413.1,,,27223,11208942.0,1125,F1,1,,,,,,2025-05-14
2025-05-14,2025-05-14,CM,BSE,STK,519566,INE354D01017,SIMRAN,X,,,,,SIMRAN FARMS LTD.,190.0,190.0,185.75,186.55,186.5,186.15,,186.55,,,5300,990762.0,48,F1,1,,,,,,2025-05-14
2025-05-14,2025-05-14,CM,BSE,STK,519574,INE092301014,HINDUST,X,,,,,HINDUSTAN AGRIGENETICS LTD.,75.0,76.0,73.0,74.38,74.0,75.0,,74.38,,,430,31960.0,19,F1,1,,,,,,2025-05-14
2025-05-14,2025-05-14,CM,BSE,STK,519600,INE421D01022,CCL,A,,,,,CCL PRODUCTS (INDIA) LTD.,713.6,739.15,712.55,727.85,728.15,719.6,,728.95,,,13117,9550068.0,539,F1,1,,,,,,2025-05-14
2025-05-14,2025-05-14,CM,BSE,STK,519602,INE164B01022,KELLTONTEC,B,,,,,KELLTON TECH SOLUTIONS LTD.,112.5,117.45,112.4,115.6,115.6,111.85,,115.31,,,50417,5796759.0,692,F1,1,,,,,,2025-05-14
2025-05-14,2025-05-14,CM,BSE,STK,519604,INE565E01016,SURFI,X,,,,,SURYO FOODS & INDUSTRIES LTD.,14.29,15.0,14.29,15.0,15.0,14.29,,15.0,,,33,487.0,6,F1,1,,,,,,2025-05-14
2025-05-14,2025-05-14,CM,BSE,STK,519606,INE177M01013,INTEGFD,XT,,,,,INTEGRATED PROTEINS LTD.,44.1,44.1,44.1,44.1,44.1,45.34,,44.1,,,515,22711.0,4,F1,1,,,,,,2025-05-14
2025-05-14,2025-05-14,CM,BSE,STK,519612,INE734D01010,MAHAANF,XT,,,,,MAHAAN FOODS LTD.,46.56,48.46,46.56,48.46,48.46,47.51,,48.46,,,207,9651.0,5,F1,1,,,,,,2025-05-14
2025-05-14,2025-05-14,CM,BSE,STK,520008,INE209B01025,RICOAUTO,B,,,,,RICO AUTO INDUSTRIES LTD.,66.6,68.35,66.55,67.93,67.93,66.72,,67.79,,,57047,3832735.0,1018,F1,1,,,,,,2025-05-14
2025-05-14,2025-05-14,CM,BSE,STK,520021,INE090B01011,OMAXAUTO,B,,,,,OMAX AUTOS LTD.,84.98,91.0,83.8,87.34,87.25,83.9,,87.31,,,3997,344813.0,259,F1,1,,,,,,2025-05-14
2025-05-14,2025-05-14,CM,BSE,STK,520043,INE577A01027,MUNJALSHOW,B,,,,,MUNJAL SHOWA LTD.,118.2,122.9,118.1,120.1,122.0,117.7,,120.96,,,2504,300209.0,127,F1,1,,,,,,2025-05-14
2025-05-14,2025-05-14,CM,BSE,STK,520051,INE039C01032,JAMNAAUTO,A,,,,,JAMNA AUTO INDUSTRIES LTD.,87.13,87.24,86.36,86.83,86.83,86.51,,86.8,,,53939,4684201.0,586,F1,1,,,,,,2025-05-14
2025-05-14,2025-05-14,CM,BSE,STK,520056,INE105A01035,TVSHLTD,A,,,,,TVS Holdings Limited,9580.25,11001.0,9554.0,10697.5,10697.5,9418.55,,10639.5,,,5483,56617710.0,1837,F1,1,,,,,,2025-05-14
2025-05-14,2025-05-14,CM,BSE,STK,520057,INE643A01035,JTEKTINDIA,B,,,,,JTEKT India Ltd,135.1,137.85,133.85,137.65,137.85,135.1,,137.43,,,4350,593903.0,187,F1,1,,,,,,2025-05-14
2025-05-14,2025-05-14,CM,BSE,STK,520059,INE672B01032,MUNJALAU,B,,,,,MUNJAL AUTO INDUSTRIES LTD.,79.95,79.95,74.73,76.15,76.15,75.27,,75.62,,,7562,575513.0,306,F1,1,,,,,,2025-05-14
2025-05-14,2025-05-14,CM,BSE,STK,520066,INE571B01036,JAYBARMARU,B,,,,,JAY BHARAT MARUTI LTD.,67.48,68.78,65.62,67.16,67.47,66.7,,67.01,,,18264,1233296.0,961,F1,1,,,,,,2025-05-14
2025-05-14,2025-05-14,CM,BSE,STK,520073,INE704B01017,RACLGEAR,B,,,,,RACL Geartech Limited,803.6,830.3,797.1,811.8,811.8,809.3,,810.2,,,6028,4900402.0,403,F1,1,,,,,,2025-05-14
2025-05-14,2025-05-14,CM,BSE,STK,520075,INE706B01012,SAMKRG,X,,,,,SAMKRG PISTONS & RINGS LTD.,138.6,141.0,137.75,140.7,140.7,136.55,,140.7,,,3435,478035.0,62,F1,1,,,,,,2025-05-14
2025-05-14,2025-05-14,CM,BSE,STK,520111,INE703B01027,RATNAMANI,A,,,,,RATNAMANI METALS & TUBES LTD.,2703.5,2785.0,2703.5,2750.95,2770.0,2719.4,,2752.5,,,1395,3846208.0,272,F1,1,,,,,,2025-05-14
2025-05-14,2025-05-14,CM,BSE,STK,520113,INE386A01015,VESUVIUS,A,,,,,VESUVIUS INDIA LTD.,4950.0,5209.9,4950.0,5137.2,5130.0,5003.8,,5140.7,,,712,3663134.0,185,F1,1,,,,,,2025-05-14
2025-05-14,2025-05-14,CM,BSE,STK,520119,INE900C01027,ASAL,B,,,,,AUTOMOTIVE STAMPINGS & ASSEMBL,480.1,502.0,480.1,496.4,497.4,489.8,,499.45,,,2883,1435820.0,337,F1,1,,,,,,2025-05-14
2025-05-14,2025-05-14,CM,BSE,STK,520121,INE276D01012,ARCEEIN,X,,,,,ARCEE INDUSTRIES LTD.,6.83,6.83,6.5,6.5,6.5,6.83,,6.5,,,226,1470.0,5,F1,1,,,,,,2025-05-14
2025-05-14,2025-05-14,CM,BSE,STK,520123,INE125D01011,ABCINDQ,X,,,,,ABC INDIA LTD.,92.16,94.4,90.15,94.07,94.4,92.16,,94.07,,,346,31864.0,11,F1,1,,,,,,2025-05-14
2025-05-14,2025-05-14,CM,BSE,STK,520127,INE654B01014,BALTE,X,,,,,BALURGHAT TECHNOLOGIES LTD.,20.25,21.49,19.51,20.13,20.4,19.89,,20.13,,,4866,98761.0,33,F1,1,,,,,,2025-05-14
2025-05-14,2025-05-14,CM,BSE,STK,520141,INE441C01014,SIBARAUT,X,,,,,SIBAR AUTO PARTS LTD.,9.94,9.94,9.5,9.51,9.5,9.23,,9.51,,,3633,35638.0,24,F1,1,,,,,,2025-05-14
2025-05-14,2025-05-14,CM,BSE,STK,520151,INE757B01015,TRANSWORLD,B,,,,,TRANSWORLD SHIPPING LINES LIMI,297.95,309.3,297.95,306.5,306.5,292.55,,304.55,,,2168,659667.0,88,F1,1,,,,,,2025-05-14
2025-05-14,2025-05-14,CM,BSE,STK,520155,INE580C01019,STARLOG,XT,,,,,Starlog Enterprises Limited,68.97,69.1,68.97,69.1,69.1,70.37,,69.1,,,627,43257.0,8,F1,1,,,,,,2025-05-14
2025-05-14,2025-05-14,CM,BSE,STK,521005,INE807M01023,TITANIN,XT,,,,,TITAN INTECH LIMITED,13.15,13.47,13.0,13.22,13.22,12.93,,13.22,,,407349,5395344.0,702,F1,1,,,,,,2025-05-14
2025-05-14,2025-05-14,CM,BSE,STK,521014,INE022C01012,EUROTEXIND,B,,,,,EUROTEX INDUSTRIES & EXPORTS L,13.54,14.0,12.65,13.21,13.9,13.31,,13.28,,,9935,133683.0,84,F1,1,,,,,,2025-05-14
2025-05-14,2025-05-14,CM,BSE,STK,521016,INE483B01026,ICIL,A,,,,,INDO COUNT INDUSTRIES LTD.,339.5,350.7,334.75,349.15,349.15,338.3,,349.15,,,33697,11569060.0,999,F1,1,,,,,,2025-05-14
2025-05-14,2025-05-14,CM,BSE,STK,521018,INE882A01013,MARALOVER,B,,,,,MARAL OVERSEAS LTD.,73.0,73.0,68.5,71.51,72.0,67.52,,71.97,,,2355,166608.0,120,F1,1,,,,,,2025-05-14
2025-05-14,2025-05-14,CM,BSE,STK,521034,INE314C01013,SOMATEX,B,,,,,SOMA TEXTILES & INDUSTRIES LTD,44.21,47.0,43.9,46.42,46.51,43.96,,46.32,,,11695,526443.0,251,F1,1,,,,,,2025-05-14
2025-05-14,2025-05-14,CM,BSE,STK,521048,INE900E01015,ADVLIFE,X,,,,,ADVANCE LIFESTYLES LTD.,29.85,29.85,29.71,29.71,29.71,29.85,,29.71,,,3,89.0,3,F1,1,,,,,,2025-05-14
2025-05-14,2025-05-14,CM,BSE,STK,521054,INE092E01011,KAKTEX,X,,,,,KAKATIYA TEXTILES LTD.,18.25,18.7,18.21,18.69,18.69,18.87,,18.69,,,1226,22391.0,14,F1,1,,,,,,2025-05-14
2025-05-14,2025-05-14,CM,BSE,STK,521062,INE814L01013,OCTAVE,X,,,,,PERFECT-OCTAVE MEDIA PROJECTS,4.62,4.68,4.33,4.36,4.36,4.53,,4.36,,,9801,44133.0,30,F1,1,,,,,,2025-05-14
2025-05-14,2025-05-14,CM,BSE,STK,521064,INE064C01022,TRIDENT,A,,,,,TRIDENT LTD.,28.4,28.85,28.4,28.53,28.53,28.36,,28.52,,,832945,23846537.0,3470,F1,1,,,,,,2025-05-14
2025-05-14,2025-05-14,CM,BSE,STK,521068,INE689E01014,HISARSP,P,,,,,HISAR SPINNING MILLS LTD.,42.76,42.76,42.73,42.75,42.73,42.73,,42.75,,,300,12824.0,3,F1,100,,,,,,2025-05-14
2025-05-14,2025-05-14,CM,BSE,STK,521070,INE270A01029,ALOKINDS,A,,,,,ALOK INDUSTRIES LTD.,17.48,17.72,17.31,17.5,17.5,17.44,,17.48,,,916292,16070498.0,2082,F1,1,,,,,,2025-05-14
2025-05-14,2025-05-14,CM,BSE,STK,521080,INE604F01010,PASARI,X,,,,,PASARI SPINNING MILLS LTD.,8.12,8.12,7.83,7.98,7.98,7.96,,7.98,,,2179,17363.0,13,F1,1,,,,,,2025-05-14
2025-05-14,2025-05-14,CM,BSE,STK,521097,INE484D01012,AMARJOTHI,X,,,,,AMARJOTHI SPINNING MILLS LTD.,161.4,168.85,161.4,167.35,167.45,161.4,,167.35,,,2588,426912.0,39,F1,1,,,,,,2025-05-14
2025-05-14,2025-05-14,CM,BSE,STK,521105,INE482O01021,OLYMPTX,X,,,,,OLYMPIA INDUSTRIES LTD.,43.0,43.0,36.71,38.03,38.02,39.0,,38.03,,,2545,97281.0,132,F1,1,,,,,,2025-05-14
2025-05-14,2025-05-14,CM,BSE,STK,521109,INE123B01028,NAGREEKEXP,B,,,,,NAGREEKA EXPORTS LTD.,27.8,28.2,27.7,27.75,27.7,27.79,,27.74,,,4110,115055.0,30,F1,1,,,,,,2025-05-14
2025-05-14,2025-05-14,CM,BSE,STK,521113,INE691D01012,SUDTIND-B,XT,,,,,SUDITI INDUSTRIES LTD.,45.35,45.37,45.35,45.37,45.37,44.49,,45.37,,,6770,307092.0,14,F1,1,,,,,,2025-05-14
2025-05-14,2025-05-14,CM,BSE,STK,521131,INE363D01018,SBFL,X,,,,,Shree Bhavya Fabrics Limited,25.28,25.28,24.0,24.58,24.58,24.66,,24.58,,,22135,546935.0,59,F1,1,,,,,,2025-05-14
2025-05-14,2025-05-14,CM,BSE,STK,521133,INE165F01020,GEMSPIN,P,,,,,GEM SPINNERS INDIA LTD.,4.5,4.5,4.5,4.5,4.5,4.72,,4.5,,,100,450.0,1,F1,100,,,,,,2025-05-14
2025-05-14,2025-05-14,CM,BSE,STK,521137,INE958A01011,EUREKAI,XT,,,,,EUREKA INDUSTRIES LTD.,10.95,10.95,10.25,10.54,10.88,10.43,,10.54,,,34728,373812.0,99,F1,1,,,,,,2025-05-14
2025-05-14,2025-05-14,CM,BSE,STK,521141,INE122D01026,ADITYASP,X,,,,,ADITYA SPINNERS LTD.,21.65,22.2,21.65,22.0,22.0,21.98,,22.0,,,457,10040.0,22,F1,1,,,,,,2025-05-14
2025-05-14,2025-05-14,CM,BSE,STK,521149,INE419E01024,PRIMEURB,XT,,,,,PRIME URBAN DEVELOPMENT INDIA,8.89,9.33,8.5,9.33,9.33,8.89,,9.33,,,423,3767.0,12,F1,1,,,,,,2025-05-14
2025-05-14,2025-05-14,CM,BSE,STK,521151,INE953D01016,DHANFAB,X,,,,,DHANLAXMI FABRICS LTD.,59.7,59.7,58.02,59.57,59.7,60.0,,59.57,,,568,33725.0,17,F1,1,,,,,,2025-05-14
2025-05-14,2025-05-14,CM,BSE,STK,521161,INE456D01010,SLSTLQ,X,,,,,SRI LAKSHMI SARASWATHI TEXTILE,36.46,36.46,36.46,36.46,36.46,37.2,,36.46,,,1,36.0,1,F1,1,,,,,,2025-05-14
2025-05-14,2025-05-14,CM,BSE,STK,521163,INE206B01013,ZODIACLOTH,B,,,,,ZODIAC CLOTHING CO.LTD.,108.55,109.77,107.8,109.2,109.2,107.49,,109.4,,,2822,306689.0,124,F1,1,,,,,,2025-05-14
2025-05-14,2025-05-14,CM,BSE,STK,521178,INE306D01017,SRMCL,X,,,,,SRI RAMAKRISHNA MILLS (COIMBAT,44.02,44.02,42.56,43.09,44.02,43.88,,43.09,,,1956,85950.0,38,F1,1,,,,,,2025-05-14
2025-05-14,2025-05-14,CM,BSE,STK,521180,INE662A01027,SUPERSPIN,B,,,,,SUPER SPINNING MILLS LTD.,9.71,9.99,9.71,9.9,9.9,9.99,,9.9,,,13967,136645.0,106,F1,1,,,,,,2025-05-14
2025-05-14,2025-05-14,CM,BSE,STK,521194,INE923A01015,SILINV,B,,,,,SIL INVESTMENTS LTD.,618.35,654.0,618.35,641.55,654.0,617.4,,629.3,,,72,45074.0,29,F1,1,,,,,,2025-05-14
2025-05-14,2025-05-14,CM,BSE,STK,521200,INE713B01026,SURYALAXMI,B,,,,,SURYALAKSHMI COTTON MILLS LTD.,63.45,68.0,63.45,64.41,65.07,64.08,,64.33,,,9669,626478.0,244,F1,1,,,,,,2025-05-14
2025-05-14,2025-05-14,CM,BSE,STK,521206,INE931D01020,SAMTEX,X,,,,,SAMTEX FASHIONS LTD.,2.74,2.9,2.64,2.82,2.82,2.69,,2.82,,,11650,32076.0,72,F1,1,,,,,,2025-05-14
2025-05-14,2025-05-14,CM,BSE,STK,521216,INE220C01012,DHANROTO,X,,,,,DHANALAXMI ROTO SPINNERS LTD.,90.05,95.75,90.05,93.0,93.0,91.94,,93.0,,,11640,1090133.0,89,F1,1,,,,,,2025-05-14
2025-05-14,2025-05-14,CM,BSE,STK,521220,INE497D01022,DAMODARIND,B,,,,,DAMODAR INDUSTRIES LTD.,34.96,34.97,32.81,33.14,33.5,34.45,,33.45,,,2001,66361.0,302,F1,1,,,,,,2025-05-14
2025-05-14,2025-05-14,CM,BSE,STK,521222,INE602D01027,SANBLUE,X,,,,,SANBLUE CORPORATION LTD.,63.59,66.76,63.59,65.08,65.08,63.59,,65.08,,,108,6903.0,5,F1,1,,,,,,2025-05-14
2025-05-14,2025-05-14,CM,BSE,STK,521226,INE980D01019,UNIROYAL,X,,,,,UNIROYAL INDUSTRIES LTD.,26.33,26.34,26.2,26.33,26.33,26.39,,26.33,,,861,22647.0,10,F1,1,,,,,,2025-05-14
2025-05-14,2025-05-14,CM,BSE,STK,521228,INE083G01031,TATIAGLOB,X,,,,,TATIA GLOBAL VENNTURE LTD.,2.95,3.03,2.83,2.94,2.94,2.94,,2.94,,,71280,209923.0,185,F1,1,,,,,,2025-05-14
2025-05-14,2025-05-14,CM,BSE,STK,521234,INE443E01016,SRINACHA,X,,,,,SRI NACHAMMAI COTTON MILLS LTD,34.12,36.77,34.1,35.31,36.77,34.12,,35.31,,,173,6099.0,8,F1,1,,,,,,2025-05-14
2025-05-14,2025-05-14,CM,BSE,STK,521238,INE893C01032,BGDL,T,,,,,BHARAT GLOBAL DEVELOPERS LIMIT,421.4,421.4,421.4,421.4,421.4,443.55,,421.4,,,1732,729864.0,171,F1,1,,,,,,2025-05-14
2025-05-14,2025-05-14,CM,BSE,STK,521240,INE304D01012,SAMBANDAM,X,,,,,SAMBANDAM SPINNING MILLS LTD.,145.0,150.3,145.0,150.3,150.3,137.0,,150.3,,,9,1326.0,3,F1,1,,,,,,2025-05-14
2025-05-14,2025-05-14,CM,BSE,STK,521246,INE162C01024,PARASPETRO,B,,,,,PARAS PETROFILS LTD.,2.72,2.72,2.48,2.62,2.64,2.61,,2.63,,,80892,210683.0,229,F1,1,,,,,,2025-05-14
2025-05-14,2025-05-14,CM,BSE,STK,521248,INE602G01020,KITEX,B,,,,,KITEX GARMENTS LTD.,248.0,253.2,241.75,250.35,251.9,247.05,,250.41,,,217350,53785337.0,4400,F1,1,,,,,,2025-05-14
2025-05-14,2025-05-14,CM,BSE,STK,522001,INE608B01010,CRANEX,X,,,,,CRANEX LTD.,93.0,93.95,92.0,92.35,93.4,89.48,,92.35,,,16177,1510211.0,159,F1,1,,,,,,2025-05-14
2025-05-14,2025-05-14,CM,BSE,STK,522004,INE177C01022,BATLIBOI,X,,,,,BATLIBOI LTD.,90.11,92.95,90.11,91.47,92.39,91.14,,91.47,,,17830,1634996.0,159,F1,1,,,,,,2025-05-14
2025-05-14,2025-05-14,CM,BSE,STK,522005,INE759F01012,AUSTENG,X,,,,,AUSTIN ENGINEERING CO.LTD.,147.1,158.9,145.0,146.3,145.5,147.1,,146.3,,,3676,536416.0,86,F1,1,,,,,,2025-05-14
2025-05-14,2025-05-14,CM,BSE,STK,522014,INE961D01019,UNIDT,B,,,,,UNITED DRILLING TOOLS LTD.,208.0,208.0,205.2,205.95,205.95,205.75,,204.5,,,695,143545.0,145,F1,1,,,,,,2025-05-14
2025-05-14,2025-05-14,CM,BSE,STK,522017,INE459C01016,FLUIDOM,X,,,,,FLUIDOMAT LTD.,840.0,840.0,806.65,822.3,826.0,827.05,,822.3,,,5054,4140416.0,151,F1,1,,,,,,2025-05-14
2025-05-14,2025-05-14,CM,BSE,STK,522027,INE279D01016,EMAINDIA,XT,,,,,EMA INDIA LTD.,150.35,150.35,150.35,150.35,150.35,148.9,,150.35,,,1,150.0,1,F1,1,,,,,,2025-05-14
2025-05-14,2025-05-14,CM,BSE,STK,522029,INE052A01021,WINDMACHIN,B,,,,,WINDSOR MACHINES LTD.,365.4,365.8,349.6,354.6,354.6,361.4,,354.3,,,37901,13513345.0,1344,F1,1,,,,,,2025-05-14
2025-05-14,2025-05-14,CM,BSE,STK,522034,INE631A01022,SHANTIGEAR,B,,,,,SHANTHI GEARS LTD.,497.95,504.1,497.35,502.75,503.0,497.35,,502.2,,,3608,1809999.0,607,F1,1,,,,,,2025-05-14
2025-05-14,2025-05-14,CM,BSE,STK,522064,INE634A01018,HONDAPOWER,B,,,,,HONDA INDIA POWER PRODUCTS LIM,2410.95,2410.95,2203.0,2238.4,2250.85,2228.9,,2250.0,,,788,1760904.0,186,F1,1,,,,,,2025-05-14
2025-05-14,2025-05-14,CM,BSE,STK,522073,INE127B01011,HITECHGEAR,T,,,,,The Hi-Tech Gears Ltd,590.0,590.0,577.0,577.1,577.1,590.0,,588.05,,,688,402634.0,23,F1,1,,,,,,2025-05-14
2025-05-14,2025-05-14,CM,BSE,STK,522074,INE285A01027,ELGIEQUIP,A,,,,,ELGI EQUIPMENTS LTD.,463.15,474.7,461.05,470.3,470.2,461.65,,470.15,,,18689,8761805.0,1079,F1,1,,,,,,2025-05-14
2025-05-14,2025-05-14,CM,BSE,STK,522091,INE890G01021,UVDRHOR,X,,,,,UNITED VAN DER HORST LTD.,123.7,129.0,120.1,125.45,128.0,122.15,,125.45,,,2368,290167.0,46,F1,1,,,,,,2025-05-14
2025-05-14,2025-05-14,CM,BSE,STK,522101,INE338F01015,KLBRENG-B,B,,,,,KILBURN ENGINEERING LTD.,411.0,417.0,402.0,403.9,404.5,407.55,,403.9,,,134180,54329352.0,554,F1,1,,,,,,2025-05-14
2025-05-14,2025-05-14,CM,BSE,STK,522105,INE372E01025,BIRLAPREC,XT,,,,,BIRLA PRECISION TECHNOLOGIES L,38.0,39.64,38.0,39.64,39.64,37.76,,39.64,,,31061,1223732.0,171,F1,1,,,,,,2025-05-14
2025-05-14,2025-05-14,CM,BSE,STK,522108,INE384C01016,YUKEN,B,,,,,YUKEN INDIA LTD.,855.4,905.05,855.4,902.4,904.7,842.0,,900.2,,,279,245537.0,91,F1,1,,,,,,2025-05-14
2025-05-14,2025-05-14,CM,BSE,STK,522113,INE325A01013,TIMKEN,A,,,,,TIMKEN INDIA LTD.,2859.1,2942.3,2857.5,2907.2,2900.0,2859.05,,2908.7,,,5990,17408641.0,1473,F1,1,,,,,,2025-05-14
2025-05-14,2025-05-14,CM,BSE,STK,522122,INE285C01015,VOITHPAPR,X,,,,,VOITH PAPER FABRICS INDIA LTD.,1544.0,1588.7,1540.0,1576.2,1570.0,1528.8,,1576.2,,,465,724622.0,45,F1,1,,,,,,2025-05-14
2025-05-14,2025-05-14,CM,BSE,STK,522134,INE133D01023,ARTSON,XT,,,,,ARTSON LIMITED,151.5,158.0,150.0,158.0,158.0,152.0,,158.0,,,1639,251531.0,22,F1,1,,,,,,2025-05-14
2025-05-14,2025-05-14,CM,BSE,STK,522152,INE410A01013,SOLIMAC,X,,,,,SOLITAIRE MACHINE TOOLS LTD.,164.9,164.9,152.75,153.45,153.45,162.15,,153.45,,,13437,2091221.0,174,F1,1,,,,,,2025-05-14
2025-05-14,2025-05-14,CM,BSE,STK,522163,INE989C01038,DIACABS,B,,,,,DIAMOND POWER INFRASTRUCTURE L,99.89,99.89,93.45,94.94,95.2,94.29,,94.87,,,40838,3894874.0,679,F1,1,,,,,,2025-05-14
2025-05-14,2025-05-14,CM,BSE,STK,522165,INE867D01018,INDSILHYD,X,,,,,INDSIL HYDRO POWER AND MANGANE,46.97,46.97,44.1,45.73,45.33,45.29,,45.73,,,19861,915717.0,102,F1,1,,,,,,2025-05-14
2025-05-14,2025-05-14,CM,BSE,STK,522183,INE478D01014,ITL,X,,,,,ITL INDUSTRIES LTD.,422.85,422.85,404.05,409.2,407.9,404.0,,409.2,,,585,241369.0,32,F1,1,,,,,,2025-05-14
2025-05-14,2025-05-14,CM,BSE,STK,522195,INE572D01014,FRONTSP,X,,,,,FRONTIER SPRINGS LTD.,2384.8,2400.0,2301.5,2395.75,2391.0,2324.65,,2395.75,,,4391,10417601.0,369,F1,1,,,,,,2025-05-14
2025-05-14,2025-05-14,CM,BSE,STK,522205,INE074A01025,PRAJIND,A,,,,,PRAJ INDUSTRIES LTD.,471.95,483.05,469.0,478.6,478.6,469.85,,478.75,,,88881,42484465.0,3281,F1,1,,,,,,2025-05-14
2025-05-14,2025-05-14,CM,BSE,STK,522207,INE682D01011,RASANDIK,X,,,,,RASANDIK ENGINEERING INDUSTRIE,94.89,96.7,94.8,95.71,96.7,94.89,,95.71,,,106,10104.0,10,F1,1,,,,,,2025-05-14
2025-05-14,2025-05-14,CM,BSE,STK,522209,INE429B01011,YOGISUNG,X,,,,,YOGI SUNG-WON (INDIA) LTD.,8.36,9.12,8.16,8.56,9.05,8.15,,8.56,,,7726,65436.0,31,F1,1,,,,,,2025-05-14
2025-05-14,2025-05-14,CM,BSE,STK,522215,INE461D01028,HLEGLAS,B,,,,,HLE GLASCOAT LIMITED,290.0,290.4,280.15,287.25,288.4,283.55,,287.5,,,3557,1020220.0,238,F1,1,,,,,,2025-05-14
2025-05-14,2025-05-14,CM,BSE,STK,522217,INE826C01016,GUJAPOLLO,B,,,,,GUJARAT APOLLO INDUSTRIES LTD.,358.95,360.5,350.5,354.2,354.5,353.75,,352.5,,,382,135880.0,53,F1,1,,,,,,2025-05-14
2025-05-14,2025-05-14,CM,BSE,STK,522229,INE692C01020,TANAA,T,,,,,TANEJA AEROSPACE & AVIATION LT,334.95,334.95,334.95,334.95,334.95,319.0,,334.95,,,6973,2335606.0,137,F1,1,,,,,,2025-05-14
2025-05-14,2025-05-14,CM,BSE,STK,522231,INE714D01020,CONART,XT,,,,,CONART ENGINEERS LTD.,89.0,89.0,85.75,85.75,85.75,87.5,,85.75,,,6819,592497.0,40,F1,1,,,,,,2025-05-14
2025-05-14,2025-05-14,CM,BSE,STK,522235,INE097E01028,MINALIND,X,,,,,MINAL INDUSTRIES LIMITED,3.78,3.84,3.74,3.81,3.81,3.71,,3.81,,,8990,34035.0,95,F1,1,,,,,,2025-05-14
2025-05-14,2025-05-14,CM,BSE,STK,522241,INE227C01017,MMFL,B,,,,,M.M.FORGINGS LTD.,352.6,361.7,349.0,352.65,352.0,352.45,,353.2,,,8751,3112683.0,809,F1,1,,,,,,2025-05-14
2025-05-14,2025-05-14,CM,BSE,STK,522245,INE079L01013,IYKOTHITE,XT,,,,,IYKOT HITECH TOOLROOM LTD.,15.65,17.16,15.65,17.16,17.16,16.44,,17.16,,,310,4866.0,2,F1,1,,,,,,2025-05-14
2025-05-14,2025-05-14,CM,BSE,STK,522249,INE040D01038,MAYURUNIQ,B,,,,,MAYUR UNIQUOTERS LTD.,575.1,595.0,575.1,588.0,591.85,587.05,,588.5,,,3748,2206710.0,306,F1,1,,,,,,2025-05-14
2025-05-14,2025-05-14,CM,BSE,STK,522251,INE627F01011,CENLUB,X,,,,,CENLUB INDUSTRIES LTD.,374.9,374.9,345.15,354.05,354.85,348.05,,354.05,,,2882,1017336.0,90,F1,1,,,,,,2025-05-14
2025-05-14,2025-05-14,CM,BSE,STK,522257,INE535F01024,RAJOOENG,B,,,,,RAJOO ENGINEERS LTD.,127.0,128.65,122.25,125.5,125.5,124.0,,125.5,,,429062,53638985.0,2533,F1,1,,,,,,2025-05-14
2025-05-14,2025-05-14,CM,BSE,STK,522261,INE920A01037,DOLPHIN,T,,,,,DOLPHIN OFFSHORE ENTERPRISES (,387.95,387.95,381.05,381.05,381.05,388.8,,381.05,,,1187,452354.0,19,F1,1,,,,,,2025-05-14
2025-05-14,2025-05-14,CM,BSE,STK,522267,INE466D01019,VJLAXMIE,X,,,,,VEEJAY LAKSHMI ENGINEERING WOR,64.75,64.75,60.47,60.7,60.7,59.28,,60.7,,,144,8775.0,8,F1,1,,,,,,2025-05-14
2025-05-14,2025-05-14,CM,BSE,STK,522273,INE868C01018,AHMDSTE,XT,,,,,AHMEDABAD STEELCRAFT LTD.,264.0,277.0,264.0,277.0,277.0,277.0,,277.0,,,200,53125.0,4,F1,1,,,,,,2025-05-14
2025-05-14,2025-05-14,CM,BSE,STK,522275,INE200A01026,GVTD,B,,,,,GE Vernova T&D India Limited,1722.0,1781.0,1692.1,1771.5,1771.5,1696.4,,1770.4,,,20307,35544020.0,2281,F1,1,,,,,,2025-05-14
2025-05-14,2025-05-14,CM,BSE,STK,522281,INE207E01023,RAMRAT,B,,,,,RAM RATNA WIRES LTD.,568.35,592.35,568.35,580.45,580.0,568.35,,580.6,,,15629,9102183.0,966,F1,1,,,,,,2025-05-14
2025-05-14,2025-05-14,CM,BSE,STK,522285,INE854B01010,JAYNECOIND,B,,,,,JAYASWAL NECO INDUSTRIES LTD.,39.1,43.5,39.1,43.34,43.5,41.47,,43.28,,,44595,1897086.0,587,F1,1,,,,,,2025-05-14
2025-05-14,2025-05-14,CM,BSE,STK,522287,INE220B01022,KPIL,A,,,,,KALPATARU PROJECTS INTERNATION,1000.05,1025.0,1000.05,1020.5,1017.0,1002.65,,1019.35,,,4453,4526453.0,547,F1,1,,,,,,2025-05-14
2025-05-14,2025-05-14,CM,BSE,STK,522289,INE169F01014,NMSRESRC,XT,,,,,NMS RESOURCES GLOBAL LIMITED,41.0,41.0,39.98,39.98,39.98,40.24,,39.98,,,4,161.0,4,F1,1,,,,,,2025-05-14
2025-05-14,2025-05-14,CM,BSE,STK,522292,INE713D01055,CANDOUR,X,,,,,CANDOUR TECHTEX LIMITED,92.4,92.4,85.12,87.88,87.95,88.71,,87.88,,,4736,415269.0,106,F1,1,,,,,,2025-05-14
2025-05-14,2025-05-14,CM,BSE,STK,522294,INE811B01010,TIGLOB,X,,,,,T & I GLOBAL LTD.,155.0,163.45,155.0,157.05,157.05,158.8,,157.05,,,843,131589.0,9,F1,1,,,,,,2025-05-14
2025-05-14,2025-05-14,CM,BSE,STK,522295,INE663B01015,CONTROLPR,B,,,,,CONTROL PRINT LTD.,628.75,635.05,625.3,627.25,627.25,629.85,,626.95,,,5828,3661842.0,473,F1,1,,,,,,2025-05-14
2025-05-14,2025-05-14,CM,BSE,STK,522650,INE142E01014,BEMHY,X,,,,,BEMCO HYDRAULICS LTD.,2195.8,2275.0,2076.25,2250.75,2250.0,2110.65,,2250.75,,,499,1103578.0,99,F1,1,,,,,,2025-05-14
2025-05-14,2025-05-14,CM,BSE,STK,523007,INE030C01015,ANSALBU,X,,,,,ANSAL BUILDWELL LTD.,116.95,118.65,115.0,115.6,115.0,115.0,,115.6,,,3265,376375.0,19,F1,1,,,,,,2025-05-14
2025-05-14,2025-05-14,CM,BSE,STK,523011,INE080A01014,WEIZMANIND,B,,,,,WEIZMANN LTD.,115.0,119.5,114.1,117.0,116.4,113.1,,116.14,,,2281,268333.0,75,F1,1,,,,,,2025-05-14
2025-05-14,2025-05-14,CM,BSE,STK,523019,INE710D01028,BNRSEC,XT,,,,,B.N.RATHI SECURITIES LTD.,23.99,25.19,23.6,24.47,24.8,24.56,,24.47,,,71126,1743701.0,464,F1,1,,,,,,2025-05-14
2025-05-14,2025-05-14,CM,BSE,STK,523021,INE989D01010,RISHITECH,X,,,,,RISHI TECHTEX LTD.,48.98,49.0,47.0,48.54,49.0,48.98,,48.54,,,216,10499.0,12,F1,1,,,,,,2025-05-14
2025-05-14,2025-05-14,CM,BSE,STK,523023,INE985A01022,SINCLAIR,B,,,,,SINCLAIRS HOTELS LTD.,90.5,91.86,90.0,90.32,90.71,90.51,,90.35,,,4704,427836.0,110,F1,1,,,,,,2025-05-14
2025-05-14,2025-05-14,CM,BSE,STK,523025,INE429E01023,SAFARI,A,,,,,SAFARI INDUSTRIES (INDIA) LTD.,2184.95,2224.95,2179.35,2211.35,2210.3,2159.9,,2213.6,,,2327,5129754.0,498,F1,1,,,,,,2025-05-14
2025-05-14,2025-05-14,CM,BSE,STK,523062,INE584C01011,JJFINCOR,XT,,,,,J.J.FINANCE CORPORATION LTD.,44.88,44.88,42.64,42.64,42.64,44.88,,42.64,,,811,34603.0,7,F1,1,,,,,,2025-05-14
2025-05-14,2025-05-14,CM,BSE,STK,523100,INE124B01018,COSMOFE,X,,,,,COSMO FERRITES LTD.,246.95,248.8,238.0,241.05,241.0,241.6,,241.05,,,2346,568681.0,57,F1,1,,,,,,2025-05-14
2025-05-14,2025-05-14,CM,BSE,STK,523105,INE293E01031,CROPSTER,B,,,,,CROPSTER AGRO LIMITED,21.32,21.32,20.38,20.69,20.6,20.9,,20.69,,,10283,213823.0,95,F1,1,,,,,,2025-05-14
2025-05-14,2025-05-14,CM,BSE,STK,523116,INE391G01012,SANCTRN,X,,,,,SANCO TRANS LTD.,675.15,675.15,675.15,675.15,675.15,673.05,,675.15,,,36,24305.0,1,F1,1,,,,,,2025-05-14
2025-05-14,2025-05-14,CM,BSE,STK,523120,INE628D01014,ADORMUL,XT,,,,,ADOR MULTIPRODUCTS LTD.,69.25,69.25,69.15,69.15,69.15,70.56,,69.15,,,1565,108224.0,14,F1,1,,,,,,2025-05-14
2025-05-14,2025-05-14,CM,BSE,STK,523127,INE276C01014,EIHAHOTELS,B,,,,,EIH ASSOCIATED HOTELS LTD.,366.8,372.15,365.5,370.45,371.95,370.7,,371.15,,,642,237979.0,83,F1,1,,,,,,2025-05-14
2025-05-14,2025-05-14,CM,BSE,STK,523144,INE442D01010,MEDICAPQ,X,,,,,MEDI-CAPS LTD.,42.06,44.97,42.06,43.74,43.74,43.51,,43.74,,,1203,52674.0,31,F1,1,,,,,,2025-05-14
2025-05-14,2025-05-14,CM,BSE,STK,523151,INE910B01028,OTCO,X,,,,,OTCO INTERNATIONAL LTD.,7.31,7.62,6.95,6.96,7.48,7.31,,6.96,,,7050,49486.0,34,F1,1,,,,,,2025-05-14
2025-05-14,2025-05-14,CM,BSE,STK,523160,INE599F01020,MORGANITE,X,,,,,MORGANITE CRUCIBLE (INDIA) LTD,1452.0,1520.0,1432.0,1505.5,1481.2,1494.6,,1505.5,,,2030,3029527.0,120,F1,1,,,,,,2025-05-14
2025-05-14,2025-05-14,CM,BSE,STK,523186,INE00FM01013,BAPACK,X,,,,,B&A PACKAGING INDIA LIMITED,267.0,289.0,267.0,287.9,289.0,270.0,,287.9,,,472,130842.0,55,F1,1,,,,,,2025-05-14
2025-05-14,2025-05-14,CM,BSE,STK,523204,INE421A01028,ABAN,T,,,,,ABAN OFFSHORE LTD.,39.43,40.51,38.79,40.29,40.3,38.75,,40.16,,,3874,154998.0,127,F1,1,,,,,,2025-05-14
2025-05-14,2025-05-14,CM,BSE,STK,523207,INE760A01029,KOKUYOCMLN,B,,,,,KOKUYO CAMLIN LTD.,114.5,116.3,113.25,114.45,114.45,112.45,,115.61,,,3200,366610.0,115,F1,1,,,,,,2025-05-14
2025-05-14,2025-05-14,CM,BSE,STK,523222,INE173J01018,SRMENERGY,XT,,,,,SRM ENERGY LTD.,13.22,13.22,13.22,13.22,13.22,12.97,,13.22,,,2485,32851.0,5,F1,1,,,,,,2025-05-14
2025-05-14,2025-05-14,CM,BSE,STK,523229,INE415D01024,BHARATSE,B,,,,,BHARAT SEATS LTD.,107.0,109.19,103.1,103.67,103.67,106.46,,103.48,,,24654,2601054.0,1468,F1,1,,,,,,2025-05-14
2025-05-14,2025-05-14,CM,BSE,STK,523232,INE369D01023,CONTPTR,X,,,,,CONTINENTAL PETROLEUMS LTD.,117.0,119.9,116.95,118.4,118.75,115.5,,118.4,,,12237,1441561.0,72,F1,1,,,,,,2025-05-14
2025-05-14,2025-05-14,CM,BSE,STK,523248,INE082B01018,MACPLASQ,X,,,,,MACHINO PLASTICS LTD.,231.0,234.15,230.25,233.5,233.5,232.45,,233.5,,,345,80491.0,19,F1,1,,,,,,2025-05-14
2025-05-14,2025-05-14,CM,BSE,STK,523260,INE844A01013,PEARLPOLY,B,,,,,PEARL POLYMERS LTD.,29.4,29.4,29.25,29.25,29.25,28.73,,29.2,,,50,1466.0,3,F1,1,,,,,,2025-05-14
2025-05-14,2025-05-14,CM,BSE,STK,523261,INE398A01010,VENKEYS,B,,,,,VENKYS (INDIA) LTD.,1635.05,1643.95,1629.3,1633.55,1632.8,1630.7,,1634.6,,,727,1188796.0,111,F1,1,,,,,,2025-05-14
2025-05-14,2025-05-14,CM,BSE,STK,523269,INE199C01026,ADVANIHOTR,B,,,,,ADVANI HOTELS & RESORTS (INDIA,60.45,60.7,60.0,60.42,60.42,59.54,,60.38,,,3753,226038.0,124,F1,1,,,,,,2025-05-14
2025-05-14,2025-05-14,CM,BSE,STK,523277,INE395B01048,GVFILM,X,,,,,GV FILMS LTD.,0.38,0.4,0.36,0.39,0.39,0.37,,0.39,,,12811076,4866162.0,1867,F1,1,,,,,,2025-05-14
2025-05-14,2025-05-14,CM,BSE,STK,523283,INE712B01010,SUPERHOUSE,B,,,,,SUPERHOUSE LTD.,170.0,170.0,164.9,170.0,170.0,162.05,,167.87,,,77,12707.0,7,F1,1,,,,,,2025-05-14
2025-05-14,2025-05-14,CM,BSE,STK,523289,INE763B01013,RAMAVISION,XT,,,,,RAMA VISION LTD.,96.5,96.5,92.51,95.05,95.05,96.51,,95.05,,,663,63141.0,25,F1,1,,,,,,2025-05-14
2025-05-14,2025-05-14,CM,BSE,STK,523301,INE822C01015,TCPLPACK,B,,,,,TCPL PACKAGING LTD.,3760.25,3863.55,3760.25,3842.65,3854.1,3799.65,,3833.2,,,262,998672.0,67,F1,1,,,,,,2025-05-14
2025-05-14,2025-05-14,CM,BSE,STK,523309,INE241V01018,SHRIGANG,X,,,,,SHRI GANG INDUSTRIES AND ALLIE,94.3,94.8,93.0,94.8,94.8,90.3,,94.8,,,9966,943454.0,82,F1,1,,,,,,2025-05-14
2025-05-14,2025-05-14,CM,BSE,STK,523319,INE164A01016,BALMLAWRIE,A,,,,,BALMER LAWRIE & CO.LTD.,217.1,222.5,216.95,219.85,219.85,215.1,,219.73,,,31428,6918716.0,700,F1,1,,,,,,2025-05-14
2025-05-14,2025-05-14,CM,BSE,STK,523323,INE177F01017,KOVAI,B,,,,,KOVAI MEDICAL CENTER & HOSPITA,5661.0,6000.0,5600.0,5982.8,5982.8,5648.95,,5982.8,,,8921,52143786.0,1467,F1,1,,,,,,2025-05-14
2025-05-14,2025-05-14,CM,BSE,STK,523329,INE668G01021,ELDEHSG,B,,,,,ELDECO HOUSING & INDUSTRIES LT,815.0,815.0,809.7,810.75,809.7,815.0,,805.45,,,6,4868.0,3,F1,1,,,,,,2025-05-14
2025-05-14,2025-05-14,CM,BSE,STK,523367,INE499A01024,DCMSHRIRAM,A,,,,,DCM SHRIRAM LIMITED,1038.05,1051.0,1035.0,1044.75,1043.0,1034.6,,1044.8,,,3220,3356643.0,294,F1,1,,,,,,2025-05-14
2025-05-14,2025-05-14,CM,BSE,STK,523369,INE843D01027,DCMSRIND,B,,,,,DCM SHRIRAM INDUSTRIES LTD.,185.2,187.75,183.3,184.65,184.25,182.9,,184.44,,,4085,755293.0,151,F1,1,,,,,,2025-05-14
2025-05-14,2025-05-14,CM,BSE,STK,523371,INE636A01039,MAWANASUG,B,,,,,MAWANA SUGARS LTD.,91.8,95.0,91.8,94.73,95.0,91.1,,94.82,,,18839,1770601.0,462,F1,1,,,,,,2025-05-14
2025-05-14,2025-05-14,CM,BSE,STK,523373,INE281E01010,MINID,XT,,,,,MINI DIAMONDS (INDIA) LTD.,174.2,174.2,174.2,174.2,174.2,177.7,,174.2,,,11041,1923342.0,44,F1,1,,,,,,2025-05-14
2025-05-14,2025-05-14,CM,BSE,STK,523384,INE843B01013,MAHAPEXLTD,B,,,,,MAHA RASHTRA APEX CORPORATION,117.0,120.0,113.6,116.9,116.8,118.95,,117.12,,,1907,225847.0,63,F1,1,,,,,,2025-05-14
2025-05-14,2025-05-14,CM,BSE,STK,523385,INE310A01015,NILKAMAL,B,,,,,NILKAMAL LTD.,1650.45,1679.9,1620.3,1672.6,1679.1,1668.65,,1672.6,,,91,149366.0,40,F1,1,,,,,,2025-05-14
2025-05-14,2025-05-14,CM,BSE,STK,523391,INE308A01027,NAHARPOLY,B,,,,,NAHAR POLYFILMS LTD.,203.0,221.2,203.0,220.35,220.35,217.15,,219.37,,,2091,462006.0,24,F1,1,,,,,,2025-05-14
2025-05-14,2025-05-14,CM,BSE,STK,523395,INE470A01017,3MINDIA,A,,,,,3M INDIA LTD.,29355.0,29750.0,29135.9,29255.35,29255.35,29196.45,,29270.0,,,428,12602202.0,233,F1,1,,,,,,2025-05-14
2025-05-14,2025-05-14,CM,BSE,STK,523398,INE782A01015,JCHAC,B,,,,,Johnson Controls-Hitachi Air C,1760.0,1774.35,1725.95,1739.05,1741.45,1742.45,,1734.1,,,992,1743591.0,189,F1,1,,,,,,2025-05-14
2025-05-14,2025-05-14,CM,BSE,STK,523405,INE780C01023,JMFINANCIL,A,,,,,JM FINANCIAL LTD.,110.35,112.95,109.25,111.15,111.65,110.05,,111.27,,,144515,16077366.0,1267,F1,1,,,,,,2025-05-14
2025-05-14,2025-05-14,CM,BSE,STK,523411,INE833A01016,ADCINDIA,X,,,,,ADC INDIA COMMUNICATIONS LIMIT,1299.0,1299.0,1230.05,1242.25,1249.8,1270.35,,1242.25,,,1729,2175138.0,178,F1,1,,,,,,2025-05-14
2025-05-14,2025-05-14,CM,BSE,STK,523419,INE141D01018,TNTELE,B,,,,,TAMILNADU TELECOMMUNICATIONS L,9.85,10.62,9.06,10.05,10.38,9.78,,10.01,,,72493,713629.0,540,F1,1,,,,,,2025-05-14
2025-05-14,2025-05-14,CM,BSE,STK,523445,INE046A01015,RIIL,A,,,,,RELIANCE INDUSTRIAL INFRASTRUC,887.95,918.0,883.55,899.75,899.75,879.8,,899.9,,,10873,9807560.0,788,F1,1,,,,,,2025-05-14
2025-05-14,2025-05-14,CM,BSE,STK,523449,INE207B01011,SHARP,XT,,,,,SHARP INDIA LTD.,55.5,57.45,54.01,55.01,55.01,55.5,,55.01,,,445,24780.0,10,F1,1,,,,,,2025-05-14
2025-05-14,2025-05-14,CM,BSE,STK,523457,INE473A01011,LINDEINDIA,A,,,,,Linde India Limited,6500.45,6900.0,6494.0,6856.05,6856.05,6445.05,,6835.0,,,4495,30424973.0,1189,F1,1,,,,,,2025-05-14
2025-05-14,2025-05-14,CM,BSE,STK,523465,INE969D01012,INDBNK,B,,,,,IND BANK HOUSING LTD.,37.3,38.0,36.02,37.9,37.9,37.29,,37.9,,,5121,191275.0,47,F1,1,,,,,,2025-05-14
2025-05-14,2025-05-14,CM,BSE,STK,523467,INE250C01027,JAIMATAG,X,,,,,JAI MATA GLASS LTD.,2.42,2.43,2.32,2.42,2.43,2.32,,2.42,,,90971,218541.0,226,F1,1,,,,,,2025-05-14
2025-05-14,2025-05-14,CM,BSE,STK,523475,INE026D01011,LOTUSCHO,B,,,,,LOTUS CHOCOLATE CO.LTD.,993.0,1013.95,972.0,985.4,987.0,992.8,,985.4,,,6819,6756319.0,530,F1,1,,,,,,2025-05-14
2025-05-14,2025-05-14,CM,BSE,STK,523483,INE883C01025,PACIFICI,X,,,,,PACIFIC INDUSTRIES LTD.,231.15,237.4,212.3,232.45,234.0,225.0,,232.45,,,533,120057.0,33,F1,1,,,,,,2025-05-14
2025-05-14,2025-05-14,CM,BSE,STK,523489,INE889F01017,CMMHOSP,X,,,,,CHENNAI MEENAKSHI MULTISPECIAL,30.1,32.97,30.1,32.97,32.97,31.4,,32.97,,,1360,44825.0,14,F1,1,,,,,,2025-05-14
2025-05-14,2025-05-14,CM,BSE,STK,523519,INE951C01012,UNIOFFICE,XT,,,,,UNIVERSAL OFFICE AUTOMATION LT,6.02,6.02,5.47,5.47,5.47,5.74,,5.47,,,135,805.0,9,F1,1,,,,,,2025-05-14
2025-05-14,2025-05-14,CM,BSE,STK,523537,INE170D01025,APMIN,X,,,,,APM INDUSTRIES LTD.,36.75,36.75,34.5,35.5,35.75,35.49,,35.5,,,4703,166452.0,88,F1,1,,,,,,2025-05-14
2025-05-14,2025-05-14,CM,BSE,STK,523539,INE372C01037,PRECWIRE,B,,,,,PRECISION WIRES INDIA LTD.,144.4,157.8,144.4,154.15,154.15,145.75,,154.37,,,54564,8282469.0,1349,F1,1,,,,,,2025-05-14
2025-05-14,2025-05-14,CM,BSE,STK,523550,INE951B01014,KRYPTONQ,XT,,,,,KRYPTON INDUSTRIES LTD.,57.78,57.78,55.52,55.52,55.52,56.65,,55.52,,,3638,209830.0,29,F1,1,,,,,,2025-05-14
2025-05-14,2025-05-14,CM,BSE,STK,523558,INE010C01025,SWISSMLTRY,X,,,,,SWISS MILITARY CONSUMER GOODS,26.8,27.55,26.8,27.32,27.32,26.74,,27.32,,,162652,4432582.0,636,F1,1,,,,,,2025-05-14
2025-05-14,2025-05-14,CM,BSE,STK,523566,INE199D01016,MARBU,X,,,,,MARTIN BURN LTD.,57.99,57.99,54.05,56.8,56.8,55.77,,56.8,,,172,9458.0,7,F1,1,,,,,,2025-05-14
2025-05-14,2025-05-14,CM,BSE,STK,523574,INE623B01027,FEL,Z,,,,,Future Enterprises Limited,0.6,0.6,0.59,0.6,0.6,0.6,,0.59,,,91671,54590.0,54,F1,1,,,,,,2025-05-14
2025-05-14,2025-05-14,CM,BSE,STK,523586,INE826B01018,INDTONER,X,,,,,INDIAN TONERS & DEVELOPERS LTD,258.55,263.7,258.55,262.5,262.85,258.55,,262.5,,,4368,1139162.0,77,F1,1,,,,,,2025-05-14
2025-05-14,2025-05-14,CM,BSE,STK,523594,INE638D01021,KUNSTOFF,X,,,,,KUNSTSTOFFE INDUSTRIES LTD.,30.0,30.0,25.24,27.48,27.48,25.92,,27.48,,,1185,31061.0,28,F1,1,,,,,,2025-05-14
2025-05-14,2025-05-14,CM,BSE,STK,523598,INE109A01011,SCI,A,,,,,SHIPPING CORPORATION OF INDIA,174.6,182.7,174.6,175.65,175.95,173.95,,175.54,,,598444,105728322.0,6101,F1,1,,,,,,2025-05-14
2025-05-14,2025-05-14,CM,BSE,STK,523606,INE438E01032,SIKA,B,,,,,SIKA INTERPLANT SYSTEMS LTD.,739.95,764.0,730.85,743.9,743.9,730.85,,743.9,,,77628,57921417.0,2578,F1,1,,,,,,2025-05-14
2025-05-14,2025-05-14,CM,BSE,STK,523610,INE248A01017,ITI,A,,,,,ITI LTD.,262.9,273.85,262.9,270.15,270.15,262.5,,270.1,,,111319,29981112.0,3323,F1,1,,,,,,2025-05-14
2025-05-14,2025-05-14,CM,BSE,STK,523618,INE506A01018,DREDGECORP,B,,,,,DREDGING CORPORATION OF INDIA,613.95,725.0,613.95,690.7,690.6,613.95,,691.95,,,80610,55351741.0,4992,F1,1,,,,,,2025-05-14
2025-05-14,2025-05-14,CM,BSE,STK,523620,INE486I01016,PHRMASI,XT,,,,,PHAARMASIA LTD.,30.15,30.15,30.15,30.15,30.15,30.3,,30.15,,,974,29366.0,8,F1,1,,,,,,2025-05-14
2025-05-14,2025-05-14,CM,BSE,STK,523630,INE870D01012,NFL,A,,,,,NATIONAL FERTILIZERS LTD.,88.37,90.8,87.51,90.26,90.26,87.79,,90.21,,,341400,30425942.0,2553,F1,1,,,,,,2025-05-14
2025-05-14,2025-05-14,CM,BSE,STK,523638,INE558A01019,IPRINGLTD,X,,,,,IP RINGS LTD.,136.0,149.0,136.0,140.1,140.1,136.0,,140.1,,,598,84512.0,27,F1,1,,,,,,2025-05-14
2025-05-14,2025-05-14,CM,BSE,STK,523642,INE603J01030,PIIND,A,,,,,P.I.INDUSTRIES LTD.,3645.55,3662.1,3611.3,3653.65,3660.7,3638.65,,3651.0,,,4379,15929960.0,691,F1,1,,,,,,2025-05-14
2025-05-14,2025-05-14,CM,BSE,STK,523648,INE083C01022,PLASTIBLEN,B,,,,,PLASTIBLENDS INDIA LTD.,197.0,197.0,188.75,194.0,194.0,188.1,,193.79,,,1888,361388.0,180,F1,1,,,,,,2025-05-14
2025-05-14,2025-05-14,CM,BSE,STK,523650,INE823D01011,YASHINNO,X,,,,,YASH INNOVENTURES LIMITED,35.12,39.35,35.0,39.1,39.35,34.95,,39.1,,,29761,1123843.0,52,F1,1,,,,,,2025-05-14
2025-05-14,2025-05-14,CM,BSE,STK,523652,INE465K01016,KKPLASTICK,X,,,,,Kkalpana Plastick Limited,22.57,22.57,22.56,22.57,22.57,23.74,,22.57,,,1553,35036.0,3,F1,1,,,,,,2025-05-14
2025-05-14,2025-05-14,CM,BSE,STK,523660,INE054C01015,WATERBASE,X,,,,,WATERBASE LTD.,51.36,51.36,50.32,50.76,50.95,50.35,,50.76,,,14594,742883.0,167,F1,1,,,,,,2025-05-14
2025-05-14,2025-05-14,CM,BSE,STK,523672,INE954B01018,FLEXFO,XT,,,,,FLEX FOODS LTD.,47.51,47.52,47.51,47.52,47.52,47.51,,47.52,,,935,44425.0,7,F1,1,,,,,,2025-05-14
2025-05-14,2025-05-14,CM,BSE,STK,523676,INE798D01015,GOLKUNDIA,XT,,,,,GOLKUNDA DIAMONDS & JEWELLERY,200.1,206.1,198.25,201.4,205.05,197.05,,201.4,,,3107,629856.0,55,F1,1,,,,,,2025-05-14
2025-05-14,2025-05-14,CM,BSE,STK,523694,INE116A01032,APCOTEXIND,B,,,,,APCOTEX INDUSTRIES LTD.,338.5,339.0,325.25,334.9,337.5,332.7,,336.0,,,4372,1466697.0,450,F1,1,,,,,,2025-05-14
2025-05-14,2025-05-14,CM,BSE,STK,523696,INE842B01015,FORTISMLR,X,,,,,FORTIS MALAR HOSPITALS LIMITED,76.48,80.0,76.48,78.42,78.42,76.33,,78.42,,,53164,4186820.0,696,F1,1,,,,,,2025-05-14
2025-05-14,2025-05-14,CM,BSE,STK,523704,INE759A01021,MASTEK,A,,,,,MASTEK LTD.,2266.05,2351.1,2266.0,2320.75,2310.05,2258.85,,2319.6,,,14716,34226536.0,1819,F1,1,,,,,,2025-05-14
2025-05-14,2025-05-14,CM,BSE,STK,523708,INE158B01016,EIMCOELECO,B,,,,,EIMCO ELECON (INDIA) LTD.,2127.6,2127.6,2068.85,2080.95,2096.25,2097.6,,2090.5,,,1565,3264771.0,436,F1,1,,,,,,2025-05-14
2025-05-14,2025-05-14,CM,BSE,STK,523710,INE318C01014,SAYAJIHOTL,X,,,,,SAYAJI HOTELS LTD.,283.9,283.9,272.0,273.4,272.0,283.9,,273.4,,,82,22673.0,19,F1,1,,,,,,2025-05-14
2025-05-14,2025-05-14,CM,BSE,STK,523716,INE365D01021,ASHIANA,B,,,,,ASHIANA HOUSING LTD.,271.0,282.0,269.2,278.25,278.4,269.35,,279.1,,,11219,3084876.0,381,F1,1,,,,,,2025-05-14
2025-05-14,2025-05-14,CM,BSE,STK,523722,INE119B01018,SVAMSOF,XT,,,,,SVAM SOFTWARE LTD.,8.59,8.59,8.59,8.59,8.59,8.76,,8.59,,,36631,314660.0,13,F1,1,,,,,,2025-05-14
2025-05-14,2025-05-14,CM,BSE,STK,523732,INE866A01016,ECOBOAR,XT,,,,,ECOBOARD INDUSTRIES LTD.,30.93,31.1,29.1,29.55,29.55,29.62,,29.55,,,5128,158637.0,30,F1,1,,,,,,2025-05-14
2025-05-14,2025-05-14,CM,BSE,STK,523736,INE477B01010,DVL,B,,,,,Dhunseri Ventures Limited,372.35,378.05,368.0,371.05,368.0,370.5,,370.55,,,1643,613435.0,193,F1,1,,,,,,2025-05-14
2025-05-14,2025-05-14,CM,BSE,STK,523752,INE502D01011,TIHIL,XT,,,,,TRANS INDIA HOUSE IMPEX LIMITE,13.34,13.34,13.34,13.34,13.34,13.61,,13.34,,,698,9311.0,5,F1,1,,,,,,2025-05-14
2025-05-14,2025-05-14,CM,BSE,STK,523754,INE215D01010,MAHEPC,B,,,,,MAHINDRA EPC IRRIGATION LIMITE,147.85,150.2,146.9,147.55,147.5,148.1,,147.58,,,14321,2125380.0,939,F1,1,,,,,,2025-05-14
2025-05-14,2025-05-14,CM,BSE,STK,523782,INE844D01017,MITSHI,X,,,,,Mitshi India Limited,15.71,15.98,14.72,15.8,15.8,15.71,,15.8,,,157,2433.0,23,F1,1,,,,,,2025-05-14
2025-05-14,2025-05-14,CM,BSE,STK,523792,INE885E01042,MAZDA,T,,,,,MAZDA LTD.,238.0,238.35,237.9,238.35,238.35,227.0,,242.58,,,377,89793.0,14,F1,1,,,,,,2025-05-14
2025-05-14,2025-05-14,CM,BSE,STK,523796,INE048C01025,VHLTD,T,,,,,VICEROY HOTELS LTD.,115.05,117.85,115.05,117.85,117.85,114.35,,116.79,,,35,4082.0,2,F1,1,,,,,,2025-05-14
2025-05-14,2025-05-14,CM,BSE,STK,523826,INE959D01013,SOVERDIA,X,,,,,SOVEREIGN DIAMONDS LTD.,36.1,38.36,36.0,37.87,37.87,36.1,,37.87,,,1779,66232.0,30,F1,1,,,,,,2025-05-14
2025-05-14,2025-05-14,CM,BSE,STK,523828,INE071D01033,MENONBE,B,,,,,MENON BEARINGS LTD.,103.3,111.9,103.3,109.75,111.9,105.4,,110.1,,,4376,475798.0,229,F1,1,,,,,,2025-05-14
2025-05-14,2025-05-14,CM,BSE,STK,523832,INE862C01029,MUKATPIP,X,,,,,MUKAT PIPES LTD.,16.05,16.98,15.06,16.0,16.0,15.65,,16.0,,,1314,20996.0,26,F1,1,,,,,,2025-05-14
2025-05-14,2025-05-14,CM,BSE,STK,523836,INE610B01024,GUJRAFFIA,T,,,,,GUJARAT RAFFIA INDUSTRIES LTD.,37.0,38.55,37.0,38.55,38.55,37.0,,38.52,,,860,32725.0,5,F1,1,,,,,,2025-05-14
2025-05-14,2025-05-14,CM,BSE,STK,523838,INE059B01024,SIMPLEXINF,B,,,,,SIMPLEX INFRASTRUCTURES LTD.,280.05,289.15,275.2,281.95,284.0,280.2,,281.7,,,5040,1421955.0,84,F1,1,,,,,,2025-05-14
2025-05-14,2025-05-14,CM,BSE,STK,523840,INE965C01038,INNOVTEC,X,,,,,INNOVATIVE TECH PACK LTD.,26.35,29.0,25.79,27.63,28.0,26.05,,27.63,,,14659,394448.0,86,F1,1,,,,,,2025-05-14
2025-05-14,2025-05-14,CM,BSE,STK,523842,INE460D01038,SUPTANERY,X,,,,,SUPER TANNERY LIMITED,9.37,9.5,9.18,9.24,9.24,9.19,,9.24,,,102943,959169.0,183,F1,1,,,,,,2025-05-14
2025-05-14,2025-05-14,CM,BSE,STK,523844,INE537B01011,CONSTRONIC,X,,,,,CONSTRONICS INFRA LIMITED,58.61,58.61,55.0,57.49,57.3,55.82,,57.49,,,1605,89568.0,23,F1,1,,,,,,2025-05-14
2025-05-14,2025-05-14,CM,BSE,STK,523850,INE767C01012,AXTEL,X,,,,,AXTEL INDUSTRIES LTD.,500.0,500.0,472.0,477.4,480.0,509.85,,477.4,,,6413,3097385.0,329,F1,1,,,,,,2025-05-14
2025-05-14,2025-05-14,CM,BSE,STK,523862,INE926B01016,PIFL,XT,,,,,Pacheli Industrial Finance Lim,24.78,26.0,24.0,26.0,26.0,24.78,,26.0,,,2720,69952.0,44,F1,1,,,,,,2025-05-14
2025-05-14,2025-05-14,CM,BSE,STK,523888,INE317D01014,VRWODAR,Z,,,,,V R WOODART LTD.,46.0,46.0,46.0,46.0,46.0,46.93,,46.0,,,1059,48714.0,11,F1,1,,,,,,2025-05-14
2025-05-14,2025-05-14,CM,BSE,STK,524000,INE511C01022,POONAWALLA,A,,,,,POONAWALLA FINCORP LIMITED,385.75,393.5,383.95,390.55,390.8,382.95,,390.35,,,56386,21978833.0,1178,F1,1,,,,,,2025-05-14
2025-05-14,2025-05-14,CM,BSE,STK,524013,INE806J01013,HINFLUR,B,,,,,HINDUSTAN FLUOROCARBONS LTD.,14.49,14.49,12.7,13.45,13.98,13.5,,13.45,,,9638,128805.0,72,F1,1,,,,,,2025-05-14
2025-05-14,2025-05-14,CM,BSE,STK,524019,INE473D01015,KINGFA,B,,,,,Kingfa Science & Technology (I,3210.15,3276.8,3197.15,3227.3,3240.15,3199.65,,3222.4,,,905,2925665.0,340,F1,1,,,,,,2025-05-14
2025-05-14,2025-05-14,CM,BSE,STK,524031,INE637N01014,PATIDAR,X,,,,,PATIDAR BUILDCON LIMITED,9.35,9.35,8.89,9.27,9.27,9.35,,9.27,,,917,8346.0,7,F1,1,,,,,,2025-05-14
2025-05-14,2025-05-14,CM,BSE,STK,524037,INE809A01032,RAMAPHO,T,,,,,RAMA PHOSPHATES LTD.,111.8,112.35,109.9,112.35,112.35,107.0,,112.91,,,1803,202247.0,28,F1,1,,,,,,2025-05-14
2025-05-14,2025-05-14,CM,BSE,STK,524038,INE204D01022,VENLONENT,X,,,,,VENLON ENTERPRISES LTD.,5.1,5.2,5.1,5.18,5.2,4.96,,5.18,,,477,2469.0,3,F1,1,,,,,,2025-05-14
2025-05-14,2025-05-14,CM,BSE,STK,524051,INE633B01018,POLYPLEX,A,,,,,POLYPLEX CORPORATION LTD.,1265.0,1278.0,1246.45,1261.95,1262.9,1251.25,,1261.6,,,7273,9186745.0,778,F1,1,,,,,,2025-05-14
2025-05-14,2025-05-14,CM,BSE,STK,524075,INE155C01010,ALBERTDAVD,B,,,,,ALBERT DAVID LTD.,849.0,849.0,806.7,827.45,827.45,882.35,,825.95,,,4044,3344961.0,636,F1,1,,,,,,2025-05-14
2025-05-14,2025-05-14,CM,BSE,STK,524080,INE681F01018,HARLETH,X,,,,,HARYANA LEATHER CHEMICALS LTD.,75.12,77.0,71.66,75.6,75.6,75.12,,75.6,,,1505,110221.0,37,F1,1,,,,,,2025-05-14
2025-05-14,2025-05-14,CM,BSE,STK,524091,INE482D01024,CARYSIL,B,,,,,CARYSIL LIMITED,640.0,663.25,640.0,651.2,652.0,645.95,,651.55,,,7086,4617140.0,600,F1,1,,,,,,2025-05-14
2025-05-14,2025-05-14,CM,BSE,STK,524109,INE900B01029,KABRAEXTRU,T,,,,,KABRA EXTRUSIONTECHNIK LTD.,281.9,283.5,277.65,280.6,277.65,271.5,,281.55,,,4306,1212714.0,63,F1,1,,,,,,2025-05-14
2025-05-14,2025-05-14,CM,BSE,STK,524129,INE250B01029,VINYLINDIA,B,,,,,VINYL CHEMICALS (INDIA) LTD.,291.25,308.75,289.15,306.05,305.0,289.0,,306.4,,,6505,1964320.0,683,F1,1,,,,,,2025-05-14
2025-05-14,2025-05-14,CM,BSE,STK,524136,INE417E01010,PCCOSMA,X,,,,,PEE CEE COSMA SOPE LTD.,565.05,597.0,565.05,579.1,579.1,581.05,,579.1,,,2331,1354486.0,104,F1,1,,,,,,2025-05-14
2025-05-14,2025-05-14,CM,BSE,STK,524156,INE034F01010,TCMLMTD,X,,,,,TCM LTD.,40.15,40.4,40.15,40.4,40.4,40.53,,40.4,,,57,2290.0,3,F1,1,,,,,,2025-05-14
2025-05-14,2025-05-14,CM,BSE,STK,524164,INE485C01029,IOLCP,B,,,,,IOL CHEMICALS & PHARMACEUTICAL,68.6,70.77,66.48,70.28,70.74,66.47,,70.32,,,162034,11200414.0,1930,F1,1,,,,,,2025-05-14
2025-05-14,2025-05-14,CM,BSE,STK,524174,INE133C01033,KESARPE,X,,,,,KESAR PETROPRODUCTS LTD.,23.0,23.42,22.9,23.2,23.38,23.07,,23.2,,,24766,573252.0,117,F1,1,,,,,,2025-05-14
2025-05-14,2025-05-14,CM,BSE,STK,524200,INE410B01037,VINATIORGA,A,,,,,VINATI ORGANICS LTD.,1734.85,1743.45,1701.75,1726.2,1708.0,1714.4,,1728.2,,,613,1056565.0,151,F1,1,,,,,,2025-05-14
2025-05-14,2025-05-14,CM,BSE,STK,524202,INE058I01013,LACTOSE,XT,,,,,LACTOSE (INDIA) LTD.,95.85,102.65,92.95,96.5,99.4,97.8,,96.5,,,7309,711392.0,99,F1,1,,,,,,2025-05-14
2025-05-14,2025-05-14,CM,BSE,STK,524204,INE757D01011,TEEAI,X,,,,,TEESTA AGRO INDUSTRIES LTD.,113.05,113.05,108.0,108.5,113.0,110.8,,108.5,,,804,87206.0,13,F1,1,,,,,,2025-05-14
2025-05-14,2025-05-14,CM,BSE,STK,524208,INE769A01020,AARTIIND,A,,,,,AARTI INDUSTRIES LTD.,467.05,471.0,462.35,464.05,464.0,466.65,,464.0,,,28570,13319489.0,1039,F1,1,,,,,,2025-05-14
2025-05-14,2025-05-14,CM,BSE,STK,524210,INE702E01015,PNTKYOR,XT,,,,,PENTOKEY ORGANY (INDIA) LTD.,46.75,48.12,43.54,44.63,43.54,45.83,,44.63,,,2478,113526.0,43,F1,1,,,,,,2025-05-14
2025-05-14,2025-05-14,CM,BSE,STK,524212,INE107F01022,WANBURY,B,,,,,WANBURY LTD.,266.75,280.0,261.0,268.45,269.1,268.85,,269.88,,,23538,6396881.0,1081,F1,1,,,,,,2025-05-14
2025-05-14,2025-05-14,CM,BSE,STK,524218,INE486D01017,RESONANCE,X,,,,,RESONANCE SPECIALTIES LTD.,82.0,82.0,78.5,80.88,80.25,81.37,,80.88,,,1573,126893.0,56,F1,1,,,,,,2025-05-14
2025-05-14,2025-05-14,CM,BSE,STK,524226,INE036B01030,GAEL,A,,,,,GUJARAT AMBUJA EXPORTS LTD.,121.45,122.55,120.0,121.2,121.0,120.85,,121.53,,,15905,1928990.0,574,F1,1,,,,,,2025-05-14
2025-05-14,2025-05-14,CM,BSE,STK,524230,INE027A01015,RCF,A,,,,,RASHTRIYA CHEMICALS & FERTILIZ,142.45,145.65,142.2,145.0,145.0,142.45,,145.01,,,250355,36099931.0,2429,F1,1,,,,,,2025-05-14
2025-05-14,2025-05-14,CM,BSE,STK,524238,INE659F01014,GUJINJEC,X,,,,,GUJARAT INJECT (KERALA) LTD.,17.5,20.5,17.5,19.3,19.98,18.81,,19.3,,,6239,119685.0,51,F1,1,,,,,,2025-05-14
2025-05-14,2025-05-14,CM,BSE,STK,524280,INE082A01010,KOPRAN,B,,,,,KOPRAN LTD.,185.7,194.45,185.7,193.15,193.6,188.8,,193.21,,,12499,2409901.0,393,F1,1,,,,,,2025-05-14
2025-05-14,2025-05-14,CM,BSE,STK,524288,INE008B01013,AIMCOPEST,X,,,,,AIMCO PESTICIDES LTD.,92.69,92.7,90.83,92.0,92.0,90.83,,92.0,,,2701,247819.0,67,F1,1,,,,,,2025-05-14
2025-05-14,2025-05-14,CM,BSE,STK,524314,INE499G01013,GUJTERC,X,,,,,GUJARAT TERCE LABORATORIES LTD,61.15,61.15,58.52,59.49,60.0,58.1,,59.49,,,2253,134019.0,62,F1,1,,,,,,2025-05-14
2025-05-14,2025-05-14,CM,BSE,STK,524330,INE785A01026,JAYAGROGN,B,,,,,JAYANT AGRO-ORGANICS LTD.,248.7,251.25,247.0,250.6,250.8,244.55,,249.69,,,1598,396563.0,77,F1,1,,,,,,2025-05-14
2025-05-14,2025-05-14,CM,BSE,STK,524332,INE412G01024,BCLIND,B,,,,,BCL INDUSTRIES LIMITED,38.6,40.02,38.6,39.77,39.89,38.92,,39.78,,,105906,4163186.0,1635,F1,1,,,,,,2025-05-14
2025-05-14,2025-05-14,CM,BSE,STK,524336,INE065E01017,SHHARICH,X,,,,,SHREE HARI CHEMICALS EXPORT LT,155.0,159.0,150.0,154.65,152.95,152.25,,154.65,,,2666,411218.0,37,F1,1,,,,,,2025-05-14
2025-05-14,2025-05-14,CM,BSE,STK,524342,INE803D01021,INDOBORAX,B,,,,,INDO BORAX & CHEMICALS LTD.,183.95,189.95,182.9,187.2,186.25,185.75,,186.46,,,8284,1542588.0,337,F1,1,,,,,,2025-05-14
2025-05-14,2025-05-14,CM,BSE,STK,524348,INE767A01016,AARTIDRUGS,B,,,,,AARTI DRUGS LTD.,449.05,465.7,443.7,462.75,462.75,452.75,,462.45,,,19639,8952125.0,1235,F1,1,,,,,,2025-05-14
2025-05-14,2025-05-14,CM,BSE,STK,524370,INE338D01028,BODALCHEM,B,,,,,BODAL CHEMICALS LTD.,70.26,71.51,69.98,71.15,71.35,70.11,,71.2,,,22158,1567868.0,420,F1,1,,,,,,2025-05-14
2025-05-14,2025-05-14,CM,BSE,STK,524372,INE191A01027,ORCHPHARMA,A,,,,,Orchid Pharma Limited,798.3,806.0,783.05,785.8,789.0,794.75,,785.6,,,5699,4507790.0,531,F1,1,,,,,,2025-05-14
2025-05-14,2025-05-14,CM,BSE,STK,524394,INE579C01029,VIMTALABS,B,,,,,VIMTA LABS LTD.,1024.95,1071.85,1017.65,1039.55,1031.85,1017.95,,1040.05,,,19474,20254509.0,1913,F1,1,,,,,,2025-05-14
2025-05-14,2025-05-14,CM,BSE,STK,524396,INE829A01014,BIOFILCHEM,B,,,,,BIOFIL CHEMICALS & PHARMACEUTI,43.6,46.2,43.6,45.42,45.89,44.63,,45.44,,,4374,197456.0,252,F1,1,,,,,,2025-05-14
2025-05-14,2025-05-14,CM,BSE,STK,524400,INE806D01016,ISHITADR,X,,,,,ISHITA DRUGS & INDUSTRIES LTD.,77.0,77.0,74.2,74.2,74.2,74.75,,74.2,,,1095,81530.0,23,F1,1,,,,,,2025-05-14
2025-05-14,2025-05-14,CM,BSE,STK,524404,INE750C01026,MARKSANS,A,,,,,MARKSANS PHARMA LTD.,239.65,242.7,234.1,238.2,238.45,237.15,,238.27,,,84762,20254329.0,1365,F1,1,,,,,,2025-05-14
2025-05-14,2025-05-14,CM,BSE,STK,524408,INE113E01015,UNIVSTAR,X,,,,,UNIVERSAL STARCH-CHEM ALLIED L,172.8,172.8,165.8,167.5,167.5,170.4,,167.5,,,1352,225582.0,24,F1,1,,,,,,2025-05-14
2025-05-14,2025-05-14,CM,BSE,STK,524412,INE198H01019,AAREYDRUGS,B,,,,,AAREY DRUGS & PHARMACEUTICALS,52.6,54.81,52.6,53.9,53.1,54.1,,53.59,,,3060,165515.0,66,F1,1,,,,,,2025-05-14
2025-05-14,2025-05-14,CM,BSE,STK,524414,INE744C01029,NORRIS,X,,,,,NORRIS MEDICINES LTD.,16.8,17.57,16.8,17.0,17.0,17.14,,17.0,,,638,10910.0,14,F1,1,,,,,,2025-05-14
2025-05-14,2025-05-14,CM,BSE,STK,524434,INE810M01019,ASINPET,X,,,,,ASIAN PETROPRODUCTS & EXPORTS,8.12,8.3,7.7,8.12,8.3,8.08,,8.12,,,77181,612301.0,99,F1,1,,,,,,2025-05-14
2025-05-14,2025-05-14,CM,BSE,STK,524440,INE198C01010,CAMEXLTD,XT,,,,,CAMEX LTD.,39.8,39.8,37.25,38.9,38.9,38.93,,38.9,,,1326,51207.0,24,F1,1,,,,,,2025-05-14
2025-05-14,2025-05-14,CM,BSE,STK,524444,INE313M01030,EVEXIA,X,,,,,EVEXIA LIFECARE LIMITED,2.68,2.74,2.67,2.68,2.68,2.67,,2.68,,,833000,2244697.0,797,F1,1,,,,,,2025-05-14
2025-05-14,2025-05-14,CM,BSE,STK,524458,INE319N01019,INDOEURO,X,,,,,INDO EURO INDCHEM LTD.,15.98,15.98,15.2,15.9,15.9,15.49,,15.9,,,1078,17094.0,16,F1,1,,,,,,2025-05-14
2025-05-14,2025-05-14,CM,BSE,STK,524470,INE312C01025,SYNCOMF,B,,,,,SYNCOM FORMULATIONS (INDIA) LT,16.57,16.94,16.56,16.84,16.86,16.48,,16.83,,,245129,4104146.0,548,F1,1,,,,,,2025-05-14
2025-05-14,2025-05-14,CM,BSE,STK,524480,INE249D01019,RIDDHI,X,,,,,RIDDHI SIDDHI GLUCO BIOLS LTD.,588.0,589.0,575.0,583.55,585.7,589.35,,583.55,,,409,238852.0,21,F1,1,,,,,,2025-05-14
2025-05-14,2025-05-14,CM,BSE,STK,524488,INE038B01010,SVCIND,X,,,,,SVC INDUSTRIES LIMITED,3.54,3.67,3.51,3.63,3.65,3.61,,3.63,,,9151,33364.0,48,F1,1,,,,,,2025-05-14
2025-05-14,2025-05-14,CM,BSE,STK,524494,INE571A01038,IPCALAB,A,,,,,IPCA LABORATORIES LTD.,1443.95,1443.95,1399.0,1418.95,1422.0,1404.45,,1418.4,,,3873,5468477.0,470,F1,1,,,,,,2025-05-14
2025-05-14,2025-05-14,CM,BSE,STK,524500,INE729D01010,KILITCH,B,,,,,KILITCH DRUGS (INDIA) LTD.,425.0,428.0,414.1,419.9,414.1,421.3,,417.85,,,7245,3077063.0,625,F1,1,,,,,,2025-05-14
2025-05-14,2025-05-14,CM,BSE,STK,524502,INE548H01015,RAAJMEDI,P,,,,,RAAJ MEDISAFE INDIA LTD.,82.0,87.0,82.0,87.0,87.0,83.15,,87.0,,,200,16900.0,2,F1,100,,,,,,2025-05-14
2025-05-14,2025-05-14,CM,BSE,STK,524506,INE683E01017,CORALAB,X,,,,,CORAL LABORATORIES LTD.,693.0,733.9,681.05,717.05,707.2,693.2,,717.05,,,1286,899845.0,65,F1,1,,,,,,2025-05-14
2025-05-14,2025-05-14,CM,BSE,STK,524516,INE711D01018,BACPHAR,XT,,,,,BACIL PHARMA LTD.,39.75,43.93,39.75,43.7,43.93,41.84,,43.7,,,4469,191899.0,27,F1,1,,,,,,2025-05-14
2025-05-14,2025-05-14,CM,BSE,STK,524518,INE268B01013,KREBSBIO,B,,,,,KREBS BIOCHEMICALS & INDUSTRIE,77.3,77.3,74.52,74.52,74.52,74.15,,74.98,,,2,151.0,2,F1,1,,,,,,2025-05-14
2025-05-14,2025-05-14,CM,BSE,STK,524520,INE879K01018,KMCSHIL,B,,,,,KMC SPECIALITY HOSPITALS (INDI,69.0,69.79,67.51,68.52,68.5,68.64,,68.52,,,41096,2836178.0,496,F1,1,,,,,,2025-05-14
2025-05-14,2025-05-14,CM,BSE,STK,524522,INE919B01011,LAFFANSQ,X,,,,,LAFFANS PETROCHEMICALS LTD.,39.15,39.15,35.77,36.09,36.01,37.37,,36.09,,,1596,59772.0,15,F1,1,,,,,,2025-05-14
2025-05-14,2025-05-14,CM,BSE,STK,524534,INE972C01018,BHASKAGR,X,,,,,BHASKAR AGROCHEMICALS LTD.,81.98,81.98,80.5,80.6,80.6,81.98,,80.6,,,475,38885.0,12,F1,1,,,,,,2025-05-14
2025-05-14,2025-05-14,CM,BSE,STK,524542,INE450E01029,SUKHJITS,B,,,,,SUKHJIT STARCH & CHEMICALS LTD,209.6,212.6,206.5,208.4,209.0,211.85,,209.37,,,1376,287511.0,147,F1,1,,,,,,2025-05-14
2025-05-14,2025-05-14,CM,BSE,STK,524548,INE465H01012,SHARMEH,XT,,,,,SHARMA EAST INDIA HOSPITALS &,81.3,81.37,74.2,78.0,78.0,77.5,,78.0,,,102,8135.0,18,F1,1,,,,,,2025-05-14
2025-05-14,2025-05-14,CM,BSE,STK,524558,INE794A01010,NEULANDLAB,A,,,,,NEULAND LABORATORIES LTD.,12600.0,12703.75,12448.65,12472.3,12541.1,12589.45,,12474.0,,,1393,17509751.0,509,F1,1,,,,,,2025-05-14
2025-05-14,2025-05-14,CM,BSE,STK,524564,INE052E01015,GAYATRIBI,X,,,,,GAYATRI BIOORGANICS LTD.,6.73,7.13,6.73,6.85,6.85,6.89,,6.85,,,12556,86213.0,69,F1,1,,,,,,2025-05-14
2025-05-14,2025-05-14,CM,BSE,STK,524570,INE371C01013,PODDARMENT,B,,,,,PODDAR PIGMENTS LTD.,305.0,305.0,294.45,297.95,296.5,309.0,,296.9,,,303,91426.0,58,F1,1,,,,,,2025-05-14
2025-05-14,2025-05-14,CM,BSE,STK,524572,INE117D01018,PHARMAID,X,,,,,PHARMAIDS PHARMACEUTICALS LTD.,64.66,67.97,64.66,67.78,67.79,65.98,,67.78,,,6794,448933.0,52,F1,1,,,,,,2025-05-14
2025-05-14,2025-05-14,CM,BSE,STK,524576,INE737C01023,VIVIDIND,X,,,,,VIVID GLOBAL INDUSTRIES LTD.,15.73,16.0,15.01,15.86,15.86,15.74,,15.86,,,3736,58315.0,30,F1,1,,,,,,2025-05-14
2025-05-14,2025-05-14,CM,BSE,STK,524582,INE314D01011,TIRUSTA,X,,,,,TIRUPATI STARCH & CHEMICALS LT,172.0,176.05,169.2,169.5,172.8,171.45,,169.5,,,214,36303.0,10,F1,1,,,,,,2025-05-14
2025-05-14,2025-05-14,CM,BSE,STK,524590,INE422G01015,HEMORGANIC,X,,,,,HEMO ORGANIC LIMITED,9.43,9.43,8.53,9.38,9.38,9.43,,9.38,,,730,6426.0,12,F1,1,,,,,,2025-05-14
2025-05-14,2025-05-14,CM,BSE,STK,524592,INE263B01022,JAYSYNTH,X,,,,,JAYSYNTH ORGOCHEM LIMITED,19.74,20.2,19.25,19.64,20.2,19.33,,19.64,,,25063,495956.0,164,F1,1,,,,,,2025-05-14
2025-05-14,2025-05-14,CM,BSE,STK,524594,INE994D01010,AEONXDIGI,X,,,,,Aeonx Digital Technology Limit,147.6,154.9,147.6,154.9,154.9,147.55,,154.9,,,3217,495690.0,48,F1,1,,,,,,2025-05-14
2025-05-14,2025-05-14,CM,BSE,STK,524598,INE542B01011,AKSHARCHEM,B,,,,,AKSHARCHEM (INDIA) LTD.,244.0,249.5,238.0,242.25,248.5,244.0,,238.41,,,1547,372796.0,79,F1,1,,,,,,2025-05-14
2025-05-14,2025-05-14,CM,BSE,STK,524602,INE875N01036,BANDARAM,X,,,,,BANDARAM PHARMA PACKTECH LIMIT,40.52,41.0,37.0,37.65,37.65,40.52,,37.65,,,8607,322172.0,83,F1,1,,,,,,2025-05-14
2025-05-14,2025-05-14,CM,BSE,STK,524604,INE276T01018,ADLINE,P,,,,,ADLINE CHEM LAB LIMITED,13.86,13.86,13.86,13.86,13.86,13.59,,13.86,,,200,2772.0,1,F1,100,,,,,,2025-05-14
2025-05-14,2025-05-14,CM,BSE,STK,524606,INE415H01017,BERLDRG,XT,,,,,BERYL DRUGS LTD.,19.05,19.99,19.05,19.55,19.05,19.05,,19.55,,,263,5048.0,12,F1,1,,,,,,2025-05-14
2025-05-14,2025-05-14,CM,BSE,STK,524614,INE056E01024,INDXTRA,X,,,,,IEL LIMITED,5.2,5.28,5.0,5.07,5.05,4.97,,5.07,,,166966,856265.0,190,F1,1,,,,,,2025-05-14
2025-05-14,2025-05-14,CM,BSE,STK,524624,INE076D01016,GAGAN,X,,,,,GAGAN GASES LTD.,19.29,19.99,19.29,19.98,19.98,19.84,,19.98,,,815,15765.0,12,F1,1,,,,,,2025-05-14
2025-05-14,2025-05-14,CM,BSE,STK,524628,INE750B01010,PARKERAC,X,,,,,PARKER AGROCHEM EXPORTS LTD.,17.04,17.04,17.04,17.04,17.04,16.97,,17.04,,,40,681.0,1,F1,1,,,,,,2025-05-14
2025-05-14,2025-05-14,CM,BSE,STK,524632,INE551C01044,SHUKRAPHAR,XT,,,,,Shukra Pharmaceuticals Limited,13.32,13.32,13.32,13.32,13.32,12.69,,13.32,,,97281,1295782.0,327,F1,1,,,,,,2025-05-14
2025-05-14,2025-05-14,CM,BSE,STK,524634,INE058F01019,ALUFLUOR,X,,,,,ALUFLUORIDE LTD.,405.65,414.3,404.0,409.2,409.0,404.05,,409.2,,,9816,3996293.0,269,F1,1,,,,,,2025-05-14
2025-05-14,2025-05-14,CM,BSE,STK,524636,INE102E01018,OXYGENTAPH,X,,,,,OXYGENTA PHARMACEUTICAL LIMITE,84.0,88.0,80.6,85.12,85.12,85.01,,85.12,,,4250,370577.0,34,F1,1,,,,,,2025-05-14
2025-05-14,2025-05-14,CM,BSE,STK,524640,INE078I01011,ARCHITORG,X,,,,,ARCHIT ORGANOSYS LTD.,40.5,42.4,40.5,41.87,42.0,39.31,,41.87,,,9118,378891.0,60,F1,1,,,,,,2025-05-14
2025-05-14,2025-05-14,CM,BSE,STK,524642,INE528E01022,SIKOZY,X,,,,,SIKOZY REALTORS LIMITED,0.96,0.96,0.96,0.96,0.96,1.01,,0.96,,,1059,1016.0,6,F1,1,,,,,,2025-05-14
2025-05-14,2025-05-14,CM,BSE,STK,524648,INE760F01028,INDOAMIN,B,,,,,INDO AMINES LTD.,133.8,137.0,132.9,135.9,135.8,131.75,,135.89,,,8973,1210897.0,329,F1,1,,,,,,2025-05-14
2025-05-14,2025-05-14,CM,BSE,STK,524652,INE788B01028,INDSWFTLTD,B,,,,,IND-SWIFT LTD.,14.59,14.65,13.39,13.72,13.68,13.45,,13.85,,,7734,107968.0,101,F1,1,,,,,,2025-05-14
2025-05-14,2025-05-14,CM,BSE,STK,524654,INE936B01015,NATCAPSUQ,B,,,,,NATURAL CAPSULES LTD.,201.9,207.95,201.9,205.75,206.9,201.9,,204.82,,,582,120069.0,56,F1,1,,,,,,2025-05-14
2025-05-14,2025-05-14,CM,BSE,STK,524661,INE331C01017,WELCURE,X,,,,,WELCURE DRUGS & PHARMACEUTICAL,11.62,11.65,11.0,11.25,11.25,11.15,,11.25,,,81198,924927.0,298,F1,1,,,,,,2025-05-14
2025-05-14,2025-05-14,CM,BSE,STK,524663,INE994B01014,BIBCL,B,,,,,BHARAT IMMUNOLOGICALS & BIOLOG,23.0,23.34,22.71,22.95,22.8,22.62,,22.95,,,19923,458442.0,101,F1,1,,,,,,2025-05-14
2025-05-14,2025-05-14,CM,BSE,STK,524667,INE035D01020,SOTL,B,,,,,SAVITA OIL TECHNOLOGIES LTD.,389.7,395.8,386.4,391.25,392.05,386.35,,390.05,,,2885,1127028.0,188,F1,1,,,,,,2025-05-14
2025-05-14,2025-05-14,CM,BSE,STK,524669,INE782E01017,HESTERBIO,B,,,,,HESTER BIOSCIENCES LTD.,1765.1,1823.95,1738.4,1805.8,1786.1,1769.35,,1806.8,,,457,817182.0,108,F1,1,,,,,,2025-05-14
2025-05-14,2025-05-14,CM,BSE,STK,524675,INE645C01010,KABSON,X,,,,,KABSONS INDUSTRIES LTD.,22.87,23.36,21.3,21.75,21.95,22.42,,21.75,,,18756,411745.0,152,F1,1,,,,,,2025-05-14
2025-05-14,2025-05-14,CM,BSE,STK,524687,INE473E01021,BASANTGL,X,,,,,BASANT AGRO TECH (INDIA) LTD.,13.65,13.65,13.3,13.62,13.64,13.24,,13.62,,,49270,666663.0,242,F1,1,,,,,,2025-05-14
2025-05-14,2025-05-14,CM,BSE,STK,524703,INE751D01014,SANDUPHQ,X,,,,,SANDU PHARMACEUTICALS LTD.,51.6,53.8,51.0,52.95,52.26,51.51,,52.95,,,1620,84946.0,31,F1,1,,,,,,2025-05-14
2025-05-14,2025-05-14,CM,BSE,STK,524709,INE295D01020,NACLIND,T,,,,,NACL Industries Limited,182.95,187.65,178.0,187.65,187.65,178.75,,190.26,,,20616,3834626.0,171,F1,1,,,,,,2025-05-14
2025-05-14,2025-05-14,CM,BSE,STK,524711,INE427C01021,VISTAPH,Z,,,,,VISTA PHARMACEUTICALS LTD.,10.89,10.89,10.5,10.88,10.88,10.5,,10.88,,,5977,63372.0,27,F1,1,,,,,,2025-05-14
2025-05-14,2025-05-14,CM,BSE,STK,524715,INE044A01036,SUNPHARMA,A,,,,,SUN PHARMACEUTICAL INDUSTRIES,1703.5,1710.0,1692.6,1708.05,1709.9,1700.35,,1708.2,,,54352,92588635.0,3730,F1,1,,,,,,2025-05-14
2025-05-14,2025-05-14,CM,BSE,STK,524717,INE150C01011,TITANBIO,X,,,,,TITAN BIOTECH LTD.,464.95,464.95,456.2,458.15,458.15,460.35,,458.15,,,3954,1814291.0,164,F1,1,,,,,,2025-05-14
2025-05-14,2025-05-14,CM,BSE,STK,524727,INE004E01016,SDL,X,,,,,Span Divergent Limited,24.15,24.15,24.15,24.15,24.15,24.15,,24.15,,,23,555.0,5,F1,1,,,,,,2025-05-14
2025-05-14,2025-05-14,CM,BSE,STK,524731,INE354A01013,JENBURPH,X,,,,,JENBURKT PHARMACEUTICALS LTD.,1035.0,1035.0,1011.5,1025.2,1025.2,1033.5,,1025.2,,,425,435979.0,47,F1,1,,,,,,2025-05-14
2025-05-14,2025-05-14,CM,BSE,STK,524735,INE475B01022,HIKAL,B,,,,,HIKAL LTD.,417.35,449.3,403.65,421.2,421.2,408.65,,421.5,,,119909,51108616.0,4797,F1,1,,,,,,2025-05-14
2025-05-14,2025-05-14,CM,BSE,STK,524742,INE475E01026,CAPLIPOINT,A,,,,,CAPLIN POINT LABORATORIES LTD.,2021.95,2039.0,2001.4,2015.8,2012.5,2004.55,,2015.4,,,7351,14840185.0,1306,F1,1,,,,,,2025-05-14
2025-05-14,2025-05-14,CM,BSE,STK,524743,INE771F01025,FISCHER,B,,,,,FISCHER MEDICAL VENTURES LIMIT,820.0,865.0,810.0,852.1,853.0,833.15,,852.1,,,9779,8155339.0,215,F1,1,,,,,,2025-05-14
2025-05-14,2025-05-14,CM,BSE,STK,524748,INE302F01011,LINKPH,X,,,,,LINK PHARMA CHEM LTD.,36.75,36.75,34.75,35.65,35.95,35.0,,35.65,,,1516,53072.0,11,F1,1,,,,,,2025-05-14
2025-05-14,2025-05-14,CM,BSE,STK,524752,INE643N01012,DECIPHER,X,,,,,DECIPHER LABS LIMITED,11.83,12.09,11.01,11.79,11.79,11.83,,11.79,,,8193,95210.0,78,F1,1,,,,,,2025-05-14
2025-05-14,2025-05-14,CM,BSE,STK,524768,INE634B01016,EMMESSA,X,,,,,EMMESSAR BIOTECH & NUTRITION L,36.12,36.12,34.0,34.75,34.8,33.25,,34.75,,,2189,75037.0,17,F1,1,,,,,,2025-05-14
2025-05-14,2025-05-14,CM,BSE,STK,524774,INE887E01022,NGLFINE,T,,,,,NGL FINE-CHEM LTD.,1149.95,1150.0,1149.95,1150.0,1150.0,1101.15,,1157.3,,,52,59799.0,7,F1,1,,,,,,2025-05-14
2025-05-14,2025-05-14,CM,BSE,STK,524790,INE334C01029,EVERESTO,XT,,,,,EVEREST ORGANICS LTD.,375.0,406.4,375.0,401.25,406.4,387.05,,401.25,,,6069,2421017.0,108,F1,1,,,,,,2025-05-14
2025-05-14,2025-05-14,CM,BSE,STK,524804,INE406A01037,AUROPHARMA,A,,,,,AUROBINDO PHARMA LTD.,1225.6,1235.65,1208.65,1219.6,1218.55,1222.4,,1220.0,,,70303,85437356.0,2872,F1,1,,,,,,2025-05-14
2025-05-14,2025-05-14,CM,BSE,STK,524816,INE987B01026,NATCOPHARM,A,,,,,NATCO PHARMA LTD.,827.6,834.0,820.3,827.65,827.65,821.35,,827.9,,,12209,10117222.0,728,F1,1,,,,,,2025-05-14
2025-05-14,2025-05-14,CM,BSE,STK,524818,INE457C01010,DYNAMIND,X,,,,,DYNAMIC INDUSTRIES LTD.,95.25,95.25,90.41,92.81,92.8,93.56,,92.81,,,1122,102928.0,18,F1,1,,,,,,2025-05-14
2025-05-14,2025-05-14,CM,BSE,STK,524820,INE305C01029,PANAMAPET,B,,,,,PANAMA PETROCHEM LTD.,382.35,386.65,373.6,375.0,373.6,381.45,,375.95,,,681,259130.0,57,F1,1,,,,,,2025-05-14
2025-05-14,2025-05-14,CM,BSE,STK,524824,INE083D01012,BALPHARMA,B,,,,,BAL PHARMA LTD.,103.25,103.25,97.35,101.85,102.1,101.05,,101.98,,,4562,459571.0,349,F1,1,,,,,,2025-05-14
2025-05-14,2025-05-14,CM,BSE,STK,524828,INE278D01018,BDH,X,,,,,BDH INDUSTRIES LTD.,265.05,270.0,264.95,268.4,268.4,265.25,,268.4,,,1170,313858.0,32,F1,1,,,,,,2025-05-14
2025-05-14,2025-05-14,CM,BSE,STK,526001,INE593O01017,JAUSPOL,X,,,,,JAUSS POLYMERS LTD.,7.0,7.0,7.0,7.0,7.0,7.36,,7.0,,,817,5719.0,9,F1,1,,,,,,2025-05-14
2025-05-14,2025-05-14,CM,BSE,STK,526025,INE064L01015,GLOBUSCON,X,,,,,GLOBUS CONSTRUCTORS & DEVELOPE,16.22,16.99,16.0,16.87,16.48,15.84,,16.87,,,17319,287751.0,94,F1,1,,,,,,2025-05-14
2025-05-14,2025-05-14,CM,BSE,STK,526027,INE144D01012,CUBEXTUB,B,,,,,CUBEX TUBINGS LTD.,88.0,88.0,81.93,84.31,85.44,82.0,,84.9,,,15626,1326533.0,306,F1,1,,,,,,2025-05-14
2025-05-14,2025-05-14,CM,BSE,STK,526043,INE809B01014,POLYCHMP,X,,,,,POLYMECHPLAST MACHINES LTD.,61.0,61.0,56.0,57.97,57.97,55.34,,57.97,,,1989,116191.0,47,F1,1,,,,,,2025-05-14
2025-05-14,2025-05-14,CM,BSE,STK,526071,INE395F01023,STELLANT,XT,,,,,STELLANT SECURITIES (INDIA) LT,130.45,130.45,127.85,127.85,127.85,130.45,,127.85,,,358,45918.0,11,F1,1,,,,,,2025-05-14
2025-05-14,2025-05-14,CM,BSE,STK,526073,INE020S01012,GALXBRG,X,,,,,GALAXY BEARINGS LTD.,767.0,875.0,766.95,849.15,837.0,752.55,,849.15,,,2325,1896944.0,298,F1,1,,,,,,2025-05-14
2025-05-14,2025-05-14,CM,BSE,STK,526081,INE895E01017,SCAGRO,X,,,,,SC Agrotech Limited,16.74,16.74,16.74,16.74,16.74,16.74,,16.74,,,15,251.0,1,F1,1,,,,,,2025-05-14
2025-05-14,2025-05-14,CM,BSE,STK,526095,INE427E01027,RALEGRA,X,,,,,RAVILEELA GRANITES LTD.,38.99,38.99,35.5,38.4,38.4,35.45,,38.4,,,106,3919.0,14,F1,1,,,,,,2025-05-14
2025-05-14,2025-05-14,CM,BSE,STK,526113,INE602H01010,UNRYLMA,X,,,,,UNIROYAL MARINE EXPORTS LTD.,14.11,14.11,14.11,14.11,14.11,14.03,,14.11,,,97,1368.0,2,F1,1,,,,,,2025-05-14
2025-05-14,2025-05-14,CM,BSE,STK,526117,INE011D01013,SHERVANI,X,,,,,SHERVANI INDUSTRIAL SYNDICATE,429.8,429.8,410.0,415.0,415.0,429.8,,415.0,,,143,59102.0,17,F1,1,,,,,,2025-05-14
2025-05-14,2025-05-14,CM,BSE,STK,526125,INE00HZ01011,BNHOLDINGS,X,,,,,BN HOLDINGS LIMITED,159.95,161.0,155.1,155.4,156.0,158.1,,155.4,,,9414,1495877.0,33,F1,1,,,,,,2025-05-14
2025-05-14,2025-05-14,CM,BSE,STK,526133,INE881B01054,SUPERTEX,XT,,,,,SUPERTEX INDUSTRIES LTD.,8.06,8.06,7.75,8.01,8.01,8.06,,8.01,,,3998,31907.0,17,F1,1,,,,,,2025-05-14
2025-05-14,2025-05-14,CM,BSE,STK,526137,INE278C01010,SHETR,X,,,,,SHETRON LTD.,131.95,135.0,131.95,133.0,133.0,132.85,,133.0,,,1109,146915.0,14,F1,1,,,,,,2025-05-14
2025-05-14,2025-05-14,CM,BSE,STK,526139,INE773D01018,TRABI,XT,,,,,TRANSGENE BIOTEK LTD.,3.84,3.84,3.65,3.83,3.83,3.66,,3.83,,,6094,23255.0,31,F1,1,,,,,,2025-05-14
2025-05-14,2025-05-14,CM,BSE,STK,526143,INE343A01016,MPL,X,,,,,MPL PLASTICS LTD.,10.0,10.3,9.76,10.1,10.1,10.05,,10.1,,,2471,24712.0,34,F1,1,,,,,,2025-05-14
2025-05-14,2025-05-14,CM,BSE,STK,526159,INE926C01022,NIKHILAD,X,,,,,NIKHIL ADHESIVES LTD.,86.0,89.5,86.0,87.42,87.42,85.51,,87.42,,,14383,1252665.0,130,F1,1,,,,,,2025-05-14
2025-05-14,2025-05-14,CM,BSE,STK,526161,INE175C01018,SPENTA,X,,,,,SPENTA INTERNATIONAL LTD.,134.0,134.0,134.0,134.0,134.0,134.85,,134.0,,,9,1206.0,3,F1,1,,,,,,2025-05-14
2025-05-14,2025-05-14,CM,BSE,STK,526169,INE678F01014,MULTIBASE,X,,,,,MULTIBASE INDIA LTD.,287.8,288.0,281.0,286.55,287.3,284.0,,286.55,,,7557,2164747.0,241,F1,1,,,,,,2025-05-14
2025-05-14,2025-05-14,CM,BSE,STK,526173,INE449C01025,ANDREWYU,B,,,,,ANDREW YULE & COMPANY LTD.,28.29,29.2,28.02,28.98,28.98,27.76,,28.98,,,133250,3825752.0,523,F1,1,,,,,,2025-05-14
2025-05-14,2025-05-14,CM,BSE,STK,526179,INE983C01015,LUDLOWJUT,XT,,,,,LUDLOW JUTE & SPECIALITIES LTD,220.45,220.45,220.45,220.45,220.45,218.5,,220.45,,,2112,465590.0,19,F1,1,,,,,,2025-05-14
2025-05-14,2025-05-14,CM,BSE,STK,526187,INE293C01019,ASHRAM,X,,,,,ASHRAM ONLINE.COM LTD.,5.15,5.15,4.77,4.77,4.77,5.16,,4.77,,,545,2730.0,8,F1,1,,,,,,2025-05-14
2025-05-14,2025-05-14,CM,BSE,STK,526193,INE618A01011,ROYALCU,X,,,,,ROYAL CUSHION VINYL PRODUCTS L,28.5,28.5,27.8,27.84,27.8,28.31,,27.84,,,4974,138619.0,22,F1,1,,,,,,2025-05-14
2025-05-14,2025-05-14,CM,BSE,STK,526211,INE170U01011,SURJIND,X,,,,,SURAJ INDUSTRIES LTD.,82.81,87.99,82.81,85.07,85.07,86.35,,85.07,,,1359,116348.0,34,F1,1,,,,,,2025-05-14
2025-05-14,2025-05-14,CM,BSE,STK,526217,INE120D01012,HITECHCORP,B,,,,,Hitech Corporation Limited,186.0,191.9,184.6,186.55,186.65,184.5,,186.01,,,99,18582.0,27,F1,1,,,,,,2025-05-14
2025-05-14,2025-05-14,CM,BSE,STK,526225,INE253C01013,BLOOM,XT,,,,,BLOOM DEKOR LTD.,11.02,11.02,11.0,11.0,11.0,11.02,,11.0,,,9,99.0,3,F1,1,,,,,,2025-05-14
2025-05-14,2025-05-14,CM,BSE,STK,526227,INE816B01035,FILATEX,B,,,,,FILATEX INDIA LTD.,47.24,48.7,46.99,48.15,48.15,46.7,,48.35,,,134205,6412686.0,1195,F1,1,,,,,,2025-05-14
2025-05-14,2025-05-14,CM,BSE,STK,526231,INE307D01015,STDSFAC,X,,,,,STANDARD SURFACTANTS LTD.,41.8,44.3,41.8,43.87,43.87,42.89,,43.87,,,462,19610.0,24,F1,1,,,,,,2025-05-14
2025-05-14,2025-05-14,CM,BSE,STK,526237,INE902C01015,MORGAN,X,,,,,MORGAN VENTURES LTD.,89.5,93.49,87.9,89.87,89.96,86.21,,89.87,,,6166,554481.0,84,F1,1,,,,,,2025-05-14
2025-05-14,2025-05-14,CM,BSE,STK,526241,INE762C01021,AMRAPLIN,X,,,,,AMRAPALI INDUSTRIES LTD.,16.2,17.49,16.2,16.72,16.98,16.52,,16.72,,,9247,157221.0,73,F1,1,,,,,,2025-05-14
2025-05-14,2025-05-14,CM,BSE,STK,526247,INE863B01029,PREMEXPLN,B,,,,,PREMIER EXPLOSIVES LTD.,457.25,469.65,437.95,445.75,445.75,456.35,,446.35,,,209021,95384673.0,6168,F1,1,,,,,,2025-05-14
2025-05-14,2025-05-14,CM,BSE,STK,526251,INE033E01015,MIDEASTP,X,,,,,MID EAST PORTFOLIO MANAGEMENT,21.14,21.14,20.14,20.94,20.99,20.14,,20.94,,,1978,41282.0,23,F1,1,,,,,,2025-05-14
2025-05-14,2025-05-14,CM,BSE,STK,526263,INE835B01035,MOLDTECH,B,,,,,MOLD-TEK TECHNOLOGIES LTD.,142.0,147.95,141.85,145.85,145.9,142.5,,145.82,,,11816,1718016.0,376,F1,1,,,,,,2025-05-14
2025-05-14,2025-05-14,CM,BSE,STK,526269,INE293N01016,CRSTCHM,XT,,,,,CRESTCHEM LTD.,209.0,211.0,198.55,208.35,209.0,208.95,,208.35,,,890,179079.0,59,F1,1,,,,,,2025-05-14
2025-05-14,2025-05-14,CM,BSE,STK,526299,INE356A01018,MPHASIS,A,,,,,MPHASIS LTD.,2489.65,2581.95,2476.95,2571.45,2575.1,2489.65,,2571.6,,,7504,19077702.0,1407,F1,1,,,,,,2025-05-14
2025-05-14,2025-05-14,CM,BSE,STK,526301,INE047C01019,MEDINOV,X,,,,,MEDINOVA DIAGNOSTIC SERVICES L,39.8,39.8,38.75,38.98,39.2,39.78,,38.98,,,3049,119219.0,37,F1,1,,,,,,2025-05-14
2025-05-14,2025-05-14,CM,BSE,STK,526315,INE410G01010,DIVSHKT,X,,,,,DIVYASHAKTI LIMITED,69.5,69.5,65.27,66.37,66.37,65.09,,66.37,,,286,18816.0,26,F1,1,,,,,,2025-05-14
2025-05-14,2025-05-14,CM,BSE,STK,526325,INE609C01024,ORIENTLTD,B,,,,,ORIENT PRESS LTD.,82.5,82.5,80.01,81.31,82.2,82.5,,81.78,,,380,31067.0,31,F1,1,,,,,,2025-05-14
2025-05-14,2025-05-14,CM,BSE,STK,526335,INE115F01017,SHREYASI,X,,,,,SHREYAS INTERMEDIATES LTD.,9.3,9.85,8.83,9.0,9.0,9.0,,9.0,,,5741,53052.0,22,F1,1,,,,,,2025-05-14
2025-05-14,2025-05-14,CM,BSE,STK,526345,INE744D01019,PANJON,XT,,,,,PANJON LTD.,19.41,20.15,19.41,20.07,20.07,19.39,,20.07,,,1920,37874.0,13,F1,1,,,,,,2025-05-14
2025-05-14,2025-05-14,CM,BSE,STK,526355,INE138B01018,DUROPACK,X,,,,,DUROPACK LTD.,79.5,79.5,79.5,79.5,79.5,74.37,,79.5,,,3,238.0,1,F1,1,,,,,,2025-05-14
2025-05-14,2025-05-14,CM,BSE,STK,526365,INE967A01012,SWARNSAR,X,,,,,SWARNSARITA JEWELS INDIA LIMIT,32.21,35.45,32.21,34.32,34.32,32.14,,34.32,,,34191,1165196.0,179,F1,1,,,,,,2025-05-14
2025-05-14,2025-05-14,CM,BSE,STK,526367,INE460C01014,GANESHHOUC,B,,,,,GANESH HOUSING CORPORATION LTD,1003.25,1025.6,910.9,977.95,977.95,1003.0,,978.5,,,40313,39157155.0,3140,F1,1,,,,,,2025-05-14
2025-05-14,2025-05-14,CM,BSE,STK,526371,INE584A01023,NMDC,A,,,,,NMDC LTD.,67.62,70.34,67.43,70.07,70.07,67.26,,70.04,,,2934360,203362416.0,13445,F1,1,,,,,,2025-05-14
2025-05-14,2025-05-14,CM,BSE,STK,526373,INE908C01012,CINDHO,X,,,,,CINDRELLA HOTELS LTD.,59.9,62.2,59.9,62.19,62.19,59.28,,62.19,,,4856,301990.0,15,F1,1,,,,,,2025-05-14
2025-05-14,2025-05-14,CM,BSE,STK,526381,INE529D01014,PATINTLOG,B,,,,,PATEL INTEGRATED LOGISTICS LTD,15.05,15.88,15.05,15.72,15.82,15.05,,15.67,,,26161,406619.0,267,F1,1,,,,,,2025-05-14
2025-05-14,2025-05-14,CM,BSE,STK,526397,INE137C01018,ALPHAGEO,T,,,,,ALPHAGEO (INDIA) LTD.,243.85,254.6,243.85,250.05,250.05,243.85,,251.84,,,748,187382.0,33,F1,1,,,,,,2025-05-14
2025-05-14,2025-05-14,CM,BSE,STK,526407,INE299D01022,HAMPTON,X,,,,,HAMPTON SKY REALTY LIMITED,26.35,29.2,26.35,28.02,28.1,26.85,,28.02,,,79540,2194817.0,304,F1,1,,,,,,2025-05-14
2025-05-14,2025-05-14,CM,BSE,STK,526409,INE301C01028,KKALPANAIND,XT,,,,,KKALPANA INDUSTRIES (INDIA) LT,12.07,12.07,11.15,12.0,12.0,11.5,,12.0,,,71758,854635.0,124,F1,1,,,,,,2025-05-14
2025-05-14,2025-05-14,CM,BSE,STK,526415,INE870B01024,OKPLA,X,,,,,OK PLAY INDIA LTD.,10.1,10.39,10.0,10.34,10.34,9.98,,10.34,,,450678,4609550.0,575,F1,1,,,,,,2025-05-14
2025-05-14,2025-05-14,CM,BSE,STK,526423,INE479D01038,KRITI,B,,,,,KRITI INDUSTRIES (INDIA) LTD.,118.08,122.2,118.08,120.4,120.68,118.08,,120.44,,,1624,195836.0,203,F1,1,,,,,,2025-05-14
2025-05-14,2025-05-14,CM,BSE,STK,526433,INE867C01010,ASMTEC,B,,,,,ASM TECHNOLOGIES LTD.,1532.0,1579.0,1515.55,1565.45,1572.65,1509.95,,1565.45,,,12419,19307133.0,893,F1,1,,,,,,2025-05-14
2025-05-14,2025-05-14,CM,BSE,STK,526435,INE759I01024,PERFEPA,X,,,,,PERFECTPAC LTD.,103.1,107.95,100.25,106.45,106.45,102.95,,106.45,,,3028,314689.0,50,F1,1,,,,,,2025-05-14
2025-05-14,2025-05-14,CM,BSE,STK,526439,INE267C01013,AMBIT,X,,,,,AMBITIOUS PLASTOMAC COMPANY LT,9.8,9.85,9.79,9.85,9.85,9.78,,9.85,,,754,7413.0,9,F1,1,,,,,,2025-05-14
2025-05-14,2025-05-14,CM,BSE,STK,526441,INE515B01025,VISIONCINE,X,,,,,VISION CINEMAS LTD.,1.15,1.15,1.06,1.08,1.08,1.1,,1.08,,,24169,26484.0,70,F1,1,,,,,,2025-05-14
2025-05-14,2025-05-14,CM,BSE,STK,526443,INE072B01027,AEIM,XT,,,,,Artificial Electronics Intelli,268.3,268.3,268.3,268.3,268.3,263.05,,268.3,,,2901,778338.0,22,F1,1,,,,,,2025-05-14
2025-05-14,2025-05-14,CM,BSE,STK,526445,INE007C01021,INDRANIB,XT,,,,,INDRAYANI BIOTECH LTD.,16.74,16.74,15.16,15.16,15.16,15.95,,15.16,,,56164,854100.0,138,F1,1,,,,,,2025-05-14
2025-05-14,2025-05-14,CM,BSE,STK,526468,INE940E01011,EUROLED,X,,,,,EURO LEDER FASHION LTD.,22.35,22.35,20.5,20.99,20.99,21.25,,20.99,,,366,7725.0,17,F1,1,,,,,,2025-05-14
2025-05-14,2025-05-14,CM,BSE,STK,526471,INE391C01011,WINSOMBR,X,,,,,WINSOME BREWERIES LTD.,35.9,35.9,34.61,35.17,35.35,35.87,,35.17,,,9598,337453.0,197,F1,1,,,,,,2025-05-14
2025-05-14,2025-05-14,CM,BSE,STK,526473,INE152E01013,ELEFLOR,X,,,,,ELEGANT FLORICULTURE & AGROTEC,5.19,5.34,4.77,5.07,5.03,5.19,,5.07,,,47659,241305.0,111,F1,1,,,,,,2025-05-14
2025-05-14,2025-05-14,CM,BSE,STK,526479,INE765B01018,SKYIND,X,,,,,SKY INDUSTRIES LTD.,85.1,88.74,83.32,86.04,87.4,86.8,,86.04,,,4067,347943.0,79,F1,1,,,,,,2025-05-14
2025-05-14,2025-05-14,CM,BSE,STK,526481,INE245B01011,PHOENXINTL,X,,,,,PHOENIX INTERNATIONAL LTD.,40.01,42.97,40.01,40.22,40.05,41.92,,40.22,,,1067,44092.0,15,F1,1,,,,,,2025-05-14
2025-05-14,2025-05-14,CM,BSE,STK,526488,INE432N01010,BHUDEVI,XT,,,,,BHUDEVI INFRA PROJECTS LIMITED,316.6,316.6,316.6,316.6,316.6,323.05,,316.6,,,104,32926.0,18,F1,1,,,,,,2025-05-14
2025-05-14,2025-05-14,CM,BSE,STK,526490,INE206C01029,PRATIK,X,,,,,PRATIK PANELS LTD.,7.12,7.2,7.1,7.19,7.1,7.12,,7.19,,,56007,399223.0,136,F1,1,,,,,,2025-05-14
2025-05-14,2025-05-14,CM,BSE,STK,526492,INE582D01013,RISHIROOP,XT,,,,,Rishiroop Limited,113.05,120.5,113.05,118.65,119.95,117.0,,118.65,,,2489,295994.0,51,F1,1,,,,,,2025-05-14
2025-05-14,2025-05-14,CM,BSE,STK,526494,INE818D01011,PROMACT,X,,,,,PROMACT IMPEX LIMITED,11.0,11.0,10.1,10.74,10.74,11.0,,10.74,,,130,1415.0,9,F1,1,,,,,,2025-05-14
2025-05-14,2025-05-14,CM,BSE,STK,526500,INE398F01019,STRGRENWO,X,,,,,STERLING GREEN WOODS LTD.,36.52,37.67,36.52,36.52,36.52,36.5,,36.52,,,179,6554.0,4,F1,1,,,,,,2025-05-14
2025-05-14,2025-05-14,CM,BSE,STK,526506,INE356B01024,SYSTMTXC,B,,,,,SYSTEMATIX CORPORATE SERVICES,143.5,144.0,136.5,137.15,137.15,136.65,,137.15,,,30931,4295198.0,441,F1,1,,,,,,2025-05-14
2025-05-14,2025-05-14,CM,BSE,STK,526508,INE825D01016,SHAHISHIP,X,,,,,Shahi Shipping Limited,17.32,17.32,16.21,17.32,17.32,15.75,,17.32,,,15886,271696.0,173,F1,1,,,,,,2025-05-14
2025-05-14,2025-05-14,CM,BSE,STK,526519,INE840D01015,ALPINEHOU,X,,,,,ALPINE HOUSING DEVELOPMENT COR,114.8,122.0,114.0,114.9,116.4,115.85,,114.9,,,1240,142489.0,35,F1,1,,,,,,2025-05-14
2025-05-14,2025-05-14,CM,BSE,STK,526521,INE999B01013,SANGHIIND,B,,,,,SANGHI INDUSTRIES LTD.,60.27,61.07,59.97,60.73,60.8,59.97,,60.68,,,8049,487493.0,210,F1,1,,,,,,2025-05-14
2025-05-14,2025-05-14,CM,BSE,STK,526525,INE550D01010,WWALUM,X,,,,,WORLDWIDE ALUMINIUM LIMITED,19.85,19.85,18.88,19.4,19.4,19.85,,19.4,,,404,7747.0,8,F1,1,,,,,,2025-05-14
2025-05-14,2025-05-14,CM,BSE,STK,526530,INE670C01026,IIRM,X,,,,,IIRM HOLDINGS INDIA LIMITED,82.25,82.25,80.0,80.02,82.0,80.24,,80.02,,,1850,151127.0,16,F1,1,,,,,,2025-05-14
2025-05-14,2025-05-14,CM,BSE,STK,526532,INE716K01020,SFPIL,X,,,,,SQUARE FOUR PROJECTS INDIA LIM,10.9,10.9,10.5,10.5,10.5,10.5,,10.5,,,164,1758.0,7,F1,1,,,,,,2025-05-14
2025-05-14,2025-05-14,CM,BSE,STK,526544,INE967B01028,SGLRES,XT,,,,,SGL RESOURCES LIMITED,2.9,3.1,2.9,3.08,3.08,2.99,,3.08,,,63745,195046.0,167,F1,1,,,,,,2025-05-14
2025-05-14,2025-05-14,CM,BSE,STK,526546,INE493D01013,CHOKSILA,X,,,,,CHOKSI LABORATORIES LTD.,123.0,123.0,117.25,119.3,118.2,120.0,,119.3,,,2738,328784.0,25,F1,1,,,,,,2025-05-14
2025-05-14,2025-05-14,CM,BSE,STK,526550,INE652F01027,CCHHL,B,,,,,COUNTRY CLUB HOSPITALITY AND H,16.0,16.24,15.65,15.9,15.9,15.97,,15.76,,,2972,47023.0,51,F1,1,,,,,,2025-05-14
2025-05-14,2025-05-14,CM,BSE,STK,526568,INE696E01019,LONTE,Z,,,,,LONGVIEW TEA COMPANY LTD.,34.0,35.7,34.0,35.2,35.2,35.7,,35.2,,,1061,36084.0,7,F1,1,,,,,,2025-05-14
2025-05-14,2025-05-14,CM,BSE,STK,526570,INE519N01014,MIDWEST,XT,,,,,MIDWEST GOLD LTD.,466.0,470.6,465.0,470.6,470.6,461.4,,470.6,,,745,348736.0,21,F1,1,,,,,,2025-05-14
2025-05-14,2025-05-14,CM,BSE,STK,526574,INE439G01019,ENTRINT,X,,,,,ENTERPRISE INTERNATIONAL LTD.,23.27,24.1,22.12,24.1,24.1,23.27,,24.1,,,406,9355.0,6,F1,1,,,,,,2025-05-14
2025-05-14,2025-05-14,CM,BSE,STK,526582,INE413G01022,TPLPLASTEH,B,,,,,TPL PLASTECH LTD.,80.5,82.6,80.14,81.45,82.6,80.17,,81.44,,,9134,739041.0,579,F1,1,,,,,,2025-05-14
2025-05-14,2025-05-14,CM,BSE,STK,526586,INE015B01018,WIMPLAST,X,,,,,WIM PLAST LTD.,481.35,483.0,475.3,479.65,480.0,479.0,,479.65,,,3136,1505200.0,92,F1,1,,,,,,2025-05-14
2025-05-14,2025-05-14,CM,BSE,STK,526588,INE813B01016,PHOTOQUP,X,,,,,PHOTOQUIP INDIA LTD.,19.1,19.2,18.8,19.19,18.8,18.52,,19.19,,,91,1742.0,6,F1,1,,,,,,2025-05-14
2025-05-14,2025-05-14,CM,BSE,STK,526596,INE557B01019,LIBERTSHOE,B,,,,,LIBERTY SHOES LTD.,439.0,439.0,420.0,431.85,431.35,419.1,,430.1,,,5280,2271680.0,580,F1,1,,,,,,2025-05-14
2025-05-14,2025-05-14,CM,BSE,STK,526604,INE845B01018,LIPPISYS,XT,,,,,LIPPI SYSTEMS LTD.,22.0,22.0,21.99,21.99,21.99,21.0,,21.99,,,132,2903.0,6,F1,1,,,,,,2025-05-14
2025-05-14,2025-05-14,CM,BSE,STK,526608,INE822G01016,ELECTHERM,T,,,,,ELECTROTHERM (INDIA) LTD.,1104.85,1104.85,1099.35,1104.85,1104.85,1083.2,,1104.9,,,31166,34433227.0,25,F1,1,,,,,,2025-05-14
2025-05-14,2025-05-14,CM,BSE,STK,526612,INE233B01017,BLUEDART,A,,,,,BLUE DART EXPRESS LTD.,6920.6,6993.0,6784.0,6874.0,6960.0,6927.45,,6897.0,,,616,4249811.0,240,F1,1,,,,,,2025-05-14
2025-05-14,2025-05-14,CM,BSE,STK,526614,INE561D01025,EXPOGAS,X,,,,,EXPO GAS CONTAINERS LTD.,64.0,67.99,62.0,66.06,65.35,62.02,,66.06,,,35286,2308616.0,278,F1,1,,,,,,2025-05-14
2025-05-14,2025-05-14,CM,BSE,STK,526616,INE233D01013,NATPLAS,X,,,,,NATIONAL PLASTIC INDUSTRIES LT,54.9,55.74,54.2,54.4,54.25,54.08,,54.4,,,1804,98522.0,45,F1,1,,,,,,2025-05-14
2025-05-14,2025-05-14,CM,BSE,STK,526622,INE244C01020,MFLINDIA,X,,,,,MFL INDIA LTD.,0.6,0.62,0.59,0.6,0.6,0.6,,0.6,,,387704,231884.0,485,F1,1,,,,,,2025-05-14
2025-05-14,2025-05-14,CM,BSE,STK,526638,INE594V01028,TEXELIN,XT,,,,,TEXEL INDUSTRIES LTD.,120.4,128.0,120.0,127.2,125.85,125.95,,127.2,,,43247,5305680.0,221,F1,1,,,,,,2025-05-14
2025-05-14,2025-05-14,CM,BSE,STK,526640,INE008C01011,RAYALEMA,X,,,,,ROYALE MANOR HOTELS & INDUSTRI,56.99,57.45,52.5,53.39,52.71,56.49,,53.39,,,31636,1743365.0,194,F1,1,,,,,,2025-05-14
2025-05-14,2025-05-14,CM,BSE,STK,526642,INE771A01026,MIRZAINT,B,,,,,MIRZA INTERNATIONAL LTD.,30.02,30.36,29.93,30.08,30.06,29.58,,30.19,,,4941,148766.0,127,F1,1,,,,,,2025-05-14
2025-05-14,2025-05-14,CM,BSE,STK,526650,INE305A01015,TFCILTD,A,,,,,TOURISM FINANCE CORPORATION OF,209.0,216.1,204.5,208.5,207.9,207.25,,208.39,,,77830,16325354.0,1556,F1,1,,,,,,2025-05-14
2025-05-14,2025-05-14,CM,BSE,STK,526654,INE403F01017,THAKDEV,X,,,,,THAKKERS DEVELOPERS LTD.,194.0,194.0,176.0,179.55,178.0,191.25,,179.55,,,271,48379.0,22,F1,1,,,,,,2025-05-14
2025-05-14,2025-05-14,CM,BSE,STK,526662,INE610C01014,ARENTERP,B,,,,,RAJDARSHAN INDUSTRIES LTD.,41.69,41.69,41.69,41.69,41.69,42.7,,42.03,,,181,7545.0,9,F1,1,,,,,,2025-05-14
2025-05-14,2025-05-14,CM,BSE,STK,526666,INE828A01016,BIL,T,,,,,BHARTIYA INTERNATIONAL LTD.,702.7,703.0,702.7,703.0,703.0,717.0,,703.0,,,447,314120.0,7,F1,1,,,,,,2025-05-14
2025-05-14,2025-05-14,CM,BSE,STK,526668,INE967C01018,KAMATHOTEL,B,,,,,KAMAT HOTELS (INDIA) LTD.,242.0,249.2,242.0,244.3,244.25,247.25,,244.16,,,6691,1651112.0,219,F1,1,,,,,,2025-05-14
2025-05-14,2025-05-14,CM,BSE,STK,526677,INE055C01020,KEEPLEARN,B,,,,,DSJ KEEP LEARNING LIMITED,3.58,3.63,3.58,3.63,3.63,3.46,,3.58,,,4141,14980.0,29,F1,1,,,,,,2025-05-14
2025-05-14,2025-05-14,CM,BSE,STK,526703,INE423D01010,ECOPLAST,X,,,,,ECOPLAST LTD.,623.0,641.9,617.0,623.55,620.2,615.4,,623.55,,,1117,697202.0,70,F1,1,,,,,,2025-05-14
2025-05-14,2025-05-14,CM,BSE,STK,526705,INE095B01010,ELEMARB,X,,,,,ELEGANT MARBLES & GRANI INDUST,258.0,260.55,258.0,260.55,260.55,260.0,,260.55,,,322,83497.0,5,F1,1,,,,,,2025-05-14
2025-05-14,2025-05-14,CM,BSE,STK,526709,INE839A01021,BITS,XT,,,,,BITS LTD.,12.57,12.57,12.3,12.57,12.57,11.98,,12.57,,,106105,1333215.0,409,F1,1,,,,,,2025-05-14
2025-05-14,2025-05-14,CM,BSE,STK,526711,INE627D01016,ADARSHPL,X,,,,,ADARSH PLANT PROTECT LTD.,28.0,28.0,27.1,27.1,27.1,26.85,,27.1,,,76,2077.0,7,F1,1,,,,,,2025-05-14
2025-05-14,2025-05-14,CM,BSE,STK,526717,INE136C01044,HPBL,X,,,,,HCP PLASTENE BULKPACK LIMITED,109.0,109.0,104.0,104.65,104.65,108.6,,104.65,,,3257,345021.0,111,F1,1,,,,,,2025-05-14
2025-05-14,2025-05-14,CM,BSE,STK,526721,INE653C01022,NICCOPAR,X,,,,,NICCO PARKS & RESORTS LTD.,116.1,119.8,116.1,117.8,117.5,118.45,,117.8,,,1338,157680.0,65,F1,1,,,,,,2025-05-14
2025-05-14,2025-05-14,CM,BSE,STK,526723,INE920C01017,NTCIND,X,,,,,NTC INDUSTRIES LTD.,199.6,202.0,192.05,200.95,201.95,199.6,,200.95,,,655,130558.0,44,F1,1,,,,,,2025-05-14
2025-05-14,2025-05-14,CM,BSE,STK,526725,INE583B01015,SANDESH,B,,,,,SANDESH LTD.,1141.85,1190.9,1141.85,1190.9,1190.9,1128.55,,1178.4,,,234,274396.0,89,F1,1,,,,,,2025-05-14
2025-05-14,2025-05-14,CM,BSE,STK,526727,INE797D01017,GARNET,X,,,,,GARNET CONSTRUCTION LTD.,27.94,27.97,26.55,27.97,27.97,27.62,,27.97,,,881,24389.0,23,F1,1,,,,,,2025-05-14
2025-05-14,2025-05-14,CM,BSE,STK,526729,INE025B01025,GOLDIAM,B,,,,,GOLDIAM INTERNATIONAL LTD.,369.95,375.0,361.05,367.55,367.6,366.25,,367.5,,,57198,20937842.0,1398,F1,1,,,,,,2025-05-14
2025-05-14,2025-05-14,CM,BSE,STK,526731,INE630D01010,BRIGHTBR,X,,,,,BRIGHT BROTHERS LTD.,359.9,363.55,346.5,363.35,363.55,346.25,,363.35,,,21340,7661326.0,463,F1,1,,,,,,2025-05-14
2025-05-14,2025-05-14,CM,BSE,STK,526739,INE869A01010,SHAWGELTIN,X,,,,,NARMADA GELATINES LTD.,318.0,324.85,318.0,322.55,320.85,318.85,,322.55,,,1317,425410.0,67,F1,1,,,,,,2025-05-14
2025-05-14,2025-05-14,CM,BSE,STK,526747,INE078D01012,PGFOILQ,X,,,,,PG FOILS LTD.,280.5,280.65,271.5,271.75,271.75,273.8,,271.75,,,13882,3815131.0,173,F1,1,,,,,,2025-05-14
2025-05-14,2025-05-14,CM,BSE,STK,526751,INE915E01013,GRATEXI,X,,,,,GRATEX INDUSTRIES LTD.,15.7,15.7,15.7,15.7,15.7,14.96,,15.7,,,10797,169512.0,6,F1,1,,,,,,2025-05-14
2025-05-14,2025-05-14,CM,BSE,STK,526755,INE548D01014,VELHO,X,,,,,VELAN HOTELS LTD.,6.32,6.39,6.03,6.17,6.17,6.08,,6.17,,,4965,31193.0,49,F1,1,,,,,,2025-05-14
2025-05-14,2025-05-14,CM,BSE,STK,526761,INE931B01016,HOWARHO,X,,,,,HOWARD HOTELS LTD.,26.15,26.15,23.65,25.25,25.5,24.87,,25.25,,,1246,30872.0,11,F1,1,,,,,,2025-05-14
2025-05-14,2025-05-14,CM,BSE,STK,526773,INE891E01024,PRESSURS,Z,,,,,PRESSURE SENSITIVE SYSTEMS (IN,3.27,3.27,3.15,3.26,3.27,3.21,,3.26,,,111286,360477.0,188,F1,1,,,,,,2025-05-14
2025-05-14,2025-05-14,CM,BSE,STK,526775,INE760B01019,VALIANT,XT,,,,,VALIANT COMMUNICATIONS LTD.,598.0,611.9,575.1,597.3,610.9,599.95,,597.3,,,10484,6154137.0,163,F1,1,,,,,,2025-05-14
2025-05-14,2025-05-14,CM,BSE,STK,526783,INE934C01018,DRAGARWQ,B,,,,,DR.AGARWALS EYE HOSPITAL LTD.,4148.8,4187.95,4075.3,4158.1,4165.0,4111.85,,4158.1,,,2399,9907907.0,291,F1,1,,,,,,2025-05-14
2025-05-14,2025-05-14,CM,BSE,STK,526797,INE461C01038,GREENPLY,B,,,,,GREENPLY INDUSTRIES LTD.,286.0,289.95,284.3,288.1,287.65,284.75,,288.55,,,8692,2497473.0,545,F1,1,,,,,,2025-05-14
2025-05-14,2025-05-14,CM,BSE,STK,526807,INE497B01018,SEAMECLTD,B,,,,,SEAMEC LTD.,826.65,870.0,826.65,850.45,852.65,826.7,,849.75,,,1324,1130622.0,244,F1,1,,,,,,2025-05-14
2025-05-14,2025-05-14,CM,BSE,STK,526813,INE753B01014,RAGHUNAT,X,,,,,RAGHUNATH INTERNATIONAL LTD.,12.9,12.9,12.69,12.69,12.69,12.79,,12.69,,,1214,15507.0,8,F1,1,,,,,,2025-05-14
2025-05-14,2025-05-14,CM,BSE,STK,526817,INE974B01016,CHEVIOT,B,,,,,CHEVIOT CO.LTD.,1080.0,1091.35,1071.0,1088.0,1088.0,1070.45,,1088.0,,,173,187171.0,55,F1,1,,,,,,2025-05-14
2025-05-14,2025-05-14,CM,BSE,STK,526821,INE928C01010,DAICHI,XT,,,,,DAI-ICHI KARKARIA LTD.,384.6,400.0,384.6,396.55,400.0,392.75,,396.55,,,2485,976372.0,48,F1,1,,,,,,2025-05-14
2025-05-14,2025-05-14,CM,BSE,STK,526823,INE016C01014,RAJINFRA,Z,,,,,RAJESWARI INFRASTRUCTURE LIMIT,3.31,3.44,3.31,3.44,3.44,3.44,,3.44,,,175,592.0,2,F1,1,,,,,,2025-05-14
2025-05-14,2025-05-14,CM,BSE,STK,526827,INE882D01017,SPICEISLIN,XT,,,,,SPICE ISLANDS INDUSTRIES LIMIT,47.85,47.85,45.8,47.84,47.84,47.9,,47.84,,,33,1533.0,3,F1,1,,,,,,2025-05-14
2025-05-14,2025-05-14,CM,BSE,STK,526829,INE552D01024,CONFIPET,B,,,,,CONFIDENCE PETROLEUM INDIA LTD,55.0,55.45,53.52,55.2,55.35,53.53,,55.26,,,33741,1843037.0,496,F1,1,,,,,,2025-05-14
2025-05-14,2025-05-14,CM,BSE,STK,526839,INE413C01013,SIPL,X,,,,,SHELTER INFRA PROJECTS LTD.,14.98,14.98,13.65,14.89,14.89,13.62,,14.89,,,629,9347.0,10,F1,1,,,,,,2025-05-14
2025-05-14,2025-05-14,CM,BSE,STK,526841,INE794C01016,SHAKTIPR,X,,,,,SHAKTI PRESS LTD.,27.57,28.9,27.1,27.15,27.1,27.57,,27.15,,,1850,50404.0,18,F1,1,,,,,,2025-05-14
2025-05-14,2025-05-14,CM,BSE,STK,526847,INE338C01012,ASHSI,X,,,,,ASHIRWAD STEELS & INDUSTRIES L,31.53,32.89,31.06,32.84,32.89,31.68,,32.84,,,2064,66143.0,54,F1,1,,,,,,2025-05-14
2025-05-14,2025-05-14,CM,BSE,STK,526849,INE655B01011,BANARBEADS,B,,,,,BANARAS BEADS LTD.,126.05,126.05,118.0,120.9,120.9,123.35,,121.36,,,2759,335566.0,102,F1,1,,,,,,2025-05-14
2025-05-14,2025-05-14,CM,BSE,STK,526851,INE480H01011,AREXMIS,X,,,,,AREX INDUSTRIES LTD.,158.0,158.0,152.0,157.0,157.0,159.0,,157.0,,,108,16441.0,10,F1,1,,,,,,2025-05-14
2025-05-14,2025-05-14,CM,BSE,STK,526853,INE986A01012,BI,X,,,,,BILCARE LTD.,71.02,72.99,71.02,71.71,72.73,71.49,,71.71,,,3384,243641.0,54,F1,1,,,,,,2025-05-14
2025-05-14,2025-05-14,CM,BSE,STK,526859,INE973B01026,ISFL,XT,,,,,ISF LIMITED,1.48,1.48,1.48,1.48,1.48,1.51,,1.48,,,13492,19968.0,41,F1,1,,,,,,2025-05-14
2025-05-14,2025-05-14,CM,BSE,STK,526861,INE988D01012,RISHILASE,X,,,,,RISHI LASER LTD.,145.5,148.0,144.0,146.45,148.0,145.7,,146.45,,,10667,1549158.0,94,F1,1,,,,,,2025-05-14
2025-05-14,2025-05-14,CM,BSE,STK,526865,INE966C01010,JAINCO,XT,,,,,JAINCO PROJECTS (INDIA) LTD.,7.88,7.88,7.49,7.49,7.49,7.88,,7.49,,,2888,22023.0,32,F1,1,,,,,,2025-05-14
2025-05-14,2025-05-14,CM,BSE,STK,526871,INE017E01018,INTECCAP,X,,,,,INTEC CAPITAL LTD.,17.4,17.4,16.01,16.61,17.4,17.5,,16.61,,,948,15614.0,20,F1,1,,,,,,2025-05-14
2025-05-14,2025-05-14,CM,BSE,STK,526873,INE184D01026,RAJGASES,X,,,,,RAJASTHAN GASES LTD.,48.5,48.5,44.0,46.73,48.5,44.78,,46.73,,,1187,55561.0,47,F1,1,,,,,,2025-05-14
2025-05-14,2025-05-14,CM,BSE,STK,526881,INE111B01023,63MOONS,B,,,,,63 Moons Technologies Limited,723.75,742.25,723.75,742.25,742.25,706.95,,742.95,,,10388,7658909.0,322,F1,1,,,,,,2025-05-14
2025-05-14,2025-05-14,CM,BSE,STK,526885,INE453D01025,SARLAPOLY,B,,,,,SARLA PERFORMANCE FIBERS LTD.,100.4,103.1,100.15,100.95,100.95,99.95,,100.9,,,36120,3682289.0,705,F1,1,,,,,,2025-05-14
2025-05-14,2025-05-14,CM,BSE,STK,526891,INE944C01017,MKTCREAT,X,,,,,MARKET CREATORS LTD.,12.86,12.92,12.86,12.92,12.92,12.8,,12.92,,,2,25.0,2,F1,1,,,,,,2025-05-14
2025-05-14,2025-05-14,CM,BSE,STK,526899,INE552B01010,HFIL,X,,,,,HIMALAYA FOOD INTERNATIONAL LI,16.64,17.29,16.64,16.91,16.91,16.64,,16.91,,,45365,768785.0,246,F1,1,,,,,,2025-05-14
2025-05-14,2025-05-14,CM,BSE,STK,526901,INE344I01017,SONALAD,X,,,,,SONAL ADHESIVES LTD.,53.9,53.9,50.7,53.39,53.39,50.92,,53.39,,,431,22779.0,14,F1,1,,,,,,2025-05-14
2025-05-14,2025-05-14,CM,BSE,STK,526905,INE743D01011,PADMAIND,XT,,,,,Padmanabh Industries Ltd,8.38,8.38,8.38,8.38,8.38,8.38,,8.38,,,314,2631.0,5,F1,1,,,,,,2025-05-14
2025-05-14,2025-05-14,CM,BSE,STK,526921,INE253B01015,21STCENMGM,B,,,,,TWENTYFIRST CENTURY MANAGEMENT,69.35,69.4,69.35,69.36,69.36,68.04,,69.21,,,3329,230991.0,17,F1,1,,,,,,2025-05-14
2025-05-14,2025-05-14,CM,BSE,STK,526931,INE400G01011,HRYNSHP,X,,,,,HARIYANA SHIP BREAKERS LTD.,111.55,125.75,106.75,119.95,120.9,108.65,,119.95,,,50938,6148271.0,760,F1,1,,,,,,2025-05-14
2025-05-14,2025-05-14,CM,BSE,STK,526935,INE377D01018,ARUNIS,XT,,,,,ARUNIS ABODE LIMITED,237.7,242.45,237.7,242.45,242.45,237.7,,242.45,,,55,13234.0,7,F1,1,,,,,,2025-05-14
2025-05-14,2025-05-14,CM,BSE,STK,526945,INE945B01016,TYROON,X,,,,,TYROON TEA CO.LTD.,102.76,104.85,101.0,103.04,103.04,102.76,,103.04,,,745,76474.0,21,F1,1,,,,,,2025-05-14
2025-05-14,2025-05-14,CM,BSE,STK,526947,INE059D01020,LAOPALA,B,,,,,LA OPALA RG LTD.,243.9,243.9,235.9,240.4,240.95,237.15,,240.07,,,3111,742898.0,193,F1,1,,,,,,2025-05-14
2025-05-14,2025-05-14,CM,BSE,STK,526951,INE239C01020,STYLAMIND,B,,,,,STYLAM INDUSTRIES LIMITED,1689.5,1756.0,1688.7,1707.3,1709.0,1695.5,,1708.7,,,2568,4463638.0,377,F1,1,,,,,,2025-05-14
2025-05-14,2025-05-14,CM,BSE,STK,526953,INE411B01019,VENUSREM,B,,,,,VENUS REMEDIES LTD.,317.0,319.95,312.75,318.15,319.5,316.4,,316.6,,,612,193553.0,73,F1,1,,,,,,2025-05-14
2025-05-14,2025-05-14,CM,BSE,STK,526961,INE404B01022,LASTMILE,B,,,,,LAST MILE ENTERPRISES LIMITED,19.62,20.69,19.62,20.09,20.09,20.02,,20.09,,,521867,10562482.0,475,F1,1,,,,,,2025-05-14
2025-05-14,2025-05-14,CM,BSE,STK,526965,INE372D01019,GUJCRAFT,X,,,,,GUJARAT CRAFT INDUSTRIES LTD.,160.0,160.0,151.5,156.1,158.85,155.9,,156.1,,,3424,532193.0,82,F1,1,,,,,,2025-05-14
2025-05-14,2025-05-14,CM,BSE,STK,526967,INE025D01013,HEERAISP,Z,,,,,HEERA ISPAT LTD.,7.99,8.03,7.33,7.99,7.99,7.65,,7.99,,,14652,112305.0,32,F1,1,,,,,,2025-05-14
2025-05-14,2025-05-14,CM,BSE,STK,526971,INE313G01016,DHOOTIN,X,,,,,DHOOT INDUSTRIAL FINANCE LTD.,264.0,268.2,257.0,263.65,268.2,256.65,,263.65,,,822,215277.0,36,F1,1,,,,,,2025-05-14
2025-05-14,2025-05-14,CM,BSE,STK,526981,INE402H01015,SHBAJRG,X,,,,,SHRI BAJRANG ALLIANCE LIMITED,167.85,170.35,166.0,170.0,170.0,165.35,,170.0,,,2985,503125.0,54,F1,1,,,,,,2025-05-14
2025-05-14,2025-05-14,CM,BSE,STK,526983,INE760M01016,ASHOKRE,P,,,,,ASHOKA REFINERIES LTD.,12.0,12.5,12.0,12.25,12.5,11.95,,12.25,,,200,2450.0,2,F1,100,,,,,,2025-05-14
2025-05-14,2025-05-14,CM,BSE,STK,526987,INE550C01020,URJA,B,,,,,URJA GLOBAL LTD.,14.95,15.2,14.94,14.99,14.99,14.94,,15.0,,,473051,7132873.0,3064,F1,1,,,,,,2025-05-14
2025-05-14,2025-05-14,CM,BSE,STK,527001,INE348A01023,ASHAPURMIN,B,,,,,ASHAPURA MINECHEM LTD.,375.0,384.0,365.1,371.4,370.7,367.95,,370.9,,,82109,30826072.0,2469,F1,1,,,,,,2025-05-14
2025-05-14,2025-05-14,CM,BSE,STK,527005,INE847D01010,SHREEPAC,XT,,,,,SHREE PACETRONIX LTD.,71.5,72.5,70.07,70.07,70.07,71.5,,70.07,,,159,11382.0,7,F1,1,,,,,,2025-05-14
2025-05-14,2025-05-14,CM,BSE,STK,530001,INE186A01019,GUJALKALI,B,,,,,GUJARAT ALKALIES & CHEMICALS L,639.8,645.5,636.25,643.3,643.15,636.25,,643.5,,,3139,2014717.0,312,F1,1,,,,,,2025-05-14
2025-05-14,2025-05-14,CM,BSE,STK,530005,INE383A01012,INDIACEM,A,,,,,INDIA CEMENTS LTD.,312.5,325.5,312.5,323.0,324.0,318.2,,321.85,,,33249,10666035.0,1286,F1,1,,,,,,2025-05-14
2025-05-14,2025-05-14,CM,BSE,STK,530007,INE573A01042,JKTYRE,A,,,,,JK TYRE & INDUSTRIES LTD.,337.0,345.25,333.4,344.25,344.25,333.9,,344.5,,,65524,22388367.0,1960,F1,1,,,,,,2025-05-14
2025-05-14,2025-05-14,CM,BSE,STK,530011,INE558B01017,MANGCHEFER,B,,,,,MANGALORE CHEMICALS & FERTILIZ,233.5,239.25,233.5,239.05,238.7,232.5,,238.96,,,13943,3315506.0,524,F1,1,,,,,,2025-05-14
2025-05-14,2025-05-14,CM,BSE,STK,530017,INE173A01025,SIL,B,,,,,STANDARD INDUSTRIES LTD.,19.16,20.45,18.91,18.99,18.99,19.15,,18.97,,,16384,313426.0,388,F1,1,,,,,,2025-05-14
2025-05-14,2025-05-14,CM,BSE,STK,530019,INE700A01033,JUBLPHARMA,A,,,,,JUBILANT PHARMOVA LIMITED,902.05,910.0,894.95,904.25,910.0,908.15,,904.4,,,4514,4070987.0,559,F1,1,,,,,,2025-05-14
2025-05-14,2025-05-14,CM,BSE,STK,530023,INE924D01017,THEINVEST,B,,,,,THE INVESTMENT TRUST OF INDIA,149.0,151.0,148.25,148.55,148.25,148.05,,148.34,,,141,21072.0,25,F1,1,,,,,,2025-05-14
2025-05-14,2025-05-14,CM,BSE,STK,530025,INE607G01011,SAMYAKINT,X,,,,,SAMYAK INTERNATIONAL LTD.,35.95,36.79,34.3,35.7,35.7,35.95,,35.7,,,878,30784.0,25,F1,1,,,,,,2025-05-14
2025-05-14,2025-05-14,CM,BSE,STK,530027,INE563D01013,AADIIND,X,,,,,AADI INDUSTRIES LTD.,5.48,5.48,5.48,5.48,5.48,5.48,,5.48,,,126,690.0,5,F1,1,,,,,,2025-05-14
2025-05-14,2025-05-14,CM,BSE,STK,530037,INE618F01010,SREEJAYA,XT,,,,,SREE JAYALAKSHMI AUTOSPIN LTD.,84.95,84.95,84.95,84.95,84.95,86.68,,84.95,,,1025,87073.0,4,F1,1,,,,,,2025-05-14
2025-05-14,2025-05-14,CM,BSE,STK,530043,INE326C01017,ACKNIT,X,,,,,ACKNIT INDUSTRIES LTD.,232.8,234.5,232.8,234.35,234.5,232.8,,234.35,,,1003,235013.0,12,F1,1,,,,,,2025-05-14
2025-05-14,2025-05-14,CM,BSE,STK,530045,INE090D01017,TITANSEC,X,,,,,TITAN SECURITIES LTD.,33.01,34.0,32.56,33.45,33.45,33.59,,33.45,,,3464,114865.0,107,F1,1,,,,,,2025-05-14
2025-05-14,2025-05-14,CM,BSE,STK,530053,INE055E01034,REALECO,X,,,,,REAL ECO-ENERGY LIMITED,6.17,6.56,6.17,6.39,6.39,6.34,,6.39,,,28882,184870.0,126,F1,1,,,,,,2025-05-14
2025-05-14,2025-05-14,CM,BSE,STK,530055,INE264N01017,HRMNYCP,X,,,,,HARMONY CAPITAL SERVICES LTD.,44.4,47.0,44.4,47.0,47.0,45.32,,47.0,,,1504,67972.0,9,F1,1,,,,,,2025-05-14
2025-05-14,2025-05-14,CM,BSE,STK,530057,INE984E01035,VIVANZA,XT,,,,,Vivanza Biosciences Limited,2.13,2.13,2.04,2.09,2.1,2.1,,2.09,,,72136,149573.0,141,F1,1,,,,,,2025-05-14
2025-05-14,2025-05-14,CM,BSE,STK,530063,INE095C01018,YASHRAJC,XT,,,,,YASHRAJ CONTAINEURS LTD.,7.53,7.56,7.2,7.2,7.2,7.5,,7.2,,,1532,11045.0,12,F1,1,,,,,,2025-05-14
2025-05-14,2025-05-14,CM,BSE,STK,530065,INE689J01013,LORDSHOTL,X,,,,,LORDS ISHWAR HOTELS LIMITED,17.0,17.0,17.0,17.0,17.0,17.0,,17.0,,,16,272.0,3,F1,1,,,,,,2025-05-14
2025-05-14,2025-05-14,CM,BSE,STK,530067,INE718F01018,CSLFINANCE,B,,,,,CSL Finance Limited,306.65,316.75,306.3,316.75,316.75,300.05,,315.65,,,444,139799.0,69,F1,1,,,,,,2025-05-14
2025-05-14,2025-05-14,CM,BSE,STK,530073,INE989A01032,SANGHVIMOV,B,,,,,SANGHVI MOVERS LTD.,295.3,309.5,292.1,305.25,305.25,291.35,,305.35,,,95709,29040958.0,2300,F1,1,,,,,,2025-05-14
2025-05-14,2025-05-14,CM,BSE,STK,530075,INE818A01017,SELAN,B,,,,,SELAN EXPLORATION TECHNOLOGY L,556.9,556.9,533.95,535.65,536.8,544.2,,535.35,,,3497,1891231.0,343,F1,1,,,,,,2025-05-14
2025-05-14,2025-05-14,CM,BSE,STK,530077,INE795D01011,PURETROP,X,,,,,PURETROP FRUITS LIMITED,118.8,121.6,116.9,119.8,120.0,115.8,,119.8,,,1537,183456.0,36,F1,1,,,,,,2025-05-14
2025-05-14,2025-05-14,CM,BSE,STK,530079,INE963C01033,FAZE3Q,B,,,,,FAZE THREE LTD.,627.4,627.4,604.35,611.75,611.2,622.45,,610.25,,,1791,1094603.0,114,F1,1,,,,,,2025-05-14
2025-05-14,2025-05-14,CM,BSE,STK,530095,INE656B01027,PRADHIN,X,,,,,PRADHIN LIMITED,0.41,0.41,0.38,0.38,0.38,0.4,,0.38,,,6012919,2310565.0,1015,F1,1,,,,,,2025-05-14
2025-05-14,2025-05-14,CM,BSE,STK,530109,INE069B01023,ANUPAM,X,,,,,ANUPAM FINSERV LIMITED,1.95,1.98,1.87,1.91,1.93,1.99,,1.91,,,532164,1019827.0,308,F1,1,,,,,,2025-05-14
2025-05-14,2025-05-14,CM,BSE,STK,530111,INE639C01013,RAJPACK,X,,,,,RAJ PACKAGING INDUSTRIES LTD.,28.23,29.85,27.59,28.33,28.49,27.6,,28.33,,,15472,442735.0,48,F1,1,,,,,,2025-05-14
2025-05-14,2025-05-14,CM,BSE,STK,530117,INE959A01019,PRIVISCL,B,,,,,PRIVI SPECIALITY CHEMICALS LIM,2221.7,2347.9,2196.3,2334.35,2334.35,2214.1,,2335.1,,,29470,67750709.0,3279,F1,1,,,,,,2025-05-14
2025-05-14,2025-05-14,CM,BSE,STK,530119,INE444D01016,NATRAJPR,X,,,,,NATRAJ PROTEINS LTD.,40.0,41.3,38.13,39.59,41.3,41.5,,39.59,,,1001,39820.0,22,F1,1,,,,,,2025-05-14
2025-05-14,2025-05-14,CM,BSE,STK,530125,INE103E01016,SAMRATPH,X,,,,,SAMRAT PHARMACHEM LTD.,396.0,396.0,381.05,386.55,385.0,391.9,,386.55,,,1009,388964.0,70,F1,1,,,,,,2025-05-14
2025-05-14,2025-05-14,CM,BSE,STK,530127,INE446D01011,NPRFIN,X,,,,,NPR FINANCE LTD.,24.95,24.95,23.5,23.94,23.94,24.45,,23.94,,,337,7960.0,18,F1,1,,,,,,2025-05-14
2025-05-14,2025-05-14,CM,BSE,STK,530129,INE445D01013,NILE,X,,,,,NILE LTD.,1448.6,1514.8,1448.6,1497.15,1497.15,1448.6,,1497.15,,,2619,3889968.0,213,F1,1,,,,,,2025-05-14
2025-05-14,2025-05-14,CM,BSE,STK,530131,INE225C01029,UDAICEMENT,B,,,,,UDAIPUR CEMENT WORKS LTD.,28.18,29.9,28.18,29.41,29.5,28.16,,29.55,,,93673,2710442.0,811,F1,1,,,,,,2025-05-14
2025-05-14,2025-05-14,CM,BSE,STK,530133,INE924B01011,AMCOIND,X,,,,,AMCO INDIA LTD.,78.75,78.75,71.0,72.0,72.0,71.0,,72.0,,,570,41254.0,18,F1,1,,,,,,2025-05-14
2025-05-14,2025-05-14,CM,BSE,STK,530135,INE350C01017,OPTIEMUS,B,,,,,OPTIEMUS INFRACOM LTD,563.8,563.8,551.0,555.15,552.6,549.1,,554.95,,,36568,20360937.0,2172,F1,1,,,,,,2025-05-14
2025-05-14,2025-05-14,CM,BSE,STK,530139,INE302C01018,KREONFIN,X,,,,,KREON FINNANCIAL SERVICES LTD.,20.14,21.91,20.14,21.64,21.64,20.14,,21.64,,,476,9732.0,7,F1,1,,,,,,2025-05-14
2025-05-14,2025-05-14,CM,BSE,STK,530141,INE487G01018,GYANDEV,XT,,,,,GYAN DEVELOPERS & BUILDERS LTD,21.64,21.64,20.57,20.58,20.57,21.64,,20.58,,,400,8231.0,3,F1,1,,,,,,2025-05-14
2025-05-14,2025-05-14,CM,BSE,STK,530145,INE017C01012,KISAN,X,,,,,KISAN MOULDINGS LTD.,43.2,43.44,41.99,42.83,42.83,42.24,,42.83,,,105654,4484563.0,309,F1,1,,,,,,2025-05-14
2025-05-14,2025-05-14,CM,BSE,STK,530163,INE817B01025,KERALAYUR,X,,,,,KERALA AYURVEDA LTD.,400.15,409.95,382.1,385.6,385.0,394.4,,385.6,,,4082,1587569.0,115,F1,1,,,,,,2025-05-14
2025-05-14,2025-05-14,CM,BSE,STK,530167,INE153K01018,MONGIPA,X,,,,,MOONGIPA CAPITAL FINANCE LTD.,21.1,22.2,21.0,22.03,22.2,22.33,,22.03,,,17398,367163.0,51,F1,1,,,,,,2025-05-14
2025-05-14,2025-05-14,CM,BSE,STK,530169,INE388C01017,MOHITPPR,X,,,,,MOHIT PAPER MILLS LTD.,33.9,33.9,31.0,32.99,32.99,29.51,,32.99,,,964,31695.0,32,F1,1,,,,,,2025-05-14
2025-05-14,2025-05-14,CM,BSE,STK,530171,INE108C01019,DAULAT,X,,,,,DAULAT SECURITIES LTD.,40.97,40.97,39.05,40.09,40.0,39.77,,40.09,,,1590,63764.0,41,F1,1,,,,,,2025-05-14
2025-05-14,2025-05-14,CM,BSE,STK,530175,INE213B01019,ODYSSEY,X,,,,,ODYSSEY TECHNOLOGIES LTD.,89.0,90.99,88.3,89.09,89.0,88.93,,89.09,,,8251,740746.0,58,F1,1,,,,,,2025-05-14
2025-05-14,2025-05-14,CM,BSE,STK,530179,INE015F01019,RSCINT,XT,,,,,RSC INTERNATIONAL LTD.,61.98,61.98,61.98,61.98,61.98,63.24,,61.98,,,132,8181.0,5,F1,1,,,,,,2025-05-14
2025-05-14,2025-05-14,CM,BSE,STK,530185,INE936A01025,SURATRAML,X,,,,,Surat Trade and Mercantile Lim,6.79,6.8,6.51,6.78,6.8,6.56,,6.78,,,76684,510953.0,343,F1,1,,,,,,2025-05-14
2025-05-14,2025-05-14,CM,BSE,STK,530187,INE354E01031,ATHARVENT,X,,,,,ATHARV ENTERPRISES LTD.,3.99,3.99,3.8,3.92,3.97,3.86,,3.92,,,54611,215519.0,204,F1,1,,,,,,2025-05-14
2025-05-14,2025-05-14,CM,BSE,STK,530197,INE365H01014,FUNDVISER,X,,,,,FUNDVISER CAPITAL (INDIA) LIMI,138.6,149.0,138.0,146.45,146.5,138.6,,146.45,,,1333,186823.0,12,F1,1,,,,,,2025-05-14
2025-05-14,2025-05-14,CM,BSE,STK,530199,INE083B01024,THEMISMED,B,,,,,THEMIS MEDICARE LTD.,132.5,136.5,132.5,135.9,135.1,132.05,,135.51,,,8987,1214480.0,387,F1,1,,,,,,2025-05-14
2025-05-14,2025-05-14,CM,BSE,STK,530201,INE629F01025,KALLAM,X,,,,,KALLAM TEXTILES LTD,4.74,4.74,4.3,4.38,4.35,4.47,,4.38,,,32864,143667.0,105,F1,1,,,,,,2025-05-14
2025-05-14,2025-05-14,CM,BSE,STK,530207,INE899B01015,BRAWN,X,,,,,BRAWN BIOTECH LTD.,15.75,17.3,15.75,17.3,17.3,16.48,,17.3,,,4000,67288.0,10,F1,1,,,,,,2025-05-14
2025-05-14,2025-05-14,CM,BSE,STK,530213,INE501D01013,FORINTL,X,,,,,FORTUNE INTERNATIONAL LTD.,53.64,55.9,53.64,55.9,55.9,54.73,,55.9,,,345,19207.0,12,F1,1,,,,,,2025-05-14
2025-05-14,2025-05-14,CM,BSE,STK,530215,INE050N01010,KINGSINFR,X,,,,,KINGS INFRA VENTURES LIMITED,133.0,133.0,128.0,129.4,130.4,130.8,,129.4,,,6471,844426.0,122,F1,1,,,,,,2025-05-14
2025-05-14,2025-05-14,CM,BSE,STK,530217,INE295B01016,SWOJAS,X,,,,,SWOJAS FOODS LIMITED,22.0,22.3,21.0,22.24,22.28,21.85,,22.24,,,586601,12910766.0,277,F1,1,,,,,,2025-05-14
2025-05-14,2025-05-14,CM,BSE,STK,530231,INE690D01014,SUBSM,XT,,,,,SUBHASH SILK MILLS LTD.,56.5,56.5,55.2,55.2,55.2,58.0,,55.2,,,339,18875.0,9,F1,1,,,,,,2025-05-14
2025-05-14,2025-05-14,CM,BSE,STK,530233,INE292C01011,AUROLAB,X,,,,,AURO LABORATORIES LTD.,246.1,267.95,246.1,256.2,255.05,256.9,,256.2,,,979,250856.0,63,F1,1,,,,,,2025-05-14
2025-05-14,2025-05-14,CM,BSE,STK,530235,INE533C01018,KJMCFIN,X,,,,,KJMC FINANCIAL SERVICES LTD.,93.0,93.99,90.11,91.09,91.25,92.4,,91.09,,,1047,95715.0,20,F1,1,,,,,,2025-05-14
2025-05-14,2025-05-14,CM,BSE,STK,530239,INE495B01038,SUVEN,B,,,,,SUVEN LIFE SCIENCES LTD.,164.8,188.1,161.8,184.35,184.35,170.8,,184.12,,,366956,65408399.0,8960,F1,1,,,,,,2025-05-14
2025-05-14,2025-05-14,CM,BSE,STK,530245,INE032E01017,ARYAMAN,X,,,,,ARYAMAN FINANCIAL SERVICES LTD,531.1,585.0,531.0,540.2,554.95,530.9,,540.2,,,5430,2971065.0,133,F1,1,,,,,,2025-05-14
2025-05-14,2025-05-14,CM,BSE,STK,530249,INE958C01025,BRIDGESE,X,,,,,BRIDGE SECURITIES LTD.,10.1,10.29,9.65,9.88,10.01,9.98,,9.88,,,77483,769585.0,347,F1,1,,,,,,2025-05-14
2025-05-14,2025-05-14,CM,BSE,STK,530251,INE001O01029,RISAINTL,X,,,,,RISA INTERNATIONAL LTD.,0.89,0.9,0.87,0.9,0.89,0.87,,0.9,,,82736,73302.0,179,F1,1,,,,,,2025-05-14
2025-05-14,2025-05-14,CM,BSE,STK,530253,INE497E01020,RAJTUBE,XT,,,,,RAJASTHAN TUBE MANUFACTURING C,32.55,33.5,32.55,33.5,33.5,32.85,,33.5,,,238454,7933822.0,196,F1,1,,,,,,2025-05-14
2025-05-14,2025-05-14,CM,BSE,STK,530255,INE961B01013,KAYPOWR,XT,,,,,KAY POWER AND PAPER LTD.,13.5,13.77,13.5,13.77,13.77,13.5,,13.77,,,10276,139887.0,24,F1,1,,,,,,2025-05-14
2025-05-14,2025-05-14,CM,BSE,STK,530259,INE003B01014,INTSTOIL,X,,,,,INTER STATE OIL CARRIER LTD.,34.98,34.98,31.59,33.3,33.3,31.99,,33.3,,,2462,80090.0,25,F1,1,,,,,,2025-05-14
2025-05-14,2025-05-14,CM,BSE,STK,530263,INE062C01042,GLOBALCA,X,,,,,GLOBAL CAPITAL MARKETS LTD.,0.7,0.71,0.69,0.71,0.7,0.69,,0.71,,,181930,127917.0,406,F1,1,,,,,,2025-05-14
2025-05-14,2025-05-14,CM,BSE,STK,530265,INE584B01013,SAINIK,X,,,,,SAINIK FINANCE & INDUSTRIES LT,41.49,41.49,37.65,38.53,38.95,41.88,,38.53,,,2319,89969.0,34,F1,1,,,,,,2025-05-14
2025-05-14,2025-05-14,CM,BSE,STK,530267,INE021N01011,ARIGATO,XT,,,,,ARIGATO UNIVERSE LIMITED,54.06,54.06,54.06,54.06,54.06,53.0,,54.06,,,1,54.0,1,F1,1,,,,,,2025-05-14
2025-05-14,2025-05-14,CM,BSE,STK,530271,INE652D01014,RICHUNV,X,,,,,RICH UNIVERSE NETWORK LTD.,10.19,10.19,10.19,10.19,10.19,9.71,,10.19,,,500,5095.0,2,F1,1,,,,,,2025-05-14
2025-05-14,2025-05-14,CM,BSE,STK,530281,INE373C01019,QUANTDIA,X,,,,,QUANTUM DIGITAL VISION (INDIA),26.99,26.99,26.99,26.99,26.99,26.99,,26.99,,,164,4426.0,5,F1,1,,,,,,2025-05-14
2025-05-14,2025-05-14,CM,BSE,STK,530289,INE102F01015,SPCAPIT,X,,,,,SP CAPITAL FINANCING LTD.,47.8,49.0,47.8,47.8,48.5,49.88,,47.8,,,1527,73223.0,21,F1,1,,,,,,2025-05-14
2025-05-14,2025-05-14,CM,BSE,STK,530291,INE791C01012,PAOS,XT,,,,,PAOS INDUSTRIES LIMITED,38.67,40.47,38.67,39.27,40.47,40.67,,39.27,,,4,156.0,3,F1,1,,,,,,2025-05-14
2025-05-14,2025-05-14,CM,BSE,STK,530295,INE418K01015,SHRAJOI,XT,,,,,SHRI RAJIVLOCHAN OIL EXTRACTIO,34.04,34.04,34.04,34.04,34.04,32.42,,34.04,,,1,34.0,1,F1,1,,,,,,2025-05-14
2025-05-14,2025-05-14,CM,BSE,STK,530299,INE823A01017,KOTHARIPRO,B,,,,,KOTHARI PRODUCTS LTD.,71.12,71.65,69.85,70.97,70.98,70.71,,70.55,,,2969,210044.0,71,F1,1,,,,,,2025-05-14
2025-05-14,2025-05-14,CM,BSE,STK,530305,INE546C01010,PICCADIL,B,,,,,PICCADILY AGRO INDUSTRIES LTD.,572.0,584.0,548.2,559.55,558.0,566.65,,559.55,,,107840,61102370.0,3461,F1,1,,,,,,2025-05-14
2025-05-14,2025-05-14,CM,BSE,STK,530307,INE419D01026,CLSEL,B,,,,,CHAMAN LAL SETIA EXPORTS LTD.,320.0,323.15,316.95,320.5,322.0,320.4,,320.5,,,2452,785320.0,245,F1,1,,,,,,2025-05-14
2025-05-14,2025-05-14,CM,BSE,STK,530309,INE368D01025,CHANDRAP,X,,,,,CHANDRA PRABHU INTERNATIONAL L,19.0,19.0,17.6,18.6,18.6,18.42,,18.6,,,5767,106980.0,43,F1,1,,,,,,2025-05-14
2025-05-14,2025-05-14,CM,BSE,STK,530313,INE285U01025,KIMIABL,X,,,,,KIMIA BIOSCIENCES LIMITED,39.15,41.4,39.1,40.93,41.0,38.22,,40.93,,,4287,171894.0,19,F1,1,,,,,,2025-05-14
2025-05-14,2025-05-14,CM,BSE,STK,530315,INE428D01019,HINDTIN,X,,,,,HINDUSTAN TIN WORKS LTD.,153.05,153.05,147.1,150.65,151.0,150.05,,150.65,,,2435,364974.0,63,F1,1,,,,,,2025-05-14
2025-05-14,2025-05-14,CM,BSE,STK,530317,INE362C01012,GODAVARI,X,,,,,GODAVARI DRUGS LTD.,94.43,95.8,93.14,93.98,94.0,93.97,,93.98,,,2524,237039.0,35,F1,1,,,,,,2025-05-14
2025-05-14,2025-05-14,CM,BSE,STK,530331,INE001E01012,PREMCO,X,,,,,PREMCO GLOBAL LTD.,450.6,459.9,442.8,450.9,458.0,450.6,,450.9,,,774,348042.0,26,F1,1,,,,,,2025-05-14
2025-05-14,2025-05-14,CM,BSE,STK,530341,INE596B01017,MUKESHB,X,,,,,MUKESH BABU FINANCIAL SERVICES,135.0,135.0,135.0,135.0,135.0,135.0,,135.0,,,60,8100.0,3,F1,1,,,,,,2025-05-14
2025-05-14,2025-05-14,CM,BSE,STK,530343,INE955D01029,GENUSPOWER,A,,,,,GENUS POWER INFRASTRUCTURES LT,307.35,320.05,304.05,318.55,317.35,304.6,,318.15,,,148759,46609402.0,3005,F1,1,,,,,,2025-05-14
2025-05-14,2025-05-14,CM,BSE,STK,530355,INE276G01015,ASIANENE,B,,,,,ASIAN ENERGY SERVICES LTD,317.45,340.6,311.0,331.1,329.0,311.55,,330.15,,,79511,25903224.0,3715,F1,1,,,,,,2025-05-14
2025-05-14,2025-05-14,CM,BSE,STK,530357,INE883D01023,KBSINDIA,X,,,,,KBS INDIA LIMITED,6.08,6.33,5.95,6.0,6.05,6.09,,6.0,,,66959,401585.0,108,F1,1,,,,,,2025-05-14
2025-05-14,2025-05-14,CM,BSE,STK,530361,INE428P01013,PRABHHANS,XT,,,,,PRABHHANS INDUSTRIES LIMITED,85.6,91.4,85.6,91.4,91.4,87.35,,91.4,,,3956,359969.0,25,F1,1,,,,,,2025-05-14
2025-05-14,2025-05-14,CM,BSE,STK,530363,INE071E01023,UGARSUGAR,B,,,,,UGAR SUGAR WORKS LTD.,46.29,47.85,46.24,47.43,47.51,45.46,,47.51,,,172576,8122536.0,1769,F1,1,,,,,,2025-05-14
2025-05-14,2025-05-14,CM,BSE,STK,530365,INE607D01018,ORIENTBELL,B,,,,,ORIENT BELL LIMITED,277.8,277.8,261.3,269.6,262.05,262.05,,266.83,,,659,175665.0,54,F1,1,,,,,,2025-05-14
2025-05-14,2025-05-14,CM,BSE,STK,530367,INE349A01021,NRBBEARING,B,,,,,NRB BEARINGS LTD.,253.0,253.0,238.5,243.15,244.95,247.25,,244.17,,,14709,3605900.0,625,F1,1,,,,,,2025-05-14
2025-05-14,2025-05-14,CM,BSE,STK,530369,INE380C01014,VAMSHIRU,X,,,,,VAMSHI RUBBER LTD.,43.1,43.1,42.88,42.88,42.89,40.55,,42.88,,,805,34597.0,11,F1,1,,,,,,2025-05-14
2025-05-14,2025-05-14,CM,BSE,STK,530377,INE937C01029,NILAINFRA,B,,,,,NILA INFRASTRUCTURES LTD.,9.96,11.77,9.96,11.55,11.55,9.98,,11.54,,,617163,6909013.0,2590,F1,1,,,,,,2025-05-14
2025-05-14,2025-05-14,CM,BSE,STK,530393,INE921B01025,DBSTOCKBRO,B,,,,,DB (INTERNATIONAL) STOCK BROKE,27.1,27.5,27.04,27.04,27.04,27.26,,27.5,,,231,6275.0,10,F1,1,,,,,,2025-05-14
2025-05-14,2025-05-14,CM,BSE,STK,530401,INE526H01011,VINYOFL,X,,,,,VINYOFLEX LTD.,69.45,71.54,69.45,69.86,69.86,69.16,,69.86,,,231,16062.0,5,F1,1,,,,,,2025-05-14
2025-05-14,2025-05-14,CM,BSE,STK,530405,INE356F01017,JINDCAP,X,,,,,JINDAL CAPITAL LTD.,42.48,42.48,41.3,41.3,41.3,41.43,,41.3,,,3945,165946.0,43,F1,1,,,,,,2025-05-14
2025-05-14,2025-05-14,CM,BSE,STK,530407,INE932F01015,EPIC,XT,,,,,EPIC ENERGY LTD.,64.75,64.75,64.75,64.75,64.75,66.07,,64.75,,,2024,131054.0,63,F1,1,,,,,,2025-05-14
2025-05-14,2025-05-14,CM,BSE,STK,530419,INE886B01012,SUMEDHA,X,,,,,SUMEDHA FISCAL SERVICES LTD.,66.5,67.9,64.0,64.1,64.1,66.89,,64.1,,,14134,920930.0,139,F1,1,,,,,,2025-05-14
2025-05-14,2025-05-14,CM,BSE,STK,530421,INE430F01010,KUWERIN,XT,,,,,KUWER INDUSTRIES LTD.,14.43,15.11,14.43,15.11,15.11,15.18,,15.11,,,1811,26752.0,13,F1,1,,,,,,2025-05-14
2025-05-14,2025-05-14,CM,BSE,STK,530427,INE865B01016,CHOKSI,X,,,,,CHOKSI ASIA LIMITED,72.25,81.0,72.25,80.49,80.0,77.9,,80.49,,,12100,951728.0,71,F1,1,,,,,,2025-05-14
2025-05-14,2025-05-14,CM,BSE,STK,530429,INE831C01016,ASHISHPO,X,,,,,ASHISH POLYPLAST LTD.,38.6,41.65,38.18,38.66,41.65,38.37,,38.66,,,335,12882.0,12,F1,1,,,,,,2025-05-14
2025-05-14,2025-05-14,CM,BSE,STK,530433,INE960E01019,SHIVAAGRO,X,,,,,SHIVA GLOBAL AGRO INDUSTRIES L,42.99,42.99,40.0,40.38,40.38,40.68,,40.38,,,5157,212347.0,46,F1,1,,,,,,2025-05-14
2025-05-14,2025-05-14,CM,BSE,STK,530439,INE140C01012,SIDDHA,X,,,,,SIDDHA VENTURES LTD.,7.2,7.5,7.2,7.23,7.2,7.36,,7.23,,,5149,37488.0,65,F1,1,,,,,,2025-05-14
2025-05-14,2025-05-14,CM,BSE,STK,530443,INE293D01017,KIRANSY-B,XT,,,,,KIRAN SYNTEX LTD.,9.32,10.27,9.32,10.22,10.22,9.79,,10.22,,,936,8725.0,4,F1,1,,,,,,2025-05-14
2025-05-14,2025-05-14,CM,BSE,STK,530445,INE764B01029,SUMERUIND,X,,,,,SUMERU INDUSTRIES LTD.,2.77,2.77,2.1,2.26,2.26,2.33,,2.26,,,67080,151568.0,165,F1,1,,,,,,2025-05-14
2025-05-14,2025-05-14,CM,BSE,STK,530449,INE347C01013,RUNGTAIR,X,,,,,RUNGTA IRRIGATION LTD.,66.58,70.39,66.02,70.16,70.23,67.24,,70.16,,,5230,362424.0,68,F1,1,,,,,,2025-05-14
2025-05-14,2025-05-14,CM,BSE,STK,530457,INE959B01017,GTTDATA,X,,,,,GTT DATA SOLUTIONS LIMITED,82.95,85.4,82.95,85.4,85.4,81.34,,85.4,,,49540,4226071.0,151,F1,1,,,,,,2025-05-14
2025-05-14,2025-05-14,CM,BSE,STK,530459,INE808A01018,VALSONQ,X,,,,,VALSON INDUSTRIES LTD.,25.25,26.99,25.25,26.0,26.0,25.25,,26.0,,,311,8079.0,4,F1,1,,,,,,2025-05-14
2025-05-14,2025-05-14,CM,BSE,STK,530461,INE440C01016,SABOOSOD,X,,,,,SABOO SODIUM CHLORO LTD.,18.31,19.18,18.25,18.26,18.47,18.31,,18.26,,,64943,1202126.0,124,F1,1,,,,,,2025-05-14
2025-05-14,2025-05-14,CM,BSE,STK,530469,INE721D01017,GSLSEC,XT,,,,,GSL SECURITIES LTD.,30.5,30.5,30.13,30.13,30.13,30.74,,30.13,,,378,11395.0,4,F1,1,,,,,,2025-05-14
2025-05-14,2025-05-14,CM,BSE,STK,530475,INE015C01016,TINNARUBR,B,,,,,TINNA RUBBER AND INFRASTRUCTUR,975.35,999.45,967.35,982.3,982.6,974.0,,982.1,,,8127,7956662.0,902,F1,1,,,,,,2025-05-14
2025-05-14,2025-05-14,CM,BSE,STK,530477,INE337E01010,VIKRAMTH,X,,,,,VIKRAM THERMO (INDIA) LTD.,176.0,180.0,176.0,177.05,177.5,175.85,,177.05,,,4669,830671.0,121,F1,1,,,,,,2025-05-14
2025-05-14,2025-05-14,CM,BSE,STK,530495,INE473C01025,STRATMONT,XT,,,,,STRATMONT INDUSTRIES LIMITED,69.41,71.0,68.0,70.62,70.62,68.05,,70.62,,,1477,102961.0,23,F1,1,,,,,,2025-05-14
2025-05-14,2025-05-14,CM,BSE,STK,530499,INE701G01012,AKCAPIT,X,,,,,A.K.CAPITAL SERVICES LTD.,1016.3,1057.85,1016.3,1054.7,1054.95,1035.1,,1054.7,,,33,34782.0,15,F1,1,,,,,,2025-05-14
2025-05-14,2025-05-14,CM,BSE,STK,530517,INE131B01039,RELAXO,A,,,,,RELAXO FOOTWEARS LTD.,422.25,429.5,417.4,427.75,429.05,423.15,,427.65,,,21773,9254231.0,1423,F1,1,,,,,,2025-05-14
2025-05-14,2025-05-14,CM,BSE,STK,530521,INE467D01017,VIRAT,XT,,,,,VIRAT INDUSTRIES LTD.,430.0,430.0,416.05,416.05,416.05,424.0,,416.05,,,411,174240.0,5,F1,1,,,,,,2025-05-14
2025-05-14,2025-05-14,CM,BSE,STK,530525,INE786J01033,RRETAIL,X,,,,,RAJNISH RETAIL LIMITED,7.12,7.5,7.12,7.42,7.47,7.36,,7.42,,,118897,880809.0,487,F1,1,,,,,,2025-05-14
2025-05-14,2025-05-14,CM,BSE,STK,530533,INE390D01011,TERAI,X,,,,,TERAI TEA CO.LTD.,190.05,190.05,174.0,188.0,188.0,181.0,,188.0,,,5680,1069405.0,65,F1,1,,,,,,2025-05-14
2025-05-14,2025-05-14,CM,BSE,STK,530545,INE949B01018,COSCO,X,,,,,COSCO (INDIA) LTD.,244.0,295.0,244.0,270.0,270.0,267.95,,270.0,,,347,95411.0,29,F1,1,,,,,,2025-05-14
2025-05-14,2025-05-14,CM,BSE,STK,530549,INE790G01031,SHILPAMED,A,,,,,SHILPA MEDICARE LTD.,670.5,705.95,670.5,694.15,695.15,668.7,,694.9,,,5368,3710707.0,478,F1,1,,,,,,2025-05-14
2025-05-14,2025-05-14,CM,BSE,STK,530555,INE074B01023,PARACABLES,B,,,,,PARAMOUNT COMMUNICATIONS LTD.,54.4,56.3,54.0,55.86,55.86,54.27,,55.82,,,179505,9921722.0,1449,F1,1,,,,,,2025-05-14
2025-05-14,2025-05-14,CM,BSE,STK,530557,INE132F01038,NCLRESE,X,,,,,NCL RESEARCH & FINANCIAL SERVI,0.62,0.62,0.61,0.61,0.62,0.6,,0.61,,,1870869,1150666.0,1569,F1,1,,,,,,2025-05-14
2025-05-14,2025-05-14,CM,BSE,STK,530565,INE149B01015,POPEES,XT,,,,,POPEES CARES LIMITED,57.61,59.87,57.61,59.87,59.87,58.7,,59.87,,,5624,331246.0,35,F1,1,,,,,,2025-05-14
2025-05-14,2025-05-14,CM,BSE,STK,530577,INE519D01015,LADDERUP,X,,,,,LADDERUP FINANCE LTD.,64.06,64.06,57.25,62.2,62.2,62.49,,62.2,,,251,14803.0,21,F1,1,,,,,,2025-05-14
2025-05-14,2025-05-14,CM,BSE,STK,530579,INE152C01025,UYFINCORP,B,,,,,U. Y. FINCORP LIMITED,18.18,18.7,18.03,18.27,18.45,18.23,,18.42,,,11812,216844.0,229,F1,1,,,,,,2025-05-14
2025-05-14,2025-05-14,CM,BSE,STK,530581,INE906L01025,EKAMLEA,XT,,,,,EKAM LEASING & FINANCE CO.LTD.,6.61,6.61,5.99,6.61,6.61,6.3,,6.61,,,632,4116.0,9,F1,1,,,,,,2025-05-14
2025-05-14,2025-05-14,CM,BSE,STK,530585,INE691C01022,SWASTIKA,X,,,,,SWASTIKA INVESTMART LTD.,129.5,133.0,127.0,129.75,130.0,129.25,,129.75,,,4387,572478.0,74,F1,1,,,,,,2025-05-14
2025-05-14,2025-05-14,CM,BSE,STK,530589,INE573B01016,PRIMAPLA,X,,,,,PRIMA PLASTICS LTD.,162.95,175.0,157.7,162.25,162.25,158.4,,162.25,,,14898,2488276.0,138,F1,1,,,,,,2025-05-14
2025-05-14,2025-05-14,CM,BSE,STK,530601,INE582C01015,JAGSONFI,XT,,,,,JAGSONPAL FINANCE & LEASING LT,59.02,59.02,59.02,59.02,59.02,60.22,,59.02,,,212,12512.0,10,F1,1,,,,,,2025-05-14
2025-05-14,2025-05-14,CM,BSE,STK,530615,INE194E01015,GARGFUR,X,,,,,GARG FURNACE LTD.,209.0,209.0,189.0,190.8,191.05,200.0,,190.8,,,6084,1189583.0,185,F1,1,,,,,,2025-05-14
2025-05-14,2025-05-14,CM,BSE,STK,530617,INE375C01014,SAMPRE,XT,,,,,SAMPRE NUTRITIONS LTD.,25.07,25.07,25.07,25.07,25.07,24.58,,25.07,,,1779,44599.0,9,F1,1,,,,,,2025-05-14
2025-05-14,2025-05-14,CM,BSE,STK,530621,INE864E01021,AAIL,X,,,,,Akar Auto Industries Limited,96.77,96.8,94.7,94.74,94.7,94.41,,94.74,,,2857,274702.0,37,F1,1,,,,,,2025-05-14
2025-05-14,2025-05-14,CM,BSE,STK,530627,INE834D01018,VIPULORG,X,,,,,Vipul Organics Limited,130.0,142.9,126.55,136.0,136.0,126.45,,136.0,,,18049,2469712.0,333,F1,1,,,,,,2025-05-14
2025-05-14,2025-05-14,CM,BSE,STK,530643,INE316A01038,ECORECO,T,,,,,ECO RECYCLING LTD.,578.6,597.9,565.0,594.8,590.0,571.7,,594.8,,,19344,11206571.0,731,F1,1,,,,,,2025-05-14
2025-05-14,2025-05-14,CM,BSE,STK,530655,INE127I01024,GOODLUCK,B,,,,,Goodluck India Limited,791.75,815.0,791.75,809.6,811.0,799.0,,810.25,,,8664,6995032.0,894,F1,1,,,,,,2025-05-14
2025-05-14,2025-05-14,CM,BSE,STK,530663,INE912B01032,GOYALASS,X,,,,,GOYAL ASSOCIATES LTD.,1.26,1.29,1.11,1.22,1.22,1.22,,1.22,,,108141,134259.0,208,F1,1,,,,,,2025-05-14
2025-05-14,2025-05-14,CM,BSE,STK,530665,INE812B01026,ZENITHHE,X,,,,,ZENITH HEALTH CARE LTD.,4.45,4.78,4.39,4.55,4.55,4.48,,4.55,,,21926,99995.0,180,F1,1,,,,,,2025-05-14
2025-05-14,2025-05-14,CM,BSE,STK,530669,INE035401020,ACEENGITEC,XT,,,,,ACE ENGITECH LIMITED,186.3,186.3,186.3,186.3,186.3,183.05,,186.3,,,1,186.0,1,F1,1,,,,,,2025-05-14
2025-05-14,2025-05-14,CM,BSE,STK,530675,INE057Q01018,YORKEXP,X,,,,,YORK EXPORTS LTD.,47.5,47.5,45.13,45.13,45.13,47.5,,45.13,,,145,6646.0,8,F1,1,,,,,,2025-05-14
2025-05-14,2025-05-14,CM,BSE,STK,530677,INE822E01011,SUPREME,B,,,,,SUPREME HOLDINGS & HOSPITALITY,104.3,109.1,102.5,103.25,103.55,104.4,,102.72,,,6130,644769.0,278,F1,1,,,,,,2025-05-14
2025-05-14,2025-05-14,CM,BSE,STK,530689,INE624M01014,LYKISLTD,X,,,,,LYKIS LIMITED,31.52,32.75,31.51,32.4,32.4,31.89,,32.4,,,9257,299463.0,72,F1,1,,,,,,2025-05-14
2025-05-14,2025-05-14,CM,BSE,STK,530695,INE233C01023,PRIMEPRO,X,,,,,PRIME PROPERTY DEVELOPMENT COR,39.41,39.41,38.0,38.11,38.95,39.43,,38.11,,,2077,80416.0,14,F1,1,,,,,,2025-05-14
2025-05-14,2025-05-14,CM,BSE,STK,530697,INE546F01013,ZENLABS,X,,,,,Zenlabs Ethica Limited,33.0,33.0,31.18,31.9,31.9,32.59,,31.9,,,5397,171308.0,31,F1,1,,,,,,2025-05-14
2025-05-14,2025-05-14,CM,BSE,STK,530699,INE533D01032,RAJRILTD,T,,,,,RAJ RAYON INDUSTRIES LIMITED,22.29,22.29,22.29,22.29,22.29,21.86,,22.74,,,51,1136.0,4,F1,1,,,,,,2025-05-14
2025-05-14,2025-05-14,CM,BSE,STK,530705,INE161F01011,ANIRIT,XT,,,,,ANIRIT VENTURES LIMITED,93.43,93.43,93.43,93.43,93.43,93.43,,93.43,,,16,1494.0,2,F1,1,,,,,,2025-05-14
2025-05-14,2025-05-14,CM,BSE,STK,530709,INE225G01012,GOWRALE,XT,,,,,GOWRA LEASING & FINANCE LTD.,86.53,86.53,86.53,86.53,86.53,88.29,,86.53,,,933,80732.0,17,F1,1,,,,,,2025-05-14
2025-05-14,2025-05-14,CM,BSE,STK,530711,INE144C01014,JAGANLAM,X,,,,,JAGAN LAMPS LTD.,67.23,67.23,65.3,66.89,67.0,65.91,,66.89,,,3106,207739.0,60,F1,1,,,,,,2025-05-14
2025-05-14,2025-05-14,CM,BSE,STK,530715,INE093B01015,ALPSINDUS,T,,,,,ALPS INDUSTRIES LTD.,2.46,2.54,2.46,2.46,2.46,2.45,,2.48,,,567,1437.0,7,F1,1,,,,,,2025-05-14
2025-05-14,2025-05-14,CM,BSE,STK,530723,INE041B01014,ASITCFIN,X,,,,,ASIT C.MEHTA FINANCIAL SERVICE,105.0,110.45,102.0,110.0,110.0,104.0,,110.0,,,1347,145816.0,22,F1,1,,,,,,2025-05-14
2025-05-14,2025-05-14,CM,BSE,STK,530733,INE900O01014,ENCODE,X,,,,,ENCODE PACKAGING INDIA LIMITED,12.45,12.45,12.45,12.45,12.45,11.88,,12.45,,,20,249.0,4,F1,1,,,,,,2025-05-14
2025-05-14,2025-05-14,CM,BSE,STK,530735,INE897A01011,SUPERBAK,X,,,,,SUPER BAKERS (INDIA) LTD.,28.32,28.32,28.32,28.32,28.32,29.8,,28.32,,,500,14160.0,3,F1,1,,,,,,2025-05-14
2025-05-14,2025-05-14,CM,BSE,STK,530741,INE812S01012,OVOBELE,X,,,,,OVOBEL FOODS LTD.,75.0,77.4,73.5,76.99,77.0,74.5,,76.99,,,2221,168029.0,57,F1,1,,,,,,2025-05-14
2025-05-14,2025-05-14,CM,BSE,STK,530745,INE366C01021,ACSTECH,XT,,,,,ACS TECHNOLOGIES LIMITED,17.28,17.28,17.28,17.28,17.28,16.95,,17.28,,,27234,470603.0,21,F1,1,,,,,,2025-05-14
2025-05-14,2025-05-14,CM,BSE,STK,530747,INE807A01010,CHALLANI,X,,,,,CHALLANI CAPITAL LIMITED,26.96,26.96,25.5,26.43,26.43,26.7,,26.43,,,226,5794.0,8,F1,1,,,,,,2025-05-14
2025-05-14,2025-05-14,CM,BSE,STK,530755,INE715D01019,CORNE,X,,,,,CORAL NEWSPRINTS LTD.,11.1,11.1,10.13,10.13,10.13,10.12,,10.13,,,522,5325.0,7,F1,1,,,,,,2025-05-14
2025-05-14,2025-05-14,CM,BSE,STK,530759,INE334A01023,STERTOOLS,B,,,,,STERLING TOOLS LTD.,299.05,323.75,299.05,309.0,312.0,296.0,,309.2,,,54266,16946409.0,2040,F1,1,,,,,,2025-05-14
2025-05-14,2025-05-14,CM,BSE,STK,530765,INE510B01018,AGARWAL,X,,,,,AGARWAL FORTUNE INDIA LIMITED,20.01,20.01,20.01,20.01,20.01,20.11,,20.01,,,50,1000.0,2,F1,1,,,,,,2025-05-14
2025-05-14,2025-05-14,CM,BSE,STK,530787,INE055O01033,INLANPR,XT,,,,,INLAND PRINTERS LTD.,46.25,46.25,46.25,46.25,46.25,45.35,,46.25,,,100,4625.0,1,F1,1,,,,,,2025-05-14
2025-05-14,2025-05-14,CM,BSE,STK,530789,INE358C01010,CEEJAY,XT,,,,,CEEJAY FINANCE LTD.,180.0,182.0,180.0,180.0,180.0,180.0,,180.0,,,47,8463.0,6,F1,1,,,,,,2025-05-14
2025-05-14,2025-05-14,CM,BSE,STK,530795,INE584D01019,SUNCITYSY,XT,,,,,SUNCITY SYNTHETICS LTD.,18.6,18.6,18.6,18.6,18.6,18.6,,18.6,,,8,148.0,5,F1,1,,,,,,2025-05-14
2025-05-14,2025-05-14,CM,BSE,STK,530797,INE400N01017,SHGANEL,X,,,,,SHREE GANESH ELASTOPLAST LTD.,23.0,25.35,23.0,25.14,25.35,24.15,,25.14,,,2063,52081.0,5,F1,1,,,,,,2025-05-14
2025-05-14,2025-05-14,CM,BSE,STK,530799,INE336D01014,ANNAINFRA,X,,,,,ANNA INFRASTRUCTURES LTD.,26.25,26.75,25.48,26.75,26.75,25.48,,26.75,,,350,8922.0,4,F1,1,,,,,,2025-05-14
2025-05-14,2025-05-14,CM,BSE,STK,530803,INE354C01027,BHAGERIA,B,,,,,Bhageria Industries Limited,163.8,169.9,163.8,165.6,165.8,162.45,,166.65,,,4683,779220.0,369,F1,1,,,,,,2025-05-14
2025-05-14,2025-05-14,CM,BSE,STK,530805,INE125F01032,OIVL,XT,,,,,ONESOURCE INDUSTRIES AND VENTU,1.46,1.54,1.46,1.48,1.54,1.53,,1.48,,,230985,343112.0,310,F1,1,,,,,,2025-05-14
2025-05-14,2025-05-14,CM,BSE,STK,530809,INE355C01016,BNRUDY,X,,,,,BNR UDYOG LTD.,58.18,64.75,53.0,58.95,58.95,58.18,,58.95,,,395,22066.0,17,F1,1,,,,,,2025-05-14
2025-05-14,2025-05-14,CM,BSE,STK,530813,INE001B01026,KRBL,A,,,,,KRBL LTD.,318.5,322.25,315.55,317.45,318.2,318.1,,317.5,,,37091,11823468.0,996,F1,1,,,,,,2025-05-14
2025-05-14,2025-05-14,CM,BSE,STK,530821,INE838C01011,SSPDL,X,,,,,SSPDL LTD.,17.81,17.81,17.81,17.81,17.81,17.81,,17.81,,,200,3562.0,1,F1,1,,,,,,2025-05-14
2025-05-14,2025-05-14,CM,BSE,STK,530825,INE789B01018,DAIKAFFI,XT,,,,,DAIKAFFIL CHEMICALS INDIA LTD.,166.5,168.4,160.1,163.35,166.95,160.55,,163.35,,,299,49842.0,11,F1,1,,,,,,2025-05-14
2025-05-14,2025-05-14,CM,BSE,STK,530829,INE830A01012,CILSEC,X,,,,,CIL SECURITIES LTD.,47.0,48.9,44.17,45.64,45.95,46.35,,45.64,,,1236,58262.0,36,F1,1,,,,,,2025-05-14
2025-05-14,2025-05-14,CM,BSE,STK,530839,INE011B01017,CLIOINFO,X,,,,,CLIO INFOTECH LTD.,4.87,4.87,4.87,4.87,4.87,4.87,,4.87,,,30,146.0,1,F1,1,,,,,,2025-05-14
2025-05-14,2025-05-14,CM,BSE,STK,530843,INE509F01029,CUPID,B,,,,,CUPID LTD.,86.85,87.5,84.5,86.98,86.98,85.99,,87.01,,,111104,9563934.0,1350,F1,1,,,,,,2025-05-14
2025-05-14,2025-05-14,CM,BSE,STK,530845,INE199E01014,SUNSHIEL,X,,,,,SUNSHIELD CHEMICALS LTD.,755.0,824.0,754.95,778.45,767.0,763.1,,778.45,,,3012,2381544.0,87,F1,1,,,,,,2025-05-14
2025-05-14,2025-05-14,CM,BSE,STK,530853,INE963A01011,HIPOLIN,XT,,,,,HIPOLIN LTD.,107.8,107.8,107.8,107.8,107.8,107.8,,107.8,,,101,10887.0,4,F1,1,,,,,,2025-05-14
2025-05-14,2025-05-14,CM,BSE,STK,530871,INE995D01025,CHEMBOND,T,,,,,CHEMBOND CHEMICALS LTD.,293.15,316.5,293.15,300.1,307.0,308.55,,302.7,,,14885,4441487.0,414,F1,1,,,,,,2025-05-14
2025-05-14,2025-05-14,CM,BSE,STK,530879,INE345H01024,CIFL,B,,,,,CAPITAL INDIA FINANCE LIMITED,37.38,37.5,36.0,36.2,36.2,36.34,,36.31,,,17330,637021.0,428,F1,1,,,,,,2025-05-14
2025-05-14,2025-05-14,CM,BSE,STK,530881,INE485K01022,ABVL,XT,,,,,Arunjyoti Bio Ventures Limited,8.57,8.57,8.15,8.37,8.38,8.57,,8.37,,,294212,2440598.0,232,F1,1,,,,,,2025-05-14
2025-05-14,2025-05-14,CM,BSE,STK,530883,INE366G01022,SUCROSA,X,,,,,SUPER CROP SAFE LTD.,14.65,14.85,14.5,14.74,14.75,14.07,,14.74,,,19786,290019.0,99,F1,1,,,,,,2025-05-14
2025-05-14,2025-05-14,CM,BSE,STK,530897,INE825C01018,NGIND,X,,,,,N.G.INDUSTRIES LTD.,162.9,162.9,160.0,162.45,162.45,161.6,,162.45,,,937,149974.0,14,F1,1,,,,,,2025-05-14
2025-05-14,2025-05-14,CM,BSE,STK,530909,INE308B01017,ERPSOFT,X,,,,,ERP SOFT SYSTEMS LTD.,135.85,135.85,135.85,135.85,135.85,143.0,,135.85,,,1,135.0,1,F1,1,,,,,,2025-05-14
2025-05-14,2025-05-14,CM,BSE,STK,530919,INE474C01023,REMSONSIND,B,,,,,REMSONS INDUSTRIES LTD.,123.7,125.5,118.65,119.65,120.0,124.1,,120.0,,,34520,4217479.0,412,F1,1,,,,,,2025-05-14
2025-05-14,2025-05-14,CM,BSE,STK,530921,INE038N01015,INTETHR,P,,,,,INTEGRATED THERMOPLASTICS LTD.,7.68,7.68,7.68,7.68,7.68,8.08,,7.68,,,100,768.0,1,F1,100,,,,,,2025-05-14
2025-05-14,2025-05-14,CM,BSE,STK,530925,INE609D01014,RAMSONS,X,,,,,RAMSONS PROJECTS LTD.,46.98,46.98,44.65,44.65,44.65,46.98,,44.65,,,10,458.0,2,F1,1,,,,,,2025-05-14
2025-05-14,2025-05-14,CM,BSE,STK,530927,INE737G01016,HARAFIN,ZP,,,,,HARYANA FINANCIAL CORPORATION,38.91,38.91,38.91,38.91,38.91,37.06,,38.91,,,100,3891.0,1,F1,100,,,,,,2025-05-14
2025-05-14,2025-05-14,CM,BSE,STK,530929,INE535P01015,EUROASIA,P,,,,,EURO ASIA EXPORTS LTD.,88.89,88.89,88.89,88.89,88.89,87.15,,88.89,,,100,8889.0,1,F1,100,,,,,,2025-05-14
2025-05-14,2025-05-14,CM,BSE,STK,530931,INE457D01018,STANPACK,XT,,,,,STANPACKS (INDIA) LTD.,12.45,12.45,11.31,11.71,12.2,11.88,,11.71,,,9461,110633.0,93,F1,1,,,,,,2025-05-14
2025-05-14,2025-05-14,CM,BSE,STK,530943,INE416A01044,SABTNL,T,,,,,SRI ADHIKARI BROTHERS TELEVISI,619.5,619.5,605.55,607.15,607.15,617.9,,607.15,,,1551,955343.0,74,F1,1,,,,,,2025-05-14
2025-05-14,2025-05-14,CM,BSE,STK,530951,INE357B01022,RAMINFO,X,,,,,RAMINFO LIMITED,70.1,72.78,70.1,72.41,72.78,70.36,,72.41,,,1443,103713.0,41,F1,1,,,,,,2025-05-14
2025-05-14,2025-05-14,CM,BSE,STK,530953,INE224D01012,SUNILAGR,X,,,,,SUNIL AGRO FOODS LTD.,92.5,92.5,92.0,92.0,92.0,92.0,,92.0,,,142,13074.0,10,F1,1,,,,,,2025-05-14
2025-05-14,2025-05-14,CM,BSE,STK,530959,INE012E01035,DIANATEA,X,,,,,DIANA TEA CO.LTD.,30.09,30.85,29.15,30.27,30.27,29.38,,30.27,,,11259,337649.0,85,F1,1,,,,,,2025-05-14
2025-05-14,2025-05-14,CM,BSE,STK,530961,INE806A01020,VIKASECO,B,,,,,Vikas EcoTech Limited,2.32,2.39,2.32,2.37,2.37,2.35,,2.37,,,1337211,3159405.0,677,F1,1,,,,,,2025-05-14
2025-05-14,2025-05-14,CM,BSE,STK,530965,INE242A01010,IOC,A,,,,,INDIAN OIL CORPORATION LTD.,141.75,143.85,141.75,143.5,143.5,141.7,,143.47,,,831843,119042327.0,10995,F1,1,,,,,,2025-05-14
2025-05-14,2025-05-14,CM,BSE,STK,530973,INE042C01010,ALFAICA,X,,,,,ALFA ICA (INDIA) LTD.,80.0,84.0,80.0,84.0,84.0,78.0,,84.0,,,837,68427.0,12,F1,1,,,,,,2025-05-14
2025-05-14,2025-05-14,CM,BSE,STK,530977,INE260E01014,SKCIL,X,,,,,Shri Keshav Cements and Infra,153.75,158.0,153.5,153.8,153.5,153.75,,153.8,,,1679,258928.0,30,F1,1,,,,,,2025-05-14
2025-05-14,2025-05-14,CM,BSE,STK,530979,INE274E01015,INDIAHOME,X,,,,,INDIA HOME LOAN LTD.,34.68,34.95,33.55,33.99,34.33,34.74,,33.99,,,4074,137742.0,42,F1,1,,,,,,2025-05-14
2025-05-14,2025-05-14,CM,BSE,STK,530991,INE443C01010,ROOPAIND,X,,,,,ROOPA INDUSTRIES LTD.,59.69,60.94,56.6,58.17,59.5,59.69,,58.17,,,1131,65970.0,17,F1,1,,,,,,2025-05-14
2025-05-14,2025-05-14,CM,BSE,STK,530997,INE333E01019,UNIQUEO,X,,,,,UNIQUE ORGANICS LTD.,144.9,147.7,139.05,142.7,144.0,140.2,,142.7,,,6543,947711.0,93,F1,1,,,,,,2025-05-14
2025-05-14,2025-05-14,CM,BSE,STK,530999,INE050E01027,BALAMINES,A,,,,,BALAJI AMINES LTD.,1326.95,1350.0,1326.95,1346.05,1344.4,1327.55,,1347.1,,,5382,7215513.0,822,F1,1,,,,,,2025-05-14
2025-05-14,2025-05-14,CM,BSE,STK,531003,INE595G01018,SWRNASE,X,,,,,SWARNA SECURITIES LTD.,70.0,70.0,66.5,69.31,69.31,70.0,,69.31,,,10,681.0,7,F1,1,,,,,,2025-05-14
2025-05-14,2025-05-14,CM,BSE,STK,531015,INE154G01022,VENMAX,XT,,,,,VENMAX DRUGS AND PHARMACEUTICA,25.64,27.9,25.64,25.67,25.67,26.98,,25.67,,,1925,49711.0,23,F1,1,,,,,,2025-05-14
2025-05-14,2025-05-14,CM,BSE,STK,531017,INE190D01015,ARISE,X,,,,,ARIHANTS SECURITIES LTD.,29.44,29.44,28.05,29.37,29.37,28.66,,29.37,,,1954,55405.0,34,F1,1,,,,,,2025-05-14
2025-05-14,2025-05-14,CM,BSE,STK,531025,INE309H01038,VISAGAR,X,,,,,VISAGAR FINANCIAL SERVICES LTD,0.53,0.54,0.52,0.54,0.54,0.52,,0.54,,,1378671,734581.0,731,F1,1,,,,,,2025-05-14
2025-05-14,2025-05-14,CM,BSE,STK,531035,INE432F01032,ERAAYA,T,,,,,ERAAYA LIFESPACES LIMITED,52.75,52.75,49.6,49.81,49.81,51.24,,49.81,,,84546,4251191.0,666,F1,1,,,,,,2025-05-14
2025-05-14,2025-05-14,CM,BSE,STK,531041,INE823B01015,COMPEAU,X,,,,,COMPETENT AUTOMOBILES CO.LTD.,405.0,410.0,400.0,407.0,407.0,395.95,,407.0,,,488,197837.0,39,F1,1,,,,,,2025-05-14
2025-05-14,2025-05-14,CM,BSE,STK,531043,INE239F01015,ZDHJERK,X,,,,,DHANVANTRI JEEVAN REKHA LTD.,19.41,19.41,19.41,19.41,19.41,19.41,,19.41,,,160,3105.0,1,F1,1,,,,,,2025-05-14
2025-05-14,2025-05-14,CM,BSE,STK,531049,INE741D01015,NEELKAN,Z,,,,,NEELKANTH ROCKMINERALS LTD.,15.8,15.8,15.8,15.8,15.8,15.05,,15.8,,,1,15.0,1,F1,1,,,,,,2025-05-14
2025-05-14,2025-05-14,CM,BSE,STK,531051,INE153C01015,VINTAGES,X,,,,,VINTAGE SECURITIES LTD.,16.7,16.7,16.7,16.7,16.7,16.25,,16.7,,,1,16.0,1,F1,1,,,,,,2025-05-14
2025-05-14,2025-05-14,CM,BSE,STK,531065,INE906K01027,OSWALOR,XT,,,,,OSWAL OVERSEAS LTD.,15.57,15.57,15.57,15.57,15.57,15.27,,15.57,,,1,15.0,1,F1,1,,,,,,2025-05-14
2025-05-14,2025-05-14,CM,BSE,STK,531067,INE080G01029,CONTILI,X,,,,,CONTIL INDIA LTD.,29.96,30.98,29.1,30.3,30.3,29.96,,30.3,,,915,27855.0,23,F1,1,,,,,,2025-05-14
2025-05-14,2025-05-14,CM,BSE,STK,531069,INE362D01010,VIJSOLX,X,,,,,VIJAY SOLVEX LTD.,969.8,969.8,902.0,949.55,941.0,944.8,,949.55,,,106,101234.0,26,F1,1,,,,,,2025-05-14
2025-05-14,2025-05-14,CM,BSE,STK,531080,INE997I01012,SHRIKRISH,X,,,,,SHRI KRISHNA DEVCON LTD.,32.26,33.0,32.26,32.26,32.26,32.01,,32.26,,,201,6506.0,4,F1,1,,,,,,2025-05-14
2025-05-14,2025-05-14,CM,BSE,STK,531082,INE914E01040,ALANKIT,B,,,,,ALANKIT,14.8,15.1,14.8,14.96,14.99,14.72,,14.96,,,44957,673091.0,524,F1,1,,,,,,2025-05-14
2025-05-14,2025-05-14,CM,BSE,STK,531083,INE876E01033,NIHARINF,XT,,,,,NIHAR INFO GLOBAL LTD.,5.99,6.25,5.7,5.7,5.7,5.99,,5.7,,,1402,8351.0,11,F1,1,,,,,,2025-05-14
2025-05-14,2025-05-14,CM,BSE,STK,531091,INE858C01027,UNITDCR,X,,,,,UNITED CREDIT LTD.,34.88,34.88,32.5,33.89,33.89,32.57,,33.89,,,97,3285.0,9,F1,1,,,,,,2025-05-14
2025-05-14,2025-05-14,CM,BSE,STK,531092,INE239D01028,OMINFRAL,B,,,,,OM INFRA LIMITED,123.55,146.05,123.55,139.5,139.5,125.55,,139.91,,,266179,37199884.0,6074,F1,1,,,,,,2025-05-14
2025-05-14,2025-05-14,CM,BSE,STK,531099,INE396H01019,CHECKPOINT,XT,,,,,Checkpoint Trends Limited,23.17,23.17,23.17,23.17,23.17,23.64,,23.17,,,502,11631.0,3,F1,1,,,,,,2025-05-14
2025-05-14,2025-05-14,CM,BSE,STK,531109,INE561M01018,ISHANCH,B,,,,,Ishan Dyes and Chemicals Limit,42.25,44.99,40.18,42.14,42.12,41.89,,42.33,,,4951,215196.0,219,F1,1,,,,,,2025-05-14
2025-05-14,2025-05-14,CM,BSE,STK,531111,INE538G01018,GOTHIPL,P,,,,,GOTHI PLASCON (INDIA) LTD.,44.0,44.0,44.0,44.0,44.0,46.25,,44.0,,,300,13200.0,1,F1,100,,,,,,2025-05-14
2025-05-14,2025-05-14,CM,BSE,STK,531112,INE011E01029,BALUFORGE,B,,,,,BALU FORGE INDUSTRIES LIMITED,609.8,624.4,587.65,618.35,618.35,604.0,,618.65,,,112403,68607844.0,3562,F1,1,,,,,,2025-05-14
2025-05-14,2025-05-14,CM,BSE,STK,531119,INE418D01010,CEENIK,XT,,,,,CEENIK EXPORTS (INDIA) LTD.,539.3,539.3,539.3,539.3,539.3,528.75,,539.3,,,415,223809.0,10,F1,1,,,,,,2025-05-14
2025-05-14,2025-05-14,CM,BSE,STK,531120,INE244B01030,PATELENG,A,,,,,PATEL ENGINEERING LTD.,41.91,42.6,41.31,42.06,42.06,42.39,,42.07,,,1097393,45890523.0,5244,F1,1,,,,,,2025-05-14
2025-05-14,2025-05-14,CM,BSE,STK,531126,INE237C01016,KATIPATANG,XT,,,,,KATI PATANG LIFESTYLE LIMITED,28.11,29.51,28.11,28.11,28.11,29.58,,28.11,,,38273,1075860.0,34,F1,1,,,,,,2025-05-14
2025-05-14,2025-05-14,CM,BSE,STK,531127,INE148B01033,MENAMANI,X,,,,,MENA MANI INDUSTRIES LIMITED,5.8,5.8,5.51,5.51,5.51,5.8,,5.51,,,8472,46767.0,24,F1,1,,,,,,2025-05-14
2025-05-14,2025-05-14,CM,BSE,STK,531129,INE635D01027,INANI,X,,,,,INANI MARBLES & INDUSTRIES LTD,18.06,19.8,18.06,18.73,18.55,18.86,,18.73,,,1809,34177.0,15,F1,1,,,,,,2025-05-14
2025-05-14,2025-05-14,CM,BSE,STK,531137,INE503D01027,GEMSI,X,,,,,GEMSTONE INVESTMENTS LTD.,2.12,2.25,2.07,2.24,2.25,2.05,,2.24,,,303977,664281.0,401,F1,1,,,,,,2025-05-14
2025-05-14,2025-05-14,CM,BSE,STK,531144,INE158F01017,ELFORGE,X,,,,,EL FORGE LTD.,23.0,23.0,21.5,22.3,22.6,21.81,,22.3,,,15187,340207.0,196,F1,1,,,,,,2025-05-14
2025-05-14,2025-05-14,CM,BSE,STK,531146,INE646B01010,MEDICAMEQ,B,,,,,MEDICAMEN BIOTECH LTD.,433.55,451.45,433.55,442.35,442.2,436.3,,443.3,,,771,339196.0,54,F1,1,,,,,,2025-05-14
2025-05-14,2025-05-14,CM,BSE,STK,531147,INE062D01024,ALICON,B,,,,,ALICON CASTALLOY LIMITED,687.85,743.65,687.85,735.9,737.0,690.7,,734.55,,,2400,1731847.0,414,F1,1,,,,,,2025-05-14
2025-05-14,2025-05-14,CM,BSE,STK,531153,INE650C01036,DILIGENT,XT,,,,,DILIGENT INDUSTRIES LTD.,1.79,1.79,1.79,1.79,1.79,1.82,,1.79,,,227727,407631.0,137,F1,1,,,,,,2025-05-14
2025-05-14,2025-05-14,CM,BSE,STK,531155,INE601F01016,EPSOMPRO,XT,,,,,EPSOM PROPERTIES LTD.,8.85,8.85,8.85,8.85,8.85,9.3,,8.85,,,610,5398.0,3,F1,1,,,,,,2025-05-14
2025-05-14,2025-05-14,CM,BSE,STK,531156,INE883B01027,ALFAVIO,X,,,,,ALFAVISION OVERSEAS (INDIA) LT,13.83,13.83,12.61,13.0,13.0,13.7,,13.0,,,3762,49285.0,28,F1,1,,,,,,2025-05-14
2025-05-14,2025-05-14,CM,BSE,STK,531157,INE412E01011,ORGCOAT,XT,,,,,ORGANIC COATINGS LTD.,12.01,12.01,12.01,12.01,12.01,12.01,,12.01,,,200,2402.0,2,F1,1,,,,,,2025-05-14
2025-05-14,2025-05-14,CM,BSE,STK,531158,INE660B01011,CATVISION,X,,,,,CATVISION  LIMITED,23.1,24.14,23.1,23.66,23.64,24.37,,23.66,,,903,21416.0,20,F1,1,,,,,,2025-05-14
2025-05-14,2025-05-14,CM,BSE,STK,531161,INE850B01026,ABMKNO,XT,,,,,ABM KNOWLEDGEWARE LTD.,170.55,170.55,167.15,168.05,168.05,170.55,,168.05,,,2609,438859.0,33,F1,1,,,,,,2025-05-14
2025-05-14,2025-05-14,CM,BSE,STK,531162,INE548C01032,EMAMILTD,A,,,,,EMAMI LTD.,620.95,640.4,620.95,639.15,638.1,620.7,,639.25,,,13036,8265477.0,906,F1,1,,,,,,2025-05-14
2025-05-14,2025-05-14,CM,BSE,STK,531163,INE971L01029,KEMISTAR,X,,,,,KEMISTAR CORPORATION LIMITED,77.44,78.72,75.1,77.77,75.6,73.93,,77.77,,,2189,169904.0,36,F1,1,,,,,,2025-05-14
2025-05-14,2025-05-14,CM,BSE,STK,531168,INE771E01010,ASSOCER,X,,,,,ASSOCIATED CERAMICS LTD.,209.0,209.0,208.95,209.0,209.0,199.5,,209.0,,,103,21526.0,14,F1,1,,,,,,2025-05-14
2025-05-14,2025-05-14,CM,BSE,STK,531169,INE709B01016,SKPSEC,XT,,,,,SKP SECURITIES LTD.,121.0,121.4,116.0,116.95,120.75,121.85,,116.95,,,2686,315980.0,46,F1,1,,,,,,2025-05-14
2025-05-14,2025-05-14,CM,BSE,STK,531173,INE121D01036,SYSCHEM,X,,,,,SYSCHEM (INDIA) LTD.,41.16,41.83,40.05,41.33,41.5,41.16,,41.33,,,6116,251817.0,62,F1,1,,,,,,2025-05-14
2025-05-14,2025-05-14,CM,BSE,STK,531176,INE186C01023,MEFCOMCAP,X,,,,,MEFCOM CAPITAL MARKETS LTD.,16.99,16.99,15.5,15.89,15.89,16.3,,15.89,,,5337,85474.0,93,F1,1,,,,,,2025-05-14
2025-05-14,2025-05-14,CM,BSE,STK,531178,INE930A01010,HEMANG,X,,,,,HEMANG RESOURCES LIMITED,25.0,26.97,24.0,26.25,26.25,25.0,,26.25,,,1234,32897.0,13,F1,1,,,,,,2025-05-14
2025-05-14,2025-05-14,CM,BSE,STK,531179,INE109C01017,ARMANFIN,B,,,,,ARMAN FINANCIAL SERVICES LTD.,1553.9,1563.5,1523.25,1543.75,1550.9,1568.1,,1544.4,,,1615,2489663.0,342,F1,1,,,,,,2025-05-14
2025-05-14,2025-05-14,CM,BSE,STK,531190,INE355H01015,TAVERNIER,X,,,,,TAVERNIER RESOURCES LIMI,70.76,71.02,66.04,69.26,70.99,67.65,,69.26,,,4803,329586.0,35,F1,1,,,,,,2025-05-14
2025-05-14,2025-05-14,CM,BSE,STK,531199,INE580D01017,GLANCE,X,,,,,GLANCE FINANCE LTD.,139.9,139.9,139.85,139.9,139.9,133.25,,139.9,,,460,64353.0,7,F1,1,,,,,,2025-05-14
2025-05-14,2025-05-14,CM,BSE,STK,531201,INE024F01011,SHILCTECH,B,,,,,SHILCHAR TECHNOLOGIES LTD.,6910.3,7100.0,6910.0,6987.35,6987.35,6834.8,,6987.35,,,19325,135497625.0,2674,F1,1,,,,,,2025-05-14
2025-05-14,2025-05-14,CM,BSE,STK,531205,INE179O01031,SPRIGHT,T,,,,,SPRIGHT AGRO LIMITED,3.39,3.39,3.39,3.39,3.39,3.33,,3.39,,,484471,1642356.0,295,F1,1,,,,,,2025-05-14
2025-05-14,2025-05-14,CM,BSE,STK,531209,INE096B01018,NUCLEUS,B,,,,,NUCLEUS SOFTWARE EXPORTS LTD.,966.1,997.85,962.8,965.95,968.0,974.0,,966.0,,,6296,6163794.0,714,F1,1,,,,,,2025-05-14
2025-05-14,2025-05-14,CM,BSE,STK,531210,INE923C01011,COLINZ,XT,,,,,COLINZ LABORATORIES LTD.,58.0,59.0,56.3,59.0,59.0,56.3,,59.0,,,1200,69335.0,20,F1,1,,,,,,2025-05-14
2025-05-14,2025-05-14,CM,BSE,STK,531212,INE606C01012,NLFL,X,,,,,NALIN LEASE FINANCE LTD.,60.4,62.9,60.0,60.5,60.5,60.22,,60.5,,,3796,231073.0,26,F1,1,,,,,,2025-05-14
2025-05-14,2025-05-14,CM,BSE,STK,531213,INE522D01027,MANAPPURAM,A,,,,,Manappuram Finance Ltd,230.75,233.8,230.5,232.8,232.8,231.25,,232.9,,,306912,71339296.0,4481,F1,1,,,,,,2025-05-14
2025-05-14,2025-05-14,CM,BSE,STK,531215,INE005C01017,RTSPOWR,XT,,,,,RTS POWER CORPORATION LTD.,182.9,187.8,179.05,186.5,186.5,180.0,,186.5,,,6810,1258175.0,138,F1,1,,,,,,2025-05-14
2025-05-14,2025-05-14,CM,BSE,STK,531216,INE819A01049,COMFINTE,X,,,,,COMFORT INTECH LTD.,9.95,10.0,9.77,9.98,9.98,9.83,,9.98,,,210038,2087876.0,823,F1,1,,,,,,2025-05-14
2025-05-14,2025-05-14,CM,BSE,STK,531219,INE861E01019,SHYAMACOMP,P,,,,,Shyama Computronics and Servic,3.9,3.93,3.9,3.93,3.93,3.75,,3.93,,,4000,15660.0,2,F1,100,,,,,,2025-05-14
2025-05-14,2025-05-14,CM,BSE,STK,531223,INE364D01032,ANJANI,X,,,,,ANJANI SYNTHETICS LTD.,47.9,52.5,46.61,51.49,51.49,47.81,,51.49,,,122829,6104127.0,270,F1,1,,,,,,2025-05-14
2025-05-14,2025-05-14,CM,BSE,STK,531225,INE547B01028,XTGLOBAL,B,,,,,XTGLOBAL INFOTECH LIMITED,35.5,37.4,34.15,35.28,35.6,35.62,,35.12,,,697,24759.0,168,F1,1,,,,,,2025-05-14
2025-05-14,2025-05-14,CM,BSE,STK,531227,INE907E01010,DECOMIC,X,,,,,DECO-MICA LTD.,65.35,71.5,65.33,70.0,70.0,65.01,,70.0,,,83,5805.0,6,F1,1,,,,,,2025-05-14
2025-05-14,2025-05-14,CM,BSE,STK,531228,INE821D01031,RANDER,X,,,,,RANDER CORPORATION LTD.,10.24,10.3,10.24,10.3,10.3,10.24,,10.3,,,939,9621.0,7,F1,1,,,,,,2025-05-14
2025-05-14,2025-05-14,CM,BSE,STK,531233,INE822D01021,RASIELEC,XT,,,,,RASI ELECTRODES LTD.,18.75,19.0,18.4,18.9,18.9,18.56,,18.9,,,26087,488024.0,89,F1,1,,,,,,2025-05-14
2025-05-14,2025-05-14,CM,BSE,STK,531234,INE962E01015,SCOOBEEDAY,X,,,,,SCOOBEE DAY GARMENTS (INDIA) L,94.26,97.61,94.26,94.36,94.36,94.0,,94.36,,,381,35919.0,14,F1,1,,,,,,2025-05-14
2025-05-14,2025-05-14,CM,BSE,STK,531235,INE494D01011,CITIPOR,X,,,,,CITIPORT FINANCIAL SERVICES LT,28.5,28.5,28.5,28.5,28.5,28.5,,28.5,,,2,57.0,2,F1,1,,,,,,2025-05-14
2025-05-14,2025-05-14,CM,BSE,STK,531237,INE972E01014,DHRUVCA,XT,,,,,DHRUVA CAPITAL SERVICES LTD.,153.8,153.8,146.5,153.8,153.8,146.5,,153.8,,,15,2241.0,4,F1,1,,,,,,2025-05-14
2025-05-14,2025-05-14,CM,BSE,STK,531241,INE802B01027,LINC,B,,,,,LINC LIMITED,137.7,145.75,137.65,144.7,145.25,135.5,,144.49,,,48029,6846781.0,1934,F1,1,,,,,,2025-05-14
2025-05-14,2025-05-14,CM,BSE,STK,531246,INE723N01012,PRIMAIN,X,,,,,PRIMA INDUSTRIES LTD.,18.04,18.04,18.04,18.04,18.04,18.04,,18.04,,,47,847.0,1,F1,1,,,,,,2025-05-14
2025-05-14,2025-05-14,CM,BSE,STK,531253,INE342D01012,INDGELA,X,,,,,INDIA GELATINE & CHEMICALS LTD,372.2,377.45,360.0,361.1,361.1,372.2,,361.1,,,2174,787365.0,63,F1,1,,,,,,2025-05-14
2025-05-14,2025-05-14,CM,BSE,STK,531254,INE031G01022,OPTIFIN,X,,,,,Optimus Finance Limited,22.1,22.77,21.13,21.6,21.6,22.0,,21.6,,,4365,94567.0,32,F1,1,,,,,,2025-05-14
2025-05-14,2025-05-14,CM,BSE,STK,531255,INE015E01012,PARAGONF,X,,,,,PARAGON FINANCE LTD.,51.4,51.4,50.0,50.53,51.4,50.34,,50.53,,,1894,96947.0,19,F1,1,,,,,,2025-05-14
2025-05-14,2025-05-14,CM,BSE,STK,531257,INE530D01012,PRATIKSH,XT,,,,,PRATIKSHA CHEMICALS LTD.,17.94,18.37,17.94,18.03,18.37,17.5,,18.03,,,5,90.0,4,F1,1,,,,,,2025-05-14
2025-05-14,2025-05-14,CM,BSE,STK,531259,INE328F01016,ESHAMEDIA,X,,,,,ESHA MEDIA RESEARCH LIMITED,10.5,10.5,10.5,10.5,10.5,10.5,,10.5,,,100,1050.0,1,F1,1,,,,,,2025-05-14
2025-05-14,2025-05-14,CM,BSE,STK,531260,INE332F01018,REFEXRENEW,XT,,,,,Refex Renewables & Infrastruct,752.05,786.8,751.1,757.8,773.15,779.35,,757.8,,,407,310306.0,41,F1,1,,,,,,2025-05-14
2025-05-14,2025-05-14,CM,BSE,STK,531262,INE060N01019,EQUILATERA,X,,,,,EQUILATERAL ENTERPRISES LIMITE,27.9,27.9,25.6,27.82,27.82,26.79,,27.82,,,555,15218.0,10,F1,1,,,,,,2025-05-14
2025-05-14,2025-05-14,CM,BSE,STK,531266,INE764D01017,VSTTILLERS,B,,,,,V.S.T.TILLERS TRACTORS LTD.,3698.35,3770.0,3515.6,3737.95,3768.25,3739.4,,3744.1,,,1539,5601621.0,448,F1,1,,,,,,2025-05-14
2025-05-14,2025-05-14,CM,BSE,STK,531268,INE151B01011,B2BSOFT,X,,,,,B2B SOFTWARE TECHNOLOGIES LTD.,30.7,31.99,30.48,30.68,30.68,30.05,,30.68,,,12737,396915.0,106,F1,1,,,,,,2025-05-14
2025-05-14,2025-05-14,CM,BSE,STK,531273,INE986B01044,RADHEDE,XT,,,,,RADHE DEVELOPERS (INDIA) LTD.,1.77,1.77,1.77,1.77,1.77,1.74,,1.77,,,143633,254230.0,81,F1,1,,,,,,2025-05-14
2025-05-14,2025-05-14,CM,BSE,STK,531278,INE785D01012,ELIXIR,XT,,,,,Elixir Capital Limited,125.05,132.0,121.05,130.15,131.95,127.4,,130.15,,,6034,757981.0,115,F1,1,,,,,,2025-05-14
2025-05-14,2025-05-14,CM,BSE,STK,531279,INE238C01022,TRISHAKT,X,,,,,Trishakti Industries Limited,137.3,140.0,134.0,137.0,137.0,136.9,,137.0,,,4121,561672.0,70,F1,1,,,,,,2025-05-14
2025-05-14,2025-05-14,CM,BSE,STK,531280,INE698B01011,PANKAJPO,X,,,,,PANKAJ POLYMERS LTD.,17.3,17.3,17.29,17.29,17.29,16.5,,17.29,,,508,8783.0,6,F1,1,,,,,,2025-05-14
2025-05-14,2025-05-14,CM,BSE,STK,531281,INE807H01023,MARBLE,XT,,,,,MARBLE CITY INDIA LIMITED,159.0,159.0,152.1,157.65,159.0,157.0,,157.65,,,2921,458513.0,28,F1,1,,,,,,2025-05-14
2025-05-14,2025-05-14,CM,BSE,STK,531283,INE897D01015,CINDRELL,X,,,,,CINDRELLA FINANCIAL SERVICES L,13.21,13.21,13.21,13.21,13.21,13.9,,13.21,,,571,7542.0,6,F1,1,,,,,,2025-05-14
2025-05-14,2025-05-14,CM,BSE,STK,531286,INE586D01014,ADHHATA,XT,,,,,ADHATA GLOBAL LIMITED,51.0,51.5,51.0,51.44,51.5,51.0,,51.44,,,574,29435.0,11,F1,1,,,,,,2025-05-14
2025-05-14,2025-05-14,CM,BSE,STK,531287,INE896D01017,NATPLASTI,XT,,,,,NATIONAL PLASTIC TECHNOLOGIES,253.55,253.55,253.55,253.55,253.55,248.6,,253.55,,,871,220842.0,17,F1,1,,,,,,2025-05-14
2025-05-14,2025-05-14,CM,BSE,STK,531288,INE531D01010,LEADFIN,X,,,,,LEAD FINANCIAL SERVICES LTD.,25.0,25.0,24.82,24.82,24.82,26.12,,24.82,,,1002,25048.0,4,F1,1,,,,,,2025-05-14
2025-05-14,2025-05-14,CM,BSE,STK,531289,INE643C01015,NATFIT,X,,,,,NATIONAL FITTINGS LIMITED,127.5,130.0,127.4,127.4,127.4,127.3,,127.4,,,4436,567634.0,48,F1,1,,,,,,2025-05-14
2025-05-14,2025-05-14,CM,BSE,STK,531297,INE885B01014,ARTEFACT,X,,,,,ARTEFACT PROJECTS LTD.,57.9,58.7,54.99,56.33,56.33,57.94,,56.33,,,21338,1196643.0,157,F1,1,,,,,,2025-05-14
2025-05-14,2025-05-14,CM,BSE,STK,531300,INE053D01015,AMITINT,Z,,,,,AMIT INTERNATIONAL LTD.,4.5,4.5,4.25,4.25,4.25,4.41,,4.25,,,202,870.0,9,F1,1,,,,,,2025-05-14
2025-05-14,2025-05-14,CM,BSE,STK,531301,INE319M01011,HIGHSTREE,XT,,,,,HIGH STREET FILATEX LTD.,149.0,149.0,149.0,149.0,149.0,149.5,,149.0,,,1,149.0,1,F1,1,,,,,,2025-05-14
2025-05-14,2025-05-14,CM,BSE,STK,531304,INE960H01012,NUTECGLOB,XT,,,,,NUTECH GLOBAL LTD.,22.55,22.55,22.54,22.54,22.54,21.48,,22.54,,,208,4688.0,3,F1,1,,,,,,2025-05-14
2025-05-14,2025-05-14,CM,BSE,STK,531306,INE590D01016,DHPIND,X,,,,,DHP INDIA LTD.,576.8,589.0,569.3,570.65,569.3,568.65,,570.65,,,384,221082.0,16,F1,1,,,,,,2025-05-14
2025-05-14,2025-05-14,CM,BSE,STK,531307,INE951M01037,RRIL,X,,,,,RRIL LIMITED,18.2,18.45,18.0,18.25,18.45,18.17,,18.25,,,16134,295525.0,77,F1,1,,,,,,2025-05-14
2025-05-14,2025-05-14,CM,BSE,STK,531310,INE325G01010,AVAILFC,X,,,,,AVAILABLE FINANCE LTD.,210.0,210.0,200.05,204.75,204.75,202.25,,204.75,,,5780,1180818.0,101,F1,1,,,,,,2025-05-14
2025-05-14,2025-05-14,CM,BSE,STK,531314,INE366H01012,INTCAPL,X,,,,,INTEGRA CAPITAL LIMITED,14.5,14.5,14.01,14.08,14.08,14.5,,14.08,,,44,619.0,5,F1,1,,,,,,2025-05-14
2025-05-14,2025-05-14,CM,BSE,STK,531319,INE368C01019,MARUTISE,XT,,,,,MARUTI SECURITIES LTD.,46.19,46.19,46.19,46.19,46.19,45.29,,46.19,,,1210,55889.0,4,F1,1,,,,,,2025-05-14
2025-05-14,2025-05-14,CM,BSE,STK,531322,INE293B01029,HAVISHA,B,,,,,SRI HAVISHA HOSPITALITY INFRAS,2.24,2.24,2.04,2.04,2.04,2.05,,2.04,,,9432,19615.0,12,F1,1,,,,,,2025-05-14
2025-05-14,2025-05-14,CM,BSE,STK,531323,INE250D01017,JAYIND,X,,,,,JAYATMA INDUSTRIES LIMITED,15.55,17.15,15.55,17.15,17.15,16.35,,17.15,,,13112,203912.0,5,F1,1,,,,,,2025-05-14
2025-05-14,2025-05-14,CM,BSE,STK,531328,INE128R01023,KRETTOSYS,X,,,,,KRETTO SYSCON LIMITED,2.35,2.36,2.31,2.35,2.35,2.33,,2.35,,,2138590,5006746.0,1371,F1,1,,,,,,2025-05-14
2025-05-14,2025-05-14,CM,BSE,STK,531334,INE186E01011,VIKALPS,X,,,,,VIKALP SECURITIES LTD.,33.07,35.0,32.22,35.0,35.0,33.91,,35.0,,,302,9904.0,5,F1,1,,,,,,2025-05-14
2025-05-14,2025-05-14,CM,BSE,STK,531335,INE768C01010,ZYDUSWELL,A,,,,,ZYDUS WELLNESS LTD.,1825.0,1834.0,1796.75,1798.6,1797.0,1805.75,,1800.6,,,581,1056191.0,132,F1,1,,,,,,2025-05-14
2025-05-14,2025-05-14,CM,BSE,STK,531337,INE974C01022,WINPRO,Z,,,,,WinPro Industries Limited,2.65,2.65,2.49,2.54,2.61,2.59,,2.54,,,38560,98886.0,109,F1,1,,,,,,2025-05-14
2025-05-14,2025-05-14,CM,BSE,STK,531338,INE151H01018,MILESTONE,XT,,,,,MILESTONE GLOBAL LTD.,19.17,19.17,19.17,19.17,19.17,19.17,,19.17,,,90,1725.0,5,F1,1,,,,,,2025-05-14
2025-05-14,2025-05-14,CM,BSE,STK,531340,INE348I01018,BERVINL,X,,,,,BERVIN INVESTMENT & LEASING LT,59.99,60.15,59.99,60.15,60.15,60.45,,60.15,,,1190,71578.0,7,F1,1,,,,,,2025-05-14
2025-05-14,2025-05-14,CM,BSE,STK,531341,INE373D01017,GUJINV,X,,,,,GUJARAT INVESTA LTD.,16.4,16.4,15.2,15.2,15.2,16.0,,15.2,,,9,146.0,2,F1,1,,,,,,2025-05-14
2025-05-14,2025-05-14,CM,BSE,STK,531344,INE111A01025,CONCOR,A,,,,,CONTAINER CORPORATION OF INDIA,689.75,703.05,686.45,688.55,688.55,689.75,,687.35,,,137439,95622366.0,3534,F1,1,,,,,,2025-05-14
2025-05-14,2025-05-14,CM,BSE,STK,531346,INE500D01015,EASTRED,X,,,,,EASTERN TREADS LTD.,37.75,37.75,32.3,35.6,35.6,35.0,,35.6,,,1838,60071.0,17,F1,1,,,,,,2025-05-14
2025-05-14,2025-05-14,CM,BSE,STK,531349,INE922B01023,PANACEABIO,B,,,,,PANACEA BIOTEC LTD.,544.0,566.75,540.05,566.75,566.75,539.8,,566.3,,,70897,39892934.0,1624,F1,1,,,,,,2025-05-14
2025-05-14,2025-05-14,CM,BSE,STK,531352,INE328D01011,PEETISEC,X,,,,,PEETI SECURITIES LTD.,19.0,21.98,19.0,20.0,20.0,18.67,,20.0,,,9656,186920.0,37,F1,1,,,,,,2025-05-14
2025-05-14,2025-05-14,CM,BSE,STK,531357,INE763M01028,MERCURYEV,B,,,,,MERCURY EV-TECH LIMITED,64.25,64.7,63.02,64.03,64.05,63.01,,64.03,,,182683,11679713.0,1109,F1,1,,,,,,2025-05-14
2025-05-14,2025-05-14,CM,BSE,STK,531358,INE102B01014,CHOICEIN,A,,,,,CHOICE INTERNATIONAL LTD.,662.0,686.0,658.2,677.35,676.6,659.6,,677.35,,,95962,64923893.0,4556,F1,1,,,,,,2025-05-14
2025-05-14,2025-05-14,CM,BSE,STK,531359,INE777G01012,SRAMSET,X,,,,,SHRIRAM ASSET MANAGEMENT CO.LT,440.0,449.0,430.15,449.0,449.0,449.75,,449.0,,,1146,510158.0,49,F1,1,,,,,,2025-05-14
2025-05-14,2025-05-14,CM,BSE,STK,531360,INE427D01011,GOLECHA,X,,,,,GOLECHHA GLOBAL FINANCE LTD.,24.75,25.0,24.35,24.8,24.8,25.63,,24.8,,,5103,124697.0,31,F1,1,,,,,,2025-05-14
2025-05-14,2025-05-14,CM,BSE,STK,531364,INE005E01013,EKANSH,X,,,,,Ekansh Concepts Limited,137.1,140.0,136.0,137.95,137.95,137.0,,137.95,,,6867,948617.0,63,F1,1,,,,,,2025-05-14
2025-05-14,2025-05-14,CM,BSE,STK,531370,INE960B01015,SPAR,XT,,,,,SPARC ELECTREX LIMITED,8.1,8.16,7.4,8.12,8.12,7.78,,8.12,,,19293,154030.0,66,F1,1,,,,,,2025-05-14
2025-05-14,2025-05-14,CM,BSE,STK,531373,INE319B01014,BYKE,B,,,,,THE BYKE HOSPITALITY LTD.,90.0,92.89,89.0,90.89,90.89,88.87,,91.03,,,37414,3406136.0,567,F1,1,,,,,,2025-05-14
2025-05-14,2025-05-14,CM,BSE,STK,531380,INE405H01018,CSURGSU,X,,,,,CENTENIAL SURGICAL SUTURE LTD.,125.0,149.7,122.0,128.5,128.5,125.0,,128.5,,,140,18114.0,12,F1,1,,,,,,2025-05-14
2025-05-14,2025-05-14,CM,BSE,STK,531381,INE413D01011,ARIHANT,XT,,,,,ARIHANT FOUNDATIONS & HOUSING,888.4,932.8,880.0,932.8,932.8,888.4,,932.8,,,18995,17426758.0,88,F1,1,,,,,,2025-05-14
2025-05-14,2025-05-14,CM,BSE,STK,531387,INE671D01014,HASTIFIN,X,,,,,HASTI FINANCE LTD.,4.85,4.94,4.85,4.94,4.94,4.94,,4.94,,,21169,103464.0,11,F1,1,,,,,,2025-05-14
2025-05-14,2025-05-14,CM,BSE,STK,531390,INE890B01014,UPSURGE,X,,,,,UPSURGE INVESTMENT & FINANCE L,91.2,91.2,85.75,86.44,85.75,89.79,,86.44,,,72054,6288561.0,185,F1,1,,,,,,2025-05-14
2025-05-14,2025-05-14,CM,BSE,STK,531395,INE448D01017,PADAMCO,XT,,,,,PADAM COTTON YARNS LTD.,53.45,54.0,50.4,51.85,51.95,52.3,,51.85,,,24729,1304874.0,217,F1,1,,,,,,2025-05-14
2025-05-14,2025-05-14,CM,BSE,STK,531396,INE905B01010,WOMENNET,XT,,,,,WOMEN NETWORKS LTD.,6.99,6.99,6.99,6.99,6.99,6.99,,6.99,,,50,349.0,9,F1,1,,,,,,2025-05-14
2025-05-14,2025-05-14,CM,BSE,STK,531397,INE262C01014,POLYCON,X,,,,,POLYCON INTERNATIONAL LTD.,25.0,25.0,25.0,25.0,25.0,24.0,,25.0,,,2,50.0,1,F1,1,,,,,,2025-05-14
2025-05-14,2025-05-14,CM,BSE,STK,531398,INE679C01027,SOURCENTRL,XT,,,,,SOURCE NATURAL FOODS & HERBAL,166.0,166.0,163.3,163.7,166.0,163.3,,163.7,,,694,113617.0,11,F1,1,,,,,,2025-05-14
2025-05-14,2025-05-14,CM,BSE,STK,531399,INE493B01017,GGAUTO,X,,,,,G.G.AUTOMOTIVE GEARS LTD.,182.0,182.9,177.6,178.0,178.0,177.65,,178.0,,,6611,1181298.0,133,F1,1,,,,,,2025-05-14
2025-05-14,2025-05-14,CM,BSE,STK,531400,INE326B01035,ALMONDZ,B,,,,,ALMONDZ GLOBAL SECURITIES LTD.,21.23,22.45,21.21,21.79,21.79,21.2,,21.76,,,21614,471390.0,263,F1,1,,,,,,2025-05-14
2025-05-14,2025-05-14,CM,BSE,STK,531402,INE281M01013,LWSKNIT,X,,,,,LWS KNITWEAR LTD.,20.0,20.0,18.0,19.6,19.85,19.38,,19.6,,,11896,222233.0,67,F1,1,,,,,,2025-05-14
2025-05-14,2025-05-14,CM,BSE,STK,531406,INE234J01018,ANSINDUS,X,,,,,ANS INDUSTRIES LTD,18.33,18.33,18.33,18.33,18.33,17.46,,18.33,,,1094,20053.0,5,F1,1,,,,,,2025-05-14
2025-05-14,2025-05-14,CM,BSE,STK,531411,INE560D01027,TUNITEX,X,,,,,TUNI TEXTILE MILLS LTD.,1.44,1.54,1.44,1.52,1.53,1.48,,1.52,,,227355,337388.0,216,F1,1,,,,,,2025-05-14
2025-05-14,2025-05-14,CM,BSE,STK,531412,INE576N01014,RADIXIND,XT,,,,,RADIX INDUSTRIES (INDIA) LIMIT,183.05,188.0,182.05,182.4,182.2,179.05,,182.4,,,42,7661.0,8,F1,1,,,,,,2025-05-14
2025-05-14,2025-05-14,CM,BSE,STK,531416,INE603F01012,NARPROP,X,,,,,NARENDRA PROPERTIES LTD.,37.6,37.6,35.05,35.51,36.0,37.7,,35.51,,,519,18724.0,28,F1,1,,,,,,2025-05-14
2025-05-14,2025-05-14,CM,BSE,STK,531417,INE804B01023,MEGACOR,X,,,,,MEGA CORPORATION LTD.,3.16,3.16,3.16,3.16,3.16,3.01,,3.16,,,56079,177209.0,60,F1,1,,,,,,2025-05-14
2025-05-14,2025-05-14,CM,BSE,STK,531426,INE107A01015,TNPL,B,,,,,TAMIL NADU NEWSPRINT & PAPERS,141.2,146.0,140.95,145.4,145.0,139.45,,145.36,,,45654,6592920.0,1437,F1,1,,,,,,2025-05-14
2025-05-14,2025-05-14,CM,BSE,STK,531431,INE908D01010,SHAKTIPUMP,B,,,,,SHAKTI PUMPS (INDIA) LTD.,847.15,885.0,847.15,862.85,862.85,843.05,,862.5,,,173400,150373944.0,8386,F1,1,,,,,,2025-05-14
2025-05-14,2025-05-14,CM,BSE,STK,531432,INE07P301011,SYTIXSE,X,,,,,SYSTEMATIX SECURITIES LTD.,8.92,8.92,8.08,8.92,8.92,8.5,,8.92,,,31245,278663.0,11,F1,1,,,,,,2025-05-14
2025-05-14,2025-05-14,CM,BSE,STK,531433,INE271D01013,SUNGOLD,XT,,,,,SUNGOLD CAPITAL LTD.,3.5,3.5,3.5,3.5,3.5,3.5,,3.5,,,100,350.0,1,F1,1,,,,,,2025-05-14
2025-05-14,2025-05-14,CM,BSE,STK,531436,INE474D01013,SAFFRON,X,,,,,SAFFRON INDUSTRIES LIMITED,6.3,6.3,6.3,6.3,6.3,6.0,,6.3,,,50,315.0,1,F1,1,,,,,,2025-05-14
2025-05-14,2025-05-14,CM,BSE,STK,531437,INE523I01016,PWASML,X,,,,,Prakash Woollen & Synthetic Mi,32.3,32.3,28.85,30.32,30.32,29.51,,30.32,,,3956,116073.0,34,F1,1,,,,,,2025-05-14
2025-05-14,2025-05-14,CM,BSE,STK,531439,INE805A01014,GOLDTECH,B,,,,,AION-TECH SOLUTIONS LIMITED,68.26,68.26,68.26,68.26,68.26,65.01,,68.41,,,129,8805.0,3,F1,1,,,,,,2025-05-14
2025-05-14,2025-05-14,CM,BSE,STK,531441,INE100F01019,LYONSCO,XT,,,,,LYONS CORPORATE MARKET LTD.,20.39,20.39,19.99,19.99,19.99,20.39,,19.99,,,3965,80030.0,17,F1,1,,,,,,2025-05-14
2025-05-14,2025-05-14,CM,BSE,STK,531449,INE192H01020,GRMOVER,B,,,,,GRM OVERSEAS LTD.,288.4,297.5,288.4,295.65,294.35,293.9,,295.2,,,38041,11194358.0,931,F1,1,,,,,,2025-05-14
2025-05-14,2025-05-14,CM,BSE,STK,531453,INE954E01012,MOHITIND,B,,,,,MOHIT INDUSTRIES LTD.,29.8,31.05,29.65,31.05,31.05,29.58,,31.09,,,4706,144788.0,25,F1,1,,,,,,2025-05-14
2025-05-14,2025-05-14,CM,BSE,STK,531454,INE323D01020,POLYLINK,X,,,,,POLYLINK POLYMERS (INDIA) LTD.,29.35,30.35,29.0,30.0,30.0,30.12,,30.0,,,3384,100298.0,37,F1,1,,,,,,2025-05-14
2025-05-14,2025-05-14,CM,BSE,STK,531456,INE952C01028,MINAXI,X,,,,,MINAXI TEXTILES LTD.,2.09,2.09,1.96,1.97,2.0,2.03,,1.97,,,29949,59730.0,62,F1,1,,,,,,2025-05-14
2025-05-14,2025-05-14,CM,BSE,STK,531458,INE109B01019,BOSTONBIO,XT,,,,,BOSTON BIO SYSTEMS LTD.,7.29,7.29,7.29,7.29,7.29,7.43,,7.29,,,23715,172882.0,17,F1,1,,,,,,2025-05-14
2025-05-14,2025-05-14,CM,BSE,STK,531460,INE545B01022,CONTICON,X,,,,,CONTINENTAL CONTROLS LTD.,10.15,10.18,9.6,9.9,9.9,9.7,,9.9,,,1177,11830.0,9,F1,1,,,,,,2025-05-14
2025-05-14,2025-05-14,CM,BSE,STK,531465,INE317B01042,NOUVEAU,X,,,,,NOUVEAU GLOBAL VENTURES LTD.,0.5,0.5,0.49,0.49,0.49,0.49,,0.49,,,101723,50024.0,159,F1,1,,,,,,2025-05-14
2025-05-14,2025-05-14,CM,BSE,STK,531471,INE397G01019,DUKEOFS,X,,,,,DUKE OFFSHORE LTD.,16.85,16.9,16.12,16.9,16.9,16.1,,16.9,,,2325,39280.0,27,F1,1,,,,,,2025-05-14
2025-05-14,2025-05-14,CM,BSE,STK,531472,INE183D01010,CYBELEIND,XT,,,,,CYBELE INDUSTRIES LTD.,20.7,20.7,20.0,20.4,20.4,20.69,,20.4,,,2484,50856.0,13,F1,1,,,,,,2025-05-14
2025-05-14,2025-05-14,CM,BSE,STK,531486,INE600B01033,FILME,XT,,,,,FILMCITY MEDIA LTD.,2.63,2.65,2.63,2.65,2.65,2.63,,2.65,,,11781,31044.0,31,F1,1,,,,,,2025-05-14
2025-05-14,2025-05-14,CM,BSE,STK,531489,INE084D01010,CGVAK,X,,,,,CG-VAK SOFTWARE & EXPORTS LTD.,259.95,260.0,252.0,259.05,259.0,259.95,,259.05,,,2333,595571.0,105,F1,1,,,,,,2025-05-14
2025-05-14,2025-05-14,CM,BSE,STK,531494,INE268H01044,NAVKARURB,B,,,,,NAVKAR URBANSTRUCTURE LIMITED,3.35,3.35,3.17,3.28,3.25,3.31,,3.25,,,129310,419170.0,160,F1,1,,,,,,2025-05-14
2025-05-14,2025-05-14,CM,BSE,STK,531495,INE472B01011,BLUECOAST,T,,,,,BLUE COAST HOTELS LTD.,25.67,25.67,25.67,25.67,25.67,26.19,,25.09,,,466,11962.0,6,F1,1,,,,,,2025-05-14
2025-05-14,2025-05-14,CM,BSE,STK,531497,INE378D01032,MADHUCON,B,,,,,MADHUCON PROJECTS LTD.,7.2,7.33,6.82,7.15,7.19,7.35,,7.13,,,9414,66759.0,100,F1,1,,,,,,2025-05-14
2025-05-14,2025-05-14,CM,BSE,STK,531499,INE080D01042,SYBLY,X,,,,,SYBLY INDUSTRIES LTD.,4.64,4.75,4.41,4.42,4.45,4.64,,4.42,,,109004,485387.0,162,F1,1,,,,,,2025-05-14
2025-05-14,2025-05-14,CM,BSE,STK,531500,INE343B01030,RAJESHEXPO,A,,,,,RAJESH EXPORTS LTD.,194.35,198.0,193.6,194.2,194.65,193.35,,194.09,,,51338,10025782.0,1097,F1,1,,,,,,2025-05-14
2025-05-14,2025-05-14,CM,BSE,STK,531502,INE404L01039,ESARIND,XT,,,,,ESAAR (INDIA) LTD.,11.05,11.05,10.68,10.97,10.97,10.84,,10.97,,,16958,181694.0,65,F1,1,,,,,,2025-05-14
2025-05-14,2025-05-14,CM,BSE,STK,531503,INE866D01010,MARIS,X,,,,,MARIS SPINNERS LTD.,32.79,33.96,32.03,33.48,33.48,31.99,,33.48,,,16028,532678.0,43,F1,1,,,,,,2025-05-14
2025-05-14,2025-05-14,CM,BSE,STK,531505,INE628F01019,INDERGR,XT,,,,,INDERGIRI FINANCE LTD.,16.75,16.75,16.75,16.75,16.75,17.45,,16.75,,,239,4003.0,4,F1,1,,,,,,2025-05-14
2025-05-14,2025-05-14,CM,BSE,STK,531506,INE561E01015,SKRABUL,X,,,,,SHUKRA BULLIONS LTD.,20.89,20.89,20.89,20.89,20.89,20.89,,20.89,,,20,417.0,2,F1,1,,,,,,2025-05-14
2025-05-14,2025-05-14,CM,BSE,STK,531508,INE128A01029,EVEREADY,B,,,,,EVEREADY INDUSTRIES INDIA LTD.,311.95,313.1,305.0,306.85,309.85,306.95,,306.45,,,5579,1726064.0,457,F1,1,,,,,,2025-05-14
2025-05-14,2025-05-14,CM,BSE,STK,531512,INE681D01039,ORIENTTR,X,,,,,ORIENT TRADELINK LTD.,21.0,21.97,20.6,20.76,20.62,21.49,,20.76,,,103751,2176345.0,444,F1,1,,,,,,2025-05-14
2025-05-14,2025-05-14,CM,BSE,STK,531518,INE767B01022,VIKASPROP,Z,,,,,VIKAS PROPPANT & GRANITE LTD.,0.39,0.4,0.38,0.4,0.4,0.39,,0.4,,,217787,86194.0,92,F1,1,,,,,,2025-05-14
2025-05-14,2025-05-14,CM,BSE,STK,531521,INE971E01016,DESHRAK,P,,,,,DESH RAKSHAK AUSHDHALAYA LTD.,40.68,40.68,40.68,40.68,40.68,39.9,,40.68,,,100,4068.0,1,F1,100,,,,,,2025-05-14
2025-05-14,2025-05-14,CM,BSE,STK,531525,INE849B01010,ACESOFT,X,,,,,ACE SOFTWARE EXPORTS LTD.,241.8,242.75,225.75,225.75,225.75,237.6,,225.75,,,11578,2659140.0,268,F1,1,,,,,,2025-05-14
2025-05-14,2025-05-14,CM,BSE,STK,531529,INE562E01021,SOFTRAKV,X,,,,,SOFTRAK VENTURE INVESTMENT LTD,2.74,2.76,2.56,2.56,2.56,2.69,,2.56,,,286845,737513.0,262,F1,1,,,,,,2025-05-14
2025-05-14,2025-05-14,CM,BSE,STK,531531,INE473B01035,HATSUN,A,,,,,HATSUN AGRO PRODUCT LTD.,904.0,909.4,892.15,897.95,897.95,900.5,,895.8,,,230,206399.0,76,F1,1,,,,,,2025-05-14
2025-05-14,2025-05-14,CM,BSE,STK,531533,INE578B01015,ACCEDERE,X,,,,,ACCEDERE LIMITED,68.79,68.79,68.79,68.79,68.79,65.52,,68.79,,,1,68.0,1,F1,1,,,,,,2025-05-14
2025-05-14,2025-05-14,CM,BSE,STK,531537,INE681K01026,JYOTHI,XT,,,,,JYOTHI INFRAVENTURES LTD.,225.25,226.35,225.25,225.25,225.25,229.8,,225.25,,,124,27932.0,11,F1,1,,,,,,2025-05-14
2025-05-14,2025-05-14,CM,BSE,STK,531539,INE864D01015,RISHDIGA,X,,,,,RISHABH DIGHA STEEL & ALLIED P,53.0,54.89,49.38,52.94,52.94,53.0,,52.94,,,280,14829.0,9,F1,1,,,,,,2025-05-14
2025-05-14,2025-05-14,CM,BSE,STK,531540,INE392G01028,MAINFRA,X,,,,,MARUTI INFRASTRUCTURE LTD.,15.02,15.65,15.02,15.35,15.35,15.33,,15.35,,,35409,546091.0,144,F1,1,,,,,,2025-05-14
2025-05-14,2025-05-14,CM,BSE,STK,531541,INE881A01015,KOBO,Z,,,,,KOBO BIOTECH LIMITED,2.71,2.9,2.71,2.74,2.72,2.77,,2.74,,,5428,15070.0,16,F1,1,,,,,,2025-05-14
2025-05-14,2025-05-14,CM,BSE,STK,531543,INE247D01039,JINDWORLD,A,,,,,JINDAL WORLDWIDE LTD.,61.59,62.71,60.45,61.47,61.36,61.6,,61.81,,,127594,7916930.0,962,F1,1,,,,,,2025-05-14
2025-05-14,2025-05-14,CM,BSE,STK,531548,INE355A01028,SOMANYCERA,B,,,,,SOMANY CERAMICS LTD.,463.55,468.75,456.4,461.1,459.0,464.6,,460.9,,,1569,725532.0,284,F1,1,,,,,,2025-05-14
2025-05-14,2025-05-14,CM,BSE,STK,531550,INE865D01012,JHACC,XT,,,,,JHAVERI CREDITS & CAPITAL LTD.,222.75,222.75,222.75,222.75,222.75,212.15,,222.75,,,7790,1735222.0,55,F1,1,,,,,,2025-05-14
2025-05-14,2025-05-14,CM,BSE,STK,531552,INE754B01012,RAGHUTOB,X,,,,,RAGHUNATH TOBACCO CO.LTD.,18.28,19.28,18.28,18.91,18.91,18.28,,18.91,,,1076,20392.0,14,F1,1,,,,,,2025-05-14
2025-05-14,2025-05-14,CM,BSE,STK,531553,INE193D01019,DRL,X,,,,,DISHA RESOURCES LIMITED,23.0,23.0,20.5,20.76,21.96,20.15,,20.76,,,790,16620.0,16,F1,1,,,,,,2025-05-14
2025-05-14,2025-05-14,CM,BSE,STK,531556,INE558D01021,CORALFINAC,B,,,,,CORAL INDIA FINANCE & HOUSING,40.18,41.0,38.61,39.86,39.9,39.83,,39.82,,,8860,351741.0,267,F1,1,,,,,,2025-05-14
2025-05-14,2025-05-14,CM,BSE,STK,531568,INE723K01018,ASHUTPM,X,,,,,ASHUTOSH PAPER MILLS LTD.,6.79,6.9,6.79,6.9,6.9,6.79,,6.9,,,1047,7124.0,10,F1,1,,,,,,2025-05-14
2025-05-14,2025-05-14,CM,BSE,STK,531569,INE860D01013,SANJIVIN,X,,,,,SANJIVANI PARANTERAL LTD.,236.4,236.4,224.5,234.35,234.4,225.3,,234.35,,,2307,533668.0,57,F1,1,,,,,,2025-05-14
2025-05-14,2025-05-14,CM,BSE,STK,531578,INE580H01026,KMFBLDR,XT,,,,,KMF BUILDERS & DEVELOPERS LTD.,9.88,10.17,9.7,9.74,9.74,9.69,,9.74,,,1102,10708.0,11,F1,1,,,,,,2025-05-14
2025-05-14,2025-05-14,CM,BSE,STK,531582,INE508J01015,BERYLSE,XT,,,,,BERYL SECURITIES LTD.,32.51,34.3,31.6,32.05,34.3,32.7,,32.05,,,711,22874.0,8,F1,1,,,,,,2025-05-14
2025-05-14,2025-05-14,CM,BSE,STK,531583,INE483D01014,RAP,X,,,,,RAP CORP LIMITED,31.63,32.63,31.63,32.62,32.62,33.29,,32.62,,,1642,52770.0,5,F1,1,,,,,,2025-05-14
2025-05-14,2025-05-14,CM,BSE,STK,531585,INE455C01014,DEVINE,X,,,,,DEVINE IMPEX LTD.,8.85,8.85,8.85,8.85,8.85,8.85,,8.85,,,85,752.0,1,F1,1,,,,,,2025-05-14
2025-05-14,2025-05-14,CM,BSE,STK,531591,INE802A01037,BAMPSL,XT,,,,,BAMPSL SECURITIES LTD.,19.74,19.74,19.37,19.4,19.4,19.51,,19.4,,,3341,64948.0,26,F1,1,,,,,,2025-05-14
2025-05-14,2025-05-14,CM,BSE,STK,531592,INE861N01036,GENPHARMA,XT,,,,,GENPHARMASEC LIMITED,2.13,2.16,2.08,2.15,2.15,2.08,,2.15,,,312509,669281.0,319,F1,1,,,,,,2025-05-14
2025-05-14,2025-05-14,CM,BSE,STK,531594,INE507D01010,INCON,XT,,,,,INCON ENGINEERS LTD.,14.66,14.66,14.66,14.66,14.66,14.66,,14.66,,,20,293.0,4,F1,1,,,,,,2025-05-14
2025-05-14,2025-05-14,CM,BSE,STK,531595,INE180C01042,CGCL,A,,,,,CAPRI GLOBAL CAPITAL LIMITED,168.0,172.0,167.6,168.9,169.1,167.8,,168.91,,,56359,9560944.0,1069,F1,1,,,,,,2025-05-14
2025-05-14,2025-05-14,CM,BSE,STK,531599,INE258B01022,FDC,A,,,,,FDC LTD.,435.0,443.5,433.55,441.25,441.65,436.6,,441.5,,,1156,509219.0,113,F1,1,,,,,,2025-05-14
2025-05-14,2025-05-14,CM,BSE,STK,531608,INE792J01015,GORANIN,X,,,,,GORANI INDUSTRIES LTD.,83.0,83.0,81.0,83.0,83.0,83.0,,83.0,,,464,38137.0,12,F1,1,,,,,,2025-05-14
2025-05-14,2025-05-14,CM,BSE,STK,531609,INE902G01016,KGPETRO,X,,,,,KG PETROCHEM LTD.,242.9,242.9,226.0,226.0,226.0,235.3,,226.0,,,46,10494.0,3,F1,1,,,,,,2025-05-14
2025-05-14,2025-05-14,CM,BSE,STK,531613,INE100C01024,MAL,XT,,,,,Meyer Apparel Limited,1.67,1.67,1.66,1.66,1.66,1.69,,1.66,,,11213,18629.0,21,F1,1,,,,,,2025-05-14
2025-05-14,2025-05-14,CM,BSE,STK,531616,INE347I01010,STARCOM,X,,,,,STARCOM INFORMATION TECHNOLOGY,91.88,91.88,87.57,87.57,87.58,87.51,,87.57,,,7,625.0,3,F1,1,,,,,,2025-05-14
2025-05-14,2025-05-14,CM,BSE,STK,531624,INE695B01025,COUNCODOS,T,,,,,COUNTRY CONDOS LTD.,8.35,8.55,8.02,8.46,8.54,8.16,,8.42,,,32547,272473.0,70,F1,1,,,,,,2025-05-14
2025-05-14,2025-05-14,CM,BSE,STK,531626,INE628B01034,OROSMITHS,X,,,,,OROSIL SMITHS INDIA LTD.,4.59,4.59,4.15,4.33,4.44,4.36,,4.33,,,19708,85228.0,62,F1,1,,,,,,2025-05-14
2025-05-14,2025-05-14,CM,BSE,STK,531628,INE173E01019,TEJASSVI,X,,,,,TEJASSVI AAHARAM LIMITED,22.08,22.08,22.08,22.08,22.08,21.03,,22.08,,,101,2230.0,2,F1,1,,,,,,2025-05-14
2025-05-14,2025-05-14,CM,BSE,STK,531633,INE405C01035,LINCOLN,B,,,,,LINCOLN PHARMACEUTICALS LTD.,591.9,604.0,584.65,589.05,586.0,590.45,,589.25,,,3055,1821544.0,221,F1,1,,,,,,2025-05-14
2025-05-14,2025-05-14,CM,BSE,STK,531635,INE870J01019,SILVOAK,XT,,,,,SILVER OAK (INDIA) LTD.,154.05,158.55,151.0,158.55,158.55,151.0,,158.55,,,1426,221911.0,71,F1,1,,,,,,2025-05-14
2025-05-14,2025-05-14,CM,BSE,STK,531637,INE722B01019,PRAVEG,B,,,,,PRAVEG LIMITED,505.9,505.9,497.1,500.2,500.0,499.0,,500.2,,,31140,15562592.0,1014,F1,1,,,,,,2025-05-14
2025-05-14,2025-05-14,CM,BSE,STK,531638,INE713C01016,SURAJLTD,B,,,,,SURAJ LTD.,396.95,405.0,395.0,399.65,398.45,392.2,,400.55,,,2211,877796.0,42,F1,1,,,,,,2025-05-14
2025-05-14,2025-05-14,CM,BSE,STK,531642,INE196A01026,MARICO,A,,,,,MARICO LTD.,723.3,732.9,720.9,722.2,722.9,726.85,,722.55,,,51242,37115984.0,1910,F1,1,,,,,,2025-05-14
2025-05-14,2025-05-14,CM,BSE,STK,531644,INE546D01018,TOKYOFIN,X,,,,,TOKYO FINANCE LTD.,30.88,30.88,29.5,29.6,30.82,31.03,,29.6,,,5050,149744.0,28,F1,1,,,,,,2025-05-14
2025-05-14,2025-05-14,CM,BSE,STK,531651,INE654H01011,NATGENI,X,,,,,NATIONAL GENERAL INDUSTRIES LT,54.0,54.0,54.0,54.0,54.0,54.0,,54.0,,,307,16578.0,2,F1,1,,,,,,2025-05-14
2025-05-14,2025-05-14,CM,BSE,STK,531652,INE528C01018,UVS,XT,,,,,UVS HOSPITALITY AND SERVICES L,119.65,122.0,118.95,121.85,121.85,119.65,,121.85,,,1394,167160.0,10,F1,1,,,,,,2025-05-14
2025-05-14,2025-05-14,CM,BSE,STK,531661,INE863C01019,HITTCO,X,,,,,HITTCO TOOLS LTD.,12.55,12.55,12.01,12.1,12.1,12.73,,12.1,,,3240,39282.0,23,F1,1,,,,,,2025-05-14
2025-05-14,2025-05-14,CM,BSE,STK,531663,INE139D01020,YUVRAAJHPL,XT,,,,,YUVRAAJ HYGIENE PRODUCTS LTD.,11.29,11.29,11.29,11.29,11.29,11.07,,11.29,,,445032,5024411.0,143,F1,1,,,,,,2025-05-14
2025-05-14,2025-05-14,CM,BSE,STK,531667,INE117K01013,RRMETAL,X,,,,,RR METALMAKERS INDIA LIMITED,31.39,31.39,31.39,31.39,31.39,29.9,,31.39,,,8,251.0,1,F1,1,,,,,,2025-05-14
2025-05-14,2025-05-14,CM,BSE,STK,531668,INE661D01015,VISIONCO,X,,,,,VISION CORPORATION LTD.,3.14,3.14,3.05,3.05,3.05,3.14,,3.05,,,1023,3201.0,5,F1,1,,,,,,2025-05-14
2025-05-14,2025-05-14,CM,BSE,STK,531671,INE214D01021,BISIL,XT,,,,,BISIL PLAST LIMITED,1.15,1.15,1.14,1.14,1.14,1.19,,1.14,,,8623,9830.0,35,F1,1,,,,,,2025-05-14
2025-05-14,2025-05-14,CM,BSE,STK,531673,INE067C01025,ANKIN,XT,,,,,ANKA INDIA LTD.,32.98,32.98,32.34,32.34,32.34,32.34,,32.34,,,7109,234453.0,20,F1,1,,,,,,2025-05-14
2025-05-14,2025-05-14,CM,BSE,STK,531677,INE588E01026,ARISINT,XT,,,,,ARIS INTERNATIONAL LTD.,376.5,376.5,376.5,376.5,376.5,369.15,,376.5,,,200,75300.0,1,F1,1,,,,,,2025-05-14
2025-05-14,2025-05-14,CM,BSE,STK,531681,INE673C01020,AMERISE,X,,,,,AMERISE BIOSCIENCES LIMITED,0.9,0.9,0.85,0.87,0.87,0.84,,0.87,,,153075,132673.0,179,F1,1,,,,,,2025-05-14
2025-05-14,2025-05-14,CM,BSE,STK,531688,INE621B01021,PRITHVIEXCH,XT,,,,,Prithvi Exchange (India) Limit,183.6,183.6,183.6,183.6,183.6,180.0,,183.6,,,97,17809.0,9,F1,1,,,,,,2025-05-14
2025-05-14,2025-05-14,CM,BSE,STK,531692,INE593B01030,KHYATI,XT,,,,,KHYATI MULTIMEDIA-ENTERTAINMEN,4.2,4.24,4.2,4.24,4.24,4.2,,4.24,,,127,537.0,4,F1,1,,,,,,2025-05-14
2025-05-14,2025-05-14,CM,BSE,STK,531694,INE230F01014,RAINBOWF,X,,,,,RAINBOW FOUNDATIONS LTD.,47.0,49.89,47.0,48.38,48.5,48.0,,48.38,,,9096,437831.0,59,F1,1,,,,,,2025-05-14
2025-05-14,2025-05-14,CM,BSE,STK,531717,INE632C01026,VIDHIING,B,,,,,Vidhi Specialty Food Ingredien,450.8,450.8,435.75,438.65,447.3,448.05,,444.1,,,23610,10428568.0,144,F1,1,,,,,,2025-05-14
2025-05-14,2025-05-14,CM,BSE,STK,531719,INE414D01027,BHAGCHEM,B,,,,,BHAGIRADHA CHEMICALS & INDUSTR,295.7,307.35,295.65,303.3,302.9,294.65,,303.3,,,9292,2826037.0,420,F1,1,,,,,,2025-05-14
2025-05-14,2025-05-14,CM,BSE,STK,531723,INE224E01028,GATECH,B,,,,,GACM Technologies Limited,0.72,0.74,0.71,0.72,0.72,0.71,,0.71,,,913976,657816.0,308,F1,1,,,,,,2025-05-14
2025-05-14,2025-05-14,CM,BSE,STK,531726,INE316G01019,PANCHSHEEL,X,,,,,PANCHSHEEL ORGANICS LTD.,144.0,147.3,134.2,135.8,135.8,143.75,,135.8,,,53005,7431016.0,467,F1,1,,,,,,2025-05-14
2025-05-14,2025-05-14,CM,BSE,STK,531727,INE650G01029,MENNPIS,X,,,,,MENON PISTONS LTD.,58.0,58.0,56.77,57.51,57.51,57.15,,57.51,,,19359,1116024.0,520,F1,1,,,,,,2025-05-14
2025-05-14,2025-05-14,CM,BSE,STK,531735,INE429Q01019,PRISMFN,P,,,,,PRISM FINANCE LTD.,37.91,37.91,37.91,37.91,37.91,39.9,,37.91,,,100,3791.0,1,F1,100,,,,,,2025-05-14
2025-05-14,2025-05-14,CM,BSE,STK,531737,INE414C01045,GREENCREST,X,,,,,GREENCREST FINANCIAL SERVICES,0.68,0.68,0.67,0.68,0.67,0.67,,0.68,,,123771,83648.0,229,F1,1,,,,,,2025-05-14
2025-05-14,2025-05-14,CM,BSE,STK,531739,INE509C01026,GENNEX,X,,,,,GENNEX LABORATORIES LTD.,13.1,13.25,13.01,13.1,13.1,13.05,,13.1,,,244666,3208250.0,438,F1,1,,,,,,2025-05-14
2025-05-14,2025-05-14,CM,BSE,STK,531744,INE548B01018,GINISILK,X,,,,,GINI SILK MILLS LTD.,98.0,98.0,92.37,93.03,93.0,91.14,,93.03,,,2625,250845.0,28,F1,1,,,,,,2025-05-14
2025-05-14,2025-05-14,CM,BSE,STK,531746,INE505C01016,PRAENG,B,,,,,PRAJAY ENGINEERS SYNDICATE LTD,19.07,20.34,18.78,19.54,19.54,18.96,,19.48,,,42726,828125.0,295,F1,1,,,,,,2025-05-14
2025-05-14,2025-05-14,CM,BSE,STK,531752,INE703D01023,BIOGEN,X,,,,,BIOGEN PHARMACHEM INDUSTRIES L,0.91,0.92,0.9,0.91,0.91,0.91,,0.91,,,931344,850363.0,891,F1,1,,,,,,2025-05-14
2025-05-14,2025-05-14,CM,BSE,STK,531758,INE131D01019,GKCONS,X,,,,,G.K.CONSULTANTS LTD.,17.2,18.0,17.11,18.0,18.0,18.01,,18.0,,,1290,22899.0,8,F1,1,,,,,,2025-05-14
2025-05-14,2025-05-14,CM,BSE,STK,531761,INE126J01016,APOLLOPIPE,B,,,,,APOLLO PIPES LIMITED,396.1,397.65,385.0,389.15,389.1,398.15,,389.3,,,9967,3895164.0,955,F1,1,,,,,,2025-05-14
2025-05-14,2025-05-14,CM,BSE,STK,531762,INE576D01015,UNJHAFOR,X,,,,,UNJHA FORMULATIONS LTD.,23.03,24.99,22.2,23.2,23.13,23.03,,23.2,,,358,8249.0,16,F1,1,,,,,,2025-05-14
2025-05-14,2025-05-14,CM,BSE,STK,531768,INE205C01021,POLYMED,A,,,,,POLY MEDICURE LTD.,2420.65,2421.0,2340.85,2351.0,2357.65,2425.25,,2351.9,,,17618,41957199.0,2181,F1,1,,,,,,2025-05-14
2025-05-14,2025-05-14,CM,BSE,STK,531771,INE311M01018,SHRADDHA,X,,,,,SHRADDHA PRIME PROJECTS LTD,153.9,154.4,148.0,154.4,154.4,147.05,,154.4,,,10222,1567786.0,122,F1,1,,,,,,2025-05-14
2025-05-14,2025-05-14,CM,BSE,STK,531778,INE059E01010,KACHCHH,XT,,,,,KACHCHH MINERALS LTD.,32.17,33.77,31.0,33.77,33.77,32.17,,33.77,,,3955,125623.0,22,F1,1,,,,,,2025-05-14
2025-05-14,2025-05-14,CM,BSE,STK,531780,INE229G01022,KACL,XT,,,,,KAISER CORPORATION LIMITED,6.74,6.76,6.65,6.67,6.75,6.44,,6.67,,,746807,5031926.0,880,F1,1,,,,,,2025-05-14
2025-05-14,2025-05-14,CM,BSE,STK,531784,INE469F01026,KCLINFRA,X,,,,,KCL Infra Projects Limited,1.4,1.43,1.4,1.42,1.42,1.42,,1.42,,,57228,81588.0,116,F1,1,,,,,,2025-05-14
2025-05-14,2025-05-14,CM,BSE,STK,531795,INE951D01028,ATULAUTO,B,,,,,ATUL AUTO LTD.,487.6,499.7,487.6,492.35,492.05,487.9,,492.4,,,4040,1996460.0,239,F1,1,,,,,,2025-05-14
2025-05-14,2025-05-14,CM,BSE,STK,531797,INE393D01015,SCANPRO,XT,,,,,SCAN PROJECTS LTD.,59.37,59.37,59.37,59.37,59.37,58.21,,59.37,,,219,13002.0,4,F1,1,,,,,,2025-05-14
2025-05-14,2025-05-14,CM,BSE,STK,531802,INE426H01014,PRERINFRA,X,,,,,PRERNA INFRABUILD LTD.,27.9,27.9,26.86,27.43,27.07,27.62,,27.43,,,12155,332356.0,57,F1,1,,,,,,2025-05-14
2025-05-14,2025-05-14,CM,BSE,STK,531810,INE161E01014,METALCO,X,,,,,METAL COATINGS (INDIA) LTD.,75.4,75.4,72.15,74.07,74.74,72.5,,74.07,,,294,21921.0,10,F1,1,,,,,,2025-05-14
2025-05-14,2025-05-14,CM,BSE,STK,531812,INE266C01023,SGNTE,X,,,,,SGN TELECOMS LTD.,0.75,0.78,0.72,0.75,0.75,0.75,,0.75,,,74960,55270.0,106,F1,1,,,,,,2025-05-14
2025-05-14,2025-05-14,CM,BSE,STK,531813,INE278O01015,GANGAPA,X,,,,,GANGA PAPERS INDIA LTD.,96.05,96.05,96.05,96.05,96.05,94.05,,96.05,,,1,96.0,1,F1,1,,,,,,2025-05-14
2025-05-14,2025-05-14,CM,BSE,STK,531814,INE297J01023,TIRSARJ,X,,,,,TIRUPATI SARJAN LTD.,13.9,14.18,13.51,14.0,14.0,13.9,,14.0,,,7938,110748.0,49,F1,1,,,,,,2025-05-14
2025-05-14,2025-05-14,CM,BSE,STK,531821,INE348D01019,MUNOTHFI,X,,,,,MUNOTH FINANCIAL SERVICES LTD.,61.75,66.0,61.75,66.0,66.0,64.98,,66.0,,,122,7539.0,4,F1,1,,,,,,2025-05-14
2025-05-14,2025-05-14,CM,BSE,STK,531822,INE513E01024,RODIUM,X,,,,,RODIUM REALTY LIMITED,182.9,185.75,175.6,176.2,176.2,182.0,,176.2,,,11402,2005724.0,17,F1,1,,,,,,2025-05-14
2025-05-14,2025-05-14,CM,BSE,STK,531832,INE793H01017,NAGTECH,XT,,,,,NAGARJUNA AGRI TECH LTD.,71.91,71.91,71.91,71.91,71.91,73.37,,71.91,,,10703,769652.0,44,F1,1,,,,,,2025-05-14
2025-05-14,2025-05-14,CM,BSE,STK,531834,INE487B01019,NATHUEC,X,,,,,NATURA HUE CHEM LTD.,10.18,10.18,10.18,10.18,10.18,10.42,,10.18,,,21,213.0,2,F1,1,,,,,,2025-05-14
2025-05-14,2025-05-14,CM,BSE,STK,531840,INE172B01017,IECEDU,XT,,,,,IEC EDUCATION LTD.,14.16,14.72,14.16,14.72,14.72,14.44,,14.72,,,4265,62220.0,19,F1,1,,,,,,2025-05-14
2025-05-14,2025-05-14,CM,BSE,STK,531841,INE935D01013,INDUSFINL,X,,,,,Indus Finance Limited,39.45,40.0,38.26,39.82,40.0,39.45,,39.82,,,2134,84685.0,23,F1,1,,,,,,2025-05-14
2025-05-14,2025-05-14,CM,BSE,STK,531842,INE515C01023,LAHOTIOV,X,,,,,LAHOTI OVERSEAS LTD.,36.35,39.4,35.23,37.53,37.88,36.35,,37.53,,,22581,857457.0,105,F1,1,,,,,,2025-05-14
2025-05-14,2025-05-14,CM,BSE,STK,531845,INE318D01020,ZENITHSTL,B,,,,,ZENITH STEEL PIPES AND  INDUST,7.84,7.86,7.5,7.6,7.57,7.3,,7.58,,,89062,689543.0,244,F1,1,,,,,,2025-05-14
2025-05-14,2025-05-14,CM,BSE,STK,531846,INE884X01011,TRINITYLEA,X,,,,,TRINITY LEAGUE INDIA LTD.,12.12,12.68,9.66,11.28,11.24,12.02,,11.28,,,1909,21346.0,31,F1,1,,,,,,2025-05-14
2025-05-14,2025-05-14,CM,BSE,STK,531847,INE194D01017,ASTAR,B,,,,,ASIAN STAR CO.LTD.,704.25,746.0,704.25,730.0,730.0,733.0,,730.0,,,77,56861.0,15,F1,1,,,,,,2025-05-14
2025-05-14,2025-05-14,CM,BSE,STK,531859,INE457G01029,ORIRAIL,T,,,,,ORIENTAL RAIL INFRASTRUCTURE L,179.3,188.25,179.3,188.15,188.25,179.3,,188.15,,,112193,20965166.0,921,F1,1,,,,,,2025-05-14
2025-05-14,2025-05-14,CM,BSE,STK,531861,INE024B01010,JOINDRE,X,,,,,JOINDRE CAPITAL SERVICES LTD.,42.35,42.49,41.63,42.37,42.35,42.37,,42.37,,,7473,314176.0,45,F1,1,,,,,,2025-05-14
2025-05-14,2025-05-14,CM,BSE,STK,531862,INE842D01029,BHARATAGRI,XT,,,,,BHARAT AGRI FERT & REALTY LTD.,39.5,39.95,38.5,39.15,39.5,39.12,,39.15,,,18244,715972.0,131,F1,1,,,,,,2025-05-14
2025-05-14,2025-05-14,CM,BSE,STK,531867,INE929K01011,UNITINT,X,,,,,UNITECH INTERNATIONAL LTD.,4.31,4.31,4.06,4.3,4.3,4.33,,4.3,,,805,3341.0,9,F1,1,,,,,,2025-05-14
2025-05-14,2025-05-14,CM,BSE,STK,531869,INE433G01020,SACHEMT,X,,,,,SACHETA METALS LTD.,4.39,4.39,4.08,4.24,4.26,4.14,,4.24,,,70366,298584.0,204,F1,1,,,,,,2025-05-14
2025-05-14,2025-05-14,CM,BSE,STK,531878,INE283D01018,ANJANIFIN,X,,,,,ANJANI FINANCE LTD.,12.8,12.8,12.3,12.75,12.8,12.74,,12.75,,,1561,19637.0,40,F1,1,,,,,,2025-05-14
2025-05-14,2025-05-14,CM,BSE,STK,531888,INE687C01012,REXNORD,X,,,,,REXNORD ELECTRONICS & CONTROLS,93.5,95.95,93.0,95.25,93.64,93.27,,95.25,,,3738,353870.0,70,F1,1,,,,,,2025-05-14
2025-05-14,2025-05-14,CM,BSE,STK,531889,INE882B01037,IIL,X,,,,,INTEGRATED INDUSTRIES LIMITED,27.15,28.0,26.9,27.22,27.22,27.04,,27.22,,,310020,8534874.0,1013,F1,1,,,,,,2025-05-14
2025-05-14,2025-05-14,CM,BSE,STK,531892,INE060B01014,KHANDSE,B,,,,,KHANDWALA SECURITIES LTD.,25.5,25.5,22.75,22.75,22.75,23.01,,23.27,,,16,405.0,7,F1,1,,,,,,2025-05-14
2025-05-14,2025-05-14,CM,BSE,STK,531893,INE248B01023,SAWACA,X,,,,,SAWACA ENTERPRISES LIMITED,0.53,0.54,0.52,0.53,0.53,0.53,,0.53,,,1577891,836642.0,772,F1,1,,,,,,2025-05-14
2025-05-14,2025-05-14,CM,BSE,STK,531900,INE778E01031,CCLINTER,X,,,,,CCL INTERNATIONAL LTD.,30.03,30.79,28.99,29.58,30.44,29.29,,29.58,,,1979,58483.0,36,F1,1,,,,,,2025-05-14
2025-05-14,2025-05-14,CM,BSE,STK,531902,INE755J01012,GALLOPENT,X,,,,,GALLOPS ENTERPRISE LTD.,19.9,20.89,19.23,20.89,20.89,20.99,,20.89,,,162,3361.0,8,F1,1,,,,,,2025-05-14
2025-05-14,2025-05-14,CM,BSE,STK,531909,INE587J01027,CROISSANCE,XT,,,,,CROISSANCE LIMITED,3.03,3.03,2.8,2.83,2.97,2.9,,2.83,,,94378,273045.0,77,F1,1,,,,,,2025-05-14
2025-05-14,2025-05-14,CM,BSE,STK,531911,INE803L01016,GALAGEX,XT,,,,,GALAXY AGRICO EXPORTS LTD.,51.5,51.5,51.5,51.5,51.5,51.5,,51.5,,,25,1287.0,2,F1,1,,,,,,2025-05-14
2025-05-14,2025-05-14,CM,BSE,STK,531913,INE641H01018,GOPAIST,X,,,,,GOPAL IRON & STEELS CO.(GUJARA,8.05,8.05,8.0,8.0,8.0,8.08,,8.0,,,1895,15235.0,15,F1,1,,,,,,2025-05-14
2025-05-14,2025-05-14,CM,BSE,STK,531918,INE02XD01011,HINDAPL,XT,,,,,HINDUSTAN APPLIANCES LTD.,128.2,128.2,128.2,128.2,128.2,130.8,,128.2,,,721,92432.0,15,F1,1,,,,,,2025-05-14
2025-05-14,2025-05-14,CM,BSE,STK,531921,INE204E01012,AGARIND,B,,,,,AGARWAL INDUSTRIAL CORPORATION,1004.05,1008.0,995.95,1002.4,1008.0,1006.8,,999.95,,,378,378118.0,117,F1,1,,,,,,2025-05-14
2025-05-14,2025-05-14,CM,BSE,STK,531923,INE956B01013,DHAMPURE,X,,,,,DHAMPURE SPECIALITY SUGARS LTD,95.95,96.0,92.3,92.99,94.9,93.62,,92.99,,,1827,172489.0,36,F1,1,,,,,,2025-05-14
2025-05-14,2025-05-14,CM,BSE,STK,531925,INE545N01019,SHAQUAK,X,,,,,SHANTANU SHEOREY AQUAKULT LTD.,1.5,1.5,1.45,1.45,1.45,1.5,,1.45,,,14078,20548.0,27,F1,1,,,,,,2025-05-14
2025-05-14,2025-05-14,CM,BSE,STK,531929,INE214B01017,INNOCORP,X,,,,,INNOCORP LTD.,6.36,6.36,5.83,5.83,5.83,6.13,,5.83,,,1575,9467.0,15,F1,1,,,,,,2025-05-14
2025-05-14,2025-05-14,CM,BSE,STK,531930,INE074H01012,SARTHAKIND,X,,,,,SARTHAK INDUSTRIES LTD.,36.99,36.99,31.7,33.69,33.01,33.9,,33.69,,,3344,112990.0,28,F1,1,,,,,,2025-05-14
2025-05-14,2025-05-14,CM,BSE,STK,531931,INE531X01018,SAICAPI,XT,,,,,SAI CAPITAL LTD.,203.3,203.3,200.0,200.0,200.0,203.3,,200.0,,,243,48685.0,16,F1,1,,,,,,2025-05-14
2025-05-14,2025-05-14,CM,BSE,STK,531944,INE185D01015,LEXORAA,XT,,,,,LEXORAA INDUSTRIES LIMITED,12.66,12.99,12.66,12.66,12.66,12.65,,12.66,,,2639,33475.0,17,F1,1,,,,,,2025-05-14
2025-05-14,2025-05-14,CM,BSE,STK,531950,INE316D01024,VERTEX,X,,,,,VERTEX SECURITIES LTD.,4.07,4.6,4.07,4.41,4.3,4.29,,4.41,,,73133,319402.0,122,F1,1,,,,,,2025-05-14
2025-05-14,2025-05-14,CM,BSE,STK,531952,INE811H01017,RIBATEX,X,,,,,RIBA TEXTILES LTD.,73.53,80.4,73.53,80.25,79.5,76.63,,80.25,,,13926,1103551.0,104,F1,1,,,,,,2025-05-14
2025-05-14,2025-05-14,CM,BSE,STK,531959,INE997D01021,NEWINFRA,XT,,,,,NEWTIME INFRASTRUCTURE LIMITED,3.39,3.39,3.39,3.39,3.39,3.39,,3.39,,,43486,147417.0,84,F1,1,,,,,,2025-05-14
2025-05-14,2025-05-14,CM,BSE,STK,531960,INE108B01029,KASHYAP,XT,,,,,Kashyap Tele-Medicines Limited,7.93,7.93,7.93,7.93,7.93,7.78,,7.93,,,66197,524942.0,21,F1,1,,,,,,2025-05-14
2025-05-14,2025-05-14,CM,BSE,STK,531962,INE914B01012,SHREMETAL,X,,,,,SHREE METALLOYS LTD.,40.09,41.99,37.86,39.55,40.75,38.55,,39.55,,,3180,126830.0,46,F1,1,,,,,,2025-05-14
2025-05-14,2025-05-14,CM,BSE,STK,531968,INE786E01018,IITLPROJ,X,,,,,IITL PROJECTS LIMITED,51.75,51.75,49.1,49.15,49.1,50.0,,49.15,,,98,4915.0,5,F1,1,,,,,,2025-05-14
2025-05-14,2025-05-14,CM,BSE,STK,531977,INE558F01026,CHLOGIST,X,,,,,CHARTERED LOGISTICS LTD.,9.68,9.68,9.18,9.37,9.45,9.44,,9.37,,,51920,486994.0,98,F1,1,,,,,,2025-05-14
2025-05-14,2025-05-14,CM,BSE,STK,531978,INE540G01014,AMBIKCO,B,,,,,AMBIKA COTTON MILLS LTD.,1426.95,1459.65,1425.3,1454.6,1457.0,1424.95,,1455.6,,,1131,1637654.0,247,F1,1,,,,,,2025-05-14
2025-05-14,2025-05-14,CM,BSE,STK,531979,INE227B01019,HINDALUMI,X,,,,,HIND ALUMINIUM INDUSTRIES LTD.,71.25,76.0,70.99,71.52,71.25,74.87,,71.52,,,28787,2079500.0,138,F1,1,,,,,,2025-05-14
2025-05-14,2025-05-14,CM,BSE,STK,531980,INE564B01015,SENINFO,XT,,,,,SENTHIL INFOTEK LTD,18.6,18.6,18.6,18.6,18.6,18.24,,18.6,,,4,74.0,1,F1,1,,,,,,2025-05-14
2025-05-14,2025-05-14,CM,BSE,STK,531982,INE547C01018,SPECFOOD,X,,,,,SPECTRUM FOODS LTD.,29.52,29.94,29.0,29.52,29.49,29.52,,29.52,,,78166,2303797.0,149,F1,1,,,,,,2025-05-14
2025-05-14,2025-05-14,CM,BSE,STK,531991,INE735C01027,AMRAAGRI,X,,,,,AMRAWORLD AGRICO LTD.,1.22,1.22,1.06,1.11,1.13,1.07,,1.11,,,233798,261316.0,324,F1,1,,,,,,2025-05-14
2025-05-14,2025-05-14,CM,BSE,STK,531996,INE839E01023,ODYCORP,XT,,,,,ODYSSEY CORPORATION LTD.,18.08,18.08,18.08,18.08,18.08,18.44,,18.08,,,2104,38040.0,9,F1,1,,,,,,2025-05-14
2025-05-14,2025-05-14,CM,BSE,STK,531997,INE164D01010,VUENOW,XT,,,,,VUENOW INFRATECH LIMITED,111.2,115.0,108.05,114.65,115.0,112.75,,114.65,,,139707,15881082.0,397,F1,1,,,,,,2025-05-14
2025-05-14,2025-05-14,CM,BSE,STK,532001,INE146H01018,INDCTST,X,,,,,INDUCTO STEEL LTD.,65.0,65.0,61.1,62.88,62.88,61.21,,62.88,,,1538,96557.0,54,F1,1,,,,,,2025-05-14
2025-05-14,2025-05-14,CM,BSE,STK,532005,INE653D01012,SAMINDUS,XT,,,,,SAM INDUSTRIES LTD.,72.43,72.43,70.0,70.0,70.0,69.0,,70.0,,,140,10053.0,12,F1,1,,,,,,2025-05-14
2025-05-14,2025-05-14,CM,BSE,STK,532011,INE147C01017,POOJAENT,X,,,,,VASHU BHAGNANI INDUSTRIES LIMI,103.2,103.2,97.3,101.5,101.5,101.4,,101.5,,,949,96475.0,24,F1,1,,,,,,2025-05-14
2025-05-14,2025-05-14,CM,BSE,STK,532015,INE995A01013,GRAVITY,XT,,,,,GRAVITY (INDIA) LTD.,4.92,4.92,4.76,4.76,4.76,4.69,,4.76,,,176467,867594.0,42,F1,1,,,,,,2025-05-14
2025-05-14,2025-05-14,CM,BSE,STK,532016,INE176O01011,ESPIRE,XT,,,,,ESPIRE HOSPITALITY LIMITED,438.0,442.4,430.0,431.0,431.0,430.0,,431.0,,,2384,1041713.0,22,F1,1,,,,,,2025-05-14
2025-05-14,2025-05-14,CM,BSE,STK,532019,INE938A01021,LCCINFOTEC,T,,,,,LCC INFOTECH LTD.,5.64,5.73,5.48,5.6,5.6,5.57,,5.6,,,15057,84355.0,57,F1,1,,,,,,2025-05-14
2025-05-14,2025-05-14,CM,BSE,STK,532022,INE185E01021,FILATFASH,T,,,,,FILATEX FASHIONS LTD.,0.47,0.49,0.46,0.48,0.48,0.47,,0.47,,,4419552,2071371.0,1140,F1,1,,,,,,2025-05-14
2025-05-14,2025-05-14,CM,BSE,STK,532029,INE325D01025,SINDHUTRAD,B,,,,,SINDHU TRADE LINKS LIMITED,20.55,21.36,20.0,20.59,20.59,20.13,,20.58,,,256230,5301554.0,901,F1,1,,,,,,2025-05-14
2025-05-14,2025-05-14,CM,BSE,STK,532039,INE486F01012,ZENOTECH,X,,,,,ZENOTECH LABORATORIES LTD.,57.93,57.93,56.0,57.02,57.02,56.84,,57.02,,,5272,298936.0,87,F1,1,,,,,,2025-05-14
2025-05-14,2025-05-14,CM,BSE,STK,532041,INE597C01021,HINDBIO,XT,,,,,HINDUSTAN BIO SCIENCES LTD.,8.0,8.0,7.65,7.65,7.65,7.98,,7.65,,,3623,28942.0,16,F1,1,,,,,,2025-05-14
2025-05-14,2025-05-14,CM,BSE,STK,532042,INE092D01013,FRONTCORP,X,,,,,FRONTLINE CORPORATION LTD.,43.87,43.87,43.49,43.49,43.49,43.49,,43.49,,,26,1131.0,2,F1,1,,,,,,2025-05-14
2025-05-14,2025-05-14,CM,BSE,STK,532051,INE409B01013,SWELECTES,T,,,,,SWELECT ENERGY SYSTEMS LIMITED,585.0,597.0,560.0,590.4,591.0,581.25,,587.85,,,1791,1045445.0,74,F1,1,,,,,,2025-05-14
2025-05-14,2025-05-14,CM,BSE,STK,532053,INE121B01014,WALLFORT,XT,,,,,WALLFORT FINANCIAL SERVICES LT,112.0,112.0,107.8,110.0,110.0,110.2,,110.0,,,292,32118.0,8,F1,1,,,,,,2025-05-14
2025-05-14,2025-05-14,CM,BSE,STK,532054,INE291D01011,KDDL,B,,,,,KDDL LTD.,2710.95,2765.0,2709.85,2729.0,2726.5,2704.95,,2732.8,,,741,2037599.0,204,F1,1,,,,,,2025-05-14
2025-05-14,2025-05-14,CM,BSE,STK,532056,INE398H01015,ADIEXRE,XT,,,,,ADINATH EXIM RESOURCES LTD.,55.0,57.25,55.0,57.25,57.25,54.54,,57.25,,,1980,112302.0,11,F1,1,,,,,,2025-05-14
2025-05-14,2025-05-14,CM,BSE,STK,532057,INE516F01016,ABHICAP,X,,,,,ABHINAV CAPITAL SERVICES LTD.,126.55,126.55,125.85,125.85,125.85,125.95,,125.85,,,69,8695.0,4,F1,1,,,,,,2025-05-14
2025-05-14,2025-05-14,CM,BSE,STK,532067,INE994E01018,3BBLACKBIO,B,,,,,3B BlackBio Dx Limited,1738.5,1750.0,1661.0,1676.8,1676.8,1738.45,,1676.8,,,7251,12289118.0,552,F1,1,,,,,,2025-05-14
2025-05-14,2025-05-14,CM,BSE,STK,532070,INE311N01016,SUMUKA,X,,,,,Sumuka Agro Industries Limited,205.7,205.7,191.65,199.15,201.45,195.8,,199.15,,,63256,12521993.0,669,F1,1,,,,,,2025-05-14
2025-05-14,2025-05-14,CM,BSE,STK,532078,INE407E01029,MONIND,X,,,,,MONIND LIMITED,26.85,26.85,26.85,26.85,26.85,25.58,,26.85,,,1,26.0,1,F1,1,,,,,,2025-05-14
2025-05-14,2025-05-14,CM,BSE,STK,532090,INE219M01021,VANDANA,XT,,,,,VANDANA KNITWEAR LTD.,14.96,14.96,14.96,14.96,14.96,15.26,,14.96,,,28921,432658.0,44,F1,1,,,,,,2025-05-14
2025-05-14,2025-05-14,CM,BSE,STK,532092,INE807D01030,EPUJA,X,,,,,EPUJA SPIRITECH LIMITED,3.54,3.6,3.4,3.45,3.45,3.39,,3.45,,,62135,218050.0,146,F1,1,,,,,,2025-05-14
2025-05-14,2025-05-14,CM,BSE,STK,532100,INE456B01014,INDOCITY,XT,,,,,INDO-CITY INFOTECH LTD.,11.85,11.85,10.74,10.8,10.8,11.3,,10.8,,,1577,17422.0,15,F1,1,,,,,,2025-05-14
2025-05-14,2025-05-14,CM,BSE,STK,532102,INE948G01019,SBECSUG,XT,,,,,SBEC SUGAR LTD.,37.18,38.8,37.18,38.8,38.8,37.0,,38.8,,,148,5705.0,10,F1,1,,,,,,2025-05-14
2025-05-14,2025-05-14,CM,BSE,STK,532113,INE957E01031,BRIJLEAS,X,,,,,BRIJLAXMI LEASING & FINANCE LT,8.1,8.5,8.1,8.25,8.25,8.1,,8.25,,,13503,114610.0,14,F1,1,,,,,,2025-05-14
2025-05-14,2025-05-14,CM,BSE,STK,532123,INE395A01016,BSELALGO,X,,,,,BSEL ALGO LIMITED,7.02,7.39,7.02,7.23,7.34,7.16,,7.23,,,177320,1280063.0,469,F1,1,,,,,,2025-05-14
2025-05-14,2025-05-14,CM,BSE,STK,532124,INE419H01019,RELIABVEN,X,,,,,RELIABLE VENTURES INDIA LTD.,21.0,21.89,20.7,21.0,20.7,21.49,,21.0,,,4304,90521.0,40,F1,1,,,,,,2025-05-14
2025-05-14,2025-05-14,CM,BSE,STK,532131,INE382B01012,TRIUMPIN,XT,,,,,TRIUMPH INTERNATIONAL FINANCE,21.03,21.03,21.03,21.03,21.03,20.62,,21.03,,,4350,91480.0,10,F1,1,,,,,,2025-05-14
2025-05-14,2025-05-14,CM,BSE,STK,532134,INE028A01039,BANKBARODA,A,,,,,BANK OF BARODA,234.25,235.0,230.35,233.55,233.55,232.75,,233.57,,,942239,219980149.0,5979,F1,1,,,,,,2025-05-14
2025-05-14,2025-05-14,CM,BSE,STK,532140,INE154B01023,MOHITE,X,,,,,MOHITE INDUSTRIES LIMITED,3.9,3.9,3.9,3.9,3.9,3.97,,3.9,,,30428,118669.0,121,F1,1,,,,,,2025-05-14
2025-05-14,2025-05-14,CM,BSE,STK,532141,INE666E01020,ACL,B,,,,,ANDHRA CEMENTS LTD.,57.99,57.99,56.03,57.13,57.7,56.1,,57.2,,,27557,1573885.0,279,F1,1,,,,,,2025-05-14
2025-05-14,2025-05-14,CM,BSE,STK,532143,INE411D01015,SKMEGGPROD,B,,,,,SKM EGG PRODUCTS EXPORT (INDIA,196.25,197.65,194.05,194.8,194.5,194.45,,194.99,,,4806,944310.0,223,F1,1,,,,,,2025-05-14
2025-05-14,2025-05-14,CM,BSE,STK,532144,INE191B01025,WELCORP,A,,,,,WELSPUN CORP LIMITED,766.65,778.45,765.65,772.05,770.6,766.8,,773.4,,,7630,5883703.0,440,F1,1,,,,,,2025-05-14
2025-05-14,2025-05-14,CM,BSE,STK,532145,INE731B01010,HOTLSILV,X,,,,,H.S.INDIA LTD.,13.13,13.13,12.99,13.0,13.0,13.12,,13.0,,,167,2173.0,8,F1,1,,,,,,2025-05-14
2025-05-14,2025-05-14,CM,BSE,STK,532149,INE084A01016,BANKINDIA,A,,,,,BANK OF INDIA,113.35,114.9,112.8,113.85,113.85,112.55,,113.86,,,1245915,141863128.0,5601,F1,1,,,,,,2025-05-14
2025-05-14,2025-05-14,CM,BSE,STK,532150,INE681B01017,INDRAMEDCO,B,,,,,INDRAPRASTHA MEDICAL CORP.LTD.,400.5,419.1,400.5,409.6,410.0,417.5,,409.2,,,10010,4146638.0,473,F1,1,,,,,,2025-05-14
2025-05-14,2025-05-14,CM,BSE,STK,532154,INE560F01022,JOHNPHARMA,X,,,,,JOHNSON PHARMACARE LIMITED,0.91,0.96,0.91,0.92,0.92,0.92,,0.92,,,1471668,1367230.0,1232,F1,1,,,,,,2025-05-14
2025-05-14,2025-05-14,CM,BSE,STK,532155,INE129A01019,GAIL,A,,,,,GAIL (INDIA) LTD.,184.65,187.8,183.05,186.0,186.0,183.95,,185.93,,,1380085,256368760.0,13245,F1,1,,,,,,2025-05-14
2025-05-14,2025-05-14,CM,BSE,STK,532156,INE884A01027,VAIBHAVGBL,A,,,,,VAIBHAV GLOBAL LTD,241.9,244.3,237.5,242.7,242.2,240.4,,243.29,,,25470,6153430.0,691,F1,1,,,,,,2025-05-14
2025-05-14,2025-05-14,CM,BSE,STK,532159,INE088D01011,TRESCON,XT,,,,,TRESCON LIMITED,11.39,11.39,10.51,11.11,11.12,10.96,,11.11,,,449,4842.0,10,F1,1,,,,,,2025-05-14
2025-05-14,2025-05-14,CM,BSE,STK,532160,INE944A01011,GUJSTATFIN,B,,,,,GUJARAT STATE FINANCIAL CORPOR,16.77,17.5,16.11,16.77,16.7,16.44,,16.77,,,25450,429070.0,208,F1,1,,,,,,2025-05-14
2025-05-14,2025-05-14,CM,BSE,STK,532162,INE789E01012,JKPAPER,A,,,,,JK PAPER LTD.,336.3,346.75,333.15,342.1,341.5,333.05,,341.9,,,60259,20479647.0,1779,F1,1,,,,,,2025-05-14
2025-05-14,2025-05-14,CM,BSE,STK,532163,INE979A01025,SAREGAMA,A,,,,,SAREGAMA INDIA LTD.,545.6,554.75,540.05,548.15,549.9,544.6,,548.15,,,10899,5972009.0,630,F1,1,,,,,,2025-05-14
2025-05-14,2025-05-14,CM,BSE,STK,532164,INE514C01026,MINOLTAF,Z,,,,,MINOLTA FINANCE LTD.,1.44,1.44,1.36,1.36,1.36,1.43,,1.36,,,27060,36906.0,8,F1,1,,,,,,2025-05-14
2025-05-14,2025-05-14,CM,BSE,STK,532172,INE737B01033,ADROITINFO,B,,,,,Adroit Infotech Limited,11.23,11.61,11.1,11.29,11.27,11.22,,11.22,,,4969,56035.0,52,F1,1,,,,,,2025-05-14
2025-05-14,2025-05-14,CM,BSE,STK,532173,INE214A01019,CYBERTECH,T,,,,,CYBERTECH SYSTEMS AND SOFTWARE,156.6,158.0,152.0,153.2,153.2,154.25,,152.94,,,4809,735017.0,84,F1,1,,,,,,2025-05-14
2025-05-14,2025-05-14,CM,BSE,STK,532174,INE090A01021,ICICIBANK,A,,,,,ICICI BANK LTD.,1431.0,1439.7,1417.2,1424.95,1424.95,1431.1,,1426.2,,,152549,217786999.0,5377,F1,1,,,,,,2025-05-14
2025-05-14,2025-05-14,CM,BSE,STK,532175,INE136B01020,CYIENT,A,,,,,CYIENT LIMITED,1255.35,1292.05,1253.2,1287.4,1287.2,1243.2,,1287.2,,,17793,22731192.0,1621,F1,1,,,,,,2025-05-14
2025-05-14,2025-05-14,CM,BSE,STK,532178,INE510A01028,ENGINERSIN,A,,,,,ENGINEERS INDIA LTD.,185.2,188.3,183.8,186.45,186.0,183.95,,186.36,,,84706,15749589.0,957,F1,1,,,,,,2025-05-14
2025-05-14,2025-05-14,CM,BSE,STK,532180,INE680A01011,DHANBANK,B,,,,,DHANLAXMI BANK LIMITED,30.27,30.4,29.76,30.03,30.06,30.1,,30.09,,,132245,3974875.0,765,F1,1,,,,,,2025-05-14
2025-05-14,2025-05-14,CM,BSE,STK,532181,INE131A01031,GMDCLTD,A,,,,,GUJARAT MINERAL DEVELOPMENT CO,315.65,319.75,312.75,318.9,319.0,311.4,,319.1,,,49177,15618986.0,1314,F1,1,,,,,,2025-05-14
2025-05-14,2025-05-14,CM,BSE,STK,532183,INE622E01023,GAYATRI,X,,,,,GAYATRI SUGARS LTD.,8.25,8.25,7.84,8.0,8.0,8.0,,8.0,,,152309,1220789.0,304,F1,1,,,,,,2025-05-14
2025-05-14,2025-05-14,CM,BSE,STK,532187,INE095A01012,INDUSINDBK,A,,,,,INDUSIND BANK LTD.,774.0,786.6,764.45,781.55,781.55,770.35,,781.35,,,431893,334703379.0,11110,F1,1,,,,,,2025-05-14
2025-05-14,2025-05-14,CM,BSE,STK,532189,INE353K01014,ITDC,B,,,,,INDIA TOURISM DEVELOPMENT CORP,580.0,602.05,575.0,584.35,584.35,571.1,,583.6,,,10057,5927989.0,1152,F1,1,,,,,,2025-05-14
2025-05-14,2025-05-14,CM,BSE,STK,532209,INE168A01041,J&KBANK,A,,,,,JAMMU & KASHMIR BANK LTD.,101.61,102.98,100.74,101.42,101.42,101.65,,101.4,,,639395,64967269.0,3094,F1,1,,,,,,2025-05-14
2025-05-14,2025-05-14,CM,BSE,STK,532210,INE491A01021,CUB,A,,,,,CITY UNION BANK LTD.,191.55,196.2,190.9,194.3,194.3,190.8,,194.37,,,280811,54432860.0,4551,F1,1,,,,,,2025-05-14
2025-05-14,2025-05-14,CM,BSE,STK,532212,INE731A01020,ARCHIES,B,,,,,ARCHIES LTD.,18.8,18.88,18.35,18.49,18.49,18.52,,18.47,,,6354,117876.0,139,F1,1,,,,,,2025-05-14
2025-05-14,2025-05-14,CM,BSE,STK,532215,INE238A01034,AXISBANK,A,,,,,AXIS BANK LTD.,1195.0,1198.65,1186.15,1195.55,1195.55,1193.95,,1195.5,,,56039,66903067.0,2692,F1,1,,,,,,2025-05-14
2025-05-14,2025-05-14,CM,BSE,STK,532216,INE550B01022,HBSL,B,,,,,HB STOCKHOLDINGS LTD.,85.5,85.5,83.51,83.52,83.51,84.21,,83.51,,,958,80918.0,45,F1,1,,,,,,2025-05-14
2025-05-14,2025-05-14,CM,BSE,STK,532217,INE027F01014,SIELFNS,XT,,,,,SIEL FINANCIAL SERVICES LTD.,12.94,12.95,12.94,12.94,12.94,13.2,,12.94,,,20045,259387.0,15,F1,1,,,,,,2025-05-14
2025-05-14,2025-05-14,CM,BSE,STK,532218,INE683A01023,SOUTHBANK,A,,,,,SOUTH INDIAN BANK LTD.,26.67,26.87,26.48,26.75,26.75,26.44,,26.75,,,808512,21627408.0,2832,F1,1,,,,,,2025-05-14
2025-05-14,2025-05-14,CM,BSE,STK,532219,INE306C01019,ENERGYDEV,B,,,,,ENERGY DEVELOPMENT COMPANY LTD,18.0,19.5,18.0,19.11,19.06,19.1,,19.09,,,6358,122441.0,96,F1,1,,,,,,2025-05-14
2025-05-14,2025-05-14,CM,BSE,STK,532221,INE269A01021,SONATSOFTW,A,,,,,SONATA SOFTWARE LTD.,400.7,404.35,390.95,393.3,393.3,399.95,,392.95,,,307817,122115388.0,4697,F1,1,,,,,,2025-05-14
2025-05-14,2025-05-14,CM,BSE,STK,532230,INE665D01016,BENGALT,X,,,,,BENGAL TEA & FABRICS LTD.,137.25,146.95,137.25,143.0,143.0,137.25,,143.0,,,102,14655.0,8,F1,1,,,,,,2025-05-14
2025-05-14,2025-05-14,CM,BSE,STK,532234,INE139A01034,NATIONALUM,A,,,,,NATIONAL ALUMINIUM CO.LTD.,166.3,173.5,166.25,173.1,173.1,165.2,,173.16,,,1057728,181527995.0,13352,F1,1,,,,,,2025-05-14
2025-05-14,2025-05-14,CM,BSE,STK,532240,INE092B01025,INDNIPPON,B,,,,,INDIA NIPPON ELECTRICALS LTD.,603.0,629.1,603.0,617.1,617.1,612.15,,616.1,,,534,331806.0,94,F1,1,,,,,,2025-05-14
2025-05-14,2025-05-14,CM,BSE,STK,532256,INE023A01030,NSIL,B,,,,,NALWA SONS INVESTMENTS LTD.,6900.0,6900.0,6728.8,6804.15,6849.0,6733.65,,6804.5,,,833,5657237.0,291,F1,1,,,,,,2025-05-14
2025-05-14,2025-05-14,CM,BSE,STK,532259,INE372A01015,APARINDS,A,,,,,APAR INDUSTRIES LTD.,6600.0,7083.0,6489.0,6928.6,6928.6,6507.35,,6927.5,,,21095,143255807.0,4011,F1,1,,,,,,2025-05-14
2025-05-14,2025-05-14,CM,BSE,STK,532262,INE920B01019,TCIIND,X,,,,,TCI INDUSTRIES LTD.,1268.3,1268.3,1268.3,1268.3,1268.3,1274.65,,1268.3,,,1,1268.0,1,F1,1,,,,,,2025-05-14
2025-05-14,2025-05-14,CM,BSE,STK,532268,INE793A01012,ACCELYA,B,,,,,ACCELYA SOLUTIONS INDIA LIMITE,1379.7,1400.0,1376.4,1392.45,1392.45,1374.7,,1392.7,,,2249,3126366.0,235,F1,1,,,,,,2025-05-14
2025-05-14,2025-05-14,CM,BSE,STK,532271,INE215B01022,ORCHASP,T,,,,,ORCHASP LIMITED,2.9,3.04,2.86,3.0,3.0,2.9,,2.98,,,63907,191288.0,69,F1,1,,,,,,2025-05-14
2025-05-14,2025-05-14,CM,BSE,STK,532275,INE394C01023,LANDMARC,XT,,,,,LANDMARC LEISURE CORPORATION L,1.78,1.78,1.78,1.78,1.78,1.7,,1.78,,,52985,94313.0,45,F1,1,,,,,,2025-05-14
2025-05-14,2025-05-14,CM,BSE,STK,532281,INE860A01027,HCLTECH,A,,,,,HCL TECHNOLOGIES LTD.,1621.35,1642.9,1619.2,1637.75,1637.75,1620.45,,1637.7,,,40855,66698076.0,3455,F1,1,,,,,,2025-05-14
2025-05-14,2025-05-14,CM,BSE,STK,532284,INE389D01013,TCFCFINQ,X,,,,,TCFC FINANCE LTD.,50.49,51.8,49.17,51.79,51.8,50.49,,51.79,,,2328,119042.0,42,F1,1,,,,,,2025-05-14
2025-05-14,2025-05-14,CM,BSE,STK,532285,INE007B01023,GEOJITFSL,B,,,,,Geojit Financial Services Limi,80.5,84.85,80.5,84.6,84.8,80.59,,84.64,,,111044,9215411.0,1504,F1,1,,,,,,2025-05-14
2025-05-14,2025-05-14,CM,BSE,STK,532286,INE749A01030,JINDALSTEL,A,,,,,JINDAL STEEL & POWER LTD.,907.55,950.0,907.55,941.25,939.0,909.45,,943.0,,,202584,190136579.0,5583,F1,1,,,,,,2025-05-14
2025-05-14,2025-05-14,CM,BSE,STK,532290,INE791A01024,BLBLIMITED,B,,,,,BLB LTD.,15.01,15.27,14.91,14.97,14.97,15.01,,15.08,,,1125,16925.0,50,F1,1,,,,,,2025-05-14
2025-05-14,2025-05-14,CM,BSE,STK,532296,INE935A01035,GLENMARK,A,,,,,GLENMARK PHARMACEUTICALS LTD.,1437.45,1448.5,1409.2,1443.3,1445.9,1416.6,,1442.9,,,6994,10041777.0,885,F1,1,,,,,,2025-05-14
2025-05-14,2025-05-14,CM,BSE,STK,532300,INE049B01025,WOCKPHARMA,A,,,,,WOCKHARDT LTD.,1297.65,1297.65,1252.05,1256.25,1256.25,1278.2,,1257.2,,,31328,39726010.0,1975,F1,1,,,,,,2025-05-14
2025-05-14,2025-05-14,CM,BSE,STK,532303,INE934A01012,INTEGHIT,X,,,,,INTEGRATED HITECH LTD.,5.67,5.67,5.39,5.39,5.39,5.67,,5.39,,,1743,9395.0,11,F1,1,,,,,,2025-05-14
2025-05-14,2025-05-14,CM,BSE,STK,532304,INE602C01011,KJMCCORP,X,,,,,KJMC CORPORATE ADVISORS (INDIA,78.0,78.0,75.0,77.65,77.65,76.22,,77.65,,,285,22185.0,6,F1,1,,,,,,2025-05-14
2025-05-14,2025-05-14,CM,BSE,STK,532305,INE915B01019,INDSWFTLAB,B,,,,,IND-SWIFT LABORATORIES LTD.,75.5,78.2,75.28,77.86,77.75,74.75,,77.91,,,13157,1006945.0,375,F1,1,,,,,,2025-05-14
2025-05-14,2025-05-14,CM,BSE,STK,532309,INE878A01011,GEPIL,B,,,,,GE Power India Ltd,246.55,246.95,240.25,246.05,245.1,239.4,,245.92,,,6258,1524275.0,369,F1,1,,,,,,2025-05-14
2025-05-14,2025-05-14,CM,BSE,STK,532310,INE879A01019,SHREERAMA,B,,,,,SHREE RAMA MULTI-TECH LTD.,34.84,35.18,34.43,35.18,35.18,33.51,,35.26,,,19141,671993.0,57,F1,1,,,,,,2025-05-14
2025-05-14,2025-05-14,CM,BSE,STK,532313,INE813A01018,MAHLIFE,A,,,,,MAHINDRA LIFESPACE DEVELOPERS,319.3,326.7,316.6,324.35,326.0,313.7,,324.8,,,39808,12824537.0,1086,F1,1,,,,,,2025-05-14
2025-05-14,2025-05-14,CM,BSE,STK,532315,INE042B01012,GROARC,XT,,,,,GROARC INDUSTRIES INDIA LIMITE,6.46,6.78,6.16,6.75,6.75,6.46,,6.75,,,6957,43792.0,34,F1,1,,,,,,2025-05-14
2025-05-14,2025-05-14,CM,BSE,STK,532320,INE418B01048,VAARAD,X,,,,,VAARAD VENTURES LTD,12.0,12.96,12.0,12.89,12.9,11.96,,12.89,,,430,5224.0,11,F1,1,,,,,,2025-05-14
2025-05-14,2025-05-14,CM,BSE,STK,532321,INE010B01027,ZYDUSLIFE,A,,,,,Zydus Lifesciences Limited,902.55,909.4,891.0,904.0,904.0,901.65,,903.5,,,15562,14008739.0,1684,F1,1,,,,,,2025-05-14
2025-05-14,2025-05-14,CM,BSE,STK,532323,INE555C01029,SHIVACEM,B,,,,,SHIVA CEMENT LTD.,30.87,32.1,30.32,30.61,30.61,30.45,,30.61,,,474246,14663088.0,913,F1,1,,,,,,2025-05-14
2025-05-14,2025-05-14,CM,BSE,STK,532324,INE039B01026,CINEVISTA,B,,,,,CINEVISTA LTD.,15.37,16.15,14.94,16.11,16.15,14.9,,15.99,,,1358,21524.0,226,F1,1,,,,,,2025-05-14
2025-05-14,2025-05-14,CM,BSE,STK,532326,INE781A01025,INTENTECH,B,,,,,INTENSE TECHNOLOGIES LTD.,96.5,96.5,95.0,95.0,95.0,94.0,,95.83,,,340,32345.0,9,F1,1,,,,,,2025-05-14
2025-05-14,2025-05-14,CM,BSE,STK,532329,INE310B01013,DANLAW,XT,,,,,DANLAW TECHNOLOGIES INDIA LTD.,981.0,990.0,950.0,968.8,979.2,969.05,,968.8,,,3546,3473543.0,123,F1,1,,,,,,2025-05-14
2025-05-14,2025-05-14,CM,BSE,STK,532331,INE031B01049,AJANTPHARM,A,,,,,AJANTA PHARMA LTD.,2599.95,2599.95,2535.95,2588.35,2593.0,2591.9,,2586.3,,,2149,5523200.0,325,F1,1,,,,,,2025-05-14
2025-05-14,2025-05-14,CM,BSE,STK,532332,INE117B01020,CURAA,T,,,,,CURA TECHNOLOGIES LTD.,85.32,85.32,85.32,85.32,85.32,83.65,,85.32,,,1,85.0,1,F1,1,,,,,,2025-05-14
2025-05-14,2025-05-14,CM,BSE,STK,532333,INE638B01025,HBPOR,X,,,,,HB PORTFOLIO LTD.,97.0,97.0,87.0,90.01,90.0,93.98,,90.01,,,4318,385148.0,98,F1,1,,,,,,2025-05-14
2025-05-14,2025-05-14,CM,BSE,STK,532334,INE640B01021,HBESD,X,,,,,HB ESTATE DEVELOPERS LTD.,94.5,98.9,93.13,93.84,93.81,94.48,,93.84,,,4047,381851.0,69,F1,1,,,,,,2025-05-14
2025-05-14,2025-05-14,CM,BSE,STK,532335,INE792B01012,AMBICAAGAR,B,,,,,AMBICA AGARBATHIES & AROMA IND,28.48,28.48,27.62,27.96,28.45,27.91,,28.04,,,1423,40096.0,80,F1,1,,,,,,2025-05-14
2025-05-14,2025-05-14,CM,BSE,STK,532339,INE453B01029,COMPUSOFT,B,,,,,COMPUCOM SOFTWARE LTD.,20.07,20.15,19.78,19.84,19.8,20.11,,19.89,,,9707,193769.0,194,F1,1,,,,,,2025-05-14
2025-05-14,2025-05-14,CM,BSE,STK,532340,INE369B01019,OMNIAX,X,,,,,OMNI AXS SOFTWARE LTD.,3.18,3.18,2.92,3.11,3.11,3.13,,3.11,,,23,71.0,6,F1,1,,,,,,2025-05-14
2025-05-14,2025-05-14,CM,BSE,STK,532341,INE848A01014,IZMO,T,,,,,IZMO Limited,317.1,321.4,315.9,321.4,321.4,306.1,,320.95,,,4778,1531686.0,110,F1,1,,,,,,2025-05-14
2025-05-14,2025-05-14,CM,BSE,STK,532343,INE494B01023,TVSMOTOR,A,,,,,TVS MOTOR COMPANY LTD.,2720.0,2737.55,2694.95,2728.1,2724.1,2712.0,,2727.3,,,5892,16067791.0,1212,F1,1,,,,,,2025-05-14
2025-05-14,2025-05-14,CM,BSE,STK,532344,INE002B01016,SOFTSOL,X,,,,,SOFTSOL INDIA LTD.,229.75,229.75,227.95,227.95,227.95,223.6,,227.95,,,254,58108.0,5,F1,1,,,,,,2025-05-14
2025-05-14,2025-05-14,CM,BSE,STK,532345,INE152B01027,ACLGATI,B,,,,,ALLCARGO GATI LIMITED,62.62,64.65,62.32,64.34,64.34,62.42,,64.22,,,64605,4124727.0,1107,F1,1,,,,,,2025-05-14
2025-05-14,2025-05-14,CM,BSE,STK,532348,INE754A01055,SUBEXLTD,A,,,,,SUBEX LTD.,13.45,13.67,13.1,13.54,13.54,13.1,,13.53,,,368473,4967885.0,778,F1,1,,,,,,2025-05-14
2025-05-14,2025-05-14,CM,BSE,STK,532349,INE688A01022,TCI,B,,,,,TRANSPORT CORPORATION OF INDIA,1135.0,1154.15,1119.45,1149.4,1128.75,1122.25,,1148.1,,,2309,2640192.0,518,F1,1,,,,,,2025-05-14
2025-05-14,2025-05-14,CM,BSE,STK,532350,INE243B01016,PADMALAYAT,Z,,,,,PADMALAYA TELEFILMS LTD.,4.09,4.09,3.72,4.09,4.09,3.9,,4.09,,,4717,19199.0,21,F1,1,,,,,,2025-05-14
2025-05-14,2025-05-14,CM,BSE,STK,532351,INE523B01011,AKSHOPTFBR,T,,,,,AKSH OPTIFIBRE LTD.,9.52,9.68,9.52,9.61,9.61,9.5,,9.58,,,12453,119636.0,52,F1,1,,,,,,2025-05-14
2025-05-14,2025-05-14,CM,BSE,STK,532354,INE400B01020,VIRGOGLOB,X,,,,,Virgo Global Limited,6.0,6.3,6.0,6.3,6.3,6.0,,6.3,,,1874,11246.0,18,F1,1,,,,,,2025-05-14
2025-05-14,2025-05-14,CM,BSE,STK,532355,INE448B01029,PICTUREHS,X,,,,,PICTUREHOUSE MEDIA LTD.,7.29,7.29,6.7,6.72,6.72,7.04,,6.72,,,1490,10744.0,6,F1,1,,,,,,2025-05-14
2025-05-14,2025-05-14,CM,BSE,STK,532356,INE256C01024,TRIVENI,A,,,,,TRIVENI ENGINEERING & INDUSTRI,421.95,430.0,421.9,426.9,428.0,421.95,,426.9,,,26702,11385876.0,1010,F1,1,,,,,,2025-05-14
2025-05-14,2025-05-14,CM,BSE,STK,532357,INE374B01019,MUKTAARTS,B,,,,,MUKTA ARTS LTD.,77.0,91.2,74.05,80.84,80.84,76.0,,80.64,,,136395,12135165.0,1084,F1,1,,,,,,2025-05-14
2025-05-14,2025-05-14,CM,BSE,STK,532362,INE099E01016,NAGPI,X,,,,,NAGPUR POWER & INDUSTRIES LTD.,118.75,122.0,118.0,118.05,118.05,118.75,,118.05,,,1362,164638.0,15,F1,1,,,,,,2025-05-14
2025-05-14,2025-05-14,CM,BSE,STK,532365,INE417B01040,DSSL,B,,,,,DYNACONS SYSTEMS & SOLUTIONS L,1106.25,1143.0,1077.35,1133.95,1135.0,1098.75,,1133.4,,,8125,9125201.0,971,F1,1,,,,,,2025-05-14
2025-05-14,2025-05-14,CM,BSE,STK,532366,INE859A01011,PNBGILTS,B,,,,,PNB GILTS LTD.,96.0,99.65,94.76,97.45,97.45,94.45,,97.49,,,78287,7646895.0,1132,F1,1,,,,,,2025-05-14
2025-05-14,2025-05-14,CM,BSE,STK,532369,INE614A01028,RAMCOIND,B,,,,,RAMCO INDUSTRIES LTD.,242.1,252.5,241.9,250.9,252.5,242.0,,250.71,,,9414,2342015.0,415,F1,1,,,,,,2025-05-14
2025-05-14,2025-05-14,CM,BSE,STK,532370,INE246B01019,RAMCOSYS,B,,,,,RAMCO SYSTEMS LTD.,385.55,392.35,382.4,389.55,392.0,382.75,,388.5,,,3806,1477696.0,326,F1,1,,,,,,2025-05-14
2025-05-14,2025-05-14,CM,BSE,STK,532371,INE517B01013,TTML,A,,,,,TATA TELESERVICES (MAHARASHTRA,57.61,59.93,57.22,58.66,58.66,57.5,,58.65,,,557867,32708714.0,3192,F1,1,,,,,,2025-05-14
2025-05-14,2025-05-14,CM,BSE,STK,532372,INE539B01017,VIRINCHI,B,,,,,Virinchi Limited,22.26,22.75,21.82,21.92,21.92,22.0,,21.89,,,18603,411541.0,652,F1,1,,,,,,2025-05-14
2025-05-14,2025-05-14,CM,BSE,STK,532373,INE434B01029,WEPSOLN,X,,,,,WEP SOLUTIONS LTD.,31.68,31.68,30.1,30.83,30.94,30.9,,30.83,,,2772,84214.0,18,F1,1,,,,,,2025-05-14
2025-05-14,2025-05-14,CM,BSE,STK,532374,INE089C01029,STLTECH,A,,,,,STERLITE TECHNOLOGIES LTD.,70.88,70.88,67.56,67.95,67.95,69.95,,67.91,,,99112,6749785.0,1407,F1,1,,,,,,2025-05-14
2025-05-14,2025-05-14,CM,BSE,STK,532375,INE716B01029,TIPSMUSIC,A,,,,,TIPS MUSIC LIMITED,637.55,650.0,636.55,648.3,648.3,635.5,,648.45,,,15487,10011494.0,830,F1,1,,,,,,2025-05-14
2025-05-14,2025-05-14,CM,BSE,STK,532376,INE398B01018,UMIYA-MRO,B,,,,,UMIYA BUILDCON LIMITED,61.5,62.15,60.9,61.08,61.25,61.31,,61.1,,,4055,248853.0,150,F1,1,,,,,,2025-05-14
2025-05-14,2025-05-14,CM,BSE,STK,532378,INE464B01018,UNIVARTS,X,,,,,UNIVERSAL ARTS LTD.,5.05,5.05,4.89,4.89,4.89,5.04,,4.89,,,52,262.0,5,F1,1,,,,,,2025-05-14
2025-05-14,2025-05-14,CM,BSE,STK,532379,INE683B01047,FIRSTFIN,X,,,,,FIRST FINTEC LIMITED,7.08,7.08,7.08,7.08,7.08,6.75,,7.08,,,3004,21268.0,12,F1,1,,,,,,2025-05-14
2025-05-14,2025-05-14,CM,BSE,STK,532380,INE893A01036,BABA,X,,,,,BABA ARTS LTD.,9.54,9.55,9.1,9.5,9.5,9.32,,9.5,,,22710,212318.0,107,F1,1,,,,,,2025-05-14
2025-05-14,2025-05-14,CM,BSE,STK,532382,INE794B01026,BALAJITELE,B,,,,,BALAJI TELEFILMS LTD.,75.2,76.19,74.02,74.76,75.0,75.15,,74.92,,,12858,962980.0,306,F1,1,,,,,,2025-05-14
2025-05-14,2025-05-14,CM,BSE,STK,532384,INE443B01012,TYCHE,X,,,,,TYCHE INDUSTRIES LTD.,147.5,152.3,147.5,148.95,149.0,147.65,,148.95,,,4717,702976.0,74,F1,1,,,,,,2025-05-14
2025-05-14,2025-05-14,CM,BSE,STK,532386,INE526B01014,CALSOFT,T,,,,,CALIFORNIA SOFTWARE CO.LTD.,11.67,11.67,11.01,11.44,11.44,11.48,,11.29,,,1734,19885.0,17,F1,1,,,,,,2025-05-14
2025-05-14,2025-05-14,CM,BSE,STK,532387,INE392B01011,PNC,T,,,,,PRITISH NANDY COMMUNICATIONS L,25.39,25.39,25.39,25.39,25.39,24.19,,27.31,,,1005,25516.0,2,F1,1,,,,,,2025-05-14
2025-05-14,2025-05-14,CM,BSE,STK,532388,INE565A01014,IOB,A,,,,,INDIAN OVERSEAS BANK,37.63,38.22,37.47,37.91,37.96,37.49,,37.92,,,343160,12992656.0,1163,F1,1,,,,,,2025-05-14
2025-05-14,2025-05-14,CM,BSE,STK,532390,INE586B01026,TAJGVK,B,,,,,TAJGVK HOTELS & RESORTS LTD.,408.25,413.2,393.65,395.0,397.05,406.65,,395.5,,,18151,7277350.0,665,F1,1,,,,,,2025-05-14
2025-05-14,2025-05-14,CM,BSE,STK,532392,INE230B01021,CREATIVEYE,B,,,,,CREATIVE EYE LTD.,6.03,6.65,6.03,6.4,6.31,6.58,,6.41,,,2298,14899.0,46,F1,1,,,,,,2025-05-14
2025-05-14,2025-05-14,CM,BSE,STK,532395,INE555B01013,AXISCADES,T,,,,,AXISCADES TECHNOLOGIES LIMITED,891.95,894.05,856.0,894.05,894.05,851.5,,891.85,,,23568,20956400.0,594,F1,1,,,,,,2025-05-14
2025-05-14,2025-05-14,CM,BSE,STK,532397,INE971A01014,KONNDOR,X,,,,,KONNDOR INDUSTRIES LIMITED,12.5,12.5,11.4,11.4,11.4,12.0,,11.4,,,80110,950864.0,11,F1,1,,,,,,2025-05-14
2025-05-14,2025-05-14,CM,BSE,STK,532398,INE240C01028,UMESLTD,T,,,,,USHA MARTIN EDUCATION & SOLUTI,5.6,5.6,5.33,5.56,5.51,5.6,,5.53,,,2601,14450.0,34,F1,1,,,,,,2025-05-14
2025-05-14,2025-05-14,CM,BSE,STK,532400,INE836A01035,BSOFT,A,,,,,BIRLASOFT LIMITED,421.45,429.2,417.6,423.4,423.4,420.85,,423.25,,,184650,78215674.0,3105,F1,1,,,,,,2025-05-14
2025-05-14,2025-05-14,CM,BSE,STK,532402,INE718B01017,USGTECH,XT,,,,,USG TECH SOLUTIONS LTD.,14.99,14.99,13.68,13.9,13.89,14.39,,13.9,,,22606,317669.0,85,F1,1,,,,,,2025-05-14
2025-05-14,2025-05-14,CM,BSE,STK,532404,INE856B01023,7TEC,X,,,,,SAVEN TECHNOLOGIES LTD.,47.5,49.49,47.5,48.41,48.41,48.1,,48.41,,,1641,79229.0,103,F1,1,,,,,,2025-05-14
2025-05-14,2025-05-14,CM,BSE,STK,532406,INE005B01027,AVANTEL,A,,,,,AVANTEL LTD.,114.95,118.3,114.55,117.25,117.25,114.1,,117.2,,,468113,54631100.0,3986,F1,1,,,,,,2025-05-14
2025-05-14,2025-05-14,CM,BSE,STK,532407,INE935B01025,MOSCHIP,B,,,,,MOSCHIP TECHNOLOGIES LIMITED,165.0,180.7,164.5,177.7,177.7,164.1,,177.86,,,992224,172883914.0,14879,F1,1,,,,,,2025-05-14
2025-05-14,2025-05-14,CM,BSE,STK,532408,INE933B01012,MEGASOFT,T,,,,,MEGASOFT LTD.,70.9,71.0,66.31,69.82,69.82,68.36,,69.73,,,38893,2694235.0,117,F1,1,,,,,,2025-05-14
2025-05-14,2025-05-14,CM,BSE,STK,532410,INE330E01023,TRANSCOR,X,,,,,TRANSCORP INTERNATIONAL LTD.,29.74,30.13,25.51,25.56,25.56,25.11,,25.56,,,99453,2882107.0,359,F1,1,,,,,,2025-05-14
2025-05-14,2025-05-14,CM,BSE,STK,532413,INE345B01019,CEREBRAINT,Z,,,,,CEREBRA INTEGRATED TECHNOLOGIE,4.86,4.86,4.86,4.86,4.86,4.77,,4.87,,,1200,5832.0,2,F1,1,,,,,,2025-05-14
2025-05-14,2025-05-14,CM,BSE,STK,532416,INE747B01016,NEXTMEDIA,T,,,,,NEXT MEDIAWORKS LTD.,7.39,7.39,7.08,7.36,7.36,7.3,,7.36,,,3337,24178.0,8,F1,1,,,,,,2025-05-14
2025-05-14,2025-05-14,CM,BSE,STK,532419,INE178C01020,SMARTLINK,B,,,,,Smartlink Holdings Limited,153.0,157.5,150.45,156.85,157.5,155.95,,157.26,,,2850,440707.0,120,F1,1,,,,,,2025-05-14
2025-05-14,2025-05-14,CM,BSE,STK,532424,INE102D01028,GODREJCP,A,,,,,GODREJ CONSUMER PRODUCTS LTD.,1269.55,1287.25,1259.2,1281.35,1283.2,1265.6,,1282.0,,,6966,8871797.0,649,F1,1,,,,,,2025-05-14
2025-05-14,2025-05-14,CM,BSE,STK,532425,INE256D01014,GENUSPRIME,X,,,,,GENUS PRIME INFRA LIMITED,27.5,28.8,26.51,28.77,28.77,27.5,,28.77,,,246,6721.0,12,F1,1,,,,,,2025-05-14
2025-05-14,2025-05-14,CM,BSE,STK,532430,INE243D01012,BFUTILITIE,A,,,,,BF UTILITIES LTD.,738.75,756.3,732.45,750.4,750.95,734.2,,750.45,,,5563,4164077.0,746,F1,1,,,,,,2025-05-14
2025-05-14,2025-05-14,CM,BSE,STK,532432,INE854D01024,UNITDSPR,A,,,,,UNITED SPIRITS LTD.,1554.95,1561.55,1520.6,1533.3,1532.0,1554.25,,1534.4,,,48565,74966863.0,1983,F1,1,,,,,,2025-05-14
2025-05-14,2025-05-14,CM,BSE,STK,532435,INE799C01031,SANINFRA,X,,,,,SANMIT INFRA LIMITED,9.54,9.65,9.18,9.63,9.63,9.46,,9.63,,,43019,408570.0,270,F1,1,,,,,,2025-05-14
2025-05-14,2025-05-14,CM,BSE,STK,532439,INE260D01016,OLECTRA,A,,,,,OLECTRA GREENTECH LIMITED,1248.95,1268.0,1231.2,1241.15,1242.7,1240.7,,1241.0,,,25506,31754655.0,1603,F1,1,,,,,,2025-05-14
2025-05-14,2025-05-14,CM,BSE,STK,532440,INE943D01017,MPSLTD,B,,,,,MPS LTD.,2441.1,2516.7,2421.95,2500.55,2509.2,2432.65,,2500.1,,,3964,9792286.0,656,F1,1,,,,,,2025-05-14
2025-05-14,2025-05-14,CM,BSE,STK,532443,INE739E01017,CERA,A,,,,,CERA SANITARYWARE LTD.,6442.9,6557.3,6425.8,6493.45,6462.0,6491.7,,6491.0,,,30731,200061666.0,284,F1,1,,,,,,2025-05-14
2025-05-14,2025-05-14,CM,BSE,STK,532444,INE541C01037,TSPIRITUAL,X,,,,,T.SPIRITUAL WORLD LTD.,2.04,2.04,1.86,2.02,2.03,1.95,,2.02,,,5386,10869.0,39,F1,1,,,,,,2025-05-14
2025-05-14,2025-05-14,CM,BSE,STK,532454,INE397D01024,BHARTIARTL,A,,,,,BHARTI AIRTEL LTD.,1831.0,1870.0,1820.75,1834.4,1834.4,1820.95,,1834.2,,,1794337,3286941746.0,9422,F1,1,,,,,,2025-05-14
2025-05-14,2025-05-14,CM,BSE,STK,532455,INE655D01025,SHALIWIR,X,,,,,SHALIMAR WIRES INDUSTRIES LTD.,19.06,20.25,19.06,20.18,20.24,19.46,,20.18,,,1578,30885.0,42,F1,1,,,,,,2025-05-14
2025-05-14,2025-05-14,CM,BSE,STK,532457,INE255D01024,GULPOLY,B,,,,,GULSHAN POLYOLS LTD.,171.6,209.55,171.6,208.0,208.0,205.1,,208.39,,,24924,5100429.0,978,F1,1,,,,,,2025-05-14
2025-05-14,2025-05-14,CM,BSE,STK,532460,INE838E01017,PONNIERODE,B,,,,,PONNI SUGARS (ERODE) LTD.,322.0,336.25,322.0,330.8,332.05,319.0,,332.55,,,1722,566677.0,78,F1,1,,,,,,2025-05-14
2025-05-14,2025-05-14,CM,BSE,STK,532461,INE160A01022,PNB,A,,,,,PUNJAB NATIONAL BANK,98.55,98.55,97.15,97.9,97.9,97.65,,97.88,,,664682,65051631.0,3081,F1,1,,,,,,2025-05-14
2025-05-14,2025-05-14,CM,BSE,STK,532466,INE881D01027,OFSS,A,,,,,ORACLE FINANCIAL SERVICES SOFT,8579.55,8580.0,8421.0,8503.75,8530.0,8476.4,,8504.0,,,3805,32371151.0,1129,F1,1,,,,,,2025-05-14
2025-05-14,2025-05-14,CM,BSE,STK,532467,INE550F01049,HAZOOR,X,,,,,HAZOOR MULTI PROJECTS LTD.,39.6,41.9,39.01,41.5,41.5,39.37,,41.5,,,922391,37778970.0,950,F1,1,,,,,,2025-05-14
2025-05-14,2025-05-14,CM,BSE,STK,532468,INE411F01010,KAMAHOLD,A,,,,,KAMA HOLDINGS LIMITED,2687.95,2750.0,2625.15,2724.8,2739.85,2659.7,,2724.8,,,9968,26826578.0,628,F1,1,,,,,,2025-05-14
2025-05-14,2025-05-14,CM,BSE,STK,532475,INE266F01018,APTECHT,B,,,,,APTECH LTD.,167.0,172.6,167.0,170.1,170.1,166.2,,169.59,,,40327,6847412.0,1135,F1,1,,,,,,2025-05-14
2025-05-14,2025-05-14,CM,BSE,STK,532477,INE692A01016,UNIONBANK,A,,,,,UNION BANK OF INDIA,131.0,135.2,130.95,134.95,134.95,130.7,,134.93,,,864678,115677443.0,6723,F1,1,,,,,,2025-05-14
2025-05-14,2025-05-14,CM,BSE,STK,532478,INE686F01025,UBL,A,,,,,UNITED BREWERIES LTD.,2075.0,2085.0,2050.0,2073.25,2073.25,2041.4,,2074.4,,,10176,21077468.0,1042,F1,1,,,,,,2025-05-14
2025-05-14,2025-05-14,CM,BSE,STK,532481,INE781B01015,NOIDATOLL,T,,,,,NOIDA TOLL BRIDGE COMPANY LTD.,3.94,3.94,3.94,3.94,3.94,3.76,,3.96,,,1266,4988.0,7,F1,1,,,,,,2025-05-14
2025-05-14,2025-05-14,CM,BSE,STK,532482,INE101D01020,GRANULES,A,,,,,GRANULES INDIA LTD.,477.7,494.75,472.5,493.0,493.0,477.7,,492.8,,,72795,35609679.0,2508,F1,1,,,,,,2025-05-14
2025-05-14,2025-05-14,CM,BSE,STK,532483,INE476A01022,CANBK,A,,,,,CANARA BANK,106.2,106.52,104.56,105.82,105.82,104.77,,105.68,,,1363055,144110622.0,5989,F1,1,,,,,,2025-05-14
2025-05-14,2025-05-14,CM,BSE,STK,532485,INE525F01025,BLIL,B,,,,,BALMER LAWRIE INVESTMENTS LTD.,80.75,81.82,79.54,81.23,81.23,79.41,,81.23,,,198771,16135963.0,1859,F1,1,,,,,,2025-05-14
2025-05-14,2025-05-14,CM,BSE,STK,532486,INE637C01025,POKARNA,B,,,,,POKARNA LTD.,970.0,987.3,963.0,972.1,970.1,957.35,,972.65,,,2771,2701760.0,455,F1,1,,,,,,2025-05-14
2025-05-14,2025-05-14,CM,BSE,STK,532488,INE361B01024,DIVISLAB,A,,,,,DIVIS LABORATORIES LTD.,6107.45,6280.95,6061.0,6201.4,6200.0,6070.5,,6215.0,,,31251,193926168.0,4424,F1,1,,,,,,2025-05-14
2025-05-14,2025-05-14,CM,BSE,STK,532493,INE386C01029,ASTRAMICRO,A,,,,,ASTRA MICROWAVE PRODUCTS LTD.,902.65,925.0,896.85,917.75,917.75,897.5,,918.5,,,26978,24591104.0,1488,F1,1,,,,,,2025-05-14
2025-05-14,2025-05-14,CM,BSE,STK,532497,INE944F01028,RADICO,A,,,,,RADICO KHAITAN LTD.,2611.6,2615.35,2550.05,2571.25,2568.7,2589.95,,2572.6,,,8071,20849900.0,1369,F1,1,,,,,,2025-05-14
2025-05-14,2025-05-14,CM,BSE,STK,532500,INE585B01010,MARUTI,A,,,,,MARUTI SUZUKI INDIA LTD.,12529.4,12692.0,12422.3,12672.0,12672.0,12484.15,,12670.0,,,5404,68085978.0,1436,F1,1,,,,,,2025-05-14
2025-05-14,2025-05-14,CM,BSE,STK,532503,INE296E01026,RAJPALAYAM,X,,,,,RAJAPALAYAM MILLS LTD.,943.9,943.9,922.0,938.2,938.2,922.85,,938.2,,,1710,1596861.0,75,F1,1,,,,,,2025-05-14
2025-05-14,2025-05-14,CM,BSE,STK,532504,INE048G01026,NAVINFLUOR,A,,,,,NAVIN FLUORINE INTERNATIONAL L,4383.2,4383.2,4249.8,4276.05,4276.05,4335.9,,4277.7,,,9704,41536298.0,1932,F1,1,,,,,,2025-05-14
2025-05-14,2025-05-14,CM,BSE,STK,532505,INE691A01018,UCOBANK,A,,,,,UCO BANK,31.54,31.54,31.08,31.3,31.3,31.12,,31.31,,,571779,17892762.0,2460,F1,1,,,,,,2025-05-14
2025-05-14,2025-05-14,CM,BSE,STK,532507,INE116D01028,BAGFILMS,T,,,,,B.A.G.FILMS & MEDIA LTD.,6.2,6.49,6.05,6.26,6.25,6.2,,6.32,,,13008,81376.0,63,F1,1,,,,,,2025-05-14
2025-05-14,2025-05-14,CM,BSE,STK,532508,INE220G01021,JSL,A,,,,,JINDAL STAINLESS LTD.,629.95,658.85,628.9,655.0,655.0,625.5,,653.5,,,97231,62738200.0,4797,F1,1,,,,,,2025-05-14
2025-05-14,2025-05-14,CM,BSE,STK,532509,INE399C01030,SUPRAJIT,A,,,,,SUPRAJIT ENGINEERING LTD.,400.0,423.0,400.0,421.2,421.2,405.9,,419.7,,,2927,1212409.0,229,F1,1,,,,,,2025-05-14
2025-05-14,2025-05-14,CM,BSE,STK,532513,INE236G01019,TVSELECT,B,,,,,TVS ELECTRONICS LTD.,413.0,432.15,411.95,414.4,418.0,411.45,,414.9,,,21728,9167264.0,1718,F1,1,,,,,,2025-05-14
2025-05-14,2025-05-14,CM,BSE,STK,532514,INE203G01027,IGL,A,,,,,INDRAPRASTHA GAS LTD.,204.2,206.95,202.9,205.85,205.85,203.2,,205.73,,,56501,11620932.0,869,F1,1,,,,,,2025-05-14
2025-05-14,2025-05-14,CM,BSE,STK,532515,INE038F01029,TVTODAY,B,,,,,TV TODAY NETWORK LTD.,174.95,176.9,171.9,175.4,175.1,172.15,,175.61,,,6374,1112988.0,237,F1,1,,,,,,2025-05-14
2025-05-14,2025-05-14,CM,BSE,STK,532521,INE218G01033,PALREDTEC,T,,,,,PALRED TECHNOLOGIES LIMITED,46.0,46.68,46.0,46.68,46.68,45.77,,46.68,,,4510,210254.0,3,F1,1,,,,,,2025-05-14
2025-05-14,2025-05-14,CM,BSE,STK,532522,INE347G01014,PETRONET,A,,,,,PETRONET LNG LTD.,312.4,318.55,309.0,316.0,316.0,312.4,,316.1,,,41016,12870293.0,1160,F1,1,,,,,,2025-05-14
2025-05-14,2025-05-14,CM,BSE,STK,532523,INE376G01013,BIOCON,A,,,,,BIOCON LTD.,333.0,339.9,329.85,337.95,337.95,329.65,,338.2,,,95856,32310816.0,1556,F1,1,,,,,,2025-05-14
2025-05-14,2025-05-14,CM,BSE,STK,532524,INE877F01012,PTC,A,,,,,PTC INDIA LTD.,184.35,186.4,183.55,185.2,185.2,183.2,,185.33,,,164330,30444549.0,1924,F1,1,,,,,,2025-05-14
2025-05-14,2025-05-14,CM,BSE,STK,532525,INE457A01014,MAHABANK,A,,,,,BANK OF MAHARASHTRA,50.55,51.0,50.33,50.53,50.6,50.52,,50.51,,,430493,21763109.0,1189,F1,1,,,,,,2025-05-14
2025-05-14,2025-05-14,CM,BSE,STK,532527,INE399G01023,RKFORGE,A,,,,,RAMKRISHNA FORGINGS LTD.,580.6,585.9,577.3,583.5,585.9,577.9,,583.0,,,48686,28304813.0,1766,F1,1,,,,,,2025-05-14
2025-05-14,2025-05-14,CM,BSE,STK,532528,INE365B01017,DATAMATICS,B,,,,,DATAMATICS GLOBAL SERVICES LTD,630.6,662.85,630.6,656.25,656.25,635.5,,654.35,,,27910,18256604.0,1875,F1,1,,,,,,2025-05-14
2025-05-14,2025-05-14,CM,BSE,STK,532529,INE155G01029,NDTV,B,,,,,NEW DELHI TELEVISION LTD.,122.55,125.65,122.1,124.85,124.05,122.0,,124.79,,,22471,2777057.0,393,F1,1,,,,,,2025-05-14
2025-05-14,2025-05-14,CM,BSE,STK,532531,INE939A01011,STAR,A,,,,,STRIDES PHARMA SCIENCE LIMITED,669.0,670.1,659.0,663.35,662.45,665.75,,662.15,,,4992,3315490.0,273,F1,1,,,,,,2025-05-14
2025-05-14,2025-05-14,CM,BSE,STK,532538,INE481G01011,ULTRACEMCO,A,,,,,ULTRATECH CEMENT LTD.,11744.9,11744.9,11620.2,11674.35,11697.95,11663.65,,11672.0,,,3328,38888434.0,916,F1,1,,,,,,2025-05-14
2025-05-14,2025-05-14,CM,BSE,STK,532539,INE405E01023,UNOMINDA,A,,,,,UNO Minda Limited,972.75,1000.25,957.0,984.55,981.35,953.95,,984.55,,,13851,13696518.0,1218,F1,1,,,,,,2025-05-14
2025-05-14,2025-05-14,CM,BSE,STK,532540,INE467B01029,TCS,A,,,,,TATA CONSULTANCY SERVICES LTD.,3515.95,3561.0,3507.25,3549.05,3549.05,3515.95,,3548.7,,,58427,206886906.0,5853,F1,1,,,,,,2025-05-14
2025-05-14,2025-05-14,CM,BSE,STK,532541,INE591G01017,COFORGE,A,,,,,COFORGE LIMITED,8284.05,8492.35,8233.55,8464.15,8464.15,8264.7,,8463.5,,,23082,194494967.0,5857,F1,1,,,,,,2025-05-14
2025-05-14,2025-05-14,CM,BSE,STK,532543,INE586G01017,GULFPETRO,B,,,,,GP PETROLEUMS LTD,41.5,42.1,40.22,41.64,41.94,40.22,,41.63,,,25566,1055221.0,466,F1,1,,,,,,2025-05-14
2025-05-14,2025-05-14,CM,BSE,STK,532548,INE348B01021,CENTURYPLY,A,,,,,CENTURY PLYBOARDS (I) LTD.,719.95,737.0,715.9,731.35,736.7,715.7,,732.85,,,4015,2913380.0,544,F1,1,,,,,,2025-05-14
2025-05-14,2025-05-14,CM,BSE,STK,532553,INE625G01013,WELENT,A,,,,,WELSPUN ENTERPRISES LIMTED,495.9,500.65,489.0,491.8,492.25,494.0,,492.65,,,3896,1934722.0,222,F1,1,,,,,,2025-05-14
2025-05-14,2025-05-14,CM,BSE,STK,532555,INE733E01010,NTPC,A,,,,,NTPC LTD.,344.95,344.95,337.7,338.85,338.85,341.75,,338.55,,,309054,105293118.0,9055,F1,1,,,,,,2025-05-14
2025-05-14,2025-05-14,CM,BSE,STK,532604,INE658G01014,SALSTEEL,B,,,,,S.A.L.STEEL LTD.,17.34,18.01,17.34,17.83,17.85,17.27,,17.85,,,35641,629733.0,258,F1,1,,,,,,2025-05-14
2025-05-14,2025-05-14,CM,BSE,STK,532605,INE927D01051,JBMA,A,,,,,JBM AUTO LTD.,688.85,693.0,678.55,683.85,684.5,688.3,,683.9,,,33554,23008284.0,1233,F1,1,,,,,,2025-05-14
2025-05-14,2025-05-14,CM,BSE,STK,532610,INE366A01041,DWARKESH,B,,,,,DWARIKESH SUGAR INDUSTRIES LTD,42.85,45.83,42.4,45.53,45.53,42.12,,45.49,,,289841,12977687.0,3120,F1,1,,,,,,2025-05-14
2025-05-14,2025-05-14,CM,BSE,STK,532612,INE873D01024,INDOCO,B,,,,,INDOCO REMEDIES LTD.,251.35,255.0,250.85,252.65,252.75,252.05,,251.88,,,1377,347684.0,138,F1,1,,,,,,2025-05-14
2025-05-14,2025-05-14,CM,BSE,STK,532613,INE450G01024,VIPCLOTHNG,T,,,,,VIP Clothing Limited,40.29,40.89,38.6,39.66,39.73,39.49,,39.49,,,4632,181251.0,49,F1,1,,,,,,2025-05-14
2025-05-14,2025-05-14,CM,BSE,STK,532614,INE691G01015,IMPEXFERRO,Z,,,,,IMPEX FERRO TECH LTD.,2.12,2.12,1.98,2.0,2.0,2.02,,2.05,,,11893,24389.0,30,F1,1,,,,,,2025-05-14
2025-05-14,2025-05-14,CM,BSE,STK,532616,INE692G01013,XCHANGING,B,,,,,XCHANGING SOLUTIONS LTD.,89.5,93.0,89.1,92.06,92.39,89.23,,92.01,,,22705,2080435.0,391,F1,1,,,,,,2025-05-14
2025-05-14,2025-05-14,CM,BSE,STK,532624,INE796G01012,JINDALPHOT,B,,,,,JINDAL PHOTO LTD.,926.05,971.95,926.05,952.9,950.0,921.35,,954.45,,,1908,1814005.0,226,F1,1,,,,,,2025-05-14
2025-05-14,2025-05-14,CM,BSE,STK,532626,INE063E01053,POCL,B,,,,,PONDY OXIDES & CHEMICALS LTD.,815.95,815.95,787.3,801.1,801.1,806.25,,801.35,,,24131,19304053.0,1464,F1,1,,,,,,2025-05-14
2025-05-14,2025-05-14,CM,BSE,STK,532627,INE351F01018,JPPOWER,A,,,,,JAIPRAKASH POWER VENTURES LIMI,14.56,14.68,14.42,14.59,14.59,14.45,,14.57,,,3341230,48646362.0,4655,F1,1,,,,,,2025-05-14
2025-05-14,2025-05-14,CM,BSE,STK,532628,INE748C01038,3IINFOLTD,B,,,,,3I INFOTECH LTD.,24.84,24.84,24.2,24.55,24.63,24.24,,24.58,,,61049,1494539.0,517,F1,1,,,,,,2025-05-14
2025-05-14,2025-05-14,CM,BSE,STK,532630,INE887G01027,GOKEX,A,,,,,GOKALDAS EXPORTS LTD.,1009.0,1009.0,978.3,983.35,988.8,1005.7,,983.3,,,14096,14014722.0,1182,F1,1,,,,,,2025-05-14
2025-05-14,2025-05-14,CM,BSE,STK,532633,INE835G01018,ALLDIGI,B,,,,,Alldigi Tech Limited,1022.85,1022.85,960.0,964.35,964.35,964.45,,962.55,,,1958,1929473.0,424,F1,1,,,,,,2025-05-14
2025-05-14,2025-05-14,CM,BSE,STK,532636,INE530B01024,IIFL,A,,,,,IIFL FINANCE LIMITED,408.2,417.75,406.0,412.9,412.9,405.75,,413.05,,,225393,93168352.0,4776,F1,1,,,,,,2025-05-14
2025-05-14,2025-05-14,CM,BSE,STK,532637,INE584F01014,MANGALAM,B,,,,,MANGALAM DRUGS & ORGANICS LTD.,79.2,81.0,78.69,80.36,79.13,79.2,,80.19,,,13034,1041795.0,212,F1,1,,,,,,2025-05-14
2025-05-14,2025-05-14,CM,BSE,STK,532638,INE498B01024,SHOPERSTOP,A,,,,,SHOPPERS STOP LTD.,511.0,521.05,508.7,518.4,519.95,514.9,,518.05,,,2041,1055217.0,288,F1,1,,,,,,2025-05-14
2025-05-14,2025-05-14,CM,BSE,STK,532640,INE278G01037,CYBERMEDIA,T,,,,,CYBER MEDIA (INDIA) LTD.,14.69,14.69,13.52,14.08,14.25,14.01,,14.15,,,1250,17988.0,16,F1,1,,,,,,2025-05-14
2025-05-14,2025-05-14,CM,BSE,STK,532641,INE875G01048,NDL,B,,,,,NANDAN DENIM LIMITED,3.78,3.93,3.77,3.85,3.85,3.77,,3.85,,,1120637,4323571.0,1012,F1,1,,,,,,2025-05-14
2025-05-14,2025-05-14,CM,BSE,STK,532642,INE824G01012,JSWHL,T,,,,,JSW HOLDINGS LIMITED,24000.0,24799.0,23705.0,24138.35,24100.0,23635.5,,24355.0,,,293,7102154.0,92,F1,1,,,,,,2025-05-14
2025-05-14,2025-05-14,CM,BSE,STK,532644,INE823G01014,JKCEMENT,A,,,,,J.K.CEMENT LTD.,5238.0,5340.0,5215.6,5304.65,5281.5,5202.3,,5308.5,,,1405,7425747.0,450,F1,1,,,,,,2025-05-14
2025-05-14,2025-05-14,CM,BSE,STK,532645,INE052B01011,BEEYU,X,,,,,BEEYU OVERSEAS LTD.,3.31,3.32,3.31,3.32,3.32,3.3,,3.32,,,5702,18885.0,22,F1,1,,,,,,2025-05-14
2025-05-14,2025-05-14,CM,BSE,STK,532648,INE528G01035,YESBANK,A,,,,,YES BANK LTD.,21.32,21.32,20.69,20.96,20.96,20.87,,20.96,,,24828159,519328537.0,30525,F1,1,,,,,,2025-05-14
2025-05-14,2025-05-14,CM,BSE,STK,532649,INE023H01027,NECLIFE,B,,,,,NECTAR LIFESCIENCES LTD.,22.97,24.15,22.25,23.92,23.92,22.59,,23.92,,,80783,1878742.0,386,F1,1,,,,,,2025-05-14
2025-05-14,2025-05-14,CM,BSE,STK,532650,INE752G01015,MSPL,B,,,,,MSP STEEL & POWER LTD.,27.01,28.0,26.76,27.24,27.4,26.75,,27.24,,,58666,1598755.0,354,F1,1,,,,,,2025-05-14
2025-05-14,2025-05-14,CM,BSE,STK,532651,INE978G01016,SPLIL,T,,,,,SPL INDUSTRIES LTD.,40.0,40.0,37.5,38.26,39.0,38.79,,38.49,,,814,30989.0,16,F1,1,,,,,,2025-05-14
2025-05-14,2025-05-14,CM,BSE,STK,532652,INE614B01018,KTKBANK,A,,,,,KARNATAKA BANK LTD.,198.85,208.25,198.85,207.5,207.5,202.85,,207.67,,,95435,19698478.0,1610,F1,1,,,,,,2025-05-14
2025-05-14,2025-05-14,CM,BSE,STK,532654,INE942G01012,MCLEODRUSS,B,,,,,MCLEOD RUSSEL INDIA LTD.,33.8,35.24,33.25,33.35,33.35,33.66,,33.33,,,100871,3417698.0,1006,F1,1,,,,,,2025-05-14
2025-05-14,2025-05-14,CM,BSE,STK,532656,INE828G01013,FACORALL,XT,,,,,FACOR ALLOYS LTD.,3.64,3.8,3.6,3.77,3.79,3.71,,3.77,,,72954,274059.0,198,F1,1,,,,,,2025-05-14
2025-05-14,2025-05-14,CM,BSE,STK,532661,INE050H01012,RML,B,,,,,RANE (MADRAS) LTD.,777.3,790.8,775.0,780.7,780.7,777.05,,778.75,,,209,163968.0,20,F1,1,,,,,,2025-05-14
2025-05-14,2025-05-14,CM,BSE,STK,532662,INE501G01024,HTMEDIA,B,,,,,HT MEDIA LTD.,15.99,16.7,15.88,16.59,16.59,15.85,,16.6,,,23558,386039.0,200,F1,1,,,,,,2025-05-14
2025-05-14,2025-05-14,CM,BSE,STK,532663,INE231F01020,SASKEN,B,,,,,Sasken Technologies Limited,1486.95,1541.6,1486.95,1516.7,1522.6,1473.75,,1520.1,,,729,1104676.0,203,F1,1,,,,,,2025-05-14
2025-05-14,2025-05-14,CM,BSE,STK,532666,INE512B01022,FCSSOFT,B,,,,,FCS SOFTWARE SOLUTIONS LTD.,2.62,2.69,2.62,2.67,2.67,2.6,,2.67,,,905874,2404277.0,723,F1,1,,,,,,2025-05-14
2025-05-14,2025-05-14,CM,BSE,STK,532667,INE040H01021,SUZLON,A,,,,,SUZLON ENERGY LTD.,57.84,60.35,57.43,59.92,59.92,57.62,,59.92,,,16129044,958365505.0,36572,F1,1,,,,,,2025-05-14
2025-05-14,2025-05-14,CM,BSE,STK,532668,INE132H01018,AURIONPRO,A,,,,,AURIONPRO SOLUTIONS LTD.,1404.05,1429.8,1358.55,1377.3,1372.0,1390.7,,1379.5,,,30066,41861221.0,3479,F1,1,,,,,,2025-05-14
2025-05-14,2025-05-14,CM,BSE,STK,532670,INE087H01022,RENUKA,A,,,,,SHREE RENUKA SUGARS LTD.,29.93,30.75,29.85,30.62,30.62,29.5,,30.57,,,505172,15348103.0,2049,F1,1,,,,,,2025-05-14
2025-05-14,2025-05-14,CM,BSE,STK,532673,INE157H01023,KMSUGAR,B,,,,,K.M.SUGAR MILLS LTD.,26.51,28.57,26.51,28.45,28.45,27.33,,28.36,,,32305,908184.0,559,F1,1,,,,,,2025-05-14
2025-05-14,2025-05-14,CM,BSE,STK,532674,INE186H01022,BASML,B,,,,,BANNARI AMMAN SPINNING MILLS L,29.45,31.58,29.45,31.37,31.37,30.81,,31.41,,,55264,1713822.0,462,F1,1,,,,,,2025-05-14
2025-05-14,2025-05-14,CM,BSE,STK,532676,INE160H01019,PBAINFRA,X,,,,,PBA INFRASTRUCTURE LTD.,12.52,14.0,11.16,13.17,13.25,12.52,,13.17,,,37938,506544.0,188,F1,1,,,,,,2025-05-14
2025-05-14,2025-05-14,CM,BSE,STK,532683,INE212H01026,AIAENG,A,,,,,AIA ENGINEERING LTD.,3298.95,3309.85,3236.0,3262.15,3256.2,3231.1,,3263.8,,,2895,9475049.0,503,F1,1,,,,,,2025-05-14
2025-05-14,2025-05-14,CM,BSE,STK,532684,INE184H01027,EKC,B,,,,,EVEREST KANTO CYLINDER LTD.,126.0,128.2,125.2,127.2,127.65,125.7,,127.16,,,13347,1692882.0,503,F1,1,,,,,,2025-05-14
2025-05-14,2025-05-14,CM,BSE,STK,532686,INE202H01019,KERNEX,B,,,,,KERNEX MICROSYSTEMS (INDIA) LT,794.9,823.75,794.9,801.15,800.8,790.95,,800.1,,,8530,6869089.0,637,F1,1,,,,,,2025-05-14
2025-05-14,2025-05-14,CM,BSE,STK,532687,INE461B01014,REPRO,B,,,,,REPRO INDIA LTD.,519.2,535.0,519.2,526.5,526.5,510.15,,523.7,,,607,321013.0,38,F1,1,,,,,,2025-05-14
2025-05-14,2025-05-14,CM,BSE,STK,532689,INE191H01014,PVRINOX,A,,,,,PVR INOX LIMITED,947.5,971.8,936.65,966.1,966.3,946.55,,965.65,,,9989,9493552.0,721,F1,1,,,,,,2025-05-14
2025-05-14,2025-05-14,CM,BSE,STK,532694,INE855F01042,ASMS,B,,,,,BARTRONICS INDIA LTD.,16.3,17.61,16.3,17.24,17.24,16.23,,17.25,,,57837,980765.0,829,F1,1,,,,,,2025-05-14
2025-05-14,2025-05-14,CM,BSE,STK,532695,INE185H01016,CELEBRITY,B,,,,,CELEBRITY FASHIONS LTD.,12.34,12.71,12.28,12.64,12.66,12.44,,12.5,,,7885,98541.0,79,F1,1,,,,,,2025-05-14
2025-05-14,2025-05-14,CM,BSE,STK,532698,INE229H01012,NITINSPIN,B,,,,,NITIN SPINNERS LTD.,392.1,424.4,391.1,409.45,409.45,388.0,,409.0,,,23855,9796462.0,1335,F1,1,,,,,,2025-05-14
2025-05-14,2025-05-14,CM,BSE,STK,532699,INE283H01019,ROHLTD,B,,,,,ROYAL ORCHID HOTELS LTD.,366.95,369.95,362.75,367.0,362.75,363.95,,367.6,,,1156,423777.0,66,F1,1,,,,,,2025-05-14
2025-05-14,2025-05-14,CM,BSE,STK,532700,INE265F01028,ENIL,B,,,,,ENTERTAINMENT NETWORK (INDIA),136.6,144.9,136.6,139.7,143.0,139.35,,141.0,,,834,116122.0,26,F1,1,,,,,,2025-05-14
2025-05-14,2025-05-14,CM,BSE,STK,532701,INE266H01014,CELLA,Z,,,,,CELLA SPACE LIMITED,11.1,11.21,10.61,11.21,11.21,11.14,,11.21,,,9960,111432.0,26,F1,1,,,,,,2025-05-14
2025-05-14,2025-05-14,CM,BSE,STK,532702,INE246F01010,GSPL,A,,,,,GUJARAT STATE PETRONET LTD.,348.6,348.65,339.8,346.6,345.75,348.0,,346.7,,,31470,10845919.0,1093,F1,1,,,,,,2025-05-14
2025-05-14,2025-05-14,CM,BSE,STK,532705,INE199G01027,JAGRAN,B,,,,,JAGRAN PRAKASHAN LTD.,71.99,73.85,71.2,72.95,73.12,71.05,,73.22,,,27048,1958069.0,664,F1,1,,,,,,2025-05-14
2025-05-14,2025-05-14,CM,BSE,STK,532707,INE256H01015,DYNPRO,B,,,,,DYNEMIC PRODUCTS LTD.,284.45,288.55,280.2,284.3,287.25,281.35,,284.05,,,343,97684.0,58,F1,1,,,,,,2025-05-14
2025-05-14,2025-05-14,CM,BSE,STK,532708,INE251H01024,GVKPIL,T,,,,,GVK POWER & INFRASTRUCTURE LTD,3.55,3.55,3.55,3.55,3.55,3.49,,3.53,,,123162,437225.0,128,F1,1,,,,,,2025-05-14
2025-05-14,2025-05-14,CM,BSE,STK,532710,INE226H01026,SADBHAV,T,,,,,SADBHAV ENGINEERING LTD.,12.52,12.99,12.52,12.99,12.99,12.74,,12.99,,,52247,661395.0,50,F1,1,,,,,,2025-05-14
2025-05-14,2025-05-14,CM,BSE,STK,532712,INE330H01018,RCOM,T,,,,,RELIANCE COMMUNICATIONS LTD.,1.53,1.55,1.51,1.55,1.55,1.48,,1.55,,,1024961,1584097.0,366,F1,1,,,,,,2025-05-14
2025-05-14,2025-05-14,CM,BSE,STK,532713,INE190H01024,SAKUMA,T,,,,,SAKUMA EXPORTS LTD.,3.17,3.17,3.17,3.17,3.17,3.23,,3.17,,,93773,297260.0,140,F1,1,,,,,,2025-05-14
2025-05-14,2025-05-14,CM,BSE,STK,532714,INE389H01022,KEC,A,,,,,KEC INTERNATIONAL LTD.,736.05,754.2,733.5,736.95,739.95,732.9,,737.35,,,32617,24183605.0,1608,F1,1,,,,,,2025-05-14
2025-05-14,2025-05-14,CM,BSE,STK,532716,INE047B01011,GILLANDERS,B,,,,,GILLANDERS ARBUTHNOT & CO.LTD.,113.8,113.85,110.05,110.1,110.1,111.45,,110.49,,,4118,460541.0,100,F1,1,,,,,,2025-05-14
2025-05-14,2025-05-14,CM,BSE,STK,532717,INE332H01014,INDOTECH,B,,,,,INDO TECH TRANSFORMERS LTD.,2493.45,2549.5,2406.2,2482.5,2492.0,2438.25,,2480.1,,,4136,10275978.0,763,F1,1,,,,,,2025-05-14
2025-05-14,2025-05-14,CM,BSE,STK,532719,INE350H01032,BLKASHYAP,B,,,,,B.L.KASHYAP AND SONS LTD.,65.9,66.9,64.4,64.75,64.98,65.81,,64.67,,,34179,2250543.0,547,F1,1,,,,,,2025-05-14
2025-05-14,2025-05-14,CM,BSE,STK,532720,INE774D01024,M&MFIN,A,,,,,MAHINDRA & MAHINDRA FINANCIAL,252.55,260.1,250.1,259.5,259.5,256.4,,259.65,,,204485,52425642.0,3065,F1,1,,,,,,2025-05-14
2025-05-14,2025-05-14,CM,BSE,STK,532721,INE286H01012,VISASTEEL,T,,,,,VISA STEEL LTD.,31.05,33.1,31.05,33.1,33.1,32.6,,33.24,,,7001,218633.0,6,F1,1,,,,,,2025-05-14
2025-05-14,2025-05-14,CM,BSE,STK,532722,INE858F01012,NITCO,B,,,,,NITCO LTD.,122.15,129.55,122.0,129.55,129.55,123.4,,129.37,,,187472,24210463.0,329,F1,1,,,,,,2025-05-14
2025-05-14,2025-05-14,CM,BSE,STK,532723,INE493H01014,MPDL,X,,,,,MPDL LIMITED,39.95,41.94,39.95,41.51,41.94,39.95,,41.51,,,1595,66018.0,10,F1,1,,,,,,2025-05-14
2025-05-14,2025-05-14,CM,BSE,STK,532725,INE343H01029,SOLARINDS,A,,,,,SOLAR INDUSTRIES INDIA LTD.,13699.0,13839.15,13591.0,13729.0,13729.0,13588.85,,13724.0,,,3514,48330286.0,972,F1,1,,,,,,2025-05-14
2025-05-14,2025-05-14,CM,BSE,STK,532726,INE297H01019,GALLANTT,B,,,,,GALLANTT ISPAT LIMITED,450.0,478.45,450.0,470.7,470.6,465.65,,471.3,,,5383,2538496.0,597,F1,1,,,,,,2025-05-14
2025-05-14,2025-05-14,CM,BSE,STK,532728,INE383H01017,MALUPAPER,B,,,,,MALU PAPER MILLS LTD.,39.83,42.93,39.83,41.48,42.3,39.83,,41.69,,,13520,561627.0,209,F1,1,,,,,,2025-05-14
2025-05-14,2025-05-14,CM,BSE,STK,532729,INE786F01031,UTTAMSUGAR,B,,,,,UTTAM SUGAR MILLS LTD.,288.0,308.55,288.0,303.0,302.15,293.05,,303.2,,,6955,2124158.0,229,F1,1,,,,,,2025-05-14
2025-05-14,2025-05-14,CM,BSE,STK,532730,INE353H01010,SGL,B,,,,,STL GLOBAL LTD.,13.65,15.64,13.65,15.38,15.02,13.65,,15.19,,,117362,1749654.0,1661,F1,1,,,,,,2025-05-14
2025-05-14,2025-05-14,CM,BSE,STK,532732,INE401H01017,KKCL,B,,,,,KEWAL KIRAN CLOTHING LTD.,459.0,468.0,454.0,458.25,460.2,457.45,,458.5,,,2439,1125861.0,237,F1,1,,,,,,2025-05-14
2025-05-14,2025-05-14,CM,BSE,STK,532733,INE424H01027,SUNTV,A,,,,,SUN TV NETWORK LTD.,624.55,626.55,619.05,623.25,624.95,620.15,,623.2,,,2591,1614023.0,272,F1,1,,,,,,2025-05-14
2025-05-14,2025-05-14,CM,BSE,STK,532734,INE177H01039,GPIL,B,,,,,GODAWARI POWER & ISPAT LTD.,199.3,206.05,197.0,205.4,205.4,198.65,,205.47,,,170560,34655634.0,2154,F1,1,,,,,,2025-05-14
2025-05-14,2025-05-14,CM,BSE,STK,532735,INE411H01032,RSYSTEMS,B,,,,,R SYSTEMS INTERNATIONAL LTD.,362.45,365.8,353.1,363.8,365.55,366.5,,363.55,,,26439,9482450.0,1452,F1,1,,,,,,2025-05-14
2025-05-14,2025-05-14,CM,BSE,STK,532737,INE296H01011,EMKAY,T,,,,,EMKAY GLOBAL FINANCIAL SERVICE,189.1,198.45,189.1,198.45,198.45,189.0,,199.35,,,502,97877.0,13,F1,1,,,,,,2025-05-14
2025-05-14,2025-05-14,CM,BSE,STK,532738,INE388G01026,TICL,T,,,,,TwamevConstruction and Infrast,36.7,37.5,35.42,37.28,37.28,37.24,,36.23,,,5142,190436.0,30,F1,1,,,,,,2025-05-14
2025-05-14,2025-05-14,CM,BSE,STK,532740,INE397H01017,LOKESHMACH,T,,,,,LOKESH MACHINES LTD.,176.0,179.6,176.0,179.6,179.6,171.05,,179.31,,,3654,652724.0,111,F1,1,,,,,,2025-05-14
2025-05-14,2025-05-14,CM,BSE,STK,532741,INE390H01020,KAMDHENU,B,,,,,Kamdhenu Limited,26.99,28.2,26.45,27.95,28.2,26.99,,27.94,,,250248,6920862.0,982,F1,1,,,,,,2025-05-14
2025-05-14,2025-05-14,CM,BSE,STK,532742,INE111F01016,PAUSHAKLTD,B,,,,,PAUSHAK LTD.,4358.45,4437.95,4343.0,4366.7,4366.7,4378.45,,4366.7,,,745,3260124.0,169,F1,1,,,,,,2025-05-14
2025-05-14,2025-05-14,CM,BSE,STK,532744,INE302H01017,GTNTEX,X,,,,,GTN TEXTILES LTD.,8.94,8.94,8.45,8.8,8.8,8.95,,8.8,,,3043,26652.0,26,F1,1,,,,,,2025-05-14
2025-05-14,2025-05-14,CM,BSE,STK,532745,INE347H01012,INDICAP,XT,,,,,INDITRADE CAPITAL LIMITED,6.0,6.06,6.0,6.0,6.0,6.0,,6.0,,,9616,58058.0,30,F1,1,,,,,,2025-05-14
2025-05-14,2025-05-14,CM,BSE,STK,532748,INE367G01038,PFOCUS,B,,,,,PRIME FOCUS LTD.,99.1,99.65,97.45,97.8,98.15,99.9,,97.94,,,2161,212448.0,100,F1,1,,,,,,2025-05-14
2025-05-14,2025-05-14,CM,BSE,STK,532749,INE418H01029,ALLCARGO,A,,,,,ALLCARGO LOGISTICS LTD.,29.99,31.16,29.99,31.02,31.02,29.99,,31.02,,,613602,18908442.0,3119,F1,1,,,,,,2025-05-14
2025-05-14,2025-05-14,CM,BSE,STK,532754,INE776C01039,GMRAIRPORT,A,,,,,GMR Airports Limited,87.63,88.3,87.2,87.61,87.61,87.2,,87.61,,,320840,28175374.0,2492,F1,1,,,,,,2025-05-14
2025-05-14,2025-05-14,CM,BSE,STK,532755,INE669C01036,TECHM,A,,,,,TECH MAHINDRA LTD.,1580.2,1609.0,1580.2,1604.25,1604.25,1572.5,,1603.2,,,35903,57355338.0,3126,F1,1,,,,,,2025-05-14
2025-05-14,2025-05-14,CM,BSE,STK,532756,INE536H01010,CIEINDIA,A,,,,,CIE Automotive India Limited,432.05,438.0,429.65,436.65,438.0,431.4,,436.75,,,13652,5933122.0,599,F1,1,,,,,,2025-05-14
2025-05-14,2025-05-14,CM,BSE,STK,532757,INE540H01012,VOLTAMP,A,,,,,VOLTAMP TRANSFORMERS LTD.,8393.5,8523.75,8284.9,8385.55,8385.55,8399.45,,8382.0,,,3923,32933212.0,1142,F1,1,,,,,,2025-05-14
2025-05-14,2025-05-14,CM,BSE,STK,532759,INE285H01022,ATLANTAA,B,,,,,ATLANTAA LIMITED,38.74,38.74,38.73,38.74,38.74,36.9,,38.69,,,10122,392121.0,29,F1,1,,,,,,2025-05-14
2025-05-14,2025-05-14,CM,BSE,STK,532761,INE596H01014,HOVS,B,,,,,HOV SERVICES LTD.,50.88,51.94,49.16,49.62,50.31,50.71,,49.75,,,3957,201485.0,54,F1,1,,,,,,2025-05-14
2025-05-14,2025-05-14,CM,BSE,STK,532762,INE731H01025,ACE,A,,,,,ACTION CONSTRUCTION EQUIPMENT,1227.75,1237.9,1212.3,1216.05,1216.05,1227.05,,1215.8,,,16791,20507324.0,1989,F1,1,,,,,,2025-05-14
2025-05-14,2025-05-14,CM,BSE,STK,532764,INE916G01016,GEECEE,B,,,,,GEECEE VENTURES LIMITED,378.9,399.0,378.9,397.3,399.0,379.15,,397.6,,,1758,688548.0,196,F1,1,,,,,,2025-05-14
2025-05-14,2025-05-14,CM,BSE,STK,532766,INE516H01012,RICHAIND,Z,,,,,RICHA INDUSTRIES LTD.,1.6,1.6,1.58,1.59,1.59,1.59,,1.59,,,3834,6088.0,12,F1,1,,,,,,2025-05-14
2025-05-14,2025-05-14,CM,BSE,STK,532768,INE737H01014,FIEMIND,B,,,,,FIEM INDUSTRIES LTD.,1624.95,1634.25,1593.0,1625.5,1628.75,1593.95,,1628.4,,,7115,11459652.0,967,F1,1,,,,,,2025-05-14
2025-05-14,2025-05-14,CM,BSE,STK,532771,INE544H01014,JHS,T,,,,,JHS SVENDGAARD LABORATORIES LT,14.72,16.13,14.72,15.8,15.8,15.37,,15.85,,,5393,85876.0,37,F1,1,,,,,,2025-05-14
2025-05-14,2025-05-14,CM,BSE,STK,532772,INE503A01015,DCBBANK,A,,,,,DCB BANK LIMITED,142.85,144.3,139.8,140.95,140.15,142.6,,140.68,,,111142,15788934.0,1553,F1,1,,,,,,2025-05-14
2025-05-14,2025-05-14,CM,BSE,STK,532773,INE792H01019,GLOBALVECT,B,,,,,GLOBAL VECTRA HELICORP LTD.,211.95,228.65,211.95,223.25,227.7,225.65,,224.89,,,2831,636231.0,237,F1,1,,,,,,2025-05-14
2025-05-14,2025-05-14,CM,BSE,STK,532774,INE020G01017,INSPIRISYS,B,,,,,Inspirisys Solutions Limited,113.99,120.25,112.31,113.89,113.89,110.88,,114.38,,,49855,5818110.0,1401,F1,1,,,,,,2025-05-14
2025-05-14,2025-05-14,CM,BSE,STK,532775,INE221H01019,GTLINFRA,A,,,,,GTL INFRASTRUCTURE LTD.,1.45,1.48,1.45,1.48,1.48,1.44,,1.47,,,7218696,10613244.0,10912,F1,1,,,,,,2025-05-14
2025-05-14,2025-05-14,CM,BSE,STK,532776,INE637H01024,SHIVAMAUTO,B,,,,,SHIVAM AUTOTECH LTD.,29.74,29.74,28.41,28.64,29.14,28.84,,28.7,,,5328,154887.0,139,F1,1,,,,,,2025-05-14
2025-05-14,2025-05-14,CM,BSE,STK,532777,INE663F01032,NAUKRI,A,,,,,INFO EDGE (INDIA) LTD.,1476.45,1476.45,1427.05,1452.05,1460.0,1465.65,,1454.0,,,35218,51095199.0,1788,F1,1,,,,,,2025-05-14
2025-05-14,2025-05-14,CM,BSE,STK,532779,INE813H01021,TORNTPOWER,A,,,,,TORRENT POWER LTD.,1427.35,1457.25,1420.5,1452.85,1450.5,1427.3,,1450.0,,,24581,35497651.0,2805,F1,1,,,,,,2025-05-14
2025-05-14,2025-05-14,CM,BSE,STK,532780,INE561H01026,PARSVNATH,B,,,,,PARSVNATH DEVELOPERS LTD.,19.66,21.69,19.66,20.99,20.97,20.05,,21.1,,,103430,2115650.0,686,F1,1,,,,,,2025-05-14
2025-05-14,2025-05-14,CM,BSE,STK,532782,INE645H01027,SUTLEJTEX,T,,,,,SUTLEJ TEXTILES & INDUSTRIES L,42.0,42.22,40.22,42.22,42.22,40.21,,42.47,,,20600,845942.0,71,F1,1,,,,,,2025-05-14
2025-05-14,2025-05-14,CM,BSE,STK,532783,INE818H01020,LTFOODS,A,,,,,LT FOODS LTD.,372.0,375.45,366.0,368.85,368.85,370.25,,368.75,,,48392,17911342.0,1659,F1,1,,,,,,2025-05-14
2025-05-14,2025-05-14,CM,BSE,STK,532784,INE671H01015,SOBHA,A,,,,,SOBHA,1290.05,1332.65,1290.05,1319.85,1326.65,1303.05,,1319.1,,,2296,3029720.0,271,F1,1,,,,,,2025-05-14
2025-05-14,2025-05-14,CM,BSE,STK,532785,INE803H01014,RUCHIRA,B,,,,,RUCHIRA PAPERS LTD.,122.05,124.9,122.05,123.1,123.65,122.15,,123.36,,,2892,356288.0,317,F1,1,,,,,,2025-05-14
2025-05-14,2025-05-14,CM,BSE,STK,532790,INE483C01032,TANLA,A,,,,,TANLA PLATFORMS LIMITED,555.0,575.0,542.85,568.1,568.1,558.15,,567.8,,,552945,310379540.0,13348,F1,1,,,,,,2025-05-14
2025-05-14,2025-05-14,CM,BSE,STK,532794,INE966H01019,ZEEMEDIA,B,,,,,ZEE MEDIA CORPORATION LIMITED,14.49,14.55,14.25,14.4,14.5,14.25,,14.41,,,190767,2746351.0,757,F1,1,,,,,,2025-05-14
2025-05-14,2025-05-14,CM,BSE,STK,532795,INE965H01011,SITINET,Z,,,,,Siti Networks Ltd.,0.49,0.5,0.49,0.49,0.49,0.5,,0.49,,,391980,193954.0,188,F1,1,,,,,,2025-05-14
2025-05-14,2025-05-14,CM,BSE,STK,532796,INE872H01027,LUMAXTECH,B,,,,,LUMAX AUTO TECHNOLOGIES LTD.,600.05,623.2,596.6,602.2,603.35,596.95,,601.4,,,19228,11728138.0,1297,F1,1,,,,,,2025-05-14
2025-05-14,2025-05-14,CM,BSE,STK,532797,INE718H01014,AUTOIND,B,,,,,AUTOLINE INDUSTRIES LTD.,83.27,84.0,82.05,83.23,83.49,82.54,,83.11,,,10993,911087.0,647,F1,1,,,,,,2025-05-14
2025-05-14,2025-05-14,CM,BSE,STK,532798,INE870H01013,NETWORK18,A,,,,,NETWORK18 MEDIA & INVESTMENTS,45.76,46.8,45.62,46.55,46.55,45.67,,46.59,,,316988,14685351.0,1383,F1,1,,,,,,2025-05-14
2025-05-14,2025-05-14,CM,BSE,STK,532799,INE703H01016,HUBTOWN,B,,,,,HUBTOWN LTD.,181.9,193.0,181.9,189.35,188.0,181.65,,189.64,,,17223,3228970.0,646,F1,1,,,,,,2025-05-14
2025-05-14,2025-05-14,CM,BSE,STK,532801,INE627H01017,CTE,T,,,,,CAMBRIDGE TECHNOLOGY ENTERPRIS,45.2,45.25,44.25,45.25,45.25,43.1,,45.19,,,3746,169127.0,42,F1,1,,,,,,2025-05-14
2025-05-14,2025-05-14,CM,BSE,STK,532804,INE545H01011,TIIL,B,,,,,TECHNOCRAFT INDUSTRIES (INDIA),2791.05,2847.0,2777.9,2825.4,2830.0,2781.85,,2830.2,,,326,915238.0,104,F1,1,,,,,,2025-05-14
2025-05-14,2025-05-14,CM,BSE,STK,532805,INE891D01026,REDINGTON,A,,,,,Redington Limited,272.65,279.05,271.15,277.8,277.8,272.65,,277.97,,,172171,47589725.0,2583,F1,1,,,,,,2025-05-14
2025-05-14,2025-05-14,CM,BSE,STK,532806,INE768E01024,AICHAMP,X,,,,,AI CHAMPDANY INDUSTRIES LTD.,46.0,46.0,41.0,41.5,41.0,41.23,,41.5,,,2568,107746.0,30,F1,1,,,,,,2025-05-14
2025-05-14,2025-05-14,CM,BSE,STK,532807,INE704H01022,CINELINE,T,,,,,CINELINE INDIA LIMITED,91.1,91.35,89.99,90.0,90.0,87.01,,90.68,,,6969,627220.0,24,F1,1,,,,,,2025-05-14
2025-05-14,2025-05-14,CM,BSE,STK,532808,INE940H01022,PGIL,B,,,,,PEARL GLOBAL INDUSTRIES LIMITE,1100.0,1139.15,1100.0,1120.0,1121.75,1105.5,,1119.35,,,2031,2286797.0,274,F1,1,,,,,,2025-05-14
2025-05-14,2025-05-14,CM,BSE,STK,532809,INE684F01012,FSL,A,,,,,FIRSTSOURCE SOLUTIONS LTD.,361.3,385.65,354.95,374.15,374.15,361.3,,374.85,,,269538,100536400.0,6300,F1,1,,,,,,2025-05-14
2025-05-14,2025-05-14,CM,BSE,STK,532810,INE134E01011,PFC,A,,,,,POWER FINANCE CORPORATION LTD.,415.15,419.75,403.3,405.7,405.7,412.25,,405.5,,,218046,89339299.0,3793,F1,1,,,,,,2025-05-14
2025-05-14,2025-05-14,CM,BSE,STK,532811,INE758C01029,AHLUCONT,A,,,,,AHLUWALIA CONTRACTS (INDIA) LT,904.25,911.3,891.3,905.05,909.0,904.25,,904.7,,,12881,11654308.0,1212,F1,1,,,,,,2025-05-14
2025-05-14,2025-05-14,CM,BSE,STK,532812,INE804H01012,TFL,T,,,,,TRANSWARRANTY FINANCE LTD.,15.5,15.5,15.3,15.3,15.3,15.52,,15.3,,,4107,63437.0,3,F1,1,,,,,,2025-05-14
2025-05-14,2025-05-14,CM,BSE,STK,532814,INE562A01011,INDIANB,A,,,,,INDIAN BANK,583.45,590.55,577.0,584.6,583.95,580.25,,584.7,,,37090,21652825.0,1564,F1,1,,,,,,2025-05-14
2025-05-14,2025-05-14,CM,BSE,STK,532815,INE812G01025,SMSPHARMA,B,,,,,SMS PHARMACEUTICALS LTD.,262.5,263.0,254.0,257.25,259.15,253.55,,256.97,,,5280,1362876.0,272,F1,1,,,,,,2025-05-14
2025-05-14,2025-05-14,CM,BSE,STK,532817,INE998H01012,ORIENTALTL,B,,,,,ORIENTAL TRIMEX LTD.,11.89,11.89,11.25,11.55,11.48,11.73,,11.42,,,68817,803411.0,470,F1,1,,,,,,2025-05-14
2025-05-14,2025-05-14,CM,BSE,STK,532820,INE311H01018,ELAND,XT,,,,,E-Land Apparel Limited,15.05,15.65,14.75,15.59,15.6,14.98,,15.59,,,13475,201897.0,60,F1,1,,,,,,2025-05-14
2025-05-14,2025-05-14,CM,BSE,STK,532822,INE669E01016,IDEA,A,,,,,VODAFONE IDEA  LIMITED,6.97,7.06,6.95,6.98,6.98,6.94,,6.98,,,66641974,466257954.0,26722,F1,1,,,,,,2025-05-14
2025-05-14,2025-05-14,CM,BSE,STK,532825,INE702H01018,JAGJANANI,X,,,,,JAGJANANI TEXTILES LTD.,9.29,9.29,9.0,9.06,9.06,8.94,,9.06,,,5270,47778.0,41,F1,1,,,,,,2025-05-14
2025-05-14,2025-05-14,CM,BSE,STK,532826,INE952H01027,RAJTV,T,,,,,RAJ TELEVISION NETWORK LTD.,49.97,49.97,47.47,49.17,49.14,47.8,,49.08,,,1755,84362.0,21,F1,1,,,,,,2025-05-14
2025-05-14,2025-05-14,CM,BSE,STK,532827,INE761H01022,PAGEIND,A,,,,,PAGE INDUSTRIES LTD.,46403.55,46650.0,45890.0,46410.8,46437.5,46470.0,,46420.0,,,635,29390427.0,430,F1,1,,,,,,2025-05-14
2025-05-14,2025-05-14,CM,BSE,STK,532828,INE005I01014,AMDIND,B,,,,,AMD INDUSTRIES LTD.,49.9,52.44,47.52,50.61,52.18,50.0,,50.9,,,1494,73607.0,135,F1,1,,,,,,2025-05-14
2025-05-14,2025-05-14,CM,BSE,STK,532829,INE976H01018,LEHAR,X,,,,,LEHAR FOOTWEARS LIMITED,256.25,260.0,256.0,259.15,260.0,256.25,,259.15,,,19954,5145667.0,137,F1,1,,,,,,2025-05-14
2025-05-14,2025-05-14,CM,BSE,STK,532830,INE006I01046,ASTRAL,A,,,,,ASTRAL LIMITED,1353.55,1353.55,1308.0,1326.4,1326.4,1344.9,,1326.7,,,58646,77439718.0,5001,F1,1,,,,,,2025-05-14
2025-05-14,2025-05-14,CM,BSE,STK,532832,INE069I01010,EMBDL,A,,,,,EMBASSY DEVELOPMENTS LIMITED,99.0,102.44,98.97,101.72,102.0,98.97,,101.81,,,185669,18792482.0,1487,F1,1,,,,,,2025-05-14
2025-05-14,2025-05-14,CM,BSE,STK,532834,INE052I01032,CAMLINFINE,B,,,,,Camlin Fine Sciences Ltd,178.15,184.0,176.4,183.1,182.45,176.9,,183.05,,,92904,16789999.0,2152,F1,1,,,,,,2025-05-14
2025-05-14,2025-05-14,CM,BSE,STK,532835,INE725G01011,ICRA,B,,,,,ICRA LTD.,5985.0,6038.9,5980.15,6000.2,6000.45,5984.0,,6015.5,,,106,635992.0,28,F1,1,,,,,,2025-05-14
2025-05-14,2025-05-14,CM,BSE,STK,532839,INE836F01026,DISHTV,T,,,,,DISH TV INDIA LTD.,4.91,5.09,4.91,5.03,5.05,5.0,,5.02,,,338689,1700927.0,668,F1,1,,,,,,2025-05-14
2025-05-14,2025-05-14,CM,BSE,STK,532841,INE280H01015,SAHYADRI,B,,,,,SAHYADRI INDUSTRIES LTD.,269.55,280.0,269.55,277.7,280.0,270.85,,278.45,,,1501,414882.0,378,F1,1,,,,,,2025-05-14
2025-05-14,2025-05-14,CM,BSE,STK,532842,INE917H01012,SRHHYPOLTD,B,,,,,SREE RAYALASEEMA HI-STRENGTH H,537.0,555.4,532.0,550.9,555.0,534.85,,551.85,,,1739,955406.0,152,F1,1,,,,,,2025-05-14
2025-05-14,2025-05-14,CM,BSE,STK,532843,INE061F01013,FORTIS,A,,,,,FORTIS HEALTHCARE LTD.,674.4,694.55,663.6,691.75,692.75,667.35,,691.85,,,80704,55325121.0,2698,F1,1,,,,,,2025-05-14
2025-05-14,2025-05-14,CM,BSE,STK,532845,INE797H01018,TGBHOTELS,B,,,,,TGB BANQUETS AND HOTELS LTD.,9.75,10.09,9.6,9.83,9.84,9.9,,9.92,,,24341,240191.0,90,F1,1,,,,,,2025-05-14
2025-05-14,2025-05-14,CM,BSE,STK,532847,INE788H01017,HILTON,B,,,,,HILTON METAL FORGING LTD.,63.07,67.94,62.66,67.02,67.38,62.74,,67.28,,,64016,4192023.0,2624,F1,1,,,,,,2025-05-14
2025-05-14,2025-05-14,CM,BSE,STK,532848,INE124G01033,DELTACORP,A,,,,,DELTA CORP LTD.,91.99,92.3,90.92,91.5,91.5,91.0,,91.48,,,123252,11288533.0,1473,F1,1,,,,,,2025-05-14
2025-05-14,2025-05-14,CM,BSE,STK,532850,INE287C01037,MICEL,B,,,,,MIC ELECTRONICS LTD.,60.0,62.9,59.48,61.0,61.0,60.19,,60.99,,,205638,12626510.0,2344,F1,1,,,,,,2025-05-14
2025-05-14,2025-05-14,CM,BSE,STK,532851,INE070I01018,INSECTICID,B,,,,,INSECTICIDES (INDIA) LTD.,701.0,719.0,701.0,713.2,712.8,699.55,,712.9,,,2207,1572793.0,269,F1,1,,,,,,2025-05-14
2025-05-14,2025-05-14,CM,BSE,STK,532853,INE228I01012,ASAHISONG,B,,,,,ASAHI SONGWON COLORS LTD.,464.35,470.0,439.2,451.6,446.0,468.1,,452.8,,,9046,4081752.0,785,F1,1,,,,,,2025-05-14
2025-05-14,2025-05-14,CM,BSE,STK,532855,INE928H01019,HARYNACAP,XT,,,,,HARYANA CAPFIN LTD.,192.05,192.05,192.05,192.05,192.05,192.05,,192.05,,,5,960.0,2,F1,1,,,,,,2025-05-14
2025-05-14,2025-05-14,CM,BSE,STK,532856,INE508G01029,TIMETECHNO,A,,,,,TIME TECHNOPLAST LTD.,337.05,349.55,334.0,347.65,347.5,334.35,,347.1,,,35530,12223500.0,648,F1,1,,,,,,2025-05-14
2025-05-14,2025-05-14,CM,BSE,STK,532859,INE170I01016,HGS,B,,,,,HINDUJA GLOBAL SOLUTIONS LTD.,504.05,518.65,504.05,515.45,515.7,509.7,,516.65,,,5798,2980320.0,540,F1,1,,,,,,2025-05-14
2025-05-14,2025-05-14,CM,BSE,STK,532864,INE189I01024,NELCAST,B,,,,,NELCAST LTD.,106.49,114.0,100.0,105.78,105.78,100.01,,105.25,,,28879,3066738.0,1005,F1,1,,,,,,2025-05-14
2025-05-14,2025-05-14,CM,BSE,STK,532867,INE945H01013,V2RETAIL,T,,,,,V2 RETAIL LTD.,1686.7,1709.0,1653.05,1675.15,1679.0,1686.6,,1673.4,,,3027,5078175.0,226,F1,1,,,,,,2025-05-14
2025-05-14,2025-05-14,CM,BSE,STK,532868,INE271C01023,DLF,A,,,,,DLF LTD.,679.35,699.0,677.8,689.25,689.25,677.9,,688.7,,,184513,127631153.0,4672,F1,1,,,,,,2025-05-14
2025-05-14,2025-05-14,CM,BSE,STK,532869,INE924H01018,TARMAT,B,,,,,TARMAT LTD.,51.66,52.15,49.9,50.02,50.02,51.66,,49.99,,,23612,1202113.0,181,F1,1,,,,,,2025-05-14
2025-05-14,2025-05-14,CM,BSE,STK,532870,INE106I01010,ANKITMETAL,Z,,,,,ANKIT METAL & POWER LTD.,2.14,2.19,2.05,2.19,2.19,2.14,,2.18,,,26346,56233.0,27,F1,1,,,,,,2025-05-14
2025-05-14,2025-05-14,CM,BSE,STK,532872,INE232I01014,SPARC,A,,,,,SUN PHARMA ADVANCED RESEARCH C,150.0,152.5,150.0,150.7,150.7,149.9,,150.68,,,25516,3863048.0,492,F1,1,,,,,,2025-05-14
2025-05-14,2025-05-14,CM,BSE,STK,532875,INE102I01027,ADSL,B,,,,,ALLIED DIGITAL SERVICES LTD.,191.5,201.9,191.15,200.9,199.5,189.75,,200.68,,,18830,3684096.0,668,F1,1,,,,,,2025-05-14
2025-05-14,2025-05-14,CM,BSE,STK,532878,INE385I01010,ALPA,B,,,,,ALPA LABORATORIES LTD.,104.4,106.55,104.05,105.35,105.25,104.9,,105.97,,,236,24954.0,22,F1,1,,,,,,2025-05-14
2025-05-14,2025-05-14,CM,BSE,STK,532879,INE117H01019,SSLEL,X,,,,,SIR SHADI LAL ENTERPRISES LTD.,276.9,285.0,275.05,282.45,280.0,278.25,,282.45,,,8515,2398215.0,37,F1,1,,,,,,2025-05-14
2025-05-14,2025-05-14,CM,BSE,STK,532880,INE800H01010,OMAXE,B,,,,,OMAXE LTD.,75.0,78.95,75.0,78.56,78.86,75.62,,78.59,,,9976,781581.0,334,F1,1,,,,,,2025-05-14
2025-05-14,2025-05-14,CM,BSE,STK,532884,INE056I01025,REFEX,B,,,,,REFEX INDUSTRIES LTD.,418.55,421.0,409.0,412.3,413.5,410.45,,411.8,,,42516,17576947.0,1737,F1,1,,,,,,2025-05-14
2025-05-14,2025-05-14,CM,BSE,STK,532885,INE483A01010,CENTRALBK,A,,,,,CENTRAL BANK OF INDIA,36.95,37.11,36.48,36.98,36.98,36.69,,36.96,,,991087,36528036.0,2594,F1,1,,,,,,2025-05-14
2025-05-14,2025-05-14,CM,BSE,STK,532886,INE105I01020,SELMC,T,,,,,SEL MANUFACTURING COMPANY LTD.,39.7,39.7,38.76,39.7,39.7,37.81,,39.61,,,6368,252725.0,34,F1,1,,,,,,2025-05-14
2025-05-14,2025-05-14,CM,BSE,STK,532888,INE022I01019,ASIANTILES,B,,,,,ASIAN GRANITO INDIA LTD.,45.23,46.9,45.03,46.71,46.9,45.23,,46.68,,,53825,2492133.0,740,F1,1,,,,,,2025-05-14
2025-05-14,2025-05-14,CM,BSE,STK,532889,INE930H01031,KPRMILL,A,,,,,K.P.R.MILL LIMITED,1145.6,1167.9,1124.25,1152.05,1151.6,1148.25,,1155.75,,,40207,46148745.0,2694,F1,1,,,,,,2025-05-14
2025-05-14,2025-05-14,CM,BSE,STK,532890,INE142I01023,TAKE,Z,,,,,TAKE SOLUTIONS LTD.,8.54,8.55,8.53,8.55,8.55,8.15,,8.47,,,15095,128992.0,49,F1,1,,,,,,2025-05-14
2025-05-14,2025-05-14,CM,BSE,STK,532891,INE323I01011,PURVA,B,,,,,Puravankara Limited,237.3,253.95,237.3,249.3,249.3,234.1,,248.93,,,26652,6533556.0,991,F1,1,,,,,,2025-05-14
2025-05-14,2025-05-14,CM,BSE,STK,532892,INE338I01027,MOTILALOFS,A,,,,,MOTILAL OSWAL FINANCIAL SERVIC,729.4,743.95,716.0,739.3,739.3,725.35,,739.55,,,178164,130868916.0,4411,F1,1,,,,,,2025-05-14
2025-05-14,2025-05-14,CM,BSE,STK,532893,INE222F01029,VTMLTD,XT,,,,,VTM LTD.,223.9,229.0,213.0,222.6,224.0,220.85,,222.6,,,29651,6520242.0,229,F1,1,,,,,,2025-05-14
2025-05-14,2025-05-14,CM,BSE,STK,532894,INE227G01018,INDOWIND,B,,,,,INDOWIND ENERGY LTD.,21.29,21.29,20.0,20.18,20.45,20.4,,20.1,,,73506,1499673.0,935,F1,1,,,,,,2025-05-14
2025-05-14,2025-05-14,CM,BSE,STK,532895,INE245I01016,NAGREEKCAP,B,,,,,NAGREEKA CAPITAL & INFRASTRUCT,26.3,27.6,25.0,27.34,27.34,26.3,,27.39,,,388,10052.0,29,F1,1,,,,,,2025-05-14
2025-05-14,2025-05-14,CM,BSE,STK,532896,INE387I01016,MAGNUM,B,,,,,MAGNUM VENTURES LTD.,27.08,28.09,25.34,26.9,27.1,26.41,,27.03,,,2789,74768.0,39,F1,1,,,,,,2025-05-14
2025-05-14,2025-05-14,CM,BSE,STK,532898,INE752E01010,POWERGRID,A,,,,,POWER GRID CORPORATION OF INDI,299.8,300.0,294.1,296.05,296.05,298.55,,295.95,,,334608,99273778.0,7575,F1,1,,,,,,2025-05-14
2025-05-14,2025-05-14,CM,BSE,STK,532899,INE455I01029,KSCL,A,,,,,KAVERI SEED COMPANY LTD.,1527.25,1527.25,1341.0,1351.1,1350.0,1481.3,,1352.5,,,17978,25082977.0,1933,F1,1,,,,,,2025-05-14
2025-05-14,2025-05-14,CM,BSE,STK,532900,INE420C01059,PAISALO,A,,,,,PAISALO DIGITAL LIMITED,35.02,35.54,34.36,34.55,34.65,34.86,,34.6,,,185359,6432813.0,1172,F1,1,,,,,,2025-05-14
2025-05-14,2025-05-14,CM,BSE,STK,532902,INE429I01024,CCCL,B,,,,,CONSOLIDATED CONSTRUCTION CONS,15.6,16.59,14.91,16.46,16.59,15.09,,16.46,,,78806,1259353.0,356,F1,1,,,,,,2025-05-14
2025-05-14,2025-05-14,CM,BSE,STK,532904,INE550H01011,SUPREMEINF,Z,,,,,SUPREME INFRASTRUCTURE INDIA L,88.0,90.3,88.0,90.3,90.3,86.0,,93.87,,,41,3679.0,3,F1,1,,,,,,2025-05-14
2025-05-14,2025-05-14,CM,BSE,STK,532906,INE215I01027,MAANALU,B,,,,,MAAN ALUMINIUM LTD.,91.33,94.92,90.11,94.92,94.92,90.4,,95.14,,,4412,409038.0,82,F1,1,,,,,,2025-05-14
2025-05-14,2025-05-14,CM,BSE,STK,532907,INE369I01014,IL&FSENGG,Z,,,,,IL&FS ENGINEERING AND CONSTRUC,38.5,40.8,38.1,39.6,39.6,39.31,,39.45,,,2500,98331.0,9,F1,1,,,,,,2025-05-14
2025-05-14,2025-05-14,CM,BSE,STK,532911,INE272G01014,PARLEIND,XT,,,,,PARLE INDUSTRIES LIMITED,14.93,15.21,14.93,15.21,15.21,14.92,,15.21,,,53932,816841.0,177,F1,1,,,,,,2025-05-14
2025-05-14,2025-05-14,CM,BSE,STK,532915,INE621H01010,RELIGARE,A,,,,,RELIGARE ENTERPRISES LTD.,217.0,218.0,211.75,214.1,214.95,214.45,,214.01,,,21053,4518372.0,515,F1,1,,,,,,2025-05-14
2025-05-14,2025-05-14,CM,BSE,STK,532916,INE139I01011,BVCL,B,,,,,BARAK VALLEY CEMENTS LTD.,35.89,37.99,35.89,37.5,36.57,36.65,,37.38,,,1726,64965.0,27,F1,1,,,,,,2025-05-14
2025-05-14,2025-05-14,CM,BSE,STK,532918,INE575I01016,RATHIBAR,X,,,,,RATHI BARS LTD.,34.97,37.8,34.0,35.94,35.94,34.5,,35.94,,,16800,597240.0,118,F1,1,,,,,,2025-05-14
2025-05-14,2025-05-14,CM,BSE,STK,532921,INE742F01042,ADANIPORTS,A,,,,,ADANI PORTS AND SPECIAL ECONOM,1385.9,1385.9,1362.0,1371.0,1371.0,1369.5,,1371.7,,,140733,193296544.0,7327,F1,1,,,,,,2025-05-14
2025-05-14,2025-05-14,CM,BSE,STK,532922,INE532F01054,EDELWEISS,A,,,,,EDELWEISS FINANCIAL SERVICES L,87.48,90.22,86.09,87.42,87.42,86.24,,87.55,,,403632,35828213.0,2577,F1,1,,,,,,2025-05-14
2025-05-14,2025-05-14,CM,BSE,STK,532923,INE722H01024,RGL,B,,,,,RENAISSANCE GLOBAL LIMITED,117.5,123.6,116.05,116.95,116.95,117.05,,116.98,,,55120,6577486.0,681,F1,1,,,,,,2025-05-14
2025-05-14,2025-05-14,CM,BSE,STK,532924,INE094I01018,KOLTEPATIL,B,,,,,KOLTE-PATIL DEVELOPERS LTD.,336.8,366.55,336.8,363.25,362.3,344.05,,363.65,,,24465,8769825.0,1220,F1,1,,,,,,2025-05-14
2025-05-14,2025-05-14,CM,BSE,STK,532925,INE234I01028,KAUSHALYA,B,,,,,KAUSHALYA INFRASTRUCTURE DEVEL,900.5,926.95,898.0,920.35,920.35,908.0,,911.4,,,1273,1154697.0,48,F1,1,,,,,,2025-05-14
2025-05-14,2025-05-14,CM,BSE,STK,532926,INE668F01031,JYOTHYLAB,A,,,,,JYOTHY LABS LIMITED,338.25,345.25,337.45,341.45,343.2,335.0,,341.4,,,58071,19773437.0,1725,F1,1,,,,,,2025-05-14
2025-05-14,2025-05-14,CM,BSE,STK,532927,INE738I01010,ECLERX,A,,,,,ECLERX SERVICES LTD.,2709.75,2762.8,2683.3,2747.8,2756.95,2701.3,,2748.7,,,1658,4508786.0,279,F1,1,,,,,,2025-05-14
2025-05-14,2025-05-14,CM,BSE,STK,532928,INE763I01026,TARIL,B,,,,,TRANSFORMERS AND RECTIFIERS (I,519.6,523.15,505.0,509.0,509.0,511.35,,509.0,,,103385,52968614.0,3190,F1,1,,,,,,2025-05-14
2025-05-14,2025-05-14,CM,BSE,STK,532929,INE791I01019,BRIGADE,A,,,,,BRIGADE ENTERPRISES LTD.,1086.0,1103.95,1069.1,1091.45,1082.0,1079.75,,1092.2,,,6406,6969234.0,548,F1,1,,,,,,2025-05-14
2025-05-14,2025-05-14,CM,BSE,STK,532930,INE661I01014,BGRENERGY,T,,,,,BGR ENERGY SYSTEMS LTD.,110.25,110.25,110.25,110.25,110.25,108.09,,110.25,,,32819,3618294.0,88,F1,1,,,,,,2025-05-14
2025-05-14,2025-05-14,CM,BSE,STK,532932,INE015D01022,MANAKSIA,B,,,,,MANAKSIA LTD.,72.89,73.05,71.0,71.23,71.52,72.32,,71.69,,,9077,652605.0,175,F1,1,,,,,,2025-05-14
2025-05-14,2025-05-14,CM,BSE,STK,532933,INE386I01018,PORWAL,X,,,,,PORWAL AUTO COMPONENTS LTD.,42.01,45.49,41.42,44.06,44.06,42.98,,44.06,,,20531,882150.0,105,F1,1,,,,,,2025-05-14
2025-05-14,2025-05-14,CM,BSE,STK,532934,INE095I01015,PPAP,B,,,,,PPAP,180.9,182.0,177.7,182.0,182.0,177.05,,181.2,,,1599,289054.0,128,F1,1,,,,,,2025-05-14
2025-05-14,2025-05-14,CM,BSE,STK,532935,INE298I01015,ARIES,B,,,,,ARIES AGRO LTD.,301.0,310.35,301.0,305.9,305.9,301.0,,306.45,,,16940,5172371.0,608,F1,1,,,,,,2025-05-14
2025-05-14,2025-05-14,CM,BSE,STK,532937,INE529I01021,KUANTUM,B,,,,,KUANTUM PAPERS LTD.,107.0,111.65,106.5,108.95,108.95,104.75,,109.15,,,7284,795793.0,403,F1,1,,,,,,2025-05-14
2025-05-14,2025-05-14,CM,BSE,STK,532939,INE614G01033,RPOWER,A,,,,,RELIANCE POWER LTD.,43.66,44.6,43.48,44.31,44.31,43.52,,44.31,,,9386581,414435983.0,17057,F1,1,,,,,,2025-05-14
2025-05-14,2025-05-14,CM,BSE,STK,532940,INE576I01022,JKIL,A,,,,,J.KUMAR INFRAPROJECTS LTD.,688.0,700.0,688.0,694.0,693.1,680.35,,695.9,,,8202,5704003.0,666,F1,1,,,,,,2025-05-14
2025-05-14,2025-05-14,CM,BSE,STK,532941,INE792I01017,CORDSCABLE,B,,,,,CORDS CABLE INDUSTRIES LTD.,185.0,206.0,185.0,201.6,201.2,183.8,,201.59,,,26095,5262778.0,1429,F1,1,,,,,,2025-05-14
2025-05-14,2025-05-14,CM,BSE,STK,532942,INE634I01029,KNRCON,A,,,,,KNR CONSTRUCTIONS LTD.,225.85,227.7,224.25,225.6,225.45,224.55,,225.62,,,86358,19529454.0,3433,F1,1,,,,,,2025-05-14
2025-05-14,2025-05-14,CM,BSE,STK,532944,INE809I01019,ONMOBILE,B,,,,,ONMOBILE,50.1,51.89,50.1,51.64,51.64,50.13,,51.67,,,57554,2958166.0,731,F1,1,,,,,,2025-05-14
2025-05-14,2025-05-14,CM,BSE,STK,532945,INE964H01014,SEPC,A,,,,,SEPC LIMITED,14.54,15.38,14.4,15.07,15.07,14.55,,15.09,,,1030618,15342958.0,2981,F1,1,,,,,,2025-05-14
2025-05-14,2025-05-14,CM,BSE,STK,532946,INE863I01016,BANG,B,,,,,BANG OVERSEAS LTD.,49.7,53.0,49.7,50.74,50.5,51.9,,51.15,,,1207,61493.0,48,F1,1,,,,,,2025-05-14
2025-05-14,2025-05-14,CM,BSE,STK,532947,INE821I01022,IRB,A,,,,,IRB INFRASTRUCTURE DEVELOPERS,48.0,49.92,48.0,49.31,49.31,47.87,,49.32,,,3398891,167206978.0,10403,F1,1,,,,,,2025-05-14
2025-05-14,2025-05-14,CM,BSE,STK,532951,INE871H01011,GSS,B,,,,,GSS INFOTECH LTD.,36.91,37.66,36.91,37.66,37.66,36.78,,37.6,,,2351,87855.0,71,F1,1,,,,,,2025-05-14
2025-05-14,2025-05-14,CM,BSE,STK,532952,INE049I01012,NAHARCAP,B,,,,,NAHAR CAPITAL & FINANCIAL SERV,260.15,281.65,260.15,277.95,281.25,256.8,,278.4,,,952,259786.0,125,F1,1,,,,,,2025-05-14
2025-05-14,2025-05-14,CM,BSE,STK,532953,INE951I01027,VGUARD,A,,,,,V-GUARD INDUSTRIES LTD.,380.5,391.0,374.9,376.9,376.9,379.15,,376.75,,,65195,24975984.0,1726,F1,1,,,,,,2025-05-14
2025-05-14,2025-05-14,CM,BSE,STK,532955,INE020B01018,RECLTD,A,,,,,REC LIMITED,403.25,407.1,385.0,389.55,389.55,401.7,,389.5,,,1023606,400520422.0,16333,F1,1,,,,,,2025-05-14
2025-05-14,2025-05-14,CM,BSE,STK,532957,INE642I01014,GOKAKTEX,XT,,,,,GOKAK TEXTILES LTD.,99.9,99.9,99.9,99.9,99.9,97.95,,99.9,,,100,9990.0,3,F1,1,,,,,,2025-05-14
2025-05-14,2025-05-14,CM,BSE,STK,532960,INE274G01010,DHANI,A,,,,,Dhani Services Limited,60.58,61.85,59.93,60.27,60.4,59.9,,60.25,,,351726,21378832.0,2649,F1,1,,,,,,2025-05-14
2025-05-14,2025-05-14,CM,BSE,STK,532966,INE615H01020,TITAGARH,A,,,,,TITAGARH RAIL SYSTEMS LIMITED,759.6,811.0,751.0,807.15,807.15,749.5,,806.9,,,466670,368028063.0,14544,F1,1,,,,,,2025-05-14
2025-05-14,2025-05-14,CM,BSE,STK,532967,INE415I01015,KIRIINDUS,B,,,,,KIRI INDUSTRIES LTD.,620.2,645.0,613.0,638.2,640.55,623.9,,638.75,,,67807,42682784.0,2672,F1,1,,,,,,2025-05-14
2025-05-14,2025-05-14,CM,BSE,STK,532974,INE865C01022,BIRLAMONEY,T,,,,,ADITYA BIRLA MONEY LTD.,154.3,156.5,150.0,156.2,156.2,152.35,,156.61,,,9010,1374164.0,198,F1,1,,,,,,2025-05-14
2025-05-14,2025-05-14,CM,BSE,STK,532975,INE778I01024,TELOGICA,Z,,,,,TELOGICA LIMITED,11.65,11.65,10.55,11.61,11.61,11.1,,11.61,,,3415,39032.0,21,F1,1,,,,,,2025-05-14
2025-05-14,2025-05-14,CM,BSE,STK,532976,INE091G01026,JAIBALAJI,A,,,,,JAI BALAJI INDUSTRIES LTD.,114.95,114.95,109.65,110.4,110.4,110.95,,110.34,,,64087,7097292.0,1086,F1,1,,,,,,2025-05-14
2025-05-14,2025-05-14,CM,BSE,STK,532977,INE917I01010,BAJAJ-AUTO,A,,,,,BAJAJ AUTO LTD.,8073.15,8209.45,8038.55,8101.9,8101.9,8072.95,,8102.5,,,8609,69937360.0,2328,F1,1,,,,,,2025-05-14
2025-05-14,2025-05-14,CM,BSE,STK,532978,INE918I01026,BAJAJFINSV,A,,,,,BAJAJ FINSERV LTD.,2025.0,2038.3,2009.0,2019.6,2019.9,2018.15,,2020.4,,,89504,180677801.0,3800,F1,1,,,,,,2025-05-14
2025-05-14,2025-05-14,CM,BSE,STK,532980,INE020J01029,GOKUL,B,,,,,GOKUL REFOILS & SOLVENT LTD.,46.75,46.75,45.56,46.07,46.07,45.0,,45.65,,,252,11660.0,9,F1,1,,,,,,2025-05-14
2025-05-14,2025-05-14,CM,BSE,STK,532983,INE105J01010,RPGLIFE,B,,,,,RPG LIFE SCIENCES LTD.,2129.35,2174.3,2123.85,2156.0,2174.3,2145.95,,2157.8,,,558,1195133.0,116,F1,1,,,,,,2025-05-14
2025-05-14,2025-05-14,CM,BSE,STK,532985,INF174KA1JD7,SENSEX1,A,,,,,KOTAK MAHINDRA MUTUAL FUND,88.68,89.24,86.93,88.13,88.13,87.86,,88.13,,,764,67450.0,71,F1,1,,,,,,2025-05-14
2025-05-14,2025-05-14,CM,BSE,STK,532986,INE368I01016,NIRAJ,B,,,,,NIRAJ CEMENT STRUCTURALS LTD.,59.37,60.06,58.27,58.61,58.27,57.93,,58.87,,,9118,539071.0,113,F1,1,,,,,,2025-05-14
2025-05-14,2025-05-14,CM,BSE,STK,532992,INE790D01020,CHLLTD,X,,,,,CHL LTD.,30.2,31.34,29.51,31.17,31.34,29.32,,31.17,,,1261,38132.0,17,F1,1,,,,,,2025-05-14
2025-05-14,2025-05-14,CM,BSE,STK,532993,INE955I01044,SEJALLTD,B,,,,,SEJAL GLASS LIMITED,404.3,404.7,394.3,403.65,404.6,392.25,,398.2,,,557,225137.0,9,F1,1,,,,,,2025-05-14
2025-05-14,2025-05-14,CM,BSE,STK,532998,INE947I01017,LOTUSEYE,B,,,,,Lotus Eye Hospital And Institu,76.84,76.84,74.55,74.93,74.55,76.5,,74.79,,,837,62834.0,53,F1,1,,,,,,2025-05-14
2025-05-14,2025-05-14,CM,BSE,STK,533001,INE323J01019,SOMICONVEY,B,,,,,SOMI CONVEYOR BELTINGS LTD.,192.1,203.45,192.1,195.0,197.0,191.85,,194.48,,,3514,689779.0,303,F1,1,,,,,,2025-05-14
2025-05-14,2025-05-14,CM,BSE,STK,533007,INE201J01017,LGBFORGE,X,,,,,LGB FORGE LTD.,11.0,11.0,10.55,10.9,10.95,10.75,,10.9,,,67842,737143.0,199,F1,1,,,,,,2025-05-14
2025-05-14,2025-05-14,CM,BSE,STK,533012,INE197J01017,LPDC,B,,,,,LANDMARK PROPERTY DEVELOPMENT,8.2,8.62,8.16,8.62,8.62,8.21,,8.59,,,40072,342756.0,208,F1,1,,,,,,2025-05-14
2025-05-14,2025-05-14,CM,BSE,STK,533014,INE176J01011,SICAGEN,X,,,,,SICAGEN INDIA LTD.,66.0,67.74,65.21,67.45,67.49,65.31,,67.45,,,30992,2072224.0,149,F1,1,,,,,,2025-05-14
2025-05-14,2025-05-14,CM,BSE,STK,533018,INE457H01027,SIMPLXMIL,X,,,,,SIMPLEX MILLS COMPANY LTD.,3334.85,3334.85,3334.85,3334.85,3334.85,3176.05,,3334.85,,,1,3334.0,1,F1,1,,,,,,2025-05-14
2025-05-14,2025-05-14,CM,BSE,STK,533019,INE456H01029,SIMPLXPAP,X,,,,,SIMPLEX PAPERS LTD.,1941.0,1941.0,1937.05,1937.05,1937.05,2039.0,,1937.05,,,10,19396.0,6,F1,1,,,,,,2025-05-14
2025-05-14,2025-05-14,CM,BSE,STK,533022,INE144J01027,20MICRONS,B,,,,,20 MICRONS LTD.,225.0,225.5,219.2,220.85,222.3,221.05,,220.67,,,4342,963890.0,173,F1,1,,,,,,2025-05-14
2025-05-14,2025-05-14,CM,BSE,STK,533023,INE342J01019,ZFCVINDIA,A,,,,,ZF Commercial Vehicle Control,13249.5,13342.0,13147.7,13241.55,13226.0,13134.9,,13243.0,,,110,1459426.0,75,F1,1,,,,,,2025-05-14
2025-05-14,2025-05-14,CM,BSE,STK,533029,INE773I01017,ALKALI,B,,,,,ALKALI METALS LTD.,83.8,85.84,83.8,85.52,85.7,83.2,,85.37,,,1391,118308.0,69,F1,1,,,,,,2025-05-14
2025-05-14,2025-05-14,CM,BSE,STK,533033,INE858B01029,ISGEC,A,,,,,ISGEC HEAVY ENGINEERING LTD.,1085.0,1159.2,1085.0,1154.5,1154.5,1099.6,,1155.9,,,7999,9084151.0,688,F1,1,,,,,,2025-05-14
2025-05-14,2025-05-14,CM,BSE,STK,533047,INE919H01018,IMFA,B,,,,,INDIAN METALS & FERRO ALLOYS L,629.75,639.45,624.0,631.55,624.0,619.8,,636.4,,,5389,3399988.0,357,F1,1,,,,,,2025-05-14
2025-05-14,2025-05-14,CM,BSE,STK,533048,INE065J01024,TPHQ,T,,,,,Teamo Productions HQ Limited,0.73,0.76,0.73,0.75,0.76,0.73,,0.73,,,2722750,2039022.0,662,F1,1,,,,,,2025-05-14
2025-05-14,2025-05-14,CM,BSE,STK,533056,INE359B01010,VEDAVAAG,X,,,,,VEDAVAAG SYSTEMS LTD.,48.55,48.55,46.83,47.11,46.91,47.38,,47.11,,,44935,2132968.0,244,F1,1,,,,,,2025-05-14
2025-05-14,2025-05-14,CM,BSE,STK,533080,INE893J01029,MOLDTKPAC,B,,,,,MOLD-TEK PACKAGING LIMITED,543.6,554.7,541.8,549.5,545.55,539.8,,552.5,,,2026,1110649.0,163,F1,1,,,,,,2025-05-14
2025-05-14,2025-05-14,CM,BSE,STK,533088,INE998I01010,MHRIL,A,,,,,MAHINDRA HOLIDAYS & RESORTS IN,353.95,353.95,336.95,349.25,350.0,341.95,,349.35,,,8619,2958690.0,508,F1,1,,,,,,2025-05-14
2025-05-14,2025-05-14,CM,BSE,STK,533090,INE688J01023,EXCEL,B,,,,,EXCEL REALTY N INFRA LTD.,0.75,0.75,0.74,0.75,0.75,0.72,,0.75,,,752596,564222.0,322,F1,1,,,,,,2025-05-14
2025-05-14,2025-05-14,CM,BSE,STK,533093,INE294G01026,ROML,B,,,,,RAJ OIL MILLS LTD.,47.45,47.5,46.37,46.73,46.7,47.47,,46.84,,,861,40589.0,19,F1,1,,,,,,2025-05-14
2025-05-14,2025-05-14,CM,BSE,STK,533095,INE083K01017,BENGALASM,B,,,,,BENGAL & ASSAM COMPANY LTD.,7302.0,7498.05,7254.0,7308.75,7255.0,7371.8,,7308.75,,,343,2517273.0,106,F1,1,,,,,,2025-05-14
2025-05-14,2025-05-14,CM,BSE,STK,533096,INE814H01011,ADANIPOWER,A,,,,,ADANI POWER LTD.,540.85,543.1,535.85,539.85,539.85,538.85,,539.8,,,495565,267291014.0,9607,F1,1,,,,,,2025-05-14
2025-05-14,2025-05-14,CM,BSE,STK,533098,INE848E01016,NHPC,A,,,,,NHPC LTD.,83.68,86.25,83.45,85.94,85.94,83.51,,85.96,,,1130797,95843751.0,5374,F1,1,,,,,,2025-05-14
2025-05-14,2025-05-14,CM,BSE,STK,533100,INE429K01012,PEIL,XT,,,,,PREMIER ENERGY AND INFRASTRUCT,5.5,5.5,5.5,5.5,5.5,5.61,,5.5,,,12127,66698.0,17,F1,1,,,,,,2025-05-14
2025-05-14,2025-05-14,CM,BSE,STK,533101,INE360J01011,SURYAAMBA,X,,,,,SURYAAMBA SPINNING MILLS LTD.,149.0,164.0,144.9,155.0,155.0,144.15,,155.0,,,491,74060.0,9,F1,1,,,,,,2025-05-14
2025-05-14,2025-05-14,CM,BSE,STK,533104,INE615I01010,GLOBUSSPR,B,,,,,GLOBUS SPIRITS LTD.,1035.55,1036.95,1014.1,1019.0,1016.2,1016.55,,1020.1,,,1238,1269296.0,186,F1,1,,,,,,2025-05-14
2025-05-14,2025-05-14,CM,BSE,STK,533106,INE274J01014,OIL,A,,,,,OIL INDIA LTD.,411.35,425.5,411.35,418.75,418.8,407.45,,418.85,,,198645,83422875.0,5880,F1,1,,,,,,2025-05-14
2025-05-14,2025-05-14,CM,BSE,STK,533108,INE274K01012,BTTL,X,,,,,BHILWARA TECHNICAL TEXTILES LT,45.0,45.89,41.99,42.96,42.96,44.89,,42.96,,,25170,1082425.0,169,F1,1,,,,,,2025-05-14
2025-05-14,2025-05-14,CM,BSE,STK,533110,INE318K01025,SPSL,X,,,,,SHREE PRECOATED STEELS LTD.,11.62,11.62,11.62,11.62,11.62,11.61,,11.62,,,67,778.0,3,F1,1,,,,,,2025-05-14
2025-05-14,2025-05-14,CM,BSE,STK,533121,INE201K01015,EXPLEOSOL,B,,,,,EXPLEO SOLUTIONS LIMITED,900.45,903.1,872.9,900.55,899.7,885.75,,902.4,,,1321,1174064.0,209,F1,1,,,,,,2025-05-14
2025-05-14,2025-05-14,CM,BSE,STK,533122,INE399K01017,RTNPOWER,A,,,,,RATTANINDIA POWER LTD.,10.42,10.69,10.42,10.52,10.52,10.41,,10.5,,,2414344,25476697.0,4295,F1,1,,,,,,2025-05-14
2025-05-14,2025-05-14,CM,BSE,STK,533137,INE947J01015,DEN,B,,,,,DEN NETWORKS LTD,34.47,34.47,33.92,34.01,34.39,33.9,,34.07,,,19099,651408.0,254,F1,1,,,,,,2025-05-14
2025-05-14,2025-05-14,CM,BSE,STK,533138,INE563J01010,ASTEC,B,,,,,ASTEC LIFESCIENCES LIMITED,687.35,694.9,680.95,684.5,689.85,690.0,,684.95,,,1956,1349413.0,296,F1,1,,,,,,2025-05-14
2025-05-14,2025-05-14,CM,BSE,STK,533146,INE250K01012,DLINKINDIA,B,,,,,D-LINK (INDIA) LTD,492.0,506.95,492.0,503.45,503.45,492.7,,503.5,,,20163,10105715.0,938,F1,1,,,,,,2025-05-14
2025-05-14,2025-05-14,CM,BSE,STK,533148,INE121E01018,JSWENERGY,A,,,,,JSW ENERGY LTD,475.0,477.5,471.5,475.05,475.05,473.6,,474.95,,,70347,33395205.0,2218,F1,1,,,,,,2025-05-14
2025-05-14,2025-05-14,CM,BSE,STK,533149,INE143K01019,YUNIKM,X,,,,,Yunik Managing Advisors Limite,12.69,12.69,11.76,12.6,12.6,12.1,,12.6,,,120,1504.0,7,F1,1,,,,,,2025-05-14
2025-05-14,2025-05-14,CM,BSE,STK,533150,INE484J01027,GODREJPROP,A,,,,,GODREJ PROPERTIES LTD,2120.9,2125.9,2086.85,2116.6,2116.6,2101.45,,2117.9,,,471228,996736824.0,5709,F1,1,,,,,,2025-05-14
2025-05-14,2025-05-14,CM,BSE,STK,533151,INE950I01011,DBCORP,B,,,,,D B CORP LTD,230.6,235.0,229.85,233.3,233.2,229.35,,233.26,,,12177,2827910.0,404,F1,1,,,,,,2025-05-14
2025-05-14,2025-05-14,CM,BSE,STK,533152,INE912H01013,MBLINFRA,B,,,,,MBL Infrastructure Ltd,43.14,44.11,42.43,43.4,43.4,41.92,,43.52,,,3250,141121.0,66,F1,1,,,,,,2025-05-14
2025-05-14,2025-05-14,CM,BSE,STK,533155,INE797F01020,JUBLFOOD,A,,,,,JUBILANT FOODWORKS LTD,701.65,712.0,681.0,693.55,692.0,701.65,,693.8,,,54095,37663517.0,3373,F1,1,,,,,,2025-05-14
2025-05-14,2025-05-14,CM,BSE,STK,533156,INE893I01013,VASCONEQ,B,,,,,VASCON ENGINEERS LTD,42.24,45.19,41.85,44.78,45.0,42.42,,44.7,,,249163,10857690.0,1452,F1,1,,,,,,2025-05-14
2025-05-14,2025-05-14,CM,BSE,STK,533158,INE085J01014,THANGAMAYL,B,,,,,THANGAMAYIL JEWELLERY LTD,2006.65,2050.0,1990.0,2010.15,2010.15,1986.4,,2010.3,,,6294,12685862.0,946,F1,1,,,,,,2025-05-14
2025-05-14,2025-05-14,CM,BSE,STK,533160,INE879I01012,DBREALTY,A,,,,,VALOR ESTATE LIMITED,184.95,185.15,181.0,183.85,183.85,177.65,,183.83,,,150557,27570076.0,1483,F1,1,,,,,,2025-05-14
2025-05-14,2025-05-14,CM,BSE,STK,533161,INE753K01015,EMMBI,B,,,,,EMMBI INDUSTRIES LTD,100.0,117.5,100.0,114.3,116.0,107.35,,116.2,,,3255,369192.0,172,F1,1,,,,,,2025-05-14
2025-05-14,2025-05-14,CM,BSE,STK,533162,INE982F01036,HATHWAY,B,,,,,HATHWAY CABLE & DATACOM LTD,14.49,14.8,14.45,14.63,14.63,14.4,,14.61,,,730111,10624540.0,1228,F1,1,,,,,,2025-05-14
2025-05-14,2025-05-14,CM,BSE,STK,533163,INE267I01010,ARSSINFRA,T,,,,,ARSS INFRASTRUCTURE PROJECTS L,45.25,47.51,45.25,47.51,47.51,45.25,,47.29,,,14042,661959.0,82,F1,1,,,,,,2025-05-14
2025-05-14,2025-05-14,CM,BSE,STK,533164,INE141K01013,TEXMOPIPES,B,,,,,TEXMO PIPES & PRODUCTS LTD.,59.7,60.52,59.07,59.62,59.77,59.17,,59.64,,,5893,351915.0,263,F1,1,,,,,,2025-05-14
2025-05-14,2025-05-14,CM,BSE,STK,533166,INE108E01023,SUNDARAM,B,,,,,SUNDARAM MULTI PAP LTD.,1.92,2.15,1.92,1.99,1.99,1.98,,1.98,,,309129,624319.0,507,F1,1,,,,,,2025-05-14
2025-05-14,2025-05-14,CM,BSE,STK,533168,INE847C01020,ROSSELLIND,T,,,,,ROSSELL INDIA LTD.,76.0,77.0,73.12,76.6,76.97,74.21,,76.22,,,1919,145128.0,56,F1,1,,,,,,2025-05-14
2025-05-14,2025-05-14,CM,BSE,STK,533169,INE949H01023,MANINFRA,A,,,,,MAN INFRACONSTRUCTION LTD.,165.0,167.25,163.3,165.5,165.05,163.35,,165.86,,,37378,6181098.0,638,F1,1,,,,,,2025-05-14
2025-05-14,2025-05-14,CM,BSE,STK,533170,INE864J01012,TAMBOLIIN,X,,,,,TAMBOLI INDUSTRIES LIMITED,165.2,165.2,153.6,153.65,153.7,147.8,,153.65,,,336,51948.0,10,F1,1,,,,,,2025-05-14
2025-05-14,2025-05-14,CM,BSE,STK,533177,INE975G01012,IL&FSTRANS,Z,,,,,IL&FS TRANSPORTATION NETWORKS,3.37,3.38,3.22,3.37,3.38,3.22,,3.37,,,8482,28511.0,28,F1,1,,,,,,2025-05-14
2025-05-14,2025-05-14,CM,BSE,STK,533179,INE262H01021,PERSISTENT,A,,,,,PERSISTENT SYSTEMS LTD.,5777.7,5810.2,5638.1,5760.75,5771.0,5761.15,,5758.5,,,19759,113286435.0,5739,F1,1,,,,,,2025-05-14
2025-05-14,2025-05-14,CM,BSE,STK,533181,INE566K01011,ISFT,B,,,,,INTRASOFT TECHNOLOGIES LTD.,104.0,104.4,103.25,103.6,103.6,101.85,,103.74,,,982,101957.0,38,F1,1,,,,,,2025-05-14
2025-05-14,2025-05-14,CM,BSE,STK,533189,INE516K01024,GOENKA,Z,,,,,GOENKA DIAMOND & JEWELS LTD.,0.84,0.88,0.8,0.86,0.86,0.84,,0.86,,,75382,64692.0,52,F1,1,,,,,,2025-05-14
2025-05-14,2025-05-14,CM,BSE,STK,533192,INE790B01024,KCPSUGIND,B,,,,,KCP SUGAR & INDUSTRIES CORPORA,36.03,37.2,36.03,36.89,36.96,35.66,,36.87,,,18149,666630.0,286,F1,1,,,,,,2025-05-14
2025-05-14,2025-05-14,CM,BSE,STK,533193,INE134B01017,KECL,B,,,,,KIRLOSKAR ELECTRIC COMPANY LTD,128.55,132.55,128.45,131.0,130.35,126.7,,130.81,,,18345,2399312.0,389,F1,1,,,,,,2025-05-14
2025-05-14,2025-05-14,CM,BSE,STK,533202,INE639K01016,SATCH,X,,,,,SATCHMO HOLDINGS LIMITED,3.32,3.34,3.26,3.3,3.3,3.25,,3.3,,,35923,119338.0,72,F1,1,,,,,,2025-05-14
2025-05-14,2025-05-14,CM,BSE,STK,533203,INE747K01017,TARAPUR,T,,,,,TARAPUR TRANSFORMERS LTD,29.8,29.8,29.8,29.8,29.8,28.39,,30.65,,,1131,33703.0,16,F1,1,,,,,,2025-05-14
2025-05-14,2025-05-14,CM,BSE,STK,533206,INE002L01015,SJVN,A,,,,,SJVN LTD,95.98,98.96,95.98,98.72,98.72,95.91,,98.69,,,359921,35182667.0,2494,F1,1,,,,,,2025-05-14
2025-05-14,2025-05-14,CM,BSE,STK,533208,INE830C01026,EMAMIPAP,B,,,,,EMAMI PAPER MILLS LTD.,91.6,95.85,91.6,94.99,94.5,91.0,,94.98,,,5012,474448.0,173,F1,1,,,,,,2025-05-14
2025-05-14,2025-05-14,CM,BSE,STK,533210,INE798K01010,KRITINUT,B,,,,,KRITI NUTRIENTS LTD,109.0,110.0,107.25,108.8,108.0,107.77,,108.78,,,1606,174806.0,25,F1,1,,,,,,2025-05-14
2025-05-14,2025-05-14,CM,BSE,STK,533212,INE265D01015,GKB,X,,,,,GKB OPHTHALMICS LTD.,73.99,74.85,70.5,73.77,73.77,69.8,,73.77,,,1353,97961.0,39,F1,1,,,,,,2025-05-14
2025-05-14,2025-05-14,CM,BSE,STK,533217,INE871K01015,HMVL,B,,,,,HINDUSTAN MEDIA VENTURES LTD.,86.0,86.0,84.53,84.85,84.76,86.1,,84.91,,,1592,135117.0,46,F1,1,,,,,,2025-05-14
2025-05-14,2025-05-14,CM,BSE,STK,533218,INE778K01012,EMAMIREAL,B,,,,,EMAMI REALTY LIMITED,114.0,116.4,113.65,116.35,116.4,111.0,,116.36,,,1274,146840.0,27,F1,1,,,,,,2025-05-14
2025-05-14,2025-05-14,CM,BSE,STK,533227,INE926K01017,AHLEAST,B,,,,,ASIAN HOTELS (EAST) LTD.,149.35,149.35,139.35,140.85,139.5,140.0,,139.74,,,2005,281862.0,72,F1,1,,,,,,2025-05-14
2025-05-14,2025-05-14,CM,BSE,STK,533229,INE933K01021,BAJAJCON,A,,,,,BAJAJ CONSUMER CARE LIMITED,166.05,169.9,166.05,167.15,167.15,167.05,,167.03,,,44956,7554933.0,1154,F1,1,,,,,,2025-05-14
2025-05-14,2025-05-14,CM,BSE,STK,533230,INF179KC1981,HDFCGOLD,E,,,,,HDFC MUTUAL FUND - HDFC GOLD E,81.2,81.28,80.54,81.09,81.24,81.47,,81.13,,,91289,7379667.0,682,F1,1,,,,,,2025-05-14
2025-05-14,2025-05-14,CM,BSE,STK,533239,INE696K01024,PRAKASHSTL,B,,,,,PRAKASH STEELAGE LTD.,6.58,6.81,6.58,6.74,6.77,6.71,,6.72,,,61345,413232.0,275,F1,1,,,,,,2025-05-14
2025-05-14,2025-05-14,CM,BSE,STK,533244,INF109KC1NT3,GOLDIETF,E,,,,,ICICI Prudential Gold ETF,81.34,81.43,80.51,81.14,81.05,81.74,,81.19,,,203558,16473958.0,2315,F1,1,,,,,,2025-05-14
2025-05-14,2025-05-14,CM,BSE,STK,533248,INE517F01014,GPPL,A,,,,,GUJARAT PIPAVAV PORT LTD.,139.2,144.3,139.2,142.5,143.0,139.15,,142.52,,,52553,7418104.0,1063,F1,1,,,,,,2025-05-14
2025-05-14,2025-05-14,CM,BSE,STK,533252,INE389K01018,WELINV,B,,,,,WELSPUN INVESTMENTS AND COMMER,819.0,819.0,792.15,792.15,792.15,810.0,,792.6,,,46,36648.0,20,F1,1,,,,,,2025-05-14
2025-05-14,2025-05-14,CM,BSE,STK,533259,INE019J01013,SASTASUNDR,B,,,,,Sastasundar Ventures Limited,265.25,266.7,261.0,262.7,262.7,258.45,,263.35,,,155,40864.0,22,F1,1,,,,,,2025-05-14
2025-05-14,2025-05-14,CM,BSE,STK,533260,INE521J01018,CPCAP,T,,,,,CP CAPITAL LIMITED,210.0,219.0,203.7,210.5,208.9,214.4,,210.55,,,5941,1225913.0,108,F1,1,,,,,,2025-05-14
2025-05-14,2025-05-14,CM,BSE,STK,533262,INE874I01013,RAMKY,B,,,,,RAMKY INFRASTRUCTURE LTD.,490.0,508.0,490.0,503.95,504.05,487.45,,504.1,,,5599,2797099.0,518,F1,1,,,,,,2025-05-14
2025-05-14,2025-05-14,CM,BSE,STK,533263,INE999K01014,GREENPOWER,A,,,,,ORIENT GREEN POWER COMPANY LTD,12.98,12.98,12.37,12.67,12.67,12.31,,12.67,,,944732,11907216.0,3333,F1,1,,,,,,2025-05-14
2025-05-14,2025-05-14,CM,BSE,STK,533267,INE068L01024,CANTABIL,B,,,,,CANTABIL RETAIL INDIA LTD.,238.95,245.0,238.65,241.3,245.0,235.3,,241.53,,,11318,2726828.0,415,F1,1,,,,,,2025-05-14
2025-05-14,2025-05-14,CM,BSE,STK,533268,INE351L01016,SEATV,X,,,,,SEA TV NETWORK LTD.,6.51,7.7,6.51,7.63,7.63,7.02,,7.63,,,3048,22076.0,35,F1,1,,,,,,2025-05-14
2025-05-14,2025-05-14,CM,BSE,STK,533269,INE956G01038,WABAG,A,,,,,VA TECH WABAG LTD.,1368.7,1405.7,1363.9,1385.2,1389.95,1363.65,,1386.1,,,10278,14241938.0,778,F1,1,,,,,,2025-05-14
2025-05-14,2025-05-14,CM,BSE,STK,533270,INE844K01012,BEDMUTHA,B,,,,,BEDMUTHA INDUSTRIES LTD.,161.9,161.9,159.0,160.0,160.0,161.25,,159.99,,,5153,827602.0,485,F1,1,,,,,,2025-05-14
2025-05-14,2025-05-14,CM,BSE,STK,533271,INE442H01029,ASHOKA,A,,,,,ASHOKA BUILDCON LTD.,193.4,195.1,191.95,194.1,193.55,192.45,,194.08,,,43682,8468336.0,618,F1,1,,,,,,2025-05-14
2025-05-14,2025-05-14,CM,BSE,STK,533272,INE209L01016,JWL,A,,,,,JUPITER WAGONS LIMITED,373.7,386.65,371.15,383.4,383.4,373.15,,383.15,,,234828,89332638.0,5810,F1,1,,,,,,2025-05-14
2025-05-14,2025-05-14,CM,BSE,STK,533273,INE093I01010,OBEROIRLTY,A,,,,,OBEROI REALTY LTD.,1586.8,1626.95,1581.1,1612.95,1613.0,1587.3,,1613.3,,,11778,18969607.0,1355,F1,1,,,,,,2025-05-14
2025-05-14,2025-05-14,CM,BSE,STK,533274,INE811K01011,PRESTIGE,A,,,,,PRESTIGE ESTATES PROJECTS LTD.,1350.05,1399.85,1350.05,1395.45,1399.85,1346.55,,1395.3,,,12563,17288254.0,1151,F1,1,,,,,,2025-05-14
2025-05-14,2025-05-14,CM,BSE,STK,533275,INE482J01021,SHAH,B,,,,,SHAH METACORP LIMITED,3.24,3.31,3.22,3.28,3.28,3.24,,3.26,,,203879,667691.0,806,F1,1,,,,,,2025-05-14
2025-05-14,2025-05-14,CM,BSE,STK,533278,INE522F01014,COALINDIA,A,,,,,COAL INDIA LTD.,396.3,403.9,396.3,403.0,403.0,395.55,,403.1,,,409370,164348011.0,10580,F1,1,,,,,,2025-05-14
2025-05-14,2025-05-14,CM,BSE,STK,533282,INE024L01027,GRAVITA,A,,,,,GRAVITA INDIA LTD.,1919.65,1939.35,1882.7,1903.45,1901.65,1885.4,,1903.1,,,23835,45549135.0,2261,F1,1,,,,,,2025-05-14
2025-05-14,2025-05-14,CM,BSE,STK,533284,INE324L01013,RPPINFRA,T,,,,,RPP INFRA PROJECTS LTD.,155.5,165.05,155.5,165.05,165.05,157.2,,165.01,,,44977,7413478.0,222,F1,1,,,,,,2025-05-14
2025-05-14,2025-05-14,CM,BSE,STK,533285,INE245L01028,RDBIPL,XT,,,,,RDB INFRASTRUCTURE AND POWER L,53.08,53.21,51.2,52.27,52.35,52.88,,52.27,,,14782,765454.0,125,F1,1,,,,,,2025-05-14
2025-05-14,2025-05-14,CM,BSE,STK,533286,INE490G01020,MOIL,A,,,,,MOIL LTD.,340.3,353.55,339.45,351.55,351.55,340.25,,351.2,,,49990,17391626.0,1307,F1,1,,,,,,2025-05-14
2025-05-14,2025-05-14,CM,BSE,STK,533287,INE565L01011,ZEELEARN,B,,,,,ZEE LEARN LTD.,6.45,6.65,6.37,6.54,6.54,6.39,,6.55,,,171980,1119876.0,426,F1,1,,,,,,2025-05-14
2025-05-14,2025-05-14,CM,BSE,STK,533289,INE096L01025,KTIL,X,,,,,KESAR TERMINALS & INFRASTRUCTU,88.85,88.85,83.0,85.0,85.0,85.0,,85.0,,,10331,876009.0,47,F1,1,,,,,,2025-05-14
2025-05-14,2025-05-14,CM,BSE,STK,533292,INE619I01012,A2ZINFRA,B,,,,,A2Z INFRA ENGINEERING LIMITED,14.74,14.74,13.5,13.79,13.67,14.04,,13.76,,,32820,461895.0,193,F1,1,,,,,,2025-05-14
2025-05-14,2025-05-14,CM,BSE,STK,533293,INE146L01010,KIRLOSENG,A,,,,,KIRLOSKAR OIL ENGINES LTD.,729.4,741.05,712.9,734.95,735.0,718.45,,735.2,,,14356,10428633.0,822,F1,1,,,,,,2025-05-14
2025-05-14,2025-05-14,CM,BSE,STK,533294,INE722J01012,RKDL,B,,,,,RAVI KUMAR DISTILLERIES LTD.,26.3,28.03,26.3,27.0,27.74,26.8,,27.31,,,3545,97907.0,133,F1,1,,,,,,2025-05-14
2025-05-14,2025-05-14,CM,BSE,STK,533295,INE608A01012,PSB,B,,,,,PUNJAB & SIND BANK,29.71,30.15,29.7,30.03,30.03,29.7,,30.02,,,148794,4456842.0,534,F1,1,,,,,,2025-05-14
2025-05-14,2025-05-14,CM,BSE,STK,533296,INE360L01017,FMNL,T,,,,,FUTURE MARKET NETWORKS LTD.,14.36,14.98,13.72,14.84,14.84,14.36,,14.85,,,12074,176779.0,43,F1,1,,,,,,2025-05-14
2025-05-14,2025-05-14,CM,BSE,STK,533298,INE272L01022,SURANASOL,B,,,,,SURANA SOLAR LTD.,35.0,36.43,33.95,35.4,35.49,34.23,,35.33,,,18881,669886.0,457,F1,1,,,,,,2025-05-14
2025-05-14,2025-05-14,CM,BSE,STK,533301,INE268L01046,SHEKHAWATI,T,,,,,SHEKHAWATI INDUSTRIES LIMITED,22.0,22.98,22.0,22.97,22.97,22.98,,22.77,,,2619,57976.0,23,F1,1,,,,,,2025-05-14
2025-05-14,2025-05-14,CM,BSE,STK,533302,INE029L01018,KICL,B,,,,,KALYANI INVESTMENT COMPANY LTD,4575.0,4714.8,4575.0,4696.75,4714.8,4575.55,,4677.5,,,204,948457.0,92,F1,1,,,,,,2025-05-14
2025-05-14,2025-05-14,CM,BSE,STK,533303,INE878K01010,BFINVEST,B,,,,,BF INVESTMENT LTD.,514.3,527.1,505.05,522.9,523.0,511.4,,523.85,,,3100,1604503.0,400,F1,1,,,,,,2025-05-14
2025-05-14,2025-05-14,CM,BSE,STK,533306,INE519C01017,SUMMITSEC,B,,,,,SUMMIT SECURITIES LTD.,2002.5,2032.0,1993.15,2022.1,2023.95,1975.15,,2017.7,,,818,1651824.0,125,F1,1,,,,,,2025-05-14
2025-05-14,2025-05-14,CM,BSE,STK,533315,INE690J01011,INOVSYNTH,X,,,,,INNOVASSYNTH INVESTMENTS LTD.,78.99,83.85,78.01,83.85,83.85,76.23,,83.85,,,28452,2332622.0,84,F1,1,,,,,,2025-05-14
2025-05-14,2025-05-14,CM,BSE,STK,533316,INE577L01016,STEL,T,,,,,STEL HOLDINGS LIMITED,422.75,422.75,407.05,407.05,407.05,410.0,,415.0,,,165,69132.0,16,F1,1,,,,,,2025-05-14
2025-05-14,2025-05-14,CM,BSE,STK,533317,INE474L01016,OMKARCHEM,Z,,,,,OMKAR SPECIALITY CHEMICALS LTD,5.98,6.05,5.98,6.05,6.05,5.77,,6.02,,,7181,43273.0,39,F1,1,,,,,,2025-05-14
2025-05-14,2025-05-14,CM,BSE,STK,533326,INE621L01012,TEXRAIL,A,,,,,TEXMACO RAIL & ENGINEERING LTD,145.45,156.0,143.8,155.15,155.15,144.05,,155.13,,,270845,40773388.0,2564,F1,1,,,,,,2025-05-14
2025-05-14,2025-05-14,CM,BSE,STK,533329,INE611L01021,INDTERRAIN,B,,,,,INDIAN TERRAIN FASHIONS LTD.,34.81,35.91,34.81,35.57,35.55,34.72,,35.35,,,1499,53046.0,57,F1,1,,,,,,2025-05-14
2025-05-14,2025-05-14,CM,BSE,STK,533333,INE045J01026,FCL,A,,,,,FINEOTEX CHEMICAL LTD.,258.55,259.95,253.5,255.5,258.2,257.55,,255.59,,,29427,7547654.0,1110,F1,1,,,,,,2025-05-14
2025-05-14,2025-05-14,CM,BSE,STK,533336,INE320L01011,DHUNINV,B,,,,,DHUNSERI INVESTMENTS LTD.,1568.85,1581.6,1564.0,1569.45,1569.45,1545.95,,1556.3,,,203,319325.0,41,F1,1,,,,,,2025-05-14
2025-05-14,2025-05-14,CM,BSE,STK,533339,INE251B01027,ZENTEC,A,,,,,ZEN TECHNOLOGIES LTD.,1609.8,1627.95,1589.3,1627.95,1627.95,1550.45,,1628.0,,,7817,12642177.0,276,F1,1,,,,,,2025-05-14
2025-05-14,2025-05-14,CM,BSE,STK,533343,INE597L01014,LOVABLE,B,,,,,LOVABLE LINGERIE LTD.,85.1,95.0,85.1,91.99,92.85,91.99,,92.3,,,7737,715794.0,171,F1,1,,,,,,2025-05-14
2025-05-14,2025-05-14,CM,BSE,STK,533344,INE560K01014,PFS,B,,,,,PTC INDIA FINANCIAL SERVICES L,33.81,35.98,33.81,35.34,35.29,34.16,,35.3,,,195823,6900967.0,1352,F1,1,,,,,,2025-05-14
2025-05-14,2025-05-14,CM,BSE,STK,533385,INF247L01AP3,MON100,E,,,,,MOTILAL OSWAL MOST SHARES NASD,178.01,179.28,176.86,177.38,177.38,176.54,,177.32,,,245183,43585504.0,3298,F1,1,,,,,,2025-05-14
2025-05-14,2025-05-14,CM,BSE,STK,533398,INE414G01012,MUTHOOTFIN,A,,,,,MUTHOOT FINANCE LTD.,2218.05,2269.7,2211.1,2262.75,2262.75,2218.45,,2260.0,,,18742,42195410.0,2197,F1,1,,,,,,2025-05-14
2025-05-14,2025-05-14,CM,BSE,STK,533407,INE672K01025,TRUEGREEN,XT,,,,,TRUE GREEN BIO ENERGY LIMITED,80.9,80.99,77.01,80.99,80.99,80.99,,80.99,,,860,68953.0,22,F1,1,,,,,,2025-05-14
2025-05-14,2025-05-14,CM,BSE,STK,533408,INF209KB18D3,BSLGOLDETF,E,,,,,Aditya Birla Sun Life Mutual F,83.05,83.55,82.64,82.91,83.2,83.84,,83.02,,,10314,856658.0,258,F1,1,,,,,,2025-05-14
2025-05-14,2025-05-14,CM,BSE,STK,533427,INE932K01015,VMS,X,,,,,VMS INDUSTRIES LTD.,24.71,25.94,24.71,25.94,25.94,24.71,,25.94,,,90668,2322986.0,325,F1,1,,,,,,2025-05-14
2025-05-14,2025-05-14,CM,BSE,STK,533451,INE725L01011,KARMAENG,B,,,,,KARMA ENERGY LTD.,54.92,56.75,53.15,56.72,56.72,54.92,,55.89,,,810,45621.0,7,F1,1,,,,,,2025-05-14
2025-05-14,2025-05-14,CM,BSE,STK,533452,INE726L01019,DELPHIFX,T,,,,,DELPHI WORLD MONEY LIMITED,125.6,130.7,125.6,130.7,130.7,128.15,,130.7,,,104,13256.0,4,F1,1,,,,,,2025-05-14
2025-05-14,2025-05-14,CM,BSE,STK,533470,INE573K01025,RUSHIL,B,,,,,RUSHIL DECOR LTD.,22.9,25.93,22.9,25.39,25.3,23.76,,25.43,,,182963,4612007.0,1365,F1,1,,,,,,2025-05-14
2025-05-14,2025-05-14,CM,BSE,STK,533477,INE130L01014,ENKEIWHEL,B,,,,,ENKEI WHEELS (INDIA) LTD.,523.5,525.25,507.65,519.9,519.9,517.5,,519.9,,,2231,1155603.0,32,F1,1,,,,,,2025-05-14
2025-05-14,2025-05-14,CM,BSE,STK,533482,INE524L01026,KRIDHANINF,T,,,,,KRIDHAN INFRA LIMITED,3.78,3.83,3.74,3.8,3.8,3.74,,3.78,,,6298,23801.0,34,F1,1,,,,,,2025-05-14
2025-05-14,2025-05-14,CM,BSE,STK,533506,INE878H01024,INVENTURE,B,,,,,INVENTURE GROWTH & SECURITIES,1.56,1.6,1.55,1.57,1.56,1.55,,1.56,,,579143,912475.0,392,F1,1,,,,,,2025-05-14
2025-05-14,2025-05-14,CM,BSE,STK,533519,INE498L01015,LTF,A,,,,,L&T Finance Limited,173.9,177.45,171.2,175.25,175.25,171.35,,175.21,,,178898,31382172.0,3429,F1,1,,,,,,2025-05-14
2025-05-14,2025-05-14,CM,BSE,STK,533520,INE126M01010,YAARI,B,,,,,Yaari Digital Integrated Servi,13.91,13.91,13.91,13.91,13.91,13.25,,14.22,,,10275,142925.0,5,F1,1,,,,,,2025-05-14
2025-05-14,2025-05-14,CM,BSE,STK,533540,INE040M01013,TREEHOUSE,T,,,,,TREE HOUSE EDUCATION & ACCESSO,9.1,9.1,8.47,9.0,9.0,8.71,,8.77,,,5698,51173.0,18,F1,1,,,,,,2025-05-14
2025-05-14,2025-05-14,CM,BSE,STK,533543,INE650L01011,BROOKS,T,,,,,BROOKS LABORATORIES LTD.,137.7,137.7,134.0,136.0,136.0,135.0,,135.62,,,410,55434.0,7,F1,1,,,,,,2025-05-14
2025-05-14,2025-05-14,CM,BSE,STK,533552,INE895B01021,RUPA,B,,,,,RUPA & COMPANY LTD.,200.0,203.0,198.6,201.7,201.45,197.35,,201.93,,,3102,624850.0,149,F1,1,,,,,,2025-05-14
2025-05-14,2025-05-14,CM,BSE,STK,533553,INE419M01027,TDPOWERSYS,A,,,,,T D POWER SYSTEMS LTD.,464.65,485.95,460.55,475.2,475.2,464.0,,475.5,,,175004,82859177.0,6153,F1,1,,,,,,2025-05-14
2025-05-14,2025-05-14,CM,BSE,STK,533570,INF846K01W80,AXISGOLD,E,,,,,AXIS MUTUAL FUND - AXIS GOLD E,79.3,79.41,78.77,79.05,79.05,79.62,,78.99,,,19702,1556201.0,373,F1,1,,,,,,2025-05-14
2025-05-14,2025-05-14,CM,BSE,STK,533573,INE901L01018,APLLTD,A,,,,,ALEMBIC PHARMACEUTICALS LTD.,895.0,913.65,895.0,908.15,911.7,895.05,,907.65,,,3379,3055554.0,295,F1,1,,,,,,2025-05-14
2025-05-14,2025-05-14,CM,BSE,STK,533576,INE590L01019,VASWANI,B,,,,,VASWANI INDUSTRIES LTD.,43.82,43.83,42.89,43.26,42.89,42.97,,43.19,,,22081,958366.0,331,F1,1,,,,,,2025-05-14
2025-05-14,2025-05-14,CM,BSE,STK,533581,INE457L01029,PGEL,A,,,,,PG ELECTROPLAST LTD.,859.55,863.5,822.8,832.6,832.6,846.75,,833.0,,,102418,85862022.0,3737,F1,1,,,,,,2025-05-14
2025-05-14,2025-05-14,CM,BSE,STK,533602,INE050L01048,LESHAIND,X,,,,,LESHA INDUSTRIES LTD.,1.18,1.27,1.17,1.26,1.26,1.18,,1.26,,,430882,531758.0,399,F1,1,,,,,,2025-05-14
2025-05-14,2025-05-14,CM,BSE,STK,533605,INE023M01027,SETUINFRA,Z,,,,,SETUBANDHAN INFRASTRUCTURE LIM,0.6,0.63,0.57,0.57,0.57,0.6,,0.57,,,20531,12608.0,28,F1,1,,,,,,2025-05-14
2025-05-14,2025-05-14,CM,BSE,STK,533608,INE123M01017,RDBRL,X,,,,,RDB RASAYANS LTD.,111.95,118.4,111.95,117.15,117.2,113.1,,117.15,,,8474,974652.0,89,F1,1,,,,,,2025-05-14
2025-05-14,2025-05-14,CM,BSE,STK,533629,INE440L01017,TIJARIA,T,,,,,TIJARIA POLYPIPES LTD.,6.14,6.14,6.14,6.14,6.14,6.02,,6.14,,,100,614.0,2,F1,1,,,,,,2025-05-14
2025-05-14,2025-05-14,CM,BSE,STK,533632,INE912L01015,ONELIFECAP,T,,,,,ONELIFE CAPITAL ADVISORS LTD.,10.65,10.88,10.65,10.65,10.65,11.21,,10.78,,,484,5187.0,16,F1,1,,,,,,2025-05-14
2025-05-14,2025-05-14,CM,BSE,STK,533638,INE060J01017,FLEXITUFF,T,,,,,FLEXITUFF VENTURES INTERNATION,32.42,32.42,31.26,31.26,31.26,31.79,,31.26,,,701,22725.0,2,F1,1,,,,,,2025-05-14
2025-05-14,2025-05-14,CM,BSE,STK,533655,INE152M01016,TRITURBINE,A,,,,,TRIVENI TURBINE LTD.,553.15,596.25,552.1,575.55,575.55,550.6,,574.1,,,334197,194243064.0,6723,F1,1,,,,,,2025-05-14
2025-05-14,2025-05-14,CM,BSE,STK,533676,INE337M01013,INDOTHAI,T,,,,,INDO THAI SECURITIES LTD.,1830.0,1830.0,1777.1,1803.35,1818.0,1849.7,,1815.8,,,297,537832.0,40,F1,1,,,,,,2025-05-14
2025-05-14,2025-05-14,CM,BSE,STK,533704,INE122M01019,ESSARSHPNG,B,,,,,ESSAR SHIPPING LTD.,31.9,31.9,31.9,31.9,31.9,30.39,,32.04,,,1607,51263.0,9,F1,1,,,,,,2025-05-14
2025-05-14,2025-05-14,CM,BSE,STK,533719,INF397L01554,LICMFGOLD,E,,,,,IDBI MUTUAL FUND - IDBI GOLD E,8537.92,8571.99,8405.95,8567.03,8563.11,8575.95,,8573.3,,,305,2591012.0,92,F1,1,,,,,,2025-05-14
2025-05-14,2025-05-14,CM,BSE,STK,533758,INE702C01027,APLAPOLLO,A,,,,,APL APOLLO TUBES LTD.,1727.35,1750.75,1718.55,1744.55,1744.55,1725.35,,1745.1,,,35144,61075187.0,3296,F1,1,,,,,,2025-05-14
2025-05-14,2025-05-14,CM,BSE,STK,533761,INE390G01014,GPTINFRA,B,,,,,GPT INFRAPROJECTS LTD.,131.0,139.8,131.0,138.2,138.85,130.15,,137.86,,,39627,5401892.0,554,F1,1,,,,,,2025-05-14
2025-05-14,2025-05-14,CM,BSE,STK,533896,INE258M01011,FERVENTSYN,X,,,,,FERVENT SYNERGIES LTD.,22.96,24.15,21.21,22.0,22.0,22.96,,22.0,,,1790,40327.0,29,F1,1,,,,,,2025-05-14
2025-05-14,2025-05-14,CM,BSE,STK,533941,INE480M01011,THOMASCOTT,T,,,,,THOMAS SCOTT (INDIA) LIMITED,345.2,355.75,336.0,337.9,337.9,345.3,,341.95,,,2220,764524.0,68,F1,1,,,,,,2025-05-14
2025-05-14,2025-05-14,CM,BSE,STK,533982,INE482B01010,TERASOFT,T,,,,,TERA SOFTWARE LTD.,263.25,263.6,263.25,263.6,263.6,251.05,,263.6,,,23673,6240147.0,84,F1,1,,,,,,2025-05-14
2025-05-14,2025-05-14,CM,BSE,STK,534060,INE793G01035,PMCFIN,X,,,,,PMC FINCORP LIMITED,2.37,2.39,2.34,2.37,2.37,2.37,,2.37,,,1034775,2443681.0,878,F1,1,,,,,,2025-05-14
2025-05-14,2025-05-14,CM,BSE,STK,534063,INE241F01011,FUTSOL,X,,,,,FUTURISTIC SOLUTIONS LTD.,55.25,56.0,55.25,55.91,55.65,58.43,,55.91,,,77,4272.0,3,F1,1,,,,,,2025-05-14
2025-05-14,2025-05-14,CM,BSE,STK,534064,INE123D01024,AIML,XT,,,,,ALLIANCE INTEGRATED METALIKS L,4.15,4.15,3.85,4.04,4.0,3.97,,4.04,,,82059,328409.0,194,F1,1,,,,,,2025-05-14
2025-05-14,2025-05-14,CM,BSE,STK,534076,INE743M01012,RHIM,A,,,,,RHI MAGNESITA INDIA LIMITED,452.0,467.5,449.95,458.15,457.55,449.9,,458.45,,,11921,5490016.0,661,F1,1,,,,,,2025-05-14
2025-05-14,2025-05-14,CM,BSE,STK,534091,INE745G01035,MCX,A,,,,,MULTI COMMODITY EXCHANGE OF IN,5970.3,6229.15,5920.0,6206.0,6200.0,5935.25,,6202.5,,,27595,168337116.0,4355,F1,1,,,,,,2025-05-14
2025-05-14,2025-05-14,CM,BSE,STK,534139,INE839M01018,SCHNEIDER,A,,,,,SCHNEIDER ELECTRIC INFRASTRUCT,620.0,636.0,617.9,622.6,625.0,620.15,,622.55,,,36571,22940330.0,1736,F1,1,,,,,,2025-05-14
2025-05-14,2025-05-14,CM,BSE,STK,534190,INE550L01013,OLPCL,XT,,,,,OLYMPIC CARDS LTD.,3.0,3.15,3.0,3.14,3.14,3.14,,3.14,,,1036,3187.0,15,F1,1,,,,,,2025-05-14
2025-05-14,2025-05-14,CM,BSE,STK,534309,INE095N01031,NBCC,A,,,,,NBCC (India) Limited,102.02,107.66,101.8,106.73,106.73,101.76,,106.75,,,4221728,445396753.0,21290,F1,1,,,,,,2025-05-14
2025-05-14,2025-05-14,CM,BSE,STK,534312,INE472M01018,MTEDUCARE,T,,,,,MT EDUCARE LTD.,2.39,2.39,2.25,2.25,2.25,2.35,,2.27,,,2491,5702.0,16,F1,1,,,,,,2025-05-14
2025-05-14,2025-05-14,CM,BSE,STK,534328,INE750M01017,HEXATRADEX,B,,,,,HEXA TRADEX LTD.,188.8,195.0,187.3,194.5,194.4,185.7,,189.33,,,626,118234.0,74,F1,1,,,,,,2025-05-14
2025-05-14,2025-05-14,CM,BSE,STK,534338,INE393F01010,MAXHEIGHTS,X,,,,,MAXHEIGHTS INFRASTRUCTURE LTD.,16.08,16.49,15.36,16.12,16.12,16.16,,16.12,,,5273,82192.0,31,F1,1,,,,,,2025-05-14
2025-05-14,2025-05-14,CM,BSE,STK,534369,INE760L01018,TBZ,B,,,,,TRIBHOVANDAS BHIMJI ZAVERI LTD,203.15,211.0,202.6,204.5,204.25,201.65,,204.33,,,21238,4393592.0,764,F1,1,,,,,,2025-05-14
2025-05-14,2025-05-14,CM,BSE,STK,534392,INE050M01012,VSSL,B,,,,,VARDHMAN SPECIAL STEELS LTD.,254.4,262.2,246.2,258.9,257.5,246.15,,258.6,,,14321,3641060.0,880,F1,1,,,,,,2025-05-14
2025-05-14,2025-05-14,CM,BSE,STK,534422,INE204N01013,LOOKS,X,,,,,LOOKS HEALTH SERVICES LIMITED,4.61,4.63,4.61,4.63,4.63,4.61,,4.63,,,1464,6751.0,12,F1,1,,,,,,2025-05-14
2025-05-14,2025-05-14,CM,BSE,STK,534425,INE247M01014,SPECIALITY,B,,,,,SPECIALITY RESTAURANTS LTD.,134.0,137.0,133.65,134.75,135.25,133.35,,134.43,,,3697,500658.0,293,F1,1,,,,,,2025-05-14
2025-05-14,2025-05-14,CM,BSE,STK,534532,INE142K01011,LYPSAGEMS,B,,,,,LYPSA GEMS & JEWELLERY LTD,6.5,6.5,6.0,6.15,6.15,6.3,,6.15,,,6891,42752.0,122,F1,1,,,,,,2025-05-14
2025-05-14,2025-05-14,CM,BSE,STK,534597,INE834M01019,RTNINDIA,A,,,,,RATTANINDIA ENTERPRISES LIMITE,46.39,46.7,45.23,46.23,46.23,45.89,,46.22,,,157531,7248802.0,1373,F1,1,,,,,,2025-05-14
2025-05-14,2025-05-14,CM,BSE,STK,534598,INE735M01018,SAMPANN,B,,,,,Sampann Utpadan India Limited,30.07,30.38,30.0,30.38,30.38,28.94,,31.03,,,1601,48486.0,14,F1,1,,,,,,2025-05-14
2025-05-14,2025-05-14,CM,BSE,STK,534600,INE391J01032,JTLIND,B,,,,,JTL INDUSTRIES LIMITED,64.66,67.32,64.65,65.97,66.48,64.65,,65.93,,,360867,23938210.0,2234,F1,1,,,,,,2025-05-14
2025-05-14,2025-05-14,CM,BSE,STK,534612,INE436N01029,AMTL,X,,,,,ADVANCE METERING TECHNOLOGY LT,26.5,28.0,26.0,26.86,27.0,25.98,,26.86,,,8156,219522.0,71,F1,1,,,,,,2025-05-14
2025-05-14,2025-05-14,CM,BSE,STK,534615,INE553C01016,NECCLTD,B,,,,,NORTH EASTERN CARRYING CORPORA,23.5,23.81,23.11,23.36,23.42,23.41,,23.35,,,16074,376798.0,198,F1,1,,,,,,2025-05-14
2025-05-14,2025-05-14,CM,BSE,STK,534618,INE299N01021,WAAREERTL,B,,,,,WAAREE RENEWABLE TECHNOLOGIES,993.8,1020.0,980.3,1009.55,1009.55,979.85,,1009.25,,,202498,203564855.0,9833,F1,1,,,,,,2025-05-14
2025-05-14,2025-05-14,CM,BSE,STK,534623,INE524N01014,JUPITERIN,XT,,,,,JUPITER INFOMEDIA LTD.,58.05,58.05,55.0,56.27,55.5,55.85,,56.27,,,5678,322967.0,71,F1,1,,,,,,2025-05-14
2025-05-14,2025-05-14,CM,BSE,STK,534674,INE741L01018,DUCON,B,,,,,Ducon Infratechnologies Ltd,6.0,6.43,5.95,6.2,6.16,5.99,,6.22,,,131136,815303.0,312,F1,1,,,,,,2025-05-14
2025-05-14,2025-05-14,CM,BSE,STK,534675,INE195N01013,PROZONER,T,,,,,PROZONE REALTY LIMITED,35.01,35.1,35.01,35.1,35.1,35.69,,35.1,,,20016,702471.0,33,F1,1,,,,,,2025-05-14
2025-05-14,2025-05-14,CM,BSE,STK,534680,INE559N01010,SRGHFL,B,,,,,SRG HOUSING FINANCE LTD.,300.05,328.0,300.05,319.65,319.7,309.25,,320.15,,,238,75044.0,19,F1,1,,,,,,2025-05-14
2025-05-14,2025-05-14,CM,BSE,STK,534691,INE456N01019,COMCL,X,,,,,COMFORT COMMOTRADE LTD.,26.22,27.27,25.72,26.91,26.71,26.21,,26.91,,,16831,447631.0,155,F1,1,,,,,,2025-05-14
2025-05-14,2025-05-14,CM,BSE,STK,534708,INE892L01019,SHANTIGURU,MT,,,,,SHANTI GURU INDUSTRIES LIMITED,8.73,8.73,8.73,8.73,8.73,8.56,,8.73,,,6000,52380.0,2,F1,3000,,,,,,2025-05-14
2025-05-14,2025-05-14,CM,BSE,STK,534732,INE176N01021,CASPIAN,X,,,,,CASPIAN CORPORATE SERVICES LIM,7.45,7.61,7.41,7.61,7.61,7.25,,7.61,,,38470,290985.0,166,F1,1,,,,,,2025-05-14
2025-05-14,2025-05-14,CM,BSE,STK,534733,INE175N01023,AERPACE,XT,,,,,Aerpace Industries Limited,22.56,22.56,21.68,21.68,21.68,22.12,,21.68,,,303134,6697892.0,266,F1,1,,,,,,2025-05-14
2025-05-14,2025-05-14,CM,BSE,STK,534741,INE247C01023,VIRTUALG,XT,,,,,VIRTUAL GLOBAL EDUCATION LTD.,0.49,0.49,0.47,0.48,0.48,0.48,,0.48,,,507829,242399.0,701,F1,1,,,,,,2025-05-14
2025-05-14,2025-05-14,CM,BSE,STK,534742,INE840M01016,ZUARI,B,,,,,ZUARI AGRO CHEMICALS LTD.,227.3,227.3,221.15,221.8,221.9,225.2,,222.01,,,11177,2498426.0,373,F1,1,,,,,,2025-05-14
2025-05-14,2025-05-14,CM,BSE,STK,534748,INE503B01021,STEELXIND,B,,,,,STEEL EXCHANGE INDIA LTD.,8.55,8.6,8.37,8.52,8.55,8.4,,8.5,,,337479,2865808.0,747,F1,1,,,,,,2025-05-14
2025-05-14,2025-05-14,CM,BSE,STK,534755,INE234G01022,TRIOMERC,XT,,,,,TRIO MERCANTILE & TRADING LTD.,0.71,0.71,0.71,0.71,0.71,0.68,,0.71,,,126510,89822.0,33,F1,1,,,,,,2025-05-14
2025-05-14,2025-05-14,CM,BSE,STK,534758,INE675C01017,CIGNITITEC,A,,,,,CIGNITI TECHNOLOGIES LTD.,1519.65,1578.3,1519.65,1571.75,1571.75,1530.25,,1572.7,,,5687,8887908.0,782,F1,1,,,,,,2025-05-14
2025-05-14,2025-05-14,CM,BSE,STK,534804,INE752H01013,CARERATING,A,,,,,CARE Ratings Limited,1515.35,1565.0,1500.0,1518.95,1529.0,1518.25,,1521.9,,,12171,18648610.0,1367,F1,1,,,,,,2025-05-14
2025-05-14,2025-05-14,CM,BSE,STK,534809,INE785M01021,PCJEWELLER,B,,,,,PC JEWELLER LTD.,12.4,12.51,12.3,12.45,12.45,12.39,,12.47,,,2634128,32708104.0,2684,F1,1,,,,,,2025-05-14
2025-05-14,2025-05-14,CM,BSE,STK,534816,INE121J01017,INDUSTOWER,A,,,,,INDUS TOWERS LIMITED,397.8,398.85,392.2,396.1,396.1,394.45,,396.0,,,106361,42025158.0,1755,F1,1,,,,,,2025-05-14
2025-05-14,2025-05-14,CM,BSE,STK,534976,INE665J01013,VMART,A,,,,,V-MART RETAIL LTD.,3550.6,3578.45,3472.75,3484.3,3484.3,3560.85,,3485.8,,,85374,301820362.0,653,F1,1,,,,,,2025-05-14
2025-05-14,2025-05-14,CM,BSE,STK,535136,INE149O01018,NIBE,B,,,,,NIBE LIMITED,1459.3,1516.8,1420.05,1516.8,1516.8,1444.6,,1514.9,,,20750,30942232.0,1210,F1,1,,,,,,2025-05-14
2025-05-14,2025-05-14,CM,BSE,STK,535204,INE160O01031,MUKTA,X,,,,,Mukta Agriculture Limited,3.57,3.58,3.57,3.57,3.57,3.58,,3.57,,,5118,18272.0,10,F1,1,,,,,,2025-05-14
2025-05-14,2025-05-14,CM,BSE,STK,535205,INE159O01033,MYSTICELE,XT,,,,,Mystic Electronics Limited,4.06,4.06,4.04,4.04,4.04,4.06,,4.04,,,1052,4250.0,6,F1,1,,,,,,2025-05-14
2025-05-14,2025-05-14,CM,BSE,STK,535267,INE274M01026,COMFINCAP,X,,,,,COMFORT FINCAP LTD.,9.01,9.14,8.61,8.99,8.9,8.78,,8.99,,,134690,1219516.0,203,F1,1,,,,,,2025-05-14
2025-05-14,2025-05-14,CM,BSE,STK,535276,INF200K01VT2,SBISENSEX,A,,,,,SBI MUTUAL FUND - SBI ETF SENS,890.0,896.0,888.0,890.05,890.0,890.51,,890.05,,,4707,4200254.0,182,F1,1,,,,,,2025-05-14
2025-05-14,2025-05-14,CM,BSE,STK,535279,INE583M01012,BMAL,M,,,,,BOTHRA METALS & ALLOYS LTD.,10.3,10.3,10.3,10.3,10.3,9.56,,10.3,,,4000,41200.0,1,F1,4000,,,,,,2025-05-14
2025-05-14,2025-05-14,CM,BSE,STK,535322,INE612J01015,REPCOHOME,A,,,,,REPCO HOME FINANCE LTD.,408.6,416.45,401.0,405.0,405.7,405.95,,406.05,,,11255,4590011.0,795,F1,1,,,,,,2025-05-14
2025-05-14,2025-05-14,CM,BSE,STK,535387,INE191O01010,LAKHOTIA,XT,,,,,LAKHOTIA POLYESTERS (INDIA) LT,39.21,39.21,39.02,39.02,39.02,39.21,,39.02,,,494,19294.0,9,F1,1,,,,,,2025-05-14
2025-05-14,2025-05-14,CM,BSE,STK,535431,INE168O01026,GCMSECU,B,,,,,GCM SECURITIES LTD,0.89,0.9,0.87,0.88,0.88,0.86,,0.88,,,216647,191327.0,179,F1,1,,,,,,2025-05-14
2025-05-14,2025-05-14,CM,BSE,STK,535458,INE047O01014,NIBL,B,,,,,NRB INDUSTRIAL BEARINGS LTD.,24.7,24.7,22.11,22.99,22.99,22.88,,22.86,,,2161,49781.0,56,F1,1,,,,,,2025-05-14
2025-05-14,2025-05-14,CM,BSE,STK,535514,INE748D01010,PRIMECAPM,X,,,,,PRIME CAPITAL MARKET LTD.,8.25,8.25,8.25,8.25,8.25,8.25,,8.25,,,6,49.0,4,F1,1,,,,,,2025-05-14
2025-05-14,2025-05-14,CM,BSE,STK,535566,INE902D01013,KIFS,XT,,,,,KIFS FINANCIAL SERVICES LTD.,109.45,114.0,109.35,113.05,113.0,115.1,,113.05,,,1141,124980.0,22,F1,1,,,,,,2025-05-14
2025-05-14,2025-05-14,CM,BSE,STK,535602,INE597I01028,SHARDAMOTR,B,,,,,SHARDA MOTOR INDUSTRIES LTD,1655.05,1769.9,1655.05,1749.75,1749.75,1680.5,,1742.2,,,5524,9551106.0,546,F1,1,,,,,,2025-05-14
2025-05-14,2025-05-14,CM,BSE,STK,535621,INE159L01013,SVGLOBAL,X,,,,,S V GLOBAL MILL LTD.,162.95,162.95,160.0,160.0,160.0,161.8,,160.0,,,172,27595.0,9,F1,1,,,,,,2025-05-14
2025-05-14,2025-05-14,CM,BSE,STK,535648,INE599M01018,JUSTDIAL,A,,,,,JUST DIAL LTD.,943.55,943.55,921.05,936.65,935.0,938.55,,937.15,,,11442,10671794.0,835,F1,1,,,,,,2025-05-14
2025-05-14,2025-05-14,CM,BSE,STK,535657,INE860E01011,OONE,X,,,,,OBJECTONE INFORMATION SYSTEMS,9.04,9.04,8.61,9.03,9.03,9.07,,9.03,,,1799,16205.0,28,F1,1,,,,,,2025-05-14
2025-05-14,2025-05-14,CM,BSE,STK,535667,INE474O01010,IFINSEC,X,,,,,INDIA FINSEC LTD.,159.0,159.0,145.0,153.9,153.9,152.4,,153.9,,,108,16295.0,7,F1,1,,,,,,2025-05-14
2025-05-14,2025-05-14,CM,BSE,STK,535693,INE320I01017,BRAHMINFRA,X,,,,,BRAHMAPUTRA INFRASTRUCTURE LTD,51.88,53.0,50.33,51.07,51.49,51.28,,51.07,,,7326,377447.0,113,F1,1,,,,,,2025-05-14
2025-05-14,2025-05-14,CM,BSE,STK,535719,INE989J01017,AMPVOLTS,XT,,,,,AMPVOLTS LIMITED,27.9,28.2,25.8,26.7,26.7,27.09,,26.7,,,13908,373886.0,84,F1,1,,,,,,2025-05-14
2025-05-14,2025-05-14,CM,BSE,STK,535730,INE731G01027,KHOOBSURAT,X,,,,,KHOOBSURAT LTD,0.57,0.57,0.55,0.57,0.57,0.55,,0.57,,,1328988,755947.0,323,F1,1,,,,,,2025-05-14
2025-05-14,2025-05-14,CM,BSE,STK,535754,INE876N01018,ORIENTCEM,A,,,,,ORIENT CEMENT LTD,359.15,359.15,350.5,352.65,352.1,354.85,,352.45,,,12729,4489817.0,249,F1,1,,,,,,2025-05-14
2025-05-14,2025-05-14,CM,BSE,STK,535755,INE647O01011,ABFRL,A,,,,,Aditya Birla Fashion and Retai,267.1,279.4,267.1,276.85,277.0,268.0,,277.15,,,171018,47317898.0,4141,F1,1,,,,,,2025-05-14
2025-05-14,2025-05-14,CM,BSE,STK,535789,INE148I01020,SAMMAANCAP,A,,,,,Sammaan Capital Limited,123.05,125.0,122.35,124.6,124.6,123.05,,124.53,,,341105,42275480.0,2353,F1,1,,,,,,2025-05-14
2025-05-14,2025-05-14,CM,BSE,STK,535910,INE340O01021,MMLF,T,,,,,MONEY MASTERS LEASING & FINANC,1.33,1.4,1.3,1.3,1.3,1.36,,1.3,,,346760,455348.0,286,F1,1,,,,,,2025-05-14
2025-05-14,2025-05-14,CM,BSE,STK,535916,INE030P01017,ALSL,T,,,,,ALACRITY SECURITIES LTD,74.63,74.63,74.48,74.48,74.48,76.0,,74.48,,,2546,189776.0,8,F1,1,,,,,,2025-05-14
2025-05-14,2025-05-14,CM,BSE,STK,535958,INE418N01035,ESSENTIA,B,,,,,Integra Essentia Limited,2.34,2.43,2.32,2.41,2.41,2.34,,2.41,,,767949,1835735.0,935,F1,1,,,,,,2025-05-14
2025-05-14,2025-05-14,CM,BSE,STK,536073,INE890N01027,JULIEN,X,,,,,JULIEN AGRO INFRATECH LIMITED,8.52,8.93,8.42,8.52,8.52,8.6,,8.52,,,54087,466094.0,176,F1,1,,,,,,2025-05-14
2025-05-14,2025-05-14,CM,BSE,STK,536264,INE906O01029,TIGERLOGS,X,,,,,TIGER LOGISTICS (INDIA) LTD,51.0,51.5,50.5,50.79,50.79,50.54,,50.79,,,83231,4242236.0,441,F1,1,,,,,,2025-05-14
2025-05-14,2025-05-14,CM,BSE,STK,536493,INE690O01011,JKAGRI,X,,,,,JK AGRI GENETICS LTD,356.0,369.0,356.0,369.0,369.0,356.0,,369.0,,,323,117058.0,20,F1,1,,,,,,2025-05-14
2025-05-14,2025-05-14,CM,BSE,STK,536659,INE428B01013,PVVINFRA,XT,,,,,PVV Infra Limited,5.16,5.16,4.97,5.05,5.05,5.0,,5.05,,,389018,1976243.0,203,F1,1,,,,,,2025-05-14
2025-05-14,2025-05-14,CM,BSE,STK,536672,INE962O01014,VCU,X,,,,,VCU DATA MANAGEMENT LTD,5.75,5.89,5.6,5.78,5.85,5.85,,5.78,,,12578,72004.0,88,F1,1,,,,,,2025-05-14
2025-05-14,2025-05-14,CM,BSE,STK,536709,INE138O01029,INDRENEW,X,,,,,IND Renewable Energy Ltd,12.21,12.66,12.15,12.37,12.4,12.21,,12.37,,,17909,221399.0,109,F1,1,,,,,,2025-05-14
2025-05-14,2025-05-14,CM,BSE,STK,536773,INE147P01019,JPOLYINVST,B,,,,,JINDAL POLY INVESTMENT AND FIN,931.45,966.85,931.45,946.95,950.4,931.45,,946.35,,,1478,1402482.0,252,F1,1,,,,,,2025-05-14
2025-05-14,2025-05-14,CM,BSE,STK,536846,INE156M01017,YURANUS,XT,,,,,YURANUS INFRASTRUCTURE LTD,73.63,73.63,70.6,73.63,73.63,74.0,,73.63,,,237,17435.0,5,F1,1,,,,,,2025-05-14
2025-05-14,2025-05-14,CM,BSE,STK,536960,INF247L01023,MOM100,B,,,,,MOTILAL OSWAL MUTUAL FUND - MO,59.5,60.13,59.5,60.1,60.11,59.36,,60.05,,,10568,633581.0,350,F1,1,,,,,,2025-05-14
2025-05-14,2025-05-14,CM,BSE,STK,536974,INE536P01021,CPL,X,,,,,CAPTAIN POLYPLAST LTD,83.0,84.47,82.1,82.58,82.58,82.26,,82.58,,,31342,2599043.0,280,F1,1,,,,,,2025-05-14
2025-05-14,2025-05-14,CM,BSE,STK,537007,INF109K012R6,NIFTYIETF,B,,,,,ICICI Prudential Nifty ETF,274.2,275.99,273.84,274.99,275.54,273.99,,275.06,,,30666,8434629.0,224,F1,1,,,,,,2025-05-14
2025-05-14,2025-05-14,CM,BSE,STK,537008,INF109KC16V9,NIF100IETF,B,,,,,ICICI Prudential Nifty 100 ETF,27.15,28.05,27.15,27.75,27.8,27.62,,27.78,,,6282,174721.0,26,F1,1,,,,,,2025-05-14
2025-05-14,2025-05-14,CM,BSE,STK,537069,INE185K01036,ARNOLD,X,,,,,ARNOLD HOLDINGS LTD,29.29,31.47,28.71,31.32,31.32,28.61,,31.32,,,71026,2211737.0,166,F1,1,,,,,,2025-05-14
2025-05-14,2025-05-14,CM,BSE,STK,537253,INE671C01016,SUNLOC,X,,,,,SUNIL HEALTHCARE LTD,74.5,75.0,70.51,70.71,70.71,70.98,,70.71,,,1336,97002.0,22,F1,1,,,,,,2025-05-14
2025-05-14,2025-05-14,CM,BSE,STK,537254,INE140B01014,RCIIND,Z,,,,,RCI INDUSTRIES & TECHNOLOGIES,4.74,5.22,4.74,4.74,4.74,4.98,,4.74,,,5368,26412.0,14,F1,1,,,,,,2025-05-14
2025-05-14,2025-05-14,CM,BSE,STK,537259,INE442P01014,SUYOG,T,,,,,SUYOG TELEMATICS LTD,890.0,912.85,857.0,907.1,907.1,869.4,,904.7,,,2575,2322947.0,148,F1,1,,,,,,2025-05-14
2025-05-14,2025-05-14,CM,BSE,STK,537291,INE448G01010,NATHBIOGEN,B,,,,,NATH BIO-GENES (INDIA) LTD,175.0,176.0,169.7,174.35,172.6,169.8,,174.71,,,14188,2430824.0,879,F1,1,,,,,,2025-05-14
2025-05-14,2025-05-14,CM,BSE,STK,537292,INE449G01018,AGRITECH,B,,,,,AGRI- TECH (INDIA) LTD,158.15,158.85,157.6,157.65,157.6,156.15,,158.39,,,686,108654.0,40,F1,1,,,,,,2025-05-14
2025-05-14,2025-05-14,CM,BSE,STK,537326,INE212P01011,CHEMTECH,XT,,,,,CHEMTECH INDUSTRIAL VALVES LTD,137.9,137.9,131.0,136.5,136.5,133.6,,136.5,,,3568,486762.0,44,F1,1,,,,,,2025-05-14
2025-05-14,2025-05-14,CM,BSE,STK,537483,INF204K014N5,NIF100BEES,B,,,,,NIPPON INDIA ETF NIFTY 100,264.18,266.08,263.93,265.31,265.5,263.57,,265.1,,,557,147633.0,65,F1,1,,,,,,2025-05-14
2025-05-14,2025-05-14,CM,BSE,STK,537536,INE051G01012,DENISCHEM,X,,,,,DENIS CHEM LAB LTD,100.5,101.0,98.0,100.2,100.1,99.85,,100.2,,,13750,1379607.0,96,F1,1,,,,,,2025-05-14
2025-05-14,2025-05-14,CM,BSE,STK,537573,INE826P01018,POLYMAC,M,,,,,POLYMAC THERMOFORMERS LTD,12.0,12.0,12.0,12.0,12.0,12.0,,12.0,,,800,9600.0,1,F1,800,,,,,,2025-05-14
2025-05-14,2025-05-14,CM,BSE,STK,537707,INE546I01017,ETT,X,,,,,ETT LTD,16.5,19.69,16.5,19.46,19.46,16.5,,19.46,,,1365679,25374115.0,2299,F1,1,,,,,,2025-05-14
2025-05-14,2025-05-14,CM,BSE,STK,537708,INF174K014P6,NIFTY1,B,,,,,KOTAK MAHINDRA MUTUAL FUND - K,269.84,270.72,267.56,269.17,269.66,268.37,,269.37,,,5995,1613154.0,226,F1,1,,,,,,2025-05-14
2025-05-14,2025-05-14,CM,BSE,STK,537709,INE101H01013,HANSUGAR,XT,,,,,SHREE HANUMAN SUGAR & INDUSTRI,5.15,5.52,5.15,5.49,5.5,5.27,,5.49,,,7399,40414.0,62,F1,1,,,,,,2025-05-14
2025-05-14,2025-05-14,CM,BSE,STK,537750,INE555P01013,KIRANVYPAR,X,,,,,KIRAN VYAPAR LTD,212.1,218.6,212.1,218.0,218.6,212.1,,218.0,,,1562,339123.0,50,F1,1,,,,,,2025-05-14
2025-05-14,2025-05-14,CM,BSE,STK,537766,INE905P01028,BCP,XT,,,,,B.C. POWER CONTROLS LTD,2.0,2.0,1.87,1.98,1.98,1.96,,1.98,,,152457,296808.0,236,F1,1,,,,,,2025-05-14
2025-05-14,2025-05-14,CM,BSE,STK,537785,INE084Q01012,RACE,B,,,,,RACE ECO CHAIN LIMITED,264.0,272.0,262.0,263.1,263.0,274.7,,262.95,,,2912,768345.0,468,F1,1,,,,,,2025-05-14
2025-05-14,2025-05-14,CM,BSE,STK,537800,INE717C01025,MANGIND,XT,,,,,MANGALAM INDUSTRIAL FINANCE LT,1.76,1.76,1.76,1.76,1.76,1.68,,1.76,,,283549,499046.0,189,F1,1,,,,,,2025-05-14
2025-05-14,2025-05-14,CM,BSE,STK,537820,INE159N01027,VIJIFIN,B,,,,,VIJI FINANCE LTD,2.42,2.54,2.33,2.41,2.41,2.37,,2.43,,,23158,55921.0,57,F1,1,,,,,,2025-05-14
2025-05-14,2025-05-14,CM,BSE,STK,537839,INE977M01024,PHOENIXTN,X,,,,,PHOENIX TOWNSHIP LTD,228.0,228.0,216.1,219.0,219.0,222.25,,219.0,,,336,73824.0,18,F1,1,,,,,,2025-05-14
2025-05-14,2025-05-14,CM,BSE,STK,537985,INE463B01036,INFRONICS,X,,,,,INFRONICS SYSTEMS LTD,44.35,44.45,42.55,44.36,44.36,44.35,,44.36,,,1059,46956.0,16,F1,1,,,,,,2025-05-14
2025-05-14,2025-05-14,CM,BSE,STK,538057,INF457M01133,CPSEETF,A,,,,,CPSE ETF,89.32,90.34,89.12,90.01,90.01,88.9,,90.01,,,132458,11917807.0,514,F1,1,,,,,,2025-05-14
2025-05-14,2025-05-14,CM,BSE,STK,538081,INE493N01012,HARIAAPL,X,,,,,HARIA APPARELS LTD,5.94,5.94,5.25,5.27,5.27,5.05,,5.27,,,2901,15744.0,11,F1,1,,,,,,2025-05-14
2025-05-14,2025-05-14,CM,BSE,STK,538092,INE574G01013,VASUPRADA,X,,,,,SHRI VASUPRADA PLANTATIONS LIM,109.95,109.95,105.0,105.5,107.65,105.0,,105.5,,,407,42998.0,16,F1,1,,,,,,2025-05-14
2025-05-14,2025-05-14,CM,BSE,STK,538119,INE012Q01021,RNBDENIMS,X,,,,,R&B DENIMS LTD,94.0,95.4,90.7,94.07,94.0,92.43,,94.07,,,12592,1187571.0,213,F1,1,,,,,,2025-05-14
2025-05-14,2025-05-14,CM,BSE,STK,538212,INE909D01026,SHARPINV,XT,,,,,SHARP INVESTMENTS LTD,0.54,0.54,0.54,0.54,0.54,0.52,,0.54,,,65948,35611.0,67,F1,1,,,,,,2025-05-14
2025-05-14,2025-05-14,CM,BSE,STK,538268,INE066O01014,WONDERLA,B,,,,,WONDERLA HOLIDAYS LTD,660.8,670.0,656.0,663.5,663.9,660.25,,664.3,,,2086,1380946.0,146,F1,1,,,,,,2025-05-14
2025-05-14,2025-05-14,CM,BSE,STK,538273,INE401B01010,RESPONSINF,X,,,,,RESPONSE INFORMATICS LTD,36.5,39.15,36.5,38.95,38.95,37.9,,38.95,,,336,12809.0,5,F1,1,,,,,,2025-05-14
2025-05-14,2025-05-14,CM,BSE,STK,538319,INE191P01017,GCMCAPI,M,,,,,GCM CAPITAL ADVISORS LTD,5.54,5.54,5.07,5.07,5.07,5.54,,5.07,,,6000,31360.0,6,F1,1000,,,,,,2025-05-14
2025-05-14,2025-05-14,CM,BSE,STK,538351,INE663P01015,AFEL,XT,,,,,A.F. ENTERPRISES LTD,5.94,5.94,5.83,5.83,5.83,5.94,,5.83,,,35172,206053.0,108,F1,1,,,,,,2025-05-14
2025-05-14,2025-05-14,CM,BSE,STK,538365,INE452L01012,INCREDIBLE,B,,,,,INCREDIBLE INDUSTRIES LIMITED,38.0,39.0,38.0,38.0,38.0,38.0,,38.72,,,3704,140780.0,18,F1,1,,,,,,2025-05-14
2025-05-14,2025-05-14,CM,BSE,STK,538382,INE266P01017,WESTLEIRES,X,,,,,WEST LEISURE RESORTS LTD,160.0,160.0,157.05,159.5,157.05,165.0,,159.5,,,30,4785.0,2,F1,1,,,,,,2025-05-14
2025-05-14,2025-05-14,CM,BSE,STK,538401,INE318N01011,METSL,X,,,,,MAESTROS ELECTRONICS & TELECOM,165.0,165.0,152.55,154.15,154.15,160.1,,154.15,,,8554,1357313.0,95,F1,1,,,,,,2025-05-14
2025-05-14,2025-05-14,CM,BSE,STK,538422,INE508N01025,JACKSON,X,,,,,JACKSON INVESTMENTS LTD,0.47,0.51,0.46,0.5,0.5,0.46,,0.5,,,1011357,489015.0,644,F1,1,,,,,,2025-05-14
2025-05-14,2025-05-14,CM,BSE,STK,538446,INE296Q01012,MONEYBOXX,X,,,,,MONEYBOXX FINANCE LIMITED,198.0,200.6,188.0,191.05,191.05,197.3,,191.05,,,43136,8334444.0,378,F1,1,,,,,,2025-05-14
2025-05-14,2025-05-14,CM,BSE,STK,538451,INE114O01020,WORTH,XT,,,,,WORTH INVESTMENT & TRADING CO,23.05,23.99,23.05,23.99,23.99,23.52,,23.99,,,120031,2860902.0,67,F1,1,,,,,,2025-05-14
2025-05-14,2025-05-14,CM,BSE,STK,538452,INE855P01041,QUASAR,XT,,,,,QUASAR INDIA LTD,0.92,0.92,0.92,0.92,0.92,0.93,,0.92,,,5211174,4794280.0,2004,F1,1,,,,,,2025-05-14
2025-05-14,2025-05-14,CM,BSE,STK,538464,INE901C01017,TPROJECT,X,,,,,THIRANI PROJECTS LTD,3.52,4.18,3.52,4.15,4.15,3.5,,4.15,,,5951,21162.0,15,F1,1,,,,,,2025-05-14
2025-05-14,2025-05-14,CM,BSE,STK,538465,INE745P01010,AMARSEC,XT,,,,,AMARNATH SECURITIES LTD,14.87,15.61,14.15,15.45,15.45,14.87,,15.45,,,176,2523.0,9,F1,1,,,,,,2025-05-14
2025-05-14,2025-05-14,CM,BSE,STK,538476,INE172D01021,CTL,X,,,,,CAPITAL TRADE LINKS LTD,19.0,19.97,18.85,19.77,19.97,19.79,,19.77,,,46597,912115.0,118,F1,1,,,,,,2025-05-14
2025-05-14,2025-05-14,CM,BSE,STK,538496,INE849M01017,TARINI,MT,,,,,TARINI INTERNATIONAL LTD,16.62,16.62,16.62,16.62,16.62,16.95,,16.62,,,3000,49860.0,1,F1,3000,,,,,,2025-05-14
2025-05-14,2025-05-14,CM,BSE,STK,538521,INE969E01010,YAANENT,X,,,,,YAAN ENTERPRISES LIMITED,73.7,73.9,65.01,65.91,65.5,67.45,,65.91,,,235,15564.0,22,F1,1,,,,,,2025-05-14
2025-05-14,2025-05-14,CM,BSE,STK,538537,INE378P01036,OMANSH,XT,,,,,OMANSH ENTERPRISES LTD,21.81,21.81,21.81,21.81,21.81,21.39,,21.81,,,3,65.0,2,F1,1,,,,,,2025-05-14
2025-05-14,2025-05-14,CM,BSE,STK,538539,INE075K01013,ANVRDHI,X,,,,,ANNVRRIDHHI VENTURES LIMITED,15.27,15.5,14.8,15.5,15.5,14.89,,15.5,,,265166,4091754.0,191,F1,1,,,,,,2025-05-14
2025-05-14,2025-05-14,CM,BSE,STK,538540,INE516P01015,RLFL,X,,,,,RAMCHANDRA LEASING & FINANCE L,2.98,3.17,2.94,3.12,3.12,3.08,,3.12,,,128766,391086.0,152,F1,1,,,,,,2025-05-14
2025-05-14,2025-05-14,CM,BSE,STK,538542,INE634J01019,GOLDCOINHF,X,,,,,GOLD COIN HEALTH FOODS LTD,10.05,10.05,10.05,10.05,10.05,10.0,,10.05,,,11,110.0,2,F1,1,,,,,,2025-05-14
2025-05-14,2025-05-14,CM,BSE,STK,538546,INE319Q01012,BRPL,B,,,,,BANSAL ROOFING PRODUCTS LTD,105.4,120.05,101.55,117.55,120.0,105.35,,117.55,,,46190,5160582.0,614,F1,1,,,,,,2025-05-14
2025-05-14,2025-05-14,CM,BSE,STK,538562,INE439E01022,SKIPPER,B,,,,,SKIPPER LTD,472.5,477.15,462.5,467.0,468.7,465.7,,466.5,,,25731,12086451.0,1022,F1,1,,,,,,2025-05-14
2025-05-14,2025-05-14,CM,BSE,STK,538564,INE718P01017,JAMESWARREN,X,,,,,JAMES WARREN TEA LTD,330.0,330.0,315.0,320.0,320.0,310.6,,320.0,,,768,245476.0,33,F1,1,,,,,,2025-05-14
2025-05-14,2025-05-14,CM,BSE,STK,538565,INE878P01019,VISTARAMAR,X,,,,,Vistar Amar Limited,127.4,138.45,127.4,138.45,138.45,129.65,,138.45,,,1879,245303.0,31,F1,1,,,,,,2025-05-14
2025-05-14,2025-05-14,CM,BSE,STK,538567,INE635Q01029,GULFOILLUB,A,,,,,GULF OIL LUBRICANTS INDIA LTD,1220.05,1230.1,1194.65,1201.45,1197.0,1226.55,,1200.9,,,4150,4999748.0,631,F1,1,,,,,,2025-05-14
2025-05-14,2025-05-14,CM,BSE,STK,538568,INE836C01015,FRUTION,X,,,,,FRUITION VENTURE LTD,28.72,29.94,28.72,28.9,28.9,28.52,,28.9,,,657,19015.0,10,F1,1,,,,,,2025-05-14
2025-05-14,2025-05-14,CM,BSE,STK,538569,INE916P01025,TRIVENIENT,X,,,,,TRIVENI ENTERPRISES LTD,2.02,2.2,1.9,2.05,2.07,2.12,,2.05,,,94714,196867.0,150,F1,1,,,,,,2025-05-14
2025-05-14,2025-05-14,CM,BSE,STK,538596,INE222B01028,CEMAINFRA,XT,,,,,CEMANTIC INFRA-TECH LIMITED,5.94,5.94,5.39,5.49,5.94,5.67,,5.49,,,3406,18697.0,20,F1,1,,,,,,2025-05-14
2025-05-14,2025-05-14,CM,BSE,STK,538597,INE404F01031,TTIENT,X,,,,,TTI ENTERPRISE LTD,10.86,10.86,10.5,10.82,10.82,10.38,,10.82,,,3312,35495.0,23,F1,1,,,,,,2025-05-14
2025-05-14,2025-05-14,CM,BSE,STK,538598,INE755Q01025,VISHAL,X,,,,,VISHAL FABRICS LTD,28.37,29.48,28.05,28.98,28.98,28.66,,28.98,,,183115,5303663.0,456,F1,1,,,,,,2025-05-14
2025-05-14,2025-05-14,CM,BSE,STK,538607,INE457P01020,TOYAMSL,XT,,,,,TOYAM SPORTS LIMITED,1.21,1.21,1.21,1.21,1.21,1.19,,1.21,,,239417,289694.0,103,F1,1,,,,,,2025-05-14
2025-05-14,2025-05-14,CM,BSE,STK,538609,INE868G01019,GAJANANSEC,X,,,,,GAJANAN SECURITIES SERVICES LT,86.54,88.6,84.0,88.34,88.6,84.84,,88.34,,,485,42183.0,11,F1,1,,,,,,2025-05-14
2025-05-14,2025-05-14,CM,BSE,STK,538610,INE099D01018,UNISON,X,,,,,UNISON METALS LTD,25.5,25.5,24.07,24.47,24.93,24.73,,24.47,,,19720,484757.0,132,F1,1,,,,,,2025-05-14
2025-05-14,2025-05-14,CM,BSE,STK,538611,INE840I01014,RTFL,Z,,,,,Real Touch Finance Limited,47.8,47.8,47.8,47.8,47.8,46.87,,47.8,,,103,4923.0,4,F1,1,,,,,,2025-05-14
2025-05-14,2025-05-14,CM,BSE,STK,538634,INE406F01010,VRL,X,,,,,VASUNDHARA RASAYANS LTD,237.0,237.95,223.05,233.35,233.5,233.5,,233.35,,,483,110934.0,34,F1,1,,,,,,2025-05-14
2025-05-14,2025-05-14,CM,BSE,STK,538635,INE734N01019,SNOWMAN,B,,,,,SNOWMAN LOGISTICS LTD,52.03,55.44,51.64,53.93,53.61,51.9,,53.82,,,84791,4575159.0,1382,F1,1,,,,,,2025-05-14
2025-05-14,2025-05-14,CM,BSE,STK,538646,INE837C01013,QGO,X,,,,,QGO FINANCE LIMITED,59.8,59.8,57.32,58.6,58.6,58.99,,58.6,,,3013,176169.0,49,F1,1,,,,,,2025-05-14
2025-05-14,2025-05-14,CM,BSE,STK,538647,INE729C01020,PURSHOTTAM,X,,,,,PURSHOTTAM INVESTOFIN LTD,41.47,41.47,37.54,37.68,37.65,39.5,,37.68,,,593,22464.0,15,F1,1,,,,,,2025-05-14
2025-05-14,2025-05-14,CM,BSE,STK,538666,INE221J01015,SHARDACROP,B,,,,,Sharda Cropchem Limited,563.85,591.0,559.6,575.75,575.75,564.4,,573.65,,,56533,32718870.0,2542,F1,1,,,,,,2025-05-14
2025-05-14,2025-05-14,CM,BSE,STK,538668,INE898Q01015,MIIL,B,,,,,Meghna Infracon Infrastructure,954.9,969.0,942.5,959.8,969.0,946.3,,959.8,,,134239,128175521.0,987,F1,1,,,,,,2025-05-14
2025-05-14,2025-05-14,CM,BSE,STK,538674,INE158C01014,CITYONLINE,Z,,,,,City Online Services Limited,9.18,9.18,9.18,9.18,9.18,9.28,,9.18,,,6,55.0,2,F1,1,,,,,,2025-05-14
2025-05-14,2025-05-14,CM,BSE,STK,538683,INF204KA1UN7,SENSEXBEES,A,,,,,NIPPON INDIA ETF SENSEX,926.17,926.17,915.01,920.14,922.0,918.44,,920.14,,,3359,3092696.0,219,F1,1,,,,,,2025-05-14
2025-05-14,2025-05-14,CM,BSE,STK,538685,INE363M01019,SHEMAROO,T,,,,,SHEMAROO ENTERTAINMENT LIMITED,105.85,106.9,105.85,106.85,106.85,103.71,,105.84,,,729,77219.0,11,F1,1,,,,,,2025-05-14
2025-05-14,2025-05-14,CM,BSE,STK,538706,INE010R01023,ULTRACAB,X,,,,,Ultracab (India) Limited,8.82,8.99,8.82,8.93,8.99,8.9,,8.93,,,583072,5189571.0,824,F1,1,,,,,,2025-05-14
2025-05-14,2025-05-14,CM,BSE,STK,538707,INE929D01016,RCCL,X,,,,,Rajasthan Cylinders & Containe,43.64,43.64,41.6,42.9,42.9,44.38,,42.9,,,534,22670.0,34,F1,1,,,,,,2025-05-14
2025-05-14,2025-05-14,CM,BSE,STK,538708,INE937K01014,ETIL,X,,,,,Econo Trade (India) Limited,7.47,7.47,6.86,7.18,7.2,7.0,,7.18,,,7682,54034.0,45,F1,1,,,,,,2025-05-14
2025-05-14,2025-05-14,CM,BSE,STK,538713,INE011R01013,ATISHAY,X,,,,,Atishay Limited,145.7,151.75,139.0,140.6,142.45,145.7,,140.6,,,21253,3042608.0,301,F1,1,,,,,,2025-05-14
2025-05-14,2025-05-14,CM,BSE,STK,538714,INE475D01010,SANGAMFIN,X,,,,,Sangam Finserv Limited,41.45,42.58,39.66,41.91,42.39,40.72,,41.91,,,2321,93861.0,40,F1,1,,,,,,2025-05-14
2025-05-14,2025-05-14,CM,BSE,STK,538715,INE260R01016,DHABRIYA,X,,,,,Dhabriya Polywood Limited,319.15,333.0,319.15,331.6,329.3,321.25,,331.6,,,4257,1408114.0,101,F1,1,,,,,,2025-05-14
2025-05-14,2025-05-14,CM,BSE,STK,538716,INE229R01011,ARYACAPM,T,,,,,Aryaman Capital Markets Limite,255.45,256.0,253.95,255.95,255.95,254.9,,255.95,,,1190,304180.0,22,F1,1,,,,,,2025-05-14
2025-05-14,2025-05-14,CM,BSE,STK,538730,INE111Q01021,PDSL,B,,,,,PDS LIMITED,430.0,447.95,430.0,443.8,447.0,430.75,,443.4,,,12473,5524028.0,826,F1,1,,,,,,2025-05-14
2025-05-14,2025-05-14,CM,BSE,STK,538731,INE982Q01017,HANMAN,MT,,,,,HANMAN FIT LIMITED,6.1,6.1,6.1,6.1,6.1,6.39,,6.1,,,4200,25620.0,1,F1,4200,,,,,,2025-05-14
2025-05-14,2025-05-14,CM,BSE,STK,538732,INE761Q01015,VGCL,X,,,,,Vibrant Global Capital Limited,41.4,43.4,41.0,43.0,43.0,41.4,,43.0,,,3562,151030.0,78,F1,1,,,,,,2025-05-14
2025-05-14,2025-05-14,CM,BSE,STK,538734,INE016Q01014,CEINSYSTECH,B,,,,,CEINSYS TECH LIMITED,1618.0,1628.0,1590.0,1603.8,1603.8,1590.1,,1603.8,,,80728,130007905.0,2741,F1,1,,,,,,2025-05-14
2025-05-14,2025-05-14,CM,BSE,STK,538742,INE516E01019,PANABYTE,X,,,,,PANABYTE TECHNOLOGIES LIMITED,34.72,34.72,34.72,34.72,34.72,33.07,,34.72,,,960,33331.0,6,F1,1,,,,,,2025-05-14
2025-05-14,2025-05-14,CM,BSE,STK,538743,INE491C01027,MUDUNURU,XT,,,,,Mudunuru Limited,8.77,9.1,8.77,9.1,9.1,8.77,,9.1,,,130,1154.0,5,F1,1,,,,,,2025-05-14
2025-05-14,2025-05-14,CM,BSE,STK,538765,INE401Q01018,JSHL,M,,,,,JLA Infraville Shoppers Limite,4.67,4.67,4.67,4.67,4.67,4.91,,4.67,,,5000,23350.0,1,F1,5000,,,,,,2025-05-14
2025-05-14,2025-05-14,CM,BSE,STK,538770,INE176L01017,CRANEINFRA,X,,,,,Crane Infrastructure Limited,21.7,21.7,21.0,21.5,21.5,21.07,,21.5,,,1289,27685.0,14,F1,1,,,,,,2025-05-14
2025-05-14,2025-05-14,CM,BSE,STK,538772,INE480D01010,NIYOGIN,X,,,,,Niyogin Fintech Limited,51.0,54.0,50.25,52.9,52.9,51.83,,52.9,,,38995,2071475.0,175,F1,1,,,,,,2025-05-14
2025-05-14,2025-05-14,CM,BSE,STK,538778,INE149Q01021,KALYANCAP,XT,,,,,Kalyan Capitals Limited,9.5,9.52,9.49,9.52,9.52,9.07,,9.52,,,26676,253948.0,55,F1,1,,,,,,2025-05-14
2025-05-14,2025-05-14,CM,BSE,STK,538786,INE473L01018,CIL,XT,,,,,Citizen Infoline Ltd.,32.06,32.06,32.06,32.06,32.06,30.54,,32.06,,,348,11156.0,2,F1,1,,,,,,2025-05-14
2025-05-14,2025-05-14,CM,BSE,STK,538787,INE997C01015,GBFL,X,,,,,Goenka Business & Finance Limi,11.04,11.5,10.8,10.85,10.88,11.0,,10.85,,,6287,68932.0,94,F1,1,,,,,,2025-05-14
2025-05-14,2025-05-14,CM,BSE,STK,538788,INE918C01029,GILADAFINS,X,,,,,Gilada Finance & Investments L,12.01,13.0,12.01,13.0,12.11,12.27,,13.0,,,16638,215365.0,54,F1,1,,,,,,2025-05-14
2025-05-14,2025-05-14,CM,BSE,STK,538795,INE185C01017,SAPPL,X,,,,,Shree Ajit Pulp And Paper Ltd.,186.75,190.0,186.75,187.15,187.15,190.55,,187.15,,,135,25302.0,7,F1,1,,,,,,2025-05-14
2025-05-14,2025-05-14,CM,BSE,STK,538817,INE513R01026,CAPPIPES,B,,,,,Captain Pipes Limited,15.39,15.39,15.12,15.2,15.22,15.16,,15.2,,,91253,1387120.0,438,F1,1,,,,,,2025-05-14
2025-05-14,2025-05-14,CM,BSE,STK,538833,INE891N01017,KAIZENAGRO,X,,,,,KAIZEN AGRO INFRABUILD LIMITED,13.86,13.86,12.99,13.48,13.48,13.38,,13.48,,,13432,182268.0,57,F1,1,,,,,,2025-05-14
2025-05-14,2025-05-14,CM,BSE,STK,538834,INE242Q01016,JMJFIN,X,,,,,JMJ Fintech Limited,25.04,25.75,24.56,24.62,25.15,25.04,,24.62,,,6830,171915.0,64,F1,1,,,,,,2025-05-14
2025-05-14,2025-05-14,CM,BSE,STK,538835,INE306R01017,INTELLECT,A,,,,,INTELLECT DESIGN ARENA LIMITED,906.6,988.0,906.6,974.35,970.4,913.4,,975.8,,,123186,118836336.0,5091,F1,1,,,,,,2025-05-14
2025-05-14,2025-05-14,CM,BSE,STK,538836,INE950M01013,MONTECARLO,B,,,,,Monte Carlo Fashions Limited,570.5,576.6,568.1,569.65,569.3,568.65,,570.0,,,1041,595395.0,227,F1,1,,,,,,2025-05-14
2025-05-14,2025-05-14,CM,BSE,STK,538837,INE237B01018,JSTL,X,,,,,Jeevan Scientific Technology L,40.99,41.85,40.99,41.36,41.77,41.36,,41.36,,,2090,86018.0,18,F1,1,,,,,,2025-05-14
2025-05-14,2025-05-14,CM,BSE,STK,538838,INE407P01017,ICL,X,,,,,Indo Cotspin Limited,34.84,34.84,33.2,33.47,33.2,34.38,,33.47,,,78,2655.0,11,F1,1,,,,,,2025-05-14
2025-05-14,2025-05-14,CM,BSE,STK,538857,INE892C01018,SCC,X,,,,,Scintilla Commercial & Credit,5.77,5.77,5.62,5.62,5.62,5.66,,5.62,,,22,126.0,3,F1,1,,,,,,2025-05-14
2025-05-14,2025-05-14,CM,BSE,STK,538860,INE655P01029,PANAFIC,X,,,,,PANAFIC INDUSTRIALS LTD,0.92,0.92,0.9,0.9,0.9,0.92,,0.9,,,30562,27536.0,53,F1,1,,,,,,2025-05-14
2025-05-14,2025-05-14,CM,BSE,STK,538862,INE232L01018,MYMONEY,XT,,,,,My Money Securities Ltd.,23.88,23.88,22.7,22.7,22.7,23.88,,22.7,,,345,7850.0,4,F1,1,,,,,,2025-05-14
2025-05-14,2025-05-14,CM,BSE,STK,538868,INE183Q01020,CSL,XT,,,,,Continental Securities Limited,14.56,14.56,14.56,14.56,14.56,13.87,,14.56,,,6484,94407.0,24,F1,1,,,,,,2025-05-14
2025-05-14,2025-05-14,CM,BSE,STK,538874,INE370Q01015,NEXUSSURGL,XT,,,,,NEXUS SURGICAL AND MEDICARE LI,15.87,15.87,15.12,15.65,15.65,15.87,,15.65,,,647,10102.0,22,F1,1,,,,,,2025-05-14
2025-05-14,2025-05-14,CM,BSE,STK,538875,INE195F01027,SELLWIN,X,,,,,SELLWIN TRADERS LIMITED,3.04,3.04,2.9,2.93,2.99,3.0,,2.93,,,826660,2436316.0,387,F1,1,,,,,,2025-05-14
2025-05-14,2025-05-14,CM,BSE,STK,538881,INE243E01010,GALADAFIN,X,,,,,Galada Finance Limited,29.0,29.0,29.0,29.0,29.0,29.0,,29.0,,,33,957.0,3,F1,1,,,,,,2025-05-14
2025-05-14,2025-05-14,CM,BSE,STK,538882,INE030Q01015,EMERALD,XT,,,,,Emerald Finance Limited,97.79,101.97,92.27,100.95,100.95,97.12,,100.95,,,242259,22750426.0,770,F1,1,,,,,,2025-05-14
2025-05-14,2025-05-14,CM,BSE,STK,538890,INE227F01010,MKEXIM,X,,,,,M. K. Exim (India) Ltd.,61.6,70.0,61.6,68.32,68.32,63.24,,68.32,,,88665,5972959.0,376,F1,1,,,,,,2025-05-14
2025-05-14,2025-05-14,CM,BSE,STK,538891,INE613C01026,MCLOUD,B,,,,,MAGELLANIC CLOUD LIMITED,77.64,78.95,76.19,77.52,77.52,76.2,,77.36,,,245962,19037475.0,3562,F1,1,,,,,,2025-05-14
2025-05-14,2025-05-14,CM,BSE,STK,538894,INE513C01010,OCTAL,XT,,,,,Octal Credit Capital Ltd.,20.39,20.41,19.5,20.41,20.41,20.41,,20.41,,,479,9556.0,12,F1,1,,,,,,2025-05-14
2025-05-14,2025-05-14,CM,BSE,STK,538895,INE779Q01017,MIHIKA,X,,,,,Mihika Industries Ltd.,24.99,24.99,24.05,24.78,24.78,24.52,,24.78,,,888,21644.0,11,F1,1,,,,,,2025-05-14
2025-05-14,2025-05-14,CM,BSE,STK,538896,INE081G01019,KANCHI,X,,,,,Kanchi Karpooram Ltd.,419.95,457.0,413.0,449.4,449.4,417.35,,449.4,,,9522,4247950.0,418,F1,1,,,,,,2025-05-14
2025-05-14,2025-05-14,CM,BSE,STK,538897,INE201F01015,SHRINIWAS,XT,,,,,Shri Niwas Leasing and Finance,9.65,10.65,9.65,10.65,10.65,10.15,,10.65,,,1557,15062.0,8,F1,1,,,,,,2025-05-14
2025-05-14,2025-05-14,CM,BSE,STK,538902,INE341R01014,DTIL,B,,,,,Dhunseri Tea & Industries Ltd,187.0,190.0,186.75,188.4,188.45,184.45,,188.24,,,739,139008.0,88,F1,1,,,,,,2025-05-14
2025-05-14,2025-05-14,CM,BSE,STK,538918,INE661Q01017,VANICOM,X,,,,,Vani Commercials Limited,12.99,12.99,12.22,12.68,12.69,12.49,,12.68,,,82461,1034660.0,96,F1,1,,,,,,2025-05-14
2025-05-14,2025-05-14,CM,BSE,STK,538919,INE055Q01012,SKILVEN,X,,,,,SKYLINE VENTURES INDIA LIMITED,22.87,22.87,22.87,22.87,22.87,22.86,,22.87,,,59,1349.0,4,F1,1,,,,,,2025-05-14
2025-05-14,2025-05-14,CM,BSE,STK,538920,INE498Q01014,VINCOFE,B,,,,,VINTAGE COFFEE AND BEVERAGES L,97.46,101.5,97.46,99.78,99.9,98.57,,99.7,,,121964,12159958.0,1721,F1,1,,,,,,2025-05-14
2025-05-14,2025-05-14,CM,BSE,STK,538922,INE029B01019,COSYN,XT,,,,,COSYN Limited,24.6,24.64,23.6,24.64,24.64,23.47,,24.64,,,880,21237.0,17,F1,1,,,,,,2025-05-14
2025-05-14,2025-05-14,CM,BSE,STK,538923,INE499Q01012,SOFCOM,XT,,,,,SOFCOM SYSTEMS LIMITED,81.1,81.1,76.95,80.85,81.0,81.0,,80.85,,,3334,262032.0,26,F1,1,,,,,,2025-05-14
2025-05-14,2025-05-14,CM,BSE,STK,538926,INE223R01014,NAPL,XT,,,,,Naturite Agro Products Limited,313.95,337.55,313.95,323.25,322.0,321.95,,323.25,,,4403,1421949.0,14,F1,1,,,,,,2025-05-14
2025-05-14,2025-05-14,CM,BSE,STK,538928,INE554R01020,KARNAVATI,X,,,,,Karnavati Finance Limited,2.12,2.12,2.01,2.09,2.09,2.05,,2.09,,,17407,35818.0,54,F1,1,,,,,,2025-05-14
2025-05-14,2025-05-14,CM,BSE,STK,538942,INE689O01013,MERCANTILE,X,,,,,Mercantile Ventures Limited,25.9,25.9,22.14,22.67,22.99,23.38,,22.67,,,1647,37320.0,30,F1,1,,,,,,2025-05-14
2025-05-14,2025-05-14,CM,BSE,STK,538943,INE321M01017,SONAL,X,,,,,Sonal Mercantile Limited,105.0,105.0,98.0,101.78,102.0,98.11,,101.78,,,146,14935.0,21,F1,1,,,,,,2025-05-14
2025-05-14,2025-05-14,CM,BSE,STK,538952,INE211D01027,ALFL,X,,,,,Abhinav Leasing & Finance Limi,1.64,1.64,1.53,1.59,1.59,1.53,,1.59,,,4358,6767.0,19,F1,1,,,,,,2025-05-14
2025-05-14,2025-05-14,CM,BSE,STK,538961,INE949P01018,GENUSPAPER,B,,,,,GENUS PAPER & BOARDS LIMITED,18.39,21.3,18.3,19.84,19.84,18.4,,19.84,,,261869,5117935.0,959,F1,1,,,,,,2025-05-14
2025-05-14,2025-05-14,CM,BSE,STK,538962,INE842C01021,MINDACORP,A,,,,,Minda Corporation Limited,490.0,503.25,488.0,498.85,500.8,487.05,,500.9,,,11046,5480217.0,625,F1,1,,,,,,2025-05-14
2025-05-14,2025-05-14,CM,BSE,STK,538964,INE947G01011,MERCURYLAB,X,,,,,Mercury Laboratories Limited,877.8,890.0,813.0,846.55,840.0,877.8,,846.55,,,350,302056.0,52,F1,1,,,,,,2025-05-14
2025-05-14,2025-05-14,CM,BSE,STK,538965,INE858L01010,CONCORD,X,,,,,Concord Drugs Limited,30.94,31.99,30.5,30.71,30.63,30.94,,30.71,,,3745,115130.0,41,F1,1,,,,,,2025-05-14
2025-05-14,2025-05-14,CM,BSE,STK,538970,INE945P01024,WARDINMOBI,T,,,,,WARDWIZARD INNOVATIONS AND MOB,20.7,20.94,20.18,20.7,20.69,20.46,,20.7,,,380555,7856177.0,1598,F1,1,,,,,,2025-05-14
2025-05-14,2025-05-14,CM,BSE,STK,538975,INE397C01026,SHREESEC,X,,,,,Shree Securities Ltd.,0.3,0.31,0.29,0.3,0.3,0.3,,0.3,,,2506585,760713.0,568,F1,1,,,,,,2025-05-14
2025-05-14,2025-05-14,CM,BSE,STK,538979,INE544R01021,GREENLAM,B,,,,,Greenlam Industries Ltd,222.9,236.95,222.9,235.55,234.35,222.3,,236.11,,,3427,797190.0,199,F1,1,,,,,,2025-05-14
2025-05-14,2025-05-14,CM,BSE,STK,538987,INE717E01013,TALBROSENG,X,,,,,TALBROS ENGINEERING LIMITED,595.0,649.5,594.0,646.1,646.0,588.35,,646.1,,,4081,2587906.0,166,F1,1,,,,,,2025-05-14
2025-05-14,2025-05-14,CM,BSE,STK,538992,INE002E01010,SAPL,X,,,,,Sar  Auto Products Limited,1818.95,1888.95,1809.9,1888.95,1888.95,1818.95,,1888.95,,,4,7406.0,4,F1,1,,,,,,2025-05-14
2025-05-14,2025-05-14,CM,BSE,STK,539006,INE596F01018,PTCIL,A,,,,,PTC Industries Ltd.,12512.05,14024.85,12512.05,14019.05,14004.0,12749.9,,14005.0,,,3328,45424229.0,1037,F1,1,,,,,,2025-05-14
2025-05-14,2025-05-14,CM,BSE,STK,539011,INE777O01016,CHENFERRO,X,,,,,CHENNAI FERROUS INDUSTRIES LIM,120.0,120.0,117.0,117.95,117.95,115.8,,117.95,,,508,60071.0,32,F1,1,,,,,,2025-05-14
2025-05-14,2025-05-14,CM,BSE,STK,539012,INE756R01013,MEGRISOFT,X,,,,,Megri Soft Limited,140.75,140.75,130.4,136.95,136.95,137.25,,136.95,,,73,9678.0,13,F1,1,,,,,,2025-05-14
2025-05-14,2025-05-14,CM,BSE,STK,539013,INE776O01018,GITARENEW,X,,,,,GITA RENEWABLE ENERGY LIMITED,122.5,124.2,118.05,120.05,119.75,121.95,,120.05,,,1197,144854.0,50,F1,1,,,,,,2025-05-14
2025-05-14,2025-05-14,CM,BSE,STK,539015,INE849L01019,ORTEL,Z,,,,,Ortel Communications Limited,2.11,2.11,1.91,1.91,2.07,2.01,,1.85,,,23329,45749.0,44,F1,1,,,,,,2025-05-14
2025-05-14,2025-05-14,CM,BSE,STK,539016,INE396C01010,NEIL,X,,,,,Neil Industries Ltd.,9.4,9.46,8.75,9.37,9.37,9.49,,9.37,,,1713,15438.0,16,F1,1,,,,,,2025-05-14
2025-05-14,2025-05-14,CM,BSE,STK,539017,INE526R01028,STARHFL,X,,,,,STAR HOUSING FINANCE LIMITED,39.74,39.98,38.6,38.74,38.61,39.7,,38.74,,,102074,4029968.0,283,F1,1,,,,,,2025-05-14
2025-05-14,2025-05-14,CM,BSE,STK,539018,INE213D01015,BEEKAY,B,,,,,Beekay Steel Industries Ltd.,533.0,539.0,524.0,536.0,536.0,522.35,,536.0,,,1718,915929.0,142,F1,1,,,,,,2025-05-14
2025-05-14,2025-05-14,CM,BSE,STK,539031,INF200KA1572,SETFBSE100,A,,,,,SBI Mutual Fund,281.55,283.79,280.66,280.66,280.66,281.18,,280.66,,,197,55434.0,20,F1,1,,,,,,2025-05-14
2025-05-14,2025-05-14,CM,BSE,STK,539032,INE184Q01010,FRASER,XT,,,,,Fraser And Company Limited,6.44,6.44,6.44,6.44,6.44,6.14,,6.44,,,101817,655701.0,67,F1,1,,,,,,2025-05-14
2025-05-14,2025-05-14,CM,BSE,STK,539040,INE812Q01016,TTIL,XT,,,,,Tirupati Tyres Ltd.,10.6,10.6,10.6,10.6,10.6,10.81,,10.6,,,36867,390790.0,262,F1,1,,,,,,2025-05-14
2025-05-14,2025-05-14,CM,BSE,STK,539041,INE369Q01017,GANVERSE,M,,,,,GANESHA ECOVERSE LIMITED,28.99,29.39,28.79,29.39,29.39,28.27,,29.39,,,23750,688450.0,17,F1,1250,,,,,,2025-05-14
2025-05-14,2025-05-14,CM,BSE,STK,539042,INE976R01025,AGIIL,B,,,,,AGI Infra Limited,836.95,836.95,810.7,823.75,824.0,816.3,,820.8,,,4377,3593184.0,411,F1,1,,,,,,2025-05-14
2025-05-14,2025-05-14,CM,BSE,STK,539044,INE824Q01011,MANAKSTEEL,T,,,,,Manaksia Steels Limited,62.5,62.5,60.25,61.98,61.9,62.92,,61.04,,,1888,115235.0,32,F1,1,,,,,,2025-05-14
2025-05-14,2025-05-14,CM,BSE,STK,539045,INE859Q01017,MANAKALUCO,B,,,,,Manaksia Aluminium Company Ltd,27.45,27.68,26.88,27.18,26.88,27.5,,27.3,,,5719,156598.0,91,F1,1,,,,,,2025-05-14
2025-05-14,2025-05-14,CM,BSE,STK,539046,INE830Q01018,MANAKCOAT,T,,,,,Manaksia Coated Metals & Indus,93.15,95.97,92.05,93.99,95.55,92.87,,94.98,,,7531,706768.0,46,F1,1,,,,,,2025-05-14
2025-05-14,2025-05-14,CM,BSE,STK,539056,INE172N01012,IMAGICAA,B,,,,,IMAGICAAWORLD ENTERTAINMENT LI,63.01,64.23,63.0,63.26,63.6,63.09,,63.34,,,40560,2577737.0,751,F1,1,,,,,,2025-05-14
2025-05-14,2025-05-14,CM,BSE,STK,539083,INE066P01011,INOXWIND,A,,,,,Inox Wind Limited,171.0,176.0,170.2,174.2,174.2,169.9,,174.24,,,489485,85029637.0,4778,F1,1,,,,,,2025-05-14
2025-05-14,2025-05-14,CM,BSE,STK,539090,INE751R01014,RAJPUTANA,X,,,,,Rajputana Investment and Finan,39.05,39.05,38.03,38.03,38.03,39.04,,38.03,,,93,3623.0,11,F1,1,,,,,,2025-05-14
2025-05-14,2025-05-14,CM,BSE,STK,539091,INE187R01029,CITL,XT,,,,,Consecutive Investments & Trad,1.67,1.68,1.61,1.63,1.63,1.6,,1.63,,,3892620,6469652.0,1137,F1,1,,,,,,2025-05-14
2025-05-14,2025-05-14,CM,BSE,STK,539096,INE197R01010,AANANDALAK,X,,,,,Aananda Lakshmi Spinning Mills,15.01,15.85,15.01,15.3,15.3,16.0,,15.3,,,1334,20374.0,15,F1,1,,,,,,2025-05-14
2025-05-14,2025-05-14,CM,BSE,STK,539097,INE904R01027,URSUGAR,T,,,,,UR SUGAR INDUSTRIES LIMITED,5.51,5.75,5.4,5.48,5.48,5.48,,5.48,,,11609,64109.0,37,F1,1,,,,,,2025-05-14
2025-05-14,2025-05-14,CM,BSE,STK,539099,INE291R01011,ATHCON,M,,,,,Athena Constructions Limited,7.65,7.65,7.65,7.65,7.65,7.15,,7.65,,,2500,19125.0,1,F1,2500,,,,,,2025-05-14
2025-05-14,2025-05-14,CM,BSE,STK,539110,INE736P01019,NORTHLINK,XT,,,,,Northlink Fiscal And Capital S,26.9,26.9,26.9,26.9,26.9,25.67,,26.9,,,1,26.0,1,F1,1,,,,,,2025-05-14
2025-05-14,2025-05-14,CM,BSE,STK,539111,INE193R01019,SHESHAINDS,X,,,,,SHESHADRI INDUSTRIES LIMITED,16.99,17.04,16.5,16.5,16.5,16.25,,16.5,,,1040,17691.0,7,F1,1,,,,,,2025-05-14
2025-05-14,2025-05-14,CM,BSE,STK,539112,INE137M01017,SAB,X,,,,,SAB INDUSTRIES LIMITED,157.75,157.75,157.75,157.75,157.75,157.75,,157.75,,,71,11200.0,3,F1,1,,,,,,2025-05-14
2025-05-14,2025-05-14,CM,BSE,STK,539113,INE291E01019,PML,X,,,,,Paul Merchants Ltd.,753.4,784.9,753.4,760.65,760.65,766.6,,760.65,,,510,390712.0,51,F1,1,,,,,,2025-05-14
2025-05-14,2025-05-14,CM,BSE,STK,539115,INE273F01022,ALANSCOTT,X,,,,,Alan Scott Industries Ltd.,126.0,126.0,115.05,125.45,125.0,120.3,,125.45,,,3134,389632.0,69,F1,1,,,,,,2025-05-14
2025-05-14,2025-05-14,CM,BSE,STK,539117,INE029H01016,SUJALA,X,,,,,Sujala Trading & Holding Ltd.,62.1,64.49,60.0,61.01,60.75,62.0,,61.01,,,110547,6799821.0,540,F1,1,,,,,,2025-05-14
2025-05-14,2025-05-14,CM,BSE,STK,539118,INE366I01010,VRLLOG,B,,,,,VRL Logistics Limited,511.0,520.35,505.45,514.5,513.85,510.05,,515.9,,,4875,2495327.0,377,F1,1,,,,,,2025-05-14
2025-05-14,2025-05-14,CM,BSE,STK,539120,INE578R01011,BFFL,X,,,,,Bangalore Fort Farms Limited,44.4,44.4,42.5,42.51,42.51,42.29,,42.51,,,9554,423751.0,17,F1,1,,,,,,2025-05-14
2025-05-14,2025-05-14,CM,BSE,STK,539121,INE239L01013,PALCO,X,,,,,Palco Metals Limited,201.05,216.4,201.05,209.85,210.0,201.05,,209.85,,,2096,438328.0,55,F1,1,,,,,,2025-05-14
2025-05-14,2025-05-14,CM,BSE,STK,539123,INE334E01017,VBIND,XT,,,,,V B INDUSTRIES LIMITED,8.62,8.62,8.62,8.62,8.62,8.62,,8.62,,,382,3292.0,11,F1,1,,,,,,2025-05-14
2025-05-14,2025-05-14,CM,BSE,STK,539124,INE822Q01015,SARVOTTAM,X,,,,,Survottam Finvest Ltd.,24.51,24.51,22.22,22.49,22.48,22.59,,22.49,,,5592,129352.0,46,F1,1,,,,,,2025-05-14
2025-05-14,2025-05-14,CM,BSE,STK,539126,INE776I01010,MEP,Z,,,,,MEP Infrastructure Developers,1.71,1.71,1.69,1.71,1.71,1.68,,1.7,,,29876,51050.0,54,F1,1,,,,,,2025-05-14
2025-05-14,2025-05-14,CM,BSE,STK,539132,INE761D01021,WARDWIZFBL,XT,,,,,Wardwizard Foods and Beverages,4.25,4.27,4.19,4.27,4.27,4.07,,4.27,,,105754,450134.0,215,F1,1,,,,,,2025-05-14
2025-05-14,2025-05-14,CM,BSE,STK,539141,INE527H01019,UFO,B,,,,,UFO Moviez India Limited,68.3,70.0,67.2,69.16,69.0,68.39,,69.13,,,15088,1037308.0,330,F1,1,,,,,,2025-05-14
2025-05-14,2025-05-14,CM,BSE,STK,539143,INE945O01019,PANTH,X,,,,,PANTH INFINITY LIMITED,7.28,7.69,7.04,7.59,7.5,7.14,,7.59,,,42048,314171.0,132,F1,1,,,,,,2025-05-14
2025-05-14,2025-05-14,CM,BSE,STK,539148,INE788J01021,SHIVALIK,B,,,,,Shivalik Rasayan Ltd.,595.95,598.65,578.8,596.1,594.45,595.95,,598.35,,,4537,2669401.0,324,F1,1,,,,,,2025-05-14
2025-05-14,2025-05-14,CM,BSE,STK,539149,INE682B01023,ICSL,X,,,,,Integrated Capital Services Lt,3.77,3.99,3.69,3.95,3.95,3.84,,3.95,,,2414,9089.0,33,F1,1,,,,,,2025-05-14
2025-05-14,2025-05-14,CM,BSE,STK,539150,INE195J01029,PNCINFRA,A,,,,,PNC Infratech Limited,262.95,265.55,259.5,260.1,260.1,260.9,,259.95,,,39158,10239264.0,1222,F1,1,,,,,,2025-05-14
2025-05-14,2025-05-14,CM,BSE,STK,539151,INE784R01023,ARFIN,X,,,,,Arfin India Limited,27.33,27.33,26.39,26.83,26.84,26.66,,26.83,,,20499,544712.0,90,F1,1,,,,,,2025-05-14
2025-05-14,2025-05-14,CM,BSE,STK,539167,INE347L01014,VLL,XT,,,,,Virat Leasing Limited,99.93,101.42,99.93,101.42,101.42,99.44,,101.42,,,515,51558.0,27,F1,1,,,,,,2025-05-14
2025-05-14,2025-05-14,CM,BSE,STK,539174,INE738P01015,HELPAGE,X,,,,,Helpage Finlease Ltd.,19.5,19.5,16.12,16.5,16.5,17.91,,16.5,,,4502,73551.0,24,F1,1,,,,,,2025-05-14
2025-05-14,2025-05-14,CM,BSE,STK,539175,INE924N01016,INDRAIND,XT,,,,,Indra Industries Ltd.,10.1,10.1,9.74,10.04,10.07,9.62,,10.04,,,46645,462150.0,262,F1,1,,,,,,2025-05-14
2025-05-14,2025-05-14,CM,BSE,STK,539176,INE230I01018,HAWAENG,X,,,,,Hawa Engineers ltd.,120.2,129.95,120.2,127.0,127.0,125.05,,127.0,,,1182,146176.0,23,F1,1,,,,,,2025-05-14
2025-05-14,2025-05-14,CM,BSE,STK,539177,INE206F01022,AIIL,A,,,,,Authum Investment & Infrastruc,1996.4,2145.5,1961.6,2135.85,2135.85,1936.45,,2135.6,,,48219,102024568.0,4721,F1,1,,,,,,2025-05-14
2025-05-14,2025-05-14,CM,BSE,STK,539189,INE578L01014,ADHBHUTIN,X,,,,,Adhbhut Infrastructure Ltd.,17.5,17.99,17.49,17.49,17.49,17.5,,17.49,,,351,6167.0,7,F1,1,,,,,,2025-05-14
2025-05-14,2025-05-14,CM,BSE,STK,539190,INE848N01017,DFL,XT,,,,,Decillion Finance Ltd.,43.15,43.15,43.15,43.15,43.15,43.15,,43.15,,,141,6084.0,5,F1,1,,,,,,2025-05-14
2025-05-14,2025-05-14,CM,BSE,STK,539195,INE035S01028,POEL,XT,,,,,POCL ENTERPRISES LTD,243.95,252.0,231.5,247.05,247.7,240.45,,247.05,,,109027,26608726.0,701,F1,1,,,,,,2025-05-14
2025-05-14,2025-05-14,CM,BSE,STK,539196,INE829P01020,AEL,XT,,,,,Amba Enterprises Ltd.,181.55,184.0,176.0,180.6,183.45,185.2,,180.6,,,27913,4984486.0,299,F1,1,,,,,,2025-05-14
2025-05-14,2025-05-14,CM,BSE,STK,539199,INE618R01015,SGFIN,B,,,,,SG FINSERVE LIMITED,397.0,399.8,389.0,389.65,389.65,395.8,,389.65,,,118796,46703563.0,2500,F1,1,,,,,,2025-05-14
2025-05-14,2025-05-14,CM,BSE,STK,539201,INE170E01023,SATIA,B,,,,,SATIA INDUSTRIES LIMITED,72.7,76.0,72.7,75.85,76.0,73.1,,75.71,,,22621,1686853.0,422,F1,1,,,,,,2025-05-14
2025-05-14,2025-05-14,CM,BSE,STK,539206,INE574D01010,GVBL,XT,,,,,GENOMIC VALLEY BIOTECH LIMITED,58.0,58.0,56.84,56.84,56.84,58.0,,56.84,,,543,31490.0,8,F1,1,,,,,,2025-05-14
2025-05-14,2025-05-14,CM,BSE,STK,539216,INE653S01028,GARMNTMNTR,B,,,,,GARMENT MANTRA LIFESTYLE LIMIT,1.4,1.43,1.35,1.42,1.42,1.42,,1.42,,,469656,660745.0,447,F1,1,,,,,,2025-05-14
2025-05-14,2025-05-14,CM,BSE,STK,539217,INE606K01049,SRESTHA,X,,,,,Srestha Finvest Limited,0.49,0.51,0.49,0.51,0.51,0.5,,0.51,,,6583687,3310105.0,1202,F1,1,,,,,,2025-05-14
2025-05-14,2025-05-14,CM,BSE,STK,539218,INE563C01015,SAUMYA,XT,,,,,Saumya Consultants Ltd.,152.25,152.25,144.65,146.85,145.0,152.25,,146.85,,,322,47774.0,16,F1,1,,,,,,2025-05-14
2025-05-14,2025-05-14,CM,BSE,STK,539219,INE150D01027,MUL,X,,,,,MAURIA UDYOG LIMITED,11.87,12.29,11.18,11.93,11.85,11.87,,11.93,,,37664,445349.0,74,F1,1,,,,,,2025-05-14
2025-05-14,2025-05-14,CM,BSE,STK,539220,INE540S01019,MISHKA,X,,,,,Mishka Exim Limited,25.45,25.45,25.3,25.45,25.45,25.25,,25.45,,,58085,1471065.0,70,F1,1,,,,,,2025-05-14
2025-05-14,2025-05-14,CM,BSE,STK,539221,INE885H01029,SPORTKING,B,,,,,Sportking India Ltd.,120.59,121.29,113.41,116.07,116.02,120.59,,115.96,,,84387,9809661.0,2109,F1,1,,,,,,2025-05-14
2025-05-14,2025-05-14,CM,BSE,STK,539222,INE451S01027,GROWINGTON,T,,,,,GROWINGTON VENTURES INDIA LIMI,1.74,1.82,1.66,1.75,1.75,1.74,,1.75,,,1466330,2485314.0,843,F1,1,,,,,,2025-05-14
2025-05-14,2025-05-14,CM,BSE,STK,539226,INE027T01023,RUDRA,X,,,,,RUDRA GLOBAL INFRA PRODUCTS LI,31.25,37.0,31.0,35.49,35.49,31.47,,35.49,,,742151,25991133.0,1393,F1,1,,,,,,2025-05-14
2025-05-14,2025-05-14,CM,BSE,STK,539227,INE876S01017,LOYAL,X,,,,,Loyal Equipments Limited,249.0,267.8,248.85,264.35,263.0,248.85,,264.35,,,14576,3804470.0,340,F1,1,,,,,,2025-05-14
2025-05-14,2025-05-14,CM,BSE,STK,539228,INE480S01026,GGPL,X,,,,,Gala Global Products Limited,3.38,3.44,3.28,3.42,3.42,3.39,,3.42,,,102569,348094.0,168,F1,1,,,,,,2025-05-14
2025-05-14,2025-05-14,CM,BSE,STK,539251,INE875R01011,BALKRISHNA,B,,,,,Balkrishna Paper Mills Ltd.,20.0,20.0,18.12,18.57,18.32,18.3,,18.51,,,9105,168037.0,64,F1,1,,,,,,2025-05-14
2025-05-14,2025-05-14,CM,BSE,STK,539252,INE979R01011,SHYAMCENT,T,,,,,Shyam Century Ferrous Limited,8.42,8.82,8.42,8.82,8.82,8.4,,8.8,,,58260,512790.0,111,F1,1,,,,,,2025-05-14
2025-05-14,2025-05-14,CM,BSE,STK,539254,INE931S01010,ADANIENSOL,A,,,,,Adani Energy Solutions Limited,904.2,904.65,885.9,891.2,891.4,903.7,,890.85,,,157233,140191323.0,4123,F1,1,,,,,,2025-05-14
2025-05-14,2025-05-14,CM,BSE,STK,539255,INE541K01014,STARDELTA,X,,,,,STAR DELTA TRANSFORMERS LIMITE,765.0,780.0,757.2,765.15,771.0,752.15,,765.15,,,8504,6537933.0,368,F1,1,,,,,,2025-05-14
2025-05-14,2025-05-14,CM,BSE,STK,539267,INE579N01018,SAMSRITA,XT,,,,,SAMSRITA LABS LIMITED,21.78,23.1,21.78,23.1,23.1,22.0,,23.1,,,3212,74099.0,22,F1,1,,,,,,2025-05-14
2025-05-14,2025-05-14,CM,BSE,STK,539268,INE398R01022,SYNGENE,A,,,,,Syngene International Limited,630.0,642.0,629.1,640.8,641.8,629.15,,640.85,,,27156,17317578.0,1573,F1,1,,,,,,2025-05-14
2025-05-14,2025-05-14,CM,BSE,STK,539275,INE829S01016,MSL,X,,,,,Mangalam Seeds Limited,168.7,178.0,166.25,171.4,169.15,168.7,,171.4,,,1545,260705.0,54,F1,1,,,,,,2025-05-14
2025-05-14,2025-05-14,CM,BSE,STK,539276,INE587G01015,KAYA,B,,,,,Kaya Limited,255.0,265.0,252.7,261.95,264.85,249.8,,262.45,,,1878,485070.0,262,F1,1,,,,,,2025-05-14
2025-05-14,2025-05-14,CM,BSE,STK,539277,INE184S01024,ALSTONE,X,,,,,Alstone Textiles (India) Ltd,0.54,0.64,0.54,0.64,0.64,0.54,,0.64,,,21592013,13308526.0,4178,F1,1,,,,,,2025-05-14
2025-05-14,2025-05-14,CM,BSE,STK,539278,INE653R01012,SYMBIOX,X,,,,,Symbiox Investment & Trading C,3.22,3.38,3.17,3.27,3.27,3.29,,3.27,,,53482,173162.0,117,F1,1,,,,,,2025-05-14
2025-05-14,2025-05-14,CM,BSE,STK,539287,INE749B01020,ORTINGLOBE,T,,,,,ORTIN GLOBAL LIMITED,11.35,11.35,10.57,11.3,11.3,10.99,,10.9,,,602,6386.0,13,F1,1,,,,,,2025-05-14
2025-05-14,2025-05-14,CM,BSE,STK,539288,INE897N01014,AVI,XT,,,,,Avi Polymers Ltd.,13.9,14.37,13.9,14.37,14.37,13.9,,14.37,,,416,5971.0,8,F1,1,,,,,,2025-05-14
2025-05-14,2025-05-14,CM,BSE,STK,539289,INE898S01029,AURUM,B,,,,,Aurum PropTech Limited,167.0,182.85,167.0,177.8,177.8,181.8,,181.02,,,328,59289.0,50,F1,1,,,,,,2025-05-14
2025-05-14,2025-05-14,CM,BSE,STK,539290,INE143A01010,OSWALGREEN,B,,,,,Oswal Greentech Limited,40.01,40.99,39.84,40.61,40.7,39.84,,40.57,,,46554,1885002.0,681,F1,1,,,,,,2025-05-14
2025-05-14,2025-05-14,CM,BSE,STK,539291,INE583K01016,VASUDHAGAM,X,,,,,Vasudhagama Enterprises Limite,7.11,7.11,6.65,6.91,6.91,6.91,,6.91,,,109043,750473.0,141,F1,1,,,,,,2025-05-14
2025-05-14,2025-05-14,CM,BSE,STK,539300,INE671K01019,AKSPINTEX,XT,,,,,A.K. Spintex Ltd.,949.45,949.45,911.0,915.1,911.0,919.45,,915.1,,,1549,1428606.0,48,F1,1,,,,,,2025-05-14
2025-05-14,2025-05-14,CM,BSE,STK,539301,INE034S01021,ARVSMART,B,,,,,Arvind SmartSpaces Limited,670.0,693.0,670.0,690.1,690.6,676.3,,690.75,,,5220,3579942.0,392,F1,1,,,,,,2025-05-14
2025-05-14,2025-05-14,CM,BSE,STK,539302,INE211R01019,POWERMECH,A,,,,,Power Mech Projects Limited,2799.3,2849.0,2760.0,2809.75,2820.75,2788.8,,2812.6,,,8563,24159839.0,1669,F1,1,,,,,,2025-05-14
2025-05-14,2025-05-14,CM,BSE,STK,539309,INE230R01035,RAMASTEEL,B,,,,,Rama Steel Tubes Limited,11.25,11.54,10.91,11.01,11.01,11.26,,10.99,,,2041451,22882591.0,3885,F1,1,,,,,,2025-05-14
2025-05-14,2025-05-14,CM,BSE,STK,539310,INE365S01045,THINKINK,XT,,,,,THINKINK PICTUREZ LIMITED,0.3,0.31,0.29,0.31,0.31,0.3,,0.31,,,7596493,2321749.0,1312,F1,1,,,,,,2025-05-14
2025-05-14,2025-05-14,CM,BSE,STK,539313,INF789F1AZC0,UTINIFTETF,B,,,,,UTI Mutual Fund,269.42,269.9,267.5,268.18,268.09,268.33,,268.27,,,1769,475358.0,33,F1,1,,,,,,2025-05-14
2025-05-14,2025-05-14,CM,BSE,STK,539314,INE203T01012,UNIAUTO,T,,,,,Universal Autofoundry Limited,67.53,69.91,66.45,69.42,69.42,68.19,,69.42,,,5414,370123.0,49,F1,1,,,,,,2025-05-14
2025-05-14,2025-05-14,CM,BSE,STK,539331,INE918N01018,VETO,B,,,,,VETO SWITCHGEARS AND CABLES LI,106.05,107.6,105.75,107.1,106.8,104.75,,107.03,,,5300,565690.0,285,F1,1,,,,,,2025-05-14
2025-05-14,2025-05-14,CM,BSE,STK,539332,INE278M01019,NAVKARCORP,B,,,,,Navkar Corporation Limited,105.65,111.9,105.65,110.9,110.9,105.4,,110.76,,,127319,13851194.0,1180,F1,1,,,,,,2025-05-14
2025-05-14,2025-05-14,CM,BSE,STK,539334,INE712K01011,SHREEPUSHK,B,,,,,Shree Pushkar Chemicals & Fert,261.15,266.4,257.1,264.0,266.0,255.55,,263.51,,,5843,1537525.0,336,F1,1,,,,,,2025-05-14
2025-05-14,2025-05-14,CM,BSE,STK,539336,INE844O01030,GUJGASLTD,A,,,,,Gujarat Gas Limited,459.05,478.0,459.05,475.9,475.9,464.1,,476.25,,,32939,15530415.0,2249,F1,1,,,,,,2025-05-14
2025-05-14,2025-05-14,CM,BSE,STK,539337,INE725P01012,WAAREE,MT,,,,,WAAREE TECHNOLOGIES LIMITED,296.0,302.75,296.0,302.75,302.75,288.35,,302.75,,,15050,4534066.0,73,F1,175,,,,,,2025-05-14
2025-05-14,2025-05-14,CM,BSE,STK,539346,INE764L01010,SADBHIN,B,,,,,Sadbhav Infrastructure Project,4.22,4.4,4.21,4.24,4.23,4.22,,4.22,,,86161,366951.0,121,F1,1,,,,,,2025-05-14
2025-05-14,2025-05-14,CM,BSE,STK,539353,INE724G01014,SALAUTO,X,,,,,SAL AUTOMOTIVE LIMITED,265.0,265.0,252.8,260.65,260.0,260.8,,260.65,,,1040,271019.0,63,F1,1,,,,,,2025-05-14
2025-05-14,2025-05-14,CM,BSE,STK,539354,INE914G01029,POLYSPIN,X,,,,,Polyspin Exports Ltd.,35.9,36.0,35.85,36.0,36.0,35.27,,36.0,,,588,21092.0,7,F1,1,,,,,,2025-05-14
2025-05-14,2025-05-14,CM,BSE,STK,539359,INE583R01029,PRITIKAUTO,B,,,,,Pritika Auto Industries Limite,16.78,17.14,16.65,16.99,17.0,16.62,,16.99,,,47732,805588.0,450,F1,1,,,,,,2025-05-14
2025-05-14,2025-05-14,CM,BSE,STK,539378,INE848R01018,SML,XT,,,,,Soni Medicare Limited,75.59,75.59,75.59,75.59,75.59,77.13,,75.59,,,41,3099.0,4,F1,1,,,,,,2025-05-14
2025-05-14,2025-05-14,CM,BSE,STK,539383,INE019D01016,MINFY,Z,,,,,Mahaveer Infoway Limited,8.49,8.49,8.22,8.24,8.24,8.36,,8.24,,,782,6477.0,10,F1,1,,,,,,2025-05-14
2025-05-14,2025-05-14,CM,BSE,STK,539391,INE636B01011,ACME,Z,,,,,Acme Resources Limited,41.29,41.29,40.48,40.48,40.48,40.48,,40.48,,,419,16981.0,18,F1,1,,,,,,2025-05-14
2025-05-14,2025-05-14,CM,BSE,STK,539398,INE060T01024,VISHALBL,B,,,,,Vishal Bearings Limited,89.9,89.9,85.4,85.5,85.5,85.23,,85.5,,,4670,401521.0,90,F1,1,,,,,,2025-05-14
2025-05-14,2025-05-14,CM,BSE,STK,539399,INE344T01014,BELLACASA,X,,,,,Bella Casa Fashion & Retail Li,470.0,478.4,460.0,470.0,470.0,464.05,,470.0,,,6195,2907828.0,217,F1,1,,,,,,2025-05-14
2025-05-14,2025-05-14,CM,BSE,STK,539400,INE389C01015,MALLCOM,B,,,,,MALLCOM (INDIA) LTD.,1216.05,1239.6,1181.0,1224.45,1225.0,1214.85,,1224.6,,,918,1121266.0,201,F1,1,,,,,,2025-05-14
2025-05-14,2025-05-14,CM,BSE,STK,539402,INE256S01012,NAKSH,B,,,,,Naksh Precious Metals Limited,7.41,7.98,7.4,7.48,7.8,7.6,,7.48,,,15951,119906.0,109,F1,1,,,,,,2025-05-14
2025-05-14,2025-05-14,CM,BSE,STK,539404,INE836B01017,SATIN,B,,,,,SATIN CREDITCARE NETWORK LIMIT,172.05,173.5,171.0,173.35,172.65,172.65,,173.16,,,29742,5140111.0,548,F1,1,,,,,,2025-05-14
2025-05-14,2025-05-14,CM,BSE,STK,539405,INE183R01010,DITCO,X,,,,,Decorous Investment and Tradin,13.2,13.2,12.87,12.87,12.87,12.64,,12.87,,,37,476.0,4,F1,1,,,,,,2025-05-14
2025-05-14,2025-05-14,CM,BSE,STK,539406,INE150R01019,SWAGTAM,X,,,,,Swagatam Trading & Services Li,82.75,82.75,82.49,82.49,82.49,78.85,,82.49,,,90,7447.0,3,F1,1,,,,,,2025-05-14
2025-05-14,2025-05-14,CM,BSE,STK,539407,INE854S01022,GENCON,B,,,,,Generic Engineering Constructi,33.9,38.62,33.1,38.62,38.62,32.19,,38.14,,,146823,5546865.0,751,F1,1,,,,,,2025-05-14
2025-05-14,2025-05-14,CM,BSE,STK,539408,INE594R01018,KUBERJI,XT,,,,,Kuber Udyog Limited,17.85,18.73,17.85,18.43,18.72,17.84,,18.43,,,239,4375.0,11,F1,1,,,,,,2025-05-14
2025-05-14,2025-05-14,CM,BSE,STK,539409,INE894J01019,NEERAJ,X,,,,,NEERAJ PAPER MARKETING LIMITED,19.19,19.19,19.19,19.19,19.19,19.19,,19.19,,,10,191.0,1,F1,1,,,,,,2025-05-14
2025-05-14,2025-05-14,CM,BSE,STK,539428,INE030T01027,TEJNAKSH,X,,,,,Tejnaksh Healthcare Limited,21.75,22.5,21.51,21.9,21.9,21.75,,21.9,,,6199,137491.0,38,F1,1,,,,,,2025-05-14
2025-05-14,2025-05-14,CM,BSE,STK,539435,INE201C01012,RFSL,XT,,,,,Richfield Financial Services L,36.43,36.43,36.43,36.43,36.43,34.7,,36.43,,,13,473.0,3,F1,1,,,,,,2025-05-14
2025-05-14,2025-05-14,CM,BSE,STK,539436,INE335K01011,COFFEEDAY,T,,,,,Coffee Day Enterprises Limited,29.63,29.7,29.35,29.35,29.35,29.94,,29.35,,,81783,2420611.0,166,F1,1,,,,,,2025-05-14
2025-05-14,2025-05-14,CM,BSE,STK,539437,INE092T01019,IDFCFIRSTB,A,,,,,IDFC FIRST BANK LIMITED,69.01,69.56,68.55,69.48,69.48,68.99,,69.47,,,709261,49018546.0,3428,F1,1,,,,,,2025-05-14
2025-05-14,2025-05-14,CM,BSE,STK,539448,INE646L01027,INDIGO,A,,,,,InterGlobe Aviation Limited,5559.65,5559.65,5423.35,5450.75,5443.0,5519.95,,5451.5,,,8667,47560530.0,1500,F1,1,,,,,,2025-05-14
2025-05-14,2025-05-14,CM,BSE,STK,539449,INE099S01016,IGCIL,XT,,,,,IGC Industries Limited,5.0,5.19,4.9,5.0,5.05,5.12,,5.0,,,87245,441528.0,275,F1,1,,,,,,2025-05-14
2025-05-14,2025-05-14,CM,BSE,STK,539450,INE500L01026,SHK,B,,,,,S H Kelkar and Company Limited,199.6,206.55,199.2,202.0,205.55,198.6,,202.21,,,11623,2337614.0,333,F1,1,,,,,,2025-05-14
2025-05-14,2025-05-14,CM,BSE,STK,539455,INE360S01012,ARYAVAN,X,,,,,ARYAVAN ENTERPRISE LIMITED,37.96,37.96,34.8,35.64,35.64,36.63,,35.64,,,5066,176954.0,31,F1,1,,,,,,2025-05-14
2025-05-14,2025-05-14,CM,BSE,STK,539469,INE258R01028,PANORAMA,B,,,,,PANORAMA STUDIOS INTERNATIONAL,187.9,194.0,181.1,189.9,189.9,187.9,,189.9,,,165765,31308063.0,590,F1,1,,,,,,2025-05-14
2025-05-14,2025-05-14,CM,BSE,STK,539470,INE051N01026,SHREEGANES,X,,,,,Shree Ganesh Biotech (India) L,0.93,0.95,0.91,0.92,0.92,0.92,,0.92,,,649836,600941.0,580,F1,1,,,,,,2025-05-14
2025-05-14,2025-05-14,CM,BSE,STK,539479,INE910R01016,GTV,X,,,,,GTV Engineering Limited,725.0,750.0,719.9,739.2,750.0,721.4,,739.2,,,26470,19202496.0,192,F1,1,,,,,,2025-05-14
2025-05-14,2025-05-14,CM,BSE,STK,539487,INF767K01OT5,LICNETFSEN,A,,,,,LIC MF EXCHNG TRADED FUND-SENS,950.0,950.0,950.0,950.0,950.0,904.12,,910.45,,,19,18050.0,3,F1,1,,,,,,2025-05-14
2025-05-14,2025-05-14,CM,BSE,STK,539492,INE721C01019,GARBIFIN,X,,,,,Garbi Finvest Limited,10.8,10.8,9.9,10.34,10.26,10.33,,10.34,,,14152,145845.0,74,F1,1,,,,,,2025-05-14
2025-05-14,2025-05-14,CM,BSE,STK,539494,INE766D01020,SMARTFIN,X,,,,,Smart Finsec Limited,14.32,14.32,13.9,14.2,14.24,13.63,,14.2,,,18622,263430.0,171,F1,1,,,,,,2025-05-14
2025-05-14,2025-05-14,CM,BSE,STK,539506,INE805Q01028,ADCON,X,,,,,Adcon Capital Services Limited,0.71,0.73,0.69,0.71,0.71,0.72,,0.71,,,1527243,1071556.0,535,F1,1,,,,,,2025-05-14
2025-05-14,2025-05-14,CM,BSE,STK,539515,INE641R01017,QUINT,X,,,,,Quint Digital Limited,61.0,61.0,59.0,59.0,59.0,58.7,,59.0,,,2286,136199.0,20,F1,1,,,,,,2025-05-14
2025-05-14,2025-05-14,CM,BSE,STK,539516,INF179KC1965,HDFCNIFTY,B,,,,,HDFC Mutual Fund,273.42,274.7,272.53,273.45,273.03,272.74,,273.69,,,2197,600429.0,98,F1,1,,,,,,2025-05-14
2025-05-14,2025-05-14,CM,BSE,STK,539517,INF179KC1HX2,HDFCSENSEX,A,,,,,HDFC Mutual Fund,90.38,91.46,90.38,90.75,91.0,90.83,,90.65,,,2236,203194.0,78,F1,1,,,,,,2025-05-14
2025-05-14,2025-05-14,CM,BSE,STK,539518,INE551B01012,UDAYJEW,X,,,,,Uday Jewellery Industries Limi,147.55,150.05,147.55,149.0,148.8,146.85,,149.0,,,6530,972450.0,62,F1,1,,,,,,2025-05-14
2025-05-14,2025-05-14,CM,BSE,STK,539519,INE280E01038,SATTVASUKU,X,,,,,SATTVA SUKUN LIFECARE LIMITED,1.17,1.21,1.08,1.11,1.11,1.15,,1.11,,,2457463,2754375.0,819,F1,1,,,,,,2025-05-14
2025-05-14,2025-05-14,CM,BSE,STK,539522,INE343C01012,GROVY,X,,,,,Grovy India Limited,50.4,51.4,49.33,50.34,50.11,52.0,,50.34,,,3929,196336.0,42,F1,1,,,,,,2025-05-14
2025-05-14,2025-05-14,CM,BSE,STK,539523,INE540L01014,ALKEM,A,,,,,Alkem Laboratories Limited,5124.7,5135.6,5050.0,5127.15,5134.0,5124.25,,5127.0,,,1304,6642649.0,221,F1,1,,,,,,2025-05-14
2025-05-14,2025-05-14,CM,BSE,STK,539524,INE600L01024,LALPATHLAB,A,,,,,Dr. Lal Pathlabs Limited,2779.8,2823.55,2770.95,2806.8,2793.3,2778.55,,2806.4,,,1496,4198884.0,314,F1,1,,,,,,2025-05-14
2025-05-14,2025-05-14,CM,BSE,STK,539526,INE452S01025,SCTL,X,,,,,Suncare Traders Limited,0.95,0.95,0.89,0.91,0.91,0.91,,0.91,,,332453,303435.0,403,F1,1,,,,,,2025-05-14
2025-05-14,2025-05-14,CM,BSE,STK,539528,INE430R01023,AAYUSH,XT,,,,,AAYUSH WELLNESS LIMITED,105.92,105.92,105.92,105.92,105.92,103.85,,105.92,,,181028,19174485.0,502,F1,1,,,,,,2025-05-14
2025-05-14,2025-05-14,CM,BSE,STK,539533,INE669R01018,ELITECON,XT,,,,,ELITECON INTERNATIONAL LIMITED,386.0,387.0,364.75,366.0,371.0,383.9,,366.0,,,12502,4641628.0,466,F1,1,,,,,,2025-05-14
2025-05-14,2025-05-14,CM,BSE,STK,539542,INE150G01020,LUXIND,B,,,,,LUX Industries Limited,1427.05,1463.3,1427.05,1455.45,1454.0,1425.6,,1455.9,,,779,1134225.0,159,F1,1,,,,,,2025-05-14
2025-05-14,2025-05-14,CM,BSE,STK,539544,INE281P01016,ABHIINFRA,X,,,,,Abhishek Infraventures Limited,6.7,7.33,6.65,7.06,7.33,6.99,,7.06,,,15375,103266.0,17,F1,1,,,,,,2025-05-14
2025-05-14,2025-05-14,CM,BSE,STK,539545,INE217S01014,APOORVA,X,,,,,Apoorva Leasing Finance & Inve,37.52,39.47,37.52,39.47,39.47,39.49,,39.47,,,17,647.0,5,F1,1,,,,,,2025-05-14
2025-05-14,2025-05-14,CM,BSE,STK,539546,INE679E01015,AGRIBIO,X,,,,,AGRIBIO SPIRITS LIMITED,188.0,195.0,188.0,191.55,191.55,188.4,,191.55,,,19593,3744494.0,80,F1,1,,,,,,2025-05-14
2025-05-14,2025-05-14,CM,BSE,STK,539551,INE410P01011,NH,A,,,,,Narayana Hrudayalaya Limited,1794.0,1810.45,1776.1,1778.3,1777.25,1770.5,,1779.3,,,10143,18202963.0,839,F1,1,,,,,,2025-05-14
2025-05-14,2025-05-14,CM,BSE,STK,539552,INE108T01013,FMEC,XT,,,,,F MEC INTERNATIONAL FINANCIAL,103.9,104.0,103.9,104.0,104.0,101.9,,104.0,,,564,58646.0,6,F1,1,,,,,,2025-05-14
2025-05-14,2025-05-14,CM,BSE,STK,539559,INE005G01026,DDIL,X,,,,,Deep Diamond India Limited,4.6,4.6,4.3,4.54,4.54,4.51,,4.54,,,81967,372082.0,349,F1,1,,,,,,2025-05-14
2025-05-14,2025-05-14,CM,BSE,STK,539561,INE549S01036,REMLIFE,XT,,,,,REMEDIUM LIFECARE LIMITED,1.7,1.73,1.7,1.73,1.73,1.7,,1.73,,,2214454,3770298.0,753,F1,1,,,,,,2025-05-14
2025-05-14,2025-05-14,CM,BSE,STK,539562,INE750R01016,AARNAV,X,,,,,AARNAV FASHIONS LIMITED,52.9,54.1,51.0,51.62,51.4,52.39,,51.62,,,26065,1359625.0,163,F1,1,,,,,,2025-05-14
2025-05-14,2025-05-14,CM,BSE,STK,539574,INE974F01025,SCL,XT,,,,,Sunshine Capital Ltd.,0.55,0.56,0.52,0.55,0.56,0.54,,0.55,,,3878893,2124949.0,1913,F1,1,,,,,,2025-05-14
2025-05-14,2025-05-14,CM,BSE,STK,539584,INE104S01022,SIPTL,XT,,,,,SHARANAM INFRAPROJECT AND TRAD,0.45,0.48,0.45,0.47,0.47,0.47,,0.47,,,2836524,1305546.0,917,F1,1,,,,,,2025-05-14
2025-05-14,2025-05-14,CM,BSE,STK,539593,INE728Q01014,SHIVA,X,,,,,Shivansh Finserv Limited,6.49,6.49,5.36,5.99,5.99,5.9,,5.99,,,27412,152094.0,20,F1,1,,,,,,2025-05-14
2025-05-14,2025-05-14,CM,BSE,STK,539594,INE094S01041,MISHTANN,T,,,,,Mishtann Foods Limited,5.15,5.18,4.95,4.99,4.99,4.94,,4.99,,,4968173,25521407.0,5422,F1,1,,,,,,2025-05-14
2025-05-14,2025-05-14,CM,BSE,STK,539596,INE681Q01015,DELTA,X,,,,,Delta Industrial Resources Lim,12.02,12.02,11.95,11.95,11.95,12.02,,11.95,,,523,6251.0,13,F1,1,,,,,,2025-05-14
2025-05-14,2025-05-14,CM,BSE,STK,539598,INE727C01024,CGFL,X,,,,,CREDENT GLOBAL FINANCE LIMITED,23.85,25.45,23.85,24.88,25.0,25.13,,24.88,,,11483,283239.0,63,F1,1,,,,,,2025-05-14
2025-05-14,2025-05-14,CM,BSE,STK,539607,INE373T01047,BLUECLOUDS,T,,,,,Blue Cloud Softech Solutions L,18.36,18.36,18.36,18.36,18.36,18.73,,18.36,,,189531,3479789.0,329,F1,1,,,,,,2025-05-14
2025-05-14,2025-05-14,CM,BSE,STK,539620,INE534E01020,KEIL,X,,,,,KANORIA ENERGY & INFRASTRUCTUR,25.37,26.35,25.1,26.0,26.0,25.36,,26.0,,,4382,113310.0,31,F1,1,,,,,,2025-05-14
2025-05-14,2025-05-14,CM,BSE,STK,539621,INE368E01023,BCLENTERPR,X,,,,,BCL Enterprises Limited,0.82,0.83,0.8,0.81,0.81,0.8,,0.81,,,75300,61352.0,175,F1,1,,,,,,2025-05-14
2025-05-14,2025-05-14,CM,BSE,STK,539636,INE484I01029,PRECAM,B,,,,,Precision Camshafts Limited,169.8,173.45,167.15,172.1,172.1,169.35,,172.45,,,24361,4167730.0,427,F1,1,,,,,,2025-05-14
2025-05-14,2025-05-14,CM,BSE,STK,539658,INE985S01024,TEAMLEASE,A,,,,,TeamLease Services Limited,1998.95,2005.95,1971.9,1991.3,2001.0,1983.4,,1991.9,,,596,1189290.0,121,F1,1,,,,,,2025-05-14
2025-05-14,2025-05-14,CM,BSE,STK,539659,INE564S01019,KAMATS,T,,,,,VIKRAM KAMATS HOSPITALITY LIMI,68.99,70.0,68.25,69.55,69.55,67.47,,69.55,,,2736,189225.0,16,F1,1,,,,,,2025-05-14
2025-05-14,2025-05-14,CM,BSE,STK,539660,INE052T01013,BESTAGRO,T,,,,,BEST AGROLIFE LIMITED,353.6,353.6,352.0,352.0,352.0,346.7,,352.0,,,478,168624.0,5,F1,1,,,,,,2025-05-14
2025-05-14,2025-05-14,CM,BSE,STK,539661,INE023R01018,ACEMEN,X,,,,,ACE MEN ENGG WORKS LIMITED,71.23,80.0,67.01,73.08,74.0,72.68,,73.08,,,472,34032.0,63,F1,1,,,,,,2025-05-14
2025-05-14,2025-05-14,CM,BSE,STK,539662,INE948Q01018,BFLAFL,XT,,,,,BFL Asset Finvest Limited,12.26,12.26,12.26,12.26,12.26,12.02,,12.26,,,2540,31140.0,13,F1,1,,,,,,2025-05-14
2025-05-14,2025-05-14,CM,BSE,STK,539669,INE684D01025,RGF,XT,,,,,RGF Capital Markets Limited,0.59,0.61,0.57,0.57,0.57,0.59,,0.57,,,410838,238488.0,126,F1,1,,,,,,2025-05-14
2025-05-14,2025-05-14,CM,BSE,STK,539673,INE792P01020,RCL,Z,,,,,Radhagobind Commercial Limited,2.46,2.5,2.29,2.29,2.29,2.41,,2.29,,,1701,3981.0,19,F1,1,,,,,,2025-05-14
2025-05-14,2025-05-14,CM,BSE,STK,539678,INE306L01010,QUICKHEAL,B,,,,,Quick Heal Technologies Limite,280.1,292.0,280.1,286.6,286.6,284.05,,286.4,,,31702,9103170.0,1121,F1,1,,,,,,2025-05-14
2025-05-14,2025-05-14,CM,BSE,STK,539679,INE332Q01023,KAPILRAJ,X,,,,,Kapil Raj Finance Ltd.,7.0,7.01,6.51,6.81,6.91,6.8,,6.81,,,9653,64996.0,51,F1,1,,,,,,2025-05-14
2025-05-14,2025-05-14,CM,BSE,STK,539682,INE622Q01019,LUCENT,T,,,,,LUCENT INDUSTRIES LIMITED,625.05,626.0,625.0,625.0,625.0,625.05,,625.0,,,296,185020.0,6,F1,1,,,,,,2025-05-14
2025-05-14,2025-05-14,CM,BSE,STK,539686,INE127T01021,KPEL,B,,,,,K.P. Energy Limited,431.0,464.4,427.0,438.05,438.05,424.7,,438.45,,,456335,203379603.0,14802,F1,1,,,,,,2025-05-14
2025-05-14,2025-05-14,CM,BSE,STK,539692,INE064T01018,IFINSER,XT,,,,,INTERACTIVE FINANCIAL SERVICES,19.0,19.4,17.56,19.39,19.39,18.48,,19.39,,,44175,781162.0,82,F1,1,,,,,,2025-05-14
2025-05-14,2025-05-14,CM,BSE,STK,539697,INE966Q01010,HILIKS,XT,,,,,HILIKS TECHNOLOGIES LIMITED,52.48,52.48,48.02,51.97,52.0,50.3,,51.97,,,6701,347408.0,38,F1,1,,,,,,2025-05-14
2025-05-14,2025-05-14,CM,BSE,STK,539725,INE314T01025,GOKULAGRO,B,,,,,Gokul Agro Resources Ltd,240.0,248.6,240.0,246.5,246.0,239.9,,246.84,,,5478,1345245.0,229,F1,1,,,,,,2025-05-14
2025-05-14,2025-05-14,CM,BSE,STK,539730,INE194R01017,FREDUN,X,,,,,Fredun Pharmaceuticals Limited,676.0,685.95,676.0,684.95,684.95,674.05,,684.95,,,1126,769021.0,88,F1,1,,,,,,2025-05-14
2025-05-14,2025-05-14,CM,BSE,STK,539742,INE748T01016,SIMBHALS,T,,,,,Simbhaoli Sugars Ltd,14.8,14.87,14.8,14.87,14.87,14.17,,14.71,,,250,3709.0,8,F1,1,,,,,,2025-05-14
2025-05-14,2025-05-14,CM,BSE,STK,539760,INE773T01014,RELICAB,T,,,,,Relicab Cable Manufacturing Li,71.94,71.94,70.53,70.53,70.53,70.53,,70.53,,,3791,270750.0,18,F1,1,,,,,,2025-05-14
2025-05-14,2025-05-14,CM,BSE,STK,539761,INE427T01025,VKAL,XT,,,,,Vantage Knowledge Academy Limi,13.58,13.94,13.0,13.91,13.92,13.56,,13.91,,,39022,530289.0,257,F1,1,,,,,,2025-05-14
2025-05-14,2025-05-14,CM,BSE,STK,539762,INE250S01015,MEAPL,XT,,,,,MODERN ENGINEERING AND PROJECT,27.3,27.3,24.79,25.98,25.85,26.09,,25.98,,,28314,730408.0,147,F1,1,,,,,,2025-05-14
2025-05-14,2025-05-14,CM,BSE,STK,539767,INE216Q01010,MNIL,X,,,,,Mega Nirman & Industries Limit,19.9,19.9,18.0,19.17,19.19,18.31,,19.17,,,1721,31879.0,31,F1,1,,,,,,2025-05-14
2025-05-14,2025-05-14,CM,BSE,STK,539770,INE830S01014,DARJEELING,XT,,,,,Darjeeling Ropeway Company Lim,36.77,36.77,36.77,36.77,36.77,36.05,,36.77,,,8507,312802.0,11,F1,1,,,,,,2025-05-14
2025-05-14,2025-05-14,CM,BSE,STK,539773,INE178T01024,ADVIKCA,X,,,,,Advik Capital Limited,1.79,1.79,1.66,1.71,1.71,1.75,,1.71,,,1074442,1840117.0,1019,F1,1,,,,,,2025-05-14
2025-05-14,2025-05-14,CM,BSE,STK,539785,INE865T01018,PDMJEPAPER,T,,,,,Pudumjee Paper Products Limite,102.0,103.0,102.0,103.0,103.0,101.35,,103.0,,,12846,1321092.0,52,F1,1,,,,,,2025-05-14
2025-05-14,2025-05-14,CM,BSE,STK,539787,INE075I01017,HCG,B,,,,,HealthCare Global Enterprises,579.2,636.8,576.55,626.45,621.4,579.05,,626.15,,,44190,26932418.0,3064,F1,1,,,,,,2025-05-14
2025-05-14,2025-05-14,CM,BSE,STK,539798,INE173U01015,UMIYA,XT,,,,,Umiya Tubes Limited,12.94,12.94,11.76,12.93,12.93,12.33,,12.93,,,20124,258104.0,79,F1,1,,,,,,2025-05-14
2025-05-14,2025-05-14,CM,BSE,STK,539799,INE316L01019,BHARATWIRE,B,,,,,Bharat Wire Ropes Limited,179.85,184.7,179.25,182.55,183.5,178.45,,182.39,,,9824,1787717.0,466,F1,1,,,,,,2025-05-14
2025-05-14,2025-05-14,CM,BSE,STK,539800,INE043U01010,CHDCHEM,X,,,,,CHD Chemicals Limited,5.82,5.82,5.8,5.8,5.8,5.9,,5.8,,,20541,119538.0,20,F1,1,,,,,,2025-05-14
2025-05-14,2025-05-14,CM,BSE,STK,539807,INE483S01020,INFIBEAM,A,,,,,INFIBEAM AVENUES LIMITED,17.99,18.45,17.9,18.35,18.35,17.95,,18.35,,,893927,16308865.0,2517,F1,1,,,,,,2025-05-14
2025-05-14,2025-05-14,CM,BSE,STK,539814,INE204S01012,LELAVOIR,XT,,,,,LE LAVOIR LIMITED,207.2,228.95,207.2,207.6,223.0,218.1,,207.6,,,20696,4313782.0,116,F1,1,,,,,,2025-05-14
2025-05-14,2025-05-14,CM,BSE,STK,539834,INE119R01014,BALGOPAL,XT,,,,,Balgopal Commercial limited,124.05,127.65,116.5,127.65,127.65,121.6,,127.65,,,3689,451368.0,32,F1,1,,,,,,2025-05-14
2025-05-14,2025-05-14,CM,BSE,STK,539835,INE574R01028,SUPERIOR,X,,,,,Superior Finlease Limited,1.59,1.59,1.58,1.58,1.58,1.59,,1.58,,,2901,4591.0,23,F1,1,,,,,,2025-05-14
2025-05-14,2025-05-14,CM,BSE,STK,539837,INE912T01018,RPEL,B,,,,,RAGHAV PRODUCTIVITY ENHANCERS,690.0,714.15,689.7,710.25,707.7,678.65,,710.35,,,6151,4290930.0,910,F1,1,,,,,,2025-05-14
2025-05-14,2025-05-14,CM,BSE,STK,539841,INE359U01028,LANCER,T,,,,,Lancer Container Lines Limited,15.75,15.91,15.5,15.9,15.9,15.16,,15.9,,,1282289,20383859.0,2234,F1,1,,,,,,2025-05-14
2025-05-14,2025-05-14,CM,BSE,STK,539843,INE395U01014,NINSYS,B,,,,,NINtec Systems Limited,459.5,464.9,456.7,459.0,459.0,459.5,,460.9,,,334,153704.0,78,F1,1,,,,,,2025-05-14
2025-05-14,2025-05-14,CM,BSE,STK,539854,INE115S01010,HALDER,X,,,,,Halder Venture Limited,559.55,559.55,535.0,543.0,541.95,543.35,,543.0,,,11759,6382082.0,226,F1,1,,,,,,2025-05-14
2025-05-14,2025-05-14,CM,BSE,STK,539871,INE594H01019,THYROCARE,B,,,,,Thyrocare Technologies Limited,982.95,1013.0,975.0,983.65,983.65,984.3,,982.35,,,15269,15120378.0,1683,F1,1,,,,,,2025-05-14
2025-05-14,2025-05-14,CM,BSE,STK,539872,INE411U01027,BAJAJHCARE,B,,,,,Bajaj Healthcare Limited,569.3,569.3,547.0,551.6,551.6,553.25,,551.05,,,16971,9429558.0,561,F1,1,,,,,,2025-05-14
2025-05-14,2025-05-14,CM,BSE,STK,539875,INE616F01022,RSDFIN,X,,,,,RSD Finance Limited,125.0,125.0,113.9,114.7,114.0,115.05,,114.7,,,896,103724.0,41,F1,1,,,,,,2025-05-14
2025-05-14,2025-05-14,CM,BSE,STK,539876,INE299U01018,CROMPTON,A,,,,,Crompton Greaves Consumer Elec,334.55,338.9,327.6,331.45,332.05,331.2,,331.4,,,129580,42944713.0,4842,F1,1,,,,,,2025-05-14
2025-05-14,2025-05-14,CM,BSE,STK,539883,INE417C01014,PILANIINVS,B,,,,,Pilani Investment And Industri,4375.9,4460.0,4333.1,4441.45,4430.5,4372.6,,4449.7,,,488,2145228.0,166,F1,1,,,,,,2025-05-14
2025-05-14,2025-05-14,CM,BSE,STK,539884,INE671T01028,DARSHANORNA,XT,,,,,Darshan Orna Limited,2.42,2.43,2.31,2.41,2.42,2.37,,2.41,,,42811,102450.0,137,F1,1,,,,,,2025-05-14
2025-05-14,2025-05-14,CM,BSE,STK,539889,INE883N01014,PARAGMILK,B,,,,,Parag Milk Foods Limited,202.15,211.5,202.15,210.0,210.0,204.85,,210.39,,,172112,35646139.0,2330,F1,1,,,,,,2025-05-14
2025-05-14,2025-05-14,CM,BSE,STK,539894,INE631R01026,MADHAVIPL,X,,,,,Madhav Infra Projects Limited,15.29,15.51,14.42,14.6,14.6,14.89,,14.6,,,1095915,16378701.0,1762,F1,1,,,,,,2025-05-14
2025-05-14,2025-05-14,CM,BSE,STK,539895,INE631E01024,SAGL,XT,,,,,Shalimar Agencies Limited,16.64,16.64,16.64,16.64,16.64,16.32,,16.64,,,6646,110589.0,7,F1,1,,,,,,2025-05-14
2025-05-14,2025-05-14,CM,BSE,STK,539900,INE642P01019,DIDL,X,,,,,DALMIA INDUSTRIAL DEVELOPMENT,15.0,15.0,12.65,12.91,12.84,14.0,,12.91,,,100739,1332698.0,169,F1,1,,,,,,2025-05-14
2025-05-14,2025-05-14,CM,BSE,STK,539911,INE730R01042,SNIM,X,,,,,Svarnim Trade Udyog Limited,20.31,20.31,20.31,20.31,20.31,20.31,,20.31,,,60,1218.0,2,F1,1,,,,,,2025-05-14
2025-05-14,2025-05-14,CM,BSE,STK,539917,INE454M01024,NAGAFERT,T,,,,,NAGARJUNA FERTILIZERS AND CHEM,4.38,4.48,4.38,4.48,4.48,4.4,,4.48,,,217419,965712.0,92,F1,1,,,,,,2025-05-14
2025-05-14,2025-05-14,CM,BSE,STK,539921,INE440T01028,SEIL,X,,,,,Shanti Educational Initiatives,70.02,70.97,67.16,69.9,69.9,69.67,,69.9,,,2177,152495.0,55,F1,1,,,,,,2025-05-14
2025-05-14,2025-05-14,CM,BSE,STK,539927,INE920T01011,LIKHAMI,XT,,,,,LIKHAMI CONSULTING LIMITED,406.05,406.05,406.05,406.05,406.05,427.4,,406.05,,,5,2030.0,5,F1,1,,,,,,2025-05-14
2025-05-14,2025-05-14,CM,BSE,STK,539938,INE858Q01019,MIL,X,,,,,Medico Intercontinental Limite,39.0,39.0,36.52,38.3,38.3,37.8,,38.3,,,4900,181587.0,100,F1,1,,,,,,2025-05-14
2025-05-14,2025-05-14,CM,BSE,STK,539939,INE571U01010,YASHCHEM,X,,,,,Yash Chemex Limited,49.84,51.25,49.84,51.2,51.2,49.84,,51.2,,,1615,82107.0,10,F1,1,,,,,,2025-05-14
2025-05-14,2025-05-14,CM,BSE,STK,539945,INF109KC11V0,NV20IETF,B,,,,,ICICI Prudential NV20 ETF,14.49,14.62,14.45,14.57,14.58,14.43,,14.51,,,11902,173041.0,111,F1,1,,,,,,2025-05-14
2025-05-14,2025-05-14,CM,BSE,STK,539946,INE217E01014,BAZELINTER,X,,,,,Bazel International Limited,74.58,85.98,73.0,82.8,82.8,80.92,,82.8,,,123,9238.0,8,F1,1,,,,,,2025-05-14
2025-05-14,2025-05-14,CM,BSE,STK,539947,INE919T01013,JLL,X,,,,,JINDAL LEASEFIN LIMITED,45.7,45.7,41.66,43.53,44.0,43.63,,43.53,,,137,5977.0,12,F1,1,,,,,,2025-05-14
2025-05-14,2025-05-14,CM,BSE,STK,539956,INE524T01011,TAALENT,X,,,,,TAAL Enterprises Limited,2825.0,3200.0,2778.05,3108.75,3108.75,2751.7,,3108.75,,,6883,20757574.0,703,F1,1,,,,,,2025-05-14
2025-05-14,2025-05-14,CM,BSE,STK,539957,INE002S01010,MGL,A,,,,,Mahanagar Gas Limited,1389.1,1410.55,1377.0,1385.3,1386.6,1391.25,,1385.0,,,27770,38522937.0,2052,F1,1,,,,,,2025-05-14
2025-05-14,2025-05-14,CM,BSE,STK,539963,INE819S01025,ZEAL,X,,,,,Zeal Aqua Limited,12.19,12.31,11.76,12.21,12.21,11.98,,12.21,,,121121,1477308.0,318,F1,1,,,,,,2025-05-14
2025-05-14,2025-05-14,CM,BSE,STK,539978,INE615P01015,QUESS,A,,,,,Quess Corp Limited,368.95,372.0,363.3,367.55,367.55,363.4,,368.15,,,32782,12084716.0,1200,F1,1,,,,,,2025-05-14
2025-05-14,2025-05-14,CM,BSE,STK,539979,INE731U01028,DIGJAMLMTD,T,,,,,DIGJAM LIMITED,37.5,38.0,36.65,37.5,37.5,37.75,,37.61,,,1150,42707.0,15,F1,1,,,,,,2025-05-14
2025-05-14,2025-05-14,CM,BSE,STK,539980,INF109KC10W0,MIDSELIETF,B,,,,,ICICI Prudential BSE Midcap Se,16.97,17.0,16.89,16.98,17.0,16.9,,16.97,,,68230,1155709.0,612,F1,1,,,,,,2025-05-14
2025-05-14,2025-05-14,CM,BSE,STK,539984,INE799B01017,HUIL,X,,,,,HINDUSTHAN URBAN INFRASTRUCTUR,2205.0,2209.95,2127.0,2204.5,2199.0,2200.0,,2204.5,,,177,389153.0,22,F1,1,,,,,,2025-05-14
2025-05-14,2025-05-14,CM,BSE,STK,539986,INE073V01015,COMSYN,B,,,,,Commercial Syn Bags Limited,105.29,106.4,103.0,105.6,106.12,103.62,,105.1,,,4143,434029.0,200,F1,1,,,,,,2025-05-14
2025-05-14,2025-05-14,CM,BSE,STK,539991,INE700F01024,CFEL,X,,,,,CONFIDENCE FUTURISTIC ENERGETE,82.7,82.7,81.2,82.01,82.0,80.32,,82.01,,,15910,1301436.0,51,F1,1,,,,,,2025-05-14
2025-05-14,2025-05-14,CM,BSE,STK,539992,INE093R01011,LLOYDSENGG,A,,,,,LLOYDS ENGINEERING WORKS LIMIT,55.38,57.27,55.37,56.39,56.39,54.82,,56.38,,,786056,44134436.0,4225,F1,1,,,,,,2025-05-14
2025-05-14,2025-05-14,CM,BSE,STK,539997,INE552U01010,KPL,B,,,,,Kwality Pharmaceuticals Limite,769.95,789.0,741.5,756.75,763.45,769.9,,756.75,,,14551,11218994.0,537,F1,1,,,,,,2025-05-14
2025-05-14,2025-05-14,CM,BSE,STK,540005,INE214T01019,LTIM,A,,,,,LTIMindtree Limited,4964.55,5061.5,4940.15,5036.1,5027.1,4921.5,,5034.2,,,13776,69129157.0,3229,F1,1,,,,,,2025-05-14
2025-05-14,2025-05-14,CM,BSE,STK,540006,INE595R01023,EASTWEST,X,,,,,EAST WEST FREIGHT CARRIERS LTD,6.6,6.7,6.42,6.55,6.55,6.49,,6.55,,,140591,914996.0,263,F1,1,,,,,,2025-05-14
2025-05-14,2025-05-14,CM,BSE,STK,540008,INF209KB10E8,BSLSENETFG,A,,,,,Aditya Birla Sun Life BSE Sens,81.0,83.0,81.0,81.05,81.05,80.29,,80.56,,,112,9076.0,12,F1,1,,,,,,2025-05-14
2025-05-14,2025-05-14,CM,BSE,STK,540023,INE621I01042,COLORCHIPS,X,,,,,COLORCHIPS NEW MEDIA LIMITED,20.39,21.2,20.01,21.1,21.13,20.39,,21.1,,,12415,261124.0,58,F1,1,,,,,,2025-05-14
2025-05-14,2025-05-14,CM,BSE,STK,540025,INE837H01020,ADVENZYMES,A,,,,,Advanced Enzyme Technologies L,290.0,293.0,284.1,286.15,287.0,288.8,,286.45,,,3094,891578.0,238,F1,1,,,,,,2025-05-14
2025-05-14,2025-05-14,CM,BSE,STK,540026,INE213U01019,LAHL,XT,,,,,Ladam Affortable Housing Limit,6.2,6.2,6.16,6.19,6.19,6.19,,6.19,,,817,5057.0,7,F1,1,,,,,,2025-05-14
2025-05-14,2025-05-14,CM,BSE,STK,540047,INE917M01012,DBL,A,,,,,Dilip Buildcon Limited,470.0,475.55,462.25,474.65,475.55,467.0,,473.6,,,7362,3454818.0,445,F1,1,,,,,,2025-05-14
2025-05-14,2025-05-14,CM,BSE,STK,540048,INE212I01016,SPAL,B,,,,,S.P. Apparels Limited,873.4,884.0,863.3,868.5,867.0,877.7,,870.2,,,3633,3165575.0,338,F1,1,,,,,,2025-05-14
2025-05-14,2025-05-14,CM,BSE,STK,540061,INE412U01025,BIGBLOC,B,,,,,Bigbloc Construction Limited,67.0,68.95,66.31,68.54,68.9,66.85,,68.37,,,8895,604523.0,262,F1,1,,,,,,2025-05-14
2025-05-14,2025-05-14,CM,BSE,STK,540062,INE222U01010,GOLDENCREST,XT,,,,,Golden Crest Education & Servi,494.75,494.75,494.7,494.7,494.7,494.75,,494.7,,,4,1978.0,2,F1,1,,,,,,2025-05-14
2025-05-14,2025-05-14,CM,BSE,STK,540063,INE925Q01024,ECS,X,,,,,ECS Biztech Limited,9.0,9.0,8.39,8.78,8.8,8.58,,8.78,,,3584,30973.0,45,F1,1,,,,,,2025-05-14
2025-05-14,2025-05-14,CM,BSE,STK,540065,INE976G01028,RBLBANK,A,,,,,RBL Bank Limited,208.5,212.1,206.35,209.6,209.6,207.75,,209.74,,,332457,69738215.0,3652,F1,1,,,,,,2025-05-14
2025-05-14,2025-05-14,CM,BSE,STK,540073,INE153T01027,BLS,A,,,,,BLS International Services Ltd,375.0,381.0,372.3,379.9,379.9,371.3,,379.05,,,70679,26651417.0,1889,F1,1,,,,,,2025-05-14
2025-05-14,2025-05-14,CM,BSE,STK,540078,INE317V01016,MITSU,B,,,,,Mitsu Chem Plast Limited,113.0,114.5,112.01,113.64,113.64,112.78,,113.64,,,18731,2115769.0,152,F1,1,,,,,,2025-05-14
2025-05-14,2025-05-14,CM,BSE,STK,540079,INE537U01029,SPRAYKING,B,,,,,Sprayking Limited,7.2,7.5,7.04,7.13,7.12,6.81,,7.13,,,364211,2637835.0,646,F1,1,,,,,,2025-05-14
2025-05-14,2025-05-14,CM,BSE,STK,540080,INE715T01031,DHATRE,X,,,,,Dhatre Udyog Limited,8.2,8.4,8.0,8.26,8.26,8.14,,8.26,,,64636,534602.0,333,F1,1,,,,,,2025-05-14
2025-05-14,2025-05-14,CM,BSE,STK,540081,INE860T01019,SABEVENTS,T,,,,,Sab Events & Governance Now Me,5.12,5.12,5.12,5.12,5.12,5.22,,5.05,,,3,15.0,3,F1,1,,,,,,2025-05-14
2025-05-14,2025-05-14,CM,BSE,STK,540082,INE367U01013,RSTL,MT,,,,,Riddhi Steel and Tube Limited,97.24,97.24,97.24,97.24,97.24,92.61,,97.24,,,4500,437580.0,3,F1,1500,,,,,,2025-05-14
2025-05-14,2025-05-14,CM,BSE,STK,540083,INE871L01013,TVVISION,T,,,,,TV VISION LIMITED,7.34,7.34,7.34,7.34,7.34,7.48,,7.3,,,220,1614.0,2,F1,1,,,,,,2025-05-14
2025-05-14,2025-05-14,CM,BSE,STK,540097,INE890S01026,GAMCO,X,,,,,GAMCO LIMITED,35.82,37.0,35.82,36.49,36.4,36.55,,36.49,,,39490,1443103.0,177,F1,1,,,,,,2025-05-14
2025-05-14,2025-05-14,CM,BSE,STK,540108,INE864T01011,TIAANC,Z,,,,,TIAAN CONSUMER LIMITED,8.01,8.01,8.01,8.01,8.01,8.43,,8.01,,,1658,13280.0,5,F1,1,,,,,,2025-05-14
2025-05-14,2025-05-14,CM,BSE,STK,540115,INE010V01017,LTTS,A,,,,,L&T Technology Services Limite,4355.85,4447.75,4355.85,4406.25,4405.85,4368.35,,4407.0,,,8632,38024335.0,1368,F1,1,,,,,,2025-05-14
2025-05-14,2025-05-14,CM,BSE,STK,540124,INE934S01014,GNA,B,,,,,G N A Axles Limited,328.9,335.15,328.55,333.5,332.2,328.9,,333.05,,,3946,1314624.0,445,F1,1,,,,,,2025-05-14
2025-05-14,2025-05-14,CM,BSE,STK,540125,INE583V01021,RADHIKAJWE,B,,,,,Radhika Jeweltech Limited,92.84,92.84,91.4,92.11,92.11,91.17,,92.05,,,51920,4785357.0,916,F1,1,,,,,,2025-05-14
2025-05-14,2025-05-14,CM,BSE,STK,540132,INE400R01018,SIIL,XT,,,,,Sabrimala Industries India Lim,9.31,10.12,9.31,9.71,9.63,9.64,,9.71,,,3826,38312.0,17,F1,1,,,,,,2025-05-14
2025-05-14,2025-05-14,CM,BSE,STK,540133,INE726G01019,ICICIPRULI,A,,,,,ICICI Prudential Life Insuranc,605.75,610.0,602.5,608.7,608.0,603.3,,608.25,,,6102,3702541.0,575,F1,1,,,,,,2025-05-14
2025-05-14,2025-05-14,CM,BSE,STK,540134,INE818R01011,IISL,XT,,,,,ISHAAN INFRASTRUCTURE AND SHEL,6.87,6.87,6.85,6.85,6.85,6.87,,6.85,,,3004,20617.0,5,F1,1,,,,,,2025-05-14
2025-05-14,2025-05-14,CM,BSE,STK,540135,INE202R01026,ARCFIN,XT,,,,,ARC Finance Limited,1.02,1.02,0.97,0.99,0.99,1.02,,0.99,,,3849814,3795570.0,1929,F1,1,,,,,,2025-05-14
2025-05-14,2025-05-14,CM,BSE,STK,540136,INE495S01016,HPL,B,,,,,HPL Electric & Power Limited,434.95,442.0,425.0,437.8,437.5,428.05,,437.8,,,28888,12594460.0,1511,F1,1,,,,,,2025-05-14
2025-05-14,2025-05-14,CM,BSE,STK,540143,INE184B01012,SAGARSOFT,X,,,,,Sagarsoft (India) Limited,158.0,161.45,158.0,159.75,161.2,154.0,,159.75,,,2696,429155.0,16,F1,1,,,,,,2025-05-14
2025-05-14,2025-05-14,CM,BSE,STK,540144,INE746V01016,DRA,MT,,,,,DRA CONSULTANTS LIMITED,23.9,23.9,23.9,23.9,23.9,23.9,,23.9,,,2500,59750.0,1,F1,2500,,,,,,2025-05-14
2025-05-14,2025-05-14,CM,BSE,STK,540145,INE565V01010,VALIANTORG,B,,,,,Valiant Organics Limited,320.2,336.5,320.2,326.4,330.05,327.1,,326.8,,,5881,1943194.0,359,F1,1,,,,,,2025-05-14
2025-05-14,2025-05-14,CM,BSE,STK,540146,INE427V01013,ACML,MT,,,,,ADITYA CONSUMER MARKETING LIMI,56.5,57.0,56.5,56.6,56.6,57.5,,56.6,,,9000,511600.0,7,F1,1000,,,,,,2025-05-14
2025-05-14,2025-05-14,CM,BSE,STK,540147,INE700V01021,SHASHIJIT,T,,,,,Shashijit Infraprojects Limite,6.32,6.98,6.32,6.98,6.98,6.65,,6.98,,,240320,1599498.0,130,F1,1,,,,,,2025-05-14
2025-05-14,2025-05-14,CM,BSE,STK,540153,INE913H01037,ENDURANCE,A,,,,,Endurance Technologies Limited,2123.8,2199.1,2123.8,2193.7,2180.2,2165.6,,2194.7,,,4030,8788452.0,688,F1,1,,,,,,2025-05-14
2025-05-14,2025-05-14,CM,BSE,STK,540159,INE905R01016,PURPLE,X,,,,,Purple Entertainment Limited,3.75,3.75,3.75,3.75,3.75,3.99,,3.75,,,2688,10080.0,13,F1,1,,,,,,2025-05-14
2025-05-14,2025-05-14,CM,BSE,STK,540168,INE268T01015,SUPRAPFSL,X,,,,,Supra Pacific Financial Servic,27.0,27.0,25.05,26.39,26.7,26.28,,26.39,,,15434,398693.0,61,F1,1,,,,,,2025-05-14
2025-05-14,2025-05-14,CM,BSE,STK,540173,INE572E01012,PNBHOUSING,A,,,,,PNB Housing Finance Limited,1099.85,1099.85,1074.75,1083.75,1086.0,1090.85,,1082.2,,,12298,13357863.0,928,F1,1,,,,,,2025-05-14
2025-05-14,2025-05-14,CM,BSE,STK,540174,INE298B01010,SOUTHERNIN,X,,,,,Southern Infosys Limited,22.61,23.73,22.61,23.3,23.3,23.01,,23.3,,,503,11628.0,18,F1,1,,,,,,2025-05-14
2025-05-14,2025-05-14,CM,BSE,STK,540175,INE964R01013,REGENCY,X,,,,,REGENCY FINCORP LIMITED,30.75,32.9,29.91,30.79,30.79,31.48,,30.79,,,63121,1921251.0,227,F1,1,,,,,,2025-05-14
2025-05-14,2025-05-14,CM,BSE,STK,540180,INE200M01039,VBL,A,,,,,Varun Beverages Limited,513.0,515.25,506.5,510.05,509.5,508.2,,510.1,,,163509,83530976.0,2631,F1,1,,,,,,2025-05-14
2025-05-14,2025-05-14,CM,BSE,STK,540181,INE894E01028,SALEM,X,,,,,Salem Erode Investments Ltd.,44.44,44.5,41.0,43.98,43.6,44.0,,43.98,,,2133,93741.0,8,F1,1,,,,,,2025-05-14
2025-05-14,2025-05-14,CM,BSE,STK,540190,INE789R01022,FRANKLININD,X,,,,,Franklin Industries Limited,2.05,2.05,1.99,2.0,2.0,2.03,,2.0,,,1571056,3161398.0,1888,F1,1,,,,,,2025-05-14
2025-05-14,2025-05-14,CM,BSE,STK,540192,INE341H01023,LKPSEC,X,,,,,LKP Securities Limited,18.3,19.4,18.3,19.2,19.2,18.34,,19.2,,,20321,382809.0,200,F1,1,,,,,,2025-05-14
2025-05-14,2025-05-14,CM,BSE,STK,540198,INE186R01013,OSIAJEE,XT,,,,,OSIAJEE TEXFAB LIMITED,208.75,213.0,205.0,208.05,210.95,208.1,,208.05,,,62243,13001729.0,288,F1,1,,,,,,2025-05-14
2025-05-14,2025-05-14,CM,BSE,STK,540203,INE916U01025,SFL,A,,,,,Sheela Foam Limited,668.5,672.4,662.0,665.4,665.4,660.7,,663.75,,,13209,8797008.0,629,F1,1,,,,,,2025-05-14
2025-05-14,2025-05-14,CM,BSE,STK,540204,INE666Q01016,EIKO,X,,,,,EIKO LIFESCIENCES LIMITED,50.48,51.9,48.75,50.44,51.25,49.03,,50.44,,,21477,1085238.0,113,F1,1,,,,,,2025-05-14
2025-05-14,2025-05-14,CM,BSE,STK,540205,INE679V01027,AVL,B,,,,,Aditya Vision Limited,427.2,434.15,426.35,432.0,433.0,422.75,,432.4,,,9184,3958576.0,835,F1,1,,,,,,2025-05-14
2025-05-14,2025-05-14,CM,BSE,STK,540210,INE759V01019,HEADSUP,T,,,,,Heads UP Ventures Limited,11.39,11.42,10.56,11.16,11.16,10.88,,10.91,,,29967,339154.0,42,F1,1,,,,,,2025-05-14
2025-05-14,2025-05-14,CM,BSE,STK,540212,INE586V01016,TCIEXP,B,,,,,TCI Express Limited,700.0,727.45,693.9,721.25,727.45,691.95,,712.85,,,4838,3468588.0,614,F1,1,,,,,,2025-05-14
2025-05-14,2025-05-14,CM,BSE,STK,540222,INE947Q01028,LAURUSLABS,A,,,,,Laurus Labs Limited,600.4,610.0,592.4,606.0,604.65,595.55,,605.95,,,63312,38216763.0,2021,F1,1,,,,,,2025-05-14
2025-05-14,2025-05-14,CM,BSE,STK,540243,INE835U01027,NEWLIGHT,XT,,,,,NEW LIGHT APPARELS LIMTED,2.75,2.75,2.75,2.75,2.75,2.89,,2.75,,,157917,434271.0,189,F1,1,,,,,,2025-05-14
2025-05-14,2025-05-14,CM,BSE,STK,540252,INE607V01028,VSL,B,,,,,VEERAM SECURITIES LIMITED,8.96,9.08,8.7,8.93,9.0,9.04,,8.93,,,151424,1345778.0,471,F1,1,,,,,,2025-05-14
2025-05-14,2025-05-14,CM,BSE,STK,540254,INE245H01018,MTPL,X,,,,,MARG TECHNO PROJECTS LIMITED,35.89,35.89,34.48,34.48,34.48,34.48,,34.48,,,5,176.0,5,F1,1,,,,,,2025-05-14
2025-05-14,2025-05-14,CM,BSE,STK,540266,INE804Q01013,GLCL,Z,,,,,Globe Commercials Limited,34.68,34.72,33.75,34.72,34.72,33.07,,34.72,,,10781,372858.0,146,F1,1,,,,,,2025-05-14
2025-05-14,2025-05-14,CM,BSE,STK,540267,INE318U01016,FLORACORP,X,,,,,Flora Corporation Limited,7.25,7.25,6.75,6.75,6.75,6.75,,6.75,,,121,859.0,4,F1,1,,,,,,2025-05-14
2025-05-14,2025-05-14,CM,BSE,STK,540268,INE615R01029,TRU,T,,,,,TruCap Finance Limited,8.45,8.61,8.28,8.61,8.61,8.2,,8.52,,,121619,1043891.0,111,F1,1,,,,,,2025-05-14
2025-05-14,2025-05-14,CM,BSE,STK,540293,INE726V01018,PRICOLLTD,A,,,,,Pricol Limited,450.8,465.55,449.45,464.2,465.55,451.3,,464.2,,,22066,10174028.0,1304,F1,1,,,,,,2025-05-14
2025-05-14,2025-05-14,CM,BSE,STK,540310,INE181U01018,CFL,XT,,,,,Classic Filaments Limited,23.35,23.37,23.35,23.37,23.37,23.35,,23.37,,,350,8177.0,9,F1,1,,,,,,2025-05-14
2025-05-14,2025-05-14,CM,BSE,STK,540311,INE863T01013,JITFINFRA,T,,,,,JITF INFRALOGISTICS LIMITED,409.0,409.0,408.95,409.0,409.0,389.55,,412.85,,,685,280163.0,11,F1,1,,,,,,2025-05-14
2025-05-14,2025-05-14,CM,BSE,STK,540358,INE655V01019,RMC,MT,,,,,RMC SWITCHGEARS LIMITED,621.0,627.0,585.95,619.45,619.45,616.75,,619.45,,,36125,21781537.0,163,F1,125,,,,,,2025-05-14
2025-05-14,2025-05-14,CM,BSE,STK,540359,INE240T01014,PARMAX,X,,,,,Parmax Pharma Limited,44.55,53.46,41.65,47.49,47.49,44.55,,47.49,,,2181,94505.0,28,F1,1,,,,,,2025-05-14
2025-05-14,2025-05-14,CM,BSE,STK,540360,INE715Q01029,LLFICL,XT,,,,,LEADING LEASING FINANCE AND IN,6.5,6.64,6.32,6.55,6.55,6.41,,6.55,,,38540,250549.0,161,F1,1,,,,,,2025-05-14
2025-05-14,2025-05-14,CM,BSE,STK,540361,INE575D01041,DANUBE,XT,,,,,DANUBE INDUSTRIES LIMITED,4.74,4.74,4.46,4.55,4.55,4.62,,4.55,,,10399,47290.0,61,F1,1,,,,,,2025-05-14
2025-05-14,2025-05-14,CM,BSE,STK,540366,INE919I01024,RADIOCITY,B,,,,,Music Broadcast Limited,11.0,11.0,9.47,9.56,9.56,9.37,,9.53,,,16441,157919.0,127,F1,1,,,,,,2025-05-14
2025-05-14,2025-05-14,CM,BSE,STK,540376,INE192R01011,DMART,A,,,,,Avenue Supermarts Limited,4099.95,4099.95,4011.0,4048.85,4059.0,4064.55,,4049.2,,,18342,74223636.0,4125,F1,1,,,,,,2025-05-14
2025-05-14,2025-05-14,CM,BSE,STK,540377,INE714U01024,IFL,B,,,,,IFL ENTERPRISES LIMITED,0.7,0.7,0.68,0.7,0.7,0.68,,0.7,,,1029061,715260.0,910,F1,1,,,,,,2025-05-14
2025-05-14,2025-05-14,CM,BSE,STK,540386,INE989S01042,ONTIC,X,,,,,Ontic Finserve Limited,0.7,0.7,0.64,0.65,0.65,0.64,,0.65,,,28519,18550.0,55,F1,1,,,,,,2025-05-14
2025-05-14,2025-05-14,CM,BSE,STK,540393,INE017W01010,SMLT,B,,,,,Sarthak Metals Limited,116.0,121.75,116.0,119.5,119.85,116.65,,119.08,,,1355,161149.0,64,F1,1,,,,,,2025-05-14
2025-05-14,2025-05-14,CM,BSE,STK,540395,INE298W01016,CHEMCRUX,T,,,,,Chemcrux Enterprises Limited,140.0,144.0,135.0,142.5,142.5,140.15,,142.5,,,1819,258969.0,91,F1,1,,,,,,2025-05-14
2025-05-14,2025-05-14,CM,BSE,STK,540396,INE784W01015,MANOMAY,B,,,,,Manomay Tex India Limited,174.5,177.0,168.95,173.4,173.4,175.25,,174.02,,,3023,526982.0,61,F1,1,,,,,,2025-05-14
2025-05-14,2025-05-14,CM,BSE,STK,540401,INE544W01021,MAXIMUS,X,,,,,Maximus International Limited,11.39,11.39,10.82,11.12,11.17,11.02,,11.12,,,41730,464459.0,202,F1,1,,,,,,2025-05-14
2025-05-14,2025-05-14,CM,BSE,STK,540403,INE201M01029,CLEDUCATE,B,,,,,CL Educate Limited,92.01,93.99,91.12,93.71,93.3,91.04,,93.07,,,4937,457593.0,262,F1,1,,,,,,2025-05-14
2025-05-14,2025-05-14,CM,BSE,STK,540404,INE442V01012,PRIMEFRESH,MT,,,,,PRIME FRESH LIMITED,152.0,158.0,151.95,158.0,158.0,155.05,,158.0,,,15750,2407462.0,9,F1,750,,,,,,2025-05-14
2025-05-14,2025-05-14,CM,BSE,STK,540405,INE711V01010,OCEANIC,X,,,,,Oceanic Foods Limited,43.0,44.0,42.0,43.1,44.0,41.73,,43.1,,,1206,51958.0,12,F1,1,,,,,,2025-05-14
2025-05-14,2025-05-14,CM,BSE,STK,540425,INE274V01019,SHANKARA,B,,,,,Shankara Building Products Lim,706.1,727.55,703.6,717.65,715.85,706.05,,717.25,,,3826,2736588.0,317,F1,1,,,,,,2025-05-14
2025-05-14,2025-05-14,CM,BSE,STK,540455,INE953W01016,ESCORP,T,,,,,Escorp Asset Management Limite,80.89,80.9,80.89,80.9,80.9,80.69,,80.9,,,7297,590326.0,37,F1,1,,,,,,2025-05-14
2025-05-14,2025-05-14,CM,BSE,STK,540481,INE949C01016,CLFL,X,,,,,Classic Leasing & Finance Ltd.,27.0,27.25,27.0,27.25,27.25,27.2,,27.25,,,381,10378.0,3,F1,1,,,,,,2025-05-14
2025-05-14,2025-05-14,CM,BSE,STK,540492,INE594W01042,STARLENT,T,,,,,STARLINEPS ENTERPRISES LIMITED,6.81,7.29,6.81,7.1,7.15,7.15,,7.1,,,69243,490433.0,329,F1,1,,,,,,2025-05-14
2025-05-14,2025-05-14,CM,BSE,STK,540497,INE807K01035,SCHAND,B,,,,,S Chand And Company Limited,217.6,229.9,217.6,228.55,229.3,227.1,,228.78,,,17405,3964528.0,1426,F1,1,,,,,,2025-05-14
2025-05-14,2025-05-14,CM,BSE,STK,540515,INE453S01015,KANUNGO,X,,,,,KANUNGO FINANCIERS LIMITED,9.15,9.15,8.51,8.52,8.52,9.15,,8.52,,,3167,26954.0,6,F1,1,,,,,,2025-05-14
2025-05-14,2025-05-14,CM,BSE,STK,540519,INE343X01018,MEERA,B,,,,,Meera Industries Limited,62.5,62.5,60.25,61.05,61.05,62.31,,61.05,,,4884,299093.0,153,F1,1,,,,,,2025-05-14
2025-05-14,2025-05-14,CM,BSE,STK,540526,INE183W23014,IRBINVIT,IF,,,,,IRB InvIT Fund,54.0,54.13,53.5,54.08,54.13,54.03,,54.06,,,70875,3817800.0,266,F1,1,,,,,,2025-05-14
2025-05-14,2025-05-14,CM,BSE,STK,540530,INE031A01017,HUDCO,A,,,,,Housing &Urban Development Cor,221.95,222.75,216.0,217.5,217.5,220.7,,217.52,,,644009,141473699.0,7702,F1,1,,,,,,2025-05-14
2025-05-14,2025-05-14,CM,BSE,STK,540544,INE488V01015,PSPPROJECT,B,,,,,PSP Projects Limited,638.95,641.55,638.05,638.65,640.0,638.65,,639.1,,,1337,854978.0,104,F1,1,,,,,,2025-05-14
2025-05-14,2025-05-14,CM,BSE,STK,540545,INE986W01016,BGJL,X,,,,,Bhakti Gems And Jewellery Limi,11.5,11.97,11.5,11.83,11.94,11.55,,11.83,,,7178,84558.0,60,F1,1,,,,,,2025-05-14
2025-05-14,2025-05-14,CM,BSE,STK,540565,INE219X23014,INDIGRID,IF,,,,,IndiGrid Infrastructure Trust,148.31,148.5,147.51,148.14,147.9,148.11,,148.13,,,12376,1835122.0,172,F1,1,,,,,,2025-05-14
2025-05-14,2025-05-14,CM,BSE,STK,540570,INE717F01028,VARIMAN,X,,,,,VARIMAN GLOBAL ENTERPRISES LIM,8.88,9.05,8.62,8.98,8.99,8.67,,8.98,,,70730,626749.0,177,F1,1,,,,,,2025-05-14
2025-05-14,2025-05-14,CM,BSE,STK,540575,INE460H01021,STARCEMENT,A,,,,,Star Cement Limited,220.5,225.0,220.5,223.8,224.0,222.55,,224.39,,,5895,1318675.0,218,F1,1,,,,,,2025-05-14
2025-05-14,2025-05-14,CM,BSE,STK,540590,INE325X01015,RIDDHICORP,X,,,,,Riddhi Corporate Services Limi,60.89,60.89,58.31,58.85,58.31,58.51,,58.85,,,2058,121601.0,49,F1,1,,,,,,2025-05-14
2025-05-14,2025-05-14,CM,BSE,STK,540595,INE010J01012,TEJASNET,A,,,,,Tejas Networks Limited,719.25,719.6,708.05,710.2,710.2,713.35,,710.05,,,68556,48834347.0,1698,F1,1,,,,,,2025-05-14
2025-05-14,2025-05-14,CM,BSE,STK,540596,INE406M01024,ERIS,A,,,,,Eris Lifesciences Limited,1443.9,1493.6,1418.95,1479.75,1480.0,1449.25,,1479.8,,,5541,8142315.0,846,F1,1,,,,,,2025-05-14
2025-05-14,2025-05-14,CM,BSE,STK,540597,INE319U01022,CONTAINER,XT,,,,,Containerway International Lim,46.58,46.58,46.12,46.12,46.12,47.06,,46.12,,,1699,78608.0,12,F1,1,,,,,,2025-05-14
2025-05-14,2025-05-14,CM,BSE,STK,540602,INE869I01013,GTPL,B,,,,,GTPL Hathway Limited,107.7,110.0,106.4,106.45,106.4,107.0,,106.83,,,4035,437298.0,146,F1,1,,,,,,2025-05-14
2025-05-14,2025-05-14,CM,BSE,STK,540611,INE949L01017,AUBANK,A,,,,,AU Small Finance Bank Limited,700.3,700.3,688.55,691.35,694.4,699.55,,690.5,,,20082,13899747.0,920,F1,1,,,,,,2025-05-14
2025-05-14,2025-05-14,CM,BSE,STK,540612,INF109KC19U5,LOWVOLIETF,B,,,,,ICICI Prudential Nifty Low Vol,21.56,21.56,21.34,21.43,21.46,21.62,,21.43,,,192549,4118311.0,458,F1,1,,,,,,2025-05-14
2025-05-14,2025-05-14,CM,BSE,STK,540613,INE721X01015,GEL,M,,,,,Gautam Exim Limited,122.1,122.1,122.1,122.1,122.1,121.0,,122.1,,,3000,366300.0,2,F1,1500,,,,,,2025-05-14
2025-05-14,2025-05-14,CM,BSE,STK,540614,INE694X01030,GGENG,T,,,,,G G Engineering Limited,0.68,0.7,0.64,0.68,0.68,0.67,,0.68,,,14176449,9664416.0,4057,F1,1,,,,,,2025-05-14
2025-05-14,2025-05-14,CM,BSE,STK,540615,INE413X01035,7NR,X,,,,,7NR Retail Limited,4.97,4.97,4.97,4.97,4.97,4.52,,4.97,,,94883,471568.0,69,F1,1,,,,,,2025-05-14
2025-05-14,2025-05-14,CM,BSE,STK,540642,INE170V01027,SALASAR,A,,,,,Salasar Techno Engineering Lim,8.69,9.09,8.69,8.99,8.99,8.69,,8.98,,,1336585,11929455.0,1907,F1,1,,,,,,2025-05-14
2025-05-14,2025-05-14,CM,BSE,STK,540647,INE335W01016,GANGESSECU,B,,,,,Ganges Securities Ltd.,151.0,151.0,151.0,151.0,151.0,152.75,,157.73,,,1,151.0,1,F1,1,,,,,,2025-05-14
2025-05-14,2025-05-14,CM,BSE,STK,540648,INE471W01019,PALASHSECU,B,,,,,Palash Securities Limited,124.1,131.55,123.65,126.0,126.0,121.95,,126.54,,,2907,370425.0,155,F1,1,,,,,,2025-05-14
2025-05-14,2025-05-14,CM,BSE,STK,540649,INE349W01017,AVADHSUGAR,B,,,,,AVADH SUGAR & ENERGY LIMITED,564.55,575.0,562.0,567.95,565.6,557.7,,567.1,,,4688,2665959.0,457,F1,1,,,,,,2025-05-14
2025-05-14,2025-05-14,CM,BSE,STK,540650,INE347W01011,MAGADSUGAR,B,,,,,Magadh Sugar & Energy Limited,794.5,794.5,753.95,765.3,765.0,769.95,,764.85,,,2070,1586985.0,240,F1,1,,,,,,2025-05-14
2025-05-14,2025-05-14,CM,BSE,STK,540654,INE632W01016,GSTL,XT,,,,,GlobalSpace Technologies Limit,17.3,17.3,16.51,17.04,17.19,16.76,,17.04,,,22298,382333.0,53,F1,1,,,,,,2025-05-14
2025-05-14,2025-05-14,CM,BSE,STK,540669,INF789F1AUW9,UTINEXT50,B,,,,,UTI Mutual Fund,68.9,70.6,68.85,70.2,70.6,69.37,,69.95,,,1931,135135.0,21,F1,1,,,,,,2025-05-14
2025-05-14,2025-05-14,CM,BSE,STK,540673,INE285J01028,SIS,B,,,,,SIS LIMITED,328.45,333.7,327.1,333.0,332.25,331.0,,333.1,,,8826,2913082.0,232,F1,1,,,,,,2025-05-14
2025-05-14,2025-05-14,CM,BSE,STK,540678,INE704P01025,COCHINSHIP,A,,,,,Cochin Shipyard Limited,1632.8,1797.1,1632.75,1699.4,1699.4,1577.2,,1699.4,,,2930319,5086975942.0,103928,F1,1,,,,,,2025-05-14
2025-05-14,2025-05-14,CM,BSE,STK,540679,INE320X01016,SMSLIFE,B,,,,,SMS Lifesciences India Ltd,1479.95,1479.95,1388.9,1436.1,1434.1,1456.85,,1435.1,,,1057,1517110.0,137,F1,1,,,,,,2025-05-14
2025-05-14,2025-05-14,CM,BSE,STK,540680,INE880L01014,KIOCL,A,,,,,KIOCL Limited,255.75,279.0,255.75,270.15,270.15,253.75,,270.0,,,93191,25534553.0,4093,F1,1,,,,,,2025-05-14
2025-05-14,2025-05-14,CM,BSE,STK,540681,INE344X01016,CHOTHANI,MT,,,,,CHOTHANI FOODS LIMITED,23.3,25.3,23.3,25.3,25.3,24.1,,25.3,,,25000,592500.0,2,F1,5000,,,,,,2025-05-14
2025-05-14,2025-05-14,CM,BSE,STK,540686,INE172E01011,SMRUTHIORG,X,,,,,Smruthi Organics Limited,117.5,118.95,117.0,117.15,118.0,116.9,,117.15,,,2328,274452.0,30,F1,1,,,,,,2025-05-14
2025-05-14,2025-05-14,CM,BSE,STK,540691,INE674K01013,ABCAPITAL,A,,,,,Aditya Birla Capital Ltd,206.25,220.0,206.25,218.35,218.35,204.35,,218.33,,,900690,194328644.0,8782,F1,1,,,,,,2025-05-14
2025-05-14,2025-05-14,CM,BSE,STK,540692,INE346W01013,APEX,B,,,,,Apex Frozen Foods Limited,216.4,217.95,215.0,217.15,216.9,216.15,,217.28,,,1326,287047.0,74,F1,1,,,,,,2025-05-14
2025-05-14,2025-05-14,CM,BSE,STK,540693,INE145Y01023,SHISHIND,T,,,,,Shish Industries Limited,8.58,8.58,8.0,8.36,8.39,8.3,,8.36,,,57123,477036.0,293,F1,1,,,,,,2025-05-14
2025-05-14,2025-05-14,CM,BSE,STK,540694,INE236W01016,ANG,T,,,,,ANG Lifesciences India Limited,27.36,27.36,26.1,26.71,27.36,26.98,,26.71,,,1724,45629.0,30,F1,1,,,,,,2025-05-14
2025-05-14,2025-05-14,CM,BSE,STK,540696,INE185U01035,KCDGROUP,X,,,,,KCD INDUSTRIES INDIA LIMITED,6.01,6.22,6.0,6.07,6.12,6.11,,6.07,,,34529,210069.0,98,F1,1,,,,,,2025-05-14
2025-05-14,2025-05-14,CM,BSE,STK,540699,INE935N01020,DIXON,A,,,,,Dixon Technologies (India) Lim,16349.65,16390.0,16019.0,16123.0,16123.0,16222.65,,16121.0,,,22689,367361368.0,5147,F1,1,,,,,,2025-05-14
2025-05-14,2025-05-14,CM,BSE,STK,540700,INE727S01012,BRNL,T,,,,,Bharat Road Network Limited,24.57,24.57,23.4,24.5,24.45,23.4,,24.5,,,81185,1992164.0,209,F1,1,,,,,,2025-05-14
2025-05-14,2025-05-14,CM,BSE,STK,540701,INE385W01011,DCAL,B,,,,,Dishman Carbogen Amcis Limited,208.45,214.5,206.75,212.7,212.25,208.55,,212.93,,,32190,6808010.0,699,F1,1,,,,,,2025-05-14
2025-05-14,2025-05-14,CM,BSE,STK,540702,INE670X01014,LASA,B,,,,,Lasa Supergenerics Limited,19.65,19.65,17.78,17.87,17.87,18.11,,18.14,,,5773,103822.0,71,F1,1,,,,,,2025-05-14
2025-05-14,2025-05-14,CM,BSE,STK,540703,INE438C01010,PROCLB,XT,,,,,PRO CLB GLOBAL LIMITED,26.14,26.14,26.14,26.14,26.14,26.67,,26.14,,,4900,128086.0,15,F1,1,,,,,,2025-05-14
2025-05-14,2025-05-14,CM,BSE,STK,540704,INE866R01028,MATRIMONY,B,,,,,Matrimony.com Limited,510.0,516.05,507.8,509.35,512.3,508.15,,510.4,,,548,280779.0,84,F1,1,,,,,,2025-05-14
2025-05-14,2025-05-14,CM,BSE,STK,540709,INE217K01011,RHFL,B,,,,,Reliance Home Finance Limited,3.37,3.37,3.26,3.29,3.32,3.3,,3.29,,,417811,1376666.0,527,F1,1,,,,,,2025-05-14
2025-05-14,2025-05-14,CM,BSE,STK,540710,INE264T01014,CAPACITE,A,,,,,Capacit'e Infraprojects Limite,358.8,363.55,355.95,361.15,360.3,359.25,,361.05,,,9116,3279532.0,409,F1,1,,,,,,2025-05-14
2025-05-14,2025-05-14,CM,BSE,STK,540716,INE765G01017,ICICIGI,A,,,,,ICICI Lombard General Insuranc,1851.05,1869.95,1836.0,1852.3,1850.0,1867.8,,1850.9,,,6212,11485598.0,1405,F1,1,,,,,,2025-05-14
2025-05-14,2025-05-14,CM,BSE,STK,540717,INE689M01025,PQIF,B,,,,,Polo Queen Industrial and Fint,69.5,71.7,67.59,70.0,70.5,68.94,,70.0,,,43364,3032989.0,650,F1,1,,,,,,2025-05-14
2025-05-14,2025-05-14,CM,BSE,STK,540718,INE777X01017,AAYUSHBULL,M,,,,,AAYUSH ART AND BULLION LIMITED,819.0,829.0,818.8,827.0,829.0,824.9,,827.0,,,3250,2673487.0,13,F1,250,,,,,,2025-05-14
2025-05-14,2025-05-14,CM,BSE,STK,540719,INE123W01016,SBILIFE,A,,,,,SBI Life Insurance Company Lim,1749.9,1757.2,1739.0,1754.95,1752.3,1739.8,,1755.2,,,8032,14040074.0,786,F1,1,,,,,,2025-05-14
2025-05-14,2025-05-14,CM,BSE,STK,540724,INE393P01035,DIAMONDYD,B,,,,,Prataap Snacks Limited,1126.25,1185.0,1126.25,1173.35,1180.0,1177.7,,1175.1,,,61055,71684217.0,1223,F1,1,,,,,,2025-05-14
2025-05-14,2025-05-14,CM,BSE,STK,540725,INE932X01026,SHAREINDIA,B,,,,,Share India Securities Limited,156.55,164.0,156.5,162.55,162.65,156.0,,162.74,,,68783,11045061.0,1829,F1,1,,,,,,2025-05-14
2025-05-14,2025-05-14,CM,BSE,STK,540726,INE071Y01013,TTFL,T,,,,,Trident Texofab Limited,195.95,196.85,195.0,196.85,196.85,193.0,,196.85,,,6120,1196653.0,35,F1,1,,,,,,2025-05-14
2025-05-14,2025-05-14,CM,BSE,STK,540727,INE973X01012,POOJA,B,,,,,Poojawestern Metaliks Limited,27.56,28.25,26.9,28.19,28.25,27.1,,28.19,,,2053,57389.0,60,F1,1,,,,,,2025-05-14
2025-05-14,2025-05-14,CM,BSE,STK,540729,INE695X01011,VANTABIO,MT,,,,,Vanta Bioscience Limited,21.03,21.03,21.03,21.03,21.03,20.03,,21.03,,,750,15772.0,1,F1,750,,,,,,2025-05-14
2025-05-14,2025-05-14,CM,BSE,STK,540730,INE062Y01020,MEHAI,XT,,,,,Mehai Technology  Limited,22.69,22.69,22.69,22.69,22.69,22.25,,22.69,,,203988,4628487.0,227,F1,1,,,,,,2025-05-14
2025-05-14,2025-05-14,CM,BSE,STK,540735,INE864K01010,IRIS,T,,,,,IRIS Business Services Limited,299.25,299.25,299.25,299.25,299.25,285.0,,300.7,,,1282,383638.0,5,F1,1,,,,,,2025-05-14
2025-05-14,2025-05-14,CM,BSE,STK,540737,INE414Y01015,SGRL,B,,,,,Shree Ganesh Remedies Limited,762.05,773.95,731.2,738.3,734.95,756.45,,738.3,,,5671,4224904.0,558,F1,1,,,,,,2025-05-14
2025-05-14,2025-05-14,CM,BSE,STK,540738,INE402Y01028,STL,B,,,,,Shreeji Translogistics Limited,12.39,12.84,11.13,12.29,12.4,12.41,,12.29,,,72465,875573.0,420,F1,1,,,,,,2025-05-14
2025-05-14,2025-05-14,CM,BSE,STK,540743,INE850D01014,GODREJAGRO,A,,,,,Godrej Agrovet Limited,728.1,745.0,723.2,726.8,725.95,728.0,,726.25,,,10299,7578535.0,586,F1,1,,,,,,2025-05-14
2025-05-14,2025-05-14,CM,BSE,STK,540749,INE348L01012,MASFIN,B,,,,,MAS Financial Services Limited,268.0,275.35,267.6,272.65,273.55,267.5,,272.8,,,16557,4499172.0,834,F1,1,,,,,,2025-05-14
2025-05-14,2025-05-14,CM,BSE,STK,540750,INE022Q01020,IEX,A,,,,,Indian Energy Exchange Limited,195.55,197.8,193.3,197.3,197.3,194.6,,197.25,,,186356,36575501.0,2364,F1,1,,,,,,2025-05-14
2025-05-14,2025-05-14,CM,BSE,STK,540755,INE481Y01014,GICRE,A,,,,,General Insurance Corporation,422.2,422.2,414.15,417.3,417.0,416.05,,417.7,,,15372,6421386.0,384,F1,1,,,,,,2025-05-14
2025-05-14,2025-05-14,CM,BSE,STK,540757,INE501Y01019,SCPL,B,,,,,SHEETAL COOL PRODUCTS LIMITED,315.25,317.1,311.0,313.6,314.9,311.45,,314.4,,,458,144295.0,78,F1,1,,,,,,2025-05-14
2025-05-14,2025-05-14,CM,BSE,STK,540762,INE974X01010,TIINDIA,A,,,,,Tube Investments of India Ltd,2991.8,3063.9,2946.8,3037.3,3037.3,2991.75,,3039.0,,,180353,543517452.0,1551,F1,1,,,,,,2025-05-14
2025-05-14,2025-05-14,CM,BSE,STK,540767,INE298J01013,NAM-INDIA,A,,,,,NIPPON LIFE INDIA ASSET MANAGE,707.6,713.25,689.1,702.6,702.6,706.85,,702.05,,,32275,22512132.0,1688,F1,1,,,,,,2025-05-14
2025-05-14,2025-05-14,CM,BSE,STK,540768,INE766P01016,MAHLOG,B,,,,,Mahindra Logistics Limited,304.9,317.0,304.9,312.75,313.0,304.9,,312.45,,,21020,6562989.0,1618,F1,1,,,,,,2025-05-14
2025-05-14,2025-05-14,CM,BSE,STK,540769,INE470Y01017,NIACL,A,,,,,The New India Assurance Compan,172.15,174.3,171.0,172.6,172.5,173.25,,172.64,,,21037,3633597.0,392,F1,1,,,,,,2025-05-14
2025-05-14,2025-05-14,CM,BSE,STK,540774,INE133Y01011,IFGLEXPOR,B,,,,,IFGL Refractories Limited,441.05,476.8,441.05,466.7,462.35,458.65,,468.65,,,1092,511283.0,118,F1,1,,,,,,2025-05-14
2025-05-14,2025-05-14,CM,BSE,STK,540775,INE834I01025,KHADIM,B,,,,,Khadim India Limited,287.5,302.25,287.5,294.75,292.05,283.95,,295.25,,,3224,952763.0,122,F1,1,,,,,,2025-05-14
2025-05-14,2025-05-14,CM,BSE,STK,540776,INE618L01018,5PAISA,B,,,,,5paisa Capital Limited,380.0,389.4,380.0,386.45,385.6,381.15,,387.55,,,1470,567378.0,157,F1,1,,,,,,2025-05-14
2025-05-14,2025-05-14,CM,BSE,STK,540777,INE795G01014,HDFCLIFE,A,,,,,HDFC LIFE INSURANCE COMPANY LI,735.6,750.0,733.75,741.35,741.35,735.1,,741.7,,,77226,57435670.0,3507,F1,1,,,,,,2025-05-14
2025-05-14,2025-05-14,CM,BSE,STK,540786,INE669Y01022,SHARIKA,B,,,,,SHARIKA ENTERPRISES LIMITED,18.06,18.06,17.3,17.71,17.7,17.63,,17.71,,,52448,929962.0,185,F1,1,,,,,,2025-05-14
2025-05-14,2025-05-14,CM,BSE,STK,540787,INF109KB15Y7,ICICIB22,A,,,,,ICICI Prudential Mutual Fund,108.24,108.3,107.39,107.99,108.0,107.36,,107.93,,,22856,2465390.0,190,F1,1,,,,,,2025-05-14
2025-05-14,2025-05-14,CM,BSE,STK,540788,INE500C01017,ASPIRA,XT,,,,,Aspira Pathlab & Diagnostics L,59.6,59.6,59.0,59.0,59.0,59.5,,59.0,,,687,40851.0,17,F1,1,,,,,,2025-05-14
2025-05-14,2025-05-14,CM,BSE,STK,540789,INE016M01021,DNAMEDIA,B,,,,,Diligent Media Corporation Lim,4.67,5.28,4.67,4.93,4.93,4.99,,4.92,,,11237,55337.0,60,F1,1,,,,,,2025-05-14
2025-05-14,2025-05-14,CM,BSE,STK,540795,INE600Y01019,DYCL,B,,,,,Dynamic Cables Limited,795.35,876.8,781.25,846.85,846.85,735.1,,847.7,,,217923,179794488.0,13290,F1,1,,,,,,2025-05-14
2025-05-14,2025-05-14,CM,BSE,STK,540797,INE597J01018,SHALBY,B,,,,,Shalby Limited,191.75,192.35,188.7,190.3,191.15,191.6,,190.02,,,5073,967659.0,276,F1,1,,,,,,2025-05-14
2025-05-14,2025-05-14,CM,BSE,STK,540798,INE935Q01015,FSC,Z,,,,,Future Supply Chain Solutions,2.0,2.0,1.95,2.0,2.0,2.05,,2.0,,,40122,79917.0,42,F1,1,,,,,,2025-05-14
2025-05-14,2025-05-14,CM,BSE,STK,540809,INE333Y01017,MRCAGRO,T,,,,,MRC AGROTECH LIMITED,15.03,15.04,14.75,15.04,15.04,14.33,,15.04,,,354967,5325859.0,141,F1,1,,,,,,2025-05-14
2025-05-14,2025-05-14,CM,BSE,STK,540821,INE994R01028,SADHNA,XT,,,,,SADHNA BROADCAST LTD,2.79,2.79,2.65,2.71,2.72,2.73,,2.71,,,25342,68916.0,107,F1,1,,,,,,2025-05-14
2025-05-14,2025-05-14,CM,BSE,STK,540824,INE646X01014,ASTRON,T,,,,,Astron Paper & Board Mill Limi,16.67,16.67,16.67,16.67,16.67,16.35,,16.67,,,350,5834.0,1,F1,1,,,,,,2025-05-14
2025-05-14,2025-05-14,CM,BSE,STK,540829,INE371F01016,CHANDRIMA,XT,,,,,Chandrima Mercantiles limited,44.15,47.1,44.15,46.78,47.1,45.0,,46.78,,,3096,141514.0,45,F1,1,,,,,,2025-05-14
2025-05-14,2025-05-14,CM,BSE,STK,540874,INE454F01010,7SEASL,X,,,,,7SEAS ENTERTAINMENT LIMITED,71.5,73.49,69.05,69.41,69.05,70.66,,69.41,,,5628,398344.0,75,F1,1,,,,,,2025-05-14
2025-05-14,2025-05-14,CM,BSE,STK,540879,INE713T01028,APOLLO,B,,,,,Apollo Micro Systems Limited,134.9,135.55,129.3,131.0,131.0,133.15,,131.01,,,1244337,163316840.0,9672,F1,1,,,,,,2025-05-14
2025-05-14,2025-05-14,CM,BSE,STK,540900,INE619B01017,NEWGEN,A,,,,,Newgen Software Technologies L,1161.35,1162.0,1127.35,1130.7,1133.8,1152.85,,1130.45,,,32403,36955360.0,1823,F1,1,,,,,,2025-05-14
2025-05-14,2025-05-14,CM,BSE,STK,540901,INE546Y01022,PRAXIS,B,,,,,Praxis Home Retail Limited,10.5,10.5,9.75,10.09,9.95,10.05,,10.06,,,24771,249227.0,85,F1,1,,,,,,2025-05-14
2025-05-14,2025-05-14,CM,BSE,STK,540902,INE371P01015,AMBER,A,,,,,Amber Enterprises India Limite,6269.3,6331.7,6152.0,6302.9,6319.0,6212.45,,6301.5,,,8492,53333147.0,1252,F1,1,,,,,,2025-05-14
2025-05-14,2025-05-14,CM,BSE,STK,540904,INE115G01015,TIRUFOAM,X,,,,,TIRUPATI FOAM LIMITED,122.0,124.95,122.0,124.95,124.95,124.95,,124.95,,,39,4763.0,4,F1,1,,,,,,2025-05-14
2025-05-14,2025-05-14,CM,BSE,STK,540914,INE425C01017,SRUSTEELS,XT,,,,,SRU Steels Limited,4.14,4.15,3.99,4.15,4.15,3.96,,4.15,,,134939,552961.0,227,F1,1,,,,,,2025-05-14
2025-05-14,2025-05-14,CM,BSE,STK,540923,INE760Y01011,ASHOKAMET,B,,,,,Ashoka Metcast Limited,18.3,18.35,17.87,18.15,18.15,17.87,,18.03,,,3930,70929.0,81,F1,1,,,,,,2025-05-14
2025-05-14,2025-05-14,CM,BSE,STK,540935,INE600K01018,GALAXYSURF,A,,,,,Galaxy Surfactants Limited,2221.05,2236.75,2218.9,2220.6,2228.95,2220.7,,2223.5,,,989,2198107.0,211,F1,1,,,,,,2025-05-14
2025-05-14,2025-05-14,CM,BSE,STK,540936,INE063Z01017,GGL,B,,,,,Gautam Gems Limited,4.73,4.73,4.5,4.59,4.58,4.59,,4.59,,,49421,226299.0,79,F1,1,,,,,,2025-05-14
2025-05-14,2025-05-14,CM,BSE,STK,540937,INE630Y01024,MEDICO,B,,,,,MEDICO REMEDIES LIMITED,56.0,56.0,54.0,54.5,54.73,54.87,,54.5,,,28860,1577142.0,351,F1,1,,,,,,2025-05-14
2025-05-14,2025-05-14,CM,BSE,STK,540938,INE578V01013,GUJHYSPIN,M,,,,,Gujarat Hy-Spin Limited,20.0,20.0,20.0,20.0,20.0,20.9,,20.0,,,5000,100000.0,1,F1,5000,,,,,,2025-05-14
2025-05-14,2025-05-14,CM,BSE,STK,540952,INE740X01023,LAL,B,,,,,LORENZINI APPARELS LIMITED,10.36,10.36,10.36,10.36,10.36,9.87,,10.38,,,548,5677.0,3,F1,1,,,,,,2025-05-14
2025-05-14,2025-05-14,CM,BSE,STK,540953,INE923Y01023,KENVI,B,,,,,Kenvi Jewels Limited,3.28,3.28,3.16,3.19,3.2,3.22,,3.19,,,86411,276391.0,246,F1,1,,,,,,2025-05-14
2025-05-14,2025-05-14,CM,BSE,STK,540954,INE586E01020,IWP,X,,,,,The Indian Wood Products Co. L,35.99,36.85,35.75,36.53,36.69,35.63,,36.53,,,34165,1246369.0,137,F1,1,,,,,,2025-05-14
2025-05-14,2025-05-14,CM,BSE,STK,540955,INE773Y01014,TDSL,B,,,,,Tasty Dairy Specialities Limit,9.14,9.3,8.99,9.03,9.0,9.09,,9.03,,,27217,247076.0,80,F1,1,,,,,,2025-05-14
2025-05-14,2025-05-14,CM,BSE,STK,540956,INE341Z01025,BHATIA,B,,,,,Bhatia Communications & Retail,23.05,23.9,23.05,23.47,23.9,23.22,,23.47,,,22758,533872.0,147,F1,1,,,,,,2025-05-14
2025-05-14,2025-05-14,CM,BSE,STK,540961,INE644Y01017,SHIVAMILLS,B,,,,,Shiva Mills Limited,76.61,87.0,75.78,78.49,79.06,76.31,,78.33,,,51116,4268337.0,941,F1,1,,,,,,2025-05-14
2025-05-14,2025-05-14,CM,BSE,STK,540975,INE914M01019,ASTERDM,A,,,,,Aster DM Healthcare Limited,550.4,575.95,547.65,573.55,572.1,550.05,,573.7,,,38672,21796713.0,1375,F1,1,,,,,,2025-05-14
2025-05-14,2025-05-14,CM,BSE,STK,540980,INE868X01014,YSL,X,,,,,The Yamuna Syndicate Ltd,38000.0,39050.0,38000.0,39050.0,39050.0,37999.0,,39050.0,,,6,232650.0,6,F1,1,,,,,,2025-05-14
2025-05-14,2025-05-14,CM,BSE,STK,541005,INE398L01017,KANCOTEA,X,,,,,KANCO TEA & INDUSTRIES LIMITED,68.8,71.59,68.8,70.1,70.1,68.11,,70.1,,,2303,160947.0,39,F1,1,,,,,,2025-05-14
2025-05-14,2025-05-14,CM,BSE,STK,541019,INE926X01010,HGINFRA,A,,,,,H.G. Infra Engineering Limited,1145.0,1161.55,1141.35,1150.05,1155.3,1143.2,,1149.7,,,8763,10093783.0,674,F1,1,,,,,,2025-05-14
2025-05-14,2025-05-14,CM,BSE,STK,541083,INE464Z01017,INFLAME,MT,,,,,Inflame Appliances Limited,186.0,187.0,186.0,187.0,187.0,185.0,,187.0,,,2750,513750.0,11,F1,250,,,,,,2025-05-14
2025-05-14,2025-05-14,CM,BSE,STK,541096,INE365Y01019,BPLPHARMA,XT,,,,,Bharat Parenterals Limited,1050.0,1050.0,1030.0,1050.0,1050.0,1046.2,,1050.0,,,818,850487.0,20,F1,1,,,,,,2025-05-14
2025-05-14,2025-05-14,CM,BSE,STK,541097,INF740KA1EU7,LIQUIDETF,F,,,,,DSP BlackRock Mutual Fund,999.99,1000.01,999.99,999.99,1000.0,999.99,,999.99,,,40033,40032660.0,36,F1,1,,,,,,2025-05-14
2025-05-14,2025-05-14,CM,BSE,STK,541143,INE171Z01026,BDL,A,,,,,Bharat Dynamics Limited,1760.6,1821.95,1726.95,1765.05,1765.05,1744.85,,1766.1,,,714289,1275523993.0,27882,F1,1,,,,,,2025-05-14
2025-05-14,2025-05-14,CM,BSE,STK,541144,INE380Z01015,ACTIVE,B,,,,,Active Clothing Co  Limited,98.62,98.84,96.0,98.25,98.43,97.6,,98.25,,,4801,469065.0,99,F1,1,,,,,,2025-05-14
2025-05-14,2025-05-14,CM,BSE,STK,541152,INE705X01026,GOYALALUM,B,,,,,GOYAL ALUMINIUMS LIMITED,8.37,8.44,8.27,8.32,8.31,8.28,,8.34,,,26268,218994.0,243,F1,1,,,,,,2025-05-14
2025-05-14,2025-05-14,CM,BSE,STK,541153,INE545U01014,BANDHANBNK,A,,,,,Bandhan Bank Limited,163.7,167.8,161.8,166.85,166.85,162.4,,167.01,,,618359,102495457.0,5777,F1,1,,,,,,2025-05-14
2025-05-14,2025-05-14,CM,BSE,STK,541154,INE066F01020,HAL,A,,,,,Hindustan Aeronautics Limited,4632.3,4798.0,4581.1,4769.2,4769.2,4609.05,,4768.0,,,345635,1631230658.0,29838,F1,1,,,,,,2025-05-14
2025-05-14,2025-05-14,CM,BSE,STK,541161,INE278R01034,KBCGLOBAL,B,,,,,KBC GLOBAL LIMITED,0.34,0.39,0.34,0.37,0.37,0.36,,0.37,,,53813471,20276887.0,1521,F1,1,,,,,,2025-05-14
2025-05-14,2025-05-14,CM,BSE,STK,541163,INE278H01035,SANDHAR,B,,,,,Sandhar Technologies Limited,389.1,418.6,389.1,415.35,418.5,394.55,,416.35,,,9876,4059725.0,726,F1,1,,,,,,2025-05-14
2025-05-14,2025-05-14,CM,BSE,STK,541167,INE616Z01012,YASHO,B,,,,,YASHO INDUSTRIES LIMITED,1800.9,1804.95,1776.05,1788.1,1780.0,1811.7,,1793.9,,,556,996411.0,193,F1,1,,,,,,2025-05-14
2025-05-14,2025-05-14,CM,BSE,STK,541195,INE099Z01011,MIDHANI,A,,,,,Mishra Dhatu Nigam Limited,344.05,399.8,344.05,393.05,392.9,341.3,,392.45,,,376343,142531671.0,9784,F1,1,,,,,,2025-05-14
2025-05-14,2025-05-14,CM,BSE,STK,541196,INE860Y01019,LEX,MT,,,,,Lex Nimble Solutions Limited,87.97,87.97,87.97,87.97,87.97,83.79,,87.97,,,4000,351880.0,2,F1,2000,,,,,,2025-05-14
2025-05-14,2025-05-14,CM,BSE,STK,541206,INE426Z01016,OBCL,B,,,,,Orissa Bengal Carrier Limited,56.5,56.5,54.5,54.69,55.01,55.5,,55.09,,,2990,165074.0,46,F1,1,,,,,,2025-05-14
2025-05-14,2025-05-14,CM,BSE,STK,541228,INE459Z01017,TRL,T,,,,,Taylormade Renewables Limited,284.85,284.85,267.6,273.7,273.7,281.65,,273.7,,,38743,10467776.0,713,F1,1,,,,,,2025-05-14
2025-05-14,2025-05-14,CM,BSE,STK,541233,INE970X01018,LEMONTREE,A,,,,,Lemon Tree Hotels Limited,138.95,140.7,138.65,139.4,139.4,138.85,,139.38,,,84753,11831268.0,1320,F1,1,,,,,,2025-05-14
2025-05-14,2025-05-14,CM,BSE,STK,541269,INE783X01023,CHEMFAB,B,,,,,Chemfab Alkalis Ltd,830.9,855.0,812.95,845.1,819.6,818.95,,843.65,,,427,359542.0,155,F1,1,,,,,,2025-05-14
2025-05-14,2025-05-14,CM,BSE,STK,541276,INE626Z01029,HARDWYN,T,,,,,HARDWYN INDIA LIMITED,14.4,14.4,14.0,14.0,14.0,14.12,,14.0,,,1071044,15013436.0,59,F1,1,,,,,,2025-05-14
2025-05-14,2025-05-14,CM,BSE,STK,541299,INE871Z01013,DLCL,MT,,,,,DR LALCHANDANI LABS LIMITED,13.5,13.5,12.24,12.24,12.24,12.88,,12.24,,,20000,253160.0,5,F1,4000,,,,,,2025-05-14
2025-05-14,2025-05-14,CM,BSE,STK,541301,INE142Z01019,ORIENTELEC,A,,,,,Orient Electric Limited,249.0,249.0,243.15,245.7,245.55,244.75,,245.62,,,4209,1034034.0,340,F1,1,,,,,,2025-05-14
2025-05-14,2025-05-14,CM,BSE,STK,541302,INE506Z01015,DHRUV,T,,,,,Dhruv Consultancy Services Lim,68.1,68.1,67.0,67.85,67.85,64.93,,67.66,,,3405,230831.0,26,F1,1,,,,,,2025-05-14
2025-05-14,2025-05-14,CM,BSE,STK,541303,INE256Z01025,AKSHAR,T,,,,,Akshar Spintex Limited,0.59,0.61,0.59,0.61,0.61,0.59,,0.6,,,418502,253332.0,206,F1,1,,,,,,2025-05-14
2025-05-14,2025-05-14,CM,BSE,STK,541304,INE250Z01010,INDOUS,B,,,,,Indo US Bio-Tech Limited,152.0,160.9,147.0,151.9,152.3,154.35,,150.52,,,2170,332027.0,144,F1,1,,,,,,2025-05-14
2025-05-14,2025-05-14,CM,BSE,STK,541313,INF109KC1V59,BSE500IETF,A,,,,,ICICI Prudential BSE 500 ETF,37.69,37.93,37.57,37.8,37.83,37.55,,37.79,,,2476,93558.0,61,F1,1,,,,,,2025-05-14
2025-05-14,2025-05-14,CM,BSE,STK,541336,INE896L01010,INDOSTAR,B,,,,,IndoStar Capital Finance Limit,304.8,329.0,303.8,326.9,326.2,303.1,,326.85,,,32326,10304784.0,1628,F1,1,,,,,,2025-05-14
2025-05-14,2025-05-14,CM,BSE,STK,541338,INE556Z01010,UHZAVERI,B,,,,,U. H. ZAVERI LIMITED,9.49,9.49,8.85,9.13,9.13,9.31,,9.13,,,21373,193559.0,144,F1,1,,,,,,2025-05-14
2025-05-14,2025-05-14,CM,BSE,STK,541347,INE295Z01015,PARVATI,X,,,,,Parvati Sweetners and Power Lt,7.97,7.97,7.25,7.59,7.6,7.45,,7.59,,,11710,88279.0,83,F1,1,,,,,,2025-05-14
2025-05-14,2025-05-14,CM,BSE,STK,541352,INE00EM01016,MEGASTAR,B,,,,,Megastar Foods Limited,223.2,232.0,218.0,220.1,220.0,223.2,,222.03,,,3499,779251.0,89,F1,1,,,,,,2025-05-14
2025-05-14,2025-05-14,CM,BSE,STK,541353,INE870Z01015,INNOVATORS,M,,,,,Innovators Facade Systems Limi,202.6,203.75,199.0,201.5,201.5,203.95,,201.5,,,11200,2255480.0,13,F1,800,,,,,,2025-05-14
2025-05-14,2025-05-14,CM,BSE,STK,541358,INE926R01012,UCIL,XT,,,,,UNIFINZ CAPITAL INDIA LIMITED,613.3,643.0,613.3,643.0,643.0,613.25,,643.0,,,35,22208.0,4,F1,1,,,,,,2025-05-14
2025-05-14,2025-05-14,CM,BSE,STK,541400,INE518E01015,ZIMLAB,B,,,,,ZIM Laboratories Limited,89.15,94.0,88.38,91.55,91.35,88.61,,91.43,,,55633,5077277.0,425,F1,1,,,,,,2025-05-14
2025-05-14,2025-05-14,CM,BSE,STK,541402,INE692Z01013,AFFORDABLE,B,,,,,Affordable Robotic & Automatio,385.05,419.65,385.0,403.45,403.45,383.15,,401.05,,,10652,4348496.0,1426,F1,1,,,,,,2025-05-14
2025-05-14,2025-05-14,CM,BSE,STK,541403,INE325C01035,DOLLAR,B,,,,,Dollar Industries Limited,388.15,410.0,388.15,406.85,408.9,395.1,,407.05,,,5013,2021605.0,294,F1,1,,,,,,2025-05-14
2025-05-14,2025-05-14,CM,BSE,STK,541418,INE236Y01012,NGIL,B,,,,,NAKODA GROUP OF INDUSTRIES LIM,29.8,30.75,29.48,30.13,30.13,29.52,,29.85,,,3161,94829.0,58,F1,1,,,,,,2025-05-14
2025-05-14,2025-05-14,CM,BSE,STK,541444,INE838Z01012,PALMJEWELS,B,,,,,Palm Jewels Limited,30.36,31.84,30.35,30.76,30.65,30.33,,30.76,,,53189,1686158.0,174,F1,1,,,,,,2025-05-14
2025-05-14,2025-05-14,CM,BSE,STK,541445,INE799N01012,WAA,MT,,,,,Waa Solar Limited,80.51,80.51,78.3,80.51,80.51,76.68,,80.51,,,32000,2573584.0,29,F1,800,,,,,,2025-05-14
2025-05-14,2025-05-14,CM,BSE,STK,541450,INE364U01010,ADANIGREEN,A,,,,,Adani Green Energy Limited,965.55,974.9,957.3,967.4,967.4,957.95,,967.25,,,256805,248084603.0,7647,F1,1,,,,,,2025-05-14
2025-05-14,2025-05-14,CM,BSE,STK,541503,INE250G01010,UNICK,X,,,,,Unick Fix-A- Form and Printers,69.99,69.99,69.99,69.99,69.99,68.95,,69.99,,,12,839.0,3,F1,1,,,,,,2025-05-14
2025-05-14,2025-05-14,CM,BSE,STK,541540,INE624Z01016,SOLARA,B,,,,,SOLARA ACTIVE PHARMA SCIENCES,562.85,579.95,549.35,576.3,576.3,549.1,,575.7,,,28626,16266624.0,2110,F1,1,,,,,,2025-05-14
2025-05-14,2025-05-14,CM,BSE,STK,541546,INE287Z01012,GAYAHWS,T,,,,,GAYATRI HIGHWAYS LTD,1.15,1.2,1.11,1.14,1.13,1.15,,1.18,,,55354,63712.0,57,F1,1,,,,,,2025-05-14
2025-05-14,2025-05-14,CM,BSE,STK,541556,INE320J01015,RITES,A,,,,,RITES Limited,234.4,248.9,233.15,246.15,246.15,233.15,,245.76,,,410455,99958420.0,7520,F1,1,,,,,,2025-05-14
2025-05-14,2025-05-14,CM,BSE,STK,541557,INE686Y01026,FINEORG,A,,,,,Fine Organic Industries Limite,4281.35,4544.95,4280.0,4510.75,4510.75,4303.95,,4521.5,,,10021,44689329.0,2118,F1,1,,,,,,2025-05-14
2025-05-14,2025-05-14,CM,BSE,STK,541578,INE665L01035,VARROC,A,,,,,Varroc Engineering Limited,479.05,498.15,478.9,495.45,497.0,478.9,,495.75,,,36004,17732304.0,1760,F1,1,,,,,,2025-05-14
2025-05-14,2025-05-14,CM,BSE,STK,541601,INE685Z01033,RAJNISH,T,,,,,Rajnish Wellness Limited,0.96,0.97,0.94,0.95,0.95,0.96,,0.95,,,1646399,1565209.0,1504,F1,1,,,,,,2025-05-14
2025-05-14,2025-05-14,CM,BSE,STK,541627,INE173V01013,GUJWIND,XT,,,,,Gujarat Winding Systems Limite,7.51,7.65,7.51,7.65,7.65,7.65,,7.65,,,2028,15402.0,8,F1,1,,,,,,2025-05-14
2025-05-14,2025-05-14,CM,BSE,STK,541634,INE960Z01014,RAWEDGE,B,,,,,Raw Edge Industrial Solutions,25.45,25.45,24.41,24.41,24.41,24.54,,24.41,,,483,12264.0,6,F1,1,,,,,,2025-05-14
2025-05-14,2025-05-14,CM,BSE,STK,541701,INE00SY01011,SUPERSHAKT,M,,,,,Supershakti Metaliks Limited,394.0,394.0,394.0,394.0,394.0,350.4,,394.0,,,300,118200.0,1,F1,300,,,,,,2025-05-14
2025-05-14,2025-05-14,CM,BSE,STK,541702,INE694W01024,ASHNI,X,,,,,Ashnisha Industries Limited,3.45,3.49,3.35,3.44,3.43,3.41,,3.44,,,96389,332437.0,217,F1,1,,,,,,2025-05-14
2025-05-14,2025-05-14,CM,BSE,STK,541703,INE00WY01013,RACONTEUR,M,,,,,RACONTEUR GLOBAL RESOURCES LIM,11.53,11.53,11.53,11.53,11.53,10.5,,11.53,,,1600,18448.0,1,F1,1600,,,,,,2025-05-14
2025-05-14,2025-05-14,CM,BSE,STK,541729,INE127D01025,HDFCAMC,A,,,,,HDFC Asset Management Company,4500.3,4589.95,4433.85,4564.7,4576.3,4495.65,,4568.8,,,30205,136439245.0,3926,F1,1,,,,,,2025-05-14
2025-05-14,2025-05-14,CM,BSE,STK,541735,INE299W01022,VIVANTA,X,,,,,Vivanta Industries Limited,2.75,2.79,2.7,2.75,2.75,2.75,,2.75,,,197935,542820.0,442,F1,1,,,,,,2025-05-14
2025-05-14,2025-05-14,CM,BSE,STK,541741,INE401Z01019,FRATELLI,T,,,,,Fratelli Vineyards Limited,144.95,145.0,138.1,138.35,138.35,145.35,,138.35,,,18706,2615612.0,159,F1,1,,,,,,2025-05-14
2025-05-14,2025-05-14,CM,BSE,STK,541770,INE741K01010,CREDITACC,A,,,,,CreditAccess Grameen Ltd.,1185.55,1198.5,1179.85,1189.0,1190.55,1189.0,,1190.0,,,22021,26222177.0,1385,F1,1,,,,,,2025-05-14
2025-05-14,2025-05-14,CM,BSE,STK,541771,INE572Z01017,AMINTAN,X,,,,,AMIN TANNERY LIMITED,2.44,2.44,2.27,2.34,2.34,2.37,,2.34,,,45530,107284.0,54,F1,1,,,,,,2025-05-14
2025-05-14,2025-05-14,CM,BSE,STK,541778,INE00IY01012,DEEP,B,,,,,Deep Polymers Limited,44.61,47.5,44.61,46.17,46.17,45.05,,46.17,,,22420,1042796.0,230,F1,1,,,,,,2025-05-14
2025-05-14,2025-05-14,CM,BSE,STK,541809,INF109KC1NS5,NEXT50IETF,B,,,,,ICICI Prudential Mutual Fund,68.28,68.66,67.89,68.45,68.6,68.02,,68.48,,,95350,6520672.0,722,F1,1,,,,,,2025-05-14
2025-05-14,2025-05-14,CM,BSE,STK,541865,INE01B501018,ASRL,T,,,,,Add-Shop E-Retail Limited,10.69,10.69,10.31,10.56,10.6,10.69,,10.56,,,25599,269989.0,113,F1,1,,,,,,2025-05-14
2025-05-14,2025-05-14,CM,BSE,STK,541890,INE797Z01010,SPACEINCUBA,XT,,,,,Space Incubatrics Technologies,1.8,1.8,1.8,1.8,1.8,1.77,,1.8,,,677,1218.0,4,F1,1,,,,,,2025-05-14
2025-05-14,2025-05-14,CM,BSE,STK,541929,INE00QT01015,SGIL,B,,,,,Synergy Green Industries Limit,517.05,520.9,510.05,511.6,512.0,513.95,,515.2,,,3497,1798830.0,322,F1,1,,,,,,2025-05-14
2025-05-14,2025-05-14,CM,BSE,STK,541945,INE01A501027,RANJEET,MT,,,,,Ranjeet Mechatronics Limited,12.34,12.34,12.34,12.34,12.34,11.76,,12.34,,,16000,197440.0,2,F1,8000,,,,,,2025-05-14
2025-05-14,2025-05-14,CM,BSE,STK,541946,INF109KC1KT9,LIQUIDIETF,F,,,,,ICICI Prudential BSE Liquid Ra,1000.01,1000.01,1000.0,1000.0,1000.0,1000.0,,1000.0,,,267752,267752010.0,89,F1,1,,,,,,2025-05-14
2025-05-14,2025-05-14,CM,BSE,STK,541956,INE962Y01021,IRCON,A,,,,,IRCON International Ltd,160.35,173.75,160.05,172.9,172.9,160.3,,172.81,,,1042076,175875181.0,8047,F1,1,,,,,,2025-05-14
2025-05-14,2025-05-14,CM,BSE,STK,541967,INE01IU01018,SKYGOLD,B,,,,,Sky Gold And Diamonds Limited,316.0,335.7,312.45,335.7,335.7,319.75,,335.35,,,366594,122329966.0,3417,F1,1,,,,,,2025-05-14
2025-05-14,2025-05-14,CM,BSE,STK,541972,INF200KA1VQ2,SETFSN50,A,,,,,SBI Mutual Fund,870.0,873.24,867.0,870.19,870.19,866.92,,870.19,,,121,105152.0,24,F1,1,,,,,,2025-05-14
2025-05-14,2025-05-14,CM,BSE,STK,541974,INE00VM01036,MANORAMA,B,,,,,Manorama Industries Limited,1441.4,1503.5,1365.1,1496.15,1493.0,1388.1,,1495.3,,,24685,36020176.0,3520,F1,1,,,,,,2025-05-14
2025-05-14,2025-05-14,CM,BSE,STK,541988,INE216P01012,AAVAS,A,,,,,AAVAS Financiers Limited,1799.0,1840.0,1775.0,1821.6,1818.0,1803.5,,1822.9,,,14675,26548369.0,1866,F1,1,,,,,,2025-05-14
2025-05-14,2025-05-14,CM,BSE,STK,542011,INE382Z01011,GRSE,A,,,,,Garden Reach Shipbuilders & En,2184.0,2264.65,2094.4,2189.9,2189.9,1915.05,,2188.1,,,1771786,3877926621.0,79151,F1,1,,,,,,2025-05-14
2025-05-14,2025-05-14,CM,BSE,STK,542012,INE911Z01017,A1L,B,,,,,A-1 LIMITED,505.0,507.85,497.0,499.85,499.95,500.0,,499.85,,,133373,66741823.0,594,F1,1,,,,,,2025-05-14
2025-05-14,2025-05-14,CM,BSE,STK,542013,INE666Y01010,DOLFIN,B,,,,,Dolfin Rubbers Limited,206.0,208.9,205.0,205.05,205.05,205.7,,205.05,,,3342,687874.0,65,F1,1,,,,,,2025-05-14
2025-05-14,2025-05-14,CM,BSE,STK,542019,INE01J501010,SHUBHAM,B,,,,,Shubham Polyspin Limited,21.0,21.0,19.52,20.59,20.64,19.79,,20.59,,,6622,136398.0,82,F1,1,,,,,,2025-05-14
2025-05-14,2025-05-14,CM,BSE,STK,542020,INE642Z01026,AKI,T,,,,,AKI India Limited,8.03,8.03,7.56,7.7,7.7,7.65,,7.91,,,14597,117008.0,55,F1,1,,,,,,2025-05-14
2025-05-14,2025-05-14,CM,BSE,STK,542025,INE206Z01020,SUNRETAIL,M,,,,,Sun Retail Limited,0.61,0.63,0.59,0.59,0.59,0.59,,0.59,,,624000,375840.0,12,F1,48000,,,,,,2025-05-14
2025-05-14,2025-05-14,CM,BSE,STK,542034,INE00Q901014,SMGOLD,B,,,,,S. M. Gold Limited,17.39,17.49,16.95,17.37,17.39,17.24,,17.37,,,13019,225200.0,81,F1,1,,,,,,2025-05-14
2025-05-14,2025-05-14,CM,BSE,STK,542046,INE647Z01025,VIVIDM,T,,,,,VIVID MERCANTILE LIMITED,7.93,8.41,7.75,8.13,8.2,8.13,,8.13,,,88004,697751.0,185,F1,1,,,,,,2025-05-14
2025-05-14,2025-05-14,CM,BSE,STK,542057,INE00SW01015,BCPL,B,,,,,BCPL Railway Infrastructure Li,69.0,82.59,68.83,82.59,82.59,68.83,,82.59,,,126389,9925613.0,1227,F1,1,,,,,,2025-05-14
2025-05-14,2025-05-14,CM,BSE,STK,542066,INE399L01023,ATGL,A,,,,,ADANI TOTAL GAS LIMITED,654.0,657.95,645.75,655.75,655.0,648.4,,656.0,,,129430,84539575.0,4059,F1,1,,,,,,2025-05-14
2025-05-14,2025-05-14,CM,BSE,STK,542123,INE398C01016,PHOSPHATE,X,,,,,The Phosphate Company Limited,151.9,151.9,150.0,151.5,151.5,145.5,,151.5,,,487,73730.0,15,F1,1,,,,,,2025-05-14
2025-05-14,2025-05-14,CM,BSE,STK,542131,INF769K01EG9,NIFTYETF,B,,,,,Mirae Asset Mutual Fund,263.58,264.3,263.39,263.58,264.21,262.98,,264.11,,,145,38275.0,21,F1,1,,,,,,2025-05-14
2025-05-14,2025-05-14,CM,BSE,STK,542141,INE285K01026,TECHNOE,A,,,,,Techno Electric & Engineering,1127.4,1200.0,1116.75,1196.4,1196.4,1116.9,,1193.9,,,30915,36497765.0,2215,F1,1,,,,,,2025-05-14
2025-05-14,2025-05-14,CM,BSE,STK,542145,INE02AP01013,RONI,MT,,,,,Roni Households Limited,52.15,52.15,52.15,52.15,52.15,49.86,,52.15,,,3600,187740.0,1,F1,3600,,,,,,2025-05-14
2025-05-14,2025-05-14,CM,BSE,STK,542146,INE951Z01013,SKIFL,MT,,,,,Shree Krishna Infrastructure L,47.1,52.02,47.1,52.01,52.02,49.55,,52.01,,,325000,16266600.0,20,F1,1250,,,,,,2025-05-14
2025-05-14,2025-05-14,CM,BSE,STK,542155,INE01GR01018,DGL,MT,,,,,Diksha Greens Limited,2.81,2.81,2.68,2.69,2.69,2.8,,2.69,,,8000,21720.0,4,F1,2000,,,,,,2025-05-14
2025-05-14,2025-05-14,CM,BSE,STK,542176,INE016X01010,ARYAN,X,,,,,Aryan Share & Stock Brokers Lt,20.0,20.0,18.25,19.1,19.1,20.04,,19.1,,,161,3063.0,7,F1,1,,,,,,2025-05-14
2025-05-14,2025-05-14,CM,BSE,STK,542206,INE139E01028,NIVAKA,X,,,,,NIVAKA FASHIONS LIMITED,3.59,3.59,3.39,3.5,3.59,3.53,,3.5,,,7691,26898.0,39,F1,1,,,,,,2025-05-14
2025-05-14,2025-05-14,CM,BSE,STK,542216,INE00R701025,DALBHARAT,A,,,,,DALMIA BHARAT LIMITED,2019.2,2074.1,2012.0,2055.1,2055.3,2006.35,,2055.9,,,41975,86211387.0,3679,F1,1,,,,,,2025-05-14
2025-05-14,2025-05-14,CM,BSE,STK,542230,INF209KB16D7,ABSLNN50ET,B,,,,,Aditya Birla Sun Life Mutual F,67.6,69.21,67.6,68.38,68.38,67.85,,68.14,,,1543,105702.0,25,F1,1,,,,,,2025-05-14
2025-05-14,2025-05-14,CM,BSE,STK,542231,INE00S901012,NILASPACES,T,,,,,Nila Spaces Ltd,12.43,12.52,11.83,12.2,12.2,12.19,,12.22,,,54709,668705.0,159,F1,1,,,,,,2025-05-14
2025-05-14,2025-05-14,CM,BSE,STK,542232,INE01NE01012,SRD,B,,,,,Shankar Lal Rampal Dye-Chem Li,61.5,61.92,60.17,60.85,61.0,60.58,,60.58,,,55617,3370617.0,276,F1,1,,,,,,2025-05-14
2025-05-14,2025-05-14,CM,BSE,STK,542233,INE00CA01015,TREJHARA,B,,,,,Trejhara Solutions Limited,253.05,257.75,248.45,253.3,253.05,250.6,,252.42,,,1231,309855.0,106,F1,1,,,,,,2025-05-14
2025-05-14,2025-05-14,CM,BSE,STK,542248,INE452W01019,DECCAN,B,,,,,Deccan Health Care Limited,18.65,18.65,17.91,18.11,18.1,18.2,,18.11,,,7011,128502.0,51,F1,1,,,,,,2025-05-14
2025-05-14,2025-05-14,CM,BSE,STK,542285,INE02EZ01022,AXITA,B,,,,,Axita Cotton Limited,9.6,9.6,9.5,9.51,9.51,9.53,,9.5,,,763006,7280740.0,3742,F1,1,,,,,,2025-05-14
2025-05-14,2025-05-14,CM,BSE,STK,542323,INE542W01025,KPIGREEN,A,,,,,KPI Green Energy Limited,422.4,446.75,407.75,436.75,436.75,415.1,,437.0,,,743382,321676483.0,16377,F1,1,,,,,,2025-05-14
2025-05-14,2025-05-14,CM,BSE,STK,542333,INE425Y01011,RPSGVENT,B,,,,,RPSG VENTURES LIMITED,855.0,892.3,846.6,870.7,868.45,830.65,,871.25,,,1776,1541562.0,280,F1,1,,,,,,2025-05-14
2025-05-14,2025-05-14,CM,BSE,STK,542337,INE020801028,SPENCERS,B,,,,,Spencer's Retail Limited,63.72,66.41,63.72,65.52,65.77,63.28,,65.39,,,2959,193972.0,111,F1,1,,,,,,2025-05-14
2025-05-14,2025-05-14,CM,BSE,STK,542351,INE350Z01018,GLOSTERLTD,B,,,,,Gloster Ltd,609.0,609.0,604.45,609.0,609.0,571.5,,603.4,,,94,57000.0,11,F1,1,,,,,,2025-05-14
2025-05-14,2025-05-14,CM,BSE,STK,542367,INE01P501012,XELPMOC,T,,,,,Xelpmoc Design and Tech Limite,108.6,108.6,101.1,104.25,107.0,105.05,,106.41,,,2267,238854.0,24,F1,1,,,,,,2025-05-14
2025-05-14,2025-05-14,CM,BSE,STK,542376,INE726X01014,SPACAPS,XT,,,,,SPA Capital Services Limited,140.95,140.95,140.95,140.95,140.95,148.35,,140.95,,,71,10007.0,5,F1,1,,,,,,2025-05-14
2025-05-14,2025-05-14,CM,BSE,STK,542383,INE01EG01016,RITCO,B,,,,,Ritco Logistics Limited,265.9,268.2,262.45,264.55,264.95,265.9,,264.15,,,2553,674451.0,129,F1,1,,,,,,2025-05-14
2025-05-14,2025-05-14,CM,BSE,STK,542399,INE427F01016,CHALET,A,,,,,Chalet Hotels Limited,860.05,932.55,860.05,918.95,918.55,873.5,,919.3,,,18483,16912982.0,2363,F1,1,,,,,,2025-05-14
2025-05-14,2025-05-14,CM,BSE,STK,542437,INE02AR01019,ANMOL,B,,,,,Anmol India Limited,17.96,19.45,17.78,19.0,18.77,17.4,,19.16,,,34609,627293.0,209,F1,1,,,,,,2025-05-14
2025-05-14,2025-05-14,CM,BSE,STK,542446,INE793Z01027,JONJUA,M,,,,,Jonjua Overseas Limited,9.2,9.2,8.75,8.75,8.75,8.9,,8.75,,,16328,146339.0,4,F1,4082,,,,,,2025-05-14
2025-05-14,2025-05-14,CM,BSE,STK,542459,INE911T01010,KRANTI,B,,,,,Kranti Industries Limited,113.55,114.75,108.0,109.28,109.6,112.04,,109.28,,,50958,5628260.0,653,F1,1,,,,,,2025-05-14
2025-05-14,2025-05-14,CM,BSE,STK,542460,INE294Z01018,ANUP,B,,,,,The Anup Engineering Ltd,3026.15,3076.5,2966.05,2989.75,2989.75,3009.15,,2993.7,,,2575,7714377.0,528,F1,1,,,,,,2025-05-14
2025-05-14,2025-05-14,CM,BSE,STK,542484,INE955V01021,ARVINDFASN,A,,,,,Arvind Fashions Limited,427.95,455.0,423.05,447.7,450.1,424.5,,447.0,,,22613,10058779.0,1006,F1,1,,,,,,2025-05-14
2025-05-14,2025-05-14,CM,BSE,STK,542513,INF789F1AUU3,UTISXN50,A,,,,,UTI BSE  Sensex Next 50 ETF,86.79,86.79,86.79,86.79,86.79,86.0,,87.5,,,63,5467.0,4,F1,1,,,,,,2025-05-14
2025-05-14,2025-05-14,CM,BSE,STK,542524,INE342U01016,AIHL,XT,,,,,AMBASSADOR INTRA HOLDINGS LIMI,45.9,45.9,45.9,45.9,45.9,44.88,,45.9,,,72,3304.0,1,F1,1,,,,,,2025-05-14
2025-05-14,2025-05-14,CM,BSE,STK,542579,INE05FR01029,AGOL,B,,,,,Ashapuri Gold Ornament Limited,6.75,7.0,6.74,6.84,6.84,6.75,,6.84,,,827383,5676327.0,1314,F1,1,,,,,,2025-05-14
2025-05-14,2025-05-14,CM,BSE,STK,542580,INE01C001026,AARTECH,B,,,,,Aartech Solonics Limited,59.75,59.79,59.75,59.79,59.79,56.95,,60.81,,,256,15302.0,5,F1,1,,,,,,2025-05-14
2025-05-14,2025-05-14,CM,BSE,STK,542592,INE02PC01027,HBEL,MT,,,,,Humming Bird Education Limited,95.55,95.55,95.55,95.55,95.55,91.0,,95.55,,,3750,358312.0,3,F1,1250,,,,,,2025-05-14
2025-05-14,2025-05-14,CM,BSE,STK,542597,INE255X01014,MSTCLTD,A,,,,,MSTC Limited,534.9,552.0,529.1,549.25,550.0,525.25,,548.8,,,11797,6396023.0,585,F1,1,,,,,,2025-05-14
2025-05-14,2025-05-14,CM,BSE,STK,542602,INE041025011,EMBASSY,IF,,,,,Embassy Office Parks REIT,381.94,384.88,380.16,383.22,384.85,381.3,,383.81,,,2532,967077.0,220,F1,1,,,,,,2025-05-14
2025-05-14,2025-05-14,CM,BSE,STK,542627,INE01GZ01011,CHANDNIMACH,X,,,,,Chandni Machines Limited,42.3,45.85,42.01,43.55,43.2,42.36,,43.55,,,1279,54603.0,18,F1,1,,,,,,2025-05-14
2025-05-14,2025-05-14,CM,BSE,STK,542628,INE01BL01012,NSL,B,,,,,Northern Spirits Limited,185.0,199.9,181.0,190.65,190.65,182.7,,190.65,,,133115,25296698.0,1097,F1,1,,,,,,2025-05-14
2025-05-14,2025-05-14,CM,BSE,STK,542649,INE415G01027,RVNL,A,,,,,Rail Vikas Nigam Limited,357.5,376.8,357.5,372.8,372.8,356.95,,372.8,,,734202,270577283.0,9689,F1,1,,,,,,2025-05-14
2025-05-14,2025-05-14,CM,BSE,STK,542650,INE112L01020,METROPOLIS,A,,,,,Metropolis Healthcare Limited,1672.6,1679.55,1610.0,1614.25,1612.1,1701.85,,1614.5,,,10278,16814713.0,1213,F1,1,,,,,,2025-05-14
2025-05-14,2025-05-14,CM,BSE,STK,542651,INE04I401011,KPITTECH,A,,,,,KPIT Technologies Ltd,1357.25,1377.7,1347.0,1351.7,1352.0,1344.8,,1351.5,,,32052,43732018.0,2813,F1,1,,,,,,2025-05-14
2025-05-14,2025-05-14,CM,BSE,STK,542652,INE455K01017,POLYCAB,A,,,,,Polycab India Limited,6010.0,6037.5,5914.0,5970.55,5995.95,6005.7,,5980.5,,,11593,69080121.0,1643,F1,1,,,,,,2025-05-14
2025-05-14,2025-05-14,CM,BSE,STK,542654,INE06LG01010,VRFILMS,T,,,,,V R FILMS & STUDIOS LIMITED,18.97,20.89,18.97,18.98,20.49,19.96,,18.98,,,5294,101810.0,23,F1,1,,,,,,2025-05-14
2025-05-14,2025-05-14,CM,BSE,STK,542655,INE161L01027,VIKASLIFE,B,,,,,VIKAS LIFECARE LIMITED,2.47,2.59,2.47,2.58,2.58,2.48,,2.57,,,2245052,5711684.0,5257,F1,1,,,,,,2025-05-14
2025-05-14,2025-05-14,CM,BSE,STK,542665,INE136S01016,NEOGEN,B,,,,,Neogen Chemicals Limited,1552.0,1573.0,1544.05,1555.15,1551.35,1543.8,,1553.1,,,1251,1946279.0,222,F1,1,,,,,,2025-05-14
2025-05-14,2025-05-14,CM,BSE,STK,542666,INE05QJ01015,GKP,T,,,,,G. K. P. Printing & Packaging,6.24,6.42,5.87,6.03,6.38,6.12,,6.03,,,12232,75364.0,72,F1,1,,,,,,2025-05-14
2025-05-14,2025-05-14,CM,BSE,STK,542669,INE374E01021,BMW,B,,,,,BMW INDUSTRIES LIMITED,53.54,54.38,53.02,53.84,53.84,53.11,,53.84,,,380897,20475092.0,2228,F1,1,,,,,,2025-05-14
2025-05-14,2025-05-14,CM,BSE,STK,542670,INE757T01025,AEPL,B,,,,,Artemis Electricals and Projec,19.5,20.34,19.41,20.08,20.1,19.33,,20.08,,,30728,613540.0,238,F1,1,,,,,,2025-05-14
2025-05-14,2025-05-14,CM,BSE,STK,542678,INE05BN01019,CHCL,MT,,,,,Cian Healthcare Limited,3.68,3.68,3.68,3.68,3.68,3.61,,3.68,,,4000,14720.0,2,F1,2000,,,,,,2025-05-14
2025-05-14,2025-05-14,CM,BSE,STK,542679,INE413F01016,DEL,XT,,,,,Dhanashree Electronics Limited,156.8,157.55,156.8,157.55,157.55,160.0,,157.55,,,3285,515408.0,21,F1,1,,,,,,2025-05-14
2025-05-14,2025-05-14,CM,BSE,STK,542682,INE01K301012,HARISH,X,,,,,Harish Textile Engineers Limit,67.5,67.5,65.11,67.0,67.0,68.82,,67.0,,,2151,142870.0,15,F1,1,,,,,,2025-05-14
2025-05-14,2025-05-14,CM,BSE,STK,542684,INE050001010,PPL,B,,,,,Prakash Pipes Limited,418.6,422.35,417.65,421.3,420.55,420.15,,421.2,,,3809,1597662.0,230,F1,1,,,,,,2025-05-14
2025-05-14,2025-05-14,CM,BSE,STK,542685,INE03JI01017,DGCONTENT,B,,,,,Digicontent Limited,38.01,39.91,37.82,39.91,39.91,37.54,,39.57,,,520,20396.0,26,F1,1,,,,,,2025-05-14
2025-05-14,2025-05-14,CM,BSE,STK,542721,INE02GA01012,ARL,T,,,,,Anand Rayons Limited,246.0,246.0,245.0,246.0,246.0,243.5,,246.0,,,15620,3834925.0,44,F1,1,,,,,,2025-05-14
2025-05-14,2025-05-14,CM,BSE,STK,542724,INE060601023,MURAE,B,,,,,Murae Organisor Limited,1.47,1.48,1.47,1.48,1.48,1.41,,1.48,,,34268132,50697977.0,3173,F1,1,,,,,,2025-05-14
2025-05-14,2025-05-14,CM,BSE,STK,542725,INE04AK01028,SBC,B,,,,,SBC EXPORTS LIMITED,13.35,13.85,13.2,13.58,13.58,13.27,,13.59,,,3932449,53214918.0,1833,F1,1,,,,,,2025-05-14
2025-05-14,2025-05-14,CM,BSE,STK,542726,INE933S01016,INDIAMART,A,,,,,IndiaMART InterMESH Limited,2362.2,2365.0,2270.0,2284.65,2284.9,2350.45,,2283.8,,,9683,22237128.0,1583,F1,1,,,,,,2025-05-14
2025-05-14,2025-05-14,CM,BSE,STK,542727,INE056001014,CPML,M,,,,,City Pulse Multiplex Limited,1182.0,1235.5,1181.0,1225.65,1235.5,1211.1,,1225.65,,,1400,1694300.0,9,F1,100,,,,,,2025-05-14
2025-05-14,2025-05-14,CM,BSE,STK,542730,INF109KC15I8,BANKIETF,B,,,,,ICICI Prudential Mutual Fund,55.89,55.98,55.4,55.6,55.76,55.84,,55.68,,,69014,3833057.0,164,F1,1,,,,,,2025-05-14
2025-05-14,2025-05-14,CM,BSE,STK,542747,INF204KB15D0,SNXT50BEES,A,,,,,NIPPON INDIA ETF SENSEX NEXT 5,84.79,85.45,84.0,84.86,85.0,84.44,,84.86,,,30664,2603727.0,159,F1,1,,,,,,2025-05-14
2025-05-14,2025-05-14,CM,BSE,STK,542752,INE00WC01027,AFFLE,A,,,,,AFFLE 3I LIMITED,1600.0,1689.5,1585.5,1680.45,1680.45,1591.25,,1679.5,,,92257,149338562.0,3764,F1,1,,,,,,2025-05-14
2025-05-14,2025-05-14,CM,BSE,STK,542753,INE277T01024,SEACOAST,Z,,,,,SEACOAST SHIPPING SERVICES LIM,2.84,2.9,2.72,2.88,2.88,2.78,,2.88,,,1546086,4387584.0,2233,F1,1,,,,,,2025-05-14
2025-05-14,2025-05-14,CM,BSE,STK,542758,INF109KC18U7,PVTBANIETF,B,,,,,ICICI Prudential Mutual Fund,27.52,27.61,27.27,27.34,27.34,27.48,,27.39,,,100821,2759660.0,381,F1,1,,,,,,2025-05-14
2025-05-14,2025-05-14,CM,BSE,STK,542759,INE572J01011,SPANDANA,A,,,,,Spandana Sphoorty Financial Li,295.0,302.8,290.1,297.05,297.05,288.15,,297.45,,,38923,11548394.0,1857,F1,1,,,,,,2025-05-14
2025-05-14,2025-05-14,CM,BSE,STK,542760,INE00M201021,SWSOLAR,A,,,,,STERLING AND WILSON RENEWABLE,289.4,289.45,279.0,289.45,289.45,275.7,,290.0,,,202463,58378369.0,1012,F1,1,,,,,,2025-05-14
2025-05-14,2025-05-14,CM,BSE,STK,542770,INE08E401029,ALPHALOGIC,T,,,,,Alphalogic Techsys Limited,110.7,110.75,107.59,110.75,110.75,105.48,,110.75,,,10940,1208939.0,146,F1,1,,,,,,2025-05-14
2025-05-14,2025-05-14,CM,BSE,STK,542772,INE466L01038,360ONE,A,,,,,360 ONE WAM LIMITED,985.0,989.95,950.05,988.5,989.9,966.2,,988.2,,,15647,15371911.0,1553,F1,1,,,,,,2025-05-14
2025-05-14,2025-05-14,CM,BSE,STK,542773,INE489L01022,IIFLCAPS,A,,,,,IIFL CAPITAL SERVICES LIMITED,264.75,275.85,259.05,272.5,273.05,258.55,,272.53,,,81945,22137959.0,1429,F1,1,,,,,,2025-05-14
2025-05-14,2025-05-14,CM,BSE,STK,542774,INE08KJ01020,MUFIN,B,,,,,MUFIN GREEN FINANCE LIMITED,77.62,80.08,75.01,76.44,78.09,75.0,,76.38,,,34306,2696752.0,756,F1,1,,,,,,2025-05-14
2025-05-14,2025-05-14,CM,BSE,STK,542802,INE906Y01028,GALACTICO,B,,,,,Galactico Corporate Services L,2.54,2.59,2.5,2.55,2.56,2.54,,2.55,,,74174,187830.0,212,F1,1,,,,,,2025-05-14
2025-05-14,2025-05-14,CM,BSE,STK,542803,INE560T01015,VEL,X,,,,,Vaxfab Enterprises Limited,13.32,13.8,13.1,13.16,13.1,13.26,,13.16,,,104231,1369741.0,34,F1,1,,,,,,2025-05-14
2025-05-14,2025-05-14,CM,BSE,STK,542812,INE09N301011,FLUOROCHEM,A,,,,,Gujarat Fluorochemicals Limite,3852.65,3898.95,3837.85,3863.5,3873.0,3844.0,,3865.0,,,1917,7408537.0,445,F1,1,,,,,,2025-05-14
2025-05-14,2025-05-14,CM,BSE,STK,542830,INE335Y01020,IRCTC,A,,,,,Indian Railway Catering and To,764.1,781.35,762.7,777.7,777.7,763.7,,777.9,,,62245,48246985.0,2632,F1,1,,,,,,2025-05-14
2025-05-14,2025-05-14,CM,BSE,STK,542850,INE492Z01018,GOBLIN,M,,,,,GOBLIN INDIA LIMITED,22.62,22.62,22.62,22.62,22.62,22.62,,22.62,,,4000,90480.0,2,F1,2000,,,,,,2025-05-14
2025-05-14,2025-05-14,CM,BSE,STK,542851,INE06H201014,GENSOL,T,,,,,Gensol Engineering Limited,60.14,60.14,60.14,60.14,60.14,57.28,,59.74,,,134644,8097490.0,587,F1,1,,,,,,2025-05-14
2025-05-14,2025-05-14,CM,BSE,STK,542852,INE430N01022,VISHWARAJ,B,,,,,Vishwaraj Sugar Industries Lim,9.6,9.85,9.56,9.8,9.8,9.5,,9.79,,,31688,309482.0,171,F1,1,,,,,,2025-05-14
2025-05-14,2025-05-14,CM,BSE,STK,542857,INE08ZM01014,GREENPANEL,B,,,,,Greenpanel Industries Limited,244.8,252.75,244.8,250.25,250.45,244.55,,251.28,,,3589,891816.0,126,F1,1,,,,,,2025-05-14
2025-05-14,2025-05-14,CM,BSE,STK,542862,INE052001026,SHAHLON,X,,,,,Shahlon Silk Industries Limite,14.5,15.36,14.05,14.69,15.14,14.7,,14.69,,,7441,106889.0,48,F1,1,,,,,,2025-05-14
2025-05-14,2025-05-14,CM,BSE,STK,542863,INF209KB17D5,ABSLBANETF,B,,,,,Aditya Birla Sun Life Mutual F,55.16,56.0,55.16,55.55,55.77,55.83,,55.53,,,1494,83138.0,59,F1,1,,,,,,2025-05-14
2025-05-14,2025-05-14,CM,BSE,STK,542865,INE490Z01012,ANUROOP,T,,,,,Anuroop Packaging Limited,15.38,16.47,15.38,16.46,16.47,15.69,,16.46,,,15787,256103.0,52,F1,1,,,,,,2025-05-14
2025-05-14,2025-05-14,CM,BSE,STK,542866,INE317W01022,COLAB,XT,,,,,COLAB PLATFORMS LIMITED,140.65,140.65,140.65,140.65,140.65,143.5,,140.65,,,6395,899456.0,106,F1,1,,,,,,2025-05-14
2025-05-14,2025-05-14,CM,BSE,STK,542867,INE679A01013,CSBBANK,A,,,,,CSB Bank Limited,354.1,360.15,348.8,352.2,352.05,355.8,,352.4,,,8940,3148087.0,488,F1,1,,,,,,2025-05-14
2025-05-14,2025-05-14,CM,BSE,STK,542904,INE551W01018,UJJIVANSFB,A,,,,,Ujjivan Small Finance Bank Lim,44.34,45.08,43.7,44.86,44.86,43.98,,44.89,,,1941776,86435823.0,5759,F1,1,,,,,,2025-05-14
2025-05-14,2025-05-14,CM,BSE,STK,542905,INE05AN01011,HINDWAREAP,B,,,,,Hindware Home Innovation Limit,201.85,208.25,201.4,202.6,203.45,199.05,,202.15,,,12330,2526049.0,488,F1,1,,,,,,2025-05-14
2025-05-14,2025-05-14,CM,BSE,STK,542906,INE771C01014,EASUN,XT,,,,,Easun Capital Markets Limited,46.85,46.85,46.85,46.85,46.85,46.85,,46.85,,,33,1546.0,5,F1,1,,,,,,2025-05-14
2025-05-14,2025-05-14,CM,BSE,STK,542907,INE689W01016,PRINCEPIPE,A,,,,,Prince Pipes and Fittings Limi,268.0,279.95,268.0,278.2,277.95,268.4,,278.25,,,21809,6026893.0,863,F1,1,,,,,,2025-05-14
2025-05-14,2025-05-14,CM,BSE,STK,542909,INF754K01KO2,EBBETF0430,F,,,,,Edelweiss Mutual Fund,1500.32,1508.0,1500.32,1507.5,1508.0,1499.98,,1508.2,,,49,73793.0,6,F1,1,,,,,,2025-05-14
2025-05-14,2025-05-14,CM,BSE,STK,542911,INE165G01010,ASSAMENT,X,,,,,Assam Entrade Limited,586.1,586.1,586.1,586.1,586.1,586.15,,586.1,,,2,1172.0,1,F1,1,,,,,,2025-05-14
2025-05-14,2025-05-14,CM,BSE,STK,542918,INE063601012,GIANLIFE,B,,,,,Gian Life Care Limited,15.86,16.5,15.86,15.9,15.9,16.3,,15.9,,,14194,227297.0,81,F1,1,,,,,,2025-05-14
2025-05-14,2025-05-14,CM,BSE,STK,542919,INE025R01021,ARTEMISMED,B,,,,,Artemis Medicare Services Limi,248.25,254.7,245.7,248.65,248.05,247.95,,249.85,,,2082,521357.0,207,F1,1,,,,,,2025-05-14
2025-05-14,2025-05-14,CM,BSE,STK,542920,INE258G01013,SUMICHEM,A,,,,,SUMITOMO CHEMICAL INDIA LIMITE,523.4,531.95,520.9,525.5,528.8,523.05,,526.0,,,6848,3606361.0,344,F1,1,,,,,,2025-05-14
2025-05-14,2025-05-14,CM,BSE,STK,542921,INF109KC11W8,MIDCAPIETF,B,,,,,ICICI Prudential Mutual Fund,21.14,21.27,21.12,21.24,21.27,20.94,,21.22,,,24372,516622.0,114,F1,1,,,,,,2025-05-14
2025-05-14,2025-05-14,CM,BSE,STK,542922,INF769K01FN2,NEXT50,B,,,,,Mirae Asset Mutual Fund,665.0,670.0,664.52,668.04,669.17,665.57,,669.01,,,2674,1783926.0,143,F1,1,,,,,,2025-05-14
2025-05-14,2025-05-14,CM,BSE,STK,542933,INE03V001013,UNIVPHOTO,B,,,,,UNIVERSUS PHOTO IMAGINGS LIMIT,221.05,233.0,218.55,233.0,233.0,220.0,,229.79,,,178,39982.0,31,F1,1,,,,,,2025-05-14
2025-05-14,2025-05-14,CM,BSE,STK,542938,INE117S01016,OCTAVIUSPL,X,,,,,Octavius Plantations Limited,66.0,67.0,66.0,67.0,67.0,66.99,,67.0,,,115,7605.0,5,F1,1,,,,,,2025-05-14
2025-05-14,2025-05-14,CM,BSE,STK,543064,INE03QK01018,SUVENPHAR,A,,,,,SUVEN PHARMACEUTICALS LIMITED,1074.05,1095.0,1063.0,1078.4,1078.4,1083.35,,1079.1,,,4029,4342823.0,621,F1,1,,,,,,2025-05-14
2025-05-14,2025-05-14,CM,BSE,STK,543066,INE018E01016,SBICARD,A,,,,,SBI CARDS AND PAYMENT SERVICES,887.8,903.0,886.6,901.0,899.05,887.4,,901.2,,,28805,25875123.0,2131,F1,1,,,,,,2025-05-14
2025-05-14,2025-05-14,CM,BSE,STK,543071,INF204KB10R1,07AGG,F,,,,,Nippon India Mutual Fund,19.98,19.98,16.8,17.17,16.8,18.27,,17.17,,,1957,34917.0,22,F1,1,,,,,,2025-05-14
2025-05-14,2025-05-14,CM,BSE,STK,543079,INF204KB16R8,07GPG,F,,,,,Nippon India Mutual Fund,5.21,5.21,4.62,5.18,5.17,5.1,,5.18,,,601,2954.0,8,F1,1,,,,,,2025-05-14
2025-05-14,2025-05-14,CM,BSE,STK,543087,INF204KB14O0,09AGG,F,,,,,Nippon India Mutual Fund,204.48,204.48,197.79,197.79,197.79,185.9,,197.79,,,3,600.0,3,F1,1,,,,,,2025-05-14
2025-05-14,2025-05-14,CM,BSE,STK,543092,INF204KB19O9,09GPG,F,,,,,Nippon India Mutual Fund,8.0,8.05,6.8,7.99,8.05,7.32,,7.99,,,537,3930.0,9,F1,1,,,,,,2025-05-14
2025-05-14,2025-05-14,CM,BSE,STK,543099,INF789F1ARF0,UTCRFS2DGR,F,,,,,UTI Mutual Fund,197.07,197.07,197.07,197.07,197.07,179.16,,197.07,,,2,394.0,2,F1,1,,,,,,2025-05-14
2025-05-14,2025-05-14,CM,BSE,STK,543100,INF789F1ARG8,UTCRFS2DAP,F,,,,,UTI Mutual Fund,808.2,880.0,808.2,862.05,880.0,897.99,,862.05,,,6,5064.0,6,F1,1,,,,,,2025-05-14
2025-05-14,2025-05-14,CM,BSE,STK,543110,INF789F1ARQ7,UTCRFS2RGR,F,,,,,UTI Mutual Fund,6.68,6.68,5.63,5.86,5.86,6.09,,5.86,,,2414,15046.0,27,F1,1,,,,,,2025-05-14
2025-05-14,2025-05-14,CM,BSE,STK,543144,INF204KB11T5,08MPD,B,,,,,Nippon India Mutual Fund,8.29,8.29,7.1,7.16,7.15,7.57,,7.16,,,770,5718.0,26,F1,1,,,,,,2025-05-14
2025-05-14,2025-05-14,CM,BSE,STK,543150,INF204KB16S6,08GPG,B,,,,,Nippon India Mutual Fund,3.57,3.57,3.18,3.29,3.3,3.38,,3.29,,,132844,429568.0,193,F1,1,,,,,,2025-05-14
2025-05-14,2025-05-14,CM,BSE,STK,543153,INF204KB18R4,08AGG,B,,,,,Nippon India Mutual Fund,0.66,0.66,0.66,0.66,0.66,0.6,,0.66,,,1,0.0,1,F1,1,,,,,,2025-05-14
2025-05-14,2025-05-14,CM,BSE,STK,543154,INF204KB18S2,08QPR,B,,,,,Nippon India Mutual Fund,2244.25,2244.25,2244.25,2244.25,2244.25,2493.6,,2244.25,,,2,4488.0,2,F1,1,,,,,,2025-05-14
2025-05-14,2025-05-14,CM,BSE,STK,543161,INF204KB14P7,10AGG,F,,,,,Nippon India Mutual Fund,180.0,184.7,175.0,180.02,184.7,184.78,,180.02,,,362,65159.0,13,F1,1,,,,,,2025-05-14
2025-05-14,2025-05-14,CM,BSE,STK,543165,INF204KB17P0,10ARD,F,,,,,Nippon India Mutual Fund,167.0,167.0,158.83,158.83,158.83,152.45,,158.83,,,64,10228.0,4,F1,1,,,,,,2025-05-14
2025-05-14,2025-05-14,CM,BSE,STK,543167,INF204KB19P6,10GPG,F,,,,,Nippon India Mutual Fund,2.73,2.73,2.45,2.61,2.62,2.49,,2.61,,,3932,9726.0,28,F1,1,,,,,,2025-05-14
2025-05-14,2025-05-14,CM,BSE,STK,543171,INE0BDU01028,ROJL,B,,,,,RO Jewels Limited,2.29,2.37,2.26,2.35,2.35,2.29,,2.35,,,68386,158641.0,210,F1,1,,,,,,2025-05-14
2025-05-14,2025-05-14,CM,BSE,STK,543173,INF204KB14U7,11DPR,B,,,,,Nippon India Mutual Fund,31.84,31.84,26.13,28.82,28.8,28.99,,28.82,,,753,20493.0,21,F1,1,,,,,,2025-05-14
2025-05-14,2025-05-14,CM,BSE,STK,543174,INF204KB10U5,11GPG,B,,,,,Nippon India Mutual Fund,3.45,3.45,3.16,3.19,3.23,3.17,,3.19,,,2014,6504.0,47,F1,1,,,,,,2025-05-14
2025-05-14,2025-05-14,CM,BSE,STK,543175,INF204KB15U4,11MPD,B,,,,,Nippon India Mutual Fund,4.14,4.14,3.65,3.87,3.93,3.77,,3.87,,,10534,40441.0,53,F1,1,,,,,,2025-05-14
2025-05-14,2025-05-14,CM,BSE,STK,543176,INF204KB16U2,11MPR,B,,,,,Nippon India Mutual Fund,86.1,86.1,76.06,76.51,76.45,78.37,,76.51,,,868,68493.0,18,F1,1,,,,,,2025-05-14
2025-05-14,2025-05-14,CM,BSE,STK,543177,INF204KB11U3,11QPD,B,,,,,Nippon India Mutual Fund,18.28,18.28,16.52,17.84,17.82,17.28,,17.84,,,9679,168813.0,77,F1,1,,,,,,2025-05-14
2025-05-14,2025-05-14,CM,BSE,STK,543178,INF204KB12U1,11QPR,B,,,,,Nippon India Mutual Fund,0.33,0.33,0.33,0.33,0.33,0.3,,0.33,,,1,0.0,1,F1,1,,,,,,2025-05-14
2025-05-14,2025-05-14,CM,BSE,STK,543181,INF204KB13T1,11AGG,B,,,,,Nippon India Mutual Fund,47.48,47.48,40.13,45.06,45.06,43.95,,45.06,,,1524,65095.0,20,F1,1,,,,,,2025-05-14
2025-05-14,2025-05-14,CM,BSE,STK,543182,INF204KB18T0,11AMD,B,,,,,Nippon India Mutual Fund,82.46,100.78,82.46,95.79,95.79,91.62,,95.79,,,7019,617394.0,135,F1,1,,,,,,2025-05-14
2025-05-14,2025-05-14,CM,BSE,STK,543186,INF204KB13U9,11DPD,B,,,,,Nippon India Mutual Fund,8.2,8.2,7.05,7.97,7.97,7.5,,7.97,,,1853,14744.0,35,F1,1,,,,,,2025-05-14
2025-05-14,2025-05-14,CM,BSE,STK,543187,INE07Y701011,POWERINDIA,A,,,,,HITACHI ENERGY INDIA LIMITED,15710.05,16981.45,15710.05,16748.1,16748.1,15980.45,,16736.0,,,7309,121787049.0,2724,F1,1,,,,,,2025-05-14
2025-05-14,2025-05-14,CM,BSE,STK,543193,INE0B1K01014,DJML,B,,,,,DJ Mediaprint & Logistics Limi,116.35,116.5,114.95,115.8,116.0,112.6,,115.8,,,82,9496.0,39,F1,1,,,,,,2025-05-14
2025-05-14,2025-05-14,CM,BSE,STK,543207,INE06MM01016,NATURAL,X,,,,,Natural Biocon (India) Limited,10.91,10.91,10.41,10.5,10.5,10.72,,10.5,,,44374,469066.0,132,F1,1,,,,,,2025-05-14
2025-05-14,2025-05-14,CM,BSE,STK,543208,INE745R01024,REGIS,X,,,,,REGIS INDUSTRIES LIMITED,10.34,10.89,9.7,9.99,10.0,10.18,,9.99,,,37273,379230.0,69,F1,1,,,,,,2025-05-14
2025-05-14,2025-05-14,CM,BSE,STK,543210,INE09EO01013,AARTISURF,B,,,,,Aarti Surfactants Limited,562.4,562.4,562.4,562.4,562.4,511.3,,564.2,,,89,50053.0,12,F1,1,,,,,,2025-05-14
2025-05-14,2025-05-14,CM,BSE,STK,543211,INE0B9A01018,BONLON,B,,,,,BONLON INDUSTRIES LIMITED,37.25,38.59,37.25,38.3,38.35,38.0,,38.3,,,25103,952895.0,277,F1,1,,,,,,2025-05-14
2025-05-14,2025-05-14,CM,BSE,STK,543212,INE02PY01013,BOROLTD,B,,,,,Borosil Limited,327.05,341.25,327.05,339.7,340.9,334.4,,339.75,,,9668,3276705.0,603,F1,1,,,,,,2025-05-14
2025-05-14,2025-05-14,CM,BSE,STK,543213,INE02A801020,ROSSARI,B,,,,,ROSSARI BIOTECH LIMITED,699.1,704.15,692.85,700.4,699.85,695.65,,700.35,,,2516,1753649.0,513,F1,1,,,,,,2025-05-14
2025-05-14,2025-05-14,CM,BSE,STK,543214,INE07OG01012,NDRAUTO,B,,,,,NDR Auto Components Limited,890.6,956.8,875.65,942.7,942.7,900.05,,943.75,,,20621,19068087.0,1972,F1,1,,,,,,2025-05-14
2025-05-14,2025-05-14,CM,BSE,STK,543216,INF754K01LE1,EBBETF0431,F,,,,,Edelweiss Mutual Fund,1346.0,1350.94,1345.53,1350.94,1350.94,1347.99,,1350.56,,,644,868346.0,50,F1,1,,,,,,2025-05-14
2025-05-14,2025-05-14,CM,BSE,STK,543217,INE0CCU25019,MINDSPACE,IF,,,,,Mindspace Business Parks REIT,384.6,389.99,383.02,389.92,389.98,384.6,,389.97,,,8655,3345978.0,586,F1,1,,,,,,2025-05-14
2025-05-14,2025-05-14,CM,BSE,STK,543218,INE05ST01028,SBGLP,T,,,,,SURATWWALA BUSINESS GROUP LIMI,37.63,39.15,37.63,39.15,39.15,38.39,,39.15,,,26767,1029387.0,60,F1,1,,,,,,2025-05-14
2025-05-14,2025-05-14,CM,BSE,STK,543219,INF109KC17V7,ALPL30IETF,B,,,,,ICICI Prudential Mutual Fund,27.11,27.27,27.05,27.23,27.2,27.13,,27.22,,,50290,1366918.0,273,F1,1,,,,,,2025-05-14
2025-05-14,2025-05-14,CM,BSE,STK,543220,INE027H01010,MAXHEALTH,A,,,,,Max Healthcare Institute Limit,1139.95,1182.9,1139.95,1176.85,1176.4,1172.5,,1176.6,,,50363,59115558.0,3621,F1,1,,,,,,2025-05-14
2025-05-14,2025-05-14,CM,BSE,STK,543221,INF109KC16I6,ITIETF,B,,,,,ICICI Prudential Mutual Fund,40.41,40.9,40.41,40.87,40.9,40.39,,40.84,,,12385,505080.0,105,F1,1,,,,,,2025-05-14
2025-05-14,2025-05-14,CM,BSE,STK,543223,INE0CG601016,MAXIND,B,,,,,Max India Limited,197.2,197.2,190.95,192.2,193.4,196.0,,192.0,,,6106,1178189.0,336,F1,1,,,,,,2025-05-14
2025-05-14,2025-05-14,CM,BSE,STK,543224,INF179KC1HY0,HDFCNIFBAN,B,,,,,HDFC Mutual Fund,56.25,56.25,55.6,55.8,55.9,56.05,,55.84,,,5856,326097.0,103,F1,1,,,,,,2025-05-14
2025-05-14,2025-05-14,CM,BSE,STK,543225,INE0BWS23018,ALTIUSINVIT,IF,,,,,Altius Telecom Infrastructure,148.0,148.0,148.0,148.0,148.0,148.0,,148.0,,,25000,3700000.0,1,F1,25000,,,,,,2025-05-14
2025-05-14,2025-05-14,CM,BSE,STK,543226,INF789F1AUV1,UTIBANKETF,B,,,,,UTI Mutual Fund,56.0,56.39,55.91,56.21,56.28,56.21,,56.11,,,135,7590.0,30,F1,1,,,,,,2025-05-14
2025-05-14,2025-05-14,CM,BSE,STK,543227,INE419U01012,HAPPSTMNDS,A,,,,,Happiest Minds Technologies Li,594.0,600.0,592.0,594.45,594.45,593.4,,594.65,,,35409,21062702.0,2058,F1,1,,,,,,2025-05-14
2025-05-14,2025-05-14,CM,BSE,STK,543228,INE450U01017,ROUTE,A,,,,,Route Mobile Limited,952.75,963.45,938.6,943.5,943.5,938.6,,946.15,,,8083,7661782.0,462,F1,1,,,,,,2025-05-14
2025-05-14,2025-05-14,CM,BSE,STK,543229,INE412J01010,SAMRATFORG,X,,,,,Samrat Forgings Limited,280.0,280.0,280.0,280.0,280.0,280.0,,280.0,,,190,53200.0,6,F1,1,,,,,,2025-05-14
2025-05-14,2025-05-14,CM,BSE,STK,543230,INE0ALI01010,ADVAIT,B,,,,,ADVAIT ENERGY TRANSITIONS LIMI,1328.0,1485.0,1328.0,1455.75,1455.75,1297.15,,1455.75,,,103727,148235493.0,5769,F1,1,,,,,,2025-05-14
2025-05-14,2025-05-14,CM,BSE,STK,543231,INE0CHO01012,ADL,B,,,,,Archidply Decor Limited,88.66,91.45,88.66,91.2,91.2,88.66,,91.01,,,269,24382.0,8,F1,1,,,,,,2025-05-14
2025-05-14,2025-05-14,CM,BSE,STK,543232,INE596I01012,CAMS,A,,,,,Computer Age Management Servic,3640.6,3658.0,3611.0,3650.8,3650.8,3628.1,,3649.1,,,29676,107994088.0,4946,F1,1,,,,,,2025-05-14
2025-05-14,2025-05-14,CM,BSE,STK,543233,INE03YM01018,CHEMCON,B,,,,,Chemcon Speciality Chemicals L,219.0,223.5,214.4,219.4,220.65,211.4,,218.99,,,10221,2228014.0,574,F1,1,,,,,,2025-05-14
2025-05-14,2025-05-14,CM,BSE,STK,543234,INE0BTM01013,SECMARK,B,,,,,Secmark Consultancy Limited,132.8,135.9,128.8,132.05,132.35,130.5,,131.6,,,1697,224312.0,185,F1,1,,,,,,2025-05-14
2025-05-14,2025-05-14,CM,BSE,STK,543235,INE732I01013,ANGELONE,A,,,,,ANGEL ONE LIMITED,2503.25,2580.0,2489.0,2549.65,2549.65,2485.85,,2548.7,,,47346,120641771.0,3677,F1,1,,,,,,2025-05-14
2025-05-14,2025-05-14,CM,BSE,STK,543236,INE09KD01013,ATAM,B,,,,,Atam Valves Limited,105.0,105.75,101.55,102.7,104.6,103.35,,102.45,,,1812,186951.0,115,F1,1,,,,,,2025-05-14
2025-05-14,2025-05-14,CM,BSE,STK,543237,INE249Z01020,MAZDOCK,A,,,,,Mazagon Dock Shipbuilders Limi,3109.95,3229.0,3037.4,3079.25,3079.25,3002.3,,3078.2,,,731444,2302167414.0,35848,F1,1,,,,,,2025-05-14
2025-05-14,2025-05-14,CM,BSE,STK,543238,INE094J01016,UTIAMC,A,,,,,UTI Asset Management Company L,1047.0,1097.5,1043.05,1079.4,1079.4,1057.5,,1080.0,,,5175,5515624.0,606,F1,1,,,,,,2025-05-14
2025-05-14,2025-05-14,CM,BSE,STK,543240,INE060901027,LIKHITHA,B,,,,,Likhitha Infrastructure Limite,269.55,273.45,269.55,271.75,272.75,270.4,,271.85,,,1497,406424.0,84,F1,1,,,,,,2025-05-14
2025-05-14,2025-05-14,CM,BSE,STK,543242,INE0AJG01018,HEMIPROP,A,,,,,Hemisphere Properties India Li,136.45,138.65,135.8,138.0,137.8,136.45,,137.84,,,45680,6278173.0,733,F1,1,,,,,,2025-05-14
2025-05-14,2025-05-14,CM,BSE,STK,543243,INE063P01018,EQUITASBNK,A,,,,,Equitas Small Finance Bank Lim,64.15,64.81,63.65,63.93,63.93,64.11,,63.99,,,377556,24225866.0,1964,F1,1,,,,,,2025-05-14
2025-05-14,2025-05-14,CM,BSE,STK,543244,INE0BLY01023,SHINEFASH,M,,,,,Shine Fashions (India) Limited,380.1,380.1,377.9,379.05,380.1,362.0,,379.05,,,3500,1326600.0,7,F1,500,,,,,,2025-05-14
2025-05-14,2025-05-14,CM,BSE,STK,543245,INE068V01023,GLAND,A,,,,,Gland Pharma Limited,1430.5,1463.4,1428.0,1460.65,1463.35,1433.9,,1461.1,,,9249,13384936.0,923,F1,1,,,,,,2025-05-14
2025-05-14,2025-05-14,CM,BSE,STK,543246,INF769K01GS9,ESG,B,,,,,Mirae Asset Mutual Fund,41.7,41.98,41.58,41.82,41.87,41.47,,41.68,,,2857,119281.0,23,F1,1,,,,,,2025-05-14
2025-05-14,2025-05-14,CM,BSE,STK,543248,INE07T201019,RBA,A,,,,,Restaurant Brands Asia Limited,79.89,81.99,79.7,81.28,81.5,79.65,,81.45,,,95617,7722696.0,867,F1,1,,,,,,2025-05-14
2025-05-14,2025-05-14,CM,BSE,STK,543249,INE0EK901012,TARC,A,,,,,TARC LIMITED,149.0,156.65,149.0,154.85,155.5,151.5,,154.8,,,51151,7894874.0,738,F1,1,,,,,,2025-05-14
2025-05-14,2025-05-14,CM,BSE,STK,543250,INF247L01AK4,MOGSEC,F,,,,,Motilal Oswal Mutual Fund,61.95,61.95,61.45,61.47,61.47,61.26,,63.21,,,20082,1234243.0,5,F1,1,,,,,,2025-05-14
2025-05-14,2025-05-14,CM,BSE,STK,543251,INE09E501017,RVHL,B,,,,,Ravinder Heights Limited,43.69,45.09,42.72,42.9,44.6,43.25,,42.94,,,3271,142911.0,70,F1,1,,,,,,2025-05-14
2025-05-14,2025-05-14,CM,BSE,STK,543252,INE0DNW01011,FAIRCHEMOR,B,,,,,Fairchem Organics Limited,812.0,848.0,805.7,821.95,829.0,803.3,,823.85,,,3649,3032922.0,583,F1,1,,,,,,2025-05-14
2025-05-14,2025-05-14,CM,BSE,STK,543253,INE495P01012,BECTORFOOD,A,,,,,Mrs. Bectors Food Specialities,1550.6,1572.55,1544.0,1556.3,1551.5,1549.0,,1556.8,,,5620,8769736.0,798,F1,1,,,,,,2025-05-14
2025-05-14,2025-05-14,CM,BSE,STK,543254,INE01BK01022,AWHCL,B,,,,,Antony Waste Handling Cell Lim,559.6,571.4,557.5,566.75,566.5,551.2,,567.0,,,17344,9818135.0,1315,F1,1,,,,,,2025-05-14
2025-05-14,2025-05-14,CM,BSE,STK,543255,INF732E01268,INFRABEES,B,,,,,Nippon India Mutual Fund,916.92,925.52,916.92,922.76,922.76,915.03,,920.81,,,165,152135.0,28,F1,1,,,,,,2025-05-14
2025-05-14,2025-05-14,CM,BSE,STK,543257,INE053F01010,IRFC,A,,,,,Indian Railway Finance Corpora,125.0,130.25,124.75,130.0,130.0,124.75,,129.96,,,1639063,209781281.0,12374,F1,1,,,,,,2025-05-14
2025-05-14,2025-05-14,CM,BSE,STK,543258,INE09VQ01012,INDIGOPNTS,A,,,,,Indigo Paints Limited,992.0,998.9,984.0,986.0,986.0,991.7,,985.2,,,9440,9351604.0,1329,F1,1,,,,,,2025-05-14
2025-05-14,2025-05-14,CM,BSE,STK,543259,INE481N01025,HOMEFIRST,A,,,,,Home First Finance Company Ind,1171.95,1196.4,1144.05,1189.45,1190.5,1168.3,,1188.3,,,5873,6860803.0,486,F1,1,,,,,,2025-05-14
2025-05-14,2025-05-14,CM,BSE,STK,543260,INE00IN01015,STOVEKRAFT,B,,,,,STOVE KRAFT LIMITED,631.3,633.55,617.6,619.1,621.3,631.3,,619.55,,,3589,2245040.0,401,F1,1,,,,,,2025-05-14
2025-05-14,2025-05-14,CM,BSE,STK,543261,INE0FDU25010,BIRET,IF,,,,,Brookfield India Real Estate T,297.0,297.0,294.55,295.79,295.79,295.77,,295.7,,,2760,815322.0,157,F1,1,,,,,,2025-05-14
2025-05-14,2025-05-14,CM,BSE,STK,543262,INE0D7801012,MRP,M,,,,,MRP Agro Limited,122.6,124.1,122.0,122.0,122.0,122.6,,122.0,,,13000,1594850.0,10,F1,1000,,,,,,2025-05-14
2025-05-14,2025-05-14,CM,BSE,STK,543263,INE103C01036,SMCGLOBAL,B,,,,,SMC Global Securities Limited,105.0,106.85,105.0,105.45,105.85,105.75,,105.32,,,2537,268523.0,146,F1,1,,,,,,2025-05-14
2025-05-14,2025-05-14,CM,BSE,STK,543264,INE0DSF01015,NURECA,T,,,,,Nureca Limited,247.5,247.5,247.5,247.5,247.5,242.65,,247.5,,,1181,292297.0,22,F1,1,,,,,,2025-05-14
2025-05-14,2025-05-14,CM,BSE,STK,543265,INE0DD101019,RAILTEL,A,,,,,RailTel Corporation of India L,325.65,359.65,323.55,355.85,355.85,325.8,,356.5,,,961437,334290951.0,12741,F1,1,,,,,,2025-05-14
2025-05-14,2025-05-14,CM,BSE,STK,543266,INE694N01015,HERANBA,T,,,,,Heranba Industries Limited,251.0,259.05,251.0,259.05,259.05,255.25,,259.05,,,2566,647437.0,33,F1,1,,,,,,2025-05-14
2025-05-14,2025-05-14,CM,BSE,STK,543267,INE179G01029,DAVANGERE,B,,,,,Davangere Sugar Company Limite,4.0,4.02,3.95,4.0,4.02,3.98,,4.0,,,354077,1413000.0,496,F1,1,,,,,,2025-05-14
2025-05-14,2025-05-14,CM,BSE,STK,543268,INE03RS01027,DRCSYSTEMS,B,,,,,DRC Systems India Limited,20.51,21.04,19.87,19.92,19.9,20.22,,19.93,,,46458,935253.0,581,F1,1,,,,,,2025-05-14
2025-05-14,2025-05-14,CM,BSE,STK,543270,INE864I01014,MTARTECH,A,,,,,MTAR Technologies Limited,1510.1,1555.0,1502.75,1522.05,1521.1,1497.1,,1521.8,,,28446,43502446.0,2627,F1,1,,,,,,2025-05-14
2025-05-14,2025-05-14,CM,BSE,STK,543271,INE0BY001018,JUBLINGREA,A,,,,,Jubilant Ingrevia Limited,714.8,714.8,681.6,689.55,689.55,701.2,,689.35,,,51052,35386890.0,2336,F1,1,,,,,,2025-05-14
2025-05-14,2025-05-14,CM,BSE,STK,543272,INE07O001026,EASEMYTRIP,A,,,,,Easy Trip Planners Limited,12.29,12.5,12.15,12.23,12.23,12.3,,12.21,,,1150454,14152283.0,1625,F1,1,,,,,,2025-05-14
2025-05-14,2025-05-14,CM,BSE,STK,543273,INE0CJD01011,KMEW,B,,,,,Knowledge Marine & Engineering,1470.45,1550.0,1470.45,1525.05,1524.0,1470.45,,1525.5,,,3319,5064131.0,535,F1,1,,,,,,2025-05-14
2025-05-14,2025-05-14,CM,BSE,STK,543274,INE0EMB01015,SUUMAYA,MT,,,,,SUUMAYA CORPORATION LIMITED,2.85,2.99,2.74,2.96,2.96,2.85,,2.96,,,24750,72567.0,28,F1,450,,,,,,2025-05-14
2025-05-14,2025-05-14,CM,BSE,STK,543275,INE930P01018,ANURAS,A,,,,,Anupam Rasayan India Limited,889.75,910.0,889.75,896.5,889.8,907.85,,898.7,,,5047,4526716.0,471,F1,1,,,,,,2025-05-14
2025-05-14,2025-05-14,CM,BSE,STK,543276,INE00LO01017,CRAFTSMAN,A,,,,,Craftsman Automation Limited,5231.45,5490.0,5229.4,5335.4,5331.45,5155.6,,5335.7,,,3151,16868547.0,1189,F1,1,,,,,,2025-05-14
2025-05-14,2025-05-14,CM,BSE,STK,543277,INE576O01020,LXCHEM,A,,,,,Laxmi Organic Industries Limit,194.7,196.0,190.7,193.35,193.75,193.5,,193.43,,,103807,20064464.0,2170,F1,1,,,,,,2025-05-14
2025-05-14,2025-05-14,CM,BSE,STK,543278,INE303R01014,KALYANKJIL,A,,,,,Kalyan Jewellers India Limited,556.55,564.7,549.0,551.65,551.65,554.8,,551.45,,,535152,297471549.0,9392,F1,1,,,,,,2025-05-14
2025-05-14,2025-05-14,CM,BSE,STK,543279,INE428Q01011,SURYODAY,B,,,,,Suryoday Small Finance Bank Li,127.5,131.1,126.3,130.35,130.35,127.5,,130.49,,,19911,2555850.0,523,F1,1,,,,,,2025-05-14
2025-05-14,2025-05-14,CM,BSE,STK,543280,INE418L01021,NAZARA,A,,,,,Nazara Technologies Limited,1219.95,1224.4,1188.7,1220.65,1209.0,1194.4,,1221.2,,,42450,51474103.0,1983,F1,1,,,,,,2025-05-14
2025-05-14,2025-05-14,CM,BSE,STK,543281,INE018401013,SUVIDHAA,T,,,,,Suvidhaa Infoserve Limited,3.76,3.97,3.76,3.86,3.83,3.82,,3.86,,,11798,45970.0,33,F1,1,,,,,,2025-05-14
2025-05-14,2025-05-14,CM,BSE,STK,543283,INE382M01027,BARBEQUE,B,,,,,BARBEQUE-NATION HOSPITALITY LI,336.0,343.55,332.35,340.65,342.3,336.4,,340.75,,,22963,7791499.0,626,F1,1,,,,,,2025-05-14
2025-05-14,2025-05-14,CM,BSE,STK,543284,INE0CPR01018,EKI,T,,,,,EKI Energy Services Limited,100.0,100.0,99.95,99.95,99.95,100.0,,99.95,,,15544,1554320.0,263,F1,1,,,,,,2025-05-14
2025-05-14,2025-05-14,CM,BSE,STK,543285,INE0CQ101015,RCAN,MT,,,,,Rajeshwari Cans Limited,261.0,261.0,250.0,258.9,258.9,249.0,,258.9,,,9200,2379300.0,19,F1,400,,,,,,2025-05-14
2025-05-14,2025-05-14,CM,BSE,STK,543287,INE670K01029,LODHA,A,,,,,Macrotech Developers Limited,1256.75,1329.0,1256.75,1317.45,1317.45,1273.2,,1316.5,,,39902,52228563.0,2187,F1,1,,,,,,2025-05-14
2025-05-14,2025-05-14,CM,BSE,STK,543288,INE0FHS01024,DEEPINDS,B,,,,,Deep Industries Limited,411.9,426.85,409.9,421.45,421.5,408.7,,421.85,,,22357,9395701.0,771,F1,1,,,,,,2025-05-14
2025-05-14,2025-05-14,CM,BSE,STK,543290,INE0GGX23010,PGINVIT,IF,,,,,POWERGRID Infrastructure Inves,83.59,83.59,82.51,83.17,83.2,82.97,,83.12,,,41795,3465192.0,459,F1,1,,,,,,2025-05-14
2025-05-14,2025-05-14,CM,BSE,STK,543291,INF769K01HF4,MAFANG,B,,,,,Mirae Asset Mutual Fund,129.5,134.05,129.5,133.94,133.94,128.38,,133.99,,,224029,29835380.0,2460,F1,1,,,,,,2025-05-14
2025-05-14,2025-05-14,CM,BSE,STK,543292,INF109KC1Q72,HEALTHIETF,B,,,,,ICICI Prudential Mutual Fund,141.43,142.81,141.0,142.81,142.81,141.45,,142.3,,,851,120931.0,76,F1,1,,,,,,2025-05-14
2025-05-14,2025-05-14,CM,BSE,STK,543297,INE0FLR01028,IWEL,B,,,,,Inox Wind Energy Limited,9942.05,10198.8,9942.05,10129.9,10195.0,9834.45,,10101.0,,,260,2617072.0,134,F1,1,,,,,,2025-05-14
2025-05-14,2025-05-14,CM,BSE,STK,543298,INE505Y01010,VINEETLAB,T,,,,,Vineet Laboratories Limited,29.45,29.98,28.97,29.67,29.67,28.6,,29.68,,,8902,263678.0,32,F1,1,,,,,,2025-05-14
2025-05-14,2025-05-14,CM,BSE,STK,543299,INE810G01011,SHYAMMETL,A,,,,,Shyam Metalics and Energy Limi,918.9,922.15,891.05,907.25,905.45,913.95,,907.9,,,36949,33423004.0,1803,F1,1,,,,,,2025-05-14
2025-05-14,2025-05-14,CM,BSE,STK,543300,INE073K01018,SONACOMS,A,,,,,Sona BLW Precision Forgings Li,512.55,532.15,512.55,527.8,527.8,508.2,,528.2,,,114831,60249390.0,4194,F1,1,,,,,,2025-05-14
2025-05-14,2025-05-14,CM,BSE,STK,543301,INF200KA1W75,SFMP45GR,F,,,,,SBI Mutual Fund,14.33,14.33,14.33,14.33,14.33,13.03,,14.33,,,1,14.0,1,F1,1,,,,,,2025-05-14
2025-05-14,2025-05-14,CM,BSE,STK,543306,INE021O01019,DODLA,A,,,,,Dodla Dairy Limited,1084.9,1127.1,1084.9,1113.05,1127.1,1084.85,,1118.2,,,588,649338.0,130,F1,1,,,,,,2025-05-14
2025-05-14,2025-05-14,CM,BSE,STK,543308,INE967H01025,KIMS,A,,,,,Krishna Institute of Medical S,658.2,658.2,636.1,640.4,640.0,658.0,,640.05,,,13294,8606505.0,880,F1,1,,,,,,2025-05-14
2025-05-14,2025-05-14,CM,BSE,STK,543311,INE0D6701023,IPL,B,,,,,India Pesticides Limited,150.2,166.45,149.55,165.15,165.15,150.1,,165.07,,,124620,20273128.0,3874,F1,1,,,,,,2025-05-14
2025-05-14,2025-05-14,CM,BSE,STK,543312,INE0DXR01010,FOCUS,MT,,,,,Focus Business Solution Limite,111.3,111.3,110.0,110.0,110.0,106.0,,110.0,,,2700,298755.0,2,F1,1350,,,,,,2025-05-14
2025-05-14,2025-05-14,CM,BSE,STK,543317,INE201P01022,GRINFRA,A,,,,,G R Infraprojects Limited,1110.45,1147.4,1108.15,1141.7,1145.0,1122.6,,1142.5,,,4812,5454506.0,380,F1,1,,,,,,2025-05-14
2025-05-14,2025-05-14,CM,BSE,STK,543318,INE227W01023,CLEAN,A,,,,,Clean Science and Technology L,1263.6,1275.95,1243.6,1263.05,1258.9,1248.0,,1263.1,,,2765,3489658.0,367,F1,1,,,,,,2025-05-14
2025-05-14,2025-05-14,CM,BSE,STK,543320,INE758T01015,ETERNAL,A,,,,,Eternal Limited,232.5,237.35,232.1,236.8,236.8,231.75,,236.86,,,1732601,407774422.0,16749,F1,1,,,,,,2025-05-14
2025-05-14,2025-05-14,CM,BSE,STK,543321,INE0GK401011,TATVA,B,,,,,Tatva Chintan Pharma Chem Limi,767.45,771.8,761.45,765.3,765.3,764.2,,764.65,,,654,501886.0,120,F1,1,,,,,,2025-05-14
2025-05-14,2025-05-14,CM,BSE,STK,543322,INE03Q201024,ALIVUS,A,,,,,ALIVUS LIFE SCIENCES LIMITED,1139.95,1188.4,1139.95,1180.6,1180.6,1135.05,,1180.9,,,11867,13901479.0,912,F1,1,,,,,,2025-05-14
2025-05-14,2025-05-14,CM,BSE,STK,543323,INF769K01HI8,BFSI,B,,,,,Mirae Asset Mutual Fund,27.02,27.52,26.75,26.91,26.91,26.89,,26.82,,,22325,601971.0,142,F1,1,,,,,,2025-05-14
2025-05-14,2025-05-14,CM,BSE,STK,543324,INE199P01028,GCSL,M,,,,,Gretex Corporate Services Limi,295.0,295.0,295.0,295.0,295.0,295.0,,295.0,,,2295,677025.0,3,F1,765,,,,,,2025-05-14
2025-05-14,2025-05-14,CM,BSE,STK,543325,INE645S01016,ROLEXRINGS,A,,,,,Rolex Rings Limited,1426.95,1439.8,1388.05,1395.2,1400.0,1395.0,,1396.1,,,3576,5047171.0,570,F1,1,,,,,,2025-05-14
2025-05-14,2025-05-14,CM,BSE,STK,543326,INF109KC19V3,FMCGIETF,B,,,,,ICICI Prudential Mutual Fund,59.75,59.85,59.25,59.59,59.7,59.62,,59.61,,,76875,4580871.0,952,F1,1,,,,,,2025-05-14
2025-05-14,2025-05-14,CM,BSE,STK,543327,INE0GFE01026,EXXARO,B,,,,,Exxaro Tiles Limited,6.44,6.44,6.32,6.4,6.4,6.23,,6.41,,,55970,356709.0,362,F1,1,,,,,,2025-05-14
2025-05-14,2025-05-14,CM,BSE,STK,543328,INE08LI01020,KRSNAA,B,,,,,Krsnaa Diagnostics Limited,688.0,697.1,683.0,688.6,685.95,684.5,,686.95,,,12963,8950651.0,950,F1,1,,,,,,2025-05-14
2025-05-14,2025-05-14,CM,BSE,STK,543329,INE0H5O01029,WINDLAS,B,,,,,Windlas Biotech Limited,999.0,1012.25,985.6,1004.65,995.1,999.0,,1004.45,,,1297,1296277.0,234,F1,1,,,,,,2025-05-14
2025-05-14,2025-05-14,CM,BSE,STK,543330,INE872J01023,DEVYANI,A,,,,,Devyani International Limited,175.4,178.5,172.9,174.1,174.3,175.4,,174.04,,,29668,5202320.0,662,F1,1,,,,,,2025-05-14
2025-05-14,2025-05-14,CM,BSE,STK,543331,INE0CT101020,MOL,B,,,,,Meghmani Organics Limited,76.74,79.7,76.0,78.53,78.53,76.62,,78.41,,,194299,15209482.0,1816,F1,1,,,,,,2025-05-14
2025-05-14,2025-05-14,CM,BSE,STK,543332,INE071N01016,EPIGRAL,A,,,,,Epigral Limited,1867.0,1867.0,1809.25,1826.1,1833.2,1847.0,,1820.0,,,1049,1932536.0,187,F1,1,,,,,,2025-05-14
2025-05-14,2025-05-14,CM,BSE,STK,543333,INE290S01011,CARTRADE,A,,,,,CarTrade Tech Limited,1659.95,1696.0,1626.7,1645.85,1646.35,1642.1,,1646.6,,,8854,14687922.0,1004,F1,1,,,,,,2025-05-14
2025-05-14,2025-05-14,CM,BSE,STK,543334,INE118D01016,NUVOCO,A,,,,,Nuvoco Vistas Corporation Limi,340.7,355.35,340.7,352.85,353.7,343.75,,353.1,,,24086,8449002.0,965,F1,1,,,,,,2025-05-14
2025-05-14,2025-05-14,CM,BSE,STK,543335,INE852O01025,APTUS,A,,,,,Aptus Value Housing Finance In,324.45,324.45,316.9,321.8,321.65,320.2,,321.8,,,20243,6503722.0,1090,F1,1,,,,,,2025-05-14
2025-05-14,2025-05-14,CM,BSE,STK,543336,INE488A01050,CHEMPLASTS,A,,,,,Chemplast Sanmar Limited,405.0,415.0,400.0,406.0,409.0,398.6,,406.7,,,29203,11876740.0,429,F1,1,,,,,,2025-05-14
2025-05-14,2025-05-14,CM,BSE,STK,543341,INE647W01014,SHARPLINE,XT,,,,,SHARPLINE BROADCAST LIMITED,9.04,9.25,9.04,9.09,9.09,9.0,,9.09,,,1566,14242.0,13,F1,1,,,,,,2025-05-14
2025-05-14,2025-05-14,CM,BSE,STK,543347,INF846K01Y96,AXISTECETF,B,,,,,Axis Mutual Fund,403.11,405.57,402.8,405.34,405.48,401.93,,406.02,,,627,254204.0,8,F1,1,,,,,,2025-05-14
2025-05-14,2025-05-14,CM,BSE,STK,543349,INE00FF01025,AMIORG,A,,,,,Ami Organics Limited,1180.2,1180.2,1148.5,1156.4,1160.0,1174.4,,1155.7,,,21046,24533672.0,2125,F1,1,,,,,,2025-05-14
2025-05-14,2025-05-14,CM,BSE,STK,543350,INE043W01024,VIJAYA,A,,,,,Vijaya Diagnostic Centre Limit,981.8,981.8,925.35,931.8,931.8,970.0,,931.1,,,24001,22680316.0,2136,F1,1,,,,,,2025-05-14
2025-05-14,2025-05-14,CM,BSE,STK,543357,INF846K016C7,AXISCETF,B,,,,,Axis Mutual Fund,116.62,117.2,116.62,117.2,117.2,116.28,,117.28,,,1350,157466.0,2,F1,1,,,,,,2025-05-14
2025-05-14,2025-05-14,CM,BSE,STK,543358,INE953O01021,SANSERA,A,,,,,Sansera Engineering Limited,1180.05,1235.65,1180.05,1229.15,1219.0,1182.3,,1230.2,,,12252,14877321.0,1306,F1,1,,,,,,2025-05-14
2025-05-14,2025-05-14,CM,BSE,STK,543363,INE0GAO01018,PREVEST,M,,,,,Prevest Denpro Limited,494.0,494.0,474.1,483.25,478.0,494.0,,483.25,,,4400,2112280.0,20,F1,200,,,,,,2025-05-14
2025-05-14,2025-05-14,CM,BSE,STK,543364,INE0FW001016,MARKOLINES,M,,,,,Markolines Pavement Technologi,155.0,157.95,152.45,157.85,157.95,156.85,,157.85,,,88800,13965080.0,27,F1,800,,,,,,2025-05-14
2025-05-14,2025-05-14,CM,BSE,STK,543365,INF769K01HP3,MASPTOP50,B,,,,,Mirae Asset Mutual Fund,54.5,55.69,53.72,55.03,55.12,53.6,,54.94,,,27749,1520583.0,425,F1,1,,,,,,2025-05-14
2025-05-14,2025-05-14,CM,BSE,STK,543367,INE045601015,PARAS,A,,,,,Paras Defence and Space Techno,1429.35,1548.8,1416.15,1468.2,1477.0,1418.7,,1467.7,,,206238,306802944.0,8064,F1,1,,,,,,2025-05-14
2025-05-14,2025-05-14,CM,BSE,STK,543373,INE0HLJ01013,SVRL,M,,,,,Shri Venkatesh Refineries Limi,212.0,212.0,206.0,206.0,206.0,205.1,,206.0,,,3500,732225.0,7,F1,500,,,,,,2025-05-14
2025-05-14,2025-05-14,CM,BSE,STK,543374,INE404A01024,ABSLAMC,A,,,,,Aditya Birla Sun Life AMC Limi,675.05,695.6,670.05,682.7,686.0,673.5,,682.6,,,11419,7789306.0,827,F1,1,,,,,,2025-05-14
2025-05-14,2025-05-14,CM,BSE,STK,543375,INE0I2F01015,PROMAX,MT,,,,,Promax Power Limited,34.13,34.13,34.13,34.13,34.13,32.51,,34.13,,,2500,85325.0,1,F1,2500,,,,,,2025-05-14
2025-05-14,2025-05-14,CM,BSE,STK,543376,INE0GD201014,SAMOR,B,,,,,Samor Reality Limited,76.8,76.8,75.0,75.0,75.0,73.17,,75.0,,,103,7897.0,9,F1,1,,,,,,2025-05-14
2025-05-14,2025-05-14,CM,BSE,STK,543383,INF109KC1V42,CONSUMIETF,B,,,,,ICICI Prudential Mutual Fund,117.03,117.69,116.85,117.25,117.25,117.13,,117.39,,,2416,283289.0,96,F1,1,,,,,,2025-05-14
2025-05-14,2025-05-14,CM,BSE,STK,543384,INE388Y01029,NYKAA,A,,,,,FSN E-Commerce Ventures Limite,200.35,204.35,196.55,197.55,197.55,197.55,,197.35,,,283649,56675200.0,3957,F1,1,,,,,,2025-05-14
2025-05-14,2025-05-14,CM,BSE,STK,543385,INE0H7R23014,NHIT,IF,,,,,National Highways Infra Trust,133.75,133.75,133.75,133.75,133.75,134.95,,133.75,,,1550000,207312500.0,10,F1,25000,,,,,,2025-05-14
2025-05-14,2025-05-14,CM,BSE,STK,543386,INE02NC01014,FINOPB,B,,,,,Fino Payments Bank Limited,248.75,249.95,246.75,249.5,249.5,246.15,,249.23,,,18769,4662483.0,497,F1,1,,,,,,2025-05-14
2025-05-14,2025-05-14,CM,BSE,STK,543387,INE284S01014,SJS,B,,,,,S.J.S. Enterprises Limited,1096.95,1113.0,1076.3,1106.1,1106.1,1079.45,,1106.75,,,14976,16402525.0,1635,F1,1,,,,,,2025-05-14
2025-05-14,2025-05-14,CM,BSE,STK,543388,INF740KA1QK2,EQUAL50ADD,B,,,,,DSP Mutual Fund,315.5,317.99,314.5,317.54,317.6,315.97,,317.16,,,397,125749.0,17,F1,1,,,,,,2025-05-14
2025-05-14,2025-05-14,CM,BSE,STK,543389,INE0D0K01022,SIGACHI,B,,,,,Sigachi Industries Limited,44.09,44.33,43.3,44.19,44.27,43.37,,44.16,,,41952,1837156.0,322,F1,1,,,,,,2025-05-14
2025-05-14,2025-05-14,CM,BSE,STK,543390,INE417T01026,POLICYBZR,A,,,,,PB Fintech Limited,1720.15,1760.4,1705.65,1754.35,1754.35,1716.15,,1754.9,,,21378,37307187.0,2592,F1,1,,,,,,2025-05-14
2025-05-14,2025-05-14,CM,BSE,STK,543391,INE07GA01011,SGFRL,MT,,,,,Suyog Gurbaxani Funicular Rope,137.1,139.9,135.5,139.9,139.9,142.0,,139.9,,,9000,1234537.0,9,F1,750,,,,,,2025-05-14
2025-05-14,2025-05-14,CM,BSE,STK,543396,INE982J01020,PAYTM,A,,,,,One 97 Communications Limited,838.9,855.1,829.15,850.75,850.75,856.55,,850.7,,,572156,482123634.0,13121,F1,1,,,,,,2025-05-14
2025-05-14,2025-05-14,CM,BSE,STK,543397,INE806T01020,SAPPHIRE,A,,,,,Sapphire Foods India Limited,306.9,309.8,304.2,306.85,308.7,304.4,,306.0,,,6556,2010819.0,311,F1,1,,,,,,2025-05-14
2025-05-14,2025-05-14,CM,BSE,STK,543398,INE0I7C01011,LATENTVIEW,A,,,,,Latent View Analytics Limited,423.55,425.1,416.05,420.2,419.0,422.6,,420.2,,,20518,8619911.0,1000,F1,1,,,,,,2025-05-14
2025-05-14,2025-05-14,CM,BSE,STK,543399,INE144Z01023,TARSONS,B,,,,,Tarsons Products Limited,385.65,396.0,385.0,388.75,389.85,392.45,,388.65,,,5988,2338163.0,446,F1,1,,,,,,2025-05-14
2025-05-14,2025-05-14,CM,BSE,STK,543400,INE0JFE01012,OMNIPOTENT,M,,,,,Omnipotent Industries Limited,13.76,13.76,12.46,12.46,12.46,13.11,,12.46,,,92000,1211440.0,37,F1,2000,,,,,,2025-05-14
2025-05-14,2025-05-14,CM,BSE,STK,543401,INE0BJS01011,GOCOLORS,A,,,,,Go Fashion (India) Limited,861.05,891.25,860.0,875.4,875.4,879.8,,878.3,,,5974,5250923.0,624,F1,1,,,,,,2025-05-14
2025-05-14,2025-05-14,CM,BSE,STK,543410,INE07L501010,DMR,M,,,,,DMR Hydroengineering & Infrast,121.15,121.2,121.15,121.2,121.2,121.1,,121.2,,,3750,454425.0,4,F1,750,,,,,,2025-05-14
2025-05-14,2025-05-14,CM,BSE,STK,543411,INE106T01025,HITECH,B,,,,,HI-TECH PIPES LIMITED,94.68,95.69,93.6,93.98,94.0,93.53,,93.94,,,52900,4999702.0,738,F1,1,,,,,,2025-05-14
2025-05-14,2025-05-14,CM,BSE,STK,543412,INE575P01011,STARHEALTH,A,,,,,Star Health and Allied Insuran,391.5,407.5,385.3,403.2,403.2,391.45,,403.6,,,93831,37503491.0,3054,F1,1,,,,,,2025-05-14
2025-05-14,2025-05-14,CM,BSE,STK,543413,INE011K01018,TEGA,A,,,,,Tega Industries Limited,1376.35,1496.6,1368.0,1476.0,1473.8,1376.3,,1475.2,,,8425,12242725.0,1559,F1,1,,,,,,2025-05-14
2025-05-14,2025-05-14,CM,BSE,STK,543414,INF769K01HS7,MAHKTECH,B,,,,,Mirae Asset Mutual Fund,22.82,23.52,22.78,23.38,23.35,22.69,,23.37,,,274837,6402496.0,1140,F1,1,,,,,,2025-05-14
2025-05-14,2025-05-14,CM,BSE,STK,543415,INE463V01026,ANANDRATHI,A,,,,,Anand Rathi Wealth Limited,1781.0,1791.0,1763.25,1788.5,1791.0,1756.6,,1787.7,,,1956,3476966.0,211,F1,1,,,,,,2025-05-14
2025-05-14,2025-05-14,CM,BSE,STK,543416,INE761Y01019,ZODIAC,B,,,,,Zodiac Energy Limited,392.85,424.95,382.1,417.75,423.0,389.0,,416.9,,,9362,3780887.0,1003,F1,1,,,,,,2025-05-14
2025-05-14,2025-05-14,CM,BSE,STK,543417,INE0CLI01024,RATEGAIN,A,,,,,RateGain Travel Technologies L,475.05,485.1,471.1,481.7,482.2,473.75,,481.45,,,7820,3746701.0,459,F1,1,,,,,,2025-05-14
2025-05-14,2025-05-14,CM,BSE,STK,543419,INE217L01019,SHRIRAMPPS,A,,,,,Shriram Properties Limited,81.0,83.0,81.0,82.7,82.9,81.75,,82.66,,,53884,4432866.0,882,F1,1,,,,,,2025-05-14
2025-05-14,2025-05-14,CM,BSE,STK,543420,INE982V01025,JETFREIGHT,B,,,,,Jet Freight Logistics Limited,14.58,14.61,13.96,14.61,14.61,13.92,,14.55,,,35190,512010.0,105,F1,1,,,,,,2025-05-14
2025-05-14,2025-05-14,CM,BSE,STK,543425,INE0BV301023,MAPMYINDIA,A,,,,,C.E. Info Systems Limited,2075.0,2106.75,2027.05,2044.55,2044.55,2073.5,,2040.6,,,6145,12728237.0,902,F1,1,,,,,,2025-05-14
2025-05-14,2025-05-14,CM,BSE,STK,543426,INE317I01021,METROBRAND,A,,,,,Metro Brands Limited,1133.45,1150.0,1121.45,1144.0,1146.5,1136.9,,1143.3,,,2401,2730338.0,280,F1,1,,,,,,2025-05-14
2025-05-14,2025-05-14,CM,BSE,STK,543427,INE804L01022,MEDPLUS,A,,,,,Medplus Health Services Limite,818.05,840.0,813.0,820.2,816.0,831.5,,820.35,,,5020,4173206.0,508,F1,1,,,,,,2025-05-14
2025-05-14,2025-05-14,CM,BSE,STK,543428,INE0IX101010,DATAPATTNS,A,,,,,Data Patterns (India) Limited,2539.9,2641.95,2500.85,2542.25,2557.0,2484.15,,2538.5,,,76015,195422923.0,5621,F1,1,,,,,,2025-05-14
2025-05-14,2025-05-14,CM,BSE,STK,543433,INE0GSL01024,HPAL,B,,,,,HP Adhesives Limited,54.0,54.0,52.0,52.45,52.33,53.37,,52.37,,,26913,1412814.0,1312,F1,1,,,,,,2025-05-14
2025-05-14,2025-05-14,CM,BSE,STK,543434,INE07RO01027,SUPRIYA,B,,,,,Supriya Lifescience Limited,671.65,688.5,670.0,686.0,686.75,663.25,,686.05,,,5921,4027847.0,364,F1,1,,,,,,2025-05-14
2025-05-14,2025-05-14,CM,BSE,STK,543435,INE0JJS01014,CLARA,M,,,,,CLARA INDUSTRIES LIMITED,30.93,30.93,30.93,30.93,30.93,30.93,,30.93,,,4150,128359.0,1,F1,4150,,,,,,2025-05-14
2025-05-14,2025-05-14,CM,BSE,STK,543437,INF247L01AU3,MONQ50,B,,,,,Motilal Oswal Mutual Fund,72.44,72.77,72.15,72.67,72.55,72.12,,72.67,,,27309,1982278.0,623,F1,1,,,,,,2025-05-14
2025-05-14,2025-05-14,CM,BSE,STK,543440,INF740KA1CL0,NIFTY50ADD,B,,,,,DSP Mutual Fund,256.13,256.78,254.6,254.78,254.82,254.86,,254.94,,,742,189636.0,40,F1,1,,,,,,2025-05-14
2025-05-14,2025-05-14,CM,BSE,STK,543441,INE925R01014,CMSINFO,A,,,,,CMS Info Systems Limited,455.8,476.65,447.0,468.8,471.7,451.25,,468.9,,,46697,21778304.0,2382,F1,1,,,,,,2025-05-14
2025-05-14,2025-05-14,CM,BSE,STK,543442,INE977Y01011,BCONCEPTS,B,,,,,Brand Concepts Limited,362.75,370.8,361.9,364.3,363.0,356.25,,364.5,,,186,67831.0,17,F1,1,,,,,,2025-05-14
2025-05-14,2025-05-14,CM,BSE,STK,543443,INE0E4I01027,ASCENSIVE,TS,,,,,Ascensive Educare Limited,19.21,19.21,19.21,19.21,19.21,19.6,,19.21,,,10000,192100.0,1,F1,10000,,,,,,2025-05-14
2025-05-14,2025-05-14,CM,BSE,STK,543449,INE02WG01024,WEL,B,,,,,WONDER ELECTRICALS LIMITED,169.0,169.05,162.45,164.65,164.4,162.2,,164.24,,,6173,1018161.0,142,F1,1,,,,,,2025-05-14
2025-05-14,2025-05-14,CM,BSE,STK,543450,INF109KC10V2,AUTOIETF,B,,,,,ICICI Prudential Mutual Fund,23.57,23.88,23.51,23.86,23.88,23.69,,23.88,,,65676,1562026.0,858,F1,1,,,,,,2025-05-14
2025-05-14,2025-05-14,CM,BSE,STK,543451,INE583L01014,AGSTRA,T,,,,,AGS TRANSACT TECHNOLOGIES LIMI,4.48,4.48,4.48,4.48,4.48,4.27,,4.44,,,200415,897859.0,92,F1,1,,,,,,2025-05-14
2025-05-14,2025-05-14,CM,BSE,STK,543452,INF109KC1Y56,SILVERIETF,E,,,,,ICICI Prudential Mutual Fund,96.95,97.4,96.4,97.27,97.18,97.62,,97.27,,,37710,3651935.0,324,F1,1,,,,,,2025-05-14
2025-05-14,2025-05-14,CM,BSE,STK,543453,INE0KA601012,ALKOSIGN,MT,,,,,ALKOSIGN LIMITED,94.0,97.0,94.0,97.0,97.0,94.0,,97.0,,,3750,361200.0,4,F1,750,,,,,,2025-05-14
2025-05-14,2025-05-14,CM,BSE,STK,543454,INF769K01IB1,MAKEINDIA,B,,,,,Mirae Asset Mutual Fund,139.38,141.3,139.38,140.82,141.3,139.38,,141.13,,,4192,588152.0,130,F1,1,,,,,,2025-05-14
2025-05-14,2025-05-14,CM,BSE,STK,543458,INE699H01024,AWL,A,,,,,AWL AGRI BUSINESS LIMITED,263.55,270.6,263.55,266.65,266.65,263.1,,266.65,,,156745,41956842.0,2791,F1,1,,,,,,2025-05-14
2025-05-14,2025-05-14,CM,BSE,STK,543462,INE060X01026,DEVIT,B,,,,,DEV INFORMATION TECHNOLOGY LIM,106.4,109.1,106.4,107.05,107.0,105.75,,107.75,,,2401,257971.0,138,F1,1,,,,,,2025-05-14
2025-05-14,2025-05-14,CM,BSE,STK,543463,INE825V01034,MANYAVAR,A,,,,,Vedant Fashions Limited,736.05,751.15,729.0,732.5,732.5,735.3,,732.75,,,22878,16973400.0,1304,F1,1,,,,,,2025-05-14
2025-05-14,2025-05-14,CM,BSE,STK,543464,INE0JSJ01014,SPITZE,MT,,,,,Maruti Interior Products Limit,113.0,113.0,113.0,113.0,113.0,114.95,,113.0,,,1000,113000.0,1,F1,1000,,,,,,2025-05-14
2025-05-14,2025-05-14,CM,BSE,STK,543465,INF247L01BK2,MOMOMENTUM,B,,,,,Motilal Oswal Mutual Fund,61.18,61.36,61.06,61.35,61.35,60.88,,61.42,,,28,1717.0,4,F1,1,,,,,,2025-05-14
2025-05-14,2025-05-14,CM,BSE,STK,543470,INE728Z01015,SOFTTECH,B,,,,,SoftTech Engineers Limited,355.0,360.6,346.9,350.4,354.95,344.3,,350.0,,,761,266519.0,24,F1,1,,,,,,2025-05-14
2025-05-14,2025-05-14,CM,BSE,STK,543471,INF209KB19F6,SILVER,E,,,,,Aditya Birla Sun Life Mutual F,97.35,97.44,96.33,96.9,97.06,97.93,,97.01,,,52706,5107714.0,537,F1,1,,,,,,2025-05-14
2025-05-14,2025-05-14,CM,BSE,STK,543472,INF209KB11D8,TECH,B,,,,,Aditya Birla Sun Life Mutual F,40.75,40.75,39.82,39.98,39.88,39.45,,40.01,,,1426,57020.0,90,F1,1,,,,,,2025-05-14
2025-05-14,2025-05-14,CM,BSE,STK,543473,INF209KB10C2,HEALTHY,B,,,,,Aditya Birla Sun Life Mutual F,14.39,14.39,14.13,14.3,14.3,14.24,,14.28,,,18610,265531.0,167,F1,1,,,,,,2025-05-14
2025-05-14,2025-05-14,CM,BSE,STK,543474,INF209KB19D1,BSLNIFTY,B,,,,,Aditya Birla Sun Life Mutual F,28.34,28.57,28.25,28.41,28.41,28.33,,28.37,,,17327,492512.0,432,F1,1,,,,,,2025-05-14
2025-05-14,2025-05-14,CM,BSE,STK,543481,INF769K01IC9,MIDCAPETF,B,,,,,Mirae Asset Mutual Fund,20.76,20.97,20.76,20.94,20.97,20.74,,20.92,,,91041,1902253.0,239,F1,1,,,,,,2025-05-14
2025-05-14,2025-05-14,CM,BSE,STK,543482,INE0KCE01017,EUREKAFORB,A,,,,,Eureka Forbes Limited,517.1,540.0,517.1,537.1,539.8,515.9,,536.35,,,15722,8340236.0,1523,F1,1,,,,,,2025-05-14
2025-05-14,2025-05-14,CM,BSE,STK,543489,INE079J01017,GATEWAY,A,,,,,Gateway Distriparks Limited,63.68,65.0,63.36,64.41,64.41,63.22,,64.27,,,108480,6976283.0,1287,F1,1,,,,,,2025-05-14
2025-05-14,2025-05-14,CM,BSE,STK,543490,INE0CU601026,GMRP&UI,A,,,,,GMR Power and Urban Infra Limi,115.05,118.95,114.2,117.55,117.5,114.05,,117.38,,,145217,17031871.0,1279,F1,1,,,,,,2025-05-14
2025-05-14,2025-05-14,CM,BSE,STK,543497,INE0KQ001017,BCCL,MT,,,,,Bhatia Colour Chem Limited,308.65,315.0,308.65,311.0,310.0,308.65,,311.0,,,6400,2004080.0,8,F1,800,,,,,,2025-05-14
2025-05-14,2025-05-14,CM,BSE,STK,543498,INE0FS801015,MSUMI,A,,,,,Motherson Sumi Wiring India Li,56.72,57.74,56.51,56.9,56.9,56.76,,56.85,,,314713,17965082.0,3278,F1,1,,,,,,2025-05-14
2025-05-14,2025-05-14,CM,BSE,STK,543499,INE0K1401020,ACHYUT,MT,,,,,Achyut Healthcare Limited,3.4,3.4,3.4,3.4,3.4,3.4,,3.4,,,1323000,4498200.0,11,F1,31500,,,,,,2025-05-14
2025-05-14,2025-05-14,CM,BSE,STK,543500,INE0JVD01011,EVOQ,MT,,,,,Evoq Remedies Limited,3.55,3.55,3.55,3.55,3.55,3.49,,3.55,,,8000,28400.0,1,F1,4000,,,,,,2025-05-14
2025-05-14,2025-05-14,CM,BSE,STK,543501,INF247L01BL0,MOLOWVOL,B,,,,,Motilal Oswal Mutual Fund,37.01,37.01,36.9,36.99,36.99,36.92,,36.97,,,16,590.0,6,F1,1,,,,,,2025-05-14
2025-05-14,2025-05-14,CM,BSE,STK,543512,INE652Z01017,AVROIND,B,,,,,Avro India Limited,175.05,191.95,165.5,171.1,172.95,174.95,,171.75,,,14081,2618624.0,359,F1,1,,,,,,2025-05-14
2025-05-14,2025-05-14,CM,BSE,STK,543513,INE0GIU01018,UMAEXPORTS,B,,,,,Uma Exports Limited,71.75,73.28,71.75,72.71,72.4,72.03,,73.01,,,2683,195133.0,95,F1,1,,,,,,2025-05-14
2025-05-14,2025-05-14,CM,BSE,STK,543514,INE0IQ001011,VERANDA,B,,,,,Veranda Learning Solutions Lim,232.0,232.0,208.0,209.15,210.9,211.6,,209.26,,,4642,984889.0,262,F1,1,,,,,,2025-05-14
2025-05-14,2025-05-14,CM,BSE,STK,543515,INE0KPY01017,SEML,MT,,,,,Sunrise Efficient Marketing Li,215.8,215.8,215.0,215.0,215.0,215.8,,215.0,,,36750,7905450.0,13,F1,750,,,,,,2025-05-14
2025-05-14,2025-05-14,CM,BSE,STK,543516,INE0K5F01014,DHYAANITR,MT,,,,,DHYAANI TRADEVENTTURES LIMITED,13.86,14.14,13.82,14.0,14.0,14.54,,14.0,,,14000,195104.0,5,F1,2800,,,,,,2025-05-14
2025-05-14,2025-05-14,CM,BSE,STK,543517,INE00EV01017,HARIOMPIPE,B,,,,,Hariom Pipe Industries Limited,374.65,380.0,374.4,377.65,378.1,372.15,,378.15,,,30186,11381111.0,1081,F1,1,,,,,,2025-05-14
2025-05-14,2025-05-14,CM,BSE,STK,543520,INE0J2K01014,GLHRL,M,,,,,Global Longlife Hospital and R,22.0,22.0,22.0,22.0,22.0,22.0,,22.0,,,1000,22000.0,1,F1,1000,,,,,,2025-05-14
2025-05-14,2025-05-14,CM,BSE,STK,543522,INE0E5R01017,NVENTURES,MT,,,,,Nanavati Ventures Limited,98.0,98.0,98.0,98.0,98.0,102.15,,98.0,,,3000,294000.0,1,F1,1500,,,,,,2025-05-14
2025-05-14,2025-05-14,CM,BSE,STK,543523,INE278Y01022,CAMPUS,A,,,,,Campus Activewear Limited,248.95,256.35,248.95,254.2,254.5,248.7,,254.28,,,43719,11091402.0,1235,F1,1,,,,,,2025-05-14
2025-05-14,2025-05-14,CM,BSE,STK,543524,INE961O01016,RAINBOW,A,,,,,Rainbow Children's Medicare Li,1350.05,1385.0,1350.0,1379.0,1373.5,1360.35,,1377.9,,,9031,12346929.0,869,F1,1,,,,,,2025-05-14
2025-05-14,2025-05-14,CM,BSE,STK,543525,INE625X01018,SILVERTUC,B,,,,,Silver Touch Technologies Limi,792.2,792.2,745.2,754.55,756.85,746.3,,754.75,,,789,595004.0,132,F1,1,,,,,,2025-05-14
2025-05-14,2025-05-14,CM,BSE,STK,543526,INE0J1Y01017,LICI,A,,,,,LIFE INSURANCE CORPORATION OF,824.75,839.2,820.05,821.9,821.9,826.75,,822.2,,,112598,93292262.0,4923,F1,1,,,,,,2025-05-14
2025-05-14,2025-05-14,CM,BSE,STK,543527,INE00F201020,PRUDENT,A,,,,,Prudent Corporate Advisory Ser,2423.85,2449.0,2397.0,2433.85,2421.1,2436.15,,2432.2,,,488,1180506.0,123,F1,1,,,,,,2025-05-14
2025-05-14,2025-05-14,CM,BSE,STK,543528,INE0JA001018,VENUSPIPES,A,,,,,Venus Pipes & Tubes Limited,1281.0,1302.35,1268.0,1292.6,1298.0,1281.65,,1292.4,,,7341,9475081.0,858,F1,1,,,,,,2025-05-14
2025-05-14,2025-05-14,CM,BSE,STK,543529,INE148O01028,DELHIVERY,A,,,,,Delhivery Limited,320.3,326.5,318.65,323.9,323.55,318.7,,323.95,,,106097,34319253.0,2642,F1,1,,,,,,2025-05-14
2025-05-14,2025-05-14,CM,BSE,STK,543530,INE088F01024,PARADEEP,A,,,,,Paradeep Phosphates Limited,149.9,155.7,147.35,153.25,153.25,147.75,,153.11,,,499367,76524630.0,5206,F1,1,,,,,,2025-05-14
2025-05-14,2025-05-14,CM,BSE,STK,543531,INE05CY01014,TIERRA,X,,,,,Tierra Agrotech Limited,43.5,44.45,43.0,44.2,44.2,43.45,,44.2,,,1835,80420.0,40,F1,1,,,,,,2025-05-14
2025-05-14,2025-05-14,CM,BSE,STK,543532,INE04TZ01018,ETHOSLTD,A,,,,,ETHOS LIMITED,2667.65,2749.0,2647.45,2728.6,2717.05,2659.7,,2729.7,,,1175,3158309.0,244,F1,1,,,,,,2025-05-14
2025-05-14,2025-05-14,CM,BSE,STK,543533,INE01QM01018,EMUDHRA,A,,,,,eMudhra Limited,745.05,753.55,739.4,744.85,743.0,739.95,,744.6,,,9002,6709189.0,713,F1,1,,,,,,2025-05-14
2025-05-14,2025-05-14,CM,BSE,STK,543534,INE0BWX01014,AETHER,A,,,,,Aether Industries Limited,734.9,754.5,734.5,749.0,749.0,766.15,,748.85,,,123068,91349553.0,3889,F1,1,,,,,,2025-05-14
2025-05-14,2025-05-14,CM,BSE,STK,543535,INE082W01014,WEWIN,T,,,,,We Win Limited,40.55,42.39,40.55,42.22,42.39,40.55,,41.44,,,5125,210824.0,12,F1,1,,,,,,2025-05-14
2025-05-14,2025-05-14,CM,BSE,STK,543538,INE0K6L01010,GOEL,MT,,,,,Goel Food Products Limited,17.81,17.81,17.81,17.81,17.81,17.47,,17.81,,,12000,213720.0,4,F1,2000,,,,,,2025-05-14
2025-05-14,2025-05-14,CM,BSE,STK,543539,INE0L0L01012,MODIS,M,,,,,MODI'S NAVNIRMAN LIMITED,242.0,242.05,242.0,242.05,242.05,245.85,,242.05,,,800,193620.0,2,F1,400,,,,,,2025-05-14
2025-05-14,2025-05-14,CM,BSE,STK,543540,INE0GTX01019,PGCRL,MT,,,,,Pearl Green Clubs and Resorts,108.2,108.2,104.15,104.15,104.15,106.25,,104.15,,,1200,127410.0,2,F1,600,,,,,,2025-05-14
2025-05-14,2025-05-14,CM,BSE,STK,543542,INE0L1C01019,KESAR,M,,,,,KESAR INDIA LIMITED,682.4,682.4,640.0,649.35,650.0,650.0,,649.35,,,17200,11223920.0,42,F1,200,,,,,,2025-05-14
2025-05-14,2025-05-14,CM,BSE,STK,543544,INE0KR801019,JAYANT,MT,,,,,JAYANT INFRATECH LIMITED,82.58,82.58,79.4,82.58,82.58,80.97,,82.58,,,6000,484905.0,8,F1,750,,,,,,2025-05-14
2025-05-14,2025-05-14,CM,BSE,STK,543545,INE0ID001024,VEERKRUPA,M,,,,,Veerkrupa Jewellers Limited,1.03,1.06,1.03,1.06,1.06,1.05,,1.06,,,50100,52605.0,3,F1,16700,,,,,,2025-05-14
2025-05-14,2025-05-14,CM,BSE,STK,543546,INE0L3501015,HEALTHYLIFE,MT,,,,,HEALTHY LIFE AGRITEC LIMITED,64.78,64.78,64.78,64.78,64.78,66.1,,64.78,,,74000,4793720.0,9,F1,2000,,,,,,2025-05-14
2025-05-14,2025-05-14,CM,BSE,STK,543547,INE0HR601026,DDEVPLSTIK,B,,,,,DDEV PLASTIKS INDUSTRIES LIMIT,276.45,290.0,273.5,286.15,290.0,273.3,,287.4,,,19377,5482426.0,1494,F1,1,,,,,,2025-05-14
2025-05-14,2025-05-14,CM,BSE,STK,543563,INF247L01BB1,MOHEALTH,B,,,,,Motilal Oswal Mutual Fund,42.11,43.08,42.11,42.62,42.68,42.41,,42.63,,,3923,167296.0,45,F1,1,,,,,,2025-05-14
2025-05-14,2025-05-14,CM,BSE,STK,543568,INF109KC17C7,MOM30IETF,B,,,,,ICICI Prudential Mutual Fund,30.55,30.79,30.4,30.74,30.74,30.47,,30.76,,,130880,4016815.0,737,F1,1,,,,,,2025-05-14
2025-05-14,2025-05-14,CM,BSE,STK,543569,INF179KC1HR4,HDFCNIF100,B,,,,,HDFC Mutual Fund,25.85,25.91,25.6,25.75,25.75,25.85,,25.76,,,6952,179101.0,65,F1,1,,,,,,2025-05-14
2025-05-14,2025-05-14,CM,BSE,STK,543570,INF179KC1HS2,HDFCNEXT50,B,,,,,HDFC Mutual Fund,66.4,66.6,66.05,66.39,66.49,65.94,,66.18,,,7821,519645.0,135,F1,1,,,,,,2025-05-14
2025-05-14,2025-05-14,CM,BSE,STK,543571,INF109KC16E5,INFRAIETF,B,,,,,ICICI Prudential Mutual Fund,91.2,91.8,90.82,91.15,91.15,90.78,,91.25,,,2224,202832.0,56,F1,1,,,,,,2025-05-14
2025-05-14,2025-05-14,CM,BSE,STK,543572,INF740KA1RE3,SILVERADD,E,,,,,DSP Mutual Fund,93.27,94.08,93.15,93.69,93.44,94.08,,93.51,,,332,30993.0,16,F1,1,,,,,,2025-05-14
2025-05-14,2025-05-14,CM,BSE,STK,543573,INE0DYJ01015,SYRMA,A,,,,,Syrma SGS Technology Limited,560.8,567.0,524.5,525.85,525.85,565.05,,526.0,,,402700,216298574.0,10648,F1,1,,,,,,2025-05-14
2025-05-14,2025-05-14,CM,BSE,STK,543574,INF209KB15K4,NIFTYQLITY,B,,,,,Aditya Birla Sun Life Mutual F,20.85,20.94,20.79,20.91,20.9,20.81,,20.87,,,1814,37817.0,40,F1,1,,,,,,2025-05-14
2025-05-14,2025-05-14,CM,BSE,STK,543575,INF209KB14K7,MOMENTUM,B,,,,,Aditya Birla Sun Life Mutual F,30.55,30.88,30.55,30.68,30.71,30.26,,30.62,,,1849,56837.0,39,F1,1,,,,,,2025-05-14
2025-05-14,2025-05-14,CM,BSE,STK,543576,INF247L01BE5,MOVALUE,B,,,,,Motilal Oswal Mutual Fund,99.0,100.41,98.74,99.99,100.05,99.33,,99.96,,,7136,711966.0,121,F1,1,,,,,,2025-05-14
2025-05-14,2025-05-14,CM,BSE,STK,543578,INE0M3901015,OLATECH,MT,,,,,Olatech Solutions Limited,293.05,293.05,292.45,292.45,292.45,298.4,,292.45,,,1850,541587.0,2,F1,925,,,,,,2025-05-14
2025-05-14,2025-05-14,CM,BSE,STK,543579,INE0JNB01012,NATURO,MT,,,,,NATURO INDIABULL LIMITED,3.55,3.55,3.44,3.54,3.54,3.51,,3.54,,,12000,42120.0,3,F1,4000,,,,,,2025-05-14
2025-05-14,2025-05-14,CM,BSE,STK,543590,INE0KKN01029,RHETAN,B,,,,,Rhetan TMT Limited,17.39,17.39,17.02,17.07,17.07,17.07,,17.07,,,257571,4416877.0,840,F1,1,,,,,,2025-05-14
2025-05-14,2025-05-14,CM,BSE,STK,543591,INE0JS101016,DREAMFOLKS,B,,,,,DREAMFOLKS SERVICES LIMITED,251.35,261.9,249.4,259.95,259.95,249.6,,259.46,,,45431,11605901.0,1533,F1,1,,,,,,2025-05-14
2025-05-14,2025-05-14,CM,BSE,STK,543592,INF179KC1DI2,HDFCSILVER,E,,,,,HDFC Mutual Fund,94.08,94.13,92.16,93.5,93.74,94.56,,93.64,,,59095,5507443.0,595,F1,1,,,,,,2025-05-14
2025-05-14,2025-05-14,CM,BSE,STK,543593,INE0I3401014,DBOL,T,,,,,Dhampur Bio Organics Limited,72.5,73.85,72.5,73.5,73.5,71.86,,73.61,,,3086,226411.0,38,F1,1,,,,,,2025-05-14
2025-05-14,2025-05-14,CM,BSE,STK,543594,INE0MC401013,DPL,MT,,,,,DIPNA PHARMACHEM LIMITED,23.79,23.99,22.86,23.85,23.85,23.02,,23.85,,,186000,4363950.0,38,F1,3000,,,,,,2025-05-14
2025-05-14,2025-05-14,CM,BSE,STK,543595,INE0D2I01014,EPBIO,MT,,,,,EP BIOCOMPOSITES LIMITED,123.5,123.5,123.5,123.5,123.5,130.0,,123.5,,,500,61750.0,1,F1,500,,,,,,2025-05-14
2025-05-14,2025-05-14,CM,BSE,STK,543596,INE668A01016,TMB,A,,,,,Tamilnad Mercantile Bank Limit,448.75,449.95,445.05,447.05,448.0,448.2,,447.35,,,9863,4415939.0,426,F1,1,,,,,,2025-05-14
2025-05-14,2025-05-14,CM,BSE,STK,543597,INE0I0T01010,VOEPL,MT,,,,,Virtuoso Optoelectronics Limit,560.0,560.0,541.0,546.1,547.0,559.2,,546.1,,,15750,8638612.0,36,F1,250,,,,,,2025-05-14
2025-05-14,2025-05-14,CM,BSE,STK,543599,INE0D6I01023,KSOLVES,B,,,,,Ksolves India Limited,340.0,345.0,335.05,337.45,337.5,339.05,,337.45,,,13274,4488385.0,764,F1,1,,,,,,2025-05-14
2025-05-14,2025-05-14,CM,BSE,STK,543600,INE0JUS01029,HARSHA,B,,,,,Harsha Engineers International,375.95,376.0,371.75,374.6,376.0,372.4,,374.8,,,6713,2511416.0,468,F1,1,,,,,,2025-05-14
2025-05-14,2025-05-14,CM,BSE,STK,543605,INF179KC1DL6,HDFCQUAL,B,,,,,HDFC Mutual Fund,56.28,56.84,55.95,56.81,56.75,56.06,,56.42,,,636,36023.0,16,F1,1,,,,,,2025-05-14
2025-05-14,2025-05-14,CM,BSE,STK,543606,INE0M8901010,CONTAINE,M,,,,,CONTAINE TECHNOLOGIES LIMITED,59.3,59.3,54.88,54.88,54.88,57.76,,54.88,,,15000,834120.0,13,F1,1000,,,,,,2025-05-14
2025-05-14,2025-05-14,CM,BSE,STK,543607,INF179KC1DJ0,HDFCGROWTH,B,,,,,HDFC Mutual Fund,117.47,117.6,116.78,117.51,117.6,116.63,,117.31,,,605,71027.0,23,F1,1,,,,,,2025-05-14
2025-05-14,2025-05-14,CM,BSE,STK,543608,INF179KC1DK8,HDFCVALUE,B,,,,,HDFC Mutual Fund,133.92,135.0,132.51,133.49,133.49,133.1,,133.6,,,275,36680.0,15,F1,1,,,,,,2025-05-14
2025-05-14,2025-05-14,CM,BSE,STK,543613,INE0KQQ01011,MAFIA,M,,,,,MAFIA TRENDS LIMITED,12.56,12.56,12.56,12.56,12.56,11.97,,12.56,,,12000,150720.0,3,F1,4000,,,,,,2025-05-14
2025-05-14,2025-05-14,CM,BSE,STK,543614,INE0LQS01015,TIPSFILMS,B,,,,,Tips Films Limited,528.8,535.3,518.0,521.85,525.55,532.4,,518.5,,,247,129077.0,96,F1,1,,,,,,2025-05-14
2025-05-14,2025-05-14,CM,BSE,STK,543615,INE0MNV01014,SRSOLTD,M,,,,,SILICON RENTAL SOLUTIONS LIMIT,214.8,214.8,214.8,214.8,214.8,210.8,,214.8,,,800,171840.0,1,F1,800,,,,,,2025-05-14
2025-05-14,2025-05-14,CM,BSE,STK,543616,INE0MKA01014,TLL,M,,,,,Trident Lifeline Limited,278.15,294.0,278.15,291.0,291.0,278.0,,291.0,,,4200,1215390.0,7,F1,600,,,,,,2025-05-14
2025-05-14,2025-05-14,CM,BSE,STK,543619,INE0N0J01014,CNCRD,MT,,,,,Concord Control Systems Limite,1237.05,1237.05,1237.05,1237.05,1237.05,1212.8,,1237.05,,,1250,1546312.0,9,F1,125,,,,,,2025-05-14
2025-05-14,2025-05-14,CM,BSE,STK,543620,INE0LGX01024,INA,M,,,,,INSOLATION ENERGY LIMITED,250.25,259.9,248.0,257.85,257.0,250.0,,257.85,,,291500,74687275.0,385,F1,500,,,,,,2025-05-14
2025-05-14,2025-05-14,CM,BSE,STK,543622,INE0MSK01016,STML,M,,,,,STEELMAN TELECOM LIMITED,151.95,151.95,151.95,151.95,151.95,147.0,,151.95,,,1200,182340.0,1,F1,1200,,,,,,2025-05-14
2025-05-14,2025-05-14,CM,BSE,STK,543623,INE0NC801013,VEDANTASSET,MT,,,,,VEDANT ASSET LIMITED,52.37,52.37,47.61,47.61,47.61,49.88,,47.61,,,9000,442455.0,6,F1,1500,,,,,,2025-05-14
2025-05-14,2025-05-14,CM,BSE,STK,543626,INE02YR01019,EMIL,A,,,,,Electronics Mart India Limited,135.0,135.0,132.0,133.5,134.0,132.45,,132.88,,,25677,3416678.0,359,F1,1,,,,,,2025-05-14
2025-05-14,2025-05-14,CM,BSE,STK,543627,INF179KC1HU8,HDFCLOWVOL,B,,,,,HDFC Mutual Fund,20.16,20.32,19.82,19.91,19.82,19.92,,19.86,,,915,18223.0,18,F1,1,,,,,,2025-05-14
2025-05-14,2025-05-14,CM,BSE,STK,543628,INF179KC1HV6,HDFCMOMENT,B,,,,,HDFC Mutual Fund,30.52,30.64,30.35,30.59,30.46,30.31,,30.56,,,21866,668048.0,154,F1,1,,,,,,2025-05-14
2025-05-14,2025-05-14,CM,BSE,STK,543635,INE0DK501011,PPLPHARMA,A,,,,,PIRAMAL PHARMA LIMITED,215.7,219.95,214.4,219.0,219.0,214.9,,219.04,,,186054,40490412.0,2629,F1,1,,,,,,2025-05-14
2025-05-14,2025-05-14,CM,BSE,STK,543636,INE0A1101019,DCI,B,,,,,Dc Infotech and Communication,289.8,295.0,276.0,288.45,289.0,275.0,,288.65,,,3569,1017562.0,246,F1,1,,,,,,2025-05-14
2025-05-14,2025-05-14,CM,BSE,STK,543637,INE0N1L01018,PACE,MT,,,,,PACE E-COMMERCE VENTURES LIMIT,25.37,25.71,25.37,25.7,25.71,24.49,,25.7,,,9600,244836.0,8,F1,1200,,,,,,2025-05-14
2025-05-14,2025-05-14,CM,BSE,STK,543638,INE0HMF01019,TRACXN,B,,,,,Tracxn Technologies Limited,57.32,58.55,57.32,58.29,58.17,57.32,,58.27,,,20871,1214063.0,534,F1,1,,,,,,2025-05-14
2025-05-14,2025-05-14,CM,BSE,STK,543643,INE117Z01011,NARMADA,B,,,,,Narmada Agrobase Limited,17.03,17.03,16.7,16.98,17.0,16.29,,16.82,,,4441,74645.0,34,F1,1,,,,,,2025-05-14
2025-05-14,2025-05-14,CM,BSE,STK,543644,INE344S01016,INFOBEAN,B,,,,,InfoBeans Technologies Limited,355.05,370.0,348.2,366.4,366.4,352.55,,366.8,,,7773,2800446.0,871,F1,1,,,,,,2025-05-14
2025-05-14,2025-05-14,CM,BSE,STK,543645,INE05X901010,HPIL,B,,,,,HINDPRAKASH INDUSTRIES LIMITED,129.8,129.8,125.0,126.95,126.95,129.9,,126.95,,,273,34669.0,7,F1,1,,,,,,2025-05-14
2025-05-14,2025-05-14,CM,BSE,STK,543650,INE0KL801015,DCXINDIA,A,,,,,DCX Systems Limited,310.35,331.0,310.35,329.55,329.55,305.55,,329.35,,,192690,62706254.0,4279,F1,1,,,,,,2025-05-14
2025-05-14,2025-05-14,CM,BSE,STK,543651,INE975Z01012,DAPS,M,,,,,DAPS ADVERTISING LIMITED,17.75,17.75,17.5,17.5,17.5,18.9,,17.5,,,20000,352000.0,2,F1,4000,,,,,,2025-05-14
2025-05-14,2025-05-14,CM,BSE,STK,543652,INE139R01012,FUSION,A,,,,,FUSION FINANCE LIMITED,171.45,187.3,170.0,185.3,185.3,170.6,,185.1,,,194001,35033621.0,4189,F1,1,,,,,,2025-05-14
2025-05-14,2025-05-14,CM,BSE,STK,543653,INE00E101023,BIKAJI,A,,,,,Bikaji Foods International Lim,685.1,707.0,685.1,705.2,706.2,690.65,,705.75,,,17395,12217434.0,833,F1,1,,,,,,2025-05-14
2025-05-14,2025-05-14,CM,BSE,STK,543654,INE474Q01031,MEDANTA,A,,,,,Global Health Limited,1225.05,1251.5,1225.05,1241.8,1240.9,1240.2,,1242.9,,,3280,4079498.0,364,F1,1,,,,,,2025-05-14
2025-05-14,2025-05-14,CM,BSE,STK,543657,INE128X01021,ACI,A,,,,,Archean Chemical Industries Li,608.8,611.55,593.1,605.45,610.0,607.7,,606.35,,,12537,7536681.0,506,F1,1,,,,,,2025-05-14
2025-05-14,2025-05-14,CM,BSE,STK,543663,INE128S01021,FIVESTAR,A,,,,,Five-Star Business Finance Ltd,687.4,690.2,676.0,681.1,681.0,687.35,,681.25,,,32368,22008263.0,1833,F1,1,,,,,,2025-05-14
2025-05-14,2025-05-14,CM,BSE,STK,543664,INE918Z01012,KAYNES,A,,,,,KAYNES TECHNOLOGY INDIA LIMITE,6317.95,6377.2,6195.05,6321.1,6321.1,6286.5,,6322.5,,,38463,242166862.0,5846,F1,1,,,,,,2025-05-14
2025-05-14,2025-05-14,CM,BSE,STK,543665,INF179KC1IA8,HDFCNIFIT,B,,,,,HDFC Mutual Fund,39.34,39.98,39.09,39.2,39.09,38.91,,39.27,,,9105,362122.0,18,F1,1,,,,,,2025-05-14
2025-05-14,2025-05-14,CM,BSE,STK,543666,INF179KC1HZ7,HDFCPVTBAN,B,,,,,HDFC Mutual Fund,27.88,27.88,27.58,27.64,27.64,27.73,,27.59,,,2115,58540.0,19,F1,1,,,,,,2025-05-14
2025-05-14,2025-05-14,CM,BSE,STK,543667,INE510W01014,INOXGREEN,A,,,,,INOX GREEN ENERGY SERVICES LIM,144.55,151.9,143.25,147.25,147.5,144.35,,147.17,,,199200,29599178.0,2547,F1,1,,,,,,2025-05-14
2025-05-14,2025-05-14,CM,BSE,STK,543668,INE01EE01011,BBTCL,B,,,,,B&B Triplewall Containers Limi,158.5,164.8,158.5,160.55,160.55,160.4,,164.68,,,1635,267311.0,143,F1,1,,,,,,2025-05-14
2025-05-14,2025-05-14,CM,BSE,STK,543669,INE263M01029,RUSTOMJEE,B,,,,,Keystone Realtors Limited,523.85,559.4,519.2,523.4,524.85,516.25,,524.45,,,6912,3674284.0,561,F1,1,,,,,,2025-05-14
2025-05-14,2025-05-14,CM,BSE,STK,543670,INE01KI01027,VINNY,T,,,,,VINNY OVERSEAS LIMITED,1.5,1.52,1.45,1.52,1.52,1.45,,1.51,,,214096,322136.0,221,F1,1,,,,,,2025-05-14
2025-05-14,2025-05-14,CM,BSE,STK,543671,INE0D0U01013,AAATECH,B,,,,,AAA TECHNOLOGIES LIMITED,82.12,84.45,80.9,81.02,83.25,81.72,,82.15,,,3771,313370.0,162,F1,1,,,,,,2025-05-14
2025-05-14,2025-05-14,CM,BSE,STK,543677,INF109KC17L8,FINIETF,B,,,,,ICICI Prudential Mutual Fund,28.6,28.73,28.55,28.72,28.69,28.31,,28.62,,,3029,86801.0,32,F1,1,,,,,,2025-05-14
2025-05-14,2025-05-14,CM,BSE,STK,543678,INE0N6V01016,AMBOAGRI,MT,,,,,AMBO AGRITEC LIMITED,83.6,86.45,83.6,84.23,86.45,87.99,,84.23,,,12000,1010500.0,10,F1,1000,,,,,,2025-05-14
2025-05-14,2025-05-14,CM,BSE,STK,543686,INE792Z01011,SIRCA,B,,,,,Sirca Paints India Limited,264.0,272.45,264.0,267.95,267.95,267.95,,268.2,,,3777,1014319.0,369,F1,1,,,,,,2025-05-14
2025-05-14,2025-05-14,CM,BSE,STK,543687,INE00OQ01016,DHARMAJ,B,,,,,Dharmaj Crop Guard Limited,239.65,245.2,233.8,240.8,241.0,239.65,,240.94,,,9867,2384571.0,750,F1,1,,,,,,2025-05-14
2025-05-14,2025-05-14,CM,BSE,STK,543688,INE324X01026,SARVESHWAR,B,,,,,Sarveshwar Foods Limited,6.79,6.98,6.77,6.94,6.94,6.76,,6.94,,,519900,3570092.0,758,F1,1,,,,,,2025-05-14
2025-05-14,2025-05-14,CM,BSE,STK,543689,INE244O01017,UNIPARTS,B,,,,,Uniparts India Limited,332.25,340.0,332.2,338.65,339.4,332.85,,338.05,,,6362,2148087.0,444,F1,1,,,,,,2025-05-14
2025-05-14,2025-05-14,CM,BSE,STK,543700,INF109KC18O0,GSEC10IETF,F,,,,,ICICI Prudential Mutual Fund,256.0,257.55,254.8,255.88,257.55,256.21,,256.22,,,6450,1650566.0,23,F1,1,,,,,,2025-05-14
2025-05-14,2025-05-14,CM,BSE,STK,543709,INE0NT601018,GARGI,M,,,,,PNGS GARGI FASHION JEWELLERY L,946.0,975.0,918.2,930.0,935.0,948.25,,930.0,,,22000,20928325.0,161,F1,125,,,,,,2025-05-14
2025-05-14,2025-05-14,CM,BSE,STK,543710,INF109KC19O8,COMMOIETF,B,,,,,ICICI Prudential Mutual Fund,87.18,87.42,87.18,87.2,87.2,86.15,,87.17,,,770,67144.0,32,F1,1,,,,,,2025-05-14
2025-05-14,2025-05-14,CM,BSE,STK,543711,INE142Q01026,SULA,A,,,,,Sula Vineyards Limited,292.0,295.15,290.0,293.35,293.35,290.85,,293.3,,,35768,10467258.0,1654,F1,1,,,,,,2025-05-14
2025-05-14,2025-05-14,CM,BSE,STK,543712,INE00ZE01026,AFSL,B,,,,,ABANS FINANCIAL SERVICES LIMIT,203.1,205.45,201.4,204.7,205.45,203.1,,204.7,,,18594,3805759.0,90,F1,1,,,,,,2025-05-14
2025-05-14,2025-05-14,CM,BSE,STK,543713,INE0MQD01015,DRONACHRYA,MT,,,,,Droneacharya Aerial Innovation,76.6,76.6,76.6,76.6,76.6,75.1,,76.6,,,89000,6817400.0,36,F1,1000,,,,,,2025-05-14
2025-05-14,2025-05-14,CM,BSE,STK,543714,INE559R01029,LANDMARK,B,,,,,LANDMARK CARS LIMITED,437.1,440.55,430.85,436.0,438.15,436.15,,434.95,,,2032,885415.0,185,F1,1,,,,,,2025-05-14
2025-05-14,2025-05-14,CM,BSE,STK,543715,INE059901020,IEL,B,,,,,Indiabulls Enterprises Limited,16.29,16.29,15.6,16.22,16.22,15.52,,16.3,,,11562,186471.0,129,F1,1,,,,,,2025-05-14
2025-05-14,2025-05-14,CM,BSE,STK,543720,INE138Y01010,KFINTECH,A,,,,,KFin Technologies Limited,1071.75,1088.0,1047.1,1051.5,1051.5,1047.7,,1050.5,,,157434,168524341.0,6687,F1,1,,,,,,2025-05-14
2025-05-14,2025-05-14,CM,BSE,STK,543725,INE050401020,ELIN,B,,,,,Elin Electronics Limited,172.0,174.2,161.9,165.15,165.15,164.75,,165.51,,,39518,6698513.0,1369,F1,1,,,,,,2025-05-14
2025-05-14,2025-05-14,CM,BSE,STK,543732,INE855R01021,RADIANTCMS,B,,,,,Radiant Cash Management Servic,66.1,70.44,64.95,68.91,68.96,64.88,,69.27,,,34154,2346675.0,502,F1,1,,,,,,2025-05-14
2025-05-14,2025-05-14,CM,BSE,STK,543737,INE09BN01011,AVEER,X,,,,,Aveer Foods Limited,750.0,788.7,750.0,788.7,788.7,750.0,,788.7,,,101,75788.0,3,F1,1,,,,,,2025-05-14
2025-05-14,2025-05-14,CM,BSE,STK,543738,INF740KA1RX3,BANKETFADD,B,,,,,DSP Mutual Fund,55.08,55.9,55.08,55.62,55.62,55.79,,55.67,,,363,20203.0,20,F1,1,,,,,,2025-05-14
2025-05-14,2025-05-14,CM,BSE,STK,543743,INE035801013,SAH,B,,,,,Sah Polymers Limited,89.63,92.14,89.63,91.45,91.45,86.92,,91.2,,,5,456.0,5,F1,1,,,,,,2025-05-14
2025-05-14,2025-05-14,CM,BSE,STK,543745,INE0MID01012,SVS,M,,,,,SVS VENTURES LIMITED,12.36,12.91,12.36,12.91,12.91,12.36,,12.91,,,12000,151620.0,2,F1,6000,,,,,,2025-05-14
2025-05-14,2025-05-14,CM,BSE,STK,543746,INE0BSU01018,LOGICA,M,,,,,LOGICA INFOWAY LIMITED,235.0,235.0,235.0,235.0,235.0,235.45,,235.0,,,1200,282000.0,1,F1,600,,,,,,2025-05-14
2025-05-14,2025-05-14,CM,BSE,STK,543747,INE0BTI01037,KAMOPAINTS,T,,,,,Kamdhenu Ventures Limited,11.39,11.39,10.75,11.28,11.26,11.19,,11.26,,,97308,1078517.0,285,F1,1,,,,,,2025-05-14
2025-05-14,2025-05-14,CM,BSE,STK,543748,INE0LRU01027,AARTIPHARM,A,,,,,Aarti Pharmalabs Limited,790.0,817.55,779.55,810.1,813.5,780.35,,810.9,,,22976,18473141.0,1213,F1,1,,,,,,2025-05-14
2025-05-14,2025-05-14,CM,BSE,STK,543753,INE0M9Q01011,DHARNI,MT,,,,,DHARNI CAPITAL SERVICES LIMITE,54.6,54.6,52.2,52.2,52.2,52.0,,52.2,,,9000,484200.0,3,F1,3000,,,,,,2025-05-14
2025-05-14,2025-05-14,CM,BSE,STK,543765,INE0O4V01010,EARTH,M,,,,,Earthstahl & Alloys Limited,26.5,27.5,26.5,27.5,27.5,27.35,,27.5,,,6000,162000.0,2,F1,3000,,,,,,2025-05-14
2025-05-14,2025-05-14,CM,BSE,STK,543766,INE094B01013,ASHIKA,XT,,,,,Ashika Credit Capital Ltd.,335.0,347.35,335.0,347.35,347.35,330.85,,347.35,,,11188,3867635.0,81,F1,1,,,,,,2025-05-14
2025-05-14,2025-05-14,CM,BSE,STK,543767,INE0EEJ01023,BTML,B,,,,,BODHI TREE MULTIMEDIA LIMITED,7.52,8.03,7.52,7.98,8.02,7.87,,7.97,,,27565,218669.0,335,F1,1,,,,,,2025-05-14
2025-05-14,2025-05-14,CM,BSE,STK,543768,INE0NNS01018,NSLNISP,A,,,,,NMDC Steel Limited,36.26,38.32,36.14,38.05,38.05,36.23,,37.98,,,969730,36355288.0,3751,F1,1,,,,,,2025-05-14
2025-05-14,2025-05-14,CM,BSE,STK,543769,INE0KN201016,INDONG,M,,,,,INDONG TEA COMPANY LIMITED,19.1,20.0,19.1,20.0,20.0,19.98,,20.0,,,24000,471760.0,6,F1,4000,,,,,,2025-05-14
2025-05-14,2025-05-14,CM,BSE,STK,543774,INF179KC1EZ4,HDFCBSE500,B,,,,,HDFC Mutual Fund,35.99,36.59,35.99,36.37,36.37,35.65,,36.29,,,14966,545031.0,87,F1,1,,,,,,2025-05-14
2025-05-14,2025-05-14,CM,BSE,STK,543775,INF179KC1FB2,HDFCSML250,B,,,,,HDFC Mutual Fund,159.13,161.29,158.6,161.01,161.01,158.49,,161.04,,,154010,24668895.0,4283,F1,1,,,,,,2025-05-14
2025-05-14,2025-05-14,CM,BSE,STK,543776,INF179KC1HT0,HDFCMID150,B,,,,,HDFC Mutual Fund,20.62,20.94,20.52,20.82,20.94,20.62,,20.74,,,50209,1040286.0,307,F1,1,,,,,,2025-05-14
2025-05-14,2025-05-14,CM,BSE,STK,543781,INF769K01JP9,GOLDETF,E,,,,,Mirae Asset Mutual Fund,92.4,92.4,91.75,92.11,92.12,92.69,,91.99,,,23458,2161064.0,580,F1,1,,,,,,2025-05-14
2025-05-14,2025-05-14,CM,BSE,STK,543782,INE0O4601016,SEALMATIC,M,,,,,Sealmatic India Limited,523.0,535.7,517.0,529.25,535.0,514.25,,529.25,,,8100,4283767.0,42,F1,150,,,,,,2025-05-14
2025-05-14,2025-05-14,CM,BSE,STK,543787,INE0OLH01013,ROBU,MT,,,,,Macfos Limited,806.9,807.0,790.4,800.9,807.0,782.0,,800.9,,,1650,1323105.0,11,F1,150,,,,,,2025-05-14
2025-05-14,2025-05-14,CM,BSE,STK,543798,INE0NPA01011,PATRON,M,,,,,Patron Exim Limited,6.55,6.6,6.55,6.6,6.6,6.55,,6.6,,,12000,78800.0,3,F1,4000,,,,,,2025-05-14
2025-05-14,2025-05-14,CM,BSE,STK,543799,INE0JZS01010,SVJ,MT,,,,,S. V. J. Enterprises Limited,221.5,221.5,213.05,220.95,220.95,220.6,,220.95,,,9750,2137762.0,8,F1,750,,,,,,2025-05-14
2025-05-14,2025-05-14,CM,BSE,STK,543804,INE0G1V01016,AMANAYA,M,,,,,AMANAYA VENTURES LIMITED,15.34,15.34,15.34,15.34,15.34,14.61,,15.34,,,6000,92040.0,1,F1,6000,,,,,,2025-05-14
2025-05-14,2025-05-14,CM,BSE,STK,543805,INE0NYN01016,RESGEN,M,,,,,RESGEN LIMITED,80.01,81.5,76.0,76.55,76.0,78.71,,76.55,,,72000,5634922.0,82,F1,750,,,,,,2025-05-14
2025-05-14,2025-05-14,CM,BSE,STK,543806,INE0O6A01019,ITCONS,MT,,,,,ITCONS E-Solutions Limited,515.6,542.0,500.0,537.8,537.8,517.25,,537.8,,,24200,12618470.0,83,F1,200,,,,,,2025-05-14
2025-05-14,2025-05-14,CM,BSE,STK,543811,INE645W01026,AIRAN,B,,,,,AIRAN LIMITED,27.49,27.49,26.64,27.21,27.2,26.62,,27.18,,,28015,761659.0,702,F1,1,,,,,,2025-05-14
2025-05-14,2025-05-14,CM,BSE,STK,543812,INE753U01022,DIVGIITTS,B,,,,,DIVGI TORQTRANSFER SYSTEMS LIM,503.2,526.55,503.2,518.15,518.15,502.5,,522.6,,,558,287877.0,73,F1,1,,,,,,2025-05-14
2025-05-14,2025-05-14,CM,BSE,STK,543813,INF209KB18T9,ABSLLIQUID,F,,,,,Aditya Birla Sun Life Mutual F,999.99,1000.01,999.99,999.99,999.99,999.99,,999.99,,,1596,1595984.0,5,F1,1,,,,,,2025-05-14
2025-05-14,2025-05-14,CM,BSE,STK,543814,INE0OKG01017,PCL,MT,,,,,PROSPECT CONSUMER PRODUCTS LIM,68.9,68.9,63.84,63.84,63.84,67.2,,63.84,,,5000,330290.0,5,F1,1000,,,,,,2025-05-14
2025-05-14,2025-05-14,CM,BSE,STK,543819,INF109KC10S8,PSUBNKIETF,B,,,,,ICICI Prudential Mutual Fund,66.35,66.75,66.0,66.53,66.53,66.2,,66.48,,,53160,3535031.0,141,F1,1,,,,,,2025-05-14
2025-05-14,2025-05-14,CM,BSE,STK,543828,INE00TV01023,SUDARSHAN,MT,,,,,SUDARSHAN PHARMA INDUSTRIES LI,31.17,31.17,28.65,29.59,29.95,29.69,,29.59,,,820000,24911800.0,80,F1,4000,,,,,,2025-05-14
2025-05-14,2025-05-14,CM,BSE,STK,543829,INE0JSX01015,GSLSU,B,,,,,Global Surfaces Limited,111.4,115.3,109.4,111.85,111.8,110.0,,112.49,,,4779,536690.0,326,F1,1,,,,,,2025-05-14
2025-05-14,2025-05-14,CM,BSE,STK,543831,INE0OMI01019,BRIGHT,M,,,,,Bright Outdoor Media Limited,482.0,486.0,481.55,486.0,486.0,489.0,,486.0,,,1250,603287.0,5,F1,250,,,,,,2025-05-14
2025-05-14,2025-05-14,CM,BSE,STK,543858,INF769K01JU9,LOWVOL,B,,,,,Mirae Asset Mutual Fund,199.95,199.95,199.95,199.95,199.95,199.95,,199.48,,,1,199.0,1,F1,1,,,,,,2025-05-14
2025-05-14,2025-05-14,CM,BSE,STK,543860,INE825B01010,JAFINANCE,XT,,,,,J.A. Finance Limited,168.3,168.3,168.3,168.3,168.3,165.0,,168.3,,,67,11276.0,2,F1,1,,,,,,2025-05-14
2025-05-14,2025-05-14,CM,BSE,STK,543861,INE0N0Y01013,USK,B,,,,,Udayshivakumar infra limited,38.2,38.74,38.15,38.74,38.74,37.97,,38.61,,,1837,70763.0,44,F1,1,,,,,,2025-05-14
2025-05-14,2025-05-14,CM,BSE,STK,543874,INE0O1T01010,MAIDEN,M,,,,,Maiden Forgings Limited,66.1,66.6,66.0,66.6,66.6,66.81,,66.6,,,13000,860810.0,10,F1,1000,,,,,,2025-05-14
2025-05-14,2025-05-14,CM,BSE,STK,543875,INF769K01KF8,GSEC10YEAR,F,,,,,Mirae Asset Mutual Fund,29.05,29.14,29.04,29.14,29.14,29.0,,29.07,,,11461,332961.0,8,F1,1,,,,,,2025-05-14
2025-05-14,2025-05-14,CM,BSE,STK,543895,INE0O8901016,EXHICON,M,,,,,Exhicon Events Media Solutions,325.0,340.0,324.0,327.25,329.0,318.05,,327.25,,,118500,39192200.0,220,F1,500,,,,,,2025-05-14
2025-05-14,2025-05-14,CM,BSE,STK,543896,INE0LCL01028,AVALON,B,,,,,Avalon Technologies Limited,869.55,869.55,835.0,836.7,836.7,853.95,,837.3,,,30302,25583996.0,762,F1,1,,,,,,2025-05-14
2025-05-14,2025-05-14,CM,BSE,STK,543898,INE0N7W01012,BLAL,B,,,,,BEML Land Assets Limited,201.0,205.0,198.9,199.95,199.95,200.8,,200.05,,,5030,1012866.0,308,F1,1,,,,,,2025-05-14
2025-05-14,2025-05-14,CM,BSE,STK,543900,INF789F1AYK6,SILVERETF,E,,,,,UTI Mutual Fund,93.5,94.6,93.5,94.32,94.25,95.02,,94.36,,,8965,842660.0,74,F1,1,,,,,,2025-05-14
2025-05-14,2025-05-14,CM,BSE,STK,543901,INE508K01013,RHL,B,,,,,ROBUST HOTELS LIMITED,232.2,232.2,232.2,232.2,232.2,228.0,,233.15,,,10,2322.0,2,F1,1,,,,,,2025-05-14
2025-05-14,2025-05-14,CM,BSE,STK,543902,INE0NTC01019,RETINA,MT,,,,,Retina Paints Limited,56.43,60.9,56.43,60.9,60.9,59.4,,60.9,,,10000,573240.0,5,F1,2000,,,,,,2025-05-14
2025-05-14,2025-05-14,CM,BSE,STK,543903,INF740KA1SW3,GOLDETFADD,E,,,,,DSP Mutual Fund,91.9,92.56,91.54,92.2,92.18,92.92,,92.29,,,2608,239971.0,75,F1,1,,,,,,2025-05-14
2025-05-14,2025-05-14,CM,BSE,STK,543904,INE634S01028,MANKIND,A,,,,,Mankind Pharma Limited,2547.3,2569.65,2481.75,2551.15,2551.15,2548.0,,2554.4,,,11075,27999022.0,1422,F1,1,,,,,,2025-05-14
2025-05-14,2025-05-14,CM,BSE,STK,543910,INE680Z01018,AVG,T,,,,,AVG Logistics Limited,256.0,267.75,251.15,267.75,267.75,255.0,,262.54,,,5016,1340157.0,72,F1,1,,,,,,2025-05-14
2025-05-14,2025-05-14,CM,BSE,STK,543911,INE0ALR01029,ATALREAL,B,,,,,Atal Realtech Limited,14.78,14.9,14.48,14.87,14.87,14.67,,14.89,,,14104,208185.0,82,F1,1,,,,,,2025-05-14
2025-05-14,2025-05-14,CM,BSE,STK,543912,INE557Z01018,PIGL,T,,,,,Power & Instrumentation (Gujar,152.75,152.75,152.75,152.75,152.75,155.85,,152.75,,,1951,298015.0,20,F1,1,,,,,,2025-05-14
2025-05-14,2025-05-14,CM,BSE,STK,543913,INE0NDH25011,NXST,IF,,,,,Nexus Select Trust,133.25,133.25,131.65,132.67,132.67,132.58,,132.7,,,17001,2250577.0,316,F1,1,,,,,,2025-05-14
2025-05-14,2025-05-14,CM,BSE,STK,543914,INE210F01016,SWATIPRO,XT,,,,,Swati Projects Limited,25.54,26.61,25.54,26.5,26.61,25.35,,26.5,,,21325,562128.0,252,F1,1,,,,,,2025-05-14
2025-05-14,2025-05-14,CM,BSE,STK,543915,INE07S101020,PAVNAIND,B,,,,,Pavna Industries Limited,400.05,422.35,396.0,412.0,418.5,411.65,,413.9,,,940,390677.0,358,F1,1,,,,,,2025-05-14
2025-05-14,2025-05-14,CM,BSE,STK,543916,INE0GYI01028,HSIL,M,,,,,Hemant Surgical Industries Lim,107.0,107.0,103.11,103.41,103.41,106.91,,103.41,,,3200,333544.0,4,F1,800,,,,,,2025-05-14
2025-05-14,2025-05-14,CM,BSE,STK,543917,INE0A0S01010,SIGMA,B,,,,,SIGMA SOLVE LIMITED,309.1,310.5,307.25,309.1,309.15,309.1,,309.95,,,322,99449.0,55,F1,1,,,,,,2025-05-14
2025-05-14,2025-05-14,CM,BSE,STK,543918,INE0PA801013,GHCLTEXTIL,B,,,,,GHCL Textiles Limited,90.59,94.9,90.59,92.52,92.1,89.26,,92.47,,,19472,1817962.0,591,F1,1,,,,,,2025-05-14
2025-05-14,2025-05-14,CM,BSE,STK,543919,INE964W01021,MKPL,B,,,,,M.K.Proteins Limited,6.67,7.32,6.67,7.25,7.25,6.66,,7.22,,,208331,1479533.0,286,F1,1,,,,,,2025-05-14
2025-05-14,2025-05-14,CM,BSE,STK,543920,INE0NJ001013,CFF,MT,,,,,CFF FLUID CONTROL LIMITED,550.8,550.8,550.8,550.8,550.8,540.0,,550.8,,,3600,1982880.0,15,F1,200,,,,,,2025-05-14
2025-05-14,2025-05-14,CM,BSE,STK,543921,INE0NXA01015,COMRADE,MT,,,,,Comrade Appliances Limited,100.33,100.33,99.83,99.83,99.83,100.83,,99.83,,,2000,200160.0,2,F1,1000,,,,,,2025-05-14
2025-05-14,2025-05-14,CM,BSE,STK,543922,INF769K01KG6,SILVRETF,E,,,,,Mirae Asset Mutual Fund,94.5,95.27,94.5,95.2,95.2,95.53,,94.99,,,876,82944.0,37,F1,1,,,,,,2025-05-14
2025-05-14,2025-05-14,CM,BSE,STK,543923,INE0LOJ01019,IKIO,B,,,,,IKIO Technologies Limited,231.1,231.1,220.0,221.95,221.9,235.55,,221.92,,,12582,2802376.0,761,F1,1,,,,,,2025-05-14
2025-05-14,2025-05-14,CM,BSE,STK,543924,INE0N5O01013,SONALIS,MT,,,,,Sonalis Consumer Products Limi,61.0,63.98,58.5,62.39,63.98,61.0,,62.39,,,10000,609560.0,5,F1,2000,,,,,,2025-05-14
2025-05-14,2025-05-14,CM,BSE,STK,543926,INE0OJ401014,BIZOTIC,M,,,,,Bizotic Commercial Limited,105.05,113.0,104.05,112.45,113.0,108.0,,112.45,,,34400,3711000.0,29,F1,800,,,,,,2025-05-14
2025-05-14,2025-05-14,CM,BSE,STK,543927,INE04Z101016,ASIAN,X,,,,,Asian Warehousing Limited,54.9,54.9,50.01,51.28,51.8,52.58,,51.28,,,2242,116099.0,37,F1,1,,,,,,2025-05-14
2025-05-14,2025-05-14,CM,BSE,STK,543928,INE0ORA01015,COSMICCRF,M,,,,,Cosmic CRF Limited,1301.0,1350.0,1301.0,1344.7,1350.0,1283.0,,1344.7,,,13000,17381005.0,112,F1,100,,,,,,2025-05-14
2025-05-14,2025-05-14,CM,BSE,STK,543929,INE0ECP01024,HMAAGRO,B,,,,,HMA Agro Industries Limited,31.0,32.75,31.0,32.2,32.58,32.16,,32.13,,,27762,897682.0,653,F1,1,,,,,,2025-05-14
2025-05-14,2025-05-14,CM,BSE,STK,543930,INE568Z01015,URAVIDEF,T,,,,,Uravi Defence and Technology L,525.0,525.0,513.95,519.0,519.0,517.0,,516.55,,,238,123858.0,32,F1,1,,,,,,2025-05-14
2025-05-14,2025-05-14,CM,BSE,STK,543931,INE0Q0M01015,VEEFIN,MT,,,,,VEEFIN SOLUTIONS LIMITED,325.0,337.55,325.0,337.55,337.55,321.5,,337.55,,,52200,17537830.0,132,F1,200,,,,,,2025-05-14
2025-05-14,2025-05-14,CM,BSE,STK,543932,INE349Y01013,IDEAFORGE,A,,,,,IDEAFORGE TECHNOLOGY LIMITED,526.95,548.9,525.0,541.5,541.5,536.9,,542.05,,,253337,136729285.0,6899,F1,1,,,,,,2025-05-14
2025-05-14,2025-05-14,CM,BSE,STK,543933,INE055S01018,CYIENTDLM,A,,,,,Cyient DLM Limited,465.95,469.0,458.4,463.85,463.85,465.9,,464.05,,,24799,11496174.0,1579,F1,1,,,,,,2025-05-14
2025-05-14,2025-05-14,CM,BSE,STK,543934,INE01BT01015,MACIND,X,,,,,Machhar Industries Limited,320.7,320.7,320.7,320.7,320.7,337.55,,320.7,,,55,17638.0,8,F1,1,,,,,,2025-05-14
2025-05-14,2025-05-14,CM,BSE,STK,543935,INF740KA1SX1,ITETFADD,B,,,,,DSP Mutual Fund,38.9,38.95,38.67,38.7,38.7,38.66,,38.87,,,1377,53288.0,8,F1,1,,,,,,2025-05-14
2025-05-14,2025-05-14,CM,BSE,STK,543936,INE602W01027,SENCO,A,,,,,Senco Gold Limited,362.55,362.55,356.1,358.95,361.0,355.1,,359.3,,,22611,8127512.0,690,F1,1,,,,,,2025-05-14
2025-05-14,2025-05-14,CM,BSE,STK,543937,INE0NZF01019,ALPHAIND,MT,,,,,ALPHALOGIC INDUSTRIES LIMITED,156.0,156.0,155.0,155.0,155.0,155.5,,155.0,,,4800,746400.0,5,F1,600,,,,,,2025-05-14
2025-05-14,2025-05-14,CM,BSE,STK,543938,INE0POP01017,ACCELERATE,MT,,,,,ACCELERATEBS INDIA LIMITED,99.05,99.05,94.1,94.1,94.1,99.05,,94.1,,,7040,678784.0,8,F1,640,,,,,,2025-05-14
2025-05-14,2025-05-14,CM,BSE,STK,543939,INE0P3N01018,KAKA,M,,,,,Kaka Industries Limited,228.0,240.0,227.1,235.15,239.85,227.1,,235.15,,,20000,4663275.0,34,F1,500,,,,,,2025-05-14
2025-05-14,2025-05-14,CM,BSE,STK,543940,INE758E01017,JIOFIN,A,,,,,Jio Financial Services Limited,268.75,269.9,265.35,267.5,267.5,267.4,,267.5,,,1695660,453971995.0,33296,F1,1,,,,,,2025-05-14
2025-05-14,2025-05-14,CM,BSE,STK,543941,INE0NEV01011,AHASOLAR,MT,,,,,AHASOLAR TECHNOLOGIES LIMITED,109.6,109.6,109.2,109.6,109.6,111.25,,109.6,,,1600,175040.0,4,F1,400,,,,,,2025-05-14
2025-05-14,2025-05-14,CM,BSE,STK,543942,INE735W01017,UTKARSHBNK,B,,,,,UTKARSH SMALL FINANCE BANK LIM,24.37,24.37,23.72,24.04,24.0,24.11,,24.06,,,4413315,105988201.0,2158,F1,1,,,,,,2025-05-14
2025-05-14,2025-05-14,CM,BSE,STK,543943,INE0DN001027,ASARFI,M,,,,,ASARFI HOSPITAL LIMITED,93.01,96.89,93.01,95.0,95.0,94.48,,95.0,,,35000,3332230.0,29,F1,1000,,,,,,2025-05-14
2025-05-14,2025-05-14,CM,BSE,STK,543944,INF769K01KR3,BANKETF,B,,,,,Mirae Asset Mutual Fund,552.26,552.75,549.16,552.04,552.75,554.04,,552.75,,,273,150240.0,16,F1,1,,,,,,2025-05-14
2025-05-14,2025-05-14,CM,BSE,STK,543945,INE0NT901020,NETWEB,A,,,,,NETWEB TECHNOLOGIES INDIA LIMI,1737.65,1780.4,1696.05,1729.75,1729.75,1728.15,,1729.8,,,86854,151038531.0,5710,F1,1,,,,,,2025-05-14
2025-05-14,2025-05-14,CM,BSE,STK,543946,INF769K01KS1,LIQUID,F,,,,,Mirae Asset Mutual Fund,1000.0,1000.01,1000.0,1000.0,1000.0,1000.0,,999.99,,,20931,20931002.0,33,F1,1,,,,,,2025-05-14
2025-05-14,2025-05-14,CM,BSE,STK,543949,INF740KA1TA7,PVTBANKADD,B,,,,,DSP Mutual Fund,27.51,27.7,27.42,27.48,27.5,27.68,,27.49,,,58508,1608868.0,98,F1,1,,,,,,2025-05-14
2025-05-14,2025-05-14,CM,BSE,STK,543950,INE0JO301016,YATHARTH,B,,,,,YATHARTH HOSPITAL & TRAUMA CAR,495.1,502.5,490.1,494.95,497.8,495.1,,495.45,,,19773,9818817.0,1311,F1,1,,,,,,2025-05-14
2025-05-14,2025-05-14,CM,BSE,STK,543952,INE342G01023,NIITMTS,A,,,,,NIIT Learning Systems Limited,368.8,384.35,364.45,372.9,372.9,360.25,,373.15,,,30748,11505416.0,2634,F1,1,,,,,,2025-05-14
2025-05-14,2025-05-14,CM,BSE,STK,543953,INE0OWC01011,KHAZANCHI,M,,,,,Khazanchi Jewellers Limited,581.0,581.0,563.5,574.5,574.5,563.55,,574.5,,,11000,6264100.0,33,F1,250,,,,,,2025-05-14
2025-05-14,2025-05-14,CM,BSE,STK,543954,INE0NN701020,ATL,B,,,,,Allcargo Terminals Limited,26.61,28.75,26.21,28.14,28.14,25.94,,28.16,,,40675,1135252.0,659,F1,1,,,,,,2025-05-14
2025-05-14,2025-05-14,CM,BSE,STK,543955,INE0O3901029,TREL,B,,,,,Transindia Real Estate Limited,33.45,34.22,33.33,34.03,34.1,33.45,,34.0,,,17746,600120.0,660,F1,1,,,,,,2025-05-14
2025-05-14,2025-05-14,CM,BSE,STK,543956,INF109KC18V5,QUAL30IETF,B,,,,,ICICI Prudential Mutual Fund,20.6,20.75,20.6,20.74,20.75,20.77,,20.77,,,23479,485999.0,96,F1,1,,,,,,2025-05-14
2025-05-14,2025-05-14,CM,BSE,STK,543957,INE0LXT01019,REDTAPE,A,,,,,REDTAPE Limited,140.05,141.5,138.5,140.0,139.6,139.5,,139.91,,,7006,978374.0,195,F1,1,,,,,,2025-05-14
2025-05-14,2025-05-14,CM,BSE,STK,543958,INE03HW01020,VLEGOV,T,,,,,VL E-Governance & IT Solutions,54.06,54.06,54.06,54.06,54.06,53.0,,54.06,,,752,40653.0,7,F1,1,,,,,,2025-05-14
2025-05-14,2025-05-14,CM,BSE,STK,543959,INE423Y01016,SBFC,A,,,,,SBFC Finance Limited,99.0,111.15,99.0,109.4,109.4,100.15,,109.49,,,365540,39357319.0,3663,F1,1,,,,,,2025-05-14
2025-05-14,2025-05-14,CM,BSE,STK,543960,INE338H01029,CONCORDBIO,A,,,,,Concord Biotech Limited,1514.85,1523.6,1493.3,1506.55,1501.15,1506.15,,1507.0,,,4639,6972982.0,1134,F1,1,,,,,,2025-05-14
2025-05-14,2025-05-14,CM,BSE,STK,543962,INE864X01013,DPWIRES,B,,,,,D.P. WIRES LIMITED,210.0,214.8,205.55,209.8,209.3,209.35,,210.9,,,9227,1947475.0,251,F1,1,,,,,,2025-05-14
2025-05-14,2025-05-14,CM,BSE,STK,543963,INE013V01011,SHELTER,M,,,,,SHELTER PHARMA LIMITED,40.74,40.74,40.74,40.74,40.74,40.75,,40.74,,,3000,122220.0,1,F1,3000,,,,,,2025-05-14
2025-05-14,2025-05-14,CM,BSE,STK,543965,INE395N01027,TVSSCS,A,,,,,TVS Supply Chain Solutions Lim,123.8,125.1,122.65,124.35,124.35,122.35,,124.41,,,34652,4303987.0,359,F1,1,,,,,,2025-05-14
2025-05-14,2025-05-14,CM,BSE,STK,543969,INE0MIS01010,PYRAMID,B,,,,,Pyramid Technoplast Limited,160.0,161.95,159.85,161.9,161.95,164.5,,160.44,,,398,64067.0,43,F1,1,,,,,,2025-05-14
2025-05-14,2025-05-14,CM,BSE,STK,543970,INE0OJZ01019,SHOORA,MT,,,,,Shoora Designs Limited,65.6,65.6,65.6,65.6,65.6,65.0,,65.6,,,4500,295200.0,2,F1,1500,,,,,,2025-05-14
2025-05-14,2025-05-14,CM,BSE,STK,543971,INE0Q8P01029,BONDADA,M,,,,,Bondada Engineering Limited,384.0,393.8,378.0,388.25,388.25,380.85,,388.25,,,290400,112457350.0,887,F1,200,,,,,,2025-05-14
2025-05-14,2025-05-14,CM,BSE,STK,543972,INE024001021,AEROFLEX,B,,,,,Aeroflex Industries Limited,166.7,169.35,166.1,167.1,167.1,166.0,,166.96,,,21007,3513862.0,341,F1,1,,,,,,2025-05-14
2025-05-14,2025-05-14,CM,BSE,STK,543974,INE0AE001013,VPRPL,B,,,,,VISHNU PRAKASH R PUNGLIA LIMIT,174.15,181.0,174.15,178.5,178.5,176.95,,178.65,,,64909,11577626.0,1475,F1,1,,,,,,2025-05-14
2025-05-14,2025-05-14,CM,BSE,STK,543975,INF789F1AYX9,NIFMID150,B,,,,,UTI Mutual Fund,206.94,206.94,206.0,206.31,206.31,204.56,,207.09,,,137,28223.0,7,F1,1,,,,,,2025-05-14
2025-05-14,2025-05-14,CM,BSE,STK,543976,INE489B01031,SHRAAITECH,X,,,,,Shradha AI Technologies Limite,43.47,43.91,42.72,43.91,43.91,41.82,,43.91,,,11475,502796.0,81,F1,1,,,,,,2025-05-14
2025-05-14,2025-05-14,CM,BSE,STK,543977,INE0N2P01017,RISHABH,B,,,,,Rishabh Instruments Limited,263.55,285.0,263.55,274.1,274.0,258.6,,273.9,,,2664,744302.0,461,F1,1,,,,,,2025-05-14
2025-05-14,2025-05-14,CM,BSE,STK,543978,INE05CZ01011,RATNAVEER,B,,,,,Ratnaveer Precision Engineerin,136.9,143.25,136.9,142.0,142.5,136.9,,141.91,,,55446,7793160.0,1746,F1,1,,,,,,2025-05-14
2025-05-14,2025-05-14,CM,BSE,STK,543979,INE04T901017,KAHAN,M,,,,,Kahan Packaging Limited,67.0,67.0,67.0,67.0,67.0,65.0,,67.0,,,6400,428800.0,2,F1,1600,,,,,,2025-05-14
2025-05-14,2025-05-14,CM,BSE,STK,543980,INE682M01012,JLHL,A,,,,,Jupiter Life Line Hospitals Li,1430.6,1430.6,1381.6,1388.9,1392.0,1432.5,,1390.0,,,5251,7330560.0,875,F1,1,,,,,,2025-05-14
2025-05-14,2025-05-14,CM,BSE,STK,543981,INE777K01022,RRKABEL,A,,,,,R R KABEL LIMITED,1323.0,1345.45,1292.2,1309.25,1315.0,1322.2,,1307.7,,,35494,46458917.0,2333,F1,1,,,,,,2025-05-14
2025-05-14,2025-05-14,CM,BSE,STK,543982,INE0OYE01013,MESON,MT,,,,,Meson Valves India Limited,369.1,395.25,363.05,395.25,395.25,376.45,,395.25,,,18600,7093750.0,81,F1,200,,,,,,2025-05-14
2025-05-14,2025-05-14,CM,BSE,STK,543983,INE0OV601013,EMSLIMITED,B,,,,,EMS LIMITED,605.0,616.0,602.65,606.6,606.6,611.4,,606.75,,,13656,8310948.0,531,F1,1,,,,,,2025-05-14
2025-05-14,2025-05-14,CM,BSE,STK,543984,INE08U801020,SAMHI,A,,,,,Samhi Hotels Limited,185.65,186.0,182.25,183.2,182.85,184.55,,183.3,,,23373,4306540.0,801,F1,1,,,,,,2025-05-14
2025-05-14,2025-05-14,CM,BSE,STK,543985,INE07K301024,ZAGGLE,B,,,,,ZAGGLE PREPAID OCEAN SERVICES,388.45,398.95,381.95,396.6,396.6,383.4,,396.45,,,100441,39408757.0,2723,F1,1,,,,,,2025-05-14
2025-05-14,2025-05-14,CM,BSE,STK,543986,INE980Y01015,SOUTHWEST,B,,,,,South West Pinnacle Exploratio,125.0,126.45,122.65,124.1,125.45,121.4,,124.72,,,7327,912399.0,204,F1,1,,,,,,2025-05-14
2025-05-14,2025-05-14,CM,BSE,STK,543988,INE531F01015,NUVAMA,A,,,,,Nuvama Wealth Management Limit,6265.55,6778.95,6265.55,6741.8,6727.0,6263.3,,6748.0,,,21175,140753454.0,2084,F1,1,,,,,,2025-05-14
2025-05-14,2025-05-14,CM,BSE,STK,543989,INE438K01021,KALAMANDIR,B,,,,,Sai Silks (Kalamandir) Limited,121.15,125.9,121.05,125.75,125.0,120.55,,125.35,,,26506,3300528.0,442,F1,1,,,,,,2025-05-14
2025-05-14,2025-05-14,CM,BSE,STK,543990,INE903U01023,SIGNATURE,A,,,,,SIGNATUREGLOBAL (INDIA) LIMITE,1170.6,1185.9,1166.0,1173.7,1175.9,1162.7,,1172.7,,,13250,15541514.0,299,F1,1,,,,,,2025-05-14
2025-05-14,2025-05-14,CM,BSE,STK,543991,INE0P4P01011,TECHKGREEN,MT,,,,,TECHKNOWGREEN SOLUTIONS LIMITE,150.1,156.0,150.0,151.0,151.0,150.0,,151.0,,,5600,846060.0,11,F1,400,,,,,,2025-05-14
2025-05-14,2025-05-14,CM,BSE,STK,543992,INE0JR601024,YATRA,B,,,,,YATRA ONLINE LIMITED,83.95,88.4,83.22,87.5,88.0,83.83,,87.97,,,35566,3085858.0,804,F1,1,,,,,,2025-05-14
2025-05-14,2025-05-14,CM,BSE,STK,543993,INE372M01010,ARCL,XT,,,,,ARCL Organics Ltd,246.8,246.8,246.8,246.8,246.8,235.05,,246.8,,,291,71818.0,12,F1,1,,,,,,2025-05-14
2025-05-14,2025-05-14,CM,BSE,STK,543994,INE880J01026,JSWINFRA,A,,,,,JSW Infrastructure Limited,296.65,300.0,293.9,297.4,297.4,294.5,,297.6,,,111698,33138968.0,2663,F1,1,,,,,,2025-05-14
2025-05-14,2025-05-14,CM,BSE,STK,543995,INE0KNT01012,MVGJL,B,,,,,MANOJ VAIBHAV GEMS 'N' JEWELLE,222.35,223.85,216.05,218.5,218.0,220.6,,217.84,,,9256,2041715.0,362,F1,1,,,,,,2025-05-14
2025-05-14,2025-05-14,CM,BSE,STK,543996,INE851I01011,UDS,B,,,,,Updater Services Limited,305.0,315.35,304.75,308.0,309.0,299.25,,307.7,,,8737,2690791.0,568,F1,1,,,,,,2025-05-14
2025-05-14,2025-05-14,CM,BSE,STK,543997,INE0MIO01019,ORGANICREC,M,,,,,ORGANIC RECYCLING SYSTEMS LIMI,257.0,258.0,253.75,258.0,258.0,253.0,,258.0,,,2400,613500.0,4,F1,600,,,,,,2025-05-14
2025-05-14,2025-05-14,CM,BSE,STK,543998,INE0JWS01017,VALIANTLAB,T,,,,,Valiant Laboratories Limited,102.0,104.9,100.1,103.0,103.0,103.9,,102.37,,,5288,554324.0,16,F1,1,,,,,,2025-05-14
2025-05-14,2025-05-14,CM,BSE,STK,543999,INF769K01KT9,SENSEXETF,A,,,,,Mirae Asset Mutual Fund,82.84,82.99,82.16,82.39,82.39,82.36,,82.7,,,1934,159769.0,36,F1,1,,,,,,2025-05-14
2025-05-14,2025-05-14,CM,BSE,STK,544001,INE0Q1S01010,SUNITATOOL,M,,,,,Sunita Tools Limited,552.45,610.55,552.45,610.55,610.55,581.5,,610.55,,,111250,65347175.0,426,F1,125,,,,,,2025-05-14
2025-05-14,2025-05-14,CM,BSE,STK,544002,INE0PA601017,VIVAA,MT,,,,,Vivaa Tradecom Limited,47.25,47.25,47.25,47.25,47.25,47.25,,47.25,,,4000,189000.0,2,F1,2000,,,,,,2025-05-14
2025-05-14,2025-05-14,CM,BSE,STK,544003,INE0INJ01017,PLAZACABLE,B,,,,,Plaza Wires Limited,59.8,59.8,56.0,58.15,58.5,58.01,,57.57,,,6197,361105.0,179,F1,1,,,,,,2025-05-14
2025-05-14,2025-05-14,CM,BSE,STK,544004,INE07U701015,IRMENERGY,B,,,,,IRM ENERGY LIMITED,272.95,277.65,270.4,276.45,276.0,270.2,,275.9,,,8359,2300286.0,679,F1,1,,,,,,2025-05-14
2025-05-14,2025-05-14,CM,BSE,STK,544006,INF769K01KV5,ITETF,B,,,,,Mirae Asset Mutual Fund,38.84,39.03,38.64,39.03,39.03,38.62,,39.06,,,34313,1334987.0,794,F1,1,,,,,,2025-05-14
2025-05-14,2025-05-14,CM,BSE,STK,544007,INF769K01KU7,ALPHAETF,B,,,,,Mirae Asset Mutual Fund,24.0,24.22,23.97,24.1,24.18,23.96,,24.1,,,82077,1979062.0,3762,F1,1,,,,,,2025-05-14
2025-05-14,2025-05-14,CM,BSE,STK,544008,INE03EI01018,MAXESTATES,B,,,,,Max Estates Limited,423.05,452.95,423.05,447.75,447.6,420.3,,445.05,,,18790,8348372.0,1315,F1,1,,,,,,2025-05-14
2025-05-14,2025-05-14,CM,BSE,STK,544009,INE0KBH01020,BLUEJET,B,,,,,Blue Jet Healthcare Limited,777.0,815.75,750.7,770.3,770.3,769.3,,770.15,,,107366,83510267.0,5375,F1,1,,,,,,2025-05-14
2025-05-14,2025-05-14,CM,BSE,STK,544010,INF200KA13Z8,LIQUIDSBI,F,,,,,SBI Mutual Fund,999.99,1000.01,999.99,1000.01,1000.01,1000.01,,1000.0,,,6858,6857937.0,11,F1,1,,,,,,2025-05-14
2025-05-14,2025-05-14,CM,BSE,STK,544012,INE0LMW01024,CELLO,A,,,,,Cello World Limited,577.0,588.0,571.55,585.95,586.75,568.85,,586.2,,,6033,3507306.0,430,F1,1,,,,,,2025-05-14
2025-05-14,2025-05-14,CM,BSE,STK,544014,INE0J5401028,HONASA,A,,,,,Honasa Consumer Limited,256.2,262.1,254.85,256.6,255.3,256.2,,256.18,,,12993,3357699.0,511,F1,1,,,,,,2025-05-14
2025-05-14,2025-05-14,CM,BSE,STK,544020,INE818W01011,ESAFSFB,B,,,,,ESAF Small Finance Bank Ltd,30.35,31.34,30.35,31.14,31.14,30.35,,31.17,,,67888,2101043.0,636,F1,1,,,,,,2025-05-14
2025-05-14,2025-05-14,CM,BSE,STK,544021,INE004A01022,PROTEAN,A,,,,,Protean eGov Technologies Limi,1343.1,1383.15,1334.5,1368.2,1368.2,1331.5,,1368.0,,,74288,101527789.0,4998,F1,1,,,,,,2025-05-14
2025-05-14,2025-05-14,CM,BSE,STK,544022,INE491J01022,ASKAUTOLTD,B,,,,,ASK Automotive Limited,449.35,459.75,440.0,444.65,441.65,437.6,,443.95,,,30757,13775004.0,1565,F1,1,,,,,,2025-05-14
2025-05-14,2025-05-14,CM,BSE,STK,544023,INE0N6U01018,KALYANI,M,,,,,Kalyani Cast-Tech Limited,390.45,392.6,384.1,392.25,392.6,384.05,,392.25,,,7750,3011175.0,19,F1,250,,,,,,2025-05-14
2025-05-14,2025-05-14,CM,BSE,STK,544025,INE0PP401015,ARROWHEAD,MT,,,,,Arrowhead Seperation Engineeri,81.3,81.3,81.3,81.3,81.3,83.0,,81.3,,,600,48780.0,1,F1,600,,,,,,2025-05-14
2025-05-14,2025-05-14,CM,BSE,STK,544026,INE202E01016,IREDA,A,,,,,Indian Renewable Energy Develo,168.0,170.6,166.0,167.8,167.8,167.1,,167.79,,,1481609,248924268.0,12170,F1,1,,,,,,2025-05-14
2025-05-14,2025-05-14,CM,BSE,STK,544027,INE007N01010,FEDFINA,B,,,,,Fedbank Financial Services Lim,88.25,90.3,88.11,89.08,89.08,87.98,,88.97,,,18702,1667933.0,294,F1,1,,,,,,2025-05-14
2025-05-14,2025-05-14,CM,BSE,STK,544028,INE142M01025,TATATECH,A,,,,,Tata Technologies Limited,711.0,711.45,701.15,706.75,706.75,704.6,,706.5,,,158880,112221535.0,6156,F1,1,,,,,,2025-05-14
2025-05-14,2025-05-14,CM,BSE,STK,544029,INE717W01049,GANDHAR,B,,,,,Gandhar Oil Refinery (India) L,150.75,152.5,150.75,152.3,152.5,151.35,,152.22,,,14414,2188027.0,413,F1,1,,,,,,2025-05-14
2025-05-14,2025-05-14,CM,BSE,STK,544030,INE00Y201027,FLAIR,B,,,,,Flair Writing Industries Limit,280.5,283.05,279.1,280.65,279.75,281.05,,281.0,,,4880,1369490.0,234,F1,1,,,,,,2025-05-14
2025-05-14,2025-05-14,CM,BSE,STK,544035,INE0RDR01012,SPL,MT,,,,,Swashthik Plascon Limited,42.8,42.8,42.65,42.73,42.65,44.0,,42.73,,,3200,136720.0,2,F1,1600,,,,,,2025-05-14
2025-05-14,2025-05-14,CM,BSE,STK,544036,INE0RDM01013,DEEPAKCHEM,M,,,,,DEEPAK CHEMTEX LIMITED,112.95,114.0,112.95,114.0,114.0,114.35,,114.0,,,6400,727760.0,4,F1,1600,,,,,,2025-05-14
2025-05-14,2025-05-14,CM,BSE,STK,544037,INE0P9J01013,AMIC,M,,,,,Amic Forging Limited,1306.1,1358.0,1306.1,1344.8,1340.0,1306.1,,1344.8,,,14900,19963470.0,105,F1,100,,,,,,2025-05-14
2025-05-14,2025-05-14,CM,BSE,STK,544042,INE0KQN01018,BAJEL,B,,,,,Bajel Projects Limited,175.0,199.9,175.0,193.3,195.1,176.2,,194.09,,,91461,17205820.0,2411,F1,1,,,,,,2025-05-14
2025-05-14,2025-05-14,CM,BSE,STK,544043,INF251K01SU9,BBNPPGOLD,E,,,,,BARODA BNP PARIBAS MUTUAL FUND,92.0,92.28,88.1,92.28,92.28,92.54,,91.8,,,18440,1652889.0,56,F1,1,,,,,,2025-05-14
2025-05-14,2025-05-14,CM,BSE,STK,544044,INE922K01024,INDIASHLTR,B,,,,,India Shelter Finance Corporat,935.0,935.0,871.0,874.5,878.05,898.1,,874.0,,,6688,5895154.0,558,F1,1,,,,,,2025-05-14
2025-05-14,2025-05-14,CM,BSE,STK,544045,INE321T01012,DOMS,A,,,,,DOMS Industries Limited,2788.1,2890.0,2784.7,2856.3,2851.7,2796.35,,2856.6,,,6068,17355422.0,969,F1,1,,,,,,2025-05-14
2025-05-14,2025-05-14,CM,BSE,STK,544046,INE616N01034,INOXINDIA,A,,,,,INOX India Limited,1079.95,1097.95,1056.0,1091.7,1091.7,1057.65,,1090.5,,,17231,18631241.0,2362,F1,1,,,,,,2025-05-14
2025-05-14,2025-05-14,CM,BSE,STK,544047,INE0QSK01017,SIYARAM,M,,,,,Siyaram Recycling Industries L,129.0,130.0,129.0,130.0,130.0,128.85,,130.0,,,10500,1363500.0,6,F1,1500,,,,,,2025-05-14
2025-05-14,2025-05-14,CM,BSE,STK,544052,INE0Q2Z01013,BENCHMARK,MT,,,,,Benchmark Computer Solutions L,30.87,30.87,30.87,30.87,30.87,29.4,,30.87,,,4000,123480.0,2,F1,2000,,,,,,2025-05-14
2025-05-14,2025-05-14,CM,BSE,STK,544053,INE0FRK01020,MOTISONS,B,,,,,Motisons Jewellers Limited,17.3,17.87,17.26,17.67,17.78,17.26,,17.67,,,189249,3325562.0,955,F1,1,,,,,,2025-05-14
2025-05-14,2025-05-14,CM,BSE,STK,544054,INE843S01025,SURAJEST,B,,,,,Suraj Estate Developers Limite,294.2,308.55,291.0,306.15,306.0,288.95,,305.9,,,12077,3680261.0,754,F1,1,,,,,,2025-05-14
2025-05-14,2025-05-14,CM,BSE,STK,544055,INE046W01019,MUTHOOTMF,B,,,,,Muthoot Microfin Limited,131.65,131.9,130.0,130.3,130.3,130.3,,130.35,,,36424,4748188.0,1898,F1,1,,,,,,2025-05-14
2025-05-14,2025-05-14,CM,BSE,STK,544057,INE330T01021,HAPPYFORGE,B,,,,,Happy Forgings Limited,817.9,836.5,817.9,835.35,836.5,821.5,,835.25,,,1175,974732.0,217,F1,1,,,,,,2025-05-14
2025-05-14,2025-05-14,CM,BSE,STK,544058,INE220Q01020,MUFTI,B,,,,,Credo Brands Marketing Limited,131.8,138.0,131.8,136.25,136.0,133.9,,136.29,,,10424,1416651.0,415,F1,1,,,,,,2025-05-14
2025-05-14,2025-05-14,CM,BSE,STK,544059,INE0QZQ01019,SHANTIDENM,M,,,,,SHANTI SPINTEX LIMITED,60.0,60.0,59.5,59.5,59.5,60.99,,59.5,,,6000,358020.0,3,F1,2000,,,,,,2025-05-14
2025-05-14,2025-05-14,CM,BSE,STK,544060,INE0PEQ01016,RBZJEWEL,T,,,,,RBZ Jewellers Limited,139.95,139.95,139.95,139.95,139.95,137.25,,139.95,,,325,45483.0,2,F1,1,,,,,,2025-05-14
2025-05-14,2025-05-14,CM,BSE,STK,544061,INE02IJ01035,AZAD,A,,,,,Azad Engineering Limited,1748.4,1786.15,1730.8,1756.35,1756.35,1730.3,,1759.6,,,29347,51557817.0,3143,F1,1,,,,,,2025-05-14
2025-05-14,2025-05-14,CM,BSE,STK,544066,INE0Q3R01026,SUNCLAY,B,,,,,SUNDARAM-CLAYTON LIMITED,2070.5,2262.5,2070.5,2245.6,2249.0,2087.8,,2244.0,,,1438,3158036.0,331,F1,1,,,,,,2025-05-14
2025-05-14,2025-05-14,CM,BSE,STK,544067,INE0DUT01020,INNOVACAP,B,,,,,INNOVA CAPTAB LIMITED,899.6,939.3,899.6,924.05,930.0,907.35,,926.15,,,5493,5082229.0,894,F1,1,,,,,,2025-05-14
2025-05-14,2025-05-14,CM,BSE,STK,544072,INE0QFT01015,AIKPIPES,M,,,,,AIK Pipes and Polymers Limited,82.8,82.8,82.8,82.8,82.8,82.49,,82.8,,,800,66240.0,1,F1,800,,,,,,2025-05-14
2025-05-14,2025-05-14,CM,BSE,STK,544073,INE0A6N01026,MCPL,M,,,,,Manoj Ceramic Limited,172.2,172.2,172.2,172.2,172.2,164.0,,172.2,,,2000,344400.0,2,F1,1000,,,,,,2025-05-14
2025-05-14,2025-05-14,CM,BSE,STK,544074,INE0RNZ01014,SBVCL,MT,,,,,Shri Balaji Valve Components L,117.25,117.25,117.25,117.25,117.25,119.6,,117.25,,,1200,140700.0,2,F1,600,,,,,,2025-05-14
2025-05-14,2025-05-14,CM,BSE,STK,544079,INE0PSC01024,DIGIDRIVE,B,,,,,DIGIDRIVE DISTRIBUTORS LIMITED,31.0,33.66,31.0,32.98,33.1,32.7,,33.01,,,2088,68779.0,59,F1,1,,,,,,2025-05-14
2025-05-14,2025-05-14,CM,BSE,STK,544080,INE0MGS01014,SHILINDORE,XT,,,,,Sayaji Hotels (Indore) Limited,1298.5,1298.5,1298.5,1298.5,1298.5,1299.0,,1298.5,,,1,1298.0,1,F1,1,,,,,,2025-05-14
2025-05-14,2025-05-14,CM,BSE,STK,544081,INE980O01024,JYOTICNC,A,,,,,Jyoti CNC Automation Limited,1237.15,1248.95,1218.0,1239.35,1239.05,1239.25,,1239.7,,,36694,45237852.0,2464,F1,1,,,,,,2025-05-14
2025-05-14,2025-05-14,CM,BSE,STK,544082,INE0GEN01012,SWANAGRO,M,,,,,New Swan Multitech Limited,52.2,57.45,52.2,55.01,57.45,50.1,,55.01,,,14000,764500.0,7,F1,2000,,,,,,2025-05-14
2025-05-14,2025-05-14,CM,BSE,STK,544083,INE0QIS01011,SHREE,MT,,,,,Shree Marutinandan Tubes Limit,67.7,68.42,67.7,68.42,68.42,65.17,,68.42,,,2500,170330.0,5,F1,500,,,,,,2025-05-14
2025-05-14,2025-05-14,CM,BSE,STK,544088,INE456Z01021,MEDIASSIST,B,,,,,Medi Assist Healthcare Service,481.75,486.65,471.35,483.9,483.75,471.15,,484.55,,,12205,5842226.0,858,F1,1,,,,,,2025-05-14
2025-05-14,2025-05-14,CM,BSE,STK,544089,INF0R8F01034,LIQUIDCASE,F,,,,,Zerodha Mutual Fund,108.53,108.55,108.53,108.53,108.53,108.52,,108.53,,,2910419,315880450.0,1177,F1,1,,,,,,2025-05-14
2025-05-14,2025-05-14,CM,BSE,STK,544090,INE07G501017,SHPLPUNE,X,,,,,Sayaji Hotels (Pune) Limited,699.8,729.85,695.0,714.1,700.0,695.4,,714.1,,,225,161020.0,25,F1,1,,,,,,2025-05-14
2025-05-14,2025-05-14,CM,BSE,STK,544091,INE0Q1R01012,QLL,M,,,,,Qualitek Labs Limited,299.6,300.95,287.45,294.95,294.95,292.25,,294.95,,,2400,709380.0,6,F1,400,,,,,,2025-05-14
2025-05-14,2025-05-14,CM,BSE,STK,544092,INF0QA701722,NIFTYBETF,B,,,,,Bajaj Finserv Mutual Fund,249.2,250.55,248.79,248.79,248.79,249.11,,249.21,,,3063,766754.0,23,F1,1,,,,,,2025-05-14
2025-05-14,2025-05-14,CM,BSE,STK,544093,INF0QA701714,BANKBETF,B,,,,,Bajaj Finserv Mutual Fund,55.38,55.38,55.0,55.28,55.28,55.23,,55.24,,,265,14613.0,17,F1,1,,,,,,2025-05-14
2025-05-14,2025-05-14,CM,BSE,STK,544094,INE0PYT01018,EUPHORIAIT,M,,,,,Euphoria Infotech (India) Limi,46.48,46.49,45.0,46.49,46.49,42.27,,46.49,,,14400,664896.0,12,F1,1200,,,,,,2025-05-14
2025-05-14,2025-05-14,CM,BSE,STK,544095,INE0G5901015,EPACK,B,,,,,EPACK Durable Limited,363.8,371.35,357.6,367.2,368.65,357.45,,367.25,,,169859,61706629.0,4632,F1,1,,,,,,2025-05-14
2025-05-14,2025-05-14,CM,BSE,STK,544100,INE02H701025,NOVAAGRI,B,,,,,Nova Agritech Limited,46.8,48.25,46.7,47.74,47.9,46.71,,47.78,,,54432,2589948.0,1161,F1,1,,,,,,2025-05-14
2025-05-14,2025-05-14,CM,BSE,STK,544102,INF789F1AZD8,NIFITETF,B,,,,,UTI Mutual Fund,387.0,387.0,387.0,387.0,387.0,382.22,,386.68,,,1,387.0,1,F1,1,,,,,,2025-05-14
2025-05-14,2025-05-14,CM,BSE,STK,544104,INF789F1AZF3,NIF10GETF,F,,,,,UTI Mutual Fund,26.0,26.5,26.0,26.06,26.19,25.64,,25.95,,,644,16783.0,6,F1,1,,,,,,2025-05-14
2025-05-14,2025-05-14,CM,BSE,STK,544105,INE0OLZ01015,HARSHDEEP,M,,,,,HARSHDEEP HORTICO LIMITED,71.06,71.06,70.0,71.0,71.0,70.9,,71.0,,,10500,740940.0,6,F1,1500,,,,,,2025-05-14
2025-05-14,2025-05-14,CM,BSE,STK,544106,INE0R5Z01015,MCFL,M,,,,,Mayank Cattle Food Limited,228.05,228.05,227.05,228.0,228.0,225.2,,228.0,,,8400,1913580.0,13,F1,600,,,,,,2025-05-14
2025-05-14,2025-05-14,CM,BSE,STK,544107,INE0NLT01010,BLSE,B,,,,,BLS E-Services Limited,157.75,158.45,154.5,157.55,158.05,152.75,,157.35,,,20885,3268693.0,643,F1,1,,,,,,2025-05-14
2025-05-14,2025-05-14,CM,BSE,STK,544108,INE0QZF01012,GPSL,M,,,,,Gabriel Pet Straps Limited,185.0,185.0,177.0,177.0,177.0,181.0,,177.0,,,1200,217200.0,2,F1,600,,,,,,2025-05-14
2025-05-14,2025-05-14,CM,BSE,STK,544109,INF740KA1UF4,HEALTHADD,B,,,,,DSP Mutual Fund,140.0,140.0,139.43,139.43,139.43,140.01,,139.63,,,87,12158.0,4,F1,1,,,,,,2025-05-14
2025-05-14,2025-05-14,CM,BSE,STK,544110,INF179KC1HW4,HDFCPSUBK,B,,,,,HDFC Mutual Fund,66.26,66.5,66.0,66.19,66.18,65.93,,66.32,,,3850,255214.0,37,F1,1,,,,,,2025-05-14
2025-05-14,2025-05-14,CM,BSE,STK,544111,INE988S01028,PARKHOTELS,B,,,,,Apeejay Surrendra Park Hotels,147.0,150.7,147.0,148.1,149.2,147.0,,148.29,,,16984,2525098.0,548,F1,1,,,,,,2025-05-14
2025-05-14,2025-05-14,CM,BSE,STK,544112,INE0QXV01014,JGTL,X,,,,,JASCH GAUGING TECHNOLOGIES LIM,556.05,575.0,546.25,550.85,550.85,555.0,,550.85,,,1014,564414.0,28,F1,1,,,,,,2025-05-14
2025-05-14,2025-05-14,CM,BSE,STK,544117,INE0KGZ01021,SIGNPOST,B,,,,,Signpost India Limited,213.4,226.75,213.4,221.55,218.2,213.4,,220.18,,,9589,2123392.0,1177,F1,1,,,,,,2025-05-14
2025-05-14,2025-05-14,CM,BSE,STK,544118,INE953L01027,JSFB,B,,,,,JANA SMALL FINANCE BANK LIMITE,522.95,523.9,507.5,509.9,509.0,519.05,,510.8,,,18147,9387441.0,1068,F1,1,,,,,,2025-05-14
2025-05-14,2025-05-14,CM,BSE,STK,544119,INE0J1F01024,RPTECH,B,,,,,Rashi Peripherals Limited,299.5,303.1,298.0,301.1,302.3,299.45,,301.05,,,5077,1526388.0,212,F1,1,,,,,,2025-05-14
2025-05-14,2025-05-14,CM,BSE,STK,544120,INE646H01017,CAPITALSFB,B,,,,,Capital Small Finance Bank Ltd,275.0,285.0,275.0,284.0,284.8,276.3,,284.25,,,7010,1969097.0,761,F1,1,,,,,,2025-05-14
2025-05-14,2025-05-14,CM,BSE,STK,544121,INE0OYK01010,RUDRAGAS,MT,,,,,Rudra Gas Enterprise Limited,98.96,98.96,98.96,98.96,98.96,94.25,,98.96,,,3000,296880.0,2,F1,1000,,,,,,2025-05-14
2025-05-14,2025-05-14,CM,BSE,STK,544122,INE010601016,ENTERO,B,,,,,Entero Healthcare Solutions Li,1447.6,1475.0,1440.0,1456.05,1453.8,1457.2,,1455.3,,,4941,7184628.0,726,F1,1,,,,,,2025-05-14
2025-05-14,2025-05-14,CM,BSE,STK,544123,INF767K01RN1,LICNMID100,B,,,,,LIC Mutual Fund,55.97,55.97,55.7,55.74,55.7,55.7,,55.97,,,13,724.0,4,F1,1,,,,,,2025-05-14
2025-05-14,2025-05-14,CM,BSE,STK,544124,INE0QTF01015,VSTL,B,,,,,VIBHOR STEEL TUBES LIMITED,152.6,155.6,151.65,155.25,154.0,151.55,,154.8,,,6675,1028665.0,164,F1,1,,,,,,2025-05-14
2025-05-14,2025-05-14,CM,BSE,STK,544129,INE696F01016,JUNIPER,A,,,,,Juniper Hotels Limited,301.3,319.95,299.75,318.95,319.85,304.7,,318.8,,,18499,5729205.0,777,F1,1,,,,,,2025-05-14
2025-05-14,2025-05-14,CM,BSE,STK,544130,INF769K01LC3,SMALLCAP,B,,,,,Mirae Asset Mutual Fund,43.4,43.89,43.15,43.75,43.78,43.23,,43.78,,,252448,10994394.0,1798,F1,1,,,,,,2025-05-14
2025-05-14,2025-05-14,CM,BSE,STK,544131,INE486R01017,GPTHEALTH,B,,,,,GPT Healthcare Limited,156.7,160.35,156.7,159.15,158.0,156.65,,158.5,,,3099,490981.0,136,F1,1,,,,,,2025-05-14
2025-05-14,2025-05-14,CM,BSE,STK,544132,INF0R8F01042,GOLDCASE,E,,,,,Zerodha Mutual Fund,14.95,14.95,14.82,14.92,14.92,15.0,,14.93,,,605763,9012951.0,1104,F1,1,,,,,,2025-05-14
2025-05-14,2025-05-14,CM,BSE,STK,544133,INE777F01014,EXICOM,B,,,,,EXICOM TELE-SYSTEMS LIMITED,166.25,172.75,166.2,170.75,170.75,167.05,,170.67,,,56564,9626525.0,1639,F1,1,,,,,,2025-05-14
2025-05-14,2025-05-14,CM,BSE,STK,544134,INE0PT501018,PLATIND,B,,,,,Platinum Industries Limited,255.05,261.55,252.85,258.2,259.0,273.75,,258.4,,,15240,3925113.0,603,F1,1,,,,,,2025-05-14
2025-05-14,2025-05-14,CM,BSE,STK,544135,INE0CG401037,MUKKA,B,,,,,Mukka Proteins Limited,31.5,31.75,31.11,31.49,31.55,31.38,,31.47,,,63766,2002828.0,775,F1,1,,,,,,2025-05-14
2025-05-14,2025-05-14,CM,BSE,STK,544136,INE0NQ801033,RKSWAMY,B,,,,,R K Swamy Limited,213.25,215.0,208.6,213.45,212.3,213.2,,213.74,,,7714,1648652.0,140,F1,1,,,,,,2025-05-14
2025-05-14,2025-05-14,CM,BSE,STK,544137,INE0NHL23019,INDUSINVIT,IF,,,,,Indus Infra Trust,109.63,110.31,109.26,110.08,110.0,109.77,,110.01,,,6254,687291.0,181,F1,1,,,,,,2025-05-14
2025-05-14,2025-05-14,CM,BSE,STK,544138,INE0MB501011,JGCHEM,B,,,,,J.G.Chemicals Limited,330.15,358.0,330.15,354.05,356.0,334.9,,355.3,,,14716,5105781.0,1037,F1,1,,,,,,2025-05-14
2025-05-14,2025-05-14,CM,BSE,STK,544139,INE0M8R01011,KOURA,M,,,,,KOURA FINE DIAMOND JEWELRY LIM,31.22,31.22,28.35,28.35,28.35,28.91,,28.35,,,4000,119140.0,2,F1,2000,,,,,,2025-05-14
2025-05-14,2025-05-14,CM,BSE,STK,544140,INE0L9R01028,GOPAL,B,,,,,Gopal Snacks Limited,293.0,293.95,288.8,292.95,293.0,292.0,,292.5,,,7100,2067137.0,396,F1,1,,,,,,2025-05-14
2025-05-14,2025-05-14,CM,BSE,STK,544141,INE510U01018,PESB,M,,,,,Pune E - Stock Broking Limited,139.9,139.9,136.35,136.5,136.5,139.0,,136.5,,,2400,330200.0,3,F1,800,,,,,,2025-05-14
2025-05-14,2025-05-14,CM,BSE,STK,544142,INE0PB301013,SCILAL,B,,,,,Shipping Corporation of India,48.99,49.58,48.34,48.77,48.98,48.34,,48.8,,,242289,11837980.0,1726,F1,1,,,,,,2025-05-14
2025-05-14,2025-05-14,CM,BSE,STK,544143,INE0QQG01019,ROYAL,M,,,,,Royal Sense Limited,211.0,220.5,205.0,216.9,220.5,210.0,,216.9,,,5000,1055875.0,9,F1,500,,,,,,2025-05-14
2025-05-14,2025-05-14,CM,BSE,STK,544144,INE772T01024,PVSL,B,,,,,Popular Vehicles and Services,104.65,107.7,104.0,105.85,106.25,105.9,,105.87,,,4502,475078.0,104,F1,1,,,,,,2025-05-14
2025-05-14,2025-05-14,CM,BSE,STK,544149,INE0QN801017,KRYSTAL,B,,,,,KRYSTAL INTEGRATED SERVICES LI,668.0,682.0,636.6,660.55,682.0,664.65,,669.05,,,6835,4463785.0,326,F1,1,,,,,,2025-05-14
2025-05-14,2025-05-14,CM,BSE,STK,544150,INE0QVH01025,KPGEL,M,,,,,KP GREEN ENGINEERING LIMITED,459.0,498.0,458.0,482.85,482.85,456.4,,482.85,,,576750,276928737.0,1886,F1,250,,,,,,2025-05-14
2025-05-14,2025-05-14,CM,BSE,STK,544156,INE0QHY01011,GCONNECT,MT,,,,,Gconnect Logitech and Supply C,23.56,23.56,23.56,23.56,23.56,23.1,,23.56,,,3000,70680.0,2,F1,1500,,,,,,2025-05-14
2025-05-14,2025-05-14,CM,BSE,STK,544157,INE0OMZ01013,VRUDDHI,MT,,,,,Vruddhi Engineering Works Limi,162.55,162.55,153.55,153.55,153.55,161.6,,153.55,,,3000,470675.0,6,F1,500,,,,,,2025-05-14
2025-05-14,2025-05-14,CM,BSE,STK,544158,INE0R6Z01013,SRM,B,,,,,SRM CONTRACTORS LIMITED,339.9,343.3,335.3,339.85,341.95,334.35,,340.0,,,3510,1191684.0,441,F1,1,,,,,,2025-05-14
2025-05-14,2025-05-14,CM,BSE,STK,544159,INF740KA1UM0,LIQUIDADD,F,,,,,DSP BSE Liquid Rate ETF,1072.16,1072.16,1072.14,1072.14,1072.14,1071.98,,1072.14,,,338,362387.0,6,F1,1,,,,,,2025-05-14
2025-05-14,2025-05-14,CM,BSE,STK,544160,INE0MSS01019,JAYKAILASH,M,,,,,Jay Kailash Namkeen Limited,66.95,66.95,61.25,62.73,62.3,64.37,,62.73,,,192000,12055536.0,90,F1,1600,,,,,,2025-05-14
2025-05-14,2025-05-14,CM,BSE,STK,544161,INE266Y01019,DPABHUSHAN,B,,,,,D P ABHUSHAN LIMITED,1456.5,1501.25,1456.5,1492.9,1498.0,1450.6,,1495.3,,,2271,3377854.0,364,F1,1,,,,,,2025-05-14
2025-05-14,2025-05-14,CM,BSE,STK,544162,INE343G01021,BHARTIHEXA,B,,,,,Bharti Hexacom Limited,1781.05,1794.4,1691.0,1703.2,1703.2,1704.4,,1698.8,,,36077,62441611.0,3500,F1,1,,,,,,2025-05-14
2025-05-14,2025-05-14,CM,BSE,STK,544163,INE0S0701019,GVL,MT,,,,,Greenhitech Ventures Limited,125.95,125.95,125.95,125.95,125.95,125.95,,125.95,,,3000,377850.0,2,F1,1000,,,,,,2025-05-14
2025-05-14,2025-05-14,CM,BSE,STK,544164,INE0Q9W01015,FAALCON,M,,,,,Faalcon Concepts Limited,49.23,50.0,49.23,50.0,50.0,49.23,,50.0,,,4000,198460.0,2,F1,2000,,,,,,2025-05-14
2025-05-14,2025-05-14,CM,BSE,STK,544166,INE0SDC01012,EMMFORCE,MT,,,,,EMMFORCE AUTOTECH LIMITED,76.1,79.0,76.0,78.23,78.2,78.0,,78.23,,,10800,842160.0,9,F1,1200,,,,,,2025-05-14
2025-05-14,2025-05-14,CM,BSE,STK,544167,INE0OAF01028,JNKINDIA,B,,,,,JNK India Limited,387.0,387.0,370.5,378.9,380.0,372.5,,378.35,,,9165,3473882.0,825,F1,1,,,,,,2025-05-14
2025-05-14,2025-05-14,CM,BSE,STK,544168,INE0R6801013,VARYAA,MT,,,,,VARYAA CREATIONS LIMITED,63.01,63.01,62.48,62.48,62.48,63.75,,62.48,,,3000,187970.0,3,F1,1000,,,,,,2025-05-14
2025-05-14,2025-05-14,CM,BSE,STK,544169,INE0QSB01016,AMKAY,M,,,,,Amkay Products Limited,48.0,48.0,45.0,45.0,45.0,46.0,,45.0,,,14000,653020.0,7,F1,2000,,,,,,2025-05-14
2025-05-14,2025-05-14,CM,BSE,STK,544170,INE0QXT01018,SAI,M,,,,,Sai Swami Metals and Alloys Li,32.75,33.55,32.75,33.5,33.5,34.7,,33.5,,,6000,199600.0,3,F1,2000,,,,,,2025-05-14
2025-05-14,2025-05-14,CM,BSE,STK,544171,INE0RGM01016,STAL,MT,,,,,Storage Technologies and Autom,104.0,104.9,104.0,104.7,104.5,104.5,,104.7,,,3200,333920.0,3,F1,800,,,,,,2025-05-14
2025-05-14,2025-05-14,CM,BSE,STK,544172,INE065X01017,INDGN,B,,,,,Indegene Limited,571.85,576.3,565.35,571.75,572.95,571.25,,573.15,,,4488,2562305.0,382,F1,1,,,,,,2025-05-14
2025-05-14,2025-05-14,CM,BSE,STK,544173,INE0QOQ01013,FTL,MT,,,,,Finelistings Technologies Limi,35.0,35.95,35.0,35.95,35.95,35.4,,35.95,,,2000,70950.0,2,F1,1000,,,,,,2025-05-14
2025-05-14,2025-05-14,CM,BSE,STK,544174,INE673O01025,TBOTEK,B,,,,,TBO TEK LIMITED,1180.55,1214.9,1180.5,1190.0,1184.3,1184.5,,1192.3,,,6668,7981752.0,584,F1,1,,,,,,2025-05-14
2025-05-14,2025-05-14,CM,BSE,STK,544175,INE0SMU01015,TGIF,M,,,,,TGIF AGRIBUSINESS LIMITED,100.0,100.0,100.0,100.0,100.0,101.0,,100.0,,,2400,240000.0,2,F1,1200,,,,,,2025-05-14
2025-05-14,2025-05-14,CM,BSE,STK,544176,INE883F01010,AADHARHFC,B,,,,,Aadhar Housing Finance Limited,464.0,465.35,449.0,450.3,450.3,460.35,,450.5,,,7754,3511924.0,509,F1,1,,,,,,2025-05-14
2025-05-14,2025-05-14,CM,BSE,STK,544177,INE0SCB01016,AZTEC,M,,,,,Aztec Fluids & Machinery Limit,97.49,100.5,97.49,99.75,99.0,99.41,,99.75,,,6000,590490.0,6,F1,1000,,,,,,2025-05-14
2025-05-14,2025-05-14,CM,BSE,STK,544178,INE0R4W01015,PIOTEX,MT,,,,,PIOTEX INDUSTRIES LIMITED,39.8,39.8,39.8,39.8,39.8,38.0,,39.8,,,1200,47760.0,1,F1,1200,,,,,,2025-05-14
2025-05-14,2025-05-14,CM,BSE,STK,544179,INE03JT01014,GODIGIT,B,,,,,Go Digit General Insurance Lim,294.35,304.5,294.3,296.95,295.8,299.75,,296.95,,,63719,19215264.0,1672,F1,1,,,,,,2025-05-14
2025-05-14,2025-05-14,CM,BSE,STK,544180,INF769K01LJ8,MIDSMALL,B,,,,,Mirae Asset Mutual Fund,48.06,48.3,47.95,48.24,48.3,47.55,,48.28,,,3478,167331.0,76,F1,1,,,,,,2025-05-14
2025-05-14,2025-05-14,CM,BSE,STK,544181,INE108V01019,AWFIS,B,,,,,Awfis Space Solutions Limited,623.3,628.0,616.9,618.9,619.0,622.25,,621.0,,,4228,2627024.0,386,F1,1,,,,,,2025-05-14
2025-05-14,2025-05-14,CM,BSE,STK,544182,INF0QA701854,LIQUIDBETF,F,,,,,Bajaj Finserv Mutual Fund,1030.17,1030.17,1030.15,1030.17,1030.17,1030.0,,1030.16,,,182,187488.0,3,F1,1,,,,,,2025-05-14
2025-05-14,2025-05-14,CM,BSE,STK,544184,INE02L001032,BOROSCI,B,,,,,Borosil Scientific Limited,137.05,138.0,133.6,134.25,135.95,135.4,,134.7,,,2406,326383.0,204,F1,1,,,,,,2025-05-14
2025-05-14,2025-05-14,CM,BSE,STK,544185,INE257C01014,ADTECH,X,,,,,ADTECH SYSTEMS LIMITED,68.0,70.9,65.0,69.0,69.0,67.19,,69.0,,,7826,536925.0,89,F1,1,,,,,,2025-05-14
2025-05-14,2025-05-14,CM,BSE,STK,544186,INE0TT901016,TOTEM,T,,,,,Forbes Precision Tools and Mac,176.4,178.0,176.0,177.0,177.0,175.75,,177.0,,,3578,633118.0,49,F1,1,,,,,,2025-05-14
2025-05-14,2025-05-14,CM,BSE,STK,544187,INE0ATZ01017,KRONOX,B,,,,,KRONOX LAB SCIENCES LIMITED,138.55,145.0,138.55,144.2,145.0,138.05,,143.97,,,10712,1524108.0,593,F1,1,,,,,,2025-05-14
2025-05-14,2025-05-14,CM,BSE,STK,544189,INE0QUV01010,SATTRIX,MT,,,,,SATTRIX INFORMATION SECURITY L,174.85,174.85,174.85,174.85,174.85,171.45,,174.85,,,3000,524550.0,2,F1,1000,,,,,,2025-05-14
2025-05-14,2025-05-14,CM,BSE,STK,544191,INE0CYK01015,PURPLEFIN,X,,,,,Purple Finance Limited,47.25,47.25,45.11,45.73,45.73,46.3,,45.73,,,56685,2619129.0,109,F1,1,,,,,,2025-05-14
2025-05-14,2025-05-14,CM,BSE,STK,544192,INE0HV901016,IXIGO,B,,,,,Le Travenues Technology Limite,168.3,171.2,163.75,167.65,165.9,165.5,,167.64,,,134291,22539364.0,2892,F1,1,,,,,,2025-05-14
2025-05-14,2025-05-14,CM,BSE,STK,544193,INF0R8F01059,MID150CASE,B,,,,,Zerodha Mutual Fund,10.12,10.3,10.02,10.15,10.06,10.12,,10.21,,,179620,1829586.0,647,F1,1,,,,,,2025-05-14
2025-05-14,2025-05-14,CM,BSE,STK,544194,INF0R8F01067,TOP100CASE,B,,,,,Zerodha Mutual Fund,10.41,10.45,10.35,10.43,10.44,10.41,,10.42,,,98650,1026954.0,587,F1,1,,,,,,2025-05-14
2025-05-14,2025-05-14,CM,BSE,STK,544195,INE0S0I01011,COTFAB,MT,,,,,United Cotfab Limited,28.24,28.24,28.24,28.24,28.24,28.24,,28.24,,,2000,56480.0,1,F1,2000,,,,,,2025-05-14
2025-05-14,2025-05-14,CM,BSE,STK,544196,INF251K01TL6,BBNPNBETF,B,,,,,BARODA BNP PARIBAS MUTUAL FUND,55.15,55.15,54.3,54.3,54.3,55.34,,54.7,,,1088,59857.0,8,F1,1,,,,,,2025-05-14
2025-05-14,2025-05-14,CM,BSE,STK,544197,INE03DD01011,RETAIL,B,,,,,JHS SVENDGAARD RETAIL VENTURES,44.9,44.9,40.1,41.0,41.0,40.9,,40.61,,,353,14682.0,17,F1,1,,,,,,2025-05-14
2025-05-14,2025-05-14,CM,BSE,STK,544198,INE841L01016,DEEDEV,B,,,,,DEE DEVELOPMENT ENGINEERS LIMI,230.95,237.05,225.0,233.75,233.45,231.0,,233.85,,,5931,1358750.0,243,F1,1,,,,,,2025-05-14
2025-05-14,2025-05-14,CM,BSE,STK,544199,INE0RUJ01013,GEMENVIRO,MT,,,,,GEM Enviro Management Limited,76.26,84.28,76.26,76.26,76.26,80.27,,76.26,,,141600,10880800.0,96,F1,800,,,,,,2025-05-14
2025-05-14,2025-05-14,CM,BSE,STK,544200,INE916Y01027,AFIL,B,,,,,Akme Fintrade (India) Limited,7.11,7.4,7.02,7.15,7.1,7.19,,7.13,,,190309,1367147.0,298,F1,1,,,,,,2025-05-14
2025-05-14,2025-05-14,CM,BSE,STK,544201,INE0S6R01027,DFPL,MT,,,,,DINDIGUL FARM PRODUCT LIMITED,28.69,28.69,28.69,28.69,28.69,28.13,,28.69,,,4000,114760.0,2,F1,2000,,,,,,2025-05-14
2025-05-14,2025-05-14,CM,BSE,STK,544202,INE01A001028,STANLEY,B,,,,,STANLEY LIFESTYLES LIMITED,357.6,369.0,356.0,364.8,368.45,354.6,,362.85,,,4357,1569544.0,281,F1,1,,,,,,2025-05-14
2025-05-14,2025-05-14,CM,BSE,STK,544203,INE552Z01027,ABDL,B,,,,,Allied Blenders and Distillers,386.6,397.0,374.4,391.9,391.9,381.0,,393.0,,,114951,44161609.0,3920,F1,1,,,,,,2025-05-14
2025-05-14,2025-05-14,CM,BSE,STK,544204,INE0S2V01010,VRAJ,B,,,,,VRAJ IRON AND STEEL LIMITED,156.95,173.05,156.95,168.8,168.8,154.0,,169.09,,,13471,2271225.0,664,F1,1,,,,,,2025-05-14
2025-05-14,2025-05-14,CM,BSE,STK,544205,INE0PO601011,NPL,X,,,,,National Peroxide Limited,586.45,590.0,575.0,582.0,582.0,586.45,,582.0,,,1139,666391.0,77,F1,1,,,,,,2025-05-14
2025-05-14,2025-05-14,CM,BSE,STK,544206,INF200KB1217,SBISILVER,E,,,,,SBI Mutual Fund,96.08,96.08,94.61,95.86,95.86,96.93,,95.73,,,5958,567621.0,178,F1,1,,,,,,2025-05-14
2025-05-14,2025-05-14,CM,BSE,STK,544207,INE375Y01018,RELIABLE,B,,,,,Reliable Data Services Limited,75.0,75.0,70.8,71.55,71.29,72.5,,71.68,,,2409,173056.0,107,F1,1,,,,,,2025-05-14
2025-05-14,2025-05-14,CM,BSE,STK,544208,INF680P01422,LIQUIDSHRI,F,,,,,Shriram Mutual Fund,1052.59,1052.6,1052.59,1052.6,1052.6,1052.43,,1052.59,,,53,55787.0,2,F1,1,,,,,,2025-05-14
2025-05-14,2025-05-14,CM,BSE,STK,544209,INE0B9K01025,BANSALWIRE,B,,,,,Bansal Wire Industries Limited,377.05,396.0,376.55,390.6,393.5,364.75,,390.8,,,14191,5406087.0,307,F1,1,,,,,,2025-05-14
2025-05-14,2025-05-14,CM,BSE,STK,544210,INE168P01015,EMCURE,B,,,,,Emcure Pharmaceuticals Limited,1037.1,1062.8,1029.05,1057.9,1052.1,1037.6,,1055.7,,,3781,3957214.0,328,F1,1,,,,,,2025-05-14
2025-05-14,2025-05-14,CM,BSE,STK,544211,INF209KC1134,ABGSEC,F,,,,,Aditya Birla Sun Life Mutual F,109.99,110.14,109.65,110.14,110.14,110.08,,109.92,,,15,1649.0,6,F1,1,,,,,,2025-05-14
2025-05-14,2025-05-14,CM,BSE,STK,544212,INF769K01LQ3,EVINDIA,B,,,,,Mirae Asset Mutual Fund,28.36,28.74,28.34,28.62,28.64,28.36,,28.59,,,13098,374457.0,1257,F1,1,,,,,,2025-05-14
2025-05-14,2025-05-14,CM,BSE,STK,544213,INE0T3401029,ACLD,M,,,,,AELEA COMMODITIES LIMITED,181.0,186.0,181.0,184.9,184.9,180.75,,184.9,,,16800,3105450.0,23,F1,600,,,,,,2025-05-14
2025-05-14,2025-05-14,CM,BSE,STK,544214,INE0UK501010,THREEMPAPE,MT,,,,,THREE M PAPER BOARDS LIMITED,37.8,37.8,37.8,37.8,37.8,36.1,,37.8,,,2000,75600.0,1,F1,2000,,,,,,2025-05-14
2025-05-14,2025-05-14,CM,BSE,STK,544215,INF200KB1282,SBINEQWETF,B,,,,,SBI Mutual Fund,30.83,31.06,30.6,30.89,30.89,30.7,,30.82,,,13735,424384.0,50,F1,1,,,,,,2025-05-14
2025-05-14,2025-05-14,CM,BSE,STK,544216,INF109KC18W3,OILIETF,B,,,,,ICICI Prudential Mutual Fund,11.4,11.5,11.36,11.48,11.47,11.36,,11.48,,,262705,3011051.0,468,F1,1,,,,,,2025-05-14
2025-05-14,2025-05-14,CM,BSE,STK,544217,INE08NE01025,SANSTAR,B,,,,,SANSTAR LIMITED,89.75,92.53,89.75,92.03,92.3,89.85,,91.9,,,16655,1523295.0,522,F1,1,,,,,,2025-05-14
2025-05-14,2025-05-14,CM,BSE,STK,544218,INF209KB19Z4,ABSLPSE,B,,,,,Aditya Birla Sun Life Mutual F,9.81,9.89,9.77,9.83,9.8,9.77,,9.84,,,33092,325332.0,117,F1,1,,,,,,2025-05-14
2025-05-14,2025-05-14,CM,BSE,STK,544219,INE0MNP01016,VVIPIL,MT,,,,,VVIP Infratech Limited,179.4,184.9,175.7,184.9,184.9,184.9,,184.9,,,21600,3864450.0,25,F1,600,,,,,,2025-05-14
2025-05-14,2025-05-14,CM,BSE,STK,544221,INE0RMR01013,KIZI,M,,,,,Kizi Apparels Limited,17.5,18.25,16.95,18.0,18.0,17.95,,18.0,,,24000,424800.0,7,F1,3000,,,,,,2025-05-14
2025-05-14,2025-05-14,CM,BSE,STK,544222,INE09XN01023,AKUMS,B,,,,,Akums Drugs and Pharmaceutical,514.65,525.6,512.85,518.75,517.3,512.3,,519.8,,,5028,2611194.0,320,F1,1,,,,,,2025-05-14
2025-05-14,2025-05-14,CM,BSE,STK,544223,INE0AG901020,CEIGALL,B,,,,,Ceigall India Limited,252.5,260.1,252.5,259.2,258.65,253.15,,259.0,,,12372,3190918.0,610,F1,1,,,,,,2025-05-14
2025-05-14,2025-05-14,CM,BSE,STK,544224,INE0OXY01013,AFCOM,M,,,,,Afcom Holdings Limited,655.0,686.0,651.0,669.1,669.1,650.2,,669.1,,,74400,49923516.0,264,F1,240,,,,,,2025-05-14
2025-05-14,2025-05-14,CM,BSE,STK,544225,INE0LXG01040,OLAELEC,B,,,,,Ola Electric Mobility Limited,50.54,51.95,49.89,51.63,51.63,50.09,,51.63,,,4718501,241578001.0,12345,F1,1,,,,,,2025-05-14
2025-05-14,2025-05-14,CM,BSE,STK,544226,INE02RE01045,FIRSTCRY,B,,,,,Brainbees Solutions Limited,345.0,350.9,338.1,340.05,339.3,344.3,,340.1,,,28281,9673560.0,1116,F1,1,,,,,,2025-05-14
2025-05-14,2025-05-14,CM,BSE,STK,544227,INE00U401027,UNIECOM,B,,,,,UNICOMMERCE ESOLUTIONS LIMITED,137.85,138.3,134.15,135.15,135.5,137.85,,135.25,,,41578,5627637.0,611,F1,1,,,,,,2025-05-14
2025-05-14,2025-05-14,CM,BSE,STK,544229,INF109KC19W1,METALIETF,B,,,,,ICICI Prudential Mutual Fund,8.91,9.07,8.9,9.03,9.03,8.84,,9.04,,,5595003,50457258.0,1180,F1,1,,,,,,2025-05-14
2025-05-14,2025-05-14,CM,BSE,STK,544230,INE0PQ101010,SSDL,B,,,,,SARASWATI SAREE DEPOT LIMITED,90.15,93.79,90.15,92.92,92.71,89.5,,93.06,,,1807,166775.0,97,F1,1,,,,,,2025-05-14
2025-05-14,2025-05-14,CM,BSE,STK,544232,INE00M901018,INTERARCH,B,,,,,Interarch Building Solutions L,1775.05,1898.95,1764.95,1828.8,1829.0,1774.6,,1828.3,,,36536,67199646.0,3575,F1,1,,,,,,2025-05-14
2025-05-14,2025-05-14,CM,BSE,STK,544233,INE0US801024,MFML,T,,,,,Mahalaxmi Fabric Mills Limited,31.0,32.2,30.7,32.2,32.2,32.2,,32.09,,,195,6132.0,12,F1,1,,,,,,2025-05-14
2025-05-14,2025-05-14,CM,BSE,STK,544234,INE0URU01010,GLOBALE,T,,,,,Globale Tessile Limited,16.56,16.56,15.74,16.24,16.24,16.56,,16.34,,,1835,29506.0,21,F1,1,,,,,,2025-05-14
2025-05-14,2025-05-14,CM,BSE,STK,544235,INE0PPK01015,ORIENTTECH,B,,,,,Orient Technologies Limited,359.3,366.5,355.0,366.5,366.5,349.05,,366.6,,,9534,3448357.0,221,F1,1,,,,,,2025-05-14
2025-05-14,2025-05-14,CM,BSE,STK,544238,INE0BS701011,PREMIERENE,B,,,,,Premier Energies Limited,1033.75,1037.25,1010.0,1020.3,1020.3,1019.75,,1019.9,,,88559,90500571.0,3517,F1,1,,,,,,2025-05-14
2025-05-14,2025-05-14,CM,BSE,STK,544239,INE06HJ01020,ECOSMOBLTY,B,,,,,ECOS (India) Mobility & Hospit,213.9,213.9,205.85,206.95,207.7,205.2,,207.13,,,7314,1530209.0,382,F1,1,,,,,,2025-05-14
2025-05-14,2025-05-14,CM,BSE,STK,544240,INE02ID01020,RAYMONDLSL,B,,,,,Raymond Lifestyle Limited,1000.05,1011.3,970.25,980.0,980.1,1008.8,,979.7,,,8816,8674619.0,855,F1,1,,,,,,2025-05-14
2025-05-14,2025-05-14,CM,BSE,STK,544241,INF769K01LX9,MULTICAP,B,,,,,Mirae Asset Mutual Fund,15.44,15.53,15.38,15.51,15.53,15.41,,15.43,,,75957,1176912.0,189,F1,1,,,,,,2025-05-14
2025-05-14,2025-05-14,CM,BSE,STK,544242,INE0SG001011,TRAVELS,MT,,,,,Travels & rentals Limited,52.41,52.41,52.41,52.41,52.41,49.92,,52.41,,,9000,471690.0,3,F1,3000,,,,,,2025-05-14
2025-05-14,2025-05-14,CM,BSE,STK,544243,INE01FR01028,STYLEBAAZA,B,,,,,Baazar Style Retail Limited,322.05,325.35,319.0,320.35,320.35,320.3,,320.4,,,23897,7675518.0,1043,F1,1,,,,,,2025-05-14
2025-05-14,2025-05-14,CM,BSE,STK,544244,INE0RE001014,GALAPREC,B,,,,,Gala Precision Engineering Lim,862.95,895.0,856.2,884.25,889.0,855.25,,883.6,,,6159,5433608.0,662,F1,1,,,,,,2025-05-14
2025-05-14,2025-05-14,CM,BSE,STK,544245,INE0N4701016,NHL,MT,,,,,Naturewings Holidays Limited,72.15,72.15,68.62,68.62,68.62,72.15,,68.62,,,16000,1103568.0,2,F1,1600,,,,,,2025-05-14
2025-05-14,2025-05-14,CM,BSE,STK,544246,INE0DAB01012,RVTH,T,,,,,Revathi Equipment India Limite,902.0,938.9,889.05,901.5,901.5,901.9,,879.85,,,639,581205.0,29,F1,1,,,,,,2025-05-14
2025-05-14,2025-05-14,CM,BSE,STK,544247,INF740KA1UR9,TOP10ADD,B,,,,,DSP Mutual Fund,97.72,98.07,97.18,97.64,97.64,97.34,,97.63,,,21440,2094955.0,260,F1,1,,,,,,2025-05-14
2025-05-14,2025-05-14,CM,BSE,STK,544248,INE0UYT01018,MCEL,M,,,,,MACH CONFERENCES AND EVENTS LI,209.4,211.95,206.0,208.55,208.5,205.45,,208.55,,,24600,5111880.0,29,F1,600,,,,,,2025-05-14
2025-05-14,2025-05-14,CM,BSE,STK,544249,INE0S2G01011,BALAJEE,B,,,,,SHREE TIRUPATI BALAJEE AGRO TR,45.4,46.19,45.25,46.03,46.03,45.09,,46.0,,,13399,614318.0,302,F1,1,,,,,,2025-05-14
2025-05-14,2025-05-14,CM,BSE,STK,544250,INE0UOS01011,SANOFICONR,B,,,,,Sanofi Consumer Healthcare Ind,4967.45,5035.85,4875.0,4992.75,5000.0,4891.3,,4984.1,,,543,2683113.0,145,F1,1,,,,,,2025-05-14
2025-05-14,2025-05-14,CM,BSE,STK,544251,INE0LY301010,SSL,M,,,,,Share Samadhan Limited,79.2,79.2,76.0,76.26,76.0,78.0,,76.26,,,35200,2712752.0,22,F1,1600,,,,,,2025-05-14
2025-05-14,2025-05-14,CM,BSE,STK,544252,INE377Y01014,BAJAJHFL,B,,,,,Bajaj Housing Finance Limited,121.95,123.4,121.4,122.8,122.8,121.4,,122.8,,,896346,110008522.0,8278,F1,1,,,,,,2025-05-14
2025-05-14,2025-05-14,CM,BSE,STK,544253,INE0O6601022,KROSS,B,,,,,Kross Limited,163.05,166.8,163.05,165.05,164.5,163.35,,165.31,,,7267,1201341.0,349,F1,1,,,,,,2025-05-14
2025-05-14,2025-05-14,CM,BSE,STK,544254,INE0RWQ01014,TOLINS,T,,,,,Tolins Tyres Limited,130.0,133.0,130.0,131.9,131.3,131.05,,131.96,,,8310,1093556.0,140,F1,1,,,,,,2025-05-14
2025-05-14,2025-05-14,CM,BSE,STK,544256,INE953R01016,PNGJL,B,,,,,P N GADGIL JEWELLERS LIMITED,564.65,572.4,559.4,565.35,565.35,561.05,,566.2,,,28062,15844627.0,1401,F1,1,,,,,,2025-05-14
2025-05-14,2025-05-14,CM,BSE,STK,544257,INE0Q3401017,SAFE,MT,,,,,Sodhani Academy of Fintech Ena,277.0,277.0,271.0,271.0,271.0,276.0,,271.0,,,8500,2320500.0,8,F1,500,,,,,,2025-05-14
2025-05-14,2025-05-14,CM,BSE,STK,544258,INE0CJF01024,WCIL,B,,,,,Western Carriers (India) Limit,81.36,83.36,81.36,82.39,82.46,81.36,,82.33,,,29107,2392380.0,557,F1,1,,,,,,2025-05-14
2025-05-14,2025-05-14,CM,BSE,STK,544259,INE0PZB01013,PFL,M,,,,,POPULAR FOUNDATIONS LIMITED,31.3,31.3,31.3,31.3,31.3,31.4,,31.3,,,3000,93900.0,1,F1,3000,,,,,,2025-05-14
2025-05-14,2025-05-14,CM,BSE,STK,544260,INE850M01015,NORTHARC,B,,,,,Northern Arc Capital Ltd.,213.2,220.0,211.85,217.25,216.45,212.95,,217.21,,,55868,12103084.0,1566,F1,1,,,,,,2025-05-14
2025-05-14,2025-05-14,CM,BSE,STK,544261,INE0QRL01017,ARKADE,B,,,,,ARKADE DEVELOPERS LIMITED,165.9,166.25,159.95,162.85,162.65,164.3,,162.68,,,187465,30465756.0,2293,F1,1,,,,,,2025-05-14
2025-05-14,2025-05-14,CM,BSE,STK,544262,INE939X01013,MANBA,B,,,,,Manba Finance Limited,131.85,133.65,131.5,133.35,133.1,131.3,,132.98,,,4709,624808.0,190,F1,1,,,,,,2025-05-14
2025-05-14,2025-05-14,CM,BSE,STK,544263,INE0Q3J01015,KRN,B,,,,,KRN HEAT EXCHANGER AND REFRIGE,809.3,817.5,788.25,792.5,792.5,802.8,,792.2,,,65127,52089633.0,2821,F1,1,,,,,,2025-05-14
2025-05-14,2025-05-14,CM,BSE,STK,544264,INE184O01015,DIFFNKG,T,,,,,Diffusion Engineers Limited,262.0,268.9,253.05,267.8,268.0,262.2,,266.13,,,7373,1948791.0,115,F1,1,,,,,,2025-05-14
2025-05-14,2025-05-14,CM,BSE,STK,544265,INE0QUL01011,NEXXUS,M,,,,,Nexxus Petro Industries Limite,108.5,114.0,106.0,111.0,112.0,124.0,,111.0,,,10800,1175520.0,8,F1,1200,,,,,,2025-05-14
2025-05-14,2025-05-14,CM,BSE,STK,544266,INF769K01LZ4,BANKPSU,B,,,,,Mirae Asset Mutual Fund,66.05,66.26,65.39,65.85,65.85,65.64,,65.88,,,944,62348.0,18,F1,1,,,,,,2025-05-14
2025-05-14,2025-05-14,CM,BSE,STK,544267,INE0U6201010,SUBAM,M,,,,,SUBAM PAPERS LIMITED,95.0,97.55,94.7,96.39,97.55,93.52,,96.39,,,8800,846032.0,11,F1,800,,,,,,2025-05-14
2025-05-14,2025-05-14,CM,BSE,STK,544268,INF769K01LY7,METAL,B,,,,,Mirae Asset Mutual Fund,8.93,9.1,8.9,9.06,9.08,8.87,,9.06,,,419655,3802692.0,226,F1,1,,,,,,2025-05-14
2025-05-14,2025-05-14,CM,BSE,STK,544269,INE471R01019,NPFL,M,,,,,NEOPOLITAN PIZZA AND FOODS LIM,15.95,15.95,15.0,15.0,15.0,14.55,,15.0,,,18000,279600.0,3,F1,6000,,,,,,2025-05-14
2025-05-14,2025-05-14,CM,BSE,STK,544270,INE0S9501014,KGVL,M,,,,,Khyati Global Ventures Limited,62.01,62.01,62.01,62.01,62.01,64.0,,62.01,,,1200,74412.0,1,F1,1200,,,,,,2025-05-14
2025-05-14,2025-05-14,CM,BSE,STK,544271,INE0JVO01026,GARUDA,B,,,,,Garuda Construction and Engine,105.6,106.06,102.7,103.08,103.08,105.4,,103.13,,,68805,7137957.0,1116,F1,1,,,,,,2025-05-14
2025-05-14,2025-05-14,CM,BSE,STK,544272,INE0YRO01015,SHIVTEXCHEM,M,,,,,SHIV TEXCHEM LIMITED,279.8,279.8,264.1,264.65,265.0,265.05,,264.65,,,12000,3237440.0,15,F1,800,,,,,,2025-05-14
2025-05-14,2025-05-14,CM,BSE,STK,544273,INE0APB01032,MGEL,B,,,,,MANGALAM GLOBAL ENTERPRISE LIM,12.75,15.15,12.75,12.88,12.89,12.76,,12.84,,,2676,34429.0,60,F1,1,,,,,,2025-05-14
2025-05-14,2025-05-14,CM,BSE,STK,544274,INE0V6F01027,HYUNDAI,A,,,,,HYUNDAI MOTOR INDIA LIMITED,1768.9,1807.85,1768.9,1800.0,1801.0,1766.4,,1799.9,,,17940,32204556.0,1623,F1,1,,,,,,2025-05-14
2025-05-14,2025-05-14,CM,BSE,STK,544276,INE0OPA01019,DBEIL,B,,,,,Deepak Builders and Engineers,140.0,141.7,139.65,139.9,139.85,139.05,,140.23,,,6028,847802.0,81,F1,1,,,,,,2025-05-14
2025-05-14,2025-05-14,CM,BSE,STK,544277,INE377N01017,WAAREEENER,B,,,,,Waaree Energies Limited,2730.5,2873.05,2707.0,2816.2,2816.2,2687.0,,2808.3,,,208729,587776324.0,11916,F1,1,,,,,,2025-05-14
2025-05-14,2025-05-14,CM,BSE,STK,544278,INE0PK601023,OCCLLTD,B,,,,,OCCL Limited,82.48,84.19,82.19,82.84,82.41,82.67,,83.11,,,5024,416488.0,184,F1,1,,,,,,2025-05-14
2025-05-14,2025-05-14,CM,BSE,STK,544279,INE497S01012,GODAVARIB,T,,,,,Godavari Biorefineries Limited,185.5,189.95,181.0,189.05,189.95,180.95,,189.2,,,27705,5216966.0,292,F1,1,,,,,,2025-05-14
2025-05-14,2025-05-14,CM,BSE,STK,544280,INE101I01011,AFCONS,B,,,,,Afcons Infrastructure Limited,457.5,464.55,448.25,459.75,459.75,457.45,,458.35,,,96127,43869163.0,2380,F1,1,,,,,,2025-05-14
2025-05-14,2025-05-14,CM,BSE,STK,544281,INE00YB01017,ABINFRA,B,,,,,A B INFRABUILD LIMITED,103.0,106.05,101.74,105.71,105.71,100.81,,105.5,,,8110,850405.0,541,F1,1,,,,,,2025-05-14
2025-05-14,2025-05-14,CM,BSE,STK,544282,INE0W2G01015,SAGILITY,B,,,,,Sagility India Limited,45.86,47.19,45.64,47.06,47.06,44.95,,47.05,,,2301707,107577566.0,5708,F1,1,,,,,,2025-05-14
2025-05-14,2025-05-14,CM,BSE,STK,544283,INE622W01025,ACMESOLAR,B,,,,,ACME Solar Holdings Limited,224.05,243.0,224.05,237.8,237.8,221.15,,237.78,,,237899,56350905.0,4752,F1,1,,,,,,2025-05-14
2025-05-14,2025-05-14,CM,BSE,STK,544284,INF769K01MY5,LIQUIDPLUS,F,,,,,Mirae Asset Mutual Fund,1032.03,1032.05,1032.03,1032.05,1032.05,1031.87,,1032.04,,,1732,1787483.0,7,F1,1,,,,,,2025-05-14
2025-05-14,2025-05-14,CM,BSE,STK,544285,INE00H001014,SWIGGY,B,,,,,SWIGGY LIMITED,314.45,314.45,304.35,307.35,307.35,310.45,,307.3,,,10779959,3289212574.0,22344,F1,1,,,,,,2025-05-14
2025-05-14,2025-05-14,CM,BSE,STK,544286,INE995S01015,NIVABUPA,B,,,,,NIVA BUPA HEALTH INSURANCE COM,84.81,85.79,84.0,84.53,84.53,84.89,,84.51,,,277303,23475837.0,1681,F1,1,,,,,,2025-05-14
2025-05-14,2025-05-14,CM,BSE,STK,544287,INE0RU901015,MANGALCOMP,M,,,,,Mangal Compusolution Limited,41.87,41.87,38.08,38.74,38.99,39.0,,38.74,,,21000,818100.0,7,F1,3000,,,,,,2025-05-14
2025-05-14,2025-05-14,CM,BSE,STK,544288,INE0UIZ01018,BLACKBUCK,B,,,,,ZINKA LOGISTICS SOLUTIONS LIMI,445.3,454.75,440.0,452.05,454.75,442.1,,451.95,,,6243,2815178.0,376,F1,1,,,,,,2025-05-14
2025-05-14,2025-05-14,CM,BSE,STK,544289,INE0ONG01011,NTPCGREEN,B,,,,,NTPC GREEN ENERGY LIMITED,102.25,102.6,101.5,102.1,102.1,102.1,,102.1,,,790276,80668121.0,6790,F1,1,,,,,,2025-05-14
2025-05-14,2025-05-14,CM,BSE,STK,544290,INE0LLY01014,EIEL,B,,,,,ENVIRO INFRA ENGINEERS LIMITED,207.05,214.55,207.05,209.5,209.5,209.8,,209.58,,,83297,17591069.0,1077,F1,1,,,,,,2025-05-14
2025-05-14,2025-05-14,CM,BSE,STK,544291,INE0VN801010,RAJESH,M,,,,,RAJESH POWER SERVICES LIMITED,1300.0,1323.0,1243.0,1305.2,1320.0,1298.7,,1305.2,,,220200,281039960.0,963,F1,200,,,,,,2025-05-14
2025-05-14,2025-05-14,CM,BSE,STK,544292,INE013P01021,ONESOURCE,B,,,,,Onesource Specialty Pharma Lim,1674.55,1674.55,1590.45,1599.05,1600.0,1652.6,,1599.2,,,7773,12664511.0,730,F1,1,,,,,,2025-05-14
2025-05-14,2025-05-14,CM,BSE,STK,544293,INE877V01027,SURAKSHA,B,,,,,SURAKSHA DIAGNOSTIC LIMITED,318.9,318.9,300.6,303.65,304.0,303.25,,303.9,,,3369,1023009.0,274,F1,1,,,,,,2025-05-14
2025-05-14,2025-05-14,CM,BSE,STK,544294,INE0OJW01016,ROSSTECH,T,,,,,Rossell Techsys Limited,328.05,334.25,328.05,334.25,334.25,327.7,,334.25,,,1853,618069.0,27,F1,1,,,,,,2025-05-14
2025-05-14,2025-05-14,CM,BSE,STK,544295,INE19RO25013,PSPLATINA,IF,,,,,Property Share Investment Trus,1003000.0,1003000.0,1003000.0,1003000.0,1003000.0,1001101.0,,1003000.0,,,3,3009000.0,3,F1,1,,,,,,2025-05-14
2025-05-14,2025-05-14,CM,BSE,STK,544296,INE0DQN01013,NISUS,M,,,,,NISUS FINANCE SERVICES CO LIMI,330.0,337.0,321.0,328.45,328.8,328.8,,328.45,,,76000,24991280.0,162,F1,400,,,,,,2025-05-14
2025-05-14,2025-05-14,CM,BSE,STK,544301,INE054301028,ODIGMA,T,,,,,Odigma Consultancy Solutions L,38.04,39.69,38.04,39.69,39.69,37.8,,39.85,,,758,30038.0,34,F1,1,,,,,,2025-05-14
2025-05-14,2025-05-14,CM,BSE,STK,544302,INE403Y01018,INNOVANA,B,,,,,Innovana Thinklabs Limited,360.0,360.0,330.05,357.45,359.0,349.0,,352.2,,,845,300543.0,138,F1,1,,,,,,2025-05-14
2025-05-14,2025-05-14,CM,BSE,STK,544304,INE0WCH01015,JUNGLECAMP,MT,,,,,JUNGLE CAMPS INDIA LIMITED,48.79,48.79,48.79,48.79,48.79,47.84,,48.79,,,3200,156128.0,2,F1,1600,,,,,,2025-05-14
2025-05-14,2025-05-14,CM,BSE,STK,544305,INE0HLU01028,MOBIKWIK,B,,,,,One Mobikwik Systems Limited,249.25,275.5,246.9,268.6,268.6,248.4,,268.3,,,540881,143441416.0,9083,F1,1,,,,,,2025-05-14
2025-05-14,2025-05-14,CM,BSE,STK,544306,INE570L01029,SAILIFE,B,,,,,Sai Life Sciences Limited,747.0,785.45,735.35,756.95,759.0,725.55,,757.8,,,106095,80669936.0,7984,F1,1,,,,,,2025-05-14
2025-05-14,2025-05-14,CM,BSE,STK,544307,INE01EA01019,VMM,B,,,,,Vishal Mega Mart Limited,131.05,131.25,127.05,129.3,129.3,129.8,,129.3,,,1192733,154030987.0,9333,F1,1,,,,,,2025-05-14
2025-05-14,2025-05-14,CM,BSE,STK,544308,INE168C01013,HILLTONE,XT,,,,,Hilltone Software and Gases Lt,50.89,50.89,50.88,50.89,50.89,49.9,,50.89,,,6767,344368.0,12,F1,1,,,,,,2025-05-14
2025-05-14,2025-05-14,CM,BSE,STK,544309,INE115Q01022,IKS,B,,,,,INVENTURUS KNOWLEDGE SOLUTIONS,1665.3,1665.3,1613.6,1650.65,1644.4,1665.3,,1647.4,,,4529,7453719.0,457,F1,1,,,,,,2025-05-14
2025-05-14,2025-05-14,CM,BSE,STK,544310,INE00GK01023,YASHHV,MT,,,,,Yash Highvoltage Limited,203.4,203.4,203.25,203.4,203.4,193.75,,203.4,,,39000,7932450.0,27,F1,1000,,,,,,2025-05-14
2025-05-14,2025-05-14,CM,BSE,STK,544311,INE0Q9301021,IGIL,B,,,,,International Gemmological Ins,373.8,388.6,373.8,380.95,383.6,373.2,,380.9,,,138738,53151163.0,3971,F1,1,,,,,,2025-05-14
2025-05-14,2025-05-14,CM,BSE,STK,544312,INE0QBD01018,HAMPS,MT,,,,,HAMPS BIO LIMITED,45.25,45.25,45.25,45.25,45.25,43.1,,45.25,,,4000,181000.0,2,F1,2000,,,,,,2025-05-14
2025-05-14,2025-05-14,CM,BSE,STK,544313,INE0LB101011,NACDAC,MT,,,,,NACDAC Infrastructure Limited,39.2,39.65,39.2,39.65,39.65,39.78,,39.65,,,12000,472640.0,3,F1,4000,,,,,,2025-05-14
2025-05-14,2025-05-14,CM,BSE,STK,544314,INE0JPD01013,SANATHAN,B,,,,,Sanathan Textiles Limited,458.0,466.95,441.8,447.35,447.5,455.4,,447.1,,,18572,8417128.0,925,F1,1,,,,,,2025-05-14
2025-05-14,2025-05-14,CM,BSE,STK,544315,INE037Z01029,CEWATER,B,,,,,Concord Enviro Systems Limited,519.35,535.7,518.05,527.6,526.2,515.0,,526.65,,,7044,3733103.0,588,F1,1,,,,,,2025-05-14
2025-05-14,2025-05-14,CM,BSE,STK,544316,INE284H01025,DAMCAPITAL,B,,,,,DAM Capital Advisors Limited,221.55,221.75,217.5,220.8,220.8,218.2,,220.68,,,106584,23404217.0,1652,F1,1,,,,,,2025-05-14
2025-05-14,2025-05-14,CM,BSE,STK,544317,INE454P01035,TRANSRAILL,B,,,,,Transrail Lighting Limited,501.05,522.0,501.05,518.45,516.9,504.95,,518.45,,,28066,14456411.0,1117,F1,1,,,,,,2025-05-14
2025-05-14,2025-05-14,CM,BSE,STK,544318,INE0TO701015,MAMATA,B,,,,,MAMATA MACHINERY LIMITED,372.4,376.5,365.7,370.3,371.5,368.95,,370.0,,,23010,8521608.0,691,F1,1,,,,,,2025-05-14
2025-05-14,2025-05-14,CM,BSE,STK,544319,INE0RB801010,SENORES,B,,,,,SENORES PHARMACEUTICALS LIMITE,552.25,557.0,535.6,541.0,538.0,546.15,,541.05,,,33062,18018576.0,1922,F1,1,,,,,,2025-05-14
2025-05-14,2025-05-14,CM,BSE,STK,544320,INE0V7W01012,CARRARO,B,,,,,CARRARO INDIA LIMITED,440.0,443.1,432.85,436.1,439.2,427.45,,436.2,,,9609,4192679.0,476,F1,1,,,,,,2025-05-14
2025-05-14,2025-05-14,CM,BSE,STK,544321,INE781S01027,VENTIVE,B,,,,,Ventive Hospitality Limited,799.0,801.75,759.0,762.5,762.5,790.5,,764.7,,,10135,7829204.0,765,F1,1,,,,,,2025-05-14
2025-05-14,2025-05-14,CM,BSE,STK,544322,INE0U3I01011,UNIMECH,B,,,,,Unimech Aerospace and Manufact,975.05,1074.9,975.05,1029.8,1029.8,977.2,,1030.7,,,42281,43785876.0,4359,F1,1,,,,,,2025-05-14
2025-05-14,2025-05-14,CM,BSE,STK,544323,INF769K01NS5,CONSUMER,B,,,,,Mirae Asset Mutual Fund,11.04,11.18,10.91,11.18,11.18,11.04,,11.18,,,4818,53652.0,74,F1,1,,,,,,2025-05-14
2025-05-14,2025-05-14,CM,BSE,STK,544324,INE0A8401016,CITICHEM,MT,,,,,Citichem India Limited,26.32,26.95,26.32,26.95,26.95,26.3,,26.95,,,4000,106540.0,2,F1,2000,,,,,,2025-05-14
2025-05-14,2025-05-14,CM,BSE,STK,544325,INE379A01028,ITCHOTELS,B,,,,,ITC Hotels Limited,198.4,203.25,197.75,201.7,201.7,198.35,,201.92,,,533283,107452988.0,7436,F1,1,,,,,,2025-05-14
2025-05-14,2025-05-14,CM,BSE,STK,544326,INF754K01TX4,ECAPINSURE,B,,,,,Edelweiss Mutual Fund,20.82,21.24,20.82,21.24,21.24,20.76,,20.92,,,6255,131411.0,69,F1,1,,,,,,2025-05-14
2025-05-14,2025-05-14,CM,BSE,STK,544327,INE0ZHT01012,TECHNICHEM,MT,,,,,TECHNICHEM ORGANICS LIMITED,47.05,47.05,47.05,47.05,47.05,48.0,,47.05,,,4000,188200.0,2,F1,2000,,,,,,2025-05-14
2025-05-14,2025-05-14,CM,BSE,STK,544328,INE622H01018,INDOFARM,T,,,,,INDO FARM EQUIPMENT LIMITED,155.0,161.55,155.0,158.9,159.0,154.65,,159.08,,,4185,664695.0,98,F1,1,,,,,,2025-05-14
2025-05-14,2025-05-14,CM,BSE,STK,544329,INE0RH001011,VANDU,M,,,,,LEO DRYFRUITS & SPICES TRADING,55.3,57.75,55.0,56.89,56.89,55.48,,56.89,,,120000,6681680.0,26,F1,2000,,,,,,2025-05-14
2025-05-14,2025-05-14,CM,BSE,STK,544330,INE0QQJ01021,PARMESHWAR,M,,,,,PARMESHWAR METAL LIMITED,66.8,66.8,65.01,65.06,65.01,66.0,,65.06,,,6000,393820.0,3,F1,2000,,,,,,2025-05-14
2025-05-14,2025-05-14,CM,BSE,STK,544331,INE0Q2L01013,DAVIN,MT,,,,,Davin Sons Retail Limited,20.58,20.58,20.58,20.58,20.58,21.0,,20.58,,,6000,123480.0,3,F1,2000,,,,,,2025-05-14
2025-05-14,2025-05-14,CM,BSE,STK,544332,INE0HSD01011,FABCLEAN,MT,,,,,FABTECH TECHNOLOGIES CLEANROOM,311.0,318.0,301.0,313.9,313.9,310.05,,313.9,,,13600,4225860.0,23,F1,400,,,,,,2025-05-14
2025-05-14,2025-05-14,CM,BSE,STK,544333,INE0M4D01010,SGLTL,B,,,,,STANDARD GLASS LINING TECHNOLO,156.1,162.75,155.85,160.0,160.0,152.9,,159.96,,,212903,33999871.0,3515,F1,1,,,,,,2025-05-14
2025-05-14,2025-05-14,CM,BSE,STK,544334,INE0FK501019,INDOBELL,MT,,,,,Indobell Insulations Limited,126.5,126.5,120.6,121.3,120.6,126.0,,121.3,,,6000,738937.0,7,F1,750,,,,,,2025-05-14
2025-05-14,2025-05-14,CM,BSE,STK,544335,INE00ST01011,BRGIL,M,,,,,B.R.GOYAL INFRASTRUCTURE LIMIT,129.5,131.6,128.35,130.25,131.0,130.15,,130.25,,,8000,1042900.0,8,F1,1000,,,,,,2025-05-14
2025-05-14,2025-05-14,CM,BSE,STK,544336,INE0LRY01011,QUADFUTURE,B,,,,,Quadrant Future Tek Limited,470.05,476.65,467.25,470.2,470.45,469.75,,469.95,,,82373,38874113.0,2020,F1,1,,,,,,2025-05-14
2025-05-14,2025-05-14,CM,BSE,STK,544338,INE0Z8Z23013,CAPINVIT,IF,,,,,Capital Infra Trust,87.42,88.22,86.9,87.03,86.9,87.7,,87.18,,,5843,510760.0,125,F1,1,,,,,,2025-05-14
2025-05-14,2025-05-14,CM,BSE,STK,544339,INE0WO601020,LAXMIDENTL,B,,,,,Laxmi Dental Limited,403.4,403.4,396.8,399.45,399.1,403.4,,399.7,,,4751,1897274.0,289,F1,1,,,,,,2025-05-14
2025-05-14,2025-05-14,CM,BSE,STK,544340,INE0CFH01028,RIKHAV,MT,,,,,Rikhav Securities Limited,70.06,70.06,70.06,70.06,70.06,73.74,,70.06,,,32000,2241920.0,19,F1,1600,,,,,,2025-05-14
2025-05-14,2025-05-14,CM,BSE,STK,544341,INE12QA01010,LICL,M,,,,,LANDMARK IMMIGRATION CONSULTAN,61.0,61.0,58.63,58.63,58.63,60.0,,58.63,,,6400,381808.0,4,F1,1600,,,,,,2025-05-14
2025-05-14,2025-05-14,CM,BSE,STK,544342,INE0RYC01010,STALLION,T,,,,,Stallion India Fluorochemicals,72.6,73.0,71.0,72.03,72.19,70.64,,71.88,,,61502,4433601.0,377,F1,1,,,,,,2025-05-14
2025-05-14,2025-05-14,CM,BSE,STK,544343,INE0WXM01011,CNINFOTECH,M,,,,,CAPITALNUMBERS INFOTECH  LIMIT,182.0,184.65,141.7,146.5,146.5,177.05,,146.5,,,723200,110069680.0,1507,F1,400,,,,,,2025-05-14
2025-05-14,2025-05-14,CM,BSE,STK,544344,INE526E01018,SHRIPISTON,B,,,,,SHRIRAM PISTONS & RINGS LTD,2310.05,2464.0,2310.05,2442.7,2451.0,2362.5,,2445.4,,,18373,44061355.0,2284,F1,1,,,,,,2025-05-14
2025-05-14,2025-05-14,CM,BSE,STK,544345,INE0R4L01018,DENTA,B,,,,,Denta Water and Infra Solution,305.0,305.0,292.45,296.55,298.95,295.6,,296.7,,,9630,2855355.0,423,F1,1,,,,,,2025-05-14
2025-05-14,2025-05-14,CM,BSE,STK,544346,INE0AK901016,RRECL,T,,,,,RDB Real Estate Constructions,101.01,101.01,101.01,101.01,101.01,99.03,,101.01,,,217,21919.0,6,F1,1,,,,,,2025-05-14
2025-05-14,2025-05-14,CM,BSE,STK,544347,INE0WDX01010,CLN,MT,,,,,CLN ENERGY LIMITED,400.0,409.0,388.75,389.4,388.75,409.2,,389.4,,,16800,6646950.0,23,F1,600,,,,,,2025-05-14
2025-05-14,2025-05-14,CM,BSE,STK,544348,INE0RWU01016,GBLOGISTIC,MT,,,,,GB Logistics Commerce Limited,50.99,50.99,49.3,49.3,49.3,50.3,,49.3,,,16800,850548.0,12,F1,1200,,,,,,2025-05-14
2025-05-14,2025-05-14,CM,BSE,STK,544349,INE0DZD01015,HMEML,M,,,,,H.M. ELECTRO MECH LIMITED,78.5,78.5,75.66,76.01,76.01,77.3,,76.01,,,40000,3054512.0,23,F1,1600,,,,,,2025-05-14
2025-05-14,2025-05-14,CM,BSE,STK,544350,INE943P01029,AGARWALEYE,B,,,,,Dr. Agarwal's Health Care Limi,371.05,400.15,368.8,385.8,385.8,370.35,,385.7,,,18263,7049914.0,960,F1,1,,,,,,2025-05-14
2025-05-14,2025-05-14,CM,BSE,STK,544351,INE0YON01014,MALPANI,M,,,,,MALPANI PIPES AND FITTINGS LIM,68.0,71.0,65.55,71.0,71.0,67.75,,71.0,,,17600,1204512.0,11,F1,1600,,,,,,2025-05-14
2025-05-14,2025-05-14,CM,BSE,STK,544353,INE0U2L01017,AMWILL,M,,,,,Amwill Health Care Limited,90.4,92.98,87.5,91.32,91.0,90.48,,91.32,,,44400,4026144.0,28,F1,1200,,,,,,2025-05-14
2025-05-14,2025-05-14,CM,BSE,STK,544354,INE0W0H01017,SOLARIUM,M,,,,,SOLARIUM GREEN ENERGY LIMITED,282.2,287.75,279.0,280.25,280.0,286.8,,280.25,,,153000,43455120.0,70,F1,600,,,,,,2025-05-14
2025-05-14,2025-05-14,CM,BSE,STK,544355,INE03CC01015,JUBLCPL,B,,,,,Jubilant Agri and Consumer Pro,1580.0,1609.0,1537.35,1560.95,1584.0,1550.25,,1564.4,,,750,1176420.0,279,F1,1,,,,,,2025-05-14
2025-05-14,2025-05-14,CM,BSE,STK,544356,INE274Y01021,AJAXENGG,B,,,,,AJAX Engineering Limited,733.05,756.75,723.5,738.85,738.85,731.05,,739.9,,,62693,46278779.0,3565,F1,1,,,,,,2025-05-14
2025-05-14,2025-05-14,CM,BSE,STK,544362,INE093A01041,HEXT,B,,,,,Hexaware Technologies Limited,750.0,766.45,730.45,760.15,760.15,744.8,,759.6,,,27129,20493875.0,1615,F1,1,,,,,,2025-05-14
2025-05-14,2025-05-14,CM,BSE,STK,544363,INF582M01KS4,UNIONGOLD,E,,,,,UNION MUTUAL FUND,93.08,93.08,93.08,93.08,93.08,93.98,,93.3,,,141,13124.0,2,F1,1,,,,,,2025-05-14
2025-05-14,2025-05-14,CM,BSE,STK,544364,INE0O9T01021,BAJAJINDEF,B,,,,,Indef Manufacturing Limited,220.0,228.0,220.0,226.5,225.2,223.7,,225.51,,,1281,288713.0,140,F1,1,,,,,,2025-05-14
2025-05-14,2025-05-14,CM,BSE,STK,544365,INE0TD301017,SHANMUGA,M,,,,,SHANMUGA HOSPITAL LIMITED,38.51,38.51,37.0,38.0,38.0,39.0,,38.0,,,20000,757220.0,9,F1,2000,,,,,,2025-05-14
2025-05-14,2025-05-14,CM,BSE,STK,544366,INE0FFF01017,LKMEHTA,M,,,,,L.K.MEHTA POLYMERS LIMITED,52.9,52.9,51.5,51.5,51.5,52.9,,51.5,,,3200,167040.0,2,F1,1600,,,,,,2025-05-14
2025-05-14,2025-05-14,CM,BSE,STK,544367,INE0SII01026,QPOWER,B,,,,,QUALITY POWER ELECTRICAL EQUIP,377.4,393.15,373.0,386.45,385.4,377.8,,386.3,,,135480,52224744.0,4221,F1,1,,,,,,2025-05-14
2025-05-14,2025-05-14,CM,BSE,STK,544368,INE0TIR01017,SWASTH,MT,,,,,Swasth Foodtech India Limited,29.7,29.72,29.7,29.72,29.72,29.14,,29.72,,,9600,285168.0,8,F1,1200,,,,,,2025-05-14
2025-05-14,2025-05-14,CM,BSE,STK,544369,INE13VU01016,BEEZAASAN,MT,,,,,Beezaasan Explotech Limited,229.05,229.05,229.05,229.05,229.05,224.6,,229.05,,,4800,1099440.0,6,F1,800,,,,,,2025-05-14
2025-05-14,2025-05-14,CM,BSE,STK,544370,INE0VYX01018,NUKLEUS,M,,,,,NUKLEUS OFFICE SOLUTIONS LIMIT,210.5,210.5,210.5,210.5,210.5,207.75,,210.5,,,1800,378900.0,1,F1,600,,,,,,2025-05-14
2025-05-14,2025-05-14,CM,BSE,STK,544371,INE0NR501012,VIKRAMAR,T,,,,,VIKRAM AROMA LIMITED,117.0,117.0,109.0,116.45,116.0,111.75,,116.45,,,468,52925.0,51,F1,1,,,,,,2025-05-14
2025-05-14,2025-05-14,CM,BSE,STK,544372,INE0RXS01018,SHREENATH,MT,,,,,SHREENATH PAPER PRODUCTS LIMIT,15.94,15.94,15.27,15.31,15.31,15.75,,15.31,,,27000,419640.0,9,F1,3000,,,,,,2025-05-14
2025-05-14,2025-05-14,CM,BSE,STK,544375,INF579M01BB5,GOLD360,E,,,,,360 ONE Mutual Fund,92.5,93.68,91.49,93.33,93.33,93.83,,93.25,,,288,26822.0,22,F1,1,,,,,,2025-05-14
2025-05-14,2025-05-14,CM,BSE,STK,544376,INF769K01ON4,SELECTIPO,B,,,,,Mirae Asset Mutual Fund,45.67,45.9,45.52,45.86,45.67,46.01,,45.9,,,848,38878.0,101,F1,1,,,,,,2025-05-14
2025-05-14,2025-05-14,CM,BSE,STK,544377,INF769K01OA1,EQUAL200,B,,,,,Mirae Asset Mutual Fund,12.61,12.63,12.54,12.62,12.63,12.77,,12.63,,,10079,126476.0,18,F1,1,,,,,,2025-05-14
2025-05-14,2025-05-14,CM,BSE,STK,544378,INE0ABU01016,PSPL,M,,,,,PDP Shipping & Projects Limite,75.1,75.1,75.1,75.1,75.1,75.1,,75.1,,,1000,75100.0,1,F1,1000,,,,,,2025-05-14
2025-05-14,2025-05-14,CM,BSE,STK,544379,INE0I0M01023,PRABHA,B,,,,,Prabha Energy Limited,185.55,200.0,184.75,189.35,191.0,182.65,,189.8,,,10099,1927625.0,282,F1,1,,,,,,2025-05-14
2025-05-14,2025-05-14,CM,BSE,STK,544381,INE16IQ01014,SUPERIRON,MT,,,,,Super Iron Foundry Limited,35.5,35.67,35.4,35.67,35.67,33.98,,35.67,,,28800,1024356.0,24,F1,1200,,,,,,2025-05-14
2025-05-14,2025-05-14,CM,BSE,STK,544383,INE0SMW01011,PPARIVAH,M,,,,,PARADEEP PARIVAHAN LIMITED,114.9,114.9,104.0,110.88,112.0,109.27,,110.88,,,154800,16740012.0,95,F1,1200,,,,,,2025-05-14
2025-05-14,2025-05-14,CM,BSE,STK,544384,INF0R8F01091,SILVERCASE,E,,,,,Zerodha Mutual Fund,10.0,10.0,9.7,9.93,9.94,9.96,,9.91,,,138610,1363773.0,299,F1,1,,,,,,2025-05-14
2025-05-14,2025-05-14,CM,BSE,STK,544385,INF200KB1712,SBIBPB,B,,,,,SBI Mutual Fund,37.13,38.61,37.13,38.0,38.0,38.06,,38.21,,,711,27046.0,33,F1,1,,,,,,2025-05-14
2025-05-14,2025-05-14,CM,BSE,STK,544386,INE01EO01010,SPECTRUM,B,,,,,Spectrum Electrical Industries,1686.95,1719.0,1686.95,1716.75,1705.0,1688.55,,1718.3,,,789,1353957.0,218,F1,1,,,,,,2025-05-14
2025-05-14,2025-05-14,CM,BSE,STK,544387,INE0TGG01014,DESCO,MT,,,,,Desco Infratech Limited,254.0,254.0,242.0,246.2,247.95,251.4,,246.2,,,46000,11306900.0,42,F1,1000,,,,,,2025-05-14
2025-05-14,2025-05-14,CM,BSE,STK,544388,INE0PA401012,IDENTIXWEB,M,,,,,Identixweb Limited,75.4,75.4,73.0,74.49,74.49,74.16,,74.49,,,18000,1338260.0,9,F1,2000,,,,,,2025-05-14
2025-05-14,2025-05-14,CM,BSE,STK,544389,INF579M01BC3,SILVER360,E,,,,,360 ONE Mutual Fund,97.86,97.86,97.49,97.49,97.49,95.11,,96.13,,,6,585.0,2,F1,1,,,,,,2025-05-14
2025-05-14,2025-05-14,CM,BSE,STK,544391,INE0KWJ01014,RETAGGIO,M,,,,,Retaggio Industries Limited,20.0,20.5,20.0,20.15,20.15,20.6,,20.15,,,24000,484920.0,4,F1,6000,,,,,,2025-05-14
2025-05-14,2025-05-14,CM,BSE,STK,544392,INE10XX01012,SPINAROO,M,,,,,SPINAROO COMMERCIAL LIMITED,74.0,74.0,72.01,72.01,72.01,72.3,,72.01,,,20000,1460820.0,10,F1,2000,,,,,,2025-05-14
2025-05-14,2025-05-14,CM,BSE,STK,544393,INE12IB01015,INFONATIVE,MT,,,,,INFONATIVE SOLUTIONS LIMITED,37.84,37.84,37.74,37.84,37.84,36.04,,37.84,,,27200,1029056.0,17,F1,1600,,,,,,2025-05-14
2025-05-14,2025-05-14,CM,BSE,STK,544394,INF109K1A153,EVIETF,B,,,,,ICICI Prudential Mutual Fund,28.49,28.79,28.46,28.67,28.67,28.49,,28.74,,,7234,206680.0,89,F1,1,,,,,,2025-05-14
2025-05-14,2025-05-14,CM,BSE,STK,544396,INE0FFK01017,NPST,B,,,,,Network People Services Techno,2132.0,2132.0,2000.0,2028.1,2059.0,2095.75,,2036.8,,,2647,5434291.0,435,F1,1,,,,,,2025-05-14
2025-05-14,2025-05-14,CM,BSE,STK,544397,INE0LEZ01016,ATHERENERG,B,,,,,Ather Energy Limited,305.7,306.0,298.0,304.15,304.15,303.05,,304.05,,,330967,99930096.0,6324,F1,1,,,,,,2025-05-14
2025-05-14,2025-05-14,CM,BSE,STK,544398,INE0AOG01018,KENRIK,MT,,,,,Kenrik Industries Limited,24.89,24.89,24.89,24.89,24.89,26.2,,24.89,,,24000,597360.0,3,F1,6000,,,,,,2025-05-14
2025-05-14,2025-05-14,CM,BSE,STK,544399,INE0RJ901010,SRIGEE,MT,,,,,SRIGEE DLM LIMITED,217.0,217.73,217.0,217.73,217.73,207.37,,217.73,,,22800,4961616.0,14,F1,1200,,,,,,2025-05-14
2025-05-14,2025-05-14,CM,BSE,STK,544400,INE0MV001018,MANOJJEWEL,MT,,,,,Manoj Jewellers Limited,48.54,48.54,48.54,48.54,48.54,51.09,,48.54,,,52000,2524080.0,23,F1,2000,,,,,,2025-05-14
2025-05-14,2025-05-14,CM,BSE,STK,555555,INF346A01034,SENSEXIETF,A,,,,,ICICI Prudential BSE Sensex ET,919.59,919.59,912.31,919.01,919.01,915.02,,918.44,,,477,437537.0,17,F1,1,,,,,,2025-05-14
2025-05-14,2025-05-14,CM,BSE,STK,570002,IN9623B01058,FELDVR,Z,,,,,Future Enterprises Limited,3.72,3.9,3.72,3.89,3.89,3.72,,3.88,,,151,587.0,3,F1,1,,,,,,2025-05-14
2025-05-14,2025-05-14,CM,BSE,STK,570004,IN9175A01010,JISLDVREQS,B,,,,,JAIN IRRIGATION SYSTEMS LTD.,31.0,31.25,29.21,30.45,30.45,30.25,,30.56,,,12537,383018.0,151,F1,1,,,,,,2025-05-14
2025-05-14,2025-05-14,CM,BSE,STK,570005,INE224E01036,GATECHDVR,B,,,,,GACM Technologies Limited - DV,0.87,0.88,0.84,0.87,0.87,0.86,,0.87,,,222063,193166.0,397,F1,1,,,,,,2025-05-14
2025-05-14,2025-05-14,CM,BSE,STK,590003,INE036D01028,KARURVYSYA,B,,,,,KARUR VYSYA BANK LTD.,218.8,222.9,216.7,222.15,221.8,218.8,,222.18,,,57389,12678738.0,747,F1,1,,,,,,2025-05-14
2025-05-14,2025-05-14,CM,BSE,STK,590005,INE484C01030,VEEDOL,B,,,,,VEEDOL CORPORATION LIMITED,1580.05,1602.0,1562.0,1576.3,1572.6,1578.05,,1581.0,,,1443,2282113.0,281,F1,1,,,,,,2025-05-14
2025-05-14,2025-05-14,CM,BSE,STK,590006,INE098F01031,AMRUTANJAN,B,,,,,AMRUTANJAN HEALTH CARE LTD.,700.15,720.95,700.15,716.45,716.45,709.9,,715.55,,,2446,1738991.0,289,F1,1,,,,,,2025-05-14
2025-05-14,2025-05-14,CM,BSE,STK,590013,INE445C01015,XPROINDIA,B,,,,,XPRO INDIA LTD.,1044.0,1062.6,1044.0,1055.95,1062.6,1039.05,,1057.2,,,684,723721.0,122,F1,1,,,,,,2025-05-14
2025-05-14,2025-05-14,CM,BSE,STK,590018,INE598C01011,HISARMETAL,B,,,,,HISAR METAL INDUSTRIES LTD.,196.2,201.95,196.2,201.05,201.95,198.6,,201.12,,,586,117182.0,20,F1,1,,,,,,2025-05-14
2025-05-14,2025-05-14,CM,BSE,STK,590021,INE838B01013,BHARATRAS,B,,,,,BHARAT RASAYAN LTD.,9443.8,9550.65,9443.8,9519.7,9520.0,9443.8,,9510.5,,,146,1386152.0,83,F1,1,,,,,,2025-05-14
2025-05-14,2025-05-14,CM,BSE,STK,590024,INE188A01015,FACT,B,,,,,FERTILIZERS & CHEMICALS TRAVAN,834.3,842.95,823.55,837.6,838.0,821.35,,837.75,,,15202,12662240.0,622,F1,1,,,,,,2025-05-14
2025-05-14,2025-05-14,CM,BSE,STK,590025,INE424C01010,GINNIFILA,B,,,,,GINNI FILAMENTS LTD.,38.38,39.71,37.09,38.45,38.36,37.85,,38.49,,,83487,3200001.0,753,F1,1,,,,,,2025-05-14
2025-05-14,2025-05-14,CM,BSE,STK,590030,INE147A01011,SPIC,B,,,,,SOUTHERN PETROCHEMICALS LTD.,81.95,82.92,80.51,82.69,82.69,81.79,,82.74,,,76395,6245311.0,678,F1,1,,,,,,2025-05-14
2025-05-14,2025-05-14,CM,BSE,STK,590031,INE244A01016,DENORA,B,,,,,DE NORA INDIA LTD.,778.65,799.0,778.65,795.95,799.0,770.6,,796.1,,,427,338883.0,87,F1,1,,,,,,2025-05-14
2025-05-14,2025-05-14,CM,BSE,STK,590041,INE641C01019,KAVVERITEL,T,,,,,KAVVERI TELECOM PRODUCTS LTD.,48.51,48.51,48.51,48.51,48.51,46.2,,48.62,,,205,9944.0,4,F1,1,,,,,,2025-05-14
2025-05-14,2025-05-14,CM,BSE,STK,590051,INE667G01023,SAKSOFT,B,,,,,SAKSOFT LTD.,172.8,176.75,171.05,173.45,173.25,172.8,,173.44,,,58240,10090700.0,2098,F1,1,,,,,,2025-05-14
2025-05-14,2025-05-14,CM,BSE,STK,590056,INE498E01010,SALONA,B,,,,,SALONA COTSPIN LTD.,255.0,255.0,248.05,249.15,249.15,240.05,,245.5,,,106,26603.0,5,F1,1,,,,,,2025-05-14
2025-05-14,2025-05-14,CM,BSE,STK,590057,INE217G01035,EQUIPPP,T,,,,,EQUIPPP SOCIAL IMPACT TECHNOLO,20.16,21.29,20.16,21.0,21.0,21.17,,20.92,,,2979,60280.0,14,F1,1,,,,,,2025-05-14
2025-05-14,2025-05-14,CM,BSE,STK,590062,INE715B01021,ANDHRSUGAR,B,,,,,ANDHRA SUGARS LTD.,72.25,74.45,72.25,73.87,73.63,72.29,,73.69,,,24777,1826769.0,478,F1,1,,,,,,2025-05-14
2025-05-14,2025-05-14,CM,BSE,STK,590065,INE547E01014,IMPAL,B,,,,,INDIA MOTOR PARTS & ACCESSORIE,1013.4,1094.0,1011.05,1030.35,1011.05,1018.45,,1015.8,,,161,169701.0,20,F1,1,,,,,,2025-05-14
2025-05-14,2025-05-14,CM,BSE,STK,590066,INE805C01028,KCP,B,,,,,K.C.P.LTD.,202.0,213.8,202.0,212.0,212.5,207.05,,212.31,,,22478,4708388.0,534,F1,1,,,,,,2025-05-14
2025-05-14,2025-05-14,CM,BSE,STK,590068,INE731C01018,KHAITANLTD,B,,,,,KHAITAN (INDIA) LTD.,89.99,103.72,89.99,103.72,103.72,86.44,,102.77,,,7749,794285.0,93,F1,1,,,,,,2025-05-14
2025-05-14,2025-05-14,CM,BSE,STK,590070,INE874F01027,RADAAN,T,,,,,RADAAN MEDIAWORKS (I) LTD.,3.92,3.94,3.61,3.83,3.83,3.78,,3.82,,,6060,23250.0,52,F1,1,,,,,,2025-05-14
2025-05-14,2025-05-14,CM,BSE,STK,590071,INE660A01013,SUNDARMFIN,B,,,,,SUNDARAM FINANCE LTD.,5015.5,5233.8,5015.5,5200.35,5208.0,4993.7,,5211.0,,,1292,6640484.0,319,F1,1,,,,,,2025-05-14
2025-05-14,2025-05-14,CM,BSE,STK,590072,INE073D01013,SUNDRMBRAK,B,,,,,SUNDARAM BRAKE LININGS LTD.,730.0,730.0,703.0,703.35,706.5,740.0,,703.25,,,959,681334.0,655,F1,1,,,,,,2025-05-14
2025-05-14,2025-05-14,CM,BSE,STK,590073,INE715A01015,WHEELS,B,,,,,WHEELS INDIA LTD.,723.0,740.35,712.5,726.65,725.0,718.25,,727.2,,,1518,1101553.0,232,F1,1,,,,,,2025-05-14
2025-05-14,2025-05-14,CM,BSE,STK,590075,INE112F01022,LAMBODHARA,B,,,,,LAMBODHARA TEXTILES LTD.,141.95,143.2,140.7,140.85,140.85,140.8,,140.97,,,2427,343274.0,204,F1,1,,,,,,2025-05-14
2025-05-14,2025-05-14,CM,BSE,STK,590078,INE683C01011,MAITHANALL,B,,,,,MAITHAN ALLOYS LTD.,997.95,1003.95,986.1,998.55,993.1,980.0,,999.0,,,3924,3914654.0,229,F1,1,,,,,,2025-05-14
2025-05-14,2025-05-14,CM,BSE,STK,590086,INE725E01024,ORISSAMINE,B,,,,,ORISSA MINERALS DEVELOPMENT CO,5352.6,5602.75,5327.5,5505.1,5538.6,5281.2,,5515.0,,,791,4346331.0,229,F1,1,,,,,,2025-05-14
2025-05-14,2025-05-14,CM,BSE,STK,590095,INF204KB17I5,GOLDBEES,E,,,,,NIPPON INDIA ETF GOLD BEES,78.63,78.75,78.22,78.53,78.53,79.06,,78.58,,,940892,73781523.0,5892,F1,1,,,,,,2025-05-14
2025-05-14,2025-05-14,CM,BSE,STK,590096,INF732E01037,LIQUIDBEES,F,,,,,NIPPON INDIA ETF LIQUID BEES,999.99,1000.01,999.99,1000.0,1000.0,999.99,,999.99,,,331164,331162734.0,1473,F1,1,,,,,,2025-05-14
2025-05-14,2025-05-14,CM,BSE,STK,590097,INF174KA1HJ8,GOLD1,E,,,,,KOTAK MAHINDRA MUTUAL FUND - K,79.0,79.24,78.55,78.98,79.24,79.39,,78.94,,,79197,6236650.0,984,F1,1,,,,,,2025-05-14
2025-05-14,2025-05-14,CM,BSE,STK,590098,INF200KA16D8,SETFGOLD,E,,,,,SBI MUTUAL FUND - SBI GOLD EXC,81.3,81.3,80.52,81.1,81.1,81.56,,81.08,,,63566,5143552.0,703,F1,1,,,,,,2025-05-14
2025-05-14,2025-05-14,CM,BSE,STK,590099,INF082J01408,QGOLDHALF,E,,,,,QUANTUM GOLD FUND - EXCHANGE T,78.22,78.49,78.18,78.26,78.42,78.82,,78.37,,,9599,751554.0,151,F1,1,,,,,,2025-05-14
2025-05-14,2025-05-14,CM,BSE,STK,590101,INF789F1AUX7,GOLDSHARE,E,,,,,UTI MUTUAL FUND - UTI GOLD EXC,79.79,79.8,79.05,79.47,79.55,80.07,,79.4,,,30985,2460285.0,454,F1,1,,,,,,2025-05-14
2025-05-14,2025-05-14,CM,BSE,STK,590103,INF204KB14I2,NIFTYBEES,B,,,,,NIPPON INDIA ETF NIFTY BEES,276.47,277.3,274.73,276.29,276.29,275.62,,276.56,,,217459,60083599.0,2219,F1,1,,,,,,2025-05-14
2025-05-14,2025-05-14,CM,BSE,STK,590104,INF732E01045,JUNIORBEES,B,,,,,NIPPON INDIA ETF JUNIOR BEES,697.42,703.65,695.34,701.49,701.86,696.84,,701.87,,,44587,31250803.0,1056,F1,1,,,,,,2025-05-14
2025-05-14,2025-05-14,CM,BSE,STK,590106,INF204KB15I9,BANKBEES,B,,,,,NIPPON INDIA ETF BANK BEES,563.88,564.6,559.0,561.9,562.59,563.2,,561.46,,,43576,24438544.0,500,F1,1,,,,,,2025-05-14
2025-05-14,2025-05-14,CM,BSE,STK,590107,INF373I01023,PSUBANK,B,,,,,KOTAK MAHINDRA MUTUAL FUND - K,652.7,659.34,651.41,656.89,658.0,653.1,,658.36,,,294,192814.0,39,F1,1,,,,,,2025-05-14
2025-05-14,2025-05-14,CM,BSE,STK,590108,INF204KB16I7,PSUBNKBEES,B,,,,,NIPPON INDIA ETF PSU BANK BEES,73.22,73.75,72.82,73.23,73.23,73.16,,73.27,,,308247,22596698.0,835,F1,1,,,,,,2025-05-14
2025-05-14,2025-05-14,CM,BSE,STK,590109,INF732E01128,SHARIABEES,B,,,,,NIPPON INDIA ETF SHARIAH BEES,503.0,508.0,502.46,506.75,505.37,505.15,,506.54,,,2742,1387580.0,63,F1,1,,,,,,2025-05-14
2025-05-14,2025-05-14,CM,BSE,STK,590110,INF082J01028,QNIFTY,B,,,,,Quantum Nifty 50 ETF,2676.0,2676.0,2662.65,2662.65,2662.65,2665.09,,2672.0,,,14,37380.0,3,F1,1,,,,,,2025-05-14
2025-05-14,2025-05-14,CM,BSE,STK,590113,INF204KB19I1,HNGSNGBEES,E,,,,,NIPPON INDIA ETF HANG SENG BEE,397.98,404.45,397.98,402.74,402.74,394.95,,402.93,,,20914,8391488.0,700,F1,1,,,,,,2025-05-14
2025-05-14,2025-05-14,CM,BSE,STK,590115,INF247L01536,MOM50,B,,,,,MOTILAL OSWAL MUTUAL FUND,253.19,259.74,251.88,254.0,254.0,253.82,,253.77,,,2094,533752.0,44,F1,1,,,,,,2025-05-14
2025-05-14,2025-05-14,CM,BSE,STK,590134,INE414A01015,MADRASFERT,B,,,,,Madras Fertilizer Limited,89.24,92.02,89.24,91.6,91.76,89.1,,91.47,,,13515,1230464.0,342,F1,1,,,,,,2025-05-14
2025-05-14,2025-05-14,CM,BSE,STK,590136,INF174K01F59,BANKNIFTY1,B,,,,,Kotak Mahindra Mutual Fund - P,566.43,566.43,560.29,563.55,563.55,567.1,,563.0,,,7538,4254668.0,174,F1,1,,,,,,2025-05-14
2025-05-14,2025-05-14,CM,BSE,STK,590137,INF200KA1580,SETFNIFBK,B,,,,,SBI Mutual Fund-Permitted,559.54,559.54,554.62,557.49,557.52,558.47,,557.17,,,375,208731.0,30,F1,1,,,,,,2025-05-14
2025-05-14,2025-05-14,CM,BSE,STK,590138,INF200KA1FS1,SETFNIF50,B,,,,,SBI Mutual Fund-Permitted,260.83,262.04,260.0,261.14,261.63,260.14,,261.19,,,77470,20228885.0,229,F1,1,,,,,,2025-05-14
2025-05-14,2025-05-14,CM,BSE,STK,717504,INE919I04010,MBLNCRPS,F,,,,,MBL-0.1%-19-1-26-NCRPS,110.0,110.0,109.55,109.55,109.55,108.31,,109.85,,,100,10959.0,5,F1,1,,,,,,2025-05-14
2025-05-14,2025-05-14,CM,BSE,STK,750970,INE075K20013,ANVRDH-RE,R,,,,,ANNVRRIDHHI VENTURES LIMITED,0.15,0.18,0.15,0.17,0.18,0.15,,0.17,,,1210139,217174.0,256,F1,1,,,,,,2025-05-14
2025-05-14,2025-05-14,CM,BSE,STK,750973,INE125F20016,OIVL-RE,R,,,,,ONESOURCE INDUSTRIES AND VENTU,0.05,0.05,0.05,0.05,0.05,0.05,,0.05,,,626420,31321.0,79,F1,1,,,,,,2025-05-14
2025-05-14,2025-05-14,CM,BSE,STK,750975,INE224E20036,GATECH-RE1,R,,,,,GACM Technologies Limited,0.08,0.08,0.08,0.08,0.08,0.07,,0.08,,,2504689,200375.0,185,F1,1,,,,,,2025-05-14
2025-05-14,2025-05-14,CM,BSE,STK,750976,INE224E20044,GATDVR-RE,R,,,,,GACM Technologies Limited,0.08,0.08,0.08,0.08,0.08,0.07,,0.08,,,619774,49581.0,65,F1,1,,,,,,2025-05-14
2025-05-14,2025-05-14,CM,BSE,STK,750977,INE0CG620016,MAXIND-RE,R,,,,,Max India Limited,49.99,49.99,30.0,32.38,32.55,37.0,,35.23,,,4867,174614.0,65,F1,1,,,,,,2025-05-14
2025-05-14,2025-05-14,CM,BSE,STK,750978,INE186H20022,BASML-RE1,R,,,,,Bannari Amman Spinning Mills L,2.31,3.2,2.31,3.02,3.12,2.36,,3.01,,,93237,253721.0,317,F1,1,,,,,,2025-05-14
2025-05-14,2025-05-14,CM,BSE,STK,750979,INE451S20019,GROWIN-RE,R,,,,,GROWINGTON VENTURES INDIA LIMI,0.45,0.45,0.45,0.45,0.45,0.0,,0.45,,,1981973,891887.0,494,F1,1,,,,,,2025-05-14
2025-05-14,2025-05-14,CM,BSE,STK,800175,IN0020030022,613GS2028,G,,,,,613GOI2028,100.45,100.45,100.45,100.45,100.45,97.38,,100.5,,,654,65694.0,1,F1,1,,,,,,2025-05-14
2025-05-14,2025-05-14,CM,BSE,STK,800269,IN0020170034,SGBJUL25,G,,,,,SOVEREIGN GOLD BOND 2017 SERIE,9350.0,9350.0,9350.0,9350.0,9350.0,9300.0,,9316.8,,,4,37400.0,2,F1,1,,,,,,2025-05-14
2025-05-14,2025-05-14,CM,BSE,STK,800274,IN0020170083,SGBNOV25VI,G,,,,,SOVEREIGN GOLD BOND 2017 SERIE,9300.0,9300.0,9300.0,9300.0,9300.0,9300.0,,9300.0,,,13,120900.0,2,F1,1,,,,,,2025-05-14
2025-05-14,2025-05-14,CM,BSE,STK,800289,IN0020180314,SGBNOV26,G,,,,,SOVEREIGN GOLD BOND 2019 SERIE,9656.95,9656.95,9656.95,9656.95,9656.95,9600.0,,9300.0,,,2,19313.0,1,F1,1,,,,,,2025-05-14
2025-05-14,2025-05-14,CM,BSE,STK,800290,IN0020180389,SGBDEC26,G,,,,,SOVEREIGN GOLD BOND 2019 SERIE,9350.0,9350.0,9350.0,9350.0,9350.0,9350.0,,9277.0,,,1,9350.0,1,F1,1,,,,,,2025-05-14
2025-05-14,2025-05-14,CM,BSE,STK,800295,IN0020190073,SGBJUN27,G,,,,,SOVEREIGN GOLD BOND 2019-20 SE,9520.0,9520.0,9520.0,9520.0,9520.0,9525.0,,9387.5,,,2,19040.0,1,F1,1,,,,,,2025-05-14
2025-05-14,2025-05-14,CM,BSE,STK,800297,IN0020190107,SGBAUG27,G,,,,,SOVEREIGN GOLD BOND 2019-20 SE,9255.5,9255.5,9255.0,9255.14,9255.14,9377.5,,9259.21,,,10,92551.0,4,F1,1,,,,,,2025-05-14
2025-05-14,2025-05-14,CM,BSE,STK,800303,IN0020190388,SGBOCT27VI,G,,,,,Sovereign Gold Bonds 2019-20 S,9245.0,9245.0,9245.0,9245.0,9245.0,9130.0,,9245.0,,,2,18490.0,1,F1,1,,,,,,2025-05-14
2025-05-14,2025-05-14,CM,BSE,STK,800317,IN0020200054,716GS2050,G,,,,,716GOI2050,101.05,101.05,101.05,101.05,101.05,103.0,,101.05,,,18,1818.0,1,F1,1,,,,,,2025-05-14
2025-05-14,2025-05-14,CM,BSE,STK,800318,IN0020200062,SGBAPR28I,G,,,,,Sovereign Gold Bonds 2020-21 S,9280.0,9282.0,9258.0,9282.0,9282.0,9236.0,,9297.93,,,8,74177.0,7,F1,1,,,,,,2025-05-14
2025-05-14,2025-05-14,CM,BSE,STK,800320,IN0020200088,SGBMAY28,G,,,,,Sovereign Gold Bonds 2020-21 S,9260.03,9260.03,9260.03,9260.03,9260.03,9260.03,,9285.0,,,1,9260.0,1,F1,1,,,,,,2025-05-14
2025-05-14,2025-05-14,CM,BSE,STK,800322,IN0020200104,SGBJUN28,G,,,,,Sovereign Gold Bonds 2020-21 S,9310.0,9325.0,9275.0,9324.0,9325.0,9310.0,,9324.0,,,99,921345.0,18,F1,1,,,,,,2025-05-14
2025-05-14,2025-05-14,CM,BSE,STK,800324,IN0020200146,SGBJUL28IV,G,,,,,Sovereign Gold Bond 2020-21 IV,9250.0,9250.0,9201.0,9232.01,9232.01,9300.0,,9246.01,,,75,692294.0,3,F1,1,,,,,,2025-05-14
2025-05-14,2025-05-14,CM,BSE,STK,800325,IN0020200161,SGBAUG28V,G,,,,,Sovereign Gold Bonds 2020-21 V,9230.0,9293.85,9201.0,9288.1,9288.1,9250.0,,9292.31,,,95,879253.0,32,F1,1,,,,,,2025-05-14
2025-05-14,2025-05-14,CM,BSE,STK,800327,IN0020200195,SGBSEP28VI,G,,,,,Sovereign Gold Bonds 2020-21 S,9250.0,9255.0,9201.0,9214.41,9220.0,9347.99,,9220.11,,,47,433148.0,13,F1,1,,,,,,2025-05-14
2025-05-14,2025-05-14,CM,BSE,STK,800328,IN0020200203,SGBOC28VII,G,,,,,Sovereign Gold Bonds 2020-21 S,9164.7,9164.7,9164.7,9164.7,9164.7,9125.0,,9219.03,,,1,9164.0,1,F1,1,,,,,,2025-05-14
2025-05-14,2025-05-14,CM,BSE,STK,800329,IN0020200286,SGBN28VIII,G,,,,,Sovereign Gold Bonds 2020-21 S,9294.5,9294.5,9251.0,9251.0,9251.0,9245.0,,9267.72,,,119,1105440.0,6,F1,1,,,,,,2025-05-14
2025-05-14,2025-05-14,CM,BSE,STK,800331,IN0020200377,SGBJAN29IX,G,,,,,SGB 2020-21 Series IX,9200.0,9200.0,9200.0,9200.0,9200.0,9190.03,,9244.09,,,6,55200.0,2,F1,1,,,,,,2025-05-14
2025-05-14,2025-05-14,CM,BSE,STK,800332,IN0020200385,SGBJAN29X,G,,,,,Sovereign Gold Bonds 2021-21 S,9216.0,9216.0,9216.0,9216.0,9216.0,9216.53,,9225.0,,,2,18432.0,1,F1,1,,,,,,2025-05-14
2025-05-14,2025-05-14,CM,BSE,STK,800339,IN0020200427,SGBMR29XII,G,,,,,SGB 2020-21 Series XII,9214.33,9245.0,9168.23,9200.94,9200.02,9214.33,,9201.38,,,68,625237.0,11,F1,1,,,,,,2025-05-14
2025-05-14,2025-05-14,CM,BSE,STK,800341,IN0020210061,SGBJUN29II,G,,,,,SGB 2021-22 Series II,9250.0,9250.0,9250.0,9250.0,9250.0,9198.0,,9252.5,,,13,120250.0,3,F1,1,,,,,,2025-05-14
2025-05-14,2025-05-14,CM,BSE,STK,800342,IN0020210087,SGBJU29III,G,,,,,Sovereign Gold Bonds 2021-22,9205.0,9269.99,9205.0,9269.99,9269.99,9200.0,,9263.99,,,25,231224.0,5,F1,1,,,,,,2025-05-14
2025-05-14,2025-05-14,CM,BSE,STK,800385,IN0020210129,SGBAUG29V,G,,,,,Sovereign Gold Bonds 2021-22 S,9220.0,9220.0,9220.0,9220.0,9220.0,9200.0,,9245.25,,,3,27660.0,1,F1,1,,,,,,2025-05-14
2025-05-14,2025-05-14,CM,BSE,STK,800386,IN0020210145,SGBSEP29VI,G,,,,,Sovereign Gold Bonds 2021-22 S,9199.0,9235.0,9199.0,9235.0,9235.0,9199.0,,9218.98,,,120,1107480.0,3,F1,1,,,,,,2025-05-14
2025-05-14,2025-05-14,CM,BSE,STK,800434,IN0020210178,SGBNV29VII,G,,,,,Sovereign Gold Bonds 2021-22 S,9200.0,9200.0,9200.0,9200.0,9200.0,9200.0,,9209.76,,,9,82800.0,1,F1,1,,,,,,2025-05-14
2025-05-14,2025-05-14,CM,BSE,STK,800436,IN0020210202,695GS2061,G,,,,,695GOI2061,103.15,103.15,103.15,103.15,103.15,105.0,,103.15,,,1,103.0,1,F1,1,,,,,,2025-05-14
2025-05-14,2025-05-14,CM,BSE,STK,800437,IN0020210228,SGBD29VIII,G,,,,,Sovereign Gold Bonds 2021-22 S,9200.0,9300.0,9200.0,9300.0,9300.0,9380.0,,9250.93,,,8,74000.0,2,F1,1,,,,,,2025-05-14
2025-05-14,2025-05-14,CM,BSE,STK,800438,IN0020210236,SGBJAN30IX,G,,,,,Soveriegn Gold Bonds 2021-22 S,9260.0,9260.0,9255.0,9255.0,9255.0,9190.0,,9259.98,,,16,148105.0,3,F1,1,,,,,,2025-05-14
2025-05-14,2025-05-14,CM,BSE,STK,800439,IN0020210319,SGBMAR30X,G,,,,,Sovereign Gold Bonds 2021-22 S,9250.0,9250.0,9250.0,9250.0,9250.0,9240.0,,9249.87,,,20,185000.0,6,F1,1,,,,,,2025-05-14
2025-05-14,2025-05-14,CM,BSE,STK,800440,IN0020210244,654GS2032,G,,,,,654GOI2032,103.45,103.45,103.45,103.45,103.45,100.8,,103.54,,,10000,1034500.0,1,F1,1,,,,,,2025-05-14
2025-05-14,2025-05-14,CM,BSE,STK,800441,IN0020220029,754GS2036,G,,,,,754GOI2036,112.9,112.9,112.75,112.75,112.75,112.65,,112.55,,,8416,949344.0,9,F1,1,,,,,,2025-05-14
2025-05-14,2025-05-14,CM,BSE,STK,800452,IN0020220086,736GS2052,G,,,,,736GOI2052,106.3,106.3,106.3,106.3,106.3,107.15,,106.33,,,63,6696.0,1,F1,1,,,,,,2025-05-14
2025-05-14,2025-05-14,CM,BSE,STK,800488,IN0020220078,SGBAUG30,G,,,,,Sovereign Gold Bonds 2022-23 S,9308.99,9308.99,9265.0,9282.5,9280.0,9250.0,,9294.78,,,37,343794.0,13,F1,1,,,,,,2025-05-14
2025-05-14,2025-05-14,CM,BSE,STK,800489,IN0020220094,74GS2062,G,,,,,74GOI2062,107.2,112.95,107.2,112.95,112.95,107.2,,112.95,,,30,3273.0,2,F1,1,,,,,,2025-05-14
2025-05-14,2025-05-14,CM,BSE,STK,800520,IN0020220060,726GS2032,G,,,,,726GOI2032,107.0,107.0,107.0,107.0,107.0,106.95,,106.93,,,1000,107000.0,2,F1,1,,,,,,2025-05-14
2025-05-14,2025-05-14,CM,BSE,STK,800575,IN0020220169,SGBMAR31IV,G,,,,,Sovereign Gold Bond 2022-23 Sr,9266.0,9266.0,9266.0,9266.0,9266.0,9266.0,,9270.0,,,3,27798.0,2,F1,1,,,,,,2025-05-14
2025-05-14,2025-05-14,CM,BSE,STK,800580,IN0020230069,SGBJUN31I,G,,,,,Sovereign Gold Bonds 2023-24 S,9158.85,9339.0,9158.85,9295.42,9339.0,9275.0,,9300.82,,,181,1676148.0,57,F1,1,,,,,,2025-05-14
2025-05-14,2025-05-14,CM,BSE,STK,800596,IN0020230093,SGBSEP31II,G,,,,,Sovereign Gold Bonds 2023-24 S,9243.0,9320.0,9202.0,9317.48,9320.0,9297.0,,9316.03,,,305,2831513.0,41,F1,1,,,,,,2025-05-14
2025-05-14,2025-05-14,CM,BSE,STK,800598,IN0020230077,718GS2037,G,,,,,718GS2037,107.4,108.8,107.4,108.8,108.8,107.55,,108.18,,,201,21588.0,2,F1,1,,,,,,2025-05-14
2025-05-14,2025-05-14,CM,BSE,STK,800603,IN0020230168,SGBDE31III,G,,,,,Sovereign Gold Bonds 2023-24 S,9445.0,9445.0,9300.05,9424.79,9424.97,9344.49,,9377.97,,,60,561208.0,13,F1,1,,,,,,2025-05-14
2025-05-14,2025-05-14,CM,BSE,STK,800605,IN0020230184,SGBFEB32IV,G,,,,,Sovereign Gold Bonds 2023-24 S,9527.4,9639.0,9490.01,9596.71,9596.98,9527.4,,9565.69,,,177,1691742.0,22,F1,1,,,,,,2025-05-14
2025-05-14,2025-05-14,CM,BSE,STK,804925,IN002024Z107,364TB05625,G,,,,,364TB05625,99.4,99.4,99.4,99.4,99.4,99.37,,99.4,,,1,99.0,1,F1,1,,,,,,2025-05-14
2025-05-14,2025-05-14,CM,BSE,STK,805026,IN002024Y449,182TB14825,G,,,,,182TB14825,98.12,98.12,98.12,98.12,98.12,98.12,,98.12,,,100,9812.0,1,F1,1,,,,,,2025-05-14
2025-05-14,2025-05-14,CM,BSE,STK,805038,IN002024Y480,182TB11925,G,,,,,182TB11925,97.66,97.66,97.66,97.66,97.66,97.66,,97.66,,,1000,97660.0,1,F1,1,,,,,,2025-05-14
2025-05-14,2025-05-14,CM,BSE,STK,805039,IN002024Z487,364TB12326,G,,,,,364TB12326,94.0,94.0,94.0,94.0,94.0,92.2,,94.0,,,1000,94000.0,1,F1,1,,,,,,2025-05-14
2025-05-14,2025-05-14,CM,BSE,STK,805042,IN002024Z495,364TB19326,G,,,,,364TB19326,94.2,94.2,94.2,94.2,94.2,0.0,,94.2,,,1900,178980.0,1,F1,1,,,,,,2025-05-14
2025-05-14,2025-05-14,CM,BSE,STK,805043,IN002024X516,91TB260625,G,,,,,91TB260625,98.85,98.85,98.85,98.85,98.85,97.55,,98.85,,,100,9885.0,2,F1,1,,,,,,2025-05-14
2025-05-14,2025-05-14,CM,BSE,STK,805046,IN002025X018,91TB030725,G,,,,,91TB030725,99.09,99.09,99.09,99.09,99.09,99.09,,99.09,,,1000,99090.0,7,F1,1,,,,,,2025-05-14
2025-05-14,2025-05-14,CM,BSE,STK,805050,IN002025Y024,182T101025,G,,,,,182T101025,97.54,97.54,97.54,97.54,97.54,97.48,,97.54,,,390,38040.0,1,F1,1,,,,,,2025-05-14
2025-05-14,2025-05-14,CM,BSE,STK,805058,IN002025X059,91TB010825,G,,,,,91TB010825,98.5,98.5,98.5,98.5,98.5,98.5,,98.63,,,200,19700.0,2,F1,1,,,,,,2025-05-14
2025-05-14,2025-05-14,CM,BSE,STK,805061,IN002025X067,91TB070825,G,,,,,91TB070825,98.01,98.01,97.9,97.9,97.9,97.9,,97.9,,,1000,97922.0,3,F1,1,,,,,,2025-05-14
2025-05-14,2025-05-14,CM,BSE,STK,890157,IN9397D01014,AIRTELPP,A,,,,,Bharti Airtel  Ltd.,1397.9,1449.9,1371.0,1383.25,1384.0,1361.95,,1383.4,,,4214,5826642.0,471,F1,1,,,,,,2025-05-14
2025-05-14,2025-05-14,CM,BSE,STK,890197,IN9564C01011,YARNPP,XT,,,,,Yarn Syndicate Ltd.,4.9,4.9,4.9,4.9,4.9,4.99,,4.9,,,3416,16738.0,7,F1,1,,,,,,2025-05-14
2025-05-14,2025-05-14,CM,BSE,STK,890209,IN9628A01026,UPLPP,A,,,,,UPL Limited,420.0,434.0,417.1,423.9,422.3,420.0,,421.6,,,2295,965982.0,342,F1,1,,,,,,2025-05-14
2025-05-14,2025-05-14,CM,BSE,STK,890211,IN9526B01012,CALSOFTPP,T,,,,,California Software Co. Ltd.,3.8,3.8,3.8,3.8,3.8,3.99,,3.3,,,31,117.0,5,F1,1,,,,,,2025-05-14
2025-05-14,2025-05-14,CM,BSE,STK,890213,IN9201F01013,SNLFPP,XT,,,,,Shri Niwas Leasing and Finance,6.16,6.16,6.16,6.16,6.16,6.48,,6.16,,,500,3080.0,5,F1,1,,,,,,2025-05-14
2025-05-14,2025-05-14,CM,BSE,STK,890214,IN9139R01028,FUSIONPP,A,,,,,FUSION FINANCE LIMITED,100.0,114.08,99.95,113.39,113.39,100.46,,113.07,,,32590,3511604.0,968,F1,1,,,,,,2025-05-14
2025-05-14,2025-05-14,CM,BSE,STK,935510,INE134E07562,752PFCL30,F,,,,,PFC-7.52%-2B-17-10-30-BOND,1114.1,1114.1,1114.1,1114.1,1114.1,1115.72,,1114.1,,,139,154859.0,1,F1,1,,,,,,2025-05-14
2025-05-14,2025-05-14,CM,BSE,STK,935544,INE020B07JS8,734REC30,F,,,,,REC-7.34%-5-11-30-S-2B-NCD,1101.01,1101.01,1101.0,1101.0,1101.0,1096.18,,1101.0,,,215,236716.0,2,F1,1,,,,,,2025-05-14
2025-05-14,2025-05-14,CM,BSE,STK,935566,INE053F07793,707IRFC25,F,,,,,IRFC-7.07%-21-12-25-TAXFREENCD,1050.0,1050.0,1050.0,1050.0,1050.0,1050.0,,1050.0,,,289,303450.0,3,F1,1,,,,,,2025-05-14
2025-05-14,2025-05-14,CM,BSE,STK,935574,INE053F07835,753IRFC30,F,,,,,IRFC-7.53%-21-12-30-TAXFREENCD,1137.5,1137.5,1134.0,1134.0,1134.0,1130.0,,1137.99,,,40,45465.0,3,F1,1,,,,,,2025-05-14
2025-05-14,2025-05-14,CM,BSE,STK,935584,INE906B07EJ8,76NHAI31,F,,,,,NHAI-7.6%-11-1-31-TAXFREENCD,1127.01,1135.0,1127.01,1135.0,1135.0,1131.0,,1130.0,,,1340,1512910.0,5,F1,1,,,,,,2025-05-14
2025-05-14,2025-05-14,CM,BSE,STK,935662,INE906B07EN0,729NHAI26,F,,,,,NHAI-7.29%-9-3-26-TAXFREENCD,1060.0,1060.0,1060.0,1060.0,1060.0,1047.2,,1060.0,,,100,106000.0,1,F1,1,,,,,,2025-05-14
2025-05-14,2025-05-14,CM,BSE,STK,935666,INE906B07EP5,769NHAI31,F,,,,,NHAI-7.69%-9-3-31-TAXFREENCD,1146.0,1146.0,1146.0,1146.0,1146.0,1150.0,,1151.86,,,885,1014210.0,1,F1,1,,,,,,2025-05-14
2025-05-14,2025-05-14,CM,BSE,STK,935690,INE261F07032,764NABAR31,F,,,,,NABARD-7.64%-23-3-31-NCDS,1111.0,1120.0,1111.0,1118.67,1118.0,1105.35,,1118.67,,,19,21242.0,4,F1,1,,,,,,2025-05-14
2025-05-14,2025-05-14,CM,BSE,STK,935752,INE774D08MA6,9MMFSL26,F,,,,,MMFSL-9%-6-6-26-NCD,1095.55,1095.55,1092.0,1092.0,1092.0,1095.0,,1092.0,,,23,25131.0,3,F1,1,,,,,,2025-05-14
2025-05-14,2025-05-14,CM,BSE,STK,935860,INE148I07GL3,9SCL26BA,F,,,,,SCL-9%-26-9-26-NCDS,1020.0,1020.0,1020.0,1020.0,1020.0,1020.0,,1020.0,,,101,103020.0,2,F1,1,,,,,,2025-05-14
2025-05-14,2025-05-14,CM,BSE,STK,935862,INE148I07GN9,SCLZC26,F,,,,,SCL-ZC-26-9-26-NCDS,1920.45,1920.45,1920.0,1920.0,1920.0,1939.0,,1989.05,,,100,192024.0,3,F1,1,,,,,,2025-05-14
2025-05-14,2025-05-14,CM,BSE,STK,936044,INE774D08MK5,800MMFSL27,F,,,,,MMFSL-8.00%-24-07-27-NCD,1001.01,1001.01,1001.0,1001.0,1001.0,1002.8,,1001.0,,,27,27027.0,2,F1,1,,,,,,2025-05-14
2025-05-14,2025-05-14,CM,BSE,STK,936048,INE774D08MM1,805MMFSL32,F,,,,,MMFSL-8.05%-24-07-32-NCD,1005.05,1005.05,1003.0,1003.09,1003.0,1009.94,,1003.09,,,256,256984.0,14,F1,1,,,,,,2025-05-14
2025-05-14,2025-05-14,CM,BSE,STK,936224,INE651J07622,975JMFCS28,F,,,,,JMFCSL-9.75%-7-6-28-NCD,1095.0,1096.0,1095.0,1096.0,1096.0,1094.5,,1096.0,,,460,504130.0,3,F1,1,,,,,,2025-05-14
2025-05-14,2025-05-14,CM,BSE,STK,936226,INE651J07630,934JMFCS28,F,,,,,JMFCSL-9.34%-7-6-28-NCD,1002.0,1002.0,1002.0,1002.0,1002.0,1010.0,,1002.0,,,79,79158.0,1,F1,1,,,,,,2025-05-14
2025-05-14,2025-05-14,CM,BSE,STK,936252,INE804I078Y8,943ECL28,F,,,,,EFL-9.43%-6-8-28-NCD,970.0,975.0,960.0,968.0,968.0,970.0,,965.59,,,515,496920.0,16,F1,1,,,,,,2025-05-14
2025-05-14,2025-05-14,CM,BSE,STK,936278,INE244L07168,96SFIL24A,F,,,,,SFIL-8.84%-25-9-28-NCD,978.0,978.0,978.0,978.0,978.0,1049.0,,953.03,,,100,97800.0,1,F1,1,,,,,,2025-05-14
2025-05-14,2025-05-14,CM,BSE,STK,936398,INE804IA7014,1015ECL29,F,,,,,EFL-10.15%-4-1-29-NCD,992.0,992.0,992.0,992.0,992.0,992.9,,992.0,,,1,992.0,1,F1,1,,,,,,2025-05-14
2025-05-14,2025-05-14,CM,BSE,STK,936412,INE774D07SW9,93MMFSL27,F,,,,,MMFSL-9.3%-18-1-27-NCD,1030.0,1031.9,1030.0,1031.75,1031.75,1031.9,,1031.75,,,2345,2417006.0,14,F1,1,,,,,,2025-05-14
2025-05-14,2025-05-14,CM,BSE,STK,936450,INE403Q08142,KFLZC26F,F,,,,,Kosamattam Finance Limited,1824.0,1824.0,1824.0,1824.0,1824.0,1820.0,,1824.0,,,9,16416.0,1,F1,1,,,,,,2025-05-14
2025-05-14,2025-05-14,CM,BSE,STK,936478,INE866I08295,105IIFL29,F,,,,,IFL-10.5%-7-2-29-NCD,1198.0,1198.0,1198.0,1198.0,1198.0,1000.0,,1198.0,,,90,107820.0,1,F1,1,,,,,,2025-05-14
2025-05-14,2025-05-14,CM,BSE,STK,936492,INE522D07BA4,MFLZC26,F,,,,,MFL-ZC-5-5-26-NCD,1833.75,1833.75,1833.75,1833.75,1833.75,1833.85,,1833.75,,,30,55012.0,1,F1,1,,,,,,2025-05-14
2025-05-14,2025-05-14,CM,BSE,STK,936532,INE027E07998,898LTF29,F,,,,,LTF-8.98%-13-3-29-NCD,1050.0,1051.0,1050.0,1050.2,1050.2,1050.0,,1047.6,,,155,162752.0,8,F1,1,,,,,,2025-05-14
2025-05-14,2025-05-14,CM,BSE,STK,936578,INE027E07AN7,87LTF27,F,,,,,LTF-8.7%-15-4-27-NCD,1049.0,1049.0,1049.0,1049.0,1049.0,1021.05,,1041.95,,,25,26225.0,1,F1,1,,,,,,2025-05-14
2025-05-14,2025-05-14,CM,BSE,STK,936722,INE804IA7139,995ECL29A,F,,,,,EFL-9.95%-23-5-29-NCD,967.0,967.0,967.0,967.0,967.0,967.0,,967.0,,,33,31911.0,1,F1,1,,,,,,2025-05-14
2025-05-14,2025-05-14,CM,BSE,STK,936810,INE306N07LM5,865TCAPS27,F,,,,,TCAP-8.65%-26-8-27-NCD,1076.0,1080.0,1075.0,1080.0,1080.0,1075.0,,1080.0,,,850,914011.0,6,F1,1,,,,,,2025-05-14
2025-05-14,2025-05-14,CM,BSE,STK,936944,INE414G07EC7,MFLZC27D,F,,,,,MFL-ZC-1-5-27-NCD,1705.0,1705.0,1705.0,1705.0,1705.0,1705.0,,1705.0,,,9,15345.0,1,F1,1,,,,,,2025-05-14
2025-05-14,2025-05-14,CM,BSE,STK,936975,INE804IA7246,995ECL29,F,,,,,ECL-9.95%-28-11-29-NCD,968.0,968.0,968.0,968.0,968.0,960.0,,968.0,,,10,9680.0,1,F1,1,,,,,,2025-05-14
2025-05-14,2025-05-14,CM,BSE,STK,937057,INE033L07GU2,84TCHF28,F,,,,,TCHF-8.4%-14-1-28-NCD,1036.01,1036.01,1036.01,1036.01,1036.01,1042.57,,1036.01,,,348,360531.0,1,F1,1,,,,,,2025-05-14
2025-05-14,2025-05-14,CM,BSE,STK,937091,INE918K07FU8,98NWFL30,F,,,,,NWFL-9.80%-5-2-30-NCD,1020.0,1025.0,1008.0,1020.0,1020.0,994.0,,1020.0,,,1885,1926276.0,6,F1,1,,,,,,2025-05-14
2025-05-14,2025-05-14,CM,BSE,STK,937205,INE403Q08191,1025KFL27,F,,,,,KFL-10.25%-28-5-27-NCD,960.0,960.0,960.0,960.0,960.0,906.0,,960.0,,,245,235200.0,1,F1,1,,,,,,2025-05-14
2025-05-14,2025-05-14,CM,BSE,STK,937319,INE414G07FI1,MFOPTVI24,F,,,,,MFL-OVI-5-11-25-NCD,1401.8,1401.8,1401.8,1401.8,1401.8,1401.8,,1401.8,,,163,228493.0,2,F1,1,,,,,,2025-05-14
2025-05-14,2025-05-14,CM,BSE,STK,937331,INE101Q07847,105MMFL25C,F,,,,,MMFL-10.5%-21-11-25-NCD,1004.0,1004.0,1004.0,1004.0,1004.0,1004.0,,1004.0,,,3,3012.0,1,F1,1,,,,,,2025-05-14
2025-05-14,2025-05-14,CM,BSE,STK,937341,INE532F07BN1,98EFSL26,F,,,,,EFSL-9.8%-8-1-26-NCD,1024.5,1024.5,1024.0,1024.0,1024.0,1025.8,,1024.0,,,129,132147.0,3,F1,1,,,,,,2025-05-14
2025-05-14,2025-05-14,CM,BSE,STK,937377,INE134E07AP6,683PFCL31,F,,,,,PFCL-6.83%-22-1-31-NCD,995.0,995.0,995.0,995.0,995.0,986.0,,995.0,,,475,472625.0,3,F1,1,,,,,,2025-05-14
2025-05-14,2025-05-14,CM,BSE,STK,937385,INE134E07AT8,715PFCL36,F,,,,,PFCL-7.15%-22-1-36-NCD,1026.0,1026.0,1026.0,1026.0,1026.0,1026.0,,1026.0,,,100,102600.0,1,F1,1,,,,,,2025-05-14
2025-05-14,2025-05-14,CM,BSE,STK,937431,INE101Q08118,1025MMFL26,F,,,,,MMFL-10.25%-13-3-26-NCD,1000.0,1000.0,1000.0,1000.0,1000.0,1000.0,,1000.0,,,483,483000.0,4,F1,1,,,,,,2025-05-14
2025-05-14,2025-05-14,CM,BSE,STK,937439,INE549K07AB2,875MFL26A,F,,,,,MFL-8.75%-15-3-26-NCD,990.0,990.0,990.0,990.0,990.0,990.0,,990.0,,,50,49500.0,2,F1,1,,,,,,2025-05-14
2025-05-14,2025-05-14,CM,BSE,STK,937453,INE530B08094,10IIFL28A,F,,,,,IFL-10%-24-6-28-NCD,970.0,970.5,967.2,970.5,970.5,975.0,,973.53,,,350,338970.0,5,F1,1,,,,,,2025-05-14
2025-05-14,2025-05-14,CM,BSE,STK,937515,INE101Q08134,1025MMF26A,F,,,,,MMFL-10.25%-2-6-26-NCD,1000.0,1000.0,1000.0,1000.0,1000.0,995.0,,1000.0,,,79,79000.0,2,F1,1,,,,,,2025-05-14
2025-05-14,2025-05-14,CM,BSE,STK,937533,INE219X07249,769IGT28,F,,,,,IGT-7.69%-6-5-28-INVIT-NCD,1001.75,1001.75,1001.75,1001.75,1001.75,990.0,,1001.75,,,11,11019.0,2,F1,1,,,,,,2025-05-14
2025-05-14,2025-05-14,CM,BSE,STK,937557,INE549K07AO5,MFLZC26D,F,,,,,MFCL-ZC-7-5-26-NCD,1425.0,1425.0,1425.0,1425.0,1425.0,1376.06,,1425.0,,,10,14250.0,1,F1,1,,,,,,2025-05-14
2025-05-14,2025-05-14,CM,BSE,STK,937619,INE477L08147,10IIFL28,F,,,,,IHFL-10%-3-11-28-NCD,1015.52,1024.0,1015.52,1024.0,1024.0,1010.0,,1026.35,,,20,20395.0,2,F1,1,,,,,,2025-05-14
2025-05-14,2025-05-14,CM,BSE,STK,937621,INE477L08154,96IIFL28,F,,,,,IHFL-9.60%-3-11-28-NCD,969.98,969.98,969.98,969.98,969.98,959.0,,967.24,,,10,9699.0,1,F1,1,,,,,,2025-05-14
2025-05-14,2025-05-14,CM,BSE,STK,937631,INE532F07CF5,915EFSL26,F,,,,,EFSL-9.15%-10-9-26-NCD,979.8,979.8,979.8,979.8,979.8,979.0,,979.8,,,1,979.0,1,F1,1,,,,,,2025-05-14
2025-05-14,2025-05-14,CM,BSE,STK,937633,INE532F07CG3,955EFSL26A,F,,,,,EFSL-9.55%-10-9-26-NCD,1038.8,1038.8,1038.8,1038.8,1038.8,1038.8,,1038.8,,,42,43629.0,2,F1,1,,,,,,2025-05-14
2025-05-14,2025-05-14,CM,BSE,STK,937635,INE532F07CH1,EFSL26,F,,,,,EFSL-10-9-26-NCD,1326.2,1355.0,1326.2,1355.0,1355.0,1350.0,,1355.0,,,225,301475.0,5,F1,1,,,,,,2025-05-14
2025-05-14,2025-05-14,CM,BSE,STK,937743,INE0BUS08013,12IML26,F,,,,,IML-12%-24-11-26-NCD,1001.0,1001.0,1001.0,1001.0,1001.0,1001.0,,1001.0,,,200,200200.0,2,F1,1,,,,,,2025-05-14
2025-05-14,2025-05-14,CM,BSE,STK,937801,INE532F07CR0,955EFSL26B,F,,,,,EFSL-9.55%-28-12-26-NCD,1000.0,1000.5,1000.0,1000.38,1000.26,1000.0,,1000.38,,,1053,1053174.0,12,F1,1,,,,,,2025-05-14
2025-05-14,2025-05-14,CM,BSE,STK,937803,INE532F07CS8,EFSL26A,F,,,,,EFSL-28-12-26-NCD,1272.05,1272.05,1272.05,1272.05,1272.05,1288.18,,1272.05,,,8,10176.0,1,F1,1,,,,,,2025-05-14
2025-05-14,2025-05-14,CM,BSE,STK,937805,INE532F07CT6,93EFSL31A,F,,,,,EFSL-9.30%-28-12-31-NCD,932.8,932.8,932.8,932.8,932.8,932.74,,932.8,,,4,3731.0,2,F1,1,,,,,,2025-05-14
2025-05-14,2025-05-14,CM,BSE,STK,937825,INE477L07AN9,820IIFL27,F,,,,,IHFL-8.20%-3-1-27-NCD,971.0,971.0,971.0,971.0,971.0,975.0,,971.0,,,500,485500.0,1,F1,1,,,,,,2025-05-14
2025-05-14,2025-05-14,CM,BSE,STK,937887,INE549K07BC8,875MFL28,F,,,,,MFL-8.75%-2-2-28-NCD,970.0,970.0,970.0,970.0,970.0,970.0,,970.0,,,75,72750.0,3,F1,1,,,,,,2025-05-14
2025-05-14,2025-05-14,CM,BSE,STK,937967,INE148I07LT6,925SCL27,F,,,,,SCL-9.25%-28-4-27-NCD,960.0,985.0,960.0,985.0,985.0,1019.06,,985.0,,,1100,1058100.0,13,F1,1,,,,,,2025-05-14
2025-05-14,2025-05-14,CM,BSE,STK,938001,INE530L07483,955NIDO27,F,,,,,NIDO-9.55%-29-4-27-NCD,991.0,991.0,991.0,991.0,991.0,960.0,,991.0,,,60,59460.0,4,F1,1,,,,,,2025-05-14
2025-05-14,2025-05-14,CM,BSE,STK,938005,INE530L07509,930NIDO32,F,,,,,NIDO-9.30%-29-4-32-NCD,915.8,915.8,902.5,902.5,902.5,908.0,,902.5,,,161,146964.0,5,F1,1,,,,,,2025-05-14
2025-05-14,2025-05-14,CM,BSE,STK,938011,INE414G07GE8,MFLII27B,F,,,,,MFL-II-5-5-27-NCD,957.0,963.7,957.0,962.1,962.1,966.12,,962.1,,,1410,1355271.0,25,F1,1,,,,,,2025-05-14
2025-05-14,2025-05-14,CM,BSE,STK,938021,INE414G07GI9,MFLVI32F,F,,,,,MFL-VI-5-5-32-NCD,950.0,950.0,950.0,950.0,950.0,940.0,,950.0,,,10,9500.0,1,F1,1,,,,,,2025-05-14
2025-05-14,2025-05-14,CM,BSE,STK,938075,INE414G07GQ2,MFLVI25,F,,,,,MFL-23-6-25-NCD,1226.0,1226.0,1226.0,1226.0,1226.0,1223.22,,1226.0,,,91,111566.0,1,F1,1,,,,,,2025-05-14
2025-05-14,2025-05-14,CM,BSE,STK,938093,INE0BUS07577,IML28C,F,,,,,IML-27-11-28-NCD,1274.0,1300.0,1274.0,1300.0,1300.0,1256.0,,1300.0,,,342,440154.0,2,F1,1,,,,,,2025-05-14
2025-05-14,2025-05-14,CM,BSE,STK,938111,INE523L07744,953NWIL32,F,,,,,NWIL-9.53%-15-7-32-NCD,990.05,1010.0,990.0,1009.45,1010.0,993.4,,1009.45,,,495,492560.0,11,F1,1,,,,,,2025-05-14
2025-05-14,2025-05-14,CM,BSE,STK,938139,INE549K07BL9,MFL25C,F,,,,,MFL-5-11-25-NCD,1223.8,1223.8,1223.8,1223.8,1223.8,1223.8,,1223.8,,,13,15909.0,2,F1,1,,,,,,2025-05-14
2025-05-14,2025-05-14,CM,BSE,STK,938214,INE532F07DC0,975EFSL27,F,,,,,EFSL-9.75%-20-10-27-NCD,1012.8,1012.8,1012.8,1012.8,1012.8,1011.5,,1012.8,,,370,374736.0,1,F1,1,,,,,,2025-05-14
2025-05-14,2025-05-14,CM,BSE,STK,938216,INE532F07DA4,EFSL27,F,,,,,EFSL-20-10-27-NCD,1165.2,1165.2,1165.2,1165.2,1165.2,1165.2,,1165.2,,,10,11652.0,1,F1,1,,,,,,2025-05-14
2025-05-14,2025-05-14,CM,BSE,STK,938218,INE532F07DD8,965EFSL32,F,,,,,EFSL-9.65%-20-10-32-NCD,980.0,980.0,970.0,970.0,970.0,930.55,,970.0,,,2,1950.0,2,F1,1,,,,,,2025-05-14
2025-05-14,2025-05-14,CM,BSE,STK,938222,INE0H7R07017,79NHIT35,F,,,,,NHIT-25-10-35-INVIT,308.07,309.55,308.07,309.3,309.3,310.0,,309.3,,,500,154454.0,4,F1,1,,,,,,2025-05-14
2025-05-14,2025-05-14,CM,BSE,STK,938278,INE741K07496,10CAGL27,F,,,,,CAGL-10%-23-11-27-NCD,1015.0,1015.0,1015.0,1015.0,1015.0,1027.0,,1015.0,,,200,203000.0,1,F1,1,,,,,,2025-05-14
2025-05-14,2025-05-14,CM,BSE,STK,938282,INE414G07HB2,735MFL25,F,,,,,MFL-7.35%-23-12-25-NCD,983.0,988.0,983.0,988.0,988.0,990.0,,988.0,,,40,39420.0,2,F1,1,,,,,,2025-05-14
2025-05-14,2025-05-14,CM,BSE,STK,938284,INE414G07HH9,750MFL27,F,,,,,MFL-7.50%-23-12-27-NCD,978.8,978.8,978.8,978.8,978.8,966.08,,978.8,,,2,1957.0,1,F1,1,,,,,,2025-05-14
2025-05-14,2025-05-14,CM,BSE,STK,938288,INE414G07HD8,760MFL25,F,,,,,MFL-7.60%-23-12-25-NCD,1006.03,1006.03,1006.03,1006.03,1006.03,1014.8,,1006.03,,,10,10060.0,1,F1,1,,,,,,2025-05-14
2025-05-14,2025-05-14,CM,BSE,STK,938364,INE532F07DK3,967EFSL28D,F,,,,,EFSL-9.67%-20-1-28-NCD,965.0,974.9,965.0,970.0,970.0,960.0,,970.0,,,449,433814.0,9,F1,1,,,,,,2025-05-14
2025-05-14,2025-05-14,CM,BSE,STK,938368,INE532F07DG1,EFSLZC28,F,,,,,EFSL-Zero Coupon-20-1-28-NCD,1166.2,1166.2,1166.2,1166.2,1166.2,1188.8,,1166.2,,,6,6997.0,2,F1,1,,,,,,2025-05-14
2025-05-14,2025-05-14,CM,BSE,STK,938370,INE532F07DH9,10EFSL33B,F,,,,,EFSL-10%-20-1-33-NCD,943.0,943.0,941.61,941.61,941.61,941.2,,941.61,,,50,47108.0,3,F1,1,,,,,,2025-05-14
2025-05-14,2025-05-14,CM,BSE,STK,938372,INE532F07DI7,1045EFS33A,F,,,,,EFSL-10.45%-20-1-33-NCD,986.03,986.03,986.03,986.03,986.03,986.03,,986.03,,,1,986.0,1,F1,1,,,,,,2025-05-14
2025-05-14,2025-05-14,CM,BSE,STK,938382,INE530B07310,865IIFL28,F,,,,,IIFL-8.65%-25-1-28-NCD,954.5,962.0,954.5,960.3,960.3,960.0,,955.4,,,267,256397.0,3,F1,1,,,,,,2025-05-14
2025-05-14,2025-05-14,CM,BSE,STK,938384,INE530B07260,9IIFL28A,F,,,,,IIFL-9%-24-1-28-NCD,979.0,979.0,979.0,979.0,979.0,977.0,,979.0,,,30,29370.0,1,F1,1,,,,,,2025-05-14
2025-05-14,2025-05-14,CM,BSE,STK,938424,INE549K07BU0,850MFL28,F,,,,,MFL-8.50%-2-2-28-NCD,950.0,950.0,950.0,950.0,950.0,979.8,,950.0,,,170,161500.0,1,F1,1,,,,,,2025-05-14
2025-05-14,2025-05-14,CM,BSE,STK,938436,INE414G07HM9,785MFL28,F,,,,,MFL-7.85%-10-4-28-NCD,980.0,980.0,977.0,977.0,977.0,978.45,,977.0,,,82,80117.0,4,F1,1,,,,,,2025-05-14
2025-05-14,2025-05-14,CM,BSE,STK,938484,INE148I07NW6,965SCL28,F,,,,,SCL-9.65%-23-3-28-NCD,588.0,588.0,588.0,588.0,588.0,588.0,,588.0,,,200,117600.0,1,F1,1,,,,,,2025-05-14
2025-05-14,2025-05-14,CM,BSE,STK,938508,INE244L07556,1003SFIL28,F,,,,,SFIL-10.50%-25-4-28-NCD,699.0,699.0,698.0,698.0,698.0,699.0,,684.0,,,212,148171.0,6,F1,1,,,,,,2025-05-14
2025-05-14,2025-05-14,CM,BSE,STK,938518,INE532F07DP2,920EFSL26,F,,,,,EFSL-9.20%-27-4-26-NCD,995.0,995.0,995.0,995.0,995.0,1000.06,,995.0,,,20,19900.0,1,F1,1,,,,,,2025-05-14
2025-05-14,2025-05-14,CM,BSE,STK,938522,INE532F07DU2,EFSL26B,F,,,,,EFSL-27-4-26-NCD,1174.0,1174.0,1174.0,1174.0,1174.0,1177.0,,1174.0,,,60,70440.0,1,F1,1,,,,,,2025-05-14
2025-05-14,2025-05-14,CM,BSE,STK,938524,INE532F07DT4,967EFSL28,F,,,,,EFSL-9.67%-27-4-28-NCD,955.0,958.96,950.0,958.96,958.96,955.0,,958.96,,,687,655578.0,11,F1,1,,,,,,2025-05-14
2025-05-14,2025-05-14,CM,BSE,STK,938554,INE414G07IA2,775MFL2025,F,,,,,MFL-7.75%-3-6-25-NCD,998.5,998.5,998.5,998.5,998.5,998.5,,998.5,,,50,49925.0,1,F1,1,,,,,,2025-05-14
2025-05-14,2025-05-14,CM,BSE,STK,938570,INE549K07CC6,9MFL30A,F,,,,,MFL-9%-2-5-30-NCD,950.0,950.0,950.0,950.0,950.0,930.0,,950.0,,,50,47500.0,1,F1,1,,,,,,2025-05-14
2025-05-14,2025-05-14,CM,BSE,STK,938630,INE530B07351,IIFLZC26B,F,,,,,IIFL-ZC-28-6-26-NCD,1155.0,1155.0,1155.0,1155.0,1155.0,1116.8,,1155.0,,,427,493185.0,2,F1,1,,,,,,2025-05-14
2025-05-14,2025-05-14,CM,BSE,STK,938652,INE532F07EC8,92EFSL26,F,,,,,EFSL-9.20%-21-7-26-NCD,970.9,972.0,970.9,972.0,972.0,981.0,,972.0,,,20,19429.0,2,F1,1,,,,,,2025-05-14
2025-05-14,2025-05-14,CM,BSE,STK,938658,INE532F07EG9,967EFS28,F,,,,,EFSL-9.67%-21-7-28-NCD,970.05,970.05,970.05,970.05,970.05,954.0,,970.05,,,10,9700.0,2,F1,1,,,,,,2025-05-14
2025-05-14,2025-05-14,CM,BSE,STK,938686,INE148I07OP8,948SCL26I,F,,,,,SCL-9.48%-27-7-26-NCD,940.0,940.0,940.0,940.0,940.0,785.0,,940.0,,,50,47000.0,1,F1,1,,,,,,2025-05-14
2025-05-14,2025-05-14,CM,BSE,STK,938698,INE134E07CF3,750PFCL26,F,,,,,PFC-750%-1-8-26-NCD,1047.36,1055.0,1042.23,1055.0,1055.0,1055.0,,1055.0,,,35,36695.0,3,F1,1,,,,,,2025-05-14
2025-05-14,2025-05-14,CM,BSE,STK,938702,INE134E07CH9,753PFCL33,F,,,,,PFC-7.53%-1-8-33-NCD,1058.0,1058.0,1058.0,1058.0,1058.0,1050.0,,1058.0,,,20,21160.0,1,F1,1,,,,,,2025-05-14
2025-05-14,2025-05-14,CM,BSE,STK,938706,INE134E07CK3,755PFCL38,F,,,,,PFC-7.55%-1-8-38-NCD,1060.0,1062.0,1060.0,1062.0,1062.0,1065.0,,1062.0,,,200,212200.0,2,F1,1,,,,,,2025-05-14
2025-05-14,2025-05-14,CM,BSE,STK,938710,INE121A07RG4,965IHFL25D,F,,,,,CIFCL-09-06-25-NCD,1146.0,1146.0,1146.0,1146.0,1146.0,1145.0,,1146.5,,,150,171900.0,2,F1,1,,,,,,2025-05-14
2025-05-14,2025-05-14,CM,BSE,STK,938728,INE01HV07445,1050VCL25,F,,,,,VCL-10.50%-06-09-25-NCD,1063.0,1063.0,1063.0,1063.0,1063.0,1062.0,,1063.0,,,21,22323.0,2,F1,1,,,,,,2025-05-14
2025-05-14,2025-05-14,CM,BSE,STK,938742,INE741K07579,970CAGL28,F,,,,,CAGL-9.70%-7-9-28-NCD,1019.0,1019.0,1019.0,1019.0,1019.0,1019.0,,1017.06,,,2,2038.0,1,F1,1,,,,,,2025-05-14
2025-05-14,2025-05-14,CM,BSE,STK,938780,INE530L07533,NIDO28,F,,,,,NHFL-15-9-28-NCD,1044.82,1076.01,1044.82,1076.01,1076.01,1071.61,,1076.01,,,10,10604.0,2,F1,1,,,,,,2025-05-14
2025-05-14,2025-05-14,CM,BSE,STK,938862,INE403Q07DV1,10KFL27,F,,,,,KFL-10%-27-9-27-NCD,999.0,999.0,999.0,999.0,999.0,990.0,,999.0,,,100,99900.0,1,F1,1,,,,,,2025-05-14
2025-05-14,2025-05-14,CM,BSE,STK,938868,INE414G07IK1,775MFLTD26,F,,,,,MFLTD-7.75%-4-10-26-NCD,998.0,1000.0,997.0,997.0,997.0,990.0,,997.0,,,1094,1091505.0,16,F1,1,,,,,,2025-05-14
2025-05-14,2025-05-14,CM,BSE,STK,938876,INE414G07IO3,8MFLTD28,F,,,,,MFLTD-8%-4-10-28-NCD,1030.0,1030.0,1030.0,1030.0,1030.0,1050.0,,1030.0,,,10,10300.0,1,F1,1,,,,,,2025-05-14
2025-05-14,2025-05-14,CM,BSE,STK,938900,INE532F07EP0,960EFSLA,F,,,,,EFSL-9.60%-26-10-26-NCD,1036.33,1036.33,1025.5,1025.5,1025.5,1036.33,,1025.5,,,51,52842.0,2,F1,1,,,,,,2025-05-14
2025-05-14,2025-05-14,CM,BSE,STK,938902,INE532F07ES4,EFSLZC26C,F,,,,,EFSL-ZC-26-10-26-NCD,1083.5,1104.8,1083.5,1104.8,1104.8,1105.0,,1104.8,,,80,86786.0,3,F1,1,,,,,,2025-05-14
2025-05-14,2025-05-14,CM,BSE,STK,938946,INE051307AI3,CCILZC25A,F,,,,,CCIL-ZC-1-11-25-NCD,1157.0,1157.0,1140.2,1140.2,1140.2,1136.2,,1140.2,,,557,644281.0,3,F1,1,,,,,,2025-05-14
2025-05-14,2025-05-14,CM,BSE,STK,938952,INE140A07740,905PEL26,F,,,,,PEL-9.05%-3-11-26-NCD,909.0,909.9,909.0,909.9,909.9,1002.0,,909.9,,,176,160004.0,2,F1,1,,,,,,2025-05-14
2025-05-14,2025-05-14,CM,BSE,STK,939006,INE321N07335,955IFSL25,F,,,,,IFSL-9.55%-10-11-25-NCD,250.05,250.05,250.05,250.05,250.05,375.78,,250.05,,,1,250.0,1,F1,1,,,,,,2025-05-14
2025-05-14,2025-05-14,CM,BSE,STK,939012,INE321N07376,984IFSL26,F,,,,,IFSL-9.84%-10-11-26-NCD,1024.9,1024.9,978.05,978.05,978.05,991.23,,978.05,,,60,59151.0,2,F1,1,,,,,,2025-05-14
2025-05-14,2025-05-14,CM,BSE,STK,939090,INE05F407BB6,1050MML28,F,,,,,MML-10.50%-21-12-28-NCD,1000.0,1000.0,1000.0,1000.0,1000.0,1000.0,,1000.0,,,1,1000.0,1,F1,1,,,,,,2025-05-14
2025-05-14,2025-05-14,CM,BSE,STK,939154,INE403Q07DX7,KFLZC25E,F,,,,,KFL-ZC-17-7-25-NCD,1050.2,1050.2,1050.2,1050.2,1050.2,1090.0,,1050.2,,,100,105020.0,1,F1,1,,,,,,2025-05-14
2025-05-14,2025-05-14,CM,BSE,STK,939178,INE248U07ET4,921ONE27,F,,,,,360OPL-9.21%-18-1-27-NCD,998.0,998.0,998.0,998.0,998.0,990.0,,998.0,,,11,10978.0,2,F1,1,,,,,,2025-05-14
2025-05-14,2025-05-14,CM,BSE,STK,939190,INE532F07EU0,920EFSL27,F,,,,,EFSL-9.20%-29-1-27-NCD,970.0,970.0,970.0,970.0,970.0,970.0,,970.0,,,70,67900.0,5,F1,1,,,,,,2025-05-14
2025-05-14,2025-05-14,CM,BSE,STK,939196,INE532F07EY2,967EFSL29,F,,,,,EFSL-9.67%-29-1-29-NCD,962.85,962.85,962.85,962.85,962.85,955.0,,962.85,,,518,498756.0,2,F1,1,,,,,,2025-05-14
2025-05-14,2025-05-14,CM,BSE,STK,939206,INE414G07IW6,825MFL27,F,,,,,MFL-8.25%-25-1-27-NCD,991.21,991.21,991.21,991.21,991.21,990.02,,991.21,,,350,346923.0,1,F1,1,,,,,,2025-05-14
2025-05-14,2025-05-14,CM,BSE,STK,939210,INE414G07IU0,825MFL2026,F,,,,,MFL-8.25%-25-1-26-NCD,1020.0,1020.0,1020.0,1020.0,1020.0,1015.0,,1020.0,,,200,204000.0,2,F1,1,,,,,,2025-05-14
2025-05-14,2025-05-14,CM,BSE,STK,939212,INE414G07IV8,850MFL27A,F,,,,,MFL-8.50%-25-1-27-NCD,1020.0,1020.8,1013.0,1020.8,1020.8,1023.9,,1020.8,,,2452,2499178.0,4,F1,1,,,,,,2025-05-14
2025-05-14,2025-05-14,CM,BSE,STK,939282,INE583D07414,1025UCL25,F,,,,,UCL-10.25%-27-8-25-NCD,995.1,995.1,995.1,995.1,995.1,995.0,,995.1,,,57,56720.0,3,F1,1,,,,,,2025-05-14
2025-05-14,2025-05-14,CM,BSE,STK,939335,INE342T07460,1065NFL27,F,,,,,NFL-10.65%-13-3-27-NCD,1001.0,1001.0,1001.0,1001.0,1001.0,1000.0,,1000.66,,,449,449449.0,7,F1,1,,,,,,2025-05-14
2025-05-14,2025-05-14,CM,BSE,STK,939357,INE148I07SK0,0SCL27,F,,,,,SCL-ZC-26-3-27-NCD,1054.0,1054.0,1054.0,1054.0,1054.0,960.55,,1054.0,,,10,10540.0,1,F1,1,,,,,,2025-05-14
2025-05-14,2025-05-14,CM,BSE,STK,939427,INE403Q07EM8,10KFL28A,F,,,,,KFL-10%-25-4-28-NCD,960.0,995.0,960.0,995.0,995.0,965.0,,995.0,,,300,295000.0,3,F1,1,,,,,,2025-05-14
2025-05-14,2025-05-14,CM,BSE,STK,939451,INE549K07DO9,925MFCL26,F,,,,,MFCL-9.25%-30-6-26-NCD,991.58,991.58,991.58,991.58,991.58,993.8,,991.58,,,55,54536.0,1,F1,1,,,,,,2025-05-14
2025-05-14,2025-05-14,CM,BSE,STK,939477,INE338I07164,897MOFSL29,F,,,,,MOFSL-8.97%-9-5-29-NCD,1021.98,1021.98,1021.98,1021.98,1021.98,1021.98,,1018.0,,,40,40879.0,3,F1,1,,,,,,2025-05-14
2025-05-14,2025-05-14,CM,BSE,STK,939479,INE338I07107,935MOFSL29,F,,,,,MOFSL-9.35%-9-5-29-NCD,1015.0,1015.0,1010.0,1015.0,1015.0,1015.0,,1015.0,,,170,172150.0,7,F1,1,,,,,,2025-05-14
2025-05-14,2025-05-14,CM,BSE,STK,939533,INE148I07TG6,971SCL29A,F,,,,,SCL-9.71%-31-5-29-NCD,960.0,960.0,960.0,960.0,960.0,940.1,,960.0,,,50,48000.0,1,F1,1,,,,,,2025-05-14
2025-05-14,2025-05-14,CM,BSE,STK,939545,INE148I07TN2,1025SCL34A,F,,,,,SCL-10.25%-31-05-2034-NCD,985.0,985.0,985.0,985.0,985.0,985.0,,985.0,,,22,21670.0,2,F1,1,,,,,,2025-05-14
2025-05-14,2025-05-14,CM,BSE,STK,939571,INE413U07327,957IIFLS27,F,,,,,IIFLSFL-9.57%-21-6-27-NCD,985.0,995.0,985.0,995.0,995.0,985.0,,995.0,,,20,19800.0,2,F1,1,,,,,,2025-05-14
2025-05-14,2025-05-14,CM,BSE,STK,939595,INE530L07780,1026NHFL34,F,,,,,NHFL-10.26%-3-7-34-NCD,888.0,888.0,888.0,888.0,888.0,1000.0,,888.0,,,14,12432.0,1,F1,1,,,,,,2025-05-14
2025-05-14,2025-05-14,CM,BSE,STK,939613,INE532F07FP7,950EFSL26,F,,,,,EFSL-9.50%-26-7-26-NCD,1030.2,1030.2,1030.2,1030.2,1030.2,1048.8,,1030.2,,,11,11332.0,1,F1,1,,,,,,2025-05-14
2025-05-14,2025-05-14,CM,BSE,STK,939619,INE532F07FS1,10EFSL27,F,,,,,EFSL-10%-26-7-27-NCD,1046.0,1046.0,1046.0,1046.0,1046.0,1048.0,,1046.0,,,9,9414.0,1,F1,1,,,,,,2025-05-14
2025-05-14,2025-05-14,CM,BSE,STK,939639,INE103C07025,10SMCGSL26,F,,,,,SMCGSL-10%-07-8-26-NCD,1053.05,1053.05,1053.05,1053.05,1053.05,1056.0,,1053.05,,,10,10530.0,1,F1,1,,,,,,2025-05-14
2025-05-14,2025-05-14,CM,BSE,STK,939651,INE103C07058,0SMCGSL27,F,,,,,SMCGSL-ZC-07-08-27-NCD,990.0,1020.0,990.0,1010.0,1010.0,1000.0,,1010.0,,,40,40410.0,8,F1,1,,,,,,2025-05-14
2025-05-14,2025-05-14,CM,BSE,STK,939655,INE103C07041,994SMCGS29,F,,,,,SMCGSL-9.94%-07-08-29-NCD,991.31,991.31,991.31,991.31,991.31,1014.9,,991.31,,,10,9913.0,1,F1,1,,,,,,2025-05-14
2025-05-14,2025-05-14,CM,BSE,STK,939665,INE01I507935,95KAFL25,F,,,,,KAFL-9.50%-11-9-25-NCD,988.0,988.0,988.0,988.0,988.0,988.0,,988.0,,,90,88920.0,1,F1,1,,,,,,2025-05-14
2025-05-14,2025-05-14,CM,BSE,STK,939667,INE01I507AB6,KAFL080824,F,,,,,KAFL-6-12-25-NCD,1006.65,1006.65,1006.65,1006.65,1006.65,1050.0,,1006.65,,,9,9059.0,1,F1,1,,,,,,2025-05-14
2025-05-14,2025-05-14,CM,BSE,STK,939737,INE549K07DZ5,9MFCL26,F,,,,,MFCL-9%-16-9-26-NCD,1080.1,1080.1,991.0,991.0,991.0,984.15,,991.0,,,2,2071.0,2,F1,1,,,,,,2025-05-14
2025-05-14,2025-05-14,CM,BSE,STK,939743,INE549K07EI9,965MFCL30,F,,,,,MFCL-9.65%-16-9-30-NCD,1000.0,1000.0,1000.0,1000.0,1000.0,1015.0,,1000.0,,,50,50000.0,1,F1,1,,,,,,2025-05-14
2025-05-14,2025-05-14,CM,BSE,STK,939749,INE549K07EG3,990MFCL29,F,,,,,MFCL-9.90%-16-9-29-NCD,970.85,995.5,970.8,992.0,992.0,967.0,,992.0,,,520,511399.0,7,F1,1,,,,,,2025-05-14
2025-05-14,2025-05-14,CM,BSE,STK,939803,INE896L07983,1050ICFL26,F,,,,,ICFL-10.50%-25-9-26-NCD,1067.5,1067.5,1067.5,1067.5,1067.5,1066.0,,1067.5,,,25,26687.0,1,F1,1,,,,,,2025-05-14
2025-05-14,2025-05-14,CM,BSE,STK,939837,INE583D07513,1040UCL27B,F,,,,,UCL-10.40%-24-4-27-NCD,992.0,992.0,992.0,992.0,992.0,1010.0,,1010.95,,,28,27776.0,1,F1,1,,,,,,2025-05-14
2025-05-14,2025-05-14,CM,BSE,STK,939843,INE532F07GD1,957EFSL27A,F,,,,,EFSL-9.57%-24-10-27-NCD,990.0,990.0,985.0,985.0,985.0,990.0,,985.0,,,270,267250.0,2,F1,1,,,,,,2025-05-14
2025-05-14,2025-05-14,CM,BSE,STK,939857,INE532F07GI0,1049EFS34A,F,,,,,EFSL-10.49%-24-10-34-NCD,970.0,989.99,970.0,989.99,989.99,987.0,,989.99,,,14,13719.0,3,F1,1,,,,,,2025-05-14
2025-05-14,2025-05-14,CM,BSE,STK,939869,INE549K07EQ2,965MFCL30A,F,,,,,MFCL-9.65%-30-10-30-NCD,1000.0,1000.0,1000.0,1000.0,1000.0,1000.0,,1000.0,,,252,252000.0,3,F1,1,,,,,,2025-05-14
2025-05-14,2025-05-14,CM,BSE,STK,939875,INE549K07EN9,99MFCL29,F,,,,,MFCL-9.90%-30-10-29-NCD,992.0,995.0,990.0,990.0,990.0,963.6,,990.0,,,120,119120.0,5,F1,1,,,,,,2025-05-14
2025-05-14,2025-05-14,CM,BSE,STK,939891,INE0BUS07BH8,IML81124,F,,,,,IML-9-11-25-NCD,1000.0,1000.0,1000.0,1000.0,1000.0,1000.0,,1000.0,,,40,40000.0,1,F1,1,,,,,,2025-05-14
2025-05-14,2025-05-14,CM,BSE,STK,939901,INE0BUS07BF2,IML8112024,F,,,,,IML-7-5-30-NCD,1000.0,1000.0,1000.0,1000.0,1000.0,1000.0,,1000.0,,,170,170000.0,4,F1,1,,,,,,2025-05-14
2025-05-14,2025-05-14,CM,BSE,STK,939903,INE101Q07AX3,850MMFL26,F,,,,,MMFL-8.50%-12-2-26-NCD,973.1,973.2,973.1,973.2,973.2,972.11,,973.2,,,61,59364.0,4,F1,1,,,,,,2025-05-14
2025-05-14,2025-05-14,CM,BSE,STK,939917,INE01CY078Q3,11ICLFL26,F,,,,,ICLFL-11%-02-01-26-NCD,910.0,910.0,910.0,910.0,910.0,999.2,,910.0,,,100,91000.0,1,F1,1,,,,,,2025-05-14
2025-05-14,2025-05-14,CM,BSE,STK,939923,INE01CY078R1,1250ICLF29,F,,,,,ICLFL-12.20%-02-12-29-NCD,1010.0,1010.0,1010.0,1010.0,1010.0,1005.0,,1010.0,,,50,50500.0,1,F1,1,,,,,,2025-05-14
2025-05-14,2025-05-14,CM,BSE,STK,939937,INE01I507AD2,950KLMAF26,F,,,,,KLMAFL-9.50%-08-1-26-NCD,970.0,988.0,970.0,988.0,988.0,988.0,,988.0,,,115,112720.0,3,F1,1,,,,,,2025-05-14
2025-05-14,2025-05-14,CM,BSE,STK,939955,INE01I507AM3,KLMA041224,F,,,,,KLMAFL-03-7-31-NCD,999.8,999.8,999.8,999.8,999.8,972.0,,999.8,,,65,64987.0,3,F1,1,,,,,,2025-05-14
2025-05-14,2025-05-14,CM,BSE,STK,939963,INE403Q07EY3,10KFL27C,F,,,,,KFL-10%-11-12-27-NCD,995.0,995.0,995.0,995.0,995.0,960.0,,995.0,,,401,398995.0,1,F1,1,,,,,,2025-05-14
2025-05-14,2025-05-14,CM,BSE,STK,939983,INE477L07BG1,89IHFL29,F,,,,,IHFL-8.9%-26-12-29-NCD,960.0,960.0,950.0,950.0,950.0,960.0,,950.0,,,87,83000.0,4,F1,1,,,,,,2025-05-14
2025-05-14,2025-05-14,CM,BSE,STK,940053,INE549K07EZ3,9MFLIII27,F,,,,,MFLIII-9%-10-1-27-NCD,982.32,982.32,982.32,982.32,982.32,975.0,,982.32,,,42,41257.0,2,F1,1,,,,,,2025-05-14
2025-05-14,2025-05-14,CM,BSE,STK,940077,INE549K07FI6,MFL10125C,F,,,,,MFLIII-10-9-32-NCD,962.0,962.0,962.0,962.0,962.0,962.0,,962.0,,,23,22126.0,1,F1,1,,,,,,2025-05-14
2025-05-14,2025-05-14,CM,BSE,STK,940091,INE051307BN1,CCIL170125,F,,,,,CCIL-19-1-26-NCD,1000.0,1000.0,1000.0,1000.0,1000.0,1000.0,,1000.0,,,54,54000.0,1,F1,1,,,,,,2025-05-14
2025-05-14,2025-05-14,CM,BSE,STK,940097,INE532F07GO8,950EFSL27,F,,,,,EFSL-9.50%-24-1-27-NCD,970.25,970.25,970.25,970.25,970.25,988.8,,970.25,,,10,9702.0,1,F1,1,,,,,,2025-05-14
2025-05-14,2025-05-14,CM,BSE,STK,940101,INE532F07GQ3,957EFSL28,F,,,,,EFSL-9.57%-24-1-28-NCD,990.0,990.0,990.0,990.0,990.0,991.99,,990.0,,,1,990.0,1,F1,1,,,,,,2025-05-14
2025-05-14,2025-05-14,CM,BSE,STK,940103,INE532F07GZ4,10EFSL28,F,,,,,EFSL-10%-24-1-28-NCD,825.0,981.0,825.0,981.0,981.0,981.0,,981.0,,,20,18060.0,2,F1,1,,,,,,2025-05-14
2025-05-14,2025-05-14,CM,BSE,STK,940107,INE532F07GX9,1004EFSL30,F,,,,,EFSL-10.04%-24-1-30-NCD,950.0,986.0,950.0,986.0,986.0,975.0,,986.0,,,20,19360.0,2,F1,1,,,,,,2025-05-14
2025-05-14,2025-05-14,CM,BSE,STK,940139,INE01CY078W1,ICLF27125B,F,,,,,ICLFL-27-9-30-NCD,975.0,975.0,975.0,975.0,975.0,965.0,,975.0,,,10,9750.0,1,F1,1,,,,,,2025-05-14
2025-05-14,2025-05-14,CM,BSE,STK,940159,INE549K07FM8,9MFLIV27,F,,,,,MFLIV-9%-24-2-27-NCD,980.0,980.0,980.0,980.0,980.0,977.0,,980.0,,,200,196000.0,2,F1,1,,,,,,2025-05-14
2025-05-14,2025-05-14,CM,BSE,STK,940165,INE549K07FT3,965MFLIV31,F,,,,,MFLIV-9.65%-24-2-31-NCD,990.0,990.0,990.0,990.0,990.0,990.1,,990.0,,,19,18810.0,1,F1,1,,,,,,2025-05-14
2025-05-14,2025-05-14,CM,BSE,STK,940175,INE549K07FW7,101MFLIV31,F,,,,,MFLIV-10.10%-24-2-31-NCD,1000.01,1000.01,1000.01,1000.01,1000.01,1015.0,,1000.01,,,1,1000.0,1,F1,1,,,,,,2025-05-14
2025-05-14,2025-05-14,CM,BSE,STK,940227,INE0IID07553,13PCL30,F,,,,,PCL-13%-20-3-30-NCD,1050.0,1050.0,1050.0,1050.0,1050.0,1111.0,,1050.0,,,195,204750.0,4,F1,1,,,,,,2025-05-14
2025-05-14,2025-05-14,CM,BSE,STK,940315,INE583D07596,1050UCL28,F,,,,,UCL-10.50%-24-10-28-NCD,996.0,996.0,990.0,990.83,992.0,992.23,,990.83,,,719,713789.0,16,F1,1,,,,,,2025-05-14
2025-05-14,2025-05-14,CM,BSE,STK,940317,INE103C07074,10SMCGSL27,F,,,,,SMCGSL-10%-24-04-27-NCD,1001.0,1001.0,1001.0,1001.0,1001.0,998.0,,1001.0,,,10,10010.0,1,F1,1,,,,,,2025-05-14
2025-05-14,2025-05-14,CM,BSE,STK,940319,INE103C07124,SMCG240425,F,,,,,SMCGSL-24-04-27-NCD,1326.63,1374.97,1200.0,1269.59,1300.0,1145.81,,1269.59,,,4748,6216195.0,325,F1,1,,,,,,2025-05-14
2025-05-14,2025-05-14,CM,BSE,STK,940323,INE103C07116,SMCGS24425,F,,,,,SMCGSL-24-04-28-NCD,1189.0,1425.0,1164.0,1164.52,1164.0,1188.91,,1164.52,,,1046,1260154.0,48,F1,1,,,,,,2025-05-14
2025-05-14,2025-05-14,CM,BSE,STK,940325,INE103C07082,1003SMCG30,F,,,,,SMCGSL-10.03%-24-04-30-NCD,1005.0,1005.0,1001.05,1003.0,1003.0,1003.0,,1003.0,,,1173,1174256.0,8,F1,1,,,,,,2025-05-14
2025-05-14,2025-05-14,CM,BSE,STK,940327,INE103C07090,1050SMCG30,F,,,,,SMCGSL-10.50%-24-04-30-NCD,1009.9,1025.0,1009.9,1025.0,1025.0,1004.0,,1025.0,,,275,280987.0,3,F1,1,,,,,,2025-05-14
2025-05-14,2025-05-14,CM,BSE,STK,940339,INE532F07HL2,1004EFS30D,F,,,,,EFSL-10.04%-30-04-30-NCD,990.0,990.0,990.0,990.0,990.0,985.0,,990.0,,,10,9900.0,1,F1,1,,,,,,2025-05-14
2025-05-14,2025-05-14,CM,BSE,STK,940347,INE532F07HG2,1049EFS35F,F,,,,,EFSL-10.49%-30-04-35-NCD,995.0,995.0,990.0,990.0,990.0,999.0,,990.0,,,250,248000.0,4,F1,1,,,,,,2025-05-14
2025-05-14,2025-05-14,CM,BSE,STK,952793,INE906B07EF6,728NHAI30,F,,,,,NHAI-7.28%-18-9-30-PVT,1084776.0,1084776.0,1084776.0,1084776.0,1084776.0,1000000.0,,1084776.0,,,22,23865072.0,1,F1,1,,,,,,2025-05-14
2025-05-14,2025-05-14,CM,BSE,STK,957808,INE540P07335,1015UPPC26,F,,,,,UPPCL-10.15%-20-1-26-PVT,761000.0,761000.0,760888.0,760888.0,760888.0,757555.0,,760888.0,,,2,1521888.0,2,F1,1,,,,,,2025-05-14
2025-05-14,2025-05-14,CM,BSE,STK,957810,INE540P07350,1015UPPC28,F,,,,,UPPCL-10.15%-20-1-28-PVT,1041500.01,1041500.01,1041500.01,1041500.01,1041500.01,1045500.0,,1041500.01,,,1,1041500.0,1,F1,1,,,,,,2025-05-14
2025-05-14,2025-05-14,CM,BSE,STK,958445,INE015L07618,99EARCL28,F,,,,,EARCL-9.9%-8-12-28-PVT,1050000.0,1050000.0,925000.0,925000.0,925000.0,925000.0,,925000.0,,,3,3025000.0,3,F1,1,,,,,,2025-05-14
2025-05-14,2025-05-14,CM,BSE,STK,961718,INE134E07182,PFCBT1S4,F,,,,,PFCBT1S4,15500.0,15500.0,15500.0,15500.0,15500.0,15630.0,,15500.0,,,4,62000.0,1,F1,1,,,,,,2025-05-14
2025-05-14,2025-05-14,CM,BSE,STK,961728,INE906B07CB9,830NHAI27,F,,,,,830NHAI27,1092.0,1093.92,1092.0,1092.52,1092.52,1092.0,,1093.56,,,131,143130.0,5,F1,1,,,,,,2025-05-14
2025-05-14,2025-05-14,CM,BSE,STK,961730,INE134E07208,830PFCL27,F,,,,,830PFC2027,1087.32,1090.95,1087.32,1090.36,1090.95,1090.0,,1089.72,,,801,872268.0,4,F1,1,,,,,,2025-05-14
2025-05-14,2025-05-14,CM,BSE,STK,961734,INE031A07840,82HUDCO27,F,,,,,HUDCO050327,1056.01,1056.01,1056.01,1056.01,1056.01,1056.01,,1056.01,,,141,148897.0,2,F1,1,,,,,,2025-05-14
2025-05-14,2025-05-14,CM,BSE,STK,961779,INE020B07HS2,871REC28,F,,,,,871REC28,1129.01,1129.01,1129.0,1129.01,1129.0,1131.11,,1129.01,,,127,143384.0,4,F1,1,,,,,,2025-05-14
2025-05-14,2025-05-14,CM,BSE,STK,961780,INE020B07HT0,862REC33,F,,,,,862REC33,1214.13,1214.13,1214.13,1214.13,1214.13,1211.25,,1214.57,,,124,150552.0,1,F1,1,,,,,,2025-05-14
2025-05-14,2025-05-14,CM,BSE,STK,961785,INE031A07949,876HUDCO28,F,,,,,876HUDCO28,1145.9,1149.0,1145.9,1149.0,1149.0,1131.6,,1149.5,,,162,185983.0,5,F1,1,,,,,,2025-05-14
2025-05-14,2025-05-14,CM,BSE,STK,961800,INE134E07430,854PFCL28,F,,,,,854PFC28,1126.1,1130.0,1126.0,1130.0,1130.0,1120.0,,1130.0,,,7200,8119300.0,8,F1,1,,,,,,2025-05-14
2025-05-14,2025-05-14,CM,BSE,STK,961803,INE134E07448,879PFCL28,F,,,,,879PFC28,1134.01,1134.01,1134.01,1134.01,1134.01,1141.99,,1134.01,,,10,11340.0,1,F1,1,,,,,,2025-05-14
2025-05-14,2025-05-14,CM,BSE,STK,961810,INE733E07JJ9,891NTPC33,F,,,,,891NTPC33,1260.12,1260.12,1260.12,1260.12,1260.12,1278.69,,1260.12,,,90,113410.0,1,F1,1,,,,,,2025-05-14
2025-05-14,2025-05-14,CM,BSE,STK,961821,INE787H07362,873IIFC29D,F,,,,,873IIFCL29C,1157.9,1157.9,1157.87,1157.87,1157.87,1110.0,,1157.87,,,200,231577.0,2,F1,1,,,,,,2025-05-14
2025-05-14,2025-05-14,CM,BSE,STK,961839,INE202E07138,880IREDA29,F,,,,,IREDA-8.80%-13-03-29-BOND,1120.0,1120.0,1120.0,1120.0,1120.0,1121.0,,1120.0,,,1,1120.0,1,F1,1,,,,,,2025-05-14
2025-05-14,2025-05-14,CM,BSE,STK,961841,INE202E07153,880IREDA34,F,,,,,IREDA-8.80%-13-03-34-BOND,1219.15,1219.15,1219.15,1219.15,1219.15,1230.01,,1219.15,,,537,654683.0,1,F1,1,,,,,,2025-05-14
2025-05-14,2025-05-14,CM,BSE,STK,961863,INE031A07AG1,898HUDCO29,F,,,,,HUDCO-8.98%-24-3-29-TFBOND,1160.0,1160.0,1159.5,1159.5,1159.5,1159.5,,1159.5,,,305,353747.0,3,F1,1,,,,,,2025-05-14
2025-05-14,2025-05-14,CM,BSE,STK,961885,INE053F07744,888IRFC29,F,,,,,IRFC-8.88%-19-03-2029-BOND,1128.01,1169.0,1128.01,1168.86,1169.0,1124.9,,1161.16,,,231,267614.0,12,F1,1,,,,,,2025-05-14
2025-05-14,2025-05-14,CM,BSE,STK,961895,INE787H07420,880IIFCL29,F,,,,,IIFCL-8.8%-27-3-29-TFBOND,1115.0,1115.0,1115.0,1115.0,1115.0,1115.0,,1115.0,,,532,593180.0,9,F1,1,,,,,,2025-05-14
2025-05-14,2025-05-14,CM,BSE,STK,972655,INE039A09NM1,1075IFCI26,F,,,,,IFCI-SR-I-10.75%-1-8-26-PVT,40950.0,40950.0,40950.0,40950.0,40950.0,40900.0,,40950.0,,,30,1228500.0,2,F1,10,,,,,,2025-05-14
2025-05-14,2025-05-14,CM,BSE,STK,972657,INE039A09NL3,1075IFC26A,F,,,,,IFCI-D-10.75%-01-08-26-PVT,10900.0,10900.0,10900.0,10900.0,10900.0,10900.0,,10900.0,,,130,1417000.0,4,F1,10,,,,,,2025-05-14
2025-05-14,2025-05-14,CM,BSE,STK,972691,INE039A09NW0,1075IFC26,F,,,,,IFCI-III-D-10.75%-31-10-26-PVT,10693.0,10693.0,10693.0,10693.0,10693.0,10655.0,,10693.0,,,10,106930.0,1,F1,10,,,,,,2025-05-14
2025-05-14,2025-05-14,CM,BSE,STK,972706,INE039A09NZ3,875IFCI26A,F,,,,,IFCI-III-8.75%-12-12-26-C-PVT,15050.03,15200.0,15050.03,15200.0,15200.0,15050.03,,15200.0,,,2,30250.0,2,F1,1,,,,,,2025-05-14
2025-05-14,2025-05-14,CM,BSE,STK,972771,INE039A09PN4,990IFCI27B,F,,,,,990IFCI27B,26271.0,26271.0,26271.0,26271.0,26271.0,26600.0,,26271.0,,,4,105084.0,1,F1,4,,,,,,2025-05-14
2025-05-14,2025-05-14,CM,BSE,STK,972878,INE039A09PU9,876IFCI29,F,,,,,IFCI-8.76%-IB-31-3-29-PVT,1016000.0,1016000.0,1016000.0,1016000.0,1016000.0,1016000.0,,1016000.0,,,1,1016000.0,1,F1,1,,,,,,2025-05-14
2025-05-14,2025-05-14,CM,BSE,STK,973491,INE516Y07444,675PFL31,F,,,,,PFL-6.75%-26-9-31-PVT,760.52,761.75,758.81,760.28,761.75,762.5,,760.28,,,3720,2828233.0,8,F1,1,,,,,,2025-05-14
2025-05-14,2025-05-14,CM,BSE,STK,973881,INE540P07426,97UPPCL31,F,,,,,UPCL-9.7%-31-3-31-PVT,1070000.0,1070000.0,1070000.0,1070000.0,1070000.0,1065000.0,,1070000.0,,,1,1070000.0,1,F1,1,,,,,,2025-05-14
2025-05-14,2025-05-14,CM,BSE,STK,974634,INE468N07615,EELZC27,F,,,,,EEL-ZC-26-2-27-PVT,120990.0,122000.0,120990.0,122000.0,122000.0,119000.0,,122000.0,,,2,242990.0,2,F1,1,,,,,,2025-05-14
2025-05-14,2025-05-14,CM,BSE,STK,974863,INE007N08023,9FFSL30,F,,,,,FFSL-9%-26-4-30-PVT,100999.0,100999.0,100999.0,100999.0,100999.0,100000.0,,100999.0,,,4,403996.0,1,F1,1,,,,,,2025-05-14
2025-05-14,2025-05-14,CM,BSE,STK,974881,INE046W07248,11MML26A,F,,,,,MML-11%-5-6-26-PVT,59225.0,59225.0,59225.0,59225.0,59225.0,60075.0,,59225.0,,,3,177675.0,3,F1,1,,,,,,2025-05-14
2025-05-14,2025-05-14,CM,BSE,STK,974914,INE519Q08160,1075AUSF28,F,,,,,10.75%-AUSFB-15-12-28-PVT,99500.0,99500.0,99500.0,99500.0,99500.0,106765.0,,99500.0,,,3,298500.0,1,F1,1,,,,,,2025-05-14
2025-05-14,2025-05-14,CM,BSE,STK,974998,INE515Q08226,1240AFPL29,F,,,,,AFPL-12.40%-24-4-29-PVT,105000.0,105000.0,105000.0,105000.0,105000.0,105000.0,,105000.0,,,1,105000.0,1,F1,1,,,,,,2025-05-14
2025-05-14,2025-05-14,CM,BSE,STK,975118,INE140R08080,1055CIFC26,F,,,,,CIFCPL-10.55%-30-9-26-PVT,101000.0,101000.0,101000.0,101000.0,101000.0,101000.0,,101000.0,,,3,303000.0,3,F1,1,,,,,,2025-05-14
2025-05-14,2025-05-14,CM,BSE,STK,975318,INE836B07832,1085SCNL26,F,,,,,SCNL-10.85%-10-7-26-PVT,98089.35,98089.35,98089.35,98089.35,98089.35,99450.0,,98089.35,,,6,588536.0,1,F1,1,,,,,,2025-05-14
2025-05-14,2025-05-14,CM,BSE,STK,975331,INE00DJ07045,1350TCL27,F,,,,,TCL-13.50%-18-1-27-PVT,102800.0,102800.0,102380.0,102380.0,102380.0,101996.33,,102380.0,,,2,205180.0,2,F1,1,,,,,,2025-05-14
2025-05-14,2025-05-14,CM,BSE,STK,975356,INE090W07667,LENKAMLD26,F,,,,,LFL-30-1-26-PVT,99366.55,100000.0,99366.55,100000.0,100000.0,100071.77,,100000.0,,,3,299366.0,3,F1,1,,,,,,2025-05-14
2025-05-14,2025-05-14,CM,BSE,STK,975375,INE982X08109,1385SML29,F,,,,,SML-13.85%-12-7-29-PVT,100000.0,100000.0,99651.0,99711.0,99711.0,100000.0,,99711.0,,,31,3090782.0,9,F1,1,,,,,,2025-05-14
2025-05-14,2025-05-14,CM,BSE,STK,975454,INE138I08075,0MSFL26,F,,,,,MSFL-ZC-2-3-26-PVT,112999.0,113000.0,112999.0,113000.0,113000.0,113178.0,,113000.0,,,6,677998.0,2,F1,1,,,,,,2025-05-14
2025-05-14,2025-05-14,CM,BSE,STK,975506,INE583D08057,1250UCL29,F,,,,,UCL-12.50%-15-9-29-PVT,100002.0,100002.0,100002.0,100002.0,100002.0,103000.0,,100002.0,,,1,100002.0,1,F1,1,,,,,,2025-05-14
2025-05-14,2025-05-14,CM,BSE,STK,975629,INE0LWH07054,1425CSAI26,F,,,,,CSAIPL-14.25%-29-04-26-PVT,95000.0,95000.0,95000.0,95000.0,95000.0,96500.0,,95000.0,,,2,190000.0,1,F1,1,,,,,,2025-05-14
2025-05-14,2025-05-14,CM,BSE,STK,975788,INE549K08483,1005MFL30,F,,,,,MFL-10.05%-29-04-30-PVT,100500.0,100500.0,100500.0,100500.0,100500.0,98848.88,,100500.0,,,1,100500.0,1,F1,1,,,,,,2025-05-14
2025-05-14,2025-05-14,CM,BSE,STK,975848,INE148I07TX1,975SCL29,F,,,,,SCL-9.75%-23-7-29-PVT,99000.0,99000.0,99000.0,99000.0,99000.0,97500.0,,99000.0,,,1,99000.0,1,F1,1,,,,,,2025-05-14
2025-05-14,2025-05-14,CM,BSE,STK,975908,INE0LWH07062,12CSAIPL26,F,,,,,CSAIPL-12%-12-2-26-PVT,10000.0,10000.0,10000.0,10000.0,10000.0,9875.0,,10000.0,,,21,210000.0,5,F1,1,,,,,,2025-05-14
2025-05-14,2025-05-14,CM,BSE,STK,975921,INE0Q6I07017,975THFPL27,F,,,,,THFPL-9.75%-16-8-27-PVT,106449.55,106449.55,106449.55,106449.55,106449.55,106504.25,,106449.55,,,2,212899.0,1,F1,1,,,,,,2025-05-14
2025-05-14,2025-05-14,CM,BSE,STK,975926,INE08XP07241,125ACAPL26,F,,,,,ACAPL-12.5%-19-2-26-PVT,10000.0,10000.0,10000.0,10000.0,10000.0,9900.0,,10000.0,,,5,50000.0,1,F1,1,,,,,,2025-05-14
2025-05-14,2025-05-14,CM,BSE,STK,975982,INE296G07176,925MCSL26,F,,,,,MCSL-9.25%-2-3-26-PVT,99600.0,99600.0,99600.0,99600.0,99600.0,97000.0,,99600.0,,,1,99600.0,1,F1,1,,,,,,2025-05-14
2025-05-14,2025-05-14,CM,BSE,STK,976009,INE0KH208019,0APL26,F,,,,,APL-ZC-13-6-26-PVT,107200.0,107200.0,107200.0,107200.0,107200.0,107200.0,,107200.0,,,1,107200.0,1,F1,1,,,,,,2025-05-14
2025-05-14,2025-05-14,CM,BSE,STK,976015,INE04VS07347,925OFSL26,F,,,,,OFSL-9.25%-16-3-26-PVT,9894.5,9894.5,9894.5,9894.5,9894.5,9894.5,,9894.5,,,1,9894.0,1,F1,1,,,,,,2025-05-14
2025-05-14,2025-05-14,CM,BSE,STK,976087,INE658F08276,949KIIFB31,F,,,,,KIIFB-9.49%-8-10-31-PVT,101088.0,101088.0,101088.0,101088.0,101088.0,100799.99,,101088.0,,,6,606528.0,2,F1,1,,,,,,2025-05-14
2025-05-14,2025-05-14,CM,BSE,STK,976089,INE658F08250,949KIIFB33,F,,,,,KIIFB-9.49%-8-10-33-PVT,101500.0,101500.0,101500.0,101500.0,101500.0,101500.0,,101500.0,,,8,812000.0,8,F1,1,,,,,,2025-05-14
2025-05-14,2025-05-14,CM,BSE,STK,976275,INE01HV07528,1011VCL26,F,,,,,VCL-10.11%-23-12-26-PVT,9702.0,9725.0,9702.0,9725.0,9725.0,9612.0,,9725.0,,,10,97137.0,4,F1,1,,,,,,2025-05-14
2025-05-14,2025-05-14,CM,BSE,STK,976279,INE734I07024,12FFSL27,F,,,,,FFSL-12%-18-12-27-PVT,100780.7,100780.7,100780.7,100780.7,100780.7,94167.58,,100780.7,,,1,100780.0,1,F1,1,,,,,,2025-05-14
2025-05-14,2025-05-14,CM,BSE,STK,976293,INE658F08318,942KIIFB34,F,,,,,KIIFB-9.4%-30-12-34-PVT,100887.18,100887.18,100887.18,100887.18,100887.18,100835.56,,100887.18,,,10,1008871.0,1,F1,1,,,,,,2025-05-14
2025-05-14,2025-05-14,CM,BSE,STK,976307,INE528L07115,108EAAAL27,F,,,,,EAAAL-10.80%-2-7-27-PVT,101771.34,101771.34,101771.34,101771.34,101771.34,101706.96,,101771.34,,,5,508856.0,3,F1,1,,,,,,2025-05-14
2025-05-14,2025-05-14,CM,BSE,STK,976392,INE583D07547,1002UCL26,F,,,,,UCL-10.02%-7-8-26-PVT,8354.5,8354.5,8354.5,8354.5,8354.5,8525.0,,8354.5,,,2,16709.0,2,F1,1,,,,,,2025-05-14
2025-05-14,2025-05-14,CM,BSE,STK,976408,INE681R08109,1075NBSP26,F,,,,,NBSPL-10.75%-13-8-26-PVT,100102.0,100102.0,100102.0,100102.0,100102.0,101001.35,,100102.0,,,5,500510.0,1,F1,1,,,,,,2025-05-14
2025-05-14,2025-05-14,CM,BSE,STK,976437,INE342T07569,1060NFL27,F,,,,,NFL-10.60%-21-5-27-PVT,9938.57,9938.57,9938.57,9938.57,9938.57,9935.63,,9938.57,,,1,9938.0,1,F1,1,,,,,,2025-05-14
2025-05-14,2025-05-14,CM,BSE,STK,976489,INE342T07577,1060NFL26,F,,,,,NFL-10.60%-10-9-26-PVT,9900.06,9900.06,9900.01,9900.05,9900.05,9900.05,,9900.05,,,11,108900.0,4,F1,1,,,,,,2025-05-14
