Company,companyname,Headline,Description,Time,pdf_link,vader_score,textblob_score,bert_sentiment,confidence,final_sentiment
3MINDIA,3M India Limited,General Updates,3M India Limited has informed the Exchange about General Updates,03-Jul-2025 21:20:34,https://nsearchives.nseindia.com/corporate/3MINDIALTD_03072025211946_SEFORM2.pdf,-0.6124,0.010841836734693883,-0.052232321351766586,0.4639778933899439,Negative
YESBANK,Yes Bank Limited,Allotment of Securities,"Yes Bank Limited has informed the Exchange regarding allotment of 1629450 securities pursuant to ESOP/ESPS at its meeting held on July 03, 2025",03-Jul-2025 21:19:52,https://nsearchives.nseindia.com/corporate/YESBANK_03072025211121_YBLStockExchangeIntimationESOPAllotmentsigned.pdf,0.9694,0.03492063492063492,0.09083226323127747,0.027955929661743206,Neutral
PFOCUS,Prime Focus Limited,Acquisition,Prime Focus Limited has informed the Exchange about Acquisition,03-Jul-2025 21:19:46,https://nsearchives.nseindia.com/corporate/PFOCUS_03072025211934_OutcomeofBM03072025signed.pdf,0.996,0.021440596440596444,-0.05046273395419121,0.14067449215981626,Neutral
PFOCUS,Prime Focus Limited,Agreements,Prime Focus Limited has informed the Exchange about Investment Agreement,03-Jul-2025 21:14:47,https://nsearchives.nseindia.com/corporate/PFOCUS_03072025211342_OutcomeofBM03072025signed.pdf,0.9965,0.021440596440596444,-0.04828482121229172,0.058655511094299284,Neutral
FEDERALBNK,The Federal Bank  Limited,Updates,The Federal Bank  Limited has informed the Exchange regarding 'Allotment of equity shares on exercise of Stock Options pursuant to Employees Stock Options Scheme'.,03-Jul-2025 21:14:43,https://nsearchives.nseindia.com/corporate/FEDERALBNK_03072025211358_ESOS_030725_189_SE.pdf,0.875,0.0012987012987013017,0.047417230904102325,0.06913430692603836,Neutral
PFOCUS,Prime Focus Limited,Amendment to AOA/MOA,Prime Focus Limited has informed the Exchange regarding the Amendment to AOA/MOA of the company.,03-Jul-2025 21:10:28,https://nsearchives.nseindia.com/corporate/PFOCUS_03072025210814_OutcomeofBM03072025signed.pdf,0.996,0.021440596440596444,-0.0376984104514122,0.056133890522686025,Neutral
PFOCUS,Prime Focus Limited,Issue of Securities,Prime Focus Limited has informed the Exchange about issue of Securities on a private placement basis through preferential allotment,03-Jul-2025 21:07:07,https://nsearchives.nseindia.com/corporate/PFOCUS_03072025210401_OutcomeofBM03072025signed.pdf,0.9964,0.020809990662931845,-0.04297715798020363,0.057480127713859186,Neutral
PFOCUS,Prime Focus Limited,Outcome of Board Meeting,"Prime Focus Limited has informed the Exchange regarding  Board meeting held on July 03, 2025.",03-Jul-2025 21:01:47,https://nsearchives.nseindia.com/corporate/PFOCUS_03072025210036_OutcomeofBM03072025signed.pdf,0.996,0.021440596440596444,-0.037845320999622345,0.05617090426203347,Neutral
SANWARIA,Sanwaria Consumer Limited,Trading Window-XBRL,SANWARIA CONSUMER LIMITED has informed the Exchange about Closure of Trading Window,03-Jul-2025 20:58:52,https://nsearchives.nseindia.com/corporate/xbrl/CLOSURE_TRADING_WINDOW_1477074_03072025085851_WEB.xml,-0.3885,-0.07142857142857142,-0.038202010095119476,0.42094861042712417,Negative
TORNTPHARM,Torrent Pharmaceuticals Limited,Updates,"Torrent Pharmaceuticals Limited has informed the Exchange regarding 'Disclosure under Regulation 30 and other applicable provisions of the SEBI (Listing Obligations and Disclosure Requirements) Regulations, 2015, as amended ( Listing Regulations ).'.",03-Jul-2025 21:01:24,https://nsearchives.nseindia.com/corporate/TORNTPHARM_03072025210110_SEIntimation03072025.pdf,0.9858,-0.02334535834535835,-0.030817054212093353,0.13408108148208286,Neutral
GODAVARIB,Godavari Biorefineries Limited,Granting/withdrawal/surrender/cancellation/suspension of key licenses/ regulatory approvals,Godavari Biorefineries Limited has informed the Exchange about Granting of Patent in Europe for novel anticancer molecule.,03-Jul-2025 20:59:42,https://nsearchives.nseindia.com/corporate/GODAVARIBIO_03072025205924_Intimation_to_SE.pdf,-0.8544,0.056746031746031746,0.5665481686592102,0.3605857134610887,Negative
ARISINFRA,Arisinfra Solutions Limited,Updates,"Arisinfra Solutions Limited has informed the Exchange regarding 'Disclosure under Regulation 30 read with Schedule III of the Securities and Exchange Board of India (Listing Obligations and Disclosure Requirements) Regulations, 2015 ( SEBI Listing Regulations )'.",03-Jul-2025 21:01:03,https://nsearchives.nseindia.com/corporate/team_lshetty_03072025205831_Reg30.pdf,0.9753,-0.013371080139372818,0.20544631779193878,0.00748157478751621,Neutral
SAMHI,Samhi Hotels Limited,Change in Directors/ Key Managerial Personnel/ Auditor/ Compliance Officer/ Share Transfer Agent,SAMHI HOTELS LIMITED has informed the Exchange about Change in Directors/ Key Managerial Personnel/ Auditor/ Compliance Officer/ Share Transfer Agent,03-Jul-2025 20:53:32,https://nsearchives.nseindia.com/corporate/xbrl/CIM_59025_1477073_03072025085331_WEB.xml,0.1943,-0.023809523809523808,-0.03188340738415718,0.2641032720021549,Negative
SANWARIA,Sanwaria Consumer Limited,Trading Window,"Sanwaria Consumer Limited has informed the Exchange regarding the Trading Window closure pursuant to SEBI (Prohibition of Insider Trading) Regulations, 2015",03-Jul-2025 20:57:08,https://nsearchives.nseindia.com/corporate/SANWARIACONSUMER_03072025205635_Intimationforclosureofwindow.pdf,-0.2263,-0.07142857142857142,-0.05125794559717178,0.38363131974552356,Negative
TRENT,Trent Limited,Shareholders meeting,Trent Limited has informed the Exchange regarding Summary of Proceedings of the 73rd Annual General Meeting of the Company held on 3rd July 2025,03-Jul-2025 20:51:23,https://nsearchives.nseindia.com/corporate/TRENT_03072025204812_AGMProceedings03072025.pdf,-0.25,-0.007939787485242027,0.18830901384353638,0.317009452338624,Negative
DOLLAR,Dollar Industries Limited,General Updates,Dollar Industries Limited has informed the Exchange about General Updates for completion of dispatch of Annual General Meeting (AGM) Notice and Annual Report for FY 2024-25 to the Members of the Company,03-Jul-2025 20:50:34,https://nsearchives.nseindia.com/corporate/DOLLAR_03072025205016_DIL_Letter_for_dispatch_of_Notice_to_Shareholder.pdf,0.7003,0.13839285714285715,0.4018760025501251,0.0032317452209336683,Neutral
DOLLAR,Dollar Industries Limited,Updates,Dollar Industries Limited has informed the Exchange regarding 'Intimation of Book Closure for 32nd Annual General Meeting (AGM) of the Company'.,03-Jul-2025 20:48:17,https://nsearchives.nseindia.com/corporate/DOLLAR_03072025204746_DIL__Letter_for_closure_of_register_-AGM_2025.pdf,0.8519,0.15816326530612246,0.2801686227321625,0.21465318832762392,Positive
LUMAXIND,Lumax Industries Limited,General Updates,Lumax Industries Limited has informed the Exchange about Communication to Shareholders regarding Tax Deduction at Source on Dividend for FY 2024-25.,03-Jul-2025 20:46:30,https://nsearchives.nseindia.com/corporate/LUMAXIND_03072025204538_LILSETDSCommunication.pdf,0.985,-0.009142015392015389,0.21761587262153625,0.19883078644386332,Neutral
DOLLAR,Dollar Industries Limited,Record Date,Dollar Industries Limited has informed the Exchange that Record date for the purpose of Dividend  is 18-Jul-2025.,03-Jul-2025 20:44:13,https://nsearchives.nseindia.com/corporate/DOLLAR_03072025204346_DIL__Letter_for_closure_of_register_-AGM_2025.pdf,0.8519,0.1761904761904762,0.34610995650291443,0.2347460560702142,Positive
CAPACITE,Capacit'e Infraprojects Limited,General Updates,Capacite Infraprojects Limited has informed the Exchange about Letters sent to Shareholders,03-Jul-2025 20:36:34,https://nsearchives.nseindia.com/corporate/CAPACITE_03072025203626_IntimationLettertoshareholders.pdf,0.9756,0.08285714285714287,0.28496602177619934,0.031716724870886115,Neutral
ATGL,Adani Total Gas Limited,Copy of Newspaper Publication,Adani Total Gas Limited has informed the Exchange about Copy of Newspaper Publication for Postal Ballot Notice,03-Jul-2025 20:36:52,https://nsearchives.nseindia.com/corporate/ATGL2024_03072025203547_ATGL_Intimation_Newspaper_Advt_PBN_03072025.pdf,0.9756,0.025793650793650792,-0.060777634382247925,0.06613381877191479,Neutral
MUTHOOTCAP,Muthoot Capital Services Limited,Board Meeting Intimation,MUTHOOT CAPITAL SERVICES LIMITED has informed the Exchange about Board Meeting to be held on 09-Jul-2025 to consider Fund raising.,03-Jul-2025 20:34:56,https://nsearchives.nseindia.com/corporate/xbrl/PRIOR_INTIMATION_59024_1477071_03072025083455_WEB.xml,-0.3885,-0.07142857142857142,0.015907801687717438,0.40743294131968705,Negative
NITCO,Nitco Limited,General Updates,"Nitco Limited has informed the Exchange about additional details required for Corporate Announcement filed under Regulation 30 of SEBI (LODR) Regulations, 2015 - Disclosure of appointment of Cost Auditor",03-Jul-2025 20:34:47,https://nsearchives.nseindia.com/corporate/NITCO_03072025203434_Stock_Exchange_letter_Cost_Auditor_Appnt.pdf,-0.0516,0.05823129251700679,-0.00212256982922554,0.301769917906618,Negative
HAPPYFORGE,Happy Forgings Limited,General Updates,"Happy Forgings Limited has informed the Exchange about sending letters to shareholders who have not registered their email ID pursuant to Regulation 36(1)(b) of SEBI (LODR) Regulations, 2015",03-Jul-2025 20:28:23,https://nsearchives.nseindia.com/corporate/9876964720_03072025202753_intimationnonemail.pdf,0.8555,0.21883116883116882,0.1361507624387741,0.008299635833346974,Neutral
VERANDA,Veranda Learning Solutions Limited,Updates,Veranda Learning Solutions Limited has informed the Exchange regarding 'Intimation of allotment of Equity shares for consideration other than cash on a preferential basis.'.,03-Jul-2025 20:26:26,https://nsearchives.nseindia.com/corporate/Verandaipo_03072025202416_Reg30.pdf,0.9952,0.023511904761904765,0.02076546847820282,0.15869478519275076,Neutral
MUTHOOTCAP,Muthoot Capital Services Limited,Committee Meeting Updates,"Muthoot Capital Services Limited has informed the Exchange regarding Committee Meeting to be held on July 09, 2025.",03-Jul-2025 20:31:23,https://nsearchives.nseindia.com/corporate/MUTHOOTCAPS_03072025202931_SE_Intimation.pdf,-0.4939,-0.018214285714285718,0.24952013790607452,0.36473281587617734,Negative
CLSEL,Chaman Lal Setia Exports Limited,Change in Directors/ Key Managerial Personnel/ Auditor/ Compliance Officer/ Share Transfer Agent,CHAMAN LAL SETIA EXPORTS LIMITED has informed the Exchange about Change in Directors/ Key Managerial Personnel/ Auditor/ Compliance Officer/ Share Transfer Agent,03-Jul-2025 20:21:24,https://nsearchives.nseindia.com/corporate/xbrl/CIM_59023_1477061_03072025082123_WEB.xml,0.1943,-0.023809523809523808,-0.06880868226289749,0.273325417567009,Negative
INDIACEM,The India Cements Limited,Analysts/Institutional Investor Meet/Con. Call Updates,The India Cements Limited has informed the Exchange about Schedule of meet,03-Jul-2025 20:25:20,https://nsearchives.nseindia.com/corporate/INDIACEM_03072025202312_seletteronearingscall03072025.pdf,0.3818,0.015343915343915347,0.1030016839504242,0.1757247341512372,Neutral
AWL,AWL Agri Business Limited,General Updates,AWL Agri Business Limited has informed the Exchange about quarterly updates for Q1FY26,03-Jul-2025 20:09:25,https://nsearchives.nseindia.com/corporate/AWL_03072025200839_SEQuarterlyupdatesletter.pdf,0.9942,0.11801132657297041,0.38708579540252686,0.3689133381832791,Positive
SIGNPOST,Signpost India Limited,Action(s) taken or orders passed,Signpost India Limited has informed the Exchange about Action(s) taken or orders passed,03-Jul-2025 20:09:57,https://nsearchives.nseindia.com/corporate/SIGNPOST_03072025200946_Intimation_letter_of_Reciept_of_Court_Order_karnataka.pdf,0.9729,0.09195526695526696,-0.040002815425395966,0.04836995195989402,Neutral
M&M,Mahindra & Mahindra Limited,Updates,Mahindra & Mahindra Limited has informed the Exchange regarding 'Transfer of Equity Shares by Mahindra & Mahindra Employees  Stock Option Trust to the Stock Option Grantees'.,03-Jul-2025 20:16:49,https://nsearchives.nseindia.com/corporate/Shaibya_03072025201641_Employeeslist03072025.pdf,0.9738,0.05396825396825397,-0.015870966017246246,0.04972350062467745,Neutral
NIITLTD,NIIT Limited,Alteration Of Capital and Fund Raising-XBRL,NIIT Limited has informed the Exchange regarding Allotment of Securities,03-Jul-2025 20:00:23,https://nsearchives.nseindia.com/corporate/xbrl/ALTERATION_OF_CAPITAL_AND_FUND_RAISING_1477054_03072025080022_WEB.xml,0.0772,-0.07142857142857142,-0.017624707892537117,0.2992664890467056,Negative
NAZARA,Nazara Technologies Limited,Analysts/Institutional Investor Meet/Con. Call Updates,Nazara Technologies Limited informs the Exchange about Schedule of meet(s).,03-Jul-2025 19:59:42,https://nsearchives.nseindia.com/corporate/NAZARA_03072025195846_IntimationInvestorMeet.pdf,0.8481,0.016170634920634926,0.06855747103691101,0.06760114762877661,Neutral
DOLLAR,Dollar Industries Limited,Shareholders meeting,"Dollar Industries Limited has informed the Exchange regarding Notice of Annual General Meeting to be held on July 25, 2025",03-Jul-2025 19:59:37,https://nsearchives.nseindia.com/corporate/DOLLAR_03072025195759_notice_merged.pdf,0.9786,0.031981981981981995,0.05285302549600601,0.035735358320834354,Neutral
NIITLTD,NIIT Limited,ESOP/ESOS/ESPS,"With reference to the above, we would like to inform you that the Share Allotment Committee of the Company on July 3, 2025, has allotted 2,52,002 (Two Lakhs Fifty Two Thousand and Two only) Equity Shares of Rs. 2/- each in accordance with the terms of ESOP-2005",03-Jul-2025 19:53:16,https://nsearchives.nseindia.com/corporate/RARORA_03072025195248_SEESOPAllotment03072025.pdf,0.9712,-0.024553571428571428,0.04850057512521744,0.049984050585968165,Neutral
CAPACITE,Capacit'e Infraprojects Limited,Shareholders meeting,"Capacite Infraprojects Limited has informed the Exchange regarding Notice of Annual General Meeting to be held on July 25, 2025",03-Jul-2025 20:00:28,https://nsearchives.nseindia.com/corporate/CAPACITE_03072025195955_IntimationAnnualReport.pdf,0.9896,0.057440476190476195,-0.05587157607078552,0.055077867589110374,Neutral
DLF,DLF Limited,"Certificate under SEBI (Depositories and Participants) Regulations, 2018","DLF Limited has informed the Exchange about Certificate under SEBI (Depositories and Participants) Regulations, 2018",03-Jul-2025 19:51:43,https://nsearchives.nseindia.com/corporate/DLF_03072025195128_Letter.pdf,0.9682,0.004642857142857155,0.08883486688137054,0.03480223335453447,Neutral
NUCLEUS,Nucleus Software Exports Limited,Notice Of Shareholders Meetings-XBRL,NUCLEUS SOFTWARE EXPORTS LIMITED has informed the Exchange about Notice of Shareholders Meeting for Annual General Meeting to be held on 28-Jul-2025,03-Jul-2025 19:46:08,https://nsearchives.nseindia.com/corporate/xbrl/NOTICE_OF_SHAREHOLDERS_MEETINGS_1477050_03072025074607_WEB.xml,-0.3885,-0.010714285714285704,0.005417691543698311,0.3979129872220967,Negative
M&M,Mahindra & Mahindra Limited,Analysts/Institutional Investor Meet/Con. Call Updates,Mahindra & Mahindra Limited has informed the Exchange about Schedule of meet,03-Jul-2025 19:51:42,https://nsearchives.nseindia.com/corporate/Shaibya_03072025195107_UpcomingAnalystMeet03072025.pdf,0.128,-0.013644688644688641,-0.0814378559589386,0.2910867387490831,Negative
GRPLTD,GRP Limited,Shareholders meeting,"GRP Limited has informed the Exchange regarding Notice of Annual General Meeting to be held on July 25, 2025",03-Jul-2025 19:48:18,https://nsearchives.nseindia.com/corporate/GRPLTD_03072025194807_Notice_of_AGM_24-25.pdf,0.9806,0.017718715393134007,0.009607885032892227,0.15109630442283317,Neutral
VEDL,Vedanta Limited,Updates,Vedanta Limited has informed the Exchange regarding 'Production Release'.,03-Jul-2025 19:46:45,https://nsearchives.nseindia.com/corporate/VEDL_03072025194625_VEDLSEIntimationProductionReleaseQ1FY2026signed.pdf,0.34,-0.003779892194526341,0.10796981304883957,0.18854828684394698,Neutral
NMDC,NMDC Limited,Change in Directors/ Key Managerial Personnel/ Auditor/ Compliance Officer/ Share Transfer Agent,NMDC LIMITED has informed the Exchange about Change in Directors/ Key Managerial Personnel/ Auditor/ Compliance Officer/ Share Transfer Agent,03-Jul-2025 19:45:48,https://nsearchives.nseindia.com/corporate/xbrl/CIM_59018_1477049_03072025074547_WEB.xml,0.1943,-0.023809523809523808,-0.03126674145460129,0.26395366527509123,Negative
ASIANPAINT,Asian Paints Limited,Updates,Receipt of the revised Order from the Competition Commission of India,03-Jul-2025 19:44:48,https://nsearchives.nseindia.com/corporate/ASIANPAINT_03072025194223_SEintimationCCIrevisedtheOrderF.pdf,0.34,0.11984126984126986,0.1323871612548828,0.15787142312715918,Neutral
DOLLAR,Dollar Industries Limited,Notice Of Shareholders Meetings-XBRL,DOLLAR INDUSTRIES LIMITED has informed the Exchange about Notice of Shareholders Meeting for Annual General Meeting to be held on 25-Jul-2025,03-Jul-2025 19:43:57,https://nsearchives.nseindia.com/corporate/xbrl/NOTICE_OF_SHAREHOLDERS_MEETINGS_1477046_03072025074356_WEB.xml,-0.3885,-0.010714285714285704,0.01094374805688858,0.3965315446193729,Negative
ADVENZYMES,Advanced Enzyme Technologies Limited,Notice Of Shareholders Meetings-XBRL,ADVANCED ENZYME TECHNOLOGIES LIMITED has informed the Exchange about Notice of Shareholders Meeting for Annual General Meeting to be held on 30-Jul-2025,03-Jul-2025 19:42:59,https://nsearchives.nseindia.com/corporate/xbrl/NOTICE_OF_SHAREHOLDERS_MEETINGS_1477043_03072025074258_WEB.xml,0.0258,0.12619047619047621,0.011835139244794846,0.2653526550344768,Negative
CESC,CESC Limited,"Certificate under SEBI (Depositories and Participants) Regulations, 2018","CESC Limited has informed the Exchange about Certificate under SEBI (Depositories and Participants) Regulations, 2018",03-Jul-2025 19:39:47,https://nsearchives.nseindia.com/corporate/CESC_03072025193932_SE.pdf,0.959,0.07452380952380952,0.04569099843502045,0.03391973475189436,Neutral
NETWORK18,Network18 Media & Investments Limited,Change in Directors/ Key Managerial Personnel/ Auditor/ Compliance Officer/ Share Transfer Agent,NETWORK18 MEDIA & INVESTMENTS LIMITED has informed the Exchange about Change in Directors/ Key Managerial Personnel/ Auditor/ Compliance Officer/ Share Transfer Agent,03-Jul-2025 19:36:14,https://nsearchives.nseindia.com/corporate/xbrl/CIM_59010_1477032_03072025073613_WEB.xml,0.1943,-0.023809523809523808,-0.05073104798793793,0.2688399836457911,Negative
LUMAXTECH,Lumax Auto Technologies Limited,General Updates,Lumax Auto Technologies Limited has informed the Exchange about Intimation regarding communication to shareholders with respect to deduction of Tax at source on Dividend for FY 2024-25,03-Jul-2025 19:38:54,https://nsearchives.nseindia.com/corporate/LUMAXTECH_03072025193826_IntimationTDS.pdf,0.9792,0.003930117501546078,0.16340993344783783,0.18644220831070923,Neutral
ADVENZYMES,Advanced Enzyme Technologies Limited,Shareholders meeting,Advanced Enzyme Technologies Limited has informed the Exchange about Shareholders meeting,03-Jul-2025 19:38:21,https://nsearchives.nseindia.com/corporate/AETL_03072025193805_Notice.pdf,0.9702,0.02886297376093296,0.03217915818095207,0.15636892209725978,Neutral
NETWORK18,Network18 Media & Investments Limited,Change in Auditors,Network18 Media & Investments Limited has informed the Exchange regarding Change in Auditors of the company.,03-Jul-2025 19:34:04,https://nsearchives.nseindia.com/corporate/Shambhu_03072025193335_NW18Appointment_ID_SecretarialAuditor.pdf,0.8834,0.006632653061224493,0.03669025003910065,0.06864666898773644,Neutral
SURYODAY,Suryoday Small Finance Bank Limited,Board Meeting Intimation,SURYODAY SMALL FINANCE BANK LIMITED has informed the Exchange about Board Meeting to be held on 24-Jul-2025 to inter-alia consider and approve the Unaudited Financial results of the Company for the Quarterly ended June 2025 .,03-Jul-2025 19:33:31,https://nsearchives.nseindia.com/corporate/xbrl/PRIOR_INTIMATION_59009_1477030_03072025073330_WEB.xml,-0.3885,-0.10714285714285714,0.049257248640060425,0.4062368452804429,Negative
NETWORK18,Network18 Media & Investments Limited,Change in Director(s),Network18 Media & Investments Limited has informed the Exchange regarding Change in Director(s) of the company.,03-Jul-2025 19:31:19,https://nsearchives.nseindia.com/corporate/Shambhu_03072025193041_NW18Appointment_ID_SecretarialAuditor.pdf,0.8834,0.006632653061224493,0.01899867132306099,0.07306831196920607,Neutral
PRICOLLTD,Pricol Limited,Disclosure under SEBI Takeover Regulations,"Vikram Mohan has Submitted to the Exchange a copy of Disclosure under Regulation 31(4) and (5) of the Securities and Exchange Board of India (Substantial Acquisition of Shares and Takeovers) Regulations, 2011.",03-Jul-2025 19:28:00,https://nsearchives.nseindia.com/corporate/team_sandeshc_06052025112602_Reg9.pdf,0.5267,0.0,-0.015804242342710495,0.02779618024379016,Neutral
DODLA,Dodla Dairy Limited,"Certificate under SEBI (Depositories and Participants) Regulations, 2018","Dodla Dairy Limited has informed the Exchange about Certificate under SEBI (Depositories and Participants) Regulations, 2018",03-Jul-2025 19:33:59,https://nsearchives.nseindia.com/corporate/DODLA_03072025193336_Intimation.pdf,0.6705,-0.06802721088435372,0.17038655281066895,0.10336391986470644,Neutral
NMDC,NMDC Limited,Change in Management,NMDC Limited has informed the Exchange about change in Management - Chief Financial Officer,03-Jul-2025 19:29:53,https://nsearchives.nseindia.com/corporate/NMDC_03072025192904_20250703_SEA2025024CFO.pdf,0.4404,0.022155561829474882,-0.03856751695275307,0.004898853317373497,Neutral
SOFTTECH,Softtech Engineers Limited,Disclosure under SEBI Takeover Regulations,"Softtech Engineers Limited has Submitted to the Exchange a copy of Disclosure under Regulation 31(4) of the Securities and Exchange Board of India (Substantial Acquisition of Shares and Takeovers) Regulations, 2011.",03-Jul-2025 19:27:09,https://nsearchives.nseindia.com/corporate/team_sandeshc_06052025111549_Reg5.pdf,0.3612,-0.07142857142857142,-0.015032803639769554,0.02758037197132196,Neutral
KOKUYOCMLN,Kokuyo Camlin Limited,Disclosure under SEBI Takeover Regulations,"Dilip D. Dandekar has Submitted to the Exchange a copy of Disclosure under Regulation 31(4) of the Securities and Exchange Board of India (Substantial Acquisition of Shares and Takeovers) Regulations, 2011.",03-Jul-2025 19:27:37,https://nsearchives.nseindia.com/corporate/team_sandeshc_06052025112159_Reg7.pdf,0.5267,0.0,-0.03113197721540928,0.024000188126415023,Neutral
DCMSHRIRAM,DCM Shriram Limited,Disclosure under SEBI Takeover Regulations,"Sumant Investments Private Limited has Submitted to the Exchange a copy of Disclosure under Regulation 31(4) of the Securities and Exchange Board of India (Substantial Acquisition of Shares and Takeovers) Regulations, 2011.",03-Jul-2025 19:27:30,https://nsearchives.nseindia.com/corporate/team_sandeshc_06052025112040_Reg6.pdf,0.3612,-0.03571428571428571,-0.03158581256866455,0.02454452826636172,Neutral
IGARASHI,Igarashi Motors India Limited,Disclosure under SEBI Takeover Regulations,"Agile Electric Sub Assembly Private Limited has Submitted to the Exchange a copy of Disclosure under Regulation 31(4) of the Securities and Exchange Board of India (Substantial Acquisition of Shares and Takeovers) Regulations, 2011.",03-Jul-2025 19:27:06,https://nsearchives.nseindia.com/corporate/team_sandeshc_06052025111405_Reg4.pdf,0.3612,0.14285714285714288,-0.033147551119327545,0.010719223446931159,Neutral
JUNIPER,Juniper Hotels Limited,Disclosure under SEBI Takeover Regulations,"Juniper Hotels Limited has Submitted to the Exchange a copy of Disclosure under Regulation 31(4) of the Securities and Exchange Board of India (Substantial Acquisition of Shares and Takeovers) Regulations, 2011.",03-Jul-2025 19:26:55,https://nsearchives.nseindia.com/corporate/team_sandeshc_06052025111050_JHL.pdf,0.7096,-0.03333333333333332,-0.1673116832971573,0.028907701327403446,Neutral
DEVYANI,Devyani International Limited,Disclosure under SEBI Takeover Regulations,"Devyani International Limited has Submitted to the Exchange a copy of Disclosure under Regulation 31(4) of the Securities and Exchange Board of India (Substantial Acquisition of Shares and Takeovers) Regulations, 2011.",03-Jul-2025 19:26:59,https://nsearchives.nseindia.com/corporate/team_sandeshc_06052025111145_SAST.pdf,0.5423,-0.002234530175706646,-0.061729878187179565,0.020026519603534382,Neutral
BALAMINES,Balaji Amines Limited,"Certificate under SEBI (Depositories and Participants) Regulations, 2018","Balaji Amines Limited has informed the Exchange about Certificate under SEBI (Depositories and Participants) Regulations, 2018 for the Quarter Ended 30th June, 2025.",03-Jul-2025 19:26:01,https://nsearchives.nseindia.com/corporate/BALAMINES_03072025192544_Certificate_Signed.pdf,0.9468,-0.0015624999999999997,0.026819758117198944,0.056890895012021075,Neutral
CENTUM,Centum Electronics Limited,Shareholders meeting,Centum Electronics Limited has submitted the Exchange a copy Srutinizers report of  Postal Ballot,03-Jul-2025 19:26:31,https://nsearchives.nseindia.com/corporate/CENTUME_03072025192421_Intimation.pdf,0.9911,0.07627237627237628,0.008722357451915741,0.03478526833885992,Neutral
FORCEMOT,FORCE MOTORS LTD,Monthly Business Updates,FORCE MOTORS LTD has informed the Exchange regarding Monthly Business Updates for the month of June 2025,03-Jul-2025 19:25:15,https://nsearchives.nseindia.com/corporate/FORCEMOTORS_03072025192447_149R30BSENSELimited03072025.pdf,0.5719,0.004135338345864663,0.006790906190872192,0.1544638529102605,Neutral
KAYNES,Kaynes Technology India Limited,Acquisition-XBRL,Kaynes Technology India Limited has informed the Exchange regarding Acquisition,03-Jul-2025 19:24:04,https://nsearchives.nseindia.com/corporate/xbrl/REG30_Restructuring_1477019_03072025072403_WEB.xml,-0.2263,-0.07142857142857142,0.0002870764583349228,0.17065047166038833,Neutral
NETWORK18,Network18 Media & Investments Limited,Shareholders meeting,"Network18 Media & Investments Limited has informed the Exchange regarding Proceedings of Annual General Meeting held on July 03, 2025",03-Jul-2025 19:24:07,https://nsearchives.nseindia.com/corporate/Shambhu_03072025192125_NW18AGMProceedings03072025.pdf,0.946,-0.013942307692307688,-0.05944475904107094,0.08114795256635318,Neutral
IRIS,Iris Business Services Limited,Slump Sale-XBRL,IRIS BUSINESS SERVICES LIMITED has informed the Exchange regarding Slump Sale,03-Jul-2025 19:20:46,https://nsearchives.nseindia.com/corporate/xbrl/REG30_Restructuring_1477014_03072025072045_WEB.xml,-0.3885,-0.07142857142857142,-0.010290749371051788,0.41345913705442633,Negative
NUCLEUS,Nucleus Software Exports Limited,Updates,"Nucleus Software Exports Limited has informed the Exchange regarding 'Business Responsibility and Sustainability Report for the Financial Year ended 31st March, 2025'",03-Jul-2025 19:23:23,https://nsearchives.nseindia.com/corporate/Nucleus_03072025191832_BRSR.pdf,0.1779,0.03294224714679261,0.02764499932527542,0.24202338743022533,Negative
STYLEBAAZA,Baazar Style Retail Limited,Analysts/Institutional Investor Meet/Con. Call Updates,Baazar Style Retail Limited has informed the Exchange about Schedule of meet,03-Jul-2025 19:18:09,https://nsearchives.nseindia.com/corporate/BSRL2024_03072025191757_Signed_Intimation_of_Investor_Meet_July_8_2025.pdf,0.0516,0.0760989010989011,0.01657518744468689,0.26773236384273885,Negative
MALLCOM,Mallcom (India) Limited,Copy of Newspaper Publication,Mallcom (India) Limited has informed the Exchange about Copy of Newspaper Publication,03-Jul-2025 19:22:06,https://nsearchives.nseindia.com/corporate/MALLCOM_03072025192148_NP_IEPF__.pdf,0.9741,0.02286908493805046,0.007431328296661377,0.14997243833217647,Neutral
IRIS,Iris Business Services Limited,Sale or disposal-XBRL,IRIS BUSINESS SERVICES LIMITED has informed the Exchange regarding Sale or disposal of unit(s)/division(s)/subsidiary,03-Jul-2025 19:17:47,https://nsearchives.nseindia.com/corporate/xbrl/REG30_Restructuring_1477009_03072025071747_WEB.xml,-0.3885,-0.07142857142857142,-0.07638458162546158,0.4303866967282125,Negative
KAYNES,Kaynes Technology India Limited,Acquisition,Kaynes Technology India Limited has informed the Exchange about Acquisition,03-Jul-2025 19:14:47,https://nsearchives.nseindia.com/corporate/KAYNESTECH_03072025191130_SEintimationofacquisitionSigned.pdf,0.9337,0.046106821106821114,-0.005352050065994263,0.14131005043724176,Neutral
KPITTECH,KPIT Technologies Limited,Disclosure under SEBI Takeover Regulations,"Kishor Patil has Submitted to the Exchange a copy of Disclosure under Regulation 31(4) of the Securities and Exchange Board of India (Substantial Acquisition of Shares and Takeovers) Regulations, 2011.",03-Jul-2025 19:13:55,https://nsearchives.nseindia.com/corporate/team_bbodade_05052025182043_KPITTECH.pdf,0.8625,-0.041815476190476195,-0.1886088252067566,0.060200714752787654,Neutral
RMCL,Radha Madhav Corporation Limited,Disclosure under SEBI Takeover Regulations,"Radha Madhav Corporation Limited has Submitted to the Exchange a copy of Disclosure under Regulation 31(4) of the Securities and Exchange Board of India (Substantial Acquisition of Shares and Takeovers) Regulations, 2011.",03-Jul-2025 19:14:43,https://nsearchives.nseindia.com/corporate/team_bbodade_05052025182216_RMCL.pdf,0.994,0.03716931216931218,0.13990037143230438,0.1909236001531599,Neutral
ORIENTHOT,Oriental Hotels Limited,Disclosure under SEBI Takeover Regulations,"Ramesh D Hariani has Submitted to the Exchange a copy of Disclosure under Regulation 31(4) of the Securities and Exchange Board of India (Substantial Acquisition of Shares and Takeovers) Regulations, 2011.",03-Jul-2025 19:13:36,https://nsearchives.nseindia.com/corporate/team_sandeshc_06052025110212_Ramesh.pdf,0.8591,0.03365164247517188,-0.09664786607027054,0.0973461157120554,Neutral
THANGAMAYL,Thangamayil Jewellery Limited,Updates,Thangamayil Jewellery Limited has informed the Exchange regarding 'BRSR2025'.,03-Jul-2025 19:13:48,https://nsearchives.nseindia.com/corporate/THANGAMAYL_03072025191330_brsr2025.pdf,0.9958,0.05766550522648084,-0.15095369517803192,0.07724682908733133,Neutral
PRICOLLTD,Pricol Limited,Disclosure under SEBI Takeover Regulations,"Pricol Limited has Submitted to the Exchange a copy of Disclosure under Regulation 31(4) of the Securities and Exchange Board of India (Substantial Acquisition of Shares and Takeovers) Regulations, 2011.",03-Jul-2025 19:13:33,https://nsearchives.nseindia.com/corporate/team_bbodade_05052025181843_PRICOLLTD1.pdf,0.3612,-0.07142857142857142,-0.020567305386066437,0.02895612959478583,Neutral
PRICOLLTD,Pricol Limited,Disclosure under SEBI Takeover Regulations,"Pricol Limited has Submitted to the Exchange a copy of Disclosure under Regulation 31(4) of the Securities and Exchange Board of India (Substantial Acquisition of Shares and Takeovers) Regulations, 2011.",03-Jul-2025 19:13:06,https://nsearchives.nseindia.com/corporate/team_bbodade_05052025181646_PRICOLLTD.pdf,0.3612,-0.07142857142857142,-0.020567305386066437,0.02895612959478583,Neutral
NHPC,NHPC Limited,Disclosure under SEBI Takeover Regulations,"Pankaj Kumar Sangwan, Ministry of Power, Government of India, has Submitted to the Exchange a copy of Disclosure under Regulation 31(4) of the Securities and Exchange Board of India (Substantial Acquisition of Shares and Takeovers) Regulations, 2011.",03-Jul-2025 19:13:07,https://nsearchives.nseindia.com/corporate/team_sandeshc_06052025110639_Reg2.pdf,0.5267,0.0,-0.027077611535787582,0.02498078837543727,Neutral
SURAKSHA,Suraksha Diagnostic Limited,Disclosure under SEBI Takeover Regulations,"Suraksha Diagnostic Limited has Submitted to the Exchange a copy of Disclosure under Regulation 31(4) of the Securities and Exchange Board of India (Substantial Acquisition of Shares and Takeovers) Regulations, 2011.",03-Jul-2025 19:13:27,https://nsearchives.nseindia.com/corporate/team_sandeshc_06052025110951_Suraksha_Disclosure.pdf,-0.9808,-0.007128099173553707,-0.09123317897319794,0.3694317509294049,Negative
CERA,Cera Sanitaryware Limited,Disclosure under SEBI Takeover Regulations,"Vikram Somany has Submitted to the Exchange a copy of Disclosure under Regulation 31(4) of the Securities and Exchange Board of India (Substantial Acquisition of Shares and Takeovers) Regulations, 2011.",03-Jul-2025 19:13:16,https://nsearchives.nseindia.com/corporate/team_sandeshc_06052025110535_CSL.pdf,0.5267,0.0,-0.025355547666549683,0.025469383108615906,Neutral
SURAKSHA,Suraksha Diagnostic Limited,Disclosure under SEBI Takeover Regulations,"Dr. Somnath Chatterjee has Submitted to the Exchange a copy of Disclosure under Regulation 31(4) of the Securities and Exchange Board of India (Substantial Acquisition of Shares and Takeovers) Regulations, 2011.",03-Jul-2025 19:12:52,https://nsearchives.nseindia.com/corporate/team_sandeshc_06052025110422_Suraksha.pdf,-0.9723,0.002631578947368434,-0.08261485397815704,0.3632002698192471,Negative
ORIENTHOT,Oriental Hotels Limited,Disclosure under SEBI Takeover Regulations,"D. Vijayagopal Reddy has Submitted to the Exchange a copy of Disclosure under Regulation 31(4) of the Securities and Exchange Board of India (Substantial Acquisition of Shares and Takeovers) Regulations, 2011.",03-Jul-2025 19:12:35,https://nsearchives.nseindia.com/corporate/team_sandeshc_06052025105604_Reg1.pdf,0.5267,0.0,-0.026240624487400055,0.025226441654562948,Neutral
STYLAMIND,Stylam Industries Limited,Disclosure under SEBI Takeover Regulations,"Jagdish Rai Gupta has Submitted to the Exchange a copy of Disclosure under Regulation 31(4) of the Securities and Exchange Board of India (Substantial Acquisition of Shares and Takeovers) Regulations, 2011.",03-Jul-2025 19:12:31,https://nsearchives.nseindia.com/corporate/team_sandeshc_06052025105257_INTIMATION.pdf,0.9556,-0.01857142857142857,-0.11211793124675751,0.10716572649393763,Neutral
ORIENTHOT,Oriental Hotels Limited,Disclosure under SEBI Takeover Regulations,"Pramod Ranjan has Submitted to the Exchange a copy of Disclosure under Regulation 31(4) of the Securities and Exchange Board of India (Substantial Acquisition of Shares and Takeovers) Regulations, 2011.",03-Jul-2025 19:12:22,https://nsearchives.nseindia.com/corporate/team_sandeshc_06052025105458_Pramod.pdf,0.8074,-0.001469583048530416,-0.05449290946125984,0.08793516272473179,Neutral
SPORTKING,Sportking India Limited,Disclosure under SEBI Takeover Regulations,"Sportking India Limited has Submitted to the Exchange a copy of Disclosure under Regulation 31(4) of the Securities and Exchange Board of India (Substantial Acquisition of Shares and Takeovers) Regulations, 2011.",03-Jul-2025 19:12:18,https://nsearchives.nseindia.com/corporate/team_sandeshc_06052025105405_Reg.pdf,0.9783,-0.001785714285714284,-0.05704779922962189,0.12996774481790405,Neutral
HTMEDIA,HT Media Limited,Disclosure under SEBI Takeover Regulations," Priyavrat Bhartia has Submitted to the Exchange a copy of Disclosure under Regulation 31(4) of the Securities and Exchange Board of India (Substantial Acquisition of Shares and Takeovers) Regulations, 2011.",03-Jul-2025 19:12:06,https://nsearchives.nseindia.com/corporate/team_bbodade_05052025190704_HTMEDIA.pdf,0.5267,0.0,-0.0227734986692667,0.02606870771870018,Neutral
HTMEDIA,HT Media Limited,Disclosure under SEBI Takeover Regulations,"Priyavrat Bhartia has Submitted to the Exchange a copy of Disclosure under Regulation 31(4) of the Securities and Exchange Board of India (Substantial Acquisition of Shares and Takeovers) Regulations, 2011.",03-Jul-2025 19:12:13,https://nsearchives.nseindia.com/corporate/team_sandeshc_06052025105134_Priyavrat_Bhartia.pdf,0.5267,0.0,-0.027570147067308426,0.024869545619189748,Neutral
BAJAJHFL,Bajaj Housing Finance Limited,Disclosure under SEBI Takeover Regulations,"Niraj Bajaj has Submitted to the Exchange a copy of Disclosure under Regulation 31(4) of the Securities and Exchange Board of India (Substantial Acquisition of Shares and Takeovers) Regulations, 2011.",03-Jul-2025 19:11:43,https://nsearchives.nseindia.com/corporate/team_bbodade_05052025185852_BAJAJHFL.pdf,0.5267,0.0,-0.012728763744235039,0.0286252744264901,Neutral
KPITTECH,KPIT Technologies Limited,Disclosure under SEBI Takeover Regulations,"KPIT Technologies Limited has Submitted to the Exchange a copy of Disclosure under Regulation 31(4) of the Securities and Exchange Board of India (Substantial Acquisition of Shares and Takeovers) Regulations, 2011.",03-Jul-2025 19:10:28,https://nsearchives.nseindia.com/corporate/team_bbodade_05052025170027_KPITTECH.pdf,0.8271,-0.04510582010582011,-0.1726590245962143,0.05465389988097566,Neutral
IDEAFORGE,Ideaforge Technology Limited,Disclosure under SEBI Takeover Regulations,"Ankit Mehta has Submitted to the Exchange a copy of Disclosure under Regulation 31(4) of the Securities and Exchange Board of India (Substantial Acquisition of Shares and Takeovers) Regulations, 2011.",03-Jul-2025 19:11:39,https://nsearchives.nseindia.com/corporate/team_bbodade_05052025185512_IDEAFORGE.pdf,0.836,0.04007936507936508,-0.11436718702316284,0.08844270867203907,Neutral
PRICOLLTD,Pricol Limited,Disclosure under SEBI Takeover Regulations,"Pricol Limited has Submitted to the Exchange a copy of Disclosure under Regulation 31(4) of the Securities and Exchange Board of India (Substantial Acquisition of Shares and Takeovers) Regulations, 2011.",03-Jul-2025 19:11:20,https://nsearchives.nseindia.com/corporate/team_bbodade_05052025170536_PRICOLLTD1.pdf,0.3612,-0.07142857142857142,-0.020567305386066437,0.02895612959478583,Neutral
KPITTECH,KPIT Technologies Limited,Disclosure under SEBI Takeover Regulations,"KPIT Technologies Limited has Submitted to the Exchange a copy of Disclosure under Regulation 31(4) of the Securities and Exchange Board of India (Substantial Acquisition of Shares and Takeovers) Regulations, 2011.",03-Jul-2025 19:09:55,https://nsearchives.nseindia.com/corporate/team_bbodade_05052025170349_KPITTECH1.pdf,0.8271,-0.04510582010582011,-0.16792020201683044,0.055881306293338734,Neutral
GEECEE,GeeCee Ventures Limited,Change in Directors/ Key Managerial Personnel/ Auditor/ Compliance Officer/ Share Transfer Agent,GEECEE VENTURES LIMITED has informed the Exchange about Change in Directors/ Key Managerial Personnel/ Auditor/ Compliance Officer/ Share Transfer Agent,03-Jul-2025 19:08:03,https://nsearchives.nseindia.com/corporate/xbrl/CIM_59002_1476998_03072025070803_WEB.xml,0.1943,-0.023809523809523808,-0.04848308488726616,0.26824670043211607,Negative
RMCL,Radha Madhav Corporation Limited,Disclosure under SEBI Takeover Regulations,"Vijay Patel has Submitted to the Exchange a copy of Disclosure under Regulation 31(4) of the Securities and Exchange Board of India (Substantial Acquisition of Shares and Takeovers) Regulations, 2011.",03-Jul-2025 19:08:05,https://nsearchives.nseindia.com/corporate/team_bbodade_05052025165830_RMCL.pdf,0.9934,0.05379464285714285,-0.04462209716439247,0.14797285923638515,Neutral
PRICOLLTD,Pricol Limited,Disclosure under SEBI Takeover Regulations,"Pricol Limited has Submitted to the Exchange a copy of Disclosure under Regulation 31(4) of the Securities and Exchange Board of India (Substantial Acquisition of Shares and Takeovers) Regulations, 2011.",03-Jul-2025 19:09:33,https://nsearchives.nseindia.com/corporate/team_bbodade_05052025170216_PRICOLLTD.pdf,0.3612,-0.07142857142857142,-0.020567305386066437,0.02895612959478583,Neutral
SAMHI,Samhi Hotels Limited,Appointment,"Samhi Hotels Limited has informed the Exchange regarding Appointment of Ms T.Sharad & Ass. as Other of the company w.e.f. August 04, 2025.",03-Jul-2025 19:09:51,https://nsearchives.nseindia.com/corporate/Samhi_03072025190916_Outcome.pdf,0.872,-0.021756094782410598,0.04670054838061333,0.07467196914083929,Neutral
GODREJAGRO,Godrej Agrovet Limited,General Updates,"Godrej Agrovet Limited has informed the Exchange about revised record date Thursday, July 31, 2025 for payment of Final Dividend for the Financial Year 2024-25",03-Jul-2025 19:07:01,https://nsearchives.nseindia.com/corporate/GODREJAGRO_03072025190650_BSENSERECORDEATE31072025.pdf,0.886,0.03865546218487396,0.12893922626972198,0.16146765138096175,Neutral
TRACXN,Tracxn Technologies Limited,Disclosure under SEBI Takeover Regulations," Neha Singh has Submitted to the Exchange a copy of Disclosure under Regulation 31(4) of the Securities and Exchange Board of India (Substantial Acquisition of Shares and Takeovers) Regulations, 2011.",03-Jul-2025 19:06:37,https://nsearchives.nseindia.com/corporate/team_bbodade_05052025165647_TRACXN.pdf,0.5267,0.0,-0.012101434171199799,0.02875678676664828,Neutral
ECOSMOBLTY,Ecos (India) Mobility & Hospitality Limited,Disclosure under SEBI Takeover Regulations," Rajesh Loomba   has Submitted to the Exchange a copy of Disclosure under Regulation 31(4) of the Securities and Exchange Board of India (Substantial Acquisition of Shares and Takeovers) Regulations, 2011.",03-Jul-2025 19:05:54,https://nsearchives.nseindia.com/corporate/team_bbodade_05052025165421_ECOSMOBLTY.pdf,0.9186,0.014372294372294375,-0.019036848098039627,0.1277701284703561,Neutral
SWARAJENG,Swaraj Engines Limited,"Certificate under SEBI (Depositories and Participants) Regulations, 2018","Please find enclosed herewith the certificate received from MCS Share Transfer Agent Ltd., the Registrar and Share Transfer Agent of the Company, confirming the compliance of Regulation 74(5) of the SEBI (Depositories and Participants) Regulations, 2018 for the quarter ended 30th June, 2025.",03-Jul-2025 19:04:31,https://nsearchives.nseindia.com/corporate/SWARAJENG_03072025190403_SELReg74Certificate30062025.pdf,0.9705,-0.008371985157699444,-0.03958876430988312,0.06893650300311463,Neutral
MICEL,MIC Electronics Limited,Disclosure under SEBI Takeover Regulations," siva Laksmanarao Kakarala has Submitted to the Exchange a copy of Disclosure under Regulation 31(4) of the Securities and Exchange Board of India (Substantial Acquisition of Shares and Takeovers) Regulations, 2011.",03-Jul-2025 19:05:16,https://nsearchives.nseindia.com/corporate/team_bbodade_05052025164554_MIC.pdf,0.5267,0.0,-0.031046302989125252,0.024002849101275203,Neutral
RAIN,Rain Industries Limited,Disclosure under SEBI Takeover Regulations,"N Akhila Reddy has Submitted to the Exchange a copy of Disclosure under Regulation 31(4) of the Securities and Exchange Board of India (Substantial Acquisition of Shares and Takeovers) Regulations, 2011.",03-Jul-2025 19:04:29,https://nsearchives.nseindia.com/corporate/team_bbodade_05052025163531_RAIN1.pdf,0.5267,0.0,-0.012137824669480324,0.02872170747742059,Neutral
RAIN,Rain Industries Limited,Disclosure under SEBI Takeover Regulations," N. Akhila Reddy has Submitted to the Exchange a copy of Disclosure under Regulation 31(4) of the Securities and Exchange Board of India (Substantial Acquisition of Shares and Takeovers) Regulations, 2011.",03-Jul-2025 19:04:13,https://nsearchives.nseindia.com/corporate/team_bbodade_05052025163235_RAIN.pdf,0.5267,0.0,-0.014289377257227898,0.028192420280724773,Neutral
JAYAGROGN,Jayant Agro Organics Limited,Copy of Newspaper Publication,Jayant Agro Organics Limited has informed the Exchange about Copy of Newspaper Publication,03-Jul-2025 19:04:08,https://nsearchives.nseindia.com/corporate/JAYAGROGN1_03072025190350_ST_EX_NP_Adv_Notice_SH_Signed.pdf,-0.25,-0.005519480519480518,0.08649079501628876,0.3419759581015481,Negative
WIPRO,Wipro Limited,Updates,Wipro Limited has informed the Exchange regarding 'Grant of Restricted Stock Units'.,03-Jul-2025 19:03:42,https://nsearchives.nseindia.com/corporate/Cslogin_03072025190240_SEGrantIntimation.pdf,0.7248,0.1142857142857143,0.4942971467971802,0.027638796690532097,Neutral
QPOWER,Quality Power Electrical Equipments Limited,Disclosure under SEBI Takeover Regulations,"BHARANIDHARAN PANDYAN  has Submitted to the Exchange a copy of Disclosure under Regulation 31(4) of the Securities and Exchange Board of India (Substantial Acquisition of Shares and Takeovers) Regulations, 2011.",03-Jul-2025 19:03:34,https://nsearchives.nseindia.com/corporate/team_bbodade_05052025163050_QPOWER.PDF,-0.765,-0.021861471861471856,-0.026904672384262085,0.3023456014454106,Negative
ATALREAL,Atal Realtech Limited,Corrigendum,"Atal Realtech Limited has informed the Exchange regarding Corrigendum to Notice of Extra Ordinary General Meeting to be held on July 05, 2025",03-Jul-2025 19:03:25,https://nsearchives.nseindia.com/corporate/ATALREAL_03072025190241_Corrigendum_With_DSC_attached.pdf,0.3818,-0.006287726358148883,0.03397861868143082,0.19730362803947393,Neutral
COMPINFO,Compuage Infocom Limited,Corporate Insolvency Resolution Process,Compuage Infocom Limited has informed the Exchange about the Outcomes of the 18th COC meeting,03-Jul-2025 19:03:21,https://nsearchives.nseindia.com/corporate/COMPINFO_03072025190254_Intimation_for_outcome_of_the_meeting_ocr.pdf,0.9337,0.031604823747680894,-0.009481299668550491,0.06261062725744518,Neutral
RRKABEL,R R Kabel Limited,Disclosure under SEBI Takeover Regulations,"R R Kabel Limited has Submitted to the Exchange a copy of Disclosure under Regulation 31(4) of the Securities and Exchange Board of India (Substantial Acquisition of Shares and Takeovers) Regulations, 2011.",03-Jul-2025 19:02:54,https://nsearchives.nseindia.com/corporate/team_bbodade_05052025162820_RRKABEL.pdf,0.9485,0.19464285714285715,0.219527468085289,0.23099832731059622,Positive
IRIS,Iris Business Services Limited,General Updates,"IRIS Business Services Limited hereby submits the link of the audio recording of the Conference call held on July 03, 2025.",03-Jul-2025 19:02:47,https://nsearchives.nseindia.com/corporate/IRIS_03072025190236_IRIS_Recording_ConferenceCall_03July2025_signed.pdf,0.0772,-0.018571428571428565,0.14207503199577332,0.24888077556576046,Negative
PGHL,Procter & Gamble Health Limited,Disclosure under SEBI Takeover Regulations,"Procter & Gamble Health Limited has Submitted to the Exchange a copy of Disclosure under Regulation 31(4) of the Securities and Exchange Board of India (Substantial Acquisition of Shares and Takeovers) Regulations, 2011.",03-Jul-2025 19:01:17,https://nsearchives.nseindia.com/corporate/team_bbodade_05052025162635_PGHL.pdf,0.8979,-0.04537815126050419,-0.07848106324672699,0.09578178614523233,Neutral
ORIENTCEM,Orient Cement Limited,Change in Directors/ Key Managerial Personnel/ Auditor/ Compliance Officer/ Share Transfer Agent,ORIENT CEMENT LIMITED has informed the Exchange about Change in Directors/ Key Managerial Personnel/ Auditor/ Compliance Officer/ Share Transfer Agent,03-Jul-2025 18:59:59,https://nsearchives.nseindia.com/corporate/xbrl/CIM_59000_1476991_03072025065958_WEB.xml,0.1943,-0.023809523809523808,-0.04244813323020935,0.2666813321448508,Negative
MPHASIS,MphasiS Limited,Record Date,MphasiS Limited has informed the Exchange that Record date for the purpose of Dividend  is 09-Jul-2025.,03-Jul-2025 19:00:23,https://nsearchives.nseindia.com/corporate/MPHASIS_03072025185943_IntimationofRecorddateNSE.pdf,0.4939,0.06339285714285714,0.22728654742240906,0.0930029423253877,Neutral
RAMRAT,Ram Ratna Wires Limited,Disclosure under SEBI Takeover Regulations,"Ram Ratna Wires Limited has Submitted to the Exchange a copy of Disclosure under Regulation 31(4) of the Securities and Exchange Board of India (Substantial Acquisition of Shares and Takeovers) Regulations, 2011.",03-Jul-2025 19:00:35,https://nsearchives.nseindia.com/corporate/team_bbodade_05052025162136_RAMRAT.pdf,0.9432,0.1380952380952381,0.15849706530570984,0.20305584880227134,Positive
SAMHI,Samhi Hotels Limited,Appointment,"Samhi Hotels Limited has informed the Exchange regarding Appointment of Ms WCC LLP as Other of the company w.e.f. August 04, 2025.",03-Jul-2025 18:59:32,https://nsearchives.nseindia.com/corporate/Samhi_03072025185017_Outcome.pdf,0.9246,-0.021756094782410598,0.04152040183544159,0.06281570043541163,Neutral
AWFIS,Awfis Space Solutions Limited,Disclosure under SEBI Takeover Regulations," Amit Ramani has Submitted to the Exchange a copy of Disclosure under Regulation 31(4) of the Securities and Exchange Board of India (Substantial Acquisition of Shares and Takeovers) Regulations, 2011.",03-Jul-2025 18:59:11,https://nsearchives.nseindia.com/corporate/team_bbodade_05052025161745_AWFIS.pdf,0.9001,0.01618641774891775,-0.012812919914722443,0.1250694247792939,Neutral
VIJIFIN,Viji Finance Limited,"Certificate under SEBI (Depositories and Participants) Regulations, 2018","Viji Finance Limited has informed the Exchange about Certificate under SEBI (Depositories and Participants) Regulations, 2018",03-Jul-2025 18:59:05,https://nsearchives.nseindia.com/corporate/VIJIFIN_03072025185813_Covering_certificate.pdf,0.6369,-0.05509259259259258,-0.059458717703819275,0.16664137155325323,Neutral
MRPL,Mangalore Refinery and Petrochemicals Limited,Disclosure under SEBI Takeover Regulations,"Hindustan Petroleum Corporation Limited has Submitted to the Exchange a copy of Disclosure under Regulation 31(4) of the Securities and Exchange Board of India (Substantial Acquisition of Shares and Takeovers) Regulations, 2011.",03-Jul-2025 18:58:13,https://nsearchives.nseindia.com/corporate/vipulr_03072025185651_05052025160414_HINDPETRO1.pdf,0.9412,0.026190476190476195,0.06927135586738586,0.15786124497879117,Neutral
GOCOLORS,Go Fashion (India) Limited,Disclosure under SEBI Takeover Regulations," Rahul Saraogi  has Submitted to the Exchange a copy of Disclosure under Regulation 31(4) of the Securities and Exchange Board of India (Substantial Acquisition of Shares and Takeovers) Regulations, 2011.",03-Jul-2025 18:58:02,https://nsearchives.nseindia.com/corporate/team_bbodade_05052025161138_GOCOLORS.pdf,0.5267,0.0,-0.019786007702350616,0.026860945555567728,Neutral
DALBHARAT,Dalmia Bharat Limited,General Updates,"Dalmia Bharat Limited has informed the Exchange about General Updates. Intimation of receipt of request for re-classification from  Promoter and Promoter Group  category to  Public  category shareholder in accordance with Regulation 31A of the SEBI (Listing Obligations and Disclosure Requirements) Regulations, 2015",03-Jul-2025 18:54:17,https://nsearchives.nseindia.com/corporate/DALBHARAT_03072025184454_DBL_SEIntimation_Reclassification_03072025.pdf,-0.6705,-0.007101409229068792,0.0202227421104908,0.46397105331320143,Negative
PCJEWELLER,PC Jeweller Limited,Updates,"PC Jeweller Limited has informed the Exchange regarding 'Business update for quarter ended June 30, 2025'.",03-Jul-2025 18:57:09,https://nsearchives.nseindia.com/corporate/PCJEWELLER_03072025185631_BusinessUpdate.pdf,0.9913,0.1358294930875576,0.8891207575798035,0.6972710376616178,Positive
INDIGO,InterGlobe Aviation Limited,Change in Director(s),InterGlobe Aviation Limited has informed the Exchange regarding Change in Director(s) of the company.,03-Jul-2025 18:50:54,https://nsearchives.nseindia.com/corporate/Indigo1_03072025185033_Disclosure-020725.pdf,0.9061,0.07257726769354676,0.0015893131494522095,0.058557086214012455,Neutral
ASIANHOTNR,Asian Hotels (North) Limited,"Certificate under SEBI (Depositories and Participants) Regulations, 2018","Asian Hotels (North) Limited has informed the Exchange about Certificate under SEBI (Depositories and Participants) Regulations, 2018 for the quarter ended 30.06.2025",03-Jul-2025 18:50:17,https://nsearchives.nseindia.com/corporate/ASIANHOTNR_03072025184928_LettertoSECertificateunderRegulation74.pdf,0.9702,0.04034336875245967,0.13126765191555023,0.016536875924734296,Neutral
GODREJAGRO,Godrej Agrovet Limited,Record Date,Godrej Agrovet Limited has informed the Exchange that revised Record date for the purpose of payment of Final Dividend for the Financial Year 2024-25  is 31-Jul-2025.,03-Jul-2025 18:49:53,https://nsearchives.nseindia.com/corporate/GODREJAGRO_03072025184315_BSENSERECORDEATE31072025.pdf,0.886,0.037946428571428575,0.16176337003707886,0.1695316302606038,Neutral
BHAGYANGR,Bhagyanagar India Limited,Shareholders meeting,Bhagyanagar India Limited has submitted the Exchange a copy of Srutinizers report of  Postal Ballot along with a copy of minutes.,03-Jul-2025 18:57:10,https://nsearchives.nseindia.com/corporate/BHAGYANGR_03072025185628_RESULTSBIL03072025sd.pdf,0.9786,0.09557823129251701,-0.020737342536449432,0.04140282857963423,Neutral
OBCL,Orissa Bengal Carrier Limited,Disclosure under SEBI Takeover Regulations,"Orissa Bengal Carrier Limited has submitted to the Exchange a copy of Disclosures under Regulation 10(6)-Report to stock Exchange in respect of any acquisition made in reliance upon exemption provided for in regulation 10 of SEBI (SAST) Regulations, 2011.",03-Jul-2025 18:49:19,https://nsearchives.nseindia.com/corporate/team_bbodade_03072025184542_OBCL.pdf,0.9862,0.00038095238095238405,0.013939771801233292,0.15011458453543136,Neutral
APLLTD,Alembic Pharmaceuticals Limited,Update-Acquisition/Scheme/Sale/Disposal-XBRL,Alembic Pharmaceuticals Limited has informed the Exchange regarding Update-Acquisition/Scheme/Sale/Disposal-XBRL,03-Jul-2025 18:47:23,https://nsearchives.nseindia.com/corporate/xbrl/REG30_Restructuring_1476981_03072025064718_WEB.xml,-0.2263,-0.07142857142857142,0.0046869851648807526,0.16967110448245487,Neutral
HINDPETRO,Hindustan Petroleum Corporation Limited,Disclosure under SEBI Takeover Regulations,"Hindustan Petroleum Corporation Limited has Submitted to the Exchange a copy of Disclosure under Regulation 31(4) of the Securities and Exchange Board of India (Substantial Acquisition of Shares and Takeovers) Regulations, 2011.",03-Jul-2025 18:48:46,https://nsearchives.nseindia.com/corporate/team_bbodade_05052025160230_HINDPETRO.pdf,0.9682,0.02321428571428572,-0.022826924920082092,0.14098811074750764,Neutral
BCONCEPTS,Brand Concepts Limited,Disclosure under SEBI Takeover Regulations," Pradeep Maheshwari has Submitted to the Exchange a copy of Disclosure under Regulation 31(4) of the Securities and Exchange Board of India (Substantial Acquisition of Shares and Takeovers) Regulations, 2011.",03-Jul-2025 18:48:01,https://nsearchives.nseindia.com/corporate/team_bbodade_05052025155835_Brand.pdf,0.5267,0.0,-0.015477092936635017,0.027885263203829558,Neutral
DISHTV,Dish TV India Limited,General Updates,Dish TV India Limited has informed the Exchange about Board Comments On Fine Levied By The Exchange,03-Jul-2025 18:47:03,https://nsearchives.nseindia.com/corporate/DISHTV1_03072025184629_SEIntimationCommentsBoD03072025.pdf,0.9765,0.051360544217687085,-0.20740285515785217,0.03550448299386871,Neutral
INDIAGLYCO,India Glycols Limited,"Certificate under SEBI (Depositories and Participants) Regulations, 2018","India Glycols Limited has informed the Exchange about Certificate under SEBI (Depositories and Participants) Regulations, 2018",03-Jul-2025 18:44:45,https://nsearchives.nseindia.com/corporate/INDIAGLYCO_03072025184429_IGLCERTIFICATE.pdf,0.9432,-0.005387205387205385,0.004624404013156891,0.06411731676062948,Neutral
SAMHI,Samhi Hotels Limited,Outcome of Board Meeting,"Samhi Hotels Limited has informed the Exchange regarding  Board meeting held on July 03, 2025., in which they approved: (i) to hold the 15th AGM of the Company on Monday, 04th day of August 2025 for the financial year 2024-25; (ii) the appointment of M/s. Walker Chandiok & Co. LLP, Chartered Accountants (Firm Registration No.: 001076N/ N500013) as Statutory Auditors of the Company for 05 (five) consecutive years, subject to the approval by Shareholders at the ensuing AGM; and (iii) to appoint M/s. T. Sharad & Associates, Company Secretaries (Firm Registration No.: UCN S2004DE845800 & Peer Review Certificate No. 1746/2022) as Secretarial Auditors of the Company for 05 (five) consecutive years, subject to the approval by Shareholders at the ensuing AGM. The necessary details as per regulation 30 of the SEBI LODR Regulations are enclosed as annexures for your records.",03-Jul-2025 18:46:46,https://nsearchives.nseindia.com/corporate/Samhi_03072025184512_Outcome.pdf,0.9648,-0.049660566706021286,-0.0018795281648635864,0.06919947410594615,Neutral
GEOJITFSL,Geojit Financial Services Limited,Shareholders meeting,"Geojit Financial Services Limited has informed the Exchange regarding Notice of Annual General Meeting to be held on July 25, 2025",03-Jul-2025 18:48:01,https://nsearchives.nseindia.com/corporate/MEGHAGEOJIT_03072025184741_IntimationofAGM.pdf,-0.0516,-0.01071428571428571,0.1138739213347435,0.28657092570023873,Negative
RITCO,Ritco Logistics Limited,Disclosure under SEBI Takeover Regulations," Shyam Sunder Elwadhi has Submitted to the Exchange a copy of Disclosure under Regulation 31(4) of the Securities and Exchange Board of India (Substantial Acquisition of Shares and Takeovers) Regulations, 2011.",03-Jul-2025 18:44:28,https://nsearchives.nseindia.com/corporate/team_bbodade_05052025155030_Ritco.pdf,0.5267,0.0,-0.022262360900640488,0.026230985368788262,Neutral
GEOJITFSL,Geojit Financial Services Limited,Notice Of Shareholders Meetings-XBRL,Geojit Financial Services Limited has informed the Exchange about Notice of Shareholders Meeting for Annual General Meeting to be held on 25-Jul-2025,03-Jul-2025 18:42:41,https://nsearchives.nseindia.com/corporate/xbrl/NOTICE_OF_SHAREHOLDERS_MEETINGS_1476978_03072025064240_WEB.xml,-0.2263,-0.007142857142857136,0.004619106650352478,0.35684849078229497,Negative
EQUIPPP,Equippp Social Impact Technologies Limited,Disclosure under SEBI Takeover Regulations,"Equippp Social Impact Technologies Limited has Submitted to the Exchange a copy of Disclosure under Regulation 31(4) of the Securities and Exchange Board of India (Substantial Acquisition of Shares and Takeovers) Regulations, 2011.",03-Jul-2025 18:43:59,https://nsearchives.nseindia.com/corporate/team_bbodade_05052025153745_EQUIPPP.pdf,0.891,-0.0004926108374384197,0.03463846445083618,0.1313155285307927,Neutral
SUBROS,Subros Limited,Disclosure under SEBI Takeover Regulations," Shradha Suri has Submitted to the Exchange a copy of Disclosure under Regulation 31(4) of the Securities and Exchange Board of India (Substantial Acquisition of Shares and Takeovers) Regulations, 2011.",03-Jul-2025 18:42:56,https://nsearchives.nseindia.com/corporate/team_bbodade_05052025153539_SUBROS.pdf,0.5267,0.0,-0.018568996340036392,0.027098232577741133,Neutral
SCPL,Sheetal Cool Products Limited,Disclosure under SEBI Takeover Regulations," Sanjaybhai Bhuva,Bhupatbhai Bhuva,Dineshbhai Bhuva,Asmitaben Bhuva,Kajalben Bhuva,Nayanben Bhuva has Submitted to the Exchange a copy of Disclosure under Regulation 31(4) of the Securities and Exchange Board of India (Substantial Acquisition of Shares and Takeovers) Regulations, 2011.",03-Jul-2025 18:42:01,https://nsearchives.nseindia.com/corporate/team_bbodade_05052025153223_SCPL.pdf,0.9565,0.08214285714285714,-0.026801321655511856,0.14885978560468982,Neutral
SIRCA,Sirca Paints India Limited,Disclosure under SEBI Takeover Regulations,"Sirca Paints India Limited has Submitted to the Exchange a copy of Disclosure under Regulation 31(4) of the Securities and Exchange Board of India (Substantial Acquisition of Shares and Takeovers) Regulations, 2011.",03-Jul-2025 18:42:37,https://nsearchives.nseindia.com/corporate/team_bbodade_05052025153407_SIRCA.pdf,0.9313,-0.012321428571428568,0.09550956636667252,0.15424738632057394,Neutral
UNIECOM,Unicommerce Esolutions Limited,Disclosure under SEBI Takeover Regulations,"Unicommerce Esolutions Limited has Submitted to the Exchange a copy of Disclosure under Regulation 31(4) of the Securities and Exchange Board of India (Substantial Acquisition of Shares and Takeovers) Regulations, 2011.",03-Jul-2025 18:41:27,https://nsearchives.nseindia.com/corporate/team_bbodade_05052025152717_UNIECOM.zip,0.3612,-0.07142857142857142,-0.025489674881100655,0.030252597021950156,Neutral
SSDL,Saraswati Saree Depot Limited,Disclosure under SEBI Takeover Regulations," Shankar Laxmandas Dulhani has Submitted to the Exchange a copy of Disclosure under Regulation 31(4) of the Securities and Exchange Board of India (Substantial Acquisition of Shares and Takeovers) Regulations, 2011.",03-Jul-2025 18:40:04,https://nsearchives.nseindia.com/corporate/team_bbodade_05052025152412_SSDL1.pdf,0.5267,0.0,-0.023210057988762856,0.02599373923167586,Neutral
SSDL,Saraswati Saree Depot Limited,Disclosure under SEBI Takeover Regulations," Mahesh Sajandas Dulhani has Submitted to the Exchange a copy of Disclosure under Regulation 31(4) of the Securities and Exchange Board of India (Substantial Acquisition of Shares and Takeovers) Regulations, 2011.",03-Jul-2025 18:39:42,https://nsearchives.nseindia.com/corporate/team_bbodade_05052025152207_SSDL.pdf,0.5267,0.0,-0.015710048377513885,0.027857780340313942,Neutral
HCL-INSYS,HCL Infosystems Limited,Disclosure under SEBI Takeover Regulations,"Roshni Nadar Malhotra has Submitted to the Exchange a copy of Disclosure under Regulation 31(4) of the Securities and Exchange Board of India (Substantial Acquisition of Shares and Takeovers) Regulations, 2011.",03-Jul-2025 18:39:19,https://nsearchives.nseindia.com/corporate/team_bbodade_05052025152013_HCLINSYS.pdf,0.5267,0.0,-0.01607208326458931,0.027805680851638315,Neutral
METROBRAND,Metro Brands Limited,Disclosure under SEBI Takeover Regulations," Alisha Rafique Malik has Submitted to the Exchange a copy of Disclosure under Regulation 31(4) of the Securities and Exchange Board of India (Substantial Acquisition of Shares and Takeovers) Regulations, 2011.",03-Jul-2025 18:39:02,https://nsearchives.nseindia.com/corporate/team_bbodade_05052025151741_METROBRAND1.pdf,0.9468,0.054017857142857145,0.010491572320461273,0.15013270511499477,Neutral
METROBRAND,Metro Brands Limited,Disclosure under SEBI Takeover Regulations," Alisha Rafique Malik has Submitted to the Exchange a copy of Disclosure under Regulation 31(4) of the Securities and Exchange Board of India (Substantial Acquisition of Shares and Takeovers) Regulations, 2011.",03-Jul-2025 18:36:29,https://nsearchives.nseindia.com/corporate/team_bbodade_05052025151334_METROBRAND.pdf,0.9468,0.054017857142857145,0.010491572320461273,0.15013270511499477,Neutral
PRIMESECU,Prime Securities Limited,Shareholders meeting,"Prime Securities Limited has informed the Exchange regarding Proceedings of Annual General Meeting held on July 03, 2025",03-Jul-2025 18:36:10,https://nsearchives.nseindia.com/corporate/PRIMESECU_03072025183512_Letter.pdf,0.9719,0.00528756957328387,0.10436956584453583,0.029870230885195637,Neutral
MPSLTD,MPS Limited,Disclosure under SEBI Takeover Regulations,"MPS Limited has Submitted to the Exchange a copy of Disclosure under Regulation 31(4) of the Securities and Exchange Board of India (Substantial Acquisition of Shares and Takeovers) Regulations, 2011.",03-Jul-2025 18:35:15,https://nsearchives.nseindia.com/corporate/team_bbodade_05052025150824_MPSLTD.pdf,0.9349,-0.009359605911330043,0.051989760249853134,0.1448589052537172,Neutral
MEDPLUS,Medplus Health Services Limited,General Updates,"Update under Regulation 30 read with Para A Part A of Schedule III of SEBI (Listing Obligations andDisclosure Requirements) Regulations, 2015",03-Jul-2025 18:34:33,https://nsearchives.nseindia.com/corporate/MEDPLUS_03072025183410_Intimation.pdf,-0.8779,0.008534322820037113,-0.1787833720445633,0.5623639856950582,Negative
SIMPLEXINF,Simplex Infrastructures Limited,General Updates,Simplex Infrastructures Limited has informed the Exchange about General Updates,03-Jul-2025 18:34:08,https://nsearchives.nseindia.com/corporate/SIMPLEXINF_03072025183334_intimationforltradingapprovallodr.pdf,0.9799,0.019611026228673296,0.33384546637535095,0.23236354286694672,Positive
HCLTECH,HCL Technologies Limited,Disclosure under SEBI Takeover Regulations,"Roshni Nadar Malhotra has Submitted to the Exchange a copy of Disclosure under Regulation 31(4) of the Securities and Exchange Board of India (Substantial Acquisition of Shares and Takeovers) Regulations, 2011.",03-Jul-2025 18:34:29,https://nsearchives.nseindia.com/corporate/team_bbodade_05052025150650_HCLTECH.pdf,0.5267,0.0,-0.01607208326458931,0.027805680851638315,Neutral
CPCAP,CP Capital Limited,Disclosure under SEBI Takeover Regulations,"CP Capital Limited has Submitted to the Exchange a copy of Disclosure under Regulation 31(4) of the Securities and Exchange Board of India (Substantial Acquisition of Shares and Takeovers) Regulations, 2011.",03-Jul-2025 18:32:18,https://nsearchives.nseindia.com/corporate/team_bbodade_05052025145815_CP3.zip,0.3612,-0.07142857142857142,-0.01576954312622547,0.027753935295236953,Neutral
INDOAMIN,Indo Amines Limited,Disclosure under SEBI Takeover Regulations,"Sanjay Chougule has Submitted to the Exchange a copy of Disclosure under Regulation 31(4) of the Securities and Exchange Board of India (Substantial Acquisition of Shares and Takeovers) Regulations, 2011.",03-Jul-2025 18:33:43,https://nsearchives.nseindia.com/corporate/team_bbodade_05052025150156_INDOAMIN.pdf,0.7717,0.009740259740259742,0.050033509731292725,0.10744224399993949,Neutral
THANGAMAYL,Thangamayil Jewellery Limited,Shareholders meeting,"Thangamayil Jewellery Limited has informed the Exchange regarding Notice of Annual General Meeting to be held on July 28, 2025",03-Jul-2025 18:38:46,https://nsearchives.nseindia.com/corporate/THANGAMAYL_03072025183826_noticefor25thagm.pdf,0.9881,0.05561224489795918,0.020454805344343185,0.1632633497270699,Neutral
CHEMCON,Chemcon Speciality Chemicals Limited,Disclosure under SEBI Takeover Regulations,"Chemcon Speciality Chemicals Limited has Submitted to the Exchange a copy of Disclosure under Regulation 31(4) of the Securities and Exchange Board of India (Substantial Acquisition of Shares and Takeovers) Regulations, 2011.",03-Jul-2025 18:33:08,https://nsearchives.nseindia.com/corporate/team_bbodade_05052025150004_CHEMCON.pdf,0.9022,0.026298701298701297,-0.02051457017660141,0.12570496937582248,Neutral
ULTRACEMCO,UltraTech Cement Limited,Analysts/Institutional Investor Meet/Con. Call Updates,UltraTech Cement Limited has informed the Exchange about Schedule of meet,03-Jul-2025 18:30:50,https://nsearchives.nseindia.com/corporate/ULTRACEMCO_03072025182653_UTCLEarningCall21072025.pdf,0.7783,0.04369747899159665,0.12968602776527405,0.06425664800766134,Neutral
CPCAP,CP Capital Limited,Disclosure under SEBI Takeover Regulations,"CP Capital Limited has Submitted to the Exchange a copy of Disclosure under Regulation 31(4) of the Securities and Exchange Board of India (Substantial Acquisition of Shares and Takeovers) Regulations, 2011.",03-Jul-2025 18:30:20,https://nsearchives.nseindia.com/corporate/team_bbodade_05052025145226_CPCAP3.zip,0.3612,-0.07142857142857142,-0.01576954312622547,0.027753935295236953,Neutral
CREDITACC,CREDITACCESS GRAMEEN LIMITED,Alteration Of Capital and Fund Raising-XBRL,CreditAccess Grameen Limited has informed the Exchange regarding Allotment of Securities,03-Jul-2025 18:29:34,https://nsearchives.nseindia.com/corporate/xbrl/ALTERATION_OF_CAPITAL_AND_FUND_RAISING_1476971_03072025062934_WEB.xml,0.0772,-0.07142857142857142,-0.009085379540920258,0.29651728804324357,Negative
CREDITACC,CREDITACCESS GRAMEEN LIMITED,ESOP/ESOS/ESPS,CREDITACCESS GRAMEEN LIMITED has informed the Exchange regarding Allotment of 3750  Shares.,03-Jul-2025 18:28:58,https://nsearchives.nseindia.com/corporate/CREDITACC_03072025182846_03072025_SE_ESOPAllotment.pdf,0.8994,-0.2357142857142857,0.08419986069202423,0.10123600763337953,Neutral
SURANASOL,Surana Solar Limited,Sale or disposal-XBRL,SURANA SOLAR LIMITED has informed the Exchange regarding Sale or disposal of unit(s)/division(s)/subsidiary,03-Jul-2025 18:28:54,https://nsearchives.nseindia.com/corporate/xbrl/REG30_Restructuring_1476969_03072025062853_WEB.xml,-0.3885,-0.07142857142857142,-0.08046536892652512,0.4312251649520227,Negative
OMAXE,Omaxe Limited,Notice Of Shareholders Meetings-XBRL,OMAXE LIMITED has informed the Exchange about Notice of Shareholders Meeting for Postal Ballot,03-Jul-2025 18:27:27,https://nsearchives.nseindia.com/corporate/xbrl/NOTICE_OF_SHAREHOLDERS_MEETINGS_1476968_03072025062726_WEB.xml,-0.3885,-0.07142857142857142,-0.01610396057367325,0.41543623951290337,Negative
MAHLIFE,Mahindra Lifespace Developers Limited,Copy of Newspaper Publication,Mahindra Lifespace Developers Limited has informed the Exchange about Copy of Newspaper Publication with respect to 26th Annual General Meeting.,03-Jul-2025 18:27:22,https://nsearchives.nseindia.com/corporate/MAHLIFE1_03072025182617_SEintimationpostdispatch_sgd.pdf,0.296,-0.010714285714285704,0.017313526943325996,0.22381168590965017,Negative
MCLOUD,Magellanic Cloud Limited,Disclosure under SEBI Takeover Regulations,"Joseph Sudheer Reddy Thumma has Submitted to the Exchange a copy of Disclosure under Regulation 31(4) of the Securities and Exchange Board of India (Substantial Acquisition of Shares and Takeovers) Regulations, 2011.",03-Jul-2025 18:27:08,https://nsearchives.nseindia.com/corporate/team_sandeshc_05052025135804_21.pdf,0.5267,0.0,-0.030257802456617355,0.024244981701672108,Neutral
DISHTV,Dish TV India Limited,Change in Directors/ Key Managerial Personnel/ Auditor/ Compliance Officer/ Share Transfer Agent,DISH TV INDIA LIMITED has informed the Exchange about Change in Directors/ Key Managerial Personnel/ Auditor/ Compliance Officer/ Share Transfer Agent,03-Jul-2025 18:26:55,https://nsearchives.nseindia.com/corporate/xbrl/CIM_58994_1476966_03072025062654_WEB.xml,0.1943,-0.023809523809523808,-0.05155589431524277,0.269015761095995,Negative
SURANASOL,Surana Solar Limited,General Updates,Surana Solar Limited has informed the Exchange about General Updates,03-Jul-2025 18:26:39,https://nsearchives.nseindia.com/corporate/SURANASOL_03072025182616_SSLLODR30RESTRUCTURINGsd.pdf,0.975,0.010267857142857145,-0.048302266746759415,0.06625223631837537,Neutral
LUXIND,Lux Industries Limited,Disclosure under SEBI Takeover Regulations,"Ashok Kumar Todi has Submitted to the Exchange a copy of Disclosure under Regulation 31(4) of the Securities and Exchange Board of India (Substantial Acquisition of Shares and Takeovers) Regulations, 2011.",03-Jul-2025 18:26:28,https://nsearchives.nseindia.com/corporate/team_sandeshc_05052025135654_20.pdf,0.5267,0.0,-0.016907311975955963,0.027574271592497812,Neutral
OMAXE,Omaxe Limited,Shareholders meeting,Omaxe Limited has informed the Exchange regarding Notice of Postal Ballot,03-Jul-2025 18:25:20,https://nsearchives.nseindia.com/corporate/OMAXE_03072025182455_Intimation_Postal_Ballot_Notice_sd.pdf,0.9638,0.05057106014552822,-0.011523153632879257,0.05181410874682041,Neutral
LLOYDSME,Lloyds Metals And Energy Limited,Update-Acquisition/Scheme/Sale/Disposal-XBRL,Lloyds Metals and Energy Limited has informed the Exchange regarding Update-Acquisition/Scheme/Sale/Disposal-XBRL,03-Jul-2025 18:25:10,https://nsearchives.nseindia.com/corporate/xbrl/REG30_Restructuring_1476962_03072025062510_WEB.xml,0.0516,-0.07142857142857142,-0.0038799867033958435,0.10233881304476938,Neutral
ROML,Raj Oil Mills Limited,Disclosure under SEBI Takeover Regulations,"Raj Oil Mills Limited has Submitted to the Exchange a copy of Disclosure under Regulation 31(4) of the Securities and Exchange Board of India (Substantial Acquisition of Shares and Takeovers) Regulations, 2011.",03-Jul-2025 18:25:52,https://nsearchives.nseindia.com/corporate/team_sandeshc_05052025135427_19.pdf,0.9828,0.0019102990033222666,0.041392937302589417,0.15643453201655533,Neutral
PGEL,PG Electroplast Limited,Disclosure under SEBI Takeover Regulations,"Vishal Gupta has Submitted to the Exchange a copy of Disclosure under Regulation 31(4) of the Securities and Exchange Board of India (Substantial Acquisition of Shares and Takeovers) Regulations, 2011.",03-Jul-2025 18:24:48,https://nsearchives.nseindia.com/corporate/team_sandeshc_05052025134117_17.pdf,0.5267,0.0,-0.013075454160571098,0.02854850811436771,Neutral
SILINV,SIL Investments Limited,Notice Of Shareholders Meetings-XBRL,SIL INVESTMENTS LIMITED has informed the Exchange about Notice of Shareholders Meeting for Annual General Meeting to be held on 29-Jul-2025,03-Jul-2025 18:24:27,https://nsearchives.nseindia.com/corporate/xbrl/NOTICE_OF_SHAREHOLDERS_MEETINGS_1476959_03072025062414_WEB.xml,-0.3885,-0.010714285714285704,0.00600738450884819,0.3977656533877764,Negative
JKCEMENT,JK Cement Limited,Updates,JK Cement Limited has informed the Exchange regarding 'Intimation of tax deduction on dividend-sent to shareholders'.,03-Jul-2025 18:24:38,https://nsearchives.nseindia.com/corporate/JKCEMENT_03072025182400_tax_intimation.pdf,0.991,0.05591630591630592,-0.018920093774795532,0.15420468613243038,Neutral
GPIL,Godawari Power And Ispat limited,Agreements,Godawari Power And Ispat limited has informed the Exchange about Execution of Facility Agreement for grant of additional Inter Corporate Loan of Rs. 30 Crore to Deccan Gold Mines Limited (DGML).,03-Jul-2025 18:23:53,https://nsearchives.nseindia.com/corporate/GPIL_03072025182257_GPILNSEBSEDGML03072025.pdf,0.9962,0.031959706959706964,-0.028067808598279953,0.05156581972140423,Neutral
PNB,Punjab National Bank,Disclosure under SEBI Takeover Regulations,"Punjab National Bank has Submitted to the Exchange a copy of Disclosure under Regulation 31(4) of the Securities and Exchange Board of India (Substantial Acquisition of Shares and Takeovers) Regulations, 2011.",03-Jul-2025 18:23:10,https://nsearchives.nseindia.com/corporate/team_sandeshc_05052025134001_16.pdf,0.959,0.03409090909090909,-0.03475012630224228,0.13789484806900676,Neutral
BALMLAWRIE,Balmer Lawrie & Company Limited,Updates,"Further to our disclosure dated 15th May, 2025, wherein, the Company had inter-alia, disclosed the Statutory Auditor Report of even date with respect to the Standalone Financial Statements of the Company for the period ended on 31st March, 2025 and pursuant to the applicable provisions of Regulation 30 and Regulation 33 of the Listing Regulations, this is to hereby inform that the said Statutory Auditor Report on the Standalone Financial Statements of the Company for the period ended on 31st March, 2025 has been revised by the Statutory Auditor pursuant to the observation received from the Comptroller and Auditor General of India thereby modifying their observation in Paragraph (i) (c) of Annexure-B to the said Report. The revised Audit Report supersedes the earlier Audit Report dated 15th May, 2025.The revised Statutory Auditor Report on the Standalone Financial Statements of the Company dated 3rd July, 2025 for the period ended on 31st March, 2025 is enclosed herewith.",03-Jul-2025 18:23:35,https://nsearchives.nseindia.com/corporate/BALMLAWRIE_03072025182325_SErevisedauditorsreport.pdf,0.9723,0.017169312169312174,-0.03773537650704384,0.06290334520684504,Neutral
CUMMINSIND,Cummins India Limited,Copy of Newspaper Publication,"Cummins India Limited has informed the Exchange about Copy of Newspaper Publication dated July 03, 2025 regarding intimation of deduction of tax at source on Final Dividend for FY 2024-25",03-Jul-2025 18:22:39,https://nsearchives.nseindia.com/corporate/CUMMINSIND_03072025182210_SIGNEDFinalCombinedSEIntimationTDSJuly032025.pdf,-0.2263,-0.03571428571428571,0.006870994344353676,0.16199647863390187,Neutral
PNBHOUSING,PNB Housing Finance Limited,Disclosure under SEBI Takeover Regulations,"Punjab National Bank has Submitted to the Exchange a copy of Disclosure under Regulation 31(4) of the Securities and Exchange Board of India (Substantial Acquisition of Shares and Takeovers) Regulations, 2011.",03-Jul-2025 18:22:26,https://nsearchives.nseindia.com/corporate/team_sandeshc_05052025133707_15.pdf,0.936,0.02748917748917749,-0.08682797849178314,0.11780795336840474,Neutral
SONACOMS,Sona BLW Precision Forgings Limited,Updates,Sona Blw Precision Forgings Limited has informed the Exchange regarding 'Intimation for letter send to shareholders for Annual Report weblink'.,03-Jul-2025 18:22:22,https://nsearchives.nseindia.com/corporate/SONACOMS_03072025182159_intimation.pdf,0.8957,0.08219047619047619,0.2518326938152313,0.0033280457400140517,Neutral
PNBGILTS,PNB Gilts Limited,Disclosure under SEBI Takeover Regulations,"Punjab National Bank has Submitted to the Exchange a copy of Disclosure under Regulation 31(4) of the Securities and Exchange Board of India (Substantial Acquisition of Shares and Takeovers) Regulations, 2011.",03-Jul-2025 18:21:20,https://nsearchives.nseindia.com/corporate/team_sandeshc_05052025133554_14.pdf,0.91,0.033549783549783545,-0.0816994309425354,0.11379899281702002,Neutral
PKTEA,The Peria Karamalai Tea & Produce Company Limited,Disclosure under SEBI Takeover Regulations,"Lakshmi Niwas Bangur has Submitted to the Exchange a copy of Disclosure under Regulation 31(4) of the Securities and Exchange Board of India (Substantial Acquisition of Shares and Takeovers) Regulations, 2011.",03-Jul-2025 18:20:09,https://nsearchives.nseindia.com/corporate/team_sandeshc_05052025133320_11.pdf,0.5267,0.0,-0.03127245604991913,0.02400912817120554,Neutral
DIFFNKG,Diffusion Engineers Limited,Updates,Diffusion Engineers Limited has informed the Exchange regarding ''Pre- Intimation about organizing  Plant Visit for  Investors and Analysts on 8th July 2025'.'.,03-Jul-2025 18:19:31,https://nsearchives.nseindia.com/corporate/DIFFUSION_03072025181711_03072025DiffusionPreIntimationNoticeofPlantVisit.pdf,0.5965,0.15952380952380954,0.02155712991952896,0.1135723904279016,Neutral
POLYCAB,Polycab India Limited,Analysts/Institutional Investor Meet/Con. Call Updates,Polycab India Limited has informed the Exchange about Schedule of meet,03-Jul-2025 18:19:05,https://nsearchives.nseindia.com/corporate/POLYCAB_03072025181843_Intimation_of_Earnings_Call.pdf,0.765,0.0599206349206349,0.010648481547832489,0.09410158898030954,Neutral
OMAXE,Omaxe Limited,Disclosure under SEBI Takeover Regulations,"Jai Bhagwan Goel has Submitted to the Exchange a copy of Disclosure under Regulation 31(4) of the Securities and Exchange Board of India (Substantial Acquisition of Shares and Takeovers) Regulations, 2011.",03-Jul-2025 18:19:03,https://nsearchives.nseindia.com/corporate/vipulr_03072025181739_05052025120041_JBGoel.pdf,0.984,0.04604761904761905,-0.028318852186203003,0.148134352636905,Neutral
ELECON,Elecon Engineering Company Limited,Credit Rating- New,Elecon Engineering Company Limited has informed the Exchange about Credit Rating- New,03-Jul-2025 18:19:03,https://nsearchives.nseindia.com/corporate/ELECON_03072025181648_Creditrating03072025.pdf,0.9729,0.09774494213269723,-0.0010714977979660034,0.037484748630908005,Neutral
DREDGECORP,Dredging Corporation of India Limited,Change in Directors/ Key Managerial Personnel/ Auditor/ Compliance Officer/ Share Transfer Agent,DREDGING CORPORATION OF INDIA LIMITED has informed the Exchange about Change in Directors/ Key Managerial Personnel/ Auditor/ Compliance Officer/ Share Transfer Agent,03-Jul-2025 18:16:48,https://nsearchives.nseindia.com/corporate/xbrl/CIM_58991_1476947_03072025061647_WEB.xml,0.1943,-0.023809523809523808,-0.05592938885092735,0.27012279611449863,Negative
OMAXE,Omaxe Limited,Disclosure under SEBI Takeover Regulations,"Rekha Goel has Submitted to the Exchange a copy of Disclosure under Regulation 31(4) of the Securities and Exchange Board of India (Substantial Acquisition of Shares and Takeovers) Regulations, 2011.",03-Jul-2025 18:16:39,https://nsearchives.nseindia.com/corporate/vipulr_03072025181633_05052025115744_RekhaGoelDisclosure.pdf,0.9796,0.050529100529100535,-0.04442388564348221,0.1439059462501101,Neutral
M&M,Mahindra & Mahindra Limited,Acquisition,"Intimation by Mahindra Holidays & Resorts India Limited, a listed subsidiary of the Company, under Regulation 30 of the Securities and Exchange Board of India (Listing Obligations and Disclosure Requirements) Regulations, 2015",03-Jul-2025 18:15:42,https://nsearchives.nseindia.com/corporate/Shree_03072025181352_MMMHRILsignedfinal.pdf,0.9851,0.030124223602484478,-0.0293288491666317,0.14496874107523178,Neutral
GHCLTEXTIL,GHCL Textiles Limited,Disclosure under SEBI Takeover Regulations," Sanjay Trading & Investment Co Pvt Ltd, has Submitted to the Exchange a copy of Disclosure under Regulation 31(4) of the Securities and Exchange Board of India (Substantial Acquisition of Shares and Takeovers) Regulations, 2011.",03-Jul-2025 18:15:22,https://nsearchives.nseindia.com/corporate/team_bbodade_08052025151428_GHCLTEXTIL.pdf,0.5267,0.0,-0.013784024864435196,0.028405661951005468,Neutral
DREDGECORP,Dredging Corporation of India Limited,Appointment,"Dredging Corporation of India Limited has informed the Exchange regarding Appointment of Mr Shri Vinod Kumar Pipersenia & Shri Sanjay Pant as Non- Executive Independent Director of the company w.e.f. July 03, 2025.",03-Jul-2025 18:15:08,https://nsearchives.nseindia.com/corporate/DREDGECORP_03072025181427_20250703181027.pdf,0.9769,0.0625915750915751,0.009542468935251236,0.040849592194359574,Neutral
NAVKARURB,Navkar Urbanstructure Limited,Disclosure under SEBI Takeover Regulations," Navkar Fiscal Services Pvt Ltd. has Submitted to the Exchange a copy of Disclosure under Regulation 31(4) of the Securities and Exchange Board of India (Substantial Acquisition of Shares and Takeovers) Regulations, 2011.",03-Jul-2025 18:14:56,https://nsearchives.nseindia.com/corporate/team_bbodade_08052025151023_NAVKARURB.pdf,0.9726,-0.017913832199546485,0.06425727158784866,0.15563688011229582,Neutral
CYIENT,Cyient Limited,Disclosure under SEBI Takeover Regulations,"Cyient Limited has Submitted to the Exchange a copy of Disclosure under Regulation 31(4) of the Securities and Exchange Board of India (Substantial Acquisition of Shares and Takeovers) Regulations, 2011.",03-Jul-2025 18:14:32,https://nsearchives.nseindia.com/corporate/team_bbodade_08052025150514_CYIENT.pdf,0.9761,-0.041349206349206344,-0.07360505312681198,0.11736060097099299,Neutral
FCL,Fineotex Chemical Limited,Disclosure under SEBI Takeover Regulations,"Fineotex Chemical Limited has Submitted to the Exchange a copy of Disclosure under Regulation 31(4) of the Securities and Exchange Board of India (Substantial Acquisition of Shares and Takeovers) Regulations, 2011.",03-Jul-2025 18:13:59,https://nsearchives.nseindia.com/corporate/team_bbodade_08052025150032_FCL.pdf,0.9324,-0.0011337868480725596,-0.07008764147758484,0.11535456879320061,Neutral
RSSOFTWARE,R. S. Software (India) Limited,Board Meeting Intimation,R. S. SOFTWARE (INDIA) LIMITED has informed the Exchange about Board Meeting to be held on 22-Jul-2025 to inter-alia consider and approve the Audited Financial results of the Company for the Quarterly ended June 2025 .,03-Jul-2025 18:13:46,https://nsearchives.nseindia.com/corporate/xbrl/PRIOR_INTIMATION_58988_1476943_03072025061346_WEB.xml,-0.3885,-0.03571428571428571,0.053693607449531555,0.39084050349252564,Negative
SONATSOFTW,Sonata Software Limited,Copy of Newspaper Publication,Sonata Software Limited has informed the Exchange about Copy of Newspaper Publication,03-Jul-2025 18:14:00,https://nsearchives.nseindia.com/corporate/SONATSOFTW_03072025181343_sefilingnpadvpredispatch.pdf,0.9313,0.015903540903540906,0.12098216265439987,0.03374426292594024,Neutral
KEI,KEI Industries Limited,Board Meeting Intimation,KEI INDUSTRIES LIMITED has informed the Exchange about Board Meeting to be held on 22-Jul-2025 to inter-alia consider and approve the Unaudited Financial results of the Company for the Quarterly ended June 2025 .,03-Jul-2025 18:13:17,https://nsearchives.nseindia.com/corporate/xbrl/PRIOR_INTIMATION_58987_1476941_03072025061317_WEB.xml,-0.3885,-0.03571428571428571,0.040452778339385986,0.39415203399317605,Negative
NUCLEUS,Nucleus Software Exports Limited,Shareholders meeting,"Nucleus Software Exports Limited has informed the Exchange regarding Notice of Annual General Meeting to be held on July 28, 2025",03-Jul-2025 18:17:05,https://nsearchives.nseindia.com/corporate/Nucleus_03072025181238_Nucleus_AGM_Notice.pdf,0.9971,0.09710144927536231,0.0038376525044441223,0.16965756400413273,Neutral
NIPPOBATRY,Indo-National Limited,Copy of Newspaper Publication,Indo-National Limited has informed the Exchange about Copy of Newspaper Publication for Transfer of Shares to demat account of Investor Education and Protection Fund authority,03-Jul-2025 18:13:35,https://nsearchives.nseindia.com/corporate/NIPPOBATRY_03072025181210_Advertisement_IEPF.pdf,0.959,0.02142857142857143,-0.06947460770606995,0.12666752727542605,Neutral
IDFCFIRSTB,IDFC First Bank Limited,Record Date,IDFC First Bank Limited has informed the Exchange that Record date for the purpose of Dividend  is 11-Jul-2025.,03-Jul-2025 18:13:09,https://nsearchives.nseindia.com/corporate/IDFCFIRSTB_03072025181155_BM_Outcome.pdf,0.9936,0.016106442577030814,0.004752069711685181,0.15281168416865404,Neutral
UMIYA-MRO,UMIYA BUILDCON LIMITED,"Certificate under SEBI (Depositories and Participants) Regulations, 2018","UMIYA BUILDCON LIMITED has informed the Exchange about Certificate under SEBI (Depositories and Participants) Regulations, 2018",03-Jul-2025 18:12:53,https://nsearchives.nseindia.com/corporate/MRO-TEK_03072025181213_Intimation_74_5_.pdf,0.3109,-0.057454545454545446,0.05339594930410385,0.2204123620095578,Negative
UYFINCORP,U. Y. Fincorp Limited,Price movement,"Significant movement in price has been observed in U. Y. Fincorp Limited. The Exchange, in order to ensure that investors have latest relevant information about the company and to inform the market place so that the interest of the investors is safeguarded, has written to the company. The response from the company is awaited.",03-Jul-2025 18:11:22,-,0.8,0.3008928571428572,0.12731748819351196,0.007866994057382781,Neutral
AIRAN,Airan Limited,Disclosure under SEBI Takeover Regulations,"Airan Limited has Submitted to the Exchange a copy of Disclosure under Regulation 31(4) of the Securities and Exchange Board of India (Substantial Acquisition of Shares and Takeovers) Regulations, 2011.",03-Jul-2025 18:12:44,https://nsearchives.nseindia.com/corporate/team_bbodade_08052025144502_AIRAN.pdf,0.4019,-0.05892857142857142,-0.043064847588539124,0.022071794222933927,Neutral
PIGL,Power & Instrumentation (Gujarat) Limited,Analysts/Institutional Investor Meet/Con. Call Updates,Power & Instrumentation (Gujarat) Limited has informed the Exchange about Intimation,03-Jul-2025 18:12:42,https://nsearchives.nseindia.com/corporate/PIGL_03072025181236_Intimation_of_Investor_meet.pdf,-0.1531,0.015211640211640216,-0.031185194849967957,0.34302482218688757,Negative
ADVENZYMES,Advanced Enzyme Technologies Limited,General Updates,Advanced Enzyme Technologies Limited has informed the Exchange about General Updates,03-Jul-2025 18:10:33,https://nsearchives.nseindia.com/corporate/AETL_03072025180932_Intimation.pdf,0.9403,0.11607142857142858,0.19510287046432495,0.007069169695036792,Neutral
JCHAC,Johnson Controls - Hitachi Air Conditioning India Limited,Disclosure under SEBI Takeover Regulations,"JCHAC India Holdco Limited has Submitted to the Exchange a copy of Disclosure under Regulation 31(4) of the Securities and Exchange Board of India (Substantial Acquisition of Shares and Takeovers) Regulations, 2011.",03-Jul-2025 18:10:18,https://nsearchives.nseindia.com/corporate/team_sandeshc_15042025123010_Annual.pdf,0.7184,-0.040595238095238094,-0.050720419734716415,0.058903790629264874,Neutral
CLSEL,Chaman Lal Setia Exports Limited,Outcome of Board Meeting,"Chaman Lal Setia Exports Limited has informed the Exchange regarding  outcome of Board meeting held on July 03, 2025.",03-Jul-2025 18:08:40,https://nsearchives.nseindia.com/corporate/CLSEL_03072025180819_FINALs.pdf,0.9825,0.016889880952380955,0.026497352868318558,0.04436460320261265,Neutral
BAJFINANCE,Bajaj Finance Limited,Updates,"'Bajaj Finance Limited has informed the Exchange regarding General Updates Information Under Regulation 30 of SEBI Listing Regulations, 2015, read with Schedule A of Regulation 8 of SEBI (Prohibition of Insider Trading) Regulations, 2015'.",03-Jul-2025 18:07:24,https://nsearchives.nseindia.com/corporate/BAJFINANCE_03072025180712_BFLPreResultsearningdisclsoureforQ1FY26.pdf,0.7184,-0.11297258297258296,0.04092525690793991,0.13276062744687728,Neutral
GRINFRA,G R Infraprojects Limited,"Certificate under SEBI (Depositories and Participants) Regulations, 2018","G R Infraprojects Limited has informed the Exchange about Certificate under SEBI (Depositories and Participants) Regulations, 2018",03-Jul-2025 18:07:09,https://nsearchives.nseindia.com/corporate/GRINFRA_03072025180617_DSCReg_74_5_.pdf,0.9153,0.018487394957983207,0.07937876880168915,0.04762163505569228,Neutral
CLSEL,Chaman Lal Setia Exports Limited,Outcome of Board Meeting,"Chaman Lal Setia Exports Limited has informed the Exchange regarding  Board meeting held on July 03, 2025.",03-Jul-2025 18:04:44,https://nsearchives.nseindia.com/corporate/CLSEL_03072025180415_FINALs.pdf,0.9825,0.016889880952380955,0.028165850788354874,0.043946834992439954,Neutral
LLOYDSME,Lloyds Metals And Energy Limited,General Updates,Intimation of credit of equity shares of Thriveni Earthmovers and Infra Private Limited,03-Jul-2025 18:02:15,https://nsearchives.nseindia.com/corporate/LLOYDSME_03072025180020_20250703IntimationofCreditofSharesTEIL.pdf,0.9764,0.03361344537815127,0.42123520374298096,0.2561582226945573,Positive
RHL,Robust Hotels Limited,Credit Rating,Robust Hotels Limited has informed the Exchange about Credit Rating,03-Jul-2025 18:04:44,https://nsearchives.nseindia.com/corporate/ROBUSTHOTELS_03072025180412_Intimationofcreditratingsigned.pdf,0.9883,0.09530910609857977,-0.0430913046002388,0.15680455588737474,Neutral
DISHTV,Dish TV India Limited,Cessation,"Dish TV India Limited has informed the Exchange regarding Cessation of Mr Rajeev Kumar Dalmia as Other of the company w.e.f. July 03, 2025.",03-Jul-2025 18:00:26,https://nsearchives.nseindia.com/corporate/DISHTV1_03072025180007_SEDISHIntimationSMP03072025.pdf,0.9432,0.03803854875283447,0.07053786516189575,0.16106261447373438,Neutral
DISHTV,Dish TV India Limited,Change in Management,Dish TV India Limited has informed the Exchange about change in Senior Management Personnel ('SMP')(Appointment of Mr. Gaurav Goel as SMP and cessation of Mr. Rajeev Kumar Dalmia as SMP),03-Jul-2025 18:00:26,https://nsearchives.nseindia.com/corporate/DISHTV1_03072025175746_SEDISHIntimationSMP03072025.pdf,0.9432,0.04619047619047619,0.003407992422580719,0.14590255667496296,Neutral
DISHTV,Dish TV India Limited,Appointment,"Dish TV India Limited has informed the Exchange regarding Appointment of Mr Mr. Gaurav Goel as Other of the company w.e.f. July 04, 2025.",03-Jul-2025 18:00:26,https://nsearchives.nseindia.com/corporate/DISHTV1_03072025175916_SEDISHIntimationSMP03072025.pdf,0.9432,0.03803854875283447,0.11686824262142181,0.17263975501361895,Neutral
UPL,UPL Limited,Notice Of Shareholders Meetings-XBRL,UPL Limited has informed the Exchange about Notice of Shareholders Meeting for Annual General Meeting to be held on 25-Jul-2025,03-Jul-2025 17:57:41,https://nsearchives.nseindia.com/corporate/xbrl/NOTICE_OF_SHAREHOLDERS_MEETINGS_1476933_03072025055740_WEB.xml,-0.2263,-0.010714285714285704,0.006698746234178543,0.3570428308378373,Negative
MADRASFERT,Madras Fertilizers Limited,"Certificate under SEBI (Depositories and Participants) Regulations, 2018","Madras Fertilizers Limited has informed the Exchange about Certificate under SEBI (Depositories and Participants) Regulations, 2018",03-Jul-2025 17:59:17,https://nsearchives.nseindia.com/corporate/MADRASFERT_03072025175418_Lr_to_NSE_Reg74_5__June2025_signed.pdf,0.6997,0.09387755102040816,0.19503924250602722,0.0573856667277764,Neutral
CLSEL,Chaman Lal Setia Exports Limited,Change in Management,Chaman Lal Setia Exports Limited has informed the Exchange about change in Management,03-Jul-2025 18:00:16,https://nsearchives.nseindia.com/corporate/CLSEL_03072025175939_FINALs.pdf,0.9825,0.016889880952380955,0.018525458872318268,0.04635364279505755,Neutral
HINDUNILVR,Hindustan Unilever Limited,Disclosure under SEBI Takeover Regulations,"Hindustan Unilever Limited has Submitted to the Exchange a copy of Disclosure under Regulation 31(4) of the Securities and Exchange Board of India (Substantial Acquisition of Shares and Takeovers) Regulations, 2011.",03-Jul-2025 17:57:26,https://nsearchives.nseindia.com/corporate/team_bbodade_28042025183955_HINDUNILVR.pdf,0.9432,-0.06369047619047619,-0.04646695777773857,0.11154524747651248,Neutral
TEXINFRA,Texmaco Infrastructure & Holdings Limited,Disclosure under SEBI Takeover Regulations,"ZUARI INTERNATIONAL LIMITED has Submitted to the Exchange a copy of Disclosure under Regulation 31(4) of the Securities and Exchange Board of India (Substantial Acquisition of Shares and Takeovers) Regulations, 2011.",03-Jul-2025 17:57:21,https://nsearchives.nseindia.com/corporate/team_sandeshc_28042025135354_10.pdf,0.1943,-0.03571428571428571,-0.021669698879122734,0.06383080450477341,Neutral
VRLLOG,VRL Logistics Limited,Disclosure under SEBI Takeover Regulations,"DR. VIJAY SANKESHWAR and MR. ANAND SANKESHWAR has Submitted to the Exchange a copy of Disclosure under Regulation 31(4) of the Securities and Exchange Board of India (Substantial Acquisition of Shares and Takeovers) Regulations, 2011.",03-Jul-2025 17:57:16,https://nsearchives.nseindia.com/corporate/team_sandeshc_28042025134403_4.pdf,0.9295,0.016883116883116885,0.038942594081163406,0.14551305686624405,Neutral
CLSEL,Chaman Lal Setia Exports Limited,Outcome of Board Meeting,"Chaman Lal Setia Exports Limited has informed the Exchange regarding Outcome of Board Meeting held on July 03, 2025.",03-Jul-2025 17:58:25,https://nsearchives.nseindia.com/corporate/CLSEL_03072025175749_FINALs.pdf,0.9825,0.016889880952380955,0.025402937084436417,0.04463820714858319,Neutral
TEXINFRA,Texmaco Infrastructure & Holdings Limited,Disclosure under SEBI Takeover Regulations," ZUARI INDUSTRIES LIMITED has Submitted to the Exchange a copy of Disclosure under Regulation 31(4) of the Securities and Exchange Board of India (Substantial Acquisition of Shares and Takeovers) Regulations, 2011.",03-Jul-2025 17:57:10,https://nsearchives.nseindia.com/corporate/team_bbodade_25042025182139_TEXINFRA14.pdf,0.1943,-0.07142857142857142,-0.013874845579266548,0.06901715203512987,Neutral
TEXINFRA,Texmaco Infrastructure & Holdings Limited,Disclosure under SEBI Takeover Regulations," New Eros Tradecom Limited has Submitted to the Exchange a copy of Disclosure under Regulation 31(4) of the Securities and Exchange Board of India (Substantial Acquisition of Shares and Takeovers) Regulations, 2011.",03-Jul-2025 17:57:06,https://nsearchives.nseindia.com/corporate/team_bbodade_24042025170141_TEXINFRA5.pdf,0.3612,0.032467532467532464,-0.01741754449903965,0.007374269409390621,Neutral
TEXINFRA,Texmaco Infrastructure & Holdings Limited,Disclosure under SEBI Takeover Regulations," Abhishek Holdings Private Limited has Submitted to the Exchange a copy of Disclosure under Regulation 31(4) of the Securities and Exchange Board of India (Substantial Acquisition of Shares and Takeovers) Regulations, 2011.",03-Jul-2025 17:57:02,https://nsearchives.nseindia.com/corporate/team_bbodade_24042025160256_TEXINFRA.pdf,0.3612,-0.03571428571428571,-0.023388037458062172,0.022496318304857987,Neutral
REDINGTON,Redington Limited,Copy of Newspaper Publication,Redington Limited has informed the Exchange about  Newspaper Publication regarding 32nd  Annual General Meeting,03-Jul-2025 17:57:27,https://nsearchives.nseindia.com/corporate/Abhinandhanan_03072025175708_NP_0307.pdf,-0.7096,-0.01315628815628814,-0.023941420018672943,0.28601375161297665,Negative
DMART,Avenue Supermarts Limited,Board Meeting Intimation,AVENUE SUPERMARTS LIMITED has informed the Exchange about Board Meeting to be held on 11-Jul-2025 to inter-alia consider and approve the Unaudited Financial results of the Company for the Quarterly ended June 2025 .,03-Jul-2025 17:55:14,https://nsearchives.nseindia.com/corporate/xbrl/PRIOR_INTIMATION_58985_1476929_03072025055513_WEB.xml,-0.3885,-0.03571428571428571,0.04583631455898285,0.39280684731262067,Negative
TEXINFRA,Texmaco Infrastructure & Holdings Limited,Disclosure under SEBI Takeover Regulations," Master Exchange & Finance Limited has Submitted to the Exchange a copy of Disclosure under Regulation 31(4) of the Securities and Exchange Board of India (Substantial Acquisition of Shares and Takeovers) Regulations, 2011.",03-Jul-2025 17:56:56,https://nsearchives.nseindia.com/corporate/team_bbodade_22042025161248_TEXINFRA.pdf,0.3612,-0.07142857142857142,-0.02217121608555317,0.029417707312000663,Neutral
GLAND,Gland Pharma Limited,Options to purchase securities,Gland Pharma Limited has informed the Exchange about Options to purchase securities,03-Jul-2025 17:54:47,https://nsearchives.nseindia.com/corporate/GLAND_03072025175421_ESOPGrant03072025-SE_intimation.pdf,0.9944,-0.011830357142857139,0.07730552554130554,0.03443620317152568,Neutral
CEATLTD,CEAT Limited,Board Meeting Intimation,CEAT LIMITED has informed the Exchange about Board Meeting to be held on 17-Jul-2025 to consider and approve the Quarterly Unaudited Financial results of the Company for the period ended June 2025 and Other business.,03-Jul-2025 17:51:52,https://nsearchives.nseindia.com/corporate/xbrl/PRIOR_INTIMATION_58983_1476925_03072025055152_WEB.xml,-0.3885,-0.06547619047619048,0.03273677080869675,0.4020343645420812,Negative
SIMPLEXINF,Simplex Infrastructures Limited,"Certificate under SEBI (Depositories and Participants) Regulations, 2018","Simplex Infrastructures Limited has informed the Exchange about Certificate under SEBI (Depositories and Participants) Regulations, 2018",03-Jul-2025 17:52:39,https://nsearchives.nseindia.com/corporate/SIMPLEXINF_03072025175223_Compliance_Regulation_74_5.pdf,0.7096,-0.04558441558441558,-0.061623189598321915,0.1471197837307275,Neutral
GEECEE,GeeCee Ventures Limited,Change in Management,"GeeCee Ventures Limited has informed the Exchange about Intimation under Regulation 30 of SEBI (Listing Obligations and Disclosure Requirements) Regulations, 2015 - Change in Key Managerial Personnel (KMP) of the Company.",03-Jul-2025 17:52:05,https://nsearchives.nseindia.com/corporate/GEECEEVC12345_03072025175135_COV_signed.pdf,0.2023,0.08853615520282186,0.01601935550570488,0.22770763719055337,Negative
ALLDIGI,Alldigi Tech Limited,"Certificate under SEBI (Depositories and Participants) Regulations, 2018","Alldigi Tech Limited has informed the Exchange about Certificate under SEBI (Depositories and Participants) Regulations, 2018",03-Jul-2025 17:50:03,https://nsearchives.nseindia.com/corporate/ALLSEC_03072025174946_SEFiling74_5_June302025.pdf,0.875,-0.04711779448621553,0.09885644912719727,0.06594340700553475,Neutral
UPL,UPL Limited,Shareholders meeting,"UPL Limited has informed the Exchange regarding Notice of Annual General Meeting to be held on July 25, 2025",03-Jul-2025 17:52:55,https://nsearchives.nseindia.com/corporate/UPL_03072025175225_Noticeintimation.pdf,0.9938,0.03886904761904762,0.08123564720153809,0.023458105520974992,Neutral
SIMPLEXINF,Simplex Infrastructures Limited,Updates,"Simplex Infrastructures Limited has informed the Exchange regarding 'Intimation regarding completion of dispatch KYC notice as per SEBi Cercular dated March 16,2023'.",03-Jul-2025 17:49:43,https://nsearchives.nseindia.com/corporate/SIMPLEXINF_03072025174925_KYC_Notice_Dispatch.pdf,-0.7783,-0.09107142857142855,0.00033330172300338745,0.5127027595141104,Negative
ASAL,Automotive Stampings and Assemblies Limited,Spurt in Volume,"Significant increase in volume has been observed in Automotive Stampings and Assemblies Limited. The Exchange, in order to ensure that investors have latest relevant information about the company and to inform the market place so that the interest of the investors is safeguarded, has written to the company. The response from the company is awaited.",03-Jul-2025 17:47:00,-,0.8578,0.3008928571428572,0.27212440967559814,0.05302571431568692,Neutral
SURYODAY,Suryoday Small Finance Bank Limited,General Updates,"Suryoday Small Finance Bank Limited has informed the Exchange about Disclosure under Regulation 30 read with Schedule III of SEBI (Listing Obligations and Disclosure Requirements) Regulations, 2015",03-Jul-2025 17:47:18,https://nsearchives.nseindia.com/corporate/SURYODAY_03072025174640_SSFB_Intimation_Pre-results_updates_Financial_Q1_FY_26-sd.pdf,0.8225,-0.022824302134646954,-0.0412316620349884,0.10924691762879168,Neutral
PTC,PTC India Limited,"Certificate under SEBI (Depositories and Participants) Regulations, 2018","PTC India Limited has informed the Exchange about Certificate under SEBI (Depositories and Participants) Regulations, 2018 for the quarter ended 30th June, 2025.",03-Jul-2025 17:47:42,https://nsearchives.nseindia.com/corporate/PTC_03072025174733_74_5_ReportPTCJune2025Signed.pdf,0.7579,0.000703463203463206,0.017562136054039,0.10598794401153858,Neutral
MASTERTR,Master Trust Limited,Updates,Master Trust Limited has informed the Exchange regarding 'PRESS RELEASE ISSUED BY THE WHOLLYOWNED SUBSIDIARY OF THE COMPANY I.E. MASTER CAPITAL SERVICES LIMITED'.,03-Jul-2025 17:49:03,https://nsearchives.nseindia.com/corporate/MASTERTRUSTNSE_03072025174826_MTL_PRESS_RELEASE.pdf,0.9967,0.05726029289859078,0.04158196970820427,0.02897609000732987,Neutral
MUKANDLTD,Mukand Limited,Spurt in Volume,"Significant increase in volume has been observed in Mukand Limited. The Exchange, in order to ensure that investors have latest relevant information about the company and to inform the market place so that the interest of the investors is safeguarded, has written to the company. The response from the company is awaited.",03-Jul-2025 17:46:51,-,0.8578,0.3008928571428572,0.3150148093700409,0.0543854199426515,Neutral
BARBEQUE,Barbeque Nation Hospitality Limited,Notice Of Shareholders Meetings-XBRL,BARBEQUE NATION HOSPITALITY LIMITED has informed the Exchange about Notice of Shareholders Meeting for Postal Ballot,03-Jul-2025 17:42:48,https://nsearchives.nseindia.com/corporate/xbrl/NOTICE_OF_SHAREHOLDERS_MEETINGS_1476922_03072025054247_WEB.xml,-0.3885,-0.07142857142857142,-0.009282737970352173,0.41373073716674535,Negative
INFIBEAM,Infibeam Avenues Limited,Press Release,"Infibeam Avenues Limited has informed the Exchange regarding a press release dated July 03, 2025, titled ""Infibeam s Phronetic.AI Signs MOU with Fuel-Tech Leader Nawgati Offering Agentic AI and Video-LLM Technology that Automates Reasoning Capabilities on Real-Time Basis"".",03-Jul-2025 17:45:53,https://nsearchives.nseindia.com/corporate/INFIBEAM_03072025174411_IALPressRelease03072025.pdf,0.9958,0.1324822904368359,0.24181102216243744,0.03767884142796435,Neutral
ZEEL,Zee Entertainment Enterprises Limited,General Updates,"Zee Entertainment Enterprises Limited has informed the Exchange about Corrigendum to the Notice of Extra Ordinary General Meeting of the Company scheduled to be held on July 10, 2025",03-Jul-2025 17:43:27,https://nsearchives.nseindia.com/corporate/ZEEL_03072025174245_SEcorrigendumEGMNotice3Jul25.pdf,0.8957,0.00026455026455026977,0.10496445745229721,0.049777381423935674,Neutral
SIMPLEXINF,Simplex Infrastructures Limited,Copy of Newspaper Publication,Simplex Infrastructures Limited has informed the Exchange about Copy of Newspaper Publication,03-Jul-2025 17:42:37,https://nsearchives.nseindia.com/corporate/SIMPLEXINF_03072025174214_IEPF_Notice_ALL.pdf,-0.7096,-0.08214285714285713,-0.0724567100405693,0.5119387613879782,Negative
SUTLEJTEX,Sutlej Textiles and Industries Limited,Notice Of Shareholders Meetings-XBRL,SUTLEJ TEXTILES AND INDUSTRIES LIMITED has informed the Exchange about Notice of Shareholders Meeting for Annual General Meeting to be held on 29-Jul-2025,03-Jul-2025 17:41:11,https://nsearchives.nseindia.com/corporate/xbrl/NOTICE_OF_SHAREHOLDERS_MEETINGS_1476921_03072025054110_WEB.xml,-0.3885,-0.010714285714285704,-0.006802517920732498,0.40096789653705694,Negative
KIRLOSIND,Kirloskar Industries Limited,Updates,Kirloskar Industries Limited has informed the Exchange regarding 'update of material subsidiary'.,03-Jul-2025 17:40:54,https://nsearchives.nseindia.com/corporate/KIRLOSIND_03072025174040_Intimation.pdf,-0.8481,-0.020598845598845582,0.009946141391992569,0.313653316388577,Negative
BAJAJHFL,Bajaj Housing Finance Limited,Updates,"Bajaj Housing Finance Limited has informed the Exchange regarding 'Information under Regulation 30 of SEBI (Listing Obligations and Disclosure Requirements) Regulations, 2015 read with Schedule A of Regulation 8 of SEBI (Prohibition of Insider Trading) Regulations, 2015'.",03-Jul-2025 17:40:54,https://nsearchives.nseindia.com/corporate/BHFL_03072025174028_Stock_Exchange_Pre_Result_Intimation_June_25_Signed.pdf,-0.6705,-0.17312925170068025,0.01902122050523758,0.4869561267548881,Negative
SWELECTES,Swelect Energy Systems Limited,Notice Of Shareholders Meetings-XBRL,SWELECT ENERGY SYSTEMS LIMITED has informed the Exchange about Notice of Shareholders Meeting for Annual General Meeting to be held on 25-Jul-2025,03-Jul-2025 17:39:34,https://nsearchives.nseindia.com/corporate/xbrl/NOTICE_OF_SHAREHOLDERS_MEETINGS_1476920_03072025053933_WEB.xml,0.0516,-0.010714285714285704,0.001322176307439804,0.2889119017939482,Negative
GKWLIMITED,GKW Limited,General Updates,"Communication to Holders of Physical shares under Regulation 36(1)(b) of the SEBI (Listing Obligations & Disclosure Requirements) Regulations, 2015 and SEBI Master Circular for Registrars to an Issue and Share Transfer Agents dated 23rd June, 2025.",03-Jul-2025 17:39:34,https://nsearchives.nseindia.com/corporate/GKWLIMITED_03072025173913_NSE_KYCLETTER_03072025.pdf,0.9786,0.05755952380952381,0.28093165159225464,0.22639837605726154,Positive
GTPL,GTPL Hathway Limited,Board Meeting Intimation,GTPL HATHWAY LIMITED has informed the Exchange about Board Meeting to be held on 10-Jul-2025 to inter-alia consider and approve the Unaudited Financial results of the Company for the Quarterly ended June 2025 .,03-Jul-2025 17:37:14,https://nsearchives.nseindia.com/corporate/xbrl/PRIOR_INTIMATION_58982_1476917_03072025053714_WEB.xml,-0.3885,-0.03571428571428571,0.04720164090394974,0.39246637403326373,Negative
SRF,SRF Limited,Change in Directors/ Key Managerial Personnel/ Auditor/ Compliance Officer/ Share Transfer Agent,SRF LIMITED has informed the Exchange about Change in Directors/ Key Managerial Personnel/ Auditor/ Compliance Officer/ Share Transfer Agent,03-Jul-2025 17:37:01,https://nsearchives.nseindia.com/corporate/xbrl/CIM_58981_1476915_03072025053700_WEB.xml,0.1943,-0.023809523809523808,-0.04287468269467354,0.26687049214165837,Negative
BANKBARODA,Bank of Baroda,General Updates,Bank Of Baroda has informed the Exchange about provisional business figures 30.06.2025,03-Jul-2025 17:37:06,https://nsearchives.nseindia.com/corporate/BANKBARODA_03072025173658_SEPROVISIONAL.pdf,0.8481,0.049074074074074076,0.05298369750380516,0.06463931650381399,Neutral
DIVGIITTS,Divgi Torqtransfer Systems Limited,Analysts/Institutional Investor Meet/Con. Call Updates,Divgi Torqtransfer Systems Limited has informed the Exchange about Schedule of meet,03-Jul-2025 17:36:43,https://nsearchives.nseindia.com/corporate/DIVGITTS_03072025173635_DTTS_IntimationofInvestorMeet_030725_AAK_signed.pdf,-0.4939,-0.06924603174603174,0.048570141196250916,0.42517748680408035,Negative
TATACONSUM,TATA CONSUMER PRODUCTS LIMITED,"Certificate under SEBI (Depositories and Participants) Regulations, 2018","TATA CONSUMER PRODUCTS LIMITED has informed the Exchange about Certificate under SEBI (Depositories and Participants) Regulations, 2018",03-Jul-2025 17:36:37,https://nsearchives.nseindia.com/corporate/Sukhvinder_03072025173615_Certificate_under_regulation_74_5_of_SEBI_June_sd.pdf,-0.9175,-0.036850649350649335,-0.19922661781311035,0.5865471172797215,Negative
MGL,Mahanagar Gas Limited,Copy of Newspaper Publication,Mahanagar Gas Limited has informed the Exchange about Copy of Newspaper Publication,03-Jul-2025 17:36:31,https://nsearchives.nseindia.com/corporate/MGL25_03072025173526_NewspaperPublicationIEPF03072025.pdf,0.8225,0.019047619047619053,-0.02242724597454071,0.10383150317129636,Neutral
5PAISA,5Paisa Capital Limited,Updates,5Paisa Capital Limited has informed the Exchange regarding Allotment of Commercial Paper(s),03-Jul-2025 17:36:31,https://nsearchives.nseindia.com/corporate/5PAISA_03072025173601_EXINTIMATION.pdf,0.9313,0.0008403361344537834,0.0037588030099868774,0.06606487167667943,Neutral
XLENERGY,XL Energy Limited,General Updates,XL Energy Limited has informed the Exchange about reclassification of authorized share capital of the company pursuant to NCLT approved resolution plan.,03-Jul-2025 17:35:26,https://nsearchives.nseindia.com/corporate/XLENERGY_03072025173427_Intimation_to_BSE_and_NSE_Reclassification.pdf,0.979,-0.006457431457431453,-0.012024160474538803,0.059544701149958607,Neutral
BIGBLOC,Bigbloc Construction Limited,General Updates,"Bigbloc Construction Limited has informed the Exchange about Investor Presentation on Audited Results for the year ended on 31st March, 2025",03-Jul-2025 17:30:29,https://nsearchives.nseindia.com/corporate/BIGBLOC_03072025172922_BSENSE_IP.pdf,0.9313,0.09619047619047617,0.25582900643348694,0.2163042318486032,Positive
YATHARTH,Yatharth Hospital & Trauma Care Services Limited,Press Release,Press Release,03-Jul-2025 17:30:26,https://nsearchives.nseindia.com/corporate/YATHARTH_03072025173010_Press_Release_IR.pdf,0.9981,0.14634652169535894,0.597489595413208,0.34840320130982066,Positive
TVSELECT,TVS Electronics Limited,"Certificate under SEBI (Depositories and Participants) Regulations, 2018","TVS Electronics Limited has informed the Exchange about Certificate under SEBI (Depositories and Participants) Regulations, 2018",03-Jul-2025 17:34:15,https://nsearchives.nseindia.com/corporate/TVSELECT_03072025173348_74_5__DP_Regulations_Intimation_sd.pdf,0.6486,0.03492063492063492,0.08113375306129456,0.110537945843689,Neutral
SRF,SRF Limited,Appointment,"SRF Limited has informed the Exchange regarding Appointment of M/s Sanjay Grover and Associates as Other of the company w.e.f. May 12, 2025.",03-Jul-2025 17:31:38,https://nsearchives.nseindia.com/corporate/ekta_maheshwari_03072025173043_Appointment_of_Secretarial_Auditor.pdf,0.0772,-0.016157372039724976,0.034000955522060394,0.2754257638210395,Negative
SURANASOL,Surana Solar Limited,Outcome of Board Meeting,"Surana Solar Limited has submitted to the Exchange, the financial results for the period ended March 31, 2025.",03-Jul-2025 17:30:02,https://nsearchives.nseindia.com/corporate/SURANASOL_03072025171552_SSLBMOUTCOME03072025SD.pdf,0.9118,0.022181729834791063,0.023475829511880875,0.06174344495753126,Neutral
AFSL,Abans Financial Services Limited,"Certificate under SEBI (Depositories and Participants) Regulations, 2018","Abans Financial Services Limited has informed the Exchange about Certificate under SEBI (Depositories and Participants) Regulations, 2018",03-Jul-2025 17:29:15,https://nsearchives.nseindia.com/corporate/AHL_03072025172825_Reg_74_Certificate_signed.pdf,0.9313,0.022101449275362322,-0.11363105475902557,0.0911508330475593,Neutral
SWANDEF,Swan Defence and Heavy Industries Limited,"Certificate under SEBI (Depositories and Participants) Regulations, 2018","Swan Defence and Heavy Industries Limited has informed the Exchange about Certificate under SEBI (Depositories and Participants) Regulations, 2018",03-Jul-2025 17:27:37,https://nsearchives.nseindia.com/corporate/SWANRNEL_03072025172648_SDHI_74_5__30062025.pdf,0.9403,-0.07465986394557822,0.07263645529747009,0.06168979445631001,Neutral
ZEEL,Zee Entertainment Enterprises Limited,Investor Presentation,Zee Entertainment Enterprises Limited has informed the Exchange about Investor Presentation,03-Jul-2025 17:27:03,https://nsearchives.nseindia.com/corporate/ZEEL_03072025172621_SEintimationpres3jul25.pdf,0.986,0.027964677166804824,-0.011475875973701477,0.05072362319591339,Neutral
XLENERGY,XL Energy Limited,Other Restructuring,XL Energy Limited has informed the Exchange about Other Restructuring by way of reduction of share capital and capital infusion pursuant to approved Resolution Plan,03-Jul-2025 17:25:00,https://nsearchives.nseindia.com/corporate/XLENERGY_03072025172302_IntimationtoBSEandNSEforReduction_and_allotment.pdf,0.9958,-0.010677083333333334,-0.2985782027244568,0.12782286843458812,Neutral
NCLIND,NCL Industries Limited,Credit Rating- Revision,NCL Industries Limited has informed the Exchange about Credit Rating- Revision,03-Jul-2025 17:23:49,https://nsearchives.nseindia.com/corporate/NCLIND_03072025172251_Rating_Updates_03072025.pdf,0.8126,0.050714285714285726,0.14359800517559052,0.05078621965391292,Neutral
ICICIBANK,ICICI Bank Limited,Updates,Intimation on Tax Deduction at Source (TDS)/Withholding Tax on Dividend for FY 2024-25,03-Jul-2025 17:23:34,https://nsearchives.nseindia.com/corporate/ICICI2022_03072025172311_BSENSE.pdf,0.9881,0.04055059523809525,0.06257444620132446,0.17078152009532566,Neutral
VIPULLTD,Vipul Limited,General Updates,Vipul Limited has informed the Exchange about General Updates,03-Jul-2025 17:25:34,https://nsearchives.nseindia.com/corporate/VIPULLTD_03072025172519_cl30nsebse.pdf,0.9231,0.045084485407066055,-0.03266332298517227,0.1325763193449163,Neutral
SRF,SRF Limited,Appointment,"SRF Limited has informed the Exchange regarding Appointment of  Mr. Ashish Bharat Ram as Chairman & Managing Director of the company w.e.f. May 12, 2025.",03-Jul-2025 17:23:16,https://nsearchives.nseindia.com/corporate/ekta_maheshwari_03072025172134_Re-appointment_of_CMD.pdf,-0.7506,0.014997502497502506,-0.030015192925930023,0.4921492194162471,Negative
IFCI,IFCI Limited,"Certificate under SEBI (Depositories and Participants) Regulations, 2018","IFCI Limited has informed the Exchange about Certificate under under Reg 74(5) of SEBI (Depositories and Participants) Regulations, 2018.",03-Jul-2025 17:23:13,https://nsearchives.nseindia.com/corporate/IFCI_03072025172303_STX_REG74_5_.pdf,0.7845,-0.02180971202710332,0.07835321128368378,0.08864254202933922,Neutral
SAGILITY,Sagility India Limited,Copy of Newspaper Publication,Sagility India Limited has informed the Exchange about Copy of Newspaper Publication on Notice of Postal Ballot and information on remote e-voting,03-Jul-2025 17:22:34,https://nsearchives.nseindia.com/corporate/SAGILITY_03072025172223_IntimationNewspaperAd03072025signed.pdf,0.0516,0.009920634920634929,0.041139934211969376,0.2748296020025535,Negative
AWFIS,Awfis Space Solutions Limited,ESOP/ESOS/ESPS,Awfis Space Solutions Limited has informed the Exchange regarding Grant of 619000  Options.,03-Jul-2025 17:22:07,https://nsearchives.nseindia.com/corporate/AWFIS2014_03072025171729_Grant_Intimation.pdf,0.9981,0.06296257505934927,0.014670159667730331,0.034214408629394566,Neutral
APLLTD,Alembic Pharmaceuticals Limited,Acquisition-XBRL,Alembic Pharmaceuticals Limited has informed the Exchange regarding Acquisition,03-Jul-2025 17:21:18,https://nsearchives.nseindia.com/corporate/xbrl/REG30_Restructuring_1476909_03072025052117_WEB.xml,-0.2263,-0.07142857142857142,0.013368070125579834,0.16746973749910077,Neutral
DIGITIDE,Digitide Solutions Limited,Analysts/Institutional Investor Meet/Con. Call Updates,Digitide Solutions Limited has informed the Exchange about Transcript,03-Jul-2025 17:20:56,https://nsearchives.nseindia.com/corporate/DIGITIDE_03072025171857_SEintimation_Transcript.pdf,0.9975,0.16196151996151995,0.6463422179222107,0.34337040011981407,Positive
BHARATFORG,Bharat Forge Limited,Incorporation-XBRL,BHARAT FORGE LIMITED has informed the Exchange regarding Incorporation,03-Jul-2025 17:20:27,https://nsearchives.nseindia.com/corporate/xbrl/REG30_Restructuring_1476908_03072025052026_WEB.xml,-0.3885,-0.07142857142857142,0.0284552201628685,0.4040826543888876,Negative
KAJARIACER,Kajaria Ceramics Limited,"Certificate under SEBI (Depositories and Participants) Regulations, 2018","Please find enclosed the certificate under Regulation 74(5) of the SEBI (Depositories and Participants) Regulations, 2018 for the quarter ended June 30, 2025, received from MCS Share Transfer Agent Limited, the Registrar and Share Transfer Agent of the Company.",03-Jul-2025 17:16:59,https://nsearchives.nseindia.com/corporate/KAJARIACER_03072025171139_Certificate.pdf,0.9022,-0.02824675324675324,0.04735654592514038,0.06825594051503514,Neutral
COROMANDEL,Coromandel International Limited,Copy of Newspaper Publication,Coromandel International Limited has informed the Exchange about Copy of Newspaper Publication,03-Jul-2025 17:17:08,https://nsearchives.nseindia.com/corporate/COROMANDELINT_03072025171546_Letter_to_SE_SD.pdf,0.6808,0.03184523809523809,0.33658236265182495,0.039268982361611915,Neutral
BAJAJFINSV,Bajaj Finserv Limited,Copy of Newspaper Publication,Bajaj Finserv Limited has informed the Exchange about Copy of Newspaper Publication,03-Jul-2025 17:16:45,https://nsearchives.nseindia.com/corporate/walimbelk_03072025171616_BFSNewspaperADIntimationSD.pdf,0.0258,0.035332314744079454,0.012209109961986542,0.28343034760962244,Negative
SHK,S H Kelkar and Company Limited,Change in Directors/ Key Managerial Personnel/ Auditor/ Compliance Officer/ Share Transfer Agent,S H KELKAR AND COMPANY LIMITED has informed the Exchange about Change in Directors/ Key Managerial Personnel/ Auditor/ Compliance Officer/ Share Transfer Agent,03-Jul-2025 17:16:02,https://nsearchives.nseindia.com/corporate/xbrl/CIM_58978_1476904_03072025051602_WEB.xml,0.1943,-0.023809523809523808,-0.05490297079086304,0.26982315108549026,Negative
SUVEN,Suven Life Sciences Limited,Alteration Of Capital and Fund Raising-XBRL,SUVEN LIFE SCIENCES LIMITED has informed the Exchange regarding Allotment of Securities,03-Jul-2025 17:13:28,https://nsearchives.nseindia.com/corporate/xbrl/ALTERATION_OF_CAPITAL_AND_FUND_RAISING_1476901_03072025051327_WEB.xml,-0.1111,-0.07142857142857142,-0.013170547783374786,0.34524987160776344,Negative
LICI,Life Insurance Corporation Of India,Updates,"Life Insurance Corporation of India has informed the Exchange regarding the launch of two new products and one rider which will be available for sale w.e.f. July 04, 2025.",03-Jul-2025 17:12:45,https://nsearchives.nseindia.com/corporate/LIC_BOARD_03072025171228_ProductLaunch.pdf,-0.1531,0.0809295967190704,-0.019130859524011612,0.3268612991592439,Negative
MANAKSIA,Manaksia Limited,"Certificate under SEBI (Depositories and Participants) Regulations, 2018","Manaksia Limited has informed the Exchange about Certificate under SEBI (Depositories and Participants) Regulations, 2018",03-Jul-2025 17:12:05,https://nsearchives.nseindia.com/corporate/MANAKSIA_03072025171155_Reg74.pdf,0.7717,0.008134920634920642,-0.08012299239635468,0.12547216573792788,Neutral
SRF,SRF Limited,Shareholders meeting,"SRF Limited has submitted the Exchange a copy Srutinizers report of  Annual General Meeting held on July 03, 2025",03-Jul-2025 17:16:06,https://nsearchives.nseindia.com/corporate/ekta_maheshwari_03072025171338_CombinedscrutinzerReportF.pdf,-0.2263,-0.010714285714285704,0.010622242465615273,0.3560609911847327,Negative
IGCL,Indogulf Cropsciences Limited,Trading Window,"Indogulf Cropsciences Limited has informed the Exchange regarding the Trading Window closure pursuant to SEBI (Prohibition of Insider Trading) Regulations, 2015",03-Jul-2025 17:11:15,https://nsearchives.nseindia.com/corporate/INDOGULF_03072025170355_Trading_windows__Signed_.pdf,0.6908,-0.04246031746031745,-0.04395713657140732,0.14677417719614885,Neutral
MANGCHEFER,Mangalore Chemicals & Fertilizers Limited,Copy of Newspaper Publication,Mangalore Chemicals & Fertilizers Limited has informed the Exchange about Copy of Newspaper Publication,03-Jul-2025 17:16:10,https://nsearchives.nseindia.com/corporate/MANGCHEFER_03072025171257_PublicationintimationtoSE03072025DSC.pdf,0.9988,0.13737789987789986,0.09112710505723953,4.0855620766888645e-05,Neutral
INDIASHLTR,India Shelter Finance Corporation Limited,General Updates,India Shelter Finance Corporation Limited has informed the Exchange about Business Responsibility Sustainability Report for the FY 2024-25,03-Jul-2025 17:13:26,https://nsearchives.nseindia.com/corporate/ISFC2010_03072025171307_Intimation_BRSR_FY_2024_25.pdf,0.9849,0.0770008446837715,-0.020733259618282318,0.04355389019617928,Neutral
GNFC,Gujarat Narmada Valley Fertilizers and Chemicals Limited,Trading Window-XBRL,GUJARAT NARMADA VALLEY FERTILIZERS AND CHEMICALS LIMITED has informed the Exchange about Closure of Trading Window,03-Jul-2025 17:08:50,https://nsearchives.nseindia.com/corporate/xbrl/CLOSURE_TRADING_WINDOW_1476898_03072025050850_WEB.xml,-0.3885,-0.07142857142857142,-0.05866897106170654,0.4260071824959346,Negative
SRF,SRF Limited,Shareholders meeting,"SRF Limited has informed the Exchange regarding Proceedings of undefined held on July 03, 2025",03-Jul-2025 17:06:53,https://nsearchives.nseindia.com/corporate/ekta_maheshwari_03072025165635_Proceedings_of_AGM.pdf,0.9231,-0.02304267161410018,0.037805452942848206,0.0643781120107988,Neutral
GNFC,Gujarat Narmada Valley Fertilizers and Chemicals Limited,Board Meeting Intimation,GUJARAT NARMADA VALLEY FERTILIZERS AND CHEMICALS LIMITED has informed the Exchange about Board Meeting to be held on 06-Aug-2025 to inter-alia consider and approve the Unaudited Financial results of the Company for the Quarterly ended June 2025 .,03-Jul-2025 17:06:20,https://nsearchives.nseindia.com/corporate/xbrl/PRIOR_INTIMATION_58976_1476895_03072025050619_WEB.xml,-0.3885,-0.03571428571428571,0.03925182670354843,0.3944516460533653,Negative
MHRIL,Mahindra Holidays & Resorts India Limited,Acquisition,Mahindra Holidays & Resorts India Limited has informed the Exchange about Acquisition,03-Jul-2025 17:05:43,https://nsearchives.nseindia.com/corporate/MHRIL_03072025170331_SE_Intimation_SubsidiaryAcquisition_signed.pdf,0.9899,0.0747222222222222,0.0754438191652298,0.18128116813566952,Neutral
GNFC,Gujarat Narmada Valley Fertilizers and Chemicals Limited,Trading Window,"Gujarat Narmada Valley Fertilizers and Chemicals Limited has informed the Exchange regarding the Trading Window closure pursuant to SEBI (Prohibition of Insider Trading) Regulations, 2015",03-Jul-2025 17:05:19,https://nsearchives.nseindia.com/corporate/rajeshpillai8741_03072025170509_SE_Board_Intimation_OTW_Signed.pdf,0.891,0.04226190476190477,-0.14591239392757416,0.10526695564673058,Neutral
LTF,L&T Finance Limited,Updates,"L&T Finance Limited has informed the Exchange regarding 'Business updates for the quarter ended June 30, 2025'.",03-Jul-2025 17:05:24,https://nsearchives.nseindia.com/corporate/naguiyer_03072025170505_NSEBSEINTIMATION.pdf,0.6124,-0.02827380952380952,0.06352022290229797,0.13667442007689248,Neutral
SHK,S H Kelkar and Company Limited,General Updates,S H Kelkar and Company Limited has informed the Exchange about General Updates,03-Jul-2025 17:08:00,https://nsearchives.nseindia.com/corporate/9152077850_03072025170749_SHKBusinessupdatejuly2025final.pdf,0.9623,0.056575851684547325,0.17148344218730927,0.005207891254477293,Neutral
BRIGADE,Brigade Enterprises Limited,Change in Directors/ Key Managerial Personnel/ Auditor/ Compliance Officer/ Share Transfer Agent,BRIGADE ENTERPRISES LIMITED has informed the Exchange about Change in Directors/ Key Managerial Personnel/ Auditor/ Compliance Officer/ Share Transfer Agent,03-Jul-2025 17:02:26,https://nsearchives.nseindia.com/corporate/xbrl/CIM_58975_1476891_03072025050225_WEB.xml,0.1943,-0.023809523809523808,-0.04000730440020561,0.2661431869528833,Negative
RCOM,Reliance Communications Limited,Defaults on Payment of Interest/Principal,"Disclosure as per SEBI circular dated November 21, 2019 in respect of defaults of payment of interest / repayment of principal amount on loans/ financial institutions and listed debt securities as on June 30, 2025.",03-Jul-2025 17:04:17,https://nsearchives.nseindia.com/corporate/RCOM_03072025170351_LettertoSEDefault3062025RCOM.pdf,0.9843,0.06964285714285715,-0.06267533451318741,0.05517407820352482,Neutral
STARCEMENT,Star Cement Limited,Resignation,"Star Cement Limited has informed the Exchange regarding Resignation of Mr Kanak Kumar Chhangani as Other of the company w.e.f. July 02, 2025.",03-Jul-2025 17:03:14,https://nsearchives.nseindia.com/corporate/STARCEMENT_03072025170209_Resignation_of_CMRO.pdf,-0.6705,0.07121848739495798,-0.09957481175661087,0.4781943067315997,Negative
SHK,S H Kelkar and Company Limited,Resignation,S H Kelkar and Company Limited has informed the Exchange regarding Resignation of  Rohit  Saraogi as Group Chief Financial Officer of the Company.,03-Jul-2025 17:05:12,https://nsearchives.nseindia.com/corporate/9152077850_03072025170456_SHKresignationKMP.pdf,0.8807,0.10489211309523809,-0.12852878868579865,0.09088157129770233,Neutral
MAHLIFE,Mahindra Lifespace Developers Limited,Notice Of Shareholders Meetings-XBRL,Mahindra Lifespace Developers Limited has informed the Exchange about Notice of Shareholders Meeting for Annual General Meeting to be held on 25-Jul-2025,03-Jul-2025 17:02:08,https://nsearchives.nseindia.com/corporate/xbrl/NOTICE_OF_SHAREHOLDERS_MEETINGS_1476889_03072025050207_WEB.xml,-0.2263,-0.010714285714285704,0.01298537291586399,0.3554708344209407,Negative
SUPERHOUSE,Superhouse Limited,Board Meeting Intimation,SUPERHOUSE LIMITED has informed the Exchange about Board Meeting to be held on 11-Jul-2025 to inter-alia consider and approve the Audited Financial results of the Company for the Yearly ended March 2025 .,03-Jul-2025 16:59:12,https://nsearchives.nseindia.com/corporate/xbrl/PRIOR_INTIMATION_58974_1476888_03072025045911_WEB.xml,-0.3885,-0.03571428571428571,0.07891762256622314,0.3845351613249097,Negative
INDOFARM,Indo Farm Equipment Limited,Analysts/Institutional Investor Meet/Con. Call Updates,Indo Farm Equipment Limited has informed the Exchange about Transcript,03-Jul-2025 16:59:26,https://nsearchives.nseindia.com/corporate/IFEL_03072025165912_Intimation_letter_for_TranscriptSigned.pdf,0.9981,0.1991244376538494,0.5944977402687073,0.13799492196318108,Neutral
MUTHOOTCAP,Muthoot Capital Services Limited,"Certificate under SEBI (Depositories and Participants) Regulations, 2018","Muthoot Capital Services Limited has informed the Exchange about Certificate under Regulation 74(5) of SEBI (Depositories and Participants) Regulations, 2018",03-Jul-2025 16:59:10,https://nsearchives.nseindia.com/corporate/MUTHOOTCAPS_03072025165859_SE.pdf,0.8481,0.07321428571428573,0.02073238044977188,0.0681411620501961,Neutral
SUVEN,Suven Life Sciences Limited,Outcome of Board Meeting,"Suven Life Sciences Limited has informed the Exchange regarding  Board meeting held on July 03, 2025 - Allotment of 6,40,02,999 warrants convertible into equity shares.",03-Jul-2025 16:57:44,https://nsearchives.nseindia.com/corporate/SUVEN_03072025165644_SUVENBMoutcome03072025.pdf,-0.5994,-0.0466089466089466,0.061445076018571854,0.4438097514172287,Negative
BRIGADE,Brigade Enterprises Limited,Appointment,"Brigade Enterprises Limited has informed the Exchange regarding Appointment of Mr Sajid Iqbal as Senior Management Personnel of the company w.e.f. July 03, 2025.",03-Jul-2025 16:57:32,https://nsearchives.nseindia.com/corporate/BRIGADE_03072025165658_ChangeofSMP03072025.pdf,0.296,0.00426065162907268,0.03783551603555679,0.21568217785439844,Negative
EQUITASBNK,Equitas Small Finance Bank Limited,"Certificate under SEBI (Depositories and Participants) Regulations, 2018","Equitas Small Finance Bank Limited has informed the Exchange about Certificate under Regulation 74(5) of the SEBI (Depositories and Participants) Regulations, 2018 for the quarter ended June 30,2025",03-Jul-2025 16:57:25,https://nsearchives.nseindia.com/corporate/EQUITASBNK_03072025165613_ESFBCertificateunderReg74_5_.pdf,0.7003,-0.12653061224489798,0.2057717889547348,0.09878645859652635,Neutral
RSWM,RSWM Limited,"Certificate under SEBI (Depositories and Participants) Regulations, 2018","RSWM Limited has informed the Exchange about Certificate under Regulation 74(5) of the SEBI (Depositories and Participants) Regulations, 2018 for the quarter ended 30th June, 2025.",03-Jul-2025 16:57:29,https://nsearchives.nseindia.com/corporate/RSWM_03072025165712_Regulation_74_5__30-06-2025.pdf,0.9451,0.018315508021390377,-0.05077102407813072,0.07275045228779792,Neutral
SHK,S H Kelkar and Company Limited,Change in Management,"S H Kelkar and Company Limited has informed the Exchange about change in Management- Resignation of Mr. Rohit Saraogi, Group Chief Financial Officer.",03-Jul-2025 16:57:01,https://nsearchives.nseindia.com/corporate/9152077850_03072025165637_SHKresignationKMP.pdf,0.9081,0.10489211309523809,-0.12785600125789642,0.08389566823726607,Neutral
INDOCO,Indoco Remedies Limited,Analysts/Institutional Investor Meet/Con. Call Updates,Indoco Remedies Limited has informed the Exchange about Schedule of meet,03-Jul-2025 16:57:12,https://nsearchives.nseindia.com/corporate/INDOCO_03072025165643_IntimationAnalystMeet030925.pdf,0.836,0.04654761904761905,0.11311502009630203,0.05340108173730826,Neutral
VTL,Vardhman Textiles Limited,Updates,Vardhman Textiles Limited has informed the Exchange regarding 'Demat Report for the month ended June 2025.'.,03-Jul-2025 16:56:48,https://nsearchives.nseindia.com/corporate/VTL_03072025165614_Demat_June_25.pdf,0.7184,-0.049908424908424905,0.059894852340221405,0.11540260747859982,Neutral
SOBHA,Sobha Limited,Copy of Newspaper Publication,Advertisement in Newspapers about notice of 30th Annual General Meeting.,03-Jul-2025 16:55:27,https://nsearchives.nseindia.com/corporate/SOBHA_03072025165437_SE_INTIMATION_NEWSPAPER_-_POST_NOTICE_DISPATCH.pdf,0.9919,0.06402164502164504,-0.02765621244907379,0.0461298603689258,Neutral
INDOCO,Indoco Remedies Limited,Analysts/Institutional Investor Meet/Con. Call Updates,Indoco Remedies Limited has informed the Exchange about Schedule of meet,03-Jul-2025 16:55:19,https://nsearchives.nseindia.com/corporate/INDOCO_03072025165438_IntimationAnalystMeet210825.pdf,0.836,0.04654761904761905,0.09426872432231903,0.05810997347178912,Neutral
IPCALAB,IPCA Laboratories Limited,Copy of Newspaper Publication,IPCA Laboratories Limited has informed the Exchange about Copy of Newspaper Publication,03-Jul-2025 16:57:58,https://nsearchives.nseindia.com/corporate/IPCALAB_03072025165745_IpcaNewspaperpreagmnotice.pdf,0.743,0.05634920634920634,0.05852041393518448,0.08834655049324983,Neutral
HONASA,Honasa Consumer Limited,"Certificate under SEBI (Depositories and Participants) Regulations, 2018","Honasa Consumer Limited has informed the Exchange about Certificate under SEBI (Depositories and Participants) Regulations, 2018",03-Jul-2025 16:54:18,https://nsearchives.nseindia.com/corporate/HONASA16_03072025165353_Reg_74_5__Honasa_300625.pdf,-0.0516,-0.060330578512396676,0.1267077475786209,0.29327837844619076,Negative
TIPSMUSIC,Tips Music Limited,Updates,Tips Music Limited has informed the Exchange regarding 'Newspaper Advertisement   Notice to Shareholders for 29h Annual General Meeting'.,03-Jul-2025 16:59:12,https://nsearchives.nseindia.com/corporate/TIPSINDLTD_03072025164842_TIPSMUSICnpaP.pdf,-0.34,-0.017207792207792203,0.23103812336921692,0.3306388440341144,Negative
SILINV,SIL Investments Limited,Updates,SIL Investments Limited has informed the Exchange regarding 'General Updates'.,03-Jul-2025 16:53:10,https://nsearchives.nseindia.com/corporate/SILINV_03072025165219_SIL_Letter_to_Shareholder_2025_signed.pdf,0.0,0.04464285714285715,0.14924755692481995,0.25368044993707106,Negative
INDOCO,Indoco Remedies Limited,Analysts/Institutional Investor Meet/Con. Call Updates,Indoco Remedies Limited has informed the Exchange about Schedule of meet,03-Jul-2025 16:53:33,https://nsearchives.nseindia.com/corporate/INDOCO_03072025165245_IntimationAnalystMeet130825.pdf,0.836,0.04654761904761905,0.080858513712883,0.06146663884463763,Neutral
PSB,Punjab & Sind Bank,Updates,Punjab & Sind Bank has informed the Exchange regarding 'Provisional Business figures of the Bank'.,03-Jul-2025 16:51:34,https://nsearchives.nseindia.com/corporate/PSB_03072025164910_bsense03072025.pdf,0.7003,0.05333333333333333,-0.03797098994255066,0.12374546606143313,Neutral
HITECHCORP,Hitech Corporation Limited,Copy of Newspaper Publication,Hitech Corporation Limited has informed the Exchange about Copy of Newspaper Publication regarding 34th Annual General Meeting of the Company and Remote E-voting,03-Jul-2025 16:51:01,https://nsearchives.nseindia.com/corporate/HITECHCORP_03072025165003_SEIntimationCombine03072025Signed.pdf,0.743,0.022380932559503987,0.06071155518293381,0.0945882178117963,Neutral
MOIL,MOIL Limited,Change in Director(s),MOIL Limited has informed the Exchange regarding Change in Director(s) of the company.,03-Jul-2025 16:50:38,https://nsearchives.nseindia.com/corporate/MOIL_03072025164931_Appointment_of_Shri_Kapil_Kotecha.pdf,0.5994,0.04428571428571429,-0.004416368901729584,0.14238909943657257,Neutral
BASF,BASF India Limited,"Certificate under SEBI (Depositories and Participants) Regulations, 2018","BASF India Limited has informed the Exchange about Certificate under SEBI (Depositories and Participants) Regulations, 2018",03-Jul-2025 16:50:19,https://nsearchives.nseindia.com/corporate/BASFIL_03072025164836_Reg_74signed.pdf,0.8979,0.03540372670807454,-0.028060395270586014,0.07545379236267405,Neutral
RCOM,Reliance Communications Limited,Corporate Insolvency Resolution Process,"Reliance Communications Limited has informed the Exchange about Corporate Insolvency Resolution Process : Notice of meeting of Committee of Creditors (CoC) scheduled to be held on Friday, July 04, 2025.",03-Jul-2025 16:49:12,https://nsearchives.nseindia.com/corporate/RCOM_03072025164840_LettertoSECOC04072025.pdf,0.1027,-0.04642857142857142,0.023678701370954514,0.27768410096232377,Negative
SABTNL,Sri Adhikari Brothers Television Network Limited,General Updates,Sri Adhikari Brothers Television Network Limited has informed the Exchange aregarding Corrigendum to the Notice of the Extraordinary General Meeting ( EGM ),03-Jul-2025 16:49:08,https://nsearchives.nseindia.com/corporate/SABTNL_03072025164827_Notice.pdf,0.9793,0.06142290249433107,0.03282059729099274,0.03467634736306269,Neutral
MAPMYINDIA,C.E. Info Systems Limited,Record Date,C.E. Info Systems Limited has informed the Exchange that Record date for the purpose of Dividend  is 18-Jul-2025.,03-Jul-2025 16:47:26,https://nsearchives.nseindia.com/corporate/MAPMYINDIA_03072025164545_Record_Date_Intimation.pdf,0.4588,0.034907516725698556,0.1708584427833557,0.06441204636252712,Neutral
GESHIP,The Great Eastern Shipping Company Limited,Copy of Newspaper Publication,The Great Eastern Shipping Company Limited has informed the Exchange about Copy of Newspaper Publication,03-Jul-2025 16:48:15,https://nsearchives.nseindia.com/corporate/GESHIP_03072025164745_newspaperad.pdf,0.9858,0.13623376623376623,0.26322221755981445,0.03950996087309605,Neutral
SANDUMA,Sandur Manganese & Iron Ores Limited,Copy of Newspaper Publication,Sandur Manganese & Iron Ores Limited has informed the Exchange about Copy of Newspaper Publication regarding transfer of shares to IEPF Authority,03-Jul-2025 16:46:25,https://nsearchives.nseindia.com/corporate/SANDUR_03072025164548_NewspaperPublicationTransfertoIEPF.pdf,0.8074,0.0010989010989011015,-0.04170309379696846,0.09164624194471721,Neutral
RCOM,Reliance Communications Limited,Corporate Insolvency Resolution Process-XBRL,Reliance Communications Limited has informed the Exchange about Corporate Insolvency Resolution Process for the event related to Prior or Post-facto intimation of the meetings of Committee of Creditors,03-Jul-2025 16:44:52,https://nsearchives.nseindia.com/corporate/xbrl/CIRP_1476878_03072025044452_WEB.xml,-0.2263,-0.014285714285714285,0.007321953773498535,0.35757676351411005,Negative
ALKEM,Alkem Laboratories Limited,Copy of Newspaper Publication,Alkem Laboratories Limited has informed the Exchange about Copy of Newspaper Publication,03-Jul-2025 16:46:16,https://nsearchives.nseindia.com/corporate/ALKEM_03072025164559_PreAGMNewspaperIntimationtoSEsigned.pdf,-0.7506,0.04142371234207966,0.11729498952627182,0.25003784446436245,Negative
SUTLEJTEX,Sutlej Textiles and Industries Limited,General Updates,Sutlej Textiles and Industries Limited has informed the Exchange about General Updates,03-Jul-2025 16:44:12,https://nsearchives.nseindia.com/corporate/SUTLEJTEX_03072025164304_STILAnnual_Report_Letter2024-25.pdf,0.886,0.04521103896103896,0.2563970386981964,0.005356333121850854,Neutral
IDBI,IDBI Bank Limited,"Certificate under SEBI (Depositories and Participants) Regulations, 2018","IDBI Bank Limited has informed the Exchange about Certificate under SEBI (Depositories and Participants) Regulations, 2018",03-Jul-2025 16:44:01,https://nsearchives.nseindia.com/corporate/MANESHJ_03072025164231_SE_Certificate_745_June2025.PDF,-0.3182,-0.07397959183673468,-0.04183245822787285,0.4048001705433337,Negative
TIPSMUSIC,Tips Music Limited,Updates,Tips Music Limited has informed the Exchange regarding 'Intimation of 29th Annual General Meeting'.,03-Jul-2025 16:42:56,https://nsearchives.nseindia.com/corporate/TIPSINDLTD_03072025163656_TIPSMUSICagmP.pdf,-0.296,-0.02991071428571428,0.32291361689567566,0.29917867254359376,Negative
INDOTHAI,Indo Thai Securities Limited,Shareholders meeting,"Indo Thai Securities Limited has submitted the Exchange a copy Srutinizers report of  Extraordinary General Meeting held on July 02, 2025. Further, the company has informed the Exchange regarding voting results.",03-Jul-2025 16:43:56,https://nsearchives.nseindia.com/corporate/INDOTHAI_03072025164335_votingresultsandscrutinizerreport02072025.pdf,0.8856,0.04420787545787546,-0.024002883583307266,0.07575759012302308,Neutral
ZAGGLE,Zaggle Prepaid Ocean Services Limited,Updates,Zaggle Prepaid Ocean Services Limited has informed the Exchange regarding 'Intimation of Award' received by the Company as   Fintech Brand of the Year  at the 5th Edition BW Businessworld Fintech Awards 2025.,03-Jul-2025 16:41:01,https://nsearchives.nseindia.com/corporate/ZAGGLE_03072025163817_SEBI_Intimation_-_BW_Fintech_Brand_of_the_Year__July_02_2025_.pdf,0.984,-0.04285714285714286,0.2503015995025635,1.0927166257612697e-05,Neutral
WSI,W S Industries (I) Limited,"Certificate under SEBI (Depositories and Participants) Regulations, 2018","W S Industries (I) Limited has informed the Exchange about Certificate under SEBI (Depositories and Participants) Regulations, 2018",03-Jul-2025 16:40:39,https://nsearchives.nseindia.com/corporate/WSI_03072025164033_WSI_Intimation_Reg74_5__June_SD.pdf,0.9721,0.10231092436974788,-0.10650244355201721,0.06313331193553301,Neutral
CHEMBOND,Chembond Material Technologies Limited,General Updates,Chembond Material Technologies Limited has informed the Exchange about General Updates,03-Jul-2025 16:40:38,https://nsearchives.nseindia.com/corporate/CHEMBOND_03072025164019_CMTLResponsetoBSE03072025SIGNED.pdf,-0.4588,-0.01184210526315789,-0.10382665693759918,0.24296793635362074,Negative
BIRLAMONEY,Aditya Birla Money Limited,Record Date,Aditya Birla Money Limited has informed the Exchange that Record date for the purpose of Meeting  is 22-Jul-2025.,03-Jul-2025 16:39:47,https://nsearchives.nseindia.com/corporate/BIRLAMONEY_03072025163206_AGM_and_Book_Closure_Date_Intimation_dt_03072025_Sgd.pdf,0.7184,0.0717032967032967,0.10364734381437302,0.08014374961312654,Neutral
TEJASNET,Tejas Networks Limited,Alteration Of Capital and Fund Raising-XBRL,Tejas Networks Limited has informed the Exchange regarding Allotment of Securities,03-Jul-2025 16:39:12,https://nsearchives.nseindia.com/corporate/xbrl/ALTERATION_OF_CAPITAL_AND_FUND_RAISING_1476871_03072025043911_WEB.xml,0.0772,-0.07142857142857142,-0.005447506904602051,0.2961902347496578,Negative
SILINV,SIL Investments Limited,Shareholders meeting,"SIL Investments Limited has informed the Exchange regarding Notice of Annual General Meeting to be held on July 29, 2025",03-Jul-2025 16:39:45,https://nsearchives.nseindia.com/corporate/SILINV_03072025163904_SIL-NoticeofAGM-2025_signed.pdf,-0.0739,0.01301587301587302,-0.0008865594863891602,0.11608912008981853,Neutral
IGCL,Indogulf Cropsciences Limited,Trading Window-XBRL,Indogulf Cropsciences Limited has informed the Exchange about Closure of Trading Window,03-Jul-2025 16:38:24,https://nsearchives.nseindia.com/corporate/xbrl/CLOSURE_TRADING_WINDOW_1476870_03072025043824_WEB.xml,-0.2263,-0.07142857142857142,-0.021228119730949402,0.3761604486099311,Negative
TEJASNET,Tejas Networks Limited,ESOP/ESOS/ESPS,"Tejas Networks Limited has informed the Exchange regarding Allotment of 70,702  Shares pursuant to exercise of ESOP/RSU.",03-Jul-2025 16:37:33,https://nsearchives.nseindia.com/corporate/TEJASNET_03072025163632_ESOP_Intimationsd.pdf,0.802,0.1011904761904762,0.0007103458046913147,0.07908129635524178,Neutral
GAYAHWS,Gayatri Highways Limited,"Certificate under SEBI (Depositories and Participants) Regulations, 2018","Gayatri Highways Limited has informed the Exchange about Certificate under Regulation 74(5) of Securities and Exchange Board of India (Depositories and Participants) Regulations, 2018, for the 1st Quarter ended 30th June, 2025",03-Jul-2025 16:36:54,https://nsearchives.nseindia.com/corporate/GAYAHWS_03072025163621_GHL_Certificate_74_5__SEBI_DP__30062025_03072025.pdf,0.8834,-0.01534391534391533,0.14135509729385376,0.046872176694996104,Neutral
TERASOFT,Tera Software Limited,"Certificate under SEBI (Depositories and Participants) Regulations, 2018","Tera Software Limited has informed the Exchange about Certificate under SEBI (Depositories and Participants) Regulations, 2018",03-Jul-2025 16:36:02,https://nsearchives.nseindia.com/corporate/TERASOFT_03072025163541_Regulation74DP30062025.pdf,0.4588,-0.07232142857142855,0.16000767052173615,0.1597573255309037,Neutral
GKWLIMITED,GKW Limited,Notice Of Shareholders Meetings-XBRL,GKW LIMITED has informed the Exchange about Notice of Shareholders Meeting for Annual General Meeting to be held on 31-Jul-2025,03-Jul-2025 16:34:07,https://nsearchives.nseindia.com/corporate/xbrl/NOTICE_OF_SHAREHOLDERS_MEETINGS_1476868_03072025043406_WEB.xml,-0.3885,-0.010714285714285704,0.0061127617955207825,0.397739505761436,Negative
DYCL,Dynamic Cables Limited,Copy of Newspaper Publication,Dynamic Cables Limited has informed the Exchange about Copy of Newspaper Publication,03-Jul-2025 16:36:53,https://nsearchives.nseindia.com/corporate/DYNAMICCABLES_03072025163647_BSENSENEWSPAPER.pdf,0.986,0.07380952380952381,-0.10391175746917725,0.06471363849866957,Neutral
MAPMYINDIA,C.E. Info Systems Limited,Copy of Newspaper Publication,C.E. Info Systems Limited has informed the Exchange about Copy of Newspaper Publication regarding 30th AGM of the Company,03-Jul-2025 16:35:32,https://nsearchives.nseindia.com/corporate/MAPMYINDIA_03072025163517_Newspaper_Advt_AGM_Intimation.pdf,0.5574,0.02157009657009657,0.15227612853050232,0.11826625117901121,Neutral
EMAMIPAP,Emami Paper Mills Limited,Notice Of Shareholders Meetings-XBRL,EMAMI PAPER MILLS LIMITED has informed the Exchange about Notice of Shareholders Meeting for Postal Ballot,03-Jul-2025 16:33:26,https://nsearchives.nseindia.com/corporate/xbrl/NOTICE_OF_SHAREHOLDERS_MEETINGS_1476867_03072025043326_WEB.xml,-0.3885,-0.07142857142857142,-0.01025240495800972,0.4139733506089875,Negative
IGCL,Indogulf Cropsciences Limited,Trading Window-XBRL,INDOGULF CROPSCIENCES LIMITED has informed the Exchange about Closure of Trading Window,03-Jul-2025 16:30:22,https://nsearchives.nseindia.com/corporate/xbrl/CLOSURE_TRADING_WINDOW_1476864_03072025043021_WEB.xml,-0.3885,-0.07142857142857142,-0.03113175928592682,0.41918635849867547,Negative
MANAKCOAT,Manaksia Coated Metals & Industries Limited,Change in Auditors,Manaksia Coated Metals & Industries Limited has informed the Exchange regarding Change in Auditors of the company.,03-Jul-2025 16:29:57,https://nsearchives.nseindia.com/corporate/MANAKCOAT_03072025162945_ResignationofInternalauditors.pdf,-0.8807,0.030194805194805198,-0.05546607822179794,0.5279656870832304,Negative
MMTC,MMTC Limited,"Certificate under SEBI (Depositories and Participants) Regulations, 2018","MMTC Limited has informed the Exchange about Certificate under Reg. 74(5) SEBI (Depositories and Participants) Regulations, 2018",03-Jul-2025 16:29:49,https://nsearchives.nseindia.com/corporate/ajaymisra_03072025162909_74_5__finalSD.pdf,0.2023,-0.05169294990723561,-0.007926486432552338,0.261737433183442,Negative
WSI,W S Industries (I) Limited,Copy of Newspaper Publication,W S Industries (I) Limited has informed the Exchange about Copy of Newspaper Publication,03-Jul-2025 16:29:30,https://nsearchives.nseindia.com/corporate/WSI_03072025162909_WSI_Newspaper_Intimation_03072025_SD.pdf,0.6908,-0.004569892473118277,0.13204453885555267,0.09519701444647646,Neutral
CRISIL,CRISIL Limited,Record Date,"Intimation of record date for payment of Second Interim Dividend for financial year ending December 31, 2025, subject to approval of the Board of Directors at their Meeting to be held on July 22, 2025 and the same will be paid on August 8, 2025.",03-Jul-2025 16:29:30,https://nsearchives.nseindia.com/corporate/CRISIL_03072025162848_SignedBSENSE.pdf,0.91,0.01774891774891775,0.06766797602176666,0.14796872662710941,Neutral
PONNIERODE,Ponni Sugars (Erode) Limited,General Updates,Ponni Sugars (Erode) Limited has informed the Exchange about General Updates,03-Jul-2025 16:28:40,https://nsearchives.nseindia.com/corporate/PONNIERODE_03072025162810_Ponnisugarskycintimation.pdf,0.9607,0.041705069124423975,-0.04645867645740509,0.1369060832797932,Neutral
AEGISLOG,Aegis Logistics Limited,Updates,Aegis Logistics Limited has informed the Exchange regarding 'Commissioning of LPG Cryogenic Terminal at Pipavav by the Company.'.,03-Jul-2025 16:27:08,https://nsearchives.nseindia.com/corporate/AEGISCHEM_03072025162453_ALL_Commissioning_Pipavav_S.pdf,-0.1531,0.0392857142857143,0.1487426608800888,0.29321121704833847,Negative
ONGC,Oil & Natural Gas Corporation Limited,Updates,"Oil & Natural Gas Corporation Limited has informed the Exchange regarding 'Signing of Heads of Agreement with Mitsui O.S.K lines Ltd, Japan (MOL)'.",03-Jul-2025 16:26:26,https://nsearchives.nseindia.com/corporate/ONGC_03072025162543_agreementsigning03072025Sd.pdf,0.9776,0.07038690476190476,-0.011127956211566925,0.1556978952945698,Neutral
INDIASHLTR,India Shelter Finance Corporation Limited,Copy of Newspaper Publication,India Shelter Finance Corporation Limited has informed the Exchange about Copy of Newspaper Publication,03-Jul-2025 16:26:14,https://nsearchives.nseindia.com/corporate/ISFC2010_03072025162553_Intimation_Newspaper_publication.pdf,0.9613,0.04885827664399093,0.06746406108140945,0.033035702194047056,Neutral
MARICO,Marico Limited,General Updates,"Please find enclosed an update on the operating performance and demand trends witnessed during the quarter ended June 30, 2025",03-Jul-2025 16:25:43,https://nsearchives.nseindia.com/corporate/marico_03072025162431_SEintimation.pdf,0.9975,0.07620238095238095,0.5383049845695496,0.5991898887792666,Positive
VSSL,Vardhman Special Steels Limited,Updates,Vardhman Special Steels Limited has informed the Exchange regarding 'Demat Report for the month ended June 2025'.,03-Jul-2025 16:25:30,https://nsearchives.nseindia.com/corporate/VSSL_03072025162433_Demat_June_25.pdf,0.9552,0.06316137566137567,0.12081919610500336,0.018358848883771317,Neutral
EMAMIPAP,Emami Paper Mills Limited,Shareholders meeting,"In continuation of our intimation dated 1st July, 2025 and 20th May, 2025 and in pursuant to Regulation 30 of SEBI (Listing Obligations and Disclosure Requirements) Regulations, 2015 please find the Notice of the Postal Ballot dated 1st July, 2025 along with the Explanatory Statement.",03-Jul-2025 16:24:54,https://nsearchives.nseindia.com/corporate/GAICH_03072025162412_epml_postal_ballot_01072025_ocr_signed.pdf,0.9741,0.03696911196911198,-0.032598040997982025,0.05722391080756212,Neutral
LTF,L&T Finance Limited,Board Meeting Intimation,L&T Finance Limited has informed the Exchange about Board Meeting to be held on 18-Jul-2025 to inter-alia consider and approve the Unaudited Financial results of the Company for the Quarterly ended June 2025 .,03-Jul-2025 16:23:37,https://nsearchives.nseindia.com/corporate/xbrl/PRIOR_INTIMATION_58972_1476858_03072025042336_WEB.xml,-0.2263,-0.03571428571428571,0.04832197725772858,0.351636039605311,Negative
EVERESTIND,Everest Industries Limited,"Certificate under SEBI (Depositories and Participants) Regulations, 2018","Pursuant to Regulation 74(5) of SEBI (Depositories and Participants) Regulations, 2018, please find enclosed herewith certificate for the quarter ended June 30, 2025 duly certified by MCS Share Transfer Agent Limited, Registrar and Share Transfer Agent of the Company.",03-Jul-2025 16:21:45,https://nsearchives.nseindia.com/corporate/EVERESTINDUSTRIES_03072025161912_ComplianceCertificate74_5_.pdf,0.9287,-0.07759740259740258,-0.02122601494193077,0.08864778348553876,Neutral
EMAMILTD,Emami Limited,Analysts/Institutional Investor Meet/Con. Call Updates,Emami Limited has informed the Exchange about Schedule of meet,03-Jul-2025 16:19:46,https://nsearchives.nseindia.com/corporate/EMAMILTD_03072025161857_Intimation_Investors_Meet_31st_July_2025_signed.pdf,0.0258,-0.003290043290043289,0.05048127472400665,0.28158391700299273,Negative
SUTLEJTEX,Sutlej Textiles and Industries Limited,Shareholders meeting,"Sutlej Textiles and Industries Limited has informed the Exchange regarding Notice of Annual General Meeting to be held on July 29, 2025",03-Jul-2025 16:18:58,https://nsearchives.nseindia.com/corporate/SUTLEJTEX_03072025161749_STILAGM_Notice2024-25.pdf,0.9325,0.004263565891472876,-0.03874797374010086,0.07570722389648588,Neutral
ERIS,Eris Lifesciences Limited,Copy of Newspaper Publication,Eris Lifesciences Limited has informed the Exchange about Copy of Newspaper Publication,03-Jul-2025 16:18:25,https://nsearchives.nseindia.com/corporate/ERIS_03072025161814_Intimationsigned.pdf,-0.128,-0.027551020408163263,0.24499692022800446,0.27616999349484633,Negative
ALKEM,Alkem Laboratories Limited,Notice Of Shareholders Meetings-XBRL,ALKEM LABORATORIES LIMITED has informed the Exchange about Notice of Shareholders Meeting for Postal Ballot,03-Jul-2025 16:12:47,https://nsearchives.nseindia.com/corporate/xbrl/NOTICE_OF_SHAREHOLDERS_MEETINGS_1476849_03072025041246_WEB.xml,-0.3885,-0.07142857142857142,-0.017545923590660095,0.4157966408601829,Negative
TVSHLTD,TVS Holdings Limited,"Certificate under SEBI (Depositories and Participants) Regulations, 2018","TVS Holdings Limited has informed the Exchange about Certificate under SEBI (Depositories and Participants) Regulations, 2018",03-Jul-2025 16:13:35,https://nsearchives.nseindia.com/corporate/SUNCLAYLTD_03072025161249_TVSHBSENSEINTIMATIONSD.pdf,0.743,-0.008154761904761894,-0.11449374258518219,0.1444960374165149,Neutral
IEX,Indian Energy Exchange Limited,Press Release,"Indian Energy Exchange Limited has informed the Exchange regarding a press release dated July 03, 2025, titled ""IEX POWER MARKET UPDATE, JUNE'25 AND Q1FY 26"".",03-Jul-2025 16:16:12,https://nsearchives.nseindia.com/corporate/IEX_03072025161602_Signed_IEX_Media_Release_Power_Market_Update_June25.pdf,0.9756,0.025028156125717103,0.07097630202770233,0.03334873758670237,Neutral
ICICIGI,ICICI Lombard General Insurance Company Limited,Pendency of Litigation(s)/dispute(s) or the outcome impacting the Company,ICICI Lombard General Insurance Company Limited has informed the Exchange about Pendency of Litigation(s)/dispute(s) or the outcome impacting the Company,03-Jul-2025 16:11:50,https://nsearchives.nseindia.com/corporate/ICICIGI_03072025161114_SE_Intimation_-_High_court_order_Co_and_RI.pdf,-0.6808,0.1165090465090465,-0.048345476388931274,0.4589685201855145,Negative
INFOBEAN,InfoBeans Technologies Limited,Board Meeting Intimation,INFOBEANS TECHNO. LTD. has informed the Exchange about Board Meeting to be held on 09-Jul-2025 to consider Other business.,03-Jul-2025 16:11:24,https://nsearchives.nseindia.com/corporate/xbrl/PRIOR_INTIMATION_58971_1476847_03072025041123_WEB.xml,0.0,-0.125,0.020220167934894562,0.3199446897953749,Negative
INSECTICID,Insecticides (India) Limited,Credit Rating,Insecticides (India) Limited has informed the Exchange about Credit Rating,03-Jul-2025 16:11:25,https://nsearchives.nseindia.com/corporate/INSECTICID_03072025161115_STXIntimation_03072025.pdf,0.9501,-0.04404761904761904,0.3536764085292816,0.018358202075390573,Neutral
ACLGATI,Allcargo Gati Limited,General Updates,"Intimation under Regulation 30 of Securities and Exchange Board of India (Listing Obligations and Disclosure Requirements) Regulations, 2015 (the  Listing Regulations ) regarding hearing of the Composite Scheme of Arrangement",03-Jul-2025 16:10:47,https://nsearchives.nseindia.com/corporate/GATI_03072025161034_SignedScheme_update_intimation.pdf,-0.1027,-0.014126984126984122,-0.0578421875834465,0.3429516453966735,Negative
THEINVEST,The Investment Trust Of India Limited,"Certificate under SEBI (Depositories and Participants) Regulations, 2018","The Investment Trust Of India Limited has informed the Exchange about Certificate under SEBI (Depositories and Participants) Regulations, 2018",03-Jul-2025 16:09:10,https://nsearchives.nseindia.com/corporate/THEINVEST_03072025160859_TITIL_Cert_RTA_Reg74_5__June25.pdf,0.9831,0.05674603174603175,-0.12407854199409485,0.07388398505752047,Neutral
ABREL,Aditya Birla Real Estate Limited,General Updates,Aditya Birla Real Estate Limited has informed the Exchange about Certificate relating to Commercial Paper of the Company,03-Jul-2025 16:07:43,https://nsearchives.nseindia.com/corporate/CENTURYTEX_03072025160540_FinalCPcertificate.pdf,-0.8934,0.01567460317460318,0.028074484318494797,0.513192256157999,Negative
KRISHIVAL,Krishival Foods Limited,Board Meeting Intimation,KRISHIVAL FOODS LIMITED has informed the Exchange about Board Meeting to be held on 11-Jul-2025 to consider Other business.,03-Jul-2025 16:07:24,https://nsearchives.nseindia.com/corporate/xbrl/PRIOR_INTIMATION_58970_1476844_03072025040724_WEB.xml,-0.3885,-0.09821428571428571,0.015594376251101494,0.412868404773197,Negative
JAYBARMARU,Jay Bharat Maruti Limited,Copy of Newspaper Publication,Jay Bharat Maruti Limited has informed the Exchange about Copy of Newspaper Publications,03-Jul-2025 16:07:39,https://nsearchives.nseindia.com/corporate/JAYBARMARUT_03072025160729_Intimation_signed.pdf,-0.1027,0.017732267732267732,-0.04412057623267174,0.13315699177933826,Neutral
PPLPHARMA,Piramal Pharma Limited,Copy of Newspaper Publication,Piramal Pharma Limited has informed the Exchange about Copy of Newspaper Publication,03-Jul-2025 16:05:47,https://nsearchives.nseindia.com/corporate/pratibhamishra_03072025160533_SE_Intimation_-_Post_Dispatch.pdf,0.8573,0.04333331198715814,0.13742579519748688,0.042640802339268424,Neutral
HEG,HEG Limited,Updates,"HEG Limited has informed the Exchange regarding 'Intimation of AGM Date, Record Date, Book Closure Date, Cut-Off Date.'.",03-Jul-2025 16:04:50,https://nsearchives.nseindia.com/corporate/HEG_03072025160436_Stxintimation_53rdAGMDate_Signed.pdf,0.7096,-0.034960317460317455,-0.060823310166597366,0.05520302091735224,Neutral
JLHL,Jupiter Life Line Hospitals Limited,Credit Rating- Revision,"Intimation regarding Credit Rating under Regulation 30 of the SEBI (Listing Obligationsand Disclosure Requirements) Regulations, 2015",03-Jul-2025 16:04:13,https://nsearchives.nseindia.com/corporate/JUPITER2023_03072025160354_Credit_Rating_07_2025.pdf,0.9901,0.09308321308321309,-0.004048250615596771,0.07247183507825247,Neutral
OBEROIRLTY,Oberoi Realty Limited,Shareholders meeting,"Oberoi Realty Limited has informed the Exchange regarding voting results of  Annual General Meeting held on July 02, 2025",03-Jul-2025 16:04:07,https://nsearchives.nseindia.com/corporate/OBEROIRLTY_03072025160328_Signed_Regulation_44_.pdf,0.5106,0.029568106312292362,-0.02952400967478752,0.026182940708843444,Neutral
BIRLAMONEY,Aditya Birla Money Limited,Notice Of Shareholders Meetings-XBRL,ADITYA BIRLA MONEY LIMITED has informed the Exchange about Notice of Shareholders Meeting for Annual General Meeting to be held on 29-Jul-2025,03-Jul-2025 16:03:18,https://nsearchives.nseindia.com/corporate/xbrl/NOTICE_OF_SHAREHOLDERS_MEETINGS_1476837_03072025040317_WEB.xml,-0.3885,-0.010714285714285704,-0.005250424146652222,0.4005799267377172,Negative
CCCL,Consolidated Construction Consortium Limited,"Certificate under SEBI (Depositories and Participants) Regulations, 2018","Consolidated Construction Consortium Limited has informed the Exchange about Certificate under SEBI (Depositories and Participants) Regulations, 2018",03-Jul-2025 16:03:05,https://nsearchives.nseindia.com/corporate/CCCL_03072025160250_CCCLRegulation74_5_.pdf,0.872,-0.0029029793735676048,-6.454437971115112e-05,0.08258927542857991,Neutral
ORIENTCEM,Orient Cement Limited,Change in Auditors,Orient Cement Limited has informed the Exchange regarding Change in Auditors of the company.,03-Jul-2025 16:02:03,https://nsearchives.nseindia.com/corporate/ORIENTCEM_03072025160050_SignedFinalSEIntimationBMOutcomeJune2025.pdf,0.6369,0.01088850174216029,0.01074269786477089,0.06409221931421283,Neutral
SARDAEN,Sarda Energy & Minerals Limited,Copy of Newspaper Publication,Sarda Energy & Minerals Limited has informed the Exchange about Copy of Newspaper Publication,03-Jul-2025 16:02:53,https://nsearchives.nseindia.com/corporate/SARDAEN_03072025160139_SEML_Update_03072025.pdf,0.9022,-0.047619047619047616,0.004760615527629852,0.1172339575306291,Neutral
SINCLAIR,Sinclairs Hotels Limited,Copy of Newspaper Publication,"Sinclairs Hotels Limited has informed the Exchange about Copy of Newspaper Publication of information regarding 53rd Annual General Meeting of Company scheduled to be held on Wednesday, August 6, 2025, at 11.00 A.M. (IST) through video conferencing/other audio visual means as published on July 3, 2027, pursuant to Ministry of Corporate Affairs Circular No. 20/2020 dated May 5, 2020",03-Jul-2025 15:59:48,https://nsearchives.nseindia.com/corporate/SINCLAIRS_03072025155907_Prior_notice_dispatch_Newsapaper_Advertisement.pdf,-0.4588,0.029081632653061233,0.10520189255475998,0.38258060752865003,Negative
ORIENTCEM,Orient Cement Limited,Dividend,"Orient Cement Limited has informed the Exchange that Board of Directors at its meeting held on July 03, 2025, declared  Dividend of Rs. 0.50 per equity share.",03-Jul-2025 15:59:09,https://nsearchives.nseindia.com/corporate/ORIENTCEM_03072025155714_SignedFinalSEIntimationBMOutcomeJune2025.pdf,0.7506,0.01088850174216029,0.022981101647019386,0.09557524669715287,Neutral
CRAFTSMAN,Craftsman Automation Limited,Analysts/Institutional Investor Meet/Con. Call Updates,Craftsman Automation Limited has informed the Exchange about Schedule of meet,03-Jul-2025 15:59:38,https://nsearchives.nseindia.com/corporate/CRAFTSMAN_03072025155920_Earningscallintimation30072025.pdf,0.6414,-0.007563025210084031,0.0729498565196991,0.12290809994415072,Neutral
NECLIFE,Nectar Lifesciences Limited,Board Meeting Intimation,NECTAR LIFESCIENCES LIMITED has informed the Exchange about Board Meeting to be held on 07-Jul-2025 to consider and approve the Yearly Audited Financial results of the Company for the period ended March 2025 and Other business.,03-Jul-2025 15:57:14,https://nsearchives.nseindia.com/corporate/xbrl/PRIOR_INTIMATION_58969_1476833_03072025035714_WEB.xml,-0.3885,-0.06547619047619048,0.044397830963134766,0.3991177941617512,Negative
BIRLAMONEY,Aditya Birla Money Limited,Shareholders meeting,"Aditya Birla Money Limited has informed the Exchange regarding Notice of Annual General Meeting to be held on July 29, 2025",03-Jul-2025 15:54:38,https://nsearchives.nseindia.com/corporate/BIRLAMONEY_03072025154842_Intimation_ABML_Notice_of_AGM_FY_24_25__Sgd.pdf,0.8271,0.0009740259740259781,0.009271033108234406,0.09070919999592492,Neutral
TVSMOTOR,TVS Motor Company Limited,"Certificate under SEBI (Depositories and Participants) Regulations, 2018","TVS Motor Company Limited has informed the Exchange about Certificate under SEBI (Depositories and Participants) Regulations, 2018",03-Jul-2025 15:54:45,https://nsearchives.nseindia.com/corporate/TVSMOTOR_03072025155418_NSEBSEIntimation_sd.pdf,0.8934,0.04490740740740741,0.00571015477180481,0.06622656742246064,Neutral
FEDERALBNK,The Federal Bank  Limited,"Certificate under SEBI (Depositories and Participants) Regulations, 2018","The Federal Bank  Limited has informed the Exchange about Certificate under SEBI (Depositories and Participants) Regulations, 2018",03-Jul-2025 15:52:47,https://nsearchives.nseindia.com/corporate/FEDERALBNK_03072025155207_FBL_Reg_74_5__June_2025_S.pdf,0.8922,0.1526190476190476,-0.016478627920150757,0.050540339987050875,Neutral
PNGJL,P N Gadgil Jewellers Limited,Change in Directors/ Key Managerial Personnel/ Auditor/ Compliance Officer/ Share Transfer Agent,P N Gadgil Jewellers Limited has informed the Exchange about Change in Directors/ Key Managerial Personnel/ Auditor/ Compliance Officer/ Share Transfer Agent,03-Jul-2025 15:50:51,https://nsearchives.nseindia.com/corporate/xbrl/CIM_58968_1476827_03072025035050_WEB.xml,0.3612,-0.023809523809523808,-0.06933467090129852,0.23174107000004673,Negative
HEG,HEG Limited,General Updates,"HEG Limited has informed the Exchange about Intimation for 53rd Annual General Meeting scheduled to be held through Video Conferencing/ Other Audio Visual Means (""VC/OAVM"") only",03-Jul-2025 15:51:46,https://nsearchives.nseindia.com/corporate/HEG_03072025155130_Stxintimation_53rdAGMDate_Signed.pdf,0.7096,-0.03068027210884353,-0.06120343878865242,0.055963926306559525,Neutral
CCCL,Consolidated Construction Consortium Limited,Copy of Newspaper Publication,Consolidated Construction Consortium Limited has informed the Exchange about Copy of Newspaper Publication,03-Jul-2025 15:57:57,https://nsearchives.nseindia.com/corporate/CCCL_03072025155727_CCCL_AGM_NOTICE_NEWSPAPER_AD_03072025.pdf,0.8519,0.07300556586270872,0.10520565509796143,0.04612093525313271,Neutral
BOSCHLTD,Bosch Limited,Action(s) initiated or orders passed,Bosch Limited has informed the Exchange about Action(s) initiated or orders passed,03-Jul-2025 15:50:32,https://nsearchives.nseindia.com/corporate/BOSCHCST_03072025154950_L2SEJuly032025.pdf,-0.7184,-0.07515379357484621,-0.20389392971992493,0.5454377474906994,Negative
ORIENTCEM,Orient Cement Limited,Record Date,Orient Cement Limited has informed the Exchange that Record date for the purpose of Dividend  is 25-Jul-2025.,03-Jul-2025 15:50:25,https://nsearchives.nseindia.com/corporate/ORIENTCEM_03072025153449_SignedFinalSEIntimationBMOutcomeJune2025.pdf,0.6369,0.01088850174216029,0.02430192567408085,0.06748050634809855,Neutral
ALKEM,Alkem Laboratories Limited,Shareholders meeting,Alkem Laboratories Limited has informed the Exchange regarding Notice of Postal Ballot,03-Jul-2025 15:50:45,https://nsearchives.nseindia.com/corporate/ALKEM_03072025154951_IntimationtoSEPostalBallotNoticeJuly2025signed.pdf,-0.9716,0.04788359788359789,-0.025265131145715714,0.5396342703172533,Negative
PIONEEREMB,Pioneer Embroideries Limited,Copy of Newspaper Publication,Pioneer Embroideries Limited has informed the Exchange about Copy of Newspaper Publication,03-Jul-2025 15:46:32,https://nsearchives.nseindia.com/corporate/PIONEEREMB_03072025154556_COVPREAGMNOTICE.pdf,0.1027,-0.02448979591836734,0.018842216581106186,0.2745094188456937,Negative
OCCL,Oriental Carbon & Chemicals Limited,Copy of Newspaper Publication,Oriental Carbon & Chemicals Limited has informed the Exchange about Copy of Newspaper Publication,03-Jul-2025 15:45:41,https://nsearchives.nseindia.com/corporate/OCCLCEO_03072025154427_NEwspaperAGV.pdf,-0.6486,-0.0038819875776397424,-0.006896395236253738,0.2646489227619692,Negative
MUTHOOTMF,Muthoot Microfin Limited,Updates,Muthoot Microfin Limited has informed the Exchange regarding 'Certificate under Regulation 6(1) and Regulation 7(1) of SEBI (LODR) Regulations'.,03-Jul-2025 15:44:21,https://nsearchives.nseindia.com/corporate/muthootmicrofin_03072025154410_R_6_and_7_June2025_SD.pdf,0.7906,0.027349121466768527,0.11977933347225189,0.0668997583656524,Neutral
XLENERGY,XL Energy Limited,Other Restructuring,XL Energy Limited has informed the Exchange about capital reduction as per approved resolution plan by Hon'ble National Company Law Tribunal.,03-Jul-2025 15:44:06,https://nsearchives.nseindia.com/corporate/XLENERGY_03072025154302_IntimationtoBSEandNSEforReduction_and_allotment.pdf,0.9955,-0.006989247311827951,-0.3042108416557312,0.12856765630040118,Neutral
HEG,HEG Limited,Record Date,HEG Limited has informed the Exchange that Record date for the purpose of Dividend  is 13-Aug-2025.,03-Jul-2025 15:46:47,https://nsearchives.nseindia.com/corporate/HEG_03072025154513_Stxintimation_53rdAGMDate_Signed.pdf,0.7096,-0.034960317460317455,-0.056840624660253525,0.05619871017533162,Neutral
IKS,Inventurus Knowledge Solutions Limited,Investor Presentation,Inventurus Knowledge Solutions Limited has informed the Exchange about Investor Presentation,03-Jul-2025 15:43:18,https://nsearchives.nseindia.com/corporate/ShubhamIKS_03072025154259_20250703ConferenceCallPresentation.pdf,0.383,0.12911654135338346,-0.06536099314689636,0.005238799911244485,Neutral
MANKIND,Mankind Pharma Limited,General Updates,Intimation of the date of 34th Annual General Meeting of the Company,03-Jul-2025 15:43:12,https://nsearchives.nseindia.com/corporate/MANKIND4_03072025154301_intimation_sd.pdf,0.8126,0.12857142857142856,0.2069716900587082,0.019356134914500334,Neutral
CYIENTDLM,Cyient DLM Limited,Shareholders meeting,"Cyient Dlm Limited has informed the Exchange regarding Proceedings of Annual General Meeting held on July 03, 2025",03-Jul-2025 15:39:43,https://nsearchives.nseindia.com/corporate/9880504433_03072025153847_DLM_AGM_Outcome_0307_final.pdf,0.9136,-0.006071428571428565,0.021899811923503876,0.1326632779500314,Neutral
QUINTEGRA,Quintegra Solutions Limited,Updates,Quintegra Solutions Limited has informed the Exchange regarding '74(5) Certificate'.,03-Jul-2025 15:38:06,https://nsearchives.nseindia.com/corporate/QUINTEGRA_03072025153721_QSL_74_5__Certificate_to_SE.pdf,0.8735,0.07566964285714287,-0.16500629484653473,0.10773956954053471,Neutral
POCL,Pondy Oxides & Chemicals Limited,Analysts/Institutional Investor Meet/Con. Call Updates,Pondy Oxides & Chemicals Limited has informed the Exchange about Schedule of meet,03-Jul-2025 15:37:47,https://nsearchives.nseindia.com/corporate/POCL_03072025153738_InvestorMeetPOCL08072025sd.pdf,0.3612,-0.04778911564625849,-0.08324975520372391,0.24006702539797137,Negative
MUTHOOTMF,Muthoot Microfin Limited,Structural Digital Database,"SDD Compliance Certificate as on June 30, 2025",03-Jul-2025 15:37:23,https://nsearchives.nseindia.com/corporate/muthootmicrofin_03072025153712_SDD_Compliance_Certificate_June_2025_Sd.pdf,0.296,-0.050595238095238096,-0.0464656800031662,0.24768041080946013,Negative
UCOBANK,UCO Bank,General Updates,UCO Bank has informed the Exchange about Provisional Business Figures for June 2025,03-Jul-2025 15:37:12,https://nsearchives.nseindia.com/corporate/UCOBANK_03072025153636_Provisional_Business_Figures_June_2025DSC.pdf,0.7351,0.05412698412698413,-0.028005406260490417,0.11240056134907028,Neutral
APLLTD,Alembic Pharmaceuticals Limited,Updates,"Alembic Pharmaceuticals Limited has informed the Exchange regarding 'Intimation under Regulation 30 of SEBI (Listing Obligations and Disclosure Requirements) Regulations, 2015'.",03-Jul-2025 15:35:49,https://nsearchives.nseindia.com/corporate/APLLTD_03072025153536_APL_Sikkim_SE_Signed.pdf,0.9501,0.0840816326530612,0.09248542785644531,0.022515054170452797,Neutral
PNGJL,P N Gadgil Jewellers Limited,Change in Management,P N Gadgil Jewellers Limited has informed the Exchange about change in Management regarding appointment and change in designation,03-Jul-2025 15:35:24,https://nsearchives.nseindia.com/corporate/PNGJEWELLERS_03072025153506_Intimationofchangeindesignationandappointment.pdf,0.9607,0.08107553366174053,0.090394988656044,0.021004065071841604,Neutral
RELIANCE,Reliance Industries Limited,Updates,"Please find attached a media release by Reliance Retail Ventures Limited, a subsidiary of the Company, titled  RELIANCE RETAIL STRENGTHENS BEAUTY PLAY WITH STRATEGIC INVESTMENT IN UK-BASED FACEGYM .",03-Jul-2025 15:33:10,https://nsearchives.nseindia.com/corporate/kavinavora_03072025153242_SE_03072025.pdf,0.9993,0.12343260188087776,0.33429890871047974,0.34079489838120336,Positive
MAHSCOOTER,Maharashtra Scooters Limited,Shareholders meeting,"Maharashtra Scooters Limited has submitted the Exchange a copy Srutinizers report of  Postal Ballot. Further, the company has informed the Exchange regarding voting results.",03-Jul-2025 15:31:56,https://nsearchives.nseindia.com/corporate/MAHSCOOTER_03072025152935_Sign_MSL_Scrutinisers_report.pdf,0.91,-0.01832482993197278,0.07534332573413849,0.05732482513704268,Neutral
OCCLLTD,OCCL Limited,Copy of Newspaper Publication,OCCL Limited has informed the Exchange about Copy of Newspaper Publication,03-Jul-2025 15:31:51,https://nsearchives.nseindia.com/corporate/OCCLLTD_03072025153138_stx.pdf,0.9818,0.046232162898829574,0.005717329680919647,0.04387140973984177,Neutral
BHARATFORG,Bharat Forge Limited,Incorporation,Bharat Forge Limited has informed the Exchange about Incorporation,03-Jul-2025 15:31:45,https://nsearchives.nseindia.com/corporate/ANILSHINDE_03072025152937_SEIntimation_-_WOS_KSSL.pdf,0.9666,-0.01503061978671734,-0.03727373853325844,0.1293275156509801,Neutral
AKZOINDIA,Akzo Nobel India Limited,General Updates,Akzo Nobel India Limited has informed the Exchange about General Updates,03-Jul-2025 15:31:31,https://nsearchives.nseindia.com/corporate/AKZOINDIA_03072025153114_AkzoNobelIndialetterwithWeblinkandQRcodeAR2025toSEs.pdf,0.9821,0.060056390977443606,0.25927966833114624,0.02236127359401019,Neutral
ORIENTCEM,Orient Cement Limited,Outcome of Board Meeting,"Orient Cement Limited has informed the Exchange regarding Outcome of Board Meeting held on July 03, 2025.",03-Jul-2025 15:31:28,https://nsearchives.nseindia.com/corporate/ORIENTCEM_03072025152256_SignedFinalSEIntimationBMOutcomeJune2025.pdf,0.6369,0.01088850174216029,0.02803470753133297,0.06841386274495248,Neutral
WAAREEENER,Waaree Energies Limited,Copy of Newspaper Publication,Waaree Energies Limited has informed the Exchange about Copy of Newspaper Publication,03-Jul-2025 15:31:02,https://nsearchives.nseindia.com/corporate/WAAREE_03072025153055_NewspaperPublicationPostdispatch03072025.pdf,0.9231,0.09444444444444444,0.22915640473365784,0.006955171602302135,Neutral
CRAFTSMAN,Craftsman Automation Limited,Board Meeting Intimation,CRAFTSMAN AUTOMATION LIMITED has informed the Exchange about Board Meeting to be held on 29-Jul-2025 to consider and approve the Quarterly Unaudited Financial results of the Company for the period ended June 2025 and Other business.,03-Jul-2025 15:26:42,https://nsearchives.nseindia.com/corporate/xbrl/PRIOR_INTIMATION_58967_1476813_03072025032641_WEB.xml,-0.3885,-0.06547619047619048,0.0357736237347126,0.40127474003852837,Negative
NATHBIOGEN,Nath Bio-Genes (India) Limited,Resignation of Independent director,NATH BIO-GENES (INDIA) LIMITED has informed the Exchange about Resignation of Independent director.,03-Jul-2025 15:26:40,https://nsearchives.nseindia.com/corporate/NATHBIOGEN_ROID_58966_KMP_Doc.zip,-0.7213,-0.023809523809523808,-0.06098435819149017,0.49802931651245985,Negative
NBCC,NBCC (India) Limited,Updates,"NBCC (India) Limited has informed the Exchange regarding 'Intimation of work order received by NBCC in normal course of                 business, amounting Rs. 65.73 Crore (approx.)'.",03-Jul-2025 15:26:01,https://nsearchives.nseindia.com/corporate/NBCC_03072025152541_intimationofowrkorder03072025nsebsed.pdf,0.9953,0.03786630036630037,0.05625225231051445,0.029537782779439692,Neutral
GENESYS,Genesys International Corporation Limited,Alteration Of Capital and Fund Raising-XBRL,GENESYS INTERNATIONAL CORPORATION LIMITED has informed the Exchange regarding Allotment of Securities,03-Jul-2025 15:26:00,https://nsearchives.nseindia.com/corporate/xbrl/ALTERATION_OF_CAPITAL_AND_FUND_RAISING_1476809_03072025032559_WEB.xml,-0.1111,-0.03571428571428571,-0.0014099515974521637,0.3351770935754691,Negative
NATHBIOGEN,Nath Bio-Genes (India) Limited,Resignation,"Nath Bio-Genes (India) Limited has informed the Exchange regarding Resignation of Ms Shipra Agrawal as Other of the company w.e.f. July 03, 2025.",03-Jul-2025 15:21:08,https://nsearchives.nseindia.com/corporate/NATHBIOGEN_03072025152054_NBIL_SHIPRA_RESIGN_030725_SIGN.pdf,-0.9186,-0.045168067226890755,-0.11162368953227997,0.5665465489586361,Negative
EXIDEIND,Exide Industries Limited,Copy of Newspaper Publication,Exide Industries Limited has informed the Exchange about Copy of Newspaper Publication after dispatch of Integrated Annual Report to Shareholders,03-Jul-2025 15:21:23,https://nsearchives.nseindia.com/corporate/EXIDEIND_03072025152055_SDSEPOSTDISPATCH.pdf,0.7096,0.05428571428571429,0.12080061435699463,0.08154016439574105,Neutral
RAMCOCEM,The Ramco Cements Limited,Updates,The Ramco Cements Limited has informed the Exchange regarding 'certificate under reg 74(5)'.,03-Jul-2025 15:20:48,https://nsearchives.nseindia.com/corporate/RAMCOCEM_03072025151948_BseNse30062025745.pdf,-0.8591,0.0071428571428571435,0.1566542387008667,0.4741775402409689,Negative
UNITEDTEA,The United Nilgiri Tea Estates Company Limited,Updates,The United Nilgiri Tea Estates Company Limited has informed the Exchange regarding 'Certificate Under Regulation 74(5) of SEBI for June 2025'.,03-Jul-2025 15:20:10,https://nsearchives.nseindia.com/corporate/kpsarathy_03072025151946_Certificate_under_Regulation_74_5_June_2025.pdf,0.9796,0.04610389610389611,-0.09458281099796295,0.06951977368740286,Neutral
PHOENIXLTD,The Phoenix Mills Limited,Alteration Of Capital and Fund Raising-XBRL,The Phoenix Mills Limited has informed the Exchange regarding Allotment of Securities,03-Jul-2025 15:17:36,https://nsearchives.nseindia.com/corporate/xbrl/ALTERATION_OF_CAPITAL_AND_FUND_RAISING_1476805_03072025031735_WEB.xml,0.0772,-0.07142857142857142,-0.0070731304585933685,0.296493447116656,Negative
MOBIKWIK,One Mobikwik Systems Limited,Press Release,"One Mobikwik Systems Limited has informed the Exchange regarding a press release dated July 03, 2025, titled ""MobiKwik Subsidiary Gets SEBI Nod to Act as a Stock Broker"".",03-Jul-2025 15:18:59,https://nsearchives.nseindia.com/corporate/MOBIKWIK_03072025151833_Press_Release_03072025.pdf,0.9872,0.039196428571428577,0.727155864238739,0.13660788825239456,Neutral
SEAMECLTD,Seamec Limited,"Certificate under SEBI (Depositories and Participants) Regulations, 2018","Seamec Limited has informed the Exchange about Certificate under SEBI (Depositories and Participants) Regulations, 2018",03-Jul-2025 15:15:48,https://nsearchives.nseindia.com/corporate/SEAMECLTD_03072025151539_CertificateREG74BSENSE03072025.pdf,0.9723,0.027083333333333338,-0.08567778766155243,0.07291156182487804,Neutral
SENCO,Senco Gold Limited,"Certificate under SEBI (Depositories and Participants) Regulations, 2018","Senco Gold Limited has informed the Exchange about Certificate of compliance under Regulation 74(5) of SEBI (Depositories and Participants) Regulations, 2018 for the quarter ended 30th June 2025",03-Jul-2025 15:15:59,https://nsearchives.nseindia.com/corporate/Sencogold_03072025151536_SGLREG74.pdf,0.8934,-0.02521008403361344,0.02441032975912094,0.07558106587481597,Neutral
NECLIFE,Nectar Lifesciences Limited,"Certificate under SEBI (Depositories and Participants) Regulations, 2018","Nectar Lifesciences Limited has informed the Exchange about Certificate under SEBI (Depositories and Participants) Regulations, 2018",03-Jul-2025 15:15:04,https://nsearchives.nseindia.com/corporate/NECLIFE_03072025151451_NECLIFE_Cert_Reg_74_5__250630.pdf,0.9756,0.030158730158730163,-0.049957916140556335,0.06254160398651684,Neutral
HPL,HPL Electric & Power Limited,Shareholders meeting,"HPL Electric & Power Limited has submitted the Exchange a copy Srutinizers report of  Postal Ballot. Further, the company has informed the Exchange regarding voting results.",03-Jul-2025 15:12:46,https://nsearchives.nseindia.com/corporate/HPL_03072025151140_ScrutinizersReportVotingResultsSigned.pdf,0.9001,0.05054590017825312,0.02617986500263214,0.058317778114020946,Neutral
PERSISTENT,Persistent Systems Limited,Analysts/Institutional Investor Meet/Con. Call Updates,Persistent Systems Limited has informed the Exchange about Schedule of meet,03-Jul-2025 15:10:37,https://nsearchives.nseindia.com/corporate/PERSISTENTUSER1_03072025151017_PSLIntimationJuly32025signed.pdf,0.9451,0.05631868131868133,0.0372777059674263,0.04313979876555579,Neutral
UNITEDTEA,The United Nilgiri Tea Estates Company Limited,Updates,The United Nilgiri Tea Estates Company Limited has informed the Exchange regarding 'Certificate Under Regulation 74(5) of SEBI Regulations 2018 for June 2025'.,03-Jul-2025 15:10:56,https://nsearchives.nseindia.com/corporate/kpsarathy_03072025151010_Certificate_under_Regulation_74_5_June_2025.pdf,0.7351,-0.03159340659340659,-0.017759017646312714,0.12697814283780345,Neutral
GVT&D,GE Vernova T&D India Limited,General Updates,GE Vernova T&D India Limited has informed the Exchange about General Updates,03-Jul-2025 15:09:37,https://nsearchives.nseindia.com/corporate/GETDIL1_03072025150918_GEVTDSettlementunderGSTAmenstyJuly32025.pdf,0.6124,-0.04672459893048128,-0.044546522200107574,0.167349345946551,Neutral
SIGNATURE,Signatureglobal (India) Limited,Copy of Newspaper Publication,Signatureglobal (India) Limited has informed the Exchange about Copy of Newspaper Publication - Postal Ballot Notice,03-Jul-2025 15:07:22,https://nsearchives.nseindia.com/corporate/SGLOBAL_03072025150705_newspaperpublsigned.pdf,0.2415,0.05698297914207006,-0.1592446118593216,0.26803728619945044,Negative
PHOENIXLTD,The Phoenix Mills Limited,ESOP/ESOS/ESPS,The Phoenix Mills Limited has informed the Exchange regarding Allotment of 1604  Shares.,03-Jul-2025 15:06:02,https://nsearchives.nseindia.com/corporate/PHOENIXLTD3_03072025150545_PMLESOPIntimation03072025.pdf,0.9674,-0.073015873015873,0.08184592425823212,0.05228815302271686,Neutral
ELGIEQUIP,Elgi Equipments Limited,Copy of Newspaper Publication,Elgi Equipments Limited has informed the Exchange about Copy of Newspaper Publication,03-Jul-2025 15:03:58,https://nsearchives.nseindia.com/corporate/ELGIEQUIP_03072025150228_IntimationofNewspaperadvertisementIEPF.pdf,0.7351,0.04285714285714287,0.1715415120124817,0.06476214951447076,Neutral
RPOWER,Reliance Power Limited,Press Release,"Reliance Power Limited has informed the Exchange regarding a press release dated July 03, 2025, titled ""Media Release"".",03-Jul-2025 15:02:14,https://nsearchives.nseindia.com/corporate/RPOWER_03072025150157_SignedMediaRelease.pdf,-0.8225,0.004894179894179901,0.23062613606452942,0.44698206617560965,Negative
MOBIKWIK,One Mobikwik Systems Limited,Granting/withdrawal/surrender/cancellation/suspension of key licenses/ regulatory approvals,"One Mobikwik Systems Limited has informed the Exchange about the granting of Certificate of Registration as stock broker/clearing member to Mobikwik Securities Broking Private Limited (wholly-owned subsidiary of the Company) under the SEBI (Stock-Brokers) Regulations, 1992",03-Jul-2025 15:01:23,https://nsearchives.nseindia.com/corporate/MOBIKWIK_03072025150054_Intimation_about_Securities_Broking_Registration.pdf,0.8271,-0.02385714285714285,-0.012055441737174988,0.10098654251524378,Neutral
AGI,AGI Greenpac Limited,Updates,AGI Greenpac Limited has informed the Exchange regarding 'voluntary partial prepayment of its Term Loans'.,03-Jul-2025 14:59:04,https://nsearchives.nseindia.com/corporate/HSIL_03072025145850_AGI_LoanPrePayment.pdf,-0.34,-0.00862708719851577,-0.030446164309978485,0.3943320768967906,Negative
RELINFRA,Reliance Infrastructure Limited,Press Release,"Reliance Infrastructure Limited has informed the Exchange regarding a press release dated July 03, 2025, titled ""Media Release"".",03-Jul-2025 14:57:13,https://nsearchives.nseindia.com/corporate/RELINFRA_03072025145455_Rinframediearelease03072025.pdf,-0.8834,-0.0343984962406015,-0.08490500599145889,0.5489442205518932,Negative
FIVESTAR,Five-Star Business Finance Limited,"Certificate under SEBI (Depositories and Participants) Regulations, 2018","Five-Star Business Finance Limited has informed the Exchange about Certificate under SEBI (Depositories and Participants) Regulations, 2018",03-Jul-2025 14:54:30,https://nsearchives.nseindia.com/corporate/FIVESTAR_03072025145420_Reg74.pdf,0.9287,0.015105946684894053,0.15911252796649933,0.02500740388730821,Neutral
BALPHARMA,Bal Pharma Limited,"Certificate under SEBI (Depositories and Participants) Regulations, 2018","Bal Pharma Limited has informed the Exchange about Certificate under SEBI (Depositories and Participants) Regulations, 2018",03-Jul-2025 14:54:17,https://nsearchives.nseindia.com/corporate/BALPHARMA_03072025145337_Regulation_74_5_.pdf,0.4588,-0.09928571428571428,-0.03228934109210968,0.21319164110166686,Negative
DMCC,DMCC SPECIALITY CHEMICALS LIMITED,Copy of Newspaper Publication,DMCC SPECIALITY CHEMICALS LIMITED has informed the Exchange about Copy of Newspaper Publication.,03-Jul-2025 14:52:30,https://nsearchives.nseindia.com/corporate/AYUSHI_03072025145126_DMCC_IEPF_Initmation_Lettermgdsd.pdf,0.9957,0.061947278911564645,-0.023368578404188156,0.04452452381209654,Neutral
TATAPOWER,Tata Power Company Limited,"Certificate under SEBI (Depositories and Participants) Regulations, 2018","Tata Power Company Limited has informed the Exchange about Certificate under SEBI (Depositories and Participants) Regulations, 2018",03-Jul-2025 14:50:54,https://nsearchives.nseindia.com/corporate/VPTPCL_03072025145043_Reg_74_5_.pdf,-0.25,-0.0107142857142857,0.007424909621477127,0.36275941425668345,Negative
AGIIL,Agi Infra Limited,Updates,Agi Infra Limited has informed the Exchange regarding 'Submission of Circular inviting deposits in Form DPT -1'.,03-Jul-2025 14:50:07,https://nsearchives.nseindia.com/corporate/AGIINFRA_03072025144741_FormDPT1.pdf,0.128,-0.03588039867109632,-0.003374103456735611,0.27601166625971907,Negative
VISHNU,Vishnu Chemicals Limited,Updates,Vishnu Chemicals Limited has informed the Exchange regarding Communication w.r.t TDS on dividend pay-out.,03-Jul-2025 14:50:03,https://nsearchives.nseindia.com/corporate/VISHNU_03072025144918_VCL_Communication_on_Tax_signed.pdf,0.9856,0.041620879120879126,0.16060753166675568,0.19487841908479786,Neutral
YATHARTH,Yatharth Hospital & Trauma Care Services Limited,Appointment,"Appointment of Mr. Ashutosh Kumar Jha as Group Chief   Strategy, M&A and Investor Relations as Senior Management Personnel.",03-Jul-2025 14:46:52,https://nsearchives.nseindia.com/corporate/YATHARTH_03072025144400_Appointment_of_SMP.pdf,-0.0258,0.06099439775910365,0.010446913540363312,0.09161282031244755,Neutral
RISHABH,Rishabh Instruments Limited,"Certificate under SEBI (Depositories and Participants) Regulations, 2018","Rishabh Instruments Limited has informed the Exchange about Certificate under SEBI (Depositories and Participants) Regulations, 2018",03-Jul-2025 14:46:49,https://nsearchives.nseindia.com/corporate/RISHABH_03072025144632_RIL_Certificate_74_June_Executed.pdf,0.8658,-0.01607142857142857,0.057872653007507324,0.07228489294733317,Neutral
DEVIT,Dev Information Technology Limited,Bagging/Receiving of orders/contracts,Dev Information Technology Limited has informed the Exchange about Bagging/Receiving of orders/contracts,03-Jul-2025 14:45:45,https://nsearchives.nseindia.com/corporate/DEVIT_03072025144526_intimationAlivusNEWS.pdf,0.9954,0.05253887269193393,0.32451769709587097,0.040490864498008206,Neutral
SOLARA,Solara Active Pharma Sciences Limited,Copy of Newspaper Publication,Solara Active Pharma Sciences Limited has informed the exchange about copy of the Newspaper publications made by the Company with respect to dispatch of First Reminder Notice for payment of First Call Notice.,03-Jul-2025 14:44:18,https://nsearchives.nseindia.com/corporate/SOLARA_03072025144400_SE_Intimation_News_Paper_Publication.pdf,-0.8779,0.022351797862001945,0.005598053336143494,0.3135982427570922,Negative
SCI,Shipping Corporation Of India Limited,Change in Directors/ Key Managerial Personnel/ Auditor/ Compliance Officer/ Share Transfer Agent,SHIPPING CORPORATION OF INDIA LIMITED has informed the Exchange about Change in Directors/ Key Managerial Personnel/ Auditor/ Compliance Officer/ Share Transfer Agent,03-Jul-2025 14:40:03,https://nsearchives.nseindia.com/corporate/xbrl/CIM_58965_1476788_03072025024002_WEB.xml,0.1943,-0.023809523809523808,-0.06109129637479782,0.2714112702794018,Negative
FEDDERELEC,Fedders Electric and Engineering Limited,Shareholders meeting,Voting Results and Scrutinizer s Report of the Extra-ordinary General Meeting held on 01.07.2025,03-Jul-2025 14:42:06,https://nsearchives.nseindia.com/corporate/FEDDERELEC_03072025143459_VotingResultsandScruitniserReportEGM01072025.pdf,0.7269,0.05305059523809525,0.10772009938955307,0.08073256728663328,Neutral
PNGJL,P N Gadgil Jewellers Limited,Alteration Of Capital and Fund Raising-XBRL,P N Gadgil Jewellers Limited has informed the Exchange regarding Issuance of securities,03-Jul-2025 14:41:37,https://nsearchives.nseindia.com/corporate/xbrl/ALTERATION_OF_CAPITAL_AND_FUND_RAISING_1476789_03072025024137_WEB.xml,0.0772,-0.07142857142857142,-0.014333153143525124,0.2985130874543318,Negative
OAL,Oriental Aromatics Limited,Analysts/Institutional Investor Meet/Con. Call Updates,Oriental Aromatics Limited has informed the Exchange about Schedule of meet,03-Jul-2025 14:36:21,https://nsearchives.nseindia.com/corporate/OAL_03072025143614_Covering.pdf,0.7184,0.07552083333333333,-0.02661939710378647,0.11194782158633071,Neutral
SONAMLTD,SONAM LIMITED,Board Meeting Intimation,SONAM LIMITED has informed the Exchange about Board Meeting to be held on 14-Jul-2025 to consider and approve the Quarterly Unaudited Financial results of the Company for the period ended June 2025 and Other business.,03-Jul-2025 14:25:35,https://nsearchives.nseindia.com/corporate/xbrl/PRIOR_INTIMATION_58964_1476785_03072025022534_WEB.xml,-0.3885,-0.06547619047619048,0.03458172827959061,0.4015727675464891,Negative
PNGJL,P N Gadgil Jewellers Limited,General Updates,P N Gadgil Jewellers Limited has informed the Exchange about QIP/ Fund Raising,03-Jul-2025 14:34:51,https://nsearchives.nseindia.com/corporate/PNGJEWELLERS_03072025143425_IntimationofFundRaising.pdf,0.9866,0.06869747899159664,0.10490722954273224,0.18661977217432835,Neutral
VSTL,Vibhor Steel Tubes Limited,"Certificate under SEBI (Depositories and Participants) Regulations, 2018","Vibhor Steel Tubes Limited has informed the Exchange about Certificate under SEBI (Depositories and Participants) Regulations, 2018",03-Jul-2025 14:24:06,https://nsearchives.nseindia.com/corporate/VIBHOR_03072025142339_certificateUnderReg74_5_.pdf,0.2263,-0.027857142857142848,0.04170400649309158,0.23856379295119218,Negative
SERVOTECH,Servotech Renewable Power System Limited,Copy of Newspaper Publication,Servotech Renewable Power System Limited has informed the Exchange about Copy of Newspaper Publication,03-Jul-2025 14:23:49,https://nsearchives.nseindia.com/corporate/SERVOTECH_03072025142106_NSENEWSADV.pdf,-0.9485,0.08368983957219252,-0.027612313628196716,0.5272863911627766,Negative
IDEAFORGE,Ideaforge Technology Limited,Structural Digital Database,"SDD Compliance Certificate for quarter ended June 30, 2025.",03-Jul-2025 14:21:01,https://nsearchives.nseindia.com/corporate/IDEAFORGE_03072025141907_30062025_SE_SDD_Compliance_Certificate.pdf,0.3612,-0.04461451247165532,0.031693682074546814,0.21068410397734227,Negative
PNGJL,P N Gadgil Jewellers Limited,Outcome of Board Meeting,"P N Gadgil Jewellers Limited has informed the Exchange regarding  Board meeting held on July 03, 2025.",03-Jul-2025 14:15:14,https://nsearchives.nseindia.com/corporate/PNGJEWELLERS_03072025141503_OutcomeofBoardMeeting03072025.pdf,0.9022,0.032851473922902504,-0.0235854871571064,0.07377182123305911,Neutral
ANTGRAPHIC,Antarctica Limited,Notice Of Shareholders Meetings-XBRL,ANTARCTICA LIMITED has informed the Exchange about Notice of Shareholders Meeting for Postal Ballot,03-Jul-2025 14:11:12,https://nsearchives.nseindia.com/corporate/xbrl/NOTICE_OF_SHAREHOLDERS_MEETINGS_1476780_03072025021111_WEB.xml,-0.3885,-0.07142857142857142,-0.011410795152187347,0.4142628408691713,Negative
TEXRAIL,Texmaco Rail & Engineering Limited,Copy of Newspaper Publication,Texmaco Rail & Engineering Limited has informed the Exchange about Copy of Newspaper Publication,03-Jul-2025 14:08:27,https://nsearchives.nseindia.com/corporate/TEXRAIL_03072025140800_IEPFNEWSPAPERTEXRAIL.pdf,0.3818,-0.02857142857142857,0.21283546090126038,0.043080960898739945,Neutral
INDIASHLTR,India Shelter Finance Corporation Limited,Notice Of Shareholders Meetings-XBRL,INDIA SHELTER FINANCE CORPORATION LIMITED has informed the Exchange about Notice of Shareholders Meeting for Annual General Meeting to be held on 28-Jul-2025,03-Jul-2025 14:03:19,https://nsearchives.nseindia.com/corporate/xbrl/NOTICE_OF_SHAREHOLDERS_MEETINGS_1476775_03072025020318_WEB.xml,-0.3885,-0.010714285714285704,-0.0020996443927288055,0.3997924821387444,Negative
TEXINFRA,Texmaco Infrastructure & Holdings Limited,Copy of Newspaper Publication,Texmaco Infrastructure & Holdings Limited has informed the Exchange about Copy of Newspaper Publication,03-Jul-2025 14:06:41,https://nsearchives.nseindia.com/corporate/TEXINFRA2_03072025140616_IEPFTEXINFRA030725.pdf,0.3818,-0.02857142857142857,0.20071780681610107,0.04005222687040058,Neutral
GENESYS,Genesys International Corporation Limited,ESOP/ESOS/ESPS,"The Nomination and Remuneration Committee by means of a resolution passed by Circulation on July 03, 2025 has approved the allotment of 52,800 equity shares of face value of Rs. 5/- each pursuant to the exercise of the stock options by the eligible employees of the Company under the Genesys ESOP Scheme -2020 and Genesys ESOP Scheme -2022.",03-Jul-2025 14:06:02,https://nsearchives.nseindia.com/corporate/GENESYS_03072025140537_Intimation_to_SE_Lot_26_sd.pdf,0.9816,-0.19523809523809524,0.09639865905046463,0.06954625555262678,Neutral
INDUSINDBK,IndusInd Bank Limited,Press Release,"Indusind Bank Limited has informed the Exchange regarding a press release dated July 03, 2025, titled ""IndusInd Bank Inaugurates All-women Bank Branch in Chennai, Tamil Nadu"".",03-Jul-2025 14:03:01,https://nsearchives.nseindia.com/corporate/INDUSINDBK1_03072025140248_PressReleasefinal.pdf,0.9958,0.12766617063492067,0.4979059398174286,0.0989615608648649,Neutral
ZYDUSLIFE,Zydus Lifesciences Limited,Copy of Newspaper Publication,Zydus Lifesciences Limited has informed the Exchange about Copy of Newspaper Publication,03-Jul-2025 14:02:10,https://nsearchives.nseindia.com/corporate/Cadilahc_03072025140109_NewspaperPublicationofpriorAGMNotice2025.pdf,0.9501,0.036607142857142866,0.0003761686384677887,0.1449419906494873,Neutral
DALMIASUG,Dalmia Bharat Sugar and Industries Limited,Updates,"Dalmia Bharat Sugar and Industries Limited has informed the Exchange regarding 'Intimation of receipt of request for re-classification from  promoter and promotergroup  category to  public  category shareholders in accordance with Regulation 31A of theSEBI (Listing Obligations and Disclosure Requirements) Regulations, 2015 ( ListingRegulations )'.",03-Jul-2025 13:59:30,https://nsearchives.nseindia.com/corporate/DALMIACEM_03072025135626_Reg_31A_-_Reclassification_request_intimation.pdf,-0.4939,-0.0013792409141246311,-0.004583969712257385,0.4248808367637671,Negative
GKWLIMITED,GKW Limited,Shareholders meeting,"GKW Limited has informed the Exchange regarding Notice of Annual General Meeting to be held on July 31, 2025",03-Jul-2025 13:52:47,https://nsearchives.nseindia.com/corporate/GKWLIMITED_03072025135222_NSE_AGMNOTICE_202425.pdf,0.9764,0.014755639097744364,0.04474437236785889,0.041759989591110935,Neutral
SAILIFE,Sai Life Sciences Limited,Spurt in Volume,"Significant increase in volume has been observed in Sai Life Sciences Limited. The Exchange, in order to ensure that investors have latest relevant information about the company and to inform the market place so that the interest of the investors is safeguarded, had written to the company. Sai Life Sciences Limited has submitted their response.",03-Jul-2025 13:46:22,https://nsearchives.nseindia.com/corporate/SAILIFE_03072025134406_Clarification_on_Spurt_in_Volume.pdf,0.7693,0.05051020408163267,0.1512288600206375,0.0596910893609329,Neutral
LANCORHOL,Lancor Holdings Limited,Resignation,"Lancor Holdings Limited has informed the Exchange regarding Resignation of  Mr. V.Babuji,Vice President-Project ( Senior Managerial Personnel ) of the company w.e.f. Jun 30, 2025.",03-Jul-2025 13:50:19,https://nsearchives.nseindia.com/corporate/LANCOR2023_03072025135009_covering_letter_S.pdf,-0.9524,-0.08928571428571427,-0.10292495787143707,0.5816611310814108,Negative
ALKYLAMINE,Alkyl Amines Chemicals Limited,Shareholders meeting,"Alkyl Amines Chemicals Limited has submitted the Exchange a copy Srutinizers report of  Annual General Meeting held on July 01, 2025. Further, the company has informed the Exchange regarding voting results.",03-Jul-2025 14:01:03,https://nsearchives.nseindia.com/corporate/ALKYLAMINE_03072025135944_finalfile.pdf,0.9782,0.04324324324324325,-0.05811858922243118,0.13866989541271252,Neutral
BIOFILCHEM,Biofil Chemicals & Pharmaceuticals Limited,"Certificate under SEBI (Depositories and Participants) Regulations, 2018","Biofil Chemicals & Pharmaceuticals Limited has informed the Exchange about Certificate under SEBI (Depositories and Participants) Regulations, 2018",03-Jul-2025 13:44:36,https://nsearchives.nseindia.com/corporate/BIOFILCHEM_03072025134421_CoveringforReg74_5_.pdf,0.4404,-0.060964912280701736,-0.010811485350131989,0.20478187054400904,Negative
BFUTILITIE,BF Utilities Limited,Copy of Newspaper Publication,BF Utilities Limited has informed the Exchange about Copy of Newspaper Publication,03-Jul-2025 13:39:42,https://nsearchives.nseindia.com/corporate/BFUTILITIE_03072025133925_NewsPaper_Advertisement_Submission_BFUL_Postal_ballot_03072025.pdf,0.5994,0.022527472527472534,-0.019138682633638382,0.15042245274898441,Neutral
KRYSTAL,Krystal Integrated Services Limited,General Updates,"Krystal Integrated Services Limited has informed the Exchange about Intimation under Regulation 30 of SEBI (Listing Obligations and Disclosure Requirements ) Regulations, 2015",03-Jul-2025 13:34:20,https://nsearchives.nseindia.com/corporate/KISL123_03072025133359_Reg30MTDC03072025.pdf,0.8055,0.00993107769423559,-0.04112254083156586,0.10691062202347551,Neutral
EIFFL,Euro India Fresh Foods Limited,"Certificate under SEBI (Depositories and Participants) Regulations, 2018","Euro India Fresh Foods Limited has informed the Exchange about Certificate under SEBI (Depositories and Participants) Regulations, 2018",03-Jul-2025 13:32:35,https://nsearchives.nseindia.com/corporate/EIFFL_03072025133201_Cert_74_5_.pdf,0.9686,0.06205357142857142,0.15333399176597595,0.00710137106861386,Neutral
IDFCFIRSTB,IDFC First Bank Limited,Outcome of Board Meeting,"IDFC First Bank Limited has informed the Exchange regarding  Board meeting held on July 03, 2025.",03-Jul-2025 13:24:05,https://nsearchives.nseindia.com/corporate/IDFCFIRSTB_03072025132334_BM_Outcome.pdf,0.9936,0.016106442577030814,-0.007738329470157623,0.14968849428721004,Neutral
AAVAS,Aavas Financiers Limited,Change in Directors/ Key Managerial Personnel/ Auditor/ Compliance Officer/ Share Transfer Agent,AAVAS FINANCIERS LIMITED has informed the Exchange about Change in Directors/ Key Managerial Personnel/ Auditor/ Compliance Officer/ Share Transfer Agent,03-Jul-2025 13:16:40,https://nsearchives.nseindia.com/corporate/xbrl/CIM_58962_1476771_03072025011639_WEB.xml,0.1943,-0.023809523809523808,-0.047615837305784225,0.26805492248755125,Negative
GMMPFAUDLR,GMM Pfaudler Limited,Copy of Newspaper Publication,"Enclosed please find copy of newspaper publication intimating that the AGM of the Company is scheduled to be held on Friday, August 1, 2025, through VC / OAVM",03-Jul-2025 13:18:21,https://nsearchives.nseindia.com/corporate/GMMPFAUDLR_03072025131813_SE_Filing-Pre_AGM_Ad-Local.pdf,0.6369,0.10873015873015873,0.3130340874195099,0.0407601109536867,Neutral
INDIASHLTR,India Shelter Finance Corporation Limited,Shareholders meeting,"India Shelter Finance Corporation Limited has informed the Exchange regarding Notice of Annual General Meeting to be held on July 28, 2025",03-Jul-2025 13:43:57,https://nsearchives.nseindia.com/corporate/ISFC2010_03072025134133_Intimation_27th_AGM_Notice_and_Annual_Report_2024-25.pdf,0.9821,0.027827380952380965,-0.06101178377866745,0.13584049855711916,Neutral
HEG,HEG Limited,"Certificate under SEBI (Depositories and Participants) Regulations, 2018","HEG Limited has informed the Exchange about Certificate under SEBI (Depositories and Participants) Regulations, 2018",03-Jul-2025 13:07:10,https://nsearchives.nseindia.com/corporate/HEG_03072025130504_stockletter74_5_.pdf,0.7845,-0.028754058441558435,0.07608871161937714,0.09059685673535642,Neutral
ACMESOLAR,Acme Solar Holdings Limited,Analysts/Institutional Investor Meet/Con. Call Updates,Acme Solar Holdings Limited has informed the Exchange about Schedule of meet,03-Jul-2025 13:05:28,https://nsearchives.nseindia.com/corporate/ACME122002_03072025125825_Intimation.pdf,0.836,0.11378968253968254,0.11009617894887924,0.04070780847919364,Neutral
BOROLTD,Borosil Limited,Copy of Newspaper Publication,Borosil Limited has informed the Exchange about Copy of Newspaper Publication regarding the 15th Annual General Meeting (AGM) of the Company,03-Jul-2025 13:01:08,https://nsearchives.nseindia.com/corporate/SIDBOROLTD_03072025130053_IntimationPredispatchNewsPaperAdv.pdf,0.8126,0.055617738117738125,0.13530291616916656,0.05189673578342524,Neutral
TATAPOWER,Tata Power Company Limited,Press Release,"Tata Power Company Limited has informed the Exchange regarding a press release dated July 03, 2025, titled ""Tata Power Renewable commissions record 752 MW of solar projects in Q1 FY26"".",03-Jul-2025 12:59:19,https://nsearchives.nseindia.com/corporate/VPTPCL_03072025125901_PR.pdf,0.9943,0.08616071428571427,0.10200443863868713,0.05828156322581429,Neutral
HOVS,HOV Services Limited,Copy of Newspaper Publication,HOV Services Limited has informed the Exchange about Copy of Newspaper Publication,03-Jul-2025 12:58:13,https://nsearchives.nseindia.com/corporate/HOVS_03072025125803_PBNoticeNewspaperJuly32025.pdf,0.6486,0.0047619047619047615,0.16438502073287964,0.0957986101298105,Neutral
NELCAST,Nelcast Limited,Notice Of Shareholders Meetings-XBRL,NELCAST LIMITED has informed the Exchange about Notice of Shareholders Meeting for Annual General Meeting to be held on 01-Aug-2025,03-Jul-2025 12:56:43,https://nsearchives.nseindia.com/corporate/xbrl/NOTICE_OF_SHAREHOLDERS_MEETINGS_1476764_03072025125642_WEB.xml,-0.3885,-0.010714285714285704,0.008707156404852867,0.39709060312541467,Negative
PATELENG,Patel Engineering Limited,Outcome of Board Meeting,"Patel Engineering Limited has informed the Exchange regarding  Board meeting held on July 03, 2025.",03-Jul-2025 12:52:16,https://nsearchives.nseindia.com/corporate/PATELENG_03072025124437_Pateloutcomeofbm030725.pdf,0.9423,0.035164835164835165,0.12322923541069031,0.026583096907558,Neutral
NELCO,NELCO Limited,"Certificate under SEBI (Depositories and Participants) Regulations, 2018","NELCO Limited has informed the Exchange about Certificate under SEBI (Depositories and Participants) Regulations, 2018",03-Jul-2025 12:51:14,https://nsearchives.nseindia.com/corporate/NELCO_03072025125059_Regulation74_5_.pdf,0.2263,0.015064935064935076,0.0049784183502197266,0.2391422313975049,Negative
VINYLINDIA,Vinyl Chemicals (India) Limited,General Updates,Vinyl Chemicals (India) Limited has informed the Exchange about General Updates,03-Jul-2025 12:50:46,https://nsearchives.nseindia.com/corporate/VINYLINDIA_03072025125036_SE_intimation_-Letters.pdf,0.9652,0.06684981684981685,-0.058450937271118164,0.1400689592462756,Neutral
VINYLINDIA,Vinyl Chemicals (India) Limited,Shareholders meeting,"Vinyl Chemicals (India) Limited has informed the Exchange regarding Notice of Annual General Meeting to be held on July 30, 2025",03-Jul-2025 12:47:45,https://nsearchives.nseindia.com/corporate/VINYLINDIA_03072025124735_AR.pdf,0.9081,0.008163265306122457,0.03142338991165161,0.13651620062954573,Neutral
ARSHIYA,Arshiya Limited,Trading Window,"Arshiya Limited has informed the Exchange regarding the Trading Window closure pursuant to SEBI (Prohibition of Insider Trading) Regulations, 2015",03-Jul-2025 12:46:23,https://nsearchives.nseindia.com/corporate/ARSHIYA_03072025124604_Intimation-TW_Q4_FY2024-25__1_.pdf,-0.4019,0.0010989010989011035,-0.10060328245162964,0.42539583011747717,Negative
ARSHIYA,Arshiya Limited,Trading Window-XBRL,ARSHIYA LIMITED has informed the Exchange about Closure of Trading Window,03-Jul-2025 12:44:04,https://nsearchives.nseindia.com/corporate/xbrl/CLOSURE_TRADING_WINDOW_1476763_03072025124403_WEB.xml,-0.3885,-0.07142857142857142,-0.011688806116580963,0.414313299926264,Negative
MIRZAINT,Mirza International Limited,Copy of Newspaper Publication,Mirza International Limited has informed the Exchange about Copy of Newspaper Publication,03-Jul-2025 12:44:27,https://nsearchives.nseindia.com/corporate/MIRZAINT_03072025124415_Letter_to_SE_03072025.pdf,0.93,0.021233766233766233,0.016584910452365875,0.05910451574507469,Neutral
MIRZAINT,Mirza International Limited,General Updates,Mirza International Limited has informed the Exchange about General Updates,03-Jul-2025 12:43:37,https://nsearchives.nseindia.com/corporate/MIRZAINT_03072025124302_Letter_to_SE_03072025.pdf,0.7845,0.0006696428571428643,0.0067908018827438354,0.09796710753866605,Neutral
VINYLINDIA,Vinyl Chemicals (India) Limited,Notice Of Shareholders Meetings-XBRL,VINYL CHEMICALS (INDIA) LIMITED has informed the Exchange about Notice of Shareholders Meeting for Annual General Meeting to be held on 30-Jul-2025,03-Jul-2025 12:43:09,https://nsearchives.nseindia.com/corporate/xbrl/NOTICE_OF_SHAREHOLDERS_MEETINGS_1476760_03072025124308_WEB.xml,-0.3885,-0.010714285714285704,-2.9146671295166016e-05,0.399274857708386,Negative
VINYLINDIA,Vinyl Chemicals (India) Limited,Updates,Vinyl Chemicals (India) Limited has informed the Exchange regarding 'Notice of 39th Annual General Meeting'.,03-Jul-2025 12:40:42,https://nsearchives.nseindia.com/corporate/VINYLINDIA_03072025124029_AR.pdf,0.9081,0.008163265306122457,0.07349727302789688,0.14703417072959096,Neutral
ARTEMISMED,Artemis Medicare Services Limited,Copy of Newspaper Publication,"Artemis Medicare Services Limited has informed the Exchange about Newspaper Publication - July 3, 2025",03-Jul-2025 12:41:37,https://nsearchives.nseindia.com/corporate/ARTEMISMED_03072025124116_Disclosure__Newspaper.pdf,0.7906,0.025595238095238098,0.08476187288761139,0.12396074965709736,Neutral
GREENLAM,Greenlam Industries Limited,Copy of Newspaper Publication,Greenlam Industries Limited has informed the Exchange about Copy of Newspaper Publication,03-Jul-2025 12:37:50,https://nsearchives.nseindia.com/corporate/GREENLAMRB_03072025123733_IEPFTransfer2025SE.pdf,0.936,-0.007539682539682537,0.006275549530982971,0.06593765437650298,Neutral
PERSISTENT,Persistent Systems Limited,Press Release,"Persistent Systems Limited has informed the Exchange regarding a press release dated July 03, 2025, titled ""Press Release titled  Shimona Chadha Joins Persistent as Chief Marketing Officer "".",03-Jul-2025 12:34:58,https://nsearchives.nseindia.com/corporate/PERSISTENTUSER1_03072025123451_PersistentPress-Release030720251signed.pdf,0.9983,0.22039270253555968,0.31590113043785095,0.3479609312565664,Positive
GFSTEELS,Grand Foundry Limited,"Certificate under SEBI (Depositories and Participants) Regulations, 2018","Grand Foundry Limited has informed the Exchange about Certificate under SEBI (Depositories and Participants) Regulations, 2018",03-Jul-2025 12:34:33,https://nsearchives.nseindia.com/corporate/GFSTEELS_03072025123424_REG_74_5_.pdf,0.9836,0.1732142857142857,-0.012317933142185211,0.022526397985645708,Neutral
THOMASCOTT,Thomas Scott (India) Limited,Price movement,"Significant movement in price has been observed in Thomas Scott (India) Limited. The Exchange, in order to ensure that investors have latest relevant information about the company and to inform the market place so that the interest of the investors is safeguarded, had written to the company. Thomas Scott (India) Limited has submitted their response.",03-Jul-2025 12:34:23,https://nsearchives.nseindia.com/corporate/THOMASCOTT_03072025123221_Reply_03072025.pdf,0.9791,0.08559303350970017,-0.053073666989803314,0.05137051851108698,Neutral
SAILIFE,Sai Life Sciences Limited,General Updates,Clarification on Increase in Volume,03-Jul-2025 12:32:44,https://nsearchives.nseindia.com/corporate/SAILIFE_03072025123230_Clarification_on_Spurt_in_Volume.pdf,0.0772,-0.03749999999999999,0.14266642928123474,0.25247479535341266,Negative
NELCAST,Nelcast Limited,Shareholders meeting,"Nelcast Limited has informed the Exchange regarding Notice of undefined to be held on August 01, 2025",03-Jul-2025 12:32:28,https://nsearchives.nseindia.com/corporate/NELCAST_03072025122927_NelcastAGMNotice202425SE.pdf,0.9485,0.043237082066869305,0.0020562969148159027,0.14628983446264973,Neutral
PERSISTENT,Persistent Systems Limited,General Updates,Persistent Systems Limited has informed the Exchange about General Updates,03-Jul-2025 12:30:17,https://nsearchives.nseindia.com/corporate/PERSISTENTUSER1_03072025122824_Persistent_SystemsIntimationofappointmentofSMP-signed.pdf,0.7184,0.03589285714285715,0.08061591535806656,0.09305748979576997,Neutral
ARKADE,Arkade Developers Limited,Press Release,"Arkade Developers Limited has informed the Exchange regarding a press release dated July 03, 2025, titled ""Press Release on Acquisition of Filmistan private Limited."".",03-Jul-2025 12:29:34,https://nsearchives.nseindia.com/corporate/ARKADE_03072025122920_Operation_final.pdf,0.9973,0.12787449619346172,0.16050374507904053,0.21502680110369787,Positive
CAPITALSFB,Capital Small Finance Bank Limited,Updates,"Capital Small Finance Bank Limited has informed the Exchange regarding 'Disclosure under SEBI (Listing Obligations and Disclosure Requirements) Regulations, 2015'.",03-Jul-2025 12:28:04,https://nsearchives.nseindia.com/corporate/CAPITALSFB_03072025122736_BusinessUpdateQ1FY26signed.pdf,0.992,0.11363636363636363,-0.03211141377687454,0.03729856011948801,Neutral
SUNDRMFAST,Sundram Fasteners Limited,Credit Rating,Sundram Fasteners Limited has informed the Exchange about Credit Rating,03-Jul-2025 12:27:55,https://nsearchives.nseindia.com/corporate/SUNDRMFAST_03072025122745_SFLSELetterCrisilRating03072025.pdf,0.9217,-0.007792207792207787,0.09624353051185608,0.04705176286991536,Neutral
CLSEL,Chaman Lal Setia Exports Limited,General Updates,Chaman Lal Setia Exports Limited has informed the Exchange about Shifting of processing facilities and commencement of commercial operations,03-Jul-2025 12:22:35,https://nsearchives.nseindia.com/corporate/CLSEL_03072025122155_INTIMATIONs.pdf,-0.6908,-0.012972582972582969,-0.03125320374965668,0.4831035438789003,Negative
ASTRAMICRO,Astra Microwave Products Limited,"Certificate under SEBI (Depositories and Participants) Regulations, 2018","Astra Microwave Products Limited has informed the Exchange about Certificate under SEBI (Depositories and Participants) Regulations, 2018",03-Jul-2025 12:16:45,https://nsearchives.nseindia.com/corporate/ASTRAMICRO_03072025121612_Regulation74_5_SEBI_DepositoriesParticipants_S.pdf,0.891,0.02261904761904762,0.022285033017396927,0.06715135594315472,Neutral
KCP,KCP Limited,"Certificate under SEBI (Depositories and Participants) Regulations, 2018","KCP Limited has informed the Exchange about Certificate under SEBI (Depositories and Participants) Regulations, 2018",03-Jul-2025 12:14:29,https://nsearchives.nseindia.com/corporate/radhika_03072025121413_SE_74_5_Jun25.pdf,0.9615,0.08763736263736265,-0.08845886588096619,0.06420280256703653,Neutral
KABRAEXTRU,Kabra Extrusion Technik Limited,Copy of Newspaper Publication,Kabra Extrusion Technik Limited has informed the Exchange about Copy of Newspaper Publication-Newspaper Advertisement Notice for transferring of Equity Shares to IEPF,03-Jul-2025 12:13:53,https://nsearchives.nseindia.com/corporate/KABRAEXTRU_03072025121340_Intimation.pdf,0.9042,0.001587301587301598,0.004040610045194626,0.0726176843647682,Neutral
KAUSHALYA,Kaushalya Infrastructure Development Corporation Limited,Shareholders meeting,Kaushalya Infrastructure Development Corporation Limited has informed the Exchange regarding Notice of Postal Ballot,03-Jul-2025 12:13:32,https://nsearchives.nseindia.com/corporate/KAUSHALYA_03072025121312_PB_Notice_280625-signed.pdf,0.9819,0.08468253968253966,-0.03424950689077377,0.04614568318209006,Neutral
JCHAC,Johnson Controls - Hitachi Air Conditioning India Limited,Record Date,Johnson Controls - Hitachi Air Conditioning India Limited has informed the Exchange that Record date for the purpose of Dividend  is 09-Jul-2025.,03-Jul-2025 12:13:14,https://nsearchives.nseindia.com/corporate/JCHAC_03072025121202_20250703BMOutcome.pdf,-0.2732,-0.04603174603174603,-0.002631228417158127,0.17816361986883572,Neutral
CAPLIPOINT,Caplin Point Laboratories Limited,"Certificate under SEBI (Depositories and Participants) Regulations, 2018","Caplin Point Laboratories Limited has informed the Exchange about Certificate under SEBI (Depositories and Participants) Regulations, 2018",03-Jul-2025 12:12:23,https://nsearchives.nseindia.com/corporate/CAPLINPOINT_03072025121210_SEintimation_sd.pdf,0.9707,0.1257518796992481,-0.10226099193096161,0.057732987706419214,Neutral
HIRECT,Hind Rectifiers Limited,Record Date,Hind Rectifiers Limited has informed the Exchange that Record date for the purpose of Dividend  is 22-Jul-2025.,03-Jul-2025 12:12:12,https://nsearchives.nseindia.com/corporate/HIRECT_03072025121153_RecordDate.pdf,0.9837,0.03875661375661376,0.042051173746585846,0.16419142288772204,Neutral
SAILIFE,Sai Life Sciences Limited,Updates,Sai Life Sciences Limited has informed the Exchange regarding 'Clarification on Increase in Volume'.,03-Jul-2025 12:11:46,https://nsearchives.nseindia.com/corporate/SAILIFE_03072025121134_Clarification_on_Spurt_in_Volume.pdf,-0.1531,-0.049642857142857134,0.15218417346477509,0.31011978044084143,Negative
JCHAC,Johnson Controls - Hitachi Air Conditioning India Limited,Dividend,"Johnson Controls - Hitachi Air Conditioning India Limited has informed the Exchange that Board of Directors at its meeting held on July 03, 2025, declared Interim Dividend of 36 per equity share.",03-Jul-2025 12:11:15,https://nsearchives.nseindia.com/corporate/JCHAC_03072025121102_20250703BMOutcome.pdf,0.0258,-0.04603174603174603,0.012337926775217056,0.09967117013820104,Neutral
PRUDENT,Prudent Corporate Advisory Services Limited,Updates,Prudent Corporate Advisory Services Limited has informed the Exchange regarding the details of 22nd AGM and other relevant details fixed in connection with AGM.,03-Jul-2025 12:11:51,https://nsearchives.nseindia.com/corporate/PRUDENT9992_03072025121002_IntimationAGM.pdf,-0.6369,-0.026020408163265302,0.1415945291519165,0.22902946586803513,Negative
ENIL,Entertainment Network (India) Limited,"Certificate under SEBI (Depositories and Participants) Regulations, 2018","Entertainment Network (India) Limited has informed the Exchange about Certificate under SEBI (Depositories and Participants) Regulations, 2018",03-Jul-2025 12:09:51,https://nsearchives.nseindia.com/corporate/ENIL_03072025120938_ENIL20250703Reg74DPreg.pdf,0.9584,-0.07755102040816324,0.09028457850217819,0.05332309137175273,Neutral
JCHAC,Johnson Controls - Hitachi Air Conditioning India Limited,Outcome of Board Meeting-XBRL,Johnson Controls - Hitachi Air Conditioning India Limited has informed the Exchange regarding Outcome of Board Meeting held on 03-Jul-2025 for Dividend,03-Jul-2025 12:09:44,https://nsearchives.nseindia.com/corporate/xbrl/OUTCOME_1476755_03072025120943_WEB.xml,-0.2263,-0.07142857142857142,0.01324942335486412,0.16754724980060542,Neutral
BAJEL,Bajel Projects Limited,Bagging/Receiving of orders/contracts,Bajel Projects Limited has informed the Exchange about Bagging/Receiving of orders/contracts,03-Jul-2025 12:09:13,https://nsearchives.nseindia.com/corporate/BAJEL_03072025120850_Intimation_under_Reg30_Order_Signed.pdf,0.9932,0.008143387225019883,-0.0835661068558693,0.07095474899773835,Neutral
KCP,KCP Limited,Board Meeting Intimation,KCP LIMITED has informed the Exchange about Board Meeting to be held on 11-Aug-2025 to consider and approve the Quarterly Unaudited Financial results of the Company for the period ended June 2025 and Other business.,03-Jul-2025 12:08:50,https://nsearchives.nseindia.com/corporate/xbrl/PRIOR_INTIMATION_58961_1476754_03072025120849_WEB.xml,-0.3885,-0.06547619047619048,0.02988961525261402,0.4027461355497085,Negative
PROSTARM,Prostarm Info Systems Limited,Action(s) initiated or orders passed,Prostarm Info Systems Limited has informed the Exchange about receipt of Show Cause Notice from GST Department - Gujarat,03-Jul-2025 12:02:17,https://nsearchives.nseindia.com/corporate/PROSTARM_03072025120121_SE_SCN_GUJ.pdf,-0.0258,0.042724867724867735,-0.06335124373435974,0.3136190445018823,Negative
KSOILS,K S Oils Limited,Record Date,K S Oils Limited has informed the Exchange that Record date for the purpose of Reduction in Capital  is 15-Jul-2025.,03-Jul-2025 12:00:52,https://nsearchives.nseindia.com/corporate/KSOILS_03072025120003_Notice_of_Record_Date_for_Reduction_of_Capital_NCLT_Order.pdf,0.9776,0.05063775510204082,-0.1409926414489746,0.08071622840044446,Neutral
BOROLTD,Borosil Limited,General Updates,Borosil Limited has informed the Exchange about 15th Annual General Meeting,03-Jul-2025 11:52:25,https://nsearchives.nseindia.com/corporate/SIDBOROLTD_03072025115114_Intimation_AGM_Date.pdf,0.8689,0.017658730158730165,0.04464549943804741,0.06807873198349798,Neutral
MADHUCON,Madhucon Projects Limited,"Certificate under SEBI (Depositories and Participants) Regulations, 2018","Madhucon Projects Limited has informed the Exchange about Certificate under SEBI (Depositories and Participants) Regulations, 2018",03-Jul-2025 11:59:19,https://nsearchives.nseindia.com/corporate/MADHUCON_03072025115859_CertunderReg74mr.pdf,-0.2732,-0.02585034013605441,0.2221333533525467,0.31793183018727367,Negative
GFSTEELS,Grand Foundry Limited,Public Announcement-Open Offer,"D & A Financial Services (P) Limited has Submitted to the Exchange a copy of detailed public statement to the public shareholders of the Company in terms of Regulation 15(2) read with Regulation 13(4) of the Securities and Exchange Board of India (Substantial Acquisition of Shares and Takeovers) Regulations, 2011, as amended from the time to time.",03-Jul-2025 11:50:24,https://nsearchives.nseindia.com/corporate/team_sandeshc_03072025114628_DPS.zip,0.3612,0.05476190476190477,0.014167314395308495,0.004809480261199567,Neutral
PRUDENT,Prudent Corporate Advisory Services Limited,Copy of Newspaper Publication,Prudent Corporate Advisory Services Limited has informed the Exchange about Copy of Newspaper Publication with respect to intimation of 22nd Annual General Meeting through Video Conferencing / Other Audio Visual Means.,03-Jul-2025 12:05:56,https://nsearchives.nseindia.com/corporate/PRUDENT9992_03072025120523_Intimation.pdf,-0.296,-0.011394557823129248,0.1334037184715271,0.342923225496091,Negative
PNC,Pritish Nandy Communications Limited,Press Release,"Pritish Nandy Communications Limited has informed the Exchange regarding a press release dated July 03, 2025, titled ""Pritish Nandy Communications announces the completion on schedule of principal photography of Season 4 of Four More Shots Please! an Amazon Prime Original. "".",03-Jul-2025 11:50:08,https://nsearchives.nseindia.com/corporate/PNC_03072025114928_Press_Release_FMSP_shoot_completion__July_3_2025.pdf,0.9833,0.3701785714285714,0.10601891577243805,0.046366462468249436,Neutral
NBCC,NBCC (India) Limited,Updates,NBCC (India) Limited has informed the Exchange regarding 'Intimation of MoU between NBCC (India) Limited and National Film Development Corporation (NFDC)'.,03-Jul-2025 11:36:35,https://nsearchives.nseindia.com/corporate/NBCC_03072025113514_intimationMOUwithNFDCL03072025.pdf,0.8074,0.08271103896103896,0.11249306797981262,0.05348164630849639,Neutral
ABDL,Allied Blenders and Distillers Limited,Press Release,"Allied Blenders and Distillers Limited has informed the Exchange regarding a press release dated July 03, 2025, titled ""Woodburns Contemporary Indian Whisky Triumphs at International Whisky Competition 2025 held in Las Vegas, USA"".",03-Jul-2025 11:49:51,https://nsearchives.nseindia.com/corporate/ABDINDIA_03072025114902_SE_Intimation_-_Press_Release_-_Woodburn_sd.pdf,0.9917,0.08843795093795094,0.41237935423851013,0.06870885925869236,Neutral
GPIL,Godawari Power And Ispat limited,Updates,Godawari Power And Ispat limited has informed the Exchange regarding approval of our Company's Steel Billets by Power Grid Corporation of India Ltd for manufacture of Galvanized Fabricated Steel Structures '.,03-Jul-2025 11:36:29,https://nsearchives.nseindia.com/corporate/GPIL_03072025113617_GPILNSEBSEREG30PGCIL03072025.pdf,0.9758,0.03575324675324676,0.41313260793685913,0.056645010822779174,Neutral
MAHAPEXLTD,Maha Rashtra Apex Corporation Limited,"Certificate under SEBI (Depositories and Participants) Regulations, 2018","Maha Rashtra Apex Corporation Limited has informed the Exchange about Certificate under SEBI (Depositories and Participants) Regulations, 2018",03-Jul-2025 11:34:15,https://nsearchives.nseindia.com/corporate/MAHAPEXLTD_03072025113332_REG74530062025.pdf,0.9712,0.13321428571428573,0.022780142724514008,0.024850520033069978,Neutral
AUROPHARMA,Aurobindo Pharma Limited,"Certificate under SEBI (Depositories and Participants) Regulations, 2018","Aurobindo Pharma Limited has informed the Exchange about Certificate under SEBI (Depositories and Participants) Regulations, 2018",03-Jul-2025 11:33:59,https://nsearchives.nseindia.com/corporate/AUROPHARMA_03072025113322_LtrToSEsReg74Compliance30062025.pdf,0.8316,-0.06142857142857141,0.031509917229413986,0.09650049233500443,Neutral
ACL,Andhra Cements Limited,General Updates,Andhra Cements Limited has informed the Exchange about General Updates,03-Jul-2025 11:32:54,https://nsearchives.nseindia.com/corporate/ANDHRACEMENT_03072025113245_ApptSecretarialAud010725.pdf,0.9866,0.0373325892857143,0.021950937807559967,0.04038893488006934,Neutral
BANSWRAS,Banswara Syntex Limited,General Updates,"Intimation under Regulation 30 of the SEBI (Listing Obligations and Disclosure Requirements Regulations, 2015 for the dispatching of letters under regulation 36(1)",03-Jul-2025 11:29:41,https://nsearchives.nseindia.com/corporate/BANSWRAS_03072025112634_Letter_under_36.pdf,0.9313,0.029000000000000012,0.09216288477182388,0.16167775537073614,Neutral
AUROPHARMA,Aurobindo Pharma Limited,Amalgamation OR Merger-XBRL,AUROBINDO PHARMA LIMITED has informed the Exchange regarding Amalgamation/ Merger,03-Jul-2025 11:24:05,https://nsearchives.nseindia.com/corporate/xbrl/REG30_Restructuring_1476738_03072025112404_WEB.xml,-0.3885,-0.07142857142857142,0.010727576911449432,0.20812880990122046,Negative
TATACOMM,Tata Communications Limited,Trading Window-XBRL,Tata Communications Limited has informed the Exchange about Closure of Trading Window,03-Jul-2025 11:23:29,https://nsearchives.nseindia.com/corporate/xbrl/CLOSURE_TRADING_WINDOW_1476737_03072025112329_WEB.xml,-0.2263,-0.07142857142857142,-0.02558184042572975,0.37724093944494214,Negative
DBL,Dilip Buildcon Limited,General Updates,Dilip Buildcon Limited has informed the Exchange about General Updates,03-Jul-2025 11:23:37,https://nsearchives.nseindia.com/corporate/DBL_03072025112228_Announcment03072025.pdf,0.9042,0.02782392026578074,-0.03550455719232559,0.12274127331990933,Neutral
TATACOMM,Tata Communications Limited,Board Meeting Intimation,Tata Communications Limited has informed the Exchange about Board Meeting to be held on 17-Jul-2025 to inter-alia consider and approve the Unaudited Financial results of the Company for the Quarterly ended June 2025 .,03-Jul-2025 11:22:01,https://nsearchives.nseindia.com/corporate/xbrl/PRIOR_INTIMATION_58959_1476736_03072025112201_WEB.xml,-0.2263,-0.03571428571428571,0.03548330068588257,0.35484508289950234,Negative
MTNL,Mahanagar Telephone Nigam Limited,Board Meeting Intimation,MAHANAGAR TELEPHONE NIGAM LIMITED has informed the Exchange about Board Meeting to be held on 13-Aug-2025 to inter-alia consider and approve the Unaudited Financial results of the Company for the Quarterly ended June 2025 .,03-Jul-2025 11:20:33,https://nsearchives.nseindia.com/corporate/xbrl/PRIOR_INTIMATION_58958_1476734_03072025112032_WEB.xml,-0.3885,-0.03571428571428571,0.04398694261908531,0.3932692975859557,Negative
SANSERA,Sansera Engineering Limited,Analysts/Institutional Investor Meet/Con. Call Updates,Sansera Engineering Limited has informed the Exchange about Schedule of meet,03-Jul-2025 11:19:33,https://nsearchives.nseindia.com/corporate/SANSERA_03072025111921_investorsmeet.pdf,0.7783,0.029497354497354505,0.0329434834420681,0.09128207652919662,Neutral
NITCO,Nitco Limited,Change in Directors/ Key Managerial Personnel/ Auditor/ Compliance Officer/ Share Transfer Agent,NITCO LIMITED has informed the Exchange about Change in Directors/ Key Managerial Personnel/ Auditor/ Compliance Officer/ Share Transfer Agent,03-Jul-2025 11:17:31,https://nsearchives.nseindia.com/corporate/xbrl/CIM_58957_1476732_03072025111730_WEB.xml,0.1943,-0.023809523809523808,-0.039160892367362976,0.26589886099469096,Negative
ARKADE,Arkade Developers Limited,Acquisition-XBRL,Arkade developers Limited has informed the Exchange regarding Acquisition,03-Jul-2025 11:08:17,https://nsearchives.nseindia.com/corporate/xbrl/REG30_Restructuring_1476725_03072025110816_WEB.xml,-0.2263,-0.07142857142857142,0.011305652558803558,0.16794092450950826,Neutral
E2E,E2E Networks Limited,Change in Directors/ Key Managerial Personnel/ Auditor/ Compliance Officer/ Share Transfer Agent,E2E NETWORKS LIMITED has informed the Exchange about Change in Directors/ Key Managerial Personnel/ Auditor/ Compliance Officer/ Share Transfer Agent,03-Jul-2025 11:06:47,https://nsearchives.nseindia.com/corporate/xbrl/CIM_58955_1476724_03072025110646_WEB.xml,0.1943,-0.023809523809523808,-0.04599098488688469,0.26765307244282394,Negative
INFY,Infosys Limited,Updates,Infosys Limited has informed the Exchange regarding 'Infosys Foundation Commits over INR 48 Crore to Boost Maternal and Child Healthcare in Rural Karnataka '.,03-Jul-2025 11:04:15,https://nsearchives.nseindia.com/corporate/Infosys_03072025110400_PR_03072025.pdf,0.999,0.14526578073089702,0.23891741037368774,0.03968957794583916,Neutral
SFL,Sheela Foam Limited,Updates,Sheela Foam Limited has informed the Exchange regarding 'Clarity on Resignation letter of Nilesh Sevabrata Mazumdar'.,03-Jul-2025 11:03:42,https://nsearchives.nseindia.com/corporate/SFL_03072025110331_ClarityPurpose.pdf,0.988,0.1761309523809524,0.5806102156639099,0.12740143588043396,Neutral
RATEGAIN,Rategain Travel Technologies Limited,Press Release,"Rategain Travel Technologies Limited has informed the Exchange regarding a press release dated July 03, 2025, titled ""Press Release on  RateGain Appoints Ashish Sikka to Lead AI-Driven UNO Platforms as Senior Vice President & Business Head "".",03-Jul-2025 11:01:16,https://nsearchives.nseindia.com/corporate/RATEGAIN_03072025110109_PR03072025.pdf,0.9971,0.21110037249572133,0.18589170277118683,0.23803349973608467,Positive
SAMPANN,Sampann Utpadan India Limited,Credit Rating,Sampann Utpadan India Limited has informed the Exchange about Credit Rating,03-Jul-2025 11:02:29,https://nsearchives.nseindia.com/corporate/SEPOWER_03072025110131_Intimation_for_withdrawal_credit_rating.pdf,0.9786,0.06925025329280649,-0.06732632219791412,0.058310733830355066,Neutral
MAITHANALL,Maithan Alloys Limited,Acquisition-XBRL,MAITHAN ALLOYS LIMITED has informed the Exchange regarding Acquisition,03-Jul-2025 11:00:20,https://nsearchives.nseindia.com/corporate/xbrl/REG30_Restructuring_1476720_03072025110019_WEB.xml,-0.3885,-0.07142857142857142,0.015851089730858803,0.2073380249275693,Negative
ARKADE,Arkade Developers Limited,General Updates,Arkade Developers Limited has informed the Exchange about Acquistions,03-Jul-2025 10:59:53,https://nsearchives.nseindia.com/corporate/ARKADE_03072025105937_Acquistion.pdf,0.9538,0.018842364532019706,-0.03455047309398651,0.1335859150672488,Neutral
PAISALO,Paisalo Digital Limited,Alteration Of Capital and Fund Raising-XBRL,Paisalo Digital Limited has informed the Exchange regarding Allotment of Securities,03-Jul-2025 10:57:06,https://nsearchives.nseindia.com/corporate/xbrl/ALTERATION_OF_CAPITAL_AND_FUND_RAISING_1476719_03072025105705_WEB.xml,0.0772,-0.03571428571428571,-0.005390549078583717,0.2890752845946167,Negative
MAITHANALL,Maithan Alloys Limited,Others,Maithan Alloys Limited has informed the Exchange about acquisition of equity shares through Stock Exchange.,03-Jul-2025 10:59:36,https://nsearchives.nseindia.com/corporate/MAITHANALL_03072025105917_20250703GAIL.pdf,0.3612,0.016406926406926415,0.05208490416407585,0.006603809375764241,Neutral
IRIS,Iris Business Services Limited,General Updates,"Iris Business Services Limited has informed the Exchange about hosting a conference call for a Company Update on Thursday, July 03, 2025, at 05:00 p.m. IST",03-Jul-2025 10:54:14,https://nsearchives.nseindia.com/corporate/IRIS_03072025105232_IRISBusiness_CompanyUpdateCallInvite_Signed.pdf,0.8689,0.014142857142857146,0.11076334863901138,0.05225085284241607,Neutral
PAISALO,Paisalo Digital Limited,Committee Meeting Updates,"Paisalo Digital Limited has informed the Exchange regarding Outcome of Committee Meeting held on July 03, 2025.",03-Jul-2025 10:52:16,https://nsearchives.nseindia.com/corporate/PAISALO_03072025105205_BSE_NSE_Intimation_03072025.pdf,0.9022,0.0037946428571428593,0.04106103256344795,0.06342472252271006,Neutral
SHAH,Shah Metacorp Limited,Alteration Of Capital and Fund Raising-XBRL,SHAH METACORP LIMITED has informed the Exchange regarding Allotment of Securities,03-Jul-2025 10:51:17,https://nsearchives.nseindia.com/corporate/xbrl/ALTERATION_OF_CAPITAL_AND_FUND_RAISING_1476715_03072025105117_WEB.xml,-0.1111,-0.07142857142857142,-0.0053428057581186295,0.34322284103919354,Negative
TATATECH,Tata Technologies Limited,Board Meeting Intimation,TATA TECHNOLOGIES LIMITED has informed the Exchange about Board Meeting to be held on 14-Jul-2025 to inter-alia consider and approve the Unaudited Financial results of the Company for the Quarterly ended June 2025 .,03-Jul-2025 10:50:11,https://nsearchives.nseindia.com/corporate/xbrl/PRIOR_INTIMATION_58946_1476710_03072025105011_WEB.xml,-0.3885,-0.03571428571428571,0.03632155805826187,0.39518473177509644,Negative
TEGA,Tega Industries Limited,Analysts/Institutional Investor Meet/Con. Call Updates,Tega Industries Limited has informed the Exchange about Schedule of meet,03-Jul-2025 10:48:21,https://nsearchives.nseindia.com/corporate/TEGA_03072025104810_Intimation_Investor_meet_Dahej_sd.pdf,0.8481,0.15535714285714286,0.0546637661755085,0.043232676738713505,Neutral
SHAH,Shah Metacorp Limited,Committee Meeting Updates,"Shah Metacorp Limited has informed the Exchange regarding Outcome of Committee Meeting held on July 03, 2025.",03-Jul-2025 10:48:07,https://nsearchives.nseindia.com/corporate/GAL_03072025104757_CommitteemeetingOutcome03072025.pdf,0.9738,0.0013347763347763427,0.10711454600095749,0.02950038491928303,Neutral
MOIL,MOIL Limited,Press Release,"MOIL Limited has informed the Exchange regarding a press release dated July 03, 2025, titled ""MOIL scales new heights in Apr-June, 2025"".",03-Jul-2025 10:48:16,https://nsearchives.nseindia.com/corporate/MOIL_03072025104751_Press_Release_03072025.pdf,0.9808,0.264258658008658,0.48941048979759216,0.12045283050872546,Neutral
QUESS,Quess Corp Limited,Press Release,"Quess Corp Limited has informed the Exchange regarding a press release dated July 03, 2025, titled ""Quess Corp Joins the ONDC Network to Offer 2mn Jobs"".",03-Jul-2025 10:50:09,https://nsearchives.nseindia.com/corporate/Quesscorp_03072025104933_SE_Covering_Letter_Press_Release.pdf,0.9928,0.04174783549783549,0.20697548985481262,0.208369274552818,Positive
KREBSBIO,Krebs Biochemicals and Industries Limited,"Certificate under SEBI (Depositories and Participants) Regulations, 2018","The Company has enclosed herewith Certificates received from RTA under regulation 7(45) of SEBI DP Regulations, 2018 for the quarter ended 31.06.2025",03-Jul-2025 10:47:14,https://nsearchives.nseindia.com/corporate/KREBSBIO_03072025104707_IntimationCertificateunderRegulation74_5_signed.pdf,0.9153,-0.032773109243697474,0.10204096138477325,0.05221466081467996,Neutral
PRICOLLTD,Pricol Limited,"Certificate under SEBI (Depositories and Participants) Regulations, 2018","Pricol Limited has informed the Exchange about Certificate under SEBI (Depositories and Participants) Regulations, 2018",03-Jul-2025 10:43:36,https://nsearchives.nseindia.com/corporate/PRICOLLTD_03072025104320_stockexchangesd.pdf,0.8201,0.03152680652680653,-0.19659313559532166,0.1378047261251158,Neutral
TVSSRICHAK,TVS Srichakra Limited,Spurt in Volume,"Significant increase in volume has been observed in TVS Srichakra Limited. The Exchange, in order to ensure that investors have latest relevant information about the company and to inform the market place so that the interest of the investors is safeguarded, had written to the company. TVS Srichakra Limited has submitted their response.",03-Jul-2025 10:40:31,https://nsearchives.nseindia.com/corporate/TVSSRICHAK_03072025103856_TVSSRICHAKRALIMITEDINCREASEINVOLUMECLARIFICATION03072025.pdf,0.9689,0.1139795918367347,0.1943364441394806,0.013825900373896749,Neutral
SHAH,Shah Metacorp Limited,Allotment of Securities,"Shah Metacorp Limited has informed the Exchange regarding allotment of 11500000 securities pursuant to Preferential Issue at its meeting held on July 03, 2025",03-Jul-2025 10:47:02,https://nsearchives.nseindia.com/corporate/GAL_03072025104652_CommitteemeetingOutcome03072025.pdf,0.9799,0.0013347763347763427,0.06103747338056564,0.03949347290241445,Neutral
APCL,Anjani Portland Cement Limited,"Certificate under SEBI (Depositories and Participants) Regulations, 2018","Anjani Portland Cement Limited has informed the Exchange about Certificate under SEBI (Depositories and Participants) Regulations, 2018",03-Jul-2025 10:37:06,https://nsearchives.nseindia.com/corporate/APCL_03072025103659_APCLRegulation74_5_.pdf,0.7351,-0.019047619047619046,0.1578109711408615,0.08057098066267512,Neutral
INDGN,Indegene Limited,Press Release,"Indegene Limited has informed the Exchange regarding a press release dated July 03, 2025, titled ""FAST India Collaborates with Indegene to Make Indian Biotech Ecosystem Future-Ready "".",03-Jul-2025 10:31:15,https://nsearchives.nseindia.com/corporate/INDEGENE_03072025103026_Intimation_Reg30.pdf,0.9976,0.18174815380697737,0.4752388298511505,0.12338299168373207,Neutral
BSE,BSE Limited,"Certificate under SEBI (Depositories and Participants) Regulations, 2018","BSE Limited has informed the Exchange about Certificate under SEBI (Depositories and Participants) Regulations, 2018",03-Jul-2025 10:26:58,https://nsearchives.nseindia.com/corporate/BSE1_03072025102556_NSEIntimation.pdf,0.9062,-0.05612244897959182,0.06035695970058441,0.06956087753152357,Neutral
SUNDRMBRAK,Sundaram Brake Linings Limited,Copy of Newspaper Publication,Sundaram Brake Linings Limited has informed the Exchange about Copy of Newspaper Publication,03-Jul-2025 10:38:18,https://nsearchives.nseindia.com/corporate/SUNDRMBRAK_03072025103808_AGMNoticeAdvertIntimation2025.pdf,0.0258,-0.0380952380952381,0.25095134973526,0.23842153635138558,Negative
CREDITACC,CREDITACCESS GRAMEEN LIMITED,Copy of Newspaper Publication,CREDITACCESS GRAMEEN LIMITED has informed the Exchange about Copy of Newspaper Publication,03-Jul-2025 10:26:57,https://nsearchives.nseindia.com/corporate/CREDITACC_03072025102648_CAGL_PreAGMAdNP_03072025.pdf,0.4528,-0.013265306122448976,0.12371154874563217,0.15852073945251044,Neutral
PAVNAIND,Pavna Industries Limited,Change in Directors/ Key Managerial Personnel/ Auditor/ Compliance Officer/ Share Transfer Agent,PAVNA INDUSTRIES LIMITED has informed the Exchange about Change in Directors/ Key Managerial Personnel/ Auditor/ Compliance Officer/ Share Transfer Agent,03-Jul-2025 10:03:33,https://nsearchives.nseindia.com/corporate/xbrl/CIM_58942_1476700_03072025100332_WEB.xml,0.1943,-0.023809523809523808,-0.05030956119298935,0.2686692196912709,Negative
GODREJIND,Godrej Industries Limited,Press Release,"Godrej Industries Limited has informed the Exchange regarding a press release dated July 03, 2025, titled ""Godrej Industries  Chemicals Business to Invest over INR 750 CR for Capacity Expansion."".",03-Jul-2025 10:20:18,https://nsearchives.nseindia.com/corporate/Anupama_03072025102010_BSENSEPRESSRELEASEJULY32025.pdf,0.9972,0.11906720263863123,0.09722872078418732,0.19742203335385428,Neutral
MRF,MRF Limited,Record Date,MRF Limited has informed the Exchange that Record date for the purpose of payment of Final Dividend  is 18-Jul-2025.,03-Jul-2025 10:00:07,https://nsearchives.nseindia.com/corporate/MRF_03072025095731_IntimationofAGM.pdf,0.9201,0.06919642857142858,0.06753253191709518,0.1607481875934772,Neutral
CONCORDBIO,Concord Biotech Limited,Acquisition-XBRL,Concord Biotech Limited has informed the Exchange regarding Acquisition,03-Jul-2025 09:55:33,https://nsearchives.nseindia.com/corporate/xbrl/REG30_Restructuring_1476698_03072025095533_WEB.xml,-0.2263,-0.07142857142857142,0.015483837574720383,0.16689841673438033,Neutral
MRF,MRF Limited,General Updates,MRF Limited has informed the Exchange about Annual General Meeting and Record date,03-Jul-2025 09:56:23,https://nsearchives.nseindia.com/corporate/MRF_03072025095412_IntimationofAGM.pdf,0.9201,0.07100840336134455,0.07902213931083679,0.16398352084169876,Neutral
STEELXIND,STEEL EXCHANGE INDIA LIMITED,Updates,"STEEL EXCHANGE INDIA LIMITED has informed the Exchange regarding 'Intimation under Regulation 30 of SEBI (Listing Obligations and Disclosure Requirements) Regulations, 2015   Successful Bid for Vizag Franchise in Andhra Premier League (APL) Cricket.'.",03-Jul-2025 09:37:32,https://nsearchives.nseindia.com/corporate/STEELXIND_03072025093703_Intimation_Under_Regulation_30_Final_Bidding_Singed.pdf,0.9952,0.19806547619047618,0.6212080717086792,0.146160912277585,Neutral
JSWSTEEL,JSW Steel Limited,Change in Directors/ Key Managerial Personnel/ Auditor/ Compliance Officer/ Share Transfer Agent,JSW STEEL LIMITED has informed the Exchange about Change in Directors/ Key Managerial Personnel/ Auditor/ Compliance Officer/ Share Transfer Agent,03-Jul-2025 09:12:27,https://nsearchives.nseindia.com/corporate/xbrl/CIM_58941_1476697_03072025091226_WEB.xml,0.1943,-0.023809523809523808,-0.03367691859602928,0.2645631654224935,Negative
APLLTD,Alembic Pharmaceuticals Limited,Updates,"Alembic Pharmaceuticals Limited has informed the Exchange regarding 'Intimation under Regulation 30 of SEBI (Listing Obligations and Disclosure Requirements) Regulations, 2015' that Alembic Pharmaceuticals Inc., wholly owned subsidiary of Alembic Pharmaceuticals Limited has acquired Utility Therapeutics Ltd.",03-Jul-2025 08:48:17,https://nsearchives.nseindia.com/corporate/APLLTD_03072025084543_APL_Intimation_Acquisition_Utility_03072025S.pdf,0.99,-0.0008184523809523789,0.11564584076404572,0.1762529195561296,Neutral
LATENTVIEW,Latent View Analytics Limited,Spurt in Volume,"Significant increase in volume has been observed in Latent View Analytics Limited. The Exchange, in order to ensure that investors have latest relevant information about the company and to inform the market place so that the interest of the investors is safeguarded, had written to the company. Latent View Analytics Limited has submitted their response.",03-Jul-2025 08:33:06,https://nsearchives.nseindia.com/corporate/LATENTVIEW_03072025083216_LVClarificationLetterSigned.pdf,0.9875,0.11448412698412697,0.35130226612091064,0.05885132464151538,Neutral
BIOCON,Biocon Limited,Press Release,"Biocon Limited has informed the Exchange regarding a press release dated July 03, 2025, titled ""Advancing Bone Health: European Commission ApprovesBiocon Biologics  Denosumab Biosimilars"".",03-Jul-2025 08:21:20,https://nsearchives.nseindia.com/corporate/Biocon2_03072025082035_PressRelease03072025.pdf,0.9907,0.1035254329004329,0.4416465163230896,0.3319158707650193,Positive
SHAKTIPUMP,Shakti Pumps (India) Limited,Committee Meeting Updates,"Shakti Pumps (India) Limited has informed the Exchange regarding Outcome of Treasury Committee Meeting held on July 02, 2025.",03-Jul-2025 05:28:33,https://nsearchives.nseindia.com/corporate/SHAKTIPUMP_03072025052825_OutcomeofTC_IssueOpeningPPD_02072025.pdf,0.9839,0.012857142857142862,0.006539233028888702,0.04981493655315461,Neutral
BRNL,Bharat Road Network Limited,Trading Window-XBRL,BHARAT ROAD NETWORK LIMITED has informed the Exchange about Closure of Trading Window,03-Jul-2025 01:08:59,https://nsearchives.nseindia.com/corporate/xbrl/CLOSURE_TRADING_WINDOW_1476695_03072025010858_WEB.xml,-0.3885,-0.07142857142857142,-0.02478819526731968,0.41759664087582915,Negative
SHAKTIPUMP,Shakti Pumps (India) Limited,Qualified Institutional Placement,Shakti Pumps (India) Limited has informed the Exchange about issue opening for qualified Institutional Placement,03-Jul-2025 05:27:39,https://nsearchives.nseindia.com/corporate/SHAKTIPUMP_03072025052523_OutcomeofTC_IssueOpeningPPD_02072025.pdf,0.9826,0.012857142857142862,-0.002183102071285248,0.052320502446804695,Neutral
CSBBANK,CSB Bank Limited,Updates,"CSB Bank Limited has informed the Exchange regarding 'Business Updates for the quarter ended June 30, 2025'.",03-Jul-2025 00:39:35,https://nsearchives.nseindia.com/corporate/CSBBANK_03072025003737_BSENSEBusinessUpdates30062025f.pdf,0.8979,0.051360544217687064,-0.029264789074659348,0.07256554790922773,Neutral
SIGNPOST,Signpost India Limited,Updates,"Signpost India Limited has informed the Exchange regarding 'Intimation under Regulation 31A(8)(a) of the SEBI (Listing Obligations and Disclosure Requirements) Regulations, 2015, as amended ( SEBI Listing Regulations, 2015 )- Receipt of request for Re-classification from 'Promoter and Promoter Group' Category to 'Public' Category.'.",03-Jul-2025 00:38:59,https://nsearchives.nseindia.com/corporate/SIGNPOST_03072025003847_Intimation_to_Stock_exchange_for_reclassification_of_shares.pdf,0.128,0.018487394957983194,-0.0017776861786842346,0.2647144341798139,Negative
